ISO-10303-21;
HEADER;
FILE_DESCRIPTION(('FreeCAD Model'),'2;1');
FILE_NAME('Open CASCADE Shape Model','2026-10-07T22:32:12',('FreeCAD'),(
    'FreeCAD'),'Open CASCADE STEP processor 7.8','FreeCAD','Unknown');
FILE_SCHEMA(('AUTOMOTIVE_DESIGN { 1 0 10303 214 1 1 1 1 }'));
ENDSEC;
DATA;
#1 = APPLICATION_PROTOCOL_DEFINITION('international standard',
  'automotive_design',2000,#2);
#2 = APPLICATION_CONTEXT(
  'core data for automotive mechanical design processes');
#3 = SHAPE_DEFINITION_REPRESENTATION(#4,#10);
#4 = PRODUCT_DEFINITION_SHAPE('','',#5);
#5 = PRODUCT_DEFINITION('design','',#6,#9);
#6 = PRODUCT_DEFINITION_FORMATION('','',#7);
#7 = PRODUCT('Open CASCADE STEP translator 7.8 52',
  'Open CASCADE STEP translator 7.8 52','',(#8));
#8 = PRODUCT_CONTEXT('',#2,'mechanical');
#9 = PRODUCT_DEFINITION_CONTEXT('part definition',#2,'design');
#10 = ADVANCED_BREP_SHAPE_REPRESENTATION('',(#11,#15),#6347);
#11 = AXIS2_PLACEMENT_3D('',#12,#13,#14);
#12 = CARTESIAN_POINT('',(0.,0.,0.));
#13 = DIRECTION('',(0.,0.,1.));
#14 = DIRECTION('',(1.,0.,-0.));
#15 = BREP_WITH_VOIDS('',#16,(#6188,#6241,#6294));
#16 = CLOSED_SHELL('',(#17,#77,#131,#142,#286,#310,#544,#561,#679,#691,
    #708,#741,#765,#821,#845,#901,#926,#950,#975,#1063,#1081,#1106,#1146
    ,#1170,#1194,#1218,#1242,#1330,#1354,#1378,#1402,#1426,#1450,#1474,
    #1498,#1522,#1546,#1570,#1594,#1618,#1635,#1666,#1697,#1715,#1733,
    #1779,#1807,#1818,#1836,#1863,#1891,#1929,#1947,#1964,#1981,#1998,
    #2069,#2094,#3039,#3056,#3065,#3089,#3113,#3130,#3148,#3158,#3239,
    #3288,#3313,#3329,#3354,#3385,#3410,#3434,#3459,#3483,#3508,#3532,
    #3550,#3581,#3606,#3630,#3655,#3679,#3704,#3728,#3746,#3777,#3802,
    #3826,#3851,#3875,#3900,#3924,#3942,#3973,#4008,#4032,#4060,#4091,
    #4116,#4140,#4165,#4189,#4214,#4238,#4256,#4287,#4312,#4336,#4361,
    #4385,#4410,#4434,#4452,#4483,#4508,#4532,#4557,#4581,#4606,#4630,
    #4648,#4679,#4714,#4738,#4766,#4797,#4822,#4846,#4871,#4895,#4920,
    #4944,#4962,#4993,#5018,#5042,#5067,#5091,#5116,#5140,#5158,#5189,
    #5214,#5238,#5263,#5287,#5312,#5336,#5354,#5385,#5420,#5444,#5472,
    #5494,#5528,#5552,#5584,#5624,#5658,#5682,#5709,#5740,#5775,#5799,
    #5827,#5851,#5875,#5892,#5909,#5926,#5935,#5944,#5960,#5976,#5992,
    #6006,#6022,#6038,#6054,#6068,#6084,#6100,#6116,#6130,#6142,#6156,
    #6172));
#17 = ADVANCED_FACE('',(#18),#72,.T.);
#18 = FACE_BOUND('',#19,.F.);
#19 = EDGE_LOOP('',(#20,#30,#39,#48,#56,#65));
#20 = ORIENTED_EDGE('',*,*,#21,.F.);
#21 = EDGE_CURVE('',#22,#24,#26,.T.);
#22 = VERTEX_POINT('',#23);
#23 = CARTESIAN_POINT('',(112.2,-54.46808273176,11.6));
#24 = VERTEX_POINT('',#25);
#25 = CARTESIAN_POINT('',(112.2,-54.46808273176,6.3));
#26 = LINE('',#27,#28);
#27 = CARTESIAN_POINT('',(112.2,-54.46808273176,6.3));
#28 = VECTOR('',#29,1.);
#29 = DIRECTION('',(-0.,-0.,-1.));
#30 = ORIENTED_EDGE('',*,*,#31,.T.);
#31 = EDGE_CURVE('',#22,#32,#34,.T.);
#32 = VERTEX_POINT('',#33);
#33 = CARTESIAN_POINT('',(114.85,-52.8,11.6));
#34 = CIRCLE('',#35,1.85);
#35 = AXIS2_PLACEMENT_3D('',#36,#37,#38);
#36 = CARTESIAN_POINT('',(113.,-52.8,11.6));
#37 = DIRECTION('',(0.,0.,1.));
#38 = DIRECTION('',(1.,0.,0.));
#39 = ORIENTED_EDGE('',*,*,#40,.T.);
#40 = EDGE_CURVE('',#32,#41,#43,.T.);
#41 = VERTEX_POINT('',#42);
#42 = CARTESIAN_POINT('',(112.2,-51.13191726823,11.6));
#43 = CIRCLE('',#44,1.85);
#44 = AXIS2_PLACEMENT_3D('',#45,#46,#47);
#45 = CARTESIAN_POINT('',(113.,-52.8,11.6));
#46 = DIRECTION('',(0.,0.,1.));
#47 = DIRECTION('',(1.,0.,0.));
#48 = ORIENTED_EDGE('',*,*,#49,.T.);
#49 = EDGE_CURVE('',#41,#50,#52,.T.);
#50 = VERTEX_POINT('',#51);
#51 = CARTESIAN_POINT('',(112.2,-51.13191726823,6.3));
#52 = LINE('',#53,#54);
#53 = CARTESIAN_POINT('',(112.2,-51.13191726823,6.3));
#54 = VECTOR('',#55,1.);
#55 = DIRECTION('',(-0.,-0.,-1.));
#56 = ORIENTED_EDGE('',*,*,#57,.F.);
#57 = EDGE_CURVE('',#58,#50,#60,.T.);
#58 = VERTEX_POINT('',#59);
#59 = CARTESIAN_POINT('',(114.85,-52.8,6.3));
#60 = CIRCLE('',#61,1.85);
#61 = AXIS2_PLACEMENT_3D('',#62,#63,#64);
#62 = CARTESIAN_POINT('',(113.,-52.8,6.3));
#63 = DIRECTION('',(0.,0.,1.));
#64 = DIRECTION('',(1.,0.,0.));
#65 = ORIENTED_EDGE('',*,*,#66,.F.);
#66 = EDGE_CURVE('',#24,#58,#67,.T.);
#67 = CIRCLE('',#68,1.85);
#68 = AXIS2_PLACEMENT_3D('',#69,#70,#71);
#69 = CARTESIAN_POINT('',(113.,-52.8,6.3));
#70 = DIRECTION('',(0.,0.,1.));
#71 = DIRECTION('',(1.,0.,0.));
#72 = CYLINDRICAL_SURFACE('',#73,1.85);
#73 = AXIS2_PLACEMENT_3D('',#74,#75,#76);
#74 = CARTESIAN_POINT('',(113.,-52.8,6.3));
#75 = DIRECTION('',(-0.,-0.,-1.));
#76 = DIRECTION('',(1.,0.,0.));
#77 = ADVANCED_FACE('',(#78),#126,.T.);
#78 = FACE_BOUND('',#79,.T.);
#79 = EDGE_LOOP('',(#80,#88,#96,#104,#112,#118,#119,#125));
#80 = ORIENTED_EDGE('',*,*,#81,.F.);
#81 = EDGE_CURVE('',#82,#50,#84,.T.);
#82 = VERTEX_POINT('',#83);
#83 = CARTESIAN_POINT('',(112.2,-12.22945834653,6.3));
#84 = LINE('',#85,#86);
#85 = CARTESIAN_POINT('',(112.2,-25.66366801349,6.3));
#86 = VECTOR('',#87,1.);
#87 = DIRECTION('',(0.,-1.,0.));
#88 = ORIENTED_EDGE('',*,*,#89,.T.);
#89 = EDGE_CURVE('',#82,#90,#92,.T.);
#90 = VERTEX_POINT('',#91);
#91 = CARTESIAN_POINT('',(112.2,-12.22945834653,12.19));
#92 = LINE('',#93,#94);
#93 = CARTESIAN_POINT('',(112.2,-12.22945834653,6.2));
#94 = VECTOR('',#95,1.);
#95 = DIRECTION('',(0.,0.,1.));
#96 = ORIENTED_EDGE('',*,*,#97,.T.);
#97 = EDGE_CURVE('',#90,#98,#100,.T.);
#98 = VERTEX_POINT('',#99);
#99 = CARTESIAN_POINT('',(112.2,-65.77054165346,12.19));
#100 = LINE('',#101,#102);
#101 = CARTESIAN_POINT('',(112.2,-12.22945834653,12.19));
#102 = VECTOR('',#103,1.);
#103 = DIRECTION('',(0.,-1.,0.));
#104 = ORIENTED_EDGE('',*,*,#105,.F.);
#105 = EDGE_CURVE('',#106,#98,#108,.T.);
#106 = VERTEX_POINT('',#107);
#107 = CARTESIAN_POINT('',(112.2,-65.77054165346,6.3));
#108 = LINE('',#109,#110);
#109 = CARTESIAN_POINT('',(112.2,-65.77054165346,6.2));
#110 = VECTOR('',#111,1.);
#111 = DIRECTION('',(0.,0.,1.));
#112 = ORIENTED_EDGE('',*,*,#113,.F.);
#113 = EDGE_CURVE('',#24,#106,#114,.T.);
#114 = LINE('',#115,#116);
#115 = CARTESIAN_POINT('',(112.2,-25.66366801349,6.3));
#116 = VECTOR('',#117,1.);
#117 = DIRECTION('',(0.,-1.,0.));
#118 = ORIENTED_EDGE('',*,*,#21,.F.);
#119 = ORIENTED_EDGE('',*,*,#120,.F.);
#120 = EDGE_CURVE('',#41,#22,#121,.T.);
#121 = LINE('',#122,#123);
#122 = CARTESIAN_POINT('',(112.2,-32.51472917326,11.6));
#123 = VECTOR('',#124,1.);
#124 = DIRECTION('',(0.,-1.,0.));
#125 = ORIENTED_EDGE('',*,*,#49,.T.);
#126 = PLANE('',#127);
#127 = AXIS2_PLACEMENT_3D('',#128,#129,#130);
#128 = CARTESIAN_POINT('',(112.2,-12.22945834653,6.2));
#129 = DIRECTION('',(1.,0.,0.));
#130 = DIRECTION('',(0.,-1.,0.));
#131 = ADVANCED_FACE('',(#132),#137,.T.);
#132 = FACE_BOUND('',#133,.T.);
#133 = EDGE_LOOP('',(#134,#135,#136));
#134 = ORIENTED_EDGE('',*,*,#31,.T.);
#135 = ORIENTED_EDGE('',*,*,#40,.T.);
#136 = ORIENTED_EDGE('',*,*,#120,.T.);
#137 = PLANE('',#138);
#138 = AXIS2_PLACEMENT_3D('',#139,#140,#141);
#139 = CARTESIAN_POINT('',(113.,-52.8,11.6));
#140 = DIRECTION('',(0.,0.,1.));
#141 = DIRECTION('',(1.,0.,0.));
#142 = ADVANCED_FACE('',(#143,#270),#281,.T.);
#143 = FACE_BOUND('',#144,.T.);
#144 = EDGE_LOOP('',(#145,#155,#164,#172,#181,#189,#198,#206,#214,#222,
    #230,#238,#246,#252,#253,#254,#255,#256,#264));
#145 = ORIENTED_EDGE('',*,*,#146,.T.);
#146 = EDGE_CURVE('',#147,#149,#151,.T.);
#147 = VERTEX_POINT('',#148);
#148 = CARTESIAN_POINT('',(112.22945834653,-65.8,6.3));
#149 = VERTEX_POINT('',#150);
#150 = CARTESIAN_POINT('',(112.37103311439,-65.8,6.3));
#151 = LINE('',#152,#153);
#152 = CARTESIAN_POINT('',(117.59307288834,-65.8,6.3));
#153 = VECTOR('',#154,1.);
#154 = DIRECTION('',(1.,0.,0.));
#155 = ORIENTED_EDGE('',*,*,#156,.F.);
#156 = EDGE_CURVE('',#157,#149,#159,.T.);
#157 = VERTEX_POINT('',#158);
#158 = CARTESIAN_POINT('',(112.95970781992,-67.,6.3));
#159 = CIRCLE('',#160,2.15);
#160 = AXIS2_PLACEMENT_3D('',#161,#162,#163);
#161 = CARTESIAN_POINT('',(114.5,-65.5,6.3));
#162 = DIRECTION('',(0.,0.,-1.));
#163 = DIRECTION('',(1.,0.,0.));
#164 = ORIENTED_EDGE('',*,*,#165,.T.);
#165 = EDGE_CURVE('',#157,#166,#168,.T.);
#166 = VERTEX_POINT('',#167);
#167 = CARTESIAN_POINT('',(112.2,-67.,6.3));
#168 = LINE('',#169,#170);
#169 = CARTESIAN_POINT('',(133.8,-67.,6.3));
#170 = VECTOR('',#171,1.);
#171 = DIRECTION('',(-1.,0.,0.));
#172 = ORIENTED_EDGE('',*,*,#173,.T.);
#173 = EDGE_CURVE('',#166,#174,#176,.T.);
#174 = VERTEX_POINT('',#175);
#175 = CARTESIAN_POINT('',(111.,-65.8,6.3));
#176 = CIRCLE('',#177,1.2);
#177 = AXIS2_PLACEMENT_3D('',#178,#179,#180);
#178 = CARTESIAN_POINT('',(112.2,-65.8,6.3));
#179 = DIRECTION('',(0.,0.,-1.));
#180 = DIRECTION('',(0.,-1.,0.));
#181 = ORIENTED_EDGE('',*,*,#182,.T.);
#182 = EDGE_CURVE('',#174,#183,#185,.T.);
#183 = VERTEX_POINT('',#184);
#184 = CARTESIAN_POINT('',(111.,-12.2,6.3));
#185 = LINE('',#186,#187);
#186 = CARTESIAN_POINT('',(111.,-65.8,6.3));
#187 = VECTOR('',#188,1.);
#188 = DIRECTION('',(0.,1.,0.));
#189 = ORIENTED_EDGE('',*,*,#190,.T.);
#190 = EDGE_CURVE('',#183,#191,#193,.T.);
#191 = VERTEX_POINT('',#192);
#192 = CARTESIAN_POINT('',(112.2,-11.,6.3));
#193 = CIRCLE('',#194,1.2);
#194 = AXIS2_PLACEMENT_3D('',#195,#196,#197);
#195 = CARTESIAN_POINT('',(112.2,-12.2,6.3));
#196 = DIRECTION('',(0.,0.,-1.));
#197 = DIRECTION('',(-1.,5.92E-15,0.));
#198 = ORIENTED_EDGE('',*,*,#199,.T.);
#199 = EDGE_CURVE('',#191,#200,#202,.T.);
#200 = VERTEX_POINT('',#201);
#201 = CARTESIAN_POINT('',(116.3,-11.,6.3));
#202 = LINE('',#203,#204);
#203 = CARTESIAN_POINT('',(112.2,-11.,6.3));
#204 = VECTOR('',#205,1.);
#205 = DIRECTION('',(1.,0.,0.));
#206 = ORIENTED_EDGE('',*,*,#207,.T.);
#207 = EDGE_CURVE('',#200,#208,#210,.T.);
#208 = VERTEX_POINT('',#209);
#209 = CARTESIAN_POINT('',(116.3,-11.4,6.3));
#210 = LINE('',#211,#212);
#211 = CARTESIAN_POINT('',(116.3,-29.54893884022,6.3));
#212 = VECTOR('',#213,1.);
#213 = DIRECTION('',(0.,-1.,0.));
#214 = ORIENTED_EDGE('',*,*,#215,.F.);
#215 = EDGE_CURVE('',#216,#208,#218,.T.);
#216 = VERTEX_POINT('',#217);
#217 = CARTESIAN_POINT('',(113.,-11.4,6.3));
#218 = LINE('',#219,#220);
#219 = CARTESIAN_POINT('',(117.97834371508,-11.4,6.3));
#220 = VECTOR('',#221,1.);
#221 = DIRECTION('',(1.,0.,0.));
#222 = ORIENTED_EDGE('',*,*,#223,.T.);
#223 = EDGE_CURVE('',#216,#224,#226,.T.);
#224 = VERTEX_POINT('',#225);
#225 = CARTESIAN_POINT('',(113.,-12.2,6.3));
#226 = LINE('',#227,#228);
#227 = CARTESIAN_POINT('',(113.,-43.59893884022,6.3));
#228 = VECTOR('',#229,1.);
#229 = DIRECTION('',(0.,-1.,0.));
#230 = ORIENTED_EDGE('',*,*,#231,.T.);
#231 = EDGE_CURVE('',#224,#232,#234,.T.);
#232 = VERTEX_POINT('',#233);
#233 = CARTESIAN_POINT('',(112.22945834653,-12.2,6.3));
#234 = LINE('',#235,#236);
#235 = CARTESIAN_POINT('',(127.76361454181,-12.2,6.3));
#236 = VECTOR('',#237,1.);
#237 = DIRECTION('',(-1.,0.,0.));
#238 = ORIENTED_EDGE('',*,*,#239,.T.);
#239 = EDGE_CURVE('',#232,#240,#242,.T.);
#240 = VERTEX_POINT('',#241);
#241 = CARTESIAN_POINT('',(112.20137942877,-12.20137942877,6.3));
#242 = LINE('',#243,#244);
#243 = CARTESIAN_POINT('',(116.92104599053,-11.96951707863,6.3));
#244 = VECTOR('',#245,1.);
#245 = DIRECTION('',(-0.998795456205,-4.906767432741E-02,0.));
#246 = ORIENTED_EDGE('',*,*,#247,.T.);
#247 = EDGE_CURVE('',#240,#82,#248,.T.);
#248 = LINE('',#249,#250);
#249 = CARTESIAN_POINT('',(111.55524740483,-25.35369892353,6.3));
#250 = VECTOR('',#251,1.);
#251 = DIRECTION('',(-4.906767432758E-02,-0.998795456205,0.));
#252 = ORIENTED_EDGE('',*,*,#81,.T.);
#253 = ORIENTED_EDGE('',*,*,#57,.F.);
#254 = ORIENTED_EDGE('',*,*,#66,.F.);
#255 = ORIENTED_EDGE('',*,*,#113,.T.);
#256 = ORIENTED_EDGE('',*,*,#257,.T.);
#257 = EDGE_CURVE('',#106,#258,#260,.T.);
#258 = VERTEX_POINT('',#259);
#259 = CARTESIAN_POINT('',(112.20137942877,-65.79862057122,6.3));
#260 = LINE('',#261,#262);
#261 = CARTESIAN_POINT('',(111.55935453561,-52.72990364414,6.3));
#262 = VECTOR('',#263,1.);
#263 = DIRECTION('',(4.906767432757E-02,-0.998795456205,0.));
#264 = ORIENTED_EDGE('',*,*,#265,.T.);
#265 = EDGE_CURVE('',#258,#147,#266,.T.);
#266 = LINE('',#267,#268);
#267 = CARTESIAN_POINT('',(116.91180337682,-66.03002886087,6.3));
#268 = VECTOR('',#269,1.);
#269 = DIRECTION('',(0.998795456205,-4.906767432757E-02,0.));
#270 = FACE_BOUND('',#271,.T.);
#271 = EDGE_LOOP('',(#272));
#272 = ORIENTED_EDGE('',*,*,#273,.F.);
#273 = EDGE_CURVE('',#274,#274,#276,.T.);
#274 = VERTEX_POINT('',#275);
#275 = CARTESIAN_POINT('',(114.6,-52.8,6.3));
#276 = CIRCLE('',#277,1.6);
#277 = AXIS2_PLACEMENT_3D('',#278,#279,#280);
#278 = CARTESIAN_POINT('',(113.,-52.8,6.3));
#279 = DIRECTION('',(0.,0.,-1.));
#280 = DIRECTION('',(1.,0.,0.));
#281 = PLANE('',#282);
#282 = AXIS2_PLACEMENT_3D('',#283,#284,#285);
#283 = CARTESIAN_POINT('',(115.73647631947,-46.10224167393,6.3));
#284 = DIRECTION('',(-0.,-0.,-1.));
#285 = DIRECTION('',(-1.,0.,0.));
#286 = ADVANCED_FACE('',(#287),#305,.T.);
#287 = FACE_BOUND('',#288,.T.);
#288 = EDGE_LOOP('',(#289,#290,#291,#299));
#289 = ORIENTED_EDGE('',*,*,#257,.F.);
#290 = ORIENTED_EDGE('',*,*,#105,.T.);
#291 = ORIENTED_EDGE('',*,*,#292,.T.);
#292 = EDGE_CURVE('',#98,#293,#295,.T.);
#293 = VERTEX_POINT('',#294);
#294 = CARTESIAN_POINT('',(112.20137942877,-65.79862057122,12.19));
#295 = LINE('',#296,#297);
#296 = CARTESIAN_POINT('',(112.2,-65.77054165346,12.19));
#297 = VECTOR('',#298,1.);
#298 = DIRECTION('',(4.906767432757E-02,-0.998795456205,0.));
#299 = ORIENTED_EDGE('',*,*,#300,.F.);
#300 = EDGE_CURVE('',#258,#293,#301,.T.);
#301 = LINE('',#302,#303);
#302 = CARTESIAN_POINT('',(112.20137942877,-65.79862057122,6.2));
#303 = VECTOR('',#304,1.);
#304 = DIRECTION('',(0.,0.,1.));
#305 = PLANE('',#306);
#306 = AXIS2_PLACEMENT_3D('',#307,#308,#309);
#307 = CARTESIAN_POINT('',(112.2,-65.77054165346,6.2));
#308 = DIRECTION('',(0.998795456205,4.906767432757E-02,0.));
#309 = DIRECTION('',(4.906767432757E-02,-0.998795456205,0.));
#310 = ADVANCED_FACE('',(#311,#505),#539,.F.);
#311 = FACE_BOUND('',#312,.F.);
#312 = EDGE_LOOP('',(#313,#314,#315,#323,#331,#339,#347,#355,#363,#371,
    #379,#387,#395,#403,#411,#419,#427,#435,#443,#451,#459,#467,#475,
    #483,#491,#499));
#313 = ORIENTED_EDGE('',*,*,#97,.T.);
#314 = ORIENTED_EDGE('',*,*,#292,.T.);
#315 = ORIENTED_EDGE('',*,*,#316,.T.);
#316 = EDGE_CURVE('',#293,#317,#319,.T.);
#317 = VERTEX_POINT('',#318);
#318 = CARTESIAN_POINT('',(112.22945834653,-65.8,12.19));
#319 = LINE('',#320,#321);
#320 = CARTESIAN_POINT('',(112.20137942877,-65.79862057122,12.19));
#321 = VECTOR('',#322,1.);
#322 = DIRECTION('',(0.998795456205,-4.906767432757E-02,0.));
#323 = ORIENTED_EDGE('',*,*,#324,.T.);
#324 = EDGE_CURVE('',#317,#325,#327,.T.);
#325 = VERTEX_POINT('',#326);
#326 = CARTESIAN_POINT('',(133.77054165346,-65.8,12.19));
#327 = LINE('',#328,#329);
#328 = CARTESIAN_POINT('',(112.22945834653,-65.8,12.19));
#329 = VECTOR('',#330,1.);
#330 = DIRECTION('',(1.,0.,0.));
#331 = ORIENTED_EDGE('',*,*,#332,.T.);
#332 = EDGE_CURVE('',#325,#333,#335,.T.);
#333 = VERTEX_POINT('',#334);
#334 = CARTESIAN_POINT('',(133.79862057122,-65.79862057122,12.19));
#335 = LINE('',#336,#337);
#336 = CARTESIAN_POINT('',(133.77054165346,-65.8,12.19));
#337 = VECTOR('',#338,1.);
#338 = DIRECTION('',(0.998795456205,4.906767432757E-02,0.));
#339 = ORIENTED_EDGE('',*,*,#340,.T.);
#340 = EDGE_CURVE('',#333,#341,#343,.T.);
#341 = VERTEX_POINT('',#342);
#342 = CARTESIAN_POINT('',(133.8,-65.77054165346,12.19));
#343 = LINE('',#344,#345);
#344 = CARTESIAN_POINT('',(133.79862057122,-65.79862057122,12.19));
#345 = VECTOR('',#346,1.);
#346 = DIRECTION('',(4.906767432734E-02,0.998795456205,0.));
#347 = ORIENTED_EDGE('',*,*,#348,.T.);
#348 = EDGE_CURVE('',#341,#349,#351,.T.);
#349 = VERTEX_POINT('',#350);
#350 = CARTESIAN_POINT('',(133.8,-13.42945834653,12.19));
#351 = LINE('',#352,#353);
#352 = CARTESIAN_POINT('',(133.8,-65.77054165346,12.19));
#353 = VECTOR('',#354,1.);
#354 = DIRECTION('',(0.,1.,0.));
#355 = ORIENTED_EDGE('',*,*,#356,.T.);
#356 = EDGE_CURVE('',#349,#357,#359,.T.);
#357 = VERTEX_POINT('',#358);
#358 = CARTESIAN_POINT('',(133.79278144488,-13.28252128159,12.19));
#359 = LINE('',#360,#361);
#360 = CARTESIAN_POINT('',(133.8,-13.42945834653,12.19));
#361 = VECTOR('',#362,1.);
#362 = DIRECTION('',(-4.906767432747E-02,0.998795456205,0.));
#363 = ORIENTED_EDGE('',*,*,#364,.T.);
#364 = EDGE_CURVE('',#357,#365,#367,.T.);
#365 = VERTEX_POINT('',#366);
#366 = CARTESIAN_POINT('',(133.77552294818,-13.16617394746,12.19));
#367 = LINE('',#368,#369);
#368 = CARTESIAN_POINT('',(133.79278144488,-13.28252128159,12.19));
#369 = VECTOR('',#370,1.);
#370 = DIRECTION('',(-0.146730474455,0.989176509965,0.));
#371 = ORIENTED_EDGE('',*,*,#372,.T.);
#372 = EDGE_CURVE('',#365,#373,#375,.T.);
#373 = VERTEX_POINT('',#374);
#374 = CARTESIAN_POINT('',(133.74694352287,-13.05207848605,12.19));
#375 = LINE('',#376,#377);
#376 = CARTESIAN_POINT('',(133.77552294818,-13.16617394746,12.19));
#377 = VECTOR('',#378,1.);
#378 = DIRECTION('',(-0.242980179903,0.970031253195,0.));
#379 = ORIENTED_EDGE('',*,*,#380,.T.);
#380 = EDGE_CURVE('',#373,#381,#383,.T.);
#381 = VERTEX_POINT('',#382);
#382 = CARTESIAN_POINT('',(133.70731840446,-12.941333699,12.19));
#383 = LINE('',#384,#385);
#384 = CARTESIAN_POINT('',(133.74694352287,-13.05207848605,12.19));
#385 = VECTOR('',#386,1.);
#386 = DIRECTION('',(-0.336889853392,0.941544065183,0.));
#387 = ORIENTED_EDGE('',*,*,#388,.T.);
#388 = EDGE_CURVE('',#381,#389,#391,.T.);
#389 = VERTEX_POINT('',#390);
#390 = CARTESIAN_POINT('',(133.6570292045,-12.83500611917,12.19));
#391 = LINE('',#392,#393);
#392 = CARTESIAN_POINT('',(133.70731840446,-12.941333699,12.19));
#393 = VECTOR('',#394,1.);
#394 = DIRECTION('',(-0.42755509343,0.903989293123,0.));
#395 = ORIENTED_EDGE('',*,*,#396,.T.);
#396 = EDGE_CURVE('',#389,#397,#399,.T.);
#397 = VERTEX_POINT('',#398);
#398 = CARTESIAN_POINT('',(133.59656023546,-12.73411973926,12.19));
#399 = LINE('',#400,#401);
#400 = CARTESIAN_POINT('',(133.6570292045,-12.83500611917,12.19));
#401 = VECTOR('',#402,1.);
#402 = DIRECTION('',(-0.514102744193,0.85772861,0.));
#403 = ORIENTED_EDGE('',*,*,#404,.T.);
#404 = EDGE_CURVE('',#397,#405,#407,.T.);
#405 = VERTEX_POINT('',#406);
#406 = CARTESIAN_POINT('',(133.52649384658,-12.63964615027,12.19));
#407 = LINE('',#408,#409);
#408 = CARTESIAN_POINT('',(133.59656023546,-12.73411973926,12.19));
#409 = VECTOR('',#410,1.);
#410 = DIRECTION('',(-0.595699304492,0.803207531481,0.));
#411 = ORIENTED_EDGE('',*,*,#412,.T.);
#412 = EDGE_CURVE('',#405,#413,#415,.T.);
#413 = VERTEX_POINT('',#414);
#414 = CARTESIAN_POINT('',(133.44750481548,-12.55249518451,12.19));
#415 = LINE('',#416,#417);
#416 = CARTESIAN_POINT('',(133.52649384658,-12.63964615027,12.19));
#417 = VECTOR('',#418,1.);
#418 = DIRECTION('',(-0.671558954847,0.740951125355,0.));
#419 = ORIENTED_EDGE('',*,*,#420,.T.);
#420 = EDGE_CURVE('',#413,#421,#423,.T.);
#421 = VERTEX_POINT('',#422);
#422 = CARTESIAN_POINT('',(133.36035384972,-12.47350615341,12.19));
#423 = LINE('',#424,#425);
#424 = CARTESIAN_POINT('',(133.44750481548,-12.55249518451,12.19));
#425 = VECTOR('',#426,1.);
#426 = DIRECTION('',(-0.740951125355,0.671558954847,0.));
#427 = ORIENTED_EDGE('',*,*,#428,.T.);
#428 = EDGE_CURVE('',#421,#429,#431,.T.);
#429 = VERTEX_POINT('',#430);
#430 = CARTESIAN_POINT('',(133.26588026073,-12.40343976453,12.19));
#431 = LINE('',#432,#433);
#432 = CARTESIAN_POINT('',(133.36035384972,-12.47350615341,12.19));
#433 = VECTOR('',#434,1.);
#434 = DIRECTION('',(-0.803207531481,0.595699304492,0.));
#435 = ORIENTED_EDGE('',*,*,#436,.T.);
#436 = EDGE_CURVE('',#429,#437,#439,.T.);
#437 = VERTEX_POINT('',#438);
#438 = CARTESIAN_POINT('',(133.16499388083,-12.3429707955,12.19));
#439 = LINE('',#440,#441);
#440 = CARTESIAN_POINT('',(133.26588026073,-12.40343976453,12.19));
#441 = VECTOR('',#442,1.);
#442 = DIRECTION('',(-0.85772861,0.514102744193,0.));
#443 = ORIENTED_EDGE('',*,*,#444,.T.);
#444 = EDGE_CURVE('',#437,#445,#447,.T.);
#445 = VERTEX_POINT('',#446);
#446 = CARTESIAN_POINT('',(133.05866630099,-12.29268159553,12.19));
#447 = LINE('',#448,#449);
#448 = CARTESIAN_POINT('',(133.16499388083,-12.3429707955,12.19));
#449 = VECTOR('',#450,1.);
#450 = DIRECTION('',(-0.903989293123,0.42755509343,0.));
#451 = ORIENTED_EDGE('',*,*,#452,.T.);
#452 = EDGE_CURVE('',#445,#453,#455,.T.);
#453 = VERTEX_POINT('',#454);
#454 = CARTESIAN_POINT('',(132.94792151395,-12.25305647712,12.19));
#455 = LINE('',#456,#457);
#456 = CARTESIAN_POINT('',(133.05866630099,-12.29268159553,12.19));
#457 = VECTOR('',#458,1.);
#458 = DIRECTION('',(-0.941544065183,0.336889853392,0.));
#459 = ORIENTED_EDGE('',*,*,#460,.T.);
#460 = EDGE_CURVE('',#453,#461,#463,.T.);
#461 = VERTEX_POINT('',#462);
#462 = CARTESIAN_POINT('',(132.83382605253,-12.22447705182,12.19));
#463 = LINE('',#464,#465);
#464 = CARTESIAN_POINT('',(132.94792151395,-12.25305647712,12.19));
#465 = VECTOR('',#466,1.);
#466 = DIRECTION('',(-0.970031253195,0.242980179903,0.));
#467 = ORIENTED_EDGE('',*,*,#468,.T.);
#468 = EDGE_CURVE('',#461,#469,#471,.T.);
#469 = VERTEX_POINT('',#470);
#470 = CARTESIAN_POINT('',(132.7174787184,-12.20721855511,12.19));
#471 = LINE('',#472,#473);
#472 = CARTESIAN_POINT('',(132.83382605253,-12.22447705182,12.19));
#473 = VECTOR('',#474,1.);
#474 = DIRECTION('',(-0.989176509965,0.146730474455,0.));
#475 = ORIENTED_EDGE('',*,*,#476,.T.);
#476 = EDGE_CURVE('',#469,#477,#479,.T.);
#477 = VERTEX_POINT('',#478);
#478 = CARTESIAN_POINT('',(132.57054165346,-12.2,12.19));
#479 = LINE('',#480,#481);
#480 = CARTESIAN_POINT('',(132.7174787184,-12.20721855511,12.19));
#481 = VECTOR('',#482,1.);
#482 = DIRECTION('',(-0.998795456205,4.906767432741E-02,0.));
#483 = ORIENTED_EDGE('',*,*,#484,.T.);
#484 = EDGE_CURVE('',#477,#485,#487,.T.);
#485 = VERTEX_POINT('',#486);
#486 = CARTESIAN_POINT('',(112.22945834653,-12.2,12.19));
#487 = LINE('',#488,#489);
#488 = CARTESIAN_POINT('',(132.57054165346,-12.2,12.19));
#489 = VECTOR('',#490,1.);
#490 = DIRECTION('',(-1.,0.,0.));
#491 = ORIENTED_EDGE('',*,*,#492,.T.);
#492 = EDGE_CURVE('',#485,#493,#495,.T.);
#493 = VERTEX_POINT('',#494);
#494 = CARTESIAN_POINT('',(112.20137942877,-12.20137942877,12.19));
#495 = LINE('',#496,#497);
#496 = CARTESIAN_POINT('',(112.22945834653,-12.2,12.19));
#497 = VECTOR('',#498,1.);
#498 = DIRECTION('',(-0.998795456205,-4.906767432741E-02,0.));
#499 = ORIENTED_EDGE('',*,*,#500,.T.);
#500 = EDGE_CURVE('',#493,#90,#501,.T.);
#501 = LINE('',#502,#503);
#502 = CARTESIAN_POINT('',(112.20137942877,-12.20137942877,12.19));
#503 = VECTOR('',#504,1.);
#504 = DIRECTION('',(-4.906767432758E-02,-0.998795456205,0.));
#505 = FACE_BOUND('',#506,.F.);
#506 = EDGE_LOOP('',(#507,#517,#525,#533));
#507 = ORIENTED_EDGE('',*,*,#508,.T.);
#508 = EDGE_CURVE('',#509,#511,#513,.T.);
#509 = VERTEX_POINT('',#510);
#510 = CARTESIAN_POINT('',(130.95,-53.,12.19));
#511 = VERTEX_POINT('',#512);
#512 = CARTESIAN_POINT('',(115.05,-53.,12.19));
#513 = LINE('',#514,#515);
#514 = CARTESIAN_POINT('',(119.00608769591,-53.,12.19));
#515 = VECTOR('',#516,1.);
#516 = DIRECTION('',(-1.,0.,0.));
#517 = ORIENTED_EDGE('',*,*,#518,.T.);
#518 = EDGE_CURVE('',#511,#519,#521,.T.);
#519 = VERTEX_POINT('',#520);
#520 = CARTESIAN_POINT('',(115.05,-15.1,12.19));
#521 = LINE('',#522,#523);
#522 = CARTESIAN_POINT('',(115.05,-46.04641870115,12.19));
#523 = VECTOR('',#524,1.);
#524 = DIRECTION('',(0.,1.,0.));
#525 = ORIENTED_EDGE('',*,*,#526,.F.);
#526 = EDGE_CURVE('',#527,#519,#529,.T.);
#527 = VERTEX_POINT('',#528);
#528 = CARTESIAN_POINT('',(130.95,-15.1,12.19));
#529 = LINE('',#530,#531);
#530 = CARTESIAN_POINT('',(119.00608769591,-15.1,12.19));
#531 = VECTOR('',#532,1.);
#532 = DIRECTION('',(-1.,0.,0.));
#533 = ORIENTED_EDGE('',*,*,#534,.F.);
#534 = EDGE_CURVE('',#509,#527,#535,.T.);
#535 = LINE('',#536,#537);
#536 = CARTESIAN_POINT('',(130.95,-46.04641870115,12.19));
#537 = VECTOR('',#538,1.);
#538 = DIRECTION('',(0.,1.,0.));
#539 = PLANE('',#540);
#540 = AXIS2_PLACEMENT_3D('',#541,#542,#543);
#541 = CARTESIAN_POINT('',(122.96217539183,-39.0928374023,12.19));
#542 = DIRECTION('',(0.,0.,1.));
#543 = DIRECTION('',(1.,0.,0.));
#544 = ADVANCED_FACE('',(#545),#556,.T.);
#545 = FACE_BOUND('',#546,.T.);
#546 = EDGE_LOOP('',(#547,#548,#554,#555));
#547 = ORIENTED_EDGE('',*,*,#247,.F.);
#548 = ORIENTED_EDGE('',*,*,#549,.T.);
#549 = EDGE_CURVE('',#240,#493,#550,.T.);
#550 = LINE('',#551,#552);
#551 = CARTESIAN_POINT('',(112.20137942877,-12.20137942877,6.2));
#552 = VECTOR('',#553,1.);
#553 = DIRECTION('',(0.,0.,1.));
#554 = ORIENTED_EDGE('',*,*,#500,.T.);
#555 = ORIENTED_EDGE('',*,*,#89,.F.);
#556 = PLANE('',#557);
#557 = AXIS2_PLACEMENT_3D('',#558,#559,#560);
#558 = CARTESIAN_POINT('',(112.20137942877,-12.20137942877,6.2));
#559 = DIRECTION('',(0.998795456205,-4.906767432758E-02,0.));
#560 = DIRECTION('',(-4.906767432758E-02,-0.998795456205,0.));
#561 = ADVANCED_FACE('',(#562),#674,.T.);
#562 = FACE_BOUND('',#563,.T.);
#563 = EDGE_LOOP('',(#564,#565,#571,#572,#580,#588,#596,#604,#612,#620,
    #628,#636,#644,#652,#660,#668));
#564 = ORIENTED_EDGE('',*,*,#146,.F.);
#565 = ORIENTED_EDGE('',*,*,#566,.T.);
#566 = EDGE_CURVE('',#147,#317,#567,.T.);
#567 = LINE('',#568,#569);
#568 = CARTESIAN_POINT('',(112.22945834653,-65.8,6.2));
#569 = VECTOR('',#570,1.);
#570 = DIRECTION('',(0.,0.,1.));
#571 = ORIENTED_EDGE('',*,*,#324,.T.);
#572 = ORIENTED_EDGE('',*,*,#573,.F.);
#573 = EDGE_CURVE('',#574,#325,#576,.T.);
#574 = VERTEX_POINT('',#575);
#575 = CARTESIAN_POINT('',(133.77054165346,-65.8,6.3));
#576 = LINE('',#577,#578);
#577 = CARTESIAN_POINT('',(133.77054165346,-65.8,6.2));
#578 = VECTOR('',#579,1.);
#579 = DIRECTION('',(0.,0.,1.));
#580 = ORIENTED_EDGE('',*,*,#581,.F.);
#581 = EDGE_CURVE('',#582,#574,#584,.T.);
#582 = VERTEX_POINT('',#583);
#583 = CARTESIAN_POINT('',(132.63285513502,-65.8,6.3));
#584 = LINE('',#585,#586);
#585 = CARTESIAN_POINT('',(117.59307288834,-65.8,6.3));
#586 = VECTOR('',#587,1.);
#587 = DIRECTION('',(1.,0.,0.));
#588 = ORIENTED_EDGE('',*,*,#589,.F.);
#589 = EDGE_CURVE('',#590,#582,#592,.T.);
#590 = VERTEX_POINT('',#591);
#591 = CARTESIAN_POINT('',(132.63285513502,-65.8,6.75));
#592 = LINE('',#593,#594);
#593 = CARTESIAN_POINT('',(132.63285513502,-65.8,5.3));
#594 = VECTOR('',#595,1.);
#595 = DIRECTION('',(-0.,-0.,-1.));
#596 = ORIENTED_EDGE('',*,*,#597,.F.);
#597 = EDGE_CURVE('',#598,#590,#600,.T.);
#598 = VERTEX_POINT('',#599);
#599 = CARTESIAN_POINT('',(128.56714486497,-65.8,6.75));
#600 = LINE('',#601,#602);
#601 = CARTESIAN_POINT('',(121.41472917326,-65.8,6.75));
#602 = VECTOR('',#603,1.);
#603 = DIRECTION('',(1.,0.,0.));
#604 = ORIENTED_EDGE('',*,*,#605,.T.);
#605 = EDGE_CURVE('',#598,#606,#608,.T.);
#606 = VERTEX_POINT('',#607);
#607 = CARTESIAN_POINT('',(128.56714486497,-65.8,6.3));
#608 = LINE('',#609,#610);
#609 = CARTESIAN_POINT('',(128.56714486497,-65.8,5.3));
#610 = VECTOR('',#611,1.);
#611 = DIRECTION('',(-0.,-0.,-1.));
#612 = ORIENTED_EDGE('',*,*,#613,.F.);
#613 = EDGE_CURVE('',#614,#606,#616,.T.);
#614 = VERTEX_POINT('',#615);
#615 = CARTESIAN_POINT('',(124.28744747806,-65.8,6.3));
#616 = LINE('',#617,#618);
#617 = CARTESIAN_POINT('',(117.59307288834,-65.8,6.3));
#618 = VECTOR('',#619,1.);
#619 = DIRECTION('',(1.,0.,0.));
#620 = ORIENTED_EDGE('',*,*,#621,.F.);
#621 = EDGE_CURVE('',#622,#614,#624,.T.);
#622 = VERTEX_POINT('',#623);
#623 = CARTESIAN_POINT('',(124.28744747806,-65.8,11.6));
#624 = LINE('',#625,#626);
#625 = CARTESIAN_POINT('',(124.28744747806,-65.8,6.3));
#626 = VECTOR('',#627,1.);
#627 = DIRECTION('',(-0.,-0.,-1.));
#628 = ORIENTED_EDGE('',*,*,#629,.F.);
#629 = EDGE_CURVE('',#630,#622,#632,.T.);
#630 = VERTEX_POINT('',#631);
#631 = CARTESIAN_POINT('',(121.31255252193,-65.8,11.6));
#632 = LINE('',#633,#634);
#633 = CARTESIAN_POINT('',(117.51472917326,-65.8,11.6));
#634 = VECTOR('',#635,1.);
#635 = DIRECTION('',(1.,0.,0.));
#636 = ORIENTED_EDGE('',*,*,#637,.T.);
#637 = EDGE_CURVE('',#630,#638,#640,.T.);
#638 = VERTEX_POINT('',#639);
#639 = CARTESIAN_POINT('',(121.31255252193,-65.8,6.3));
#640 = LINE('',#641,#642);
#641 = CARTESIAN_POINT('',(121.31255252193,-65.8,6.3));
#642 = VECTOR('',#643,1.);
#643 = DIRECTION('',(-0.,-0.,-1.));
#644 = ORIENTED_EDGE('',*,*,#645,.F.);
#645 = EDGE_CURVE('',#646,#638,#648,.T.);
#646 = VERTEX_POINT('',#647);
#647 = CARTESIAN_POINT('',(116.6289668856,-65.8,6.3));
#648 = LINE('',#649,#650);
#649 = CARTESIAN_POINT('',(117.59307288834,-65.8,6.3));
#650 = VECTOR('',#651,1.);
#651 = DIRECTION('',(1.,0.,0.));
#652 = ORIENTED_EDGE('',*,*,#653,.F.);
#653 = EDGE_CURVE('',#654,#646,#656,.T.);
#654 = VERTEX_POINT('',#655);
#655 = CARTESIAN_POINT('',(116.6289668856,-65.8,6.75));
#656 = LINE('',#657,#658);
#657 = CARTESIAN_POINT('',(116.6289668856,-65.8,5.3));
#658 = VECTOR('',#659,1.);
#659 = DIRECTION('',(-0.,-0.,-1.));
#660 = ORIENTED_EDGE('',*,*,#661,.F.);
#661 = EDGE_CURVE('',#662,#654,#664,.T.);
#662 = VERTEX_POINT('',#663);
#663 = CARTESIAN_POINT('',(112.37103311439,-65.8,6.75));
#664 = LINE('',#665,#666);
#665 = CARTESIAN_POINT('',(113.36472917326,-65.8,6.75));
#666 = VECTOR('',#667,1.);
#667 = DIRECTION('',(1.,0.,0.));
#668 = ORIENTED_EDGE('',*,*,#669,.T.);
#669 = EDGE_CURVE('',#662,#149,#670,.T.);
#670 = LINE('',#671,#672);
#671 = CARTESIAN_POINT('',(112.37103311439,-65.8,5.3));
#672 = VECTOR('',#673,1.);
#673 = DIRECTION('',(-0.,-0.,-1.));
#674 = PLANE('',#675);
#675 = AXIS2_PLACEMENT_3D('',#676,#677,#678);
#676 = CARTESIAN_POINT('',(112.22945834653,-65.8,6.2));
#677 = DIRECTION('',(0.,1.,0.));
#678 = DIRECTION('',(1.,0.,0.));
#679 = ADVANCED_FACE('',(#680),#686,.T.);
#680 = FACE_BOUND('',#681,.T.);
#681 = EDGE_LOOP('',(#682,#683,#684,#685));
#682 = ORIENTED_EDGE('',*,*,#265,.F.);
#683 = ORIENTED_EDGE('',*,*,#300,.T.);
#684 = ORIENTED_EDGE('',*,*,#316,.T.);
#685 = ORIENTED_EDGE('',*,*,#566,.F.);
#686 = PLANE('',#687);
#687 = AXIS2_PLACEMENT_3D('',#688,#689,#690);
#688 = CARTESIAN_POINT('',(112.20137942877,-65.79862057122,6.2));
#689 = DIRECTION('',(4.906767432757E-02,0.998795456205,0.));
#690 = DIRECTION('',(0.998795456205,-4.906767432757E-02,0.));
#691 = ADVANCED_FACE('',(#692),#703,.T.);
#692 = FACE_BOUND('',#693,.T.);
#693 = EDGE_LOOP('',(#694,#695,#701,#702));
#694 = ORIENTED_EDGE('',*,*,#239,.F.);
#695 = ORIENTED_EDGE('',*,*,#696,.T.);
#696 = EDGE_CURVE('',#232,#485,#697,.T.);
#697 = LINE('',#698,#699);
#698 = CARTESIAN_POINT('',(112.22945834653,-12.2,6.2));
#699 = VECTOR('',#700,1.);
#700 = DIRECTION('',(0.,0.,1.));
#701 = ORIENTED_EDGE('',*,*,#492,.T.);
#702 = ORIENTED_EDGE('',*,*,#549,.F.);
#703 = PLANE('',#704);
#704 = AXIS2_PLACEMENT_3D('',#705,#706,#707);
#705 = CARTESIAN_POINT('',(112.22945834653,-12.2,6.2));
#706 = DIRECTION('',(4.906767432741E-02,-0.998795456205,0.));
#707 = DIRECTION('',(-0.998795456205,-4.906767432741E-02,0.));
#708 = ADVANCED_FACE('',(#709),#736,.T.);
#709 = FACE_BOUND('',#710,.T.);
#710 = EDGE_LOOP('',(#711,#721,#727,#728,#729,#730));
#711 = ORIENTED_EDGE('',*,*,#712,.F.);
#712 = EDGE_CURVE('',#713,#715,#717,.T.);
#713 = VERTEX_POINT('',#714);
#714 = CARTESIAN_POINT('',(132.57054165346,-12.2,12.1));
#715 = VERTEX_POINT('',#716);
#716 = CARTESIAN_POINT('',(113.,-12.2,12.1));
#717 = LINE('',#718,#719);
#718 = CARTESIAN_POINT('',(122.78527082673,-12.2,12.1));
#719 = VECTOR('',#720,1.);
#720 = DIRECTION('',(-1.,0.,0.));
#721 = ORIENTED_EDGE('',*,*,#722,.T.);
#722 = EDGE_CURVE('',#713,#477,#723,.T.);
#723 = LINE('',#724,#725);
#724 = CARTESIAN_POINT('',(132.57054165346,-12.2,6.2));
#725 = VECTOR('',#726,1.);
#726 = DIRECTION('',(0.,0.,1.));
#727 = ORIENTED_EDGE('',*,*,#484,.T.);
#728 = ORIENTED_EDGE('',*,*,#696,.F.);
#729 = ORIENTED_EDGE('',*,*,#231,.F.);
#730 = ORIENTED_EDGE('',*,*,#731,.T.);
#731 = EDGE_CURVE('',#224,#715,#732,.T.);
#732 = LINE('',#733,#734);
#733 = CARTESIAN_POINT('',(113.,-12.2,5.9));
#734 = VECTOR('',#735,1.);
#735 = DIRECTION('',(0.,0.,1.));
#736 = PLANE('',#737);
#737 = AXIS2_PLACEMENT_3D('',#738,#739,#740);
#738 = CARTESIAN_POINT('',(132.57054165346,-12.2,6.2));
#739 = DIRECTION('',(0.,-1.,0.));
#740 = DIRECTION('',(-1.,0.,0.));
#741 = ADVANCED_FACE('',(#742),#760,.T.);
#742 = FACE_BOUND('',#743,.T.);
#743 = EDGE_LOOP('',(#744,#752,#753,#754));
#744 = ORIENTED_EDGE('',*,*,#745,.F.);
#745 = EDGE_CURVE('',#715,#746,#748,.T.);
#746 = VERTEX_POINT('',#747);
#747 = CARTESIAN_POINT('',(113.,-11.4,12.1));
#748 = LINE('',#749,#750);
#749 = CARTESIAN_POINT('',(113.,-48.1,12.1));
#750 = VECTOR('',#751,1.);
#751 = DIRECTION('',(0.,1.,0.));
#752 = ORIENTED_EDGE('',*,*,#731,.F.);
#753 = ORIENTED_EDGE('',*,*,#223,.F.);
#754 = ORIENTED_EDGE('',*,*,#755,.T.);
#755 = EDGE_CURVE('',#216,#746,#756,.T.);
#756 = LINE('',#757,#758);
#757 = CARTESIAN_POINT('',(113.,-11.4,5.6));
#758 = VECTOR('',#759,1.);
#759 = DIRECTION('',(0.,0.,1.));
#760 = PLANE('',#761);
#761 = AXIS2_PLACEMENT_3D('',#762,#763,#764);
#762 = CARTESIAN_POINT('',(113.,-48.1,5.6));
#763 = DIRECTION('',(1.,0.,0.));
#764 = DIRECTION('',(0.,0.,1.));
#765 = ADVANCED_FACE('',(#766),#816,.F.);
#766 = FACE_BOUND('',#767,.F.);
#767 = EDGE_LOOP('',(#768,#778,#786,#794,#802,#808,#809,#810));
#768 = ORIENTED_EDGE('',*,*,#769,.F.);
#769 = EDGE_CURVE('',#770,#772,#774,.T.);
#770 = VERTEX_POINT('',#771);
#771 = CARTESIAN_POINT('',(132.6,-11.4,6.3));
#772 = VERTEX_POINT('',#773);
#773 = CARTESIAN_POINT('',(132.6,-11.4,12.1));
#774 = LINE('',#775,#776);
#775 = CARTESIAN_POINT('',(132.6,-11.4,5.6));
#776 = VECTOR('',#777,1.);
#777 = DIRECTION('',(0.,0.,1.));
#778 = ORIENTED_EDGE('',*,*,#779,.F.);
#779 = EDGE_CURVE('',#780,#770,#782,.T.);
#780 = VERTEX_POINT('',#781);
#781 = CARTESIAN_POINT('',(129.3,-11.4,6.3));
#782 = LINE('',#783,#784);
#783 = CARTESIAN_POINT('',(117.97834371508,-11.4,6.3));
#784 = VECTOR('',#785,1.);
#785 = DIRECTION('',(1.,0.,0.));
#786 = ORIENTED_EDGE('',*,*,#787,.T.);
#787 = EDGE_CURVE('',#780,#788,#790,.T.);
#788 = VERTEX_POINT('',#789);
#789 = CARTESIAN_POINT('',(129.3,-11.4,11.8));
#790 = LINE('',#791,#792);
#791 = CARTESIAN_POINT('',(129.3,-11.4,5.9));
#792 = VECTOR('',#793,1.);
#793 = DIRECTION('',(0.,0.,1.));
#794 = ORIENTED_EDGE('',*,*,#795,.T.);
#795 = EDGE_CURVE('',#788,#796,#798,.T.);
#796 = VERTEX_POINT('',#797);
#797 = CARTESIAN_POINT('',(116.3,-11.4,11.8));
#798 = LINE('',#799,#800);
#799 = CARTESIAN_POINT('',(114.65,-11.4,11.8));
#800 = VECTOR('',#801,1.);
#801 = DIRECTION('',(-1.,0.,0.));
#802 = ORIENTED_EDGE('',*,*,#803,.F.);
#803 = EDGE_CURVE('',#208,#796,#804,.T.);
#804 = LINE('',#805,#806);
#805 = CARTESIAN_POINT('',(116.3,-11.4,5.9));
#806 = VECTOR('',#807,1.);
#807 = DIRECTION('',(0.,0.,1.));
#808 = ORIENTED_EDGE('',*,*,#215,.F.);
#809 = ORIENTED_EDGE('',*,*,#755,.T.);
#810 = ORIENTED_EDGE('',*,*,#811,.T.);
#811 = EDGE_CURVE('',#746,#772,#812,.T.);
#812 = LINE('',#813,#814);
#813 = CARTESIAN_POINT('',(113.,-11.4,12.1));
#814 = VECTOR('',#815,1.);
#815 = DIRECTION('',(1.,0.,0.));
#816 = PLANE('',#817);
#817 = AXIS2_PLACEMENT_3D('',#818,#819,#820);
#818 = CARTESIAN_POINT('',(113.,-11.4,5.6));
#819 = DIRECTION('',(0.,1.,0.));
#820 = DIRECTION('',(0.,0.,1.));
#821 = ADVANCED_FACE('',(#822),#840,.T.);
#822 = FACE_BOUND('',#823,.T.);
#823 = EDGE_LOOP('',(#824,#832,#833,#834));
#824 = ORIENTED_EDGE('',*,*,#825,.F.);
#825 = EDGE_CURVE('',#796,#826,#828,.T.);
#826 = VERTEX_POINT('',#827);
#827 = CARTESIAN_POINT('',(116.3,-11.,11.8));
#828 = LINE('',#829,#830);
#829 = CARTESIAN_POINT('',(116.3,-20.,11.8));
#830 = VECTOR('',#831,1.);
#831 = DIRECTION('',(0.,1.,0.));
#832 = ORIENTED_EDGE('',*,*,#803,.F.);
#833 = ORIENTED_EDGE('',*,*,#207,.F.);
#834 = ORIENTED_EDGE('',*,*,#835,.F.);
#835 = EDGE_CURVE('',#826,#200,#836,.T.);
#836 = LINE('',#837,#838);
#837 = CARTESIAN_POINT('',(116.3,-11.,6.25));
#838 = VECTOR('',#839,1.);
#839 = DIRECTION('',(0.,0.,-1.));
#840 = PLANE('',#841);
#841 = AXIS2_PLACEMENT_3D('',#842,#843,#844);
#842 = CARTESIAN_POINT('',(116.3,-20.,6.2));
#843 = DIRECTION('',(1.,0.,0.));
#844 = DIRECTION('',(0.,0.,1.));
#845 = ADVANCED_FACE('',(#846),#896,.T.);
#846 = FACE_BOUND('',#847,.T.);
#847 = EDGE_LOOP('',(#848,#849,#857,#865,#873,#881,#889,#895));
#848 = ORIENTED_EDGE('',*,*,#199,.F.);
#849 = ORIENTED_EDGE('',*,*,#850,.T.);
#850 = EDGE_CURVE('',#191,#851,#853,.T.);
#851 = VERTEX_POINT('',#852);
#852 = CARTESIAN_POINT('',(112.2,-11.,13.59));
#853 = LINE('',#854,#855);
#854 = CARTESIAN_POINT('',(112.2,-11.,6.3));
#855 = VECTOR('',#856,1.);
#856 = DIRECTION('',(0.,0.,1.));
#857 = ORIENTED_EDGE('',*,*,#858,.T.);
#858 = EDGE_CURVE('',#851,#859,#861,.T.);
#859 = VERTEX_POINT('',#860);
#860 = CARTESIAN_POINT('',(132.6,-11.,13.59));
#861 = LINE('',#862,#863);
#862 = CARTESIAN_POINT('',(112.2,-11.,13.59));
#863 = VECTOR('',#864,1.);
#864 = DIRECTION('',(1.,0.,0.));
#865 = ORIENTED_EDGE('',*,*,#866,.F.);
#866 = EDGE_CURVE('',#867,#859,#869,.T.);
#867 = VERTEX_POINT('',#868);
#868 = CARTESIAN_POINT('',(132.6,-11.,6.3));
#869 = LINE('',#870,#871);
#870 = CARTESIAN_POINT('',(132.6,-11.,6.3));
#871 = VECTOR('',#872,1.);
#872 = DIRECTION('',(0.,0.,1.));
#873 = ORIENTED_EDGE('',*,*,#874,.F.);
#874 = EDGE_CURVE('',#875,#867,#877,.T.);
#875 = VERTEX_POINT('',#876);
#876 = CARTESIAN_POINT('',(129.3,-11.,6.3));
#877 = LINE('',#878,#879);
#878 = CARTESIAN_POINT('',(112.2,-11.,6.3));
#879 = VECTOR('',#880,1.);
#880 = DIRECTION('',(1.,0.,0.));
#881 = ORIENTED_EDGE('',*,*,#882,.F.);
#882 = EDGE_CURVE('',#883,#875,#885,.T.);
#883 = VERTEX_POINT('',#884);
#884 = CARTESIAN_POINT('',(129.3,-11.,11.8));
#885 = LINE('',#886,#887);
#886 = CARTESIAN_POINT('',(129.3,-11.,6.25));
#887 = VECTOR('',#888,1.);
#888 = DIRECTION('',(0.,0.,-1.));
#889 = ORIENTED_EDGE('',*,*,#890,.F.);
#890 = EDGE_CURVE('',#826,#883,#891,.T.);
#891 = LINE('',#892,#893);
#892 = CARTESIAN_POINT('',(114.25,-11.,11.8));
#893 = VECTOR('',#894,1.);
#894 = DIRECTION('',(1.,0.,0.));
#895 = ORIENTED_EDGE('',*,*,#835,.T.);
#896 = PLANE('',#897);
#897 = AXIS2_PLACEMENT_3D('',#898,#899,#900);
#898 = CARTESIAN_POINT('',(112.2,-11.,6.3));
#899 = DIRECTION('',(0.,1.,0.));
#900 = DIRECTION('',(1.,0.,0.));
#901 = ADVANCED_FACE('',(#902),#921,.T.);
#902 = FACE_BOUND('',#903,.T.);
#903 = EDGE_LOOP('',(#904,#912,#919,#920));
#904 = ORIENTED_EDGE('',*,*,#905,.T.);
#905 = EDGE_CURVE('',#183,#906,#908,.T.);
#906 = VERTEX_POINT('',#907);
#907 = CARTESIAN_POINT('',(111.,-12.2,13.59));
#908 = LINE('',#909,#910);
#909 = CARTESIAN_POINT('',(111.,-12.2,6.3));
#910 = VECTOR('',#911,1.);
#911 = DIRECTION('',(0.,0.,1.));
#912 = ORIENTED_EDGE('',*,*,#913,.T.);
#913 = EDGE_CURVE('',#906,#851,#914,.T.);
#914 = CIRCLE('',#915,1.2);
#915 = AXIS2_PLACEMENT_3D('',#916,#917,#918);
#916 = CARTESIAN_POINT('',(112.2,-12.2,13.59));
#917 = DIRECTION('',(0.,0.,-1.));
#918 = DIRECTION('',(-1.,5.92E-15,0.));
#919 = ORIENTED_EDGE('',*,*,#850,.F.);
#920 = ORIENTED_EDGE('',*,*,#190,.F.);
#921 = CYLINDRICAL_SURFACE('',#922,1.2);
#922 = AXIS2_PLACEMENT_3D('',#923,#924,#925);
#923 = CARTESIAN_POINT('',(112.2,-12.2,6.3));
#924 = DIRECTION('',(0.,0.,-1.));
#925 = DIRECTION('',(-1.,5.92E-15,0.));
#926 = ADVANCED_FACE('',(#927),#945,.T.);
#927 = FACE_BOUND('',#928,.T.);
#928 = EDGE_LOOP('',(#929,#937,#943,#944));
#929 = ORIENTED_EDGE('',*,*,#930,.T.);
#930 = EDGE_CURVE('',#174,#931,#933,.T.);
#931 = VERTEX_POINT('',#932);
#932 = CARTESIAN_POINT('',(111.,-65.8,13.59));
#933 = LINE('',#934,#935);
#934 = CARTESIAN_POINT('',(111.,-65.8,6.3));
#935 = VECTOR('',#936,1.);
#936 = DIRECTION('',(0.,0.,1.));
#937 = ORIENTED_EDGE('',*,*,#938,.T.);
#938 = EDGE_CURVE('',#931,#906,#939,.T.);
#939 = LINE('',#940,#941);
#940 = CARTESIAN_POINT('',(111.,-65.8,13.59));
#941 = VECTOR('',#942,1.);
#942 = DIRECTION('',(0.,1.,0.));
#943 = ORIENTED_EDGE('',*,*,#905,.F.);
#944 = ORIENTED_EDGE('',*,*,#182,.F.);
#945 = PLANE('',#946);
#946 = AXIS2_PLACEMENT_3D('',#947,#948,#949);
#947 = CARTESIAN_POINT('',(111.,-65.8,6.3));
#948 = DIRECTION('',(-1.,0.,0.));
#949 = DIRECTION('',(0.,1.,0.));
#950 = ADVANCED_FACE('',(#951),#970,.T.);
#951 = FACE_BOUND('',#952,.T.);
#952 = EDGE_LOOP('',(#953,#961,#968,#969));
#953 = ORIENTED_EDGE('',*,*,#954,.T.);
#954 = EDGE_CURVE('',#166,#955,#957,.T.);
#955 = VERTEX_POINT('',#956);
#956 = CARTESIAN_POINT('',(112.2,-67.,13.59));
#957 = LINE('',#958,#959);
#958 = CARTESIAN_POINT('',(112.2,-67.,6.3));
#959 = VECTOR('',#960,1.);
#960 = DIRECTION('',(0.,0.,1.));
#961 = ORIENTED_EDGE('',*,*,#962,.T.);
#962 = EDGE_CURVE('',#955,#931,#963,.T.);
#963 = CIRCLE('',#964,1.2);
#964 = AXIS2_PLACEMENT_3D('',#965,#966,#967);
#965 = CARTESIAN_POINT('',(112.2,-65.8,13.59));
#966 = DIRECTION('',(0.,0.,-1.));
#967 = DIRECTION('',(0.,-1.,0.));
#968 = ORIENTED_EDGE('',*,*,#930,.F.);
#969 = ORIENTED_EDGE('',*,*,#173,.F.);
#970 = CYLINDRICAL_SURFACE('',#971,1.2);
#971 = AXIS2_PLACEMENT_3D('',#972,#973,#974);
#972 = CARTESIAN_POINT('',(112.2,-65.8,6.3));
#973 = DIRECTION('',(0.,0.,-1.));
#974 = DIRECTION('',(0.,-1.,0.));
#975 = ADVANCED_FACE('',(#976),#1058,.T.);
#976 = FACE_BOUND('',#977,.T.);
#977 = EDGE_LOOP('',(#978,#988,#996,#1002,#1003,#1004,#1012,#1020,#1028,
    #1036,#1044,#1052));
#978 = ORIENTED_EDGE('',*,*,#979,.F.);
#979 = EDGE_CURVE('',#980,#982,#984,.T.);
#980 = VERTEX_POINT('',#981);
#981 = CARTESIAN_POINT('',(133.8,-67.,6.3));
#982 = VERTEX_POINT('',#983);
#983 = CARTESIAN_POINT('',(132.69105236663,-67.,6.3));
#984 = LINE('',#985,#986);
#985 = CARTESIAN_POINT('',(133.8,-67.,6.3));
#986 = VECTOR('',#987,1.);
#987 = DIRECTION('',(-1.,0.,0.));
#988 = ORIENTED_EDGE('',*,*,#989,.T.);
#989 = EDGE_CURVE('',#980,#990,#992,.T.);
#990 = VERTEX_POINT('',#991);
#991 = CARTESIAN_POINT('',(133.8,-67.,13.59));
#992 = LINE('',#993,#994);
#993 = CARTESIAN_POINT('',(133.8,-67.,6.3));
#994 = VECTOR('',#995,1.);
#995 = DIRECTION('',(0.,0.,1.));
#996 = ORIENTED_EDGE('',*,*,#997,.T.);
#997 = EDGE_CURVE('',#990,#955,#998,.T.);
#998 = LINE('',#999,#1000);
#999 = CARTESIAN_POINT('',(133.8,-67.,13.59));
#1000 = VECTOR('',#1001,1.);
#1001 = DIRECTION('',(-1.,0.,0.));
#1002 = ORIENTED_EDGE('',*,*,#954,.F.);
#1003 = ORIENTED_EDGE('',*,*,#165,.F.);
#1004 = ORIENTED_EDGE('',*,*,#1005,.F.);
#1005 = EDGE_CURVE('',#1006,#157,#1008,.T.);
#1006 = VERTEX_POINT('',#1007);
#1007 = CARTESIAN_POINT('',(112.95970781992,-67.,6.75));
#1008 = LINE('',#1009,#1010);
#1009 = CARTESIAN_POINT('',(112.95970781992,-67.,5.3));
#1010 = VECTOR('',#1011,1.);
#1011 = DIRECTION('',(-0.,-0.,-1.));
#1012 = ORIENTED_EDGE('',*,*,#1013,.F.);
#1013 = EDGE_CURVE('',#1014,#1006,#1016,.T.);
#1014 = VERTEX_POINT('',#1015);
#1015 = CARTESIAN_POINT('',(116.04029218007,-67.,6.75));
#1016 = LINE('',#1017,#1018);
#1017 = CARTESIAN_POINT('',(124.15,-67.,6.75));
#1018 = VECTOR('',#1019,1.);
#1019 = DIRECTION('',(-1.,0.,0.));
#1020 = ORIENTED_EDGE('',*,*,#1021,.T.);
#1021 = EDGE_CURVE('',#1014,#1022,#1024,.T.);
#1022 = VERTEX_POINT('',#1023);
#1023 = CARTESIAN_POINT('',(116.04029218007,-67.,6.3));
#1024 = LINE('',#1025,#1026);
#1025 = CARTESIAN_POINT('',(116.04029218007,-67.,5.3));
#1026 = VECTOR('',#1027,1.);
#1027 = DIRECTION('',(-0.,-0.,-1.));
#1028 = ORIENTED_EDGE('',*,*,#1029,.F.);
#1029 = EDGE_CURVE('',#1030,#1022,#1032,.T.);
#1030 = VERTEX_POINT('',#1031);
#1031 = CARTESIAN_POINT('',(128.50894763336,-67.,6.3));
#1032 = LINE('',#1033,#1034);
#1033 = CARTESIAN_POINT('',(133.8,-67.,6.3));
#1034 = VECTOR('',#1035,1.);
#1035 = DIRECTION('',(-1.,0.,0.));
#1036 = ORIENTED_EDGE('',*,*,#1037,.F.);
#1037 = EDGE_CURVE('',#1038,#1030,#1040,.T.);
#1038 = VERTEX_POINT('',#1039);
#1039 = CARTESIAN_POINT('',(128.50894763336,-67.,6.75));
#1040 = LINE('',#1041,#1042);
#1041 = CARTESIAN_POINT('',(128.50894763336,-67.,5.3));
#1042 = VECTOR('',#1043,1.);
#1043 = DIRECTION('',(-0.,-0.,-1.));
#1044 = ORIENTED_EDGE('',*,*,#1045,.F.);
#1045 = EDGE_CURVE('',#1046,#1038,#1048,.T.);
#1046 = VERTEX_POINT('',#1047);
#1047 = CARTESIAN_POINT('',(132.69105236663,-67.,6.75));
#1048 = LINE('',#1049,#1050);
#1049 = CARTESIAN_POINT('',(132.2,-67.,6.75));
#1050 = VECTOR('',#1051,1.);
#1051 = DIRECTION('',(-1.,0.,0.));
#1052 = ORIENTED_EDGE('',*,*,#1053,.T.);
#1053 = EDGE_CURVE('',#1046,#982,#1054,.T.);
#1054 = LINE('',#1055,#1056);
#1055 = CARTESIAN_POINT('',(132.69105236663,-67.,5.3));
#1056 = VECTOR('',#1057,1.);
#1057 = DIRECTION('',(-0.,-0.,-1.));
#1058 = PLANE('',#1059);
#1059 = AXIS2_PLACEMENT_3D('',#1060,#1061,#1062);
#1060 = CARTESIAN_POINT('',(133.8,-67.,6.3));
#1061 = DIRECTION('',(0.,-1.,0.));
#1062 = DIRECTION('',(-1.,0.,0.));
#1063 = ADVANCED_FACE('',(#1064),#1076,.F.);
#1064 = FACE_BOUND('',#1065,.T.);
#1065 = EDGE_LOOP('',(#1066,#1067,#1074,#1075));
#1066 = ORIENTED_EDGE('',*,*,#669,.F.);
#1067 = ORIENTED_EDGE('',*,*,#1068,.T.);
#1068 = EDGE_CURVE('',#662,#1006,#1069,.T.);
#1069 = CIRCLE('',#1070,2.15);
#1070 = AXIS2_PLACEMENT_3D('',#1071,#1072,#1073);
#1071 = CARTESIAN_POINT('',(114.5,-65.5,6.75));
#1072 = DIRECTION('',(0.,0.,1.));
#1073 = DIRECTION('',(1.,0.,0.));
#1074 = ORIENTED_EDGE('',*,*,#1005,.T.);
#1075 = ORIENTED_EDGE('',*,*,#156,.T.);
#1076 = CYLINDRICAL_SURFACE('',#1077,2.15);
#1077 = AXIS2_PLACEMENT_3D('',#1078,#1079,#1080);
#1078 = CARTESIAN_POINT('',(114.5,-65.5,5.3));
#1079 = DIRECTION('',(-0.,-0.,-1.));
#1080 = DIRECTION('',(1.,0.,0.));
#1081 = ADVANCED_FACE('',(#1082),#1101,.F.);
#1082 = FACE_BOUND('',#1083,.T.);
#1083 = EDGE_LOOP('',(#1084,#1085,#1093,#1100));
#1084 = ORIENTED_EDGE('',*,*,#273,.T.);
#1085 = ORIENTED_EDGE('',*,*,#1086,.T.);
#1086 = EDGE_CURVE('',#274,#1087,#1089,.T.);
#1087 = VERTEX_POINT('',#1088);
#1088 = CARTESIAN_POINT('',(114.6,-52.8,6.8));
#1089 = LINE('',#1090,#1091);
#1090 = CARTESIAN_POINT('',(114.6,-52.8,6.2));
#1091 = VECTOR('',#1092,1.);
#1092 = DIRECTION('',(0.,0.,1.));
#1093 = ORIENTED_EDGE('',*,*,#1094,.T.);
#1094 = EDGE_CURVE('',#1087,#1087,#1095,.T.);
#1095 = CIRCLE('',#1096,1.6);
#1096 = AXIS2_PLACEMENT_3D('',#1097,#1098,#1099);
#1097 = CARTESIAN_POINT('',(113.,-52.8,6.8));
#1098 = DIRECTION('',(0.,0.,1.));
#1099 = DIRECTION('',(1.,0.,0.));
#1100 = ORIENTED_EDGE('',*,*,#1086,.F.);
#1101 = CYLINDRICAL_SURFACE('',#1102,1.6);
#1102 = AXIS2_PLACEMENT_3D('',#1103,#1104,#1105);
#1103 = CARTESIAN_POINT('',(113.,-52.8,6.2));
#1104 = DIRECTION('',(-0.,-0.,-1.));
#1105 = DIRECTION('',(1.,0.,0.));
#1106 = ADVANCED_FACE('',(#1107),#1141,.T.);
#1107 = FACE_BOUND('',#1108,.T.);
#1108 = EDGE_LOOP('',(#1109,#1119,#1125,#1126,#1127,#1135));
#1109 = ORIENTED_EDGE('',*,*,#1110,.F.);
#1110 = EDGE_CURVE('',#1111,#1113,#1115,.T.);
#1111 = VERTEX_POINT('',#1112);
#1112 = CARTESIAN_POINT('',(132.7174787184,-12.20721855511,6.3));
#1113 = VERTEX_POINT('',#1114);
#1114 = CARTESIAN_POINT('',(132.6,-12.20144719576,6.3));
#1115 = LINE('',#1116,#1117);
#1116 = CARTESIAN_POINT('',(128.50776967103,-12.00040881117,6.3));
#1117 = VECTOR('',#1118,1.);
#1118 = DIRECTION('',(-0.998795456205,4.906767432741E-02,0.));
#1119 = ORIENTED_EDGE('',*,*,#1120,.T.);
#1120 = EDGE_CURVE('',#1111,#469,#1121,.T.);
#1121 = LINE('',#1122,#1123);
#1122 = CARTESIAN_POINT('',(132.7174787184,-12.20721855511,6.2));
#1123 = VECTOR('',#1124,1.);
#1124 = DIRECTION('',(0.,0.,1.));
#1125 = ORIENTED_EDGE('',*,*,#476,.T.);
#1126 = ORIENTED_EDGE('',*,*,#722,.F.);
#1127 = ORIENTED_EDGE('',*,*,#1128,.F.);
#1128 = EDGE_CURVE('',#1129,#713,#1131,.T.);
#1129 = VERTEX_POINT('',#1130);
#1130 = CARTESIAN_POINT('',(132.6,-12.20144719576,12.1));
#1131 = LINE('',#1132,#1133);
#1132 = CARTESIAN_POINT('',(123.76200257046,-11.76726422378,12.1));
#1133 = VECTOR('',#1134,1.);
#1134 = DIRECTION('',(-0.998795456205,4.906767432741E-02,0.));
#1135 = ORIENTED_EDGE('',*,*,#1136,.F.);
#1136 = EDGE_CURVE('',#1113,#1129,#1137,.T.);
#1137 = LINE('',#1138,#1139);
#1138 = CARTESIAN_POINT('',(132.6,-12.20144719576,5.9));
#1139 = VECTOR('',#1140,1.);
#1140 = DIRECTION('',(0.,0.,1.));
#1141 = PLANE('',#1142);
#1142 = AXIS2_PLACEMENT_3D('',#1143,#1144,#1145);
#1143 = CARTESIAN_POINT('',(132.7174787184,-12.20721855511,6.2));
#1144 = DIRECTION('',(-4.906767432741E-02,-0.998795456205,0.));
#1145 = DIRECTION('',(-0.998795456205,4.906767432741E-02,0.));
#1146 = ADVANCED_FACE('',(#1147),#1165,.T.);
#1147 = FACE_BOUND('',#1148,.T.);
#1148 = EDGE_LOOP('',(#1149,#1157,#1158,#1159));
#1149 = ORIENTED_EDGE('',*,*,#1150,.F.);
#1150 = EDGE_CURVE('',#574,#1151,#1153,.T.);
#1151 = VERTEX_POINT('',#1152);
#1152 = CARTESIAN_POINT('',(133.79862057122,-65.79862057122,6.3));
#1153 = LINE('',#1154,#1155);
#1154 = CARTESIAN_POINT('',(129.03094887539,-66.03284126237,6.3));
#1155 = VECTOR('',#1156,1.);
#1156 = DIRECTION('',(0.998795456205,4.906767432757E-02,0.));
#1157 = ORIENTED_EDGE('',*,*,#573,.T.);
#1158 = ORIENTED_EDGE('',*,*,#332,.T.);
#1159 = ORIENTED_EDGE('',*,*,#1160,.F.);
#1160 = EDGE_CURVE('',#1151,#333,#1161,.T.);
#1161 = LINE('',#1162,#1163);
#1162 = CARTESIAN_POINT('',(133.79862057122,-65.79862057122,6.2));
#1163 = VECTOR('',#1164,1.);
#1164 = DIRECTION('',(0.,0.,1.));
#1165 = PLANE('',#1166);
#1166 = AXIS2_PLACEMENT_3D('',#1167,#1168,#1169);
#1167 = CARTESIAN_POINT('',(133.77054165346,-65.8,6.2));
#1168 = DIRECTION('',(-4.906767432757E-02,0.998795456205,0.));
#1169 = DIRECTION('',(0.998795456205,4.906767432757E-02,0.));
#1170 = ADVANCED_FACE('',(#1171),#1189,.T.);
#1171 = FACE_BOUND('',#1172,.T.);
#1172 = EDGE_LOOP('',(#1173,#1181,#1187,#1188));
#1173 = ORIENTED_EDGE('',*,*,#1174,.F.);
#1174 = EDGE_CURVE('',#1175,#1111,#1177,.T.);
#1175 = VERTEX_POINT('',#1176);
#1176 = CARTESIAN_POINT('',(132.83382605253,-12.22447705182,6.3));
#1177 = LINE('',#1178,#1179);
#1178 = CARTESIAN_POINT('',(129.95181741665,-11.79697145472,6.3));
#1179 = VECTOR('',#1180,1.);
#1180 = DIRECTION('',(-0.989176509965,0.146730474455,0.));
#1181 = ORIENTED_EDGE('',*,*,#1182,.T.);
#1182 = EDGE_CURVE('',#1175,#461,#1183,.T.);
#1183 = LINE('',#1184,#1185);
#1184 = CARTESIAN_POINT('',(132.83382605253,-12.22447705182,6.2));
#1185 = VECTOR('',#1186,1.);
#1186 = DIRECTION('',(0.,0.,1.));
#1187 = ORIENTED_EDGE('',*,*,#468,.T.);
#1188 = ORIENTED_EDGE('',*,*,#1120,.F.);
#1189 = PLANE('',#1190);
#1190 = AXIS2_PLACEMENT_3D('',#1191,#1192,#1193);
#1191 = CARTESIAN_POINT('',(132.83382605253,-12.22447705182,6.2));
#1192 = DIRECTION('',(-0.146730474455,-0.989176509965,0.));
#1193 = DIRECTION('',(-0.989176509965,0.146730474455,0.));
#1194 = ADVANCED_FACE('',(#1195),#1213,.T.);
#1195 = FACE_BOUND('',#1196,.T.);
#1196 = EDGE_LOOP('',(#1197,#1205,#1206,#1207));
#1197 = ORIENTED_EDGE('',*,*,#1198,.F.);
#1198 = EDGE_CURVE('',#1151,#1199,#1201,.T.);
#1199 = VERTEX_POINT('',#1200);
#1200 = CARTESIAN_POINT('',(133.8,-65.77054165346,6.3));
#1201 = LINE('',#1202,#1203);
#1202 = CARTESIAN_POINT('',(134.43985146906,-52.74606579013,6.3));
#1203 = VECTOR('',#1204,1.);
#1204 = DIRECTION('',(4.906767432734E-02,0.998795456205,0.));
#1205 = ORIENTED_EDGE('',*,*,#1160,.T.);
#1206 = ORIENTED_EDGE('',*,*,#340,.T.);
#1207 = ORIENTED_EDGE('',*,*,#1208,.F.);
#1208 = EDGE_CURVE('',#1199,#341,#1209,.T.);
#1209 = LINE('',#1210,#1211);
#1210 = CARTESIAN_POINT('',(133.8,-65.77054165346,6.2));
#1211 = VECTOR('',#1212,1.);
#1212 = DIRECTION('',(0.,0.,1.));
#1213 = PLANE('',#1214);
#1214 = AXIS2_PLACEMENT_3D('',#1215,#1216,#1217);
#1215 = CARTESIAN_POINT('',(133.79862057122,-65.79862057122,6.2));
#1216 = DIRECTION('',(-0.998795456205,4.906767432734E-02,0.));
#1217 = DIRECTION('',(4.906767432734E-02,0.998795456205,0.));
#1218 = ADVANCED_FACE('',(#1219),#1237,.T.);
#1219 = FACE_BOUND('',#1220,.T.);
#1220 = EDGE_LOOP('',(#1221,#1229,#1235,#1236));
#1221 = ORIENTED_EDGE('',*,*,#1222,.F.);
#1222 = EDGE_CURVE('',#1223,#1175,#1225,.T.);
#1223 = VERTEX_POINT('',#1224);
#1224 = CARTESIAN_POINT('',(132.94792151395,-12.25305647712,6.3));
#1225 = LINE('',#1226,#1227);
#1226 = CARTESIAN_POINT('',(131.41088282309,-11.86804832775,6.3));
#1227 = VECTOR('',#1228,1.);
#1228 = DIRECTION('',(-0.970031253195,0.242980179903,0.));
#1229 = ORIENTED_EDGE('',*,*,#1230,.T.);
#1230 = EDGE_CURVE('',#1223,#453,#1231,.T.);
#1231 = LINE('',#1232,#1233);
#1232 = CARTESIAN_POINT('',(132.94792151395,-12.25305647712,6.2));
#1233 = VECTOR('',#1234,1.);
#1234 = DIRECTION('',(0.,0.,1.));
#1235 = ORIENTED_EDGE('',*,*,#460,.T.);
#1236 = ORIENTED_EDGE('',*,*,#1182,.F.);
#1237 = PLANE('',#1238);
#1238 = AXIS2_PLACEMENT_3D('',#1239,#1240,#1241);
#1239 = CARTESIAN_POINT('',(132.94792151395,-12.25305647712,6.2));
#1240 = DIRECTION('',(-0.242980179903,-0.970031253195,0.));
#1241 = DIRECTION('',(-0.970031253195,0.242980179903,0.));
#1242 = ADVANCED_FACE('',(#1243),#1325,.T.);
#1243 = FACE_BOUND('',#1244,.T.);
#1244 = EDGE_LOOP('',(#1245,#1253,#1254,#1255,#1263,#1271,#1279,#1287,
    #1295,#1303,#1311,#1319));
#1245 = ORIENTED_EDGE('',*,*,#1246,.F.);
#1246 = EDGE_CURVE('',#1199,#1247,#1249,.T.);
#1247 = VERTEX_POINT('',#1248);
#1248 = CARTESIAN_POINT('',(133.8,-63.9,6.3));
#1249 = LINE('',#1250,#1251);
#1250 = CARTESIAN_POINT('',(133.8,-52.43420966695,6.3));
#1251 = VECTOR('',#1252,1.);
#1252 = DIRECTION('',(0.,1.,0.));
#1253 = ORIENTED_EDGE('',*,*,#1208,.T.);
#1254 = ORIENTED_EDGE('',*,*,#348,.T.);
#1255 = ORIENTED_EDGE('',*,*,#1256,.F.);
#1256 = EDGE_CURVE('',#1257,#349,#1259,.T.);
#1257 = VERTEX_POINT('',#1258);
#1258 = CARTESIAN_POINT('',(133.8,-13.42945834653,6.3));
#1259 = LINE('',#1260,#1261);
#1260 = CARTESIAN_POINT('',(133.8,-13.42945834653,6.2));
#1261 = VECTOR('',#1262,1.);
#1262 = DIRECTION('',(0.,0.,1.));
#1263 = ORIENTED_EDGE('',*,*,#1264,.F.);
#1264 = EDGE_CURVE('',#1265,#1257,#1267,.T.);
#1265 = VERTEX_POINT('',#1266);
#1266 = CARTESIAN_POINT('',(133.8,-51.13191726823,6.3));
#1267 = LINE('',#1268,#1269);
#1268 = CARTESIAN_POINT('',(133.8,-52.43420966695,6.3));
#1269 = VECTOR('',#1270,1.);
#1270 = DIRECTION('',(0.,1.,0.));
#1271 = ORIENTED_EDGE('',*,*,#1272,.F.);
#1272 = EDGE_CURVE('',#1273,#1265,#1275,.T.);
#1273 = VERTEX_POINT('',#1274);
#1274 = CARTESIAN_POINT('',(133.8,-51.13191726823,11.6));
#1275 = LINE('',#1276,#1277);
#1276 = CARTESIAN_POINT('',(133.8,-51.13191726823,6.3));
#1277 = VECTOR('',#1278,1.);
#1278 = DIRECTION('',(-0.,-0.,-1.));
#1279 = ORIENTED_EDGE('',*,*,#1280,.F.);
#1280 = EDGE_CURVE('',#1281,#1273,#1283,.T.);
#1281 = VERTEX_POINT('',#1282);
#1282 = CARTESIAN_POINT('',(133.8,-54.46808273176,11.6));
#1283 = LINE('',#1284,#1285);
#1284 = CARTESIAN_POINT('',(133.8,-59.28527082673,11.6));
#1285 = VECTOR('',#1286,1.);
#1286 = DIRECTION('',(0.,1.,0.));
#1287 = ORIENTED_EDGE('',*,*,#1288,.T.);
#1288 = EDGE_CURVE('',#1281,#1289,#1291,.T.);
#1289 = VERTEX_POINT('',#1290);
#1290 = CARTESIAN_POINT('',(133.8,-54.46808273176,6.3));
#1291 = LINE('',#1292,#1293);
#1292 = CARTESIAN_POINT('',(133.8,-54.46808273176,6.3));
#1293 = VECTOR('',#1294,1.);
#1294 = DIRECTION('',(-0.,-0.,-1.));
#1295 = ORIENTED_EDGE('',*,*,#1296,.F.);
#1296 = EDGE_CURVE('',#1297,#1289,#1299,.T.);
#1297 = VERTEX_POINT('',#1298);
#1298 = CARTESIAN_POINT('',(133.8,-55.4,6.3));
#1299 = LINE('',#1300,#1301);
#1300 = CARTESIAN_POINT('',(133.8,-52.43420966695,6.3));
#1301 = VECTOR('',#1302,1.);
#1302 = DIRECTION('',(0.,1.,0.));
#1303 = ORIENTED_EDGE('',*,*,#1304,.F.);
#1304 = EDGE_CURVE('',#1305,#1297,#1307,.T.);
#1305 = VERTEX_POINT('',#1306);
#1306 = CARTESIAN_POINT('',(133.8,-55.4,9.2));
#1307 = LINE('',#1308,#1309);
#1308 = CARTESIAN_POINT('',(133.8,-55.4,5.65));
#1309 = VECTOR('',#1310,1.);
#1310 = DIRECTION('',(0.,0.,-1.));
#1311 = ORIENTED_EDGE('',*,*,#1312,.F.);
#1312 = EDGE_CURVE('',#1313,#1305,#1315,.T.);
#1313 = VERTEX_POINT('',#1314);
#1314 = CARTESIAN_POINT('',(133.8,-63.9,9.2));
#1315 = LINE('',#1316,#1317);
#1316 = CARTESIAN_POINT('',(133.8,-64.83527082673,9.2));
#1317 = VECTOR('',#1318,1.);
#1318 = DIRECTION('',(0.,1.,0.));
#1319 = ORIENTED_EDGE('',*,*,#1320,.T.);
#1320 = EDGE_CURVE('',#1313,#1247,#1321,.T.);
#1321 = LINE('',#1322,#1323);
#1322 = CARTESIAN_POINT('',(133.8,-63.9,5.65));
#1323 = VECTOR('',#1324,1.);
#1324 = DIRECTION('',(0.,0.,-1.));
#1325 = PLANE('',#1326);
#1326 = AXIS2_PLACEMENT_3D('',#1327,#1328,#1329);
#1327 = CARTESIAN_POINT('',(133.8,-65.77054165346,6.2));
#1328 = DIRECTION('',(-1.,0.,0.));
#1329 = DIRECTION('',(0.,1.,0.));
#1330 = ADVANCED_FACE('',(#1331),#1349,.T.);
#1331 = FACE_BOUND('',#1332,.T.);
#1332 = EDGE_LOOP('',(#1333,#1341,#1347,#1348));
#1333 = ORIENTED_EDGE('',*,*,#1334,.F.);
#1334 = EDGE_CURVE('',#1335,#1223,#1337,.T.);
#1335 = VERTEX_POINT('',#1336);
#1336 = CARTESIAN_POINT('',(133.05866630099,-12.29268159553,6.3));
#1337 = LINE('',#1338,#1339);
#1338 = CARTESIAN_POINT('',(132.83219686082,-12.21164953413,6.3));
#1339 = VECTOR('',#1340,1.);
#1340 = DIRECTION('',(-0.941544065183,0.336889853392,0.));
#1341 = ORIENTED_EDGE('',*,*,#1342,.T.);
#1342 = EDGE_CURVE('',#1335,#445,#1343,.T.);
#1343 = LINE('',#1344,#1345);
#1344 = CARTESIAN_POINT('',(133.05866630099,-12.29268159553,6.2));
#1345 = VECTOR('',#1346,1.);
#1346 = DIRECTION('',(0.,0.,1.));
#1347 = ORIENTED_EDGE('',*,*,#452,.T.);
#1348 = ORIENTED_EDGE('',*,*,#1230,.F.);
#1349 = PLANE('',#1350);
#1350 = AXIS2_PLACEMENT_3D('',#1351,#1352,#1353);
#1351 = CARTESIAN_POINT('',(133.05866630099,-12.29268159553,6.2));
#1352 = DIRECTION('',(-0.336889853392,-0.941544065183,0.));
#1353 = DIRECTION('',(-0.941544065183,0.336889853392,0.));
#1354 = ADVANCED_FACE('',(#1355),#1373,.T.);
#1355 = FACE_BOUND('',#1356,.T.);
#1356 = EDGE_LOOP('',(#1357,#1365,#1366,#1367));
#1357 = ORIENTED_EDGE('',*,*,#1358,.F.);
#1358 = EDGE_CURVE('',#1257,#1359,#1361,.T.);
#1359 = VERTEX_POINT('',#1360);
#1360 = CARTESIAN_POINT('',(133.79278144488,-13.28252128159,6.3));
#1361 = LINE('',#1362,#1363);
#1362 = CARTESIAN_POINT('',(134.41593288652,-25.96706027729,6.3));
#1363 = VECTOR('',#1364,1.);
#1364 = DIRECTION('',(-4.906767432747E-02,0.998795456205,0.));
#1365 = ORIENTED_EDGE('',*,*,#1256,.T.);
#1366 = ORIENTED_EDGE('',*,*,#356,.T.);
#1367 = ORIENTED_EDGE('',*,*,#1368,.F.);
#1368 = EDGE_CURVE('',#1359,#357,#1369,.T.);
#1369 = LINE('',#1370,#1371);
#1370 = CARTESIAN_POINT('',(133.79278144488,-13.28252128159,6.2));
#1371 = VECTOR('',#1372,1.);
#1372 = DIRECTION('',(0.,0.,1.));
#1373 = PLANE('',#1374);
#1374 = AXIS2_PLACEMENT_3D('',#1375,#1376,#1377);
#1375 = CARTESIAN_POINT('',(133.8,-13.42945834653,6.2));
#1376 = DIRECTION('',(-0.998795456205,-4.906767432747E-02,0.));
#1377 = DIRECTION('',(-4.906767432747E-02,0.998795456205,0.));
#1378 = ADVANCED_FACE('',(#1379),#1397,.T.);
#1379 = FACE_BOUND('',#1380,.T.);
#1380 = EDGE_LOOP('',(#1381,#1389,#1395,#1396));
#1381 = ORIENTED_EDGE('',*,*,#1382,.F.);
#1382 = EDGE_CURVE('',#1383,#1335,#1385,.T.);
#1383 = VERTEX_POINT('',#1384);
#1384 = CARTESIAN_POINT('',(133.16499388083,-12.3429707955,6.3));
#1385 = LINE('',#1386,#1387);
#1386 = CARTESIAN_POINT('',(134.16435267962,-12.8156323058,6.3));
#1387 = VECTOR('',#1388,1.);
#1388 = DIRECTION('',(-0.903989293123,0.42755509343,0.));
#1389 = ORIENTED_EDGE('',*,*,#1390,.T.);
#1390 = EDGE_CURVE('',#1383,#437,#1391,.T.);
#1391 = LINE('',#1392,#1393);
#1392 = CARTESIAN_POINT('',(133.16499388083,-12.3429707955,6.2));
#1393 = VECTOR('',#1394,1.);
#1394 = DIRECTION('',(0.,0.,1.));
#1395 = ORIENTED_EDGE('',*,*,#444,.T.);
#1396 = ORIENTED_EDGE('',*,*,#1342,.F.);
#1397 = PLANE('',#1398);
#1398 = AXIS2_PLACEMENT_3D('',#1399,#1400,#1401);
#1399 = CARTESIAN_POINT('',(133.16499388083,-12.3429707955,6.2));
#1400 = DIRECTION('',(-0.42755509343,-0.903989293123,0.));
#1401 = DIRECTION('',(-0.903989293123,0.42755509343,0.));
#1402 = ADVANCED_FACE('',(#1403),#1421,.T.);
#1403 = FACE_BOUND('',#1404,.T.);
#1404 = EDGE_LOOP('',(#1405,#1413,#1414,#1415));
#1405 = ORIENTED_EDGE('',*,*,#1406,.F.);
#1406 = EDGE_CURVE('',#1359,#1407,#1409,.T.);
#1407 = VERTEX_POINT('',#1408);
#1408 = CARTESIAN_POINT('',(133.77552294818,-13.16617394746,6.3));
#1409 = LINE('',#1410,#1411);
#1410 = CARTESIAN_POINT('',(135.54958240243,-25.12591132271,6.3));
#1411 = VECTOR('',#1412,1.);
#1412 = DIRECTION('',(-0.146730474455,0.989176509965,0.));
#1413 = ORIENTED_EDGE('',*,*,#1368,.T.);
#1414 = ORIENTED_EDGE('',*,*,#364,.T.);
#1415 = ORIENTED_EDGE('',*,*,#1416,.F.);
#1416 = EDGE_CURVE('',#1407,#365,#1417,.T.);
#1417 = LINE('',#1418,#1419);
#1418 = CARTESIAN_POINT('',(133.77552294818,-13.16617394746,6.2));
#1419 = VECTOR('',#1420,1.);
#1420 = DIRECTION('',(0.,0.,1.));
#1421 = PLANE('',#1422);
#1422 = AXIS2_PLACEMENT_3D('',#1423,#1424,#1425);
#1423 = CARTESIAN_POINT('',(133.79278144488,-13.28252128159,6.2));
#1424 = DIRECTION('',(-0.989176509965,-0.146730474455,0.));
#1425 = DIRECTION('',(-0.146730474455,0.989176509965,0.));
#1426 = ADVANCED_FACE('',(#1427),#1445,.T.);
#1427 = FACE_BOUND('',#1428,.T.);
#1428 = EDGE_LOOP('',(#1429,#1437,#1443,#1444));
#1429 = ORIENTED_EDGE('',*,*,#1430,.F.);
#1430 = EDGE_CURVE('',#1431,#1383,#1433,.T.);
#1431 = VERTEX_POINT('',#1432);
#1432 = CARTESIAN_POINT('',(133.26588026073,-12.40343976453,6.3));
#1433 = LINE('',#1434,#1435);
#1434 = CARTESIAN_POINT('',(135.35925019764,-13.65815741838,6.3));
#1435 = VECTOR('',#1436,1.);
#1436 = DIRECTION('',(-0.85772861,0.514102744193,0.));
#1437 = ORIENTED_EDGE('',*,*,#1438,.T.);
#1438 = EDGE_CURVE('',#1431,#429,#1439,.T.);
#1439 = LINE('',#1440,#1441);
#1440 = CARTESIAN_POINT('',(133.26588026073,-12.40343976453,6.2));
#1441 = VECTOR('',#1442,1.);
#1442 = DIRECTION('',(0.,0.,1.));
#1443 = ORIENTED_EDGE('',*,*,#436,.T.);
#1444 = ORIENTED_EDGE('',*,*,#1390,.F.);
#1445 = PLANE('',#1446);
#1446 = AXIS2_PLACEMENT_3D('',#1447,#1448,#1449);
#1447 = CARTESIAN_POINT('',(133.26588026073,-12.40343976453,6.2));
#1448 = DIRECTION('',(-0.514102744193,-0.85772861,0.));
#1449 = DIRECTION('',(-0.85772861,0.514102744193,0.));
#1450 = ADVANCED_FACE('',(#1451),#1469,.T.);
#1451 = FACE_BOUND('',#1452,.T.);
#1452 = EDGE_LOOP('',(#1453,#1461,#1462,#1463));
#1453 = ORIENTED_EDGE('',*,*,#1454,.F.);
#1454 = EDGE_CURVE('',#1407,#1455,#1457,.T.);
#1455 = VERTEX_POINT('',#1456);
#1456 = CARTESIAN_POINT('',(133.74694352287,-13.05207848605,6.3));
#1457 = LINE('',#1458,#1459);
#1458 = CARTESIAN_POINT('',(136.51218447339,-24.09153917657,6.3));
#1459 = VECTOR('',#1460,1.);
#1460 = DIRECTION('',(-0.242980179903,0.970031253195,0.));
#1461 = ORIENTED_EDGE('',*,*,#1416,.T.);
#1462 = ORIENTED_EDGE('',*,*,#372,.T.);
#1463 = ORIENTED_EDGE('',*,*,#1464,.F.);
#1464 = EDGE_CURVE('',#1455,#373,#1465,.T.);
#1465 = LINE('',#1466,#1467);
#1466 = CARTESIAN_POINT('',(133.74694352287,-13.05207848605,6.2));
#1467 = VECTOR('',#1468,1.);
#1468 = DIRECTION('',(0.,0.,1.));
#1469 = PLANE('',#1470);
#1470 = AXIS2_PLACEMENT_3D('',#1471,#1472,#1473);
#1471 = CARTESIAN_POINT('',(133.77552294818,-13.16617394746,6.2));
#1472 = DIRECTION('',(-0.970031253195,-0.242980179903,0.));
#1473 = DIRECTION('',(-0.242980179903,0.970031253195,0.));
#1474 = ADVANCED_FACE('',(#1475),#1493,.T.);
#1475 = FACE_BOUND('',#1476,.T.);
#1476 = EDGE_LOOP('',(#1477,#1485,#1491,#1492));
#1477 = ORIENTED_EDGE('',*,*,#1478,.F.);
#1478 = EDGE_CURVE('',#1479,#1431,#1481,.T.);
#1479 = VERTEX_POINT('',#1480);
#1480 = CARTESIAN_POINT('',(133.36035384972,-12.47350615341,6.3));
#1481 = LINE('',#1482,#1483);
#1482 = CARTESIAN_POINT('',(136.37391476455,-14.70851525212,6.3));
#1483 = VECTOR('',#1484,1.);
#1484 = DIRECTION('',(-0.803207531481,0.595699304492,0.));
#1485 = ORIENTED_EDGE('',*,*,#1486,.T.);
#1486 = EDGE_CURVE('',#1479,#421,#1487,.T.);
#1487 = LINE('',#1488,#1489);
#1488 = CARTESIAN_POINT('',(133.36035384972,-12.47350615341,6.2));
#1489 = VECTOR('',#1490,1.);
#1490 = DIRECTION('',(0.,0.,1.));
#1491 = ORIENTED_EDGE('',*,*,#428,.T.);
#1492 = ORIENTED_EDGE('',*,*,#1438,.F.);
#1493 = PLANE('',#1494);
#1494 = AXIS2_PLACEMENT_3D('',#1495,#1496,#1497);
#1495 = CARTESIAN_POINT('',(133.36035384972,-12.47350615341,6.2));
#1496 = DIRECTION('',(-0.595699304492,-0.803207531481,0.));
#1497 = DIRECTION('',(-0.803207531481,0.595699304492,0.));
#1498 = ADVANCED_FACE('',(#1499),#1517,.T.);
#1499 = FACE_BOUND('',#1500,.T.);
#1500 = EDGE_LOOP('',(#1501,#1509,#1510,#1511));
#1501 = ORIENTED_EDGE('',*,*,#1502,.F.);
#1502 = EDGE_CURVE('',#1455,#1503,#1505,.T.);
#1503 = VERTEX_POINT('',#1504);
#1504 = CARTESIAN_POINT('',(133.70731840446,-12.941333699,6.3));
#1505 = LINE('',#1506,#1507);
#1506 = CARTESIAN_POINT('',(137.26544471063,-22.8856305456,6.3));
#1507 = VECTOR('',#1508,1.);
#1508 = DIRECTION('',(-0.336889853392,0.941544065183,0.));
#1509 = ORIENTED_EDGE('',*,*,#1464,.T.);
#1510 = ORIENTED_EDGE('',*,*,#380,.T.);
#1511 = ORIENTED_EDGE('',*,*,#1512,.F.);
#1512 = EDGE_CURVE('',#1503,#381,#1513,.T.);
#1513 = LINE('',#1514,#1515);
#1514 = CARTESIAN_POINT('',(133.70731840446,-12.941333699,6.2));
#1515 = VECTOR('',#1516,1.);
#1516 = DIRECTION('',(0.,0.,1.));
#1517 = PLANE('',#1518);
#1518 = AXIS2_PLACEMENT_3D('',#1519,#1520,#1521);
#1519 = CARTESIAN_POINT('',(133.74694352287,-13.05207848605,6.2));
#1520 = DIRECTION('',(-0.941544065183,-0.336889853392,0.));
#1521 = DIRECTION('',(-0.336889853392,0.941544065183,0.));
#1522 = ADVANCED_FACE('',(#1523),#1541,.T.);
#1523 = FACE_BOUND('',#1524,.T.);
#1524 = EDGE_LOOP('',(#1525,#1533,#1539,#1540));
#1525 = ORIENTED_EDGE('',*,*,#1526,.F.);
#1526 = EDGE_CURVE('',#1527,#1479,#1529,.T.);
#1527 = VERTEX_POINT('',#1528);
#1528 = CARTESIAN_POINT('',(133.44750481548,-12.55249518451,6.3));
#1529 = LINE('',#1530,#1531);
#1530 = CARTESIAN_POINT('',(137.1721202951,-15.92828988015,6.3));
#1531 = VECTOR('',#1532,1.);
#1532 = DIRECTION('',(-0.740951125355,0.671558954847,0.));
#1533 = ORIENTED_EDGE('',*,*,#1534,.T.);
#1534 = EDGE_CURVE('',#1527,#413,#1535,.T.);
#1535 = LINE('',#1536,#1537);
#1536 = CARTESIAN_POINT('',(133.44750481548,-12.55249518451,6.2));
#1537 = VECTOR('',#1538,1.);
#1538 = DIRECTION('',(0.,0.,1.));
#1539 = ORIENTED_EDGE('',*,*,#420,.T.);
#1540 = ORIENTED_EDGE('',*,*,#1486,.F.);
#1541 = PLANE('',#1542);
#1542 = AXIS2_PLACEMENT_3D('',#1543,#1544,#1545);
#1543 = CARTESIAN_POINT('',(133.44750481548,-12.55249518451,6.2));
#1544 = DIRECTION('',(-0.671558954847,-0.740951125355,0.));
#1545 = DIRECTION('',(-0.740951125355,0.671558954847,0.));
#1546 = ADVANCED_FACE('',(#1547),#1565,.T.);
#1547 = FACE_BOUND('',#1548,.T.);
#1548 = EDGE_LOOP('',(#1549,#1557,#1558,#1559));
#1549 = ORIENTED_EDGE('',*,*,#1550,.F.);
#1550 = EDGE_CURVE('',#1503,#1551,#1553,.T.);
#1551 = VERTEX_POINT('',#1552);
#1552 = CARTESIAN_POINT('',(133.6570292045,-12.83500611917,6.3));
#1553 = LINE('',#1554,#1555);
#1554 = CARTESIAN_POINT('',(137.77951316392,-21.5512661232,6.3));
#1555 = VECTOR('',#1556,1.);
#1556 = DIRECTION('',(-0.42755509343,0.903989293123,0.));
#1557 = ORIENTED_EDGE('',*,*,#1512,.T.);
#1558 = ORIENTED_EDGE('',*,*,#388,.T.);
#1559 = ORIENTED_EDGE('',*,*,#1560,.F.);
#1560 = EDGE_CURVE('',#1551,#389,#1561,.T.);
#1561 = LINE('',#1562,#1563);
#1562 = CARTESIAN_POINT('',(133.6570292045,-12.83500611917,6.2));
#1563 = VECTOR('',#1564,1.);
#1564 = DIRECTION('',(0.,0.,1.));
#1565 = PLANE('',#1566);
#1566 = AXIS2_PLACEMENT_3D('',#1567,#1568,#1569);
#1567 = CARTESIAN_POINT('',(133.70731840446,-12.941333699,6.2));
#1568 = DIRECTION('',(-0.903989293123,-0.42755509343,0.));
#1569 = DIRECTION('',(-0.42755509343,0.903989293123,0.));
#1570 = ADVANCED_FACE('',(#1571),#1589,.T.);
#1571 = FACE_BOUND('',#1572,.T.);
#1572 = EDGE_LOOP('',(#1573,#1581,#1587,#1588));
#1573 = ORIENTED_EDGE('',*,*,#1574,.F.);
#1574 = EDGE_CURVE('',#1575,#1527,#1577,.T.);
#1575 = VERTEX_POINT('',#1576);
#1576 = CARTESIAN_POINT('',(133.52649384658,-12.63964615027,6.3));
#1577 = LINE('',#1578,#1579);
#1578 = CARTESIAN_POINT('',(137.72575477056,-17.27281660363,6.3));
#1579 = VECTOR('',#1580,1.);
#1580 = DIRECTION('',(-0.671558954847,0.740951125355,0.));
#1581 = ORIENTED_EDGE('',*,*,#1582,.T.);
#1582 = EDGE_CURVE('',#1575,#405,#1583,.T.);
#1583 = LINE('',#1584,#1585);
#1584 = CARTESIAN_POINT('',(133.52649384658,-12.63964615027,6.2));
#1585 = VECTOR('',#1586,1.);
#1586 = DIRECTION('',(0.,0.,1.));
#1587 = ORIENTED_EDGE('',*,*,#412,.T.);
#1588 = ORIENTED_EDGE('',*,*,#1534,.F.);
#1589 = PLANE('',#1590);
#1590 = AXIS2_PLACEMENT_3D('',#1591,#1592,#1593);
#1591 = CARTESIAN_POINT('',(133.52649384658,-12.63964615027,6.2));
#1592 = DIRECTION('',(-0.740951125355,-0.671558954847,0.));
#1593 = DIRECTION('',(-0.671558954847,0.740951125355,0.));
#1594 = ADVANCED_FACE('',(#1595),#1613,.T.);
#1595 = FACE_BOUND('',#1596,.T.);
#1596 = EDGE_LOOP('',(#1597,#1605,#1606,#1607));
#1597 = ORIENTED_EDGE('',*,*,#1598,.F.);
#1598 = EDGE_CURVE('',#1551,#1599,#1601,.T.);
#1599 = VERTEX_POINT('',#1600);
#1600 = CARTESIAN_POINT('',(133.59656023546,-12.73411973926,6.3));
#1601 = LINE('',#1602,#1603);
#1602 = CARTESIAN_POINT('',(138.03341653293,-20.13656726126,6.3));
#1603 = VECTOR('',#1604,1.);
#1604 = DIRECTION('',(-0.514102744193,0.85772861,0.));
#1605 = ORIENTED_EDGE('',*,*,#1560,.T.);
#1606 = ORIENTED_EDGE('',*,*,#396,.T.);
#1607 = ORIENTED_EDGE('',*,*,#1608,.F.);
#1608 = EDGE_CURVE('',#1599,#397,#1609,.T.);
#1609 = LINE('',#1610,#1611);
#1610 = CARTESIAN_POINT('',(133.59656023546,-12.73411973926,6.2));
#1611 = VECTOR('',#1612,1.);
#1612 = DIRECTION('',(0.,0.,1.));
#1613 = PLANE('',#1614);
#1614 = AXIS2_PLACEMENT_3D('',#1615,#1616,#1617);
#1615 = CARTESIAN_POINT('',(133.6570292045,-12.83500611917,6.2));
#1616 = DIRECTION('',(-0.85772861,-0.514102744193,0.));
#1617 = DIRECTION('',(-0.514102744193,0.85772861,0.));
#1618 = ADVANCED_FACE('',(#1619),#1630,.T.);
#1619 = FACE_BOUND('',#1620,.T.);
#1620 = EDGE_LOOP('',(#1621,#1627,#1628,#1629));
#1621 = ORIENTED_EDGE('',*,*,#1622,.F.);
#1622 = EDGE_CURVE('',#1599,#1575,#1623,.T.);
#1623 = LINE('',#1624,#1625);
#1624 = CARTESIAN_POINT('',(138.01587588881,-18.69287710224,6.3));
#1625 = VECTOR('',#1626,1.);
#1626 = DIRECTION('',(-0.595699304492,0.803207531481,0.));
#1627 = ORIENTED_EDGE('',*,*,#1608,.T.);
#1628 = ORIENTED_EDGE('',*,*,#404,.T.);
#1629 = ORIENTED_EDGE('',*,*,#1582,.F.);
#1630 = PLANE('',#1631);
#1631 = AXIS2_PLACEMENT_3D('',#1632,#1633,#1634);
#1632 = CARTESIAN_POINT('',(133.59656023546,-12.73411973926,6.2));
#1633 = DIRECTION('',(-0.803207531481,-0.595699304492,0.));
#1634 = DIRECTION('',(-0.595699304492,0.803207531481,0.));
#1635 = ADVANCED_FACE('',(#1636),#1661,.T.);
#1636 = FACE_BOUND('',#1637,.T.);
#1637 = EDGE_LOOP('',(#1638,#1646,#1647,#1655));
#1638 = ORIENTED_EDGE('',*,*,#1639,.F.);
#1639 = EDGE_CURVE('',#509,#1640,#1642,.T.);
#1640 = VERTEX_POINT('',#1641);
#1641 = CARTESIAN_POINT('',(130.95,-53.,12.725));
#1642 = LINE('',#1643,#1644);
#1643 = CARTESIAN_POINT('',(130.95,-53.,10.9));
#1644 = VECTOR('',#1645,1.);
#1645 = DIRECTION('',(0.,0.,1.));
#1646 = ORIENTED_EDGE('',*,*,#508,.T.);
#1647 = ORIENTED_EDGE('',*,*,#1648,.T.);
#1648 = EDGE_CURVE('',#511,#1649,#1651,.T.);
#1649 = VERTEX_POINT('',#1650);
#1650 = CARTESIAN_POINT('',(115.05,-53.,12.725));
#1651 = LINE('',#1652,#1653);
#1652 = CARTESIAN_POINT('',(115.05,-53.,10.9));
#1653 = VECTOR('',#1654,1.);
#1654 = DIRECTION('',(0.,0.,1.));
#1655 = ORIENTED_EDGE('',*,*,#1656,.T.);
#1656 = EDGE_CURVE('',#1649,#1640,#1657,.T.);
#1657 = LINE('',#1658,#1659);
#1658 = CARTESIAN_POINT('',(115.05,-53.,12.725));
#1659 = VECTOR('',#1660,1.);
#1660 = DIRECTION('',(1.,0.,0.));
#1661 = PLANE('',#1662);
#1662 = AXIS2_PLACEMENT_3D('',#1663,#1664,#1665);
#1663 = CARTESIAN_POINT('',(115.05,-53.,10.9));
#1664 = DIRECTION('',(0.,1.,0.));
#1665 = DIRECTION('',(0.,0.,1.));
#1666 = ADVANCED_FACE('',(#1667),#1692,.F.);
#1667 = FACE_BOUND('',#1668,.F.);
#1668 = EDGE_LOOP('',(#1669,#1677,#1678,#1686));
#1669 = ORIENTED_EDGE('',*,*,#1670,.F.);
#1670 = EDGE_CURVE('',#527,#1671,#1673,.T.);
#1671 = VERTEX_POINT('',#1672);
#1672 = CARTESIAN_POINT('',(130.95,-15.1,12.725));
#1673 = LINE('',#1674,#1675);
#1674 = CARTESIAN_POINT('',(130.95,-15.1,10.9));
#1675 = VECTOR('',#1676,1.);
#1676 = DIRECTION('',(0.,0.,1.));
#1677 = ORIENTED_EDGE('',*,*,#526,.T.);
#1678 = ORIENTED_EDGE('',*,*,#1679,.T.);
#1679 = EDGE_CURVE('',#519,#1680,#1682,.T.);
#1680 = VERTEX_POINT('',#1681);
#1681 = CARTESIAN_POINT('',(115.05,-15.1,12.725));
#1682 = LINE('',#1683,#1684);
#1683 = CARTESIAN_POINT('',(115.05,-15.1,10.9));
#1684 = VECTOR('',#1685,1.);
#1685 = DIRECTION('',(0.,0.,1.));
#1686 = ORIENTED_EDGE('',*,*,#1687,.T.);
#1687 = EDGE_CURVE('',#1680,#1671,#1688,.T.);
#1688 = LINE('',#1689,#1690);
#1689 = CARTESIAN_POINT('',(115.05,-15.1,12.725));
#1690 = VECTOR('',#1691,1.);
#1691 = DIRECTION('',(1.,0.,0.));
#1692 = PLANE('',#1693);
#1693 = AXIS2_PLACEMENT_3D('',#1694,#1695,#1696);
#1694 = CARTESIAN_POINT('',(115.05,-15.1,10.9));
#1695 = DIRECTION('',(0.,1.,0.));
#1696 = DIRECTION('',(0.,0.,1.));
#1697 = ADVANCED_FACE('',(#1698),#1710,.F.);
#1698 = FACE_BOUND('',#1699,.F.);
#1699 = EDGE_LOOP('',(#1700,#1701,#1702,#1703));
#1700 = ORIENTED_EDGE('',*,*,#661,.F.);
#1701 = ORIENTED_EDGE('',*,*,#1068,.T.);
#1702 = ORIENTED_EDGE('',*,*,#1013,.F.);
#1703 = ORIENTED_EDGE('',*,*,#1704,.T.);
#1704 = EDGE_CURVE('',#1014,#654,#1705,.T.);
#1705 = CIRCLE('',#1706,2.15);
#1706 = AXIS2_PLACEMENT_3D('',#1707,#1708,#1709);
#1707 = CARTESIAN_POINT('',(114.5,-65.5,6.75));
#1708 = DIRECTION('',(0.,0.,1.));
#1709 = DIRECTION('',(1.,0.,0.));
#1710 = PLANE('',#1711);
#1711 = AXIS2_PLACEMENT_3D('',#1712,#1713,#1714);
#1712 = CARTESIAN_POINT('',(114.5,-65.5,6.75));
#1713 = DIRECTION('',(0.,0.,1.));
#1714 = DIRECTION('',(1.,0.,0.));
#1715 = ADVANCED_FACE('',(#1716),#1728,.F.);
#1716 = FACE_BOUND('',#1717,.T.);
#1717 = EDGE_LOOP('',(#1718,#1719,#1720,#1727));
#1718 = ORIENTED_EDGE('',*,*,#1704,.T.);
#1719 = ORIENTED_EDGE('',*,*,#653,.T.);
#1720 = ORIENTED_EDGE('',*,*,#1721,.T.);
#1721 = EDGE_CURVE('',#646,#1022,#1722,.T.);
#1722 = CIRCLE('',#1723,2.15);
#1723 = AXIS2_PLACEMENT_3D('',#1724,#1725,#1726);
#1724 = CARTESIAN_POINT('',(114.5,-65.5,6.3));
#1725 = DIRECTION('',(0.,0.,-1.));
#1726 = DIRECTION('',(1.,0.,0.));
#1727 = ORIENTED_EDGE('',*,*,#1021,.F.);
#1728 = CYLINDRICAL_SURFACE('',#1729,2.15);
#1729 = AXIS2_PLACEMENT_3D('',#1730,#1731,#1732);
#1730 = CARTESIAN_POINT('',(114.5,-65.5,5.3));
#1731 = DIRECTION('',(-0.,-0.,-1.));
#1732 = DIRECTION('',(1.,0.,0.));
#1733 = ADVANCED_FACE('',(#1734,#1763),#1774,.T.);
#1734 = FACE_BOUND('',#1735,.T.);
#1735 = EDGE_LOOP('',(#1736,#1745,#1746,#1753,#1754,#1755,#1756));
#1736 = ORIENTED_EDGE('',*,*,#1737,.F.);
#1737 = EDGE_CURVE('',#614,#1738,#1740,.T.);
#1738 = VERTEX_POINT('',#1739);
#1739 = CARTESIAN_POINT('',(124.65,-64.7,6.3));
#1740 = CIRCLE('',#1741,1.85);
#1741 = AXIS2_PLACEMENT_3D('',#1742,#1743,#1744);
#1742 = CARTESIAN_POINT('',(122.8,-64.7,6.3));
#1743 = DIRECTION('',(0.,0.,1.));
#1744 = DIRECTION('',(1.,0.,0.));
#1745 = ORIENTED_EDGE('',*,*,#613,.T.);
#1746 = ORIENTED_EDGE('',*,*,#1747,.F.);
#1747 = EDGE_CURVE('',#1030,#606,#1748,.T.);
#1748 = CIRCLE('',#1749,2.15);
#1749 = AXIS2_PLACEMENT_3D('',#1750,#1751,#1752);
#1750 = CARTESIAN_POINT('',(130.6,-66.5,6.3));
#1751 = DIRECTION('',(0.,0.,-1.));
#1752 = DIRECTION('',(1.,0.,0.));
#1753 = ORIENTED_EDGE('',*,*,#1029,.T.);
#1754 = ORIENTED_EDGE('',*,*,#1721,.F.);
#1755 = ORIENTED_EDGE('',*,*,#645,.T.);
#1756 = ORIENTED_EDGE('',*,*,#1757,.F.);
#1757 = EDGE_CURVE('',#1738,#638,#1758,.T.);
#1758 = CIRCLE('',#1759,1.85);
#1759 = AXIS2_PLACEMENT_3D('',#1760,#1761,#1762);
#1760 = CARTESIAN_POINT('',(122.8,-64.7,6.3));
#1761 = DIRECTION('',(0.,0.,1.));
#1762 = DIRECTION('',(1.,0.,0.));
#1763 = FACE_BOUND('',#1764,.T.);
#1764 = EDGE_LOOP('',(#1765));
#1765 = ORIENTED_EDGE('',*,*,#1766,.F.);
#1766 = EDGE_CURVE('',#1767,#1767,#1769,.T.);
#1767 = VERTEX_POINT('',#1768);
#1768 = CARTESIAN_POINT('',(124.4,-64.7,6.3));
#1769 = CIRCLE('',#1770,1.6);
#1770 = AXIS2_PLACEMENT_3D('',#1771,#1772,#1773);
#1771 = CARTESIAN_POINT('',(122.8,-64.7,6.3));
#1772 = DIRECTION('',(0.,0.,-1.));
#1773 = DIRECTION('',(1.,0.,0.));
#1774 = PLANE('',#1775);
#1775 = AXIS2_PLACEMENT_3D('',#1776,#1777,#1778);
#1776 = CARTESIAN_POINT('',(115.73647631947,-46.10224167393,6.3));
#1777 = DIRECTION('',(-0.,-0.,-1.));
#1778 = DIRECTION('',(-1.,0.,0.));
#1779 = ADVANCED_FACE('',(#1780),#1802,.T.);
#1780 = FACE_BOUND('',#1781,.F.);
#1781 = EDGE_LOOP('',(#1782,#1783,#1792,#1799,#1800,#1801));
#1782 = ORIENTED_EDGE('',*,*,#621,.F.);
#1783 = ORIENTED_EDGE('',*,*,#1784,.T.);
#1784 = EDGE_CURVE('',#622,#1785,#1787,.T.);
#1785 = VERTEX_POINT('',#1786);
#1786 = CARTESIAN_POINT('',(124.65,-64.7,11.6));
#1787 = CIRCLE('',#1788,1.85);
#1788 = AXIS2_PLACEMENT_3D('',#1789,#1790,#1791);
#1789 = CARTESIAN_POINT('',(122.8,-64.7,11.6));
#1790 = DIRECTION('',(0.,0.,1.));
#1791 = DIRECTION('',(1.,0.,0.));
#1792 = ORIENTED_EDGE('',*,*,#1793,.T.);
#1793 = EDGE_CURVE('',#1785,#630,#1794,.T.);
#1794 = CIRCLE('',#1795,1.85);
#1795 = AXIS2_PLACEMENT_3D('',#1796,#1797,#1798);
#1796 = CARTESIAN_POINT('',(122.8,-64.7,11.6));
#1797 = DIRECTION('',(0.,0.,1.));
#1798 = DIRECTION('',(1.,0.,0.));
#1799 = ORIENTED_EDGE('',*,*,#637,.T.);
#1800 = ORIENTED_EDGE('',*,*,#1757,.F.);
#1801 = ORIENTED_EDGE('',*,*,#1737,.F.);
#1802 = CYLINDRICAL_SURFACE('',#1803,1.85);
#1803 = AXIS2_PLACEMENT_3D('',#1804,#1805,#1806);
#1804 = CARTESIAN_POINT('',(122.8,-64.7,6.3));
#1805 = DIRECTION('',(-0.,-0.,-1.));
#1806 = DIRECTION('',(1.,0.,0.));
#1807 = ADVANCED_FACE('',(#1808),#1813,.T.);
#1808 = FACE_BOUND('',#1809,.T.);
#1809 = EDGE_LOOP('',(#1810,#1811,#1812));
#1810 = ORIENTED_EDGE('',*,*,#1784,.T.);
#1811 = ORIENTED_EDGE('',*,*,#1793,.T.);
#1812 = ORIENTED_EDGE('',*,*,#629,.T.);
#1813 = PLANE('',#1814);
#1814 = AXIS2_PLACEMENT_3D('',#1815,#1816,#1817);
#1815 = CARTESIAN_POINT('',(122.8,-64.7,11.6));
#1816 = DIRECTION('',(0.,0.,1.));
#1817 = DIRECTION('',(1.,0.,0.));
#1818 = ADVANCED_FACE('',(#1819),#1831,.F.);
#1819 = FACE_BOUND('',#1820,.T.);
#1820 = EDGE_LOOP('',(#1821,#1822,#1829,#1830));
#1821 = ORIENTED_EDGE('',*,*,#605,.F.);
#1822 = ORIENTED_EDGE('',*,*,#1823,.T.);
#1823 = EDGE_CURVE('',#598,#1038,#1824,.T.);
#1824 = CIRCLE('',#1825,2.15);
#1825 = AXIS2_PLACEMENT_3D('',#1826,#1827,#1828);
#1826 = CARTESIAN_POINT('',(130.6,-66.5,6.75));
#1827 = DIRECTION('',(0.,0.,1.));
#1828 = DIRECTION('',(1.,0.,0.));
#1829 = ORIENTED_EDGE('',*,*,#1037,.T.);
#1830 = ORIENTED_EDGE('',*,*,#1747,.T.);
#1831 = CYLINDRICAL_SURFACE('',#1832,2.15);
#1832 = AXIS2_PLACEMENT_3D('',#1833,#1834,#1835);
#1833 = CARTESIAN_POINT('',(130.6,-66.5,5.3));
#1834 = DIRECTION('',(-0.,-0.,-1.));
#1835 = DIRECTION('',(1.,0.,0.));
#1836 = ADVANCED_FACE('',(#1837),#1858,.F.);
#1837 = FACE_BOUND('',#1838,.F.);
#1838 = EDGE_LOOP('',(#1839,#1848,#1855,#1856,#1857));
#1839 = ORIENTED_EDGE('',*,*,#1840,.T.);
#1840 = EDGE_CURVE('',#1046,#1841,#1843,.T.);
#1841 = VERTEX_POINT('',#1842);
#1842 = CARTESIAN_POINT('',(132.75,-66.5,6.75));
#1843 = CIRCLE('',#1844,2.15);
#1844 = AXIS2_PLACEMENT_3D('',#1845,#1846,#1847);
#1845 = CARTESIAN_POINT('',(130.6,-66.5,6.75));
#1846 = DIRECTION('',(0.,0.,1.));
#1847 = DIRECTION('',(1.,0.,0.));
#1848 = ORIENTED_EDGE('',*,*,#1849,.T.);
#1849 = EDGE_CURVE('',#1841,#590,#1850,.T.);
#1850 = CIRCLE('',#1851,2.15);
#1851 = AXIS2_PLACEMENT_3D('',#1852,#1853,#1854);
#1852 = CARTESIAN_POINT('',(130.6,-66.5,6.75));
#1853 = DIRECTION('',(0.,0.,1.));
#1854 = DIRECTION('',(1.,0.,0.));
#1855 = ORIENTED_EDGE('',*,*,#597,.F.);
#1856 = ORIENTED_EDGE('',*,*,#1823,.T.);
#1857 = ORIENTED_EDGE('',*,*,#1045,.F.);
#1858 = PLANE('',#1859);
#1859 = AXIS2_PLACEMENT_3D('',#1860,#1861,#1862);
#1860 = CARTESIAN_POINT('',(130.6,-66.5,6.75));
#1861 = DIRECTION('',(0.,0.,1.));
#1862 = DIRECTION('',(1.,0.,0.));
#1863 = ADVANCED_FACE('',(#1864),#1886,.F.);
#1864 = FACE_BOUND('',#1865,.T.);
#1865 = EDGE_LOOP('',(#1866,#1875,#1876,#1877,#1878,#1879));
#1866 = ORIENTED_EDGE('',*,*,#1867,.T.);
#1867 = EDGE_CURVE('',#1868,#982,#1870,.T.);
#1868 = VERTEX_POINT('',#1869);
#1869 = CARTESIAN_POINT('',(132.75,-66.5,6.3));
#1870 = CIRCLE('',#1871,2.15);
#1871 = AXIS2_PLACEMENT_3D('',#1872,#1873,#1874);
#1872 = CARTESIAN_POINT('',(130.6,-66.5,6.3));
#1873 = DIRECTION('',(0.,0.,-1.));
#1874 = DIRECTION('',(1.,0.,0.));
#1875 = ORIENTED_EDGE('',*,*,#1053,.F.);
#1876 = ORIENTED_EDGE('',*,*,#1840,.T.);
#1877 = ORIENTED_EDGE('',*,*,#1849,.T.);
#1878 = ORIENTED_EDGE('',*,*,#589,.T.);
#1879 = ORIENTED_EDGE('',*,*,#1880,.T.);
#1880 = EDGE_CURVE('',#582,#1868,#1881,.T.);
#1881 = CIRCLE('',#1882,2.15);
#1882 = AXIS2_PLACEMENT_3D('',#1883,#1884,#1885);
#1883 = CARTESIAN_POINT('',(130.6,-66.5,6.3));
#1884 = DIRECTION('',(0.,0.,-1.));
#1885 = DIRECTION('',(1.,0.,0.));
#1886 = CYLINDRICAL_SURFACE('',#1887,2.15);
#1887 = AXIS2_PLACEMENT_3D('',#1888,#1889,#1890);
#1888 = CARTESIAN_POINT('',(130.6,-66.5,5.3));
#1889 = DIRECTION('',(-0.,-0.,-1.));
#1890 = DIRECTION('',(1.,0.,0.));
#1891 = ADVANCED_FACE('',(#1892),#1924,.T.);
#1892 = FACE_BOUND('',#1893,.T.);
#1893 = EDGE_LOOP('',(#1894,#1895,#1896,#1897,#1898,#1899,#1907,#1915,
    #1922,#1923));
#1894 = ORIENTED_EDGE('',*,*,#1880,.F.);
#1895 = ORIENTED_EDGE('',*,*,#581,.T.);
#1896 = ORIENTED_EDGE('',*,*,#1150,.T.);
#1897 = ORIENTED_EDGE('',*,*,#1198,.T.);
#1898 = ORIENTED_EDGE('',*,*,#1246,.T.);
#1899 = ORIENTED_EDGE('',*,*,#1900,.T.);
#1900 = EDGE_CURVE('',#1247,#1901,#1903,.T.);
#1901 = VERTEX_POINT('',#1902);
#1902 = CARTESIAN_POINT('',(135.,-63.9,6.3));
#1903 = LINE('',#1904,#1905);
#1904 = CARTESIAN_POINT('',(125.62834371508,-63.9,6.3));
#1905 = VECTOR('',#1906,1.);
#1906 = DIRECTION('',(1.,0.,0.));
#1907 = ORIENTED_EDGE('',*,*,#1908,.T.);
#1908 = EDGE_CURVE('',#1901,#1909,#1911,.T.);
#1909 = VERTEX_POINT('',#1910);
#1910 = CARTESIAN_POINT('',(135.,-65.8,6.3));
#1911 = LINE('',#1912,#1913);
#1912 = CARTESIAN_POINT('',(135.,-13.4,6.3));
#1913 = VECTOR('',#1914,1.);
#1914 = DIRECTION('',(0.,-1.,0.));
#1915 = ORIENTED_EDGE('',*,*,#1916,.T.);
#1916 = EDGE_CURVE('',#1909,#980,#1917,.T.);
#1917 = CIRCLE('',#1918,1.2);
#1918 = AXIS2_PLACEMENT_3D('',#1919,#1920,#1921);
#1919 = CARTESIAN_POINT('',(133.8,-65.8,6.3));
#1920 = DIRECTION('',(0.,0.,-1.));
#1921 = DIRECTION('',(1.,0.,0.));
#1922 = ORIENTED_EDGE('',*,*,#979,.T.);
#1923 = ORIENTED_EDGE('',*,*,#1867,.F.);
#1924 = PLANE('',#1925);
#1925 = AXIS2_PLACEMENT_3D('',#1926,#1927,#1928);
#1926 = CARTESIAN_POINT('',(115.73647631947,-46.10224167393,6.3));
#1927 = DIRECTION('',(-0.,-0.,-1.));
#1928 = DIRECTION('',(-1.,0.,0.));
#1929 = ADVANCED_FACE('',(#1930),#1942,.F.);
#1930 = FACE_BOUND('',#1931,.F.);
#1931 = EDGE_LOOP('',(#1932,#1933,#1934,#1935,#1941));
#1932 = ORIENTED_EDGE('',*,*,#745,.F.);
#1933 = ORIENTED_EDGE('',*,*,#712,.F.);
#1934 = ORIENTED_EDGE('',*,*,#1128,.F.);
#1935 = ORIENTED_EDGE('',*,*,#1936,.T.);
#1936 = EDGE_CURVE('',#1129,#772,#1937,.T.);
#1937 = LINE('',#1938,#1939);
#1938 = CARTESIAN_POINT('',(132.6,-48.1,12.1));
#1939 = VECTOR('',#1940,1.);
#1940 = DIRECTION('',(0.,1.,0.));
#1941 = ORIENTED_EDGE('',*,*,#811,.F.);
#1942 = PLANE('',#1943);
#1943 = AXIS2_PLACEMENT_3D('',#1944,#1945,#1946);
#1944 = CARTESIAN_POINT('',(113.,-48.1,12.1));
#1945 = DIRECTION('',(0.,0.,1.));
#1946 = DIRECTION('',(1.,0.,0.));
#1947 = ADVANCED_FACE('',(#1948),#1959,.F.);
#1948 = FACE_BOUND('',#1949,.F.);
#1949 = EDGE_LOOP('',(#1950,#1951,#1952,#1958));
#1950 = ORIENTED_EDGE('',*,*,#1936,.F.);
#1951 = ORIENTED_EDGE('',*,*,#1136,.F.);
#1952 = ORIENTED_EDGE('',*,*,#1953,.F.);
#1953 = EDGE_CURVE('',#770,#1113,#1954,.T.);
#1954 = LINE('',#1955,#1956);
#1955 = CARTESIAN_POINT('',(132.6,-43.59893884022,6.3));
#1956 = VECTOR('',#1957,1.);
#1957 = DIRECTION('',(0.,-1.,0.));
#1958 = ORIENTED_EDGE('',*,*,#769,.T.);
#1959 = PLANE('',#1960);
#1960 = AXIS2_PLACEMENT_3D('',#1961,#1962,#1963);
#1961 = CARTESIAN_POINT('',(132.6,-48.1,5.6));
#1962 = DIRECTION('',(1.,0.,0.));
#1963 = DIRECTION('',(0.,0.,1.));
#1964 = ADVANCED_FACE('',(#1965),#1976,.F.);
#1965 = FACE_BOUND('',#1966,.F.);
#1966 = EDGE_LOOP('',(#1967,#1968,#1969,#1975));
#1967 = ORIENTED_EDGE('',*,*,#825,.F.);
#1968 = ORIENTED_EDGE('',*,*,#795,.F.);
#1969 = ORIENTED_EDGE('',*,*,#1970,.T.);
#1970 = EDGE_CURVE('',#788,#883,#1971,.T.);
#1971 = LINE('',#1972,#1973);
#1972 = CARTESIAN_POINT('',(129.3,-20.,11.8));
#1973 = VECTOR('',#1974,1.);
#1974 = DIRECTION('',(0.,1.,0.));
#1975 = ORIENTED_EDGE('',*,*,#890,.F.);
#1976 = PLANE('',#1977);
#1977 = AXIS2_PLACEMENT_3D('',#1978,#1979,#1980);
#1978 = CARTESIAN_POINT('',(116.3,-20.,11.8));
#1979 = DIRECTION('',(0.,0.,1.));
#1980 = DIRECTION('',(1.,0.,0.));
#1981 = ADVANCED_FACE('',(#1982),#1993,.F.);
#1982 = FACE_BOUND('',#1983,.F.);
#1983 = EDGE_LOOP('',(#1984,#1985,#1986,#1992));
#1984 = ORIENTED_EDGE('',*,*,#1970,.F.);
#1985 = ORIENTED_EDGE('',*,*,#787,.F.);
#1986 = ORIENTED_EDGE('',*,*,#1987,.F.);
#1987 = EDGE_CURVE('',#875,#780,#1988,.T.);
#1988 = LINE('',#1989,#1990);
#1989 = CARTESIAN_POINT('',(129.3,-29.54893884022,6.3));
#1990 = VECTOR('',#1991,1.);
#1991 = DIRECTION('',(0.,-1.,0.));
#1992 = ORIENTED_EDGE('',*,*,#882,.F.);
#1993 = PLANE('',#1994);
#1994 = AXIS2_PLACEMENT_3D('',#1995,#1996,#1997);
#1995 = CARTESIAN_POINT('',(129.3,-20.,6.2));
#1996 = DIRECTION('',(1.,0.,0.));
#1997 = DIRECTION('',(0.,0.,1.));
#1998 = ADVANCED_FACE('',(#1999,#2053),#2064,.T.);
#1999 = FACE_BOUND('',#2000,.T.);
#2000 = EDGE_LOOP('',(#2001,#2010,#2018,#2024,#2025,#2032,#2033,#2034,
    #2035,#2036,#2037,#2038,#2039,#2040,#2041,#2042,#2043,#2044,#2045,
    #2046,#2047,#2048,#2049,#2050,#2051,#2052));
#2001 = ORIENTED_EDGE('',*,*,#2002,.T.);
#2002 = EDGE_CURVE('',#867,#2003,#2005,.T.);
#2003 = VERTEX_POINT('',#2004);
#2004 = CARTESIAN_POINT('',(135.,-13.4,6.3));
#2005 = CIRCLE('',#2006,2.4);
#2006 = AXIS2_PLACEMENT_3D('',#2007,#2008,#2009);
#2007 = CARTESIAN_POINT('',(132.6,-13.4,6.3));
#2008 = DIRECTION('',(0.,0.,-1.));
#2009 = DIRECTION('',(0.,1.,0.));
#2010 = ORIENTED_EDGE('',*,*,#2011,.T.);
#2011 = EDGE_CURVE('',#2003,#2012,#2014,.T.);
#2012 = VERTEX_POINT('',#2013);
#2013 = CARTESIAN_POINT('',(135.,-55.4,6.3));
#2014 = LINE('',#2015,#2016);
#2015 = CARTESIAN_POINT('',(135.,-13.4,6.3));
#2016 = VECTOR('',#2017,1.);
#2017 = DIRECTION('',(0.,-1.,0.));
#2018 = ORIENTED_EDGE('',*,*,#2019,.F.);
#2019 = EDGE_CURVE('',#1297,#2012,#2020,.T.);
#2020 = LINE('',#2021,#2022);
#2021 = CARTESIAN_POINT('',(125.62834371508,-55.4,6.3));
#2022 = VECTOR('',#2023,1.);
#2023 = DIRECTION('',(1.,0.,0.));
#2024 = ORIENTED_EDGE('',*,*,#1296,.T.);
#2025 = ORIENTED_EDGE('',*,*,#2026,.F.);
#2026 = EDGE_CURVE('',#1265,#1289,#2027,.T.);
#2027 = CIRCLE('',#2028,1.85);
#2028 = AXIS2_PLACEMENT_3D('',#2029,#2030,#2031);
#2029 = CARTESIAN_POINT('',(133.,-52.8,6.3));
#2030 = DIRECTION('',(0.,0.,1.));
#2031 = DIRECTION('',(1.,0.,0.));
#2032 = ORIENTED_EDGE('',*,*,#1264,.T.);
#2033 = ORIENTED_EDGE('',*,*,#1358,.T.);
#2034 = ORIENTED_EDGE('',*,*,#1406,.T.);
#2035 = ORIENTED_EDGE('',*,*,#1454,.T.);
#2036 = ORIENTED_EDGE('',*,*,#1502,.T.);
#2037 = ORIENTED_EDGE('',*,*,#1550,.T.);
#2038 = ORIENTED_EDGE('',*,*,#1598,.T.);
#2039 = ORIENTED_EDGE('',*,*,#1622,.T.);
#2040 = ORIENTED_EDGE('',*,*,#1574,.T.);
#2041 = ORIENTED_EDGE('',*,*,#1526,.T.);
#2042 = ORIENTED_EDGE('',*,*,#1478,.T.);
#2043 = ORIENTED_EDGE('',*,*,#1430,.T.);
#2044 = ORIENTED_EDGE('',*,*,#1382,.T.);
#2045 = ORIENTED_EDGE('',*,*,#1334,.T.);
#2046 = ORIENTED_EDGE('',*,*,#1222,.T.);
#2047 = ORIENTED_EDGE('',*,*,#1174,.T.);
#2048 = ORIENTED_EDGE('',*,*,#1110,.T.);
#2049 = ORIENTED_EDGE('',*,*,#1953,.F.);
#2050 = ORIENTED_EDGE('',*,*,#779,.F.);
#2051 = ORIENTED_EDGE('',*,*,#1987,.F.);
#2052 = ORIENTED_EDGE('',*,*,#874,.T.);
#2053 = FACE_BOUND('',#2054,.T.);
#2054 = EDGE_LOOP('',(#2055));
#2055 = ORIENTED_EDGE('',*,*,#2056,.F.);
#2056 = EDGE_CURVE('',#2057,#2057,#2059,.T.);
#2057 = VERTEX_POINT('',#2058);
#2058 = CARTESIAN_POINT('',(134.6,-52.8,6.3));
#2059 = CIRCLE('',#2060,1.6);
#2060 = AXIS2_PLACEMENT_3D('',#2061,#2062,#2063);
#2061 = CARTESIAN_POINT('',(133.,-52.8,6.3));
#2062 = DIRECTION('',(0.,0.,-1.));
#2063 = DIRECTION('',(1.,0.,0.));
#2064 = PLANE('',#2065);
#2065 = AXIS2_PLACEMENT_3D('',#2066,#2067,#2068);
#2066 = CARTESIAN_POINT('',(133.99038742451,-32.3036335587,6.3));
#2067 = DIRECTION('',(-0.,-0.,-1.));
#2068 = DIRECTION('',(-1.,0.,0.));
#2069 = ADVANCED_FACE('',(#2070),#2089,.T.);
#2070 = FACE_BOUND('',#2071,.T.);
#2071 = EDGE_LOOP('',(#2072,#2073,#2082,#2088));
#2072 = ORIENTED_EDGE('',*,*,#866,.T.);
#2073 = ORIENTED_EDGE('',*,*,#2074,.T.);
#2074 = EDGE_CURVE('',#859,#2075,#2077,.T.);
#2075 = VERTEX_POINT('',#2076);
#2076 = CARTESIAN_POINT('',(135.,-13.4,13.59));
#2077 = CIRCLE('',#2078,2.4);
#2078 = AXIS2_PLACEMENT_3D('',#2079,#2080,#2081);
#2079 = CARTESIAN_POINT('',(132.6,-13.4,13.59));
#2080 = DIRECTION('',(0.,0.,-1.));
#2081 = DIRECTION('',(0.,1.,0.));
#2082 = ORIENTED_EDGE('',*,*,#2083,.F.);
#2083 = EDGE_CURVE('',#2003,#2075,#2084,.T.);
#2084 = LINE('',#2085,#2086);
#2085 = CARTESIAN_POINT('',(135.,-13.4,6.3));
#2086 = VECTOR('',#2087,1.);
#2087 = DIRECTION('',(0.,0.,1.));
#2088 = ORIENTED_EDGE('',*,*,#2002,.F.);
#2089 = CYLINDRICAL_SURFACE('',#2090,2.4);
#2090 = AXIS2_PLACEMENT_3D('',#2091,#2092,#2093);
#2091 = CARTESIAN_POINT('',(132.6,-13.4,6.3));
#2092 = DIRECTION('',(0.,0.,-1.));
#2093 = DIRECTION('',(0.,1.,0.));
#2094 = ADVANCED_FACE('',(#2095,#2118,#2188,#2258,#2328,#2382,#2452,
    #2522,#2592,#2646,#2716,#2786,#2856,#2910,#2980),#3034,.F.);
#2095 = FACE_BOUND('',#2096,.F.);
#2096 = EDGE_LOOP('',(#2097,#2098,#2099,#2107,#2114,#2115,#2116,#2117));
#2097 = ORIENTED_EDGE('',*,*,#858,.T.);
#2098 = ORIENTED_EDGE('',*,*,#2074,.T.);
#2099 = ORIENTED_EDGE('',*,*,#2100,.T.);
#2100 = EDGE_CURVE('',#2075,#2101,#2103,.T.);
#2101 = VERTEX_POINT('',#2102);
#2102 = CARTESIAN_POINT('',(135.,-65.8,13.59));
#2103 = LINE('',#2104,#2105);
#2104 = CARTESIAN_POINT('',(135.,-13.4,13.59));
#2105 = VECTOR('',#2106,1.);
#2106 = DIRECTION('',(0.,-1.,0.));
#2107 = ORIENTED_EDGE('',*,*,#2108,.T.);
#2108 = EDGE_CURVE('',#2101,#990,#2109,.T.);
#2109 = CIRCLE('',#2110,1.2);
#2110 = AXIS2_PLACEMENT_3D('',#2111,#2112,#2113);
#2111 = CARTESIAN_POINT('',(133.8,-65.8,13.59));
#2112 = DIRECTION('',(0.,0.,-1.));
#2113 = DIRECTION('',(1.,0.,0.));
#2114 = ORIENTED_EDGE('',*,*,#997,.T.);
#2115 = ORIENTED_EDGE('',*,*,#962,.T.);
#2116 = ORIENTED_EDGE('',*,*,#938,.T.);
#2117 = ORIENTED_EDGE('',*,*,#913,.T.);
#2118 = FACE_BOUND('',#2119,.F.);
#2119 = EDGE_LOOP('',(#2120,#2130,#2139,#2147,#2156,#2164,#2173,#2181));
#2120 = ORIENTED_EDGE('',*,*,#2121,.F.);
#2121 = EDGE_CURVE('',#2122,#2124,#2126,.T.);
#2122 = VERTEX_POINT('',#2123);
#2123 = CARTESIAN_POINT('',(127.8,-62.9,13.59));
#2124 = VERTEX_POINT('',#2125);
#2125 = CARTESIAN_POINT('',(130.6,-62.9,13.59));
#2126 = LINE('',#2127,#2128);
#2127 = CARTESIAN_POINT('',(63.9,-62.9,13.59));
#2128 = VECTOR('',#2129,1.);
#2129 = DIRECTION('',(1.,0.,0.));
#2130 = ORIENTED_EDGE('',*,*,#2131,.F.);
#2131 = EDGE_CURVE('',#2132,#2122,#2134,.T.);
#2132 = VERTEX_POINT('',#2133);
#2133 = CARTESIAN_POINT('',(127.,-63.7,13.59));
#2134 = CIRCLE('',#2135,0.8);
#2135 = AXIS2_PLACEMENT_3D('',#2136,#2137,#2138);
#2136 = CARTESIAN_POINT('',(127.8,-63.7,13.59));
#2137 = DIRECTION('',(0.,0.,-1.));
#2138 = DIRECTION('',(-1.,0.,0.));
#2139 = ORIENTED_EDGE('',*,*,#2140,.F.);
#2140 = EDGE_CURVE('',#2141,#2132,#2143,.T.);
#2141 = VERTEX_POINT('',#2142);
#2142 = CARTESIAN_POINT('',(127.,-64.2,13.59));
#2143 = LINE('',#2144,#2145);
#2144 = CARTESIAN_POINT('',(127.,-92.1,13.59));
#2145 = VECTOR('',#2146,1.);
#2146 = DIRECTION('',(0.,1.,0.));
#2147 = ORIENTED_EDGE('',*,*,#2148,.F.);
#2148 = EDGE_CURVE('',#2149,#2141,#2151,.T.);
#2149 = VERTEX_POINT('',#2150);
#2150 = CARTESIAN_POINT('',(127.8,-65.,13.59));
#2151 = CIRCLE('',#2152,0.8);
#2152 = AXIS2_PLACEMENT_3D('',#2153,#2154,#2155);
#2153 = CARTESIAN_POINT('',(127.8,-64.2,13.59));
#2154 = DIRECTION('',(0.,0.,-1.));
#2155 = DIRECTION('',(3.553E-14,-1.,0.));
#2156 = ORIENTED_EDGE('',*,*,#2157,.F.);
#2157 = EDGE_CURVE('',#2158,#2149,#2160,.T.);
#2158 = VERTEX_POINT('',#2159);
#2159 = CARTESIAN_POINT('',(130.6,-65.,13.59));
#2160 = LINE('',#2161,#2162);
#2161 = CARTESIAN_POINT('',(65.3,-65.,13.59));
#2162 = VECTOR('',#2163,1.);
#2163 = DIRECTION('',(-1.,0.,0.));
#2164 = ORIENTED_EDGE('',*,*,#2165,.F.);
#2165 = EDGE_CURVE('',#2166,#2158,#2168,.T.);
#2166 = VERTEX_POINT('',#2167);
#2167 = CARTESIAN_POINT('',(131.4,-64.2,13.59));
#2168 = CIRCLE('',#2169,0.8);
#2169 = AXIS2_PLACEMENT_3D('',#2170,#2171,#2172);
#2170 = CARTESIAN_POINT('',(130.6,-64.2,13.59));
#2171 = DIRECTION('',(0.,0.,-1.));
#2172 = DIRECTION('',(1.,-3.553E-14,0.));
#2173 = ORIENTED_EDGE('',*,*,#2174,.F.);
#2174 = EDGE_CURVE('',#2175,#2166,#2177,.T.);
#2175 = VERTEX_POINT('',#2176);
#2176 = CARTESIAN_POINT('',(131.4,-63.7,13.59));
#2177 = LINE('',#2178,#2179);
#2178 = CARTESIAN_POINT('',(131.4,-91.85,13.59));
#2179 = VECTOR('',#2180,1.);
#2180 = DIRECTION('',(0.,-1.,0.));
#2181 = ORIENTED_EDGE('',*,*,#2182,.F.);
#2182 = EDGE_CURVE('',#2124,#2175,#2183,.T.);
#2183 = CIRCLE('',#2184,0.8);
#2184 = AXIS2_PLACEMENT_3D('',#2185,#2186,#2187);
#2185 = CARTESIAN_POINT('',(130.6,-63.7,13.59));
#2186 = DIRECTION('',(0.,0.,-1.));
#2187 = DIRECTION('',(3.553E-14,1.,0.));
#2188 = FACE_BOUND('',#2189,.F.);
#2189 = EDGE_LOOP('',(#2190,#2200,#2209,#2217,#2226,#2234,#2243,#2251));
#2190 = ORIENTED_EDGE('',*,*,#2191,.F.);
#2191 = EDGE_CURVE('',#2192,#2194,#2196,.T.);
#2192 = VERTEX_POINT('',#2193);
#2193 = CARTESIAN_POINT('',(127.8,-59.8,13.59));
#2194 = VERTEX_POINT('',#2195);
#2195 = CARTESIAN_POINT('',(130.6,-59.8,13.59));
#2196 = LINE('',#2197,#2198);
#2197 = CARTESIAN_POINT('',(63.9,-59.8,13.59));
#2198 = VECTOR('',#2199,1.);
#2199 = DIRECTION('',(1.,0.,0.));
#2200 = ORIENTED_EDGE('',*,*,#2201,.F.);
#2201 = EDGE_CURVE('',#2202,#2192,#2204,.T.);
#2202 = VERTEX_POINT('',#2203);
#2203 = CARTESIAN_POINT('',(127.,-60.6,13.59));
#2204 = CIRCLE('',#2205,0.8);
#2205 = AXIS2_PLACEMENT_3D('',#2206,#2207,#2208);
#2206 = CARTESIAN_POINT('',(127.8,-60.6,13.59));
#2207 = DIRECTION('',(0.,0.,-1.));
#2208 = DIRECTION('',(-1.,0.,0.));
#2209 = ORIENTED_EDGE('',*,*,#2210,.F.);
#2210 = EDGE_CURVE('',#2211,#2202,#2213,.T.);
#2211 = VERTEX_POINT('',#2212);
#2212 = CARTESIAN_POINT('',(127.,-61.1,13.59));
#2213 = LINE('',#2214,#2215);
#2214 = CARTESIAN_POINT('',(127.,-90.55,13.59));
#2215 = VECTOR('',#2216,1.);
#2216 = DIRECTION('',(0.,1.,0.));
#2217 = ORIENTED_EDGE('',*,*,#2218,.F.);
#2218 = EDGE_CURVE('',#2219,#2211,#2221,.T.);
#2219 = VERTEX_POINT('',#2220);
#2220 = CARTESIAN_POINT('',(127.8,-61.9,13.59));
#2221 = CIRCLE('',#2222,0.8);
#2222 = AXIS2_PLACEMENT_3D('',#2223,#2224,#2225);
#2223 = CARTESIAN_POINT('',(127.8,-61.1,13.59));
#2224 = DIRECTION('',(0.,0.,-1.));
#2225 = DIRECTION('',(0.,-1.,0.));
#2226 = ORIENTED_EDGE('',*,*,#2227,.F.);
#2227 = EDGE_CURVE('',#2228,#2219,#2230,.T.);
#2228 = VERTEX_POINT('',#2229);
#2229 = CARTESIAN_POINT('',(130.6,-61.9,13.59));
#2230 = LINE('',#2231,#2232);
#2231 = CARTESIAN_POINT('',(65.3,-61.9,13.59));
#2232 = VECTOR('',#2233,1.);
#2233 = DIRECTION('',(-1.,0.,0.));
#2234 = ORIENTED_EDGE('',*,*,#2235,.F.);
#2235 = EDGE_CURVE('',#2236,#2228,#2238,.T.);
#2236 = VERTEX_POINT('',#2237);
#2237 = CARTESIAN_POINT('',(131.4,-61.1,13.59));
#2238 = CIRCLE('',#2239,0.8);
#2239 = AXIS2_PLACEMENT_3D('',#2240,#2241,#2242);
#2240 = CARTESIAN_POINT('',(130.6,-61.1,13.59));
#2241 = DIRECTION('',(0.,0.,-1.));
#2242 = DIRECTION('',(1.,-4.441E-14,0.));
#2243 = ORIENTED_EDGE('',*,*,#2244,.F.);
#2244 = EDGE_CURVE('',#2245,#2236,#2247,.T.);
#2245 = VERTEX_POINT('',#2246);
#2246 = CARTESIAN_POINT('',(131.4,-60.6,13.59));
#2247 = LINE('',#2248,#2249);
#2248 = CARTESIAN_POINT('',(131.4,-90.3,13.59));
#2249 = VECTOR('',#2250,1.);
#2250 = DIRECTION('',(0.,-1.,0.));
#2251 = ORIENTED_EDGE('',*,*,#2252,.F.);
#2252 = EDGE_CURVE('',#2194,#2245,#2253,.T.);
#2253 = CIRCLE('',#2254,0.8);
#2254 = AXIS2_PLACEMENT_3D('',#2255,#2256,#2257);
#2255 = CARTESIAN_POINT('',(130.6,-60.6,13.59));
#2256 = DIRECTION('',(0.,0.,-1.));
#2257 = DIRECTION('',(3.553E-14,1.,0.));
#2258 = FACE_BOUND('',#2259,.F.);
#2259 = EDGE_LOOP('',(#2260,#2270,#2279,#2287,#2296,#2304,#2313,#2321));
#2260 = ORIENTED_EDGE('',*,*,#2261,.F.);
#2261 = EDGE_CURVE('',#2262,#2264,#2266,.T.);
#2262 = VERTEX_POINT('',#2263);
#2263 = CARTESIAN_POINT('',(127.8,-56.7,13.59));
#2264 = VERTEX_POINT('',#2265);
#2265 = CARTESIAN_POINT('',(130.6,-56.7,13.59));
#2266 = LINE('',#2267,#2268);
#2267 = CARTESIAN_POINT('',(63.9,-56.7,13.59));
#2268 = VECTOR('',#2269,1.);
#2269 = DIRECTION('',(1.,0.,0.));
#2270 = ORIENTED_EDGE('',*,*,#2271,.F.);
#2271 = EDGE_CURVE('',#2272,#2262,#2274,.T.);
#2272 = VERTEX_POINT('',#2273);
#2273 = CARTESIAN_POINT('',(127.,-57.5,13.59));
#2274 = CIRCLE('',#2275,0.8);
#2275 = AXIS2_PLACEMENT_3D('',#2276,#2277,#2278);
#2276 = CARTESIAN_POINT('',(127.8,-57.5,13.59));
#2277 = DIRECTION('',(0.,0.,-1.));
#2278 = DIRECTION('',(-1.,0.,0.));
#2279 = ORIENTED_EDGE('',*,*,#2280,.F.);
#2280 = EDGE_CURVE('',#2281,#2272,#2283,.T.);
#2281 = VERTEX_POINT('',#2282);
#2282 = CARTESIAN_POINT('',(127.,-58.,13.59));
#2283 = LINE('',#2284,#2285);
#2284 = CARTESIAN_POINT('',(127.,-89.,13.59));
#2285 = VECTOR('',#2286,1.);
#2286 = DIRECTION('',(0.,1.,0.));
#2287 = ORIENTED_EDGE('',*,*,#2288,.F.);
#2288 = EDGE_CURVE('',#2289,#2281,#2291,.T.);
#2289 = VERTEX_POINT('',#2290);
#2290 = CARTESIAN_POINT('',(127.8,-58.8,13.59));
#2291 = CIRCLE('',#2292,0.8);
#2292 = AXIS2_PLACEMENT_3D('',#2293,#2294,#2295);
#2293 = CARTESIAN_POINT('',(127.8,-58.,13.59));
#2294 = DIRECTION('',(0.,0.,-1.));
#2295 = DIRECTION('',(0.,-1.,0.));
#2296 = ORIENTED_EDGE('',*,*,#2297,.F.);
#2297 = EDGE_CURVE('',#2298,#2289,#2300,.T.);
#2298 = VERTEX_POINT('',#2299);
#2299 = CARTESIAN_POINT('',(130.6,-58.8,13.59));
#2300 = LINE('',#2301,#2302);
#2301 = CARTESIAN_POINT('',(65.3,-58.8,13.59));
#2302 = VECTOR('',#2303,1.);
#2303 = DIRECTION('',(-1.,0.,0.));
#2304 = ORIENTED_EDGE('',*,*,#2305,.F.);
#2305 = EDGE_CURVE('',#2306,#2298,#2308,.T.);
#2306 = VERTEX_POINT('',#2307);
#2307 = CARTESIAN_POINT('',(131.4,-58.,13.59));
#2308 = CIRCLE('',#2309,0.8);
#2309 = AXIS2_PLACEMENT_3D('',#2310,#2311,#2312);
#2310 = CARTESIAN_POINT('',(130.6,-58.,13.59));
#2311 = DIRECTION('',(0.,0.,-1.));
#2312 = DIRECTION('',(1.,-4.441E-14,0.));
#2313 = ORIENTED_EDGE('',*,*,#2314,.F.);
#2314 = EDGE_CURVE('',#2315,#2306,#2317,.T.);
#2315 = VERTEX_POINT('',#2316);
#2316 = CARTESIAN_POINT('',(131.4,-57.5,13.59));
#2317 = LINE('',#2318,#2319);
#2318 = CARTESIAN_POINT('',(131.4,-88.75,13.59));
#2319 = VECTOR('',#2320,1.);
#2320 = DIRECTION('',(0.,-1.,0.));
#2321 = ORIENTED_EDGE('',*,*,#2322,.F.);
#2322 = EDGE_CURVE('',#2264,#2315,#2323,.T.);
#2323 = CIRCLE('',#2324,0.8);
#2324 = AXIS2_PLACEMENT_3D('',#2325,#2326,#2327);
#2325 = CARTESIAN_POINT('',(130.6,-57.5,13.59));
#2326 = DIRECTION('',(0.,0.,-1.));
#2327 = DIRECTION('',(3.553E-14,1.,0.));
#2328 = FACE_BOUND('',#2329,.F.);
#2329 = EDGE_LOOP('',(#2330,#2340,#2349,#2358,#2366,#2375));
#2330 = ORIENTED_EDGE('',*,*,#2331,.F.);
#2331 = EDGE_CURVE('',#2332,#2334,#2336,.T.);
#2332 = VERTEX_POINT('',#2333);
#2333 = CARTESIAN_POINT('',(128.55,-53.2,13.59));
#2334 = VERTEX_POINT('',#2335);
#2335 = CARTESIAN_POINT('',(130.75,-53.2,13.59));
#2336 = LINE('',#2337,#2338);
#2337 = CARTESIAN_POINT('',(64.275,-53.2,13.59));
#2338 = VECTOR('',#2339,1.);
#2339 = DIRECTION('',(1.,0.,0.));
#2340 = ORIENTED_EDGE('',*,*,#2341,.F.);
#2341 = EDGE_CURVE('',#2342,#2332,#2344,.T.);
#2342 = VERTEX_POINT('',#2343);
#2343 = CARTESIAN_POINT('',(127.45,-54.3,13.59));
#2344 = CIRCLE('',#2345,1.1);
#2345 = AXIS2_PLACEMENT_3D('',#2346,#2347,#2348);
#2346 = CARTESIAN_POINT('',(128.55,-54.3,13.59));
#2347 = DIRECTION('',(0.,0.,-1.));
#2348 = DIRECTION('',(-1.,-6.46E-15,-0.));
#2349 = ORIENTED_EDGE('',*,*,#2350,.F.);
#2350 = EDGE_CURVE('',#2351,#2342,#2353,.T.);
#2351 = VERTEX_POINT('',#2352);
#2352 = CARTESIAN_POINT('',(128.55,-55.4,13.59));
#2353 = CIRCLE('',#2354,1.1);
#2354 = AXIS2_PLACEMENT_3D('',#2355,#2356,#2357);
#2355 = CARTESIAN_POINT('',(128.55,-54.3,13.59));
#2356 = DIRECTION('',(0.,0.,-1.));
#2357 = DIRECTION('',(0.,-1.,0.));
#2358 = ORIENTED_EDGE('',*,*,#2359,.F.);
#2359 = EDGE_CURVE('',#2360,#2351,#2362,.T.);
#2360 = VERTEX_POINT('',#2361);
#2361 = CARTESIAN_POINT('',(130.75,-55.4,13.59));
#2362 = LINE('',#2363,#2364);
#2363 = CARTESIAN_POINT('',(65.375,-55.4,13.59));
#2364 = VECTOR('',#2365,1.);
#2365 = DIRECTION('',(-1.,0.,0.));
#2366 = ORIENTED_EDGE('',*,*,#2367,.F.);
#2367 = EDGE_CURVE('',#2368,#2360,#2370,.T.);
#2368 = VERTEX_POINT('',#2369);
#2369 = CARTESIAN_POINT('',(131.85,-54.3,13.59));
#2370 = CIRCLE('',#2371,1.1);
#2371 = AXIS2_PLACEMENT_3D('',#2372,#2373,#2374);
#2372 = CARTESIAN_POINT('',(130.75,-54.3,13.59));
#2373 = DIRECTION('',(0.,0.,-1.));
#2374 = DIRECTION('',(1.,0.,0.));
#2375 = ORIENTED_EDGE('',*,*,#2376,.F.);
#2376 = EDGE_CURVE('',#2334,#2368,#2377,.T.);
#2377 = CIRCLE('',#2378,1.1);
#2378 = AXIS2_PLACEMENT_3D('',#2379,#2380,#2381);
#2379 = CARTESIAN_POINT('',(130.75,-54.3,13.59));
#2380 = DIRECTION('',(0.,0.,-1.));
#2381 = DIRECTION('',(0.,1.,0.));
#2382 = FACE_BOUND('',#2383,.F.);
#2383 = EDGE_LOOP('',(#2384,#2394,#2403,#2411,#2420,#2428,#2437,#2445));
#2384 = ORIENTED_EDGE('',*,*,#2385,.F.);
#2385 = EDGE_CURVE('',#2386,#2388,#2390,.T.);
#2386 = VERTEX_POINT('',#2387);
#2387 = CARTESIAN_POINT('',(121.6,-62.9,13.59));
#2388 = VERTEX_POINT('',#2389);
#2389 = CARTESIAN_POINT('',(124.4,-62.9,13.59));
#2390 = LINE('',#2391,#2392);
#2391 = CARTESIAN_POINT('',(60.8,-62.9,13.59));
#2392 = VECTOR('',#2393,1.);
#2393 = DIRECTION('',(1.,0.,0.));
#2394 = ORIENTED_EDGE('',*,*,#2395,.F.);
#2395 = EDGE_CURVE('',#2396,#2386,#2398,.T.);
#2396 = VERTEX_POINT('',#2397);
#2397 = CARTESIAN_POINT('',(120.8,-63.7,13.59));
#2398 = CIRCLE('',#2399,0.8);
#2399 = AXIS2_PLACEMENT_3D('',#2400,#2401,#2402);
#2400 = CARTESIAN_POINT('',(121.6,-63.7,13.59));
#2401 = DIRECTION('',(0.,0.,-1.));
#2402 = DIRECTION('',(-1.,-8.88E-15,-0.));
#2403 = ORIENTED_EDGE('',*,*,#2404,.F.);
#2404 = EDGE_CURVE('',#2405,#2396,#2407,.T.);
#2405 = VERTEX_POINT('',#2406);
#2406 = CARTESIAN_POINT('',(120.8,-64.2,13.59));
#2407 = LINE('',#2408,#2409);
#2408 = CARTESIAN_POINT('',(120.8,-92.1,13.59));
#2409 = VECTOR('',#2410,1.);
#2410 = DIRECTION('',(0.,1.,0.));
#2411 = ORIENTED_EDGE('',*,*,#2412,.F.);
#2412 = EDGE_CURVE('',#2413,#2405,#2415,.T.);
#2413 = VERTEX_POINT('',#2414);
#2414 = CARTESIAN_POINT('',(121.6,-65.,13.59));
#2415 = CIRCLE('',#2416,0.8);
#2416 = AXIS2_PLACEMENT_3D('',#2417,#2418,#2419);
#2417 = CARTESIAN_POINT('',(121.6,-64.2,13.59));
#2418 = DIRECTION('',(0.,0.,-1.));
#2419 = DIRECTION('',(3.553E-14,-1.,0.));
#2420 = ORIENTED_EDGE('',*,*,#2421,.F.);
#2421 = EDGE_CURVE('',#2422,#2413,#2424,.T.);
#2422 = VERTEX_POINT('',#2423);
#2423 = CARTESIAN_POINT('',(124.4,-65.,13.59));
#2424 = LINE('',#2425,#2426);
#2425 = CARTESIAN_POINT('',(62.2,-65.,13.59));
#2426 = VECTOR('',#2427,1.);
#2427 = DIRECTION('',(-1.,0.,0.));
#2428 = ORIENTED_EDGE('',*,*,#2429,.F.);
#2429 = EDGE_CURVE('',#2430,#2422,#2432,.T.);
#2430 = VERTEX_POINT('',#2431);
#2431 = CARTESIAN_POINT('',(125.2,-64.2,13.59));
#2432 = CIRCLE('',#2433,0.8);
#2433 = AXIS2_PLACEMENT_3D('',#2434,#2435,#2436);
#2434 = CARTESIAN_POINT('',(124.4,-64.2,13.59));
#2435 = DIRECTION('',(0.,0.,-1.));
#2436 = DIRECTION('',(1.,1.776E-14,0.));
#2437 = ORIENTED_EDGE('',*,*,#2438,.F.);
#2438 = EDGE_CURVE('',#2439,#2430,#2441,.T.);
#2439 = VERTEX_POINT('',#2440);
#2440 = CARTESIAN_POINT('',(125.2,-63.7,13.59));
#2441 = LINE('',#2442,#2443);
#2442 = CARTESIAN_POINT('',(125.2,-91.85,13.59));
#2443 = VECTOR('',#2444,1.);
#2444 = DIRECTION('',(0.,-1.,0.));
#2445 = ORIENTED_EDGE('',*,*,#2446,.F.);
#2446 = EDGE_CURVE('',#2388,#2439,#2447,.T.);
#2447 = CIRCLE('',#2448,0.8);
#2448 = AXIS2_PLACEMENT_3D('',#2449,#2450,#2451);
#2449 = CARTESIAN_POINT('',(124.4,-63.7,13.59));
#2450 = DIRECTION('',(0.,0.,-1.));
#2451 = DIRECTION('',(0.,1.,0.));
#2452 = FACE_BOUND('',#2453,.F.);
#2453 = EDGE_LOOP('',(#2454,#2464,#2473,#2481,#2490,#2498,#2507,#2515));
#2454 = ORIENTED_EDGE('',*,*,#2455,.F.);
#2455 = EDGE_CURVE('',#2456,#2458,#2460,.T.);
#2456 = VERTEX_POINT('',#2457);
#2457 = CARTESIAN_POINT('',(121.6,-59.8,13.59));
#2458 = VERTEX_POINT('',#2459);
#2459 = CARTESIAN_POINT('',(124.4,-59.8,13.59));
#2460 = LINE('',#2461,#2462);
#2461 = CARTESIAN_POINT('',(60.8,-59.8,13.59));
#2462 = VECTOR('',#2463,1.);
#2463 = DIRECTION('',(1.,0.,0.));
#2464 = ORIENTED_EDGE('',*,*,#2465,.F.);
#2465 = EDGE_CURVE('',#2466,#2456,#2468,.T.);
#2466 = VERTEX_POINT('',#2467);
#2467 = CARTESIAN_POINT('',(120.8,-60.6,13.59));
#2468 = CIRCLE('',#2469,0.8);
#2469 = AXIS2_PLACEMENT_3D('',#2470,#2471,#2472);
#2470 = CARTESIAN_POINT('',(121.6,-60.6,13.59));
#2471 = DIRECTION('',(0.,0.,-1.));
#2472 = DIRECTION('',(-1.,-8.88E-15,-0.));
#2473 = ORIENTED_EDGE('',*,*,#2474,.F.);
#2474 = EDGE_CURVE('',#2475,#2466,#2477,.T.);
#2475 = VERTEX_POINT('',#2476);
#2476 = CARTESIAN_POINT('',(120.8,-61.1,13.59));
#2477 = LINE('',#2478,#2479);
#2478 = CARTESIAN_POINT('',(120.8,-90.55,13.59));
#2479 = VECTOR('',#2480,1.);
#2480 = DIRECTION('',(0.,1.,0.));
#2481 = ORIENTED_EDGE('',*,*,#2482,.F.);
#2482 = EDGE_CURVE('',#2483,#2475,#2485,.T.);
#2483 = VERTEX_POINT('',#2484);
#2484 = CARTESIAN_POINT('',(121.6,-61.9,13.59));
#2485 = CIRCLE('',#2486,0.8);
#2486 = AXIS2_PLACEMENT_3D('',#2487,#2488,#2489);
#2487 = CARTESIAN_POINT('',(121.6,-61.1,13.59));
#2488 = DIRECTION('',(0.,0.,-1.));
#2489 = DIRECTION('',(0.,-1.,0.));
#2490 = ORIENTED_EDGE('',*,*,#2491,.F.);
#2491 = EDGE_CURVE('',#2492,#2483,#2494,.T.);
#2492 = VERTEX_POINT('',#2493);
#2493 = CARTESIAN_POINT('',(124.4,-61.9,13.59));
#2494 = LINE('',#2495,#2496);
#2495 = CARTESIAN_POINT('',(62.2,-61.9,13.59));
#2496 = VECTOR('',#2497,1.);
#2497 = DIRECTION('',(-1.,0.,0.));
#2498 = ORIENTED_EDGE('',*,*,#2499,.F.);
#2499 = EDGE_CURVE('',#2500,#2492,#2502,.T.);
#2500 = VERTEX_POINT('',#2501);
#2501 = CARTESIAN_POINT('',(125.2,-61.1,13.59));
#2502 = CIRCLE('',#2503,0.8);
#2503 = AXIS2_PLACEMENT_3D('',#2504,#2505,#2506);
#2504 = CARTESIAN_POINT('',(124.4,-61.1,13.59));
#2505 = DIRECTION('',(0.,0.,-1.));
#2506 = DIRECTION('',(1.,8.88E-15,0.));
#2507 = ORIENTED_EDGE('',*,*,#2508,.F.);
#2508 = EDGE_CURVE('',#2509,#2500,#2511,.T.);
#2509 = VERTEX_POINT('',#2510);
#2510 = CARTESIAN_POINT('',(125.2,-60.6,13.59));
#2511 = LINE('',#2512,#2513);
#2512 = CARTESIAN_POINT('',(125.2,-90.3,13.59));
#2513 = VECTOR('',#2514,1.);
#2514 = DIRECTION('',(0.,-1.,0.));
#2515 = ORIENTED_EDGE('',*,*,#2516,.F.);
#2516 = EDGE_CURVE('',#2458,#2509,#2517,.T.);
#2517 = CIRCLE('',#2518,0.8);
#2518 = AXIS2_PLACEMENT_3D('',#2519,#2520,#2521);
#2519 = CARTESIAN_POINT('',(124.4,-60.6,13.59));
#2520 = DIRECTION('',(0.,0.,-1.));
#2521 = DIRECTION('',(0.,1.,0.));
#2522 = FACE_BOUND('',#2523,.F.);
#2523 = EDGE_LOOP('',(#2524,#2534,#2543,#2551,#2560,#2568,#2577,#2585));
#2524 = ORIENTED_EDGE('',*,*,#2525,.F.);
#2525 = EDGE_CURVE('',#2526,#2528,#2530,.T.);
#2526 = VERTEX_POINT('',#2527);
#2527 = CARTESIAN_POINT('',(121.6,-56.7,13.59));
#2528 = VERTEX_POINT('',#2529);
#2529 = CARTESIAN_POINT('',(124.4,-56.7,13.59));
#2530 = LINE('',#2531,#2532);
#2531 = CARTESIAN_POINT('',(60.8,-56.7,13.59));
#2532 = VECTOR('',#2533,1.);
#2533 = DIRECTION('',(1.,0.,0.));
#2534 = ORIENTED_EDGE('',*,*,#2535,.F.);
#2535 = EDGE_CURVE('',#2536,#2526,#2538,.T.);
#2536 = VERTEX_POINT('',#2537);
#2537 = CARTESIAN_POINT('',(120.8,-57.5,13.59));
#2538 = CIRCLE('',#2539,0.8);
#2539 = AXIS2_PLACEMENT_3D('',#2540,#2541,#2542);
#2540 = CARTESIAN_POINT('',(121.6,-57.5,13.59));
#2541 = DIRECTION('',(0.,0.,-1.));
#2542 = DIRECTION('',(-1.,-8.88E-15,-0.));
#2543 = ORIENTED_EDGE('',*,*,#2544,.F.);
#2544 = EDGE_CURVE('',#2545,#2536,#2547,.T.);
#2545 = VERTEX_POINT('',#2546);
#2546 = CARTESIAN_POINT('',(120.8,-58.,13.59));
#2547 = LINE('',#2548,#2549);
#2548 = CARTESIAN_POINT('',(120.8,-89.,13.59));
#2549 = VECTOR('',#2550,1.);
#2550 = DIRECTION('',(0.,1.,0.));
#2551 = ORIENTED_EDGE('',*,*,#2552,.F.);
#2552 = EDGE_CURVE('',#2553,#2545,#2555,.T.);
#2553 = VERTEX_POINT('',#2554);
#2554 = CARTESIAN_POINT('',(121.6,-58.8,13.59));
#2555 = CIRCLE('',#2556,0.8);
#2556 = AXIS2_PLACEMENT_3D('',#2557,#2558,#2559);
#2557 = CARTESIAN_POINT('',(121.6,-58.,13.59));
#2558 = DIRECTION('',(0.,0.,-1.));
#2559 = DIRECTION('',(0.,-1.,0.));
#2560 = ORIENTED_EDGE('',*,*,#2561,.F.);
#2561 = EDGE_CURVE('',#2562,#2553,#2564,.T.);
#2562 = VERTEX_POINT('',#2563);
#2563 = CARTESIAN_POINT('',(124.4,-58.8,13.59));
#2564 = LINE('',#2565,#2566);
#2565 = CARTESIAN_POINT('',(62.2,-58.8,13.59));
#2566 = VECTOR('',#2567,1.);
#2567 = DIRECTION('',(-1.,0.,0.));
#2568 = ORIENTED_EDGE('',*,*,#2569,.F.);
#2569 = EDGE_CURVE('',#2570,#2562,#2572,.T.);
#2570 = VERTEX_POINT('',#2571);
#2571 = CARTESIAN_POINT('',(125.2,-58.,13.59));
#2572 = CIRCLE('',#2573,0.8);
#2573 = AXIS2_PLACEMENT_3D('',#2574,#2575,#2576);
#2574 = CARTESIAN_POINT('',(124.4,-58.,13.59));
#2575 = DIRECTION('',(0.,0.,-1.));
#2576 = DIRECTION('',(1.,8.88E-15,0.));
#2577 = ORIENTED_EDGE('',*,*,#2578,.F.);
#2578 = EDGE_CURVE('',#2579,#2570,#2581,.T.);
#2579 = VERTEX_POINT('',#2580);
#2580 = CARTESIAN_POINT('',(125.2,-57.5,13.59));
#2581 = LINE('',#2582,#2583);
#2582 = CARTESIAN_POINT('',(125.2,-88.75,13.59));
#2583 = VECTOR('',#2584,1.);
#2584 = DIRECTION('',(0.,-1.,0.));
#2585 = ORIENTED_EDGE('',*,*,#2586,.F.);
#2586 = EDGE_CURVE('',#2528,#2579,#2587,.T.);
#2587 = CIRCLE('',#2588,0.8);
#2588 = AXIS2_PLACEMENT_3D('',#2589,#2590,#2591);
#2589 = CARTESIAN_POINT('',(124.4,-57.5,13.59));
#2590 = DIRECTION('',(0.,0.,-1.));
#2591 = DIRECTION('',(0.,1.,0.));
#2592 = FACE_BOUND('',#2593,.F.);
#2593 = EDGE_LOOP('',(#2594,#2604,#2613,#2622,#2630,#2639));
#2594 = ORIENTED_EDGE('',*,*,#2595,.F.);
#2595 = EDGE_CURVE('',#2596,#2598,#2600,.T.);
#2596 = VERTEX_POINT('',#2597);
#2597 = CARTESIAN_POINT('',(121.5,-53.2,13.59));
#2598 = VERTEX_POINT('',#2599);
#2599 = CARTESIAN_POINT('',(124.5,-53.2,13.59));
#2600 = LINE('',#2601,#2602);
#2601 = CARTESIAN_POINT('',(60.75,-53.2,13.59));
#2602 = VECTOR('',#2603,1.);
#2603 = DIRECTION('',(1.,0.,0.));
#2604 = ORIENTED_EDGE('',*,*,#2605,.F.);
#2605 = EDGE_CURVE('',#2606,#2596,#2608,.T.);
#2606 = VERTEX_POINT('',#2607);
#2607 = CARTESIAN_POINT('',(120.4,-54.3,13.59));
#2608 = CIRCLE('',#2609,1.1);
#2609 = AXIS2_PLACEMENT_3D('',#2610,#2611,#2612);
#2610 = CARTESIAN_POINT('',(121.5,-54.3,13.59));
#2611 = DIRECTION('',(0.,0.,-1.));
#2612 = DIRECTION('',(-1.,-6.46E-15,-0.));
#2613 = ORIENTED_EDGE('',*,*,#2614,.F.);
#2614 = EDGE_CURVE('',#2615,#2606,#2617,.T.);
#2615 = VERTEX_POINT('',#2616);
#2616 = CARTESIAN_POINT('',(121.5,-55.4,13.59));
#2617 = CIRCLE('',#2618,1.1);
#2618 = AXIS2_PLACEMENT_3D('',#2619,#2620,#2621);
#2619 = CARTESIAN_POINT('',(121.5,-54.3,13.59));
#2620 = DIRECTION('',(0.,0.,-1.));
#2621 = DIRECTION('',(0.,-1.,0.));
#2622 = ORIENTED_EDGE('',*,*,#2623,.F.);
#2623 = EDGE_CURVE('',#2624,#2615,#2626,.T.);
#2624 = VERTEX_POINT('',#2625);
#2625 = CARTESIAN_POINT('',(124.5,-55.4,13.59));
#2626 = LINE('',#2627,#2628);
#2627 = CARTESIAN_POINT('',(62.25,-55.4,13.59));
#2628 = VECTOR('',#2629,1.);
#2629 = DIRECTION('',(-1.,0.,0.));
#2630 = ORIENTED_EDGE('',*,*,#2631,.F.);
#2631 = EDGE_CURVE('',#2632,#2624,#2634,.T.);
#2632 = VERTEX_POINT('',#2633);
#2633 = CARTESIAN_POINT('',(125.6,-54.3,13.59));
#2634 = CIRCLE('',#2635,1.1);
#2635 = AXIS2_PLACEMENT_3D('',#2636,#2637,#2638);
#2636 = CARTESIAN_POINT('',(124.5,-54.3,13.59));
#2637 = DIRECTION('',(0.,0.,-1.));
#2638 = DIRECTION('',(1.,1.938E-14,0.));
#2639 = ORIENTED_EDGE('',*,*,#2640,.F.);
#2640 = EDGE_CURVE('',#2598,#2632,#2641,.T.);
#2641 = CIRCLE('',#2642,1.1);
#2642 = AXIS2_PLACEMENT_3D('',#2643,#2644,#2645);
#2643 = CARTESIAN_POINT('',(124.5,-54.3,13.59));
#2644 = DIRECTION('',(0.,0.,-1.));
#2645 = DIRECTION('',(-1.292E-14,1.,0.));
#2646 = FACE_BOUND('',#2647,.F.);
#2647 = EDGE_LOOP('',(#2648,#2658,#2667,#2675,#2684,#2692,#2701,#2709));
#2648 = ORIENTED_EDGE('',*,*,#2649,.F.);
#2649 = EDGE_CURVE('',#2650,#2652,#2654,.T.);
#2650 = VERTEX_POINT('',#2651);
#2651 = CARTESIAN_POINT('',(115.4,-62.9,13.59));
#2652 = VERTEX_POINT('',#2653);
#2653 = CARTESIAN_POINT('',(118.2,-62.9,13.59));
#2654 = LINE('',#2655,#2656);
#2655 = CARTESIAN_POINT('',(57.7,-62.9,13.59));
#2656 = VECTOR('',#2657,1.);
#2657 = DIRECTION('',(1.,0.,0.));
#2658 = ORIENTED_EDGE('',*,*,#2659,.F.);
#2659 = EDGE_CURVE('',#2660,#2650,#2662,.T.);
#2660 = VERTEX_POINT('',#2661);
#2661 = CARTESIAN_POINT('',(114.6,-63.7,13.59));
#2662 = CIRCLE('',#2663,0.8);
#2663 = AXIS2_PLACEMENT_3D('',#2664,#2665,#2666);
#2664 = CARTESIAN_POINT('',(115.4,-63.7,13.59));
#2665 = DIRECTION('',(0.,0.,-1.));
#2666 = DIRECTION('',(-1.,2.665E-14,0.));
#2667 = ORIENTED_EDGE('',*,*,#2668,.F.);
#2668 = EDGE_CURVE('',#2669,#2660,#2671,.T.);
#2669 = VERTEX_POINT('',#2670);
#2670 = CARTESIAN_POINT('',(114.6,-64.2,13.59));
#2671 = LINE('',#2672,#2673);
#2672 = CARTESIAN_POINT('',(114.6,-92.1,13.59));
#2673 = VECTOR('',#2674,1.);
#2674 = DIRECTION('',(0.,1.,0.));
#2675 = ORIENTED_EDGE('',*,*,#2676,.F.);
#2676 = EDGE_CURVE('',#2677,#2669,#2679,.T.);
#2677 = VERTEX_POINT('',#2678);
#2678 = CARTESIAN_POINT('',(115.4,-65.,13.59));
#2679 = CIRCLE('',#2680,0.8);
#2680 = AXIS2_PLACEMENT_3D('',#2681,#2682,#2683);
#2681 = CARTESIAN_POINT('',(115.4,-64.2,13.59));
#2682 = DIRECTION('',(0.,0.,-1.));
#2683 = DIRECTION('',(1.776E-14,-1.,0.));
#2684 = ORIENTED_EDGE('',*,*,#2685,.F.);
#2685 = EDGE_CURVE('',#2686,#2677,#2688,.T.);
#2686 = VERTEX_POINT('',#2687);
#2687 = CARTESIAN_POINT('',(118.2,-65.,13.59));
#2688 = LINE('',#2689,#2690);
#2689 = CARTESIAN_POINT('',(59.1,-65.,13.59));
#2690 = VECTOR('',#2691,1.);
#2691 = DIRECTION('',(-1.,0.,0.));
#2692 = ORIENTED_EDGE('',*,*,#2693,.F.);
#2693 = EDGE_CURVE('',#2694,#2686,#2696,.T.);
#2694 = VERTEX_POINT('',#2695);
#2695 = CARTESIAN_POINT('',(119.,-64.2,13.59));
#2696 = CIRCLE('',#2697,0.8);
#2697 = AXIS2_PLACEMENT_3D('',#2698,#2699,#2700);
#2698 = CARTESIAN_POINT('',(118.2,-64.2,13.59));
#2699 = DIRECTION('',(0.,0.,-1.));
#2700 = DIRECTION('',(1.,1.776E-14,0.));
#2701 = ORIENTED_EDGE('',*,*,#2702,.F.);
#2702 = EDGE_CURVE('',#2703,#2694,#2705,.T.);
#2703 = VERTEX_POINT('',#2704);
#2704 = CARTESIAN_POINT('',(119.,-63.7,13.59));
#2705 = LINE('',#2706,#2707);
#2706 = CARTESIAN_POINT('',(119.,-91.85,13.59));
#2707 = VECTOR('',#2708,1.);
#2708 = DIRECTION('',(0.,-1.,0.));
#2709 = ORIENTED_EDGE('',*,*,#2710,.F.);
#2710 = EDGE_CURVE('',#2652,#2703,#2711,.T.);
#2711 = CIRCLE('',#2712,0.8);
#2712 = AXIS2_PLACEMENT_3D('',#2713,#2714,#2715);
#2713 = CARTESIAN_POINT('',(118.2,-63.7,13.59));
#2714 = DIRECTION('',(0.,0.,-1.));
#2715 = DIRECTION('',(0.,1.,0.));
#2716 = FACE_BOUND('',#2717,.F.);
#2717 = EDGE_LOOP('',(#2718,#2728,#2737,#2745,#2754,#2762,#2771,#2779));
#2718 = ORIENTED_EDGE('',*,*,#2719,.F.);
#2719 = EDGE_CURVE('',#2720,#2722,#2724,.T.);
#2720 = VERTEX_POINT('',#2721);
#2721 = CARTESIAN_POINT('',(115.4,-59.8,13.59));
#2722 = VERTEX_POINT('',#2723);
#2723 = CARTESIAN_POINT('',(118.2,-59.8,13.59));
#2724 = LINE('',#2725,#2726);
#2725 = CARTESIAN_POINT('',(57.7,-59.8,13.59));
#2726 = VECTOR('',#2727,1.);
#2727 = DIRECTION('',(1.,0.,0.));
#2728 = ORIENTED_EDGE('',*,*,#2729,.F.);
#2729 = EDGE_CURVE('',#2730,#2720,#2732,.T.);
#2730 = VERTEX_POINT('',#2731);
#2731 = CARTESIAN_POINT('',(114.6,-60.6,13.59));
#2732 = CIRCLE('',#2733,0.8);
#2733 = AXIS2_PLACEMENT_3D('',#2734,#2735,#2736);
#2734 = CARTESIAN_POINT('',(115.4,-60.6,13.59));
#2735 = DIRECTION('',(0.,0.,-1.));
#2736 = DIRECTION('',(-1.,2.665E-14,0.));
#2737 = ORIENTED_EDGE('',*,*,#2738,.F.);
#2738 = EDGE_CURVE('',#2739,#2730,#2741,.T.);
#2739 = VERTEX_POINT('',#2740);
#2740 = CARTESIAN_POINT('',(114.6,-61.1,13.59));
#2741 = LINE('',#2742,#2743);
#2742 = CARTESIAN_POINT('',(114.6,-90.55,13.59));
#2743 = VECTOR('',#2744,1.);
#2744 = DIRECTION('',(0.,1.,0.));
#2745 = ORIENTED_EDGE('',*,*,#2746,.F.);
#2746 = EDGE_CURVE('',#2747,#2739,#2749,.T.);
#2747 = VERTEX_POINT('',#2748);
#2748 = CARTESIAN_POINT('',(115.4,-61.9,13.59));
#2749 = CIRCLE('',#2750,0.8);
#2750 = AXIS2_PLACEMENT_3D('',#2751,#2752,#2753);
#2751 = CARTESIAN_POINT('',(115.4,-61.1,13.59));
#2752 = DIRECTION('',(0.,0.,-1.));
#2753 = DIRECTION('',(0.,-1.,0.));
#2754 = ORIENTED_EDGE('',*,*,#2755,.F.);
#2755 = EDGE_CURVE('',#2756,#2747,#2758,.T.);
#2756 = VERTEX_POINT('',#2757);
#2757 = CARTESIAN_POINT('',(118.2,-61.9,13.59));
#2758 = LINE('',#2759,#2760);
#2759 = CARTESIAN_POINT('',(59.1,-61.9,13.59));
#2760 = VECTOR('',#2761,1.);
#2761 = DIRECTION('',(-1.,0.,0.));
#2762 = ORIENTED_EDGE('',*,*,#2763,.F.);
#2763 = EDGE_CURVE('',#2764,#2756,#2766,.T.);
#2764 = VERTEX_POINT('',#2765);
#2765 = CARTESIAN_POINT('',(119.,-61.1,13.59));
#2766 = CIRCLE('',#2767,0.8);
#2767 = AXIS2_PLACEMENT_3D('',#2768,#2769,#2770);
#2768 = CARTESIAN_POINT('',(118.2,-61.1,13.59));
#2769 = DIRECTION('',(0.,0.,-1.));
#2770 = DIRECTION('',(1.,0.,0.));
#2771 = ORIENTED_EDGE('',*,*,#2772,.F.);
#2772 = EDGE_CURVE('',#2773,#2764,#2775,.T.);
#2773 = VERTEX_POINT('',#2774);
#2774 = CARTESIAN_POINT('',(119.,-60.6,13.59));
#2775 = LINE('',#2776,#2777);
#2776 = CARTESIAN_POINT('',(119.,-90.3,13.59));
#2777 = VECTOR('',#2778,1.);
#2778 = DIRECTION('',(0.,-1.,0.));
#2779 = ORIENTED_EDGE('',*,*,#2780,.F.);
#2780 = EDGE_CURVE('',#2722,#2773,#2781,.T.);
#2781 = CIRCLE('',#2782,0.8);
#2782 = AXIS2_PLACEMENT_3D('',#2783,#2784,#2785);
#2783 = CARTESIAN_POINT('',(118.2,-60.6,13.59));
#2784 = DIRECTION('',(0.,0.,-1.));
#2785 = DIRECTION('',(0.,1.,0.));
#2786 = FACE_BOUND('',#2787,.F.);
#2787 = EDGE_LOOP('',(#2788,#2798,#2807,#2815,#2824,#2832,#2841,#2849));
#2788 = ORIENTED_EDGE('',*,*,#2789,.F.);
#2789 = EDGE_CURVE('',#2790,#2792,#2794,.T.);
#2790 = VERTEX_POINT('',#2791);
#2791 = CARTESIAN_POINT('',(115.4,-56.7,13.59));
#2792 = VERTEX_POINT('',#2793);
#2793 = CARTESIAN_POINT('',(118.2,-56.7,13.59));
#2794 = LINE('',#2795,#2796);
#2795 = CARTESIAN_POINT('',(57.7,-56.7,13.59));
#2796 = VECTOR('',#2797,1.);
#2797 = DIRECTION('',(1.,0.,0.));
#2798 = ORIENTED_EDGE('',*,*,#2799,.F.);
#2799 = EDGE_CURVE('',#2800,#2790,#2802,.T.);
#2800 = VERTEX_POINT('',#2801);
#2801 = CARTESIAN_POINT('',(114.6,-57.5,13.59));
#2802 = CIRCLE('',#2803,0.8);
#2803 = AXIS2_PLACEMENT_3D('',#2804,#2805,#2806);
#2804 = CARTESIAN_POINT('',(115.4,-57.5,13.59));
#2805 = DIRECTION('',(0.,0.,-1.));
#2806 = DIRECTION('',(-1.,2.665E-14,0.));
#2807 = ORIENTED_EDGE('',*,*,#2808,.F.);
#2808 = EDGE_CURVE('',#2809,#2800,#2811,.T.);
#2809 = VERTEX_POINT('',#2810);
#2810 = CARTESIAN_POINT('',(114.6,-58.,13.59));
#2811 = LINE('',#2812,#2813);
#2812 = CARTESIAN_POINT('',(114.6,-89.,13.59));
#2813 = VECTOR('',#2814,1.);
#2814 = DIRECTION('',(0.,1.,0.));
#2815 = ORIENTED_EDGE('',*,*,#2816,.F.);
#2816 = EDGE_CURVE('',#2817,#2809,#2819,.T.);
#2817 = VERTEX_POINT('',#2818);
#2818 = CARTESIAN_POINT('',(115.4,-58.8,13.59));
#2819 = CIRCLE('',#2820,0.8);
#2820 = AXIS2_PLACEMENT_3D('',#2821,#2822,#2823);
#2821 = CARTESIAN_POINT('',(115.4,-58.,13.59));
#2822 = DIRECTION('',(0.,0.,-1.));
#2823 = DIRECTION('',(0.,-1.,0.));
#2824 = ORIENTED_EDGE('',*,*,#2825,.F.);
#2825 = EDGE_CURVE('',#2826,#2817,#2828,.T.);
#2826 = VERTEX_POINT('',#2827);
#2827 = CARTESIAN_POINT('',(118.2,-58.8,13.59));
#2828 = LINE('',#2829,#2830);
#2829 = CARTESIAN_POINT('',(59.1,-58.8,13.59));
#2830 = VECTOR('',#2831,1.);
#2831 = DIRECTION('',(-1.,0.,0.));
#2832 = ORIENTED_EDGE('',*,*,#2833,.F.);
#2833 = EDGE_CURVE('',#2834,#2826,#2836,.T.);
#2834 = VERTEX_POINT('',#2835);
#2835 = CARTESIAN_POINT('',(119.,-58.,13.59));
#2836 = CIRCLE('',#2837,0.8);
#2837 = AXIS2_PLACEMENT_3D('',#2838,#2839,#2840);
#2838 = CARTESIAN_POINT('',(118.2,-58.,13.59));
#2839 = DIRECTION('',(0.,0.,-1.));
#2840 = DIRECTION('',(1.,0.,0.));
#2841 = ORIENTED_EDGE('',*,*,#2842,.F.);
#2842 = EDGE_CURVE('',#2843,#2834,#2845,.T.);
#2843 = VERTEX_POINT('',#2844);
#2844 = CARTESIAN_POINT('',(119.,-57.5,13.59));
#2845 = LINE('',#2846,#2847);
#2846 = CARTESIAN_POINT('',(119.,-88.75,13.59));
#2847 = VECTOR('',#2848,1.);
#2848 = DIRECTION('',(0.,-1.,0.));
#2849 = ORIENTED_EDGE('',*,*,#2850,.F.);
#2850 = EDGE_CURVE('',#2792,#2843,#2851,.T.);
#2851 = CIRCLE('',#2852,0.8);
#2852 = AXIS2_PLACEMENT_3D('',#2853,#2854,#2855);
#2853 = CARTESIAN_POINT('',(118.2,-57.5,13.59));
#2854 = DIRECTION('',(0.,0.,-1.));
#2855 = DIRECTION('',(0.,1.,0.));
#2856 = FACE_BOUND('',#2857,.F.);
#2857 = EDGE_LOOP('',(#2858,#2868,#2877,#2886,#2894,#2903));
#2858 = ORIENTED_EDGE('',*,*,#2859,.F.);
#2859 = EDGE_CURVE('',#2860,#2862,#2864,.T.);
#2860 = VERTEX_POINT('',#2861);
#2861 = CARTESIAN_POINT('',(115.25,-53.2,13.59));
#2862 = VERTEX_POINT('',#2863);
#2863 = CARTESIAN_POINT('',(117.45,-53.2,13.59));
#2864 = LINE('',#2865,#2866);
#2865 = CARTESIAN_POINT('',(57.625,-53.2,13.59));
#2866 = VECTOR('',#2867,1.);
#2867 = DIRECTION('',(1.,0.,0.));
#2868 = ORIENTED_EDGE('',*,*,#2869,.F.);
#2869 = EDGE_CURVE('',#2870,#2860,#2872,.T.);
#2870 = VERTEX_POINT('',#2871);
#2871 = CARTESIAN_POINT('',(114.15,-54.3,13.59));
#2872 = CIRCLE('',#2873,1.1);
#2873 = AXIS2_PLACEMENT_3D('',#2874,#2875,#2876);
#2874 = CARTESIAN_POINT('',(115.25,-54.3,13.59));
#2875 = DIRECTION('',(0.,0.,-1.));
#2876 = DIRECTION('',(-1.,-1.938E-14,-0.));
#2877 = ORIENTED_EDGE('',*,*,#2878,.F.);
#2878 = EDGE_CURVE('',#2879,#2870,#2881,.T.);
#2879 = VERTEX_POINT('',#2880);
#2880 = CARTESIAN_POINT('',(115.25,-55.4,13.59));
#2881 = CIRCLE('',#2882,1.1);
#2882 = AXIS2_PLACEMENT_3D('',#2883,#2884,#2885);
#2883 = CARTESIAN_POINT('',(115.25,-54.3,13.59));
#2884 = DIRECTION('',(0.,0.,-1.));
#2885 = DIRECTION('',(1.292E-14,-1.,0.));
#2886 = ORIENTED_EDGE('',*,*,#2887,.F.);
#2887 = EDGE_CURVE('',#2888,#2879,#2890,.T.);
#2888 = VERTEX_POINT('',#2889);
#2889 = CARTESIAN_POINT('',(117.45,-55.4,13.59));
#2890 = LINE('',#2891,#2892);
#2891 = CARTESIAN_POINT('',(58.725,-55.4,13.59));
#2892 = VECTOR('',#2893,1.);
#2893 = DIRECTION('',(-1.,0.,0.));
#2894 = ORIENTED_EDGE('',*,*,#2895,.F.);
#2895 = EDGE_CURVE('',#2896,#2888,#2898,.T.);
#2896 = VERTEX_POINT('',#2897);
#2897 = CARTESIAN_POINT('',(118.55,-54.3,13.59));
#2898 = CIRCLE('',#2899,1.1);
#2899 = AXIS2_PLACEMENT_3D('',#2900,#2901,#2902);
#2900 = CARTESIAN_POINT('',(117.45,-54.3,13.59));
#2901 = DIRECTION('',(0.,0.,-1.));
#2902 = DIRECTION('',(1.,6.46E-15,0.));
#2903 = ORIENTED_EDGE('',*,*,#2904,.F.);
#2904 = EDGE_CURVE('',#2862,#2896,#2905,.T.);
#2905 = CIRCLE('',#2906,1.1);
#2906 = AXIS2_PLACEMENT_3D('',#2907,#2908,#2909);
#2907 = CARTESIAN_POINT('',(117.45,-54.3,13.59));
#2908 = DIRECTION('',(0.,0.,-1.));
#2909 = DIRECTION('',(0.,1.,0.));
#2910 = FACE_BOUND('',#2911,.F.);
#2911 = EDGE_LOOP('',(#2912,#2922,#2931,#2939,#2948,#2956,#2965,#2973));
#2912 = ORIENTED_EDGE('',*,*,#2913,.F.);
#2913 = EDGE_CURVE('',#2914,#2916,#2918,.T.);
#2914 = VERTEX_POINT('',#2915);
#2915 = CARTESIAN_POINT('',(116.05,-16.15,13.59));
#2916 = VERTEX_POINT('',#2917);
#2917 = CARTESIAN_POINT('',(129.95,-16.15,13.59));
#2918 = LINE('',#2919,#2920);
#2919 = CARTESIAN_POINT('',(58.025,-16.15,13.59));
#2920 = VECTOR('',#2921,1.);
#2921 = DIRECTION('',(1.,0.,0.));
#2922 = ORIENTED_EDGE('',*,*,#2923,.F.);
#2923 = EDGE_CURVE('',#2924,#2914,#2926,.T.);
#2924 = VERTEX_POINT('',#2925);
#2925 = CARTESIAN_POINT('',(113.65,-18.55,13.59));
#2926 = CIRCLE('',#2927,2.4);
#2927 = AXIS2_PLACEMENT_3D('',#2928,#2929,#2930);
#2928 = CARTESIAN_POINT('',(116.05,-18.55,13.59));
#2929 = DIRECTION('',(0.,0.,-1.));
#2930 = DIRECTION('',(-1.,-5.92E-15,-0.));
#2931 = ORIENTED_EDGE('',*,*,#2932,.F.);
#2932 = EDGE_CURVE('',#2933,#2924,#2935,.T.);
#2933 = VERTEX_POINT('',#2934);
#2934 = CARTESIAN_POINT('',(113.65,-49.05,13.59));
#2935 = LINE('',#2936,#2937);
#2936 = CARTESIAN_POINT('',(113.65,-84.525,13.59));
#2937 = VECTOR('',#2938,1.);
#2938 = DIRECTION('',(0.,1.,0.));
#2939 = ORIENTED_EDGE('',*,*,#2940,.F.);
#2940 = EDGE_CURVE('',#2941,#2933,#2943,.T.);
#2941 = VERTEX_POINT('',#2942);
#2942 = CARTESIAN_POINT('',(116.05,-51.45,13.59));
#2943 = CIRCLE('',#2944,2.4);
#2944 = AXIS2_PLACEMENT_3D('',#2945,#2946,#2947);
#2945 = CARTESIAN_POINT('',(116.05,-49.05,13.59));
#2946 = DIRECTION('',(0.,0.,-1.));
#2947 = DIRECTION('',(0.,-1.,0.));
#2948 = ORIENTED_EDGE('',*,*,#2949,.F.);
#2949 = EDGE_CURVE('',#2950,#2941,#2952,.T.);
#2950 = VERTEX_POINT('',#2951);
#2951 = CARTESIAN_POINT('',(129.95,-51.45,13.59));
#2952 = LINE('',#2953,#2954);
#2953 = CARTESIAN_POINT('',(64.975,-51.45,13.59));
#2954 = VECTOR('',#2955,1.);
#2955 = DIRECTION('',(-1.,0.,0.));
#2956 = ORIENTED_EDGE('',*,*,#2957,.F.);
#2957 = EDGE_CURVE('',#2958,#2950,#2960,.T.);
#2958 = VERTEX_POINT('',#2959);
#2959 = CARTESIAN_POINT('',(132.35,-49.05,13.59));
#2960 = CIRCLE('',#2961,2.4);
#2961 = AXIS2_PLACEMENT_3D('',#2962,#2963,#2964);
#2962 = CARTESIAN_POINT('',(129.95,-49.05,13.59));
#2963 = DIRECTION('',(0.,0.,-1.));
#2964 = DIRECTION('',(1.,8.88E-15,0.));
#2965 = ORIENTED_EDGE('',*,*,#2966,.F.);
#2966 = EDGE_CURVE('',#2967,#2958,#2969,.T.);
#2967 = VERTEX_POINT('',#2968);
#2968 = CARTESIAN_POINT('',(132.35,-18.55,13.59));
#2969 = LINE('',#2970,#2971);
#2970 = CARTESIAN_POINT('',(132.35,-69.275,13.59));
#2971 = VECTOR('',#2972,1.);
#2972 = DIRECTION('',(0.,-1.,0.));
#2973 = ORIENTED_EDGE('',*,*,#2974,.F.);
#2974 = EDGE_CURVE('',#2916,#2967,#2975,.T.);
#2975 = CIRCLE('',#2976,2.4);
#2976 = AXIS2_PLACEMENT_3D('',#2977,#2978,#2979);
#2977 = CARTESIAN_POINT('',(129.95,-18.55,13.59));
#2978 = DIRECTION('',(0.,0.,-1.));
#2979 = DIRECTION('',(-1.184E-14,1.,0.));
#2980 = FACE_BOUND('',#2981,.F.);
#2981 = EDGE_LOOP('',(#2982,#2992,#3001,#3010,#3018,#3027));
#2982 = ORIENTED_EDGE('',*,*,#2983,.F.);
#2983 = EDGE_CURVE('',#2984,#2986,#2988,.T.);
#2984 = VERTEX_POINT('',#2985);
#2985 = CARTESIAN_POINT('',(119.6,-12.8,13.59));
#2986 = VERTEX_POINT('',#2987);
#2987 = CARTESIAN_POINT('',(126.4,-12.8,13.59));
#2988 = LINE('',#2989,#2990);
#2989 = CARTESIAN_POINT('',(59.8,-12.8,13.59));
#2990 = VECTOR('',#2991,1.);
#2991 = DIRECTION('',(1.,0.,0.));
#2992 = ORIENTED_EDGE('',*,*,#2993,.F.);
#2993 = EDGE_CURVE('',#2994,#2984,#2996,.T.);
#2994 = VERTEX_POINT('',#2995);
#2995 = CARTESIAN_POINT('',(119.,-13.4,13.59));
#2996 = CIRCLE('',#2997,0.6);
#2997 = AXIS2_PLACEMENT_3D('',#2998,#2999,#3000);
#2998 = CARTESIAN_POINT('',(119.6,-13.4,13.59));
#2999 = DIRECTION('',(0.,0.,-1.));
#3000 = DIRECTION('',(-1.,8.88E-15,0.));
#3001 = ORIENTED_EDGE('',*,*,#3002,.F.);
#3002 = EDGE_CURVE('',#3003,#2994,#3005,.T.);
#3003 = VERTEX_POINT('',#3004);
#3004 = CARTESIAN_POINT('',(119.6,-14.,13.59));
#3005 = CIRCLE('',#3006,0.6);
#3006 = AXIS2_PLACEMENT_3D('',#3007,#3008,#3009);
#3007 = CARTESIAN_POINT('',(119.6,-13.4,13.59));
#3008 = DIRECTION('',(0.,0.,-1.));
#3009 = DIRECTION('',(-2.368E-14,-1.,-0.));
#3010 = ORIENTED_EDGE('',*,*,#3011,.F.);
#3011 = EDGE_CURVE('',#3012,#3003,#3014,.T.);
#3012 = VERTEX_POINT('',#3013);
#3013 = CARTESIAN_POINT('',(126.4,-14.,13.59));
#3014 = LINE('',#3015,#3016);
#3015 = CARTESIAN_POINT('',(63.2,-14.,13.59));
#3016 = VECTOR('',#3017,1.);
#3017 = DIRECTION('',(-1.,0.,0.));
#3018 = ORIENTED_EDGE('',*,*,#3019,.F.);
#3019 = EDGE_CURVE('',#3020,#3012,#3022,.T.);
#3020 = VERTEX_POINT('',#3021);
#3021 = CARTESIAN_POINT('',(127.,-13.4,13.59));
#3022 = CIRCLE('',#3023,0.6);
#3023 = AXIS2_PLACEMENT_3D('',#3024,#3025,#3026);
#3024 = CARTESIAN_POINT('',(126.4,-13.4,13.59));
#3025 = DIRECTION('',(0.,0.,-1.));
#3026 = DIRECTION('',(1.,-8.88E-15,0.));
#3027 = ORIENTED_EDGE('',*,*,#3028,.F.);
#3028 = EDGE_CURVE('',#2986,#3020,#3029,.T.);
#3029 = CIRCLE('',#3030,0.6);
#3030 = AXIS2_PLACEMENT_3D('',#3031,#3032,#3033);
#3031 = CARTESIAN_POINT('',(126.4,-13.4,13.59));
#3032 = DIRECTION('',(0.,0.,-1.));
#3033 = DIRECTION('',(2.368E-14,1.,0.));
#3034 = PLANE('',#3035);
#3035 = AXIS2_PLACEMENT_3D('',#3036,#3037,#3038);
#3036 = CARTESIAN_POINT('',(122.95668743016,-39.09787768044,13.59));
#3037 = DIRECTION('',(-0.,-0.,-1.));
#3038 = DIRECTION('',(-1.,0.,0.));
#3039 = ADVANCED_FACE('',(#3040),#3051,.T.);
#3040 = FACE_BOUND('',#3041,.T.);
#3041 = EDGE_LOOP('',(#3042,#3048,#3049,#3050));
#3042 = ORIENTED_EDGE('',*,*,#3043,.T.);
#3043 = EDGE_CURVE('',#1909,#2101,#3044,.T.);
#3044 = LINE('',#3045,#3046);
#3045 = CARTESIAN_POINT('',(135.,-65.8,6.3));
#3046 = VECTOR('',#3047,1.);
#3047 = DIRECTION('',(0.,0.,1.));
#3048 = ORIENTED_EDGE('',*,*,#2108,.T.);
#3049 = ORIENTED_EDGE('',*,*,#989,.F.);
#3050 = ORIENTED_EDGE('',*,*,#1916,.F.);
#3051 = CYLINDRICAL_SURFACE('',#3052,1.2);
#3052 = AXIS2_PLACEMENT_3D('',#3053,#3054,#3055);
#3053 = CARTESIAN_POINT('',(133.8,-65.8,6.3));
#3054 = DIRECTION('',(0.,0.,-1.));
#3055 = DIRECTION('',(1.,0.,0.));
#3056 = ADVANCED_FACE('',(#3057),#3060,.F.);
#3057 = FACE_BOUND('',#3058,.T.);
#3058 = EDGE_LOOP('',(#3059));
#3059 = ORIENTED_EDGE('',*,*,#1094,.F.);
#3060 = PLANE('',#3061);
#3061 = AXIS2_PLACEMENT_3D('',#3062,#3063,#3064);
#3062 = CARTESIAN_POINT('',(113.,-52.8,6.8));
#3063 = DIRECTION('',(0.,0.,1.));
#3064 = DIRECTION('',(1.,0.,0.));
#3065 = ADVANCED_FACE('',(#3066),#3084,.T.);
#3066 = FACE_BOUND('',#3067,.T.);
#3067 = EDGE_LOOP('',(#3068,#3076,#3082,#3083));
#3068 = ORIENTED_EDGE('',*,*,#3069,.T.);
#3069 = EDGE_CURVE('',#1313,#3070,#3072,.T.);
#3070 = VERTEX_POINT('',#3071);
#3071 = CARTESIAN_POINT('',(135.,-63.9,9.2));
#3072 = LINE('',#3073,#3074);
#3073 = CARTESIAN_POINT('',(128.3,-63.9,9.2));
#3074 = VECTOR('',#3075,1.);
#3075 = DIRECTION('',(1.,0.,0.));
#3076 = ORIENTED_EDGE('',*,*,#3077,.F.);
#3077 = EDGE_CURVE('',#1901,#3070,#3078,.T.);
#3078 = LINE('',#3079,#3080);
#3079 = CARTESIAN_POINT('',(135.,-63.9,5.7));
#3080 = VECTOR('',#3081,1.);
#3081 = DIRECTION('',(0.,0.,1.));
#3082 = ORIENTED_EDGE('',*,*,#1900,.F.);
#3083 = ORIENTED_EDGE('',*,*,#1320,.F.);
#3084 = PLANE('',#3085);
#3085 = AXIS2_PLACEMENT_3D('',#3086,#3087,#3088);
#3086 = CARTESIAN_POINT('',(128.3,-63.9,5.1));
#3087 = DIRECTION('',(0.,1.,0.));
#3088 = DIRECTION('',(0.,0.,1.));
#3089 = ADVANCED_FACE('',(#3090),#3108,.F.);
#3090 = FACE_BOUND('',#3091,.F.);
#3091 = EDGE_LOOP('',(#3092,#3100,#3101,#3102));
#3092 = ORIENTED_EDGE('',*,*,#3093,.F.);
#3093 = EDGE_CURVE('',#1305,#3094,#3096,.T.);
#3094 = VERTEX_POINT('',#3095);
#3095 = CARTESIAN_POINT('',(135.,-55.4,9.2));
#3096 = LINE('',#3097,#3098);
#3097 = CARTESIAN_POINT('',(128.3,-55.4,9.2));
#3098 = VECTOR('',#3099,1.);
#3099 = DIRECTION('',(1.,0.,0.));
#3100 = ORIENTED_EDGE('',*,*,#1312,.F.);
#3101 = ORIENTED_EDGE('',*,*,#3069,.T.);
#3102 = ORIENTED_EDGE('',*,*,#3103,.F.);
#3103 = EDGE_CURVE('',#3094,#3070,#3104,.T.);
#3104 = LINE('',#3105,#3106);
#3105 = CARTESIAN_POINT('',(135.,-38.65,9.2));
#3106 = VECTOR('',#3107,1.);
#3107 = DIRECTION('',(0.,-1.,0.));
#3108 = PLANE('',#3109);
#3109 = AXIS2_PLACEMENT_3D('',#3110,#3111,#3112);
#3110 = CARTESIAN_POINT('',(128.3,-63.9,9.2));
#3111 = DIRECTION('',(0.,0.,1.));
#3112 = DIRECTION('',(1.,0.,0.));
#3113 = ADVANCED_FACE('',(#3114),#3125,.F.);
#3114 = FACE_BOUND('',#3115,.F.);
#3115 = EDGE_LOOP('',(#3116,#3117,#3123,#3124));
#3116 = ORIENTED_EDGE('',*,*,#3093,.T.);
#3117 = ORIENTED_EDGE('',*,*,#3118,.F.);
#3118 = EDGE_CURVE('',#2012,#3094,#3119,.T.);
#3119 = LINE('',#3120,#3121);
#3120 = CARTESIAN_POINT('',(135.,-55.4,5.7));
#3121 = VECTOR('',#3122,1.);
#3122 = DIRECTION('',(0.,0.,1.));
#3123 = ORIENTED_EDGE('',*,*,#2019,.F.);
#3124 = ORIENTED_EDGE('',*,*,#1304,.F.);
#3125 = PLANE('',#3126);
#3126 = AXIS2_PLACEMENT_3D('',#3127,#3128,#3129);
#3127 = CARTESIAN_POINT('',(128.3,-55.4,5.1));
#3128 = DIRECTION('',(0.,1.,0.));
#3129 = DIRECTION('',(0.,0.,1.));
#3130 = ADVANCED_FACE('',(#3131),#3143,.T.);
#3131 = FACE_BOUND('',#3132,.F.);
#3132 = EDGE_LOOP('',(#3133,#3134,#3135,#3142));
#3133 = ORIENTED_EDGE('',*,*,#2026,.F.);
#3134 = ORIENTED_EDGE('',*,*,#1272,.F.);
#3135 = ORIENTED_EDGE('',*,*,#3136,.T.);
#3136 = EDGE_CURVE('',#1273,#1281,#3137,.T.);
#3137 = CIRCLE('',#3138,1.85);
#3138 = AXIS2_PLACEMENT_3D('',#3139,#3140,#3141);
#3139 = CARTESIAN_POINT('',(133.,-52.8,11.6));
#3140 = DIRECTION('',(0.,0.,1.));
#3141 = DIRECTION('',(1.,0.,0.));
#3142 = ORIENTED_EDGE('',*,*,#1288,.T.);
#3143 = CYLINDRICAL_SURFACE('',#3144,1.85);
#3144 = AXIS2_PLACEMENT_3D('',#3145,#3146,#3147);
#3145 = CARTESIAN_POINT('',(133.,-52.8,6.3));
#3146 = DIRECTION('',(-0.,-0.,-1.));
#3147 = DIRECTION('',(1.,0.,0.));
#3148 = ADVANCED_FACE('',(#3149),#3153,.T.);
#3149 = FACE_BOUND('',#3150,.T.);
#3150 = EDGE_LOOP('',(#3151,#3152));
#3151 = ORIENTED_EDGE('',*,*,#1280,.T.);
#3152 = ORIENTED_EDGE('',*,*,#3136,.T.);
#3153 = PLANE('',#3154);
#3154 = AXIS2_PLACEMENT_3D('',#3155,#3156,#3157);
#3155 = CARTESIAN_POINT('',(133.,-52.8,11.6));
#3156 = DIRECTION('',(0.,0.,1.));
#3157 = DIRECTION('',(1.,0.,0.));
#3158 = ADVANCED_FACE('',(#3159),#3234,.F.);
#3159 = FACE_BOUND('',#3160,.F.);
#3160 = EDGE_LOOP('',(#3161,#3169,#3170,#3178,#3187,#3195,#3203,#3211,
    #3219,#3227));
#3161 = ORIENTED_EDGE('',*,*,#3162,.F.);
#3162 = EDGE_CURVE('',#1649,#3163,#3165,.T.);
#3163 = VERTEX_POINT('',#3164);
#3164 = CARTESIAN_POINT('',(115.05,-51.23174242292,12.725));
#3165 = LINE('',#3166,#3167);
#3166 = CARTESIAN_POINT('',(115.05,-53.,12.725));
#3167 = VECTOR('',#3168,1.);
#3168 = DIRECTION('',(0.,1.,0.));
#3169 = ORIENTED_EDGE('',*,*,#1656,.T.);
#3170 = ORIENTED_EDGE('',*,*,#3171,.T.);
#3171 = EDGE_CURVE('',#1640,#3172,#3174,.T.);
#3172 = VERTEX_POINT('',#3173);
#3173 = CARTESIAN_POINT('',(130.95,-51.23174242292,12.725));
#3174 = LINE('',#3175,#3176);
#3175 = CARTESIAN_POINT('',(130.95,-53.,12.725));
#3176 = VECTOR('',#3177,1.);
#3177 = DIRECTION('',(0.,1.,0.));
#3178 = ORIENTED_EDGE('',*,*,#3179,.T.);
#3179 = EDGE_CURVE('',#3172,#3180,#3182,.T.);
#3180 = VERTEX_POINT('',#3181);
#3181 = CARTESIAN_POINT('',(129.95,-51.45,12.725));
#3182 = CIRCLE('',#3183,2.4);
#3183 = AXIS2_PLACEMENT_3D('',#3184,#3185,#3186);
#3184 = CARTESIAN_POINT('',(129.95,-49.05,12.725));
#3185 = DIRECTION('',(0.,0.,-1.));
#3186 = DIRECTION('',(1.,8.88E-15,0.));
#3187 = ORIENTED_EDGE('',*,*,#3188,.T.);
#3188 = EDGE_CURVE('',#3180,#3189,#3191,.T.);
#3189 = VERTEX_POINT('',#3190);
#3190 = CARTESIAN_POINT('',(129.85,-51.45,12.725));
#3191 = LINE('',#3192,#3193);
#3192 = CARTESIAN_POINT('',(122.5,-51.45,12.725));
#3193 = VECTOR('',#3194,1.);
#3194 = DIRECTION('',(-1.,0.,0.));
#3195 = ORIENTED_EDGE('',*,*,#3196,.F.);
#3196 = EDGE_CURVE('',#3197,#3189,#3199,.T.);
#3197 = VERTEX_POINT('',#3198);
#3198 = CARTESIAN_POINT('',(129.85,-52.6,12.725));
#3199 = LINE('',#3200,#3201);
#3200 = CARTESIAN_POINT('',(129.85,-52.8,12.725));
#3201 = VECTOR('',#3202,1.);
#3202 = DIRECTION('',(0.,1.,0.));
#3203 = ORIENTED_EDGE('',*,*,#3204,.T.);
#3204 = EDGE_CURVE('',#3197,#3205,#3207,.T.);
#3205 = VERTEX_POINT('',#3206);
#3206 = CARTESIAN_POINT('',(116.15,-52.6,12.725));
#3207 = LINE('',#3208,#3209);
#3208 = CARTESIAN_POINT('',(115.6,-52.6,12.725));
#3209 = VECTOR('',#3210,1.);
#3210 = DIRECTION('',(-1.,0.,0.));
#3211 = ORIENTED_EDGE('',*,*,#3212,.T.);
#3212 = EDGE_CURVE('',#3205,#3213,#3215,.T.);
#3213 = VERTEX_POINT('',#3214);
#3214 = CARTESIAN_POINT('',(116.15,-51.45,12.725));
#3215 = LINE('',#3216,#3217);
#3216 = CARTESIAN_POINT('',(116.15,-52.8,12.725));
#3217 = VECTOR('',#3218,1.);
#3218 = DIRECTION('',(0.,1.,0.));
#3219 = ORIENTED_EDGE('',*,*,#3220,.T.);
#3220 = EDGE_CURVE('',#3213,#3221,#3223,.T.);
#3221 = VERTEX_POINT('',#3222);
#3222 = CARTESIAN_POINT('',(116.05,-51.45,12.725));
#3223 = LINE('',#3224,#3225);
#3224 = CARTESIAN_POINT('',(122.5,-51.45,12.725));
#3225 = VECTOR('',#3226,1.);
#3226 = DIRECTION('',(-1.,0.,0.));
#3227 = ORIENTED_EDGE('',*,*,#3228,.T.);
#3228 = EDGE_CURVE('',#3221,#3163,#3229,.T.);
#3229 = CIRCLE('',#3230,2.4);
#3230 = AXIS2_PLACEMENT_3D('',#3231,#3232,#3233);
#3231 = CARTESIAN_POINT('',(116.05,-49.05,12.725));
#3232 = DIRECTION('',(0.,0.,-1.));
#3233 = DIRECTION('',(0.,-1.,0.));
#3234 = PLANE('',#3235);
#3235 = AXIS2_PLACEMENT_3D('',#3236,#3237,#3238);
#3236 = CARTESIAN_POINT('',(115.05,-53.,12.725));
#3237 = DIRECTION('',(0.,0.,1.));
#3238 = DIRECTION('',(1.,0.,0.));
#3239 = ADVANCED_FACE('',(#3240),#3283,.F.);
#3240 = FACE_BOUND('',#3241,.F.);
#3241 = EDGE_LOOP('',(#3242,#3250,#3259,#3267,#3276,#3282));
#3242 = ORIENTED_EDGE('',*,*,#3243,.F.);
#3243 = EDGE_CURVE('',#3244,#1680,#3246,.T.);
#3244 = VERTEX_POINT('',#3245);
#3245 = CARTESIAN_POINT('',(115.05,-16.36825757707,12.725));
#3246 = LINE('',#3247,#3248);
#3247 = CARTESIAN_POINT('',(115.05,-53.,12.725));
#3248 = VECTOR('',#3249,1.);
#3249 = DIRECTION('',(0.,1.,0.));
#3250 = ORIENTED_EDGE('',*,*,#3251,.T.);
#3251 = EDGE_CURVE('',#3244,#3252,#3254,.T.);
#3252 = VERTEX_POINT('',#3253);
#3253 = CARTESIAN_POINT('',(116.05,-16.15,12.725));
#3254 = CIRCLE('',#3255,2.4);
#3255 = AXIS2_PLACEMENT_3D('',#3256,#3257,#3258);
#3256 = CARTESIAN_POINT('',(116.05,-18.55,12.725));
#3257 = DIRECTION('',(0.,0.,-1.));
#3258 = DIRECTION('',(-1.,-5.92E-15,-0.));
#3259 = ORIENTED_EDGE('',*,*,#3260,.T.);
#3260 = EDGE_CURVE('',#3252,#3261,#3263,.T.);
#3261 = VERTEX_POINT('',#3262);
#3262 = CARTESIAN_POINT('',(129.95,-16.15,12.725));
#3263 = LINE('',#3264,#3265);
#3264 = CARTESIAN_POINT('',(115.55,-16.15,12.725));
#3265 = VECTOR('',#3266,1.);
#3266 = DIRECTION('',(1.,0.,0.));
#3267 = ORIENTED_EDGE('',*,*,#3268,.T.);
#3268 = EDGE_CURVE('',#3261,#3269,#3271,.T.);
#3269 = VERTEX_POINT('',#3270);
#3270 = CARTESIAN_POINT('',(130.95,-16.36825757707,12.725));
#3271 = CIRCLE('',#3272,2.4);
#3272 = AXIS2_PLACEMENT_3D('',#3273,#3274,#3275);
#3273 = CARTESIAN_POINT('',(129.95,-18.55,12.725));
#3274 = DIRECTION('',(0.,0.,-1.));
#3275 = DIRECTION('',(-1.184E-14,1.,0.));
#3276 = ORIENTED_EDGE('',*,*,#3277,.T.);
#3277 = EDGE_CURVE('',#3269,#1671,#3278,.T.);
#3278 = LINE('',#3279,#3280);
#3279 = CARTESIAN_POINT('',(130.95,-53.,12.725));
#3280 = VECTOR('',#3281,1.);
#3281 = DIRECTION('',(0.,1.,0.));
#3282 = ORIENTED_EDGE('',*,*,#1687,.F.);
#3283 = PLANE('',#3284);
#3284 = AXIS2_PLACEMENT_3D('',#3285,#3286,#3287);
#3285 = CARTESIAN_POINT('',(115.05,-53.,12.725));
#3286 = DIRECTION('',(0.,0.,1.));
#3287 = DIRECTION('',(1.,0.,0.));
#3288 = ADVANCED_FACE('',(#3289),#3308,.F.);
#3289 = FACE_BOUND('',#3290,.T.);
#3290 = EDGE_LOOP('',(#3291,#3292,#3300,#3307));
#3291 = ORIENTED_EDGE('',*,*,#1766,.T.);
#3292 = ORIENTED_EDGE('',*,*,#3293,.T.);
#3293 = EDGE_CURVE('',#1767,#3294,#3296,.T.);
#3294 = VERTEX_POINT('',#3295);
#3295 = CARTESIAN_POINT('',(124.4,-64.7,6.8));
#3296 = LINE('',#3297,#3298);
#3297 = CARTESIAN_POINT('',(124.4,-64.7,6.2));
#3298 = VECTOR('',#3299,1.);
#3299 = DIRECTION('',(0.,0.,1.));
#3300 = ORIENTED_EDGE('',*,*,#3301,.T.);
#3301 = EDGE_CURVE('',#3294,#3294,#3302,.T.);
#3302 = CIRCLE('',#3303,1.6);
#3303 = AXIS2_PLACEMENT_3D('',#3304,#3305,#3306);
#3304 = CARTESIAN_POINT('',(122.8,-64.7,6.8));
#3305 = DIRECTION('',(0.,0.,1.));
#3306 = DIRECTION('',(1.,0.,0.));
#3307 = ORIENTED_EDGE('',*,*,#3293,.F.);
#3308 = CYLINDRICAL_SURFACE('',#3309,1.6);
#3309 = AXIS2_PLACEMENT_3D('',#3310,#3311,#3312);
#3310 = CARTESIAN_POINT('',(122.8,-64.7,6.2));
#3311 = DIRECTION('',(-0.,-0.,-1.));
#3312 = DIRECTION('',(1.,0.,0.));
#3313 = ADVANCED_FACE('',(#3314),#3324,.T.);
#3314 = FACE_BOUND('',#3315,.T.);
#3315 = EDGE_LOOP('',(#3316,#3317,#3318,#3319,#3320,#3321,#3322,#3323));
#3316 = ORIENTED_EDGE('',*,*,#2011,.F.);
#3317 = ORIENTED_EDGE('',*,*,#2083,.T.);
#3318 = ORIENTED_EDGE('',*,*,#2100,.T.);
#3319 = ORIENTED_EDGE('',*,*,#3043,.F.);
#3320 = ORIENTED_EDGE('',*,*,#1908,.F.);
#3321 = ORIENTED_EDGE('',*,*,#3077,.T.);
#3322 = ORIENTED_EDGE('',*,*,#3103,.F.);
#3323 = ORIENTED_EDGE('',*,*,#3118,.F.);
#3324 = PLANE('',#3325);
#3325 = AXIS2_PLACEMENT_3D('',#3326,#3327,#3328);
#3326 = CARTESIAN_POINT('',(135.,-13.4,6.3));
#3327 = DIRECTION('',(1.,0.,0.));
#3328 = DIRECTION('',(0.,-1.,0.));
#3329 = ADVANCED_FACE('',(#3330),#3349,.F.);
#3330 = FACE_BOUND('',#3331,.T.);
#3331 = EDGE_LOOP('',(#3332,#3333,#3341,#3348));
#3332 = ORIENTED_EDGE('',*,*,#2056,.T.);
#3333 = ORIENTED_EDGE('',*,*,#3334,.T.);
#3334 = EDGE_CURVE('',#2057,#3335,#3337,.T.);
#3335 = VERTEX_POINT('',#3336);
#3336 = CARTESIAN_POINT('',(134.6,-52.8,6.8));
#3337 = LINE('',#3338,#3339);
#3338 = CARTESIAN_POINT('',(134.6,-52.8,6.2));
#3339 = VECTOR('',#3340,1.);
#3340 = DIRECTION('',(0.,0.,1.));
#3341 = ORIENTED_EDGE('',*,*,#3342,.T.);
#3342 = EDGE_CURVE('',#3335,#3335,#3343,.T.);
#3343 = CIRCLE('',#3344,1.6);
#3344 = AXIS2_PLACEMENT_3D('',#3345,#3346,#3347);
#3345 = CARTESIAN_POINT('',(133.,-52.8,6.8));
#3346 = DIRECTION('',(0.,0.,1.));
#3347 = DIRECTION('',(1.,0.,0.));
#3348 = ORIENTED_EDGE('',*,*,#3334,.F.);
#3349 = CYLINDRICAL_SURFACE('',#3350,1.6);
#3350 = AXIS2_PLACEMENT_3D('',#3351,#3352,#3353);
#3351 = CARTESIAN_POINT('',(133.,-52.8,6.2));
#3352 = DIRECTION('',(-0.,-0.,-1.));
#3353 = DIRECTION('',(1.,0.,0.));
#3354 = ADVANCED_FACE('',(#3355),#3380,.F.);
#3355 = FACE_BOUND('',#3356,.F.);
#3356 = EDGE_LOOP('',(#3357,#3367,#3373,#3374));
#3357 = ORIENTED_EDGE('',*,*,#3358,.F.);
#3358 = EDGE_CURVE('',#3359,#3361,#3363,.T.);
#3359 = VERTEX_POINT('',#3360);
#3360 = CARTESIAN_POINT('',(127.8,-62.9,13.19));
#3361 = VERTEX_POINT('',#3362);
#3362 = CARTESIAN_POINT('',(130.6,-62.9,13.19));
#3363 = LINE('',#3364,#3365);
#3364 = CARTESIAN_POINT('',(63.9,-62.9,13.19));
#3365 = VECTOR('',#3366,1.);
#3366 = DIRECTION('',(1.,0.,0.));
#3367 = ORIENTED_EDGE('',*,*,#3368,.T.);
#3368 = EDGE_CURVE('',#3359,#2122,#3369,.T.);
#3369 = LINE('',#3370,#3371);
#3370 = CARTESIAN_POINT('',(127.8,-62.9,0.));
#3371 = VECTOR('',#3372,1.);
#3372 = DIRECTION('',(0.,0.,1.));
#3373 = ORIENTED_EDGE('',*,*,#2121,.T.);
#3374 = ORIENTED_EDGE('',*,*,#3375,.F.);
#3375 = EDGE_CURVE('',#3361,#2124,#3376,.T.);
#3376 = LINE('',#3377,#3378);
#3377 = CARTESIAN_POINT('',(130.6,-62.9,0.));
#3378 = VECTOR('',#3379,1.);
#3379 = DIRECTION('',(0.,0.,1.));
#3380 = PLANE('',#3381);
#3381 = AXIS2_PLACEMENT_3D('',#3382,#3383,#3384);
#3382 = CARTESIAN_POINT('',(127.8,-62.9,0.));
#3383 = DIRECTION('',(0.,1.,0.));
#3384 = DIRECTION('',(1.,0.,0.));
#3385 = ADVANCED_FACE('',(#3386),#3405,.F.);
#3386 = FACE_BOUND('',#3387,.F.);
#3387 = EDGE_LOOP('',(#3388,#3397,#3398,#3399));
#3388 = ORIENTED_EDGE('',*,*,#3389,.F.);
#3389 = EDGE_CURVE('',#3361,#3390,#3392,.T.);
#3390 = VERTEX_POINT('',#3391);
#3391 = CARTESIAN_POINT('',(131.4,-63.7,13.19));
#3392 = CIRCLE('',#3393,0.8);
#3393 = AXIS2_PLACEMENT_3D('',#3394,#3395,#3396);
#3394 = CARTESIAN_POINT('',(130.6,-63.7,13.19));
#3395 = DIRECTION('',(0.,0.,-1.));
#3396 = DIRECTION('',(3.553E-14,1.,0.));
#3397 = ORIENTED_EDGE('',*,*,#3375,.T.);
#3398 = ORIENTED_EDGE('',*,*,#2182,.T.);
#3399 = ORIENTED_EDGE('',*,*,#3400,.F.);
#3400 = EDGE_CURVE('',#3390,#2175,#3401,.T.);
#3401 = LINE('',#3402,#3403);
#3402 = CARTESIAN_POINT('',(131.4,-63.7,0.));
#3403 = VECTOR('',#3404,1.);
#3404 = DIRECTION('',(0.,0.,1.));
#3405 = CYLINDRICAL_SURFACE('',#3406,0.8);
#3406 = AXIS2_PLACEMENT_3D('',#3407,#3408,#3409);
#3407 = CARTESIAN_POINT('',(130.6,-63.7,0.));
#3408 = DIRECTION('',(0.,0.,-1.));
#3409 = DIRECTION('',(3.553E-14,1.,0.));
#3410 = ADVANCED_FACE('',(#3411),#3429,.F.);
#3411 = FACE_BOUND('',#3412,.F.);
#3412 = EDGE_LOOP('',(#3413,#3421,#3422,#3423));
#3413 = ORIENTED_EDGE('',*,*,#3414,.F.);
#3414 = EDGE_CURVE('',#3390,#3415,#3417,.T.);
#3415 = VERTEX_POINT('',#3416);
#3416 = CARTESIAN_POINT('',(131.4,-64.2,13.19));
#3417 = LINE('',#3418,#3419);
#3418 = CARTESIAN_POINT('',(131.4,-91.85,13.19));
#3419 = VECTOR('',#3420,1.);
#3420 = DIRECTION('',(0.,-1.,0.));
#3421 = ORIENTED_EDGE('',*,*,#3400,.T.);
#3422 = ORIENTED_EDGE('',*,*,#2174,.T.);
#3423 = ORIENTED_EDGE('',*,*,#3424,.F.);
#3424 = EDGE_CURVE('',#3415,#2166,#3425,.T.);
#3425 = LINE('',#3426,#3427);
#3426 = CARTESIAN_POINT('',(131.4,-64.2,0.));
#3427 = VECTOR('',#3428,1.);
#3428 = DIRECTION('',(0.,0.,1.));
#3429 = PLANE('',#3430);
#3430 = AXIS2_PLACEMENT_3D('',#3431,#3432,#3433);
#3431 = CARTESIAN_POINT('',(131.4,-63.7,0.));
#3432 = DIRECTION('',(1.,0.,0.));
#3433 = DIRECTION('',(0.,-1.,0.));
#3434 = ADVANCED_FACE('',(#3435),#3454,.F.);
#3435 = FACE_BOUND('',#3436,.F.);
#3436 = EDGE_LOOP('',(#3437,#3446,#3447,#3448));
#3437 = ORIENTED_EDGE('',*,*,#3438,.F.);
#3438 = EDGE_CURVE('',#3415,#3439,#3441,.T.);
#3439 = VERTEX_POINT('',#3440);
#3440 = CARTESIAN_POINT('',(130.6,-65.,13.19));
#3441 = CIRCLE('',#3442,0.8);
#3442 = AXIS2_PLACEMENT_3D('',#3443,#3444,#3445);
#3443 = CARTESIAN_POINT('',(130.6,-64.2,13.19));
#3444 = DIRECTION('',(0.,0.,-1.));
#3445 = DIRECTION('',(1.,-3.553E-14,0.));
#3446 = ORIENTED_EDGE('',*,*,#3424,.T.);
#3447 = ORIENTED_EDGE('',*,*,#2165,.T.);
#3448 = ORIENTED_EDGE('',*,*,#3449,.F.);
#3449 = EDGE_CURVE('',#3439,#2158,#3450,.T.);
#3450 = LINE('',#3451,#3452);
#3451 = CARTESIAN_POINT('',(130.6,-65.,0.));
#3452 = VECTOR('',#3453,1.);
#3453 = DIRECTION('',(0.,0.,1.));
#3454 = CYLINDRICAL_SURFACE('',#3455,0.8);
#3455 = AXIS2_PLACEMENT_3D('',#3456,#3457,#3458);
#3456 = CARTESIAN_POINT('',(130.6,-64.2,0.));
#3457 = DIRECTION('',(0.,0.,-1.));
#3458 = DIRECTION('',(1.,-3.553E-14,0.));
#3459 = ADVANCED_FACE('',(#3460),#3478,.F.);
#3460 = FACE_BOUND('',#3461,.F.);
#3461 = EDGE_LOOP('',(#3462,#3470,#3471,#3472));
#3462 = ORIENTED_EDGE('',*,*,#3463,.F.);
#3463 = EDGE_CURVE('',#3439,#3464,#3466,.T.);
#3464 = VERTEX_POINT('',#3465);
#3465 = CARTESIAN_POINT('',(127.8,-65.,13.19));
#3466 = LINE('',#3467,#3468);
#3467 = CARTESIAN_POINT('',(65.3,-65.,13.19));
#3468 = VECTOR('',#3469,1.);
#3469 = DIRECTION('',(-1.,0.,0.));
#3470 = ORIENTED_EDGE('',*,*,#3449,.T.);
#3471 = ORIENTED_EDGE('',*,*,#2157,.T.);
#3472 = ORIENTED_EDGE('',*,*,#3473,.F.);
#3473 = EDGE_CURVE('',#3464,#2149,#3474,.T.);
#3474 = LINE('',#3475,#3476);
#3475 = CARTESIAN_POINT('',(127.8,-65.,0.));
#3476 = VECTOR('',#3477,1.);
#3477 = DIRECTION('',(0.,0.,1.));
#3478 = PLANE('',#3479);
#3479 = AXIS2_PLACEMENT_3D('',#3480,#3481,#3482);
#3480 = CARTESIAN_POINT('',(130.6,-65.,0.));
#3481 = DIRECTION('',(0.,-1.,0.));
#3482 = DIRECTION('',(-1.,0.,0.));
#3483 = ADVANCED_FACE('',(#3484),#3503,.F.);
#3484 = FACE_BOUND('',#3485,.F.);
#3485 = EDGE_LOOP('',(#3486,#3495,#3496,#3497));
#3486 = ORIENTED_EDGE('',*,*,#3487,.F.);
#3487 = EDGE_CURVE('',#3464,#3488,#3490,.T.);
#3488 = VERTEX_POINT('',#3489);
#3489 = CARTESIAN_POINT('',(127.,-64.2,13.19));
#3490 = CIRCLE('',#3491,0.8);
#3491 = AXIS2_PLACEMENT_3D('',#3492,#3493,#3494);
#3492 = CARTESIAN_POINT('',(127.8,-64.2,13.19));
#3493 = DIRECTION('',(0.,0.,-1.));
#3494 = DIRECTION('',(3.553E-14,-1.,0.));
#3495 = ORIENTED_EDGE('',*,*,#3473,.T.);
#3496 = ORIENTED_EDGE('',*,*,#2148,.T.);
#3497 = ORIENTED_EDGE('',*,*,#3498,.F.);
#3498 = EDGE_CURVE('',#3488,#2141,#3499,.T.);
#3499 = LINE('',#3500,#3501);
#3500 = CARTESIAN_POINT('',(127.,-64.2,0.));
#3501 = VECTOR('',#3502,1.);
#3502 = DIRECTION('',(0.,0.,1.));
#3503 = CYLINDRICAL_SURFACE('',#3504,0.8);
#3504 = AXIS2_PLACEMENT_3D('',#3505,#3506,#3507);
#3505 = CARTESIAN_POINT('',(127.8,-64.2,0.));
#3506 = DIRECTION('',(0.,0.,-1.));
#3507 = DIRECTION('',(3.553E-14,-1.,0.));
#3508 = ADVANCED_FACE('',(#3509),#3527,.F.);
#3509 = FACE_BOUND('',#3510,.F.);
#3510 = EDGE_LOOP('',(#3511,#3519,#3520,#3521));
#3511 = ORIENTED_EDGE('',*,*,#3512,.F.);
#3512 = EDGE_CURVE('',#3488,#3513,#3515,.T.);
#3513 = VERTEX_POINT('',#3514);
#3514 = CARTESIAN_POINT('',(127.,-63.7,13.19));
#3515 = LINE('',#3516,#3517);
#3516 = CARTESIAN_POINT('',(127.,-92.1,13.19));
#3517 = VECTOR('',#3518,1.);
#3518 = DIRECTION('',(0.,1.,0.));
#3519 = ORIENTED_EDGE('',*,*,#3498,.T.);
#3520 = ORIENTED_EDGE('',*,*,#2140,.T.);
#3521 = ORIENTED_EDGE('',*,*,#3522,.F.);
#3522 = EDGE_CURVE('',#3513,#2132,#3523,.T.);
#3523 = LINE('',#3524,#3525);
#3524 = CARTESIAN_POINT('',(127.,-63.7,0.));
#3525 = VECTOR('',#3526,1.);
#3526 = DIRECTION('',(0.,0.,1.));
#3527 = PLANE('',#3528);
#3528 = AXIS2_PLACEMENT_3D('',#3529,#3530,#3531);
#3529 = CARTESIAN_POINT('',(127.,-64.2,0.));
#3530 = DIRECTION('',(-1.,0.,0.));
#3531 = DIRECTION('',(0.,1.,0.));
#3532 = ADVANCED_FACE('',(#3533),#3545,.F.);
#3533 = FACE_BOUND('',#3534,.F.);
#3534 = EDGE_LOOP('',(#3535,#3542,#3543,#3544));
#3535 = ORIENTED_EDGE('',*,*,#3536,.F.);
#3536 = EDGE_CURVE('',#3513,#3359,#3537,.T.);
#3537 = CIRCLE('',#3538,0.8);
#3538 = AXIS2_PLACEMENT_3D('',#3539,#3540,#3541);
#3539 = CARTESIAN_POINT('',(127.8,-63.7,13.19));
#3540 = DIRECTION('',(0.,0.,-1.));
#3541 = DIRECTION('',(-1.,0.,0.));
#3542 = ORIENTED_EDGE('',*,*,#3522,.T.);
#3543 = ORIENTED_EDGE('',*,*,#2131,.T.);
#3544 = ORIENTED_EDGE('',*,*,#3368,.F.);
#3545 = CYLINDRICAL_SURFACE('',#3546,0.8);
#3546 = AXIS2_PLACEMENT_3D('',#3547,#3548,#3549);
#3547 = CARTESIAN_POINT('',(127.8,-63.7,0.));
#3548 = DIRECTION('',(0.,0.,-1.));
#3549 = DIRECTION('',(-1.,0.,0.));
#3550 = ADVANCED_FACE('',(#3551),#3576,.F.);
#3551 = FACE_BOUND('',#3552,.F.);
#3552 = EDGE_LOOP('',(#3553,#3563,#3569,#3570));
#3553 = ORIENTED_EDGE('',*,*,#3554,.F.);
#3554 = EDGE_CURVE('',#3555,#3557,#3559,.T.);
#3555 = VERTEX_POINT('',#3556);
#3556 = CARTESIAN_POINT('',(127.8,-59.8,13.19));
#3557 = VERTEX_POINT('',#3558);
#3558 = CARTESIAN_POINT('',(130.6,-59.8,13.19));
#3559 = LINE('',#3560,#3561);
#3560 = CARTESIAN_POINT('',(63.9,-59.8,13.19));
#3561 = VECTOR('',#3562,1.);
#3562 = DIRECTION('',(1.,0.,0.));
#3563 = ORIENTED_EDGE('',*,*,#3564,.T.);
#3564 = EDGE_CURVE('',#3555,#2192,#3565,.T.);
#3565 = LINE('',#3566,#3567);
#3566 = CARTESIAN_POINT('',(127.8,-59.8,0.));
#3567 = VECTOR('',#3568,1.);
#3568 = DIRECTION('',(0.,0.,1.));
#3569 = ORIENTED_EDGE('',*,*,#2191,.T.);
#3570 = ORIENTED_EDGE('',*,*,#3571,.F.);
#3571 = EDGE_CURVE('',#3557,#2194,#3572,.T.);
#3572 = LINE('',#3573,#3574);
#3573 = CARTESIAN_POINT('',(130.6,-59.8,0.));
#3574 = VECTOR('',#3575,1.);
#3575 = DIRECTION('',(0.,0.,1.));
#3576 = PLANE('',#3577);
#3577 = AXIS2_PLACEMENT_3D('',#3578,#3579,#3580);
#3578 = CARTESIAN_POINT('',(127.8,-59.8,0.));
#3579 = DIRECTION('',(0.,1.,0.));
#3580 = DIRECTION('',(1.,0.,0.));
#3581 = ADVANCED_FACE('',(#3582),#3601,.F.);
#3582 = FACE_BOUND('',#3583,.F.);
#3583 = EDGE_LOOP('',(#3584,#3593,#3594,#3595));
#3584 = ORIENTED_EDGE('',*,*,#3585,.F.);
#3585 = EDGE_CURVE('',#3557,#3586,#3588,.T.);
#3586 = VERTEX_POINT('',#3587);
#3587 = CARTESIAN_POINT('',(131.4,-60.6,13.19));
#3588 = CIRCLE('',#3589,0.8);
#3589 = AXIS2_PLACEMENT_3D('',#3590,#3591,#3592);
#3590 = CARTESIAN_POINT('',(130.6,-60.6,13.19));
#3591 = DIRECTION('',(0.,0.,-1.));
#3592 = DIRECTION('',(3.553E-14,1.,0.));
#3593 = ORIENTED_EDGE('',*,*,#3571,.T.);
#3594 = ORIENTED_EDGE('',*,*,#2252,.T.);
#3595 = ORIENTED_EDGE('',*,*,#3596,.F.);
#3596 = EDGE_CURVE('',#3586,#2245,#3597,.T.);
#3597 = LINE('',#3598,#3599);
#3598 = CARTESIAN_POINT('',(131.4,-60.6,0.));
#3599 = VECTOR('',#3600,1.);
#3600 = DIRECTION('',(0.,0.,1.));
#3601 = CYLINDRICAL_SURFACE('',#3602,0.8);
#3602 = AXIS2_PLACEMENT_3D('',#3603,#3604,#3605);
#3603 = CARTESIAN_POINT('',(130.6,-60.6,0.));
#3604 = DIRECTION('',(0.,0.,-1.));
#3605 = DIRECTION('',(3.553E-14,1.,0.));
#3606 = ADVANCED_FACE('',(#3607),#3625,.F.);
#3607 = FACE_BOUND('',#3608,.F.);
#3608 = EDGE_LOOP('',(#3609,#3617,#3618,#3619));
#3609 = ORIENTED_EDGE('',*,*,#3610,.F.);
#3610 = EDGE_CURVE('',#3586,#3611,#3613,.T.);
#3611 = VERTEX_POINT('',#3612);
#3612 = CARTESIAN_POINT('',(131.4,-61.1,13.19));
#3613 = LINE('',#3614,#3615);
#3614 = CARTESIAN_POINT('',(131.4,-90.3,13.19));
#3615 = VECTOR('',#3616,1.);
#3616 = DIRECTION('',(0.,-1.,0.));
#3617 = ORIENTED_EDGE('',*,*,#3596,.T.);
#3618 = ORIENTED_EDGE('',*,*,#2244,.T.);
#3619 = ORIENTED_EDGE('',*,*,#3620,.F.);
#3620 = EDGE_CURVE('',#3611,#2236,#3621,.T.);
#3621 = LINE('',#3622,#3623);
#3622 = CARTESIAN_POINT('',(131.4,-61.1,0.));
#3623 = VECTOR('',#3624,1.);
#3624 = DIRECTION('',(0.,0.,1.));
#3625 = PLANE('',#3626);
#3626 = AXIS2_PLACEMENT_3D('',#3627,#3628,#3629);
#3627 = CARTESIAN_POINT('',(131.4,-60.6,0.));
#3628 = DIRECTION('',(1.,0.,0.));
#3629 = DIRECTION('',(0.,-1.,0.));
#3630 = ADVANCED_FACE('',(#3631),#3650,.F.);
#3631 = FACE_BOUND('',#3632,.F.);
#3632 = EDGE_LOOP('',(#3633,#3642,#3643,#3644));
#3633 = ORIENTED_EDGE('',*,*,#3634,.F.);
#3634 = EDGE_CURVE('',#3611,#3635,#3637,.T.);
#3635 = VERTEX_POINT('',#3636);
#3636 = CARTESIAN_POINT('',(130.6,-61.9,13.19));
#3637 = CIRCLE('',#3638,0.8);
#3638 = AXIS2_PLACEMENT_3D('',#3639,#3640,#3641);
#3639 = CARTESIAN_POINT('',(130.6,-61.1,13.19));
#3640 = DIRECTION('',(0.,0.,-1.));
#3641 = DIRECTION('',(1.,-4.441E-14,0.));
#3642 = ORIENTED_EDGE('',*,*,#3620,.T.);
#3643 = ORIENTED_EDGE('',*,*,#2235,.T.);
#3644 = ORIENTED_EDGE('',*,*,#3645,.F.);
#3645 = EDGE_CURVE('',#3635,#2228,#3646,.T.);
#3646 = LINE('',#3647,#3648);
#3647 = CARTESIAN_POINT('',(130.6,-61.9,0.));
#3648 = VECTOR('',#3649,1.);
#3649 = DIRECTION('',(0.,0.,1.));
#3650 = CYLINDRICAL_SURFACE('',#3651,0.8);
#3651 = AXIS2_PLACEMENT_3D('',#3652,#3653,#3654);
#3652 = CARTESIAN_POINT('',(130.6,-61.1,0.));
#3653 = DIRECTION('',(0.,0.,-1.));
#3654 = DIRECTION('',(1.,-4.441E-14,0.));
#3655 = ADVANCED_FACE('',(#3656),#3674,.F.);
#3656 = FACE_BOUND('',#3657,.F.);
#3657 = EDGE_LOOP('',(#3658,#3666,#3667,#3668));
#3658 = ORIENTED_EDGE('',*,*,#3659,.F.);
#3659 = EDGE_CURVE('',#3635,#3660,#3662,.T.);
#3660 = VERTEX_POINT('',#3661);
#3661 = CARTESIAN_POINT('',(127.8,-61.9,13.19));
#3662 = LINE('',#3663,#3664);
#3663 = CARTESIAN_POINT('',(65.3,-61.9,13.19));
#3664 = VECTOR('',#3665,1.);
#3665 = DIRECTION('',(-1.,0.,0.));
#3666 = ORIENTED_EDGE('',*,*,#3645,.T.);
#3667 = ORIENTED_EDGE('',*,*,#2227,.T.);
#3668 = ORIENTED_EDGE('',*,*,#3669,.F.);
#3669 = EDGE_CURVE('',#3660,#2219,#3670,.T.);
#3670 = LINE('',#3671,#3672);
#3671 = CARTESIAN_POINT('',(127.8,-61.9,0.));
#3672 = VECTOR('',#3673,1.);
#3673 = DIRECTION('',(0.,0.,1.));
#3674 = PLANE('',#3675);
#3675 = AXIS2_PLACEMENT_3D('',#3676,#3677,#3678);
#3676 = CARTESIAN_POINT('',(130.6,-61.9,0.));
#3677 = DIRECTION('',(0.,-1.,0.));
#3678 = DIRECTION('',(-1.,0.,0.));
#3679 = ADVANCED_FACE('',(#3680),#3699,.F.);
#3680 = FACE_BOUND('',#3681,.F.);
#3681 = EDGE_LOOP('',(#3682,#3691,#3692,#3693));
#3682 = ORIENTED_EDGE('',*,*,#3683,.F.);
#3683 = EDGE_CURVE('',#3660,#3684,#3686,.T.);
#3684 = VERTEX_POINT('',#3685);
#3685 = CARTESIAN_POINT('',(127.,-61.1,13.19));
#3686 = CIRCLE('',#3687,0.8);
#3687 = AXIS2_PLACEMENT_3D('',#3688,#3689,#3690);
#3688 = CARTESIAN_POINT('',(127.8,-61.1,13.19));
#3689 = DIRECTION('',(0.,0.,-1.));
#3690 = DIRECTION('',(0.,-1.,0.));
#3691 = ORIENTED_EDGE('',*,*,#3669,.T.);
#3692 = ORIENTED_EDGE('',*,*,#2218,.T.);
#3693 = ORIENTED_EDGE('',*,*,#3694,.F.);
#3694 = EDGE_CURVE('',#3684,#2211,#3695,.T.);
#3695 = LINE('',#3696,#3697);
#3696 = CARTESIAN_POINT('',(127.,-61.1,0.));
#3697 = VECTOR('',#3698,1.);
#3698 = DIRECTION('',(0.,0.,1.));
#3699 = CYLINDRICAL_SURFACE('',#3700,0.8);
#3700 = AXIS2_PLACEMENT_3D('',#3701,#3702,#3703);
#3701 = CARTESIAN_POINT('',(127.8,-61.1,0.));
#3702 = DIRECTION('',(0.,0.,-1.));
#3703 = DIRECTION('',(0.,-1.,0.));
#3704 = ADVANCED_FACE('',(#3705),#3723,.F.);
#3705 = FACE_BOUND('',#3706,.F.);
#3706 = EDGE_LOOP('',(#3707,#3715,#3716,#3717));
#3707 = ORIENTED_EDGE('',*,*,#3708,.F.);
#3708 = EDGE_CURVE('',#3684,#3709,#3711,.T.);
#3709 = VERTEX_POINT('',#3710);
#3710 = CARTESIAN_POINT('',(127.,-60.6,13.19));
#3711 = LINE('',#3712,#3713);
#3712 = CARTESIAN_POINT('',(127.,-90.55,13.19));
#3713 = VECTOR('',#3714,1.);
#3714 = DIRECTION('',(0.,1.,0.));
#3715 = ORIENTED_EDGE('',*,*,#3694,.T.);
#3716 = ORIENTED_EDGE('',*,*,#2210,.T.);
#3717 = ORIENTED_EDGE('',*,*,#3718,.F.);
#3718 = EDGE_CURVE('',#3709,#2202,#3719,.T.);
#3719 = LINE('',#3720,#3721);
#3720 = CARTESIAN_POINT('',(127.,-60.6,0.));
#3721 = VECTOR('',#3722,1.);
#3722 = DIRECTION('',(0.,0.,1.));
#3723 = PLANE('',#3724);
#3724 = AXIS2_PLACEMENT_3D('',#3725,#3726,#3727);
#3725 = CARTESIAN_POINT('',(127.,-61.1,0.));
#3726 = DIRECTION('',(-1.,0.,0.));
#3727 = DIRECTION('',(0.,1.,0.));
#3728 = ADVANCED_FACE('',(#3729),#3741,.F.);
#3729 = FACE_BOUND('',#3730,.F.);
#3730 = EDGE_LOOP('',(#3731,#3738,#3739,#3740));
#3731 = ORIENTED_EDGE('',*,*,#3732,.F.);
#3732 = EDGE_CURVE('',#3709,#3555,#3733,.T.);
#3733 = CIRCLE('',#3734,0.8);
#3734 = AXIS2_PLACEMENT_3D('',#3735,#3736,#3737);
#3735 = CARTESIAN_POINT('',(127.8,-60.6,13.19));
#3736 = DIRECTION('',(0.,0.,-1.));
#3737 = DIRECTION('',(-1.,0.,0.));
#3738 = ORIENTED_EDGE('',*,*,#3718,.T.);
#3739 = ORIENTED_EDGE('',*,*,#2201,.T.);
#3740 = ORIENTED_EDGE('',*,*,#3564,.F.);
#3741 = CYLINDRICAL_SURFACE('',#3742,0.8);
#3742 = AXIS2_PLACEMENT_3D('',#3743,#3744,#3745);
#3743 = CARTESIAN_POINT('',(127.8,-60.6,0.));
#3744 = DIRECTION('',(0.,0.,-1.));
#3745 = DIRECTION('',(-1.,0.,0.));
#3746 = ADVANCED_FACE('',(#3747),#3772,.F.);
#3747 = FACE_BOUND('',#3748,.F.);
#3748 = EDGE_LOOP('',(#3749,#3759,#3765,#3766));
#3749 = ORIENTED_EDGE('',*,*,#3750,.F.);
#3750 = EDGE_CURVE('',#3751,#3753,#3755,.T.);
#3751 = VERTEX_POINT('',#3752);
#3752 = CARTESIAN_POINT('',(127.8,-56.7,13.19));
#3753 = VERTEX_POINT('',#3754);
#3754 = CARTESIAN_POINT('',(130.6,-56.7,13.19));
#3755 = LINE('',#3756,#3757);
#3756 = CARTESIAN_POINT('',(63.9,-56.7,13.19));
#3757 = VECTOR('',#3758,1.);
#3758 = DIRECTION('',(1.,0.,0.));
#3759 = ORIENTED_EDGE('',*,*,#3760,.T.);
#3760 = EDGE_CURVE('',#3751,#2262,#3761,.T.);
#3761 = LINE('',#3762,#3763);
#3762 = CARTESIAN_POINT('',(127.8,-56.7,0.));
#3763 = VECTOR('',#3764,1.);
#3764 = DIRECTION('',(0.,0.,1.));
#3765 = ORIENTED_EDGE('',*,*,#2261,.T.);
#3766 = ORIENTED_EDGE('',*,*,#3767,.F.);
#3767 = EDGE_CURVE('',#3753,#2264,#3768,.T.);
#3768 = LINE('',#3769,#3770);
#3769 = CARTESIAN_POINT('',(130.6,-56.7,0.));
#3770 = VECTOR('',#3771,1.);
#3771 = DIRECTION('',(0.,0.,1.));
#3772 = PLANE('',#3773);
#3773 = AXIS2_PLACEMENT_3D('',#3774,#3775,#3776);
#3774 = CARTESIAN_POINT('',(127.8,-56.7,0.));
#3775 = DIRECTION('',(0.,1.,0.));
#3776 = DIRECTION('',(1.,0.,0.));
#3777 = ADVANCED_FACE('',(#3778),#3797,.F.);
#3778 = FACE_BOUND('',#3779,.F.);
#3779 = EDGE_LOOP('',(#3780,#3789,#3790,#3791));
#3780 = ORIENTED_EDGE('',*,*,#3781,.F.);
#3781 = EDGE_CURVE('',#3753,#3782,#3784,.T.);
#3782 = VERTEX_POINT('',#3783);
#3783 = CARTESIAN_POINT('',(131.4,-57.5,13.19));
#3784 = CIRCLE('',#3785,0.8);
#3785 = AXIS2_PLACEMENT_3D('',#3786,#3787,#3788);
#3786 = CARTESIAN_POINT('',(130.6,-57.5,13.19));
#3787 = DIRECTION('',(0.,0.,-1.));
#3788 = DIRECTION('',(3.553E-14,1.,0.));
#3789 = ORIENTED_EDGE('',*,*,#3767,.T.);
#3790 = ORIENTED_EDGE('',*,*,#2322,.T.);
#3791 = ORIENTED_EDGE('',*,*,#3792,.F.);
#3792 = EDGE_CURVE('',#3782,#2315,#3793,.T.);
#3793 = LINE('',#3794,#3795);
#3794 = CARTESIAN_POINT('',(131.4,-57.5,0.));
#3795 = VECTOR('',#3796,1.);
#3796 = DIRECTION('',(0.,0.,1.));
#3797 = CYLINDRICAL_SURFACE('',#3798,0.8);
#3798 = AXIS2_PLACEMENT_3D('',#3799,#3800,#3801);
#3799 = CARTESIAN_POINT('',(130.6,-57.5,0.));
#3800 = DIRECTION('',(0.,0.,-1.));
#3801 = DIRECTION('',(3.553E-14,1.,0.));
#3802 = ADVANCED_FACE('',(#3803),#3821,.F.);
#3803 = FACE_BOUND('',#3804,.F.);
#3804 = EDGE_LOOP('',(#3805,#3813,#3814,#3815));
#3805 = ORIENTED_EDGE('',*,*,#3806,.F.);
#3806 = EDGE_CURVE('',#3782,#3807,#3809,.T.);
#3807 = VERTEX_POINT('',#3808);
#3808 = CARTESIAN_POINT('',(131.4,-58.,13.19));
#3809 = LINE('',#3810,#3811);
#3810 = CARTESIAN_POINT('',(131.4,-88.75,13.19));
#3811 = VECTOR('',#3812,1.);
#3812 = DIRECTION('',(0.,-1.,0.));
#3813 = ORIENTED_EDGE('',*,*,#3792,.T.);
#3814 = ORIENTED_EDGE('',*,*,#2314,.T.);
#3815 = ORIENTED_EDGE('',*,*,#3816,.F.);
#3816 = EDGE_CURVE('',#3807,#2306,#3817,.T.);
#3817 = LINE('',#3818,#3819);
#3818 = CARTESIAN_POINT('',(131.4,-58.,0.));
#3819 = VECTOR('',#3820,1.);
#3820 = DIRECTION('',(0.,0.,1.));
#3821 = PLANE('',#3822);
#3822 = AXIS2_PLACEMENT_3D('',#3823,#3824,#3825);
#3823 = CARTESIAN_POINT('',(131.4,-57.5,0.));
#3824 = DIRECTION('',(1.,0.,0.));
#3825 = DIRECTION('',(0.,-1.,0.));
#3826 = ADVANCED_FACE('',(#3827),#3846,.F.);
#3827 = FACE_BOUND('',#3828,.F.);
#3828 = EDGE_LOOP('',(#3829,#3838,#3839,#3840));
#3829 = ORIENTED_EDGE('',*,*,#3830,.F.);
#3830 = EDGE_CURVE('',#3807,#3831,#3833,.T.);
#3831 = VERTEX_POINT('',#3832);
#3832 = CARTESIAN_POINT('',(130.6,-58.8,13.19));
#3833 = CIRCLE('',#3834,0.8);
#3834 = AXIS2_PLACEMENT_3D('',#3835,#3836,#3837);
#3835 = CARTESIAN_POINT('',(130.6,-58.,13.19));
#3836 = DIRECTION('',(0.,0.,-1.));
#3837 = DIRECTION('',(1.,-4.441E-14,0.));
#3838 = ORIENTED_EDGE('',*,*,#3816,.T.);
#3839 = ORIENTED_EDGE('',*,*,#2305,.T.);
#3840 = ORIENTED_EDGE('',*,*,#3841,.F.);
#3841 = EDGE_CURVE('',#3831,#2298,#3842,.T.);
#3842 = LINE('',#3843,#3844);
#3843 = CARTESIAN_POINT('',(130.6,-58.8,0.));
#3844 = VECTOR('',#3845,1.);
#3845 = DIRECTION('',(0.,0.,1.));
#3846 = CYLINDRICAL_SURFACE('',#3847,0.8);
#3847 = AXIS2_PLACEMENT_3D('',#3848,#3849,#3850);
#3848 = CARTESIAN_POINT('',(130.6,-58.,0.));
#3849 = DIRECTION('',(0.,0.,-1.));
#3850 = DIRECTION('',(1.,-4.441E-14,0.));
#3851 = ADVANCED_FACE('',(#3852),#3870,.F.);
#3852 = FACE_BOUND('',#3853,.F.);
#3853 = EDGE_LOOP('',(#3854,#3862,#3863,#3864));
#3854 = ORIENTED_EDGE('',*,*,#3855,.F.);
#3855 = EDGE_CURVE('',#3831,#3856,#3858,.T.);
#3856 = VERTEX_POINT('',#3857);
#3857 = CARTESIAN_POINT('',(127.8,-58.8,13.19));
#3858 = LINE('',#3859,#3860);
#3859 = CARTESIAN_POINT('',(65.3,-58.8,13.19));
#3860 = VECTOR('',#3861,1.);
#3861 = DIRECTION('',(-1.,0.,0.));
#3862 = ORIENTED_EDGE('',*,*,#3841,.T.);
#3863 = ORIENTED_EDGE('',*,*,#2297,.T.);
#3864 = ORIENTED_EDGE('',*,*,#3865,.F.);
#3865 = EDGE_CURVE('',#3856,#2289,#3866,.T.);
#3866 = LINE('',#3867,#3868);
#3867 = CARTESIAN_POINT('',(127.8,-58.8,0.));
#3868 = VECTOR('',#3869,1.);
#3869 = DIRECTION('',(0.,0.,1.));
#3870 = PLANE('',#3871);
#3871 = AXIS2_PLACEMENT_3D('',#3872,#3873,#3874);
#3872 = CARTESIAN_POINT('',(130.6,-58.8,0.));
#3873 = DIRECTION('',(0.,-1.,0.));
#3874 = DIRECTION('',(-1.,0.,0.));
#3875 = ADVANCED_FACE('',(#3876),#3895,.F.);
#3876 = FACE_BOUND('',#3877,.F.);
#3877 = EDGE_LOOP('',(#3878,#3887,#3888,#3889));
#3878 = ORIENTED_EDGE('',*,*,#3879,.F.);
#3879 = EDGE_CURVE('',#3856,#3880,#3882,.T.);
#3880 = VERTEX_POINT('',#3881);
#3881 = CARTESIAN_POINT('',(127.,-58.,13.19));
#3882 = CIRCLE('',#3883,0.8);
#3883 = AXIS2_PLACEMENT_3D('',#3884,#3885,#3886);
#3884 = CARTESIAN_POINT('',(127.8,-58.,13.19));
#3885 = DIRECTION('',(0.,0.,-1.));
#3886 = DIRECTION('',(0.,-1.,0.));
#3887 = ORIENTED_EDGE('',*,*,#3865,.T.);
#3888 = ORIENTED_EDGE('',*,*,#2288,.T.);
#3889 = ORIENTED_EDGE('',*,*,#3890,.F.);
#3890 = EDGE_CURVE('',#3880,#2281,#3891,.T.);
#3891 = LINE('',#3892,#3893);
#3892 = CARTESIAN_POINT('',(127.,-58.,0.));
#3893 = VECTOR('',#3894,1.);
#3894 = DIRECTION('',(0.,0.,1.));
#3895 = CYLINDRICAL_SURFACE('',#3896,0.8);
#3896 = AXIS2_PLACEMENT_3D('',#3897,#3898,#3899);
#3897 = CARTESIAN_POINT('',(127.8,-58.,0.));
#3898 = DIRECTION('',(0.,0.,-1.));
#3899 = DIRECTION('',(0.,-1.,0.));
#3900 = ADVANCED_FACE('',(#3901),#3919,.F.);
#3901 = FACE_BOUND('',#3902,.F.);
#3902 = EDGE_LOOP('',(#3903,#3911,#3912,#3913));
#3903 = ORIENTED_EDGE('',*,*,#3904,.F.);
#3904 = EDGE_CURVE('',#3880,#3905,#3907,.T.);
#3905 = VERTEX_POINT('',#3906);
#3906 = CARTESIAN_POINT('',(127.,-57.5,13.19));
#3907 = LINE('',#3908,#3909);
#3908 = CARTESIAN_POINT('',(127.,-89.,13.19));
#3909 = VECTOR('',#3910,1.);
#3910 = DIRECTION('',(0.,1.,0.));
#3911 = ORIENTED_EDGE('',*,*,#3890,.T.);
#3912 = ORIENTED_EDGE('',*,*,#2280,.T.);
#3913 = ORIENTED_EDGE('',*,*,#3914,.F.);
#3914 = EDGE_CURVE('',#3905,#2272,#3915,.T.);
#3915 = LINE('',#3916,#3917);
#3916 = CARTESIAN_POINT('',(127.,-57.5,0.));
#3917 = VECTOR('',#3918,1.);
#3918 = DIRECTION('',(0.,0.,1.));
#3919 = PLANE('',#3920);
#3920 = AXIS2_PLACEMENT_3D('',#3921,#3922,#3923);
#3921 = CARTESIAN_POINT('',(127.,-58.,0.));
#3922 = DIRECTION('',(-1.,0.,0.));
#3923 = DIRECTION('',(0.,1.,0.));
#3924 = ADVANCED_FACE('',(#3925),#3937,.F.);
#3925 = FACE_BOUND('',#3926,.F.);
#3926 = EDGE_LOOP('',(#3927,#3934,#3935,#3936));
#3927 = ORIENTED_EDGE('',*,*,#3928,.F.);
#3928 = EDGE_CURVE('',#3905,#3751,#3929,.T.);
#3929 = CIRCLE('',#3930,0.8);
#3930 = AXIS2_PLACEMENT_3D('',#3931,#3932,#3933);
#3931 = CARTESIAN_POINT('',(127.8,-57.5,13.19));
#3932 = DIRECTION('',(0.,0.,-1.));
#3933 = DIRECTION('',(-1.,0.,0.));
#3934 = ORIENTED_EDGE('',*,*,#3914,.T.);
#3935 = ORIENTED_EDGE('',*,*,#2271,.T.);
#3936 = ORIENTED_EDGE('',*,*,#3760,.F.);
#3937 = CYLINDRICAL_SURFACE('',#3938,0.8);
#3938 = AXIS2_PLACEMENT_3D('',#3939,#3940,#3941);
#3939 = CARTESIAN_POINT('',(127.8,-57.5,0.));
#3940 = DIRECTION('',(0.,0.,-1.));
#3941 = DIRECTION('',(-1.,0.,0.));
#3942 = ADVANCED_FACE('',(#3943),#3968,.F.);
#3943 = FACE_BOUND('',#3944,.F.);
#3944 = EDGE_LOOP('',(#3945,#3955,#3961,#3962));
#3945 = ORIENTED_EDGE('',*,*,#3946,.F.);
#3946 = EDGE_CURVE('',#3947,#3949,#3951,.T.);
#3947 = VERTEX_POINT('',#3948);
#3948 = CARTESIAN_POINT('',(128.55,-53.2,13.19));
#3949 = VERTEX_POINT('',#3950);
#3950 = CARTESIAN_POINT('',(130.75,-53.2,13.19));
#3951 = LINE('',#3952,#3953);
#3952 = CARTESIAN_POINT('',(64.275,-53.2,13.19));
#3953 = VECTOR('',#3954,1.);
#3954 = DIRECTION('',(1.,0.,0.));
#3955 = ORIENTED_EDGE('',*,*,#3956,.T.);
#3956 = EDGE_CURVE('',#3947,#2332,#3957,.T.);
#3957 = LINE('',#3958,#3959);
#3958 = CARTESIAN_POINT('',(128.55,-53.2,0.));
#3959 = VECTOR('',#3960,1.);
#3960 = DIRECTION('',(0.,0.,1.));
#3961 = ORIENTED_EDGE('',*,*,#2331,.T.);
#3962 = ORIENTED_EDGE('',*,*,#3963,.F.);
#3963 = EDGE_CURVE('',#3949,#2334,#3964,.T.);
#3964 = LINE('',#3965,#3966);
#3965 = CARTESIAN_POINT('',(130.75,-53.2,0.));
#3966 = VECTOR('',#3967,1.);
#3967 = DIRECTION('',(0.,0.,1.));
#3968 = PLANE('',#3969);
#3969 = AXIS2_PLACEMENT_3D('',#3970,#3971,#3972);
#3970 = CARTESIAN_POINT('',(128.55,-53.2,0.));
#3971 = DIRECTION('',(0.,1.,0.));
#3972 = DIRECTION('',(1.,0.,0.));
#3973 = ADVANCED_FACE('',(#3974),#4003,.F.);
#3974 = FACE_BOUND('',#3975,.F.);
#3975 = EDGE_LOOP('',(#3976,#3977,#3985,#3994,#4001,#4002));
#3976 = ORIENTED_EDGE('',*,*,#2367,.T.);
#3977 = ORIENTED_EDGE('',*,*,#3978,.F.);
#3978 = EDGE_CURVE('',#3979,#2360,#3981,.T.);
#3979 = VERTEX_POINT('',#3980);
#3980 = CARTESIAN_POINT('',(130.75,-55.4,13.19));
#3981 = LINE('',#3982,#3983);
#3982 = CARTESIAN_POINT('',(130.75,-55.4,0.));
#3983 = VECTOR('',#3984,1.);
#3984 = DIRECTION('',(0.,0.,1.));
#3985 = ORIENTED_EDGE('',*,*,#3986,.F.);
#3986 = EDGE_CURVE('',#3987,#3979,#3989,.T.);
#3987 = VERTEX_POINT('',#3988);
#3988 = CARTESIAN_POINT('',(131.85,-54.3,13.19));
#3989 = CIRCLE('',#3990,1.1);
#3990 = AXIS2_PLACEMENT_3D('',#3991,#3992,#3993);
#3991 = CARTESIAN_POINT('',(130.75,-54.3,13.19));
#3992 = DIRECTION('',(0.,0.,-1.));
#3993 = DIRECTION('',(1.,0.,0.));
#3994 = ORIENTED_EDGE('',*,*,#3995,.F.);
#3995 = EDGE_CURVE('',#3949,#3987,#3996,.T.);
#3996 = CIRCLE('',#3997,1.1);
#3997 = AXIS2_PLACEMENT_3D('',#3998,#3999,#4000);
#3998 = CARTESIAN_POINT('',(130.75,-54.3,13.19));
#3999 = DIRECTION('',(0.,0.,-1.));
#4000 = DIRECTION('',(0.,1.,0.));
#4001 = ORIENTED_EDGE('',*,*,#3963,.T.);
#4002 = ORIENTED_EDGE('',*,*,#2376,.T.);
#4003 = CYLINDRICAL_SURFACE('',#4004,1.1);
#4004 = AXIS2_PLACEMENT_3D('',#4005,#4006,#4007);
#4005 = CARTESIAN_POINT('',(130.75,-54.3,0.));
#4006 = DIRECTION('',(0.,0.,-1.));
#4007 = DIRECTION('',(0.,1.,0.));
#4008 = ADVANCED_FACE('',(#4009),#4027,.F.);
#4009 = FACE_BOUND('',#4010,.F.);
#4010 = EDGE_LOOP('',(#4011,#4019,#4020,#4021));
#4011 = ORIENTED_EDGE('',*,*,#4012,.F.);
#4012 = EDGE_CURVE('',#3979,#4013,#4015,.T.);
#4013 = VERTEX_POINT('',#4014);
#4014 = CARTESIAN_POINT('',(128.55,-55.4,13.19));
#4015 = LINE('',#4016,#4017);
#4016 = CARTESIAN_POINT('',(65.375,-55.4,13.19));
#4017 = VECTOR('',#4018,1.);
#4018 = DIRECTION('',(-1.,0.,0.));
#4019 = ORIENTED_EDGE('',*,*,#3978,.T.);
#4020 = ORIENTED_EDGE('',*,*,#2359,.T.);
#4021 = ORIENTED_EDGE('',*,*,#4022,.F.);
#4022 = EDGE_CURVE('',#4013,#2351,#4023,.T.);
#4023 = LINE('',#4024,#4025);
#4024 = CARTESIAN_POINT('',(128.55,-55.4,0.));
#4025 = VECTOR('',#4026,1.);
#4026 = DIRECTION('',(0.,0.,1.));
#4027 = PLANE('',#4028);
#4028 = AXIS2_PLACEMENT_3D('',#4029,#4030,#4031);
#4029 = CARTESIAN_POINT('',(130.75,-55.4,0.));
#4030 = DIRECTION('',(0.,-1.,0.));
#4031 = DIRECTION('',(-1.,0.,0.));
#4032 = ADVANCED_FACE('',(#4033),#4055,.F.);
#4033 = FACE_BOUND('',#4034,.F.);
#4034 = EDGE_LOOP('',(#4035,#4036,#4037,#4038,#4039,#4048));
#4035 = ORIENTED_EDGE('',*,*,#4022,.T.);
#4036 = ORIENTED_EDGE('',*,*,#2350,.T.);
#4037 = ORIENTED_EDGE('',*,*,#2341,.T.);
#4038 = ORIENTED_EDGE('',*,*,#3956,.F.);
#4039 = ORIENTED_EDGE('',*,*,#4040,.F.);
#4040 = EDGE_CURVE('',#4041,#3947,#4043,.T.);
#4041 = VERTEX_POINT('',#4042);
#4042 = CARTESIAN_POINT('',(127.45,-54.3,13.19));
#4043 = CIRCLE('',#4044,1.1);
#4044 = AXIS2_PLACEMENT_3D('',#4045,#4046,#4047);
#4045 = CARTESIAN_POINT('',(128.55,-54.3,13.19));
#4046 = DIRECTION('',(0.,0.,-1.));
#4047 = DIRECTION('',(-1.,-6.46E-15,-0.));
#4048 = ORIENTED_EDGE('',*,*,#4049,.F.);
#4049 = EDGE_CURVE('',#4013,#4041,#4050,.T.);
#4050 = CIRCLE('',#4051,1.1);
#4051 = AXIS2_PLACEMENT_3D('',#4052,#4053,#4054);
#4052 = CARTESIAN_POINT('',(128.55,-54.3,13.19));
#4053 = DIRECTION('',(0.,0.,-1.));
#4054 = DIRECTION('',(0.,-1.,0.));
#4055 = CYLINDRICAL_SURFACE('',#4056,1.1);
#4056 = AXIS2_PLACEMENT_3D('',#4057,#4058,#4059);
#4057 = CARTESIAN_POINT('',(128.55,-54.3,0.));
#4058 = DIRECTION('',(0.,0.,-1.));
#4059 = DIRECTION('',(-1.,-6.46E-15,-0.));
#4060 = ADVANCED_FACE('',(#4061),#4086,.F.);
#4061 = FACE_BOUND('',#4062,.F.);
#4062 = EDGE_LOOP('',(#4063,#4073,#4079,#4080));
#4063 = ORIENTED_EDGE('',*,*,#4064,.F.);
#4064 = EDGE_CURVE('',#4065,#4067,#4069,.T.);
#4065 = VERTEX_POINT('',#4066);
#4066 = CARTESIAN_POINT('',(121.6,-62.9,13.19));
#4067 = VERTEX_POINT('',#4068);
#4068 = CARTESIAN_POINT('',(124.4,-62.9,13.19));
#4069 = LINE('',#4070,#4071);
#4070 = CARTESIAN_POINT('',(60.8,-62.9,13.19));
#4071 = VECTOR('',#4072,1.);
#4072 = DIRECTION('',(1.,0.,0.));
#4073 = ORIENTED_EDGE('',*,*,#4074,.T.);
#4074 = EDGE_CURVE('',#4065,#2386,#4075,.T.);
#4075 = LINE('',#4076,#4077);
#4076 = CARTESIAN_POINT('',(121.6,-62.9,0.));
#4077 = VECTOR('',#4078,1.);
#4078 = DIRECTION('',(0.,0.,1.));
#4079 = ORIENTED_EDGE('',*,*,#2385,.T.);
#4080 = ORIENTED_EDGE('',*,*,#4081,.F.);
#4081 = EDGE_CURVE('',#4067,#2388,#4082,.T.);
#4082 = LINE('',#4083,#4084);
#4083 = CARTESIAN_POINT('',(124.4,-62.9,0.));
#4084 = VECTOR('',#4085,1.);
#4085 = DIRECTION('',(0.,0.,1.));
#4086 = PLANE('',#4087);
#4087 = AXIS2_PLACEMENT_3D('',#4088,#4089,#4090);
#4088 = CARTESIAN_POINT('',(121.6,-62.9,0.));
#4089 = DIRECTION('',(0.,1.,0.));
#4090 = DIRECTION('',(1.,0.,0.));
#4091 = ADVANCED_FACE('',(#4092),#4111,.F.);
#4092 = FACE_BOUND('',#4093,.F.);
#4093 = EDGE_LOOP('',(#4094,#4103,#4104,#4105));
#4094 = ORIENTED_EDGE('',*,*,#4095,.F.);
#4095 = EDGE_CURVE('',#4067,#4096,#4098,.T.);
#4096 = VERTEX_POINT('',#4097);
#4097 = CARTESIAN_POINT('',(125.2,-63.7,13.19));
#4098 = CIRCLE('',#4099,0.8);
#4099 = AXIS2_PLACEMENT_3D('',#4100,#4101,#4102);
#4100 = CARTESIAN_POINT('',(124.4,-63.7,13.19));
#4101 = DIRECTION('',(0.,0.,-1.));
#4102 = DIRECTION('',(0.,1.,0.));
#4103 = ORIENTED_EDGE('',*,*,#4081,.T.);
#4104 = ORIENTED_EDGE('',*,*,#2446,.T.);
#4105 = ORIENTED_EDGE('',*,*,#4106,.F.);
#4106 = EDGE_CURVE('',#4096,#2439,#4107,.T.);
#4107 = LINE('',#4108,#4109);
#4108 = CARTESIAN_POINT('',(125.2,-63.7,0.));
#4109 = VECTOR('',#4110,1.);
#4110 = DIRECTION('',(0.,0.,1.));
#4111 = CYLINDRICAL_SURFACE('',#4112,0.8);
#4112 = AXIS2_PLACEMENT_3D('',#4113,#4114,#4115);
#4113 = CARTESIAN_POINT('',(124.4,-63.7,0.));
#4114 = DIRECTION('',(0.,0.,-1.));
#4115 = DIRECTION('',(0.,1.,0.));
#4116 = ADVANCED_FACE('',(#4117),#4135,.F.);
#4117 = FACE_BOUND('',#4118,.F.);
#4118 = EDGE_LOOP('',(#4119,#4127,#4128,#4129));
#4119 = ORIENTED_EDGE('',*,*,#4120,.F.);
#4120 = EDGE_CURVE('',#4096,#4121,#4123,.T.);
#4121 = VERTEX_POINT('',#4122);
#4122 = CARTESIAN_POINT('',(125.2,-64.2,13.19));
#4123 = LINE('',#4124,#4125);
#4124 = CARTESIAN_POINT('',(125.2,-91.85,13.19));
#4125 = VECTOR('',#4126,1.);
#4126 = DIRECTION('',(0.,-1.,0.));
#4127 = ORIENTED_EDGE('',*,*,#4106,.T.);
#4128 = ORIENTED_EDGE('',*,*,#2438,.T.);
#4129 = ORIENTED_EDGE('',*,*,#4130,.F.);
#4130 = EDGE_CURVE('',#4121,#2430,#4131,.T.);
#4131 = LINE('',#4132,#4133);
#4132 = CARTESIAN_POINT('',(125.2,-64.2,0.));
#4133 = VECTOR('',#4134,1.);
#4134 = DIRECTION('',(0.,0.,1.));
#4135 = PLANE('',#4136);
#4136 = AXIS2_PLACEMENT_3D('',#4137,#4138,#4139);
#4137 = CARTESIAN_POINT('',(125.2,-63.7,0.));
#4138 = DIRECTION('',(1.,0.,0.));
#4139 = DIRECTION('',(0.,-1.,0.));
#4140 = ADVANCED_FACE('',(#4141),#4160,.F.);
#4141 = FACE_BOUND('',#4142,.F.);
#4142 = EDGE_LOOP('',(#4143,#4152,#4153,#4154));
#4143 = ORIENTED_EDGE('',*,*,#4144,.F.);
#4144 = EDGE_CURVE('',#4121,#4145,#4147,.T.);
#4145 = VERTEX_POINT('',#4146);
#4146 = CARTESIAN_POINT('',(124.4,-65.,13.19));
#4147 = CIRCLE('',#4148,0.8);
#4148 = AXIS2_PLACEMENT_3D('',#4149,#4150,#4151);
#4149 = CARTESIAN_POINT('',(124.4,-64.2,13.19));
#4150 = DIRECTION('',(0.,0.,-1.));
#4151 = DIRECTION('',(1.,1.776E-14,0.));
#4152 = ORIENTED_EDGE('',*,*,#4130,.T.);
#4153 = ORIENTED_EDGE('',*,*,#2429,.T.);
#4154 = ORIENTED_EDGE('',*,*,#4155,.F.);
#4155 = EDGE_CURVE('',#4145,#2422,#4156,.T.);
#4156 = LINE('',#4157,#4158);
#4157 = CARTESIAN_POINT('',(124.4,-65.,0.));
#4158 = VECTOR('',#4159,1.);
#4159 = DIRECTION('',(0.,0.,1.));
#4160 = CYLINDRICAL_SURFACE('',#4161,0.8);
#4161 = AXIS2_PLACEMENT_3D('',#4162,#4163,#4164);
#4162 = CARTESIAN_POINT('',(124.4,-64.2,0.));
#4163 = DIRECTION('',(0.,0.,-1.));
#4164 = DIRECTION('',(1.,1.776E-14,0.));
#4165 = ADVANCED_FACE('',(#4166),#4184,.F.);
#4166 = FACE_BOUND('',#4167,.F.);
#4167 = EDGE_LOOP('',(#4168,#4176,#4177,#4178));
#4168 = ORIENTED_EDGE('',*,*,#4169,.F.);
#4169 = EDGE_CURVE('',#4145,#4170,#4172,.T.);
#4170 = VERTEX_POINT('',#4171);
#4171 = CARTESIAN_POINT('',(121.6,-65.,13.19));
#4172 = LINE('',#4173,#4174);
#4173 = CARTESIAN_POINT('',(62.2,-65.,13.19));
#4174 = VECTOR('',#4175,1.);
#4175 = DIRECTION('',(-1.,0.,0.));
#4176 = ORIENTED_EDGE('',*,*,#4155,.T.);
#4177 = ORIENTED_EDGE('',*,*,#2421,.T.);
#4178 = ORIENTED_EDGE('',*,*,#4179,.F.);
#4179 = EDGE_CURVE('',#4170,#2413,#4180,.T.);
#4180 = LINE('',#4181,#4182);
#4181 = CARTESIAN_POINT('',(121.6,-65.,0.));
#4182 = VECTOR('',#4183,1.);
#4183 = DIRECTION('',(0.,0.,1.));
#4184 = PLANE('',#4185);
#4185 = AXIS2_PLACEMENT_3D('',#4186,#4187,#4188);
#4186 = CARTESIAN_POINT('',(124.4,-65.,0.));
#4187 = DIRECTION('',(0.,-1.,0.));
#4188 = DIRECTION('',(-1.,0.,0.));
#4189 = ADVANCED_FACE('',(#4190),#4209,.F.);
#4190 = FACE_BOUND('',#4191,.F.);
#4191 = EDGE_LOOP('',(#4192,#4201,#4202,#4203));
#4192 = ORIENTED_EDGE('',*,*,#4193,.F.);
#4193 = EDGE_CURVE('',#4170,#4194,#4196,.T.);
#4194 = VERTEX_POINT('',#4195);
#4195 = CARTESIAN_POINT('',(120.8,-64.2,13.19));
#4196 = CIRCLE('',#4197,0.8);
#4197 = AXIS2_PLACEMENT_3D('',#4198,#4199,#4200);
#4198 = CARTESIAN_POINT('',(121.6,-64.2,13.19));
#4199 = DIRECTION('',(0.,0.,-1.));
#4200 = DIRECTION('',(3.553E-14,-1.,0.));
#4201 = ORIENTED_EDGE('',*,*,#4179,.T.);
#4202 = ORIENTED_EDGE('',*,*,#2412,.T.);
#4203 = ORIENTED_EDGE('',*,*,#4204,.F.);
#4204 = EDGE_CURVE('',#4194,#2405,#4205,.T.);
#4205 = LINE('',#4206,#4207);
#4206 = CARTESIAN_POINT('',(120.8,-64.2,0.));
#4207 = VECTOR('',#4208,1.);
#4208 = DIRECTION('',(0.,0.,1.));
#4209 = CYLINDRICAL_SURFACE('',#4210,0.8);
#4210 = AXIS2_PLACEMENT_3D('',#4211,#4212,#4213);
#4211 = CARTESIAN_POINT('',(121.6,-64.2,0.));
#4212 = DIRECTION('',(0.,0.,-1.));
#4213 = DIRECTION('',(3.553E-14,-1.,0.));
#4214 = ADVANCED_FACE('',(#4215),#4233,.F.);
#4215 = FACE_BOUND('',#4216,.F.);
#4216 = EDGE_LOOP('',(#4217,#4225,#4226,#4227));
#4217 = ORIENTED_EDGE('',*,*,#4218,.F.);
#4218 = EDGE_CURVE('',#4194,#4219,#4221,.T.);
#4219 = VERTEX_POINT('',#4220);
#4220 = CARTESIAN_POINT('',(120.8,-63.7,13.19));
#4221 = LINE('',#4222,#4223);
#4222 = CARTESIAN_POINT('',(120.8,-92.1,13.19));
#4223 = VECTOR('',#4224,1.);
#4224 = DIRECTION('',(0.,1.,0.));
#4225 = ORIENTED_EDGE('',*,*,#4204,.T.);
#4226 = ORIENTED_EDGE('',*,*,#2404,.T.);
#4227 = ORIENTED_EDGE('',*,*,#4228,.F.);
#4228 = EDGE_CURVE('',#4219,#2396,#4229,.T.);
#4229 = LINE('',#4230,#4231);
#4230 = CARTESIAN_POINT('',(120.8,-63.7,0.));
#4231 = VECTOR('',#4232,1.);
#4232 = DIRECTION('',(0.,0.,1.));
#4233 = PLANE('',#4234);
#4234 = AXIS2_PLACEMENT_3D('',#4235,#4236,#4237);
#4235 = CARTESIAN_POINT('',(120.8,-64.2,0.));
#4236 = DIRECTION('',(-1.,0.,0.));
#4237 = DIRECTION('',(0.,1.,0.));
#4238 = ADVANCED_FACE('',(#4239),#4251,.F.);
#4239 = FACE_BOUND('',#4240,.F.);
#4240 = EDGE_LOOP('',(#4241,#4248,#4249,#4250));
#4241 = ORIENTED_EDGE('',*,*,#4242,.F.);
#4242 = EDGE_CURVE('',#4219,#4065,#4243,.T.);
#4243 = CIRCLE('',#4244,0.8);
#4244 = AXIS2_PLACEMENT_3D('',#4245,#4246,#4247);
#4245 = CARTESIAN_POINT('',(121.6,-63.7,13.19));
#4246 = DIRECTION('',(0.,0.,-1.));
#4247 = DIRECTION('',(-1.,-8.88E-15,-0.));
#4248 = ORIENTED_EDGE('',*,*,#4228,.T.);
#4249 = ORIENTED_EDGE('',*,*,#2395,.T.);
#4250 = ORIENTED_EDGE('',*,*,#4074,.F.);
#4251 = CYLINDRICAL_SURFACE('',#4252,0.8);
#4252 = AXIS2_PLACEMENT_3D('',#4253,#4254,#4255);
#4253 = CARTESIAN_POINT('',(121.6,-63.7,0.));
#4254 = DIRECTION('',(0.,0.,-1.));
#4255 = DIRECTION('',(-1.,-8.88E-15,-0.));
#4256 = ADVANCED_FACE('',(#4257),#4282,.F.);
#4257 = FACE_BOUND('',#4258,.F.);
#4258 = EDGE_LOOP('',(#4259,#4269,#4275,#4276));
#4259 = ORIENTED_EDGE('',*,*,#4260,.F.);
#4260 = EDGE_CURVE('',#4261,#4263,#4265,.T.);
#4261 = VERTEX_POINT('',#4262);
#4262 = CARTESIAN_POINT('',(121.6,-59.8,13.19));
#4263 = VERTEX_POINT('',#4264);
#4264 = CARTESIAN_POINT('',(124.4,-59.8,13.19));
#4265 = LINE('',#4266,#4267);
#4266 = CARTESIAN_POINT('',(60.8,-59.8,13.19));
#4267 = VECTOR('',#4268,1.);
#4268 = DIRECTION('',(1.,0.,0.));
#4269 = ORIENTED_EDGE('',*,*,#4270,.T.);
#4270 = EDGE_CURVE('',#4261,#2456,#4271,.T.);
#4271 = LINE('',#4272,#4273);
#4272 = CARTESIAN_POINT('',(121.6,-59.8,0.));
#4273 = VECTOR('',#4274,1.);
#4274 = DIRECTION('',(0.,0.,1.));
#4275 = ORIENTED_EDGE('',*,*,#2455,.T.);
#4276 = ORIENTED_EDGE('',*,*,#4277,.F.);
#4277 = EDGE_CURVE('',#4263,#2458,#4278,.T.);
#4278 = LINE('',#4279,#4280);
#4279 = CARTESIAN_POINT('',(124.4,-59.8,0.));
#4280 = VECTOR('',#4281,1.);
#4281 = DIRECTION('',(0.,0.,1.));
#4282 = PLANE('',#4283);
#4283 = AXIS2_PLACEMENT_3D('',#4284,#4285,#4286);
#4284 = CARTESIAN_POINT('',(121.6,-59.8,0.));
#4285 = DIRECTION('',(0.,1.,0.));
#4286 = DIRECTION('',(1.,0.,0.));
#4287 = ADVANCED_FACE('',(#4288),#4307,.F.);
#4288 = FACE_BOUND('',#4289,.F.);
#4289 = EDGE_LOOP('',(#4290,#4299,#4300,#4301));
#4290 = ORIENTED_EDGE('',*,*,#4291,.F.);
#4291 = EDGE_CURVE('',#4263,#4292,#4294,.T.);
#4292 = VERTEX_POINT('',#4293);
#4293 = CARTESIAN_POINT('',(125.2,-60.6,13.19));
#4294 = CIRCLE('',#4295,0.8);
#4295 = AXIS2_PLACEMENT_3D('',#4296,#4297,#4298);
#4296 = CARTESIAN_POINT('',(124.4,-60.6,13.19));
#4297 = DIRECTION('',(0.,0.,-1.));
#4298 = DIRECTION('',(0.,1.,0.));
#4299 = ORIENTED_EDGE('',*,*,#4277,.T.);
#4300 = ORIENTED_EDGE('',*,*,#2516,.T.);
#4301 = ORIENTED_EDGE('',*,*,#4302,.F.);
#4302 = EDGE_CURVE('',#4292,#2509,#4303,.T.);
#4303 = LINE('',#4304,#4305);
#4304 = CARTESIAN_POINT('',(125.2,-60.6,0.));
#4305 = VECTOR('',#4306,1.);
#4306 = DIRECTION('',(0.,0.,1.));
#4307 = CYLINDRICAL_SURFACE('',#4308,0.8);
#4308 = AXIS2_PLACEMENT_3D('',#4309,#4310,#4311);
#4309 = CARTESIAN_POINT('',(124.4,-60.6,0.));
#4310 = DIRECTION('',(0.,0.,-1.));
#4311 = DIRECTION('',(0.,1.,0.));
#4312 = ADVANCED_FACE('',(#4313),#4331,.F.);
#4313 = FACE_BOUND('',#4314,.F.);
#4314 = EDGE_LOOP('',(#4315,#4323,#4324,#4325));
#4315 = ORIENTED_EDGE('',*,*,#4316,.F.);
#4316 = EDGE_CURVE('',#4292,#4317,#4319,.T.);
#4317 = VERTEX_POINT('',#4318);
#4318 = CARTESIAN_POINT('',(125.2,-61.1,13.19));
#4319 = LINE('',#4320,#4321);
#4320 = CARTESIAN_POINT('',(125.2,-90.3,13.19));
#4321 = VECTOR('',#4322,1.);
#4322 = DIRECTION('',(0.,-1.,0.));
#4323 = ORIENTED_EDGE('',*,*,#4302,.T.);
#4324 = ORIENTED_EDGE('',*,*,#2508,.T.);
#4325 = ORIENTED_EDGE('',*,*,#4326,.F.);
#4326 = EDGE_CURVE('',#4317,#2500,#4327,.T.);
#4327 = LINE('',#4328,#4329);
#4328 = CARTESIAN_POINT('',(125.2,-61.1,0.));
#4329 = VECTOR('',#4330,1.);
#4330 = DIRECTION('',(0.,0.,1.));
#4331 = PLANE('',#4332);
#4332 = AXIS2_PLACEMENT_3D('',#4333,#4334,#4335);
#4333 = CARTESIAN_POINT('',(125.2,-60.6,0.));
#4334 = DIRECTION('',(1.,0.,0.));
#4335 = DIRECTION('',(0.,-1.,0.));
#4336 = ADVANCED_FACE('',(#4337),#4356,.F.);
#4337 = FACE_BOUND('',#4338,.F.);
#4338 = EDGE_LOOP('',(#4339,#4348,#4349,#4350));
#4339 = ORIENTED_EDGE('',*,*,#4340,.F.);
#4340 = EDGE_CURVE('',#4317,#4341,#4343,.T.);
#4341 = VERTEX_POINT('',#4342);
#4342 = CARTESIAN_POINT('',(124.4,-61.9,13.19));
#4343 = CIRCLE('',#4344,0.8);
#4344 = AXIS2_PLACEMENT_3D('',#4345,#4346,#4347);
#4345 = CARTESIAN_POINT('',(124.4,-61.1,13.19));
#4346 = DIRECTION('',(0.,0.,-1.));
#4347 = DIRECTION('',(1.,8.88E-15,0.));
#4348 = ORIENTED_EDGE('',*,*,#4326,.T.);
#4349 = ORIENTED_EDGE('',*,*,#2499,.T.);
#4350 = ORIENTED_EDGE('',*,*,#4351,.F.);
#4351 = EDGE_CURVE('',#4341,#2492,#4352,.T.);
#4352 = LINE('',#4353,#4354);
#4353 = CARTESIAN_POINT('',(124.4,-61.9,0.));
#4354 = VECTOR('',#4355,1.);
#4355 = DIRECTION('',(0.,0.,1.));
#4356 = CYLINDRICAL_SURFACE('',#4357,0.8);
#4357 = AXIS2_PLACEMENT_3D('',#4358,#4359,#4360);
#4358 = CARTESIAN_POINT('',(124.4,-61.1,0.));
#4359 = DIRECTION('',(0.,0.,-1.));
#4360 = DIRECTION('',(1.,8.88E-15,0.));
#4361 = ADVANCED_FACE('',(#4362),#4380,.F.);
#4362 = FACE_BOUND('',#4363,.F.);
#4363 = EDGE_LOOP('',(#4364,#4372,#4373,#4374));
#4364 = ORIENTED_EDGE('',*,*,#4365,.F.);
#4365 = EDGE_CURVE('',#4341,#4366,#4368,.T.);
#4366 = VERTEX_POINT('',#4367);
#4367 = CARTESIAN_POINT('',(121.6,-61.9,13.19));
#4368 = LINE('',#4369,#4370);
#4369 = CARTESIAN_POINT('',(62.2,-61.9,13.19));
#4370 = VECTOR('',#4371,1.);
#4371 = DIRECTION('',(-1.,0.,0.));
#4372 = ORIENTED_EDGE('',*,*,#4351,.T.);
#4373 = ORIENTED_EDGE('',*,*,#2491,.T.);
#4374 = ORIENTED_EDGE('',*,*,#4375,.F.);
#4375 = EDGE_CURVE('',#4366,#2483,#4376,.T.);
#4376 = LINE('',#4377,#4378);
#4377 = CARTESIAN_POINT('',(121.6,-61.9,0.));
#4378 = VECTOR('',#4379,1.);
#4379 = DIRECTION('',(0.,0.,1.));
#4380 = PLANE('',#4381);
#4381 = AXIS2_PLACEMENT_3D('',#4382,#4383,#4384);
#4382 = CARTESIAN_POINT('',(124.4,-61.9,0.));
#4383 = DIRECTION('',(0.,-1.,0.));
#4384 = DIRECTION('',(-1.,0.,0.));
#4385 = ADVANCED_FACE('',(#4386),#4405,.F.);
#4386 = FACE_BOUND('',#4387,.F.);
#4387 = EDGE_LOOP('',(#4388,#4397,#4398,#4399));
#4388 = ORIENTED_EDGE('',*,*,#4389,.F.);
#4389 = EDGE_CURVE('',#4366,#4390,#4392,.T.);
#4390 = VERTEX_POINT('',#4391);
#4391 = CARTESIAN_POINT('',(120.8,-61.1,13.19));
#4392 = CIRCLE('',#4393,0.8);
#4393 = AXIS2_PLACEMENT_3D('',#4394,#4395,#4396);
#4394 = CARTESIAN_POINT('',(121.6,-61.1,13.19));
#4395 = DIRECTION('',(0.,0.,-1.));
#4396 = DIRECTION('',(0.,-1.,0.));
#4397 = ORIENTED_EDGE('',*,*,#4375,.T.);
#4398 = ORIENTED_EDGE('',*,*,#2482,.T.);
#4399 = ORIENTED_EDGE('',*,*,#4400,.F.);
#4400 = EDGE_CURVE('',#4390,#2475,#4401,.T.);
#4401 = LINE('',#4402,#4403);
#4402 = CARTESIAN_POINT('',(120.8,-61.1,0.));
#4403 = VECTOR('',#4404,1.);
#4404 = DIRECTION('',(0.,0.,1.));
#4405 = CYLINDRICAL_SURFACE('',#4406,0.8);
#4406 = AXIS2_PLACEMENT_3D('',#4407,#4408,#4409);
#4407 = CARTESIAN_POINT('',(121.6,-61.1,0.));
#4408 = DIRECTION('',(0.,0.,-1.));
#4409 = DIRECTION('',(0.,-1.,0.));
#4410 = ADVANCED_FACE('',(#4411),#4429,.F.);
#4411 = FACE_BOUND('',#4412,.F.);
#4412 = EDGE_LOOP('',(#4413,#4421,#4422,#4423));
#4413 = ORIENTED_EDGE('',*,*,#4414,.F.);
#4414 = EDGE_CURVE('',#4390,#4415,#4417,.T.);
#4415 = VERTEX_POINT('',#4416);
#4416 = CARTESIAN_POINT('',(120.8,-60.6,13.19));
#4417 = LINE('',#4418,#4419);
#4418 = CARTESIAN_POINT('',(120.8,-90.55,13.19));
#4419 = VECTOR('',#4420,1.);
#4420 = DIRECTION('',(0.,1.,0.));
#4421 = ORIENTED_EDGE('',*,*,#4400,.T.);
#4422 = ORIENTED_EDGE('',*,*,#2474,.T.);
#4423 = ORIENTED_EDGE('',*,*,#4424,.F.);
#4424 = EDGE_CURVE('',#4415,#2466,#4425,.T.);
#4425 = LINE('',#4426,#4427);
#4426 = CARTESIAN_POINT('',(120.8,-60.6,0.));
#4427 = VECTOR('',#4428,1.);
#4428 = DIRECTION('',(0.,0.,1.));
#4429 = PLANE('',#4430);
#4430 = AXIS2_PLACEMENT_3D('',#4431,#4432,#4433);
#4431 = CARTESIAN_POINT('',(120.8,-61.1,0.));
#4432 = DIRECTION('',(-1.,0.,0.));
#4433 = DIRECTION('',(0.,1.,0.));
#4434 = ADVANCED_FACE('',(#4435),#4447,.F.);
#4435 = FACE_BOUND('',#4436,.F.);
#4436 = EDGE_LOOP('',(#4437,#4444,#4445,#4446));
#4437 = ORIENTED_EDGE('',*,*,#4438,.F.);
#4438 = EDGE_CURVE('',#4415,#4261,#4439,.T.);
#4439 = CIRCLE('',#4440,0.8);
#4440 = AXIS2_PLACEMENT_3D('',#4441,#4442,#4443);
#4441 = CARTESIAN_POINT('',(121.6,-60.6,13.19));
#4442 = DIRECTION('',(0.,0.,-1.));
#4443 = DIRECTION('',(-1.,-8.88E-15,-0.));
#4444 = ORIENTED_EDGE('',*,*,#4424,.T.);
#4445 = ORIENTED_EDGE('',*,*,#2465,.T.);
#4446 = ORIENTED_EDGE('',*,*,#4270,.F.);
#4447 = CYLINDRICAL_SURFACE('',#4448,0.8);
#4448 = AXIS2_PLACEMENT_3D('',#4449,#4450,#4451);
#4449 = CARTESIAN_POINT('',(121.6,-60.6,0.));
#4450 = DIRECTION('',(0.,0.,-1.));
#4451 = DIRECTION('',(-1.,-8.88E-15,-0.));
#4452 = ADVANCED_FACE('',(#4453),#4478,.F.);
#4453 = FACE_BOUND('',#4454,.F.);
#4454 = EDGE_LOOP('',(#4455,#4465,#4471,#4472));
#4455 = ORIENTED_EDGE('',*,*,#4456,.F.);
#4456 = EDGE_CURVE('',#4457,#4459,#4461,.T.);
#4457 = VERTEX_POINT('',#4458);
#4458 = CARTESIAN_POINT('',(121.6,-56.7,13.19));
#4459 = VERTEX_POINT('',#4460);
#4460 = CARTESIAN_POINT('',(124.4,-56.7,13.19));
#4461 = LINE('',#4462,#4463);
#4462 = CARTESIAN_POINT('',(60.8,-56.7,13.19));
#4463 = VECTOR('',#4464,1.);
#4464 = DIRECTION('',(1.,0.,0.));
#4465 = ORIENTED_EDGE('',*,*,#4466,.T.);
#4466 = EDGE_CURVE('',#4457,#2526,#4467,.T.);
#4467 = LINE('',#4468,#4469);
#4468 = CARTESIAN_POINT('',(121.6,-56.7,0.));
#4469 = VECTOR('',#4470,1.);
#4470 = DIRECTION('',(0.,0.,1.));
#4471 = ORIENTED_EDGE('',*,*,#2525,.T.);
#4472 = ORIENTED_EDGE('',*,*,#4473,.F.);
#4473 = EDGE_CURVE('',#4459,#2528,#4474,.T.);
#4474 = LINE('',#4475,#4476);
#4475 = CARTESIAN_POINT('',(124.4,-56.7,0.));
#4476 = VECTOR('',#4477,1.);
#4477 = DIRECTION('',(0.,0.,1.));
#4478 = PLANE('',#4479);
#4479 = AXIS2_PLACEMENT_3D('',#4480,#4481,#4482);
#4480 = CARTESIAN_POINT('',(121.6,-56.7,0.));
#4481 = DIRECTION('',(0.,1.,0.));
#4482 = DIRECTION('',(1.,0.,0.));
#4483 = ADVANCED_FACE('',(#4484),#4503,.F.);
#4484 = FACE_BOUND('',#4485,.F.);
#4485 = EDGE_LOOP('',(#4486,#4495,#4496,#4497));
#4486 = ORIENTED_EDGE('',*,*,#4487,.F.);
#4487 = EDGE_CURVE('',#4459,#4488,#4490,.T.);
#4488 = VERTEX_POINT('',#4489);
#4489 = CARTESIAN_POINT('',(125.2,-57.5,13.19));
#4490 = CIRCLE('',#4491,0.8);
#4491 = AXIS2_PLACEMENT_3D('',#4492,#4493,#4494);
#4492 = CARTESIAN_POINT('',(124.4,-57.5,13.19));
#4493 = DIRECTION('',(0.,0.,-1.));
#4494 = DIRECTION('',(0.,1.,0.));
#4495 = ORIENTED_EDGE('',*,*,#4473,.T.);
#4496 = ORIENTED_EDGE('',*,*,#2586,.T.);
#4497 = ORIENTED_EDGE('',*,*,#4498,.F.);
#4498 = EDGE_CURVE('',#4488,#2579,#4499,.T.);
#4499 = LINE('',#4500,#4501);
#4500 = CARTESIAN_POINT('',(125.2,-57.5,0.));
#4501 = VECTOR('',#4502,1.);
#4502 = DIRECTION('',(0.,0.,1.));
#4503 = CYLINDRICAL_SURFACE('',#4504,0.8);
#4504 = AXIS2_PLACEMENT_3D('',#4505,#4506,#4507);
#4505 = CARTESIAN_POINT('',(124.4,-57.5,0.));
#4506 = DIRECTION('',(0.,0.,-1.));
#4507 = DIRECTION('',(0.,1.,0.));
#4508 = ADVANCED_FACE('',(#4509),#4527,.F.);
#4509 = FACE_BOUND('',#4510,.F.);
#4510 = EDGE_LOOP('',(#4511,#4519,#4520,#4521));
#4511 = ORIENTED_EDGE('',*,*,#4512,.F.);
#4512 = EDGE_CURVE('',#4488,#4513,#4515,.T.);
#4513 = VERTEX_POINT('',#4514);
#4514 = CARTESIAN_POINT('',(125.2,-58.,13.19));
#4515 = LINE('',#4516,#4517);
#4516 = CARTESIAN_POINT('',(125.2,-88.75,13.19));
#4517 = VECTOR('',#4518,1.);
#4518 = DIRECTION('',(0.,-1.,0.));
#4519 = ORIENTED_EDGE('',*,*,#4498,.T.);
#4520 = ORIENTED_EDGE('',*,*,#2578,.T.);
#4521 = ORIENTED_EDGE('',*,*,#4522,.F.);
#4522 = EDGE_CURVE('',#4513,#2570,#4523,.T.);
#4523 = LINE('',#4524,#4525);
#4524 = CARTESIAN_POINT('',(125.2,-58.,0.));
#4525 = VECTOR('',#4526,1.);
#4526 = DIRECTION('',(0.,0.,1.));
#4527 = PLANE('',#4528);
#4528 = AXIS2_PLACEMENT_3D('',#4529,#4530,#4531);
#4529 = CARTESIAN_POINT('',(125.2,-57.5,0.));
#4530 = DIRECTION('',(1.,0.,0.));
#4531 = DIRECTION('',(0.,-1.,0.));
#4532 = ADVANCED_FACE('',(#4533),#4552,.F.);
#4533 = FACE_BOUND('',#4534,.F.);
#4534 = EDGE_LOOP('',(#4535,#4544,#4545,#4546));
#4535 = ORIENTED_EDGE('',*,*,#4536,.F.);
#4536 = EDGE_CURVE('',#4513,#4537,#4539,.T.);
#4537 = VERTEX_POINT('',#4538);
#4538 = CARTESIAN_POINT('',(124.4,-58.8,13.19));
#4539 = CIRCLE('',#4540,0.8);
#4540 = AXIS2_PLACEMENT_3D('',#4541,#4542,#4543);
#4541 = CARTESIAN_POINT('',(124.4,-58.,13.19));
#4542 = DIRECTION('',(0.,0.,-1.));
#4543 = DIRECTION('',(1.,8.88E-15,0.));
#4544 = ORIENTED_EDGE('',*,*,#4522,.T.);
#4545 = ORIENTED_EDGE('',*,*,#2569,.T.);
#4546 = ORIENTED_EDGE('',*,*,#4547,.F.);
#4547 = EDGE_CURVE('',#4537,#2562,#4548,.T.);
#4548 = LINE('',#4549,#4550);
#4549 = CARTESIAN_POINT('',(124.4,-58.8,0.));
#4550 = VECTOR('',#4551,1.);
#4551 = DIRECTION('',(0.,0.,1.));
#4552 = CYLINDRICAL_SURFACE('',#4553,0.8);
#4553 = AXIS2_PLACEMENT_3D('',#4554,#4555,#4556);
#4554 = CARTESIAN_POINT('',(124.4,-58.,0.));
#4555 = DIRECTION('',(0.,0.,-1.));
#4556 = DIRECTION('',(1.,8.88E-15,0.));
#4557 = ADVANCED_FACE('',(#4558),#4576,.F.);
#4558 = FACE_BOUND('',#4559,.F.);
#4559 = EDGE_LOOP('',(#4560,#4568,#4569,#4570));
#4560 = ORIENTED_EDGE('',*,*,#4561,.F.);
#4561 = EDGE_CURVE('',#4537,#4562,#4564,.T.);
#4562 = VERTEX_POINT('',#4563);
#4563 = CARTESIAN_POINT('',(121.6,-58.8,13.19));
#4564 = LINE('',#4565,#4566);
#4565 = CARTESIAN_POINT('',(62.2,-58.8,13.19));
#4566 = VECTOR('',#4567,1.);
#4567 = DIRECTION('',(-1.,0.,0.));
#4568 = ORIENTED_EDGE('',*,*,#4547,.T.);
#4569 = ORIENTED_EDGE('',*,*,#2561,.T.);
#4570 = ORIENTED_EDGE('',*,*,#4571,.F.);
#4571 = EDGE_CURVE('',#4562,#2553,#4572,.T.);
#4572 = LINE('',#4573,#4574);
#4573 = CARTESIAN_POINT('',(121.6,-58.8,0.));
#4574 = VECTOR('',#4575,1.);
#4575 = DIRECTION('',(0.,0.,1.));
#4576 = PLANE('',#4577);
#4577 = AXIS2_PLACEMENT_3D('',#4578,#4579,#4580);
#4578 = CARTESIAN_POINT('',(124.4,-58.8,0.));
#4579 = DIRECTION('',(0.,-1.,0.));
#4580 = DIRECTION('',(-1.,0.,0.));
#4581 = ADVANCED_FACE('',(#4582),#4601,.F.);
#4582 = FACE_BOUND('',#4583,.F.);
#4583 = EDGE_LOOP('',(#4584,#4593,#4594,#4595));
#4584 = ORIENTED_EDGE('',*,*,#4585,.F.);
#4585 = EDGE_CURVE('',#4562,#4586,#4588,.T.);
#4586 = VERTEX_POINT('',#4587);
#4587 = CARTESIAN_POINT('',(120.8,-58.,13.19));
#4588 = CIRCLE('',#4589,0.8);
#4589 = AXIS2_PLACEMENT_3D('',#4590,#4591,#4592);
#4590 = CARTESIAN_POINT('',(121.6,-58.,13.19));
#4591 = DIRECTION('',(0.,0.,-1.));
#4592 = DIRECTION('',(0.,-1.,0.));
#4593 = ORIENTED_EDGE('',*,*,#4571,.T.);
#4594 = ORIENTED_EDGE('',*,*,#2552,.T.);
#4595 = ORIENTED_EDGE('',*,*,#4596,.F.);
#4596 = EDGE_CURVE('',#4586,#2545,#4597,.T.);
#4597 = LINE('',#4598,#4599);
#4598 = CARTESIAN_POINT('',(120.8,-58.,0.));
#4599 = VECTOR('',#4600,1.);
#4600 = DIRECTION('',(0.,0.,1.));
#4601 = CYLINDRICAL_SURFACE('',#4602,0.8);
#4602 = AXIS2_PLACEMENT_3D('',#4603,#4604,#4605);
#4603 = CARTESIAN_POINT('',(121.6,-58.,0.));
#4604 = DIRECTION('',(0.,0.,-1.));
#4605 = DIRECTION('',(0.,-1.,0.));
#4606 = ADVANCED_FACE('',(#4607),#4625,.F.);
#4607 = FACE_BOUND('',#4608,.F.);
#4608 = EDGE_LOOP('',(#4609,#4617,#4618,#4619));
#4609 = ORIENTED_EDGE('',*,*,#4610,.F.);
#4610 = EDGE_CURVE('',#4586,#4611,#4613,.T.);
#4611 = VERTEX_POINT('',#4612);
#4612 = CARTESIAN_POINT('',(120.8,-57.5,13.19));
#4613 = LINE('',#4614,#4615);
#4614 = CARTESIAN_POINT('',(120.8,-89.,13.19));
#4615 = VECTOR('',#4616,1.);
#4616 = DIRECTION('',(0.,1.,0.));
#4617 = ORIENTED_EDGE('',*,*,#4596,.T.);
#4618 = ORIENTED_EDGE('',*,*,#2544,.T.);
#4619 = ORIENTED_EDGE('',*,*,#4620,.F.);
#4620 = EDGE_CURVE('',#4611,#2536,#4621,.T.);
#4621 = LINE('',#4622,#4623);
#4622 = CARTESIAN_POINT('',(120.8,-57.5,0.));
#4623 = VECTOR('',#4624,1.);
#4624 = DIRECTION('',(0.,0.,1.));
#4625 = PLANE('',#4626);
#4626 = AXIS2_PLACEMENT_3D('',#4627,#4628,#4629);
#4627 = CARTESIAN_POINT('',(120.8,-58.,0.));
#4628 = DIRECTION('',(-1.,0.,0.));
#4629 = DIRECTION('',(0.,1.,0.));
#4630 = ADVANCED_FACE('',(#4631),#4643,.F.);
#4631 = FACE_BOUND('',#4632,.F.);
#4632 = EDGE_LOOP('',(#4633,#4640,#4641,#4642));
#4633 = ORIENTED_EDGE('',*,*,#4634,.F.);
#4634 = EDGE_CURVE('',#4611,#4457,#4635,.T.);
#4635 = CIRCLE('',#4636,0.8);
#4636 = AXIS2_PLACEMENT_3D('',#4637,#4638,#4639);
#4637 = CARTESIAN_POINT('',(121.6,-57.5,13.19));
#4638 = DIRECTION('',(0.,0.,-1.));
#4639 = DIRECTION('',(-1.,-8.88E-15,-0.));
#4640 = ORIENTED_EDGE('',*,*,#4620,.T.);
#4641 = ORIENTED_EDGE('',*,*,#2535,.T.);
#4642 = ORIENTED_EDGE('',*,*,#4466,.F.);
#4643 = CYLINDRICAL_SURFACE('',#4644,0.8);
#4644 = AXIS2_PLACEMENT_3D('',#4645,#4646,#4647);
#4645 = CARTESIAN_POINT('',(121.6,-57.5,0.));
#4646 = DIRECTION('',(0.,0.,-1.));
#4647 = DIRECTION('',(-1.,-8.88E-15,-0.));
#4648 = ADVANCED_FACE('',(#4649),#4674,.F.);
#4649 = FACE_BOUND('',#4650,.F.);
#4650 = EDGE_LOOP('',(#4651,#4661,#4667,#4668));
#4651 = ORIENTED_EDGE('',*,*,#4652,.F.);
#4652 = EDGE_CURVE('',#4653,#4655,#4657,.T.);
#4653 = VERTEX_POINT('',#4654);
#4654 = CARTESIAN_POINT('',(121.5,-53.2,13.19));
#4655 = VERTEX_POINT('',#4656);
#4656 = CARTESIAN_POINT('',(124.5,-53.2,13.19));
#4657 = LINE('',#4658,#4659);
#4658 = CARTESIAN_POINT('',(60.75,-53.2,13.19));
#4659 = VECTOR('',#4660,1.);
#4660 = DIRECTION('',(1.,0.,0.));
#4661 = ORIENTED_EDGE('',*,*,#4662,.T.);
#4662 = EDGE_CURVE('',#4653,#2596,#4663,.T.);
#4663 = LINE('',#4664,#4665);
#4664 = CARTESIAN_POINT('',(121.5,-53.2,0.));
#4665 = VECTOR('',#4666,1.);
#4666 = DIRECTION('',(0.,0.,1.));
#4667 = ORIENTED_EDGE('',*,*,#2595,.T.);
#4668 = ORIENTED_EDGE('',*,*,#4669,.F.);
#4669 = EDGE_CURVE('',#4655,#2598,#4670,.T.);
#4670 = LINE('',#4671,#4672);
#4671 = CARTESIAN_POINT('',(124.5,-53.2,0.));
#4672 = VECTOR('',#4673,1.);
#4673 = DIRECTION('',(0.,0.,1.));
#4674 = PLANE('',#4675);
#4675 = AXIS2_PLACEMENT_3D('',#4676,#4677,#4678);
#4676 = CARTESIAN_POINT('',(121.5,-53.2,0.));
#4677 = DIRECTION('',(0.,1.,0.));
#4678 = DIRECTION('',(1.,0.,0.));
#4679 = ADVANCED_FACE('',(#4680),#4709,.F.);
#4680 = FACE_BOUND('',#4681,.F.);
#4681 = EDGE_LOOP('',(#4682,#4683,#4691,#4700,#4707,#4708));
#4682 = ORIENTED_EDGE('',*,*,#2631,.T.);
#4683 = ORIENTED_EDGE('',*,*,#4684,.F.);
#4684 = EDGE_CURVE('',#4685,#2624,#4687,.T.);
#4685 = VERTEX_POINT('',#4686);
#4686 = CARTESIAN_POINT('',(124.5,-55.4,13.19));
#4687 = LINE('',#4688,#4689);
#4688 = CARTESIAN_POINT('',(124.5,-55.4,0.));
#4689 = VECTOR('',#4690,1.);
#4690 = DIRECTION('',(0.,0.,1.));
#4691 = ORIENTED_EDGE('',*,*,#4692,.F.);
#4692 = EDGE_CURVE('',#4693,#4685,#4695,.T.);
#4693 = VERTEX_POINT('',#4694);
#4694 = CARTESIAN_POINT('',(125.6,-54.3,13.19));
#4695 = CIRCLE('',#4696,1.1);
#4696 = AXIS2_PLACEMENT_3D('',#4697,#4698,#4699);
#4697 = CARTESIAN_POINT('',(124.5,-54.3,13.19));
#4698 = DIRECTION('',(0.,0.,-1.));
#4699 = DIRECTION('',(1.,1.938E-14,0.));
#4700 = ORIENTED_EDGE('',*,*,#4701,.F.);
#4701 = EDGE_CURVE('',#4655,#4693,#4702,.T.);
#4702 = CIRCLE('',#4703,1.1);
#4703 = AXIS2_PLACEMENT_3D('',#4704,#4705,#4706);
#4704 = CARTESIAN_POINT('',(124.5,-54.3,13.19));
#4705 = DIRECTION('',(0.,0.,-1.));
#4706 = DIRECTION('',(-1.292E-14,1.,0.));
#4707 = ORIENTED_EDGE('',*,*,#4669,.T.);
#4708 = ORIENTED_EDGE('',*,*,#2640,.T.);
#4709 = CYLINDRICAL_SURFACE('',#4710,1.1);
#4710 = AXIS2_PLACEMENT_3D('',#4711,#4712,#4713);
#4711 = CARTESIAN_POINT('',(124.5,-54.3,0.));
#4712 = DIRECTION('',(0.,0.,-1.));
#4713 = DIRECTION('',(-1.292E-14,1.,0.));
#4714 = ADVANCED_FACE('',(#4715),#4733,.F.);
#4715 = FACE_BOUND('',#4716,.F.);
#4716 = EDGE_LOOP('',(#4717,#4725,#4726,#4727));
#4717 = ORIENTED_EDGE('',*,*,#4718,.F.);
#4718 = EDGE_CURVE('',#4685,#4719,#4721,.T.);
#4719 = VERTEX_POINT('',#4720);
#4720 = CARTESIAN_POINT('',(121.5,-55.4,13.19));
#4721 = LINE('',#4722,#4723);
#4722 = CARTESIAN_POINT('',(62.25,-55.4,13.19));
#4723 = VECTOR('',#4724,1.);
#4724 = DIRECTION('',(-1.,0.,0.));
#4725 = ORIENTED_EDGE('',*,*,#4684,.T.);
#4726 = ORIENTED_EDGE('',*,*,#2623,.T.);
#4727 = ORIENTED_EDGE('',*,*,#4728,.F.);
#4728 = EDGE_CURVE('',#4719,#2615,#4729,.T.);
#4729 = LINE('',#4730,#4731);
#4730 = CARTESIAN_POINT('',(121.5,-55.4,0.));
#4731 = VECTOR('',#4732,1.);
#4732 = DIRECTION('',(0.,0.,1.));
#4733 = PLANE('',#4734);
#4734 = AXIS2_PLACEMENT_3D('',#4735,#4736,#4737);
#4735 = CARTESIAN_POINT('',(124.5,-55.4,0.));
#4736 = DIRECTION('',(0.,-1.,0.));
#4737 = DIRECTION('',(-1.,0.,0.));
#4738 = ADVANCED_FACE('',(#4739),#4761,.F.);
#4739 = FACE_BOUND('',#4740,.F.);
#4740 = EDGE_LOOP('',(#4741,#4742,#4743,#4744,#4745,#4754));
#4741 = ORIENTED_EDGE('',*,*,#4728,.T.);
#4742 = ORIENTED_EDGE('',*,*,#2614,.T.);
#4743 = ORIENTED_EDGE('',*,*,#2605,.T.);
#4744 = ORIENTED_EDGE('',*,*,#4662,.F.);
#4745 = ORIENTED_EDGE('',*,*,#4746,.F.);
#4746 = EDGE_CURVE('',#4747,#4653,#4749,.T.);
#4747 = VERTEX_POINT('',#4748);
#4748 = CARTESIAN_POINT('',(120.4,-54.3,13.19));
#4749 = CIRCLE('',#4750,1.1);
#4750 = AXIS2_PLACEMENT_3D('',#4751,#4752,#4753);
#4751 = CARTESIAN_POINT('',(121.5,-54.3,13.19));
#4752 = DIRECTION('',(0.,0.,-1.));
#4753 = DIRECTION('',(-1.,-6.46E-15,-0.));
#4754 = ORIENTED_EDGE('',*,*,#4755,.F.);
#4755 = EDGE_CURVE('',#4719,#4747,#4756,.T.);
#4756 = CIRCLE('',#4757,1.1);
#4757 = AXIS2_PLACEMENT_3D('',#4758,#4759,#4760);
#4758 = CARTESIAN_POINT('',(121.5,-54.3,13.19));
#4759 = DIRECTION('',(0.,0.,-1.));
#4760 = DIRECTION('',(0.,-1.,0.));
#4761 = CYLINDRICAL_SURFACE('',#4762,1.1);
#4762 = AXIS2_PLACEMENT_3D('',#4763,#4764,#4765);
#4763 = CARTESIAN_POINT('',(121.5,-54.3,0.));
#4764 = DIRECTION('',(0.,0.,-1.));
#4765 = DIRECTION('',(-1.,-6.46E-15,-0.));
#4766 = ADVANCED_FACE('',(#4767),#4792,.F.);
#4767 = FACE_BOUND('',#4768,.F.);
#4768 = EDGE_LOOP('',(#4769,#4779,#4785,#4786));
#4769 = ORIENTED_EDGE('',*,*,#4770,.F.);
#4770 = EDGE_CURVE('',#4771,#4773,#4775,.T.);
#4771 = VERTEX_POINT('',#4772);
#4772 = CARTESIAN_POINT('',(115.4,-62.9,13.19));
#4773 = VERTEX_POINT('',#4774);
#4774 = CARTESIAN_POINT('',(118.2,-62.9,13.19));
#4775 = LINE('',#4776,#4777);
#4776 = CARTESIAN_POINT('',(57.7,-62.9,13.19));
#4777 = VECTOR('',#4778,1.);
#4778 = DIRECTION('',(1.,0.,0.));
#4779 = ORIENTED_EDGE('',*,*,#4780,.T.);
#4780 = EDGE_CURVE('',#4771,#2650,#4781,.T.);
#4781 = LINE('',#4782,#4783);
#4782 = CARTESIAN_POINT('',(115.4,-62.9,0.));
#4783 = VECTOR('',#4784,1.);
#4784 = DIRECTION('',(0.,0.,1.));
#4785 = ORIENTED_EDGE('',*,*,#2649,.T.);
#4786 = ORIENTED_EDGE('',*,*,#4787,.F.);
#4787 = EDGE_CURVE('',#4773,#2652,#4788,.T.);
#4788 = LINE('',#4789,#4790);
#4789 = CARTESIAN_POINT('',(118.2,-62.9,0.));
#4790 = VECTOR('',#4791,1.);
#4791 = DIRECTION('',(0.,0.,1.));
#4792 = PLANE('',#4793);
#4793 = AXIS2_PLACEMENT_3D('',#4794,#4795,#4796);
#4794 = CARTESIAN_POINT('',(115.4,-62.9,0.));
#4795 = DIRECTION('',(0.,1.,0.));
#4796 = DIRECTION('',(1.,0.,0.));
#4797 = ADVANCED_FACE('',(#4798),#4817,.F.);
#4798 = FACE_BOUND('',#4799,.F.);
#4799 = EDGE_LOOP('',(#4800,#4809,#4810,#4811));
#4800 = ORIENTED_EDGE('',*,*,#4801,.F.);
#4801 = EDGE_CURVE('',#4773,#4802,#4804,.T.);
#4802 = VERTEX_POINT('',#4803);
#4803 = CARTESIAN_POINT('',(119.,-63.7,13.19));
#4804 = CIRCLE('',#4805,0.8);
#4805 = AXIS2_PLACEMENT_3D('',#4806,#4807,#4808);
#4806 = CARTESIAN_POINT('',(118.2,-63.7,13.19));
#4807 = DIRECTION('',(0.,0.,-1.));
#4808 = DIRECTION('',(0.,1.,0.));
#4809 = ORIENTED_EDGE('',*,*,#4787,.T.);
#4810 = ORIENTED_EDGE('',*,*,#2710,.T.);
#4811 = ORIENTED_EDGE('',*,*,#4812,.F.);
#4812 = EDGE_CURVE('',#4802,#2703,#4813,.T.);
#4813 = LINE('',#4814,#4815);
#4814 = CARTESIAN_POINT('',(119.,-63.7,0.));
#4815 = VECTOR('',#4816,1.);
#4816 = DIRECTION('',(0.,0.,1.));
#4817 = CYLINDRICAL_SURFACE('',#4818,0.8);
#4818 = AXIS2_PLACEMENT_3D('',#4819,#4820,#4821);
#4819 = CARTESIAN_POINT('',(118.2,-63.7,0.));
#4820 = DIRECTION('',(0.,0.,-1.));
#4821 = DIRECTION('',(0.,1.,0.));
#4822 = ADVANCED_FACE('',(#4823),#4841,.F.);
#4823 = FACE_BOUND('',#4824,.F.);
#4824 = EDGE_LOOP('',(#4825,#4833,#4834,#4835));
#4825 = ORIENTED_EDGE('',*,*,#4826,.F.);
#4826 = EDGE_CURVE('',#4802,#4827,#4829,.T.);
#4827 = VERTEX_POINT('',#4828);
#4828 = CARTESIAN_POINT('',(119.,-64.2,13.19));
#4829 = LINE('',#4830,#4831);
#4830 = CARTESIAN_POINT('',(119.,-91.85,13.19));
#4831 = VECTOR('',#4832,1.);
#4832 = DIRECTION('',(0.,-1.,0.));
#4833 = ORIENTED_EDGE('',*,*,#4812,.T.);
#4834 = ORIENTED_EDGE('',*,*,#2702,.T.);
#4835 = ORIENTED_EDGE('',*,*,#4836,.F.);
#4836 = EDGE_CURVE('',#4827,#2694,#4837,.T.);
#4837 = LINE('',#4838,#4839);
#4838 = CARTESIAN_POINT('',(119.,-64.2,0.));
#4839 = VECTOR('',#4840,1.);
#4840 = DIRECTION('',(0.,0.,1.));
#4841 = PLANE('',#4842);
#4842 = AXIS2_PLACEMENT_3D('',#4843,#4844,#4845);
#4843 = CARTESIAN_POINT('',(119.,-63.7,0.));
#4844 = DIRECTION('',(1.,0.,0.));
#4845 = DIRECTION('',(0.,-1.,0.));
#4846 = ADVANCED_FACE('',(#4847),#4866,.F.);
#4847 = FACE_BOUND('',#4848,.F.);
#4848 = EDGE_LOOP('',(#4849,#4858,#4859,#4860));
#4849 = ORIENTED_EDGE('',*,*,#4850,.F.);
#4850 = EDGE_CURVE('',#4827,#4851,#4853,.T.);
#4851 = VERTEX_POINT('',#4852);
#4852 = CARTESIAN_POINT('',(118.2,-65.,13.19));
#4853 = CIRCLE('',#4854,0.8);
#4854 = AXIS2_PLACEMENT_3D('',#4855,#4856,#4857);
#4855 = CARTESIAN_POINT('',(118.2,-64.2,13.19));
#4856 = DIRECTION('',(0.,0.,-1.));
#4857 = DIRECTION('',(1.,1.776E-14,0.));
#4858 = ORIENTED_EDGE('',*,*,#4836,.T.);
#4859 = ORIENTED_EDGE('',*,*,#2693,.T.);
#4860 = ORIENTED_EDGE('',*,*,#4861,.F.);
#4861 = EDGE_CURVE('',#4851,#2686,#4862,.T.);
#4862 = LINE('',#4863,#4864);
#4863 = CARTESIAN_POINT('',(118.2,-65.,0.));
#4864 = VECTOR('',#4865,1.);
#4865 = DIRECTION('',(0.,0.,1.));
#4866 = CYLINDRICAL_SURFACE('',#4867,0.8);
#4867 = AXIS2_PLACEMENT_3D('',#4868,#4869,#4870);
#4868 = CARTESIAN_POINT('',(118.2,-64.2,0.));
#4869 = DIRECTION('',(0.,0.,-1.));
#4870 = DIRECTION('',(1.,1.776E-14,0.));
#4871 = ADVANCED_FACE('',(#4872),#4890,.F.);
#4872 = FACE_BOUND('',#4873,.F.);
#4873 = EDGE_LOOP('',(#4874,#4882,#4883,#4884));
#4874 = ORIENTED_EDGE('',*,*,#4875,.F.);
#4875 = EDGE_CURVE('',#4851,#4876,#4878,.T.);
#4876 = VERTEX_POINT('',#4877);
#4877 = CARTESIAN_POINT('',(115.4,-65.,13.19));
#4878 = LINE('',#4879,#4880);
#4879 = CARTESIAN_POINT('',(59.1,-65.,13.19));
#4880 = VECTOR('',#4881,1.);
#4881 = DIRECTION('',(-1.,0.,0.));
#4882 = ORIENTED_EDGE('',*,*,#4861,.T.);
#4883 = ORIENTED_EDGE('',*,*,#2685,.T.);
#4884 = ORIENTED_EDGE('',*,*,#4885,.F.);
#4885 = EDGE_CURVE('',#4876,#2677,#4886,.T.);
#4886 = LINE('',#4887,#4888);
#4887 = CARTESIAN_POINT('',(115.4,-65.,0.));
#4888 = VECTOR('',#4889,1.);
#4889 = DIRECTION('',(0.,0.,1.));
#4890 = PLANE('',#4891);
#4891 = AXIS2_PLACEMENT_3D('',#4892,#4893,#4894);
#4892 = CARTESIAN_POINT('',(118.2,-65.,0.));
#4893 = DIRECTION('',(0.,-1.,0.));
#4894 = DIRECTION('',(-1.,0.,0.));
#4895 = ADVANCED_FACE('',(#4896),#4915,.F.);
#4896 = FACE_BOUND('',#4897,.F.);
#4897 = EDGE_LOOP('',(#4898,#4907,#4908,#4909));
#4898 = ORIENTED_EDGE('',*,*,#4899,.F.);
#4899 = EDGE_CURVE('',#4876,#4900,#4902,.T.);
#4900 = VERTEX_POINT('',#4901);
#4901 = CARTESIAN_POINT('',(114.6,-64.2,13.19));
#4902 = CIRCLE('',#4903,0.8);
#4903 = AXIS2_PLACEMENT_3D('',#4904,#4905,#4906);
#4904 = CARTESIAN_POINT('',(115.4,-64.2,13.19));
#4905 = DIRECTION('',(0.,0.,-1.));
#4906 = DIRECTION('',(1.776E-14,-1.,0.));
#4907 = ORIENTED_EDGE('',*,*,#4885,.T.);
#4908 = ORIENTED_EDGE('',*,*,#2676,.T.);
#4909 = ORIENTED_EDGE('',*,*,#4910,.F.);
#4910 = EDGE_CURVE('',#4900,#2669,#4911,.T.);
#4911 = LINE('',#4912,#4913);
#4912 = CARTESIAN_POINT('',(114.6,-64.2,0.));
#4913 = VECTOR('',#4914,1.);
#4914 = DIRECTION('',(0.,0.,1.));
#4915 = CYLINDRICAL_SURFACE('',#4916,0.8);
#4916 = AXIS2_PLACEMENT_3D('',#4917,#4918,#4919);
#4917 = CARTESIAN_POINT('',(115.4,-64.2,0.));
#4918 = DIRECTION('',(0.,0.,-1.));
#4919 = DIRECTION('',(1.776E-14,-1.,0.));
#4920 = ADVANCED_FACE('',(#4921),#4939,.F.);
#4921 = FACE_BOUND('',#4922,.F.);
#4922 = EDGE_LOOP('',(#4923,#4931,#4932,#4933));
#4923 = ORIENTED_EDGE('',*,*,#4924,.F.);
#4924 = EDGE_CURVE('',#4900,#4925,#4927,.T.);
#4925 = VERTEX_POINT('',#4926);
#4926 = CARTESIAN_POINT('',(114.6,-63.7,13.19));
#4927 = LINE('',#4928,#4929);
#4928 = CARTESIAN_POINT('',(114.6,-92.1,13.19));
#4929 = VECTOR('',#4930,1.);
#4930 = DIRECTION('',(0.,1.,0.));
#4931 = ORIENTED_EDGE('',*,*,#4910,.T.);
#4932 = ORIENTED_EDGE('',*,*,#2668,.T.);
#4933 = ORIENTED_EDGE('',*,*,#4934,.F.);
#4934 = EDGE_CURVE('',#4925,#2660,#4935,.T.);
#4935 = LINE('',#4936,#4937);
#4936 = CARTESIAN_POINT('',(114.6,-63.7,0.));
#4937 = VECTOR('',#4938,1.);
#4938 = DIRECTION('',(0.,0.,1.));
#4939 = PLANE('',#4940);
#4940 = AXIS2_PLACEMENT_3D('',#4941,#4942,#4943);
#4941 = CARTESIAN_POINT('',(114.6,-64.2,0.));
#4942 = DIRECTION('',(-1.,0.,0.));
#4943 = DIRECTION('',(0.,1.,0.));
#4944 = ADVANCED_FACE('',(#4945),#4957,.F.);
#4945 = FACE_BOUND('',#4946,.F.);
#4946 = EDGE_LOOP('',(#4947,#4954,#4955,#4956));
#4947 = ORIENTED_EDGE('',*,*,#4948,.F.);
#4948 = EDGE_CURVE('',#4925,#4771,#4949,.T.);
#4949 = CIRCLE('',#4950,0.8);
#4950 = AXIS2_PLACEMENT_3D('',#4951,#4952,#4953);
#4951 = CARTESIAN_POINT('',(115.4,-63.7,13.19));
#4952 = DIRECTION('',(0.,0.,-1.));
#4953 = DIRECTION('',(-1.,2.665E-14,0.));
#4954 = ORIENTED_EDGE('',*,*,#4934,.T.);
#4955 = ORIENTED_EDGE('',*,*,#2659,.T.);
#4956 = ORIENTED_EDGE('',*,*,#4780,.F.);
#4957 = CYLINDRICAL_SURFACE('',#4958,0.8);
#4958 = AXIS2_PLACEMENT_3D('',#4959,#4960,#4961);
#4959 = CARTESIAN_POINT('',(115.4,-63.7,0.));
#4960 = DIRECTION('',(0.,0.,-1.));
#4961 = DIRECTION('',(-1.,2.665E-14,0.));
#4962 = ADVANCED_FACE('',(#4963),#4988,.F.);
#4963 = FACE_BOUND('',#4964,.F.);
#4964 = EDGE_LOOP('',(#4965,#4975,#4981,#4982));
#4965 = ORIENTED_EDGE('',*,*,#4966,.F.);
#4966 = EDGE_CURVE('',#4967,#4969,#4971,.T.);
#4967 = VERTEX_POINT('',#4968);
#4968 = CARTESIAN_POINT('',(115.4,-59.8,13.19));
#4969 = VERTEX_POINT('',#4970);
#4970 = CARTESIAN_POINT('',(118.2,-59.8,13.19));
#4971 = LINE('',#4972,#4973);
#4972 = CARTESIAN_POINT('',(57.7,-59.8,13.19));
#4973 = VECTOR('',#4974,1.);
#4974 = DIRECTION('',(1.,0.,0.));
#4975 = ORIENTED_EDGE('',*,*,#4976,.T.);
#4976 = EDGE_CURVE('',#4967,#2720,#4977,.T.);
#4977 = LINE('',#4978,#4979);
#4978 = CARTESIAN_POINT('',(115.4,-59.8,0.));
#4979 = VECTOR('',#4980,1.);
#4980 = DIRECTION('',(0.,0.,1.));
#4981 = ORIENTED_EDGE('',*,*,#2719,.T.);
#4982 = ORIENTED_EDGE('',*,*,#4983,.F.);
#4983 = EDGE_CURVE('',#4969,#2722,#4984,.T.);
#4984 = LINE('',#4985,#4986);
#4985 = CARTESIAN_POINT('',(118.2,-59.8,0.));
#4986 = VECTOR('',#4987,1.);
#4987 = DIRECTION('',(0.,0.,1.));
#4988 = PLANE('',#4989);
#4989 = AXIS2_PLACEMENT_3D('',#4990,#4991,#4992);
#4990 = CARTESIAN_POINT('',(115.4,-59.8,0.));
#4991 = DIRECTION('',(0.,1.,0.));
#4992 = DIRECTION('',(1.,0.,0.));
#4993 = ADVANCED_FACE('',(#4994),#5013,.F.);
#4994 = FACE_BOUND('',#4995,.F.);
#4995 = EDGE_LOOP('',(#4996,#5005,#5006,#5007));
#4996 = ORIENTED_EDGE('',*,*,#4997,.F.);
#4997 = EDGE_CURVE('',#4969,#4998,#5000,.T.);
#4998 = VERTEX_POINT('',#4999);
#4999 = CARTESIAN_POINT('',(119.,-60.6,13.19));
#5000 = CIRCLE('',#5001,0.8);
#5001 = AXIS2_PLACEMENT_3D('',#5002,#5003,#5004);
#5002 = CARTESIAN_POINT('',(118.2,-60.6,13.19));
#5003 = DIRECTION('',(0.,0.,-1.));
#5004 = DIRECTION('',(0.,1.,0.));
#5005 = ORIENTED_EDGE('',*,*,#4983,.T.);
#5006 = ORIENTED_EDGE('',*,*,#2780,.T.);
#5007 = ORIENTED_EDGE('',*,*,#5008,.F.);
#5008 = EDGE_CURVE('',#4998,#2773,#5009,.T.);
#5009 = LINE('',#5010,#5011);
#5010 = CARTESIAN_POINT('',(119.,-60.6,0.));
#5011 = VECTOR('',#5012,1.);
#5012 = DIRECTION('',(0.,0.,1.));
#5013 = CYLINDRICAL_SURFACE('',#5014,0.8);
#5014 = AXIS2_PLACEMENT_3D('',#5015,#5016,#5017);
#5015 = CARTESIAN_POINT('',(118.2,-60.6,0.));
#5016 = DIRECTION('',(0.,0.,-1.));
#5017 = DIRECTION('',(0.,1.,0.));
#5018 = ADVANCED_FACE('',(#5019),#5037,.F.);
#5019 = FACE_BOUND('',#5020,.F.);
#5020 = EDGE_LOOP('',(#5021,#5029,#5030,#5031));
#5021 = ORIENTED_EDGE('',*,*,#5022,.F.);
#5022 = EDGE_CURVE('',#4998,#5023,#5025,.T.);
#5023 = VERTEX_POINT('',#5024);
#5024 = CARTESIAN_POINT('',(119.,-61.1,13.19));
#5025 = LINE('',#5026,#5027);
#5026 = CARTESIAN_POINT('',(119.,-90.3,13.19));
#5027 = VECTOR('',#5028,1.);
#5028 = DIRECTION('',(0.,-1.,0.));
#5029 = ORIENTED_EDGE('',*,*,#5008,.T.);
#5030 = ORIENTED_EDGE('',*,*,#2772,.T.);
#5031 = ORIENTED_EDGE('',*,*,#5032,.F.);
#5032 = EDGE_CURVE('',#5023,#2764,#5033,.T.);
#5033 = LINE('',#5034,#5035);
#5034 = CARTESIAN_POINT('',(119.,-61.1,0.));
#5035 = VECTOR('',#5036,1.);
#5036 = DIRECTION('',(0.,0.,1.));
#5037 = PLANE('',#5038);
#5038 = AXIS2_PLACEMENT_3D('',#5039,#5040,#5041);
#5039 = CARTESIAN_POINT('',(119.,-60.6,0.));
#5040 = DIRECTION('',(1.,0.,0.));
#5041 = DIRECTION('',(0.,-1.,0.));
#5042 = ADVANCED_FACE('',(#5043),#5062,.F.);
#5043 = FACE_BOUND('',#5044,.F.);
#5044 = EDGE_LOOP('',(#5045,#5054,#5055,#5056));
#5045 = ORIENTED_EDGE('',*,*,#5046,.F.);
#5046 = EDGE_CURVE('',#5023,#5047,#5049,.T.);
#5047 = VERTEX_POINT('',#5048);
#5048 = CARTESIAN_POINT('',(118.2,-61.9,13.19));
#5049 = CIRCLE('',#5050,0.8);
#5050 = AXIS2_PLACEMENT_3D('',#5051,#5052,#5053);
#5051 = CARTESIAN_POINT('',(118.2,-61.1,13.19));
#5052 = DIRECTION('',(0.,0.,-1.));
#5053 = DIRECTION('',(1.,0.,0.));
#5054 = ORIENTED_EDGE('',*,*,#5032,.T.);
#5055 = ORIENTED_EDGE('',*,*,#2763,.T.);
#5056 = ORIENTED_EDGE('',*,*,#5057,.F.);
#5057 = EDGE_CURVE('',#5047,#2756,#5058,.T.);
#5058 = LINE('',#5059,#5060);
#5059 = CARTESIAN_POINT('',(118.2,-61.9,0.));
#5060 = VECTOR('',#5061,1.);
#5061 = DIRECTION('',(0.,0.,1.));
#5062 = CYLINDRICAL_SURFACE('',#5063,0.8);
#5063 = AXIS2_PLACEMENT_3D('',#5064,#5065,#5066);
#5064 = CARTESIAN_POINT('',(118.2,-61.1,0.));
#5065 = DIRECTION('',(0.,0.,-1.));
#5066 = DIRECTION('',(1.,0.,0.));
#5067 = ADVANCED_FACE('',(#5068),#5086,.F.);
#5068 = FACE_BOUND('',#5069,.F.);
#5069 = EDGE_LOOP('',(#5070,#5078,#5079,#5080));
#5070 = ORIENTED_EDGE('',*,*,#5071,.F.);
#5071 = EDGE_CURVE('',#5047,#5072,#5074,.T.);
#5072 = VERTEX_POINT('',#5073);
#5073 = CARTESIAN_POINT('',(115.4,-61.9,13.19));
#5074 = LINE('',#5075,#5076);
#5075 = CARTESIAN_POINT('',(59.1,-61.9,13.19));
#5076 = VECTOR('',#5077,1.);
#5077 = DIRECTION('',(-1.,0.,0.));
#5078 = ORIENTED_EDGE('',*,*,#5057,.T.);
#5079 = ORIENTED_EDGE('',*,*,#2755,.T.);
#5080 = ORIENTED_EDGE('',*,*,#5081,.F.);
#5081 = EDGE_CURVE('',#5072,#2747,#5082,.T.);
#5082 = LINE('',#5083,#5084);
#5083 = CARTESIAN_POINT('',(115.4,-61.9,0.));
#5084 = VECTOR('',#5085,1.);
#5085 = DIRECTION('',(0.,0.,1.));
#5086 = PLANE('',#5087);
#5087 = AXIS2_PLACEMENT_3D('',#5088,#5089,#5090);
#5088 = CARTESIAN_POINT('',(118.2,-61.9,0.));
#5089 = DIRECTION('',(0.,-1.,0.));
#5090 = DIRECTION('',(-1.,0.,0.));
#5091 = ADVANCED_FACE('',(#5092),#5111,.F.);
#5092 = FACE_BOUND('',#5093,.F.);
#5093 = EDGE_LOOP('',(#5094,#5103,#5104,#5105));
#5094 = ORIENTED_EDGE('',*,*,#5095,.F.);
#5095 = EDGE_CURVE('',#5072,#5096,#5098,.T.);
#5096 = VERTEX_POINT('',#5097);
#5097 = CARTESIAN_POINT('',(114.6,-61.1,13.19));
#5098 = CIRCLE('',#5099,0.8);
#5099 = AXIS2_PLACEMENT_3D('',#5100,#5101,#5102);
#5100 = CARTESIAN_POINT('',(115.4,-61.1,13.19));
#5101 = DIRECTION('',(0.,0.,-1.));
#5102 = DIRECTION('',(0.,-1.,0.));
#5103 = ORIENTED_EDGE('',*,*,#5081,.T.);
#5104 = ORIENTED_EDGE('',*,*,#2746,.T.);
#5105 = ORIENTED_EDGE('',*,*,#5106,.F.);
#5106 = EDGE_CURVE('',#5096,#2739,#5107,.T.);
#5107 = LINE('',#5108,#5109);
#5108 = CARTESIAN_POINT('',(114.6,-61.1,0.));
#5109 = VECTOR('',#5110,1.);
#5110 = DIRECTION('',(0.,0.,1.));
#5111 = CYLINDRICAL_SURFACE('',#5112,0.8);
#5112 = AXIS2_PLACEMENT_3D('',#5113,#5114,#5115);
#5113 = CARTESIAN_POINT('',(115.4,-61.1,0.));
#5114 = DIRECTION('',(0.,0.,-1.));
#5115 = DIRECTION('',(0.,-1.,0.));
#5116 = ADVANCED_FACE('',(#5117),#5135,.F.);
#5117 = FACE_BOUND('',#5118,.F.);
#5118 = EDGE_LOOP('',(#5119,#5127,#5128,#5129));
#5119 = ORIENTED_EDGE('',*,*,#5120,.F.);
#5120 = EDGE_CURVE('',#5096,#5121,#5123,.T.);
#5121 = VERTEX_POINT('',#5122);
#5122 = CARTESIAN_POINT('',(114.6,-60.6,13.19));
#5123 = LINE('',#5124,#5125);
#5124 = CARTESIAN_POINT('',(114.6,-90.55,13.19));
#5125 = VECTOR('',#5126,1.);
#5126 = DIRECTION('',(0.,1.,0.));
#5127 = ORIENTED_EDGE('',*,*,#5106,.T.);
#5128 = ORIENTED_EDGE('',*,*,#2738,.T.);
#5129 = ORIENTED_EDGE('',*,*,#5130,.F.);
#5130 = EDGE_CURVE('',#5121,#2730,#5131,.T.);
#5131 = LINE('',#5132,#5133);
#5132 = CARTESIAN_POINT('',(114.6,-60.6,0.));
#5133 = VECTOR('',#5134,1.);
#5134 = DIRECTION('',(0.,0.,1.));
#5135 = PLANE('',#5136);
#5136 = AXIS2_PLACEMENT_3D('',#5137,#5138,#5139);
#5137 = CARTESIAN_POINT('',(114.6,-61.1,0.));
#5138 = DIRECTION('',(-1.,0.,0.));
#5139 = DIRECTION('',(0.,1.,0.));
#5140 = ADVANCED_FACE('',(#5141),#5153,.F.);
#5141 = FACE_BOUND('',#5142,.F.);
#5142 = EDGE_LOOP('',(#5143,#5150,#5151,#5152));
#5143 = ORIENTED_EDGE('',*,*,#5144,.F.);
#5144 = EDGE_CURVE('',#5121,#4967,#5145,.T.);
#5145 = CIRCLE('',#5146,0.8);
#5146 = AXIS2_PLACEMENT_3D('',#5147,#5148,#5149);
#5147 = CARTESIAN_POINT('',(115.4,-60.6,13.19));
#5148 = DIRECTION('',(0.,0.,-1.));
#5149 = DIRECTION('',(-1.,2.665E-14,0.));
#5150 = ORIENTED_EDGE('',*,*,#5130,.T.);
#5151 = ORIENTED_EDGE('',*,*,#2729,.T.);
#5152 = ORIENTED_EDGE('',*,*,#4976,.F.);
#5153 = CYLINDRICAL_SURFACE('',#5154,0.8);
#5154 = AXIS2_PLACEMENT_3D('',#5155,#5156,#5157);
#5155 = CARTESIAN_POINT('',(115.4,-60.6,0.));
#5156 = DIRECTION('',(0.,0.,-1.));
#5157 = DIRECTION('',(-1.,2.665E-14,0.));
#5158 = ADVANCED_FACE('',(#5159),#5184,.F.);
#5159 = FACE_BOUND('',#5160,.F.);
#5160 = EDGE_LOOP('',(#5161,#5171,#5177,#5178));
#5161 = ORIENTED_EDGE('',*,*,#5162,.F.);
#5162 = EDGE_CURVE('',#5163,#5165,#5167,.T.);
#5163 = VERTEX_POINT('',#5164);
#5164 = CARTESIAN_POINT('',(115.4,-56.7,13.19));
#5165 = VERTEX_POINT('',#5166);
#5166 = CARTESIAN_POINT('',(118.2,-56.7,13.19));
#5167 = LINE('',#5168,#5169);
#5168 = CARTESIAN_POINT('',(57.7,-56.7,13.19));
#5169 = VECTOR('',#5170,1.);
#5170 = DIRECTION('',(1.,0.,0.));
#5171 = ORIENTED_EDGE('',*,*,#5172,.T.);
#5172 = EDGE_CURVE('',#5163,#2790,#5173,.T.);
#5173 = LINE('',#5174,#5175);
#5174 = CARTESIAN_POINT('',(115.4,-56.7,0.));
#5175 = VECTOR('',#5176,1.);
#5176 = DIRECTION('',(0.,0.,1.));
#5177 = ORIENTED_EDGE('',*,*,#2789,.T.);
#5178 = ORIENTED_EDGE('',*,*,#5179,.F.);
#5179 = EDGE_CURVE('',#5165,#2792,#5180,.T.);
#5180 = LINE('',#5181,#5182);
#5181 = CARTESIAN_POINT('',(118.2,-56.7,0.));
#5182 = VECTOR('',#5183,1.);
#5183 = DIRECTION('',(0.,0.,1.));
#5184 = PLANE('',#5185);
#5185 = AXIS2_PLACEMENT_3D('',#5186,#5187,#5188);
#5186 = CARTESIAN_POINT('',(115.4,-56.7,0.));
#5187 = DIRECTION('',(0.,1.,0.));
#5188 = DIRECTION('',(1.,0.,0.));
#5189 = ADVANCED_FACE('',(#5190),#5209,.F.);
#5190 = FACE_BOUND('',#5191,.F.);
#5191 = EDGE_LOOP('',(#5192,#5201,#5202,#5203));
#5192 = ORIENTED_EDGE('',*,*,#5193,.F.);
#5193 = EDGE_CURVE('',#5165,#5194,#5196,.T.);
#5194 = VERTEX_POINT('',#5195);
#5195 = CARTESIAN_POINT('',(119.,-57.5,13.19));
#5196 = CIRCLE('',#5197,0.8);
#5197 = AXIS2_PLACEMENT_3D('',#5198,#5199,#5200);
#5198 = CARTESIAN_POINT('',(118.2,-57.5,13.19));
#5199 = DIRECTION('',(0.,0.,-1.));
#5200 = DIRECTION('',(0.,1.,0.));
#5201 = ORIENTED_EDGE('',*,*,#5179,.T.);
#5202 = ORIENTED_EDGE('',*,*,#2850,.T.);
#5203 = ORIENTED_EDGE('',*,*,#5204,.F.);
#5204 = EDGE_CURVE('',#5194,#2843,#5205,.T.);
#5205 = LINE('',#5206,#5207);
#5206 = CARTESIAN_POINT('',(119.,-57.5,0.));
#5207 = VECTOR('',#5208,1.);
#5208 = DIRECTION('',(0.,0.,1.));
#5209 = CYLINDRICAL_SURFACE('',#5210,0.8);
#5210 = AXIS2_PLACEMENT_3D('',#5211,#5212,#5213);
#5211 = CARTESIAN_POINT('',(118.2,-57.5,0.));
#5212 = DIRECTION('',(0.,0.,-1.));
#5213 = DIRECTION('',(0.,1.,0.));
#5214 = ADVANCED_FACE('',(#5215),#5233,.F.);
#5215 = FACE_BOUND('',#5216,.F.);
#5216 = EDGE_LOOP('',(#5217,#5225,#5226,#5227));
#5217 = ORIENTED_EDGE('',*,*,#5218,.F.);
#5218 = EDGE_CURVE('',#5194,#5219,#5221,.T.);
#5219 = VERTEX_POINT('',#5220);
#5220 = CARTESIAN_POINT('',(119.,-58.,13.19));
#5221 = LINE('',#5222,#5223);
#5222 = CARTESIAN_POINT('',(119.,-88.75,13.19));
#5223 = VECTOR('',#5224,1.);
#5224 = DIRECTION('',(0.,-1.,0.));
#5225 = ORIENTED_EDGE('',*,*,#5204,.T.);
#5226 = ORIENTED_EDGE('',*,*,#2842,.T.);
#5227 = ORIENTED_EDGE('',*,*,#5228,.F.);
#5228 = EDGE_CURVE('',#5219,#2834,#5229,.T.);
#5229 = LINE('',#5230,#5231);
#5230 = CARTESIAN_POINT('',(119.,-58.,0.));
#5231 = VECTOR('',#5232,1.);
#5232 = DIRECTION('',(0.,0.,1.));
#5233 = PLANE('',#5234);
#5234 = AXIS2_PLACEMENT_3D('',#5235,#5236,#5237);
#5235 = CARTESIAN_POINT('',(119.,-57.5,0.));
#5236 = DIRECTION('',(1.,0.,0.));
#5237 = DIRECTION('',(0.,-1.,0.));
#5238 = ADVANCED_FACE('',(#5239),#5258,.F.);
#5239 = FACE_BOUND('',#5240,.F.);
#5240 = EDGE_LOOP('',(#5241,#5250,#5251,#5252));
#5241 = ORIENTED_EDGE('',*,*,#5242,.F.);
#5242 = EDGE_CURVE('',#5219,#5243,#5245,.T.);
#5243 = VERTEX_POINT('',#5244);
#5244 = CARTESIAN_POINT('',(118.2,-58.8,13.19));
#5245 = CIRCLE('',#5246,0.8);
#5246 = AXIS2_PLACEMENT_3D('',#5247,#5248,#5249);
#5247 = CARTESIAN_POINT('',(118.2,-58.,13.19));
#5248 = DIRECTION('',(0.,0.,-1.));
#5249 = DIRECTION('',(1.,0.,0.));
#5250 = ORIENTED_EDGE('',*,*,#5228,.T.);
#5251 = ORIENTED_EDGE('',*,*,#2833,.T.);
#5252 = ORIENTED_EDGE('',*,*,#5253,.F.);
#5253 = EDGE_CURVE('',#5243,#2826,#5254,.T.);
#5254 = LINE('',#5255,#5256);
#5255 = CARTESIAN_POINT('',(118.2,-58.8,0.));
#5256 = VECTOR('',#5257,1.);
#5257 = DIRECTION('',(0.,0.,1.));
#5258 = CYLINDRICAL_SURFACE('',#5259,0.8);
#5259 = AXIS2_PLACEMENT_3D('',#5260,#5261,#5262);
#5260 = CARTESIAN_POINT('',(118.2,-58.,0.));
#5261 = DIRECTION('',(0.,0.,-1.));
#5262 = DIRECTION('',(1.,0.,0.));
#5263 = ADVANCED_FACE('',(#5264),#5282,.F.);
#5264 = FACE_BOUND('',#5265,.F.);
#5265 = EDGE_LOOP('',(#5266,#5274,#5275,#5276));
#5266 = ORIENTED_EDGE('',*,*,#5267,.F.);
#5267 = EDGE_CURVE('',#5243,#5268,#5270,.T.);
#5268 = VERTEX_POINT('',#5269);
#5269 = CARTESIAN_POINT('',(115.4,-58.8,13.19));
#5270 = LINE('',#5271,#5272);
#5271 = CARTESIAN_POINT('',(59.1,-58.8,13.19));
#5272 = VECTOR('',#5273,1.);
#5273 = DIRECTION('',(-1.,0.,0.));
#5274 = ORIENTED_EDGE('',*,*,#5253,.T.);
#5275 = ORIENTED_EDGE('',*,*,#2825,.T.);
#5276 = ORIENTED_EDGE('',*,*,#5277,.F.);
#5277 = EDGE_CURVE('',#5268,#2817,#5278,.T.);
#5278 = LINE('',#5279,#5280);
#5279 = CARTESIAN_POINT('',(115.4,-58.8,0.));
#5280 = VECTOR('',#5281,1.);
#5281 = DIRECTION('',(0.,0.,1.));
#5282 = PLANE('',#5283);
#5283 = AXIS2_PLACEMENT_3D('',#5284,#5285,#5286);
#5284 = CARTESIAN_POINT('',(118.2,-58.8,0.));
#5285 = DIRECTION('',(0.,-1.,0.));
#5286 = DIRECTION('',(-1.,0.,0.));
#5287 = ADVANCED_FACE('',(#5288),#5307,.F.);
#5288 = FACE_BOUND('',#5289,.F.);
#5289 = EDGE_LOOP('',(#5290,#5299,#5300,#5301));
#5290 = ORIENTED_EDGE('',*,*,#5291,.F.);
#5291 = EDGE_CURVE('',#5268,#5292,#5294,.T.);
#5292 = VERTEX_POINT('',#5293);
#5293 = CARTESIAN_POINT('',(114.6,-58.,13.19));
#5294 = CIRCLE('',#5295,0.8);
#5295 = AXIS2_PLACEMENT_3D('',#5296,#5297,#5298);
#5296 = CARTESIAN_POINT('',(115.4,-58.,13.19));
#5297 = DIRECTION('',(0.,0.,-1.));
#5298 = DIRECTION('',(0.,-1.,0.));
#5299 = ORIENTED_EDGE('',*,*,#5277,.T.);
#5300 = ORIENTED_EDGE('',*,*,#2816,.T.);
#5301 = ORIENTED_EDGE('',*,*,#5302,.F.);
#5302 = EDGE_CURVE('',#5292,#2809,#5303,.T.);
#5303 = LINE('',#5304,#5305);
#5304 = CARTESIAN_POINT('',(114.6,-58.,0.));
#5305 = VECTOR('',#5306,1.);
#5306 = DIRECTION('',(0.,0.,1.));
#5307 = CYLINDRICAL_SURFACE('',#5308,0.8);
#5308 = AXIS2_PLACEMENT_3D('',#5309,#5310,#5311);
#5309 = CARTESIAN_POINT('',(115.4,-58.,0.));
#5310 = DIRECTION('',(0.,0.,-1.));
#5311 = DIRECTION('',(0.,-1.,0.));
#5312 = ADVANCED_FACE('',(#5313),#5331,.F.);
#5313 = FACE_BOUND('',#5314,.F.);
#5314 = EDGE_LOOP('',(#5315,#5323,#5324,#5325));
#5315 = ORIENTED_EDGE('',*,*,#5316,.F.);
#5316 = EDGE_CURVE('',#5292,#5317,#5319,.T.);
#5317 = VERTEX_POINT('',#5318);
#5318 = CARTESIAN_POINT('',(114.6,-57.5,13.19));
#5319 = LINE('',#5320,#5321);
#5320 = CARTESIAN_POINT('',(114.6,-89.,13.19));
#5321 = VECTOR('',#5322,1.);
#5322 = DIRECTION('',(0.,1.,0.));
#5323 = ORIENTED_EDGE('',*,*,#5302,.T.);
#5324 = ORIENTED_EDGE('',*,*,#2808,.T.);
#5325 = ORIENTED_EDGE('',*,*,#5326,.F.);
#5326 = EDGE_CURVE('',#5317,#2800,#5327,.T.);
#5327 = LINE('',#5328,#5329);
#5328 = CARTESIAN_POINT('',(114.6,-57.5,0.));
#5329 = VECTOR('',#5330,1.);
#5330 = DIRECTION('',(0.,0.,1.));
#5331 = PLANE('',#5332);
#5332 = AXIS2_PLACEMENT_3D('',#5333,#5334,#5335);
#5333 = CARTESIAN_POINT('',(114.6,-58.,0.));
#5334 = DIRECTION('',(-1.,0.,0.));
#5335 = DIRECTION('',(0.,1.,0.));
#5336 = ADVANCED_FACE('',(#5337),#5349,.F.);
#5337 = FACE_BOUND('',#5338,.F.);
#5338 = EDGE_LOOP('',(#5339,#5346,#5347,#5348));
#5339 = ORIENTED_EDGE('',*,*,#5340,.F.);
#5340 = EDGE_CURVE('',#5317,#5163,#5341,.T.);
#5341 = CIRCLE('',#5342,0.8);
#5342 = AXIS2_PLACEMENT_3D('',#5343,#5344,#5345);
#5343 = CARTESIAN_POINT('',(115.4,-57.5,13.19));
#5344 = DIRECTION('',(0.,0.,-1.));
#5345 = DIRECTION('',(-1.,2.665E-14,0.));
#5346 = ORIENTED_EDGE('',*,*,#5326,.T.);
#5347 = ORIENTED_EDGE('',*,*,#2799,.T.);
#5348 = ORIENTED_EDGE('',*,*,#5172,.F.);
#5349 = CYLINDRICAL_SURFACE('',#5350,0.8);
#5350 = AXIS2_PLACEMENT_3D('',#5351,#5352,#5353);
#5351 = CARTESIAN_POINT('',(115.4,-57.5,0.));
#5352 = DIRECTION('',(0.,0.,-1.));
#5353 = DIRECTION('',(-1.,2.665E-14,0.));
#5354 = ADVANCED_FACE('',(#5355),#5380,.F.);
#5355 = FACE_BOUND('',#5356,.F.);
#5356 = EDGE_LOOP('',(#5357,#5367,#5373,#5374));
#5357 = ORIENTED_EDGE('',*,*,#5358,.F.);
#5358 = EDGE_CURVE('',#5359,#5361,#5363,.T.);
#5359 = VERTEX_POINT('',#5360);
#5360 = CARTESIAN_POINT('',(115.25,-53.2,13.19));
#5361 = VERTEX_POINT('',#5362);
#5362 = CARTESIAN_POINT('',(117.45,-53.2,13.19));
#5363 = LINE('',#5364,#5365);
#5364 = CARTESIAN_POINT('',(57.625,-53.2,13.19));
#5365 = VECTOR('',#5366,1.);
#5366 = DIRECTION('',(1.,0.,0.));
#5367 = ORIENTED_EDGE('',*,*,#5368,.T.);
#5368 = EDGE_CURVE('',#5359,#2860,#5369,.T.);
#5369 = LINE('',#5370,#5371);
#5370 = CARTESIAN_POINT('',(115.25,-53.2,0.));
#5371 = VECTOR('',#5372,1.);
#5372 = DIRECTION('',(0.,0.,1.));
#5373 = ORIENTED_EDGE('',*,*,#2859,.T.);
#5374 = ORIENTED_EDGE('',*,*,#5375,.F.);
#5375 = EDGE_CURVE('',#5361,#2862,#5376,.T.);
#5376 = LINE('',#5377,#5378);
#5377 = CARTESIAN_POINT('',(117.45,-53.2,0.));
#5378 = VECTOR('',#5379,1.);
#5379 = DIRECTION('',(0.,0.,1.));
#5380 = PLANE('',#5381);
#5381 = AXIS2_PLACEMENT_3D('',#5382,#5383,#5384);
#5382 = CARTESIAN_POINT('',(115.25,-53.2,0.));
#5383 = DIRECTION('',(0.,1.,0.));
#5384 = DIRECTION('',(1.,0.,0.));
#5385 = ADVANCED_FACE('',(#5386),#5415,.F.);
#5386 = FACE_BOUND('',#5387,.F.);
#5387 = EDGE_LOOP('',(#5388,#5389,#5397,#5406,#5413,#5414));
#5388 = ORIENTED_EDGE('',*,*,#2895,.T.);
#5389 = ORIENTED_EDGE('',*,*,#5390,.F.);
#5390 = EDGE_CURVE('',#5391,#2888,#5393,.T.);
#5391 = VERTEX_POINT('',#5392);
#5392 = CARTESIAN_POINT('',(117.45,-55.4,13.19));
#5393 = LINE('',#5394,#5395);
#5394 = CARTESIAN_POINT('',(117.45,-55.4,0.));
#5395 = VECTOR('',#5396,1.);
#5396 = DIRECTION('',(0.,0.,1.));
#5397 = ORIENTED_EDGE('',*,*,#5398,.F.);
#5398 = EDGE_CURVE('',#5399,#5391,#5401,.T.);
#5399 = VERTEX_POINT('',#5400);
#5400 = CARTESIAN_POINT('',(118.55,-54.3,13.19));
#5401 = CIRCLE('',#5402,1.1);
#5402 = AXIS2_PLACEMENT_3D('',#5403,#5404,#5405);
#5403 = CARTESIAN_POINT('',(117.45,-54.3,13.19));
#5404 = DIRECTION('',(0.,0.,-1.));
#5405 = DIRECTION('',(1.,6.46E-15,0.));
#5406 = ORIENTED_EDGE('',*,*,#5407,.F.);
#5407 = EDGE_CURVE('',#5361,#5399,#5408,.T.);
#5408 = CIRCLE('',#5409,1.1);
#5409 = AXIS2_PLACEMENT_3D('',#5410,#5411,#5412);
#5410 = CARTESIAN_POINT('',(117.45,-54.3,13.19));
#5411 = DIRECTION('',(0.,0.,-1.));
#5412 = DIRECTION('',(0.,1.,0.));
#5413 = ORIENTED_EDGE('',*,*,#5375,.T.);
#5414 = ORIENTED_EDGE('',*,*,#2904,.T.);
#5415 = CYLINDRICAL_SURFACE('',#5416,1.1);
#5416 = AXIS2_PLACEMENT_3D('',#5417,#5418,#5419);
#5417 = CARTESIAN_POINT('',(117.45,-54.3,0.));
#5418 = DIRECTION('',(0.,0.,-1.));
#5419 = DIRECTION('',(0.,1.,0.));
#5420 = ADVANCED_FACE('',(#5421),#5439,.F.);
#5421 = FACE_BOUND('',#5422,.F.);
#5422 = EDGE_LOOP('',(#5423,#5431,#5432,#5433));
#5423 = ORIENTED_EDGE('',*,*,#5424,.F.);
#5424 = EDGE_CURVE('',#5391,#5425,#5427,.T.);
#5425 = VERTEX_POINT('',#5426);
#5426 = CARTESIAN_POINT('',(115.25,-55.4,13.19));
#5427 = LINE('',#5428,#5429);
#5428 = CARTESIAN_POINT('',(58.725,-55.4,13.19));
#5429 = VECTOR('',#5430,1.);
#5430 = DIRECTION('',(-1.,0.,0.));
#5431 = ORIENTED_EDGE('',*,*,#5390,.T.);
#5432 = ORIENTED_EDGE('',*,*,#2887,.T.);
#5433 = ORIENTED_EDGE('',*,*,#5434,.F.);
#5434 = EDGE_CURVE('',#5425,#2879,#5435,.T.);
#5435 = LINE('',#5436,#5437);
#5436 = CARTESIAN_POINT('',(115.25,-55.4,0.));
#5437 = VECTOR('',#5438,1.);
#5438 = DIRECTION('',(0.,0.,1.));
#5439 = PLANE('',#5440);
#5440 = AXIS2_PLACEMENT_3D('',#5441,#5442,#5443);
#5441 = CARTESIAN_POINT('',(117.45,-55.4,0.));
#5442 = DIRECTION('',(0.,-1.,0.));
#5443 = DIRECTION('',(-1.,0.,0.));
#5444 = ADVANCED_FACE('',(#5445),#5467,.F.);
#5445 = FACE_BOUND('',#5446,.F.);
#5446 = EDGE_LOOP('',(#5447,#5448,#5449,#5450,#5451,#5460));
#5447 = ORIENTED_EDGE('',*,*,#5434,.T.);
#5448 = ORIENTED_EDGE('',*,*,#2878,.T.);
#5449 = ORIENTED_EDGE('',*,*,#2869,.T.);
#5450 = ORIENTED_EDGE('',*,*,#5368,.F.);
#5451 = ORIENTED_EDGE('',*,*,#5452,.F.);
#5452 = EDGE_CURVE('',#5453,#5359,#5455,.T.);
#5453 = VERTEX_POINT('',#5454);
#5454 = CARTESIAN_POINT('',(114.15,-54.3,13.19));
#5455 = CIRCLE('',#5456,1.1);
#5456 = AXIS2_PLACEMENT_3D('',#5457,#5458,#5459);
#5457 = CARTESIAN_POINT('',(115.25,-54.3,13.19));
#5458 = DIRECTION('',(0.,0.,-1.));
#5459 = DIRECTION('',(-1.,-1.938E-14,-0.));
#5460 = ORIENTED_EDGE('',*,*,#5461,.F.);
#5461 = EDGE_CURVE('',#5425,#5453,#5462,.T.);
#5462 = CIRCLE('',#5463,1.1);
#5463 = AXIS2_PLACEMENT_3D('',#5464,#5465,#5466);
#5464 = CARTESIAN_POINT('',(115.25,-54.3,13.19));
#5465 = DIRECTION('',(0.,0.,-1.));
#5466 = DIRECTION('',(1.292E-14,-1.,0.));
#5467 = CYLINDRICAL_SURFACE('',#5468,1.1);
#5468 = AXIS2_PLACEMENT_3D('',#5469,#5470,#5471);
#5469 = CARTESIAN_POINT('',(115.25,-54.3,0.));
#5470 = DIRECTION('',(0.,0.,-1.));
#5471 = DIRECTION('',(-1.,-1.938E-14,-0.));
#5472 = ADVANCED_FACE('',(#5473),#5489,.F.);
#5473 = FACE_BOUND('',#5474,.F.);
#5474 = EDGE_LOOP('',(#5475,#5476,#5482,#5483));
#5475 = ORIENTED_EDGE('',*,*,#3260,.F.);
#5476 = ORIENTED_EDGE('',*,*,#5477,.T.);
#5477 = EDGE_CURVE('',#3252,#2914,#5478,.T.);
#5478 = LINE('',#5479,#5480);
#5479 = CARTESIAN_POINT('',(116.05,-16.15,0.));
#5480 = VECTOR('',#5481,1.);
#5481 = DIRECTION('',(0.,0.,1.));
#5482 = ORIENTED_EDGE('',*,*,#2913,.T.);
#5483 = ORIENTED_EDGE('',*,*,#5484,.F.);
#5484 = EDGE_CURVE('',#3261,#2916,#5485,.T.);
#5485 = LINE('',#5486,#5487);
#5486 = CARTESIAN_POINT('',(129.95,-16.15,0.));
#5487 = VECTOR('',#5488,1.);
#5488 = DIRECTION('',(0.,0.,1.));
#5489 = PLANE('',#5490);
#5490 = AXIS2_PLACEMENT_3D('',#5491,#5492,#5493);
#5491 = CARTESIAN_POINT('',(116.05,-16.15,0.));
#5492 = DIRECTION('',(0.,1.,0.));
#5493 = DIRECTION('',(1.,0.,0.));
#5494 = ADVANCED_FACE('',(#5495),#5523,.F.);
#5495 = FACE_BOUND('',#5496,.F.);
#5496 = EDGE_LOOP('',(#5497,#5498,#5499,#5500,#5508,#5517));
#5497 = ORIENTED_EDGE('',*,*,#3268,.F.);
#5498 = ORIENTED_EDGE('',*,*,#5484,.T.);
#5499 = ORIENTED_EDGE('',*,*,#2974,.T.);
#5500 = ORIENTED_EDGE('',*,*,#5501,.F.);
#5501 = EDGE_CURVE('',#5502,#2967,#5504,.T.);
#5502 = VERTEX_POINT('',#5503);
#5503 = CARTESIAN_POINT('',(132.35,-18.55,13.19));
#5504 = LINE('',#5505,#5506);
#5505 = CARTESIAN_POINT('',(132.35,-18.55,0.));
#5506 = VECTOR('',#5507,1.);
#5507 = DIRECTION('',(0.,0.,1.));
#5508 = ORIENTED_EDGE('',*,*,#5509,.F.);
#5509 = EDGE_CURVE('',#5510,#5502,#5512,.T.);
#5510 = VERTEX_POINT('',#5511);
#5511 = CARTESIAN_POINT('',(130.95,-16.36825757707,13.19));
#5512 = CIRCLE('',#5513,2.4);
#5513 = AXIS2_PLACEMENT_3D('',#5514,#5515,#5516);
#5514 = CARTESIAN_POINT('',(129.95,-18.55,13.19));
#5515 = DIRECTION('',(0.,0.,-1.));
#5516 = DIRECTION('',(-1.184E-14,1.,0.));
#5517 = ORIENTED_EDGE('',*,*,#5518,.T.);
#5518 = EDGE_CURVE('',#5510,#3269,#5519,.T.);
#5519 = LINE('',#5520,#5521);
#5520 = CARTESIAN_POINT('',(130.95,-16.36825757707,0.));
#5521 = VECTOR('',#5522,1.);
#5522 = DIRECTION('',(0.,0.,-1.));
#5523 = CYLINDRICAL_SURFACE('',#5524,2.4);
#5524 = AXIS2_PLACEMENT_3D('',#5525,#5526,#5527);
#5525 = CARTESIAN_POINT('',(129.95,-18.55,0.));
#5526 = DIRECTION('',(0.,0.,-1.));
#5527 = DIRECTION('',(-1.184E-14,1.,0.));
#5528 = ADVANCED_FACE('',(#5529),#5547,.F.);
#5529 = FACE_BOUND('',#5530,.F.);
#5530 = EDGE_LOOP('',(#5531,#5539,#5540,#5541));
#5531 = ORIENTED_EDGE('',*,*,#5532,.F.);
#5532 = EDGE_CURVE('',#5502,#5533,#5535,.T.);
#5533 = VERTEX_POINT('',#5534);
#5534 = CARTESIAN_POINT('',(132.35,-49.05,13.19));
#5535 = LINE('',#5536,#5537);
#5536 = CARTESIAN_POINT('',(132.35,-69.275,13.19));
#5537 = VECTOR('',#5538,1.);
#5538 = DIRECTION('',(0.,-1.,0.));
#5539 = ORIENTED_EDGE('',*,*,#5501,.T.);
#5540 = ORIENTED_EDGE('',*,*,#2966,.T.);
#5541 = ORIENTED_EDGE('',*,*,#5542,.F.);
#5542 = EDGE_CURVE('',#5533,#2958,#5543,.T.);
#5543 = LINE('',#5544,#5545);
#5544 = CARTESIAN_POINT('',(132.35,-49.05,0.));
#5545 = VECTOR('',#5546,1.);
#5546 = DIRECTION('',(0.,0.,1.));
#5547 = PLANE('',#5548);
#5548 = AXIS2_PLACEMENT_3D('',#5549,#5550,#5551);
#5549 = CARTESIAN_POINT('',(132.35,-18.55,0.));
#5550 = DIRECTION('',(1.,0.,0.));
#5551 = DIRECTION('',(0.,-1.,0.));
#5552 = ADVANCED_FACE('',(#5553),#5579,.F.);
#5553 = FACE_BOUND('',#5554,.F.);
#5554 = EDGE_LOOP('',(#5555,#5564,#5565,#5566,#5572,#5573));
#5555 = ORIENTED_EDGE('',*,*,#5556,.F.);
#5556 = EDGE_CURVE('',#5533,#5557,#5559,.T.);
#5557 = VERTEX_POINT('',#5558);
#5558 = CARTESIAN_POINT('',(130.95,-51.23174242292,13.19));
#5559 = CIRCLE('',#5560,2.4);
#5560 = AXIS2_PLACEMENT_3D('',#5561,#5562,#5563);
#5561 = CARTESIAN_POINT('',(129.95,-49.05,13.19));
#5562 = DIRECTION('',(0.,0.,-1.));
#5563 = DIRECTION('',(1.,8.88E-15,0.));
#5564 = ORIENTED_EDGE('',*,*,#5542,.T.);
#5565 = ORIENTED_EDGE('',*,*,#2957,.T.);
#5566 = ORIENTED_EDGE('',*,*,#5567,.F.);
#5567 = EDGE_CURVE('',#3180,#2950,#5568,.T.);
#5568 = LINE('',#5569,#5570);
#5569 = CARTESIAN_POINT('',(129.95,-51.45,0.));
#5570 = VECTOR('',#5571,1.);
#5571 = DIRECTION('',(0.,0.,1.));
#5572 = ORIENTED_EDGE('',*,*,#3179,.F.);
#5573 = ORIENTED_EDGE('',*,*,#5574,.F.);
#5574 = EDGE_CURVE('',#5557,#3172,#5575,.T.);
#5575 = LINE('',#5576,#5577);
#5576 = CARTESIAN_POINT('',(130.95,-51.23174242292,0.));
#5577 = VECTOR('',#5578,1.);
#5578 = DIRECTION('',(0.,0.,-1.));
#5579 = CYLINDRICAL_SURFACE('',#5580,2.4);
#5580 = AXIS2_PLACEMENT_3D('',#5581,#5582,#5583);
#5581 = CARTESIAN_POINT('',(129.95,-49.05,0.));
#5582 = DIRECTION('',(0.,0.,-1.));
#5583 = DIRECTION('',(1.,8.88E-15,0.));
#5584 = ADVANCED_FACE('',(#5585),#5619,.F.);
#5585 = FACE_BOUND('',#5586,.F.);
#5586 = EDGE_LOOP('',(#5587,#5588,#5589,#5590,#5596,#5597,#5605,#5613));
#5587 = ORIENTED_EDGE('',*,*,#3188,.F.);
#5588 = ORIENTED_EDGE('',*,*,#5567,.T.);
#5589 = ORIENTED_EDGE('',*,*,#2949,.T.);
#5590 = ORIENTED_EDGE('',*,*,#5591,.F.);
#5591 = EDGE_CURVE('',#3221,#2941,#5592,.T.);
#5592 = LINE('',#5593,#5594);
#5593 = CARTESIAN_POINT('',(116.05,-51.45,0.));
#5594 = VECTOR('',#5595,1.);
#5595 = DIRECTION('',(0.,0.,1.));
#5596 = ORIENTED_EDGE('',*,*,#3220,.F.);
#5597 = ORIENTED_EDGE('',*,*,#5598,.T.);
#5598 = EDGE_CURVE('',#3213,#5599,#5601,.T.);
#5599 = VERTEX_POINT('',#5600);
#5600 = CARTESIAN_POINT('',(116.15,-51.45,13.19));
#5601 = LINE('',#5602,#5603);
#5602 = CARTESIAN_POINT('',(116.15,-51.45,0.));
#5603 = VECTOR('',#5604,1.);
#5604 = DIRECTION('',(0.,0.,1.));
#5605 = ORIENTED_EDGE('',*,*,#5606,.F.);
#5606 = EDGE_CURVE('',#5607,#5599,#5609,.T.);
#5607 = VERTEX_POINT('',#5608);
#5608 = CARTESIAN_POINT('',(129.85,-51.45,13.19));
#5609 = LINE('',#5610,#5611);
#5610 = CARTESIAN_POINT('',(64.975,-51.45,13.19));
#5611 = VECTOR('',#5612,1.);
#5612 = DIRECTION('',(-1.,0.,0.));
#5613 = ORIENTED_EDGE('',*,*,#5614,.F.);
#5614 = EDGE_CURVE('',#3189,#5607,#5615,.T.);
#5615 = LINE('',#5616,#5617);
#5616 = CARTESIAN_POINT('',(129.85,-51.45,0.));
#5617 = VECTOR('',#5618,1.);
#5618 = DIRECTION('',(0.,0.,1.));
#5619 = PLANE('',#5620);
#5620 = AXIS2_PLACEMENT_3D('',#5621,#5622,#5623);
#5621 = CARTESIAN_POINT('',(129.95,-51.45,0.));
#5622 = DIRECTION('',(0.,-1.,0.));
#5623 = DIRECTION('',(-1.,0.,0.));
#5624 = ADVANCED_FACE('',(#5625),#5653,.F.);
#5625 = FACE_BOUND('',#5626,.F.);
#5626 = EDGE_LOOP('',(#5627,#5628,#5629,#5630,#5638,#5647));
#5627 = ORIENTED_EDGE('',*,*,#3228,.F.);
#5628 = ORIENTED_EDGE('',*,*,#5591,.T.);
#5629 = ORIENTED_EDGE('',*,*,#2940,.T.);
#5630 = ORIENTED_EDGE('',*,*,#5631,.F.);
#5631 = EDGE_CURVE('',#5632,#2933,#5634,.T.);
#5632 = VERTEX_POINT('',#5633);
#5633 = CARTESIAN_POINT('',(113.65,-49.05,13.19));
#5634 = LINE('',#5635,#5636);
#5635 = CARTESIAN_POINT('',(113.65,-49.05,0.));
#5636 = VECTOR('',#5637,1.);
#5637 = DIRECTION('',(0.,0.,1.));
#5638 = ORIENTED_EDGE('',*,*,#5639,.F.);
#5639 = EDGE_CURVE('',#5640,#5632,#5642,.T.);
#5640 = VERTEX_POINT('',#5641);
#5641 = CARTESIAN_POINT('',(115.05,-51.23174242292,13.19));
#5642 = CIRCLE('',#5643,2.4);
#5643 = AXIS2_PLACEMENT_3D('',#5644,#5645,#5646);
#5644 = CARTESIAN_POINT('',(116.05,-49.05,13.19));
#5645 = DIRECTION('',(0.,0.,-1.));
#5646 = DIRECTION('',(0.,-1.,0.));
#5647 = ORIENTED_EDGE('',*,*,#5648,.T.);
#5648 = EDGE_CURVE('',#5640,#3163,#5649,.T.);
#5649 = LINE('',#5650,#5651);
#5650 = CARTESIAN_POINT('',(115.05,-51.23174242292,0.));
#5651 = VECTOR('',#5652,1.);
#5652 = DIRECTION('',(0.,0.,-1.));
#5653 = CYLINDRICAL_SURFACE('',#5654,2.4);
#5654 = AXIS2_PLACEMENT_3D('',#5655,#5656,#5657);
#5655 = CARTESIAN_POINT('',(116.05,-49.05,0.));
#5656 = DIRECTION('',(0.,0.,-1.));
#5657 = DIRECTION('',(0.,-1.,0.));
#5658 = ADVANCED_FACE('',(#5659),#5677,.F.);
#5659 = FACE_BOUND('',#5660,.F.);
#5660 = EDGE_LOOP('',(#5661,#5669,#5670,#5671));
#5661 = ORIENTED_EDGE('',*,*,#5662,.F.);
#5662 = EDGE_CURVE('',#5632,#5663,#5665,.T.);
#5663 = VERTEX_POINT('',#5664);
#5664 = CARTESIAN_POINT('',(113.65,-18.55,13.19));
#5665 = LINE('',#5666,#5667);
#5666 = CARTESIAN_POINT('',(113.65,-84.525,13.19));
#5667 = VECTOR('',#5668,1.);
#5668 = DIRECTION('',(0.,1.,0.));
#5669 = ORIENTED_EDGE('',*,*,#5631,.T.);
#5670 = ORIENTED_EDGE('',*,*,#2932,.T.);
#5671 = ORIENTED_EDGE('',*,*,#5672,.F.);
#5672 = EDGE_CURVE('',#5663,#2924,#5673,.T.);
#5673 = LINE('',#5674,#5675);
#5674 = CARTESIAN_POINT('',(113.65,-18.55,0.));
#5675 = VECTOR('',#5676,1.);
#5676 = DIRECTION('',(0.,0.,1.));
#5677 = PLANE('',#5678);
#5678 = AXIS2_PLACEMENT_3D('',#5679,#5680,#5681);
#5679 = CARTESIAN_POINT('',(113.65,-49.05,0.));
#5680 = DIRECTION('',(-1.,0.,0.));
#5681 = DIRECTION('',(0.,1.,0.));
#5682 = ADVANCED_FACE('',(#5683),#5704,.F.);
#5683 = FACE_BOUND('',#5684,.F.);
#5684 = EDGE_LOOP('',(#5685,#5694,#5695,#5696,#5697,#5698));
#5685 = ORIENTED_EDGE('',*,*,#5686,.F.);
#5686 = EDGE_CURVE('',#5663,#5687,#5689,.T.);
#5687 = VERTEX_POINT('',#5688);
#5688 = CARTESIAN_POINT('',(115.05,-16.36825757707,13.19));
#5689 = CIRCLE('',#5690,2.4);
#5690 = AXIS2_PLACEMENT_3D('',#5691,#5692,#5693);
#5691 = CARTESIAN_POINT('',(116.05,-18.55,13.19));
#5692 = DIRECTION('',(0.,0.,-1.));
#5693 = DIRECTION('',(-1.,-5.92E-15,-0.));
#5694 = ORIENTED_EDGE('',*,*,#5672,.T.);
#5695 = ORIENTED_EDGE('',*,*,#2923,.T.);
#5696 = ORIENTED_EDGE('',*,*,#5477,.F.);
#5697 = ORIENTED_EDGE('',*,*,#3251,.F.);
#5698 = ORIENTED_EDGE('',*,*,#5699,.F.);
#5699 = EDGE_CURVE('',#5687,#3244,#5700,.T.);
#5700 = LINE('',#5701,#5702);
#5701 = CARTESIAN_POINT('',(115.05,-16.36825757707,0.));
#5702 = VECTOR('',#5703,1.);
#5703 = DIRECTION('',(0.,0.,-1.));
#5704 = CYLINDRICAL_SURFACE('',#5705,2.4);
#5705 = AXIS2_PLACEMENT_3D('',#5706,#5707,#5708);
#5706 = CARTESIAN_POINT('',(116.05,-18.55,0.));
#5707 = DIRECTION('',(0.,0.,-1.));
#5708 = DIRECTION('',(-1.,-5.92E-15,-0.));
#5709 = ADVANCED_FACE('',(#5710),#5735,.F.);
#5710 = FACE_BOUND('',#5711,.F.);
#5711 = EDGE_LOOP('',(#5712,#5722,#5728,#5729));
#5712 = ORIENTED_EDGE('',*,*,#5713,.F.);
#5713 = EDGE_CURVE('',#5714,#5716,#5718,.T.);
#5714 = VERTEX_POINT('',#5715);
#5715 = CARTESIAN_POINT('',(119.6,-12.8,13.19));
#5716 = VERTEX_POINT('',#5717);
#5717 = CARTESIAN_POINT('',(126.4,-12.8,13.19));
#5718 = LINE('',#5719,#5720);
#5719 = CARTESIAN_POINT('',(59.8,-12.8,13.19));
#5720 = VECTOR('',#5721,1.);
#5721 = DIRECTION('',(1.,0.,0.));
#5722 = ORIENTED_EDGE('',*,*,#5723,.T.);
#5723 = EDGE_CURVE('',#5714,#2984,#5724,.T.);
#5724 = LINE('',#5725,#5726);
#5725 = CARTESIAN_POINT('',(119.6,-12.8,0.));
#5726 = VECTOR('',#5727,1.);
#5727 = DIRECTION('',(0.,0.,1.));
#5728 = ORIENTED_EDGE('',*,*,#2983,.T.);
#5729 = ORIENTED_EDGE('',*,*,#5730,.F.);
#5730 = EDGE_CURVE('',#5716,#2986,#5731,.T.);
#5731 = LINE('',#5732,#5733);
#5732 = CARTESIAN_POINT('',(126.4,-12.8,0.));
#5733 = VECTOR('',#5734,1.);
#5734 = DIRECTION('',(0.,0.,1.));
#5735 = PLANE('',#5736);
#5736 = AXIS2_PLACEMENT_3D('',#5737,#5738,#5739);
#5737 = CARTESIAN_POINT('',(119.6,-12.8,0.));
#5738 = DIRECTION('',(0.,1.,0.));
#5739 = DIRECTION('',(1.,0.,0.));
#5740 = ADVANCED_FACE('',(#5741),#5770,.F.);
#5741 = FACE_BOUND('',#5742,.F.);
#5742 = EDGE_LOOP('',(#5743,#5744,#5752,#5761,#5768,#5769));
#5743 = ORIENTED_EDGE('',*,*,#3019,.T.);
#5744 = ORIENTED_EDGE('',*,*,#5745,.F.);
#5745 = EDGE_CURVE('',#5746,#3012,#5748,.T.);
#5746 = VERTEX_POINT('',#5747);
#5747 = CARTESIAN_POINT('',(126.4,-14.,13.19));
#5748 = LINE('',#5749,#5750);
#5749 = CARTESIAN_POINT('',(126.4,-14.,0.));
#5750 = VECTOR('',#5751,1.);
#5751 = DIRECTION('',(0.,0.,1.));
#5752 = ORIENTED_EDGE('',*,*,#5753,.F.);
#5753 = EDGE_CURVE('',#5754,#5746,#5756,.T.);
#5754 = VERTEX_POINT('',#5755);
#5755 = CARTESIAN_POINT('',(127.,-13.4,13.19));
#5756 = CIRCLE('',#5757,0.6);
#5757 = AXIS2_PLACEMENT_3D('',#5758,#5759,#5760);
#5758 = CARTESIAN_POINT('',(126.4,-13.4,13.19));
#5759 = DIRECTION('',(0.,0.,-1.));
#5760 = DIRECTION('',(1.,-8.88E-15,0.));
#5761 = ORIENTED_EDGE('',*,*,#5762,.F.);
#5762 = EDGE_CURVE('',#5716,#5754,#5763,.T.);
#5763 = CIRCLE('',#5764,0.6);
#5764 = AXIS2_PLACEMENT_3D('',#5765,#5766,#5767);
#5765 = CARTESIAN_POINT('',(126.4,-13.4,13.19));
#5766 = DIRECTION('',(0.,0.,-1.));
#5767 = DIRECTION('',(2.368E-14,1.,0.));
#5768 = ORIENTED_EDGE('',*,*,#5730,.T.);
#5769 = ORIENTED_EDGE('',*,*,#3028,.T.);
#5770 = CYLINDRICAL_SURFACE('',#5771,0.6);
#5771 = AXIS2_PLACEMENT_3D('',#5772,#5773,#5774);
#5772 = CARTESIAN_POINT('',(126.4,-13.4,0.));
#5773 = DIRECTION('',(0.,0.,-1.));
#5774 = DIRECTION('',(2.368E-14,1.,0.));
#5775 = ADVANCED_FACE('',(#5776),#5794,.F.);
#5776 = FACE_BOUND('',#5777,.F.);
#5777 = EDGE_LOOP('',(#5778,#5786,#5787,#5788));
#5778 = ORIENTED_EDGE('',*,*,#5779,.F.);
#5779 = EDGE_CURVE('',#5746,#5780,#5782,.T.);
#5780 = VERTEX_POINT('',#5781);
#5781 = CARTESIAN_POINT('',(119.6,-14.,13.19));
#5782 = LINE('',#5783,#5784);
#5783 = CARTESIAN_POINT('',(63.2,-14.,13.19));
#5784 = VECTOR('',#5785,1.);
#5785 = DIRECTION('',(-1.,0.,0.));
#5786 = ORIENTED_EDGE('',*,*,#5745,.T.);
#5787 = ORIENTED_EDGE('',*,*,#3011,.T.);
#5788 = ORIENTED_EDGE('',*,*,#5789,.F.);
#5789 = EDGE_CURVE('',#5780,#3003,#5790,.T.);
#5790 = LINE('',#5791,#5792);
#5791 = CARTESIAN_POINT('',(119.6,-14.,0.));
#5792 = VECTOR('',#5793,1.);
#5793 = DIRECTION('',(0.,0.,1.));
#5794 = PLANE('',#5795);
#5795 = AXIS2_PLACEMENT_3D('',#5796,#5797,#5798);
#5796 = CARTESIAN_POINT('',(126.4,-14.,0.));
#5797 = DIRECTION('',(0.,-1.,0.));
#5798 = DIRECTION('',(-1.,0.,0.));
#5799 = ADVANCED_FACE('',(#5800),#5822,.F.);
#5800 = FACE_BOUND('',#5801,.F.);
#5801 = EDGE_LOOP('',(#5802,#5803,#5804,#5805,#5806,#5815));
#5802 = ORIENTED_EDGE('',*,*,#5789,.T.);
#5803 = ORIENTED_EDGE('',*,*,#3002,.T.);
#5804 = ORIENTED_EDGE('',*,*,#2993,.T.);
#5805 = ORIENTED_EDGE('',*,*,#5723,.F.);
#5806 = ORIENTED_EDGE('',*,*,#5807,.F.);
#5807 = EDGE_CURVE('',#5808,#5714,#5810,.T.);
#5808 = VERTEX_POINT('',#5809);
#5809 = CARTESIAN_POINT('',(119.,-13.4,13.19));
#5810 = CIRCLE('',#5811,0.6);
#5811 = AXIS2_PLACEMENT_3D('',#5812,#5813,#5814);
#5812 = CARTESIAN_POINT('',(119.6,-13.4,13.19));
#5813 = DIRECTION('',(0.,0.,-1.));
#5814 = DIRECTION('',(-1.,8.88E-15,0.));
#5815 = ORIENTED_EDGE('',*,*,#5816,.F.);
#5816 = EDGE_CURVE('',#5780,#5808,#5817,.T.);
#5817 = CIRCLE('',#5818,0.6);
#5818 = AXIS2_PLACEMENT_3D('',#5819,#5820,#5821);
#5819 = CARTESIAN_POINT('',(119.6,-13.4,13.19));
#5820 = DIRECTION('',(0.,0.,-1.));
#5821 = DIRECTION('',(-2.368E-14,-1.,-0.));
#5822 = CYLINDRICAL_SURFACE('',#5823,0.6);
#5823 = AXIS2_PLACEMENT_3D('',#5824,#5825,#5826);
#5824 = CARTESIAN_POINT('',(119.6,-13.4,0.));
#5825 = DIRECTION('',(0.,0.,-1.));
#5826 = DIRECTION('',(-1.,8.88E-15,0.));
#5827 = ADVANCED_FACE('',(#5828),#5846,.T.);
#5828 = FACE_BOUND('',#5829,.T.);
#5829 = EDGE_LOOP('',(#5830,#5838,#5839,#5840));
#5830 = ORIENTED_EDGE('',*,*,#5831,.F.);
#5831 = EDGE_CURVE('',#3205,#5832,#5834,.T.);
#5832 = VERTEX_POINT('',#5833);
#5833 = CARTESIAN_POINT('',(116.15,-52.6,13.19));
#5834 = LINE('',#5835,#5836);
#5835 = CARTESIAN_POINT('',(116.15,-52.6,10.9));
#5836 = VECTOR('',#5837,1.);
#5837 = DIRECTION('',(0.,0.,1.));
#5838 = ORIENTED_EDGE('',*,*,#3212,.T.);
#5839 = ORIENTED_EDGE('',*,*,#5598,.T.);
#5840 = ORIENTED_EDGE('',*,*,#5841,.F.);
#5841 = EDGE_CURVE('',#5832,#5599,#5842,.T.);
#5842 = LINE('',#5843,#5844);
#5843 = CARTESIAN_POINT('',(116.15,-52.6,13.19));
#5844 = VECTOR('',#5845,1.);
#5845 = DIRECTION('',(0.,1.,0.));
#5846 = PLANE('',#5847);
#5847 = AXIS2_PLACEMENT_3D('',#5848,#5849,#5850);
#5848 = CARTESIAN_POINT('',(116.15,-52.6,10.9));
#5849 = DIRECTION('',(1.,0.,0.));
#5850 = DIRECTION('',(0.,0.,1.));
#5851 = ADVANCED_FACE('',(#5852),#5870,.T.);
#5852 = FACE_BOUND('',#5853,.T.);
#5853 = EDGE_LOOP('',(#5854,#5855,#5856,#5864));
#5854 = ORIENTED_EDGE('',*,*,#3204,.T.);
#5855 = ORIENTED_EDGE('',*,*,#5831,.T.);
#5856 = ORIENTED_EDGE('',*,*,#5857,.T.);
#5857 = EDGE_CURVE('',#5832,#5858,#5860,.T.);
#5858 = VERTEX_POINT('',#5859);
#5859 = CARTESIAN_POINT('',(129.85,-52.6,13.19));
#5860 = LINE('',#5861,#5862);
#5861 = CARTESIAN_POINT('',(116.15,-52.6,13.19));
#5862 = VECTOR('',#5863,1.);
#5863 = DIRECTION('',(1.,0.,0.));
#5864 = ORIENTED_EDGE('',*,*,#5865,.F.);
#5865 = EDGE_CURVE('',#3197,#5858,#5866,.T.);
#5866 = LINE('',#5867,#5868);
#5867 = CARTESIAN_POINT('',(129.85,-52.6,10.9));
#5868 = VECTOR('',#5869,1.);
#5869 = DIRECTION('',(0.,0.,1.));
#5870 = PLANE('',#5871);
#5871 = AXIS2_PLACEMENT_3D('',#5872,#5873,#5874);
#5872 = CARTESIAN_POINT('',(116.15,-52.6,10.9));
#5873 = DIRECTION('',(0.,1.,0.));
#5874 = DIRECTION('',(0.,0.,1.));
#5875 = ADVANCED_FACE('',(#5876),#5887,.F.);
#5876 = FACE_BOUND('',#5877,.F.);
#5877 = EDGE_LOOP('',(#5878,#5879,#5880,#5881));
#5878 = ORIENTED_EDGE('',*,*,#5865,.F.);
#5879 = ORIENTED_EDGE('',*,*,#3196,.T.);
#5880 = ORIENTED_EDGE('',*,*,#5614,.T.);
#5881 = ORIENTED_EDGE('',*,*,#5882,.F.);
#5882 = EDGE_CURVE('',#5858,#5607,#5883,.T.);
#5883 = LINE('',#5884,#5885);
#5884 = CARTESIAN_POINT('',(129.85,-52.6,13.19));
#5885 = VECTOR('',#5886,1.);
#5886 = DIRECTION('',(0.,1.,0.));
#5887 = PLANE('',#5888);
#5888 = AXIS2_PLACEMENT_3D('',#5889,#5890,#5891);
#5889 = CARTESIAN_POINT('',(129.85,-52.6,10.9));
#5890 = DIRECTION('',(1.,0.,0.));
#5891 = DIRECTION('',(0.,0.,1.));
#5892 = ADVANCED_FACE('',(#5893),#5904,.T.);
#5893 = FACE_BOUND('',#5894,.T.);
#5894 = EDGE_LOOP('',(#5895,#5901,#5902,#5903));
#5895 = ORIENTED_EDGE('',*,*,#5896,.F.);
#5896 = EDGE_CURVE('',#5557,#5510,#5897,.T.);
#5897 = LINE('',#5898,#5899);
#5898 = CARTESIAN_POINT('',(130.95,-86.5,13.19));
#5899 = VECTOR('',#5900,1.);
#5900 = DIRECTION('',(0.,1.,0.));
#5901 = ORIENTED_EDGE('',*,*,#5556,.F.);
#5902 = ORIENTED_EDGE('',*,*,#5532,.F.);
#5903 = ORIENTED_EDGE('',*,*,#5509,.F.);
#5904 = PLANE('',#5905);
#5905 = AXIS2_PLACEMENT_3D('',#5906,#5907,#5908);
#5906 = CARTESIAN_POINT('',(0.,-120.,13.19));
#5907 = DIRECTION('',(0.,0.,1.));
#5908 = DIRECTION('',(1.,0.,0.));
#5909 = ADVANCED_FACE('',(#5910),#5921,.T.);
#5910 = FACE_BOUND('',#5911,.T.);
#5911 = EDGE_LOOP('',(#5912,#5913,#5919,#5920));
#5912 = ORIENTED_EDGE('',*,*,#5639,.F.);
#5913 = ORIENTED_EDGE('',*,*,#5914,.T.);
#5914 = EDGE_CURVE('',#5640,#5687,#5915,.T.);
#5915 = LINE('',#5916,#5917);
#5916 = CARTESIAN_POINT('',(115.05,-86.5,13.19));
#5917 = VECTOR('',#5918,1.);
#5918 = DIRECTION('',(0.,1.,0.));
#5919 = ORIENTED_EDGE('',*,*,#5686,.F.);
#5920 = ORIENTED_EDGE('',*,*,#5662,.F.);
#5921 = PLANE('',#5922);
#5922 = AXIS2_PLACEMENT_3D('',#5923,#5924,#5925);
#5923 = CARTESIAN_POINT('',(0.,-120.,13.19));
#5924 = DIRECTION('',(0.,0.,1.));
#5925 = DIRECTION('',(1.,0.,0.));
#5926 = ADVANCED_FACE('',(#5927),#5930,.F.);
#5927 = FACE_BOUND('',#5928,.T.);
#5928 = EDGE_LOOP('',(#5929));
#5929 = ORIENTED_EDGE('',*,*,#3301,.F.);
#5930 = PLANE('',#5931);
#5931 = AXIS2_PLACEMENT_3D('',#5932,#5933,#5934);
#5932 = CARTESIAN_POINT('',(122.8,-64.7,6.8));
#5933 = DIRECTION('',(0.,0.,1.));
#5934 = DIRECTION('',(1.,0.,0.));
#5935 = ADVANCED_FACE('',(#5936),#5939,.F.);
#5936 = FACE_BOUND('',#5937,.T.);
#5937 = EDGE_LOOP('',(#5938));
#5938 = ORIENTED_EDGE('',*,*,#3342,.F.);
#5939 = PLANE('',#5940);
#5940 = AXIS2_PLACEMENT_3D('',#5941,#5942,#5943);
#5941 = CARTESIAN_POINT('',(133.,-52.8,6.8));
#5942 = DIRECTION('',(0.,0.,1.));
#5943 = DIRECTION('',(1.,0.,0.));
#5944 = ADVANCED_FACE('',(#5945),#5955,.T.);
#5945 = FACE_BOUND('',#5946,.T.);
#5946 = EDGE_LOOP('',(#5947,#5948,#5949,#5950,#5951,#5952,#5953,#5954));
#5947 = ORIENTED_EDGE('',*,*,#3358,.F.);
#5948 = ORIENTED_EDGE('',*,*,#3536,.F.);
#5949 = ORIENTED_EDGE('',*,*,#3512,.F.);
#5950 = ORIENTED_EDGE('',*,*,#3487,.F.);
#5951 = ORIENTED_EDGE('',*,*,#3463,.F.);
#5952 = ORIENTED_EDGE('',*,*,#3438,.F.);
#5953 = ORIENTED_EDGE('',*,*,#3414,.F.);
#5954 = ORIENTED_EDGE('',*,*,#3389,.F.);
#5955 = PLANE('',#5956);
#5956 = AXIS2_PLACEMENT_3D('',#5957,#5958,#5959);
#5957 = CARTESIAN_POINT('',(0.,-120.,13.19));
#5958 = DIRECTION('',(0.,0.,1.));
#5959 = DIRECTION('',(1.,0.,0.));
#5960 = ADVANCED_FACE('',(#5961),#5971,.T.);
#5961 = FACE_BOUND('',#5962,.T.);
#5962 = EDGE_LOOP('',(#5963,#5964,#5965,#5966,#5967,#5968,#5969,#5970));
#5963 = ORIENTED_EDGE('',*,*,#3554,.F.);
#5964 = ORIENTED_EDGE('',*,*,#3732,.F.);
#5965 = ORIENTED_EDGE('',*,*,#3708,.F.);
#5966 = ORIENTED_EDGE('',*,*,#3683,.F.);
#5967 = ORIENTED_EDGE('',*,*,#3659,.F.);
#5968 = ORIENTED_EDGE('',*,*,#3634,.F.);
#5969 = ORIENTED_EDGE('',*,*,#3610,.F.);
#5970 = ORIENTED_EDGE('',*,*,#3585,.F.);
#5971 = PLANE('',#5972);
#5972 = AXIS2_PLACEMENT_3D('',#5973,#5974,#5975);
#5973 = CARTESIAN_POINT('',(0.,-120.,13.19));
#5974 = DIRECTION('',(0.,0.,1.));
#5975 = DIRECTION('',(1.,0.,0.));
#5976 = ADVANCED_FACE('',(#5977),#5987,.T.);
#5977 = FACE_BOUND('',#5978,.T.);
#5978 = EDGE_LOOP('',(#5979,#5980,#5981,#5982,#5983,#5984,#5985,#5986));
#5979 = ORIENTED_EDGE('',*,*,#3750,.F.);
#5980 = ORIENTED_EDGE('',*,*,#3928,.F.);
#5981 = ORIENTED_EDGE('',*,*,#3904,.F.);
#5982 = ORIENTED_EDGE('',*,*,#3879,.F.);
#5983 = ORIENTED_EDGE('',*,*,#3855,.F.);
#5984 = ORIENTED_EDGE('',*,*,#3830,.F.);
#5985 = ORIENTED_EDGE('',*,*,#3806,.F.);
#5986 = ORIENTED_EDGE('',*,*,#3781,.F.);
#5987 = PLANE('',#5988);
#5988 = AXIS2_PLACEMENT_3D('',#5989,#5990,#5991);
#5989 = CARTESIAN_POINT('',(0.,-120.,13.19));
#5990 = DIRECTION('',(0.,0.,1.));
#5991 = DIRECTION('',(1.,0.,0.));
#5992 = ADVANCED_FACE('',(#5993),#6001,.T.);
#5993 = FACE_BOUND('',#5994,.T.);
#5994 = EDGE_LOOP('',(#5995,#5996,#5997,#5998,#5999,#6000));
#5995 = ORIENTED_EDGE('',*,*,#3946,.F.);
#5996 = ORIENTED_EDGE('',*,*,#4040,.F.);
#5997 = ORIENTED_EDGE('',*,*,#4049,.F.);
#5998 = ORIENTED_EDGE('',*,*,#4012,.F.);
#5999 = ORIENTED_EDGE('',*,*,#3986,.F.);
#6000 = ORIENTED_EDGE('',*,*,#3995,.F.);
#6001 = PLANE('',#6002);
#6002 = AXIS2_PLACEMENT_3D('',#6003,#6004,#6005);
#6003 = CARTESIAN_POINT('',(0.,-120.,13.19));
#6004 = DIRECTION('',(0.,0.,1.));
#6005 = DIRECTION('',(1.,0.,0.));
#6006 = ADVANCED_FACE('',(#6007),#6017,.T.);
#6007 = FACE_BOUND('',#6008,.T.);
#6008 = EDGE_LOOP('',(#6009,#6010,#6011,#6012,#6013,#6014,#6015,#6016));
#6009 = ORIENTED_EDGE('',*,*,#4064,.F.);
#6010 = ORIENTED_EDGE('',*,*,#4242,.F.);
#6011 = ORIENTED_EDGE('',*,*,#4218,.F.);
#6012 = ORIENTED_EDGE('',*,*,#4193,.F.);
#6013 = ORIENTED_EDGE('',*,*,#4169,.F.);
#6014 = ORIENTED_EDGE('',*,*,#4144,.F.);
#6015 = ORIENTED_EDGE('',*,*,#4120,.F.);
#6016 = ORIENTED_EDGE('',*,*,#4095,.F.);
#6017 = PLANE('',#6018);
#6018 = AXIS2_PLACEMENT_3D('',#6019,#6020,#6021);
#6019 = CARTESIAN_POINT('',(0.,-120.,13.19));
#6020 = DIRECTION('',(0.,0.,1.));
#6021 = DIRECTION('',(1.,0.,0.));
#6022 = ADVANCED_FACE('',(#6023),#6033,.T.);
#6023 = FACE_BOUND('',#6024,.T.);
#6024 = EDGE_LOOP('',(#6025,#6026,#6027,#6028,#6029,#6030,#6031,#6032));
#6025 = ORIENTED_EDGE('',*,*,#4260,.F.);
#6026 = ORIENTED_EDGE('',*,*,#4438,.F.);
#6027 = ORIENTED_EDGE('',*,*,#4414,.F.);
#6028 = ORIENTED_EDGE('',*,*,#4389,.F.);
#6029 = ORIENTED_EDGE('',*,*,#4365,.F.);
#6030 = ORIENTED_EDGE('',*,*,#4340,.F.);
#6031 = ORIENTED_EDGE('',*,*,#4316,.F.);
#6032 = ORIENTED_EDGE('',*,*,#4291,.F.);
#6033 = PLANE('',#6034);
#6034 = AXIS2_PLACEMENT_3D('',#6035,#6036,#6037);
#6035 = CARTESIAN_POINT('',(0.,-120.,13.19));
#6036 = DIRECTION('',(0.,0.,1.));
#6037 = DIRECTION('',(1.,0.,0.));
#6038 = ADVANCED_FACE('',(#6039),#6049,.T.);
#6039 = FACE_BOUND('',#6040,.T.);
#6040 = EDGE_LOOP('',(#6041,#6042,#6043,#6044,#6045,#6046,#6047,#6048));
#6041 = ORIENTED_EDGE('',*,*,#4456,.F.);
#6042 = ORIENTED_EDGE('',*,*,#4634,.F.);
#6043 = ORIENTED_EDGE('',*,*,#4610,.F.);
#6044 = ORIENTED_EDGE('',*,*,#4585,.F.);
#6045 = ORIENTED_EDGE('',*,*,#4561,.F.);
#6046 = ORIENTED_EDGE('',*,*,#4536,.F.);
#6047 = ORIENTED_EDGE('',*,*,#4512,.F.);
#6048 = ORIENTED_EDGE('',*,*,#4487,.F.);
#6049 = PLANE('',#6050);
#6050 = AXIS2_PLACEMENT_3D('',#6051,#6052,#6053);
#6051 = CARTESIAN_POINT('',(0.,-120.,13.19));
#6052 = DIRECTION('',(0.,0.,1.));
#6053 = DIRECTION('',(1.,0.,0.));
#6054 = ADVANCED_FACE('',(#6055),#6063,.T.);
#6055 = FACE_BOUND('',#6056,.T.);
#6056 = EDGE_LOOP('',(#6057,#6058,#6059,#6060,#6061,#6062));
#6057 = ORIENTED_EDGE('',*,*,#4652,.F.);
#6058 = ORIENTED_EDGE('',*,*,#4746,.F.);
#6059 = ORIENTED_EDGE('',*,*,#4755,.F.);
#6060 = ORIENTED_EDGE('',*,*,#4718,.F.);
#6061 = ORIENTED_EDGE('',*,*,#4692,.F.);
#6062 = ORIENTED_EDGE('',*,*,#4701,.F.);
#6063 = PLANE('',#6064);
#6064 = AXIS2_PLACEMENT_3D('',#6065,#6066,#6067);
#6065 = CARTESIAN_POINT('',(0.,-120.,13.19));
#6066 = DIRECTION('',(0.,0.,1.));
#6067 = DIRECTION('',(1.,0.,0.));
#6068 = ADVANCED_FACE('',(#6069),#6079,.T.);
#6069 = FACE_BOUND('',#6070,.T.);
#6070 = EDGE_LOOP('',(#6071,#6072,#6073,#6074,#6075,#6076,#6077,#6078));
#6071 = ORIENTED_EDGE('',*,*,#4770,.F.);
#6072 = ORIENTED_EDGE('',*,*,#4948,.F.);
#6073 = ORIENTED_EDGE('',*,*,#4924,.F.);
#6074 = ORIENTED_EDGE('',*,*,#4899,.F.);
#6075 = ORIENTED_EDGE('',*,*,#4875,.F.);
#6076 = ORIENTED_EDGE('',*,*,#4850,.F.);
#6077 = ORIENTED_EDGE('',*,*,#4826,.F.);
#6078 = ORIENTED_EDGE('',*,*,#4801,.F.);
#6079 = PLANE('',#6080);
#6080 = AXIS2_PLACEMENT_3D('',#6081,#6082,#6083);
#6081 = CARTESIAN_POINT('',(0.,-120.,13.19));
#6082 = DIRECTION('',(0.,0.,1.));
#6083 = DIRECTION('',(1.,0.,0.));
#6084 = ADVANCED_FACE('',(#6085),#6095,.T.);
#6085 = FACE_BOUND('',#6086,.T.);
#6086 = EDGE_LOOP('',(#6087,#6088,#6089,#6090,#6091,#6092,#6093,#6094));
#6087 = ORIENTED_EDGE('',*,*,#4966,.F.);
#6088 = ORIENTED_EDGE('',*,*,#5144,.F.);
#6089 = ORIENTED_EDGE('',*,*,#5120,.F.);
#6090 = ORIENTED_EDGE('',*,*,#5095,.F.);
#6091 = ORIENTED_EDGE('',*,*,#5071,.F.);
#6092 = ORIENTED_EDGE('',*,*,#5046,.F.);
#6093 = ORIENTED_EDGE('',*,*,#5022,.F.);
#6094 = ORIENTED_EDGE('',*,*,#4997,.F.);
#6095 = PLANE('',#6096);
#6096 = AXIS2_PLACEMENT_3D('',#6097,#6098,#6099);
#6097 = CARTESIAN_POINT('',(0.,-120.,13.19));
#6098 = DIRECTION('',(0.,0.,1.));
#6099 = DIRECTION('',(1.,0.,0.));
#6100 = ADVANCED_FACE('',(#6101),#6111,.T.);
#6101 = FACE_BOUND('',#6102,.T.);
#6102 = EDGE_LOOP('',(#6103,#6104,#6105,#6106,#6107,#6108,#6109,#6110));
#6103 = ORIENTED_EDGE('',*,*,#5162,.F.);
#6104 = ORIENTED_EDGE('',*,*,#5340,.F.);
#6105 = ORIENTED_EDGE('',*,*,#5316,.F.);
#6106 = ORIENTED_EDGE('',*,*,#5291,.F.);
#6107 = ORIENTED_EDGE('',*,*,#5267,.F.);
#6108 = ORIENTED_EDGE('',*,*,#5242,.F.);
#6109 = ORIENTED_EDGE('',*,*,#5218,.F.);
#6110 = ORIENTED_EDGE('',*,*,#5193,.F.);
#6111 = PLANE('',#6112);
#6112 = AXIS2_PLACEMENT_3D('',#6113,#6114,#6115);
#6113 = CARTESIAN_POINT('',(0.,-120.,13.19));
#6114 = DIRECTION('',(0.,0.,1.));
#6115 = DIRECTION('',(1.,0.,0.));
#6116 = ADVANCED_FACE('',(#6117),#6125,.T.);
#6117 = FACE_BOUND('',#6118,.T.);
#6118 = EDGE_LOOP('',(#6119,#6120,#6121,#6122,#6123,#6124));
#6119 = ORIENTED_EDGE('',*,*,#5358,.F.);
#6120 = ORIENTED_EDGE('',*,*,#5452,.F.);
#6121 = ORIENTED_EDGE('',*,*,#5461,.F.);
#6122 = ORIENTED_EDGE('',*,*,#5424,.F.);
#6123 = ORIENTED_EDGE('',*,*,#5398,.F.);
#6124 = ORIENTED_EDGE('',*,*,#5407,.F.);
#6125 = PLANE('',#6126);
#6126 = AXIS2_PLACEMENT_3D('',#6127,#6128,#6129);
#6127 = CARTESIAN_POINT('',(0.,-120.,13.19));
#6128 = DIRECTION('',(0.,0.,1.));
#6129 = DIRECTION('',(1.,0.,0.));
#6130 = ADVANCED_FACE('',(#6131),#6137,.F.);
#6131 = FACE_BOUND('',#6132,.F.);
#6132 = EDGE_LOOP('',(#6133,#6134,#6135,#6136));
#6133 = ORIENTED_EDGE('',*,*,#5841,.F.);
#6134 = ORIENTED_EDGE('',*,*,#5857,.T.);
#6135 = ORIENTED_EDGE('',*,*,#5882,.T.);
#6136 = ORIENTED_EDGE('',*,*,#5606,.T.);
#6137 = PLANE('',#6138);
#6138 = AXIS2_PLACEMENT_3D('',#6139,#6140,#6141);
#6139 = CARTESIAN_POINT('',(116.15,-52.6,13.19));
#6140 = DIRECTION('',(0.,0.,1.));
#6141 = DIRECTION('',(1.,0.,0.));
#6142 = ADVANCED_FACE('',(#6143),#6151,.T.);
#6143 = FACE_BOUND('',#6144,.T.);
#6144 = EDGE_LOOP('',(#6145,#6146,#6147,#6148,#6149,#6150));
#6145 = ORIENTED_EDGE('',*,*,#5713,.F.);
#6146 = ORIENTED_EDGE('',*,*,#5807,.F.);
#6147 = ORIENTED_EDGE('',*,*,#5816,.F.);
#6148 = ORIENTED_EDGE('',*,*,#5779,.F.);
#6149 = ORIENTED_EDGE('',*,*,#5753,.F.);
#6150 = ORIENTED_EDGE('',*,*,#5762,.F.);
#6151 = PLANE('',#6152);
#6152 = AXIS2_PLACEMENT_3D('',#6153,#6154,#6155);
#6153 = CARTESIAN_POINT('',(0.,-120.,13.19));
#6154 = DIRECTION('',(0.,0.,1.));
#6155 = DIRECTION('',(1.,0.,0.));
#6156 = ADVANCED_FACE('',(#6157),#6167,.T.);
#6157 = FACE_BOUND('',#6158,.T.);
#6158 = EDGE_LOOP('',(#6159,#6160,#6161,#6162,#6163,#6164,#6165,#6166));
#6159 = ORIENTED_EDGE('',*,*,#1639,.T.);
#6160 = ORIENTED_EDGE('',*,*,#3171,.T.);
#6161 = ORIENTED_EDGE('',*,*,#5574,.F.);
#6162 = ORIENTED_EDGE('',*,*,#5896,.T.);
#6163 = ORIENTED_EDGE('',*,*,#5518,.T.);
#6164 = ORIENTED_EDGE('',*,*,#3277,.T.);
#6165 = ORIENTED_EDGE('',*,*,#1670,.F.);
#6166 = ORIENTED_EDGE('',*,*,#534,.F.);
#6167 = PLANE('',#6168);
#6168 = AXIS2_PLACEMENT_3D('',#6169,#6170,#6171);
#6169 = CARTESIAN_POINT('',(130.95,-34.04701156812,12.671851162639));
#6170 = DIRECTION('',(-1.,-0.,-0.));
#6171 = DIRECTION('',(0.,0.,-1.));
#6172 = ADVANCED_FACE('',(#6173),#6183,.T.);
#6173 = FACE_BOUND('',#6174,.T.);
#6174 = EDGE_LOOP('',(#6175,#6176,#6177,#6178,#6179,#6180,#6181,#6182));
#6175 = ORIENTED_EDGE('',*,*,#1648,.F.);
#6176 = ORIENTED_EDGE('',*,*,#518,.T.);
#6177 = ORIENTED_EDGE('',*,*,#1679,.T.);
#6178 = ORIENTED_EDGE('',*,*,#3243,.F.);
#6179 = ORIENTED_EDGE('',*,*,#5699,.F.);
#6180 = ORIENTED_EDGE('',*,*,#5914,.F.);
#6181 = ORIENTED_EDGE('',*,*,#5648,.T.);
#6182 = ORIENTED_EDGE('',*,*,#3162,.F.);
#6183 = PLANE('',#6184);
#6184 = AXIS2_PLACEMENT_3D('',#6185,#6186,#6187);
#6185 = CARTESIAN_POINT('',(115.05,-34.04701156812,12.671851162639));
#6186 = DIRECTION('',(1.,0.,0.));
#6187 = DIRECTION('',(0.,0.,1.));
#6188 = ORIENTED_CLOSED_SHELL('',*,#6189,.F.);
#6189 = CLOSED_SHELL('',(#6190,#6223,#6232));
#6190 = ADVANCED_FACE('',(#6191),#6218,.T.);
#6191 = FACE_BOUND('',#6192,.F.);
#6192 = EDGE_LOOP('',(#6193,#6203,#6210,#6211));
#6193 = ORIENTED_EDGE('',*,*,#6194,.T.);
#6194 = EDGE_CURVE('',#6195,#6197,#6199,.T.);
#6195 = VERTEX_POINT('',#6196);
#6196 = CARTESIAN_POINT('',(123.9,-64.7,7.));
#6197 = VERTEX_POINT('',#6198);
#6198 = CARTESIAN_POINT('',(123.9,-64.7,11.2));
#6199 = LINE('',#6200,#6201);
#6200 = CARTESIAN_POINT('',(123.9,-64.7,7.));
#6201 = VECTOR('',#6202,1.);
#6202 = DIRECTION('',(0.,0.,1.));
#6203 = ORIENTED_EDGE('',*,*,#6204,.T.);
#6204 = EDGE_CURVE('',#6197,#6197,#6205,.T.);
#6205 = CIRCLE('',#6206,1.1);
#6206 = AXIS2_PLACEMENT_3D('',#6207,#6208,#6209);
#6207 = CARTESIAN_POINT('',(122.8,-64.7,11.2));
#6208 = DIRECTION('',(0.,0.,1.));
#6209 = DIRECTION('',(1.,0.,0.));
#6210 = ORIENTED_EDGE('',*,*,#6194,.F.);
#6211 = ORIENTED_EDGE('',*,*,#6212,.F.);
#6212 = EDGE_CURVE('',#6195,#6195,#6213,.T.);
#6213 = CIRCLE('',#6214,1.1);
#6214 = AXIS2_PLACEMENT_3D('',#6215,#6216,#6217);
#6215 = CARTESIAN_POINT('',(122.8,-64.7,7.));
#6216 = DIRECTION('',(0.,0.,1.));
#6217 = DIRECTION('',(1.,0.,0.));
#6218 = CYLINDRICAL_SURFACE('',#6219,1.1);
#6219 = AXIS2_PLACEMENT_3D('',#6220,#6221,#6222);
#6220 = CARTESIAN_POINT('',(122.8,-64.7,7.));
#6221 = DIRECTION('',(-0.,-0.,-1.));
#6222 = DIRECTION('',(1.,0.,0.));
#6223 = ADVANCED_FACE('',(#6224),#6227,.F.);
#6224 = FACE_BOUND('',#6225,.T.);
#6225 = EDGE_LOOP('',(#6226));
#6226 = ORIENTED_EDGE('',*,*,#6212,.F.);
#6227 = PLANE('',#6228);
#6228 = AXIS2_PLACEMENT_3D('',#6229,#6230,#6231);
#6229 = CARTESIAN_POINT('',(122.8,-64.7,7.));
#6230 = DIRECTION('',(0.,0.,1.));
#6231 = DIRECTION('',(1.,0.,0.));
#6232 = ADVANCED_FACE('',(#6233),#6236,.T.);
#6233 = FACE_BOUND('',#6234,.F.);
#6234 = EDGE_LOOP('',(#6235));
#6235 = ORIENTED_EDGE('',*,*,#6204,.F.);
#6236 = PLANE('',#6237);
#6237 = AXIS2_PLACEMENT_3D('',#6238,#6239,#6240);
#6238 = CARTESIAN_POINT('',(122.8,-64.7,11.2));
#6239 = DIRECTION('',(0.,0.,1.));
#6240 = DIRECTION('',(1.,0.,0.));
#6241 = ORIENTED_CLOSED_SHELL('',*,#6242,.F.);
#6242 = CLOSED_SHELL('',(#6243,#6276,#6285));
#6243 = ADVANCED_FACE('',(#6244),#6271,.T.);
#6244 = FACE_BOUND('',#6245,.F.);
#6245 = EDGE_LOOP('',(#6246,#6256,#6263,#6264));
#6246 = ORIENTED_EDGE('',*,*,#6247,.T.);
#6247 = EDGE_CURVE('',#6248,#6250,#6252,.T.);
#6248 = VERTEX_POINT('',#6249);
#6249 = CARTESIAN_POINT('',(114.1,-52.8,7.));
#6250 = VERTEX_POINT('',#6251);
#6251 = CARTESIAN_POINT('',(114.1,-52.8,11.2));
#6252 = LINE('',#6253,#6254);
#6253 = CARTESIAN_POINT('',(114.1,-52.8,7.));
#6254 = VECTOR('',#6255,1.);
#6255 = DIRECTION('',(0.,0.,1.));
#6256 = ORIENTED_EDGE('',*,*,#6257,.T.);
#6257 = EDGE_CURVE('',#6250,#6250,#6258,.T.);
#6258 = CIRCLE('',#6259,1.1);
#6259 = AXIS2_PLACEMENT_3D('',#6260,#6261,#6262);
#6260 = CARTESIAN_POINT('',(113.,-52.8,11.2));
#6261 = DIRECTION('',(0.,0.,1.));
#6262 = DIRECTION('',(1.,0.,0.));
#6263 = ORIENTED_EDGE('',*,*,#6247,.F.);
#6264 = ORIENTED_EDGE('',*,*,#6265,.F.);
#6265 = EDGE_CURVE('',#6248,#6248,#6266,.T.);
#6266 = CIRCLE('',#6267,1.1);
#6267 = AXIS2_PLACEMENT_3D('',#6268,#6269,#6270);
#6268 = CARTESIAN_POINT('',(113.,-52.8,7.));
#6269 = DIRECTION('',(0.,0.,1.));
#6270 = DIRECTION('',(1.,0.,0.));
#6271 = CYLINDRICAL_SURFACE('',#6272,1.1);
#6272 = AXIS2_PLACEMENT_3D('',#6273,#6274,#6275);
#6273 = CARTESIAN_POINT('',(113.,-52.8,7.));
#6274 = DIRECTION('',(-0.,-0.,-1.));
#6275 = DIRECTION('',(1.,0.,0.));
#6276 = ADVANCED_FACE('',(#6277),#6280,.F.);
#6277 = FACE_BOUND('',#6278,.T.);
#6278 = EDGE_LOOP('',(#6279));
#6279 = ORIENTED_EDGE('',*,*,#6265,.F.);
#6280 = PLANE('',#6281);
#6281 = AXIS2_PLACEMENT_3D('',#6282,#6283,#6284);
#6282 = CARTESIAN_POINT('',(113.,-52.8,7.));
#6283 = DIRECTION('',(0.,0.,1.));
#6284 = DIRECTION('',(1.,0.,0.));
#6285 = ADVANCED_FACE('',(#6286),#6289,.T.);
#6286 = FACE_BOUND('',#6287,.F.);
#6287 = EDGE_LOOP('',(#6288));
#6288 = ORIENTED_EDGE('',*,*,#6257,.F.);
#6289 = PLANE('',#6290);
#6290 = AXIS2_PLACEMENT_3D('',#6291,#6292,#6293);
#6291 = CARTESIAN_POINT('',(113.,-52.8,11.2));
#6292 = DIRECTION('',(0.,0.,1.));
#6293 = DIRECTION('',(1.,0.,0.));
#6294 = ORIENTED_CLOSED_SHELL('',*,#6295,.F.);
#6295 = CLOSED_SHELL('',(#6296,#6329,#6338));
#6296 = ADVANCED_FACE('',(#6297),#6324,.T.);
#6297 = FACE_BOUND('',#6298,.F.);
#6298 = EDGE_LOOP('',(#6299,#6309,#6316,#6317));
#6299 = ORIENTED_EDGE('',*,*,#6300,.T.);
#6300 = EDGE_CURVE('',#6301,#6303,#6305,.T.);
#6301 = VERTEX_POINT('',#6302);
#6302 = CARTESIAN_POINT('',(134.1,-52.8,7.));
#6303 = VERTEX_POINT('',#6304);
#6304 = CARTESIAN_POINT('',(134.1,-52.8,11.2));
#6305 = LINE('',#6306,#6307);
#6306 = CARTESIAN_POINT('',(134.1,-52.8,7.));
#6307 = VECTOR('',#6308,1.);
#6308 = DIRECTION('',(0.,0.,1.));
#6309 = ORIENTED_EDGE('',*,*,#6310,.T.);
#6310 = EDGE_CURVE('',#6303,#6303,#6311,.T.);
#6311 = CIRCLE('',#6312,1.1);
#6312 = AXIS2_PLACEMENT_3D('',#6313,#6314,#6315);
#6313 = CARTESIAN_POINT('',(133.,-52.8,11.2));
#6314 = DIRECTION('',(0.,0.,1.));
#6315 = DIRECTION('',(1.,0.,0.));
#6316 = ORIENTED_EDGE('',*,*,#6300,.F.);
#6317 = ORIENTED_EDGE('',*,*,#6318,.F.);
#6318 = EDGE_CURVE('',#6301,#6301,#6319,.T.);
#6319 = CIRCLE('',#6320,1.1);
#6320 = AXIS2_PLACEMENT_3D('',#6321,#6322,#6323);
#6321 = CARTESIAN_POINT('',(133.,-52.8,7.));
#6322 = DIRECTION('',(0.,0.,1.));
#6323 = DIRECTION('',(1.,0.,0.));
#6324 = CYLINDRICAL_SURFACE('',#6325,1.1);
#6325 = AXIS2_PLACEMENT_3D('',#6326,#6327,#6328);
#6326 = CARTESIAN_POINT('',(133.,-52.8,7.));
#6327 = DIRECTION('',(-0.,-0.,-1.));
#6328 = DIRECTION('',(1.,0.,0.));
#6329 = ADVANCED_FACE('',(#6330),#6333,.F.);
#6330 = FACE_BOUND('',#6331,.T.);
#6331 = EDGE_LOOP('',(#6332));
#6332 = ORIENTED_EDGE('',*,*,#6318,.F.);
#6333 = PLANE('',#6334);
#6334 = AXIS2_PLACEMENT_3D('',#6335,#6336,#6337);
#6335 = CARTESIAN_POINT('',(133.,-52.8,7.));
#6336 = DIRECTION('',(0.,0.,1.));
#6337 = DIRECTION('',(1.,0.,0.));
#6338 = ADVANCED_FACE('',(#6339),#6342,.T.);
#6339 = FACE_BOUND('',#6340,.F.);
#6340 = EDGE_LOOP('',(#6341));
#6341 = ORIENTED_EDGE('',*,*,#6310,.F.);
#6342 = PLANE('',#6343);
#6343 = AXIS2_PLACEMENT_3D('',#6344,#6345,#6346);
#6344 = CARTESIAN_POINT('',(133.,-52.8,11.2));
#6345 = DIRECTION('',(0.,0.,1.));
#6346 = DIRECTION('',(1.,0.,0.));
#6347 = ( GEOMETRIC_REPRESENTATION_CONTEXT(3) 
GLOBAL_UNCERTAINTY_ASSIGNED_CONTEXT((#6351)) 
GLOBAL_UNIT_ASSIGNED_CONTEXT((#6348,#6349,#6350)) REPRESENTATION_CONTEXT
('Context #1','3D Context with UNIT and UNCERTAINTY') );
#6348 = ( LENGTH_UNIT() NAMED_UNIT(*) SI_UNIT(.MILLI.,.METRE.) );
#6349 = ( NAMED_UNIT(*) PLANE_ANGLE_UNIT() SI_UNIT($,.RADIAN.) );
#6350 = ( NAMED_UNIT(*) SI_UNIT($,.STERADIAN.) SOLID_ANGLE_UNIT() );
#6351 = UNCERTAINTY_MEASURE_WITH_UNIT(LENGTH_MEASURE(5.E-05),#6348,
  'distance_accuracy_value','confusion accuracy');
#6352 = PRODUCT_RELATED_PRODUCT_CATEGORY('part',$,(#7));
ENDSEC;
END-ISO-10303-21;
