ISO-10303-21;
HEADER;
FILE_DESCRIPTION(('FreeCAD Model'),'2;1');
FILE_NAME('Open CASCADE Shape Model','2026-09-29T08:40:39',('FreeCAD'),(
    'FreeCAD'),'Open CASCADE STEP processor 7.8','FreeCAD','Unknown');
FILE_SCHEMA(('AUTOMOTIVE_DESIGN { 1 0 10303 214 1 1 1 1 }'));
ENDSEC;
DATA;
#1 = APPLICATION_PROTOCOL_DEFINITION('international standard',
  'automotive_design',2000,#2);
#2 = APPLICATION_CONTEXT(
  'core data for automotive mechanical design processes');
#3 = SHAPE_DEFINITION_REPRESENTATION(#4,#10);
#4 = PRODUCT_DEFINITION_SHAPE('','',#5);
#5 = PRODUCT_DEFINITION('design','',#6,#9);
#6 = PRODUCT_DEFINITION_FORMATION('','',#7);
#7 = PRODUCT('Open CASCADE STEP translator 7.8 16',
  'Open CASCADE STEP translator 7.8 16','',(#8));
#8 = PRODUCT_CONTEXT('',#2,'mechanical');
#9 = PRODUCT_DEFINITION_CONTEXT('part definition',#2,'design');
#10 = ADVANCED_BREP_SHAPE_REPRESENTATION('',(#11,#15),#3542);
#11 = AXIS2_PLACEMENT_3D('',#12,#13,#14);
#12 = CARTESIAN_POINT('',(0.,0.,0.));
#13 = DIRECTION('',(0.,0.,1.));
#14 = DIRECTION('',(1.,0.,-0.));
#15 = BREP_WITH_VOIDS('',#16,(#3383,#3436,#3489));
#16 = CLOSED_SHELL('',(#17,#77,#131,#142,#286,#310,#544,#561,#679,#691,
    #708,#741,#765,#821,#845,#901,#926,#950,#975,#1063,#1081,#1106,#1146
    ,#1170,#1194,#1218,#1242,#1330,#1354,#1378,#1402,#1426,#1450,#1474,
    #1498,#1522,#1546,#1570,#1594,#1618,#1635,#1666,#1690,#1714,#1731,
    #1749,#1767,#1813,#1841,#1852,#1870,#1897,#1925,#1963,#1981,#1998,
    #2015,#2032,#2103,#2128,#2534,#2551,#2560,#2584,#2608,#2625,#2643,
    #2653,#2733,#2758,#2774,#2799,#2815,#2831,#2847,#2889,#2924,#2948,
    #3091,#3109,#3140,#3164,#3188,#3205,#3236,#3260,#3284,#3301,#3310,
    #3319,#3328,#3337,#3359,#3371));
#17 = ADVANCED_FACE('',(#18),#72,.T.);
#18 = FACE_BOUND('',#19,.F.);
#19 = EDGE_LOOP('',(#20,#30,#39,#48,#56,#65));
#20 = ORIENTED_EDGE('',*,*,#21,.F.);
#21 = EDGE_CURVE('',#22,#24,#26,.T.);
#22 = VERTEX_POINT('',#23);
#23 = CARTESIAN_POINT('',(112.2,-54.46808273176,11.6));
#24 = VERTEX_POINT('',#25);
#25 = CARTESIAN_POINT('',(112.2,-54.46808273176,6.3));
#26 = LINE('',#27,#28);
#27 = CARTESIAN_POINT('',(112.2,-54.46808273176,6.3));
#28 = VECTOR('',#29,1.);
#29 = DIRECTION('',(-0.,-0.,-1.));
#30 = ORIENTED_EDGE('',*,*,#31,.T.);
#31 = EDGE_CURVE('',#22,#32,#34,.T.);
#32 = VERTEX_POINT('',#33);
#33 = CARTESIAN_POINT('',(114.85,-52.8,11.6));
#34 = CIRCLE('',#35,1.85);
#35 = AXIS2_PLACEMENT_3D('',#36,#37,#38);
#36 = CARTESIAN_POINT('',(113.,-52.8,11.6));
#37 = DIRECTION('',(0.,0.,1.));
#38 = DIRECTION('',(1.,0.,0.));
#39 = ORIENTED_EDGE('',*,*,#40,.T.);
#40 = EDGE_CURVE('',#32,#41,#43,.T.);
#41 = VERTEX_POINT('',#42);
#42 = CARTESIAN_POINT('',(112.2,-51.13191726823,11.6));
#43 = CIRCLE('',#44,1.85);
#44 = AXIS2_PLACEMENT_3D('',#45,#46,#47);
#45 = CARTESIAN_POINT('',(113.,-52.8,11.6));
#46 = DIRECTION('',(0.,0.,1.));
#47 = DIRECTION('',(1.,0.,0.));
#48 = ORIENTED_EDGE('',*,*,#49,.T.);
#49 = EDGE_CURVE('',#41,#50,#52,.T.);
#50 = VERTEX_POINT('',#51);
#51 = CARTESIAN_POINT('',(112.2,-51.13191726823,6.3));
#52 = LINE('',#53,#54);
#53 = CARTESIAN_POINT('',(112.2,-51.13191726823,6.3));
#54 = VECTOR('',#55,1.);
#55 = DIRECTION('',(-0.,-0.,-1.));
#56 = ORIENTED_EDGE('',*,*,#57,.F.);
#57 = EDGE_CURVE('',#58,#50,#60,.T.);
#58 = VERTEX_POINT('',#59);
#59 = CARTESIAN_POINT('',(114.85,-52.8,6.3));
#60 = CIRCLE('',#61,1.85);
#61 = AXIS2_PLACEMENT_3D('',#62,#63,#64);
#62 = CARTESIAN_POINT('',(113.,-52.8,6.3));
#63 = DIRECTION('',(0.,0.,1.));
#64 = DIRECTION('',(1.,0.,0.));
#65 = ORIENTED_EDGE('',*,*,#66,.F.);
#66 = EDGE_CURVE('',#24,#58,#67,.T.);
#67 = CIRCLE('',#68,1.85);
#68 = AXIS2_PLACEMENT_3D('',#69,#70,#71);
#69 = CARTESIAN_POINT('',(113.,-52.8,6.3));
#70 = DIRECTION('',(0.,0.,1.));
#71 = DIRECTION('',(1.,0.,0.));
#72 = CYLINDRICAL_SURFACE('',#73,1.85);
#73 = AXIS2_PLACEMENT_3D('',#74,#75,#76);
#74 = CARTESIAN_POINT('',(113.,-52.8,6.3));
#75 = DIRECTION('',(-0.,-0.,-1.));
#76 = DIRECTION('',(1.,0.,0.));
#77 = ADVANCED_FACE('',(#78),#126,.T.);
#78 = FACE_BOUND('',#79,.T.);
#79 = EDGE_LOOP('',(#80,#88,#96,#104,#112,#118,#119,#125));
#80 = ORIENTED_EDGE('',*,*,#81,.F.);
#81 = EDGE_CURVE('',#82,#50,#84,.T.);
#82 = VERTEX_POINT('',#83);
#83 = CARTESIAN_POINT('',(112.2,-12.22945834653,6.3));
#84 = LINE('',#85,#86);
#85 = CARTESIAN_POINT('',(112.2,-25.66366801349,6.3));
#86 = VECTOR('',#87,1.);
#87 = DIRECTION('',(0.,-1.,0.));
#88 = ORIENTED_EDGE('',*,*,#89,.T.);
#89 = EDGE_CURVE('',#82,#90,#92,.T.);
#90 = VERTEX_POINT('',#91);
#91 = CARTESIAN_POINT('',(112.2,-12.22945834653,12.19));
#92 = LINE('',#93,#94);
#93 = CARTESIAN_POINT('',(112.2,-12.22945834653,6.2));
#94 = VECTOR('',#95,1.);
#95 = DIRECTION('',(0.,0.,1.));
#96 = ORIENTED_EDGE('',*,*,#97,.T.);
#97 = EDGE_CURVE('',#90,#98,#100,.T.);
#98 = VERTEX_POINT('',#99);
#99 = CARTESIAN_POINT('',(112.2,-65.77054165346,12.19));
#100 = LINE('',#101,#102);
#101 = CARTESIAN_POINT('',(112.2,-12.22945834653,12.19));
#102 = VECTOR('',#103,1.);
#103 = DIRECTION('',(0.,-1.,0.));
#104 = ORIENTED_EDGE('',*,*,#105,.F.);
#105 = EDGE_CURVE('',#106,#98,#108,.T.);
#106 = VERTEX_POINT('',#107);
#107 = CARTESIAN_POINT('',(112.2,-65.77054165346,6.3));
#108 = LINE('',#109,#110);
#109 = CARTESIAN_POINT('',(112.2,-65.77054165346,6.2));
#110 = VECTOR('',#111,1.);
#111 = DIRECTION('',(0.,0.,1.));
#112 = ORIENTED_EDGE('',*,*,#113,.F.);
#113 = EDGE_CURVE('',#24,#106,#114,.T.);
#114 = LINE('',#115,#116);
#115 = CARTESIAN_POINT('',(112.2,-25.66366801349,6.3));
#116 = VECTOR('',#117,1.);
#117 = DIRECTION('',(0.,-1.,0.));
#118 = ORIENTED_EDGE('',*,*,#21,.F.);
#119 = ORIENTED_EDGE('',*,*,#120,.F.);
#120 = EDGE_CURVE('',#41,#22,#121,.T.);
#121 = LINE('',#122,#123);
#122 = CARTESIAN_POINT('',(112.2,-32.51472917326,11.6));
#123 = VECTOR('',#124,1.);
#124 = DIRECTION('',(0.,-1.,0.));
#125 = ORIENTED_EDGE('',*,*,#49,.T.);
#126 = PLANE('',#127);
#127 = AXIS2_PLACEMENT_3D('',#128,#129,#130);
#128 = CARTESIAN_POINT('',(112.2,-12.22945834653,6.2));
#129 = DIRECTION('',(1.,0.,0.));
#130 = DIRECTION('',(0.,-1.,0.));
#131 = ADVANCED_FACE('',(#132),#137,.T.);
#132 = FACE_BOUND('',#133,.T.);
#133 = EDGE_LOOP('',(#134,#135,#136));
#134 = ORIENTED_EDGE('',*,*,#31,.T.);
#135 = ORIENTED_EDGE('',*,*,#40,.T.);
#136 = ORIENTED_EDGE('',*,*,#120,.T.);
#137 = PLANE('',#138);
#138 = AXIS2_PLACEMENT_3D('',#139,#140,#141);
#139 = CARTESIAN_POINT('',(113.,-52.8,11.6));
#140 = DIRECTION('',(0.,0.,1.));
#141 = DIRECTION('',(1.,0.,0.));
#142 = ADVANCED_FACE('',(#143,#270),#281,.T.);
#143 = FACE_BOUND('',#144,.T.);
#144 = EDGE_LOOP('',(#145,#155,#164,#172,#181,#189,#198,#206,#214,#222,
    #230,#238,#246,#252,#253,#254,#255,#256,#264));
#145 = ORIENTED_EDGE('',*,*,#146,.T.);
#146 = EDGE_CURVE('',#147,#149,#151,.T.);
#147 = VERTEX_POINT('',#148);
#148 = CARTESIAN_POINT('',(112.22945834653,-65.8,6.3));
#149 = VERTEX_POINT('',#150);
#150 = CARTESIAN_POINT('',(112.37103311439,-65.8,6.3));
#151 = LINE('',#152,#153);
#152 = CARTESIAN_POINT('',(117.59307288834,-65.8,6.3));
#153 = VECTOR('',#154,1.);
#154 = DIRECTION('',(1.,0.,0.));
#155 = ORIENTED_EDGE('',*,*,#156,.F.);
#156 = EDGE_CURVE('',#157,#149,#159,.T.);
#157 = VERTEX_POINT('',#158);
#158 = CARTESIAN_POINT('',(112.95970781992,-67.,6.3));
#159 = CIRCLE('',#160,2.15);
#160 = AXIS2_PLACEMENT_3D('',#161,#162,#163);
#161 = CARTESIAN_POINT('',(114.5,-65.5,6.3));
#162 = DIRECTION('',(0.,0.,-1.));
#163 = DIRECTION('',(1.,0.,0.));
#164 = ORIENTED_EDGE('',*,*,#165,.T.);
#165 = EDGE_CURVE('',#157,#166,#168,.T.);
#166 = VERTEX_POINT('',#167);
#167 = CARTESIAN_POINT('',(112.2,-67.,6.3));
#168 = LINE('',#169,#170);
#169 = CARTESIAN_POINT('',(133.8,-67.,6.3));
#170 = VECTOR('',#171,1.);
#171 = DIRECTION('',(-1.,0.,0.));
#172 = ORIENTED_EDGE('',*,*,#173,.T.);
#173 = EDGE_CURVE('',#166,#174,#176,.T.);
#174 = VERTEX_POINT('',#175);
#175 = CARTESIAN_POINT('',(111.,-65.8,6.3));
#176 = CIRCLE('',#177,1.2);
#177 = AXIS2_PLACEMENT_3D('',#178,#179,#180);
#178 = CARTESIAN_POINT('',(112.2,-65.8,6.3));
#179 = DIRECTION('',(0.,0.,-1.));
#180 = DIRECTION('',(0.,-1.,0.));
#181 = ORIENTED_EDGE('',*,*,#182,.T.);
#182 = EDGE_CURVE('',#174,#183,#185,.T.);
#183 = VERTEX_POINT('',#184);
#184 = CARTESIAN_POINT('',(111.,-12.2,6.3));
#185 = LINE('',#186,#187);
#186 = CARTESIAN_POINT('',(111.,-65.8,6.3));
#187 = VECTOR('',#188,1.);
#188 = DIRECTION('',(0.,1.,0.));
#189 = ORIENTED_EDGE('',*,*,#190,.T.);
#190 = EDGE_CURVE('',#183,#191,#193,.T.);
#191 = VERTEX_POINT('',#192);
#192 = CARTESIAN_POINT('',(112.2,-11.,6.3));
#193 = CIRCLE('',#194,1.2);
#194 = AXIS2_PLACEMENT_3D('',#195,#196,#197);
#195 = CARTESIAN_POINT('',(112.2,-12.2,6.3));
#196 = DIRECTION('',(0.,0.,-1.));
#197 = DIRECTION('',(-1.,5.92E-15,0.));
#198 = ORIENTED_EDGE('',*,*,#199,.T.);
#199 = EDGE_CURVE('',#191,#200,#202,.T.);
#200 = VERTEX_POINT('',#201);
#201 = CARTESIAN_POINT('',(116.3,-11.,6.3));
#202 = LINE('',#203,#204);
#203 = CARTESIAN_POINT('',(112.2,-11.,6.3));
#204 = VECTOR('',#205,1.);
#205 = DIRECTION('',(1.,0.,0.));
#206 = ORIENTED_EDGE('',*,*,#207,.T.);
#207 = EDGE_CURVE('',#200,#208,#210,.T.);
#208 = VERTEX_POINT('',#209);
#209 = CARTESIAN_POINT('',(116.3,-11.4,6.3));
#210 = LINE('',#211,#212);
#211 = CARTESIAN_POINT('',(116.3,-29.54893884022,6.3));
#212 = VECTOR('',#213,1.);
#213 = DIRECTION('',(0.,-1.,0.));
#214 = ORIENTED_EDGE('',*,*,#215,.F.);
#215 = EDGE_CURVE('',#216,#208,#218,.T.);
#216 = VERTEX_POINT('',#217);
#217 = CARTESIAN_POINT('',(113.,-11.4,6.3));
#218 = LINE('',#219,#220);
#219 = CARTESIAN_POINT('',(117.97834371508,-11.4,6.3));
#220 = VECTOR('',#221,1.);
#221 = DIRECTION('',(1.,0.,0.));
#222 = ORIENTED_EDGE('',*,*,#223,.T.);
#223 = EDGE_CURVE('',#216,#224,#226,.T.);
#224 = VERTEX_POINT('',#225);
#225 = CARTESIAN_POINT('',(113.,-12.2,6.3));
#226 = LINE('',#227,#228);
#227 = CARTESIAN_POINT('',(113.,-43.59893884022,6.3));
#228 = VECTOR('',#229,1.);
#229 = DIRECTION('',(0.,-1.,0.));
#230 = ORIENTED_EDGE('',*,*,#231,.T.);
#231 = EDGE_CURVE('',#224,#232,#234,.T.);
#232 = VERTEX_POINT('',#233);
#233 = CARTESIAN_POINT('',(112.22945834653,-12.2,6.3));
#234 = LINE('',#235,#236);
#235 = CARTESIAN_POINT('',(127.76361454181,-12.2,6.3));
#236 = VECTOR('',#237,1.);
#237 = DIRECTION('',(-1.,0.,0.));
#238 = ORIENTED_EDGE('',*,*,#239,.T.);
#239 = EDGE_CURVE('',#232,#240,#242,.T.);
#240 = VERTEX_POINT('',#241);
#241 = CARTESIAN_POINT('',(112.20137942877,-12.20137942877,6.3));
#242 = LINE('',#243,#244);
#243 = CARTESIAN_POINT('',(116.92104599053,-11.96951707863,6.3));
#244 = VECTOR('',#245,1.);
#245 = DIRECTION('',(-0.998795456205,-4.906767432741E-02,0.));
#246 = ORIENTED_EDGE('',*,*,#247,.T.);
#247 = EDGE_CURVE('',#240,#82,#248,.T.);
#248 = LINE('',#249,#250);
#249 = CARTESIAN_POINT('',(111.55524740483,-25.35369892353,6.3));
#250 = VECTOR('',#251,1.);
#251 = DIRECTION('',(-4.906767432758E-02,-0.998795456205,0.));
#252 = ORIENTED_EDGE('',*,*,#81,.T.);
#253 = ORIENTED_EDGE('',*,*,#57,.F.);
#254 = ORIENTED_EDGE('',*,*,#66,.F.);
#255 = ORIENTED_EDGE('',*,*,#113,.T.);
#256 = ORIENTED_EDGE('',*,*,#257,.T.);
#257 = EDGE_CURVE('',#106,#258,#260,.T.);
#258 = VERTEX_POINT('',#259);
#259 = CARTESIAN_POINT('',(112.20137942877,-65.79862057122,6.3));
#260 = LINE('',#261,#262);
#261 = CARTESIAN_POINT('',(111.55935453561,-52.72990364414,6.3));
#262 = VECTOR('',#263,1.);
#263 = DIRECTION('',(4.906767432757E-02,-0.998795456205,0.));
#264 = ORIENTED_EDGE('',*,*,#265,.T.);
#265 = EDGE_CURVE('',#258,#147,#266,.T.);
#266 = LINE('',#267,#268);
#267 = CARTESIAN_POINT('',(116.91180337682,-66.03002886087,6.3));
#268 = VECTOR('',#269,1.);
#269 = DIRECTION('',(0.998795456205,-4.906767432757E-02,0.));
#270 = FACE_BOUND('',#271,.T.);
#271 = EDGE_LOOP('',(#272));
#272 = ORIENTED_EDGE('',*,*,#273,.F.);
#273 = EDGE_CURVE('',#274,#274,#276,.T.);
#274 = VERTEX_POINT('',#275);
#275 = CARTESIAN_POINT('',(114.6,-52.8,6.3));
#276 = CIRCLE('',#277,1.6);
#277 = AXIS2_PLACEMENT_3D('',#278,#279,#280);
#278 = CARTESIAN_POINT('',(113.,-52.8,6.3));
#279 = DIRECTION('',(0.,0.,-1.));
#280 = DIRECTION('',(1.,0.,0.));
#281 = PLANE('',#282);
#282 = AXIS2_PLACEMENT_3D('',#283,#284,#285);
#283 = CARTESIAN_POINT('',(115.73647631947,-46.10224167393,6.3));
#284 = DIRECTION('',(-0.,-0.,-1.));
#285 = DIRECTION('',(-1.,0.,0.));
#286 = ADVANCED_FACE('',(#287),#305,.T.);
#287 = FACE_BOUND('',#288,.T.);
#288 = EDGE_LOOP('',(#289,#290,#291,#299));
#289 = ORIENTED_EDGE('',*,*,#257,.F.);
#290 = ORIENTED_EDGE('',*,*,#105,.T.);
#291 = ORIENTED_EDGE('',*,*,#292,.T.);
#292 = EDGE_CURVE('',#98,#293,#295,.T.);
#293 = VERTEX_POINT('',#294);
#294 = CARTESIAN_POINT('',(112.20137942877,-65.79862057122,12.19));
#295 = LINE('',#296,#297);
#296 = CARTESIAN_POINT('',(112.2,-65.77054165346,12.19));
#297 = VECTOR('',#298,1.);
#298 = DIRECTION('',(4.906767432757E-02,-0.998795456205,0.));
#299 = ORIENTED_EDGE('',*,*,#300,.F.);
#300 = EDGE_CURVE('',#258,#293,#301,.T.);
#301 = LINE('',#302,#303);
#302 = CARTESIAN_POINT('',(112.20137942877,-65.79862057122,6.2));
#303 = VECTOR('',#304,1.);
#304 = DIRECTION('',(0.,0.,1.));
#305 = PLANE('',#306);
#306 = AXIS2_PLACEMENT_3D('',#307,#308,#309);
#307 = CARTESIAN_POINT('',(112.2,-65.77054165346,6.2));
#308 = DIRECTION('',(0.998795456205,4.906767432757E-02,0.));
#309 = DIRECTION('',(4.906767432757E-02,-0.998795456205,0.));
#310 = ADVANCED_FACE('',(#311,#505),#539,.F.);
#311 = FACE_BOUND('',#312,.F.);
#312 = EDGE_LOOP('',(#313,#314,#315,#323,#331,#339,#347,#355,#363,#371,
    #379,#387,#395,#403,#411,#419,#427,#435,#443,#451,#459,#467,#475,
    #483,#491,#499));
#313 = ORIENTED_EDGE('',*,*,#97,.T.);
#314 = ORIENTED_EDGE('',*,*,#292,.T.);
#315 = ORIENTED_EDGE('',*,*,#316,.T.);
#316 = EDGE_CURVE('',#293,#317,#319,.T.);
#317 = VERTEX_POINT('',#318);
#318 = CARTESIAN_POINT('',(112.22945834653,-65.8,12.19));
#319 = LINE('',#320,#321);
#320 = CARTESIAN_POINT('',(112.20137942877,-65.79862057122,12.19));
#321 = VECTOR('',#322,1.);
#322 = DIRECTION('',(0.998795456205,-4.906767432757E-02,0.));
#323 = ORIENTED_EDGE('',*,*,#324,.T.);
#324 = EDGE_CURVE('',#317,#325,#327,.T.);
#325 = VERTEX_POINT('',#326);
#326 = CARTESIAN_POINT('',(133.77054165346,-65.8,12.19));
#327 = LINE('',#328,#329);
#328 = CARTESIAN_POINT('',(112.22945834653,-65.8,12.19));
#329 = VECTOR('',#330,1.);
#330 = DIRECTION('',(1.,0.,0.));
#331 = ORIENTED_EDGE('',*,*,#332,.T.);
#332 = EDGE_CURVE('',#325,#333,#335,.T.);
#333 = VERTEX_POINT('',#334);
#334 = CARTESIAN_POINT('',(133.79862057122,-65.79862057122,12.19));
#335 = LINE('',#336,#337);
#336 = CARTESIAN_POINT('',(133.77054165346,-65.8,12.19));
#337 = VECTOR('',#338,1.);
#338 = DIRECTION('',(0.998795456205,4.906767432757E-02,0.));
#339 = ORIENTED_EDGE('',*,*,#340,.T.);
#340 = EDGE_CURVE('',#333,#341,#343,.T.);
#341 = VERTEX_POINT('',#342);
#342 = CARTESIAN_POINT('',(133.8,-65.77054165346,12.19));
#343 = LINE('',#344,#345);
#344 = CARTESIAN_POINT('',(133.79862057122,-65.79862057122,12.19));
#345 = VECTOR('',#346,1.);
#346 = DIRECTION('',(4.906767432734E-02,0.998795456205,0.));
#347 = ORIENTED_EDGE('',*,*,#348,.T.);
#348 = EDGE_CURVE('',#341,#349,#351,.T.);
#349 = VERTEX_POINT('',#350);
#350 = CARTESIAN_POINT('',(133.8,-13.42945834653,12.19));
#351 = LINE('',#352,#353);
#352 = CARTESIAN_POINT('',(133.8,-65.77054165346,12.19));
#353 = VECTOR('',#354,1.);
#354 = DIRECTION('',(0.,1.,0.));
#355 = ORIENTED_EDGE('',*,*,#356,.T.);
#356 = EDGE_CURVE('',#349,#357,#359,.T.);
#357 = VERTEX_POINT('',#358);
#358 = CARTESIAN_POINT('',(133.79278144488,-13.28252128159,12.19));
#359 = LINE('',#360,#361);
#360 = CARTESIAN_POINT('',(133.8,-13.42945834653,12.19));
#361 = VECTOR('',#362,1.);
#362 = DIRECTION('',(-4.906767432747E-02,0.998795456205,0.));
#363 = ORIENTED_EDGE('',*,*,#364,.T.);
#364 = EDGE_CURVE('',#357,#365,#367,.T.);
#365 = VERTEX_POINT('',#366);
#366 = CARTESIAN_POINT('',(133.77552294818,-13.16617394746,12.19));
#367 = LINE('',#368,#369);
#368 = CARTESIAN_POINT('',(133.79278144488,-13.28252128159,12.19));
#369 = VECTOR('',#370,1.);
#370 = DIRECTION('',(-0.146730474455,0.989176509965,0.));
#371 = ORIENTED_EDGE('',*,*,#372,.T.);
#372 = EDGE_CURVE('',#365,#373,#375,.T.);
#373 = VERTEX_POINT('',#374);
#374 = CARTESIAN_POINT('',(133.74694352287,-13.05207848605,12.19));
#375 = LINE('',#376,#377);
#376 = CARTESIAN_POINT('',(133.77552294818,-13.16617394746,12.19));
#377 = VECTOR('',#378,1.);
#378 = DIRECTION('',(-0.242980179903,0.970031253195,0.));
#379 = ORIENTED_EDGE('',*,*,#380,.T.);
#380 = EDGE_CURVE('',#373,#381,#383,.T.);
#381 = VERTEX_POINT('',#382);
#382 = CARTESIAN_POINT('',(133.70731840446,-12.941333699,12.19));
#383 = LINE('',#384,#385);
#384 = CARTESIAN_POINT('',(133.74694352287,-13.05207848605,12.19));
#385 = VECTOR('',#386,1.);
#386 = DIRECTION('',(-0.336889853392,0.941544065183,0.));
#387 = ORIENTED_EDGE('',*,*,#388,.T.);
#388 = EDGE_CURVE('',#381,#389,#391,.T.);
#389 = VERTEX_POINT('',#390);
#390 = CARTESIAN_POINT('',(133.6570292045,-12.83500611917,12.19));
#391 = LINE('',#392,#393);
#392 = CARTESIAN_POINT('',(133.70731840446,-12.941333699,12.19));
#393 = VECTOR('',#394,1.);
#394 = DIRECTION('',(-0.42755509343,0.903989293123,0.));
#395 = ORIENTED_EDGE('',*,*,#396,.T.);
#396 = EDGE_CURVE('',#389,#397,#399,.T.);
#397 = VERTEX_POINT('',#398);
#398 = CARTESIAN_POINT('',(133.59656023546,-12.73411973926,12.19));
#399 = LINE('',#400,#401);
#400 = CARTESIAN_POINT('',(133.6570292045,-12.83500611917,12.19));
#401 = VECTOR('',#402,1.);
#402 = DIRECTION('',(-0.514102744193,0.85772861,0.));
#403 = ORIENTED_EDGE('',*,*,#404,.T.);
#404 = EDGE_CURVE('',#397,#405,#407,.T.);
#405 = VERTEX_POINT('',#406);
#406 = CARTESIAN_POINT('',(133.52649384658,-12.63964615027,12.19));
#407 = LINE('',#408,#409);
#408 = CARTESIAN_POINT('',(133.59656023546,-12.73411973926,12.19));
#409 = VECTOR('',#410,1.);
#410 = DIRECTION('',(-0.595699304492,0.803207531481,0.));
#411 = ORIENTED_EDGE('',*,*,#412,.T.);
#412 = EDGE_CURVE('',#405,#413,#415,.T.);
#413 = VERTEX_POINT('',#414);
#414 = CARTESIAN_POINT('',(133.44750481548,-12.55249518451,12.19));
#415 = LINE('',#416,#417);
#416 = CARTESIAN_POINT('',(133.52649384658,-12.63964615027,12.19));
#417 = VECTOR('',#418,1.);
#418 = DIRECTION('',(-0.671558954847,0.740951125355,0.));
#419 = ORIENTED_EDGE('',*,*,#420,.T.);
#420 = EDGE_CURVE('',#413,#421,#423,.T.);
#421 = VERTEX_POINT('',#422);
#422 = CARTESIAN_POINT('',(133.36035384972,-12.47350615341,12.19));
#423 = LINE('',#424,#425);
#424 = CARTESIAN_POINT('',(133.44750481548,-12.55249518451,12.19));
#425 = VECTOR('',#426,1.);
#426 = DIRECTION('',(-0.740951125355,0.671558954847,0.));
#427 = ORIENTED_EDGE('',*,*,#428,.T.);
#428 = EDGE_CURVE('',#421,#429,#431,.T.);
#429 = VERTEX_POINT('',#430);
#430 = CARTESIAN_POINT('',(133.26588026073,-12.40343976453,12.19));
#431 = LINE('',#432,#433);
#432 = CARTESIAN_POINT('',(133.36035384972,-12.47350615341,12.19));
#433 = VECTOR('',#434,1.);
#434 = DIRECTION('',(-0.803207531481,0.595699304492,0.));
#435 = ORIENTED_EDGE('',*,*,#436,.T.);
#436 = EDGE_CURVE('',#429,#437,#439,.T.);
#437 = VERTEX_POINT('',#438);
#438 = CARTESIAN_POINT('',(133.16499388083,-12.3429707955,12.19));
#439 = LINE('',#440,#441);
#440 = CARTESIAN_POINT('',(133.26588026073,-12.40343976453,12.19));
#441 = VECTOR('',#442,1.);
#442 = DIRECTION('',(-0.85772861,0.514102744193,0.));
#443 = ORIENTED_EDGE('',*,*,#444,.T.);
#444 = EDGE_CURVE('',#437,#445,#447,.T.);
#445 = VERTEX_POINT('',#446);
#446 = CARTESIAN_POINT('',(133.05866630099,-12.29268159553,12.19));
#447 = LINE('',#448,#449);
#448 = CARTESIAN_POINT('',(133.16499388083,-12.3429707955,12.19));
#449 = VECTOR('',#450,1.);
#450 = DIRECTION('',(-0.903989293123,0.42755509343,0.));
#451 = ORIENTED_EDGE('',*,*,#452,.T.);
#452 = EDGE_CURVE('',#445,#453,#455,.T.);
#453 = VERTEX_POINT('',#454);
#454 = CARTESIAN_POINT('',(132.94792151395,-12.25305647712,12.19));
#455 = LINE('',#456,#457);
#456 = CARTESIAN_POINT('',(133.05866630099,-12.29268159553,12.19));
#457 = VECTOR('',#458,1.);
#458 = DIRECTION('',(-0.941544065183,0.336889853392,0.));
#459 = ORIENTED_EDGE('',*,*,#460,.T.);
#460 = EDGE_CURVE('',#453,#461,#463,.T.);
#461 = VERTEX_POINT('',#462);
#462 = CARTESIAN_POINT('',(132.83382605253,-12.22447705182,12.19));
#463 = LINE('',#464,#465);
#464 = CARTESIAN_POINT('',(132.94792151395,-12.25305647712,12.19));
#465 = VECTOR('',#466,1.);
#466 = DIRECTION('',(-0.970031253195,0.242980179903,0.));
#467 = ORIENTED_EDGE('',*,*,#468,.T.);
#468 = EDGE_CURVE('',#461,#469,#471,.T.);
#469 = VERTEX_POINT('',#470);
#470 = CARTESIAN_POINT('',(132.7174787184,-12.20721855511,12.19));
#471 = LINE('',#472,#473);
#472 = CARTESIAN_POINT('',(132.83382605253,-12.22447705182,12.19));
#473 = VECTOR('',#474,1.);
#474 = DIRECTION('',(-0.989176509965,0.146730474455,0.));
#475 = ORIENTED_EDGE('',*,*,#476,.T.);
#476 = EDGE_CURVE('',#469,#477,#479,.T.);
#477 = VERTEX_POINT('',#478);
#478 = CARTESIAN_POINT('',(132.57054165346,-12.2,12.19));
#479 = LINE('',#480,#481);
#480 = CARTESIAN_POINT('',(132.7174787184,-12.20721855511,12.19));
#481 = VECTOR('',#482,1.);
#482 = DIRECTION('',(-0.998795456205,4.906767432741E-02,0.));
#483 = ORIENTED_EDGE('',*,*,#484,.T.);
#484 = EDGE_CURVE('',#477,#485,#487,.T.);
#485 = VERTEX_POINT('',#486);
#486 = CARTESIAN_POINT('',(112.22945834653,-12.2,12.19));
#487 = LINE('',#488,#489);
#488 = CARTESIAN_POINT('',(132.57054165346,-12.2,12.19));
#489 = VECTOR('',#490,1.);
#490 = DIRECTION('',(-1.,0.,0.));
#491 = ORIENTED_EDGE('',*,*,#492,.T.);
#492 = EDGE_CURVE('',#485,#493,#495,.T.);
#493 = VERTEX_POINT('',#494);
#494 = CARTESIAN_POINT('',(112.20137942877,-12.20137942877,12.19));
#495 = LINE('',#496,#497);
#496 = CARTESIAN_POINT('',(112.22945834653,-12.2,12.19));
#497 = VECTOR('',#498,1.);
#498 = DIRECTION('',(-0.998795456205,-4.906767432741E-02,0.));
#499 = ORIENTED_EDGE('',*,*,#500,.T.);
#500 = EDGE_CURVE('',#493,#90,#501,.T.);
#501 = LINE('',#502,#503);
#502 = CARTESIAN_POINT('',(112.20137942877,-12.20137942877,12.19));
#503 = VECTOR('',#504,1.);
#504 = DIRECTION('',(-4.906767432758E-02,-0.998795456205,0.));
#505 = FACE_BOUND('',#506,.F.);
#506 = EDGE_LOOP('',(#507,#517,#525,#533));
#507 = ORIENTED_EDGE('',*,*,#508,.T.);
#508 = EDGE_CURVE('',#509,#511,#513,.T.);
#509 = VERTEX_POINT('',#510);
#510 = CARTESIAN_POINT('',(130.95,-53.,12.19));
#511 = VERTEX_POINT('',#512);
#512 = CARTESIAN_POINT('',(115.05,-53.,12.19));
#513 = LINE('',#514,#515);
#514 = CARTESIAN_POINT('',(119.00608769591,-53.,12.19));
#515 = VECTOR('',#516,1.);
#516 = DIRECTION('',(-1.,0.,0.));
#517 = ORIENTED_EDGE('',*,*,#518,.T.);
#518 = EDGE_CURVE('',#511,#519,#521,.T.);
#519 = VERTEX_POINT('',#520);
#520 = CARTESIAN_POINT('',(115.05,-15.1,12.19));
#521 = LINE('',#522,#523);
#522 = CARTESIAN_POINT('',(115.05,-46.04641870115,12.19));
#523 = VECTOR('',#524,1.);
#524 = DIRECTION('',(0.,1.,0.));
#525 = ORIENTED_EDGE('',*,*,#526,.F.);
#526 = EDGE_CURVE('',#527,#519,#529,.T.);
#527 = VERTEX_POINT('',#528);
#528 = CARTESIAN_POINT('',(130.95,-15.1,12.19));
#529 = LINE('',#530,#531);
#530 = CARTESIAN_POINT('',(119.00608769591,-15.1,12.19));
#531 = VECTOR('',#532,1.);
#532 = DIRECTION('',(-1.,0.,0.));
#533 = ORIENTED_EDGE('',*,*,#534,.F.);
#534 = EDGE_CURVE('',#509,#527,#535,.T.);
#535 = LINE('',#536,#537);
#536 = CARTESIAN_POINT('',(130.95,-46.04641870115,12.19));
#537 = VECTOR('',#538,1.);
#538 = DIRECTION('',(0.,1.,0.));
#539 = PLANE('',#540);
#540 = AXIS2_PLACEMENT_3D('',#541,#542,#543);
#541 = CARTESIAN_POINT('',(122.96217539183,-39.0928374023,12.19));
#542 = DIRECTION('',(0.,0.,1.));
#543 = DIRECTION('',(1.,0.,0.));
#544 = ADVANCED_FACE('',(#545),#556,.T.);
#545 = FACE_BOUND('',#546,.T.);
#546 = EDGE_LOOP('',(#547,#548,#554,#555));
#547 = ORIENTED_EDGE('',*,*,#247,.F.);
#548 = ORIENTED_EDGE('',*,*,#549,.T.);
#549 = EDGE_CURVE('',#240,#493,#550,.T.);
#550 = LINE('',#551,#552);
#551 = CARTESIAN_POINT('',(112.20137942877,-12.20137942877,6.2));
#552 = VECTOR('',#553,1.);
#553 = DIRECTION('',(0.,0.,1.));
#554 = ORIENTED_EDGE('',*,*,#500,.T.);
#555 = ORIENTED_EDGE('',*,*,#89,.F.);
#556 = PLANE('',#557);
#557 = AXIS2_PLACEMENT_3D('',#558,#559,#560);
#558 = CARTESIAN_POINT('',(112.20137942877,-12.20137942877,6.2));
#559 = DIRECTION('',(0.998795456205,-4.906767432758E-02,0.));
#560 = DIRECTION('',(-4.906767432758E-02,-0.998795456205,0.));
#561 = ADVANCED_FACE('',(#562),#674,.T.);
#562 = FACE_BOUND('',#563,.T.);
#563 = EDGE_LOOP('',(#564,#565,#571,#572,#580,#588,#596,#604,#612,#620,
    #628,#636,#644,#652,#660,#668));
#564 = ORIENTED_EDGE('',*,*,#146,.F.);
#565 = ORIENTED_EDGE('',*,*,#566,.T.);
#566 = EDGE_CURVE('',#147,#317,#567,.T.);
#567 = LINE('',#568,#569);
#568 = CARTESIAN_POINT('',(112.22945834653,-65.8,6.2));
#569 = VECTOR('',#570,1.);
#570 = DIRECTION('',(0.,0.,1.));
#571 = ORIENTED_EDGE('',*,*,#324,.T.);
#572 = ORIENTED_EDGE('',*,*,#573,.F.);
#573 = EDGE_CURVE('',#574,#325,#576,.T.);
#574 = VERTEX_POINT('',#575);
#575 = CARTESIAN_POINT('',(133.77054165346,-65.8,6.3));
#576 = LINE('',#577,#578);
#577 = CARTESIAN_POINT('',(133.77054165346,-65.8,6.2));
#578 = VECTOR('',#579,1.);
#579 = DIRECTION('',(0.,0.,1.));
#580 = ORIENTED_EDGE('',*,*,#581,.F.);
#581 = EDGE_CURVE('',#582,#574,#584,.T.);
#582 = VERTEX_POINT('',#583);
#583 = CARTESIAN_POINT('',(132.63285513502,-65.8,6.3));
#584 = LINE('',#585,#586);
#585 = CARTESIAN_POINT('',(117.59307288834,-65.8,6.3));
#586 = VECTOR('',#587,1.);
#587 = DIRECTION('',(1.,0.,0.));
#588 = ORIENTED_EDGE('',*,*,#589,.F.);
#589 = EDGE_CURVE('',#590,#582,#592,.T.);
#590 = VERTEX_POINT('',#591);
#591 = CARTESIAN_POINT('',(132.63285513502,-65.8,6.75));
#592 = LINE('',#593,#594);
#593 = CARTESIAN_POINT('',(132.63285513502,-65.8,5.3));
#594 = VECTOR('',#595,1.);
#595 = DIRECTION('',(-0.,-0.,-1.));
#596 = ORIENTED_EDGE('',*,*,#597,.F.);
#597 = EDGE_CURVE('',#598,#590,#600,.T.);
#598 = VERTEX_POINT('',#599);
#599 = CARTESIAN_POINT('',(128.56714486497,-65.8,6.75));
#600 = LINE('',#601,#602);
#601 = CARTESIAN_POINT('',(121.41472917326,-65.8,6.75));
#602 = VECTOR('',#603,1.);
#603 = DIRECTION('',(1.,0.,0.));
#604 = ORIENTED_EDGE('',*,*,#605,.T.);
#605 = EDGE_CURVE('',#598,#606,#608,.T.);
#606 = VERTEX_POINT('',#607);
#607 = CARTESIAN_POINT('',(128.56714486497,-65.8,6.3));
#608 = LINE('',#609,#610);
#609 = CARTESIAN_POINT('',(128.56714486497,-65.8,5.3));
#610 = VECTOR('',#611,1.);
#611 = DIRECTION('',(-0.,-0.,-1.));
#612 = ORIENTED_EDGE('',*,*,#613,.F.);
#613 = EDGE_CURVE('',#614,#606,#616,.T.);
#614 = VERTEX_POINT('',#615);
#615 = CARTESIAN_POINT('',(124.28744747806,-65.8,6.3));
#616 = LINE('',#617,#618);
#617 = CARTESIAN_POINT('',(117.59307288834,-65.8,6.3));
#618 = VECTOR('',#619,1.);
#619 = DIRECTION('',(1.,0.,0.));
#620 = ORIENTED_EDGE('',*,*,#621,.F.);
#621 = EDGE_CURVE('',#622,#614,#624,.T.);
#622 = VERTEX_POINT('',#623);
#623 = CARTESIAN_POINT('',(124.28744747806,-65.8,11.6));
#624 = LINE('',#625,#626);
#625 = CARTESIAN_POINT('',(124.28744747806,-65.8,6.3));
#626 = VECTOR('',#627,1.);
#627 = DIRECTION('',(-0.,-0.,-1.));
#628 = ORIENTED_EDGE('',*,*,#629,.F.);
#629 = EDGE_CURVE('',#630,#622,#632,.T.);
#630 = VERTEX_POINT('',#631);
#631 = CARTESIAN_POINT('',(121.31255252193,-65.8,11.6));
#632 = LINE('',#633,#634);
#633 = CARTESIAN_POINT('',(117.51472917326,-65.8,11.6));
#634 = VECTOR('',#635,1.);
#635 = DIRECTION('',(1.,0.,0.));
#636 = ORIENTED_EDGE('',*,*,#637,.T.);
#637 = EDGE_CURVE('',#630,#638,#640,.T.);
#638 = VERTEX_POINT('',#639);
#639 = CARTESIAN_POINT('',(121.31255252193,-65.8,6.3));
#640 = LINE('',#641,#642);
#641 = CARTESIAN_POINT('',(121.31255252193,-65.8,6.3));
#642 = VECTOR('',#643,1.);
#643 = DIRECTION('',(-0.,-0.,-1.));
#644 = ORIENTED_EDGE('',*,*,#645,.F.);
#645 = EDGE_CURVE('',#646,#638,#648,.T.);
#646 = VERTEX_POINT('',#647);
#647 = CARTESIAN_POINT('',(116.6289668856,-65.8,6.3));
#648 = LINE('',#649,#650);
#649 = CARTESIAN_POINT('',(117.59307288834,-65.8,6.3));
#650 = VECTOR('',#651,1.);
#651 = DIRECTION('',(1.,0.,0.));
#652 = ORIENTED_EDGE('',*,*,#653,.F.);
#653 = EDGE_CURVE('',#654,#646,#656,.T.);
#654 = VERTEX_POINT('',#655);
#655 = CARTESIAN_POINT('',(116.6289668856,-65.8,6.75));
#656 = LINE('',#657,#658);
#657 = CARTESIAN_POINT('',(116.6289668856,-65.8,5.3));
#658 = VECTOR('',#659,1.);
#659 = DIRECTION('',(-0.,-0.,-1.));
#660 = ORIENTED_EDGE('',*,*,#661,.F.);
#661 = EDGE_CURVE('',#662,#654,#664,.T.);
#662 = VERTEX_POINT('',#663);
#663 = CARTESIAN_POINT('',(112.37103311439,-65.8,6.75));
#664 = LINE('',#665,#666);
#665 = CARTESIAN_POINT('',(113.36472917326,-65.8,6.75));
#666 = VECTOR('',#667,1.);
#667 = DIRECTION('',(1.,0.,0.));
#668 = ORIENTED_EDGE('',*,*,#669,.T.);
#669 = EDGE_CURVE('',#662,#149,#670,.T.);
#670 = LINE('',#671,#672);
#671 = CARTESIAN_POINT('',(112.37103311439,-65.8,5.3));
#672 = VECTOR('',#673,1.);
#673 = DIRECTION('',(-0.,-0.,-1.));
#674 = PLANE('',#675);
#675 = AXIS2_PLACEMENT_3D('',#676,#677,#678);
#676 = CARTESIAN_POINT('',(112.22945834653,-65.8,6.2));
#677 = DIRECTION('',(0.,1.,0.));
#678 = DIRECTION('',(1.,0.,0.));
#679 = ADVANCED_FACE('',(#680),#686,.T.);
#680 = FACE_BOUND('',#681,.T.);
#681 = EDGE_LOOP('',(#682,#683,#684,#685));
#682 = ORIENTED_EDGE('',*,*,#265,.F.);
#683 = ORIENTED_EDGE('',*,*,#300,.T.);
#684 = ORIENTED_EDGE('',*,*,#316,.T.);
#685 = ORIENTED_EDGE('',*,*,#566,.F.);
#686 = PLANE('',#687);
#687 = AXIS2_PLACEMENT_3D('',#688,#689,#690);
#688 = CARTESIAN_POINT('',(112.20137942877,-65.79862057122,6.2));
#689 = DIRECTION('',(4.906767432757E-02,0.998795456205,0.));
#690 = DIRECTION('',(0.998795456205,-4.906767432757E-02,0.));
#691 = ADVANCED_FACE('',(#692),#703,.T.);
#692 = FACE_BOUND('',#693,.T.);
#693 = EDGE_LOOP('',(#694,#695,#701,#702));
#694 = ORIENTED_EDGE('',*,*,#239,.F.);
#695 = ORIENTED_EDGE('',*,*,#696,.T.);
#696 = EDGE_CURVE('',#232,#485,#697,.T.);
#697 = LINE('',#698,#699);
#698 = CARTESIAN_POINT('',(112.22945834653,-12.2,6.2));
#699 = VECTOR('',#700,1.);
#700 = DIRECTION('',(0.,0.,1.));
#701 = ORIENTED_EDGE('',*,*,#492,.T.);
#702 = ORIENTED_EDGE('',*,*,#549,.F.);
#703 = PLANE('',#704);
#704 = AXIS2_PLACEMENT_3D('',#705,#706,#707);
#705 = CARTESIAN_POINT('',(112.22945834653,-12.2,6.2));
#706 = DIRECTION('',(4.906767432741E-02,-0.998795456205,0.));
#707 = DIRECTION('',(-0.998795456205,-4.906767432741E-02,0.));
#708 = ADVANCED_FACE('',(#709),#736,.T.);
#709 = FACE_BOUND('',#710,.T.);
#710 = EDGE_LOOP('',(#711,#721,#727,#728,#729,#730));
#711 = ORIENTED_EDGE('',*,*,#712,.F.);
#712 = EDGE_CURVE('',#713,#715,#717,.T.);
#713 = VERTEX_POINT('',#714);
#714 = CARTESIAN_POINT('',(132.57054165346,-12.2,12.1));
#715 = VERTEX_POINT('',#716);
#716 = CARTESIAN_POINT('',(113.,-12.2,12.1));
#717 = LINE('',#718,#719);
#718 = CARTESIAN_POINT('',(122.78527082673,-12.2,12.1));
#719 = VECTOR('',#720,1.);
#720 = DIRECTION('',(-1.,0.,0.));
#721 = ORIENTED_EDGE('',*,*,#722,.T.);
#722 = EDGE_CURVE('',#713,#477,#723,.T.);
#723 = LINE('',#724,#725);
#724 = CARTESIAN_POINT('',(132.57054165346,-12.2,6.2));
#725 = VECTOR('',#726,1.);
#726 = DIRECTION('',(0.,0.,1.));
#727 = ORIENTED_EDGE('',*,*,#484,.T.);
#728 = ORIENTED_EDGE('',*,*,#696,.F.);
#729 = ORIENTED_EDGE('',*,*,#231,.F.);
#730 = ORIENTED_EDGE('',*,*,#731,.T.);
#731 = EDGE_CURVE('',#224,#715,#732,.T.);
#732 = LINE('',#733,#734);
#733 = CARTESIAN_POINT('',(113.,-12.2,5.9));
#734 = VECTOR('',#735,1.);
#735 = DIRECTION('',(0.,0.,1.));
#736 = PLANE('',#737);
#737 = AXIS2_PLACEMENT_3D('',#738,#739,#740);
#738 = CARTESIAN_POINT('',(132.57054165346,-12.2,6.2));
#739 = DIRECTION('',(0.,-1.,0.));
#740 = DIRECTION('',(-1.,0.,0.));
#741 = ADVANCED_FACE('',(#742),#760,.T.);
#742 = FACE_BOUND('',#743,.T.);
#743 = EDGE_LOOP('',(#744,#752,#753,#754));
#744 = ORIENTED_EDGE('',*,*,#745,.F.);
#745 = EDGE_CURVE('',#715,#746,#748,.T.);
#746 = VERTEX_POINT('',#747);
#747 = CARTESIAN_POINT('',(113.,-11.4,12.1));
#748 = LINE('',#749,#750);
#749 = CARTESIAN_POINT('',(113.,-48.1,12.1));
#750 = VECTOR('',#751,1.);
#751 = DIRECTION('',(0.,1.,0.));
#752 = ORIENTED_EDGE('',*,*,#731,.F.);
#753 = ORIENTED_EDGE('',*,*,#223,.F.);
#754 = ORIENTED_EDGE('',*,*,#755,.T.);
#755 = EDGE_CURVE('',#216,#746,#756,.T.);
#756 = LINE('',#757,#758);
#757 = CARTESIAN_POINT('',(113.,-11.4,5.6));
#758 = VECTOR('',#759,1.);
#759 = DIRECTION('',(0.,0.,1.));
#760 = PLANE('',#761);
#761 = AXIS2_PLACEMENT_3D('',#762,#763,#764);
#762 = CARTESIAN_POINT('',(113.,-48.1,5.6));
#763 = DIRECTION('',(1.,0.,0.));
#764 = DIRECTION('',(0.,0.,1.));
#765 = ADVANCED_FACE('',(#766),#816,.F.);
#766 = FACE_BOUND('',#767,.F.);
#767 = EDGE_LOOP('',(#768,#778,#786,#794,#802,#808,#809,#810));
#768 = ORIENTED_EDGE('',*,*,#769,.F.);
#769 = EDGE_CURVE('',#770,#772,#774,.T.);
#770 = VERTEX_POINT('',#771);
#771 = CARTESIAN_POINT('',(132.6,-11.4,6.3));
#772 = VERTEX_POINT('',#773);
#773 = CARTESIAN_POINT('',(132.6,-11.4,12.1));
#774 = LINE('',#775,#776);
#775 = CARTESIAN_POINT('',(132.6,-11.4,5.6));
#776 = VECTOR('',#777,1.);
#777 = DIRECTION('',(0.,0.,1.));
#778 = ORIENTED_EDGE('',*,*,#779,.F.);
#779 = EDGE_CURVE('',#780,#770,#782,.T.);
#780 = VERTEX_POINT('',#781);
#781 = CARTESIAN_POINT('',(129.3,-11.4,6.3));
#782 = LINE('',#783,#784);
#783 = CARTESIAN_POINT('',(117.97834371508,-11.4,6.3));
#784 = VECTOR('',#785,1.);
#785 = DIRECTION('',(1.,0.,0.));
#786 = ORIENTED_EDGE('',*,*,#787,.T.);
#787 = EDGE_CURVE('',#780,#788,#790,.T.);
#788 = VERTEX_POINT('',#789);
#789 = CARTESIAN_POINT('',(129.3,-11.4,11.8));
#790 = LINE('',#791,#792);
#791 = CARTESIAN_POINT('',(129.3,-11.4,5.9));
#792 = VECTOR('',#793,1.);
#793 = DIRECTION('',(0.,0.,1.));
#794 = ORIENTED_EDGE('',*,*,#795,.T.);
#795 = EDGE_CURVE('',#788,#796,#798,.T.);
#796 = VERTEX_POINT('',#797);
#797 = CARTESIAN_POINT('',(116.3,-11.4,11.8));
#798 = LINE('',#799,#800);
#799 = CARTESIAN_POINT('',(114.65,-11.4,11.8));
#800 = VECTOR('',#801,1.);
#801 = DIRECTION('',(-1.,0.,0.));
#802 = ORIENTED_EDGE('',*,*,#803,.F.);
#803 = EDGE_CURVE('',#208,#796,#804,.T.);
#804 = LINE('',#805,#806);
#805 = CARTESIAN_POINT('',(116.3,-11.4,5.9));
#806 = VECTOR('',#807,1.);
#807 = DIRECTION('',(0.,0.,1.));
#808 = ORIENTED_EDGE('',*,*,#215,.F.);
#809 = ORIENTED_EDGE('',*,*,#755,.T.);
#810 = ORIENTED_EDGE('',*,*,#811,.T.);
#811 = EDGE_CURVE('',#746,#772,#812,.T.);
#812 = LINE('',#813,#814);
#813 = CARTESIAN_POINT('',(113.,-11.4,12.1));
#814 = VECTOR('',#815,1.);
#815 = DIRECTION('',(1.,0.,0.));
#816 = PLANE('',#817);
#817 = AXIS2_PLACEMENT_3D('',#818,#819,#820);
#818 = CARTESIAN_POINT('',(113.,-11.4,5.6));
#819 = DIRECTION('',(0.,1.,0.));
#820 = DIRECTION('',(0.,0.,1.));
#821 = ADVANCED_FACE('',(#822),#840,.T.);
#822 = FACE_BOUND('',#823,.T.);
#823 = EDGE_LOOP('',(#824,#832,#833,#834));
#824 = ORIENTED_EDGE('',*,*,#825,.F.);
#825 = EDGE_CURVE('',#796,#826,#828,.T.);
#826 = VERTEX_POINT('',#827);
#827 = CARTESIAN_POINT('',(116.3,-11.,11.8));
#828 = LINE('',#829,#830);
#829 = CARTESIAN_POINT('',(116.3,-20.,11.8));
#830 = VECTOR('',#831,1.);
#831 = DIRECTION('',(0.,1.,0.));
#832 = ORIENTED_EDGE('',*,*,#803,.F.);
#833 = ORIENTED_EDGE('',*,*,#207,.F.);
#834 = ORIENTED_EDGE('',*,*,#835,.F.);
#835 = EDGE_CURVE('',#826,#200,#836,.T.);
#836 = LINE('',#837,#838);
#837 = CARTESIAN_POINT('',(116.3,-11.,6.25));
#838 = VECTOR('',#839,1.);
#839 = DIRECTION('',(0.,0.,-1.));
#840 = PLANE('',#841);
#841 = AXIS2_PLACEMENT_3D('',#842,#843,#844);
#842 = CARTESIAN_POINT('',(116.3,-20.,6.2));
#843 = DIRECTION('',(1.,0.,0.));
#844 = DIRECTION('',(0.,0.,1.));
#845 = ADVANCED_FACE('',(#846),#896,.T.);
#846 = FACE_BOUND('',#847,.T.);
#847 = EDGE_LOOP('',(#848,#849,#857,#865,#873,#881,#889,#895));
#848 = ORIENTED_EDGE('',*,*,#199,.F.);
#849 = ORIENTED_EDGE('',*,*,#850,.T.);
#850 = EDGE_CURVE('',#191,#851,#853,.T.);
#851 = VERTEX_POINT('',#852);
#852 = CARTESIAN_POINT('',(112.2,-11.,13.59));
#853 = LINE('',#854,#855);
#854 = CARTESIAN_POINT('',(112.2,-11.,6.3));
#855 = VECTOR('',#856,1.);
#856 = DIRECTION('',(0.,0.,1.));
#857 = ORIENTED_EDGE('',*,*,#858,.T.);
#858 = EDGE_CURVE('',#851,#859,#861,.T.);
#859 = VERTEX_POINT('',#860);
#860 = CARTESIAN_POINT('',(132.6,-11.,13.59));
#861 = LINE('',#862,#863);
#862 = CARTESIAN_POINT('',(112.2,-11.,13.59));
#863 = VECTOR('',#864,1.);
#864 = DIRECTION('',(1.,0.,0.));
#865 = ORIENTED_EDGE('',*,*,#866,.F.);
#866 = EDGE_CURVE('',#867,#859,#869,.T.);
#867 = VERTEX_POINT('',#868);
#868 = CARTESIAN_POINT('',(132.6,-11.,6.3));
#869 = LINE('',#870,#871);
#870 = CARTESIAN_POINT('',(132.6,-11.,6.3));
#871 = VECTOR('',#872,1.);
#872 = DIRECTION('',(0.,0.,1.));
#873 = ORIENTED_EDGE('',*,*,#874,.F.);
#874 = EDGE_CURVE('',#875,#867,#877,.T.);
#875 = VERTEX_POINT('',#876);
#876 = CARTESIAN_POINT('',(129.3,-11.,6.3));
#877 = LINE('',#878,#879);
#878 = CARTESIAN_POINT('',(112.2,-11.,6.3));
#879 = VECTOR('',#880,1.);
#880 = DIRECTION('',(1.,0.,0.));
#881 = ORIENTED_EDGE('',*,*,#882,.F.);
#882 = EDGE_CURVE('',#883,#875,#885,.T.);
#883 = VERTEX_POINT('',#884);
#884 = CARTESIAN_POINT('',(129.3,-11.,11.8));
#885 = LINE('',#886,#887);
#886 = CARTESIAN_POINT('',(129.3,-11.,6.25));
#887 = VECTOR('',#888,1.);
#888 = DIRECTION('',(0.,0.,-1.));
#889 = ORIENTED_EDGE('',*,*,#890,.F.);
#890 = EDGE_CURVE('',#826,#883,#891,.T.);
#891 = LINE('',#892,#893);
#892 = CARTESIAN_POINT('',(114.25,-11.,11.8));
#893 = VECTOR('',#894,1.);
#894 = DIRECTION('',(1.,0.,0.));
#895 = ORIENTED_EDGE('',*,*,#835,.T.);
#896 = PLANE('',#897);
#897 = AXIS2_PLACEMENT_3D('',#898,#899,#900);
#898 = CARTESIAN_POINT('',(112.2,-11.,6.3));
#899 = DIRECTION('',(0.,1.,0.));
#900 = DIRECTION('',(1.,0.,0.));
#901 = ADVANCED_FACE('',(#902),#921,.T.);
#902 = FACE_BOUND('',#903,.T.);
#903 = EDGE_LOOP('',(#904,#912,#919,#920));
#904 = ORIENTED_EDGE('',*,*,#905,.T.);
#905 = EDGE_CURVE('',#183,#906,#908,.T.);
#906 = VERTEX_POINT('',#907);
#907 = CARTESIAN_POINT('',(111.,-12.2,13.59));
#908 = LINE('',#909,#910);
#909 = CARTESIAN_POINT('',(111.,-12.2,6.3));
#910 = VECTOR('',#911,1.);
#911 = DIRECTION('',(0.,0.,1.));
#912 = ORIENTED_EDGE('',*,*,#913,.T.);
#913 = EDGE_CURVE('',#906,#851,#914,.T.);
#914 = CIRCLE('',#915,1.2);
#915 = AXIS2_PLACEMENT_3D('',#916,#917,#918);
#916 = CARTESIAN_POINT('',(112.2,-12.2,13.59));
#917 = DIRECTION('',(0.,0.,-1.));
#918 = DIRECTION('',(-1.,5.92E-15,0.));
#919 = ORIENTED_EDGE('',*,*,#850,.F.);
#920 = ORIENTED_EDGE('',*,*,#190,.F.);
#921 = CYLINDRICAL_SURFACE('',#922,1.2);
#922 = AXIS2_PLACEMENT_3D('',#923,#924,#925);
#923 = CARTESIAN_POINT('',(112.2,-12.2,6.3));
#924 = DIRECTION('',(0.,0.,-1.));
#925 = DIRECTION('',(-1.,5.92E-15,0.));
#926 = ADVANCED_FACE('',(#927),#945,.T.);
#927 = FACE_BOUND('',#928,.T.);
#928 = EDGE_LOOP('',(#929,#937,#943,#944));
#929 = ORIENTED_EDGE('',*,*,#930,.T.);
#930 = EDGE_CURVE('',#174,#931,#933,.T.);
#931 = VERTEX_POINT('',#932);
#932 = CARTESIAN_POINT('',(111.,-65.8,13.59));
#933 = LINE('',#934,#935);
#934 = CARTESIAN_POINT('',(111.,-65.8,6.3));
#935 = VECTOR('',#936,1.);
#936 = DIRECTION('',(0.,0.,1.));
#937 = ORIENTED_EDGE('',*,*,#938,.T.);
#938 = EDGE_CURVE('',#931,#906,#939,.T.);
#939 = LINE('',#940,#941);
#940 = CARTESIAN_POINT('',(111.,-65.8,13.59));
#941 = VECTOR('',#942,1.);
#942 = DIRECTION('',(0.,1.,0.));
#943 = ORIENTED_EDGE('',*,*,#905,.F.);
#944 = ORIENTED_EDGE('',*,*,#182,.F.);
#945 = PLANE('',#946);
#946 = AXIS2_PLACEMENT_3D('',#947,#948,#949);
#947 = CARTESIAN_POINT('',(111.,-65.8,6.3));
#948 = DIRECTION('',(-1.,0.,0.));
#949 = DIRECTION('',(0.,1.,0.));
#950 = ADVANCED_FACE('',(#951),#970,.T.);
#951 = FACE_BOUND('',#952,.T.);
#952 = EDGE_LOOP('',(#953,#961,#968,#969));
#953 = ORIENTED_EDGE('',*,*,#954,.T.);
#954 = EDGE_CURVE('',#166,#955,#957,.T.);
#955 = VERTEX_POINT('',#956);
#956 = CARTESIAN_POINT('',(112.2,-67.,13.59));
#957 = LINE('',#958,#959);
#958 = CARTESIAN_POINT('',(112.2,-67.,6.3));
#959 = VECTOR('',#960,1.);
#960 = DIRECTION('',(0.,0.,1.));
#961 = ORIENTED_EDGE('',*,*,#962,.T.);
#962 = EDGE_CURVE('',#955,#931,#963,.T.);
#963 = CIRCLE('',#964,1.2);
#964 = AXIS2_PLACEMENT_3D('',#965,#966,#967);
#965 = CARTESIAN_POINT('',(112.2,-65.8,13.59));
#966 = DIRECTION('',(0.,0.,-1.));
#967 = DIRECTION('',(0.,-1.,0.));
#968 = ORIENTED_EDGE('',*,*,#930,.F.);
#969 = ORIENTED_EDGE('',*,*,#173,.F.);
#970 = CYLINDRICAL_SURFACE('',#971,1.2);
#971 = AXIS2_PLACEMENT_3D('',#972,#973,#974);
#972 = CARTESIAN_POINT('',(112.2,-65.8,6.3));
#973 = DIRECTION('',(0.,0.,-1.));
#974 = DIRECTION('',(0.,-1.,0.));
#975 = ADVANCED_FACE('',(#976),#1058,.T.);
#976 = FACE_BOUND('',#977,.T.);
#977 = EDGE_LOOP('',(#978,#988,#996,#1002,#1003,#1004,#1012,#1020,#1028,
    #1036,#1044,#1052));
#978 = ORIENTED_EDGE('',*,*,#979,.F.);
#979 = EDGE_CURVE('',#980,#982,#984,.T.);
#980 = VERTEX_POINT('',#981);
#981 = CARTESIAN_POINT('',(133.8,-67.,6.3));
#982 = VERTEX_POINT('',#983);
#983 = CARTESIAN_POINT('',(132.69105236663,-67.,6.3));
#984 = LINE('',#985,#986);
#985 = CARTESIAN_POINT('',(133.8,-67.,6.3));
#986 = VECTOR('',#987,1.);
#987 = DIRECTION('',(-1.,0.,0.));
#988 = ORIENTED_EDGE('',*,*,#989,.T.);
#989 = EDGE_CURVE('',#980,#990,#992,.T.);
#990 = VERTEX_POINT('',#991);
#991 = CARTESIAN_POINT('',(133.8,-67.,13.59));
#992 = LINE('',#993,#994);
#993 = CARTESIAN_POINT('',(133.8,-67.,6.3));
#994 = VECTOR('',#995,1.);
#995 = DIRECTION('',(0.,0.,1.));
#996 = ORIENTED_EDGE('',*,*,#997,.T.);
#997 = EDGE_CURVE('',#990,#955,#998,.T.);
#998 = LINE('',#999,#1000);
#999 = CARTESIAN_POINT('',(133.8,-67.,13.59));
#1000 = VECTOR('',#1001,1.);
#1001 = DIRECTION('',(-1.,0.,0.));
#1002 = ORIENTED_EDGE('',*,*,#954,.F.);
#1003 = ORIENTED_EDGE('',*,*,#165,.F.);
#1004 = ORIENTED_EDGE('',*,*,#1005,.F.);
#1005 = EDGE_CURVE('',#1006,#157,#1008,.T.);
#1006 = VERTEX_POINT('',#1007);
#1007 = CARTESIAN_POINT('',(112.95970781992,-67.,6.75));
#1008 = LINE('',#1009,#1010);
#1009 = CARTESIAN_POINT('',(112.95970781992,-67.,5.3));
#1010 = VECTOR('',#1011,1.);
#1011 = DIRECTION('',(-0.,-0.,-1.));
#1012 = ORIENTED_EDGE('',*,*,#1013,.F.);
#1013 = EDGE_CURVE('',#1014,#1006,#1016,.T.);
#1014 = VERTEX_POINT('',#1015);
#1015 = CARTESIAN_POINT('',(116.04029218007,-67.,6.75));
#1016 = LINE('',#1017,#1018);
#1017 = CARTESIAN_POINT('',(124.15,-67.,6.75));
#1018 = VECTOR('',#1019,1.);
#1019 = DIRECTION('',(-1.,0.,0.));
#1020 = ORIENTED_EDGE('',*,*,#1021,.T.);
#1021 = EDGE_CURVE('',#1014,#1022,#1024,.T.);
#1022 = VERTEX_POINT('',#1023);
#1023 = CARTESIAN_POINT('',(116.04029218007,-67.,6.3));
#1024 = LINE('',#1025,#1026);
#1025 = CARTESIAN_POINT('',(116.04029218007,-67.,5.3));
#1026 = VECTOR('',#1027,1.);
#1027 = DIRECTION('',(-0.,-0.,-1.));
#1028 = ORIENTED_EDGE('',*,*,#1029,.F.);
#1029 = EDGE_CURVE('',#1030,#1022,#1032,.T.);
#1030 = VERTEX_POINT('',#1031);
#1031 = CARTESIAN_POINT('',(128.50894763336,-67.,6.3));
#1032 = LINE('',#1033,#1034);
#1033 = CARTESIAN_POINT('',(133.8,-67.,6.3));
#1034 = VECTOR('',#1035,1.);
#1035 = DIRECTION('',(-1.,0.,0.));
#1036 = ORIENTED_EDGE('',*,*,#1037,.F.);
#1037 = EDGE_CURVE('',#1038,#1030,#1040,.T.);
#1038 = VERTEX_POINT('',#1039);
#1039 = CARTESIAN_POINT('',(128.50894763336,-67.,6.75));
#1040 = LINE('',#1041,#1042);
#1041 = CARTESIAN_POINT('',(128.50894763336,-67.,5.3));
#1042 = VECTOR('',#1043,1.);
#1043 = DIRECTION('',(-0.,-0.,-1.));
#1044 = ORIENTED_EDGE('',*,*,#1045,.F.);
#1045 = EDGE_CURVE('',#1046,#1038,#1048,.T.);
#1046 = VERTEX_POINT('',#1047);
#1047 = CARTESIAN_POINT('',(132.69105236663,-67.,6.75));
#1048 = LINE('',#1049,#1050);
#1049 = CARTESIAN_POINT('',(132.2,-67.,6.75));
#1050 = VECTOR('',#1051,1.);
#1051 = DIRECTION('',(-1.,0.,0.));
#1052 = ORIENTED_EDGE('',*,*,#1053,.T.);
#1053 = EDGE_CURVE('',#1046,#982,#1054,.T.);
#1054 = LINE('',#1055,#1056);
#1055 = CARTESIAN_POINT('',(132.69105236663,-67.,5.3));
#1056 = VECTOR('',#1057,1.);
#1057 = DIRECTION('',(-0.,-0.,-1.));
#1058 = PLANE('',#1059);
#1059 = AXIS2_PLACEMENT_3D('',#1060,#1061,#1062);
#1060 = CARTESIAN_POINT('',(133.8,-67.,6.3));
#1061 = DIRECTION('',(0.,-1.,0.));
#1062 = DIRECTION('',(-1.,0.,0.));
#1063 = ADVANCED_FACE('',(#1064),#1076,.F.);
#1064 = FACE_BOUND('',#1065,.T.);
#1065 = EDGE_LOOP('',(#1066,#1067,#1074,#1075));
#1066 = ORIENTED_EDGE('',*,*,#669,.F.);
#1067 = ORIENTED_EDGE('',*,*,#1068,.T.);
#1068 = EDGE_CURVE('',#662,#1006,#1069,.T.);
#1069 = CIRCLE('',#1070,2.15);
#1070 = AXIS2_PLACEMENT_3D('',#1071,#1072,#1073);
#1071 = CARTESIAN_POINT('',(114.5,-65.5,6.75));
#1072 = DIRECTION('',(0.,0.,1.));
#1073 = DIRECTION('',(1.,0.,0.));
#1074 = ORIENTED_EDGE('',*,*,#1005,.T.);
#1075 = ORIENTED_EDGE('',*,*,#156,.T.);
#1076 = CYLINDRICAL_SURFACE('',#1077,2.15);
#1077 = AXIS2_PLACEMENT_3D('',#1078,#1079,#1080);
#1078 = CARTESIAN_POINT('',(114.5,-65.5,5.3));
#1079 = DIRECTION('',(-0.,-0.,-1.));
#1080 = DIRECTION('',(1.,0.,0.));
#1081 = ADVANCED_FACE('',(#1082),#1101,.F.);
#1082 = FACE_BOUND('',#1083,.T.);
#1083 = EDGE_LOOP('',(#1084,#1085,#1093,#1100));
#1084 = ORIENTED_EDGE('',*,*,#273,.T.);
#1085 = ORIENTED_EDGE('',*,*,#1086,.T.);
#1086 = EDGE_CURVE('',#274,#1087,#1089,.T.);
#1087 = VERTEX_POINT('',#1088);
#1088 = CARTESIAN_POINT('',(114.6,-52.8,6.8));
#1089 = LINE('',#1090,#1091);
#1090 = CARTESIAN_POINT('',(114.6,-52.8,6.2));
#1091 = VECTOR('',#1092,1.);
#1092 = DIRECTION('',(0.,0.,1.));
#1093 = ORIENTED_EDGE('',*,*,#1094,.T.);
#1094 = EDGE_CURVE('',#1087,#1087,#1095,.T.);
#1095 = CIRCLE('',#1096,1.6);
#1096 = AXIS2_PLACEMENT_3D('',#1097,#1098,#1099);
#1097 = CARTESIAN_POINT('',(113.,-52.8,6.8));
#1098 = DIRECTION('',(0.,0.,1.));
#1099 = DIRECTION('',(1.,0.,0.));
#1100 = ORIENTED_EDGE('',*,*,#1086,.F.);
#1101 = CYLINDRICAL_SURFACE('',#1102,1.6);
#1102 = AXIS2_PLACEMENT_3D('',#1103,#1104,#1105);
#1103 = CARTESIAN_POINT('',(113.,-52.8,6.2));
#1104 = DIRECTION('',(-0.,-0.,-1.));
#1105 = DIRECTION('',(1.,0.,0.));
#1106 = ADVANCED_FACE('',(#1107),#1141,.T.);
#1107 = FACE_BOUND('',#1108,.T.);
#1108 = EDGE_LOOP('',(#1109,#1119,#1125,#1126,#1127,#1135));
#1109 = ORIENTED_EDGE('',*,*,#1110,.F.);
#1110 = EDGE_CURVE('',#1111,#1113,#1115,.T.);
#1111 = VERTEX_POINT('',#1112);
#1112 = CARTESIAN_POINT('',(132.7174787184,-12.20721855511,6.3));
#1113 = VERTEX_POINT('',#1114);
#1114 = CARTESIAN_POINT('',(132.6,-12.20144719576,6.3));
#1115 = LINE('',#1116,#1117);
#1116 = CARTESIAN_POINT('',(128.50776967103,-12.00040881117,6.3));
#1117 = VECTOR('',#1118,1.);
#1118 = DIRECTION('',(-0.998795456205,4.906767432741E-02,0.));
#1119 = ORIENTED_EDGE('',*,*,#1120,.T.);
#1120 = EDGE_CURVE('',#1111,#469,#1121,.T.);
#1121 = LINE('',#1122,#1123);
#1122 = CARTESIAN_POINT('',(132.7174787184,-12.20721855511,6.2));
#1123 = VECTOR('',#1124,1.);
#1124 = DIRECTION('',(0.,0.,1.));
#1125 = ORIENTED_EDGE('',*,*,#476,.T.);
#1126 = ORIENTED_EDGE('',*,*,#722,.F.);
#1127 = ORIENTED_EDGE('',*,*,#1128,.F.);
#1128 = EDGE_CURVE('',#1129,#713,#1131,.T.);
#1129 = VERTEX_POINT('',#1130);
#1130 = CARTESIAN_POINT('',(132.6,-12.20144719576,12.1));
#1131 = LINE('',#1132,#1133);
#1132 = CARTESIAN_POINT('',(123.76200257046,-11.76726422378,12.1));
#1133 = VECTOR('',#1134,1.);
#1134 = DIRECTION('',(-0.998795456205,4.906767432741E-02,0.));
#1135 = ORIENTED_EDGE('',*,*,#1136,.F.);
#1136 = EDGE_CURVE('',#1113,#1129,#1137,.T.);
#1137 = LINE('',#1138,#1139);
#1138 = CARTESIAN_POINT('',(132.6,-12.20144719576,5.9));
#1139 = VECTOR('',#1140,1.);
#1140 = DIRECTION('',(0.,0.,1.));
#1141 = PLANE('',#1142);
#1142 = AXIS2_PLACEMENT_3D('',#1143,#1144,#1145);
#1143 = CARTESIAN_POINT('',(132.7174787184,-12.20721855511,6.2));
#1144 = DIRECTION('',(-4.906767432741E-02,-0.998795456205,0.));
#1145 = DIRECTION('',(-0.998795456205,4.906767432741E-02,0.));
#1146 = ADVANCED_FACE('',(#1147),#1165,.T.);
#1147 = FACE_BOUND('',#1148,.T.);
#1148 = EDGE_LOOP('',(#1149,#1157,#1158,#1159));
#1149 = ORIENTED_EDGE('',*,*,#1150,.F.);
#1150 = EDGE_CURVE('',#574,#1151,#1153,.T.);
#1151 = VERTEX_POINT('',#1152);
#1152 = CARTESIAN_POINT('',(133.79862057122,-65.79862057122,6.3));
#1153 = LINE('',#1154,#1155);
#1154 = CARTESIAN_POINT('',(129.03094887539,-66.03284126237,6.3));
#1155 = VECTOR('',#1156,1.);
#1156 = DIRECTION('',(0.998795456205,4.906767432757E-02,0.));
#1157 = ORIENTED_EDGE('',*,*,#573,.T.);
#1158 = ORIENTED_EDGE('',*,*,#332,.T.);
#1159 = ORIENTED_EDGE('',*,*,#1160,.F.);
#1160 = EDGE_CURVE('',#1151,#333,#1161,.T.);
#1161 = LINE('',#1162,#1163);
#1162 = CARTESIAN_POINT('',(133.79862057122,-65.79862057122,6.2));
#1163 = VECTOR('',#1164,1.);
#1164 = DIRECTION('',(0.,0.,1.));
#1165 = PLANE('',#1166);
#1166 = AXIS2_PLACEMENT_3D('',#1167,#1168,#1169);
#1167 = CARTESIAN_POINT('',(133.77054165346,-65.8,6.2));
#1168 = DIRECTION('',(-4.906767432757E-02,0.998795456205,0.));
#1169 = DIRECTION('',(0.998795456205,4.906767432757E-02,0.));
#1170 = ADVANCED_FACE('',(#1171),#1189,.T.);
#1171 = FACE_BOUND('',#1172,.T.);
#1172 = EDGE_LOOP('',(#1173,#1181,#1187,#1188));
#1173 = ORIENTED_EDGE('',*,*,#1174,.F.);
#1174 = EDGE_CURVE('',#1175,#1111,#1177,.T.);
#1175 = VERTEX_POINT('',#1176);
#1176 = CARTESIAN_POINT('',(132.83382605253,-12.22447705182,6.3));
#1177 = LINE('',#1178,#1179);
#1178 = CARTESIAN_POINT('',(129.95181741665,-11.79697145472,6.3));
#1179 = VECTOR('',#1180,1.);
#1180 = DIRECTION('',(-0.989176509965,0.146730474455,0.));
#1181 = ORIENTED_EDGE('',*,*,#1182,.T.);
#1182 = EDGE_CURVE('',#1175,#461,#1183,.T.);
#1183 = LINE('',#1184,#1185);
#1184 = CARTESIAN_POINT('',(132.83382605253,-12.22447705182,6.2));
#1185 = VECTOR('',#1186,1.);
#1186 = DIRECTION('',(0.,0.,1.));
#1187 = ORIENTED_EDGE('',*,*,#468,.T.);
#1188 = ORIENTED_EDGE('',*,*,#1120,.F.);
#1189 = PLANE('',#1190);
#1190 = AXIS2_PLACEMENT_3D('',#1191,#1192,#1193);
#1191 = CARTESIAN_POINT('',(132.83382605253,-12.22447705182,6.2));
#1192 = DIRECTION('',(-0.146730474455,-0.989176509965,0.));
#1193 = DIRECTION('',(-0.989176509965,0.146730474455,0.));
#1194 = ADVANCED_FACE('',(#1195),#1213,.T.);
#1195 = FACE_BOUND('',#1196,.T.);
#1196 = EDGE_LOOP('',(#1197,#1205,#1206,#1207));
#1197 = ORIENTED_EDGE('',*,*,#1198,.F.);
#1198 = EDGE_CURVE('',#1151,#1199,#1201,.T.);
#1199 = VERTEX_POINT('',#1200);
#1200 = CARTESIAN_POINT('',(133.8,-65.77054165346,6.3));
#1201 = LINE('',#1202,#1203);
#1202 = CARTESIAN_POINT('',(134.43985146906,-52.74606579013,6.3));
#1203 = VECTOR('',#1204,1.);
#1204 = DIRECTION('',(4.906767432734E-02,0.998795456205,0.));
#1205 = ORIENTED_EDGE('',*,*,#1160,.T.);
#1206 = ORIENTED_EDGE('',*,*,#340,.T.);
#1207 = ORIENTED_EDGE('',*,*,#1208,.F.);
#1208 = EDGE_CURVE('',#1199,#341,#1209,.T.);
#1209 = LINE('',#1210,#1211);
#1210 = CARTESIAN_POINT('',(133.8,-65.77054165346,6.2));
#1211 = VECTOR('',#1212,1.);
#1212 = DIRECTION('',(0.,0.,1.));
#1213 = PLANE('',#1214);
#1214 = AXIS2_PLACEMENT_3D('',#1215,#1216,#1217);
#1215 = CARTESIAN_POINT('',(133.79862057122,-65.79862057122,6.2));
#1216 = DIRECTION('',(-0.998795456205,4.906767432734E-02,0.));
#1217 = DIRECTION('',(4.906767432734E-02,0.998795456205,0.));
#1218 = ADVANCED_FACE('',(#1219),#1237,.T.);
#1219 = FACE_BOUND('',#1220,.T.);
#1220 = EDGE_LOOP('',(#1221,#1229,#1235,#1236));
#1221 = ORIENTED_EDGE('',*,*,#1222,.F.);
#1222 = EDGE_CURVE('',#1223,#1175,#1225,.T.);
#1223 = VERTEX_POINT('',#1224);
#1224 = CARTESIAN_POINT('',(132.94792151395,-12.25305647712,6.3));
#1225 = LINE('',#1226,#1227);
#1226 = CARTESIAN_POINT('',(131.41088282309,-11.86804832775,6.3));
#1227 = VECTOR('',#1228,1.);
#1228 = DIRECTION('',(-0.970031253195,0.242980179903,0.));
#1229 = ORIENTED_EDGE('',*,*,#1230,.T.);
#1230 = EDGE_CURVE('',#1223,#453,#1231,.T.);
#1231 = LINE('',#1232,#1233);
#1232 = CARTESIAN_POINT('',(132.94792151395,-12.25305647712,6.2));
#1233 = VECTOR('',#1234,1.);
#1234 = DIRECTION('',(0.,0.,1.));
#1235 = ORIENTED_EDGE('',*,*,#460,.T.);
#1236 = ORIENTED_EDGE('',*,*,#1182,.F.);
#1237 = PLANE('',#1238);
#1238 = AXIS2_PLACEMENT_3D('',#1239,#1240,#1241);
#1239 = CARTESIAN_POINT('',(132.94792151395,-12.25305647712,6.2));
#1240 = DIRECTION('',(-0.242980179903,-0.970031253195,0.));
#1241 = DIRECTION('',(-0.970031253195,0.242980179903,0.));
#1242 = ADVANCED_FACE('',(#1243),#1325,.T.);
#1243 = FACE_BOUND('',#1244,.T.);
#1244 = EDGE_LOOP('',(#1245,#1253,#1254,#1255,#1263,#1271,#1279,#1287,
    #1295,#1303,#1311,#1319));
#1245 = ORIENTED_EDGE('',*,*,#1246,.F.);
#1246 = EDGE_CURVE('',#1199,#1247,#1249,.T.);
#1247 = VERTEX_POINT('',#1248);
#1248 = CARTESIAN_POINT('',(133.8,-63.9,6.3));
#1249 = LINE('',#1250,#1251);
#1250 = CARTESIAN_POINT('',(133.8,-52.43420966695,6.3));
#1251 = VECTOR('',#1252,1.);
#1252 = DIRECTION('',(0.,1.,0.));
#1253 = ORIENTED_EDGE('',*,*,#1208,.T.);
#1254 = ORIENTED_EDGE('',*,*,#348,.T.);
#1255 = ORIENTED_EDGE('',*,*,#1256,.F.);
#1256 = EDGE_CURVE('',#1257,#349,#1259,.T.);
#1257 = VERTEX_POINT('',#1258);
#1258 = CARTESIAN_POINT('',(133.8,-13.42945834653,6.3));
#1259 = LINE('',#1260,#1261);
#1260 = CARTESIAN_POINT('',(133.8,-13.42945834653,6.2));
#1261 = VECTOR('',#1262,1.);
#1262 = DIRECTION('',(0.,0.,1.));
#1263 = ORIENTED_EDGE('',*,*,#1264,.F.);
#1264 = EDGE_CURVE('',#1265,#1257,#1267,.T.);
#1265 = VERTEX_POINT('',#1266);
#1266 = CARTESIAN_POINT('',(133.8,-51.13191726823,6.3));
#1267 = LINE('',#1268,#1269);
#1268 = CARTESIAN_POINT('',(133.8,-52.43420966695,6.3));
#1269 = VECTOR('',#1270,1.);
#1270 = DIRECTION('',(0.,1.,0.));
#1271 = ORIENTED_EDGE('',*,*,#1272,.F.);
#1272 = EDGE_CURVE('',#1273,#1265,#1275,.T.);
#1273 = VERTEX_POINT('',#1274);
#1274 = CARTESIAN_POINT('',(133.8,-51.13191726823,11.6));
#1275 = LINE('',#1276,#1277);
#1276 = CARTESIAN_POINT('',(133.8,-51.13191726823,6.3));
#1277 = VECTOR('',#1278,1.);
#1278 = DIRECTION('',(-0.,-0.,-1.));
#1279 = ORIENTED_EDGE('',*,*,#1280,.F.);
#1280 = EDGE_CURVE('',#1281,#1273,#1283,.T.);
#1281 = VERTEX_POINT('',#1282);
#1282 = CARTESIAN_POINT('',(133.8,-54.46808273176,11.6));
#1283 = LINE('',#1284,#1285);
#1284 = CARTESIAN_POINT('',(133.8,-59.28527082673,11.6));
#1285 = VECTOR('',#1286,1.);
#1286 = DIRECTION('',(0.,1.,0.));
#1287 = ORIENTED_EDGE('',*,*,#1288,.T.);
#1288 = EDGE_CURVE('',#1281,#1289,#1291,.T.);
#1289 = VERTEX_POINT('',#1290);
#1290 = CARTESIAN_POINT('',(133.8,-54.46808273176,6.3));
#1291 = LINE('',#1292,#1293);
#1292 = CARTESIAN_POINT('',(133.8,-54.46808273176,6.3));
#1293 = VECTOR('',#1294,1.);
#1294 = DIRECTION('',(-0.,-0.,-1.));
#1295 = ORIENTED_EDGE('',*,*,#1296,.F.);
#1296 = EDGE_CURVE('',#1297,#1289,#1299,.T.);
#1297 = VERTEX_POINT('',#1298);
#1298 = CARTESIAN_POINT('',(133.8,-55.4,6.3));
#1299 = LINE('',#1300,#1301);
#1300 = CARTESIAN_POINT('',(133.8,-52.43420966695,6.3));
#1301 = VECTOR('',#1302,1.);
#1302 = DIRECTION('',(0.,1.,0.));
#1303 = ORIENTED_EDGE('',*,*,#1304,.F.);
#1304 = EDGE_CURVE('',#1305,#1297,#1307,.T.);
#1305 = VERTEX_POINT('',#1306);
#1306 = CARTESIAN_POINT('',(133.8,-55.4,9.2));
#1307 = LINE('',#1308,#1309);
#1308 = CARTESIAN_POINT('',(133.8,-55.4,5.65));
#1309 = VECTOR('',#1310,1.);
#1310 = DIRECTION('',(0.,0.,-1.));
#1311 = ORIENTED_EDGE('',*,*,#1312,.F.);
#1312 = EDGE_CURVE('',#1313,#1305,#1315,.T.);
#1313 = VERTEX_POINT('',#1314);
#1314 = CARTESIAN_POINT('',(133.8,-63.9,9.2));
#1315 = LINE('',#1316,#1317);
#1316 = CARTESIAN_POINT('',(133.8,-64.83527082673,9.2));
#1317 = VECTOR('',#1318,1.);
#1318 = DIRECTION('',(0.,1.,0.));
#1319 = ORIENTED_EDGE('',*,*,#1320,.T.);
#1320 = EDGE_CURVE('',#1313,#1247,#1321,.T.);
#1321 = LINE('',#1322,#1323);
#1322 = CARTESIAN_POINT('',(133.8,-63.9,5.65));
#1323 = VECTOR('',#1324,1.);
#1324 = DIRECTION('',(0.,0.,-1.));
#1325 = PLANE('',#1326);
#1326 = AXIS2_PLACEMENT_3D('',#1327,#1328,#1329);
#1327 = CARTESIAN_POINT('',(133.8,-65.77054165346,6.2));
#1328 = DIRECTION('',(-1.,0.,0.));
#1329 = DIRECTION('',(0.,1.,0.));
#1330 = ADVANCED_FACE('',(#1331),#1349,.T.);
#1331 = FACE_BOUND('',#1332,.T.);
#1332 = EDGE_LOOP('',(#1333,#1341,#1347,#1348));
#1333 = ORIENTED_EDGE('',*,*,#1334,.F.);
#1334 = EDGE_CURVE('',#1335,#1223,#1337,.T.);
#1335 = VERTEX_POINT('',#1336);
#1336 = CARTESIAN_POINT('',(133.05866630099,-12.29268159553,6.3));
#1337 = LINE('',#1338,#1339);
#1338 = CARTESIAN_POINT('',(132.83219686082,-12.21164953413,6.3));
#1339 = VECTOR('',#1340,1.);
#1340 = DIRECTION('',(-0.941544065183,0.336889853392,0.));
#1341 = ORIENTED_EDGE('',*,*,#1342,.T.);
#1342 = EDGE_CURVE('',#1335,#445,#1343,.T.);
#1343 = LINE('',#1344,#1345);
#1344 = CARTESIAN_POINT('',(133.05866630099,-12.29268159553,6.2));
#1345 = VECTOR('',#1346,1.);
#1346 = DIRECTION('',(0.,0.,1.));
#1347 = ORIENTED_EDGE('',*,*,#452,.T.);
#1348 = ORIENTED_EDGE('',*,*,#1230,.F.);
#1349 = PLANE('',#1350);
#1350 = AXIS2_PLACEMENT_3D('',#1351,#1352,#1353);
#1351 = CARTESIAN_POINT('',(133.05866630099,-12.29268159553,6.2));
#1352 = DIRECTION('',(-0.336889853392,-0.941544065183,0.));
#1353 = DIRECTION('',(-0.941544065183,0.336889853392,0.));
#1354 = ADVANCED_FACE('',(#1355),#1373,.T.);
#1355 = FACE_BOUND('',#1356,.T.);
#1356 = EDGE_LOOP('',(#1357,#1365,#1366,#1367));
#1357 = ORIENTED_EDGE('',*,*,#1358,.F.);
#1358 = EDGE_CURVE('',#1257,#1359,#1361,.T.);
#1359 = VERTEX_POINT('',#1360);
#1360 = CARTESIAN_POINT('',(133.79278144488,-13.28252128159,6.3));
#1361 = LINE('',#1362,#1363);
#1362 = CARTESIAN_POINT('',(134.41593288652,-25.96706027729,6.3));
#1363 = VECTOR('',#1364,1.);
#1364 = DIRECTION('',(-4.906767432747E-02,0.998795456205,0.));
#1365 = ORIENTED_EDGE('',*,*,#1256,.T.);
#1366 = ORIENTED_EDGE('',*,*,#356,.T.);
#1367 = ORIENTED_EDGE('',*,*,#1368,.F.);
#1368 = EDGE_CURVE('',#1359,#357,#1369,.T.);
#1369 = LINE('',#1370,#1371);
#1370 = CARTESIAN_POINT('',(133.79278144488,-13.28252128159,6.2));
#1371 = VECTOR('',#1372,1.);
#1372 = DIRECTION('',(0.,0.,1.));
#1373 = PLANE('',#1374);
#1374 = AXIS2_PLACEMENT_3D('',#1375,#1376,#1377);
#1375 = CARTESIAN_POINT('',(133.8,-13.42945834653,6.2));
#1376 = DIRECTION('',(-0.998795456205,-4.906767432747E-02,0.));
#1377 = DIRECTION('',(-4.906767432747E-02,0.998795456205,0.));
#1378 = ADVANCED_FACE('',(#1379),#1397,.T.);
#1379 = FACE_BOUND('',#1380,.T.);
#1380 = EDGE_LOOP('',(#1381,#1389,#1395,#1396));
#1381 = ORIENTED_EDGE('',*,*,#1382,.F.);
#1382 = EDGE_CURVE('',#1383,#1335,#1385,.T.);
#1383 = VERTEX_POINT('',#1384);
#1384 = CARTESIAN_POINT('',(133.16499388083,-12.3429707955,6.3));
#1385 = LINE('',#1386,#1387);
#1386 = CARTESIAN_POINT('',(134.16435267962,-12.8156323058,6.3));
#1387 = VECTOR('',#1388,1.);
#1388 = DIRECTION('',(-0.903989293123,0.42755509343,0.));
#1389 = ORIENTED_EDGE('',*,*,#1390,.T.);
#1390 = EDGE_CURVE('',#1383,#437,#1391,.T.);
#1391 = LINE('',#1392,#1393);
#1392 = CARTESIAN_POINT('',(133.16499388083,-12.3429707955,6.2));
#1393 = VECTOR('',#1394,1.);
#1394 = DIRECTION('',(0.,0.,1.));
#1395 = ORIENTED_EDGE('',*,*,#444,.T.);
#1396 = ORIENTED_EDGE('',*,*,#1342,.F.);
#1397 = PLANE('',#1398);
#1398 = AXIS2_PLACEMENT_3D('',#1399,#1400,#1401);
#1399 = CARTESIAN_POINT('',(133.16499388083,-12.3429707955,6.2));
#1400 = DIRECTION('',(-0.42755509343,-0.903989293123,0.));
#1401 = DIRECTION('',(-0.903989293123,0.42755509343,0.));
#1402 = ADVANCED_FACE('',(#1403),#1421,.T.);
#1403 = FACE_BOUND('',#1404,.T.);
#1404 = EDGE_LOOP('',(#1405,#1413,#1414,#1415));
#1405 = ORIENTED_EDGE('',*,*,#1406,.F.);
#1406 = EDGE_CURVE('',#1359,#1407,#1409,.T.);
#1407 = VERTEX_POINT('',#1408);
#1408 = CARTESIAN_POINT('',(133.77552294818,-13.16617394746,6.3));
#1409 = LINE('',#1410,#1411);
#1410 = CARTESIAN_POINT('',(135.54958240243,-25.12591132271,6.3));
#1411 = VECTOR('',#1412,1.);
#1412 = DIRECTION('',(-0.146730474455,0.989176509965,0.));
#1413 = ORIENTED_EDGE('',*,*,#1368,.T.);
#1414 = ORIENTED_EDGE('',*,*,#364,.T.);
#1415 = ORIENTED_EDGE('',*,*,#1416,.F.);
#1416 = EDGE_CURVE('',#1407,#365,#1417,.T.);
#1417 = LINE('',#1418,#1419);
#1418 = CARTESIAN_POINT('',(133.77552294818,-13.16617394746,6.2));
#1419 = VECTOR('',#1420,1.);
#1420 = DIRECTION('',(0.,0.,1.));
#1421 = PLANE('',#1422);
#1422 = AXIS2_PLACEMENT_3D('',#1423,#1424,#1425);
#1423 = CARTESIAN_POINT('',(133.79278144488,-13.28252128159,6.2));
#1424 = DIRECTION('',(-0.989176509965,-0.146730474455,0.));
#1425 = DIRECTION('',(-0.146730474455,0.989176509965,0.));
#1426 = ADVANCED_FACE('',(#1427),#1445,.T.);
#1427 = FACE_BOUND('',#1428,.T.);
#1428 = EDGE_LOOP('',(#1429,#1437,#1443,#1444));
#1429 = ORIENTED_EDGE('',*,*,#1430,.F.);
#1430 = EDGE_CURVE('',#1431,#1383,#1433,.T.);
#1431 = VERTEX_POINT('',#1432);
#1432 = CARTESIAN_POINT('',(133.26588026073,-12.40343976453,6.3));
#1433 = LINE('',#1434,#1435);
#1434 = CARTESIAN_POINT('',(135.35925019764,-13.65815741838,6.3));
#1435 = VECTOR('',#1436,1.);
#1436 = DIRECTION('',(-0.85772861,0.514102744193,0.));
#1437 = ORIENTED_EDGE('',*,*,#1438,.T.);
#1438 = EDGE_CURVE('',#1431,#429,#1439,.T.);
#1439 = LINE('',#1440,#1441);
#1440 = CARTESIAN_POINT('',(133.26588026073,-12.40343976453,6.2));
#1441 = VECTOR('',#1442,1.);
#1442 = DIRECTION('',(0.,0.,1.));
#1443 = ORIENTED_EDGE('',*,*,#436,.T.);
#1444 = ORIENTED_EDGE('',*,*,#1390,.F.);
#1445 = PLANE('',#1446);
#1446 = AXIS2_PLACEMENT_3D('',#1447,#1448,#1449);
#1447 = CARTESIAN_POINT('',(133.26588026073,-12.40343976453,6.2));
#1448 = DIRECTION('',(-0.514102744193,-0.85772861,0.));
#1449 = DIRECTION('',(-0.85772861,0.514102744193,0.));
#1450 = ADVANCED_FACE('',(#1451),#1469,.T.);
#1451 = FACE_BOUND('',#1452,.T.);
#1452 = EDGE_LOOP('',(#1453,#1461,#1462,#1463));
#1453 = ORIENTED_EDGE('',*,*,#1454,.F.);
#1454 = EDGE_CURVE('',#1407,#1455,#1457,.T.);
#1455 = VERTEX_POINT('',#1456);
#1456 = CARTESIAN_POINT('',(133.74694352287,-13.05207848605,6.3));
#1457 = LINE('',#1458,#1459);
#1458 = CARTESIAN_POINT('',(136.51218447339,-24.09153917657,6.3));
#1459 = VECTOR('',#1460,1.);
#1460 = DIRECTION('',(-0.242980179903,0.970031253195,0.));
#1461 = ORIENTED_EDGE('',*,*,#1416,.T.);
#1462 = ORIENTED_EDGE('',*,*,#372,.T.);
#1463 = ORIENTED_EDGE('',*,*,#1464,.F.);
#1464 = EDGE_CURVE('',#1455,#373,#1465,.T.);
#1465 = LINE('',#1466,#1467);
#1466 = CARTESIAN_POINT('',(133.74694352287,-13.05207848605,6.2));
#1467 = VECTOR('',#1468,1.);
#1468 = DIRECTION('',(0.,0.,1.));
#1469 = PLANE('',#1470);
#1470 = AXIS2_PLACEMENT_3D('',#1471,#1472,#1473);
#1471 = CARTESIAN_POINT('',(133.77552294818,-13.16617394746,6.2));
#1472 = DIRECTION('',(-0.970031253195,-0.242980179903,0.));
#1473 = DIRECTION('',(-0.242980179903,0.970031253195,0.));
#1474 = ADVANCED_FACE('',(#1475),#1493,.T.);
#1475 = FACE_BOUND('',#1476,.T.);
#1476 = EDGE_LOOP('',(#1477,#1485,#1491,#1492));
#1477 = ORIENTED_EDGE('',*,*,#1478,.F.);
#1478 = EDGE_CURVE('',#1479,#1431,#1481,.T.);
#1479 = VERTEX_POINT('',#1480);
#1480 = CARTESIAN_POINT('',(133.36035384972,-12.47350615341,6.3));
#1481 = LINE('',#1482,#1483);
#1482 = CARTESIAN_POINT('',(136.37391476455,-14.70851525212,6.3));
#1483 = VECTOR('',#1484,1.);
#1484 = DIRECTION('',(-0.803207531481,0.595699304492,0.));
#1485 = ORIENTED_EDGE('',*,*,#1486,.T.);
#1486 = EDGE_CURVE('',#1479,#421,#1487,.T.);
#1487 = LINE('',#1488,#1489);
#1488 = CARTESIAN_POINT('',(133.36035384972,-12.47350615341,6.2));
#1489 = VECTOR('',#1490,1.);
#1490 = DIRECTION('',(0.,0.,1.));
#1491 = ORIENTED_EDGE('',*,*,#428,.T.);
#1492 = ORIENTED_EDGE('',*,*,#1438,.F.);
#1493 = PLANE('',#1494);
#1494 = AXIS2_PLACEMENT_3D('',#1495,#1496,#1497);
#1495 = CARTESIAN_POINT('',(133.36035384972,-12.47350615341,6.2));
#1496 = DIRECTION('',(-0.595699304492,-0.803207531481,0.));
#1497 = DIRECTION('',(-0.803207531481,0.595699304492,0.));
#1498 = ADVANCED_FACE('',(#1499),#1517,.T.);
#1499 = FACE_BOUND('',#1500,.T.);
#1500 = EDGE_LOOP('',(#1501,#1509,#1510,#1511));
#1501 = ORIENTED_EDGE('',*,*,#1502,.F.);
#1502 = EDGE_CURVE('',#1455,#1503,#1505,.T.);
#1503 = VERTEX_POINT('',#1504);
#1504 = CARTESIAN_POINT('',(133.70731840446,-12.941333699,6.3));
#1505 = LINE('',#1506,#1507);
#1506 = CARTESIAN_POINT('',(137.26544471063,-22.8856305456,6.3));
#1507 = VECTOR('',#1508,1.);
#1508 = DIRECTION('',(-0.336889853392,0.941544065183,0.));
#1509 = ORIENTED_EDGE('',*,*,#1464,.T.);
#1510 = ORIENTED_EDGE('',*,*,#380,.T.);
#1511 = ORIENTED_EDGE('',*,*,#1512,.F.);
#1512 = EDGE_CURVE('',#1503,#381,#1513,.T.);
#1513 = LINE('',#1514,#1515);
#1514 = CARTESIAN_POINT('',(133.70731840446,-12.941333699,6.2));
#1515 = VECTOR('',#1516,1.);
#1516 = DIRECTION('',(0.,0.,1.));
#1517 = PLANE('',#1518);
#1518 = AXIS2_PLACEMENT_3D('',#1519,#1520,#1521);
#1519 = CARTESIAN_POINT('',(133.74694352287,-13.05207848605,6.2));
#1520 = DIRECTION('',(-0.941544065183,-0.336889853392,0.));
#1521 = DIRECTION('',(-0.336889853392,0.941544065183,0.));
#1522 = ADVANCED_FACE('',(#1523),#1541,.T.);
#1523 = FACE_BOUND('',#1524,.T.);
#1524 = EDGE_LOOP('',(#1525,#1533,#1539,#1540));
#1525 = ORIENTED_EDGE('',*,*,#1526,.F.);
#1526 = EDGE_CURVE('',#1527,#1479,#1529,.T.);
#1527 = VERTEX_POINT('',#1528);
#1528 = CARTESIAN_POINT('',(133.44750481548,-12.55249518451,6.3));
#1529 = LINE('',#1530,#1531);
#1530 = CARTESIAN_POINT('',(137.1721202951,-15.92828988015,6.3));
#1531 = VECTOR('',#1532,1.);
#1532 = DIRECTION('',(-0.740951125355,0.671558954847,0.));
#1533 = ORIENTED_EDGE('',*,*,#1534,.T.);
#1534 = EDGE_CURVE('',#1527,#413,#1535,.T.);
#1535 = LINE('',#1536,#1537);
#1536 = CARTESIAN_POINT('',(133.44750481548,-12.55249518451,6.2));
#1537 = VECTOR('',#1538,1.);
#1538 = DIRECTION('',(0.,0.,1.));
#1539 = ORIENTED_EDGE('',*,*,#420,.T.);
#1540 = ORIENTED_EDGE('',*,*,#1486,.F.);
#1541 = PLANE('',#1542);
#1542 = AXIS2_PLACEMENT_3D('',#1543,#1544,#1545);
#1543 = CARTESIAN_POINT('',(133.44750481548,-12.55249518451,6.2));
#1544 = DIRECTION('',(-0.671558954847,-0.740951125355,0.));
#1545 = DIRECTION('',(-0.740951125355,0.671558954847,0.));
#1546 = ADVANCED_FACE('',(#1547),#1565,.T.);
#1547 = FACE_BOUND('',#1548,.T.);
#1548 = EDGE_LOOP('',(#1549,#1557,#1558,#1559));
#1549 = ORIENTED_EDGE('',*,*,#1550,.F.);
#1550 = EDGE_CURVE('',#1503,#1551,#1553,.T.);
#1551 = VERTEX_POINT('',#1552);
#1552 = CARTESIAN_POINT('',(133.6570292045,-12.83500611917,6.3));
#1553 = LINE('',#1554,#1555);
#1554 = CARTESIAN_POINT('',(137.77951316392,-21.5512661232,6.3));
#1555 = VECTOR('',#1556,1.);
#1556 = DIRECTION('',(-0.42755509343,0.903989293123,0.));
#1557 = ORIENTED_EDGE('',*,*,#1512,.T.);
#1558 = ORIENTED_EDGE('',*,*,#388,.T.);
#1559 = ORIENTED_EDGE('',*,*,#1560,.F.);
#1560 = EDGE_CURVE('',#1551,#389,#1561,.T.);
#1561 = LINE('',#1562,#1563);
#1562 = CARTESIAN_POINT('',(133.6570292045,-12.83500611917,6.2));
#1563 = VECTOR('',#1564,1.);
#1564 = DIRECTION('',(0.,0.,1.));
#1565 = PLANE('',#1566);
#1566 = AXIS2_PLACEMENT_3D('',#1567,#1568,#1569);
#1567 = CARTESIAN_POINT('',(133.70731840446,-12.941333699,6.2));
#1568 = DIRECTION('',(-0.903989293123,-0.42755509343,0.));
#1569 = DIRECTION('',(-0.42755509343,0.903989293123,0.));
#1570 = ADVANCED_FACE('',(#1571),#1589,.T.);
#1571 = FACE_BOUND('',#1572,.T.);
#1572 = EDGE_LOOP('',(#1573,#1581,#1587,#1588));
#1573 = ORIENTED_EDGE('',*,*,#1574,.F.);
#1574 = EDGE_CURVE('',#1575,#1527,#1577,.T.);
#1575 = VERTEX_POINT('',#1576);
#1576 = CARTESIAN_POINT('',(133.52649384658,-12.63964615027,6.3));
#1577 = LINE('',#1578,#1579);
#1578 = CARTESIAN_POINT('',(137.72575477056,-17.27281660363,6.3));
#1579 = VECTOR('',#1580,1.);
#1580 = DIRECTION('',(-0.671558954847,0.740951125355,0.));
#1581 = ORIENTED_EDGE('',*,*,#1582,.T.);
#1582 = EDGE_CURVE('',#1575,#405,#1583,.T.);
#1583 = LINE('',#1584,#1585);
#1584 = CARTESIAN_POINT('',(133.52649384658,-12.63964615027,6.2));
#1585 = VECTOR('',#1586,1.);
#1586 = DIRECTION('',(0.,0.,1.));
#1587 = ORIENTED_EDGE('',*,*,#412,.T.);
#1588 = ORIENTED_EDGE('',*,*,#1534,.F.);
#1589 = PLANE('',#1590);
#1590 = AXIS2_PLACEMENT_3D('',#1591,#1592,#1593);
#1591 = CARTESIAN_POINT('',(133.52649384658,-12.63964615027,6.2));
#1592 = DIRECTION('',(-0.740951125355,-0.671558954847,0.));
#1593 = DIRECTION('',(-0.671558954847,0.740951125355,0.));
#1594 = ADVANCED_FACE('',(#1595),#1613,.T.);
#1595 = FACE_BOUND('',#1596,.T.);
#1596 = EDGE_LOOP('',(#1597,#1605,#1606,#1607));
#1597 = ORIENTED_EDGE('',*,*,#1598,.F.);
#1598 = EDGE_CURVE('',#1551,#1599,#1601,.T.);
#1599 = VERTEX_POINT('',#1600);
#1600 = CARTESIAN_POINT('',(133.59656023546,-12.73411973926,6.3));
#1601 = LINE('',#1602,#1603);
#1602 = CARTESIAN_POINT('',(138.03341653293,-20.13656726126,6.3));
#1603 = VECTOR('',#1604,1.);
#1604 = DIRECTION('',(-0.514102744193,0.85772861,0.));
#1605 = ORIENTED_EDGE('',*,*,#1560,.T.);
#1606 = ORIENTED_EDGE('',*,*,#396,.T.);
#1607 = ORIENTED_EDGE('',*,*,#1608,.F.);
#1608 = EDGE_CURVE('',#1599,#397,#1609,.T.);
#1609 = LINE('',#1610,#1611);
#1610 = CARTESIAN_POINT('',(133.59656023546,-12.73411973926,6.2));
#1611 = VECTOR('',#1612,1.);
#1612 = DIRECTION('',(0.,0.,1.));
#1613 = PLANE('',#1614);
#1614 = AXIS2_PLACEMENT_3D('',#1615,#1616,#1617);
#1615 = CARTESIAN_POINT('',(133.6570292045,-12.83500611917,6.2));
#1616 = DIRECTION('',(-0.85772861,-0.514102744193,0.));
#1617 = DIRECTION('',(-0.514102744193,0.85772861,0.));
#1618 = ADVANCED_FACE('',(#1619),#1630,.T.);
#1619 = FACE_BOUND('',#1620,.T.);
#1620 = EDGE_LOOP('',(#1621,#1627,#1628,#1629));
#1621 = ORIENTED_EDGE('',*,*,#1622,.F.);
#1622 = EDGE_CURVE('',#1599,#1575,#1623,.T.);
#1623 = LINE('',#1624,#1625);
#1624 = CARTESIAN_POINT('',(138.01587588881,-18.69287710224,6.3));
#1625 = VECTOR('',#1626,1.);
#1626 = DIRECTION('',(-0.595699304492,0.803207531481,0.));
#1627 = ORIENTED_EDGE('',*,*,#1608,.T.);
#1628 = ORIENTED_EDGE('',*,*,#404,.T.);
#1629 = ORIENTED_EDGE('',*,*,#1582,.F.);
#1630 = PLANE('',#1631);
#1631 = AXIS2_PLACEMENT_3D('',#1632,#1633,#1634);
#1632 = CARTESIAN_POINT('',(133.59656023546,-12.73411973926,6.2));
#1633 = DIRECTION('',(-0.803207531481,-0.595699304492,0.));
#1634 = DIRECTION('',(-0.595699304492,0.803207531481,0.));
#1635 = ADVANCED_FACE('',(#1636),#1661,.T.);
#1636 = FACE_BOUND('',#1637,.T.);
#1637 = EDGE_LOOP('',(#1638,#1646,#1647,#1655));
#1638 = ORIENTED_EDGE('',*,*,#1639,.F.);
#1639 = EDGE_CURVE('',#509,#1640,#1642,.T.);
#1640 = VERTEX_POINT('',#1641);
#1641 = CARTESIAN_POINT('',(130.95,-53.,12.725));
#1642 = LINE('',#1643,#1644);
#1643 = CARTESIAN_POINT('',(130.95,-53.,10.9));
#1644 = VECTOR('',#1645,1.);
#1645 = DIRECTION('',(0.,0.,1.));
#1646 = ORIENTED_EDGE('',*,*,#508,.T.);
#1647 = ORIENTED_EDGE('',*,*,#1648,.T.);
#1648 = EDGE_CURVE('',#511,#1649,#1651,.T.);
#1649 = VERTEX_POINT('',#1650);
#1650 = CARTESIAN_POINT('',(115.05,-53.,12.725));
#1651 = LINE('',#1652,#1653);
#1652 = CARTESIAN_POINT('',(115.05,-53.,10.9));
#1653 = VECTOR('',#1654,1.);
#1654 = DIRECTION('',(0.,0.,1.));
#1655 = ORIENTED_EDGE('',*,*,#1656,.T.);
#1656 = EDGE_CURVE('',#1649,#1640,#1657,.T.);
#1657 = LINE('',#1658,#1659);
#1658 = CARTESIAN_POINT('',(115.05,-53.,12.725));
#1659 = VECTOR('',#1660,1.);
#1660 = DIRECTION('',(1.,0.,0.));
#1661 = PLANE('',#1662);
#1662 = AXIS2_PLACEMENT_3D('',#1663,#1664,#1665);
#1663 = CARTESIAN_POINT('',(115.05,-53.,10.9));
#1664 = DIRECTION('',(0.,1.,0.));
#1665 = DIRECTION('',(0.,0.,1.));
#1666 = ADVANCED_FACE('',(#1667),#1685,.F.);
#1667 = FACE_BOUND('',#1668,.F.);
#1668 = EDGE_LOOP('',(#1669,#1670,#1671,#1679));
#1669 = ORIENTED_EDGE('',*,*,#1639,.F.);
#1670 = ORIENTED_EDGE('',*,*,#534,.T.);
#1671 = ORIENTED_EDGE('',*,*,#1672,.T.);
#1672 = EDGE_CURVE('',#527,#1673,#1675,.T.);
#1673 = VERTEX_POINT('',#1674);
#1674 = CARTESIAN_POINT('',(130.95,-15.1,12.725));
#1675 = LINE('',#1676,#1677);
#1676 = CARTESIAN_POINT('',(130.95,-15.1,10.9));
#1677 = VECTOR('',#1678,1.);
#1678 = DIRECTION('',(0.,0.,1.));
#1679 = ORIENTED_EDGE('',*,*,#1680,.F.);
#1680 = EDGE_CURVE('',#1640,#1673,#1681,.T.);
#1681 = LINE('',#1682,#1683);
#1682 = CARTESIAN_POINT('',(130.95,-53.,12.725));
#1683 = VECTOR('',#1684,1.);
#1684 = DIRECTION('',(0.,1.,0.));
#1685 = PLANE('',#1686);
#1686 = AXIS2_PLACEMENT_3D('',#1687,#1688,#1689);
#1687 = CARTESIAN_POINT('',(130.95,-53.,10.9));
#1688 = DIRECTION('',(1.,0.,0.));
#1689 = DIRECTION('',(0.,0.,1.));
#1690 = ADVANCED_FACE('',(#1691),#1709,.F.);
#1691 = FACE_BOUND('',#1692,.F.);
#1692 = EDGE_LOOP('',(#1693,#1694,#1695,#1703));
#1693 = ORIENTED_EDGE('',*,*,#1672,.F.);
#1694 = ORIENTED_EDGE('',*,*,#526,.T.);
#1695 = ORIENTED_EDGE('',*,*,#1696,.T.);
#1696 = EDGE_CURVE('',#519,#1697,#1699,.T.);
#1697 = VERTEX_POINT('',#1698);
#1698 = CARTESIAN_POINT('',(115.05,-15.1,12.725));
#1699 = LINE('',#1700,#1701);
#1700 = CARTESIAN_POINT('',(115.05,-15.1,10.9));
#1701 = VECTOR('',#1702,1.);
#1702 = DIRECTION('',(0.,0.,1.));
#1703 = ORIENTED_EDGE('',*,*,#1704,.T.);
#1704 = EDGE_CURVE('',#1697,#1673,#1705,.T.);
#1705 = LINE('',#1706,#1707);
#1706 = CARTESIAN_POINT('',(115.05,-15.1,12.725));
#1707 = VECTOR('',#1708,1.);
#1708 = DIRECTION('',(1.,0.,0.));
#1709 = PLANE('',#1710);
#1710 = AXIS2_PLACEMENT_3D('',#1711,#1712,#1713);
#1711 = CARTESIAN_POINT('',(115.05,-15.1,10.9));
#1712 = DIRECTION('',(0.,1.,0.));
#1713 = DIRECTION('',(0.,0.,1.));
#1714 = ADVANCED_FACE('',(#1715),#1726,.T.);
#1715 = FACE_BOUND('',#1716,.T.);
#1716 = EDGE_LOOP('',(#1717,#1718,#1719,#1720));
#1717 = ORIENTED_EDGE('',*,*,#1648,.F.);
#1718 = ORIENTED_EDGE('',*,*,#518,.T.);
#1719 = ORIENTED_EDGE('',*,*,#1696,.T.);
#1720 = ORIENTED_EDGE('',*,*,#1721,.F.);
#1721 = EDGE_CURVE('',#1649,#1697,#1722,.T.);
#1722 = LINE('',#1723,#1724);
#1723 = CARTESIAN_POINT('',(115.05,-53.,12.725));
#1724 = VECTOR('',#1725,1.);
#1725 = DIRECTION('',(0.,1.,0.));
#1726 = PLANE('',#1727);
#1727 = AXIS2_PLACEMENT_3D('',#1728,#1729,#1730);
#1728 = CARTESIAN_POINT('',(115.05,-53.,10.9));
#1729 = DIRECTION('',(1.,0.,0.));
#1730 = DIRECTION('',(0.,0.,1.));
#1731 = ADVANCED_FACE('',(#1732),#1744,.F.);
#1732 = FACE_BOUND('',#1733,.F.);
#1733 = EDGE_LOOP('',(#1734,#1735,#1736,#1737));
#1734 = ORIENTED_EDGE('',*,*,#661,.F.);
#1735 = ORIENTED_EDGE('',*,*,#1068,.T.);
#1736 = ORIENTED_EDGE('',*,*,#1013,.F.);
#1737 = ORIENTED_EDGE('',*,*,#1738,.T.);
#1738 = EDGE_CURVE('',#1014,#654,#1739,.T.);
#1739 = CIRCLE('',#1740,2.15);
#1740 = AXIS2_PLACEMENT_3D('',#1741,#1742,#1743);
#1741 = CARTESIAN_POINT('',(114.5,-65.5,6.75));
#1742 = DIRECTION('',(0.,0.,1.));
#1743 = DIRECTION('',(1.,0.,0.));
#1744 = PLANE('',#1745);
#1745 = AXIS2_PLACEMENT_3D('',#1746,#1747,#1748);
#1746 = CARTESIAN_POINT('',(114.5,-65.5,6.75));
#1747 = DIRECTION('',(0.,0.,1.));
#1748 = DIRECTION('',(1.,0.,0.));
#1749 = ADVANCED_FACE('',(#1750),#1762,.F.);
#1750 = FACE_BOUND('',#1751,.T.);
#1751 = EDGE_LOOP('',(#1752,#1753,#1754,#1761));
#1752 = ORIENTED_EDGE('',*,*,#1738,.T.);
#1753 = ORIENTED_EDGE('',*,*,#653,.T.);
#1754 = ORIENTED_EDGE('',*,*,#1755,.T.);
#1755 = EDGE_CURVE('',#646,#1022,#1756,.T.);
#1756 = CIRCLE('',#1757,2.15);
#1757 = AXIS2_PLACEMENT_3D('',#1758,#1759,#1760);
#1758 = CARTESIAN_POINT('',(114.5,-65.5,6.3));
#1759 = DIRECTION('',(0.,0.,-1.));
#1760 = DIRECTION('',(1.,0.,0.));
#1761 = ORIENTED_EDGE('',*,*,#1021,.F.);
#1762 = CYLINDRICAL_SURFACE('',#1763,2.15);
#1763 = AXIS2_PLACEMENT_3D('',#1764,#1765,#1766);
#1764 = CARTESIAN_POINT('',(114.5,-65.5,5.3));
#1765 = DIRECTION('',(-0.,-0.,-1.));
#1766 = DIRECTION('',(1.,0.,0.));
#1767 = ADVANCED_FACE('',(#1768,#1797),#1808,.T.);
#1768 = FACE_BOUND('',#1769,.T.);
#1769 = EDGE_LOOP('',(#1770,#1779,#1780,#1787,#1788,#1789,#1790));
#1770 = ORIENTED_EDGE('',*,*,#1771,.F.);
#1771 = EDGE_CURVE('',#614,#1772,#1774,.T.);
#1772 = VERTEX_POINT('',#1773);
#1773 = CARTESIAN_POINT('',(124.65,-64.7,6.3));
#1774 = CIRCLE('',#1775,1.85);
#1775 = AXIS2_PLACEMENT_3D('',#1776,#1777,#1778);
#1776 = CARTESIAN_POINT('',(122.8,-64.7,6.3));
#1777 = DIRECTION('',(0.,0.,1.));
#1778 = DIRECTION('',(1.,0.,0.));
#1779 = ORIENTED_EDGE('',*,*,#613,.T.);
#1780 = ORIENTED_EDGE('',*,*,#1781,.F.);
#1781 = EDGE_CURVE('',#1030,#606,#1782,.T.);
#1782 = CIRCLE('',#1783,2.15);
#1783 = AXIS2_PLACEMENT_3D('',#1784,#1785,#1786);
#1784 = CARTESIAN_POINT('',(130.6,-66.5,6.3));
#1785 = DIRECTION('',(0.,0.,-1.));
#1786 = DIRECTION('',(1.,0.,0.));
#1787 = ORIENTED_EDGE('',*,*,#1029,.T.);
#1788 = ORIENTED_EDGE('',*,*,#1755,.F.);
#1789 = ORIENTED_EDGE('',*,*,#645,.T.);
#1790 = ORIENTED_EDGE('',*,*,#1791,.F.);
#1791 = EDGE_CURVE('',#1772,#638,#1792,.T.);
#1792 = CIRCLE('',#1793,1.85);
#1793 = AXIS2_PLACEMENT_3D('',#1794,#1795,#1796);
#1794 = CARTESIAN_POINT('',(122.8,-64.7,6.3));
#1795 = DIRECTION('',(0.,0.,1.));
#1796 = DIRECTION('',(1.,0.,0.));
#1797 = FACE_BOUND('',#1798,.T.);
#1798 = EDGE_LOOP('',(#1799));
#1799 = ORIENTED_EDGE('',*,*,#1800,.F.);
#1800 = EDGE_CURVE('',#1801,#1801,#1803,.T.);
#1801 = VERTEX_POINT('',#1802);
#1802 = CARTESIAN_POINT('',(124.4,-64.7,6.3));
#1803 = CIRCLE('',#1804,1.6);
#1804 = AXIS2_PLACEMENT_3D('',#1805,#1806,#1807);
#1805 = CARTESIAN_POINT('',(122.8,-64.7,6.3));
#1806 = DIRECTION('',(0.,0.,-1.));
#1807 = DIRECTION('',(1.,0.,0.));
#1808 = PLANE('',#1809);
#1809 = AXIS2_PLACEMENT_3D('',#1810,#1811,#1812);
#1810 = CARTESIAN_POINT('',(115.73647631947,-46.10224167393,6.3));
#1811 = DIRECTION('',(-0.,-0.,-1.));
#1812 = DIRECTION('',(-1.,0.,0.));
#1813 = ADVANCED_FACE('',(#1814),#1836,.T.);
#1814 = FACE_BOUND('',#1815,.F.);
#1815 = EDGE_LOOP('',(#1816,#1817,#1826,#1833,#1834,#1835));
#1816 = ORIENTED_EDGE('',*,*,#621,.F.);
#1817 = ORIENTED_EDGE('',*,*,#1818,.T.);
#1818 = EDGE_CURVE('',#622,#1819,#1821,.T.);
#1819 = VERTEX_POINT('',#1820);
#1820 = CARTESIAN_POINT('',(124.65,-64.7,11.6));
#1821 = CIRCLE('',#1822,1.85);
#1822 = AXIS2_PLACEMENT_3D('',#1823,#1824,#1825);
#1823 = CARTESIAN_POINT('',(122.8,-64.7,11.6));
#1824 = DIRECTION('',(0.,0.,1.));
#1825 = DIRECTION('',(1.,0.,0.));
#1826 = ORIENTED_EDGE('',*,*,#1827,.T.);
#1827 = EDGE_CURVE('',#1819,#630,#1828,.T.);
#1828 = CIRCLE('',#1829,1.85);
#1829 = AXIS2_PLACEMENT_3D('',#1830,#1831,#1832);
#1830 = CARTESIAN_POINT('',(122.8,-64.7,11.6));
#1831 = DIRECTION('',(0.,0.,1.));
#1832 = DIRECTION('',(1.,0.,0.));
#1833 = ORIENTED_EDGE('',*,*,#637,.T.);
#1834 = ORIENTED_EDGE('',*,*,#1791,.F.);
#1835 = ORIENTED_EDGE('',*,*,#1771,.F.);
#1836 = CYLINDRICAL_SURFACE('',#1837,1.85);
#1837 = AXIS2_PLACEMENT_3D('',#1838,#1839,#1840);
#1838 = CARTESIAN_POINT('',(122.8,-64.7,6.3));
#1839 = DIRECTION('',(-0.,-0.,-1.));
#1840 = DIRECTION('',(1.,0.,0.));
#1841 = ADVANCED_FACE('',(#1842),#1847,.T.);
#1842 = FACE_BOUND('',#1843,.T.);
#1843 = EDGE_LOOP('',(#1844,#1845,#1846));
#1844 = ORIENTED_EDGE('',*,*,#1818,.T.);
#1845 = ORIENTED_EDGE('',*,*,#1827,.T.);
#1846 = ORIENTED_EDGE('',*,*,#629,.T.);
#1847 = PLANE('',#1848);
#1848 = AXIS2_PLACEMENT_3D('',#1849,#1850,#1851);
#1849 = CARTESIAN_POINT('',(122.8,-64.7,11.6));
#1850 = DIRECTION('',(0.,0.,1.));
#1851 = DIRECTION('',(1.,0.,0.));
#1852 = ADVANCED_FACE('',(#1853),#1865,.F.);
#1853 = FACE_BOUND('',#1854,.T.);
#1854 = EDGE_LOOP('',(#1855,#1856,#1863,#1864));
#1855 = ORIENTED_EDGE('',*,*,#605,.F.);
#1856 = ORIENTED_EDGE('',*,*,#1857,.T.);
#1857 = EDGE_CURVE('',#598,#1038,#1858,.T.);
#1858 = CIRCLE('',#1859,2.15);
#1859 = AXIS2_PLACEMENT_3D('',#1860,#1861,#1862);
#1860 = CARTESIAN_POINT('',(130.6,-66.5,6.75));
#1861 = DIRECTION('',(0.,0.,1.));
#1862 = DIRECTION('',(1.,0.,0.));
#1863 = ORIENTED_EDGE('',*,*,#1037,.T.);
#1864 = ORIENTED_EDGE('',*,*,#1781,.T.);
#1865 = CYLINDRICAL_SURFACE('',#1866,2.15);
#1866 = AXIS2_PLACEMENT_3D('',#1867,#1868,#1869);
#1867 = CARTESIAN_POINT('',(130.6,-66.5,5.3));
#1868 = DIRECTION('',(-0.,-0.,-1.));
#1869 = DIRECTION('',(1.,0.,0.));
#1870 = ADVANCED_FACE('',(#1871),#1892,.F.);
#1871 = FACE_BOUND('',#1872,.F.);
#1872 = EDGE_LOOP('',(#1873,#1882,#1889,#1890,#1891));
#1873 = ORIENTED_EDGE('',*,*,#1874,.T.);
#1874 = EDGE_CURVE('',#1046,#1875,#1877,.T.);
#1875 = VERTEX_POINT('',#1876);
#1876 = CARTESIAN_POINT('',(132.75,-66.5,6.75));
#1877 = CIRCLE('',#1878,2.15);
#1878 = AXIS2_PLACEMENT_3D('',#1879,#1880,#1881);
#1879 = CARTESIAN_POINT('',(130.6,-66.5,6.75));
#1880 = DIRECTION('',(0.,0.,1.));
#1881 = DIRECTION('',(1.,0.,0.));
#1882 = ORIENTED_EDGE('',*,*,#1883,.T.);
#1883 = EDGE_CURVE('',#1875,#590,#1884,.T.);
#1884 = CIRCLE('',#1885,2.15);
#1885 = AXIS2_PLACEMENT_3D('',#1886,#1887,#1888);
#1886 = CARTESIAN_POINT('',(130.6,-66.5,6.75));
#1887 = DIRECTION('',(0.,0.,1.));
#1888 = DIRECTION('',(1.,0.,0.));
#1889 = ORIENTED_EDGE('',*,*,#597,.F.);
#1890 = ORIENTED_EDGE('',*,*,#1857,.T.);
#1891 = ORIENTED_EDGE('',*,*,#1045,.F.);
#1892 = PLANE('',#1893);
#1893 = AXIS2_PLACEMENT_3D('',#1894,#1895,#1896);
#1894 = CARTESIAN_POINT('',(130.6,-66.5,6.75));
#1895 = DIRECTION('',(0.,0.,1.));
#1896 = DIRECTION('',(1.,0.,0.));
#1897 = ADVANCED_FACE('',(#1898),#1920,.F.);
#1898 = FACE_BOUND('',#1899,.T.);
#1899 = EDGE_LOOP('',(#1900,#1909,#1910,#1911,#1912,#1913));
#1900 = ORIENTED_EDGE('',*,*,#1901,.T.);
#1901 = EDGE_CURVE('',#1902,#982,#1904,.T.);
#1902 = VERTEX_POINT('',#1903);
#1903 = CARTESIAN_POINT('',(132.75,-66.5,6.3));
#1904 = CIRCLE('',#1905,2.15);
#1905 = AXIS2_PLACEMENT_3D('',#1906,#1907,#1908);
#1906 = CARTESIAN_POINT('',(130.6,-66.5,6.3));
#1907 = DIRECTION('',(0.,0.,-1.));
#1908 = DIRECTION('',(1.,0.,0.));
#1909 = ORIENTED_EDGE('',*,*,#1053,.F.);
#1910 = ORIENTED_EDGE('',*,*,#1874,.T.);
#1911 = ORIENTED_EDGE('',*,*,#1883,.T.);
#1912 = ORIENTED_EDGE('',*,*,#589,.T.);
#1913 = ORIENTED_EDGE('',*,*,#1914,.T.);
#1914 = EDGE_CURVE('',#582,#1902,#1915,.T.);
#1915 = CIRCLE('',#1916,2.15);
#1916 = AXIS2_PLACEMENT_3D('',#1917,#1918,#1919);
#1917 = CARTESIAN_POINT('',(130.6,-66.5,6.3));
#1918 = DIRECTION('',(0.,0.,-1.));
#1919 = DIRECTION('',(1.,0.,0.));
#1920 = CYLINDRICAL_SURFACE('',#1921,2.15);
#1921 = AXIS2_PLACEMENT_3D('',#1922,#1923,#1924);
#1922 = CARTESIAN_POINT('',(130.6,-66.5,5.3));
#1923 = DIRECTION('',(-0.,-0.,-1.));
#1924 = DIRECTION('',(1.,0.,0.));
#1925 = ADVANCED_FACE('',(#1926),#1958,.T.);
#1926 = FACE_BOUND('',#1927,.T.);
#1927 = EDGE_LOOP('',(#1928,#1929,#1930,#1931,#1932,#1933,#1941,#1949,
    #1956,#1957));
#1928 = ORIENTED_EDGE('',*,*,#1914,.F.);
#1929 = ORIENTED_EDGE('',*,*,#581,.T.);
#1930 = ORIENTED_EDGE('',*,*,#1150,.T.);
#1931 = ORIENTED_EDGE('',*,*,#1198,.T.);
#1932 = ORIENTED_EDGE('',*,*,#1246,.T.);
#1933 = ORIENTED_EDGE('',*,*,#1934,.T.);
#1934 = EDGE_CURVE('',#1247,#1935,#1937,.T.);
#1935 = VERTEX_POINT('',#1936);
#1936 = CARTESIAN_POINT('',(135.,-63.9,6.3));
#1937 = LINE('',#1938,#1939);
#1938 = CARTESIAN_POINT('',(125.62834371508,-63.9,6.3));
#1939 = VECTOR('',#1940,1.);
#1940 = DIRECTION('',(1.,0.,0.));
#1941 = ORIENTED_EDGE('',*,*,#1942,.T.);
#1942 = EDGE_CURVE('',#1935,#1943,#1945,.T.);
#1943 = VERTEX_POINT('',#1944);
#1944 = CARTESIAN_POINT('',(135.,-65.8,6.3));
#1945 = LINE('',#1946,#1947);
#1946 = CARTESIAN_POINT('',(135.,-13.4,6.3));
#1947 = VECTOR('',#1948,1.);
#1948 = DIRECTION('',(0.,-1.,0.));
#1949 = ORIENTED_EDGE('',*,*,#1950,.T.);
#1950 = EDGE_CURVE('',#1943,#980,#1951,.T.);
#1951 = CIRCLE('',#1952,1.2);
#1952 = AXIS2_PLACEMENT_3D('',#1953,#1954,#1955);
#1953 = CARTESIAN_POINT('',(133.8,-65.8,6.3));
#1954 = DIRECTION('',(0.,0.,-1.));
#1955 = DIRECTION('',(1.,0.,0.));
#1956 = ORIENTED_EDGE('',*,*,#979,.T.);
#1957 = ORIENTED_EDGE('',*,*,#1901,.F.);
#1958 = PLANE('',#1959);
#1959 = AXIS2_PLACEMENT_3D('',#1960,#1961,#1962);
#1960 = CARTESIAN_POINT('',(115.73647631947,-46.10224167393,6.3));
#1961 = DIRECTION('',(-0.,-0.,-1.));
#1962 = DIRECTION('',(-1.,0.,0.));
#1963 = ADVANCED_FACE('',(#1964),#1976,.F.);
#1964 = FACE_BOUND('',#1965,.F.);
#1965 = EDGE_LOOP('',(#1966,#1967,#1968,#1969,#1975));
#1966 = ORIENTED_EDGE('',*,*,#745,.F.);
#1967 = ORIENTED_EDGE('',*,*,#712,.F.);
#1968 = ORIENTED_EDGE('',*,*,#1128,.F.);
#1969 = ORIENTED_EDGE('',*,*,#1970,.T.);
#1970 = EDGE_CURVE('',#1129,#772,#1971,.T.);
#1971 = LINE('',#1972,#1973);
#1972 = CARTESIAN_POINT('',(132.6,-48.1,12.1));
#1973 = VECTOR('',#1974,1.);
#1974 = DIRECTION('',(0.,1.,0.));
#1975 = ORIENTED_EDGE('',*,*,#811,.F.);
#1976 = PLANE('',#1977);
#1977 = AXIS2_PLACEMENT_3D('',#1978,#1979,#1980);
#1978 = CARTESIAN_POINT('',(113.,-48.1,12.1));
#1979 = DIRECTION('',(0.,0.,1.));
#1980 = DIRECTION('',(1.,0.,0.));
#1981 = ADVANCED_FACE('',(#1982),#1993,.F.);
#1982 = FACE_BOUND('',#1983,.F.);
#1983 = EDGE_LOOP('',(#1984,#1985,#1986,#1992));
#1984 = ORIENTED_EDGE('',*,*,#1970,.F.);
#1985 = ORIENTED_EDGE('',*,*,#1136,.F.);
#1986 = ORIENTED_EDGE('',*,*,#1987,.F.);
#1987 = EDGE_CURVE('',#770,#1113,#1988,.T.);
#1988 = LINE('',#1989,#1990);
#1989 = CARTESIAN_POINT('',(132.6,-43.59893884022,6.3));
#1990 = VECTOR('',#1991,1.);
#1991 = DIRECTION('',(0.,-1.,0.));
#1992 = ORIENTED_EDGE('',*,*,#769,.T.);
#1993 = PLANE('',#1994);
#1994 = AXIS2_PLACEMENT_3D('',#1995,#1996,#1997);
#1995 = CARTESIAN_POINT('',(132.6,-48.1,5.6));
#1996 = DIRECTION('',(1.,0.,0.));
#1997 = DIRECTION('',(0.,0.,1.));
#1998 = ADVANCED_FACE('',(#1999),#2010,.F.);
#1999 = FACE_BOUND('',#2000,.F.);
#2000 = EDGE_LOOP('',(#2001,#2002,#2003,#2009));
#2001 = ORIENTED_EDGE('',*,*,#825,.F.);
#2002 = ORIENTED_EDGE('',*,*,#795,.F.);
#2003 = ORIENTED_EDGE('',*,*,#2004,.T.);
#2004 = EDGE_CURVE('',#788,#883,#2005,.T.);
#2005 = LINE('',#2006,#2007);
#2006 = CARTESIAN_POINT('',(129.3,-20.,11.8));
#2007 = VECTOR('',#2008,1.);
#2008 = DIRECTION('',(0.,1.,0.));
#2009 = ORIENTED_EDGE('',*,*,#890,.F.);
#2010 = PLANE('',#2011);
#2011 = AXIS2_PLACEMENT_3D('',#2012,#2013,#2014);
#2012 = CARTESIAN_POINT('',(116.3,-20.,11.8));
#2013 = DIRECTION('',(0.,0.,1.));
#2014 = DIRECTION('',(1.,0.,0.));
#2015 = ADVANCED_FACE('',(#2016),#2027,.F.);
#2016 = FACE_BOUND('',#2017,.F.);
#2017 = EDGE_LOOP('',(#2018,#2019,#2020,#2026));
#2018 = ORIENTED_EDGE('',*,*,#2004,.F.);
#2019 = ORIENTED_EDGE('',*,*,#787,.F.);
#2020 = ORIENTED_EDGE('',*,*,#2021,.F.);
#2021 = EDGE_CURVE('',#875,#780,#2022,.T.);
#2022 = LINE('',#2023,#2024);
#2023 = CARTESIAN_POINT('',(129.3,-29.54893884022,6.3));
#2024 = VECTOR('',#2025,1.);
#2025 = DIRECTION('',(0.,-1.,0.));
#2026 = ORIENTED_EDGE('',*,*,#882,.F.);
#2027 = PLANE('',#2028);
#2028 = AXIS2_PLACEMENT_3D('',#2029,#2030,#2031);
#2029 = CARTESIAN_POINT('',(129.3,-20.,6.2));
#2030 = DIRECTION('',(1.,0.,0.));
#2031 = DIRECTION('',(0.,0.,1.));
#2032 = ADVANCED_FACE('',(#2033,#2087),#2098,.T.);
#2033 = FACE_BOUND('',#2034,.T.);
#2034 = EDGE_LOOP('',(#2035,#2044,#2052,#2058,#2059,#2066,#2067,#2068,
    #2069,#2070,#2071,#2072,#2073,#2074,#2075,#2076,#2077,#2078,#2079,
    #2080,#2081,#2082,#2083,#2084,#2085,#2086));
#2035 = ORIENTED_EDGE('',*,*,#2036,.T.);
#2036 = EDGE_CURVE('',#867,#2037,#2039,.T.);
#2037 = VERTEX_POINT('',#2038);
#2038 = CARTESIAN_POINT('',(135.,-13.4,6.3));
#2039 = CIRCLE('',#2040,2.4);
#2040 = AXIS2_PLACEMENT_3D('',#2041,#2042,#2043);
#2041 = CARTESIAN_POINT('',(132.6,-13.4,6.3));
#2042 = DIRECTION('',(0.,0.,-1.));
#2043 = DIRECTION('',(0.,1.,0.));
#2044 = ORIENTED_EDGE('',*,*,#2045,.T.);
#2045 = EDGE_CURVE('',#2037,#2046,#2048,.T.);
#2046 = VERTEX_POINT('',#2047);
#2047 = CARTESIAN_POINT('',(135.,-55.4,6.3));
#2048 = LINE('',#2049,#2050);
#2049 = CARTESIAN_POINT('',(135.,-13.4,6.3));
#2050 = VECTOR('',#2051,1.);
#2051 = DIRECTION('',(0.,-1.,0.));
#2052 = ORIENTED_EDGE('',*,*,#2053,.F.);
#2053 = EDGE_CURVE('',#1297,#2046,#2054,.T.);
#2054 = LINE('',#2055,#2056);
#2055 = CARTESIAN_POINT('',(125.62834371508,-55.4,6.3));
#2056 = VECTOR('',#2057,1.);
#2057 = DIRECTION('',(1.,0.,0.));
#2058 = ORIENTED_EDGE('',*,*,#1296,.T.);
#2059 = ORIENTED_EDGE('',*,*,#2060,.F.);
#2060 = EDGE_CURVE('',#1265,#1289,#2061,.T.);
#2061 = CIRCLE('',#2062,1.85);
#2062 = AXIS2_PLACEMENT_3D('',#2063,#2064,#2065);
#2063 = CARTESIAN_POINT('',(133.,-52.8,6.3));
#2064 = DIRECTION('',(0.,0.,1.));
#2065 = DIRECTION('',(1.,0.,0.));
#2066 = ORIENTED_EDGE('',*,*,#1264,.T.);
#2067 = ORIENTED_EDGE('',*,*,#1358,.T.);
#2068 = ORIENTED_EDGE('',*,*,#1406,.T.);
#2069 = ORIENTED_EDGE('',*,*,#1454,.T.);
#2070 = ORIENTED_EDGE('',*,*,#1502,.T.);
#2071 = ORIENTED_EDGE('',*,*,#1550,.T.);
#2072 = ORIENTED_EDGE('',*,*,#1598,.T.);
#2073 = ORIENTED_EDGE('',*,*,#1622,.T.);
#2074 = ORIENTED_EDGE('',*,*,#1574,.T.);
#2075 = ORIENTED_EDGE('',*,*,#1526,.T.);
#2076 = ORIENTED_EDGE('',*,*,#1478,.T.);
#2077 = ORIENTED_EDGE('',*,*,#1430,.T.);
#2078 = ORIENTED_EDGE('',*,*,#1382,.T.);
#2079 = ORIENTED_EDGE('',*,*,#1334,.T.);
#2080 = ORIENTED_EDGE('',*,*,#1222,.T.);
#2081 = ORIENTED_EDGE('',*,*,#1174,.T.);
#2082 = ORIENTED_EDGE('',*,*,#1110,.T.);
#2083 = ORIENTED_EDGE('',*,*,#1987,.F.);
#2084 = ORIENTED_EDGE('',*,*,#779,.F.);
#2085 = ORIENTED_EDGE('',*,*,#2021,.F.);
#2086 = ORIENTED_EDGE('',*,*,#874,.T.);
#2087 = FACE_BOUND('',#2088,.T.);
#2088 = EDGE_LOOP('',(#2089));
#2089 = ORIENTED_EDGE('',*,*,#2090,.F.);
#2090 = EDGE_CURVE('',#2091,#2091,#2093,.T.);
#2091 = VERTEX_POINT('',#2092);
#2092 = CARTESIAN_POINT('',(134.6,-52.8,6.3));
#2093 = CIRCLE('',#2094,1.6);
#2094 = AXIS2_PLACEMENT_3D('',#2095,#2096,#2097);
#2095 = CARTESIAN_POINT('',(133.,-52.8,6.3));
#2096 = DIRECTION('',(0.,0.,-1.));
#2097 = DIRECTION('',(1.,0.,0.));
#2098 = PLANE('',#2099);
#2099 = AXIS2_PLACEMENT_3D('',#2100,#2101,#2102);
#2100 = CARTESIAN_POINT('',(133.99038742451,-32.3036335587,6.3));
#2101 = DIRECTION('',(-0.,-0.,-1.));
#2102 = DIRECTION('',(-1.,0.,0.));
#2103 = ADVANCED_FACE('',(#2104),#2123,.T.);
#2104 = FACE_BOUND('',#2105,.T.);
#2105 = EDGE_LOOP('',(#2106,#2107,#2116,#2122));
#2106 = ORIENTED_EDGE('',*,*,#866,.T.);
#2107 = ORIENTED_EDGE('',*,*,#2108,.T.);
#2108 = EDGE_CURVE('',#859,#2109,#2111,.T.);
#2109 = VERTEX_POINT('',#2110);
#2110 = CARTESIAN_POINT('',(135.,-13.4,13.59));
#2111 = CIRCLE('',#2112,2.4);
#2112 = AXIS2_PLACEMENT_3D('',#2113,#2114,#2115);
#2113 = CARTESIAN_POINT('',(132.6,-13.4,13.59));
#2114 = DIRECTION('',(0.,0.,-1.));
#2115 = DIRECTION('',(0.,1.,0.));
#2116 = ORIENTED_EDGE('',*,*,#2117,.F.);
#2117 = EDGE_CURVE('',#2037,#2109,#2118,.T.);
#2118 = LINE('',#2119,#2120);
#2119 = CARTESIAN_POINT('',(135.,-13.4,6.3));
#2120 = VECTOR('',#2121,1.);
#2121 = DIRECTION('',(0.,0.,1.));
#2122 = ORIENTED_EDGE('',*,*,#2036,.F.);
#2123 = CYLINDRICAL_SURFACE('',#2124,2.4);
#2124 = AXIS2_PLACEMENT_3D('',#2125,#2126,#2127);
#2125 = CARTESIAN_POINT('',(132.6,-13.4,6.3));
#2126 = DIRECTION('',(0.,0.,-1.));
#2127 = DIRECTION('',(0.,1.,0.));
#2128 = ADVANCED_FACE('',(#2129,#2152,#2222,#2292,#2362,#2407),#2529,.F.
  );
#2129 = FACE_BOUND('',#2130,.F.);
#2130 = EDGE_LOOP('',(#2131,#2132,#2133,#2141,#2148,#2149,#2150,#2151));
#2131 = ORIENTED_EDGE('',*,*,#858,.T.);
#2132 = ORIENTED_EDGE('',*,*,#2108,.T.);
#2133 = ORIENTED_EDGE('',*,*,#2134,.T.);
#2134 = EDGE_CURVE('',#2109,#2135,#2137,.T.);
#2135 = VERTEX_POINT('',#2136);
#2136 = CARTESIAN_POINT('',(135.,-65.8,13.59));
#2137 = LINE('',#2138,#2139);
#2138 = CARTESIAN_POINT('',(135.,-13.4,13.59));
#2139 = VECTOR('',#2140,1.);
#2140 = DIRECTION('',(0.,-1.,0.));
#2141 = ORIENTED_EDGE('',*,*,#2142,.T.);
#2142 = EDGE_CURVE('',#2135,#990,#2143,.T.);
#2143 = CIRCLE('',#2144,1.2);
#2144 = AXIS2_PLACEMENT_3D('',#2145,#2146,#2147);
#2145 = CARTESIAN_POINT('',(133.8,-65.8,13.59));
#2146 = DIRECTION('',(0.,0.,-1.));
#2147 = DIRECTION('',(1.,0.,0.));
#2148 = ORIENTED_EDGE('',*,*,#997,.T.);
#2149 = ORIENTED_EDGE('',*,*,#962,.T.);
#2150 = ORIENTED_EDGE('',*,*,#938,.T.);
#2151 = ORIENTED_EDGE('',*,*,#913,.T.);
#2152 = FACE_BOUND('',#2153,.F.);
#2153 = EDGE_LOOP('',(#2154,#2164,#2173,#2181,#2190,#2198,#2207,#2215));
#2154 = ORIENTED_EDGE('',*,*,#2155,.F.);
#2155 = EDGE_CURVE('',#2156,#2158,#2160,.T.);
#2156 = VERTEX_POINT('',#2157);
#2157 = CARTESIAN_POINT('',(115.4,-64.9,13.59));
#2158 = VERTEX_POINT('',#2159);
#2159 = CARTESIAN_POINT('',(130.6,-64.9,13.59));
#2160 = LINE('',#2161,#2162);
#2161 = CARTESIAN_POINT('',(115.4,-64.9,13.59));
#2162 = VECTOR('',#2163,1.);
#2163 = DIRECTION('',(1.,0.,0.));
#2164 = ORIENTED_EDGE('',*,*,#2165,.F.);
#2165 = EDGE_CURVE('',#2166,#2156,#2168,.T.);
#2166 = VERTEX_POINT('',#2167);
#2167 = CARTESIAN_POINT('',(115.,-65.3,13.59));
#2168 = CIRCLE('',#2169,0.4);
#2169 = AXIS2_PLACEMENT_3D('',#2170,#2171,#2172);
#2170 = CARTESIAN_POINT('',(115.4,-65.3,13.59));
#2171 = DIRECTION('',(0.,0.,-1.));
#2172 = DIRECTION('',(-1.,3.553E-14,0.));
#2173 = ORIENTED_EDGE('',*,*,#2174,.F.);
#2174 = EDGE_CURVE('',#2175,#2166,#2177,.T.);
#2175 = VERTEX_POINT('',#2176);
#2176 = CARTESIAN_POINT('',(115.,-65.35,13.59));
#2177 = LINE('',#2178,#2179);
#2178 = CARTESIAN_POINT('',(115.,-65.35,13.59));
#2179 = VECTOR('',#2180,1.);
#2180 = DIRECTION('',(0.,1.,0.));
#2181 = ORIENTED_EDGE('',*,*,#2182,.F.);
#2182 = EDGE_CURVE('',#2183,#2175,#2185,.T.);
#2183 = VERTEX_POINT('',#2184);
#2184 = CARTESIAN_POINT('',(115.4,-65.75,13.59));
#2185 = CIRCLE('',#2186,0.4);
#2186 = AXIS2_PLACEMENT_3D('',#2187,#2188,#2189);
#2187 = CARTESIAN_POINT('',(115.4,-65.35,13.59));
#2188 = DIRECTION('',(0.,0.,-1.));
#2189 = DIRECTION('',(0.,-1.,0.));
#2190 = ORIENTED_EDGE('',*,*,#2191,.F.);
#2191 = EDGE_CURVE('',#2192,#2183,#2194,.T.);
#2192 = VERTEX_POINT('',#2193);
#2193 = CARTESIAN_POINT('',(130.6,-65.75,13.59));
#2194 = LINE('',#2195,#2196);
#2195 = CARTESIAN_POINT('',(130.6,-65.75,13.59));
#2196 = VECTOR('',#2197,1.);
#2197 = DIRECTION('',(-1.,0.,0.));
#2198 = ORIENTED_EDGE('',*,*,#2199,.F.);
#2199 = EDGE_CURVE('',#2200,#2192,#2202,.T.);
#2200 = VERTEX_POINT('',#2201);
#2201 = CARTESIAN_POINT('',(131.,-65.35,13.59));
#2202 = CIRCLE('',#2203,0.4);
#2203 = AXIS2_PLACEMENT_3D('',#2204,#2205,#2206);
#2204 = CARTESIAN_POINT('',(130.6,-65.35,13.59));
#2205 = DIRECTION('',(0.,0.,-1.));
#2206 = DIRECTION('',(1.,7.105E-14,0.));
#2207 = ORIENTED_EDGE('',*,*,#2208,.F.);
#2208 = EDGE_CURVE('',#2209,#2200,#2211,.T.);
#2209 = VERTEX_POINT('',#2210);
#2210 = CARTESIAN_POINT('',(131.,-65.3,13.59));
#2211 = LINE('',#2212,#2213);
#2212 = CARTESIAN_POINT('',(131.,-65.3,13.59));
#2213 = VECTOR('',#2214,1.);
#2214 = DIRECTION('',(0.,-1.,0.));
#2215 = ORIENTED_EDGE('',*,*,#2216,.F.);
#2216 = EDGE_CURVE('',#2158,#2209,#2217,.T.);
#2217 = CIRCLE('',#2218,0.4);
#2218 = AXIS2_PLACEMENT_3D('',#2219,#2220,#2221);
#2219 = CARTESIAN_POINT('',(130.6,-65.3,13.59));
#2220 = DIRECTION('',(0.,0.,-1.));
#2221 = DIRECTION('',(0.,1.,0.));
#2222 = FACE_BOUND('',#2223,.F.);
#2223 = EDGE_LOOP('',(#2224,#2234,#2243,#2251,#2260,#2268,#2277,#2285));
#2224 = ORIENTED_EDGE('',*,*,#2225,.F.);
#2225 = EDGE_CURVE('',#2226,#2228,#2230,.T.);
#2226 = VERTEX_POINT('',#2227);
#2227 = CARTESIAN_POINT('',(115.4,-63.35,13.59));
#2228 = VERTEX_POINT('',#2229);
#2229 = CARTESIAN_POINT('',(130.6,-63.35,13.59));
#2230 = LINE('',#2231,#2232);
#2231 = CARTESIAN_POINT('',(115.4,-63.35,13.59));
#2232 = VECTOR('',#2233,1.);
#2233 = DIRECTION('',(1.,0.,0.));
#2234 = ORIENTED_EDGE('',*,*,#2235,.F.);
#2235 = EDGE_CURVE('',#2236,#2226,#2238,.T.);
#2236 = VERTEX_POINT('',#2237);
#2237 = CARTESIAN_POINT('',(115.,-63.75,13.59));
#2238 = CIRCLE('',#2239,0.4);
#2239 = AXIS2_PLACEMENT_3D('',#2240,#2241,#2242);
#2240 = CARTESIAN_POINT('',(115.4,-63.75,13.59));
#2241 = DIRECTION('',(0.,0.,-1.));
#2242 = DIRECTION('',(-1.,1.776E-14,0.));
#2243 = ORIENTED_EDGE('',*,*,#2244,.F.);
#2244 = EDGE_CURVE('',#2245,#2236,#2247,.T.);
#2245 = VERTEX_POINT('',#2246);
#2246 = CARTESIAN_POINT('',(115.,-63.8,13.59));
#2247 = LINE('',#2248,#2249);
#2248 = CARTESIAN_POINT('',(115.,-63.8,13.59));
#2249 = VECTOR('',#2250,1.);
#2250 = DIRECTION('',(0.,1.,0.));
#2251 = ORIENTED_EDGE('',*,*,#2252,.F.);
#2252 = EDGE_CURVE('',#2253,#2245,#2255,.T.);
#2253 = VERTEX_POINT('',#2254);
#2254 = CARTESIAN_POINT('',(115.4,-64.2,13.59));
#2255 = CIRCLE('',#2256,0.4);
#2256 = AXIS2_PLACEMENT_3D('',#2257,#2258,#2259);
#2257 = CARTESIAN_POINT('',(115.4,-63.8,13.59));
#2258 = DIRECTION('',(0.,0.,-1.));
#2259 = DIRECTION('',(-3.553E-14,-1.,-0.));
#2260 = ORIENTED_EDGE('',*,*,#2261,.F.);
#2261 = EDGE_CURVE('',#2262,#2253,#2264,.T.);
#2262 = VERTEX_POINT('',#2263);
#2263 = CARTESIAN_POINT('',(130.6,-64.2,13.59));
#2264 = LINE('',#2265,#2266);
#2265 = CARTESIAN_POINT('',(130.6,-64.2,13.59));
#2266 = VECTOR('',#2267,1.);
#2267 = DIRECTION('',(-1.,0.,0.));
#2268 = ORIENTED_EDGE('',*,*,#2269,.F.);
#2269 = EDGE_CURVE('',#2270,#2262,#2272,.T.);
#2270 = VERTEX_POINT('',#2271);
#2271 = CARTESIAN_POINT('',(131.,-63.8,13.59));
#2272 = CIRCLE('',#2273,0.4);
#2273 = AXIS2_PLACEMENT_3D('',#2274,#2275,#2276);
#2274 = CARTESIAN_POINT('',(130.6,-63.8,13.59));
#2275 = DIRECTION('',(0.,0.,-1.));
#2276 = DIRECTION('',(1.,3.553E-14,0.));
#2277 = ORIENTED_EDGE('',*,*,#2278,.F.);
#2278 = EDGE_CURVE('',#2279,#2270,#2281,.T.);
#2279 = VERTEX_POINT('',#2280);
#2280 = CARTESIAN_POINT('',(131.,-63.75,13.59));
#2281 = LINE('',#2282,#2283);
#2282 = CARTESIAN_POINT('',(131.,-63.75,13.59));
#2283 = VECTOR('',#2284,1.);
#2284 = DIRECTION('',(0.,-1.,0.));
#2285 = ORIENTED_EDGE('',*,*,#2286,.F.);
#2286 = EDGE_CURVE('',#2228,#2279,#2287,.T.);
#2287 = CIRCLE('',#2288,0.4);
#2288 = AXIS2_PLACEMENT_3D('',#2289,#2290,#2291);
#2289 = CARTESIAN_POINT('',(130.6,-63.75,13.59));
#2290 = DIRECTION('',(0.,0.,-1.));
#2291 = DIRECTION('',(-7.105E-14,1.,0.));
#2292 = FACE_BOUND('',#2293,.F.);
#2293 = EDGE_LOOP('',(#2294,#2304,#2313,#2321,#2330,#2338,#2347,#2355));
#2294 = ORIENTED_EDGE('',*,*,#2295,.F.);
#2295 = EDGE_CURVE('',#2296,#2298,#2300,.T.);
#2296 = VERTEX_POINT('',#2297);
#2297 = CARTESIAN_POINT('',(115.4,-61.8,13.59));
#2298 = VERTEX_POINT('',#2299);
#2299 = CARTESIAN_POINT('',(130.6,-61.8,13.59));
#2300 = LINE('',#2301,#2302);
#2301 = CARTESIAN_POINT('',(115.4,-61.8,13.59));
#2302 = VECTOR('',#2303,1.);
#2303 = DIRECTION('',(1.,0.,0.));
#2304 = ORIENTED_EDGE('',*,*,#2305,.F.);
#2305 = EDGE_CURVE('',#2306,#2296,#2308,.T.);
#2306 = VERTEX_POINT('',#2307);
#2307 = CARTESIAN_POINT('',(115.,-62.2,13.59));
#2308 = CIRCLE('',#2309,0.4);
#2309 = AXIS2_PLACEMENT_3D('',#2310,#2311,#2312);
#2310 = CARTESIAN_POINT('',(115.4,-62.2,13.59));
#2311 = DIRECTION('',(0.,0.,-1.));
#2312 = DIRECTION('',(-1.,1.776E-14,0.));
#2313 = ORIENTED_EDGE('',*,*,#2314,.F.);
#2314 = EDGE_CURVE('',#2315,#2306,#2317,.T.);
#2315 = VERTEX_POINT('',#2316);
#2316 = CARTESIAN_POINT('',(115.,-62.25,13.59));
#2317 = LINE('',#2318,#2319);
#2318 = CARTESIAN_POINT('',(115.,-62.25,13.59));
#2319 = VECTOR('',#2320,1.);
#2320 = DIRECTION('',(0.,1.,0.));
#2321 = ORIENTED_EDGE('',*,*,#2322,.F.);
#2322 = EDGE_CURVE('',#2323,#2315,#2325,.T.);
#2323 = VERTEX_POINT('',#2324);
#2324 = CARTESIAN_POINT('',(115.4,-62.65,13.59));
#2325 = CIRCLE('',#2326,0.4);
#2326 = AXIS2_PLACEMENT_3D('',#2327,#2328,#2329);
#2327 = CARTESIAN_POINT('',(115.4,-62.25,13.59));
#2328 = DIRECTION('',(0.,0.,-1.));
#2329 = DIRECTION('',(3.553E-14,-1.,0.));
#2330 = ORIENTED_EDGE('',*,*,#2331,.F.);
#2331 = EDGE_CURVE('',#2332,#2323,#2334,.T.);
#2332 = VERTEX_POINT('',#2333);
#2333 = CARTESIAN_POINT('',(130.6,-62.65,13.59));
#2334 = LINE('',#2335,#2336);
#2335 = CARTESIAN_POINT('',(130.6,-62.65,13.59));
#2336 = VECTOR('',#2337,1.);
#2337 = DIRECTION('',(-1.,0.,0.));
#2338 = ORIENTED_EDGE('',*,*,#2339,.F.);
#2339 = EDGE_CURVE('',#2340,#2332,#2342,.T.);
#2340 = VERTEX_POINT('',#2341);
#2341 = CARTESIAN_POINT('',(131.,-62.25,13.59));
#2342 = CIRCLE('',#2343,0.4);
#2343 = AXIS2_PLACEMENT_3D('',#2344,#2345,#2346);
#2344 = CARTESIAN_POINT('',(130.6,-62.25,13.59));
#2345 = DIRECTION('',(0.,0.,-1.));
#2346 = DIRECTION('',(1.,5.329E-14,0.));
#2347 = ORIENTED_EDGE('',*,*,#2348,.F.);
#2348 = EDGE_CURVE('',#2349,#2340,#2351,.T.);
#2349 = VERTEX_POINT('',#2350);
#2350 = CARTESIAN_POINT('',(131.,-62.2,13.59));
#2351 = LINE('',#2352,#2353);
#2352 = CARTESIAN_POINT('',(131.,-62.2,13.59));
#2353 = VECTOR('',#2354,1.);
#2354 = DIRECTION('',(0.,-1.,0.));
#2355 = ORIENTED_EDGE('',*,*,#2356,.F.);
#2356 = EDGE_CURVE('',#2298,#2349,#2357,.T.);
#2357 = CIRCLE('',#2358,0.4);
#2358 = AXIS2_PLACEMENT_3D('',#2359,#2360,#2361);
#2359 = CARTESIAN_POINT('',(130.6,-62.2,13.59));
#2360 = DIRECTION('',(0.,0.,-1.));
#2361 = DIRECTION('',(-7.105E-14,1.,0.));
#2362 = FACE_BOUND('',#2363,.F.);
#2363 = EDGE_LOOP('',(#2364,#2375,#2383,#2392,#2401));
#2364 = ORIENTED_EDGE('',*,*,#2365,.T.);
#2365 = EDGE_CURVE('',#2366,#2368,#2370,.T.);
#2366 = VERTEX_POINT('',#2367);
#2367 = CARTESIAN_POINT('',(119.2045407685,-57.8,13.59));
#2368 = VERTEX_POINT('',#2369);
#2369 = CARTESIAN_POINT('',(119.2045407685,-58.7,13.59));
#2370 = CIRCLE('',#2371,2.25);
#2371 = AXIS2_PLACEMENT_3D('',#2372,#2373,#2374);
#2372 = CARTESIAN_POINT('',(117.,-58.25,13.59));
#2373 = DIRECTION('',(0.,0.,1.));
#2374 = DIRECTION('',(1.,0.,0.));
#2375 = ORIENTED_EDGE('',*,*,#2376,.T.);
#2376 = EDGE_CURVE('',#2368,#2377,#2379,.T.);
#2377 = VERTEX_POINT('',#2378);
#2378 = CARTESIAN_POINT('',(126.79545923149,-58.7,13.59));
#2379 = LINE('',#2380,#2381);
#2380 = CARTESIAN_POINT('',(119.2,-58.7,13.59));
#2381 = VECTOR('',#2382,1.);
#2382 = DIRECTION('',(1.,0.,0.));
#2383 = ORIENTED_EDGE('',*,*,#2384,.T.);
#2384 = EDGE_CURVE('',#2377,#2385,#2387,.T.);
#2385 = VERTEX_POINT('',#2386);
#2386 = CARTESIAN_POINT('',(131.25,-58.25,13.59));
#2387 = CIRCLE('',#2388,2.25);
#2388 = AXIS2_PLACEMENT_3D('',#2389,#2390,#2391);
#2389 = CARTESIAN_POINT('',(129.,-58.25,13.59));
#2390 = DIRECTION('',(0.,0.,1.));
#2391 = DIRECTION('',(1.,0.,0.));
#2392 = ORIENTED_EDGE('',*,*,#2393,.T.);
#2393 = EDGE_CURVE('',#2385,#2394,#2396,.T.);
#2394 = VERTEX_POINT('',#2395);
#2395 = CARTESIAN_POINT('',(126.79545923149,-57.8,13.59));
#2396 = CIRCLE('',#2397,2.25);
#2397 = AXIS2_PLACEMENT_3D('',#2398,#2399,#2400);
#2398 = CARTESIAN_POINT('',(129.,-58.25,13.59));
#2399 = DIRECTION('',(0.,0.,1.));
#2400 = DIRECTION('',(1.,0.,0.));
#2401 = ORIENTED_EDGE('',*,*,#2402,.F.);
#2402 = EDGE_CURVE('',#2366,#2394,#2403,.T.);
#2403 = LINE('',#2404,#2405);
#2404 = CARTESIAN_POINT('',(119.2,-57.8,13.59));
#2405 = VECTOR('',#2406,1.);
#2406 = DIRECTION('',(1.,0.,0.));
#2407 = FACE_BOUND('',#2408,.F.);
#2408 = EDGE_LOOP('',(#2409,#2420,#2429,#2437,#2446,#2454,#2463,#2471,
    #2480,#2489,#2497,#2506,#2514,#2523));
#2409 = ORIENTED_EDGE('',*,*,#2410,.F.);
#2410 = EDGE_CURVE('',#2411,#2413,#2415,.T.);
#2411 = VERTEX_POINT('',#2412);
#2412 = CARTESIAN_POINT('',(112.56275866586,-53.81637933293,13.59));
#2413 = VERTEX_POINT('',#2414);
#2414 = CARTESIAN_POINT('',(112.2,-53.,13.59));
#2415 = CIRCLE('',#2416,1.1);
#2416 = AXIS2_PLACEMENT_3D('',#2417,#2418,#2419);
#2417 = CARTESIAN_POINT('',(113.3,-53.,13.59));
#2418 = DIRECTION('',(0.,0.,-1.));
#2419 = DIRECTION('',(0.,-1.,0.));
#2420 = ORIENTED_EDGE('',*,*,#2421,.F.);
#2421 = EDGE_CURVE('',#2422,#2411,#2424,.T.);
#2422 = VERTEX_POINT('',#2423);
#2423 = CARTESIAN_POINT('',(112.5,-54.,13.59));
#2424 = CIRCLE('',#2425,0.3);
#2425 = AXIS2_PLACEMENT_3D('',#2426,#2427,#2428);
#2426 = CARTESIAN_POINT('',(112.8,-54.,13.59));
#2427 = DIRECTION('',(0.,0.,-1.));
#2428 = DIRECTION('',(-1.,2.368E-14,0.));
#2429 = ORIENTED_EDGE('',*,*,#2430,.F.);
#2430 = EDGE_CURVE('',#2431,#2422,#2433,.T.);
#2431 = VERTEX_POINT('',#2432);
#2432 = CARTESIAN_POINT('',(112.5,-54.7,13.59));
#2433 = LINE('',#2434,#2435);
#2434 = CARTESIAN_POINT('',(112.5,-54.7,13.59));
#2435 = VECTOR('',#2436,1.);
#2436 = DIRECTION('',(0.,1.,0.));
#2437 = ORIENTED_EDGE('',*,*,#2438,.F.);
#2438 = EDGE_CURVE('',#2439,#2431,#2441,.T.);
#2439 = VERTEX_POINT('',#2440);
#2440 = CARTESIAN_POINT('',(112.8,-55.,13.59));
#2441 = CIRCLE('',#2442,0.3);
#2442 = AXIS2_PLACEMENT_3D('',#2443,#2444,#2445);
#2443 = CARTESIAN_POINT('',(112.8,-54.7,13.59));
#2444 = DIRECTION('',(0.,0.,-1.));
#2445 = DIRECTION('',(-4.737E-14,-1.,-0.));
#2446 = ORIENTED_EDGE('',*,*,#2447,.F.);
#2447 = EDGE_CURVE('',#2448,#2439,#2450,.T.);
#2448 = VERTEX_POINT('',#2449);
#2449 = CARTESIAN_POINT('',(133.2,-55.,13.59));
#2450 = LINE('',#2451,#2452);
#2451 = CARTESIAN_POINT('',(133.2,-55.,13.59));
#2452 = VECTOR('',#2453,1.);
#2453 = DIRECTION('',(-1.,0.,0.));
#2454 = ORIENTED_EDGE('',*,*,#2455,.F.);
#2455 = EDGE_CURVE('',#2456,#2448,#2458,.T.);
#2456 = VERTEX_POINT('',#2457);
#2457 = CARTESIAN_POINT('',(133.5,-54.7,13.59));
#2458 = CIRCLE('',#2459,0.3);
#2459 = AXIS2_PLACEMENT_3D('',#2460,#2461,#2462);
#2460 = CARTESIAN_POINT('',(133.2,-54.7,13.59));
#2461 = DIRECTION('',(0.,0.,-1.));
#2462 = DIRECTION('',(1.,4.737E-14,0.));
#2463 = ORIENTED_EDGE('',*,*,#2464,.F.);
#2464 = EDGE_CURVE('',#2465,#2456,#2467,.T.);
#2465 = VERTEX_POINT('',#2466);
#2466 = CARTESIAN_POINT('',(133.5,-54.,13.59));
#2467 = LINE('',#2468,#2469);
#2468 = CARTESIAN_POINT('',(133.5,-54.,13.59));
#2469 = VECTOR('',#2470,1.);
#2470 = DIRECTION('',(0.,-1.,0.));
#2471 = ORIENTED_EDGE('',*,*,#2472,.F.);
#2472 = EDGE_CURVE('',#2473,#2465,#2475,.T.);
#2473 = VERTEX_POINT('',#2474);
#2474 = CARTESIAN_POINT('',(133.43724133414,-53.81637933293,13.59));
#2475 = CIRCLE('',#2476,0.3);
#2476 = AXIS2_PLACEMENT_3D('',#2477,#2478,#2479);
#2477 = CARTESIAN_POINT('',(133.2,-54.,13.59));
#2478 = DIRECTION('',(0.,0.,-1.));
#2479 = DIRECTION('',(-9.474E-14,1.,0.));
#2480 = ORIENTED_EDGE('',*,*,#2481,.F.);
#2481 = EDGE_CURVE('',#2482,#2473,#2484,.T.);
#2482 = VERTEX_POINT('',#2483);
#2483 = CARTESIAN_POINT('',(133.8,-53.,13.59));
#2484 = CIRCLE('',#2485,1.1);
#2485 = AXIS2_PLACEMENT_3D('',#2486,#2487,#2488);
#2486 = CARTESIAN_POINT('',(132.7,-53.,13.59));
#2487 = DIRECTION('',(0.,0.,-1.));
#2488 = DIRECTION('',(1.,6.46E-15,0.));
#2489 = ORIENTED_EDGE('',*,*,#2490,.F.);
#2490 = EDGE_CURVE('',#2491,#2482,#2493,.T.);
#2491 = VERTEX_POINT('',#2492);
#2492 = CARTESIAN_POINT('',(133.8,-13.3,13.59));
#2493 = LINE('',#2494,#2495);
#2494 = CARTESIAN_POINT('',(133.8,-13.3,13.59));
#2495 = VECTOR('',#2496,1.);
#2496 = DIRECTION('',(0.,-1.,0.));
#2497 = ORIENTED_EDGE('',*,*,#2498,.F.);
#2498 = EDGE_CURVE('',#2499,#2491,#2501,.T.);
#2499 = VERTEX_POINT('',#2500);
#2500 = CARTESIAN_POINT('',(132.7,-12.2,13.59));
#2501 = CIRCLE('',#2502,1.1);
#2502 = AXIS2_PLACEMENT_3D('',#2503,#2504,#2505);
#2503 = CARTESIAN_POINT('',(132.7,-13.3,13.59));
#2504 = DIRECTION('',(0.,0.,-1.));
#2505 = DIRECTION('',(0.,1.,0.));
#2506 = ORIENTED_EDGE('',*,*,#2507,.F.);
#2507 = EDGE_CURVE('',#2508,#2499,#2510,.T.);
#2508 = VERTEX_POINT('',#2509);
#2509 = CARTESIAN_POINT('',(113.3,-12.2,13.59));
#2510 = LINE('',#2511,#2512);
#2511 = CARTESIAN_POINT('',(113.3,-12.2,13.59));
#2512 = VECTOR('',#2513,1.);
#2513 = DIRECTION('',(1.,0.,0.));
#2514 = ORIENTED_EDGE('',*,*,#2515,.F.);
#2515 = EDGE_CURVE('',#2516,#2508,#2518,.T.);
#2516 = VERTEX_POINT('',#2517);
#2517 = CARTESIAN_POINT('',(112.2,-13.3,13.59));
#2518 = CIRCLE('',#2519,1.1);
#2519 = AXIS2_PLACEMENT_3D('',#2520,#2521,#2522);
#2520 = CARTESIAN_POINT('',(113.3,-13.3,13.59));
#2521 = DIRECTION('',(0.,0.,-1.));
#2522 = DIRECTION('',(-1.,0.,0.));
#2523 = ORIENTED_EDGE('',*,*,#2524,.F.);
#2524 = EDGE_CURVE('',#2413,#2516,#2525,.T.);
#2525 = LINE('',#2526,#2527);
#2526 = CARTESIAN_POINT('',(112.2,-53.,13.59));
#2527 = VECTOR('',#2528,1.);
#2528 = DIRECTION('',(0.,1.,0.));
#2529 = PLANE('',#2530);
#2530 = AXIS2_PLACEMENT_3D('',#2531,#2532,#2533);
#2531 = CARTESIAN_POINT('',(122.95668743016,-39.09787768044,13.59));
#2532 = DIRECTION('',(-0.,-0.,-1.));
#2533 = DIRECTION('',(-1.,0.,0.));
#2534 = ADVANCED_FACE('',(#2535),#2546,.T.);
#2535 = FACE_BOUND('',#2536,.T.);
#2536 = EDGE_LOOP('',(#2537,#2543,#2544,#2545));
#2537 = ORIENTED_EDGE('',*,*,#2538,.T.);
#2538 = EDGE_CURVE('',#1943,#2135,#2539,.T.);
#2539 = LINE('',#2540,#2541);
#2540 = CARTESIAN_POINT('',(135.,-65.8,6.3));
#2541 = VECTOR('',#2542,1.);
#2542 = DIRECTION('',(0.,0.,1.));
#2543 = ORIENTED_EDGE('',*,*,#2142,.T.);
#2544 = ORIENTED_EDGE('',*,*,#989,.F.);
#2545 = ORIENTED_EDGE('',*,*,#1950,.F.);
#2546 = CYLINDRICAL_SURFACE('',#2547,1.2);
#2547 = AXIS2_PLACEMENT_3D('',#2548,#2549,#2550);
#2548 = CARTESIAN_POINT('',(133.8,-65.8,6.3));
#2549 = DIRECTION('',(0.,0.,-1.));
#2550 = DIRECTION('',(1.,0.,0.));
#2551 = ADVANCED_FACE('',(#2552),#2555,.F.);
#2552 = FACE_BOUND('',#2553,.T.);
#2553 = EDGE_LOOP('',(#2554));
#2554 = ORIENTED_EDGE('',*,*,#1094,.F.);
#2555 = PLANE('',#2556);
#2556 = AXIS2_PLACEMENT_3D('',#2557,#2558,#2559);
#2557 = CARTESIAN_POINT('',(113.,-52.8,6.8));
#2558 = DIRECTION('',(0.,0.,1.));
#2559 = DIRECTION('',(1.,0.,0.));
#2560 = ADVANCED_FACE('',(#2561),#2579,.T.);
#2561 = FACE_BOUND('',#2562,.T.);
#2562 = EDGE_LOOP('',(#2563,#2571,#2577,#2578));
#2563 = ORIENTED_EDGE('',*,*,#2564,.T.);
#2564 = EDGE_CURVE('',#1313,#2565,#2567,.T.);
#2565 = VERTEX_POINT('',#2566);
#2566 = CARTESIAN_POINT('',(135.,-63.9,9.2));
#2567 = LINE('',#2568,#2569);
#2568 = CARTESIAN_POINT('',(128.3,-63.9,9.2));
#2569 = VECTOR('',#2570,1.);
#2570 = DIRECTION('',(1.,0.,0.));
#2571 = ORIENTED_EDGE('',*,*,#2572,.F.);
#2572 = EDGE_CURVE('',#1935,#2565,#2573,.T.);
#2573 = LINE('',#2574,#2575);
#2574 = CARTESIAN_POINT('',(135.,-63.9,5.7));
#2575 = VECTOR('',#2576,1.);
#2576 = DIRECTION('',(0.,0.,1.));
#2577 = ORIENTED_EDGE('',*,*,#1934,.F.);
#2578 = ORIENTED_EDGE('',*,*,#1320,.F.);
#2579 = PLANE('',#2580);
#2580 = AXIS2_PLACEMENT_3D('',#2581,#2582,#2583);
#2581 = CARTESIAN_POINT('',(128.3,-63.9,5.1));
#2582 = DIRECTION('',(0.,1.,0.));
#2583 = DIRECTION('',(0.,0.,1.));
#2584 = ADVANCED_FACE('',(#2585),#2603,.F.);
#2585 = FACE_BOUND('',#2586,.F.);
#2586 = EDGE_LOOP('',(#2587,#2595,#2596,#2597));
#2587 = ORIENTED_EDGE('',*,*,#2588,.F.);
#2588 = EDGE_CURVE('',#1305,#2589,#2591,.T.);
#2589 = VERTEX_POINT('',#2590);
#2590 = CARTESIAN_POINT('',(135.,-55.4,9.2));
#2591 = LINE('',#2592,#2593);
#2592 = CARTESIAN_POINT('',(128.3,-55.4,9.2));
#2593 = VECTOR('',#2594,1.);
#2594 = DIRECTION('',(1.,0.,0.));
#2595 = ORIENTED_EDGE('',*,*,#1312,.F.);
#2596 = ORIENTED_EDGE('',*,*,#2564,.T.);
#2597 = ORIENTED_EDGE('',*,*,#2598,.F.);
#2598 = EDGE_CURVE('',#2589,#2565,#2599,.T.);
#2599 = LINE('',#2600,#2601);
#2600 = CARTESIAN_POINT('',(135.,-38.65,9.2));
#2601 = VECTOR('',#2602,1.);
#2602 = DIRECTION('',(0.,-1.,0.));
#2603 = PLANE('',#2604);
#2604 = AXIS2_PLACEMENT_3D('',#2605,#2606,#2607);
#2605 = CARTESIAN_POINT('',(128.3,-63.9,9.2));
#2606 = DIRECTION('',(0.,0.,1.));
#2607 = DIRECTION('',(1.,0.,0.));
#2608 = ADVANCED_FACE('',(#2609),#2620,.F.);
#2609 = FACE_BOUND('',#2610,.F.);
#2610 = EDGE_LOOP('',(#2611,#2612,#2618,#2619));
#2611 = ORIENTED_EDGE('',*,*,#2588,.T.);
#2612 = ORIENTED_EDGE('',*,*,#2613,.F.);
#2613 = EDGE_CURVE('',#2046,#2589,#2614,.T.);
#2614 = LINE('',#2615,#2616);
#2615 = CARTESIAN_POINT('',(135.,-55.4,5.7));
#2616 = VECTOR('',#2617,1.);
#2617 = DIRECTION('',(0.,0.,1.));
#2618 = ORIENTED_EDGE('',*,*,#2053,.F.);
#2619 = ORIENTED_EDGE('',*,*,#1304,.F.);
#2620 = PLANE('',#2621);
#2621 = AXIS2_PLACEMENT_3D('',#2622,#2623,#2624);
#2622 = CARTESIAN_POINT('',(128.3,-55.4,5.1));
#2623 = DIRECTION('',(0.,1.,0.));
#2624 = DIRECTION('',(0.,0.,1.));
#2625 = ADVANCED_FACE('',(#2626),#2638,.T.);
#2626 = FACE_BOUND('',#2627,.F.);
#2627 = EDGE_LOOP('',(#2628,#2629,#2630,#2637));
#2628 = ORIENTED_EDGE('',*,*,#2060,.F.);
#2629 = ORIENTED_EDGE('',*,*,#1272,.F.);
#2630 = ORIENTED_EDGE('',*,*,#2631,.T.);
#2631 = EDGE_CURVE('',#1273,#1281,#2632,.T.);
#2632 = CIRCLE('',#2633,1.85);
#2633 = AXIS2_PLACEMENT_3D('',#2634,#2635,#2636);
#2634 = CARTESIAN_POINT('',(133.,-52.8,11.6));
#2635 = DIRECTION('',(0.,0.,1.));
#2636 = DIRECTION('',(1.,0.,0.));
#2637 = ORIENTED_EDGE('',*,*,#1288,.T.);
#2638 = CYLINDRICAL_SURFACE('',#2639,1.85);
#2639 = AXIS2_PLACEMENT_3D('',#2640,#2641,#2642);
#2640 = CARTESIAN_POINT('',(133.,-52.8,6.3));
#2641 = DIRECTION('',(-0.,-0.,-1.));
#2642 = DIRECTION('',(1.,0.,0.));
#2643 = ADVANCED_FACE('',(#2644),#2648,.T.);
#2644 = FACE_BOUND('',#2645,.T.);
#2645 = EDGE_LOOP('',(#2646,#2647));
#2646 = ORIENTED_EDGE('',*,*,#1280,.T.);
#2647 = ORIENTED_EDGE('',*,*,#2631,.T.);
#2648 = PLANE('',#2649);
#2649 = AXIS2_PLACEMENT_3D('',#2650,#2651,#2652);
#2650 = CARTESIAN_POINT('',(133.,-52.8,11.6));
#2651 = DIRECTION('',(0.,0.,1.));
#2652 = DIRECTION('',(1.,0.,0.));
#2653 = ADVANCED_FACE('',(#2654,#2660,#2694),#2728,.F.);
#2654 = FACE_BOUND('',#2655,.F.);
#2655 = EDGE_LOOP('',(#2656,#2657,#2658,#2659));
#2656 = ORIENTED_EDGE('',*,*,#1721,.F.);
#2657 = ORIENTED_EDGE('',*,*,#1656,.T.);
#2658 = ORIENTED_EDGE('',*,*,#1680,.T.);
#2659 = ORIENTED_EDGE('',*,*,#1704,.F.);
#2660 = FACE_BOUND('',#2661,.F.);
#2661 = EDGE_LOOP('',(#2662,#2672,#2680,#2688));
#2662 = ORIENTED_EDGE('',*,*,#2663,.T.);
#2663 = EDGE_CURVE('',#2664,#2666,#2668,.T.);
#2664 = VERTEX_POINT('',#2665);
#2665 = CARTESIAN_POINT('',(129.85,-52.6,12.725));
#2666 = VERTEX_POINT('',#2667);
#2667 = CARTESIAN_POINT('',(116.15,-52.6,12.725));
#2668 = LINE('',#2669,#2670);
#2669 = CARTESIAN_POINT('',(115.6,-52.6,12.725));
#2670 = VECTOR('',#2671,1.);
#2671 = DIRECTION('',(-1.,0.,0.));
#2672 = ORIENTED_EDGE('',*,*,#2673,.T.);
#2673 = EDGE_CURVE('',#2666,#2674,#2676,.T.);
#2674 = VERTEX_POINT('',#2675);
#2675 = CARTESIAN_POINT('',(116.15,-49.1,12.725));
#2676 = LINE('',#2677,#2678);
#2677 = CARTESIAN_POINT('',(116.15,-52.8,12.725));
#2678 = VECTOR('',#2679,1.);
#2679 = DIRECTION('',(0.,1.,0.));
#2680 = ORIENTED_EDGE('',*,*,#2681,.F.);
#2681 = EDGE_CURVE('',#2682,#2674,#2684,.T.);
#2682 = VERTEX_POINT('',#2683);
#2683 = CARTESIAN_POINT('',(129.85,-49.1,12.725));
#2684 = LINE('',#2685,#2686);
#2685 = CARTESIAN_POINT('',(115.6,-49.1,12.725));
#2686 = VECTOR('',#2687,1.);
#2687 = DIRECTION('',(-1.,0.,0.));
#2688 = ORIENTED_EDGE('',*,*,#2689,.F.);
#2689 = EDGE_CURVE('',#2664,#2682,#2690,.T.);
#2690 = LINE('',#2691,#2692);
#2691 = CARTESIAN_POINT('',(129.85,-52.8,12.725));
#2692 = VECTOR('',#2693,1.);
#2693 = DIRECTION('',(0.,1.,0.));
#2694 = FACE_BOUND('',#2695,.F.);
#2695 = EDGE_LOOP('',(#2696,#2706,#2714,#2722));
#2696 = ORIENTED_EDGE('',*,*,#2697,.T.);
#2697 = EDGE_CURVE('',#2698,#2700,#2702,.T.);
#2698 = VERTEX_POINT('',#2699);
#2699 = CARTESIAN_POINT('',(129.95,-49.05,12.725));
#2700 = VERTEX_POINT('',#2701);
#2701 = CARTESIAN_POINT('',(116.05,-49.05,12.725));
#2702 = LINE('',#2703,#2704);
#2703 = CARTESIAN_POINT('',(115.55,-49.05,12.725));
#2704 = VECTOR('',#2705,1.);
#2705 = DIRECTION('',(-1.,0.,0.));
#2706 = ORIENTED_EDGE('',*,*,#2707,.T.);
#2707 = EDGE_CURVE('',#2700,#2708,#2710,.T.);
#2708 = VERTEX_POINT('',#2709);
#2709 = CARTESIAN_POINT('',(116.05,-18.55,12.725));
#2710 = LINE('',#2711,#2712);
#2711 = CARTESIAN_POINT('',(116.05,-51.025,12.725));
#2712 = VECTOR('',#2713,1.);
#2713 = DIRECTION('',(0.,1.,0.));
#2714 = ORIENTED_EDGE('',*,*,#2715,.F.);
#2715 = EDGE_CURVE('',#2716,#2708,#2718,.T.);
#2716 = VERTEX_POINT('',#2717);
#2717 = CARTESIAN_POINT('',(129.95,-18.55,12.725));
#2718 = LINE('',#2719,#2720);
#2719 = CARTESIAN_POINT('',(115.55,-18.55,12.725));
#2720 = VECTOR('',#2721,1.);
#2721 = DIRECTION('',(-1.,0.,0.));
#2722 = ORIENTED_EDGE('',*,*,#2723,.F.);
#2723 = EDGE_CURVE('',#2698,#2716,#2724,.T.);
#2724 = LINE('',#2725,#2726);
#2725 = CARTESIAN_POINT('',(129.95,-51.025,12.725));
#2726 = VECTOR('',#2727,1.);
#2727 = DIRECTION('',(0.,1.,0.));
#2728 = PLANE('',#2729);
#2729 = AXIS2_PLACEMENT_3D('',#2730,#2731,#2732);
#2730 = CARTESIAN_POINT('',(115.05,-53.,12.725));
#2731 = DIRECTION('',(0.,0.,1.));
#2732 = DIRECTION('',(1.,0.,0.));
#2733 = ADVANCED_FACE('',(#2734),#2753,.F.);
#2734 = FACE_BOUND('',#2735,.T.);
#2735 = EDGE_LOOP('',(#2736,#2737,#2745,#2752));
#2736 = ORIENTED_EDGE('',*,*,#1800,.T.);
#2737 = ORIENTED_EDGE('',*,*,#2738,.T.);
#2738 = EDGE_CURVE('',#1801,#2739,#2741,.T.);
#2739 = VERTEX_POINT('',#2740);
#2740 = CARTESIAN_POINT('',(124.4,-64.7,6.8));
#2741 = LINE('',#2742,#2743);
#2742 = CARTESIAN_POINT('',(124.4,-64.7,6.2));
#2743 = VECTOR('',#2744,1.);
#2744 = DIRECTION('',(0.,0.,1.));
#2745 = ORIENTED_EDGE('',*,*,#2746,.T.);
#2746 = EDGE_CURVE('',#2739,#2739,#2747,.T.);
#2747 = CIRCLE('',#2748,1.6);
#2748 = AXIS2_PLACEMENT_3D('',#2749,#2750,#2751);
#2749 = CARTESIAN_POINT('',(122.8,-64.7,6.8));
#2750 = DIRECTION('',(0.,0.,1.));
#2751 = DIRECTION('',(1.,0.,0.));
#2752 = ORIENTED_EDGE('',*,*,#2738,.F.);
#2753 = CYLINDRICAL_SURFACE('',#2754,1.6);
#2754 = AXIS2_PLACEMENT_3D('',#2755,#2756,#2757);
#2755 = CARTESIAN_POINT('',(122.8,-64.7,6.2));
#2756 = DIRECTION('',(-0.,-0.,-1.));
#2757 = DIRECTION('',(1.,0.,0.));
#2758 = ADVANCED_FACE('',(#2759),#2769,.T.);
#2759 = FACE_BOUND('',#2760,.T.);
#2760 = EDGE_LOOP('',(#2761,#2762,#2763,#2764,#2765,#2766,#2767,#2768));
#2761 = ORIENTED_EDGE('',*,*,#2045,.F.);
#2762 = ORIENTED_EDGE('',*,*,#2117,.T.);
#2763 = ORIENTED_EDGE('',*,*,#2134,.T.);
#2764 = ORIENTED_EDGE('',*,*,#2538,.F.);
#2765 = ORIENTED_EDGE('',*,*,#1942,.F.);
#2766 = ORIENTED_EDGE('',*,*,#2572,.T.);
#2767 = ORIENTED_EDGE('',*,*,#2598,.F.);
#2768 = ORIENTED_EDGE('',*,*,#2613,.F.);
#2769 = PLANE('',#2770);
#2770 = AXIS2_PLACEMENT_3D('',#2771,#2772,#2773);
#2771 = CARTESIAN_POINT('',(135.,-13.4,6.3));
#2772 = DIRECTION('',(1.,0.,0.));
#2773 = DIRECTION('',(0.,-1.,0.));
#2774 = ADVANCED_FACE('',(#2775),#2794,.F.);
#2775 = FACE_BOUND('',#2776,.T.);
#2776 = EDGE_LOOP('',(#2777,#2778,#2786,#2793));
#2777 = ORIENTED_EDGE('',*,*,#2090,.T.);
#2778 = ORIENTED_EDGE('',*,*,#2779,.T.);
#2779 = EDGE_CURVE('',#2091,#2780,#2782,.T.);
#2780 = VERTEX_POINT('',#2781);
#2781 = CARTESIAN_POINT('',(134.6,-52.8,6.8));
#2782 = LINE('',#2783,#2784);
#2783 = CARTESIAN_POINT('',(134.6,-52.8,6.2));
#2784 = VECTOR('',#2785,1.);
#2785 = DIRECTION('',(0.,0.,1.));
#2786 = ORIENTED_EDGE('',*,*,#2787,.T.);
#2787 = EDGE_CURVE('',#2780,#2780,#2788,.T.);
#2788 = CIRCLE('',#2789,1.6);
#2789 = AXIS2_PLACEMENT_3D('',#2790,#2791,#2792);
#2790 = CARTESIAN_POINT('',(133.,-52.8,6.8));
#2791 = DIRECTION('',(0.,0.,1.));
#2792 = DIRECTION('',(1.,0.,0.));
#2793 = ORIENTED_EDGE('',*,*,#2779,.F.);
#2794 = CYLINDRICAL_SURFACE('',#2795,1.6);
#2795 = AXIS2_PLACEMENT_3D('',#2796,#2797,#2798);
#2796 = CARTESIAN_POINT('',(133.,-52.8,6.2));
#2797 = DIRECTION('',(-0.,-0.,-1.));
#2798 = DIRECTION('',(1.,0.,0.));
#2799 = ADVANCED_FACE('',(#2800),#2810,.T.);
#2800 = FACE_BOUND('',#2801,.F.);
#2801 = EDGE_LOOP('',(#2802,#2803,#2804,#2805,#2806,#2807,#2808,#2809));
#2802 = ORIENTED_EDGE('',*,*,#2155,.T.);
#2803 = ORIENTED_EDGE('',*,*,#2216,.T.);
#2804 = ORIENTED_EDGE('',*,*,#2208,.T.);
#2805 = ORIENTED_EDGE('',*,*,#2199,.T.);
#2806 = ORIENTED_EDGE('',*,*,#2191,.T.);
#2807 = ORIENTED_EDGE('',*,*,#2182,.T.);
#2808 = ORIENTED_EDGE('',*,*,#2174,.T.);
#2809 = ORIENTED_EDGE('',*,*,#2165,.T.);
#2810 = PLANE('',#2811);
#2811 = AXIS2_PLACEMENT_3D('',#2812,#2813,#2814);
#2812 = CARTESIAN_POINT('',(123.,-65.325,13.59));
#2813 = DIRECTION('',(0.,0.,1.));
#2814 = DIRECTION('',(1.,0.,0.));
#2815 = ADVANCED_FACE('',(#2816),#2826,.T.);
#2816 = FACE_BOUND('',#2817,.F.);
#2817 = EDGE_LOOP('',(#2818,#2819,#2820,#2821,#2822,#2823,#2824,#2825));
#2818 = ORIENTED_EDGE('',*,*,#2225,.T.);
#2819 = ORIENTED_EDGE('',*,*,#2286,.T.);
#2820 = ORIENTED_EDGE('',*,*,#2278,.T.);
#2821 = ORIENTED_EDGE('',*,*,#2269,.T.);
#2822 = ORIENTED_EDGE('',*,*,#2261,.T.);
#2823 = ORIENTED_EDGE('',*,*,#2252,.T.);
#2824 = ORIENTED_EDGE('',*,*,#2244,.T.);
#2825 = ORIENTED_EDGE('',*,*,#2235,.T.);
#2826 = PLANE('',#2827);
#2827 = AXIS2_PLACEMENT_3D('',#2828,#2829,#2830);
#2828 = CARTESIAN_POINT('',(123.,-63.775,13.59));
#2829 = DIRECTION('',(0.,0.,1.));
#2830 = DIRECTION('',(1.,0.,0.));
#2831 = ADVANCED_FACE('',(#2832),#2842,.T.);
#2832 = FACE_BOUND('',#2833,.F.);
#2833 = EDGE_LOOP('',(#2834,#2835,#2836,#2837,#2838,#2839,#2840,#2841));
#2834 = ORIENTED_EDGE('',*,*,#2295,.T.);
#2835 = ORIENTED_EDGE('',*,*,#2356,.T.);
#2836 = ORIENTED_EDGE('',*,*,#2348,.T.);
#2837 = ORIENTED_EDGE('',*,*,#2339,.T.);
#2838 = ORIENTED_EDGE('',*,*,#2331,.T.);
#2839 = ORIENTED_EDGE('',*,*,#2322,.T.);
#2840 = ORIENTED_EDGE('',*,*,#2314,.T.);
#2841 = ORIENTED_EDGE('',*,*,#2305,.T.);
#2842 = PLANE('',#2843);
#2843 = AXIS2_PLACEMENT_3D('',#2844,#2845,#2846);
#2844 = CARTESIAN_POINT('',(123.,-62.225,13.59));
#2845 = DIRECTION('',(0.,0.,1.));
#2846 = DIRECTION('',(1.,0.,0.));
#2847 = ADVANCED_FACE('',(#2848,#2873),#2884,.T.);
#2848 = FACE_BOUND('',#2849,.T.);
#2849 = EDGE_LOOP('',(#2850,#2858,#2859,#2867));
#2850 = ORIENTED_EDGE('',*,*,#2851,.T.);
#2851 = EDGE_CURVE('',#2852,#2366,#2854,.T.);
#2852 = VERTEX_POINT('',#2853);
#2853 = CARTESIAN_POINT('',(119.2,-57.8,13.59));
#2854 = LINE('',#2855,#2856);
#2855 = CARTESIAN_POINT('',(119.2,-57.8,13.59));
#2856 = VECTOR('',#2857,1.);
#2857 = DIRECTION('',(1.,0.,0.));
#2858 = ORIENTED_EDGE('',*,*,#2365,.T.);
#2859 = ORIENTED_EDGE('',*,*,#2860,.F.);
#2860 = EDGE_CURVE('',#2861,#2368,#2863,.T.);
#2861 = VERTEX_POINT('',#2862);
#2862 = CARTESIAN_POINT('',(119.2,-58.7,13.59));
#2863 = LINE('',#2864,#2865);
#2864 = CARTESIAN_POINT('',(119.2,-58.7,13.59));
#2865 = VECTOR('',#2866,1.);
#2866 = DIRECTION('',(1.,0.,0.));
#2867 = ORIENTED_EDGE('',*,*,#2868,.T.);
#2868 = EDGE_CURVE('',#2861,#2852,#2869,.T.);
#2869 = LINE('',#2870,#2871);
#2870 = CARTESIAN_POINT('',(119.2,-58.7,13.59));
#2871 = VECTOR('',#2872,1.);
#2872 = DIRECTION('',(0.,1.,0.));
#2873 = FACE_BOUND('',#2874,.T.);
#2874 = EDGE_LOOP('',(#2875));
#2875 = ORIENTED_EDGE('',*,*,#2876,.F.);
#2876 = EDGE_CURVE('',#2877,#2877,#2879,.T.);
#2877 = VERTEX_POINT('',#2878);
#2878 = CARTESIAN_POINT('',(117.9,-58.25,13.59));
#2879 = CIRCLE('',#2880,0.9);
#2880 = AXIS2_PLACEMENT_3D('',#2881,#2882,#2883);
#2881 = CARTESIAN_POINT('',(117.,-58.25,13.59));
#2882 = DIRECTION('',(0.,0.,1.));
#2883 = DIRECTION('',(1.,0.,0.));
#2884 = PLANE('',#2885);
#2885 = AXIS2_PLACEMENT_3D('',#2886,#2887,#2888);
#2886 = CARTESIAN_POINT('',(117.,-58.25,13.59));
#2887 = DIRECTION('',(0.,0.,1.));
#2888 = DIRECTION('',(1.,0.,0.));
#2889 = ADVANCED_FACE('',(#2890),#2919,.T.);
#2890 = FACE_BOUND('',#2891,.T.);
#2891 = EDGE_LOOP('',(#2892,#2893,#2894,#2895,#2903,#2911,#2917,#2918));
#2892 = ORIENTED_EDGE('',*,*,#2868,.F.);
#2893 = ORIENTED_EDGE('',*,*,#2860,.T.);
#2894 = ORIENTED_EDGE('',*,*,#2376,.T.);
#2895 = ORIENTED_EDGE('',*,*,#2896,.T.);
#2896 = EDGE_CURVE('',#2377,#2897,#2899,.T.);
#2897 = VERTEX_POINT('',#2898);
#2898 = CARTESIAN_POINT('',(126.8,-58.7,13.59));
#2899 = LINE('',#2900,#2901);
#2900 = CARTESIAN_POINT('',(119.2,-58.7,13.59));
#2901 = VECTOR('',#2902,1.);
#2902 = DIRECTION('',(1.,0.,0.));
#2903 = ORIENTED_EDGE('',*,*,#2904,.T.);
#2904 = EDGE_CURVE('',#2897,#2905,#2907,.T.);
#2905 = VERTEX_POINT('',#2906);
#2906 = CARTESIAN_POINT('',(126.8,-57.8,13.59));
#2907 = LINE('',#2908,#2909);
#2908 = CARTESIAN_POINT('',(126.8,-58.7,13.59));
#2909 = VECTOR('',#2910,1.);
#2910 = DIRECTION('',(0.,1.,0.));
#2911 = ORIENTED_EDGE('',*,*,#2912,.F.);
#2912 = EDGE_CURVE('',#2394,#2905,#2913,.T.);
#2913 = LINE('',#2914,#2915);
#2914 = CARTESIAN_POINT('',(119.2,-57.8,13.59));
#2915 = VECTOR('',#2916,1.);
#2916 = DIRECTION('',(1.,0.,0.));
#2917 = ORIENTED_EDGE('',*,*,#2402,.F.);
#2918 = ORIENTED_EDGE('',*,*,#2851,.F.);
#2919 = PLANE('',#2920);
#2920 = AXIS2_PLACEMENT_3D('',#2921,#2922,#2923);
#2921 = CARTESIAN_POINT('',(119.2,-58.7,13.59));
#2922 = DIRECTION('',(0.,0.,1.));
#2923 = DIRECTION('',(1.,0.,0.));
#2924 = ADVANCED_FACE('',(#2925,#2932),#2943,.T.);
#2925 = FACE_BOUND('',#2926,.T.);
#2926 = EDGE_LOOP('',(#2927,#2928,#2929,#2930,#2931));
#2927 = ORIENTED_EDGE('',*,*,#2384,.T.);
#2928 = ORIENTED_EDGE('',*,*,#2393,.T.);
#2929 = ORIENTED_EDGE('',*,*,#2912,.T.);
#2930 = ORIENTED_EDGE('',*,*,#2904,.F.);
#2931 = ORIENTED_EDGE('',*,*,#2896,.F.);
#2932 = FACE_BOUND('',#2933,.T.);
#2933 = EDGE_LOOP('',(#2934));
#2934 = ORIENTED_EDGE('',*,*,#2935,.F.);
#2935 = EDGE_CURVE('',#2936,#2936,#2938,.T.);
#2936 = VERTEX_POINT('',#2937);
#2937 = CARTESIAN_POINT('',(129.9,-58.25,13.59));
#2938 = CIRCLE('',#2939,0.9);
#2939 = AXIS2_PLACEMENT_3D('',#2940,#2941,#2942);
#2940 = CARTESIAN_POINT('',(129.,-58.25,13.59));
#2941 = DIRECTION('',(0.,0.,1.));
#2942 = DIRECTION('',(1.,0.,0.));
#2943 = PLANE('',#2944);
#2944 = AXIS2_PLACEMENT_3D('',#2945,#2946,#2947);
#2945 = CARTESIAN_POINT('',(129.,-58.25,13.59));
#2946 = DIRECTION('',(0.,0.,1.));
#2947 = DIRECTION('',(1.,0.,0.));
#2948 = ADVANCED_FACE('',(#2949,#2982,#3052),#3086,.T.);
#2949 = FACE_BOUND('',#2950,.T.);
#2950 = EDGE_LOOP('',(#2951,#2952,#2953,#2954,#2955,#2964,#2972,#2979,
    #2980,#2981));
#2951 = ORIENTED_EDGE('',*,*,#2507,.F.);
#2952 = ORIENTED_EDGE('',*,*,#2515,.F.);
#2953 = ORIENTED_EDGE('',*,*,#2524,.F.);
#2954 = ORIENTED_EDGE('',*,*,#2410,.F.);
#2955 = ORIENTED_EDGE('',*,*,#2956,.T.);
#2956 = EDGE_CURVE('',#2411,#2957,#2959,.T.);
#2957 = VERTEX_POINT('',#2958);
#2958 = CARTESIAN_POINT('',(112.8,-53.7,13.59));
#2959 = CIRCLE('',#2960,0.3);
#2960 = AXIS2_PLACEMENT_3D('',#2961,#2962,#2963);
#2961 = CARTESIAN_POINT('',(112.8,-54.,13.59));
#2962 = DIRECTION('',(0.,0.,-1.));
#2963 = DIRECTION('',(-1.,2.368E-14,0.));
#2964 = ORIENTED_EDGE('',*,*,#2965,.T.);
#2965 = EDGE_CURVE('',#2957,#2966,#2968,.T.);
#2966 = VERTEX_POINT('',#2967);
#2967 = CARTESIAN_POINT('',(133.2,-53.7,13.59));
#2968 = LINE('',#2969,#2970);
#2969 = CARTESIAN_POINT('',(112.8,-53.7,13.59));
#2970 = VECTOR('',#2971,1.);
#2971 = DIRECTION('',(1.,0.,0.));
#2972 = ORIENTED_EDGE('',*,*,#2973,.T.);
#2973 = EDGE_CURVE('',#2966,#2473,#2974,.T.);
#2974 = CIRCLE('',#2975,0.3);
#2975 = AXIS2_PLACEMENT_3D('',#2976,#2977,#2978);
#2976 = CARTESIAN_POINT('',(133.2,-54.,13.59));
#2977 = DIRECTION('',(0.,0.,-1.));
#2978 = DIRECTION('',(-9.474E-14,1.,0.));
#2979 = ORIENTED_EDGE('',*,*,#2481,.F.);
#2980 = ORIENTED_EDGE('',*,*,#2490,.F.);
#2981 = ORIENTED_EDGE('',*,*,#2498,.F.);
#2982 = FACE_BOUND('',#2983,.T.);
#2983 = EDGE_LOOP('',(#2984,#2995,#3003,#3012,#3020,#3029,#3037,#3046));
#2984 = ORIENTED_EDGE('',*,*,#2985,.T.);
#2985 = EDGE_CURVE('',#2986,#2988,#2990,.T.);
#2986 = VERTEX_POINT('',#2987);
#2987 = CARTESIAN_POINT('',(114.45,-14.95,13.59));
#2988 = VERTEX_POINT('',#2989);
#2989 = CARTESIAN_POINT('',(114.75,-14.65,13.59));
#2990 = CIRCLE('',#2991,0.3);
#2991 = AXIS2_PLACEMENT_3D('',#2992,#2993,#2994);
#2992 = CARTESIAN_POINT('',(114.75,-14.95,13.59));
#2993 = DIRECTION('',(0.,0.,-1.));
#2994 = DIRECTION('',(-1.,-5.92E-15,-0.));
#2995 = ORIENTED_EDGE('',*,*,#2996,.T.);
#2996 = EDGE_CURVE('',#2988,#2997,#2999,.T.);
#2997 = VERTEX_POINT('',#2998);
#2998 = CARTESIAN_POINT('',(130.85,-14.65,13.59));
#2999 = LINE('',#3000,#3001);
#3000 = CARTESIAN_POINT('',(114.75,-14.65,13.59));
#3001 = VECTOR('',#3002,1.);
#3002 = DIRECTION('',(1.,0.,0.));
#3003 = ORIENTED_EDGE('',*,*,#3004,.T.);
#3004 = EDGE_CURVE('',#2997,#3005,#3007,.T.);
#3005 = VERTEX_POINT('',#3006);
#3006 = CARTESIAN_POINT('',(131.15,-14.95,13.59));
#3007 = CIRCLE('',#3008,0.3);
#3008 = AXIS2_PLACEMENT_3D('',#3009,#3010,#3011);
#3009 = CARTESIAN_POINT('',(130.85,-14.95,13.59));
#3010 = DIRECTION('',(0.,0.,-1.));
#3011 = DIRECTION('',(-9.474E-14,1.,0.));
#3012 = ORIENTED_EDGE('',*,*,#3013,.T.);
#3013 = EDGE_CURVE('',#3005,#3014,#3016,.T.);
#3014 = VERTEX_POINT('',#3015);
#3015 = CARTESIAN_POINT('',(131.15,-52.95,13.59));
#3016 = LINE('',#3017,#3018);
#3017 = CARTESIAN_POINT('',(131.15,-14.95,13.59));
#3018 = VECTOR('',#3019,1.);
#3019 = DIRECTION('',(0.,-1.,0.));
#3020 = ORIENTED_EDGE('',*,*,#3021,.T.);
#3021 = EDGE_CURVE('',#3014,#3022,#3024,.T.);
#3022 = VERTEX_POINT('',#3023);
#3023 = CARTESIAN_POINT('',(130.85,-53.25,13.59));
#3024 = CIRCLE('',#3025,0.3);
#3025 = AXIS2_PLACEMENT_3D('',#3026,#3027,#3028);
#3026 = CARTESIAN_POINT('',(130.85,-52.95,13.59));
#3027 = DIRECTION('',(0.,0.,-1.));
#3028 = DIRECTION('',(1.,4.737E-14,0.));
#3029 = ORIENTED_EDGE('',*,*,#3030,.T.);
#3030 = EDGE_CURVE('',#3022,#3031,#3033,.T.);
#3031 = VERTEX_POINT('',#3032);
#3032 = CARTESIAN_POINT('',(114.75,-53.25,13.59));
#3033 = LINE('',#3034,#3035);
#3034 = CARTESIAN_POINT('',(130.85,-53.25,13.59));
#3035 = VECTOR('',#3036,1.);
#3036 = DIRECTION('',(-1.,0.,0.));
#3037 = ORIENTED_EDGE('',*,*,#3038,.T.);
#3038 = EDGE_CURVE('',#3031,#3039,#3041,.T.);
#3039 = VERTEX_POINT('',#3040);
#3040 = CARTESIAN_POINT('',(114.45,-52.95,13.59));
#3041 = CIRCLE('',#3042,0.3);
#3042 = AXIS2_PLACEMENT_3D('',#3043,#3044,#3045);
#3043 = CARTESIAN_POINT('',(114.75,-52.95,13.59));
#3044 = DIRECTION('',(0.,0.,-1.));
#3045 = DIRECTION('',(0.,-1.,0.));
#3046 = ORIENTED_EDGE('',*,*,#3047,.T.);
#3047 = EDGE_CURVE('',#3039,#2986,#3048,.T.);
#3048 = LINE('',#3049,#3050);
#3049 = CARTESIAN_POINT('',(114.45,-52.95,13.59));
#3050 = VECTOR('',#3051,1.);
#3051 = DIRECTION('',(0.,1.,0.));
#3052 = FACE_BOUND('',#3053,.T.);
#3053 = EDGE_LOOP('',(#3054,#3064,#3072,#3080));
#3054 = ORIENTED_EDGE('',*,*,#3055,.T.);
#3055 = EDGE_CURVE('',#3056,#3058,#3060,.T.);
#3056 = VERTEX_POINT('',#3057);
#3057 = CARTESIAN_POINT('',(128.15,-14.3,13.59));
#3058 = VERTEX_POINT('',#3059);
#3059 = CARTESIAN_POINT('',(126.2,-12.3,13.59));
#3060 = LINE('',#3061,#3062);
#3061 = CARTESIAN_POINT('',(128.15,-14.3,13.59));
#3062 = VECTOR('',#3063,1.);
#3063 = DIRECTION('',(-0.69810013613,0.71600013962,0.));
#3064 = ORIENTED_EDGE('',*,*,#3065,.T.);
#3065 = EDGE_CURVE('',#3058,#3066,#3068,.T.);
#3066 = VERTEX_POINT('',#3067);
#3067 = CARTESIAN_POINT('',(128.4,-12.3,13.59));
#3068 = LINE('',#3069,#3070);
#3069 = CARTESIAN_POINT('',(126.2,-12.3,13.59));
#3070 = VECTOR('',#3071,1.);
#3071 = DIRECTION('',(1.,0.,0.));
#3072 = ORIENTED_EDGE('',*,*,#3073,.T.);
#3073 = EDGE_CURVE('',#3066,#3074,#3076,.T.);
#3074 = VERTEX_POINT('',#3075);
#3075 = CARTESIAN_POINT('',(130.35,-14.3,13.59));
#3076 = LINE('',#3077,#3078);
#3077 = CARTESIAN_POINT('',(128.4,-12.3,13.59));
#3078 = VECTOR('',#3079,1.);
#3079 = DIRECTION('',(0.69810013613,-0.71600013962,0.));
#3080 = ORIENTED_EDGE('',*,*,#3081,.T.);
#3081 = EDGE_CURVE('',#3074,#3056,#3082,.T.);
#3082 = LINE('',#3083,#3084);
#3083 = CARTESIAN_POINT('',(130.35,-14.3,13.59));
#3084 = VECTOR('',#3085,1.);
#3085 = DIRECTION('',(-1.,0.,0.));
#3086 = PLANE('',#3087);
#3087 = AXIS2_PLACEMENT_3D('',#3088,#3089,#3090);
#3088 = CARTESIAN_POINT('',(123.,-33.15,13.59));
#3089 = DIRECTION('',(0.,0.,1.));
#3090 = DIRECTION('',(1.,0.,0.));
#3091 = ADVANCED_FACE('',(#3092),#3104,.T.);
#3092 = FACE_BOUND('',#3093,.F.);
#3093 = EDGE_LOOP('',(#3094,#3095,#3096,#3097,#3098,#3099,#3100,#3101,
    #3102,#3103));
#3094 = ORIENTED_EDGE('',*,*,#2965,.T.);
#3095 = ORIENTED_EDGE('',*,*,#2973,.T.);
#3096 = ORIENTED_EDGE('',*,*,#2472,.T.);
#3097 = ORIENTED_EDGE('',*,*,#2464,.T.);
#3098 = ORIENTED_EDGE('',*,*,#2455,.T.);
#3099 = ORIENTED_EDGE('',*,*,#2447,.T.);
#3100 = ORIENTED_EDGE('',*,*,#2438,.T.);
#3101 = ORIENTED_EDGE('',*,*,#2430,.T.);
#3102 = ORIENTED_EDGE('',*,*,#2421,.T.);
#3103 = ORIENTED_EDGE('',*,*,#2956,.T.);
#3104 = PLANE('',#3105);
#3105 = AXIS2_PLACEMENT_3D('',#3106,#3107,#3108);
#3106 = CARTESIAN_POINT('',(123.,-54.35,13.59));
#3107 = DIRECTION('',(0.,0.,1.));
#3108 = DIRECTION('',(1.,0.,0.));
#3109 = ADVANCED_FACE('',(#3110),#3135,.T.);
#3110 = FACE_BOUND('',#3111,.T.);
#3111 = EDGE_LOOP('',(#3112,#3113,#3121,#3129));
#3112 = ORIENTED_EDGE('',*,*,#2663,.T.);
#3113 = ORIENTED_EDGE('',*,*,#3114,.T.);
#3114 = EDGE_CURVE('',#2666,#3115,#3117,.T.);
#3115 = VERTEX_POINT('',#3116);
#3116 = CARTESIAN_POINT('',(116.15,-52.6,13.19));
#3117 = LINE('',#3118,#3119);
#3118 = CARTESIAN_POINT('',(116.15,-52.6,10.9));
#3119 = VECTOR('',#3120,1.);
#3120 = DIRECTION('',(0.,0.,1.));
#3121 = ORIENTED_EDGE('',*,*,#3122,.T.);
#3122 = EDGE_CURVE('',#3115,#3123,#3125,.T.);
#3123 = VERTEX_POINT('',#3124);
#3124 = CARTESIAN_POINT('',(129.85,-52.6,13.19));
#3125 = LINE('',#3126,#3127);
#3126 = CARTESIAN_POINT('',(116.15,-52.6,13.19));
#3127 = VECTOR('',#3128,1.);
#3128 = DIRECTION('',(1.,0.,0.));
#3129 = ORIENTED_EDGE('',*,*,#3130,.F.);
#3130 = EDGE_CURVE('',#2664,#3123,#3131,.T.);
#3131 = LINE('',#3132,#3133);
#3132 = CARTESIAN_POINT('',(129.85,-52.6,10.9));
#3133 = VECTOR('',#3134,1.);
#3134 = DIRECTION('',(0.,0.,1.));
#3135 = PLANE('',#3136);
#3136 = AXIS2_PLACEMENT_3D('',#3137,#3138,#3139);
#3137 = CARTESIAN_POINT('',(116.15,-52.6,10.9));
#3138 = DIRECTION('',(0.,1.,0.));
#3139 = DIRECTION('',(0.,0.,1.));
#3140 = ADVANCED_FACE('',(#3141),#3159,.F.);
#3141 = FACE_BOUND('',#3142,.F.);
#3142 = EDGE_LOOP('',(#3143,#3144,#3145,#3153));
#3143 = ORIENTED_EDGE('',*,*,#3130,.F.);
#3144 = ORIENTED_EDGE('',*,*,#2689,.T.);
#3145 = ORIENTED_EDGE('',*,*,#3146,.T.);
#3146 = EDGE_CURVE('',#2682,#3147,#3149,.T.);
#3147 = VERTEX_POINT('',#3148);
#3148 = CARTESIAN_POINT('',(129.85,-49.1,13.19));
#3149 = LINE('',#3150,#3151);
#3150 = CARTESIAN_POINT('',(129.85,-49.1,10.9));
#3151 = VECTOR('',#3152,1.);
#3152 = DIRECTION('',(0.,0.,1.));
#3153 = ORIENTED_EDGE('',*,*,#3154,.F.);
#3154 = EDGE_CURVE('',#3123,#3147,#3155,.T.);
#3155 = LINE('',#3156,#3157);
#3156 = CARTESIAN_POINT('',(129.85,-52.6,13.19));
#3157 = VECTOR('',#3158,1.);
#3158 = DIRECTION('',(0.,1.,0.));
#3159 = PLANE('',#3160);
#3160 = AXIS2_PLACEMENT_3D('',#3161,#3162,#3163);
#3161 = CARTESIAN_POINT('',(129.85,-52.6,10.9));
#3162 = DIRECTION('',(1.,0.,0.));
#3163 = DIRECTION('',(0.,0.,1.));
#3164 = ADVANCED_FACE('',(#3165),#3183,.T.);
#3165 = FACE_BOUND('',#3166,.T.);
#3166 = EDGE_LOOP('',(#3167,#3168,#3169,#3177));
#3167 = ORIENTED_EDGE('',*,*,#3114,.F.);
#3168 = ORIENTED_EDGE('',*,*,#2673,.T.);
#3169 = ORIENTED_EDGE('',*,*,#3170,.T.);
#3170 = EDGE_CURVE('',#2674,#3171,#3173,.T.);
#3171 = VERTEX_POINT('',#3172);
#3172 = CARTESIAN_POINT('',(116.15,-49.1,13.19));
#3173 = LINE('',#3174,#3175);
#3174 = CARTESIAN_POINT('',(116.15,-49.1,10.9));
#3175 = VECTOR('',#3176,1.);
#3176 = DIRECTION('',(0.,0.,1.));
#3177 = ORIENTED_EDGE('',*,*,#3178,.F.);
#3178 = EDGE_CURVE('',#3115,#3171,#3179,.T.);
#3179 = LINE('',#3180,#3181);
#3180 = CARTESIAN_POINT('',(116.15,-52.6,13.19));
#3181 = VECTOR('',#3182,1.);
#3182 = DIRECTION('',(0.,1.,0.));
#3183 = PLANE('',#3184);
#3184 = AXIS2_PLACEMENT_3D('',#3185,#3186,#3187);
#3185 = CARTESIAN_POINT('',(116.15,-52.6,10.9));
#3186 = DIRECTION('',(1.,0.,0.));
#3187 = DIRECTION('',(0.,0.,1.));
#3188 = ADVANCED_FACE('',(#3189),#3200,.F.);
#3189 = FACE_BOUND('',#3190,.F.);
#3190 = EDGE_LOOP('',(#3191,#3192,#3193,#3199));
#3191 = ORIENTED_EDGE('',*,*,#2681,.T.);
#3192 = ORIENTED_EDGE('',*,*,#3170,.T.);
#3193 = ORIENTED_EDGE('',*,*,#3194,.T.);
#3194 = EDGE_CURVE('',#3171,#3147,#3195,.T.);
#3195 = LINE('',#3196,#3197);
#3196 = CARTESIAN_POINT('',(116.15,-49.1,13.19));
#3197 = VECTOR('',#3198,1.);
#3198 = DIRECTION('',(1.,0.,0.));
#3199 = ORIENTED_EDGE('',*,*,#3146,.F.);
#3200 = PLANE('',#3201);
#3201 = AXIS2_PLACEMENT_3D('',#3202,#3203,#3204);
#3202 = CARTESIAN_POINT('',(116.15,-49.1,10.9));
#3203 = DIRECTION('',(0.,1.,0.));
#3204 = DIRECTION('',(0.,0.,1.));
#3205 = ADVANCED_FACE('',(#3206),#3231,.T.);
#3206 = FACE_BOUND('',#3207,.T.);
#3207 = EDGE_LOOP('',(#3208,#3216,#3217,#3225));
#3208 = ORIENTED_EDGE('',*,*,#3209,.F.);
#3209 = EDGE_CURVE('',#2698,#3210,#3212,.T.);
#3210 = VERTEX_POINT('',#3211);
#3211 = CARTESIAN_POINT('',(129.95,-49.05,13.59));
#3212 = LINE('',#3213,#3214);
#3213 = CARTESIAN_POINT('',(129.95,-49.05,12.39));
#3214 = VECTOR('',#3215,1.);
#3215 = DIRECTION('',(0.,0.,1.));
#3216 = ORIENTED_EDGE('',*,*,#2697,.T.);
#3217 = ORIENTED_EDGE('',*,*,#3218,.T.);
#3218 = EDGE_CURVE('',#2700,#3219,#3221,.T.);
#3219 = VERTEX_POINT('',#3220);
#3220 = CARTESIAN_POINT('',(116.05,-49.05,13.59));
#3221 = LINE('',#3222,#3223);
#3222 = CARTESIAN_POINT('',(116.05,-49.05,12.39));
#3223 = VECTOR('',#3224,1.);
#3224 = DIRECTION('',(0.,0.,1.));
#3225 = ORIENTED_EDGE('',*,*,#3226,.T.);
#3226 = EDGE_CURVE('',#3219,#3210,#3227,.T.);
#3227 = LINE('',#3228,#3229);
#3228 = CARTESIAN_POINT('',(119.50334371508,-49.05,13.59));
#3229 = VECTOR('',#3230,1.);
#3230 = DIRECTION('',(1.,0.,0.));
#3231 = PLANE('',#3232);
#3232 = AXIS2_PLACEMENT_3D('',#3233,#3234,#3235);
#3233 = CARTESIAN_POINT('',(116.05,-49.05,12.39));
#3234 = DIRECTION('',(0.,1.,0.));
#3235 = DIRECTION('',(0.,0.,1.));
#3236 = ADVANCED_FACE('',(#3237),#3255,.F.);
#3237 = FACE_BOUND('',#3238,.F.);
#3238 = EDGE_LOOP('',(#3239,#3240,#3241,#3249));
#3239 = ORIENTED_EDGE('',*,*,#3209,.F.);
#3240 = ORIENTED_EDGE('',*,*,#2723,.T.);
#3241 = ORIENTED_EDGE('',*,*,#3242,.T.);
#3242 = EDGE_CURVE('',#2716,#3243,#3245,.T.);
#3243 = VERTEX_POINT('',#3244);
#3244 = CARTESIAN_POINT('',(129.95,-18.55,13.59));
#3245 = LINE('',#3246,#3247);
#3246 = CARTESIAN_POINT('',(129.95,-18.55,12.39));
#3247 = VECTOR('',#3248,1.);
#3248 = DIRECTION('',(0.,0.,1.));
#3249 = ORIENTED_EDGE('',*,*,#3250,.T.);
#3250 = EDGE_CURVE('',#3243,#3210,#3251,.T.);
#3251 = LINE('',#3252,#3253);
#3252 = CARTESIAN_POINT('',(129.95,-44.07393884022,13.59));
#3253 = VECTOR('',#3254,1.);
#3254 = DIRECTION('',(0.,-1.,0.));
#3255 = PLANE('',#3256);
#3256 = AXIS2_PLACEMENT_3D('',#3257,#3258,#3259);
#3257 = CARTESIAN_POINT('',(129.95,-49.05,12.39));
#3258 = DIRECTION('',(1.,0.,0.));
#3259 = DIRECTION('',(0.,0.,1.));
#3260 = ADVANCED_FACE('',(#3261),#3279,.F.);
#3261 = FACE_BOUND('',#3262,.F.);
#3262 = EDGE_LOOP('',(#3263,#3264,#3265,#3273));
#3263 = ORIENTED_EDGE('',*,*,#3242,.F.);
#3264 = ORIENTED_EDGE('',*,*,#2715,.T.);
#3265 = ORIENTED_EDGE('',*,*,#3266,.T.);
#3266 = EDGE_CURVE('',#2708,#3267,#3269,.T.);
#3267 = VERTEX_POINT('',#3268);
#3268 = CARTESIAN_POINT('',(116.05,-18.55,13.59));
#3269 = LINE('',#3270,#3271);
#3270 = CARTESIAN_POINT('',(116.05,-18.55,12.39));
#3271 = VECTOR('',#3272,1.);
#3272 = DIRECTION('',(0.,0.,1.));
#3273 = ORIENTED_EDGE('',*,*,#3274,.T.);
#3274 = EDGE_CURVE('',#3267,#3243,#3275,.T.);
#3275 = LINE('',#3276,#3277);
#3276 = CARTESIAN_POINT('',(119.50334371508,-18.55,13.59));
#3277 = VECTOR('',#3278,1.);
#3278 = DIRECTION('',(1.,0.,0.));
#3279 = PLANE('',#3280);
#3280 = AXIS2_PLACEMENT_3D('',#3281,#3282,#3283);
#3281 = CARTESIAN_POINT('',(116.05,-18.55,12.39));
#3282 = DIRECTION('',(0.,1.,0.));
#3283 = DIRECTION('',(0.,0.,1.));
#3284 = ADVANCED_FACE('',(#3285),#3296,.T.);
#3285 = FACE_BOUND('',#3286,.T.);
#3286 = EDGE_LOOP('',(#3287,#3288,#3289,#3290));
#3287 = ORIENTED_EDGE('',*,*,#3218,.F.);
#3288 = ORIENTED_EDGE('',*,*,#2707,.T.);
#3289 = ORIENTED_EDGE('',*,*,#3266,.T.);
#3290 = ORIENTED_EDGE('',*,*,#3291,.T.);
#3291 = EDGE_CURVE('',#3267,#3219,#3292,.T.);
#3292 = LINE('',#3293,#3294);
#3293 = CARTESIAN_POINT('',(116.05,-44.07393884022,13.59));
#3294 = VECTOR('',#3295,1.);
#3295 = DIRECTION('',(0.,-1.,0.));
#3296 = PLANE('',#3297);
#3297 = AXIS2_PLACEMENT_3D('',#3298,#3299,#3300);
#3298 = CARTESIAN_POINT('',(116.05,-49.05,12.39));
#3299 = DIRECTION('',(1.,0.,0.));
#3300 = DIRECTION('',(0.,0.,1.));
#3301 = ADVANCED_FACE('',(#3302),#3305,.F.);
#3302 = FACE_BOUND('',#3303,.T.);
#3303 = EDGE_LOOP('',(#3304));
#3304 = ORIENTED_EDGE('',*,*,#2746,.F.);
#3305 = PLANE('',#3306);
#3306 = AXIS2_PLACEMENT_3D('',#3307,#3308,#3309);
#3307 = CARTESIAN_POINT('',(122.8,-64.7,6.8));
#3308 = DIRECTION('',(0.,0.,1.));
#3309 = DIRECTION('',(1.,0.,0.));
#3310 = ADVANCED_FACE('',(#3311),#3314,.F.);
#3311 = FACE_BOUND('',#3312,.T.);
#3312 = EDGE_LOOP('',(#3313));
#3313 = ORIENTED_EDGE('',*,*,#2787,.F.);
#3314 = PLANE('',#3315);
#3315 = AXIS2_PLACEMENT_3D('',#3316,#3317,#3318);
#3316 = CARTESIAN_POINT('',(133.,-52.8,6.8));
#3317 = DIRECTION('',(0.,0.,1.));
#3318 = DIRECTION('',(1.,0.,0.));
#3319 = ADVANCED_FACE('',(#3320),#3323,.T.);
#3320 = FACE_BOUND('',#3321,.F.);
#3321 = EDGE_LOOP('',(#3322));
#3322 = ORIENTED_EDGE('',*,*,#2876,.F.);
#3323 = PLANE('',#3324);
#3324 = AXIS2_PLACEMENT_3D('',#3325,#3326,#3327);
#3325 = CARTESIAN_POINT('',(117.,-58.25,13.59));
#3326 = DIRECTION('',(0.,0.,1.));
#3327 = DIRECTION('',(1.,0.,0.));
#3328 = ADVANCED_FACE('',(#3329),#3332,.T.);
#3329 = FACE_BOUND('',#3330,.F.);
#3330 = EDGE_LOOP('',(#3331));
#3331 = ORIENTED_EDGE('',*,*,#2935,.F.);
#3332 = PLANE('',#3333);
#3333 = AXIS2_PLACEMENT_3D('',#3334,#3335,#3336);
#3334 = CARTESIAN_POINT('',(129.,-58.25,13.59));
#3335 = DIRECTION('',(0.,0.,1.));
#3336 = DIRECTION('',(1.,0.,0.));
#3337 = ADVANCED_FACE('',(#3338,#3348),#3354,.F.);
#3338 = FACE_BOUND('',#3339,.F.);
#3339 = EDGE_LOOP('',(#3340,#3341,#3342,#3343,#3344,#3345,#3346,#3347));
#3340 = ORIENTED_EDGE('',*,*,#3047,.T.);
#3341 = ORIENTED_EDGE('',*,*,#2985,.T.);
#3342 = ORIENTED_EDGE('',*,*,#2996,.T.);
#3343 = ORIENTED_EDGE('',*,*,#3004,.T.);
#3344 = ORIENTED_EDGE('',*,*,#3013,.T.);
#3345 = ORIENTED_EDGE('',*,*,#3021,.T.);
#3346 = ORIENTED_EDGE('',*,*,#3030,.T.);
#3347 = ORIENTED_EDGE('',*,*,#3038,.T.);
#3348 = FACE_BOUND('',#3349,.F.);
#3349 = EDGE_LOOP('',(#3350,#3351,#3352,#3353));
#3350 = ORIENTED_EDGE('',*,*,#3274,.F.);
#3351 = ORIENTED_EDGE('',*,*,#3291,.T.);
#3352 = ORIENTED_EDGE('',*,*,#3226,.T.);
#3353 = ORIENTED_EDGE('',*,*,#3250,.F.);
#3354 = PLANE('',#3355);
#3355 = AXIS2_PLACEMENT_3D('',#3356,#3357,#3358);
#3356 = CARTESIAN_POINT('',(122.95668743016,-39.09787768044,13.59));
#3357 = DIRECTION('',(-0.,-0.,-1.));
#3358 = DIRECTION('',(-1.,0.,0.));
#3359 = ADVANCED_FACE('',(#3360),#3366,.T.);
#3360 = FACE_BOUND('',#3361,.F.);
#3361 = EDGE_LOOP('',(#3362,#3363,#3364,#3365));
#3362 = ORIENTED_EDGE('',*,*,#3065,.T.);
#3363 = ORIENTED_EDGE('',*,*,#3073,.T.);
#3364 = ORIENTED_EDGE('',*,*,#3081,.T.);
#3365 = ORIENTED_EDGE('',*,*,#3055,.T.);
#3366 = PLANE('',#3367);
#3367 = AXIS2_PLACEMENT_3D('',#3368,#3369,#3370);
#3368 = CARTESIAN_POINT('',(128.275,-13.3,13.59));
#3369 = DIRECTION('',(0.,0.,1.));
#3370 = DIRECTION('',(1.,0.,0.));
#3371 = ADVANCED_FACE('',(#3372),#3378,.F.);
#3372 = FACE_BOUND('',#3373,.F.);
#3373 = EDGE_LOOP('',(#3374,#3375,#3376,#3377));
#3374 = ORIENTED_EDGE('',*,*,#3178,.F.);
#3375 = ORIENTED_EDGE('',*,*,#3122,.T.);
#3376 = ORIENTED_EDGE('',*,*,#3154,.T.);
#3377 = ORIENTED_EDGE('',*,*,#3194,.F.);
#3378 = PLANE('',#3379);
#3379 = AXIS2_PLACEMENT_3D('',#3380,#3381,#3382);
#3380 = CARTESIAN_POINT('',(116.15,-52.6,13.19));
#3381 = DIRECTION('',(0.,0.,1.));
#3382 = DIRECTION('',(1.,0.,0.));
#3383 = ORIENTED_CLOSED_SHELL('',*,#3384,.F.);
#3384 = CLOSED_SHELL('',(#3385,#3418,#3427));
#3385 = ADVANCED_FACE('',(#3386),#3413,.T.);
#3386 = FACE_BOUND('',#3387,.F.);
#3387 = EDGE_LOOP('',(#3388,#3398,#3405,#3406));
#3388 = ORIENTED_EDGE('',*,*,#3389,.T.);
#3389 = EDGE_CURVE('',#3390,#3392,#3394,.T.);
#3390 = VERTEX_POINT('',#3391);
#3391 = CARTESIAN_POINT('',(123.9,-64.7,7.));
#3392 = VERTEX_POINT('',#3393);
#3393 = CARTESIAN_POINT('',(123.9,-64.7,11.2));
#3394 = LINE('',#3395,#3396);
#3395 = CARTESIAN_POINT('',(123.9,-64.7,7.));
#3396 = VECTOR('',#3397,1.);
#3397 = DIRECTION('',(0.,0.,1.));
#3398 = ORIENTED_EDGE('',*,*,#3399,.T.);
#3399 = EDGE_CURVE('',#3392,#3392,#3400,.T.);
#3400 = CIRCLE('',#3401,1.1);
#3401 = AXIS2_PLACEMENT_3D('',#3402,#3403,#3404);
#3402 = CARTESIAN_POINT('',(122.8,-64.7,11.2));
#3403 = DIRECTION('',(0.,0.,1.));
#3404 = DIRECTION('',(1.,0.,0.));
#3405 = ORIENTED_EDGE('',*,*,#3389,.F.);
#3406 = ORIENTED_EDGE('',*,*,#3407,.F.);
#3407 = EDGE_CURVE('',#3390,#3390,#3408,.T.);
#3408 = CIRCLE('',#3409,1.1);
#3409 = AXIS2_PLACEMENT_3D('',#3410,#3411,#3412);
#3410 = CARTESIAN_POINT('',(122.8,-64.7,7.));
#3411 = DIRECTION('',(0.,0.,1.));
#3412 = DIRECTION('',(1.,0.,0.));
#3413 = CYLINDRICAL_SURFACE('',#3414,1.1);
#3414 = AXIS2_PLACEMENT_3D('',#3415,#3416,#3417);
#3415 = CARTESIAN_POINT('',(122.8,-64.7,7.));
#3416 = DIRECTION('',(-0.,-0.,-1.));
#3417 = DIRECTION('',(1.,0.,0.));
#3418 = ADVANCED_FACE('',(#3419),#3422,.F.);
#3419 = FACE_BOUND('',#3420,.T.);
#3420 = EDGE_LOOP('',(#3421));
#3421 = ORIENTED_EDGE('',*,*,#3407,.F.);
#3422 = PLANE('',#3423);
#3423 = AXIS2_PLACEMENT_3D('',#3424,#3425,#3426);
#3424 = CARTESIAN_POINT('',(122.8,-64.7,7.));
#3425 = DIRECTION('',(0.,0.,1.));
#3426 = DIRECTION('',(1.,0.,0.));
#3427 = ADVANCED_FACE('',(#3428),#3431,.T.);
#3428 = FACE_BOUND('',#3429,.F.);
#3429 = EDGE_LOOP('',(#3430));
#3430 = ORIENTED_EDGE('',*,*,#3399,.F.);
#3431 = PLANE('',#3432);
#3432 = AXIS2_PLACEMENT_3D('',#3433,#3434,#3435);
#3433 = CARTESIAN_POINT('',(122.8,-64.7,11.2));
#3434 = DIRECTION('',(0.,0.,1.));
#3435 = DIRECTION('',(1.,0.,0.));
#3436 = ORIENTED_CLOSED_SHELL('',*,#3437,.F.);
#3437 = CLOSED_SHELL('',(#3438,#3471,#3480));
#3438 = ADVANCED_FACE('',(#3439),#3466,.T.);
#3439 = FACE_BOUND('',#3440,.F.);
#3440 = EDGE_LOOP('',(#3441,#3451,#3458,#3459));
#3441 = ORIENTED_EDGE('',*,*,#3442,.T.);
#3442 = EDGE_CURVE('',#3443,#3445,#3447,.T.);
#3443 = VERTEX_POINT('',#3444);
#3444 = CARTESIAN_POINT('',(114.1,-52.8,7.));
#3445 = VERTEX_POINT('',#3446);
#3446 = CARTESIAN_POINT('',(114.1,-52.8,11.2));
#3447 = LINE('',#3448,#3449);
#3448 = CARTESIAN_POINT('',(114.1,-52.8,7.));
#3449 = VECTOR('',#3450,1.);
#3450 = DIRECTION('',(0.,0.,1.));
#3451 = ORIENTED_EDGE('',*,*,#3452,.T.);
#3452 = EDGE_CURVE('',#3445,#3445,#3453,.T.);
#3453 = CIRCLE('',#3454,1.1);
#3454 = AXIS2_PLACEMENT_3D('',#3455,#3456,#3457);
#3455 = CARTESIAN_POINT('',(113.,-52.8,11.2));
#3456 = DIRECTION('',(0.,0.,1.));
#3457 = DIRECTION('',(1.,0.,0.));
#3458 = ORIENTED_EDGE('',*,*,#3442,.F.);
#3459 = ORIENTED_EDGE('',*,*,#3460,.F.);
#3460 = EDGE_CURVE('',#3443,#3443,#3461,.T.);
#3461 = CIRCLE('',#3462,1.1);
#3462 = AXIS2_PLACEMENT_3D('',#3463,#3464,#3465);
#3463 = CARTESIAN_POINT('',(113.,-52.8,7.));
#3464 = DIRECTION('',(0.,0.,1.));
#3465 = DIRECTION('',(1.,0.,0.));
#3466 = CYLINDRICAL_SURFACE('',#3467,1.1);
#3467 = AXIS2_PLACEMENT_3D('',#3468,#3469,#3470);
#3468 = CARTESIAN_POINT('',(113.,-52.8,7.));
#3469 = DIRECTION('',(-0.,-0.,-1.));
#3470 = DIRECTION('',(1.,0.,0.));
#3471 = ADVANCED_FACE('',(#3472),#3475,.F.);
#3472 = FACE_BOUND('',#3473,.T.);
#3473 = EDGE_LOOP('',(#3474));
#3474 = ORIENTED_EDGE('',*,*,#3460,.F.);
#3475 = PLANE('',#3476);
#3476 = AXIS2_PLACEMENT_3D('',#3477,#3478,#3479);
#3477 = CARTESIAN_POINT('',(113.,-52.8,7.));
#3478 = DIRECTION('',(0.,0.,1.));
#3479 = DIRECTION('',(1.,0.,0.));
#3480 = ADVANCED_FACE('',(#3481),#3484,.T.);
#3481 = FACE_BOUND('',#3482,.F.);
#3482 = EDGE_LOOP('',(#3483));
#3483 = ORIENTED_EDGE('',*,*,#3452,.F.);
#3484 = PLANE('',#3485);
#3485 = AXIS2_PLACEMENT_3D('',#3486,#3487,#3488);
#3486 = CARTESIAN_POINT('',(113.,-52.8,11.2));
#3487 = DIRECTION('',(0.,0.,1.));
#3488 = DIRECTION('',(1.,0.,0.));
#3489 = ORIENTED_CLOSED_SHELL('',*,#3490,.F.);
#3490 = CLOSED_SHELL('',(#3491,#3524,#3533));
#3491 = ADVANCED_FACE('',(#3492),#3519,.T.);
#3492 = FACE_BOUND('',#3493,.F.);
#3493 = EDGE_LOOP('',(#3494,#3504,#3511,#3512));
#3494 = ORIENTED_EDGE('',*,*,#3495,.T.);
#3495 = EDGE_CURVE('',#3496,#3498,#3500,.T.);
#3496 = VERTEX_POINT('',#3497);
#3497 = CARTESIAN_POINT('',(134.1,-52.8,7.));
#3498 = VERTEX_POINT('',#3499);
#3499 = CARTESIAN_POINT('',(134.1,-52.8,11.2));
#3500 = LINE('',#3501,#3502);
#3501 = CARTESIAN_POINT('',(134.1,-52.8,7.));
#3502 = VECTOR('',#3503,1.);
#3503 = DIRECTION('',(0.,0.,1.));
#3504 = ORIENTED_EDGE('',*,*,#3505,.T.);
#3505 = EDGE_CURVE('',#3498,#3498,#3506,.T.);
#3506 = CIRCLE('',#3507,1.1);
#3507 = AXIS2_PLACEMENT_3D('',#3508,#3509,#3510);
#3508 = CARTESIAN_POINT('',(133.,-52.8,11.2));
#3509 = DIRECTION('',(0.,0.,1.));
#3510 = DIRECTION('',(1.,0.,0.));
#3511 = ORIENTED_EDGE('',*,*,#3495,.F.);
#3512 = ORIENTED_EDGE('',*,*,#3513,.F.);
#3513 = EDGE_CURVE('',#3496,#3496,#3514,.T.);
#3514 = CIRCLE('',#3515,1.1);
#3515 = AXIS2_PLACEMENT_3D('',#3516,#3517,#3518);
#3516 = CARTESIAN_POINT('',(133.,-52.8,7.));
#3517 = DIRECTION('',(0.,0.,1.));
#3518 = DIRECTION('',(1.,0.,0.));
#3519 = CYLINDRICAL_SURFACE('',#3520,1.1);
#3520 = AXIS2_PLACEMENT_3D('',#3521,#3522,#3523);
#3521 = CARTESIAN_POINT('',(133.,-52.8,7.));
#3522 = DIRECTION('',(-0.,-0.,-1.));
#3523 = DIRECTION('',(1.,0.,0.));
#3524 = ADVANCED_FACE('',(#3525),#3528,.F.);
#3525 = FACE_BOUND('',#3526,.T.);
#3526 = EDGE_LOOP('',(#3527));
#3527 = ORIENTED_EDGE('',*,*,#3513,.F.);
#3528 = PLANE('',#3529);
#3529 = AXIS2_PLACEMENT_3D('',#3530,#3531,#3532);
#3530 = CARTESIAN_POINT('',(133.,-52.8,7.));
#3531 = DIRECTION('',(0.,0.,1.));
#3532 = DIRECTION('',(1.,0.,0.));
#3533 = ADVANCED_FACE('',(#3534),#3537,.T.);
#3534 = FACE_BOUND('',#3535,.F.);
#3535 = EDGE_LOOP('',(#3536));
#3536 = ORIENTED_EDGE('',*,*,#3505,.F.);
#3537 = PLANE('',#3538);
#3538 = AXIS2_PLACEMENT_3D('',#3539,#3540,#3541);
#3539 = CARTESIAN_POINT('',(133.,-52.8,11.2));
#3540 = DIRECTION('',(0.,0.,1.));
#3541 = DIRECTION('',(1.,0.,0.));
#3542 = ( GEOMETRIC_REPRESENTATION_CONTEXT(3) 
GLOBAL_UNCERTAINTY_ASSIGNED_CONTEXT((#3546)) 
GLOBAL_UNIT_ASSIGNED_CONTEXT((#3543,#3544,#3545)) REPRESENTATION_CONTEXT
('Context #1','3D Context with UNIT and UNCERTAINTY') );
#3543 = ( LENGTH_UNIT() NAMED_UNIT(*) SI_UNIT(.MILLI.,.METRE.) );
#3544 = ( NAMED_UNIT(*) PLANE_ANGLE_UNIT() SI_UNIT($,.RADIAN.) );
#3545 = ( NAMED_UNIT(*) SI_UNIT($,.STERADIAN.) SOLID_ANGLE_UNIT() );
#3546 = UNCERTAINTY_MEASURE_WITH_UNIT(LENGTH_MEASURE(2.E-05),#3543,
  'distance_accuracy_value','confusion accuracy');
#3547 = PRODUCT_RELATED_PRODUCT_CATEGORY('part',$,(#7));
ENDSEC;
END-ISO-10303-21;
