ISO-10303-21;
HEADER;
FILE_DESCRIPTION(('FreeCAD Model'),'2;1');
FILE_NAME('Open CASCADE Shape Model','2026-09-28T15:54:18',('FreeCAD'),(
    'FreeCAD'),'Open CASCADE STEP processor 7.8','FreeCAD','Unknown');
FILE_SCHEMA(('AUTOMOTIVE_DESIGN { 1 0 10303 214 1 1 1 1 }'));
ENDSEC;
DATA;
#1 = APPLICATION_PROTOCOL_DEFINITION('international standard',
  'automotive_design',2000,#2);
#2 = APPLICATION_CONTEXT(
  'core data for automotive mechanical design processes');
#3 = SHAPE_DEFINITION_REPRESENTATION(#4,#10);
#4 = PRODUCT_DEFINITION_SHAPE('','',#5);
#5 = PRODUCT_DEFINITION('design','',#6,#9);
#6 = PRODUCT_DEFINITION_FORMATION('','',#7);
#7 = PRODUCT('Open CASCADE STEP translator 7.8 62',
  'Open CASCADE STEP translator 7.8 62','',(#8));
#8 = PRODUCT_CONTEXT('',#2,'mechanical');
#9 = PRODUCT_DEFINITION_CONTEXT('part definition',#2,'design');
#10 = ADVANCED_BREP_SHAPE_REPRESENTATION('',(#11,#15),#3561);
#11 = AXIS2_PLACEMENT_3D('',#12,#13,#14);
#12 = CARTESIAN_POINT('',(0.,0.,0.));
#13 = DIRECTION('',(0.,0.,1.));
#14 = DIRECTION('',(1.,0.,-0.));
#15 = BREP_WITH_VOIDS('',#16,(#3402,#3455,#3508));
#16 = CLOSED_SHELL('',(#17,#153,#184,#418,#442,#602,#627,#652,#677,#730,
    #758,#769,#794,#828,#863,#922,#939,#984,#1001,#1013,#1030,#1063,
    #1103,#1127,#1151,#1232,#1256,#1280,#1304,#1328,#1352,#1376,#1400,
    #1424,#1448,#1472,#1496,#1520,#1537,#1568,#1592,#1616,#1633,#1661,
    #1685,#1741,#1765,#1821,#1846,#1870,#1895,#1927,#1952,#1977,#2002,
    #2058,#2075,#2086,#2104,#2121,#2188,#2205,#2217,#2235,#2245,#2323,
    #2340,#2352,#2370,#2622,#2631,#2640,#2665,#2687,#2704,#2721,#2738,
    #2755,#2772,#2789,#2801,#2832,#2860,#2891,#2916,#2940,#2958,#2989,
    #3014,#3038,#3056,#3088,#3112,#3137,#3161,#3186,#3210,#3235,#3252,
    #3261,#3283,#3295,#3307,#3323,#3348,#3368,#3393));
#17 = ADVANCED_FACE('',(#18),#148,.T.);
#18 = FACE_BOUND('',#19,.T.);
#19 = EDGE_LOOP('',(#20,#30,#38,#46,#54,#62,#70,#78,#86,#94,#102,#110,
    #118,#126,#134,#142));
#20 = ORIENTED_EDGE('',*,*,#21,.F.);
#21 = EDGE_CURVE('',#22,#24,#26,.T.);
#22 = VERTEX_POINT('',#23);
#23 = CARTESIAN_POINT('',(133.77054165346,-65.8,6.3));
#24 = VERTEX_POINT('',#25);
#25 = CARTESIAN_POINT('',(133.77054165346,-65.8,12.19));
#26 = LINE('',#27,#28);
#27 = CARTESIAN_POINT('',(133.77054165346,-65.8,6.2));
#28 = VECTOR('',#29,1.);
#29 = DIRECTION('',(0.,0.,1.));
#30 = ORIENTED_EDGE('',*,*,#31,.T.);
#31 = EDGE_CURVE('',#22,#32,#34,.T.);
#32 = VERTEX_POINT('',#33);
#33 = CARTESIAN_POINT('',(132.63285513502,-65.8,6.3));
#34 = LINE('',#35,#36);
#35 = CARTESIAN_POINT('',(117.59307288834,-65.8,6.3));
#36 = VECTOR('',#37,1.);
#37 = DIRECTION('',(-1.,0.,0.));
#38 = ORIENTED_EDGE('',*,*,#39,.F.);
#39 = EDGE_CURVE('',#40,#32,#42,.T.);
#40 = VERTEX_POINT('',#41);
#41 = CARTESIAN_POINT('',(132.63285513502,-65.8,6.75));
#42 = LINE('',#43,#44);
#43 = CARTESIAN_POINT('',(132.63285513502,-65.8,5.3));
#44 = VECTOR('',#45,1.);
#45 = DIRECTION('',(-0.,-0.,-1.));
#46 = ORIENTED_EDGE('',*,*,#47,.F.);
#47 = EDGE_CURVE('',#48,#40,#50,.T.);
#48 = VERTEX_POINT('',#49);
#49 = CARTESIAN_POINT('',(128.56714486497,-65.8,6.75));
#50 = LINE('',#51,#52);
#51 = CARTESIAN_POINT('',(121.41472917326,-65.8,6.75));
#52 = VECTOR('',#53,1.);
#53 = DIRECTION('',(1.,0.,0.));
#54 = ORIENTED_EDGE('',*,*,#55,.T.);
#55 = EDGE_CURVE('',#48,#56,#58,.T.);
#56 = VERTEX_POINT('',#57);
#57 = CARTESIAN_POINT('',(128.56714486497,-65.8,6.3));
#58 = LINE('',#59,#60);
#59 = CARTESIAN_POINT('',(128.56714486497,-65.8,5.3));
#60 = VECTOR('',#61,1.);
#61 = DIRECTION('',(-0.,-0.,-1.));
#62 = ORIENTED_EDGE('',*,*,#63,.T.);
#63 = EDGE_CURVE('',#56,#64,#66,.T.);
#64 = VERTEX_POINT('',#65);
#65 = CARTESIAN_POINT('',(124.28744747806,-65.8,6.3));
#66 = LINE('',#67,#68);
#67 = CARTESIAN_POINT('',(117.59307288834,-65.8,6.3));
#68 = VECTOR('',#69,1.);
#69 = DIRECTION('',(-1.,0.,0.));
#70 = ORIENTED_EDGE('',*,*,#71,.F.);
#71 = EDGE_CURVE('',#72,#64,#74,.T.);
#72 = VERTEX_POINT('',#73);
#73 = CARTESIAN_POINT('',(124.28744747806,-65.8,11.6));
#74 = LINE('',#75,#76);
#75 = CARTESIAN_POINT('',(124.28744747806,-65.8,6.3));
#76 = VECTOR('',#77,1.);
#77 = DIRECTION('',(-0.,-0.,-1.));
#78 = ORIENTED_EDGE('',*,*,#79,.F.);
#79 = EDGE_CURVE('',#80,#72,#82,.T.);
#80 = VERTEX_POINT('',#81);
#81 = CARTESIAN_POINT('',(121.31255252193,-65.8,11.6));
#82 = LINE('',#83,#84);
#83 = CARTESIAN_POINT('',(117.51472917326,-65.8,11.6));
#84 = VECTOR('',#85,1.);
#85 = DIRECTION('',(1.,0.,0.));
#86 = ORIENTED_EDGE('',*,*,#87,.T.);
#87 = EDGE_CURVE('',#80,#88,#90,.T.);
#88 = VERTEX_POINT('',#89);
#89 = CARTESIAN_POINT('',(121.31255252193,-65.8,6.3));
#90 = LINE('',#91,#92);
#91 = CARTESIAN_POINT('',(121.31255252193,-65.8,6.3));
#92 = VECTOR('',#93,1.);
#93 = DIRECTION('',(-0.,-0.,-1.));
#94 = ORIENTED_EDGE('',*,*,#95,.T.);
#95 = EDGE_CURVE('',#88,#96,#98,.T.);
#96 = VERTEX_POINT('',#97);
#97 = CARTESIAN_POINT('',(116.6289668856,-65.8,6.3));
#98 = LINE('',#99,#100);
#99 = CARTESIAN_POINT('',(117.59307288834,-65.8,6.3));
#100 = VECTOR('',#101,1.);
#101 = DIRECTION('',(-1.,0.,0.));
#102 = ORIENTED_EDGE('',*,*,#103,.F.);
#103 = EDGE_CURVE('',#104,#96,#106,.T.);
#104 = VERTEX_POINT('',#105);
#105 = CARTESIAN_POINT('',(116.6289668856,-65.8,6.75));
#106 = LINE('',#107,#108);
#107 = CARTESIAN_POINT('',(116.6289668856,-65.8,5.3));
#108 = VECTOR('',#109,1.);
#109 = DIRECTION('',(-0.,-0.,-1.));
#110 = ORIENTED_EDGE('',*,*,#111,.F.);
#111 = EDGE_CURVE('',#112,#104,#114,.T.);
#112 = VERTEX_POINT('',#113);
#113 = CARTESIAN_POINT('',(112.37103311439,-65.8,6.75));
#114 = LINE('',#115,#116);
#115 = CARTESIAN_POINT('',(113.36472917326,-65.8,6.75));
#116 = VECTOR('',#117,1.);
#117 = DIRECTION('',(1.,0.,0.));
#118 = ORIENTED_EDGE('',*,*,#119,.T.);
#119 = EDGE_CURVE('',#112,#120,#122,.T.);
#120 = VERTEX_POINT('',#121);
#121 = CARTESIAN_POINT('',(112.37103311439,-65.8,6.3));
#122 = LINE('',#123,#124);
#123 = CARTESIAN_POINT('',(112.37103311439,-65.8,5.3));
#124 = VECTOR('',#125,1.);
#125 = DIRECTION('',(-0.,-0.,-1.));
#126 = ORIENTED_EDGE('',*,*,#127,.T.);
#127 = EDGE_CURVE('',#120,#128,#130,.T.);
#128 = VERTEX_POINT('',#129);
#129 = CARTESIAN_POINT('',(112.22945834653,-65.8,6.3));
#130 = LINE('',#131,#132);
#131 = CARTESIAN_POINT('',(117.59307288834,-65.8,6.3));
#132 = VECTOR('',#133,1.);
#133 = DIRECTION('',(-1.,0.,0.));
#134 = ORIENTED_EDGE('',*,*,#135,.T.);
#135 = EDGE_CURVE('',#128,#136,#138,.T.);
#136 = VERTEX_POINT('',#137);
#137 = CARTESIAN_POINT('',(112.22945834653,-65.8,12.19));
#138 = LINE('',#139,#140);
#139 = CARTESIAN_POINT('',(112.22945834653,-65.8,6.2));
#140 = VECTOR('',#141,1.);
#141 = DIRECTION('',(0.,0.,1.));
#142 = ORIENTED_EDGE('',*,*,#143,.T.);
#143 = EDGE_CURVE('',#136,#24,#144,.T.);
#144 = LINE('',#145,#146);
#145 = CARTESIAN_POINT('',(112.22945834653,-65.8,12.19));
#146 = VECTOR('',#147,1.);
#147 = DIRECTION('',(1.,0.,0.));
#148 = PLANE('',#149);
#149 = AXIS2_PLACEMENT_3D('',#150,#151,#152);
#150 = CARTESIAN_POINT('',(112.22945834653,-65.8,6.2));
#151 = DIRECTION('',(0.,1.,0.));
#152 = DIRECTION('',(1.,0.,0.));
#153 = ADVANCED_FACE('',(#154),#179,.T.);
#154 = FACE_BOUND('',#155,.T.);
#155 = EDGE_LOOP('',(#156,#164,#165,#173));
#156 = ORIENTED_EDGE('',*,*,#157,.T.);
#157 = EDGE_CURVE('',#158,#22,#160,.T.);
#158 = VERTEX_POINT('',#159);
#159 = CARTESIAN_POINT('',(133.79862057122,-65.79862057122,6.3));
#160 = LINE('',#161,#162);
#161 = CARTESIAN_POINT('',(129.03094887539,-66.03284126237,6.3));
#162 = VECTOR('',#163,1.);
#163 = DIRECTION('',(-0.998795456205,-4.906767432757E-02,0.));
#164 = ORIENTED_EDGE('',*,*,#21,.T.);
#165 = ORIENTED_EDGE('',*,*,#166,.T.);
#166 = EDGE_CURVE('',#24,#167,#169,.T.);
#167 = VERTEX_POINT('',#168);
#168 = CARTESIAN_POINT('',(133.79862057122,-65.79862057122,12.19));
#169 = LINE('',#170,#171);
#170 = CARTESIAN_POINT('',(133.77054165346,-65.8,12.19));
#171 = VECTOR('',#172,1.);
#172 = DIRECTION('',(0.998795456205,4.906767432757E-02,0.));
#173 = ORIENTED_EDGE('',*,*,#174,.F.);
#174 = EDGE_CURVE('',#158,#167,#175,.T.);
#175 = LINE('',#176,#177);
#176 = CARTESIAN_POINT('',(133.79862057122,-65.79862057122,6.2));
#177 = VECTOR('',#178,1.);
#178 = DIRECTION('',(0.,0.,1.));
#179 = PLANE('',#180);
#180 = AXIS2_PLACEMENT_3D('',#181,#182,#183);
#181 = CARTESIAN_POINT('',(133.77054165346,-65.8,6.2));
#182 = DIRECTION('',(-4.906767432757E-02,0.998795456205,0.));
#183 = DIRECTION('',(0.998795456205,4.906767432757E-02,0.));
#184 = ADVANCED_FACE('',(#185,#379),#413,.F.);
#185 = FACE_BOUND('',#186,.F.);
#186 = EDGE_LOOP('',(#187,#197,#205,#211,#212,#213,#221,#229,#237,#245,
    #253,#261,#269,#277,#285,#293,#301,#309,#317,#325,#333,#341,#349,
    #357,#365,#373));
#187 = ORIENTED_EDGE('',*,*,#188,.T.);
#188 = EDGE_CURVE('',#189,#191,#193,.T.);
#189 = VERTEX_POINT('',#190);
#190 = CARTESIAN_POINT('',(112.2,-12.22945834653,12.19));
#191 = VERTEX_POINT('',#192);
#192 = CARTESIAN_POINT('',(112.2,-65.77054165346,12.19));
#193 = LINE('',#194,#195);
#194 = CARTESIAN_POINT('',(112.2,-12.22945834653,12.19));
#195 = VECTOR('',#196,1.);
#196 = DIRECTION('',(0.,-1.,0.));
#197 = ORIENTED_EDGE('',*,*,#198,.T.);
#198 = EDGE_CURVE('',#191,#199,#201,.T.);
#199 = VERTEX_POINT('',#200);
#200 = CARTESIAN_POINT('',(112.20137942877,-65.79862057122,12.19));
#201 = LINE('',#202,#203);
#202 = CARTESIAN_POINT('',(112.2,-65.77054165346,12.19));
#203 = VECTOR('',#204,1.);
#204 = DIRECTION('',(4.906767432757E-02,-0.998795456205,0.));
#205 = ORIENTED_EDGE('',*,*,#206,.T.);
#206 = EDGE_CURVE('',#199,#136,#207,.T.);
#207 = LINE('',#208,#209);
#208 = CARTESIAN_POINT('',(112.20137942877,-65.79862057122,12.19));
#209 = VECTOR('',#210,1.);
#210 = DIRECTION('',(0.998795456205,-4.906767432757E-02,0.));
#211 = ORIENTED_EDGE('',*,*,#143,.T.);
#212 = ORIENTED_EDGE('',*,*,#166,.T.);
#213 = ORIENTED_EDGE('',*,*,#214,.T.);
#214 = EDGE_CURVE('',#167,#215,#217,.T.);
#215 = VERTEX_POINT('',#216);
#216 = CARTESIAN_POINT('',(133.8,-65.77054165346,12.19));
#217 = LINE('',#218,#219);
#218 = CARTESIAN_POINT('',(133.79862057122,-65.79862057122,12.19));
#219 = VECTOR('',#220,1.);
#220 = DIRECTION('',(4.906767432734E-02,0.998795456205,0.));
#221 = ORIENTED_EDGE('',*,*,#222,.T.);
#222 = EDGE_CURVE('',#215,#223,#225,.T.);
#223 = VERTEX_POINT('',#224);
#224 = CARTESIAN_POINT('',(133.8,-13.42945834653,12.19));
#225 = LINE('',#226,#227);
#226 = CARTESIAN_POINT('',(133.8,-65.77054165346,12.19));
#227 = VECTOR('',#228,1.);
#228 = DIRECTION('',(0.,1.,0.));
#229 = ORIENTED_EDGE('',*,*,#230,.T.);
#230 = EDGE_CURVE('',#223,#231,#233,.T.);
#231 = VERTEX_POINT('',#232);
#232 = CARTESIAN_POINT('',(133.79278144488,-13.28252128159,12.19));
#233 = LINE('',#234,#235);
#234 = CARTESIAN_POINT('',(133.8,-13.42945834653,12.19));
#235 = VECTOR('',#236,1.);
#236 = DIRECTION('',(-4.906767432747E-02,0.998795456205,0.));
#237 = ORIENTED_EDGE('',*,*,#238,.T.);
#238 = EDGE_CURVE('',#231,#239,#241,.T.);
#239 = VERTEX_POINT('',#240);
#240 = CARTESIAN_POINT('',(133.77552294818,-13.16617394746,12.19));
#241 = LINE('',#242,#243);
#242 = CARTESIAN_POINT('',(133.79278144488,-13.28252128159,12.19));
#243 = VECTOR('',#244,1.);
#244 = DIRECTION('',(-0.146730474455,0.989176509965,0.));
#245 = ORIENTED_EDGE('',*,*,#246,.T.);
#246 = EDGE_CURVE('',#239,#247,#249,.T.);
#247 = VERTEX_POINT('',#248);
#248 = CARTESIAN_POINT('',(133.74694352287,-13.05207848605,12.19));
#249 = LINE('',#250,#251);
#250 = CARTESIAN_POINT('',(133.77552294818,-13.16617394746,12.19));
#251 = VECTOR('',#252,1.);
#252 = DIRECTION('',(-0.242980179903,0.970031253195,0.));
#253 = ORIENTED_EDGE('',*,*,#254,.T.);
#254 = EDGE_CURVE('',#247,#255,#257,.T.);
#255 = VERTEX_POINT('',#256);
#256 = CARTESIAN_POINT('',(133.70731840446,-12.941333699,12.19));
#257 = LINE('',#258,#259);
#258 = CARTESIAN_POINT('',(133.74694352287,-13.05207848605,12.19));
#259 = VECTOR('',#260,1.);
#260 = DIRECTION('',(-0.336889853392,0.941544065183,0.));
#261 = ORIENTED_EDGE('',*,*,#262,.T.);
#262 = EDGE_CURVE('',#255,#263,#265,.T.);
#263 = VERTEX_POINT('',#264);
#264 = CARTESIAN_POINT('',(133.6570292045,-12.83500611917,12.19));
#265 = LINE('',#266,#267);
#266 = CARTESIAN_POINT('',(133.70731840446,-12.941333699,12.19));
#267 = VECTOR('',#268,1.);
#268 = DIRECTION('',(-0.42755509343,0.903989293123,0.));
#269 = ORIENTED_EDGE('',*,*,#270,.T.);
#270 = EDGE_CURVE('',#263,#271,#273,.T.);
#271 = VERTEX_POINT('',#272);
#272 = CARTESIAN_POINT('',(133.59656023546,-12.73411973926,12.19));
#273 = LINE('',#274,#275);
#274 = CARTESIAN_POINT('',(133.6570292045,-12.83500611917,12.19));
#275 = VECTOR('',#276,1.);
#276 = DIRECTION('',(-0.514102744193,0.85772861,0.));
#277 = ORIENTED_EDGE('',*,*,#278,.T.);
#278 = EDGE_CURVE('',#271,#279,#281,.T.);
#279 = VERTEX_POINT('',#280);
#280 = CARTESIAN_POINT('',(133.52649384658,-12.63964615027,12.19));
#281 = LINE('',#282,#283);
#282 = CARTESIAN_POINT('',(133.59656023546,-12.73411973926,12.19));
#283 = VECTOR('',#284,1.);
#284 = DIRECTION('',(-0.595699304492,0.803207531481,0.));
#285 = ORIENTED_EDGE('',*,*,#286,.T.);
#286 = EDGE_CURVE('',#279,#287,#289,.T.);
#287 = VERTEX_POINT('',#288);
#288 = CARTESIAN_POINT('',(133.44750481548,-12.55249518451,12.19));
#289 = LINE('',#290,#291);
#290 = CARTESIAN_POINT('',(133.52649384658,-12.63964615027,12.19));
#291 = VECTOR('',#292,1.);
#292 = DIRECTION('',(-0.671558954847,0.740951125355,0.));
#293 = ORIENTED_EDGE('',*,*,#294,.T.);
#294 = EDGE_CURVE('',#287,#295,#297,.T.);
#295 = VERTEX_POINT('',#296);
#296 = CARTESIAN_POINT('',(133.36035384972,-12.47350615341,12.19));
#297 = LINE('',#298,#299);
#298 = CARTESIAN_POINT('',(133.44750481548,-12.55249518451,12.19));
#299 = VECTOR('',#300,1.);
#300 = DIRECTION('',(-0.740951125355,0.671558954847,0.));
#301 = ORIENTED_EDGE('',*,*,#302,.T.);
#302 = EDGE_CURVE('',#295,#303,#305,.T.);
#303 = VERTEX_POINT('',#304);
#304 = CARTESIAN_POINT('',(133.26588026073,-12.40343976453,12.19));
#305 = LINE('',#306,#307);
#306 = CARTESIAN_POINT('',(133.36035384972,-12.47350615341,12.19));
#307 = VECTOR('',#308,1.);
#308 = DIRECTION('',(-0.803207531481,0.595699304492,0.));
#309 = ORIENTED_EDGE('',*,*,#310,.T.);
#310 = EDGE_CURVE('',#303,#311,#313,.T.);
#311 = VERTEX_POINT('',#312);
#312 = CARTESIAN_POINT('',(133.16499388083,-12.3429707955,12.19));
#313 = LINE('',#314,#315);
#314 = CARTESIAN_POINT('',(133.26588026073,-12.40343976453,12.19));
#315 = VECTOR('',#316,1.);
#316 = DIRECTION('',(-0.85772861,0.514102744193,0.));
#317 = ORIENTED_EDGE('',*,*,#318,.T.);
#318 = EDGE_CURVE('',#311,#319,#321,.T.);
#319 = VERTEX_POINT('',#320);
#320 = CARTESIAN_POINT('',(133.05866630099,-12.29268159553,12.19));
#321 = LINE('',#322,#323);
#322 = CARTESIAN_POINT('',(133.16499388083,-12.3429707955,12.19));
#323 = VECTOR('',#324,1.);
#324 = DIRECTION('',(-0.903989293123,0.42755509343,0.));
#325 = ORIENTED_EDGE('',*,*,#326,.T.);
#326 = EDGE_CURVE('',#319,#327,#329,.T.);
#327 = VERTEX_POINT('',#328);
#328 = CARTESIAN_POINT('',(132.94792151395,-12.25305647712,12.19));
#329 = LINE('',#330,#331);
#330 = CARTESIAN_POINT('',(133.05866630099,-12.29268159553,12.19));
#331 = VECTOR('',#332,1.);
#332 = DIRECTION('',(-0.941544065183,0.336889853392,0.));
#333 = ORIENTED_EDGE('',*,*,#334,.T.);
#334 = EDGE_CURVE('',#327,#335,#337,.T.);
#335 = VERTEX_POINT('',#336);
#336 = CARTESIAN_POINT('',(132.83382605253,-12.22447705182,12.19));
#337 = LINE('',#338,#339);
#338 = CARTESIAN_POINT('',(132.94792151395,-12.25305647712,12.19));
#339 = VECTOR('',#340,1.);
#340 = DIRECTION('',(-0.970031253195,0.242980179903,0.));
#341 = ORIENTED_EDGE('',*,*,#342,.T.);
#342 = EDGE_CURVE('',#335,#343,#345,.T.);
#343 = VERTEX_POINT('',#344);
#344 = CARTESIAN_POINT('',(132.7174787184,-12.20721855511,12.19));
#345 = LINE('',#346,#347);
#346 = CARTESIAN_POINT('',(132.83382605253,-12.22447705182,12.19));
#347 = VECTOR('',#348,1.);
#348 = DIRECTION('',(-0.989176509965,0.146730474455,0.));
#349 = ORIENTED_EDGE('',*,*,#350,.T.);
#350 = EDGE_CURVE('',#343,#351,#353,.T.);
#351 = VERTEX_POINT('',#352);
#352 = CARTESIAN_POINT('',(132.57054165346,-12.2,12.19));
#353 = LINE('',#354,#355);
#354 = CARTESIAN_POINT('',(132.7174787184,-12.20721855511,12.19));
#355 = VECTOR('',#356,1.);
#356 = DIRECTION('',(-0.998795456205,4.906767432741E-02,0.));
#357 = ORIENTED_EDGE('',*,*,#358,.T.);
#358 = EDGE_CURVE('',#351,#359,#361,.T.);
#359 = VERTEX_POINT('',#360);
#360 = CARTESIAN_POINT('',(112.22945834653,-12.2,12.19));
#361 = LINE('',#362,#363);
#362 = CARTESIAN_POINT('',(132.57054165346,-12.2,12.19));
#363 = VECTOR('',#364,1.);
#364 = DIRECTION('',(-1.,0.,0.));
#365 = ORIENTED_EDGE('',*,*,#366,.T.);
#366 = EDGE_CURVE('',#359,#367,#369,.T.);
#367 = VERTEX_POINT('',#368);
#368 = CARTESIAN_POINT('',(112.20137942877,-12.20137942877,12.19));
#369 = LINE('',#370,#371);
#370 = CARTESIAN_POINT('',(112.22945834653,-12.2,12.19));
#371 = VECTOR('',#372,1.);
#372 = DIRECTION('',(-0.998795456205,-4.906767432741E-02,0.));
#373 = ORIENTED_EDGE('',*,*,#374,.T.);
#374 = EDGE_CURVE('',#367,#189,#375,.T.);
#375 = LINE('',#376,#377);
#376 = CARTESIAN_POINT('',(112.20137942877,-12.20137942877,12.19));
#377 = VECTOR('',#378,1.);
#378 = DIRECTION('',(-4.906767432758E-02,-0.998795456205,0.));
#379 = FACE_BOUND('',#380,.F.);
#380 = EDGE_LOOP('',(#381,#391,#399,#407));
#381 = ORIENTED_EDGE('',*,*,#382,.T.);
#382 = EDGE_CURVE('',#383,#385,#387,.T.);
#383 = VERTEX_POINT('',#384);
#384 = CARTESIAN_POINT('',(130.75,-53.,12.19));
#385 = VERTEX_POINT('',#386);
#386 = CARTESIAN_POINT('',(114.85,-53.,12.19));
#387 = LINE('',#388,#389);
#388 = CARTESIAN_POINT('',(118.90608769591,-53.,12.19));
#389 = VECTOR('',#390,1.);
#390 = DIRECTION('',(-1.,0.,0.));
#391 = ORIENTED_EDGE('',*,*,#392,.T.);
#392 = EDGE_CURVE('',#385,#393,#395,.T.);
#393 = VERTEX_POINT('',#394);
#394 = CARTESIAN_POINT('',(114.85,-15.1,12.19));
#395 = LINE('',#396,#397);
#396 = CARTESIAN_POINT('',(114.85,-46.04641870115,12.19));
#397 = VECTOR('',#398,1.);
#398 = DIRECTION('',(0.,1.,0.));
#399 = ORIENTED_EDGE('',*,*,#400,.F.);
#400 = EDGE_CURVE('',#401,#393,#403,.T.);
#401 = VERTEX_POINT('',#402);
#402 = CARTESIAN_POINT('',(130.75,-15.1,12.19));
#403 = LINE('',#404,#405);
#404 = CARTESIAN_POINT('',(118.90608769591,-15.1,12.19));
#405 = VECTOR('',#406,1.);
#406 = DIRECTION('',(-1.,0.,0.));
#407 = ORIENTED_EDGE('',*,*,#408,.F.);
#408 = EDGE_CURVE('',#383,#401,#409,.T.);
#409 = LINE('',#410,#411);
#410 = CARTESIAN_POINT('',(130.75,-46.04641870115,12.19));
#411 = VECTOR('',#412,1.);
#412 = DIRECTION('',(0.,1.,0.));
#413 = PLANE('',#414);
#414 = AXIS2_PLACEMENT_3D('',#415,#416,#417);
#415 = CARTESIAN_POINT('',(122.96217539183,-39.0928374023,12.19));
#416 = DIRECTION('',(0.,0.,1.));
#417 = DIRECTION('',(1.,0.,0.));
#418 = ADVANCED_FACE('',(#419),#437,.T.);
#419 = FACE_BOUND('',#420,.T.);
#420 = EDGE_LOOP('',(#421,#429,#435,#436));
#421 = ORIENTED_EDGE('',*,*,#422,.T.);
#422 = EDGE_CURVE('',#128,#423,#425,.T.);
#423 = VERTEX_POINT('',#424);
#424 = CARTESIAN_POINT('',(112.20137942877,-65.79862057122,6.3));
#425 = LINE('',#426,#427);
#426 = CARTESIAN_POINT('',(116.91180337682,-66.03002886087,6.3));
#427 = VECTOR('',#428,1.);
#428 = DIRECTION('',(-0.998795456205,4.906767432757E-02,0.));
#429 = ORIENTED_EDGE('',*,*,#430,.T.);
#430 = EDGE_CURVE('',#423,#199,#431,.T.);
#431 = LINE('',#432,#433);
#432 = CARTESIAN_POINT('',(112.20137942877,-65.79862057122,6.2));
#433 = VECTOR('',#434,1.);
#434 = DIRECTION('',(0.,0.,1.));
#435 = ORIENTED_EDGE('',*,*,#206,.T.);
#436 = ORIENTED_EDGE('',*,*,#135,.F.);
#437 = PLANE('',#438);
#438 = AXIS2_PLACEMENT_3D('',#439,#440,#441);
#439 = CARTESIAN_POINT('',(112.20137942877,-65.79862057122,6.2));
#440 = DIRECTION('',(4.906767432757E-02,0.998795456205,0.));
#441 = DIRECTION('',(0.998795456205,-4.906767432757E-02,0.));
#442 = ADVANCED_FACE('',(#443,#586),#597,.T.);
#443 = FACE_BOUND('',#444,.T.);
#444 = EDGE_LOOP('',(#445,#446,#455,#463,#472,#480,#489,#497,#505,#513,
    #521,#529,#537,#545,#553,#562,#571,#579,#585));
#445 = ORIENTED_EDGE('',*,*,#127,.F.);
#446 = ORIENTED_EDGE('',*,*,#447,.F.);
#447 = EDGE_CURVE('',#448,#120,#450,.T.);
#448 = VERTEX_POINT('',#449);
#449 = CARTESIAN_POINT('',(112.95970781992,-67.,6.3));
#450 = CIRCLE('',#451,2.15);
#451 = AXIS2_PLACEMENT_3D('',#452,#453,#454);
#452 = CARTESIAN_POINT('',(114.5,-65.5,6.3));
#453 = DIRECTION('',(0.,0.,-1.));
#454 = DIRECTION('',(1.,0.,0.));
#455 = ORIENTED_EDGE('',*,*,#456,.T.);
#456 = EDGE_CURVE('',#448,#457,#459,.T.);
#457 = VERTEX_POINT('',#458);
#458 = CARTESIAN_POINT('',(112.2,-67.,6.3));
#459 = LINE('',#460,#461);
#460 = CARTESIAN_POINT('',(133.8,-67.,6.3));
#461 = VECTOR('',#462,1.);
#462 = DIRECTION('',(-1.,0.,0.));
#463 = ORIENTED_EDGE('',*,*,#464,.T.);
#464 = EDGE_CURVE('',#457,#465,#467,.T.);
#465 = VERTEX_POINT('',#466);
#466 = CARTESIAN_POINT('',(111.,-65.8,6.3));
#467 = CIRCLE('',#468,1.2);
#468 = AXIS2_PLACEMENT_3D('',#469,#470,#471);
#469 = CARTESIAN_POINT('',(112.2,-65.8,6.3));
#470 = DIRECTION('',(0.,0.,-1.));
#471 = DIRECTION('',(0.,-1.,0.));
#472 = ORIENTED_EDGE('',*,*,#473,.T.);
#473 = EDGE_CURVE('',#465,#474,#476,.T.);
#474 = VERTEX_POINT('',#475);
#475 = CARTESIAN_POINT('',(111.,-12.2,6.3));
#476 = LINE('',#477,#478);
#477 = CARTESIAN_POINT('',(111.,-65.8,6.3));
#478 = VECTOR('',#479,1.);
#479 = DIRECTION('',(0.,1.,0.));
#480 = ORIENTED_EDGE('',*,*,#481,.T.);
#481 = EDGE_CURVE('',#474,#482,#484,.T.);
#482 = VERTEX_POINT('',#483);
#483 = CARTESIAN_POINT('',(112.2,-11.,6.3));
#484 = CIRCLE('',#485,1.2);
#485 = AXIS2_PLACEMENT_3D('',#486,#487,#488);
#486 = CARTESIAN_POINT('',(112.2,-12.2,6.3));
#487 = DIRECTION('',(0.,0.,-1.));
#488 = DIRECTION('',(-1.,4.44E-15,0.));
#489 = ORIENTED_EDGE('',*,*,#490,.T.);
#490 = EDGE_CURVE('',#482,#491,#493,.T.);
#491 = VERTEX_POINT('',#492);
#492 = CARTESIAN_POINT('',(116.3,-11.,6.3));
#493 = LINE('',#494,#495);
#494 = CARTESIAN_POINT('',(112.2,-11.,6.3));
#495 = VECTOR('',#496,1.);
#496 = DIRECTION('',(1.,0.,0.));
#497 = ORIENTED_EDGE('',*,*,#498,.F.);
#498 = EDGE_CURVE('',#499,#491,#501,.T.);
#499 = VERTEX_POINT('',#500);
#500 = CARTESIAN_POINT('',(116.3,-11.4,6.3));
#501 = LINE('',#502,#503);
#502 = CARTESIAN_POINT('',(116.3,-29.54893884022,6.3));
#503 = VECTOR('',#504,1.);
#504 = DIRECTION('',(0.,1.,0.));
#505 = ORIENTED_EDGE('',*,*,#506,.T.);
#506 = EDGE_CURVE('',#499,#507,#509,.T.);
#507 = VERTEX_POINT('',#508);
#508 = CARTESIAN_POINT('',(113.,-11.4,6.3));
#509 = LINE('',#510,#511);
#510 = CARTESIAN_POINT('',(117.97834371508,-11.4,6.3));
#511 = VECTOR('',#512,1.);
#512 = DIRECTION('',(-1.,0.,0.));
#513 = ORIENTED_EDGE('',*,*,#514,.F.);
#514 = EDGE_CURVE('',#515,#507,#517,.T.);
#515 = VERTEX_POINT('',#516);
#516 = CARTESIAN_POINT('',(113.,-12.2,6.3));
#517 = LINE('',#518,#519);
#518 = CARTESIAN_POINT('',(113.,-43.59893884022,6.3));
#519 = VECTOR('',#520,1.);
#520 = DIRECTION('',(0.,1.,0.));
#521 = ORIENTED_EDGE('',*,*,#522,.F.);
#522 = EDGE_CURVE('',#523,#515,#525,.T.);
#523 = VERTEX_POINT('',#524);
#524 = CARTESIAN_POINT('',(112.22945834653,-12.2,6.3));
#525 = LINE('',#526,#527);
#526 = CARTESIAN_POINT('',(127.76361454181,-12.2,6.3));
#527 = VECTOR('',#528,1.);
#528 = DIRECTION('',(1.,0.,0.));
#529 = ORIENTED_EDGE('',*,*,#530,.F.);
#530 = EDGE_CURVE('',#531,#523,#533,.T.);
#531 = VERTEX_POINT('',#532);
#532 = CARTESIAN_POINT('',(112.20137942877,-12.20137942877,6.3));
#533 = LINE('',#534,#535);
#534 = CARTESIAN_POINT('',(116.92104599053,-11.96951707863,6.3));
#535 = VECTOR('',#536,1.);
#536 = DIRECTION('',(0.998795456205,4.906767432741E-02,0.));
#537 = ORIENTED_EDGE('',*,*,#538,.F.);
#538 = EDGE_CURVE('',#539,#531,#541,.T.);
#539 = VERTEX_POINT('',#540);
#540 = CARTESIAN_POINT('',(112.2,-12.22945834653,6.3));
#541 = LINE('',#542,#543);
#542 = CARTESIAN_POINT('',(111.55524740483,-25.35369892353,6.3));
#543 = VECTOR('',#544,1.);
#544 = DIRECTION('',(4.906767432758E-02,0.998795456205,0.));
#545 = ORIENTED_EDGE('',*,*,#546,.F.);
#546 = EDGE_CURVE('',#547,#539,#549,.T.);
#547 = VERTEX_POINT('',#548);
#548 = CARTESIAN_POINT('',(112.2,-51.13191726823,6.3));
#549 = LINE('',#550,#551);
#550 = CARTESIAN_POINT('',(112.2,-25.66366801349,6.3));
#551 = VECTOR('',#552,1.);
#552 = DIRECTION('',(0.,1.,0.));
#553 = ORIENTED_EDGE('',*,*,#554,.F.);
#554 = EDGE_CURVE('',#555,#547,#557,.T.);
#555 = VERTEX_POINT('',#556);
#556 = CARTESIAN_POINT('',(114.85,-52.8,6.3));
#557 = CIRCLE('',#558,1.85);
#558 = AXIS2_PLACEMENT_3D('',#559,#560,#561);
#559 = CARTESIAN_POINT('',(113.,-52.8,6.3));
#560 = DIRECTION('',(0.,0.,1.));
#561 = DIRECTION('',(1.,0.,0.));
#562 = ORIENTED_EDGE('',*,*,#563,.F.);
#563 = EDGE_CURVE('',#564,#555,#566,.T.);
#564 = VERTEX_POINT('',#565);
#565 = CARTESIAN_POINT('',(112.2,-54.46808273176,6.3));
#566 = CIRCLE('',#567,1.85);
#567 = AXIS2_PLACEMENT_3D('',#568,#569,#570);
#568 = CARTESIAN_POINT('',(113.,-52.8,6.3));
#569 = DIRECTION('',(0.,0.,1.));
#570 = DIRECTION('',(1.,0.,0.));
#571 = ORIENTED_EDGE('',*,*,#572,.F.);
#572 = EDGE_CURVE('',#573,#564,#575,.T.);
#573 = VERTEX_POINT('',#574);
#574 = CARTESIAN_POINT('',(112.2,-65.77054165346,6.3));
#575 = LINE('',#576,#577);
#576 = CARTESIAN_POINT('',(112.2,-25.66366801349,6.3));
#577 = VECTOR('',#578,1.);
#578 = DIRECTION('',(0.,1.,0.));
#579 = ORIENTED_EDGE('',*,*,#580,.F.);
#580 = EDGE_CURVE('',#423,#573,#581,.T.);
#581 = LINE('',#582,#583);
#582 = CARTESIAN_POINT('',(111.55935453561,-52.72990364414,6.3));
#583 = VECTOR('',#584,1.);
#584 = DIRECTION('',(-4.906767432757E-02,0.998795456205,0.));
#585 = ORIENTED_EDGE('',*,*,#422,.F.);
#586 = FACE_BOUND('',#587,.T.);
#587 = EDGE_LOOP('',(#588));
#588 = ORIENTED_EDGE('',*,*,#589,.F.);
#589 = EDGE_CURVE('',#590,#590,#592,.T.);
#590 = VERTEX_POINT('',#591);
#591 = CARTESIAN_POINT('',(114.6,-52.8,6.3));
#592 = CIRCLE('',#593,1.6);
#593 = AXIS2_PLACEMENT_3D('',#594,#595,#596);
#594 = CARTESIAN_POINT('',(113.,-52.8,6.3));
#595 = DIRECTION('',(0.,0.,-1.));
#596 = DIRECTION('',(1.,0.,0.));
#597 = PLANE('',#598);
#598 = AXIS2_PLACEMENT_3D('',#599,#600,#601);
#599 = CARTESIAN_POINT('',(115.73647631947,-46.10224167393,6.3));
#600 = DIRECTION('',(-0.,-0.,-1.));
#601 = DIRECTION('',(-1.,0.,0.));
#602 = ADVANCED_FACE('',(#603),#622,.F.);
#603 = FACE_BOUND('',#604,.T.);
#604 = EDGE_LOOP('',(#605,#606,#615,#621));
#605 = ORIENTED_EDGE('',*,*,#119,.F.);
#606 = ORIENTED_EDGE('',*,*,#607,.T.);
#607 = EDGE_CURVE('',#112,#608,#610,.T.);
#608 = VERTEX_POINT('',#609);
#609 = CARTESIAN_POINT('',(112.95970781992,-67.,6.75));
#610 = CIRCLE('',#611,2.15);
#611 = AXIS2_PLACEMENT_3D('',#612,#613,#614);
#612 = CARTESIAN_POINT('',(114.5,-65.5,6.75));
#613 = DIRECTION('',(0.,0.,1.));
#614 = DIRECTION('',(1.,0.,0.));
#615 = ORIENTED_EDGE('',*,*,#616,.T.);
#616 = EDGE_CURVE('',#608,#448,#617,.T.);
#617 = LINE('',#618,#619);
#618 = CARTESIAN_POINT('',(112.95970781992,-67.,5.3));
#619 = VECTOR('',#620,1.);
#620 = DIRECTION('',(-0.,-0.,-1.));
#621 = ORIENTED_EDGE('',*,*,#447,.T.);
#622 = CYLINDRICAL_SURFACE('',#623,2.15);
#623 = AXIS2_PLACEMENT_3D('',#624,#625,#626);
#624 = CARTESIAN_POINT('',(114.5,-65.5,5.3));
#625 = DIRECTION('',(-0.,-0.,-1.));
#626 = DIRECTION('',(1.,0.,0.));
#627 = ADVANCED_FACE('',(#628),#647,.F.);
#628 = FACE_BOUND('',#629,.F.);
#629 = EDGE_LOOP('',(#630,#631,#632,#640));
#630 = ORIENTED_EDGE('',*,*,#111,.F.);
#631 = ORIENTED_EDGE('',*,*,#607,.T.);
#632 = ORIENTED_EDGE('',*,*,#633,.F.);
#633 = EDGE_CURVE('',#634,#608,#636,.T.);
#634 = VERTEX_POINT('',#635);
#635 = CARTESIAN_POINT('',(116.04029218007,-67.,6.75));
#636 = LINE('',#637,#638);
#637 = CARTESIAN_POINT('',(124.15,-67.,6.75));
#638 = VECTOR('',#639,1.);
#639 = DIRECTION('',(-1.,0.,0.));
#640 = ORIENTED_EDGE('',*,*,#641,.T.);
#641 = EDGE_CURVE('',#634,#104,#642,.T.);
#642 = CIRCLE('',#643,2.15);
#643 = AXIS2_PLACEMENT_3D('',#644,#645,#646);
#644 = CARTESIAN_POINT('',(114.5,-65.5,6.75));
#645 = DIRECTION('',(0.,0.,1.));
#646 = DIRECTION('',(1.,0.,0.));
#647 = PLANE('',#648);
#648 = AXIS2_PLACEMENT_3D('',#649,#650,#651);
#649 = CARTESIAN_POINT('',(114.5,-65.5,6.75));
#650 = DIRECTION('',(0.,0.,1.));
#651 = DIRECTION('',(1.,0.,0.));
#652 = ADVANCED_FACE('',(#653),#672,.F.);
#653 = FACE_BOUND('',#654,.T.);
#654 = EDGE_LOOP('',(#655,#656,#657,#666));
#655 = ORIENTED_EDGE('',*,*,#641,.T.);
#656 = ORIENTED_EDGE('',*,*,#103,.T.);
#657 = ORIENTED_EDGE('',*,*,#658,.T.);
#658 = EDGE_CURVE('',#96,#659,#661,.T.);
#659 = VERTEX_POINT('',#660);
#660 = CARTESIAN_POINT('',(116.04029218007,-67.,6.3));
#661 = CIRCLE('',#662,2.15);
#662 = AXIS2_PLACEMENT_3D('',#663,#664,#665);
#663 = CARTESIAN_POINT('',(114.5,-65.5,6.3));
#664 = DIRECTION('',(0.,0.,-1.));
#665 = DIRECTION('',(1.,0.,0.));
#666 = ORIENTED_EDGE('',*,*,#667,.F.);
#667 = EDGE_CURVE('',#634,#659,#668,.T.);
#668 = LINE('',#669,#670);
#669 = CARTESIAN_POINT('',(116.04029218007,-67.,5.3));
#670 = VECTOR('',#671,1.);
#671 = DIRECTION('',(-0.,-0.,-1.));
#672 = CYLINDRICAL_SURFACE('',#673,2.15);
#673 = AXIS2_PLACEMENT_3D('',#674,#675,#676);
#674 = CARTESIAN_POINT('',(114.5,-65.5,5.3));
#675 = DIRECTION('',(-0.,-0.,-1.));
#676 = DIRECTION('',(1.,0.,0.));
#677 = ADVANCED_FACE('',(#678,#714),#725,.T.);
#678 = FACE_BOUND('',#679,.T.);
#679 = EDGE_LOOP('',(#680,#689,#690,#699,#705,#706,#707));
#680 = ORIENTED_EDGE('',*,*,#681,.F.);
#681 = EDGE_CURVE('',#64,#682,#684,.T.);
#682 = VERTEX_POINT('',#683);
#683 = CARTESIAN_POINT('',(124.65,-64.7,6.3));
#684 = CIRCLE('',#685,1.85);
#685 = AXIS2_PLACEMENT_3D('',#686,#687,#688);
#686 = CARTESIAN_POINT('',(122.8,-64.7,6.3));
#687 = DIRECTION('',(0.,0.,1.));
#688 = DIRECTION('',(1.,0.,0.));
#689 = ORIENTED_EDGE('',*,*,#63,.F.);
#690 = ORIENTED_EDGE('',*,*,#691,.F.);
#691 = EDGE_CURVE('',#692,#56,#694,.T.);
#692 = VERTEX_POINT('',#693);
#693 = CARTESIAN_POINT('',(128.50894763336,-67.,6.3));
#694 = CIRCLE('',#695,2.15);
#695 = AXIS2_PLACEMENT_3D('',#696,#697,#698);
#696 = CARTESIAN_POINT('',(130.6,-66.5,6.3));
#697 = DIRECTION('',(0.,0.,-1.));
#698 = DIRECTION('',(1.,0.,0.));
#699 = ORIENTED_EDGE('',*,*,#700,.T.);
#700 = EDGE_CURVE('',#692,#659,#701,.T.);
#701 = LINE('',#702,#703);
#702 = CARTESIAN_POINT('',(133.8,-67.,6.3));
#703 = VECTOR('',#704,1.);
#704 = DIRECTION('',(-1.,0.,0.));
#705 = ORIENTED_EDGE('',*,*,#658,.F.);
#706 = ORIENTED_EDGE('',*,*,#95,.F.);
#707 = ORIENTED_EDGE('',*,*,#708,.F.);
#708 = EDGE_CURVE('',#682,#88,#709,.T.);
#709 = CIRCLE('',#710,1.85);
#710 = AXIS2_PLACEMENT_3D('',#711,#712,#713);
#711 = CARTESIAN_POINT('',(122.8,-64.7,6.3));
#712 = DIRECTION('',(0.,0.,1.));
#713 = DIRECTION('',(1.,0.,0.));
#714 = FACE_BOUND('',#715,.T.);
#715 = EDGE_LOOP('',(#716));
#716 = ORIENTED_EDGE('',*,*,#717,.F.);
#717 = EDGE_CURVE('',#718,#718,#720,.T.);
#718 = VERTEX_POINT('',#719);
#719 = CARTESIAN_POINT('',(124.4,-64.7,6.3));
#720 = CIRCLE('',#721,1.6);
#721 = AXIS2_PLACEMENT_3D('',#722,#723,#724);
#722 = CARTESIAN_POINT('',(122.8,-64.7,6.3));
#723 = DIRECTION('',(0.,0.,-1.));
#724 = DIRECTION('',(1.,0.,0.));
#725 = PLANE('',#726);
#726 = AXIS2_PLACEMENT_3D('',#727,#728,#729);
#727 = CARTESIAN_POINT('',(115.73647631947,-46.10224167393,6.3));
#728 = DIRECTION('',(-0.,-0.,-1.));
#729 = DIRECTION('',(-1.,0.,0.));
#730 = ADVANCED_FACE('',(#731),#753,.T.);
#731 = FACE_BOUND('',#732,.F.);
#732 = EDGE_LOOP('',(#733,#734,#743,#750,#751,#752));
#733 = ORIENTED_EDGE('',*,*,#71,.F.);
#734 = ORIENTED_EDGE('',*,*,#735,.T.);
#735 = EDGE_CURVE('',#72,#736,#738,.T.);
#736 = VERTEX_POINT('',#737);
#737 = CARTESIAN_POINT('',(124.65,-64.7,11.6));
#738 = CIRCLE('',#739,1.85);
#739 = AXIS2_PLACEMENT_3D('',#740,#741,#742);
#740 = CARTESIAN_POINT('',(122.8,-64.7,11.6));
#741 = DIRECTION('',(0.,0.,1.));
#742 = DIRECTION('',(1.,0.,0.));
#743 = ORIENTED_EDGE('',*,*,#744,.T.);
#744 = EDGE_CURVE('',#736,#80,#745,.T.);
#745 = CIRCLE('',#746,1.85);
#746 = AXIS2_PLACEMENT_3D('',#747,#748,#749);
#747 = CARTESIAN_POINT('',(122.8,-64.7,11.6));
#748 = DIRECTION('',(0.,0.,1.));
#749 = DIRECTION('',(1.,0.,0.));
#750 = ORIENTED_EDGE('',*,*,#87,.T.);
#751 = ORIENTED_EDGE('',*,*,#708,.F.);
#752 = ORIENTED_EDGE('',*,*,#681,.F.);
#753 = CYLINDRICAL_SURFACE('',#754,1.85);
#754 = AXIS2_PLACEMENT_3D('',#755,#756,#757);
#755 = CARTESIAN_POINT('',(122.8,-64.7,6.3));
#756 = DIRECTION('',(-0.,-0.,-1.));
#757 = DIRECTION('',(1.,0.,0.));
#758 = ADVANCED_FACE('',(#759),#764,.T.);
#759 = FACE_BOUND('',#760,.T.);
#760 = EDGE_LOOP('',(#761,#762,#763));
#761 = ORIENTED_EDGE('',*,*,#735,.T.);
#762 = ORIENTED_EDGE('',*,*,#744,.T.);
#763 = ORIENTED_EDGE('',*,*,#79,.T.);
#764 = PLANE('',#765);
#765 = AXIS2_PLACEMENT_3D('',#766,#767,#768);
#766 = CARTESIAN_POINT('',(122.8,-64.7,11.6));
#767 = DIRECTION('',(0.,0.,1.));
#768 = DIRECTION('',(1.,0.,0.));
#769 = ADVANCED_FACE('',(#770),#789,.F.);
#770 = FACE_BOUND('',#771,.T.);
#771 = EDGE_LOOP('',(#772,#773,#782,#788));
#772 = ORIENTED_EDGE('',*,*,#55,.F.);
#773 = ORIENTED_EDGE('',*,*,#774,.T.);
#774 = EDGE_CURVE('',#48,#775,#777,.T.);
#775 = VERTEX_POINT('',#776);
#776 = CARTESIAN_POINT('',(128.50894763336,-67.,6.75));
#777 = CIRCLE('',#778,2.15);
#778 = AXIS2_PLACEMENT_3D('',#779,#780,#781);
#779 = CARTESIAN_POINT('',(130.6,-66.5,6.75));
#780 = DIRECTION('',(0.,0.,1.));
#781 = DIRECTION('',(1.,0.,0.));
#782 = ORIENTED_EDGE('',*,*,#783,.T.);
#783 = EDGE_CURVE('',#775,#692,#784,.T.);
#784 = LINE('',#785,#786);
#785 = CARTESIAN_POINT('',(128.50894763336,-67.,5.3));
#786 = VECTOR('',#787,1.);
#787 = DIRECTION('',(-0.,-0.,-1.));
#788 = ORIENTED_EDGE('',*,*,#691,.T.);
#789 = CYLINDRICAL_SURFACE('',#790,2.15);
#790 = AXIS2_PLACEMENT_3D('',#791,#792,#793);
#791 = CARTESIAN_POINT('',(130.6,-66.5,5.3));
#792 = DIRECTION('',(-0.,-0.,-1.));
#793 = DIRECTION('',(1.,0.,0.));
#794 = ADVANCED_FACE('',(#795),#823,.F.);
#795 = FACE_BOUND('',#796,.F.);
#796 = EDGE_LOOP('',(#797,#808,#815,#816,#817));
#797 = ORIENTED_EDGE('',*,*,#798,.T.);
#798 = EDGE_CURVE('',#799,#801,#803,.T.);
#799 = VERTEX_POINT('',#800);
#800 = CARTESIAN_POINT('',(132.69105236663,-67.,6.75));
#801 = VERTEX_POINT('',#802);
#802 = CARTESIAN_POINT('',(132.75,-66.5,6.75));
#803 = CIRCLE('',#804,2.15);
#804 = AXIS2_PLACEMENT_3D('',#805,#806,#807);
#805 = CARTESIAN_POINT('',(130.6,-66.5,6.75));
#806 = DIRECTION('',(0.,0.,1.));
#807 = DIRECTION('',(1.,0.,0.));
#808 = ORIENTED_EDGE('',*,*,#809,.T.);
#809 = EDGE_CURVE('',#801,#40,#810,.T.);
#810 = CIRCLE('',#811,2.15);
#811 = AXIS2_PLACEMENT_3D('',#812,#813,#814);
#812 = CARTESIAN_POINT('',(130.6,-66.5,6.75));
#813 = DIRECTION('',(0.,0.,1.));
#814 = DIRECTION('',(1.,0.,0.));
#815 = ORIENTED_EDGE('',*,*,#47,.F.);
#816 = ORIENTED_EDGE('',*,*,#774,.T.);
#817 = ORIENTED_EDGE('',*,*,#818,.F.);
#818 = EDGE_CURVE('',#799,#775,#819,.T.);
#819 = LINE('',#820,#821);
#820 = CARTESIAN_POINT('',(132.2,-67.,6.75));
#821 = VECTOR('',#822,1.);
#822 = DIRECTION('',(-1.,0.,0.));
#823 = PLANE('',#824);
#824 = AXIS2_PLACEMENT_3D('',#825,#826,#827);
#825 = CARTESIAN_POINT('',(130.6,-66.5,6.75));
#826 = DIRECTION('',(0.,0.,1.));
#827 = DIRECTION('',(1.,0.,0.));
#828 = ADVANCED_FACE('',(#829),#858,.F.);
#829 = FACE_BOUND('',#830,.T.);
#830 = EDGE_LOOP('',(#831,#842,#848,#849,#850,#851));
#831 = ORIENTED_EDGE('',*,*,#832,.T.);
#832 = EDGE_CURVE('',#833,#835,#837,.T.);
#833 = VERTEX_POINT('',#834);
#834 = CARTESIAN_POINT('',(132.75,-66.5,6.3));
#835 = VERTEX_POINT('',#836);
#836 = CARTESIAN_POINT('',(132.69105236663,-67.,6.3));
#837 = CIRCLE('',#838,2.15);
#838 = AXIS2_PLACEMENT_3D('',#839,#840,#841);
#839 = CARTESIAN_POINT('',(130.6,-66.5,6.3));
#840 = DIRECTION('',(0.,0.,-1.));
#841 = DIRECTION('',(1.,0.,0.));
#842 = ORIENTED_EDGE('',*,*,#843,.F.);
#843 = EDGE_CURVE('',#799,#835,#844,.T.);
#844 = LINE('',#845,#846);
#845 = CARTESIAN_POINT('',(132.69105236663,-67.,5.3));
#846 = VECTOR('',#847,1.);
#847 = DIRECTION('',(-0.,-0.,-1.));
#848 = ORIENTED_EDGE('',*,*,#798,.T.);
#849 = ORIENTED_EDGE('',*,*,#809,.T.);
#850 = ORIENTED_EDGE('',*,*,#39,.T.);
#851 = ORIENTED_EDGE('',*,*,#852,.T.);
#852 = EDGE_CURVE('',#32,#833,#853,.T.);
#853 = CIRCLE('',#854,2.15);
#854 = AXIS2_PLACEMENT_3D('',#855,#856,#857);
#855 = CARTESIAN_POINT('',(130.6,-66.5,6.3));
#856 = DIRECTION('',(0.,0.,-1.));
#857 = DIRECTION('',(1.,0.,0.));
#858 = CYLINDRICAL_SURFACE('',#859,2.15);
#859 = AXIS2_PLACEMENT_3D('',#860,#861,#862);
#860 = CARTESIAN_POINT('',(130.6,-66.5,5.3));
#861 = DIRECTION('',(-0.,-0.,-1.));
#862 = DIRECTION('',(1.,0.,0.));
#863 = ADVANCED_FACE('',(#864),#917,.T.);
#864 = FACE_BOUND('',#865,.T.);
#865 = EDGE_LOOP('',(#866,#867,#868,#869,#877,#885,#893,#901,#910,#916)
  );
#866 = ORIENTED_EDGE('',*,*,#852,.F.);
#867 = ORIENTED_EDGE('',*,*,#31,.F.);
#868 = ORIENTED_EDGE('',*,*,#157,.F.);
#869 = ORIENTED_EDGE('',*,*,#870,.F.);
#870 = EDGE_CURVE('',#871,#158,#873,.T.);
#871 = VERTEX_POINT('',#872);
#872 = CARTESIAN_POINT('',(133.8,-65.77054165346,6.3));
#873 = LINE('',#874,#875);
#874 = CARTESIAN_POINT('',(134.43985146906,-52.74606579013,6.3));
#875 = VECTOR('',#876,1.);
#876 = DIRECTION('',(-4.906767432734E-02,-0.998795456205,0.));
#877 = ORIENTED_EDGE('',*,*,#878,.F.);
#878 = EDGE_CURVE('',#879,#871,#881,.T.);
#879 = VERTEX_POINT('',#880);
#880 = CARTESIAN_POINT('',(133.8,-63.9,6.3));
#881 = LINE('',#882,#883);
#882 = CARTESIAN_POINT('',(133.8,-52.43420966695,6.3));
#883 = VECTOR('',#884,1.);
#884 = DIRECTION('',(0.,-1.,0.));
#885 = ORIENTED_EDGE('',*,*,#886,.F.);
#886 = EDGE_CURVE('',#887,#879,#889,.T.);
#887 = VERTEX_POINT('',#888);
#888 = CARTESIAN_POINT('',(135.,-63.9,6.3));
#889 = LINE('',#890,#891);
#890 = CARTESIAN_POINT('',(125.62834371508,-63.9,6.3));
#891 = VECTOR('',#892,1.);
#892 = DIRECTION('',(-1.,0.,0.));
#893 = ORIENTED_EDGE('',*,*,#894,.T.);
#894 = EDGE_CURVE('',#887,#895,#897,.T.);
#895 = VERTEX_POINT('',#896);
#896 = CARTESIAN_POINT('',(135.,-65.8,6.3));
#897 = LINE('',#898,#899);
#898 = CARTESIAN_POINT('',(135.,-13.4,6.3));
#899 = VECTOR('',#900,1.);
#900 = DIRECTION('',(0.,-1.,0.));
#901 = ORIENTED_EDGE('',*,*,#902,.T.);
#902 = EDGE_CURVE('',#895,#903,#905,.T.);
#903 = VERTEX_POINT('',#904);
#904 = CARTESIAN_POINT('',(133.8,-67.,6.3));
#905 = CIRCLE('',#906,1.2);
#906 = AXIS2_PLACEMENT_3D('',#907,#908,#909);
#907 = CARTESIAN_POINT('',(133.8,-65.8,6.3));
#908 = DIRECTION('',(0.,0.,-1.));
#909 = DIRECTION('',(1.,2.368E-14,0.));
#910 = ORIENTED_EDGE('',*,*,#911,.T.);
#911 = EDGE_CURVE('',#903,#835,#912,.T.);
#912 = LINE('',#913,#914);
#913 = CARTESIAN_POINT('',(133.8,-67.,6.3));
#914 = VECTOR('',#915,1.);
#915 = DIRECTION('',(-1.,0.,0.));
#916 = ORIENTED_EDGE('',*,*,#832,.F.);
#917 = PLANE('',#918);
#918 = AXIS2_PLACEMENT_3D('',#919,#920,#921);
#919 = CARTESIAN_POINT('',(115.73647631947,-46.10224167393,6.3));
#920 = DIRECTION('',(-0.,-0.,-1.));
#921 = DIRECTION('',(-1.,0.,0.));
#922 = ADVANCED_FACE('',(#923),#934,.T.);
#923 = FACE_BOUND('',#924,.T.);
#924 = EDGE_LOOP('',(#925,#926,#927,#928));
#925 = ORIENTED_EDGE('',*,*,#870,.T.);
#926 = ORIENTED_EDGE('',*,*,#174,.T.);
#927 = ORIENTED_EDGE('',*,*,#214,.T.);
#928 = ORIENTED_EDGE('',*,*,#929,.F.);
#929 = EDGE_CURVE('',#871,#215,#930,.T.);
#930 = LINE('',#931,#932);
#931 = CARTESIAN_POINT('',(133.8,-65.77054165346,6.2));
#932 = VECTOR('',#933,1.);
#933 = DIRECTION('',(0.,0.,1.));
#934 = PLANE('',#935);
#935 = AXIS2_PLACEMENT_3D('',#936,#937,#938);
#936 = CARTESIAN_POINT('',(133.79862057122,-65.79862057122,6.2));
#937 = DIRECTION('',(-0.998795456205,4.906767432734E-02,0.));
#938 = DIRECTION('',(4.906767432734E-02,0.998795456205,0.));
#939 = ADVANCED_FACE('',(#940),#979,.T.);
#940 = FACE_BOUND('',#941,.T.);
#941 = EDGE_LOOP('',(#942,#948,#949,#957,#965,#971,#972,#978));
#942 = ORIENTED_EDGE('',*,*,#943,.F.);
#943 = EDGE_CURVE('',#573,#191,#944,.T.);
#944 = LINE('',#945,#946);
#945 = CARTESIAN_POINT('',(112.2,-65.77054165346,6.2));
#946 = VECTOR('',#947,1.);
#947 = DIRECTION('',(0.,0.,1.));
#948 = ORIENTED_EDGE('',*,*,#572,.T.);
#949 = ORIENTED_EDGE('',*,*,#950,.F.);
#950 = EDGE_CURVE('',#951,#564,#953,.T.);
#951 = VERTEX_POINT('',#952);
#952 = CARTESIAN_POINT('',(112.2,-54.46808273176,11.6));
#953 = LINE('',#954,#955);
#954 = CARTESIAN_POINT('',(112.2,-54.46808273176,6.3));
#955 = VECTOR('',#956,1.);
#956 = DIRECTION('',(-0.,-0.,-1.));
#957 = ORIENTED_EDGE('',*,*,#958,.F.);
#958 = EDGE_CURVE('',#959,#951,#961,.T.);
#959 = VERTEX_POINT('',#960);
#960 = CARTESIAN_POINT('',(112.2,-51.13191726823,11.6));
#961 = LINE('',#962,#963);
#962 = CARTESIAN_POINT('',(112.2,-32.51472917326,11.6));
#963 = VECTOR('',#964,1.);
#964 = DIRECTION('',(0.,-1.,0.));
#965 = ORIENTED_EDGE('',*,*,#966,.T.);
#966 = EDGE_CURVE('',#959,#547,#967,.T.);
#967 = LINE('',#968,#969);
#968 = CARTESIAN_POINT('',(112.2,-51.13191726823,6.3));
#969 = VECTOR('',#970,1.);
#970 = DIRECTION('',(-0.,-0.,-1.));
#971 = ORIENTED_EDGE('',*,*,#546,.T.);
#972 = ORIENTED_EDGE('',*,*,#973,.T.);
#973 = EDGE_CURVE('',#539,#189,#974,.T.);
#974 = LINE('',#975,#976);
#975 = CARTESIAN_POINT('',(112.2,-12.22945834653,6.2));
#976 = VECTOR('',#977,1.);
#977 = DIRECTION('',(0.,0.,1.));
#978 = ORIENTED_EDGE('',*,*,#188,.T.);
#979 = PLANE('',#980);
#980 = AXIS2_PLACEMENT_3D('',#981,#982,#983);
#981 = CARTESIAN_POINT('',(112.2,-12.22945834653,6.2));
#982 = DIRECTION('',(1.,0.,0.));
#983 = DIRECTION('',(0.,-1.,0.));
#984 = ADVANCED_FACE('',(#985),#996,.T.);
#985 = FACE_BOUND('',#986,.T.);
#986 = EDGE_LOOP('',(#987,#988,#994,#995));
#987 = ORIENTED_EDGE('',*,*,#538,.T.);
#988 = ORIENTED_EDGE('',*,*,#989,.T.);
#989 = EDGE_CURVE('',#531,#367,#990,.T.);
#990 = LINE('',#991,#992);
#991 = CARTESIAN_POINT('',(112.20137942877,-12.20137942877,6.2));
#992 = VECTOR('',#993,1.);
#993 = DIRECTION('',(0.,0.,1.));
#994 = ORIENTED_EDGE('',*,*,#374,.T.);
#995 = ORIENTED_EDGE('',*,*,#973,.F.);
#996 = PLANE('',#997);
#997 = AXIS2_PLACEMENT_3D('',#998,#999,#1000);
#998 = CARTESIAN_POINT('',(112.20137942877,-12.20137942877,6.2));
#999 = DIRECTION('',(0.998795456205,-4.906767432758E-02,0.));
#1000 = DIRECTION('',(-4.906767432758E-02,-0.998795456205,0.));
#1001 = ADVANCED_FACE('',(#1002),#1008,.T.);
#1002 = FACE_BOUND('',#1003,.T.);
#1003 = EDGE_LOOP('',(#1004,#1005,#1006,#1007));
#1004 = ORIENTED_EDGE('',*,*,#580,.T.);
#1005 = ORIENTED_EDGE('',*,*,#943,.T.);
#1006 = ORIENTED_EDGE('',*,*,#198,.T.);
#1007 = ORIENTED_EDGE('',*,*,#430,.F.);
#1008 = PLANE('',#1009);
#1009 = AXIS2_PLACEMENT_3D('',#1010,#1011,#1012);
#1010 = CARTESIAN_POINT('',(112.2,-65.77054165346,6.2));
#1011 = DIRECTION('',(0.998795456205,4.906767432757E-02,0.));
#1012 = DIRECTION('',(4.906767432757E-02,-0.998795456205,0.));
#1013 = ADVANCED_FACE('',(#1014),#1025,.T.);
#1014 = FACE_BOUND('',#1015,.T.);
#1015 = EDGE_LOOP('',(#1016,#1017,#1023,#1024));
#1016 = ORIENTED_EDGE('',*,*,#530,.T.);
#1017 = ORIENTED_EDGE('',*,*,#1018,.T.);
#1018 = EDGE_CURVE('',#523,#359,#1019,.T.);
#1019 = LINE('',#1020,#1021);
#1020 = CARTESIAN_POINT('',(112.22945834653,-12.2,6.2));
#1021 = VECTOR('',#1022,1.);
#1022 = DIRECTION('',(0.,0.,1.));
#1023 = ORIENTED_EDGE('',*,*,#366,.T.);
#1024 = ORIENTED_EDGE('',*,*,#989,.F.);
#1025 = PLANE('',#1026);
#1026 = AXIS2_PLACEMENT_3D('',#1027,#1028,#1029);
#1027 = CARTESIAN_POINT('',(112.22945834653,-12.2,6.2));
#1028 = DIRECTION('',(4.906767432741E-02,-0.998795456205,0.));
#1029 = DIRECTION('',(-0.998795456205,-4.906767432741E-02,0.));
#1030 = ADVANCED_FACE('',(#1031),#1058,.T.);
#1031 = FACE_BOUND('',#1032,.T.);
#1032 = EDGE_LOOP('',(#1033,#1034,#1035,#1043,#1051,#1057));
#1033 = ORIENTED_EDGE('',*,*,#1018,.F.);
#1034 = ORIENTED_EDGE('',*,*,#522,.T.);
#1035 = ORIENTED_EDGE('',*,*,#1036,.T.);
#1036 = EDGE_CURVE('',#515,#1037,#1039,.T.);
#1037 = VERTEX_POINT('',#1038);
#1038 = CARTESIAN_POINT('',(113.,-12.2,12.1));
#1039 = LINE('',#1040,#1041);
#1040 = CARTESIAN_POINT('',(113.,-12.2,5.9));
#1041 = VECTOR('',#1042,1.);
#1042 = DIRECTION('',(0.,0.,1.));
#1043 = ORIENTED_EDGE('',*,*,#1044,.F.);
#1044 = EDGE_CURVE('',#1045,#1037,#1047,.T.);
#1045 = VERTEX_POINT('',#1046);
#1046 = CARTESIAN_POINT('',(132.57054165346,-12.2,12.1));
#1047 = LINE('',#1048,#1049);
#1048 = CARTESIAN_POINT('',(122.78527082673,-12.2,12.1));
#1049 = VECTOR('',#1050,1.);
#1050 = DIRECTION('',(-1.,0.,0.));
#1051 = ORIENTED_EDGE('',*,*,#1052,.T.);
#1052 = EDGE_CURVE('',#1045,#351,#1053,.T.);
#1053 = LINE('',#1054,#1055);
#1054 = CARTESIAN_POINT('',(132.57054165346,-12.2,6.2));
#1055 = VECTOR('',#1056,1.);
#1056 = DIRECTION('',(0.,0.,1.));
#1057 = ORIENTED_EDGE('',*,*,#358,.T.);
#1058 = PLANE('',#1059);
#1059 = AXIS2_PLACEMENT_3D('',#1060,#1061,#1062);
#1060 = CARTESIAN_POINT('',(132.57054165346,-12.2,6.2));
#1061 = DIRECTION('',(0.,-1.,0.));
#1062 = DIRECTION('',(-1.,0.,0.));
#1063 = ADVANCED_FACE('',(#1064),#1098,.T.);
#1064 = FACE_BOUND('',#1065,.T.);
#1065 = EDGE_LOOP('',(#1066,#1076,#1084,#1090,#1091,#1092));
#1066 = ORIENTED_EDGE('',*,*,#1067,.F.);
#1067 = EDGE_CURVE('',#1068,#1070,#1072,.T.);
#1068 = VERTEX_POINT('',#1069);
#1069 = CARTESIAN_POINT('',(132.6,-12.20144719576,6.3));
#1070 = VERTEX_POINT('',#1071);
#1071 = CARTESIAN_POINT('',(132.6,-12.20144719576,12.1));
#1072 = LINE('',#1073,#1074);
#1073 = CARTESIAN_POINT('',(132.6,-12.20144719576,5.9));
#1074 = VECTOR('',#1075,1.);
#1075 = DIRECTION('',(0.,0.,1.));
#1076 = ORIENTED_EDGE('',*,*,#1077,.T.);
#1077 = EDGE_CURVE('',#1068,#1078,#1080,.T.);
#1078 = VERTEX_POINT('',#1079);
#1079 = CARTESIAN_POINT('',(132.7174787184,-12.20721855511,6.3));
#1080 = LINE('',#1081,#1082);
#1081 = CARTESIAN_POINT('',(128.50776967103,-12.00040881117,6.3));
#1082 = VECTOR('',#1083,1.);
#1083 = DIRECTION('',(0.998795456205,-4.906767432741E-02,0.));
#1084 = ORIENTED_EDGE('',*,*,#1085,.T.);
#1085 = EDGE_CURVE('',#1078,#343,#1086,.T.);
#1086 = LINE('',#1087,#1088);
#1087 = CARTESIAN_POINT('',(132.7174787184,-12.20721855511,6.2));
#1088 = VECTOR('',#1089,1.);
#1089 = DIRECTION('',(0.,0.,1.));
#1090 = ORIENTED_EDGE('',*,*,#350,.T.);
#1091 = ORIENTED_EDGE('',*,*,#1052,.F.);
#1092 = ORIENTED_EDGE('',*,*,#1093,.F.);
#1093 = EDGE_CURVE('',#1070,#1045,#1094,.T.);
#1094 = LINE('',#1095,#1096);
#1095 = CARTESIAN_POINT('',(123.76200257046,-11.76726422378,12.1));
#1096 = VECTOR('',#1097,1.);
#1097 = DIRECTION('',(-0.998795456205,4.906767432741E-02,0.));
#1098 = PLANE('',#1099);
#1099 = AXIS2_PLACEMENT_3D('',#1100,#1101,#1102);
#1100 = CARTESIAN_POINT('',(132.7174787184,-12.20721855511,6.2));
#1101 = DIRECTION('',(-4.906767432741E-02,-0.998795456205,0.));
#1102 = DIRECTION('',(-0.998795456205,4.906767432741E-02,0.));
#1103 = ADVANCED_FACE('',(#1104),#1122,.T.);
#1104 = FACE_BOUND('',#1105,.T.);
#1105 = EDGE_LOOP('',(#1106,#1114,#1120,#1121));
#1106 = ORIENTED_EDGE('',*,*,#1107,.T.);
#1107 = EDGE_CURVE('',#1078,#1108,#1110,.T.);
#1108 = VERTEX_POINT('',#1109);
#1109 = CARTESIAN_POINT('',(132.83382605253,-12.22447705182,6.3));
#1110 = LINE('',#1111,#1112);
#1111 = CARTESIAN_POINT('',(129.95181741665,-11.79697145472,6.3));
#1112 = VECTOR('',#1113,1.);
#1113 = DIRECTION('',(0.989176509965,-0.146730474455,0.));
#1114 = ORIENTED_EDGE('',*,*,#1115,.T.);
#1115 = EDGE_CURVE('',#1108,#335,#1116,.T.);
#1116 = LINE('',#1117,#1118);
#1117 = CARTESIAN_POINT('',(132.83382605253,-12.22447705182,6.2));
#1118 = VECTOR('',#1119,1.);
#1119 = DIRECTION('',(0.,0.,1.));
#1120 = ORIENTED_EDGE('',*,*,#342,.T.);
#1121 = ORIENTED_EDGE('',*,*,#1085,.F.);
#1122 = PLANE('',#1123);
#1123 = AXIS2_PLACEMENT_3D('',#1124,#1125,#1126);
#1124 = CARTESIAN_POINT('',(132.83382605253,-12.22447705182,6.2));
#1125 = DIRECTION('',(-0.146730474455,-0.989176509965,0.));
#1126 = DIRECTION('',(-0.989176509965,0.146730474455,0.));
#1127 = ADVANCED_FACE('',(#1128),#1146,.T.);
#1128 = FACE_BOUND('',#1129,.T.);
#1129 = EDGE_LOOP('',(#1130,#1138,#1144,#1145));
#1130 = ORIENTED_EDGE('',*,*,#1131,.T.);
#1131 = EDGE_CURVE('',#1108,#1132,#1134,.T.);
#1132 = VERTEX_POINT('',#1133);
#1133 = CARTESIAN_POINT('',(132.94792151395,-12.25305647712,6.3));
#1134 = LINE('',#1135,#1136);
#1135 = CARTESIAN_POINT('',(131.41088282309,-11.86804832775,6.3));
#1136 = VECTOR('',#1137,1.);
#1137 = DIRECTION('',(0.970031253195,-0.242980179903,0.));
#1138 = ORIENTED_EDGE('',*,*,#1139,.T.);
#1139 = EDGE_CURVE('',#1132,#327,#1140,.T.);
#1140 = LINE('',#1141,#1142);
#1141 = CARTESIAN_POINT('',(132.94792151395,-12.25305647712,6.2));
#1142 = VECTOR('',#1143,1.);
#1143 = DIRECTION('',(0.,0.,1.));
#1144 = ORIENTED_EDGE('',*,*,#334,.T.);
#1145 = ORIENTED_EDGE('',*,*,#1115,.F.);
#1146 = PLANE('',#1147);
#1147 = AXIS2_PLACEMENT_3D('',#1148,#1149,#1150);
#1148 = CARTESIAN_POINT('',(132.94792151395,-12.25305647712,6.2));
#1149 = DIRECTION('',(-0.242980179903,-0.970031253195,0.));
#1150 = DIRECTION('',(-0.970031253195,0.242980179903,0.));
#1151 = ADVANCED_FACE('',(#1152),#1227,.T.);
#1152 = FACE_BOUND('',#1153,.T.);
#1153 = EDGE_LOOP('',(#1154,#1162,#1170,#1178,#1186,#1194,#1202,#1210,
    #1218,#1224,#1225,#1226));
#1154 = ORIENTED_EDGE('',*,*,#1155,.F.);
#1155 = EDGE_CURVE('',#1156,#223,#1158,.T.);
#1156 = VERTEX_POINT('',#1157);
#1157 = CARTESIAN_POINT('',(133.8,-13.42945834653,6.3));
#1158 = LINE('',#1159,#1160);
#1159 = CARTESIAN_POINT('',(133.8,-13.42945834653,6.2));
#1160 = VECTOR('',#1161,1.);
#1161 = DIRECTION('',(0.,0.,1.));
#1162 = ORIENTED_EDGE('',*,*,#1163,.T.);
#1163 = EDGE_CURVE('',#1156,#1164,#1166,.T.);
#1164 = VERTEX_POINT('',#1165);
#1165 = CARTESIAN_POINT('',(133.8,-51.13191726823,6.3));
#1166 = LINE('',#1167,#1168);
#1167 = CARTESIAN_POINT('',(133.8,-52.43420966695,6.3));
#1168 = VECTOR('',#1169,1.);
#1169 = DIRECTION('',(0.,-1.,0.));
#1170 = ORIENTED_EDGE('',*,*,#1171,.F.);
#1171 = EDGE_CURVE('',#1172,#1164,#1174,.T.);
#1172 = VERTEX_POINT('',#1173);
#1173 = CARTESIAN_POINT('',(133.8,-51.13191726823,11.6));
#1174 = LINE('',#1175,#1176);
#1175 = CARTESIAN_POINT('',(133.8,-51.13191726823,6.3));
#1176 = VECTOR('',#1177,1.);
#1177 = DIRECTION('',(-0.,-0.,-1.));
#1178 = ORIENTED_EDGE('',*,*,#1179,.F.);
#1179 = EDGE_CURVE('',#1180,#1172,#1182,.T.);
#1180 = VERTEX_POINT('',#1181);
#1181 = CARTESIAN_POINT('',(133.8,-54.46808273176,11.6));
#1182 = LINE('',#1183,#1184);
#1183 = CARTESIAN_POINT('',(133.8,-59.28527082673,11.6));
#1184 = VECTOR('',#1185,1.);
#1185 = DIRECTION('',(0.,1.,0.));
#1186 = ORIENTED_EDGE('',*,*,#1187,.T.);
#1187 = EDGE_CURVE('',#1180,#1188,#1190,.T.);
#1188 = VERTEX_POINT('',#1189);
#1189 = CARTESIAN_POINT('',(133.8,-54.46808273176,6.3));
#1190 = LINE('',#1191,#1192);
#1191 = CARTESIAN_POINT('',(133.8,-54.46808273176,6.3));
#1192 = VECTOR('',#1193,1.);
#1193 = DIRECTION('',(-0.,-0.,-1.));
#1194 = ORIENTED_EDGE('',*,*,#1195,.T.);
#1195 = EDGE_CURVE('',#1188,#1196,#1198,.T.);
#1196 = VERTEX_POINT('',#1197);
#1197 = CARTESIAN_POINT('',(133.8,-55.4,6.3));
#1198 = LINE('',#1199,#1200);
#1199 = CARTESIAN_POINT('',(133.8,-52.43420966695,6.3));
#1200 = VECTOR('',#1201,1.);
#1201 = DIRECTION('',(0.,-1.,0.));
#1202 = ORIENTED_EDGE('',*,*,#1203,.F.);
#1203 = EDGE_CURVE('',#1204,#1196,#1206,.T.);
#1204 = VERTEX_POINT('',#1205);
#1205 = CARTESIAN_POINT('',(133.8,-55.4,9.2));
#1206 = LINE('',#1207,#1208);
#1207 = CARTESIAN_POINT('',(133.8,-55.4,5.65));
#1208 = VECTOR('',#1209,1.);
#1209 = DIRECTION('',(0.,0.,-1.));
#1210 = ORIENTED_EDGE('',*,*,#1211,.F.);
#1211 = EDGE_CURVE('',#1212,#1204,#1214,.T.);
#1212 = VERTEX_POINT('',#1213);
#1213 = CARTESIAN_POINT('',(133.8,-63.9,9.2));
#1214 = LINE('',#1215,#1216);
#1215 = CARTESIAN_POINT('',(133.8,-64.83527082673,9.2));
#1216 = VECTOR('',#1217,1.);
#1217 = DIRECTION('',(0.,1.,0.));
#1218 = ORIENTED_EDGE('',*,*,#1219,.T.);
#1219 = EDGE_CURVE('',#1212,#879,#1220,.T.);
#1220 = LINE('',#1221,#1222);
#1221 = CARTESIAN_POINT('',(133.8,-63.9,5.65));
#1222 = VECTOR('',#1223,1.);
#1223 = DIRECTION('',(0.,0.,-1.));
#1224 = ORIENTED_EDGE('',*,*,#878,.T.);
#1225 = ORIENTED_EDGE('',*,*,#929,.T.);
#1226 = ORIENTED_EDGE('',*,*,#222,.T.);
#1227 = PLANE('',#1228);
#1228 = AXIS2_PLACEMENT_3D('',#1229,#1230,#1231);
#1229 = CARTESIAN_POINT('',(133.8,-65.77054165346,6.2));
#1230 = DIRECTION('',(-1.,0.,0.));
#1231 = DIRECTION('',(0.,1.,0.));
#1232 = ADVANCED_FACE('',(#1233),#1251,.T.);
#1233 = FACE_BOUND('',#1234,.T.);
#1234 = EDGE_LOOP('',(#1235,#1243,#1249,#1250));
#1235 = ORIENTED_EDGE('',*,*,#1236,.T.);
#1236 = EDGE_CURVE('',#1132,#1237,#1239,.T.);
#1237 = VERTEX_POINT('',#1238);
#1238 = CARTESIAN_POINT('',(133.05866630099,-12.29268159553,6.3));
#1239 = LINE('',#1240,#1241);
#1240 = CARTESIAN_POINT('',(132.83219686082,-12.21164953413,6.3));
#1241 = VECTOR('',#1242,1.);
#1242 = DIRECTION('',(0.941544065183,-0.336889853392,0.));
#1243 = ORIENTED_EDGE('',*,*,#1244,.T.);
#1244 = EDGE_CURVE('',#1237,#319,#1245,.T.);
#1245 = LINE('',#1246,#1247);
#1246 = CARTESIAN_POINT('',(133.05866630099,-12.29268159553,6.2));
#1247 = VECTOR('',#1248,1.);
#1248 = DIRECTION('',(0.,0.,1.));
#1249 = ORIENTED_EDGE('',*,*,#326,.T.);
#1250 = ORIENTED_EDGE('',*,*,#1139,.F.);
#1251 = PLANE('',#1252);
#1252 = AXIS2_PLACEMENT_3D('',#1253,#1254,#1255);
#1253 = CARTESIAN_POINT('',(133.05866630099,-12.29268159553,6.2));
#1254 = DIRECTION('',(-0.336889853392,-0.941544065183,0.));
#1255 = DIRECTION('',(-0.941544065183,0.336889853392,0.));
#1256 = ADVANCED_FACE('',(#1257),#1275,.T.);
#1257 = FACE_BOUND('',#1258,.T.);
#1258 = EDGE_LOOP('',(#1259,#1267,#1268,#1269));
#1259 = ORIENTED_EDGE('',*,*,#1260,.T.);
#1260 = EDGE_CURVE('',#1261,#1156,#1263,.T.);
#1261 = VERTEX_POINT('',#1262);
#1262 = CARTESIAN_POINT('',(133.79278144488,-13.28252128159,6.3));
#1263 = LINE('',#1264,#1265);
#1264 = CARTESIAN_POINT('',(134.41593288652,-25.96706027729,6.3));
#1265 = VECTOR('',#1266,1.);
#1266 = DIRECTION('',(4.906767432747E-02,-0.998795456205,0.));
#1267 = ORIENTED_EDGE('',*,*,#1155,.T.);
#1268 = ORIENTED_EDGE('',*,*,#230,.T.);
#1269 = ORIENTED_EDGE('',*,*,#1270,.F.);
#1270 = EDGE_CURVE('',#1261,#231,#1271,.T.);
#1271 = LINE('',#1272,#1273);
#1272 = CARTESIAN_POINT('',(133.79278144488,-13.28252128159,6.2));
#1273 = VECTOR('',#1274,1.);
#1274 = DIRECTION('',(0.,0.,1.));
#1275 = PLANE('',#1276);
#1276 = AXIS2_PLACEMENT_3D('',#1277,#1278,#1279);
#1277 = CARTESIAN_POINT('',(133.8,-13.42945834653,6.2));
#1278 = DIRECTION('',(-0.998795456205,-4.906767432747E-02,0.));
#1279 = DIRECTION('',(-4.906767432747E-02,0.998795456205,0.));
#1280 = ADVANCED_FACE('',(#1281),#1299,.T.);
#1281 = FACE_BOUND('',#1282,.T.);
#1282 = EDGE_LOOP('',(#1283,#1291,#1297,#1298));
#1283 = ORIENTED_EDGE('',*,*,#1284,.T.);
#1284 = EDGE_CURVE('',#1237,#1285,#1287,.T.);
#1285 = VERTEX_POINT('',#1286);
#1286 = CARTESIAN_POINT('',(133.16499388083,-12.3429707955,6.3));
#1287 = LINE('',#1288,#1289);
#1288 = CARTESIAN_POINT('',(134.16435267962,-12.8156323058,6.3));
#1289 = VECTOR('',#1290,1.);
#1290 = DIRECTION('',(0.903989293123,-0.42755509343,0.));
#1291 = ORIENTED_EDGE('',*,*,#1292,.T.);
#1292 = EDGE_CURVE('',#1285,#311,#1293,.T.);
#1293 = LINE('',#1294,#1295);
#1294 = CARTESIAN_POINT('',(133.16499388083,-12.3429707955,6.2));
#1295 = VECTOR('',#1296,1.);
#1296 = DIRECTION('',(0.,0.,1.));
#1297 = ORIENTED_EDGE('',*,*,#318,.T.);
#1298 = ORIENTED_EDGE('',*,*,#1244,.F.);
#1299 = PLANE('',#1300);
#1300 = AXIS2_PLACEMENT_3D('',#1301,#1302,#1303);
#1301 = CARTESIAN_POINT('',(133.16499388083,-12.3429707955,6.2));
#1302 = DIRECTION('',(-0.42755509343,-0.903989293123,0.));
#1303 = DIRECTION('',(-0.903989293123,0.42755509343,0.));
#1304 = ADVANCED_FACE('',(#1305),#1323,.T.);
#1305 = FACE_BOUND('',#1306,.T.);
#1306 = EDGE_LOOP('',(#1307,#1315,#1316,#1317));
#1307 = ORIENTED_EDGE('',*,*,#1308,.T.);
#1308 = EDGE_CURVE('',#1309,#1261,#1311,.T.);
#1309 = VERTEX_POINT('',#1310);
#1310 = CARTESIAN_POINT('',(133.77552294818,-13.16617394746,6.3));
#1311 = LINE('',#1312,#1313);
#1312 = CARTESIAN_POINT('',(135.54958240243,-25.12591132271,6.3));
#1313 = VECTOR('',#1314,1.);
#1314 = DIRECTION('',(0.146730474455,-0.989176509965,0.));
#1315 = ORIENTED_EDGE('',*,*,#1270,.T.);
#1316 = ORIENTED_EDGE('',*,*,#238,.T.);
#1317 = ORIENTED_EDGE('',*,*,#1318,.F.);
#1318 = EDGE_CURVE('',#1309,#239,#1319,.T.);
#1319 = LINE('',#1320,#1321);
#1320 = CARTESIAN_POINT('',(133.77552294818,-13.16617394746,6.2));
#1321 = VECTOR('',#1322,1.);
#1322 = DIRECTION('',(0.,0.,1.));
#1323 = PLANE('',#1324);
#1324 = AXIS2_PLACEMENT_3D('',#1325,#1326,#1327);
#1325 = CARTESIAN_POINT('',(133.79278144488,-13.28252128159,6.2));
#1326 = DIRECTION('',(-0.989176509965,-0.146730474455,0.));
#1327 = DIRECTION('',(-0.146730474455,0.989176509965,0.));
#1328 = ADVANCED_FACE('',(#1329),#1347,.T.);
#1329 = FACE_BOUND('',#1330,.T.);
#1330 = EDGE_LOOP('',(#1331,#1339,#1345,#1346));
#1331 = ORIENTED_EDGE('',*,*,#1332,.T.);
#1332 = EDGE_CURVE('',#1285,#1333,#1335,.T.);
#1333 = VERTEX_POINT('',#1334);
#1334 = CARTESIAN_POINT('',(133.26588026073,-12.40343976453,6.3));
#1335 = LINE('',#1336,#1337);
#1336 = CARTESIAN_POINT('',(135.35925019764,-13.65815741838,6.3));
#1337 = VECTOR('',#1338,1.);
#1338 = DIRECTION('',(0.85772861,-0.514102744193,0.));
#1339 = ORIENTED_EDGE('',*,*,#1340,.T.);
#1340 = EDGE_CURVE('',#1333,#303,#1341,.T.);
#1341 = LINE('',#1342,#1343);
#1342 = CARTESIAN_POINT('',(133.26588026073,-12.40343976453,6.2));
#1343 = VECTOR('',#1344,1.);
#1344 = DIRECTION('',(0.,0.,1.));
#1345 = ORIENTED_EDGE('',*,*,#310,.T.);
#1346 = ORIENTED_EDGE('',*,*,#1292,.F.);
#1347 = PLANE('',#1348);
#1348 = AXIS2_PLACEMENT_3D('',#1349,#1350,#1351);
#1349 = CARTESIAN_POINT('',(133.26588026073,-12.40343976453,6.2));
#1350 = DIRECTION('',(-0.514102744193,-0.85772861,0.));
#1351 = DIRECTION('',(-0.85772861,0.514102744193,0.));
#1352 = ADVANCED_FACE('',(#1353),#1371,.T.);
#1353 = FACE_BOUND('',#1354,.T.);
#1354 = EDGE_LOOP('',(#1355,#1363,#1364,#1365));
#1355 = ORIENTED_EDGE('',*,*,#1356,.T.);
#1356 = EDGE_CURVE('',#1357,#1309,#1359,.T.);
#1357 = VERTEX_POINT('',#1358);
#1358 = CARTESIAN_POINT('',(133.74694352287,-13.05207848605,6.3));
#1359 = LINE('',#1360,#1361);
#1360 = CARTESIAN_POINT('',(136.51218447339,-24.09153917657,6.3));
#1361 = VECTOR('',#1362,1.);
#1362 = DIRECTION('',(0.242980179903,-0.970031253195,0.));
#1363 = ORIENTED_EDGE('',*,*,#1318,.T.);
#1364 = ORIENTED_EDGE('',*,*,#246,.T.);
#1365 = ORIENTED_EDGE('',*,*,#1366,.F.);
#1366 = EDGE_CURVE('',#1357,#247,#1367,.T.);
#1367 = LINE('',#1368,#1369);
#1368 = CARTESIAN_POINT('',(133.74694352287,-13.05207848605,6.2));
#1369 = VECTOR('',#1370,1.);
#1370 = DIRECTION('',(0.,0.,1.));
#1371 = PLANE('',#1372);
#1372 = AXIS2_PLACEMENT_3D('',#1373,#1374,#1375);
#1373 = CARTESIAN_POINT('',(133.77552294818,-13.16617394746,6.2));
#1374 = DIRECTION('',(-0.970031253195,-0.242980179903,0.));
#1375 = DIRECTION('',(-0.242980179903,0.970031253195,0.));
#1376 = ADVANCED_FACE('',(#1377),#1395,.T.);
#1377 = FACE_BOUND('',#1378,.T.);
#1378 = EDGE_LOOP('',(#1379,#1387,#1393,#1394));
#1379 = ORIENTED_EDGE('',*,*,#1380,.T.);
#1380 = EDGE_CURVE('',#1333,#1381,#1383,.T.);
#1381 = VERTEX_POINT('',#1382);
#1382 = CARTESIAN_POINT('',(133.36035384972,-12.47350615341,6.3));
#1383 = LINE('',#1384,#1385);
#1384 = CARTESIAN_POINT('',(136.37391476455,-14.70851525212,6.3));
#1385 = VECTOR('',#1386,1.);
#1386 = DIRECTION('',(0.803207531481,-0.595699304492,0.));
#1387 = ORIENTED_EDGE('',*,*,#1388,.T.);
#1388 = EDGE_CURVE('',#1381,#295,#1389,.T.);
#1389 = LINE('',#1390,#1391);
#1390 = CARTESIAN_POINT('',(133.36035384972,-12.47350615341,6.2));
#1391 = VECTOR('',#1392,1.);
#1392 = DIRECTION('',(0.,0.,1.));
#1393 = ORIENTED_EDGE('',*,*,#302,.T.);
#1394 = ORIENTED_EDGE('',*,*,#1340,.F.);
#1395 = PLANE('',#1396);
#1396 = AXIS2_PLACEMENT_3D('',#1397,#1398,#1399);
#1397 = CARTESIAN_POINT('',(133.36035384972,-12.47350615341,6.2));
#1398 = DIRECTION('',(-0.595699304492,-0.803207531481,0.));
#1399 = DIRECTION('',(-0.803207531481,0.595699304492,0.));
#1400 = ADVANCED_FACE('',(#1401),#1419,.T.);
#1401 = FACE_BOUND('',#1402,.T.);
#1402 = EDGE_LOOP('',(#1403,#1411,#1412,#1413));
#1403 = ORIENTED_EDGE('',*,*,#1404,.T.);
#1404 = EDGE_CURVE('',#1405,#1357,#1407,.T.);
#1405 = VERTEX_POINT('',#1406);
#1406 = CARTESIAN_POINT('',(133.70731840446,-12.941333699,6.3));
#1407 = LINE('',#1408,#1409);
#1408 = CARTESIAN_POINT('',(137.26544471063,-22.8856305456,6.3));
#1409 = VECTOR('',#1410,1.);
#1410 = DIRECTION('',(0.336889853392,-0.941544065183,0.));
#1411 = ORIENTED_EDGE('',*,*,#1366,.T.);
#1412 = ORIENTED_EDGE('',*,*,#254,.T.);
#1413 = ORIENTED_EDGE('',*,*,#1414,.F.);
#1414 = EDGE_CURVE('',#1405,#255,#1415,.T.);
#1415 = LINE('',#1416,#1417);
#1416 = CARTESIAN_POINT('',(133.70731840446,-12.941333699,6.2));
#1417 = VECTOR('',#1418,1.);
#1418 = DIRECTION('',(0.,0.,1.));
#1419 = PLANE('',#1420);
#1420 = AXIS2_PLACEMENT_3D('',#1421,#1422,#1423);
#1421 = CARTESIAN_POINT('',(133.74694352287,-13.05207848605,6.2));
#1422 = DIRECTION('',(-0.941544065183,-0.336889853392,0.));
#1423 = DIRECTION('',(-0.336889853392,0.941544065183,0.));
#1424 = ADVANCED_FACE('',(#1425),#1443,.T.);
#1425 = FACE_BOUND('',#1426,.T.);
#1426 = EDGE_LOOP('',(#1427,#1435,#1441,#1442));
#1427 = ORIENTED_EDGE('',*,*,#1428,.T.);
#1428 = EDGE_CURVE('',#1381,#1429,#1431,.T.);
#1429 = VERTEX_POINT('',#1430);
#1430 = CARTESIAN_POINT('',(133.44750481548,-12.55249518451,6.3));
#1431 = LINE('',#1432,#1433);
#1432 = CARTESIAN_POINT('',(137.1721202951,-15.92828988015,6.3));
#1433 = VECTOR('',#1434,1.);
#1434 = DIRECTION('',(0.740951125355,-0.671558954847,0.));
#1435 = ORIENTED_EDGE('',*,*,#1436,.T.);
#1436 = EDGE_CURVE('',#1429,#287,#1437,.T.);
#1437 = LINE('',#1438,#1439);
#1438 = CARTESIAN_POINT('',(133.44750481548,-12.55249518451,6.2));
#1439 = VECTOR('',#1440,1.);
#1440 = DIRECTION('',(0.,0.,1.));
#1441 = ORIENTED_EDGE('',*,*,#294,.T.);
#1442 = ORIENTED_EDGE('',*,*,#1388,.F.);
#1443 = PLANE('',#1444);
#1444 = AXIS2_PLACEMENT_3D('',#1445,#1446,#1447);
#1445 = CARTESIAN_POINT('',(133.44750481548,-12.55249518451,6.2));
#1446 = DIRECTION('',(-0.671558954847,-0.740951125355,0.));
#1447 = DIRECTION('',(-0.740951125355,0.671558954847,0.));
#1448 = ADVANCED_FACE('',(#1449),#1467,.T.);
#1449 = FACE_BOUND('',#1450,.T.);
#1450 = EDGE_LOOP('',(#1451,#1459,#1460,#1461));
#1451 = ORIENTED_EDGE('',*,*,#1452,.T.);
#1452 = EDGE_CURVE('',#1453,#1405,#1455,.T.);
#1453 = VERTEX_POINT('',#1454);
#1454 = CARTESIAN_POINT('',(133.6570292045,-12.83500611917,6.3));
#1455 = LINE('',#1456,#1457);
#1456 = CARTESIAN_POINT('',(137.77951316392,-21.5512661232,6.3));
#1457 = VECTOR('',#1458,1.);
#1458 = DIRECTION('',(0.42755509343,-0.903989293123,0.));
#1459 = ORIENTED_EDGE('',*,*,#1414,.T.);
#1460 = ORIENTED_EDGE('',*,*,#262,.T.);
#1461 = ORIENTED_EDGE('',*,*,#1462,.F.);
#1462 = EDGE_CURVE('',#1453,#263,#1463,.T.);
#1463 = LINE('',#1464,#1465);
#1464 = CARTESIAN_POINT('',(133.6570292045,-12.83500611917,6.2));
#1465 = VECTOR('',#1466,1.);
#1466 = DIRECTION('',(0.,0.,1.));
#1467 = PLANE('',#1468);
#1468 = AXIS2_PLACEMENT_3D('',#1469,#1470,#1471);
#1469 = CARTESIAN_POINT('',(133.70731840446,-12.941333699,6.2));
#1470 = DIRECTION('',(-0.903989293123,-0.42755509343,0.));
#1471 = DIRECTION('',(-0.42755509343,0.903989293123,0.));
#1472 = ADVANCED_FACE('',(#1473),#1491,.T.);
#1473 = FACE_BOUND('',#1474,.T.);
#1474 = EDGE_LOOP('',(#1475,#1483,#1489,#1490));
#1475 = ORIENTED_EDGE('',*,*,#1476,.T.);
#1476 = EDGE_CURVE('',#1429,#1477,#1479,.T.);
#1477 = VERTEX_POINT('',#1478);
#1478 = CARTESIAN_POINT('',(133.52649384658,-12.63964615027,6.3));
#1479 = LINE('',#1480,#1481);
#1480 = CARTESIAN_POINT('',(137.72575477056,-17.27281660363,6.3));
#1481 = VECTOR('',#1482,1.);
#1482 = DIRECTION('',(0.671558954847,-0.740951125355,0.));
#1483 = ORIENTED_EDGE('',*,*,#1484,.T.);
#1484 = EDGE_CURVE('',#1477,#279,#1485,.T.);
#1485 = LINE('',#1486,#1487);
#1486 = CARTESIAN_POINT('',(133.52649384658,-12.63964615027,6.2));
#1487 = VECTOR('',#1488,1.);
#1488 = DIRECTION('',(0.,0.,1.));
#1489 = ORIENTED_EDGE('',*,*,#286,.T.);
#1490 = ORIENTED_EDGE('',*,*,#1436,.F.);
#1491 = PLANE('',#1492);
#1492 = AXIS2_PLACEMENT_3D('',#1493,#1494,#1495);
#1493 = CARTESIAN_POINT('',(133.52649384658,-12.63964615027,6.2));
#1494 = DIRECTION('',(-0.740951125355,-0.671558954847,0.));
#1495 = DIRECTION('',(-0.671558954847,0.740951125355,0.));
#1496 = ADVANCED_FACE('',(#1497),#1515,.T.);
#1497 = FACE_BOUND('',#1498,.T.);
#1498 = EDGE_LOOP('',(#1499,#1507,#1508,#1509));
#1499 = ORIENTED_EDGE('',*,*,#1500,.T.);
#1500 = EDGE_CURVE('',#1501,#1453,#1503,.T.);
#1501 = VERTEX_POINT('',#1502);
#1502 = CARTESIAN_POINT('',(133.59656023546,-12.73411973926,6.3));
#1503 = LINE('',#1504,#1505);
#1504 = CARTESIAN_POINT('',(138.03341653293,-20.13656726126,6.3));
#1505 = VECTOR('',#1506,1.);
#1506 = DIRECTION('',(0.514102744193,-0.85772861,0.));
#1507 = ORIENTED_EDGE('',*,*,#1462,.T.);
#1508 = ORIENTED_EDGE('',*,*,#270,.T.);
#1509 = ORIENTED_EDGE('',*,*,#1510,.F.);
#1510 = EDGE_CURVE('',#1501,#271,#1511,.T.);
#1511 = LINE('',#1512,#1513);
#1512 = CARTESIAN_POINT('',(133.59656023546,-12.73411973926,6.2));
#1513 = VECTOR('',#1514,1.);
#1514 = DIRECTION('',(0.,0.,1.));
#1515 = PLANE('',#1516);
#1516 = AXIS2_PLACEMENT_3D('',#1517,#1518,#1519);
#1517 = CARTESIAN_POINT('',(133.6570292045,-12.83500611917,6.2));
#1518 = DIRECTION('',(-0.85772861,-0.514102744193,0.));
#1519 = DIRECTION('',(-0.514102744193,0.85772861,0.));
#1520 = ADVANCED_FACE('',(#1521),#1532,.T.);
#1521 = FACE_BOUND('',#1522,.T.);
#1522 = EDGE_LOOP('',(#1523,#1529,#1530,#1531));
#1523 = ORIENTED_EDGE('',*,*,#1524,.T.);
#1524 = EDGE_CURVE('',#1477,#1501,#1525,.T.);
#1525 = LINE('',#1526,#1527);
#1526 = CARTESIAN_POINT('',(138.01587588881,-18.69287710224,6.3));
#1527 = VECTOR('',#1528,1.);
#1528 = DIRECTION('',(0.595699304492,-0.803207531481,0.));
#1529 = ORIENTED_EDGE('',*,*,#1510,.T.);
#1530 = ORIENTED_EDGE('',*,*,#278,.T.);
#1531 = ORIENTED_EDGE('',*,*,#1484,.F.);
#1532 = PLANE('',#1533);
#1533 = AXIS2_PLACEMENT_3D('',#1534,#1535,#1536);
#1534 = CARTESIAN_POINT('',(133.59656023546,-12.73411973926,6.2));
#1535 = DIRECTION('',(-0.803207531481,-0.595699304492,0.));
#1536 = DIRECTION('',(-0.595699304492,0.803207531481,0.));
#1537 = ADVANCED_FACE('',(#1538),#1563,.T.);
#1538 = FACE_BOUND('',#1539,.T.);
#1539 = EDGE_LOOP('',(#1540,#1548,#1549,#1557));
#1540 = ORIENTED_EDGE('',*,*,#1541,.F.);
#1541 = EDGE_CURVE('',#383,#1542,#1544,.T.);
#1542 = VERTEX_POINT('',#1543);
#1543 = CARTESIAN_POINT('',(130.75,-53.,12.725));
#1544 = LINE('',#1545,#1546);
#1545 = CARTESIAN_POINT('',(130.75,-53.,10.9));
#1546 = VECTOR('',#1547,1.);
#1547 = DIRECTION('',(0.,0.,1.));
#1548 = ORIENTED_EDGE('',*,*,#382,.T.);
#1549 = ORIENTED_EDGE('',*,*,#1550,.T.);
#1550 = EDGE_CURVE('',#385,#1551,#1553,.T.);
#1551 = VERTEX_POINT('',#1552);
#1552 = CARTESIAN_POINT('',(114.85,-53.,12.725));
#1553 = LINE('',#1554,#1555);
#1554 = CARTESIAN_POINT('',(114.85,-53.,10.9));
#1555 = VECTOR('',#1556,1.);
#1556 = DIRECTION('',(0.,0.,1.));
#1557 = ORIENTED_EDGE('',*,*,#1558,.T.);
#1558 = EDGE_CURVE('',#1551,#1542,#1559,.T.);
#1559 = LINE('',#1560,#1561);
#1560 = CARTESIAN_POINT('',(114.85,-53.,12.725));
#1561 = VECTOR('',#1562,1.);
#1562 = DIRECTION('',(1.,0.,0.));
#1563 = PLANE('',#1564);
#1564 = AXIS2_PLACEMENT_3D('',#1565,#1566,#1567);
#1565 = CARTESIAN_POINT('',(114.85,-53.,10.9));
#1566 = DIRECTION('',(0.,1.,0.));
#1567 = DIRECTION('',(0.,0.,1.));
#1568 = ADVANCED_FACE('',(#1569),#1587,.F.);
#1569 = FACE_BOUND('',#1570,.F.);
#1570 = EDGE_LOOP('',(#1571,#1572,#1573,#1581));
#1571 = ORIENTED_EDGE('',*,*,#1541,.F.);
#1572 = ORIENTED_EDGE('',*,*,#408,.T.);
#1573 = ORIENTED_EDGE('',*,*,#1574,.T.);
#1574 = EDGE_CURVE('',#401,#1575,#1577,.T.);
#1575 = VERTEX_POINT('',#1576);
#1576 = CARTESIAN_POINT('',(130.75,-15.1,12.725));
#1577 = LINE('',#1578,#1579);
#1578 = CARTESIAN_POINT('',(130.75,-15.1,10.9));
#1579 = VECTOR('',#1580,1.);
#1580 = DIRECTION('',(0.,0.,1.));
#1581 = ORIENTED_EDGE('',*,*,#1582,.F.);
#1582 = EDGE_CURVE('',#1542,#1575,#1583,.T.);
#1583 = LINE('',#1584,#1585);
#1584 = CARTESIAN_POINT('',(130.75,-53.,12.725));
#1585 = VECTOR('',#1586,1.);
#1586 = DIRECTION('',(0.,1.,0.));
#1587 = PLANE('',#1588);
#1588 = AXIS2_PLACEMENT_3D('',#1589,#1590,#1591);
#1589 = CARTESIAN_POINT('',(130.75,-53.,10.9));
#1590 = DIRECTION('',(1.,0.,0.));
#1591 = DIRECTION('',(0.,0.,1.));
#1592 = ADVANCED_FACE('',(#1593),#1611,.F.);
#1593 = FACE_BOUND('',#1594,.F.);
#1594 = EDGE_LOOP('',(#1595,#1596,#1597,#1605));
#1595 = ORIENTED_EDGE('',*,*,#1574,.F.);
#1596 = ORIENTED_EDGE('',*,*,#400,.T.);
#1597 = ORIENTED_EDGE('',*,*,#1598,.T.);
#1598 = EDGE_CURVE('',#393,#1599,#1601,.T.);
#1599 = VERTEX_POINT('',#1600);
#1600 = CARTESIAN_POINT('',(114.85,-15.1,12.725));
#1601 = LINE('',#1602,#1603);
#1602 = CARTESIAN_POINT('',(114.85,-15.1,10.9));
#1603 = VECTOR('',#1604,1.);
#1604 = DIRECTION('',(0.,0.,1.));
#1605 = ORIENTED_EDGE('',*,*,#1606,.T.);
#1606 = EDGE_CURVE('',#1599,#1575,#1607,.T.);
#1607 = LINE('',#1608,#1609);
#1608 = CARTESIAN_POINT('',(114.85,-15.1,12.725));
#1609 = VECTOR('',#1610,1.);
#1610 = DIRECTION('',(1.,0.,0.));
#1611 = PLANE('',#1612);
#1612 = AXIS2_PLACEMENT_3D('',#1613,#1614,#1615);
#1613 = CARTESIAN_POINT('',(114.85,-15.1,10.9));
#1614 = DIRECTION('',(0.,1.,0.));
#1615 = DIRECTION('',(0.,0.,1.));
#1616 = ADVANCED_FACE('',(#1617),#1628,.T.);
#1617 = FACE_BOUND('',#1618,.T.);
#1618 = EDGE_LOOP('',(#1619,#1620,#1621,#1622));
#1619 = ORIENTED_EDGE('',*,*,#1550,.F.);
#1620 = ORIENTED_EDGE('',*,*,#392,.T.);
#1621 = ORIENTED_EDGE('',*,*,#1598,.T.);
#1622 = ORIENTED_EDGE('',*,*,#1623,.F.);
#1623 = EDGE_CURVE('',#1551,#1599,#1624,.T.);
#1624 = LINE('',#1625,#1626);
#1625 = CARTESIAN_POINT('',(114.85,-53.,12.725));
#1626 = VECTOR('',#1627,1.);
#1627 = DIRECTION('',(0.,1.,0.));
#1628 = PLANE('',#1629);
#1629 = AXIS2_PLACEMENT_3D('',#1630,#1631,#1632);
#1630 = CARTESIAN_POINT('',(114.85,-53.,10.9));
#1631 = DIRECTION('',(1.,0.,0.));
#1632 = DIRECTION('',(0.,0.,1.));
#1633 = ADVANCED_FACE('',(#1634),#1656,.T.);
#1634 = FACE_BOUND('',#1635,.F.);
#1635 = EDGE_LOOP('',(#1636,#1637,#1646,#1653,#1654,#1655));
#1636 = ORIENTED_EDGE('',*,*,#950,.F.);
#1637 = ORIENTED_EDGE('',*,*,#1638,.T.);
#1638 = EDGE_CURVE('',#951,#1639,#1641,.T.);
#1639 = VERTEX_POINT('',#1640);
#1640 = CARTESIAN_POINT('',(114.85,-52.8,11.6));
#1641 = CIRCLE('',#1642,1.85);
#1642 = AXIS2_PLACEMENT_3D('',#1643,#1644,#1645);
#1643 = CARTESIAN_POINT('',(113.,-52.8,11.6));
#1644 = DIRECTION('',(0.,0.,1.));
#1645 = DIRECTION('',(1.,0.,0.));
#1646 = ORIENTED_EDGE('',*,*,#1647,.T.);
#1647 = EDGE_CURVE('',#1639,#959,#1648,.T.);
#1648 = CIRCLE('',#1649,1.85);
#1649 = AXIS2_PLACEMENT_3D('',#1650,#1651,#1652);
#1650 = CARTESIAN_POINT('',(113.,-52.8,11.6));
#1651 = DIRECTION('',(0.,0.,1.));
#1652 = DIRECTION('',(1.,0.,0.));
#1653 = ORIENTED_EDGE('',*,*,#966,.T.);
#1654 = ORIENTED_EDGE('',*,*,#554,.F.);
#1655 = ORIENTED_EDGE('',*,*,#563,.F.);
#1656 = CYLINDRICAL_SURFACE('',#1657,1.85);
#1657 = AXIS2_PLACEMENT_3D('',#1658,#1659,#1660);
#1658 = CARTESIAN_POINT('',(113.,-52.8,6.3));
#1659 = DIRECTION('',(-0.,-0.,-1.));
#1660 = DIRECTION('',(1.,0.,0.));
#1661 = ADVANCED_FACE('',(#1662),#1680,.T.);
#1662 = FACE_BOUND('',#1663,.T.);
#1663 = EDGE_LOOP('',(#1664,#1672,#1673,#1674));
#1664 = ORIENTED_EDGE('',*,*,#1665,.F.);
#1665 = EDGE_CURVE('',#1037,#1666,#1668,.T.);
#1666 = VERTEX_POINT('',#1667);
#1667 = CARTESIAN_POINT('',(113.,-11.4,12.1));
#1668 = LINE('',#1669,#1670);
#1669 = CARTESIAN_POINT('',(113.,-48.1,12.1));
#1670 = VECTOR('',#1671,1.);
#1671 = DIRECTION('',(0.,1.,0.));
#1672 = ORIENTED_EDGE('',*,*,#1036,.F.);
#1673 = ORIENTED_EDGE('',*,*,#514,.T.);
#1674 = ORIENTED_EDGE('',*,*,#1675,.T.);
#1675 = EDGE_CURVE('',#507,#1666,#1676,.T.);
#1676 = LINE('',#1677,#1678);
#1677 = CARTESIAN_POINT('',(113.,-11.4,5.6));
#1678 = VECTOR('',#1679,1.);
#1679 = DIRECTION('',(0.,0.,1.));
#1680 = PLANE('',#1681);
#1681 = AXIS2_PLACEMENT_3D('',#1682,#1683,#1684);
#1682 = CARTESIAN_POINT('',(113.,-48.1,5.6));
#1683 = DIRECTION('',(1.,0.,0.));
#1684 = DIRECTION('',(0.,0.,1.));
#1685 = ADVANCED_FACE('',(#1686),#1736,.F.);
#1686 = FACE_BOUND('',#1687,.F.);
#1687 = EDGE_LOOP('',(#1688,#1698,#1706,#1714,#1722,#1728,#1729,#1730));
#1688 = ORIENTED_EDGE('',*,*,#1689,.F.);
#1689 = EDGE_CURVE('',#1690,#1692,#1694,.T.);
#1690 = VERTEX_POINT('',#1691);
#1691 = CARTESIAN_POINT('',(132.6,-11.4,6.3));
#1692 = VERTEX_POINT('',#1693);
#1693 = CARTESIAN_POINT('',(132.6,-11.4,12.1));
#1694 = LINE('',#1695,#1696);
#1695 = CARTESIAN_POINT('',(132.6,-11.4,5.6));
#1696 = VECTOR('',#1697,1.);
#1697 = DIRECTION('',(0.,0.,1.));
#1698 = ORIENTED_EDGE('',*,*,#1699,.T.);
#1699 = EDGE_CURVE('',#1690,#1700,#1702,.T.);
#1700 = VERTEX_POINT('',#1701);
#1701 = CARTESIAN_POINT('',(129.3,-11.4,6.3));
#1702 = LINE('',#1703,#1704);
#1703 = CARTESIAN_POINT('',(117.97834371508,-11.4,6.3));
#1704 = VECTOR('',#1705,1.);
#1705 = DIRECTION('',(-1.,0.,0.));
#1706 = ORIENTED_EDGE('',*,*,#1707,.T.);
#1707 = EDGE_CURVE('',#1700,#1708,#1710,.T.);
#1708 = VERTEX_POINT('',#1709);
#1709 = CARTESIAN_POINT('',(129.3,-11.4,11.8));
#1710 = LINE('',#1711,#1712);
#1711 = CARTESIAN_POINT('',(129.3,-11.4,5.9));
#1712 = VECTOR('',#1713,1.);
#1713 = DIRECTION('',(0.,0.,1.));
#1714 = ORIENTED_EDGE('',*,*,#1715,.T.);
#1715 = EDGE_CURVE('',#1708,#1716,#1718,.T.);
#1716 = VERTEX_POINT('',#1717);
#1717 = CARTESIAN_POINT('',(116.3,-11.4,11.8));
#1718 = LINE('',#1719,#1720);
#1719 = CARTESIAN_POINT('',(114.65,-11.4,11.8));
#1720 = VECTOR('',#1721,1.);
#1721 = DIRECTION('',(-1.,0.,0.));
#1722 = ORIENTED_EDGE('',*,*,#1723,.F.);
#1723 = EDGE_CURVE('',#499,#1716,#1724,.T.);
#1724 = LINE('',#1725,#1726);
#1725 = CARTESIAN_POINT('',(116.3,-11.4,5.9));
#1726 = VECTOR('',#1727,1.);
#1727 = DIRECTION('',(0.,0.,1.));
#1728 = ORIENTED_EDGE('',*,*,#506,.T.);
#1729 = ORIENTED_EDGE('',*,*,#1675,.T.);
#1730 = ORIENTED_EDGE('',*,*,#1731,.T.);
#1731 = EDGE_CURVE('',#1666,#1692,#1732,.T.);
#1732 = LINE('',#1733,#1734);
#1733 = CARTESIAN_POINT('',(113.,-11.4,12.1));
#1734 = VECTOR('',#1735,1.);
#1735 = DIRECTION('',(1.,0.,0.));
#1736 = PLANE('',#1737);
#1737 = AXIS2_PLACEMENT_3D('',#1738,#1739,#1740);
#1738 = CARTESIAN_POINT('',(113.,-11.4,5.6));
#1739 = DIRECTION('',(0.,1.,0.));
#1740 = DIRECTION('',(0.,0.,1.));
#1741 = ADVANCED_FACE('',(#1742),#1760,.T.);
#1742 = FACE_BOUND('',#1743,.T.);
#1743 = EDGE_LOOP('',(#1744,#1752,#1753,#1754));
#1744 = ORIENTED_EDGE('',*,*,#1745,.F.);
#1745 = EDGE_CURVE('',#1716,#1746,#1748,.T.);
#1746 = VERTEX_POINT('',#1747);
#1747 = CARTESIAN_POINT('',(116.3,-11.,11.8));
#1748 = LINE('',#1749,#1750);
#1749 = CARTESIAN_POINT('',(116.3,-20.,11.8));
#1750 = VECTOR('',#1751,1.);
#1751 = DIRECTION('',(0.,1.,0.));
#1752 = ORIENTED_EDGE('',*,*,#1723,.F.);
#1753 = ORIENTED_EDGE('',*,*,#498,.T.);
#1754 = ORIENTED_EDGE('',*,*,#1755,.F.);
#1755 = EDGE_CURVE('',#1746,#491,#1756,.T.);
#1756 = LINE('',#1757,#1758);
#1757 = CARTESIAN_POINT('',(116.3,-11.,6.25));
#1758 = VECTOR('',#1759,1.);
#1759 = DIRECTION('',(0.,0.,-1.));
#1760 = PLANE('',#1761);
#1761 = AXIS2_PLACEMENT_3D('',#1762,#1763,#1764);
#1762 = CARTESIAN_POINT('',(116.3,-20.,6.2));
#1763 = DIRECTION('',(1.,0.,0.));
#1764 = DIRECTION('',(0.,0.,1.));
#1765 = ADVANCED_FACE('',(#1766),#1816,.T.);
#1766 = FACE_BOUND('',#1767,.T.);
#1767 = EDGE_LOOP('',(#1768,#1769,#1777,#1785,#1793,#1801,#1809,#1815));
#1768 = ORIENTED_EDGE('',*,*,#490,.F.);
#1769 = ORIENTED_EDGE('',*,*,#1770,.T.);
#1770 = EDGE_CURVE('',#482,#1771,#1773,.T.);
#1771 = VERTEX_POINT('',#1772);
#1772 = CARTESIAN_POINT('',(112.2,-11.,13.39));
#1773 = LINE('',#1774,#1775);
#1774 = CARTESIAN_POINT('',(112.2,-11.,6.3));
#1775 = VECTOR('',#1776,1.);
#1776 = DIRECTION('',(0.,0.,1.));
#1777 = ORIENTED_EDGE('',*,*,#1778,.T.);
#1778 = EDGE_CURVE('',#1771,#1779,#1781,.T.);
#1779 = VERTEX_POINT('',#1780);
#1780 = CARTESIAN_POINT('',(132.6,-11.,13.39));
#1781 = LINE('',#1782,#1783);
#1782 = CARTESIAN_POINT('',(112.2,-11.,13.39));
#1783 = VECTOR('',#1784,1.);
#1784 = DIRECTION('',(1.,0.,0.));
#1785 = ORIENTED_EDGE('',*,*,#1786,.F.);
#1786 = EDGE_CURVE('',#1787,#1779,#1789,.T.);
#1787 = VERTEX_POINT('',#1788);
#1788 = CARTESIAN_POINT('',(132.6,-11.,6.3));
#1789 = LINE('',#1790,#1791);
#1790 = CARTESIAN_POINT('',(132.6,-11.,6.3));
#1791 = VECTOR('',#1792,1.);
#1792 = DIRECTION('',(0.,0.,1.));
#1793 = ORIENTED_EDGE('',*,*,#1794,.F.);
#1794 = EDGE_CURVE('',#1795,#1787,#1797,.T.);
#1795 = VERTEX_POINT('',#1796);
#1796 = CARTESIAN_POINT('',(129.3,-11.,6.3));
#1797 = LINE('',#1798,#1799);
#1798 = CARTESIAN_POINT('',(112.2,-11.,6.3));
#1799 = VECTOR('',#1800,1.);
#1800 = DIRECTION('',(1.,0.,0.));
#1801 = ORIENTED_EDGE('',*,*,#1802,.F.);
#1802 = EDGE_CURVE('',#1803,#1795,#1805,.T.);
#1803 = VERTEX_POINT('',#1804);
#1804 = CARTESIAN_POINT('',(129.3,-11.,11.8));
#1805 = LINE('',#1806,#1807);
#1806 = CARTESIAN_POINT('',(129.3,-11.,6.25));
#1807 = VECTOR('',#1808,1.);
#1808 = DIRECTION('',(0.,0.,-1.));
#1809 = ORIENTED_EDGE('',*,*,#1810,.F.);
#1810 = EDGE_CURVE('',#1746,#1803,#1811,.T.);
#1811 = LINE('',#1812,#1813);
#1812 = CARTESIAN_POINT('',(114.25,-11.,11.8));
#1813 = VECTOR('',#1814,1.);
#1814 = DIRECTION('',(1.,0.,0.));
#1815 = ORIENTED_EDGE('',*,*,#1755,.T.);
#1816 = PLANE('',#1817);
#1817 = AXIS2_PLACEMENT_3D('',#1818,#1819,#1820);
#1818 = CARTESIAN_POINT('',(112.2,-11.,6.3));
#1819 = DIRECTION('',(0.,1.,0.));
#1820 = DIRECTION('',(1.,0.,0.));
#1821 = ADVANCED_FACE('',(#1822),#1841,.T.);
#1822 = FACE_BOUND('',#1823,.T.);
#1823 = EDGE_LOOP('',(#1824,#1832,#1839,#1840));
#1824 = ORIENTED_EDGE('',*,*,#1825,.T.);
#1825 = EDGE_CURVE('',#474,#1826,#1828,.T.);
#1826 = VERTEX_POINT('',#1827);
#1827 = CARTESIAN_POINT('',(111.,-12.2,13.39));
#1828 = LINE('',#1829,#1830);
#1829 = CARTESIAN_POINT('',(111.,-12.2,6.3));
#1830 = VECTOR('',#1831,1.);
#1831 = DIRECTION('',(0.,0.,1.));
#1832 = ORIENTED_EDGE('',*,*,#1833,.T.);
#1833 = EDGE_CURVE('',#1826,#1771,#1834,.T.);
#1834 = CIRCLE('',#1835,1.2);
#1835 = AXIS2_PLACEMENT_3D('',#1836,#1837,#1838);
#1836 = CARTESIAN_POINT('',(112.2,-12.2,13.39));
#1837 = DIRECTION('',(0.,0.,-1.));
#1838 = DIRECTION('',(-1.,4.44E-15,0.));
#1839 = ORIENTED_EDGE('',*,*,#1770,.F.);
#1840 = ORIENTED_EDGE('',*,*,#481,.F.);
#1841 = CYLINDRICAL_SURFACE('',#1842,1.2);
#1842 = AXIS2_PLACEMENT_3D('',#1843,#1844,#1845);
#1843 = CARTESIAN_POINT('',(112.2,-12.2,6.3));
#1844 = DIRECTION('',(0.,0.,-1.));
#1845 = DIRECTION('',(-1.,4.44E-15,0.));
#1846 = ADVANCED_FACE('',(#1847),#1865,.T.);
#1847 = FACE_BOUND('',#1848,.T.);
#1848 = EDGE_LOOP('',(#1849,#1857,#1863,#1864));
#1849 = ORIENTED_EDGE('',*,*,#1850,.T.);
#1850 = EDGE_CURVE('',#465,#1851,#1853,.T.);
#1851 = VERTEX_POINT('',#1852);
#1852 = CARTESIAN_POINT('',(111.,-65.8,13.39));
#1853 = LINE('',#1854,#1855);
#1854 = CARTESIAN_POINT('',(111.,-65.8,6.3));
#1855 = VECTOR('',#1856,1.);
#1856 = DIRECTION('',(0.,0.,1.));
#1857 = ORIENTED_EDGE('',*,*,#1858,.T.);
#1858 = EDGE_CURVE('',#1851,#1826,#1859,.T.);
#1859 = LINE('',#1860,#1861);
#1860 = CARTESIAN_POINT('',(111.,-65.8,13.39));
#1861 = VECTOR('',#1862,1.);
#1862 = DIRECTION('',(0.,1.,0.));
#1863 = ORIENTED_EDGE('',*,*,#1825,.F.);
#1864 = ORIENTED_EDGE('',*,*,#473,.F.);
#1865 = PLANE('',#1866);
#1866 = AXIS2_PLACEMENT_3D('',#1867,#1868,#1869);
#1867 = CARTESIAN_POINT('',(111.,-65.8,6.3));
#1868 = DIRECTION('',(-1.,0.,0.));
#1869 = DIRECTION('',(0.,1.,0.));
#1870 = ADVANCED_FACE('',(#1871),#1890,.T.);
#1871 = FACE_BOUND('',#1872,.T.);
#1872 = EDGE_LOOP('',(#1873,#1881,#1888,#1889));
#1873 = ORIENTED_EDGE('',*,*,#1874,.T.);
#1874 = EDGE_CURVE('',#457,#1875,#1877,.T.);
#1875 = VERTEX_POINT('',#1876);
#1876 = CARTESIAN_POINT('',(112.2,-67.,13.39));
#1877 = LINE('',#1878,#1879);
#1878 = CARTESIAN_POINT('',(112.2,-67.,6.3));
#1879 = VECTOR('',#1880,1.);
#1880 = DIRECTION('',(0.,0.,1.));
#1881 = ORIENTED_EDGE('',*,*,#1882,.T.);
#1882 = EDGE_CURVE('',#1875,#1851,#1883,.T.);
#1883 = CIRCLE('',#1884,1.2);
#1884 = AXIS2_PLACEMENT_3D('',#1885,#1886,#1887);
#1885 = CARTESIAN_POINT('',(112.2,-65.8,13.39));
#1886 = DIRECTION('',(0.,0.,-1.));
#1887 = DIRECTION('',(0.,-1.,0.));
#1888 = ORIENTED_EDGE('',*,*,#1850,.F.);
#1889 = ORIENTED_EDGE('',*,*,#464,.F.);
#1890 = CYLINDRICAL_SURFACE('',#1891,1.2);
#1891 = AXIS2_PLACEMENT_3D('',#1892,#1893,#1894);
#1892 = CARTESIAN_POINT('',(112.2,-65.8,6.3));
#1893 = DIRECTION('',(0.,0.,-1.));
#1894 = DIRECTION('',(0.,-1.,0.));
#1895 = ADVANCED_FACE('',(#1896),#1922,.T.);
#1896 = FACE_BOUND('',#1897,.T.);
#1897 = EDGE_LOOP('',(#1898,#1899,#1907,#1913,#1914,#1915,#1916,#1917,
    #1918,#1919,#1920,#1921));
#1898 = ORIENTED_EDGE('',*,*,#911,.F.);
#1899 = ORIENTED_EDGE('',*,*,#1900,.T.);
#1900 = EDGE_CURVE('',#903,#1901,#1903,.T.);
#1901 = VERTEX_POINT('',#1902);
#1902 = CARTESIAN_POINT('',(133.8,-67.,13.39));
#1903 = LINE('',#1904,#1905);
#1904 = CARTESIAN_POINT('',(133.8,-67.,6.3));
#1905 = VECTOR('',#1906,1.);
#1906 = DIRECTION('',(0.,0.,1.));
#1907 = ORIENTED_EDGE('',*,*,#1908,.T.);
#1908 = EDGE_CURVE('',#1901,#1875,#1909,.T.);
#1909 = LINE('',#1910,#1911);
#1910 = CARTESIAN_POINT('',(133.8,-67.,13.39));
#1911 = VECTOR('',#1912,1.);
#1912 = DIRECTION('',(-1.,0.,0.));
#1913 = ORIENTED_EDGE('',*,*,#1874,.F.);
#1914 = ORIENTED_EDGE('',*,*,#456,.F.);
#1915 = ORIENTED_EDGE('',*,*,#616,.F.);
#1916 = ORIENTED_EDGE('',*,*,#633,.F.);
#1917 = ORIENTED_EDGE('',*,*,#667,.T.);
#1918 = ORIENTED_EDGE('',*,*,#700,.F.);
#1919 = ORIENTED_EDGE('',*,*,#783,.F.);
#1920 = ORIENTED_EDGE('',*,*,#818,.F.);
#1921 = ORIENTED_EDGE('',*,*,#843,.T.);
#1922 = PLANE('',#1923);
#1923 = AXIS2_PLACEMENT_3D('',#1924,#1925,#1926);
#1924 = CARTESIAN_POINT('',(133.8,-67.,6.3));
#1925 = DIRECTION('',(0.,-1.,0.));
#1926 = DIRECTION('',(-1.,0.,0.));
#1927 = ADVANCED_FACE('',(#1928),#1947,.F.);
#1928 = FACE_BOUND('',#1929,.T.);
#1929 = EDGE_LOOP('',(#1930,#1931,#1939,#1946));
#1930 = ORIENTED_EDGE('',*,*,#589,.T.);
#1931 = ORIENTED_EDGE('',*,*,#1932,.T.);
#1932 = EDGE_CURVE('',#590,#1933,#1935,.T.);
#1933 = VERTEX_POINT('',#1934);
#1934 = CARTESIAN_POINT('',(114.6,-52.8,6.8));
#1935 = LINE('',#1936,#1937);
#1936 = CARTESIAN_POINT('',(114.6,-52.8,6.2));
#1937 = VECTOR('',#1938,1.);
#1938 = DIRECTION('',(0.,0.,1.));
#1939 = ORIENTED_EDGE('',*,*,#1940,.T.);
#1940 = EDGE_CURVE('',#1933,#1933,#1941,.T.);
#1941 = CIRCLE('',#1942,1.6);
#1942 = AXIS2_PLACEMENT_3D('',#1943,#1944,#1945);
#1943 = CARTESIAN_POINT('',(113.,-52.8,6.8));
#1944 = DIRECTION('',(0.,0.,1.));
#1945 = DIRECTION('',(1.,0.,0.));
#1946 = ORIENTED_EDGE('',*,*,#1932,.F.);
#1947 = CYLINDRICAL_SURFACE('',#1948,1.6);
#1948 = AXIS2_PLACEMENT_3D('',#1949,#1950,#1951);
#1949 = CARTESIAN_POINT('',(113.,-52.8,6.2));
#1950 = DIRECTION('',(-0.,-0.,-1.));
#1951 = DIRECTION('',(1.,0.,0.));
#1952 = ADVANCED_FACE('',(#1953),#1972,.F.);
#1953 = FACE_BOUND('',#1954,.T.);
#1954 = EDGE_LOOP('',(#1955,#1956,#1964,#1971));
#1955 = ORIENTED_EDGE('',*,*,#717,.T.);
#1956 = ORIENTED_EDGE('',*,*,#1957,.T.);
#1957 = EDGE_CURVE('',#718,#1958,#1960,.T.);
#1958 = VERTEX_POINT('',#1959);
#1959 = CARTESIAN_POINT('',(124.4,-64.7,6.8));
#1960 = LINE('',#1961,#1962);
#1961 = CARTESIAN_POINT('',(124.4,-64.7,6.2));
#1962 = VECTOR('',#1963,1.);
#1963 = DIRECTION('',(0.,0.,1.));
#1964 = ORIENTED_EDGE('',*,*,#1965,.T.);
#1965 = EDGE_CURVE('',#1958,#1958,#1966,.T.);
#1966 = CIRCLE('',#1967,1.6);
#1967 = AXIS2_PLACEMENT_3D('',#1968,#1969,#1970);
#1968 = CARTESIAN_POINT('',(122.8,-64.7,6.8));
#1969 = DIRECTION('',(0.,0.,1.));
#1970 = DIRECTION('',(1.,0.,0.));
#1971 = ORIENTED_EDGE('',*,*,#1957,.F.);
#1972 = CYLINDRICAL_SURFACE('',#1973,1.6);
#1973 = AXIS2_PLACEMENT_3D('',#1974,#1975,#1976);
#1974 = CARTESIAN_POINT('',(122.8,-64.7,6.2));
#1975 = DIRECTION('',(-0.,-0.,-1.));
#1976 = DIRECTION('',(1.,0.,0.));
#1977 = ADVANCED_FACE('',(#1978),#1997,.T.);
#1978 = FACE_BOUND('',#1979,.T.);
#1979 = EDGE_LOOP('',(#1980,#1988,#1995,#1996));
#1980 = ORIENTED_EDGE('',*,*,#1981,.T.);
#1981 = EDGE_CURVE('',#895,#1982,#1984,.T.);
#1982 = VERTEX_POINT('',#1983);
#1983 = CARTESIAN_POINT('',(135.,-65.8,13.39));
#1984 = LINE('',#1985,#1986);
#1985 = CARTESIAN_POINT('',(135.,-65.8,6.3));
#1986 = VECTOR('',#1987,1.);
#1987 = DIRECTION('',(0.,0.,1.));
#1988 = ORIENTED_EDGE('',*,*,#1989,.T.);
#1989 = EDGE_CURVE('',#1982,#1901,#1990,.T.);
#1990 = CIRCLE('',#1991,1.2);
#1991 = AXIS2_PLACEMENT_3D('',#1992,#1993,#1994);
#1992 = CARTESIAN_POINT('',(133.8,-65.8,13.39));
#1993 = DIRECTION('',(0.,0.,-1.));
#1994 = DIRECTION('',(1.,2.368E-14,0.));
#1995 = ORIENTED_EDGE('',*,*,#1900,.F.);
#1996 = ORIENTED_EDGE('',*,*,#902,.F.);
#1997 = CYLINDRICAL_SURFACE('',#1998,1.2);
#1998 = AXIS2_PLACEMENT_3D('',#1999,#2000,#2001);
#1999 = CARTESIAN_POINT('',(133.8,-65.8,6.3));
#2000 = DIRECTION('',(0.,0.,-1.));
#2001 = DIRECTION('',(1.,2.368E-14,0.));
#2002 = ADVANCED_FACE('',(#2003),#2053,.T.);
#2003 = FACE_BOUND('',#2004,.T.);
#2004 = EDGE_LOOP('',(#2005,#2015,#2023,#2029,#2030,#2031,#2039,#2047));
#2005 = ORIENTED_EDGE('',*,*,#2006,.F.);
#2006 = EDGE_CURVE('',#2007,#2009,#2011,.T.);
#2007 = VERTEX_POINT('',#2008);
#2008 = CARTESIAN_POINT('',(135.,-13.4,6.3));
#2009 = VERTEX_POINT('',#2010);
#2010 = CARTESIAN_POINT('',(135.,-55.4,6.3));
#2011 = LINE('',#2012,#2013);
#2012 = CARTESIAN_POINT('',(135.,-13.4,6.3));
#2013 = VECTOR('',#2014,1.);
#2014 = DIRECTION('',(0.,-1.,0.));
#2015 = ORIENTED_EDGE('',*,*,#2016,.T.);
#2016 = EDGE_CURVE('',#2007,#2017,#2019,.T.);
#2017 = VERTEX_POINT('',#2018);
#2018 = CARTESIAN_POINT('',(135.,-13.4,13.39));
#2019 = LINE('',#2020,#2021);
#2020 = CARTESIAN_POINT('',(135.,-13.4,6.3));
#2021 = VECTOR('',#2022,1.);
#2022 = DIRECTION('',(0.,0.,1.));
#2023 = ORIENTED_EDGE('',*,*,#2024,.T.);
#2024 = EDGE_CURVE('',#2017,#1982,#2025,.T.);
#2025 = LINE('',#2026,#2027);
#2026 = CARTESIAN_POINT('',(135.,-13.4,13.39));
#2027 = VECTOR('',#2028,1.);
#2028 = DIRECTION('',(0.,-1.,0.));
#2029 = ORIENTED_EDGE('',*,*,#1981,.F.);
#2030 = ORIENTED_EDGE('',*,*,#894,.F.);
#2031 = ORIENTED_EDGE('',*,*,#2032,.T.);
#2032 = EDGE_CURVE('',#887,#2033,#2035,.T.);
#2033 = VERTEX_POINT('',#2034);
#2034 = CARTESIAN_POINT('',(135.,-63.9,9.2));
#2035 = LINE('',#2036,#2037);
#2036 = CARTESIAN_POINT('',(135.,-63.9,5.7));
#2037 = VECTOR('',#2038,1.);
#2038 = DIRECTION('',(0.,0.,1.));
#2039 = ORIENTED_EDGE('',*,*,#2040,.F.);
#2040 = EDGE_CURVE('',#2041,#2033,#2043,.T.);
#2041 = VERTEX_POINT('',#2042);
#2042 = CARTESIAN_POINT('',(135.,-55.4,9.2));
#2043 = LINE('',#2044,#2045);
#2044 = CARTESIAN_POINT('',(135.,-38.65,9.2));
#2045 = VECTOR('',#2046,1.);
#2046 = DIRECTION('',(0.,-1.,0.));
#2047 = ORIENTED_EDGE('',*,*,#2048,.F.);
#2048 = EDGE_CURVE('',#2009,#2041,#2049,.T.);
#2049 = LINE('',#2050,#2051);
#2050 = CARTESIAN_POINT('',(135.,-55.4,5.7));
#2051 = VECTOR('',#2052,1.);
#2052 = DIRECTION('',(0.,0.,1.));
#2053 = PLANE('',#2054);
#2054 = AXIS2_PLACEMENT_3D('',#2055,#2056,#2057);
#2055 = CARTESIAN_POINT('',(135.,-13.4,6.3));
#2056 = DIRECTION('',(1.,0.,0.));
#2057 = DIRECTION('',(0.,-1.,0.));
#2058 = ADVANCED_FACE('',(#2059),#2070,.T.);
#2059 = FACE_BOUND('',#2060,.T.);
#2060 = EDGE_LOOP('',(#2061,#2067,#2068,#2069));
#2061 = ORIENTED_EDGE('',*,*,#2062,.T.);
#2062 = EDGE_CURVE('',#1212,#2033,#2063,.T.);
#2063 = LINE('',#2064,#2065);
#2064 = CARTESIAN_POINT('',(128.3,-63.9,9.2));
#2065 = VECTOR('',#2066,1.);
#2066 = DIRECTION('',(1.,0.,0.));
#2067 = ORIENTED_EDGE('',*,*,#2032,.F.);
#2068 = ORIENTED_EDGE('',*,*,#886,.T.);
#2069 = ORIENTED_EDGE('',*,*,#1219,.F.);
#2070 = PLANE('',#2071);
#2071 = AXIS2_PLACEMENT_3D('',#2072,#2073,#2074);
#2072 = CARTESIAN_POINT('',(128.3,-63.9,5.1));
#2073 = DIRECTION('',(0.,1.,0.));
#2074 = DIRECTION('',(0.,0.,1.));
#2075 = ADVANCED_FACE('',(#2076),#2081,.T.);
#2076 = FACE_BOUND('',#2077,.T.);
#2077 = EDGE_LOOP('',(#2078,#2079,#2080));
#2078 = ORIENTED_EDGE('',*,*,#1638,.T.);
#2079 = ORIENTED_EDGE('',*,*,#1647,.T.);
#2080 = ORIENTED_EDGE('',*,*,#958,.T.);
#2081 = PLANE('',#2082);
#2082 = AXIS2_PLACEMENT_3D('',#2083,#2084,#2085);
#2083 = CARTESIAN_POINT('',(113.,-52.8,11.6));
#2084 = DIRECTION('',(0.,0.,1.));
#2085 = DIRECTION('',(1.,0.,0.));
#2086 = ADVANCED_FACE('',(#2087),#2099,.F.);
#2087 = FACE_BOUND('',#2088,.F.);
#2088 = EDGE_LOOP('',(#2089,#2090,#2091,#2092,#2098));
#2089 = ORIENTED_EDGE('',*,*,#1665,.F.);
#2090 = ORIENTED_EDGE('',*,*,#1044,.F.);
#2091 = ORIENTED_EDGE('',*,*,#1093,.F.);
#2092 = ORIENTED_EDGE('',*,*,#2093,.T.);
#2093 = EDGE_CURVE('',#1070,#1692,#2094,.T.);
#2094 = LINE('',#2095,#2096);
#2095 = CARTESIAN_POINT('',(132.6,-48.1,12.1));
#2096 = VECTOR('',#2097,1.);
#2097 = DIRECTION('',(0.,1.,0.));
#2098 = ORIENTED_EDGE('',*,*,#1731,.F.);
#2099 = PLANE('',#2100);
#2100 = AXIS2_PLACEMENT_3D('',#2101,#2102,#2103);
#2101 = CARTESIAN_POINT('',(113.,-48.1,12.1));
#2102 = DIRECTION('',(0.,0.,1.));
#2103 = DIRECTION('',(1.,0.,0.));
#2104 = ADVANCED_FACE('',(#2105),#2116,.F.);
#2105 = FACE_BOUND('',#2106,.F.);
#2106 = EDGE_LOOP('',(#2107,#2108,#2109,#2115));
#2107 = ORIENTED_EDGE('',*,*,#2093,.F.);
#2108 = ORIENTED_EDGE('',*,*,#1067,.F.);
#2109 = ORIENTED_EDGE('',*,*,#2110,.T.);
#2110 = EDGE_CURVE('',#1068,#1690,#2111,.T.);
#2111 = LINE('',#2112,#2113);
#2112 = CARTESIAN_POINT('',(132.6,-43.59893884022,6.3));
#2113 = VECTOR('',#2114,1.);
#2114 = DIRECTION('',(0.,1.,0.));
#2115 = ORIENTED_EDGE('',*,*,#1689,.T.);
#2116 = PLANE('',#2117);
#2117 = AXIS2_PLACEMENT_3D('',#2118,#2119,#2120);
#2118 = CARTESIAN_POINT('',(132.6,-48.1,5.6));
#2119 = DIRECTION('',(1.,0.,0.));
#2120 = DIRECTION('',(0.,0.,1.));
#2121 = ADVANCED_FACE('',(#2122,#2172),#2183,.T.);
#2122 = FACE_BOUND('',#2123,.T.);
#2123 = EDGE_LOOP('',(#2124,#2131,#2132,#2133,#2134,#2135,#2136,#2137,
    #2138,#2139,#2140,#2141,#2142,#2143,#2144,#2145,#2146,#2147,#2148,
    #2149,#2150,#2156,#2157,#2164,#2165,#2171));
#2124 = ORIENTED_EDGE('',*,*,#2125,.F.);
#2125 = EDGE_CURVE('',#1164,#1188,#2126,.T.);
#2126 = CIRCLE('',#2127,1.85);
#2127 = AXIS2_PLACEMENT_3D('',#2128,#2129,#2130);
#2128 = CARTESIAN_POINT('',(133.,-52.8,6.3));
#2129 = DIRECTION('',(0.,0.,1.));
#2130 = DIRECTION('',(1.,0.,0.));
#2131 = ORIENTED_EDGE('',*,*,#1163,.F.);
#2132 = ORIENTED_EDGE('',*,*,#1260,.F.);
#2133 = ORIENTED_EDGE('',*,*,#1308,.F.);
#2134 = ORIENTED_EDGE('',*,*,#1356,.F.);
#2135 = ORIENTED_EDGE('',*,*,#1404,.F.);
#2136 = ORIENTED_EDGE('',*,*,#1452,.F.);
#2137 = ORIENTED_EDGE('',*,*,#1500,.F.);
#2138 = ORIENTED_EDGE('',*,*,#1524,.F.);
#2139 = ORIENTED_EDGE('',*,*,#1476,.F.);
#2140 = ORIENTED_EDGE('',*,*,#1428,.F.);
#2141 = ORIENTED_EDGE('',*,*,#1380,.F.);
#2142 = ORIENTED_EDGE('',*,*,#1332,.F.);
#2143 = ORIENTED_EDGE('',*,*,#1284,.F.);
#2144 = ORIENTED_EDGE('',*,*,#1236,.F.);
#2145 = ORIENTED_EDGE('',*,*,#1131,.F.);
#2146 = ORIENTED_EDGE('',*,*,#1107,.F.);
#2147 = ORIENTED_EDGE('',*,*,#1077,.F.);
#2148 = ORIENTED_EDGE('',*,*,#2110,.T.);
#2149 = ORIENTED_EDGE('',*,*,#1699,.T.);
#2150 = ORIENTED_EDGE('',*,*,#2151,.T.);
#2151 = EDGE_CURVE('',#1700,#1795,#2152,.T.);
#2152 = LINE('',#2153,#2154);
#2153 = CARTESIAN_POINT('',(129.3,-29.54893884022,6.3));
#2154 = VECTOR('',#2155,1.);
#2155 = DIRECTION('',(0.,1.,0.));
#2156 = ORIENTED_EDGE('',*,*,#1794,.T.);
#2157 = ORIENTED_EDGE('',*,*,#2158,.T.);
#2158 = EDGE_CURVE('',#1787,#2007,#2159,.T.);
#2159 = CIRCLE('',#2160,2.4);
#2160 = AXIS2_PLACEMENT_3D('',#2161,#2162,#2163);
#2161 = CARTESIAN_POINT('',(132.6,-13.4,6.3));
#2162 = DIRECTION('',(0.,0.,-1.));
#2163 = DIRECTION('',(0.,1.,0.));
#2164 = ORIENTED_EDGE('',*,*,#2006,.T.);
#2165 = ORIENTED_EDGE('',*,*,#2166,.T.);
#2166 = EDGE_CURVE('',#2009,#1196,#2167,.T.);
#2167 = LINE('',#2168,#2169);
#2168 = CARTESIAN_POINT('',(125.62834371508,-55.4,6.3));
#2169 = VECTOR('',#2170,1.);
#2170 = DIRECTION('',(-1.,0.,0.));
#2171 = ORIENTED_EDGE('',*,*,#1195,.F.);
#2172 = FACE_BOUND('',#2173,.T.);
#2173 = EDGE_LOOP('',(#2174));
#2174 = ORIENTED_EDGE('',*,*,#2175,.F.);
#2175 = EDGE_CURVE('',#2176,#2176,#2178,.T.);
#2176 = VERTEX_POINT('',#2177);
#2177 = CARTESIAN_POINT('',(134.6,-52.8,6.3));
#2178 = CIRCLE('',#2179,1.6);
#2179 = AXIS2_PLACEMENT_3D('',#2180,#2181,#2182);
#2180 = CARTESIAN_POINT('',(133.,-52.8,6.3));
#2181 = DIRECTION('',(0.,0.,-1.));
#2182 = DIRECTION('',(1.,0.,0.));
#2183 = PLANE('',#2184);
#2184 = AXIS2_PLACEMENT_3D('',#2185,#2186,#2187);
#2185 = CARTESIAN_POINT('',(133.99038742451,-32.3036335587,6.3));
#2186 = DIRECTION('',(-0.,-0.,-1.));
#2187 = DIRECTION('',(-1.,0.,0.));
#2188 = ADVANCED_FACE('',(#2189),#2200,.F.);
#2189 = FACE_BOUND('',#2190,.F.);
#2190 = EDGE_LOOP('',(#2191,#2197,#2198,#2199));
#2191 = ORIENTED_EDGE('',*,*,#2192,.F.);
#2192 = EDGE_CURVE('',#1204,#2041,#2193,.T.);
#2193 = LINE('',#2194,#2195);
#2194 = CARTESIAN_POINT('',(128.3,-55.4,9.2));
#2195 = VECTOR('',#2196,1.);
#2196 = DIRECTION('',(1.,0.,0.));
#2197 = ORIENTED_EDGE('',*,*,#1211,.F.);
#2198 = ORIENTED_EDGE('',*,*,#2062,.T.);
#2199 = ORIENTED_EDGE('',*,*,#2040,.F.);
#2200 = PLANE('',#2201);
#2201 = AXIS2_PLACEMENT_3D('',#2202,#2203,#2204);
#2202 = CARTESIAN_POINT('',(128.3,-63.9,9.2));
#2203 = DIRECTION('',(0.,0.,1.));
#2204 = DIRECTION('',(1.,0.,0.));
#2205 = ADVANCED_FACE('',(#2206),#2212,.F.);
#2206 = FACE_BOUND('',#2207,.F.);
#2207 = EDGE_LOOP('',(#2208,#2209,#2210,#2211));
#2208 = ORIENTED_EDGE('',*,*,#2192,.T.);
#2209 = ORIENTED_EDGE('',*,*,#2048,.F.);
#2210 = ORIENTED_EDGE('',*,*,#2166,.T.);
#2211 = ORIENTED_EDGE('',*,*,#1203,.F.);
#2212 = PLANE('',#2213);
#2213 = AXIS2_PLACEMENT_3D('',#2214,#2215,#2216);
#2214 = CARTESIAN_POINT('',(128.3,-55.4,5.1));
#2215 = DIRECTION('',(0.,1.,0.));
#2216 = DIRECTION('',(0.,0.,1.));
#2217 = ADVANCED_FACE('',(#2218),#2230,.T.);
#2218 = FACE_BOUND('',#2219,.F.);
#2219 = EDGE_LOOP('',(#2220,#2221,#2222,#2229));
#2220 = ORIENTED_EDGE('',*,*,#2125,.F.);
#2221 = ORIENTED_EDGE('',*,*,#1171,.F.);
#2222 = ORIENTED_EDGE('',*,*,#2223,.T.);
#2223 = EDGE_CURVE('',#1172,#1180,#2224,.T.);
#2224 = CIRCLE('',#2225,1.85);
#2225 = AXIS2_PLACEMENT_3D('',#2226,#2227,#2228);
#2226 = CARTESIAN_POINT('',(133.,-52.8,11.6));
#2227 = DIRECTION('',(0.,0.,1.));
#2228 = DIRECTION('',(1.,0.,0.));
#2229 = ORIENTED_EDGE('',*,*,#1187,.T.);
#2230 = CYLINDRICAL_SURFACE('',#2231,1.85);
#2231 = AXIS2_PLACEMENT_3D('',#2232,#2233,#2234);
#2232 = CARTESIAN_POINT('',(133.,-52.8,6.3));
#2233 = DIRECTION('',(-0.,-0.,-1.));
#2234 = DIRECTION('',(1.,0.,0.));
#2235 = ADVANCED_FACE('',(#2236),#2240,.T.);
#2236 = FACE_BOUND('',#2237,.T.);
#2237 = EDGE_LOOP('',(#2238,#2239));
#2238 = ORIENTED_EDGE('',*,*,#1179,.T.);
#2239 = ORIENTED_EDGE('',*,*,#2223,.T.);
#2240 = PLANE('',#2241);
#2241 = AXIS2_PLACEMENT_3D('',#2242,#2243,#2244);
#2242 = CARTESIAN_POINT('',(133.,-52.8,11.6));
#2243 = DIRECTION('',(0.,0.,1.));
#2244 = DIRECTION('',(1.,0.,0.));
#2245 = ADVANCED_FACE('',(#2246,#2252),#2318,.F.);
#2246 = FACE_BOUND('',#2247,.F.);
#2247 = EDGE_LOOP('',(#2248,#2249,#2250,#2251));
#2248 = ORIENTED_EDGE('',*,*,#1623,.F.);
#2249 = ORIENTED_EDGE('',*,*,#1558,.T.);
#2250 = ORIENTED_EDGE('',*,*,#1582,.T.);
#2251 = ORIENTED_EDGE('',*,*,#1606,.F.);
#2252 = FACE_BOUND('',#2253,.F.);
#2253 = EDGE_LOOP('',(#2254,#2264,#2272,#2280,#2288,#2296,#2304,#2312));
#2254 = ORIENTED_EDGE('',*,*,#2255,.F.);
#2255 = EDGE_CURVE('',#2256,#2258,#2260,.T.);
#2256 = VERTEX_POINT('',#2257);
#2257 = CARTESIAN_POINT('',(129.65,-52.6,12.725));
#2258 = VERTEX_POINT('',#2259);
#2259 = CARTESIAN_POINT('',(129.65,-49.45,12.725));
#2260 = LINE('',#2261,#2262);
#2261 = CARTESIAN_POINT('',(129.65,-52.8,12.725));
#2262 = VECTOR('',#2263,1.);
#2263 = DIRECTION('',(0.,1.,0.));
#2264 = ORIENTED_EDGE('',*,*,#2265,.T.);
#2265 = EDGE_CURVE('',#2256,#2266,#2268,.T.);
#2266 = VERTEX_POINT('',#2267);
#2267 = CARTESIAN_POINT('',(115.95,-52.6,12.725));
#2268 = LINE('',#2269,#2270);
#2269 = CARTESIAN_POINT('',(115.4,-52.6,12.725));
#2270 = VECTOR('',#2271,1.);
#2271 = DIRECTION('',(-1.,0.,0.));
#2272 = ORIENTED_EDGE('',*,*,#2273,.T.);
#2273 = EDGE_CURVE('',#2266,#2274,#2276,.T.);
#2274 = VERTEX_POINT('',#2275);
#2275 = CARTESIAN_POINT('',(115.95,-49.45,12.725));
#2276 = LINE('',#2277,#2278);
#2277 = CARTESIAN_POINT('',(115.95,-52.8,12.725));
#2278 = VECTOR('',#2279,1.);
#2279 = DIRECTION('',(0.,1.,0.));
#2280 = ORIENTED_EDGE('',*,*,#2281,.T.);
#2281 = EDGE_CURVE('',#2274,#2282,#2284,.T.);
#2282 = VERTEX_POINT('',#2283);
#2283 = CARTESIAN_POINT('',(115.55,-49.45,12.725));
#2284 = LINE('',#2285,#2286);
#2285 = CARTESIAN_POINT('',(115.2,-49.45,12.725));
#2286 = VECTOR('',#2287,1.);
#2287 = DIRECTION('',(-1.,0.,0.));
#2288 = ORIENTED_EDGE('',*,*,#2289,.T.);
#2289 = EDGE_CURVE('',#2282,#2290,#2292,.T.);
#2290 = VERTEX_POINT('',#2291);
#2291 = CARTESIAN_POINT('',(115.55,-18.35,12.725));
#2292 = LINE('',#2293,#2294);
#2293 = CARTESIAN_POINT('',(115.55,-51.225,12.725));
#2294 = VECTOR('',#2295,1.);
#2295 = DIRECTION('',(0.,1.,0.));
#2296 = ORIENTED_EDGE('',*,*,#2297,.F.);
#2297 = EDGE_CURVE('',#2298,#2290,#2300,.T.);
#2298 = VERTEX_POINT('',#2299);
#2299 = CARTESIAN_POINT('',(130.05,-18.35,12.725));
#2300 = LINE('',#2301,#2302);
#2301 = CARTESIAN_POINT('',(115.2,-18.35,12.725));
#2302 = VECTOR('',#2303,1.);
#2303 = DIRECTION('',(-1.,0.,0.));
#2304 = ORIENTED_EDGE('',*,*,#2305,.F.);
#2305 = EDGE_CURVE('',#2306,#2298,#2308,.T.);
#2306 = VERTEX_POINT('',#2307);
#2307 = CARTESIAN_POINT('',(130.05,-49.45,12.725));
#2308 = LINE('',#2309,#2310);
#2309 = CARTESIAN_POINT('',(130.05,-51.225,12.725));
#2310 = VECTOR('',#2311,1.);
#2311 = DIRECTION('',(0.,1.,0.));
#2312 = ORIENTED_EDGE('',*,*,#2313,.T.);
#2313 = EDGE_CURVE('',#2306,#2258,#2314,.T.);
#2314 = LINE('',#2315,#2316);
#2315 = CARTESIAN_POINT('',(115.2,-49.45,12.725));
#2316 = VECTOR('',#2317,1.);
#2317 = DIRECTION('',(-1.,0.,0.));
#2318 = PLANE('',#2319);
#2319 = AXIS2_PLACEMENT_3D('',#2320,#2321,#2322);
#2320 = CARTESIAN_POINT('',(114.85,-53.,12.725));
#2321 = DIRECTION('',(0.,0.,1.));
#2322 = DIRECTION('',(1.,0.,0.));
#2323 = ADVANCED_FACE('',(#2324),#2335,.F.);
#2324 = FACE_BOUND('',#2325,.F.);
#2325 = EDGE_LOOP('',(#2326,#2327,#2328,#2334));
#2326 = ORIENTED_EDGE('',*,*,#1745,.F.);
#2327 = ORIENTED_EDGE('',*,*,#1715,.F.);
#2328 = ORIENTED_EDGE('',*,*,#2329,.T.);
#2329 = EDGE_CURVE('',#1708,#1803,#2330,.T.);
#2330 = LINE('',#2331,#2332);
#2331 = CARTESIAN_POINT('',(129.3,-20.,11.8));
#2332 = VECTOR('',#2333,1.);
#2333 = DIRECTION('',(0.,1.,0.));
#2334 = ORIENTED_EDGE('',*,*,#1810,.F.);
#2335 = PLANE('',#2336);
#2336 = AXIS2_PLACEMENT_3D('',#2337,#2338,#2339);
#2337 = CARTESIAN_POINT('',(116.3,-20.,11.8));
#2338 = DIRECTION('',(0.,0.,1.));
#2339 = DIRECTION('',(1.,0.,0.));
#2340 = ADVANCED_FACE('',(#2341),#2347,.F.);
#2341 = FACE_BOUND('',#2342,.F.);
#2342 = EDGE_LOOP('',(#2343,#2344,#2345,#2346));
#2343 = ORIENTED_EDGE('',*,*,#2329,.F.);
#2344 = ORIENTED_EDGE('',*,*,#1707,.F.);
#2345 = ORIENTED_EDGE('',*,*,#2151,.T.);
#2346 = ORIENTED_EDGE('',*,*,#1802,.F.);
#2347 = PLANE('',#2348);
#2348 = AXIS2_PLACEMENT_3D('',#2349,#2350,#2351);
#2349 = CARTESIAN_POINT('',(129.3,-20.,6.2));
#2350 = DIRECTION('',(1.,0.,0.));
#2351 = DIRECTION('',(0.,0.,1.));
#2352 = ADVANCED_FACE('',(#2353),#2365,.T.);
#2353 = FACE_BOUND('',#2354,.T.);
#2354 = EDGE_LOOP('',(#2355,#2356,#2363,#2364));
#2355 = ORIENTED_EDGE('',*,*,#1786,.T.);
#2356 = ORIENTED_EDGE('',*,*,#2357,.T.);
#2357 = EDGE_CURVE('',#1779,#2017,#2358,.T.);
#2358 = CIRCLE('',#2359,2.4);
#2359 = AXIS2_PLACEMENT_3D('',#2360,#2361,#2362);
#2360 = CARTESIAN_POINT('',(132.6,-13.4,13.39));
#2361 = DIRECTION('',(0.,0.,-1.));
#2362 = DIRECTION('',(0.,1.,0.));
#2363 = ORIENTED_EDGE('',*,*,#2016,.F.);
#2364 = ORIENTED_EDGE('',*,*,#2158,.F.);
#2365 = CYLINDRICAL_SURFACE('',#2366,2.4);
#2366 = AXIS2_PLACEMENT_3D('',#2367,#2368,#2369);
#2367 = CARTESIAN_POINT('',(132.6,-13.4,6.3));
#2368 = DIRECTION('',(0.,0.,-1.));
#2369 = DIRECTION('',(0.,1.,0.));
#2370 = ADVANCED_FACE('',(#2371,#2381,#2409,#2445,#2511,#2547),#2617,.T.
  );
#2371 = FACE_BOUND('',#2372,.T.);
#2372 = EDGE_LOOP('',(#2373,#2374,#2375,#2376,#2377,#2378,#2379,#2380));
#2373 = ORIENTED_EDGE('',*,*,#1833,.F.);
#2374 = ORIENTED_EDGE('',*,*,#1858,.F.);
#2375 = ORIENTED_EDGE('',*,*,#1882,.F.);
#2376 = ORIENTED_EDGE('',*,*,#1908,.F.);
#2377 = ORIENTED_EDGE('',*,*,#1989,.F.);
#2378 = ORIENTED_EDGE('',*,*,#2024,.F.);
#2379 = ORIENTED_EDGE('',*,*,#2357,.F.);
#2380 = ORIENTED_EDGE('',*,*,#1778,.F.);
#2381 = FACE_BOUND('',#2382,.T.);
#2382 = EDGE_LOOP('',(#2383,#2393,#2402));
#2383 = ORIENTED_EDGE('',*,*,#2384,.F.);
#2384 = EDGE_CURVE('',#2385,#2387,#2389,.T.);
#2385 = VERTEX_POINT('',#2386);
#2386 = CARTESIAN_POINT('',(125.41867732448,-53.,13.39));
#2387 = VERTEX_POINT('',#2388);
#2388 = CARTESIAN_POINT('',(120.58132267551,-53.,13.39));
#2389 = LINE('',#2390,#2391);
#2390 = CARTESIAN_POINT('',(118.90334371508,-53.,13.39));
#2391 = VECTOR('',#2392,1.);
#2392 = DIRECTION('',(-1.,0.,0.));
#2393 = ORIENTED_EDGE('',*,*,#2394,.F.);
#2394 = EDGE_CURVE('',#2395,#2385,#2397,.T.);
#2395 = VERTEX_POINT('',#2396);
#2396 = CARTESIAN_POINT('',(129.1,-58.6,13.39));
#2397 = CIRCLE('',#2398,6.1);
#2398 = AXIS2_PLACEMENT_3D('',#2399,#2400,#2401);
#2399 = CARTESIAN_POINT('',(123.,-58.6,13.39));
#2400 = DIRECTION('',(0.,0.,1.));
#2401 = DIRECTION('',(1.,0.,0.));
#2402 = ORIENTED_EDGE('',*,*,#2403,.F.);
#2403 = EDGE_CURVE('',#2387,#2395,#2404,.T.);
#2404 = CIRCLE('',#2405,6.1);
#2405 = AXIS2_PLACEMENT_3D('',#2406,#2407,#2408);
#2406 = CARTESIAN_POINT('',(123.,-58.6,13.39));
#2407 = DIRECTION('',(0.,0.,1.));
#2408 = DIRECTION('',(1.,0.,0.));
#2409 = FACE_BOUND('',#2410,.T.);
#2410 = EDGE_LOOP('',(#2411,#2421,#2430,#2438));
#2411 = ORIENTED_EDGE('',*,*,#2412,.T.);
#2412 = EDGE_CURVE('',#2413,#2415,#2417,.T.);
#2413 = VERTEX_POINT('',#2414);
#2414 = CARTESIAN_POINT('',(113.6,-49.,13.39));
#2415 = VERTEX_POINT('',#2416);
#2416 = CARTESIAN_POINT('',(113.6,-18.7,13.39));
#2417 = LINE('',#2418,#2419);
#2418 = CARTESIAN_POINT('',(113.6,-49.,13.39));
#2419 = VECTOR('',#2420,1.);
#2420 = DIRECTION('',(0.,1.,0.));
#2421 = ORIENTED_EDGE('',*,*,#2422,.T.);
#2422 = EDGE_CURVE('',#2415,#2423,#2425,.T.);
#2423 = VERTEX_POINT('',#2424);
#2424 = CARTESIAN_POINT('',(114.85,-16.7156865167,13.39));
#2425 = CIRCLE('',#2426,2.2);
#2426 = AXIS2_PLACEMENT_3D('',#2427,#2428,#2429);
#2427 = CARTESIAN_POINT('',(115.8,-18.7,13.39));
#2428 = DIRECTION('',(0.,0.,-1.));
#2429 = DIRECTION('',(-1.,-1.61E-15,-0.));
#2430 = ORIENTED_EDGE('',*,*,#2431,.F.);
#2431 = EDGE_CURVE('',#2432,#2423,#2434,.T.);
#2432 = VERTEX_POINT('',#2433);
#2433 = CARTESIAN_POINT('',(114.85,-50.98431348329,13.39));
#2434 = LINE('',#2435,#2436);
#2435 = CARTESIAN_POINT('',(114.85,-46.04893884022,13.39));
#2436 = VECTOR('',#2437,1.);
#2437 = DIRECTION('',(0.,1.,0.));
#2438 = ORIENTED_EDGE('',*,*,#2439,.T.);
#2439 = EDGE_CURVE('',#2432,#2413,#2440,.T.);
#2440 = CIRCLE('',#2441,2.2);
#2441 = AXIS2_PLACEMENT_3D('',#2442,#2443,#2444);
#2442 = CARTESIAN_POINT('',(115.8,-49.,13.39));
#2443 = DIRECTION('',(0.,0.,-1.));
#2444 = DIRECTION('',(6.46E-15,-1.,0.));
#2445 = FACE_BOUND('',#2446,.T.);
#2446 = EDGE_LOOP('',(#2447,#2457,#2465,#2473,#2481,#2489,#2497,#2505));
#2447 = ORIENTED_EDGE('',*,*,#2448,.F.);
#2448 = EDGE_CURVE('',#2449,#2451,#2453,.T.);
#2449 = VERTEX_POINT('',#2450);
#2450 = CARTESIAN_POINT('',(129.65,-52.6,13.39));
#2451 = VERTEX_POINT('',#2452);
#2452 = CARTESIAN_POINT('',(129.65,-49.45,13.39));
#2453 = LINE('',#2454,#2455);
#2454 = CARTESIAN_POINT('',(129.65,-45.84893884022,13.39));
#2455 = VECTOR('',#2456,1.);
#2456 = DIRECTION('',(0.,1.,0.));
#2457 = ORIENTED_EDGE('',*,*,#2458,.T.);
#2458 = EDGE_CURVE('',#2449,#2459,#2461,.T.);
#2459 = VERTEX_POINT('',#2460);
#2460 = CARTESIAN_POINT('',(115.95,-52.6,13.39));
#2461 = LINE('',#2462,#2463);
#2462 = CARTESIAN_POINT('',(119.45334371508,-52.6,13.39));
#2463 = VECTOR('',#2464,1.);
#2464 = DIRECTION('',(-1.,0.,0.));
#2465 = ORIENTED_EDGE('',*,*,#2466,.T.);
#2466 = EDGE_CURVE('',#2459,#2467,#2469,.T.);
#2467 = VERTEX_POINT('',#2468);
#2468 = CARTESIAN_POINT('',(115.95,-49.45,13.39));
#2469 = LINE('',#2470,#2471);
#2470 = CARTESIAN_POINT('',(115.95,-45.84893884022,13.39));
#2471 = VECTOR('',#2472,1.);
#2472 = DIRECTION('',(0.,1.,0.));
#2473 = ORIENTED_EDGE('',*,*,#2474,.T.);
#2474 = EDGE_CURVE('',#2467,#2475,#2477,.T.);
#2475 = VERTEX_POINT('',#2476);
#2476 = CARTESIAN_POINT('',(115.55,-49.45,13.39));
#2477 = LINE('',#2478,#2479);
#2478 = CARTESIAN_POINT('',(119.25334371508,-49.45,13.39));
#2479 = VECTOR('',#2480,1.);
#2480 = DIRECTION('',(-1.,0.,0.));
#2481 = ORIENTED_EDGE('',*,*,#2482,.T.);
#2482 = EDGE_CURVE('',#2475,#2483,#2485,.T.);
#2483 = VERTEX_POINT('',#2484);
#2484 = CARTESIAN_POINT('',(115.55,-18.35,13.39));
#2485 = LINE('',#2486,#2487);
#2486 = CARTESIAN_POINT('',(115.55,-44.27393884022,13.39));
#2487 = VECTOR('',#2488,1.);
#2488 = DIRECTION('',(0.,1.,0.));
#2489 = ORIENTED_EDGE('',*,*,#2490,.F.);
#2490 = EDGE_CURVE('',#2491,#2483,#2493,.T.);
#2491 = VERTEX_POINT('',#2492);
#2492 = CARTESIAN_POINT('',(130.05,-18.35,13.39));
#2493 = LINE('',#2494,#2495);
#2494 = CARTESIAN_POINT('',(119.25334371508,-18.35,13.39));
#2495 = VECTOR('',#2496,1.);
#2496 = DIRECTION('',(-1.,0.,0.));
#2497 = ORIENTED_EDGE('',*,*,#2498,.F.);
#2498 = EDGE_CURVE('',#2499,#2491,#2501,.T.);
#2499 = VERTEX_POINT('',#2500);
#2500 = CARTESIAN_POINT('',(130.05,-49.45,13.39));
#2501 = LINE('',#2502,#2503);
#2502 = CARTESIAN_POINT('',(130.05,-44.27393884022,13.39));
#2503 = VECTOR('',#2504,1.);
#2504 = DIRECTION('',(0.,1.,0.));
#2505 = ORIENTED_EDGE('',*,*,#2506,.T.);
#2506 = EDGE_CURVE('',#2499,#2451,#2507,.T.);
#2507 = LINE('',#2508,#2509);
#2508 = CARTESIAN_POINT('',(119.25334371508,-49.45,13.39));
#2509 = VECTOR('',#2510,1.);
#2510 = DIRECTION('',(-1.,0.,0.));
#2511 = FACE_BOUND('',#2512,.T.);
#2512 = EDGE_LOOP('',(#2513,#2523,#2532,#2540));
#2513 = ORIENTED_EDGE('',*,*,#2514,.T.);
#2514 = EDGE_CURVE('',#2515,#2517,#2519,.T.);
#2515 = VERTEX_POINT('',#2516);
#2516 = CARTESIAN_POINT('',(130.75,-50.98431348329,13.39));
#2517 = VERTEX_POINT('',#2518);
#2518 = CARTESIAN_POINT('',(130.75,-16.7156865167,13.39));
#2519 = LINE('',#2520,#2521);
#2520 = CARTESIAN_POINT('',(130.75,-46.04893884022,13.39));
#2521 = VECTOR('',#2522,1.);
#2522 = DIRECTION('',(0.,1.,0.));
#2523 = ORIENTED_EDGE('',*,*,#2524,.T.);
#2524 = EDGE_CURVE('',#2517,#2525,#2527,.T.);
#2525 = VERTEX_POINT('',#2526);
#2526 = CARTESIAN_POINT('',(132.,-18.7,13.39));
#2527 = CIRCLE('',#2528,2.2);
#2528 = AXIS2_PLACEMENT_3D('',#2529,#2530,#2531);
#2529 = CARTESIAN_POINT('',(129.8,-18.7,13.39));
#2530 = DIRECTION('',(0.,0.,-1.));
#2531 = DIRECTION('',(0.,1.,0.));
#2532 = ORIENTED_EDGE('',*,*,#2533,.T.);
#2533 = EDGE_CURVE('',#2525,#2534,#2536,.T.);
#2534 = VERTEX_POINT('',#2535);
#2535 = CARTESIAN_POINT('',(132.,-49.,13.39));
#2536 = LINE('',#2537,#2538);
#2537 = CARTESIAN_POINT('',(132.,-18.7,13.39));
#2538 = VECTOR('',#2539,1.);
#2539 = DIRECTION('',(0.,-1.,0.));
#2540 = ORIENTED_EDGE('',*,*,#2541,.T.);
#2541 = EDGE_CURVE('',#2534,#2515,#2542,.T.);
#2542 = CIRCLE('',#2543,2.2);
#2543 = AXIS2_PLACEMENT_3D('',#2544,#2545,#2546);
#2544 = CARTESIAN_POINT('',(129.8,-49.,13.39));
#2545 = DIRECTION('',(0.,0.,-1.));
#2546 = DIRECTION('',(1.,3.23E-15,0.));
#2547 = FACE_BOUND('',#2548,.T.);
#2548 = EDGE_LOOP('',(#2549,#2560,#2568,#2577,#2585,#2594,#2602,#2611));
#2549 = ORIENTED_EDGE('',*,*,#2550,.T.);
#2550 = EDGE_CURVE('',#2551,#2553,#2555,.T.);
#2551 = VERTEX_POINT('',#2552);
#2552 = CARTESIAN_POINT('',(121.,-13.6,13.39));
#2553 = VERTEX_POINT('',#2554);
#2554 = CARTESIAN_POINT('',(121.6,-13.,13.39));
#2555 = CIRCLE('',#2556,0.6);
#2556 = AXIS2_PLACEMENT_3D('',#2557,#2558,#2559);
#2557 = CARTESIAN_POINT('',(121.6,-13.6,13.39));
#2558 = DIRECTION('',(0.,0.,-1.));
#2559 = DIRECTION('',(-1.,8.88E-15,0.));
#2560 = ORIENTED_EDGE('',*,*,#2561,.T.);
#2561 = EDGE_CURVE('',#2553,#2562,#2564,.T.);
#2562 = VERTEX_POINT('',#2563);
#2563 = CARTESIAN_POINT('',(124.4,-13.,13.39));
#2564 = LINE('',#2565,#2566);
#2565 = CARTESIAN_POINT('',(121.6,-13.,13.39));
#2566 = VECTOR('',#2567,1.);
#2567 = DIRECTION('',(1.,0.,0.));
#2568 = ORIENTED_EDGE('',*,*,#2569,.T.);
#2569 = EDGE_CURVE('',#2562,#2570,#2572,.T.);
#2570 = VERTEX_POINT('',#2571);
#2571 = CARTESIAN_POINT('',(125.,-13.6,13.39));
#2572 = CIRCLE('',#2573,0.6);
#2573 = AXIS2_PLACEMENT_3D('',#2574,#2575,#2576);
#2574 = CARTESIAN_POINT('',(124.4,-13.6,13.39));
#2575 = DIRECTION('',(0.,0.,-1.));
#2576 = DIRECTION('',(2.368E-14,1.,0.));
#2577 = ORIENTED_EDGE('',*,*,#2578,.T.);
#2578 = EDGE_CURVE('',#2570,#2579,#2581,.T.);
#2579 = VERTEX_POINT('',#2580);
#2580 = CARTESIAN_POINT('',(125.,-13.8,13.39));
#2581 = LINE('',#2582,#2583);
#2582 = CARTESIAN_POINT('',(125.,-13.6,13.39));
#2583 = VECTOR('',#2584,1.);
#2584 = DIRECTION('',(0.,-1.,0.));
#2585 = ORIENTED_EDGE('',*,*,#2586,.T.);
#2586 = EDGE_CURVE('',#2579,#2587,#2589,.T.);
#2587 = VERTEX_POINT('',#2588);
#2588 = CARTESIAN_POINT('',(124.4,-14.4,13.39));
#2589 = CIRCLE('',#2590,0.6);
#2590 = AXIS2_PLACEMENT_3D('',#2591,#2592,#2593);
#2591 = CARTESIAN_POINT('',(124.4,-13.8,13.39));
#2592 = DIRECTION('',(0.,0.,-1.));
#2593 = DIRECTION('',(1.,-8.88E-15,0.));
#2594 = ORIENTED_EDGE('',*,*,#2595,.T.);
#2595 = EDGE_CURVE('',#2587,#2596,#2598,.T.);
#2596 = VERTEX_POINT('',#2597);
#2597 = CARTESIAN_POINT('',(121.6,-14.4,13.39));
#2598 = LINE('',#2599,#2600);
#2599 = CARTESIAN_POINT('',(124.4,-14.4,13.39));
#2600 = VECTOR('',#2601,1.);
#2601 = DIRECTION('',(-1.,0.,0.));
#2602 = ORIENTED_EDGE('',*,*,#2603,.T.);
#2603 = EDGE_CURVE('',#2596,#2604,#2606,.T.);
#2604 = VERTEX_POINT('',#2605);
#2605 = CARTESIAN_POINT('',(121.,-13.8,13.39));
#2606 = CIRCLE('',#2607,0.6);
#2607 = AXIS2_PLACEMENT_3D('',#2608,#2609,#2610);
#2608 = CARTESIAN_POINT('',(121.6,-13.8,13.39));
#2609 = DIRECTION('',(0.,0.,-1.));
#2610 = DIRECTION('',(-2.368E-14,-1.,-0.));
#2611 = ORIENTED_EDGE('',*,*,#2612,.T.);
#2612 = EDGE_CURVE('',#2604,#2551,#2613,.T.);
#2613 = LINE('',#2614,#2615);
#2614 = CARTESIAN_POINT('',(121.,-13.8,13.39));
#2615 = VECTOR('',#2616,1.);
#2616 = DIRECTION('',(0.,1.,0.));
#2617 = PLANE('',#2618);
#2618 = AXIS2_PLACEMENT_3D('',#2619,#2620,#2621);
#2619 = CARTESIAN_POINT('',(122.95668743016,-39.09787768044,13.39));
#2620 = DIRECTION('',(0.,0.,1.));
#2621 = DIRECTION('',(1.,0.,0.));
#2622 = ADVANCED_FACE('',(#2623),#2626,.F.);
#2623 = FACE_BOUND('',#2624,.T.);
#2624 = EDGE_LOOP('',(#2625));
#2625 = ORIENTED_EDGE('',*,*,#1940,.F.);
#2626 = PLANE('',#2627);
#2627 = AXIS2_PLACEMENT_3D('',#2628,#2629,#2630);
#2628 = CARTESIAN_POINT('',(113.,-52.8,6.8));
#2629 = DIRECTION('',(0.,0.,1.));
#2630 = DIRECTION('',(1.,0.,0.));
#2631 = ADVANCED_FACE('',(#2632),#2635,.F.);
#2632 = FACE_BOUND('',#2633,.T.);
#2633 = EDGE_LOOP('',(#2634));
#2634 = ORIENTED_EDGE('',*,*,#1965,.F.);
#2635 = PLANE('',#2636);
#2636 = AXIS2_PLACEMENT_3D('',#2637,#2638,#2639);
#2637 = CARTESIAN_POINT('',(122.8,-64.7,6.8));
#2638 = DIRECTION('',(0.,0.,1.));
#2639 = DIRECTION('',(1.,0.,0.));
#2640 = ADVANCED_FACE('',(#2641),#2660,.F.);
#2641 = FACE_BOUND('',#2642,.T.);
#2642 = EDGE_LOOP('',(#2643,#2644,#2652,#2659));
#2643 = ORIENTED_EDGE('',*,*,#2175,.T.);
#2644 = ORIENTED_EDGE('',*,*,#2645,.T.);
#2645 = EDGE_CURVE('',#2176,#2646,#2648,.T.);
#2646 = VERTEX_POINT('',#2647);
#2647 = CARTESIAN_POINT('',(134.6,-52.8,6.8));
#2648 = LINE('',#2649,#2650);
#2649 = CARTESIAN_POINT('',(134.6,-52.8,6.2));
#2650 = VECTOR('',#2651,1.);
#2651 = DIRECTION('',(0.,0.,1.));
#2652 = ORIENTED_EDGE('',*,*,#2653,.T.);
#2653 = EDGE_CURVE('',#2646,#2646,#2654,.T.);
#2654 = CIRCLE('',#2655,1.6);
#2655 = AXIS2_PLACEMENT_3D('',#2656,#2657,#2658);
#2656 = CARTESIAN_POINT('',(133.,-52.8,6.8));
#2657 = DIRECTION('',(0.,0.,1.));
#2658 = DIRECTION('',(1.,0.,0.));
#2659 = ORIENTED_EDGE('',*,*,#2645,.F.);
#2660 = CYLINDRICAL_SURFACE('',#2661,1.6);
#2661 = AXIS2_PLACEMENT_3D('',#2662,#2663,#2664);
#2662 = CARTESIAN_POINT('',(133.,-52.8,6.2));
#2663 = DIRECTION('',(-0.,-0.,-1.));
#2664 = DIRECTION('',(1.,0.,0.));
#2665 = ADVANCED_FACE('',(#2666),#2682,.F.);
#2666 = FACE_BOUND('',#2667,.F.);
#2667 = EDGE_LOOP('',(#2668,#2674,#2675,#2681));
#2668 = ORIENTED_EDGE('',*,*,#2669,.F.);
#2669 = EDGE_CURVE('',#2256,#2449,#2670,.T.);
#2670 = LINE('',#2671,#2672);
#2671 = CARTESIAN_POINT('',(129.65,-52.6,10.9));
#2672 = VECTOR('',#2673,1.);
#2673 = DIRECTION('',(0.,0.,1.));
#2674 = ORIENTED_EDGE('',*,*,#2255,.T.);
#2675 = ORIENTED_EDGE('',*,*,#2676,.T.);
#2676 = EDGE_CURVE('',#2258,#2451,#2677,.T.);
#2677 = LINE('',#2678,#2679);
#2678 = CARTESIAN_POINT('',(129.65,-49.45,11.645));
#2679 = VECTOR('',#2680,1.);
#2680 = DIRECTION('',(0.,0.,1.));
#2681 = ORIENTED_EDGE('',*,*,#2448,.F.);
#2682 = PLANE('',#2683);
#2683 = AXIS2_PLACEMENT_3D('',#2684,#2685,#2686);
#2684 = CARTESIAN_POINT('',(129.65,-52.6,10.9));
#2685 = DIRECTION('',(1.,0.,0.));
#2686 = DIRECTION('',(0.,0.,1.));
#2687 = ADVANCED_FACE('',(#2688),#2699,.T.);
#2688 = FACE_BOUND('',#2689,.T.);
#2689 = EDGE_LOOP('',(#2690,#2696,#2697,#2698));
#2690 = ORIENTED_EDGE('',*,*,#2691,.F.);
#2691 = EDGE_CURVE('',#2306,#2499,#2692,.T.);
#2692 = LINE('',#2693,#2694);
#2693 = CARTESIAN_POINT('',(130.05,-49.45,12.39));
#2694 = VECTOR('',#2695,1.);
#2695 = DIRECTION('',(0.,0.,1.));
#2696 = ORIENTED_EDGE('',*,*,#2313,.T.);
#2697 = ORIENTED_EDGE('',*,*,#2676,.T.);
#2698 = ORIENTED_EDGE('',*,*,#2506,.F.);
#2699 = PLANE('',#2700);
#2700 = AXIS2_PLACEMENT_3D('',#2701,#2702,#2703);
#2701 = CARTESIAN_POINT('',(115.55,-49.45,12.39));
#2702 = DIRECTION('',(0.,1.,0.));
#2703 = DIRECTION('',(0.,0.,1.));
#2704 = ADVANCED_FACE('',(#2705),#2716,.F.);
#2705 = FACE_BOUND('',#2706,.F.);
#2706 = EDGE_LOOP('',(#2707,#2708,#2709,#2715));
#2707 = ORIENTED_EDGE('',*,*,#2691,.F.);
#2708 = ORIENTED_EDGE('',*,*,#2305,.T.);
#2709 = ORIENTED_EDGE('',*,*,#2710,.T.);
#2710 = EDGE_CURVE('',#2298,#2491,#2711,.T.);
#2711 = LINE('',#2712,#2713);
#2712 = CARTESIAN_POINT('',(130.05,-18.35,12.39));
#2713 = VECTOR('',#2714,1.);
#2714 = DIRECTION('',(0.,0.,1.));
#2715 = ORIENTED_EDGE('',*,*,#2498,.F.);
#2716 = PLANE('',#2717);
#2717 = AXIS2_PLACEMENT_3D('',#2718,#2719,#2720);
#2718 = CARTESIAN_POINT('',(130.05,-49.45,12.39));
#2719 = DIRECTION('',(1.,0.,0.));
#2720 = DIRECTION('',(0.,0.,1.));
#2721 = ADVANCED_FACE('',(#2722),#2733,.F.);
#2722 = FACE_BOUND('',#2723,.F.);
#2723 = EDGE_LOOP('',(#2724,#2725,#2726,#2732));
#2724 = ORIENTED_EDGE('',*,*,#2710,.F.);
#2725 = ORIENTED_EDGE('',*,*,#2297,.T.);
#2726 = ORIENTED_EDGE('',*,*,#2727,.T.);
#2727 = EDGE_CURVE('',#2290,#2483,#2728,.T.);
#2728 = LINE('',#2729,#2730);
#2729 = CARTESIAN_POINT('',(115.55,-18.35,12.39));
#2730 = VECTOR('',#2731,1.);
#2731 = DIRECTION('',(0.,0.,1.));
#2732 = ORIENTED_EDGE('',*,*,#2490,.F.);
#2733 = PLANE('',#2734);
#2734 = AXIS2_PLACEMENT_3D('',#2735,#2736,#2737);
#2735 = CARTESIAN_POINT('',(115.55,-18.35,12.39));
#2736 = DIRECTION('',(0.,1.,0.));
#2737 = DIRECTION('',(0.,0.,1.));
#2738 = ADVANCED_FACE('',(#2739),#2750,.T.);
#2739 = FACE_BOUND('',#2740,.T.);
#2740 = EDGE_LOOP('',(#2741,#2747,#2748,#2749));
#2741 = ORIENTED_EDGE('',*,*,#2742,.F.);
#2742 = EDGE_CURVE('',#2282,#2475,#2743,.T.);
#2743 = LINE('',#2744,#2745);
#2744 = CARTESIAN_POINT('',(115.55,-49.45,12.39));
#2745 = VECTOR('',#2746,1.);
#2746 = DIRECTION('',(0.,0.,1.));
#2747 = ORIENTED_EDGE('',*,*,#2289,.T.);
#2748 = ORIENTED_EDGE('',*,*,#2727,.T.);
#2749 = ORIENTED_EDGE('',*,*,#2482,.F.);
#2750 = PLANE('',#2751);
#2751 = AXIS2_PLACEMENT_3D('',#2752,#2753,#2754);
#2752 = CARTESIAN_POINT('',(115.55,-49.45,12.39));
#2753 = DIRECTION('',(1.,0.,0.));
#2754 = DIRECTION('',(0.,0.,1.));
#2755 = ADVANCED_FACE('',(#2756),#2767,.T.);
#2756 = FACE_BOUND('',#2757,.T.);
#2757 = EDGE_LOOP('',(#2758,#2759,#2760,#2761));
#2758 = ORIENTED_EDGE('',*,*,#2281,.T.);
#2759 = ORIENTED_EDGE('',*,*,#2742,.T.);
#2760 = ORIENTED_EDGE('',*,*,#2474,.F.);
#2761 = ORIENTED_EDGE('',*,*,#2762,.F.);
#2762 = EDGE_CURVE('',#2274,#2467,#2763,.T.);
#2763 = LINE('',#2764,#2765);
#2764 = CARTESIAN_POINT('',(115.95,-49.45,11.645));
#2765 = VECTOR('',#2766,1.);
#2766 = DIRECTION('',(0.,0.,1.));
#2767 = PLANE('',#2768);
#2768 = AXIS2_PLACEMENT_3D('',#2769,#2770,#2771);
#2769 = CARTESIAN_POINT('',(115.55,-49.45,12.39));
#2770 = DIRECTION('',(0.,1.,0.));
#2771 = DIRECTION('',(0.,0.,1.));
#2772 = ADVANCED_FACE('',(#2773),#2784,.T.);
#2773 = FACE_BOUND('',#2774,.T.);
#2774 = EDGE_LOOP('',(#2775,#2781,#2782,#2783));
#2775 = ORIENTED_EDGE('',*,*,#2776,.F.);
#2776 = EDGE_CURVE('',#2266,#2459,#2777,.T.);
#2777 = LINE('',#2778,#2779);
#2778 = CARTESIAN_POINT('',(115.95,-52.6,10.9));
#2779 = VECTOR('',#2780,1.);
#2780 = DIRECTION('',(0.,0.,1.));
#2781 = ORIENTED_EDGE('',*,*,#2273,.T.);
#2782 = ORIENTED_EDGE('',*,*,#2762,.T.);
#2783 = ORIENTED_EDGE('',*,*,#2466,.F.);
#2784 = PLANE('',#2785);
#2785 = AXIS2_PLACEMENT_3D('',#2786,#2787,#2788);
#2786 = CARTESIAN_POINT('',(115.95,-52.6,10.9));
#2787 = DIRECTION('',(1.,0.,0.));
#2788 = DIRECTION('',(0.,0.,1.));
#2789 = ADVANCED_FACE('',(#2790),#2796,.T.);
#2790 = FACE_BOUND('',#2791,.T.);
#2791 = EDGE_LOOP('',(#2792,#2793,#2794,#2795));
#2792 = ORIENTED_EDGE('',*,*,#2669,.F.);
#2793 = ORIENTED_EDGE('',*,*,#2265,.T.);
#2794 = ORIENTED_EDGE('',*,*,#2776,.T.);
#2795 = ORIENTED_EDGE('',*,*,#2458,.F.);
#2796 = PLANE('',#2797);
#2797 = AXIS2_PLACEMENT_3D('',#2798,#2799,#2800);
#2798 = CARTESIAN_POINT('',(115.95,-52.6,10.9));
#2799 = DIRECTION('',(0.,1.,0.));
#2800 = DIRECTION('',(0.,0.,1.));
#2801 = ADVANCED_FACE('',(#2802),#2827,.F.);
#2802 = FACE_BOUND('',#2803,.F.);
#2803 = EDGE_LOOP('',(#2804,#2812,#2820,#2826));
#2804 = ORIENTED_EDGE('',*,*,#2805,.T.);
#2805 = EDGE_CURVE('',#2385,#2806,#2808,.T.);
#2806 = VERTEX_POINT('',#2807);
#2807 = CARTESIAN_POINT('',(125.41867732448,-53.,12.99));
#2808 = LINE('',#2809,#2810);
#2809 = CARTESIAN_POINT('',(125.41867732449,-53.,12.99));
#2810 = VECTOR('',#2811,1.);
#2811 = DIRECTION('',(-0.,-0.,-1.));
#2812 = ORIENTED_EDGE('',*,*,#2813,.T.);
#2813 = EDGE_CURVE('',#2806,#2814,#2816,.T.);
#2814 = VERTEX_POINT('',#2815);
#2815 = CARTESIAN_POINT('',(120.58132267551,-53.,12.99));
#2816 = LINE('',#2817,#2818);
#2817 = CARTESIAN_POINT('',(118.90608769591,-53.,12.99));
#2818 = VECTOR('',#2819,1.);
#2819 = DIRECTION('',(-1.,0.,0.));
#2820 = ORIENTED_EDGE('',*,*,#2821,.F.);
#2821 = EDGE_CURVE('',#2387,#2814,#2822,.T.);
#2822 = LINE('',#2823,#2824);
#2823 = CARTESIAN_POINT('',(120.58132267551,-53.,12.99));
#2824 = VECTOR('',#2825,1.);
#2825 = DIRECTION('',(-0.,-0.,-1.));
#2826 = ORIENTED_EDGE('',*,*,#2384,.F.);
#2827 = PLANE('',#2828);
#2828 = AXIS2_PLACEMENT_3D('',#2829,#2830,#2831);
#2829 = CARTESIAN_POINT('',(114.85,-53.,11.7));
#2830 = DIRECTION('',(0.,1.,0.));
#2831 = DIRECTION('',(0.,0.,1.));
#2832 = ADVANCED_FACE('',(#2833),#2855,.F.);
#2833 = FACE_BOUND('',#2834,.T.);
#2834 = EDGE_LOOP('',(#2835,#2836,#2837,#2838,#2839,#2848));
#2835 = ORIENTED_EDGE('',*,*,#2821,.F.);
#2836 = ORIENTED_EDGE('',*,*,#2403,.T.);
#2837 = ORIENTED_EDGE('',*,*,#2394,.T.);
#2838 = ORIENTED_EDGE('',*,*,#2805,.T.);
#2839 = ORIENTED_EDGE('',*,*,#2840,.F.);
#2840 = EDGE_CURVE('',#2841,#2806,#2843,.T.);
#2841 = VERTEX_POINT('',#2842);
#2842 = CARTESIAN_POINT('',(129.1,-58.6,12.99));
#2843 = CIRCLE('',#2844,6.1);
#2844 = AXIS2_PLACEMENT_3D('',#2845,#2846,#2847);
#2845 = CARTESIAN_POINT('',(123.,-58.6,12.99));
#2846 = DIRECTION('',(0.,0.,1.));
#2847 = DIRECTION('',(1.,0.,0.));
#2848 = ORIENTED_EDGE('',*,*,#2849,.F.);
#2849 = EDGE_CURVE('',#2814,#2841,#2850,.T.);
#2850 = CIRCLE('',#2851,6.1);
#2851 = AXIS2_PLACEMENT_3D('',#2852,#2853,#2854);
#2852 = CARTESIAN_POINT('',(123.,-58.6,12.99));
#2853 = DIRECTION('',(0.,0.,1.));
#2854 = DIRECTION('',(1.,0.,0.));
#2855 = CYLINDRICAL_SURFACE('',#2856,6.1);
#2856 = AXIS2_PLACEMENT_3D('',#2857,#2858,#2859);
#2857 = CARTESIAN_POINT('',(123.,-58.6,12.99));
#2858 = DIRECTION('',(-0.,-0.,-1.));
#2859 = DIRECTION('',(1.,0.,0.));
#2860 = ADVANCED_FACE('',(#2861),#2886,.F.);
#2861 = FACE_BOUND('',#2862,.F.);
#2862 = EDGE_LOOP('',(#2863,#2871,#2872,#2880));
#2863 = ORIENTED_EDGE('',*,*,#2864,.T.);
#2864 = EDGE_CURVE('',#2865,#2413,#2867,.T.);
#2865 = VERTEX_POINT('',#2866);
#2866 = CARTESIAN_POINT('',(113.6,-49.,12.99));
#2867 = LINE('',#2868,#2869);
#2868 = CARTESIAN_POINT('',(113.6,-49.,12.99));
#2869 = VECTOR('',#2870,1.);
#2870 = DIRECTION('',(0.,0.,1.));
#2871 = ORIENTED_EDGE('',*,*,#2412,.T.);
#2872 = ORIENTED_EDGE('',*,*,#2873,.F.);
#2873 = EDGE_CURVE('',#2874,#2415,#2876,.T.);
#2874 = VERTEX_POINT('',#2875);
#2875 = CARTESIAN_POINT('',(113.6,-18.7,12.99));
#2876 = LINE('',#2877,#2878);
#2877 = CARTESIAN_POINT('',(113.6,-18.7,12.99));
#2878 = VECTOR('',#2879,1.);
#2879 = DIRECTION('',(0.,0.,1.));
#2880 = ORIENTED_EDGE('',*,*,#2881,.F.);
#2881 = EDGE_CURVE('',#2865,#2874,#2882,.T.);
#2882 = LINE('',#2883,#2884);
#2883 = CARTESIAN_POINT('',(113.6,-49.,12.99));
#2884 = VECTOR('',#2885,1.);
#2885 = DIRECTION('',(0.,1.,0.));
#2886 = PLANE('',#2887);
#2887 = AXIS2_PLACEMENT_3D('',#2888,#2889,#2890);
#2888 = CARTESIAN_POINT('',(113.6,-49.,12.99));
#2889 = DIRECTION('',(-1.,0.,0.));
#2890 = DIRECTION('',(0.,1.,0.));
#2891 = ADVANCED_FACE('',(#2892),#2911,.F.);
#2892 = FACE_BOUND('',#2893,.F.);
#2893 = EDGE_LOOP('',(#2894,#2903,#2909,#2910));
#2894 = ORIENTED_EDGE('',*,*,#2895,.F.);
#2895 = EDGE_CURVE('',#2896,#2865,#2898,.T.);
#2896 = VERTEX_POINT('',#2897);
#2897 = CARTESIAN_POINT('',(114.85,-50.98431348329,12.99));
#2898 = CIRCLE('',#2899,2.2);
#2899 = AXIS2_PLACEMENT_3D('',#2900,#2901,#2902);
#2900 = CARTESIAN_POINT('',(115.8,-49.,12.99));
#2901 = DIRECTION('',(0.,0.,-1.));
#2902 = DIRECTION('',(6.46E-15,-1.,0.));
#2903 = ORIENTED_EDGE('',*,*,#2904,.F.);
#2904 = EDGE_CURVE('',#2432,#2896,#2905,.T.);
#2905 = LINE('',#2906,#2907);
#2906 = CARTESIAN_POINT('',(114.85,-50.98431348329,12.99));
#2907 = VECTOR('',#2908,1.);
#2908 = DIRECTION('',(0.,0.,-1.));
#2909 = ORIENTED_EDGE('',*,*,#2439,.T.);
#2910 = ORIENTED_EDGE('',*,*,#2864,.F.);
#2911 = CYLINDRICAL_SURFACE('',#2912,2.2);
#2912 = AXIS2_PLACEMENT_3D('',#2913,#2914,#2915);
#2913 = CARTESIAN_POINT('',(115.8,-49.,12.99));
#2914 = DIRECTION('',(0.,0.,-1.));
#2915 = DIRECTION('',(6.46E-15,-1.,0.));
#2916 = ADVANCED_FACE('',(#2917),#2935,.F.);
#2917 = FACE_BOUND('',#2918,.F.);
#2918 = EDGE_LOOP('',(#2919,#2920,#2928,#2934));
#2919 = ORIENTED_EDGE('',*,*,#2904,.T.);
#2920 = ORIENTED_EDGE('',*,*,#2921,.T.);
#2921 = EDGE_CURVE('',#2896,#2922,#2924,.T.);
#2922 = VERTEX_POINT('',#2923);
#2923 = CARTESIAN_POINT('',(114.85,-16.7156865167,12.99));
#2924 = LINE('',#2925,#2926);
#2925 = CARTESIAN_POINT('',(114.85,-46.04641870115,12.99));
#2926 = VECTOR('',#2927,1.);
#2927 = DIRECTION('',(0.,1.,0.));
#2928 = ORIENTED_EDGE('',*,*,#2929,.F.);
#2929 = EDGE_CURVE('',#2423,#2922,#2930,.T.);
#2930 = LINE('',#2931,#2932);
#2931 = CARTESIAN_POINT('',(114.85,-16.7156865167,12.99));
#2932 = VECTOR('',#2933,1.);
#2933 = DIRECTION('',(0.,0.,-1.));
#2934 = ORIENTED_EDGE('',*,*,#2431,.F.);
#2935 = PLANE('',#2936);
#2936 = AXIS2_PLACEMENT_3D('',#2937,#2938,#2939);
#2937 = CARTESIAN_POINT('',(114.85,-53.,11.7));
#2938 = DIRECTION('',(1.,0.,0.));
#2939 = DIRECTION('',(0.,0.,1.));
#2940 = ADVANCED_FACE('',(#2941),#2953,.F.);
#2941 = FACE_BOUND('',#2942,.F.);
#2942 = EDGE_LOOP('',(#2943,#2950,#2951,#2952));
#2943 = ORIENTED_EDGE('',*,*,#2944,.F.);
#2944 = EDGE_CURVE('',#2874,#2922,#2945,.T.);
#2945 = CIRCLE('',#2946,2.2);
#2946 = AXIS2_PLACEMENT_3D('',#2947,#2948,#2949);
#2947 = CARTESIAN_POINT('',(115.8,-18.7,12.99));
#2948 = DIRECTION('',(0.,0.,-1.));
#2949 = DIRECTION('',(-1.,-1.61E-15,-0.));
#2950 = ORIENTED_EDGE('',*,*,#2873,.T.);
#2951 = ORIENTED_EDGE('',*,*,#2422,.T.);
#2952 = ORIENTED_EDGE('',*,*,#2929,.T.);
#2953 = CYLINDRICAL_SURFACE('',#2954,2.2);
#2954 = AXIS2_PLACEMENT_3D('',#2955,#2956,#2957);
#2955 = CARTESIAN_POINT('',(115.8,-18.7,12.99));
#2956 = DIRECTION('',(0.,0.,-1.));
#2957 = DIRECTION('',(-1.,-1.61E-15,-0.));
#2958 = ADVANCED_FACE('',(#2959),#2984,.T.);
#2959 = FACE_BOUND('',#2960,.T.);
#2960 = EDGE_LOOP('',(#2961,#2969,#2977,#2983));
#2961 = ORIENTED_EDGE('',*,*,#2962,.T.);
#2962 = EDGE_CURVE('',#2515,#2963,#2965,.T.);
#2963 = VERTEX_POINT('',#2964);
#2964 = CARTESIAN_POINT('',(130.75,-50.98431348329,12.99));
#2965 = LINE('',#2966,#2967);
#2966 = CARTESIAN_POINT('',(130.75,-50.98431348329,12.99));
#2967 = VECTOR('',#2968,1.);
#2968 = DIRECTION('',(0.,0.,-1.));
#2969 = ORIENTED_EDGE('',*,*,#2970,.T.);
#2970 = EDGE_CURVE('',#2963,#2971,#2973,.T.);
#2971 = VERTEX_POINT('',#2972);
#2972 = CARTESIAN_POINT('',(130.75,-16.7156865167,12.99));
#2973 = LINE('',#2974,#2975);
#2974 = CARTESIAN_POINT('',(130.75,-46.04641870115,12.99));
#2975 = VECTOR('',#2976,1.);
#2976 = DIRECTION('',(0.,1.,0.));
#2977 = ORIENTED_EDGE('',*,*,#2978,.F.);
#2978 = EDGE_CURVE('',#2517,#2971,#2979,.T.);
#2979 = LINE('',#2980,#2981);
#2980 = CARTESIAN_POINT('',(130.75,-16.7156865167,12.99));
#2981 = VECTOR('',#2982,1.);
#2982 = DIRECTION('',(0.,0.,-1.));
#2983 = ORIENTED_EDGE('',*,*,#2514,.F.);
#2984 = PLANE('',#2985);
#2985 = AXIS2_PLACEMENT_3D('',#2986,#2987,#2988);
#2986 = CARTESIAN_POINT('',(130.75,-53.,11.7));
#2987 = DIRECTION('',(1.,0.,0.));
#2988 = DIRECTION('',(0.,0.,1.));
#2989 = ADVANCED_FACE('',(#2990),#3009,.F.);
#2990 = FACE_BOUND('',#2991,.F.);
#2991 = EDGE_LOOP('',(#2992,#3001,#3007,#3008));
#2992 = ORIENTED_EDGE('',*,*,#2993,.F.);
#2993 = EDGE_CURVE('',#2994,#2963,#2996,.T.);
#2994 = VERTEX_POINT('',#2995);
#2995 = CARTESIAN_POINT('',(132.,-49.,12.99));
#2996 = CIRCLE('',#2997,2.2);
#2997 = AXIS2_PLACEMENT_3D('',#2998,#2999,#3000);
#2998 = CARTESIAN_POINT('',(129.8,-49.,12.99));
#2999 = DIRECTION('',(0.,0.,-1.));
#3000 = DIRECTION('',(1.,3.23E-15,0.));
#3001 = ORIENTED_EDGE('',*,*,#3002,.T.);
#3002 = EDGE_CURVE('',#2994,#2534,#3003,.T.);
#3003 = LINE('',#3004,#3005);
#3004 = CARTESIAN_POINT('',(132.,-49.,12.99));
#3005 = VECTOR('',#3006,1.);
#3006 = DIRECTION('',(0.,0.,1.));
#3007 = ORIENTED_EDGE('',*,*,#2541,.T.);
#3008 = ORIENTED_EDGE('',*,*,#2962,.T.);
#3009 = CYLINDRICAL_SURFACE('',#3010,2.2);
#3010 = AXIS2_PLACEMENT_3D('',#3011,#3012,#3013);
#3011 = CARTESIAN_POINT('',(129.8,-49.,12.99));
#3012 = DIRECTION('',(0.,0.,-1.));
#3013 = DIRECTION('',(1.,3.23E-15,0.));
#3014 = ADVANCED_FACE('',(#3015),#3033,.F.);
#3015 = FACE_BOUND('',#3016,.F.);
#3016 = EDGE_LOOP('',(#3017,#3025,#3026,#3027));
#3017 = ORIENTED_EDGE('',*,*,#3018,.T.);
#3018 = EDGE_CURVE('',#3019,#2525,#3021,.T.);
#3019 = VERTEX_POINT('',#3020);
#3020 = CARTESIAN_POINT('',(132.,-18.7,12.99));
#3021 = LINE('',#3022,#3023);
#3022 = CARTESIAN_POINT('',(132.,-18.7,12.99));
#3023 = VECTOR('',#3024,1.);
#3024 = DIRECTION('',(0.,0.,1.));
#3025 = ORIENTED_EDGE('',*,*,#2533,.T.);
#3026 = ORIENTED_EDGE('',*,*,#3002,.F.);
#3027 = ORIENTED_EDGE('',*,*,#3028,.F.);
#3028 = EDGE_CURVE('',#3019,#2994,#3029,.T.);
#3029 = LINE('',#3030,#3031);
#3030 = CARTESIAN_POINT('',(132.,-18.7,12.99));
#3031 = VECTOR('',#3032,1.);
#3032 = DIRECTION('',(0.,-1.,0.));
#3033 = PLANE('',#3034);
#3034 = AXIS2_PLACEMENT_3D('',#3035,#3036,#3037);
#3035 = CARTESIAN_POINT('',(132.,-18.7,12.99));
#3036 = DIRECTION('',(1.,0.,0.));
#3037 = DIRECTION('',(0.,-1.,0.));
#3038 = ADVANCED_FACE('',(#3039),#3051,.F.);
#3039 = FACE_BOUND('',#3040,.F.);
#3040 = EDGE_LOOP('',(#3041,#3048,#3049,#3050));
#3041 = ORIENTED_EDGE('',*,*,#3042,.F.);
#3042 = EDGE_CURVE('',#2971,#3019,#3043,.T.);
#3043 = CIRCLE('',#3044,2.2);
#3044 = AXIS2_PLACEMENT_3D('',#3045,#3046,#3047);
#3045 = CARTESIAN_POINT('',(129.8,-18.7,12.99));
#3046 = DIRECTION('',(0.,0.,-1.));
#3047 = DIRECTION('',(0.,1.,0.));
#3048 = ORIENTED_EDGE('',*,*,#2978,.F.);
#3049 = ORIENTED_EDGE('',*,*,#2524,.T.);
#3050 = ORIENTED_EDGE('',*,*,#3018,.F.);
#3051 = CYLINDRICAL_SURFACE('',#3052,2.2);
#3052 = AXIS2_PLACEMENT_3D('',#3053,#3054,#3055);
#3053 = CARTESIAN_POINT('',(129.8,-18.7,12.99));
#3054 = DIRECTION('',(0.,0.,-1.));
#3055 = DIRECTION('',(0.,1.,0.));
#3056 = ADVANCED_FACE('',(#3057),#3083,.F.);
#3057 = FACE_BOUND('',#3058,.F.);
#3058 = EDGE_LOOP('',(#3059,#3067,#3068,#3076));
#3059 = ORIENTED_EDGE('',*,*,#3060,.T.);
#3060 = EDGE_CURVE('',#3061,#2551,#3063,.T.);
#3061 = VERTEX_POINT('',#3062);
#3062 = CARTESIAN_POINT('',(121.,-13.6,12.99));
#3063 = LINE('',#3064,#3065);
#3064 = CARTESIAN_POINT('',(121.,-13.6,12.99));
#3065 = VECTOR('',#3066,1.);
#3066 = DIRECTION('',(0.,0.,1.));
#3067 = ORIENTED_EDGE('',*,*,#2550,.T.);
#3068 = ORIENTED_EDGE('',*,*,#3069,.F.);
#3069 = EDGE_CURVE('',#3070,#2553,#3072,.T.);
#3070 = VERTEX_POINT('',#3071);
#3071 = CARTESIAN_POINT('',(121.6,-13.,12.99));
#3072 = LINE('',#3073,#3074);
#3073 = CARTESIAN_POINT('',(121.6,-13.,12.99));
#3074 = VECTOR('',#3075,1.);
#3075 = DIRECTION('',(0.,0.,1.));
#3076 = ORIENTED_EDGE('',*,*,#3077,.F.);
#3077 = EDGE_CURVE('',#3061,#3070,#3078,.T.);
#3078 = CIRCLE('',#3079,0.6);
#3079 = AXIS2_PLACEMENT_3D('',#3080,#3081,#3082);
#3080 = CARTESIAN_POINT('',(121.6,-13.6,12.99));
#3081 = DIRECTION('',(0.,0.,-1.));
#3082 = DIRECTION('',(-1.,8.88E-15,0.));
#3083 = CYLINDRICAL_SURFACE('',#3084,0.6);
#3084 = AXIS2_PLACEMENT_3D('',#3085,#3086,#3087);
#3085 = CARTESIAN_POINT('',(121.6,-13.6,12.99));
#3086 = DIRECTION('',(0.,0.,-1.));
#3087 = DIRECTION('',(-1.,8.88E-15,0.));
#3088 = ADVANCED_FACE('',(#3089),#3107,.F.);
#3089 = FACE_BOUND('',#3090,.F.);
#3090 = EDGE_LOOP('',(#3091,#3099,#3100,#3101));
#3091 = ORIENTED_EDGE('',*,*,#3092,.T.);
#3092 = EDGE_CURVE('',#3093,#2604,#3095,.T.);
#3093 = VERTEX_POINT('',#3094);
#3094 = CARTESIAN_POINT('',(121.,-13.8,12.99));
#3095 = LINE('',#3096,#3097);
#3096 = CARTESIAN_POINT('',(121.,-13.8,12.99));
#3097 = VECTOR('',#3098,1.);
#3098 = DIRECTION('',(0.,0.,1.));
#3099 = ORIENTED_EDGE('',*,*,#2612,.T.);
#3100 = ORIENTED_EDGE('',*,*,#3060,.F.);
#3101 = ORIENTED_EDGE('',*,*,#3102,.F.);
#3102 = EDGE_CURVE('',#3093,#3061,#3103,.T.);
#3103 = LINE('',#3104,#3105);
#3104 = CARTESIAN_POINT('',(121.,-13.8,12.99));
#3105 = VECTOR('',#3106,1.);
#3106 = DIRECTION('',(0.,1.,0.));
#3107 = PLANE('',#3108);
#3108 = AXIS2_PLACEMENT_3D('',#3109,#3110,#3111);
#3109 = CARTESIAN_POINT('',(121.,-13.8,12.99));
#3110 = DIRECTION('',(-1.,0.,0.));
#3111 = DIRECTION('',(0.,1.,0.));
#3112 = ADVANCED_FACE('',(#3113),#3132,.F.);
#3113 = FACE_BOUND('',#3114,.F.);
#3114 = EDGE_LOOP('',(#3115,#3123,#3124,#3125));
#3115 = ORIENTED_EDGE('',*,*,#3116,.T.);
#3116 = EDGE_CURVE('',#3117,#2596,#3119,.T.);
#3117 = VERTEX_POINT('',#3118);
#3118 = CARTESIAN_POINT('',(121.6,-14.4,12.99));
#3119 = LINE('',#3120,#3121);
#3120 = CARTESIAN_POINT('',(121.6,-14.4,12.99));
#3121 = VECTOR('',#3122,1.);
#3122 = DIRECTION('',(0.,0.,1.));
#3123 = ORIENTED_EDGE('',*,*,#2603,.T.);
#3124 = ORIENTED_EDGE('',*,*,#3092,.F.);
#3125 = ORIENTED_EDGE('',*,*,#3126,.F.);
#3126 = EDGE_CURVE('',#3117,#3093,#3127,.T.);
#3127 = CIRCLE('',#3128,0.6);
#3128 = AXIS2_PLACEMENT_3D('',#3129,#3130,#3131);
#3129 = CARTESIAN_POINT('',(121.6,-13.8,12.99));
#3130 = DIRECTION('',(0.,0.,-1.));
#3131 = DIRECTION('',(-2.368E-14,-1.,-0.));
#3132 = CYLINDRICAL_SURFACE('',#3133,0.6);
#3133 = AXIS2_PLACEMENT_3D('',#3134,#3135,#3136);
#3134 = CARTESIAN_POINT('',(121.6,-13.8,12.99));
#3135 = DIRECTION('',(0.,0.,-1.));
#3136 = DIRECTION('',(-2.368E-14,-1.,-0.));
#3137 = ADVANCED_FACE('',(#3138),#3156,.F.);
#3138 = FACE_BOUND('',#3139,.F.);
#3139 = EDGE_LOOP('',(#3140,#3148,#3149,#3150));
#3140 = ORIENTED_EDGE('',*,*,#3141,.T.);
#3141 = EDGE_CURVE('',#3142,#2587,#3144,.T.);
#3142 = VERTEX_POINT('',#3143);
#3143 = CARTESIAN_POINT('',(124.4,-14.4,12.99));
#3144 = LINE('',#3145,#3146);
#3145 = CARTESIAN_POINT('',(124.4,-14.4,12.99));
#3146 = VECTOR('',#3147,1.);
#3147 = DIRECTION('',(0.,0.,1.));
#3148 = ORIENTED_EDGE('',*,*,#2595,.T.);
#3149 = ORIENTED_EDGE('',*,*,#3116,.F.);
#3150 = ORIENTED_EDGE('',*,*,#3151,.F.);
#3151 = EDGE_CURVE('',#3142,#3117,#3152,.T.);
#3152 = LINE('',#3153,#3154);
#3153 = CARTESIAN_POINT('',(124.4,-14.4,12.99));
#3154 = VECTOR('',#3155,1.);
#3155 = DIRECTION('',(-1.,0.,0.));
#3156 = PLANE('',#3157);
#3157 = AXIS2_PLACEMENT_3D('',#3158,#3159,#3160);
#3158 = CARTESIAN_POINT('',(124.4,-14.4,12.99));
#3159 = DIRECTION('',(0.,-1.,0.));
#3160 = DIRECTION('',(-1.,0.,0.));
#3161 = ADVANCED_FACE('',(#3162),#3181,.F.);
#3162 = FACE_BOUND('',#3163,.F.);
#3163 = EDGE_LOOP('',(#3164,#3172,#3173,#3174));
#3164 = ORIENTED_EDGE('',*,*,#3165,.T.);
#3165 = EDGE_CURVE('',#3166,#2579,#3168,.T.);
#3166 = VERTEX_POINT('',#3167);
#3167 = CARTESIAN_POINT('',(125.,-13.8,12.99));
#3168 = LINE('',#3169,#3170);
#3169 = CARTESIAN_POINT('',(125.,-13.8,12.99));
#3170 = VECTOR('',#3171,1.);
#3171 = DIRECTION('',(0.,0.,1.));
#3172 = ORIENTED_EDGE('',*,*,#2586,.T.);
#3173 = ORIENTED_EDGE('',*,*,#3141,.F.);
#3174 = ORIENTED_EDGE('',*,*,#3175,.F.);
#3175 = EDGE_CURVE('',#3166,#3142,#3176,.T.);
#3176 = CIRCLE('',#3177,0.6);
#3177 = AXIS2_PLACEMENT_3D('',#3178,#3179,#3180);
#3178 = CARTESIAN_POINT('',(124.4,-13.8,12.99));
#3179 = DIRECTION('',(0.,0.,-1.));
#3180 = DIRECTION('',(1.,-8.88E-15,0.));
#3181 = CYLINDRICAL_SURFACE('',#3182,0.6);
#3182 = AXIS2_PLACEMENT_3D('',#3183,#3184,#3185);
#3183 = CARTESIAN_POINT('',(124.4,-13.8,12.99));
#3184 = DIRECTION('',(0.,0.,-1.));
#3185 = DIRECTION('',(1.,-8.88E-15,0.));
#3186 = ADVANCED_FACE('',(#3187),#3205,.F.);
#3187 = FACE_BOUND('',#3188,.F.);
#3188 = EDGE_LOOP('',(#3189,#3197,#3198,#3199));
#3189 = ORIENTED_EDGE('',*,*,#3190,.T.);
#3190 = EDGE_CURVE('',#3191,#2570,#3193,.T.);
#3191 = VERTEX_POINT('',#3192);
#3192 = CARTESIAN_POINT('',(125.,-13.6,12.99));
#3193 = LINE('',#3194,#3195);
#3194 = CARTESIAN_POINT('',(125.,-13.6,12.99));
#3195 = VECTOR('',#3196,1.);
#3196 = DIRECTION('',(0.,0.,1.));
#3197 = ORIENTED_EDGE('',*,*,#2578,.T.);
#3198 = ORIENTED_EDGE('',*,*,#3165,.F.);
#3199 = ORIENTED_EDGE('',*,*,#3200,.F.);
#3200 = EDGE_CURVE('',#3191,#3166,#3201,.T.);
#3201 = LINE('',#3202,#3203);
#3202 = CARTESIAN_POINT('',(125.,-13.6,12.99));
#3203 = VECTOR('',#3204,1.);
#3204 = DIRECTION('',(0.,-1.,0.));
#3205 = PLANE('',#3206);
#3206 = AXIS2_PLACEMENT_3D('',#3207,#3208,#3209);
#3207 = CARTESIAN_POINT('',(125.,-13.6,12.99));
#3208 = DIRECTION('',(1.,0.,0.));
#3209 = DIRECTION('',(0.,-1.,0.));
#3210 = ADVANCED_FACE('',(#3211),#3230,.F.);
#3211 = FACE_BOUND('',#3212,.F.);
#3212 = EDGE_LOOP('',(#3213,#3221,#3222,#3223));
#3213 = ORIENTED_EDGE('',*,*,#3214,.T.);
#3214 = EDGE_CURVE('',#3215,#2562,#3217,.T.);
#3215 = VERTEX_POINT('',#3216);
#3216 = CARTESIAN_POINT('',(124.4,-13.,12.99));
#3217 = LINE('',#3218,#3219);
#3218 = CARTESIAN_POINT('',(124.4,-13.,12.99));
#3219 = VECTOR('',#3220,1.);
#3220 = DIRECTION('',(0.,0.,1.));
#3221 = ORIENTED_EDGE('',*,*,#2569,.T.);
#3222 = ORIENTED_EDGE('',*,*,#3190,.F.);
#3223 = ORIENTED_EDGE('',*,*,#3224,.F.);
#3224 = EDGE_CURVE('',#3215,#3191,#3225,.T.);
#3225 = CIRCLE('',#3226,0.6);
#3226 = AXIS2_PLACEMENT_3D('',#3227,#3228,#3229);
#3227 = CARTESIAN_POINT('',(124.4,-13.6,12.99));
#3228 = DIRECTION('',(0.,0.,-1.));
#3229 = DIRECTION('',(2.368E-14,1.,0.));
#3230 = CYLINDRICAL_SURFACE('',#3231,0.6);
#3231 = AXIS2_PLACEMENT_3D('',#3232,#3233,#3234);
#3232 = CARTESIAN_POINT('',(124.4,-13.6,12.99));
#3233 = DIRECTION('',(0.,0.,-1.));
#3234 = DIRECTION('',(2.368E-14,1.,0.));
#3235 = ADVANCED_FACE('',(#3236),#3247,.F.);
#3236 = FACE_BOUND('',#3237,.F.);
#3237 = EDGE_LOOP('',(#3238,#3239,#3240,#3241));
#3238 = ORIENTED_EDGE('',*,*,#3069,.T.);
#3239 = ORIENTED_EDGE('',*,*,#2561,.T.);
#3240 = ORIENTED_EDGE('',*,*,#3214,.F.);
#3241 = ORIENTED_EDGE('',*,*,#3242,.F.);
#3242 = EDGE_CURVE('',#3070,#3215,#3243,.T.);
#3243 = LINE('',#3244,#3245);
#3244 = CARTESIAN_POINT('',(121.6,-13.,12.99));
#3245 = VECTOR('',#3246,1.);
#3246 = DIRECTION('',(1.,0.,0.));
#3247 = PLANE('',#3248);
#3248 = AXIS2_PLACEMENT_3D('',#3249,#3250,#3251);
#3249 = CARTESIAN_POINT('',(121.6,-13.,12.99));
#3250 = DIRECTION('',(0.,1.,0.));
#3251 = DIRECTION('',(1.,0.,0.));
#3252 = ADVANCED_FACE('',(#3253),#3256,.F.);
#3253 = FACE_BOUND('',#3254,.T.);
#3254 = EDGE_LOOP('',(#3255));
#3255 = ORIENTED_EDGE('',*,*,#2653,.F.);
#3256 = PLANE('',#3257);
#3257 = AXIS2_PLACEMENT_3D('',#3258,#3259,#3260);
#3258 = CARTESIAN_POINT('',(133.,-52.8,6.8));
#3259 = DIRECTION('',(0.,0.,1.));
#3260 = DIRECTION('',(1.,0.,0.));
#3261 = ADVANCED_FACE('',(#3262,#3267),#3278,.T.);
#3262 = FACE_BOUND('',#3263,.T.);
#3263 = EDGE_LOOP('',(#3264,#3265,#3266));
#3264 = ORIENTED_EDGE('',*,*,#2849,.T.);
#3265 = ORIENTED_EDGE('',*,*,#2840,.T.);
#3266 = ORIENTED_EDGE('',*,*,#2813,.T.);
#3267 = FACE_BOUND('',#3268,.T.);
#3268 = EDGE_LOOP('',(#3269));
#3269 = ORIENTED_EDGE('',*,*,#3270,.F.);
#3270 = EDGE_CURVE('',#3271,#3271,#3273,.T.);
#3271 = VERTEX_POINT('',#3272);
#3272 = CARTESIAN_POINT('',(127.1,-58.6,12.99));
#3273 = CIRCLE('',#3274,4.1);
#3274 = AXIS2_PLACEMENT_3D('',#3275,#3276,#3277);
#3275 = CARTESIAN_POINT('',(123.,-58.6,12.99));
#3276 = DIRECTION('',(0.,0.,1.));
#3277 = DIRECTION('',(1.,0.,0.));
#3278 = PLANE('',#3279);
#3279 = AXIS2_PLACEMENT_3D('',#3280,#3281,#3282);
#3280 = CARTESIAN_POINT('',(123.,-58.6,12.99));
#3281 = DIRECTION('',(0.,0.,1.));
#3282 = DIRECTION('',(1.,0.,0.));
#3283 = ADVANCED_FACE('',(#3284),#3290,.T.);
#3284 = FACE_BOUND('',#3285,.T.);
#3285 = EDGE_LOOP('',(#3286,#3287,#3288,#3289));
#3286 = ORIENTED_EDGE('',*,*,#2921,.T.);
#3287 = ORIENTED_EDGE('',*,*,#2944,.F.);
#3288 = ORIENTED_EDGE('',*,*,#2881,.F.);
#3289 = ORIENTED_EDGE('',*,*,#2895,.F.);
#3290 = PLANE('',#3291);
#3291 = AXIS2_PLACEMENT_3D('',#3292,#3293,#3294);
#3292 = CARTESIAN_POINT('',(122.8,-33.85,12.99));
#3293 = DIRECTION('',(0.,0.,1.));
#3294 = DIRECTION('',(1.,0.,0.));
#3295 = ADVANCED_FACE('',(#3296),#3302,.T.);
#3296 = FACE_BOUND('',#3297,.T.);
#3297 = EDGE_LOOP('',(#3298,#3299,#3300,#3301));
#3298 = ORIENTED_EDGE('',*,*,#3042,.F.);
#3299 = ORIENTED_EDGE('',*,*,#2970,.F.);
#3300 = ORIENTED_EDGE('',*,*,#2993,.F.);
#3301 = ORIENTED_EDGE('',*,*,#3028,.F.);
#3302 = PLANE('',#3303);
#3303 = AXIS2_PLACEMENT_3D('',#3304,#3305,#3306);
#3304 = CARTESIAN_POINT('',(122.8,-33.85,12.99));
#3305 = DIRECTION('',(0.,0.,1.));
#3306 = DIRECTION('',(1.,0.,0.));
#3307 = ADVANCED_FACE('',(#3308),#3318,.T.);
#3308 = FACE_BOUND('',#3309,.F.);
#3309 = EDGE_LOOP('',(#3310,#3311,#3312,#3313,#3314,#3315,#3316,#3317));
#3310 = ORIENTED_EDGE('',*,*,#3242,.T.);
#3311 = ORIENTED_EDGE('',*,*,#3224,.T.);
#3312 = ORIENTED_EDGE('',*,*,#3200,.T.);
#3313 = ORIENTED_EDGE('',*,*,#3175,.T.);
#3314 = ORIENTED_EDGE('',*,*,#3151,.T.);
#3315 = ORIENTED_EDGE('',*,*,#3126,.T.);
#3316 = ORIENTED_EDGE('',*,*,#3102,.T.);
#3317 = ORIENTED_EDGE('',*,*,#3077,.T.);
#3318 = PLANE('',#3319);
#3319 = AXIS2_PLACEMENT_3D('',#3320,#3321,#3322);
#3320 = CARTESIAN_POINT('',(123.,-13.7,12.99));
#3321 = DIRECTION('',(0.,0.,1.));
#3322 = DIRECTION('',(1.,0.,0.));
#3323 = ADVANCED_FACE('',(#3324),#3343,.T.);
#3324 = FACE_BOUND('',#3325,.F.);
#3325 = EDGE_LOOP('',(#3326,#3334,#3341,#3342));
#3326 = ORIENTED_EDGE('',*,*,#3327,.T.);
#3327 = EDGE_CURVE('',#3271,#3328,#3330,.T.);
#3328 = VERTEX_POINT('',#3329);
#3329 = CARTESIAN_POINT('',(127.1,-58.6,13.39));
#3330 = LINE('',#3331,#3332);
#3331 = CARTESIAN_POINT('',(127.1,-58.6,12.99));
#3332 = VECTOR('',#3333,1.);
#3333 = DIRECTION('',(0.,0.,1.));
#3334 = ORIENTED_EDGE('',*,*,#3335,.T.);
#3335 = EDGE_CURVE('',#3328,#3328,#3336,.T.);
#3336 = CIRCLE('',#3337,4.1);
#3337 = AXIS2_PLACEMENT_3D('',#3338,#3339,#3340);
#3338 = CARTESIAN_POINT('',(123.,-58.6,13.39));
#3339 = DIRECTION('',(0.,0.,1.));
#3340 = DIRECTION('',(1.,0.,0.));
#3341 = ORIENTED_EDGE('',*,*,#3327,.F.);
#3342 = ORIENTED_EDGE('',*,*,#3270,.F.);
#3343 = CYLINDRICAL_SURFACE('',#3344,4.1);
#3344 = AXIS2_PLACEMENT_3D('',#3345,#3346,#3347);
#3345 = CARTESIAN_POINT('',(123.,-58.6,12.99));
#3346 = DIRECTION('',(-0.,-0.,-1.));
#3347 = DIRECTION('',(1.,0.,0.));
#3348 = ADVANCED_FACE('',(#3349,#3352),#3363,.T.);
#3349 = FACE_BOUND('',#3350,.T.);
#3350 = EDGE_LOOP('',(#3351));
#3351 = ORIENTED_EDGE('',*,*,#3335,.T.);
#3352 = FACE_BOUND('',#3353,.T.);
#3353 = EDGE_LOOP('',(#3354));
#3354 = ORIENTED_EDGE('',*,*,#3355,.F.);
#3355 = EDGE_CURVE('',#3356,#3356,#3358,.T.);
#3356 = VERTEX_POINT('',#3357);
#3357 = CARTESIAN_POINT('',(125.2,-58.6,13.39));
#3358 = CIRCLE('',#3359,2.2);
#3359 = AXIS2_PLACEMENT_3D('',#3360,#3361,#3362);
#3360 = CARTESIAN_POINT('',(123.,-58.6,13.39));
#3361 = DIRECTION('',(0.,0.,1.));
#3362 = DIRECTION('',(1.,0.,0.));
#3363 = PLANE('',#3364);
#3364 = AXIS2_PLACEMENT_3D('',#3365,#3366,#3367);
#3365 = CARTESIAN_POINT('',(122.95668743016,-39.09787768044,13.39));
#3366 = DIRECTION('',(0.,0.,1.));
#3367 = DIRECTION('',(1.,0.,0.));
#3368 = ADVANCED_FACE('',(#3369),#3388,.F.);
#3369 = FACE_BOUND('',#3370,.T.);
#3370 = EDGE_LOOP('',(#3371,#3379,#3380,#3381));
#3371 = ORIENTED_EDGE('',*,*,#3372,.T.);
#3372 = EDGE_CURVE('',#3373,#3356,#3375,.T.);
#3373 = VERTEX_POINT('',#3374);
#3374 = CARTESIAN_POINT('',(125.2,-58.6,12.99));
#3375 = LINE('',#3376,#3377);
#3376 = CARTESIAN_POINT('',(125.2,-58.6,12.99));
#3377 = VECTOR('',#3378,1.);
#3378 = DIRECTION('',(0.,0.,1.));
#3379 = ORIENTED_EDGE('',*,*,#3355,.T.);
#3380 = ORIENTED_EDGE('',*,*,#3372,.F.);
#3381 = ORIENTED_EDGE('',*,*,#3382,.F.);
#3382 = EDGE_CURVE('',#3373,#3373,#3383,.T.);
#3383 = CIRCLE('',#3384,2.2);
#3384 = AXIS2_PLACEMENT_3D('',#3385,#3386,#3387);
#3385 = CARTESIAN_POINT('',(123.,-58.6,12.99));
#3386 = DIRECTION('',(0.,0.,1.));
#3387 = DIRECTION('',(1.,0.,0.));
#3388 = CYLINDRICAL_SURFACE('',#3389,2.2);
#3389 = AXIS2_PLACEMENT_3D('',#3390,#3391,#3392);
#3390 = CARTESIAN_POINT('',(123.,-58.6,12.99));
#3391 = DIRECTION('',(-0.,-0.,-1.));
#3392 = DIRECTION('',(1.,0.,0.));
#3393 = ADVANCED_FACE('',(#3394),#3397,.T.);
#3394 = FACE_BOUND('',#3395,.F.);
#3395 = EDGE_LOOP('',(#3396));
#3396 = ORIENTED_EDGE('',*,*,#3382,.F.);
#3397 = PLANE('',#3398);
#3398 = AXIS2_PLACEMENT_3D('',#3399,#3400,#3401);
#3399 = CARTESIAN_POINT('',(123.,-58.6,12.99));
#3400 = DIRECTION('',(0.,0.,1.));
#3401 = DIRECTION('',(1.,0.,0.));
#3402 = ORIENTED_CLOSED_SHELL('',*,#3403,.F.);
#3403 = CLOSED_SHELL('',(#3404,#3437,#3446));
#3404 = ADVANCED_FACE('',(#3405),#3432,.T.);
#3405 = FACE_BOUND('',#3406,.F.);
#3406 = EDGE_LOOP('',(#3407,#3417,#3424,#3425));
#3407 = ORIENTED_EDGE('',*,*,#3408,.T.);
#3408 = EDGE_CURVE('',#3409,#3411,#3413,.T.);
#3409 = VERTEX_POINT('',#3410);
#3410 = CARTESIAN_POINT('',(123.9,-64.7,7.));
#3411 = VERTEX_POINT('',#3412);
#3412 = CARTESIAN_POINT('',(123.9,-64.7,11.2));
#3413 = LINE('',#3414,#3415);
#3414 = CARTESIAN_POINT('',(123.9,-64.7,7.));
#3415 = VECTOR('',#3416,1.);
#3416 = DIRECTION('',(0.,0.,1.));
#3417 = ORIENTED_EDGE('',*,*,#3418,.T.);
#3418 = EDGE_CURVE('',#3411,#3411,#3419,.T.);
#3419 = CIRCLE('',#3420,1.1);
#3420 = AXIS2_PLACEMENT_3D('',#3421,#3422,#3423);
#3421 = CARTESIAN_POINT('',(122.8,-64.7,11.2));
#3422 = DIRECTION('',(0.,0.,1.));
#3423 = DIRECTION('',(1.,0.,0.));
#3424 = ORIENTED_EDGE('',*,*,#3408,.F.);
#3425 = ORIENTED_EDGE('',*,*,#3426,.F.);
#3426 = EDGE_CURVE('',#3409,#3409,#3427,.T.);
#3427 = CIRCLE('',#3428,1.1);
#3428 = AXIS2_PLACEMENT_3D('',#3429,#3430,#3431);
#3429 = CARTESIAN_POINT('',(122.8,-64.7,7.));
#3430 = DIRECTION('',(0.,0.,1.));
#3431 = DIRECTION('',(1.,0.,0.));
#3432 = CYLINDRICAL_SURFACE('',#3433,1.1);
#3433 = AXIS2_PLACEMENT_3D('',#3434,#3435,#3436);
#3434 = CARTESIAN_POINT('',(122.8,-64.7,7.));
#3435 = DIRECTION('',(-0.,-0.,-1.));
#3436 = DIRECTION('',(1.,0.,0.));
#3437 = ADVANCED_FACE('',(#3438),#3441,.F.);
#3438 = FACE_BOUND('',#3439,.T.);
#3439 = EDGE_LOOP('',(#3440));
#3440 = ORIENTED_EDGE('',*,*,#3426,.F.);
#3441 = PLANE('',#3442);
#3442 = AXIS2_PLACEMENT_3D('',#3443,#3444,#3445);
#3443 = CARTESIAN_POINT('',(122.8,-64.7,7.));
#3444 = DIRECTION('',(0.,0.,1.));
#3445 = DIRECTION('',(1.,0.,0.));
#3446 = ADVANCED_FACE('',(#3447),#3450,.T.);
#3447 = FACE_BOUND('',#3448,.F.);
#3448 = EDGE_LOOP('',(#3449));
#3449 = ORIENTED_EDGE('',*,*,#3418,.F.);
#3450 = PLANE('',#3451);
#3451 = AXIS2_PLACEMENT_3D('',#3452,#3453,#3454);
#3452 = CARTESIAN_POINT('',(122.8,-64.7,11.2));
#3453 = DIRECTION('',(0.,0.,1.));
#3454 = DIRECTION('',(1.,0.,0.));
#3455 = ORIENTED_CLOSED_SHELL('',*,#3456,.F.);
#3456 = CLOSED_SHELL('',(#3457,#3490,#3499));
#3457 = ADVANCED_FACE('',(#3458),#3485,.T.);
#3458 = FACE_BOUND('',#3459,.F.);
#3459 = EDGE_LOOP('',(#3460,#3470,#3477,#3478));
#3460 = ORIENTED_EDGE('',*,*,#3461,.T.);
#3461 = EDGE_CURVE('',#3462,#3464,#3466,.T.);
#3462 = VERTEX_POINT('',#3463);
#3463 = CARTESIAN_POINT('',(114.1,-52.8,7.));
#3464 = VERTEX_POINT('',#3465);
#3465 = CARTESIAN_POINT('',(114.1,-52.8,11.2));
#3466 = LINE('',#3467,#3468);
#3467 = CARTESIAN_POINT('',(114.1,-52.8,7.));
#3468 = VECTOR('',#3469,1.);
#3469 = DIRECTION('',(0.,0.,1.));
#3470 = ORIENTED_EDGE('',*,*,#3471,.T.);
#3471 = EDGE_CURVE('',#3464,#3464,#3472,.T.);
#3472 = CIRCLE('',#3473,1.1);
#3473 = AXIS2_PLACEMENT_3D('',#3474,#3475,#3476);
#3474 = CARTESIAN_POINT('',(113.,-52.8,11.2));
#3475 = DIRECTION('',(0.,0.,1.));
#3476 = DIRECTION('',(1.,0.,0.));
#3477 = ORIENTED_EDGE('',*,*,#3461,.F.);
#3478 = ORIENTED_EDGE('',*,*,#3479,.F.);
#3479 = EDGE_CURVE('',#3462,#3462,#3480,.T.);
#3480 = CIRCLE('',#3481,1.1);
#3481 = AXIS2_PLACEMENT_3D('',#3482,#3483,#3484);
#3482 = CARTESIAN_POINT('',(113.,-52.8,7.));
#3483 = DIRECTION('',(0.,0.,1.));
#3484 = DIRECTION('',(1.,0.,0.));
#3485 = CYLINDRICAL_SURFACE('',#3486,1.1);
#3486 = AXIS2_PLACEMENT_3D('',#3487,#3488,#3489);
#3487 = CARTESIAN_POINT('',(113.,-52.8,7.));
#3488 = DIRECTION('',(-0.,-0.,-1.));
#3489 = DIRECTION('',(1.,0.,0.));
#3490 = ADVANCED_FACE('',(#3491),#3494,.F.);
#3491 = FACE_BOUND('',#3492,.T.);
#3492 = EDGE_LOOP('',(#3493));
#3493 = ORIENTED_EDGE('',*,*,#3479,.F.);
#3494 = PLANE('',#3495);
#3495 = AXIS2_PLACEMENT_3D('',#3496,#3497,#3498);
#3496 = CARTESIAN_POINT('',(113.,-52.8,7.));
#3497 = DIRECTION('',(0.,0.,1.));
#3498 = DIRECTION('',(1.,0.,0.));
#3499 = ADVANCED_FACE('',(#3500),#3503,.T.);
#3500 = FACE_BOUND('',#3501,.F.);
#3501 = EDGE_LOOP('',(#3502));
#3502 = ORIENTED_EDGE('',*,*,#3471,.F.);
#3503 = PLANE('',#3504);
#3504 = AXIS2_PLACEMENT_3D('',#3505,#3506,#3507);
#3505 = CARTESIAN_POINT('',(113.,-52.8,11.2));
#3506 = DIRECTION('',(0.,0.,1.));
#3507 = DIRECTION('',(1.,0.,0.));
#3508 = ORIENTED_CLOSED_SHELL('',*,#3509,.F.);
#3509 = CLOSED_SHELL('',(#3510,#3543,#3552));
#3510 = ADVANCED_FACE('',(#3511),#3538,.T.);
#3511 = FACE_BOUND('',#3512,.F.);
#3512 = EDGE_LOOP('',(#3513,#3523,#3530,#3531));
#3513 = ORIENTED_EDGE('',*,*,#3514,.T.);
#3514 = EDGE_CURVE('',#3515,#3517,#3519,.T.);
#3515 = VERTEX_POINT('',#3516);
#3516 = CARTESIAN_POINT('',(134.1,-52.8,7.));
#3517 = VERTEX_POINT('',#3518);
#3518 = CARTESIAN_POINT('',(134.1,-52.8,11.2));
#3519 = LINE('',#3520,#3521);
#3520 = CARTESIAN_POINT('',(134.1,-52.8,7.));
#3521 = VECTOR('',#3522,1.);
#3522 = DIRECTION('',(0.,0.,1.));
#3523 = ORIENTED_EDGE('',*,*,#3524,.T.);
#3524 = EDGE_CURVE('',#3517,#3517,#3525,.T.);
#3525 = CIRCLE('',#3526,1.1);
#3526 = AXIS2_PLACEMENT_3D('',#3527,#3528,#3529);
#3527 = CARTESIAN_POINT('',(133.,-52.8,11.2));
#3528 = DIRECTION('',(0.,0.,1.));
#3529 = DIRECTION('',(1.,0.,0.));
#3530 = ORIENTED_EDGE('',*,*,#3514,.F.);
#3531 = ORIENTED_EDGE('',*,*,#3532,.F.);
#3532 = EDGE_CURVE('',#3515,#3515,#3533,.T.);
#3533 = CIRCLE('',#3534,1.1);
#3534 = AXIS2_PLACEMENT_3D('',#3535,#3536,#3537);
#3535 = CARTESIAN_POINT('',(133.,-52.8,7.));
#3536 = DIRECTION('',(0.,0.,1.));
#3537 = DIRECTION('',(1.,0.,0.));
#3538 = CYLINDRICAL_SURFACE('',#3539,1.1);
#3539 = AXIS2_PLACEMENT_3D('',#3540,#3541,#3542);
#3540 = CARTESIAN_POINT('',(133.,-52.8,7.));
#3541 = DIRECTION('',(-0.,-0.,-1.));
#3542 = DIRECTION('',(1.,0.,0.));
#3543 = ADVANCED_FACE('',(#3544),#3547,.F.);
#3544 = FACE_BOUND('',#3545,.T.);
#3545 = EDGE_LOOP('',(#3546));
#3546 = ORIENTED_EDGE('',*,*,#3532,.F.);
#3547 = PLANE('',#3548);
#3548 = AXIS2_PLACEMENT_3D('',#3549,#3550,#3551);
#3549 = CARTESIAN_POINT('',(133.,-52.8,7.));
#3550 = DIRECTION('',(0.,0.,1.));
#3551 = DIRECTION('',(1.,0.,0.));
#3552 = ADVANCED_FACE('',(#3553),#3556,.T.);
#3553 = FACE_BOUND('',#3554,.F.);
#3554 = EDGE_LOOP('',(#3555));
#3555 = ORIENTED_EDGE('',*,*,#3524,.F.);
#3556 = PLANE('',#3557);
#3557 = AXIS2_PLACEMENT_3D('',#3558,#3559,#3560);
#3558 = CARTESIAN_POINT('',(133.,-52.8,11.2));
#3559 = DIRECTION('',(0.,0.,1.));
#3560 = DIRECTION('',(1.,0.,0.));
#3561 = ( GEOMETRIC_REPRESENTATION_CONTEXT(3) 
GLOBAL_UNCERTAINTY_ASSIGNED_CONTEXT((#3565)) 
GLOBAL_UNIT_ASSIGNED_CONTEXT((#3562,#3563,#3564)) REPRESENTATION_CONTEXT
('Context #1','3D Context with UNIT and UNCERTAINTY') );
#3562 = ( LENGTH_UNIT() NAMED_UNIT(*) SI_UNIT(.MILLI.,.METRE.) );
#3563 = ( NAMED_UNIT(*) PLANE_ANGLE_UNIT() SI_UNIT($,.RADIAN.) );
#3564 = ( NAMED_UNIT(*) SI_UNIT($,.STERADIAN.) SOLID_ANGLE_UNIT() );
#3565 = UNCERTAINTY_MEASURE_WITH_UNIT(LENGTH_MEASURE(2.E-05),#3562,
  'distance_accuracy_value','confusion accuracy');
#3566 = PRODUCT_RELATED_PRODUCT_CATEGORY('part',$,(#7));
ENDSEC;
END-ISO-10303-21;
