ISO-10303-21;
HEADER;
FILE_DESCRIPTION(('FreeCAD Model'),'2;1');
FILE_NAME('Open CASCADE Shape Model','2026-09-27T17:07:23',('FreeCAD'),(
    'FreeCAD'),'Open CASCADE STEP processor 7.8','FreeCAD','Unknown');
FILE_SCHEMA(('AUTOMOTIVE_DESIGN { 1 0 10303 214 1 1 1 1 }'));
ENDSEC;
DATA;
#1 = APPLICATION_PROTOCOL_DEFINITION('international standard',
  'automotive_design',2000,#2);
#2 = APPLICATION_CONTEXT(
  'core data for automotive mechanical design processes');
#3 = SHAPE_DEFINITION_REPRESENTATION(#4,#10);
#4 = PRODUCT_DEFINITION_SHAPE('','',#5);
#5 = PRODUCT_DEFINITION('design','',#6,#9);
#6 = PRODUCT_DEFINITION_FORMATION('','',#7);
#7 = PRODUCT('Open CASCADE STEP translator 7.8 5',
  'Open CASCADE STEP translator 7.8 5','',(#8));
#8 = PRODUCT_CONTEXT('',#2,'mechanical');
#9 = PRODUCT_DEFINITION_CONTEXT('part definition',#2,'design');
#10 = ADVANCED_BREP_SHAPE_REPRESENTATION('',(#11,#15),#5612);
#11 = AXIS2_PLACEMENT_3D('',#12,#13,#14);
#12 = CARTESIAN_POINT('',(0.,0.,0.));
#13 = DIRECTION('',(0.,0.,1.));
#14 = DIRECTION('',(1.,0.,-0.));
#15 = MANIFOLD_SOLID_BREP('',#16);
#16 = CLOSED_SHELL('',(#17,#59,#90,#121,#1492,#2829,#2846,#2863,#2880,
    #2897,#2914,#2931,#2948,#2965,#2982,#2999,#3016,#3033,#3050,#3067,
    #3084,#3101,#3118,#3135,#3152,#3169,#3186,#3203,#3220,#3237,#3254,
    #3271,#3288,#3305,#3322,#3339,#3356,#3373,#3390,#3407,#3424,#3441,
    #3458,#3475,#3492,#3509,#3526,#3543,#3560,#3577,#3594,#3611,#3628,
    #3645,#3662,#3679,#3696,#3713,#3730,#3747,#3810,#3828,#3846,#3863,
    #3880,#3897,#3914,#3931,#3948,#3965,#3982,#3999,#4016,#4033,#4050,
    #4067,#4084,#4101,#4118,#4135,#4152,#4169,#4186,#4203,#4220,#4237,
    #4254,#4271,#4288,#4305,#4317,#4339,#4356,#4373,#4385,#4407,#4424,
    #4441,#4453,#4475,#4492,#4509,#4521,#4543,#4560,#4577,#4589,#4611,
    #4628,#4645,#4657,#4674,#4696,#4713,#4730,#4742,#4764,#4781,#4798,
    #4810,#4832,#4849,#4866,#4878,#4895,#4917,#4934,#4951,#4963,#4985,
    #5002,#5019,#5031,#5053,#5070,#5087,#5099,#5121,#5138,#5155,#5167,
    #5189,#5206,#5223,#5235,#5252,#5274,#5291,#5308,#5320,#5342,#5359,
    #5376,#5388,#5410,#5427,#5444,#5456,#5478,#5495,#5512,#5524,#5546,
    #5563,#5580,#5592,#5602));
#17 = ADVANCED_FACE('',(#18),#54,.T.);
#18 = FACE_BOUND('',#19,.T.);
#19 = EDGE_LOOP('',(#20,#30,#39,#47));
#20 = ORIENTED_EDGE('',*,*,#21,.T.);
#21 = EDGE_CURVE('',#22,#24,#26,.T.);
#22 = VERTEX_POINT('',#23);
#23 = CARTESIAN_POINT('',(18.25,-19.65,6.3));
#24 = VERTEX_POINT('',#25);
#25 = CARTESIAN_POINT('',(18.25,-19.65,7.6));
#26 = LINE('',#27,#28);
#27 = CARTESIAN_POINT('',(18.25,-19.65,6.3));
#28 = VECTOR('',#29,1.);
#29 = DIRECTION('',(0.,0.,1.));
#30 = ORIENTED_EDGE('',*,*,#31,.T.);
#31 = EDGE_CURVE('',#24,#32,#34,.T.);
#32 = VERTEX_POINT('',#33);
#33 = CARTESIAN_POINT('',(20.65,-17.25,7.6));
#34 = CIRCLE('',#35,2.4);
#35 = AXIS2_PLACEMENT_3D('',#36,#37,#38);
#36 = CARTESIAN_POINT('',(20.65,-19.65,7.6));
#37 = DIRECTION('',(0.,0.,-1.));
#38 = DIRECTION('',(-1.,0.,0.));
#39 = ORIENTED_EDGE('',*,*,#40,.F.);
#40 = EDGE_CURVE('',#41,#32,#43,.T.);
#41 = VERTEX_POINT('',#42);
#42 = CARTESIAN_POINT('',(20.65,-17.25,6.3));
#43 = LINE('',#44,#45);
#44 = CARTESIAN_POINT('',(20.65,-17.25,6.3));
#45 = VECTOR('',#46,1.);
#46 = DIRECTION('',(0.,0.,1.));
#47 = ORIENTED_EDGE('',*,*,#48,.F.);
#48 = EDGE_CURVE('',#22,#41,#49,.T.);
#49 = CIRCLE('',#50,2.4);
#50 = AXIS2_PLACEMENT_3D('',#51,#52,#53);
#51 = CARTESIAN_POINT('',(20.65,-19.65,6.3));
#52 = DIRECTION('',(0.,0.,-1.));
#53 = DIRECTION('',(-1.,0.,0.));
#54 = CYLINDRICAL_SURFACE('',#55,2.4);
#55 = AXIS2_PLACEMENT_3D('',#56,#57,#58);
#56 = CARTESIAN_POINT('',(20.65,-19.65,6.3));
#57 = DIRECTION('',(0.,0.,-1.));
#58 = DIRECTION('',(-1.,0.,0.));
#59 = ADVANCED_FACE('',(#60),#85,.T.);
#60 = FACE_BOUND('',#61,.T.);
#61 = EDGE_LOOP('',(#62,#72,#78,#79));
#62 = ORIENTED_EDGE('',*,*,#63,.T.);
#63 = EDGE_CURVE('',#64,#66,#68,.T.);
#64 = VERTEX_POINT('',#65);
#65 = CARTESIAN_POINT('',(18.25,-72.35,6.3));
#66 = VERTEX_POINT('',#67);
#67 = CARTESIAN_POINT('',(18.25,-72.35,7.6));
#68 = LINE('',#69,#70);
#69 = CARTESIAN_POINT('',(18.25,-72.35,6.3));
#70 = VECTOR('',#71,1.);
#71 = DIRECTION('',(0.,0.,1.));
#72 = ORIENTED_EDGE('',*,*,#73,.T.);
#73 = EDGE_CURVE('',#66,#24,#74,.T.);
#74 = LINE('',#75,#76);
#75 = CARTESIAN_POINT('',(18.25,-72.35,7.6));
#76 = VECTOR('',#77,1.);
#77 = DIRECTION('',(0.,1.,0.));
#78 = ORIENTED_EDGE('',*,*,#21,.F.);
#79 = ORIENTED_EDGE('',*,*,#80,.F.);
#80 = EDGE_CURVE('',#64,#22,#81,.T.);
#81 = LINE('',#82,#83);
#82 = CARTESIAN_POINT('',(18.25,-72.35,6.3));
#83 = VECTOR('',#84,1.);
#84 = DIRECTION('',(0.,1.,0.));
#85 = PLANE('',#86);
#86 = AXIS2_PLACEMENT_3D('',#87,#88,#89);
#87 = CARTESIAN_POINT('',(18.25,-72.35,6.3));
#88 = DIRECTION('',(-1.,0.,0.));
#89 = DIRECTION('',(0.,1.,0.));
#90 = ADVANCED_FACE('',(#91),#116,.T.);
#91 = FACE_BOUND('',#92,.T.);
#92 = EDGE_LOOP('',(#93,#94,#102,#110));
#93 = ORIENTED_EDGE('',*,*,#40,.T.);
#94 = ORIENTED_EDGE('',*,*,#95,.T.);
#95 = EDGE_CURVE('',#32,#96,#98,.T.);
#96 = VERTEX_POINT('',#97);
#97 = CARTESIAN_POINT('',(34.95,-17.25,7.6));
#98 = LINE('',#99,#100);
#99 = CARTESIAN_POINT('',(20.65,-17.25,7.6));
#100 = VECTOR('',#101,1.);
#101 = DIRECTION('',(1.,0.,0.));
#102 = ORIENTED_EDGE('',*,*,#103,.F.);
#103 = EDGE_CURVE('',#104,#96,#106,.T.);
#104 = VERTEX_POINT('',#105);
#105 = CARTESIAN_POINT('',(34.95,-17.25,6.3));
#106 = LINE('',#107,#108);
#107 = CARTESIAN_POINT('',(34.95,-17.25,6.3));
#108 = VECTOR('',#109,1.);
#109 = DIRECTION('',(0.,0.,1.));
#110 = ORIENTED_EDGE('',*,*,#111,.F.);
#111 = EDGE_CURVE('',#41,#104,#112,.T.);
#112 = LINE('',#113,#114);
#113 = CARTESIAN_POINT('',(20.65,-17.25,6.3));
#114 = VECTOR('',#115,1.);
#115 = DIRECTION('',(1.,0.,0.));
#116 = PLANE('',#117);
#117 = AXIS2_PLACEMENT_3D('',#118,#119,#120);
#118 = CARTESIAN_POINT('',(20.65,-17.25,6.3));
#119 = DIRECTION('',(0.,1.,0.));
#120 = DIRECTION('',(1.,0.,0.));
#121 = ADVANCED_FACE('',(#122,#842,#876,#910,#944,#978,#1012,#1023,#1057
    ,#1091,#1125,#1136,#1170,#1204,#1238,#1272,#1306,#1317,#1351,#1385,
    #1419,#1453),#1487,.F.);
#122 = FACE_BOUND('',#123,.F.);
#123 = EDGE_LOOP('',(#124,#125,#126,#135,#143,#152,#160,#169,#177,#186,
    #194,#203,#211,#220,#228,#237,#245,#254,#262,#271,#279,#287,#295,
    #303,#311,#319,#327,#335,#343,#351,#359,#367,#375,#384,#392,#401,
    #409,#417,#425,#433,#441,#449,#457,#465,#473,#481,#489,#497,#505,
    #513,#521,#529,#537,#545,#553,#561,#569,#577,#585,#593,#601,#609,
    #617,#625,#633,#641,#649,#657,#665,#673,#681,#690,#698,#707,#715,
    #724,#732,#741,#749,#758,#766,#775,#783,#792,#800,#809,#817,#826,
    #834,#841));
#124 = ORIENTED_EDGE('',*,*,#48,.F.);
#125 = ORIENTED_EDGE('',*,*,#80,.F.);
#126 = ORIENTED_EDGE('',*,*,#127,.F.);
#127 = EDGE_CURVE('',#128,#64,#130,.T.);
#128 = VERTEX_POINT('',#129);
#129 = CARTESIAN_POINT('',(20.65,-74.75,6.3));
#130 = CIRCLE('',#131,2.4);
#131 = AXIS2_PLACEMENT_3D('',#132,#133,#134);
#132 = CARTESIAN_POINT('',(20.65,-72.35,6.3));
#133 = DIRECTION('',(0.,0.,-1.));
#134 = DIRECTION('',(-7.4E-15,-1.,-0.));
#135 = ORIENTED_EDGE('',*,*,#136,.F.);
#136 = EDGE_CURVE('',#137,#128,#139,.T.);
#137 = VERTEX_POINT('',#138);
#138 = CARTESIAN_POINT('',(39.35,-74.75,6.3));
#139 = LINE('',#140,#141);
#140 = CARTESIAN_POINT('',(39.35,-74.75,6.3));
#141 = VECTOR('',#142,1.);
#142 = DIRECTION('',(-1.,0.,0.));
#143 = ORIENTED_EDGE('',*,*,#144,.F.);
#144 = EDGE_CURVE('',#145,#137,#147,.T.);
#145 = VERTEX_POINT('',#146);
#146 = CARTESIAN_POINT('',(41.75,-72.35,6.3));
#147 = CIRCLE('',#148,2.4);
#148 = AXIS2_PLACEMENT_3D('',#149,#150,#151);
#149 = CARTESIAN_POINT('',(39.35,-72.35,6.3));
#150 = DIRECTION('',(0.,0.,-1.));
#151 = DIRECTION('',(1.,-5.92E-15,0.));
#152 = ORIENTED_EDGE('',*,*,#153,.F.);
#153 = EDGE_CURVE('',#154,#145,#156,.T.);
#154 = VERTEX_POINT('',#155);
#155 = CARTESIAN_POINT('',(41.75,-66.75,6.3));
#156 = LINE('',#157,#158);
#157 = CARTESIAN_POINT('',(41.75,-66.75,6.3));
#158 = VECTOR('',#159,1.);
#159 = DIRECTION('',(0.,-1.,0.));
#160 = ORIENTED_EDGE('',*,*,#161,.F.);
#161 = EDGE_CURVE('',#162,#154,#164,.T.);
#162 = VERTEX_POINT('',#163);
#163 = CARTESIAN_POINT('',(45.75,-62.75,6.3));
#164 = CIRCLE('',#165,4.);
#165 = AXIS2_PLACEMENT_3D('',#166,#167,#168);
#166 = CARTESIAN_POINT('',(45.75,-66.75,6.3));
#167 = DIRECTION('',(0.,-0.,1.));
#168 = DIRECTION('',(0.,1.,0.));
#169 = ORIENTED_EDGE('',*,*,#170,.F.);
#170 = EDGE_CURVE('',#171,#162,#173,.T.);
#171 = VERTEX_POINT('',#172);
#172 = CARTESIAN_POINT('',(63.646853249199,-62.75,6.3));
#173 = LINE('',#174,#175);
#174 = CARTESIAN_POINT('',(63.646853249199,-62.75,6.3));
#175 = VECTOR('',#176,1.);
#176 = DIRECTION('',(-1.,0.,0.));
#177 = ORIENTED_EDGE('',*,*,#178,.F.);
#178 = EDGE_CURVE('',#179,#171,#181,.T.);
#179 = VERTEX_POINT('',#180);
#180 = CARTESIAN_POINT('',(66.635437343474,-65.48853277175,6.3));
#181 = CIRCLE('',#182,3.);
#182 = AXIS2_PLACEMENT_3D('',#183,#184,#185);
#183 = CARTESIAN_POINT('',(63.646853249199,-65.75,6.3));
#184 = DIRECTION('',(0.,-0.,1.));
#185 = DIRECTION('',(0.996194698092,8.715574274766E-02,0.));
#186 = ORIENTED_EDGE('',*,*,#187,.F.);
#187 = EDGE_CURVE('',#188,#179,#190,.T.);
#188 = VERTEX_POINT('',#189);
#189 = CARTESIAN_POINT('',(68.109618492113,-82.33850040444,6.3));
#190 = LINE('',#191,#192);
#191 = CARTESIAN_POINT('',(68.109618492113,-82.33850040444,6.3));
#192 = VECTOR('',#193,1.);
#193 = DIRECTION('',(-8.715574274766E-02,0.996194698092,0.));
#194 = ORIENTED_EDGE('',*,*,#195,.F.);
#195 = EDGE_CURVE('',#196,#188,#198,.T.);
#196 = VERTEX_POINT('',#197);
#197 = CARTESIAN_POINT('',(70.709659550127,-84.52019389726,6.3));
#198 = CIRCLE('',#199,2.4);
#199 = AXIS2_PLACEMENT_3D('',#200,#201,#202);
#200 = CARTESIAN_POINT('',(70.500485767533,-82.12932662184,6.3));
#201 = DIRECTION('',(0.,0.,-1.));
#202 = DIRECTION('',(8.715574274765E-02,-0.996194698092,0.));
#203 = ORIENTED_EDGE('',*,*,#204,.F.);
#204 = EDGE_CURVE('',#205,#196,#207,.T.);
#205 = VERTEX_POINT('',#206);
#206 = CARTESIAN_POINT('',(84.806403880123,-83.28688857577,6.3));
#207 = LINE('',#208,#209);
#208 = CARTESIAN_POINT('',(84.806403880123,-83.28688857577,6.3));
#209 = VECTOR('',#210,1.);
#210 = DIRECTION('',(-0.996194698092,-8.715574274766E-02,0.));
#211 = ORIENTED_EDGE('',*,*,#212,.F.);
#212 = EDGE_CURVE('',#213,#205,#215,.T.);
#213 = VERTEX_POINT('',#214);
#214 = CARTESIAN_POINT('',(93.934541094633,-83.68543165355,6.3));
#215 = CIRCLE('',#216,35.);
#216 = AXIS2_PLACEMENT_3D('',#217,#218,#219);
#217 = CARTESIAN_POINT('',(87.856854876291,-118.1537030089,6.3));
#218 = DIRECTION('',(0.,-0.,1.));
#219 = DIRECTION('',(0.173648177667,0.984807753012,0.));
#220 = ORIENTED_EDGE('',*,*,#221,.F.);
#221 = EDGE_CURVE('',#222,#213,#224,.T.);
#222 = VERTEX_POINT('',#223);
#223 = CARTESIAN_POINT('',(102.52820107264,-85.20072577071,6.3));
#224 = LINE('',#225,#226);
#225 = CARTESIAN_POINT('',(102.52820107264,-85.20072577071,6.3));
#226 = VECTOR('',#227,1.);
#227 = DIRECTION('',(-0.984807753012,0.173648177667,0.));
#228 = ORIENTED_EDGE('',*,*,#229,.F.);
#229 = EDGE_CURVE('',#230,#222,#232,.T.);
#230 = VERTEX_POINT('',#231);
#231 = CARTESIAN_POINT('',(111.24215401522,-87.94822457985,6.3));
#232 = CIRCLE('',#233,35.);
#233 = AXIS2_PLACEMENT_3D('',#234,#235,#236);
#234 = CARTESIAN_POINT('',(96.4505148543,-119.6689971261,6.3));
#235 = DIRECTION('',(0.,-0.,1.));
#236 = DIRECTION('',(0.422618261741,0.906307787037,0.));
#237 = ORIENTED_EDGE('',*,*,#238,.F.);
#238 = EDGE_CURVE('',#239,#230,#241,.T.);
#239 = VERTEX_POINT('',#240);
#240 = CARTESIAN_POINT('',(125.50821323333,-94.60059724495,6.3));
#241 = LINE('',#242,#243);
#242 = CARTESIAN_POINT('',(125.50821323333,-94.60059724495,6.3));
#243 = VECTOR('',#244,1.);
#244 = DIRECTION('',(-0.906307787037,0.422618261741,0.));
#245 = ORIENTED_EDGE('',*,*,#246,.F.);
#246 = EDGE_CURVE('',#247,#239,#249,.T.);
#247 = VERTEX_POINT('',#248);
#248 = CARTESIAN_POINT('',(128.6976357504,-93.43974238424,6.3));
#249 = CIRCLE('',#250,2.4);
#250 = AXIS2_PLACEMENT_3D('',#251,#252,#253);
#251 = CARTESIAN_POINT('',(126.52249706151,-92.42545855606,6.3));
#252 = DIRECTION('',(0.,-0.,-1.));
#253 = DIRECTION('',(0.906307787037,-0.422618261741,0.));
#254 = ORIENTED_EDGE('',*,*,#255,.F.);
#255 = EDGE_CURVE('',#256,#247,#258,.T.);
#256 = VERTEX_POINT('',#257);
#257 = CARTESIAN_POINT('',(134.77513868888,-80.40649527325,6.3));
#258 = LINE('',#259,#260);
#259 = CARTESIAN_POINT('',(134.77513868888,-80.40649527325,6.3));
#260 = VECTOR('',#261,1.);
#261 = DIRECTION('',(-0.422618261741,-0.906307787037,0.));
#262 = ORIENTED_EDGE('',*,*,#263,.F.);
#263 = EDGE_CURVE('',#264,#256,#266,.T.);
#264 = VERTEX_POINT('',#265);
#265 = CARTESIAN_POINT('',(135.,-79.39221144507,6.3));
#266 = CIRCLE('',#267,2.4);
#267 = AXIS2_PLACEMENT_3D('',#268,#269,#270);
#268 = CARTESIAN_POINT('',(132.6,-79.39221144507,6.3));
#269 = DIRECTION('',(0.,0.,-1.));
#270 = DIRECTION('',(1.,0.,0.));
#271 = ORIENTED_EDGE('',*,*,#272,.F.);
#272 = EDGE_CURVE('',#273,#264,#275,.T.);
#273 = VERTEX_POINT('',#274);
#274 = CARTESIAN_POINT('',(135.,-66.47939768731,6.3));
#275 = LINE('',#276,#277);
#276 = CARTESIAN_POINT('',(135.,-13.4,6.3));
#277 = VECTOR('',#278,1.);
#278 = DIRECTION('',(0.,-1.,0.));
#279 = ORIENTED_EDGE('',*,*,#280,.T.);
#280 = EDGE_CURVE('',#273,#281,#283,.T.);
#281 = VERTEX_POINT('',#282);
#282 = CARTESIAN_POINT('',(134.94760855987,-66.5668075244,6.3));
#283 = LINE('',#284,#285);
#284 = CARTESIAN_POINT('',(132.03768628577,-71.42171953481,6.3));
#285 = VECTOR('',#286,1.);
#286 = DIRECTION('',(-0.514102744193,-0.85772861,0.));
#287 = ORIENTED_EDGE('',*,*,#288,.T.);
#288 = EDGE_CURVE('',#281,#289,#291,.T.);
#289 = VERTEX_POINT('',#290);
#290 = CARTESIAN_POINT('',(134.86692223025,-66.67560044583,6.3));
#291 = LINE('',#292,#293);
#292 = CARTESIAN_POINT('',(129.80049814031,-73.50688253064,6.3));
#293 = VECTOR('',#294,1.);
#294 = DIRECTION('',(-0.595699304492,-0.803207531481,0.));
#295 = ORIENTED_EDGE('',*,*,#296,.T.);
#296 = EDGE_CURVE('',#289,#297,#299,.T.);
#297 = VERTEX_POINT('',#298);
#298 = CARTESIAN_POINT('',(134.77596085632,-66.77596085632,6.3));
#299 = LINE('',#300,#301);
#300 = CARTESIAN_POINT('',(127.20911985595,-75.12468335364,6.3));
#301 = VECTOR('',#302,1.);
#302 = DIRECTION('',(-0.671558954847,-0.740951125355,0.));
#303 = ORIENTED_EDGE('',*,*,#304,.T.);
#304 = EDGE_CURVE('',#297,#305,#307,.T.);
#305 = VERTEX_POINT('',#306);
#306 = CARTESIAN_POINT('',(134.67560044583,-66.86692223025,6.3));
#307 = LINE('',#308,#309);
#308 = CARTESIAN_POINT('',(124.36059103752,-76.21590180588,6.3));
#309 = VECTOR('',#310,1.);
#310 = DIRECTION('',(-0.740951125355,-0.671558954847,0.));
#311 = ORIENTED_EDGE('',*,*,#312,.T.);
#312 = EDGE_CURVE('',#305,#313,#315,.T.);
#313 = VERTEX_POINT('',#314);
#314 = CARTESIAN_POINT('',(134.5668075244,-66.94760855987,6.3));
#315 = LINE('',#316,#317);
#316 = CARTESIAN_POINT('',(121.36155645183,-76.74129023149,6.3));
#317 = VECTOR('',#318,1.);
#318 = DIRECTION('',(-0.803207531481,-0.595699304492,0.));
#319 = ORIENTED_EDGE('',*,*,#320,.T.);
#320 = EDGE_CURVE('',#313,#321,#323,.T.);
#321 = VERTEX_POINT('',#322);
#322 = CARTESIAN_POINT('',(134.45062982732,-67.0172427917,6.3));
#323 = LINE('',#324,#325);
#324 = CARTESIAN_POINT('',(118.32419491223,-76.68305590233,6.3));
#325 = VECTOR('',#326,1.);
#326 = DIRECTION('',(-0.85772861,-0.514102744193,0.));
#327 = ORIENTED_EDGE('',*,*,#328,.T.);
#328 = EDGE_CURVE('',#321,#329,#331,.T.);
#329 = VERTEX_POINT('',#330);
#330 = CARTESIAN_POINT('',(134.32818620934,-67.07515431004,6.3));
#331 = LINE('',#332,#333);
#332 = CARTESIAN_POINT('',(115.36193789862,-76.04552169182,6.3));
#333 = VECTOR('',#334,1.);
#334 = DIRECTION('',(-0.903989293123,-0.42755509343,0.));
#335 = ORIENTED_EDGE('',*,*,#336,.T.);
#336 = EDGE_CURVE('',#329,#337,#339,.T.);
#337 = VERTEX_POINT('',#338);
#338 = CARTESIAN_POINT('',(134.20065586942,-67.12078539531,6.3));
#339 = LINE('',#340,#341);
#340 = CARTESIAN_POINT('',(112.58514215909,-74.85493987001,6.3));
#341 = VECTOR('',#342,1.);
#342 = DIRECTION('',(-0.941544065183,-0.336889853392,0.));
#343 = ORIENTED_EDGE('',*,*,#344,.T.);
#344 = EDGE_CURVE('',#337,#345,#347,.T.);
#345 = VERTEX_POINT('',#346);
#346 = CARTESIAN_POINT('',(134.06926699446,-67.1536965952,6.3));
#347 = LINE('',#348,#349);
#348 = CARTESIAN_POINT('',(110.0968822871,-73.15846636908,6.3));
#349 = VECTOR('',#350,1.);
#350 = DIRECTION('',(-0.970031253195,-0.242980179903,0.));
#351 = ORIENTED_EDGE('',*,*,#352,.T.);
#352 = EDGE_CURVE('',#345,#353,#355,.T.);
#353 = VERTEX_POINT('',#354);
#354 = CARTESIAN_POINT('',(133.93528493115,-67.17357095687,6.3));
#355 = LINE('',#356,#357);
#356 = CARTESIAN_POINT('',(107.9890246404,-71.02233510003,6.3));
#357 = VECTOR('',#358,1.);
#358 = DIRECTION('',(-0.989176509965,-0.146730474455,0.));
#359 = ORIENTED_EDGE('',*,*,#360,.T.);
#360 = EDGE_CURVE('',#353,#361,#363,.T.);
#361 = VERTEX_POINT('',#362);
#362 = CARTESIAN_POINT('',(133.80441875198,-67.18,6.3));
#363 = LINE('',#364,#365);
#364 = CARTESIAN_POINT('',(106.34094251742,-68.52919407112,6.3));
#365 = VECTOR('',#366,1.);
#366 = DIRECTION('',(-0.998795456205,-4.906767432743E-02,0.));
#367 = ORIENTED_EDGE('',*,*,#368,.T.);
#368 = EDGE_CURVE('',#361,#369,#371,.T.);
#369 = VERTEX_POINT('',#370);
#370 = CARTESIAN_POINT('',(132.6396323198,-67.18,6.3));
#371 = LINE('',#372,#373);
#372 = CARTESIAN_POINT('',(94.936186726687,-67.18,6.3));
#373 = VECTOR('',#374,1.);
#374 = DIRECTION('',(-1.,0.,0.));
#375 = ORIENTED_EDGE('',*,*,#376,.T.);
#376 = EDGE_CURVE('',#369,#377,#379,.T.);
#377 = VERTEX_POINT('',#378);
#378 = CARTESIAN_POINT('',(128.56036768019,-67.18,6.3));
#379 = CIRCLE('',#380,2.15);
#380 = AXIS2_PLACEMENT_3D('',#381,#382,#383);
#381 = CARTESIAN_POINT('',(130.6,-66.5,6.3));
#382 = DIRECTION('',(0.,0.,-1.));
#383 = DIRECTION('',(1.,0.,0.));
#384 = ORIENTED_EDGE('',*,*,#385,.T.);
#385 = EDGE_CURVE('',#377,#386,#388,.T.);
#386 = VERTEX_POINT('',#387);
#387 = CARTESIAN_POINT('',(115.84167805378,-67.18,6.3));
#388 = LINE('',#389,#390);
#389 = CARTESIAN_POINT('',(94.936186726687,-67.18,6.3));
#390 = VECTOR('',#391,1.);
#391 = DIRECTION('',(-1.,0.,0.));
#392 = ORIENTED_EDGE('',*,*,#393,.T.);
#393 = EDGE_CURVE('',#386,#394,#396,.T.);
#394 = VERTEX_POINT('',#395);
#395 = CARTESIAN_POINT('',(113.15832194621,-67.18,6.3));
#396 = CIRCLE('',#397,2.15);
#397 = AXIS2_PLACEMENT_3D('',#398,#399,#400);
#398 = CARTESIAN_POINT('',(114.5,-65.5,6.3));
#399 = DIRECTION('',(0.,0.,-1.));
#400 = DIRECTION('',(1.,0.,0.));
#401 = ORIENTED_EDGE('',*,*,#402,.T.);
#402 = EDGE_CURVE('',#394,#403,#405,.T.);
#403 = VERTEX_POINT('',#404);
#404 = CARTESIAN_POINT('',(112.19558124802,-67.18,6.3));
#405 = LINE('',#406,#407);
#406 = CARTESIAN_POINT('',(94.936186726687,-67.18,6.3));
#407 = VECTOR('',#408,1.);
#408 = DIRECTION('',(-1.,0.,0.));
#409 = ORIENTED_EDGE('',*,*,#410,.T.);
#410 = EDGE_CURVE('',#403,#411,#413,.T.);
#411 = VERTEX_POINT('',#412);
#412 = CARTESIAN_POINT('',(112.06471506884,-67.17357095687,6.3));
#413 = LINE('',#414,#415);
#414 = CARTESIAN_POINT('',(94.37953841515,-66.30475394026,6.3));
#415 = VECTOR('',#416,1.);
#416 = DIRECTION('',(-0.998795456205,4.906767432741E-02,0.));
#417 = ORIENTED_EDGE('',*,*,#418,.T.);
#418 = EDGE_CURVE('',#411,#419,#421,.T.);
#419 = VERTEX_POINT('',#420);
#420 = CARTESIAN_POINT('',(111.93073300553,-67.1536965952,6.3));
#421 = LINE('',#422,#423);
#422 = CARTESIAN_POINT('',(93.596577588883,-64.43408154579,6.3));
#423 = VECTOR('',#424,1.);
#424 = DIRECTION('',(-0.989176509965,0.146730474455,0.));
#425 = ORIENTED_EDGE('',*,*,#426,.T.);
#426 = EDGE_CURVE('',#419,#427,#429,.T.);
#427 = VERTEX_POINT('',#428);
#428 = CARTESIAN_POINT('',(111.79934413057,-67.12078539531,6.3));
#429 = LINE('',#430,#431);
#430 = CARTESIAN_POINT('',(93.190069016801,-62.45940464069,6.3));
#431 = VECTOR('',#432,1.);
#432 = DIRECTION('',(-0.970031253195,0.242980179903,0.));
#433 = ORIENTED_EDGE('',*,*,#434,.T.);
#434 = EDGE_CURVE('',#427,#435,#437,.T.);
#435 = VERTEX_POINT('',#436);
#436 = CARTESIAN_POINT('',(111.67181379066,-67.07515431004,6.3));
#437 = LINE('',#438,#439);
#438 = CARTESIAN_POINT('',(93.171832071029,-60.45575500655,6.3));
#439 = VECTOR('',#440,1.);
#440 = DIRECTION('',(-0.941544065183,0.336889853392,0.));
#441 = ORIENTED_EDGE('',*,*,#442,.T.);
#442 = EDGE_CURVE('',#435,#443,#445,.T.);
#443 = VERTEX_POINT('',#444);
#444 = CARTESIAN_POINT('',(111.54937017267,-67.0172427917,6.3));
#445 = LINE('',#446,#447);
#446 = CARTESIAN_POINT('',(93.538867074224,-58.49890923006,6.3));
#447 = VECTOR('',#448,1.);
#448 = DIRECTION('',(-0.903989293123,0.42755509343,0.));
#449 = ORIENTED_EDGE('',*,*,#450,.T.);
#450 = EDGE_CURVE('',#443,#451,#453,.T.);
#451 = VERTEX_POINT('',#452);
#452 = CARTESIAN_POINT('',(111.4331924756,-66.94760855987,6.3));
#453 = LINE('',#454,#455);
#454 = CARTESIAN_POINT('',(94.273506213469,-56.66248842513,6.3));
#455 = VECTOR('',#456,1.);
#456 = DIRECTION('',(-0.85772861,0.514102744193,0.));
#457 = ORIENTED_EDGE('',*,*,#458,.T.);
#458 = EDGE_CURVE('',#451,#459,#461,.T.);
#459 = VERTEX_POINT('',#460);
#460 = CARTESIAN_POINT('',(111.32439955416,-66.86692223025,6.3));
#461 = LINE('',#462,#463);
#462 = CARTESIAN_POINT('',(95.344126816717,-55.01514422495,6.3));
#463 = VECTOR('',#464,1.);
#464 = DIRECTION('',(-0.803207531481,0.595699304492,0.));
#465 = ORIENTED_EDGE('',*,*,#466,.T.);
#466 = EDGE_CURVE('',#459,#467,#469,.T.);
#467 = VERTEX_POINT('',#468);
#468 = CARTESIAN_POINT('',(111.22403914367,-66.77596085632,6.3));
#469 = LINE('',#470,#471);
#470 = CARTESIAN_POINT('',(96.706399250608,-53.6179390384,6.3));
#471 = VECTOR('',#472,1.);
#472 = DIRECTION('',(-0.740951125355,0.671558954847,0.));
#473 = ORIENTED_EDGE('',*,*,#474,.T.);
#474 = EDGE_CURVE('',#467,#475,#477,.T.);
#475 = VERTEX_POINT('',#476);
#476 = CARTESIAN_POINT('',(111.13307776974,-66.67560044583,6.3));
#477 = LINE('',#478,#479);
#478 = CARTESIAN_POINT('',(98.305021169052,-52.52202106789,6.3));
#479 = VECTOR('',#480,1.);
#480 = DIRECTION('',(-0.671558954847,0.740951125355,0.));
#481 = ORIENTED_EDGE('',*,*,#482,.T.);
#482 = EDGE_CURVE('',#475,#483,#485,.T.);
#483 = VERTEX_POINT('',#484);
#484 = CARTESIAN_POINT('',(111.05239144012,-66.5668075244,6.3));
#485 = LINE('',#486,#487);
#486 = CARTESIAN_POINT('',(100.07587117095,-51.76668322819,6.3));
#487 = VECTOR('',#488,1.);
#488 = DIRECTION('',(-0.595699304492,0.803207531481,0.));
#489 = ORIENTED_EDGE('',*,*,#490,.T.);
#490 = EDGE_CURVE('',#483,#491,#493,.T.);
#491 = VERTEX_POINT('',#492);
#492 = CARTESIAN_POINT('',(110.98275720829,-66.45062982732,6.3));
#493 = LINE('',#494,#495);
#494 = CARTESIAN_POINT('',(101.94849882942,-51.37788032499,6.3));
#495 = VECTOR('',#496,1.);
#496 = DIRECTION('',(-0.514102744193,0.85772861,0.));
#497 = ORIENTED_EDGE('',*,*,#498,.T.);
#498 = EDGE_CURVE('',#491,#499,#501,.T.);
#499 = VERTEX_POINT('',#500);
#500 = CARTESIAN_POINT('',(110.92484568995,-66.32818620934,6.3));
#501 = LINE('',#502,#503);
#502 = CARTESIAN_POINT('',(103.84885515294,-51.36726121514,6.3));
#503 = VECTOR('',#504,1.);
#504 = DIRECTION('',(-0.42755509343,0.903989293123,0.));
#505 = ORIENTED_EDGE('',*,*,#506,.T.);
#506 = EDGE_CURVE('',#499,#507,#509,.T.);
#507 = VERTEX_POINT('',#508);
#508 = CARTESIAN_POINT('',(110.87921460468,-66.20065586942,6.3));
#509 = LINE('',#510,#511);
#510 = CARTESIAN_POINT('',(105.70215832583,-51.73175285737,6.3));
#511 = VECTOR('',#512,1.);
#512 = DIRECTION('',(-0.336889853392,0.941544065183,0.));
#513 = ORIENTED_EDGE('',*,*,#514,.T.);
#514 = EDGE_CURVE('',#507,#515,#517,.T.);
#515 = VERTEX_POINT('',#516);
#516 = CARTESIAN_POINT('',(110.84630340479,-66.06926699446,6.3));
#517 = LINE('',#518,#519);
#518 = CARTESIAN_POINT('',(107.43578440606,-52.45371193272,6.3));
#519 = VECTOR('',#520,1.);
#520 = DIRECTION('',(-0.242980179903,0.970031253195,0.));
#521 = ORIENTED_EDGE('',*,*,#522,.T.);
#522 = EDGE_CURVE('',#515,#523,#525,.T.);
#523 = VERTEX_POINT('',#524);
#524 = CARTESIAN_POINT('',(110.82642904312,-65.93528493115,6.3));
#525 = LINE('',#526,#527);
#526 = CARTESIAN_POINT('',(108.98207172984,-53.50163788509,6.3));
#527 = VECTOR('',#528,1.);
#528 = DIRECTION('',(-0.146730474455,0.989176509965,0.));
#529 = ORIENTED_EDGE('',*,*,#530,.T.);
#530 = EDGE_CURVE('',#523,#531,#533,.T.);
#531 = VERTEX_POINT('',#532);
#532 = CARTESIAN_POINT('',(110.82,-65.80441875198,6.3));
#533 = LINE('',#534,#535);
#534 = CARTESIAN_POINT('',(110.28103966093,-54.833629019,6.3));
#535 = VECTOR('',#536,1.);
#536 = DIRECTION('',(-4.906767432741E-02,0.998795456205,0.));
#537 = ORIENTED_EDGE('',*,*,#538,.T.);
#538 = EDGE_CURVE('',#531,#539,#541,.T.);
#539 = VERTEX_POINT('',#540);
#540 = CARTESIAN_POINT('',(110.82,-12.19558124802,6.3));
#541 = LINE('',#542,#543);
#542 = CARTESIAN_POINT('',(110.82,-28.81684353852,6.3));
#543 = VECTOR('',#544,1.);
#544 = DIRECTION('',(0.,1.,0.));
#545 = ORIENTED_EDGE('',*,*,#546,.T.);
#546 = EDGE_CURVE('',#539,#547,#549,.T.);
#547 = VERTEX_POINT('',#548);
#548 = CARTESIAN_POINT('',(110.82642904312,-12.06471506884,6.3));
#549 = LINE('',#550,#551);
#550 = CARTESIAN_POINT('',(109.96873182124,-29.52354310078,6.3));
#551 = VECTOR('',#552,1.);
#552 = DIRECTION('',(4.906767432741E-02,0.998795456205,0.));
#553 = ORIENTED_EDGE('',*,*,#554,.T.);
#554 = EDGE_CURVE('',#547,#555,#557,.T.);
#555 = VERTEX_POINT('',#556);
#556 = CARTESIAN_POINT('',(110.84630340479,-11.93073300553,6.3));
#557 = LINE('',#558,#559);
#558 = CARTESIAN_POINT('',(108.05756717432,-30.73086557451,6.3));
#559 = VECTOR('',#560,1.);
#560 = DIRECTION('',(0.146730474455,0.989176509965,0.));
#561 = ORIENTED_EDGE('',*,*,#562,.T.);
#562 = EDGE_CURVE('',#555,#563,#565,.T.);
#563 = VERTEX_POINT('',#564);
#564 = CARTESIAN_POINT('',(110.87921460468,-11.79934413057,6.3));
#565 = LINE('',#566,#567);
#566 = CARTESIAN_POINT('',(105.93478896644,-31.53859776068,6.3));
#567 = VECTOR('',#568,1.);
#568 = DIRECTION('',(0.242980179903,0.970031253195,0.));
#569 = ORIENTED_EDGE('',*,*,#570,.T.);
#570 = EDGE_CURVE('',#563,#571,#573,.T.);
#571 = VERTEX_POINT('',#572);
#572 = CARTESIAN_POINT('',(110.92484568995,-11.67181379066,6.3));
#573 = LINE('',#574,#575);
#574 = CARTESIAN_POINT('',(103.68282831813,-31.91189644002,6.3));
#575 = VECTOR('',#576,1.);
#576 = DIRECTION('',(0.336889853392,0.941544065183,0.));
#577 = ORIENTED_EDGE('',*,*,#578,.T.);
#578 = EDGE_CURVE('',#571,#579,#581,.T.);
#579 = VERTEX_POINT('',#580);
#580 = CARTESIAN_POINT('',(110.98275720829,-11.54937017267,6.3));
#581 = LINE('',#582,#583);
#582 = CARTESIAN_POINT('',(101.38944935927,-31.83271544071,6.3));
#583 = VECTOR('',#584,1.);
#584 = DIRECTION('',(0.42755509343,0.903989293123,0.));
#585 = ORIENTED_EDGE('',*,*,#586,.T.);
#586 = EDGE_CURVE('',#579,#587,#589,.T.);
#587 = VERTEX_POINT('',#588);
#588 = CARTESIAN_POINT('',(111.05239144012,-11.4331924756,6.3));
#589 = LINE('',#590,#591);
#590 = CARTESIAN_POINT('',(99.144364728978,-31.30053478054,6.3));
#591 = VECTOR('',#592,1.);
#592 = DIRECTION('',(0.514102744193,0.85772861,0.));
#593 = ORIENTED_EDGE('',*,*,#594,.T.);
#594 = EDGE_CURVE('',#587,#595,#597,.T.);
#595 = VERTEX_POINT('',#596);
#596 = CARTESIAN_POINT('',(111.13307776974,-11.32439955416,6.3));
#597 = LINE('',#598,#599);
#598 = CARTESIAN_POINT('',(97.035772759008,-30.33241496195,6.3));
#599 = VECTOR('',#600,1.);
#600 = DIRECTION('',(0.595699304492,0.803207531481,0.));
#601 = ORIENTED_EDGE('',*,*,#602,.T.);
#602 = EDGE_CURVE('',#595,#603,#605,.T.);
#603 = VERTEX_POINT('',#604);
#604 = CARTESIAN_POINT('',(111.22403914367,-11.22403914367,6.3));
#605 = LINE('',#606,#607);
#606 = CARTESIAN_POINT('',(95.146949561146,-28.96237400262,6.3));
#607 = VECTOR('',#608,1.);
#608 = DIRECTION('',(0.671558954847,0.740951125355,0.));
#609 = ORIENTED_EDGE('',*,*,#610,.T.);
#610 = EDGE_CURVE('',#603,#611,#613,.T.);
#611 = VERTEX_POINT('',#612);
#612 = CARTESIAN_POINT('',(111.32439955416,-11.13307776974,6.3));
#613 = LINE('',#614,#615);
#614 = CARTESIAN_POINT('',(93.553027160981,-27.24011082788,6.3));
#615 = VECTOR('',#616,1.);
#616 = DIRECTION('',(0.740951125355,0.671558954847,0.));
#617 = ORIENTED_EDGE('',*,*,#618,.T.);
#618 = EDGE_CURVE('',#611,#619,#621,.T.);
#619 = VERTEX_POINT('',#620);
#620 = CARTESIAN_POINT('',(111.4331924756,-11.05239144012,6.3));
#621 = LINE('',#622,#623);
#622 = CARTESIAN_POINT('',(92.318081700683,-25.22912378839,6.3));
#623 = VECTOR('',#624,1.);
#624 = DIRECTION('',(0.803207531481,0.595699304492,0.));
#625 = ORIENTED_EDGE('',*,*,#626,.T.);
#626 = EDGE_CURVE('',#619,#627,#629,.T.);
#627 = VERTEX_POINT('',#628);
#628 = CARTESIAN_POINT('',(111.54937017267,-10.98275720829,6.3));
#629 = LINE('',#630,#631);
#630 = CARTESIAN_POINT('',(91.492643845636,-23.00429633389,6.3));
#631 = VECTOR('',#632,1.);
#632 = DIRECTION('',(0.85772861,0.514102744193,0.));
#633 = ORIENTED_EDGE('',*,*,#634,.T.);
#634 = EDGE_CURVE('',#627,#635,#637,.T.);
#635 = VERTEX_POINT('',#636);
#636 = CARTESIAN_POINT('',(111.67181379066,-10.92484568995,6.3));
#637 = LINE('',#638,#639);
#638 = CARTESIAN_POINT('',(91.111727330372,-20.64904237494,6.3));
#639 = VECTOR('',#640,1.);
#640 = DIRECTION('',(0.903989293123,0.42755509343,0.));
#641 = ORIENTED_EDGE('',*,*,#642,.T.);
#642 = EDGE_CURVE('',#635,#643,#645,.T.);
#643 = VERTEX_POINT('',#644);
#644 = CARTESIAN_POINT('',(111.79934413057,-10.87921460468,6.3));
#645 = LINE('',#646,#647);
#646 = CARTESIAN_POINT('',(91.193451690653,-18.25212081248,6.3));
#647 = VECTOR('',#648,1.);
#648 = DIRECTION('',(0.941544065183,0.336889853392,0.));
#649 = ORIENTED_EDGE('',*,*,#650,.T.);
#650 = EDGE_CURVE('',#643,#651,#653,.T.);
#651 = VERTEX_POINT('',#652);
#652 = CARTESIAN_POINT('',(111.93073300553,-10.84630340479,6.3));
#653 = LINE('',#654,#655);
#654 = CARTESIAN_POINT('',(91.73831241471,-15.90424145749,6.3));
#655 = VECTOR('',#656,1.);
#656 = DIRECTION('',(0.970031253195,0.242980179903,0.));
#657 = ORIENTED_EDGE('',*,*,#658,.T.);
#658 = EDGE_CURVE('',#651,#659,#661,.T.);
#659 = VERTEX_POINT('',#660);
#660 = CARTESIAN_POINT('',(112.06471506884,-10.82642904312,6.3));
#661 = LINE('',#662,#663);
#662 = CARTESIAN_POINT('',(92.729126884185,-13.69459261113,6.3));
#663 = VECTOR('',#664,1.);
#664 = DIRECTION('',(0.989176509965,0.146730474455,0.));
#665 = ORIENTED_EDGE('',*,*,#666,.T.);
#666 = EDGE_CURVE('',#659,#667,#669,.T.);
#667 = VERTEX_POINT('',#668);
#668 = CARTESIAN_POINT('',(112.19558124802,-10.82,6.3));
#669 = LINE('',#670,#671);
#670 = CARTESIAN_POINT('',(94.129449143487,-11.70753215781,6.3));
#671 = VECTOR('',#672,1.);
#672 = DIRECTION('',(0.998795456205,4.906767432741E-02,0.));
#673 = ORIENTED_EDGE('',*,*,#674,.T.);
#674 = EDGE_CURVE('',#667,#675,#677,.T.);
#675 = VERTEX_POINT('',#676);
#676 = CARTESIAN_POINT('',(114.39,-10.82,6.3));
#677 = LINE('',#678,#679);
#678 = CARTESIAN_POINT('',(105.14060547866,-10.82,6.3));
#679 = VECTOR('',#680,1.);
#680 = DIRECTION('',(1.,0.,0.));
#681 = ORIENTED_EDGE('',*,*,#682,.F.);
#682 = EDGE_CURVE('',#683,#675,#685,.T.);
#683 = VERTEX_POINT('',#684);
#684 = CARTESIAN_POINT('',(113.75,-9.7,6.3));
#685 = CIRCLE('',#686,1.3);
#686 = AXIS2_PLACEMENT_3D('',#687,#688,#689);
#687 = CARTESIAN_POINT('',(115.05,-9.7,6.3));
#688 = DIRECTION('',(0.,0.,1.));
#689 = DIRECTION('',(-1.,4.1E-15,0.));
#690 = ORIENTED_EDGE('',*,*,#691,.F.);
#691 = EDGE_CURVE('',#692,#683,#694,.T.);
#692 = VERTEX_POINT('',#693);
#693 = CARTESIAN_POINT('',(113.75,-9.65,6.3));
#694 = LINE('',#695,#696);
#695 = CARTESIAN_POINT('',(113.75,-9.65,6.3));
#696 = VECTOR('',#697,1.);
#697 = DIRECTION('',(0.,-1.,0.));
#698 = ORIENTED_EDGE('',*,*,#699,.F.);
#699 = EDGE_CURVE('',#700,#692,#702,.T.);
#700 = VERTEX_POINT('',#701);
#701 = CARTESIAN_POINT('',(111.35,-7.25,6.3));
#702 = CIRCLE('',#703,2.4);
#703 = AXIS2_PLACEMENT_3D('',#704,#705,#706);
#704 = CARTESIAN_POINT('',(111.35,-9.65,6.3));
#705 = DIRECTION('',(0.,0.,-1.));
#706 = DIRECTION('',(5.92E-15,1.,0.));
#707 = ORIENTED_EDGE('',*,*,#708,.F.);
#708 = EDGE_CURVE('',#709,#700,#711,.T.);
#709 = VERTEX_POINT('',#710);
#710 = CARTESIAN_POINT('',(96.435135135135,-7.25,6.3));
#711 = LINE('',#712,#713);
#712 = CARTESIAN_POINT('',(96.435135135135,-7.25,6.3));
#713 = VECTOR('',#714,1.);
#714 = DIRECTION('',(1.,0.,0.));
#715 = ORIENTED_EDGE('',*,*,#716,.F.);
#716 = EDGE_CURVE('',#717,#709,#719,.T.);
#717 = VERTEX_POINT('',#718);
#718 = CARTESIAN_POINT('',(95.75,-6.564864864865,6.3));
#719 = CIRCLE('',#720,0.685135135135);
#720 = AXIS2_PLACEMENT_3D('',#721,#722,#723);
#721 = CARTESIAN_POINT('',(96.435135135135,-6.564864864865,6.3));
#722 = DIRECTION('',(0.,0.,1.));
#723 = DIRECTION('',(-1.,-2.593E-14,0.));
#724 = ORIENTED_EDGE('',*,*,#725,.F.);
#725 = EDGE_CURVE('',#726,#717,#728,.T.);
#726 = VERTEX_POINT('',#727);
#727 = CARTESIAN_POINT('',(95.75,-6.514864864865,6.3));
#728 = LINE('',#729,#730);
#729 = CARTESIAN_POINT('',(95.75,-6.514864864865,6.3));
#730 = VECTOR('',#731,1.);
#731 = DIRECTION('',(0.,-1.,0.));
#732 = ORIENTED_EDGE('',*,*,#733,.F.);
#733 = EDGE_CURVE('',#734,#726,#736,.T.);
#734 = VERTEX_POINT('',#735);
#735 = CARTESIAN_POINT('',(94.485135135135,-5.25,6.3));
#736 = CIRCLE('',#737,1.264864864865);
#737 = AXIS2_PLACEMENT_3D('',#738,#739,#740);
#738 = CARTESIAN_POINT('',(94.485135135135,-6.514864864865,6.3));
#739 = DIRECTION('',(0.,0.,-1.));
#740 = DIRECTION('',(1.124E-14,1.,0.));
#741 = ORIENTED_EDGE('',*,*,#742,.F.);
#742 = EDGE_CURVE('',#743,#734,#745,.T.);
#743 = VERTEX_POINT('',#744);
#744 = CARTESIAN_POINT('',(79.05,-5.25,6.3));
#745 = LINE('',#746,#747);
#746 = CARTESIAN_POINT('',(79.05,-5.25,6.3));
#747 = VECTOR('',#748,1.);
#748 = DIRECTION('',(1.,0.,0.));
#749 = ORIENTED_EDGE('',*,*,#750,.F.);
#750 = EDGE_CURVE('',#751,#743,#753,.T.);
#751 = VERTEX_POINT('',#752);
#752 = CARTESIAN_POINT('',(77.75,-3.95,6.3));
#753 = CIRCLE('',#754,1.3);
#754 = AXIS2_PLACEMENT_3D('',#755,#756,#757);
#755 = CARTESIAN_POINT('',(79.05,-3.95,6.3));
#756 = DIRECTION('',(0.,0.,1.));
#757 = DIRECTION('',(-1.,2.73E-15,0.));
#758 = ORIENTED_EDGE('',*,*,#759,.F.);
#759 = EDGE_CURVE('',#760,#751,#762,.T.);
#760 = VERTEX_POINT('',#761);
#761 = CARTESIAN_POINT('',(77.75,-2.65,6.3));
#762 = LINE('',#763,#764);
#763 = CARTESIAN_POINT('',(77.75,-2.65,6.3));
#764 = VECTOR('',#765,1.);
#765 = DIRECTION('',(0.,-1.,0.));
#766 = ORIENTED_EDGE('',*,*,#767,.F.);
#767 = EDGE_CURVE('',#768,#760,#770,.T.);
#768 = VERTEX_POINT('',#769);
#769 = CARTESIAN_POINT('',(75.35,-0.25,6.3));
#770 = CIRCLE('',#771,2.4);
#771 = AXIS2_PLACEMENT_3D('',#772,#773,#774);
#772 = CARTESIAN_POINT('',(75.35,-2.65,6.3));
#773 = DIRECTION('',(0.,0.,-1.));
#774 = DIRECTION('',(5.92E-15,1.,0.));
#775 = ORIENTED_EDGE('',*,*,#776,.F.);
#776 = EDGE_CURVE('',#777,#768,#779,.T.);
#777 = VERTEX_POINT('',#778);
#778 = CARTESIAN_POINT('',(56.65,-0.25,6.3));
#779 = LINE('',#780,#781);
#780 = CARTESIAN_POINT('',(56.65,-0.25,6.3));
#781 = VECTOR('',#782,1.);
#782 = DIRECTION('',(1.,0.,0.));
#783 = ORIENTED_EDGE('',*,*,#784,.F.);
#784 = EDGE_CURVE('',#785,#777,#787,.T.);
#785 = VERTEX_POINT('',#786);
#786 = CARTESIAN_POINT('',(54.25,-2.65,6.3));
#787 = CIRCLE('',#788,2.4);
#788 = AXIS2_PLACEMENT_3D('',#789,#790,#791);
#789 = CARTESIAN_POINT('',(56.65,-2.65,6.3));
#790 = DIRECTION('',(0.,0.,-1.));
#791 = DIRECTION('',(-1.,-4.44E-15,-0.));
#792 = ORIENTED_EDGE('',*,*,#793,.F.);
#793 = EDGE_CURVE('',#794,#785,#796,.T.);
#794 = VERTEX_POINT('',#795);
#795 = CARTESIAN_POINT('',(54.25,-3.95,6.3));
#796 = LINE('',#797,#798);
#797 = CARTESIAN_POINT('',(54.25,-3.95,6.3));
#798 = VECTOR('',#799,1.);
#799 = DIRECTION('',(0.,1.,0.));
#800 = ORIENTED_EDGE('',*,*,#801,.F.);
#801 = EDGE_CURVE('',#802,#794,#804,.T.);
#802 = VERTEX_POINT('',#803);
#803 = CARTESIAN_POINT('',(52.95,-5.25,6.3));
#804 = CIRCLE('',#805,1.3);
#805 = AXIS2_PLACEMENT_3D('',#806,#807,#808);
#806 = CARTESIAN_POINT('',(52.95,-3.95,6.3));
#807 = DIRECTION('',(0.,0.,1.));
#808 = DIRECTION('',(-5.47E-15,-1.,0.));
#809 = ORIENTED_EDGE('',*,*,#810,.F.);
#810 = EDGE_CURVE('',#811,#802,#813,.T.);
#811 = VERTEX_POINT('',#812);
#812 = CARTESIAN_POINT('',(38.65,-5.25,6.3));
#813 = LINE('',#814,#815);
#814 = CARTESIAN_POINT('',(38.65,-5.25,6.3));
#815 = VECTOR('',#816,1.);
#816 = DIRECTION('',(1.,0.,0.));
#817 = ORIENTED_EDGE('',*,*,#818,.F.);
#818 = EDGE_CURVE('',#819,#811,#821,.T.);
#819 = VERTEX_POINT('',#820);
#820 = CARTESIAN_POINT('',(36.25,-7.65,6.3));
#821 = CIRCLE('',#822,2.4);
#822 = AXIS2_PLACEMENT_3D('',#823,#824,#825);
#823 = CARTESIAN_POINT('',(38.65,-7.65,6.3));
#824 = DIRECTION('',(0.,0.,-1.));
#825 = DIRECTION('',(-1.,-3.7E-15,-0.));
#826 = ORIENTED_EDGE('',*,*,#827,.F.);
#827 = EDGE_CURVE('',#828,#819,#830,.T.);
#828 = VERTEX_POINT('',#829);
#829 = CARTESIAN_POINT('',(36.25,-15.95,6.3));
#830 = LINE('',#831,#832);
#831 = CARTESIAN_POINT('',(36.25,-15.95,6.3));
#832 = VECTOR('',#833,1.);
#833 = DIRECTION('',(0.,1.,0.));
#834 = ORIENTED_EDGE('',*,*,#835,.F.);
#835 = EDGE_CURVE('',#104,#828,#836,.T.);
#836 = CIRCLE('',#837,1.3);
#837 = AXIS2_PLACEMENT_3D('',#838,#839,#840);
#838 = CARTESIAN_POINT('',(34.95,-15.95,6.3));
#839 = DIRECTION('',(-0.,0.,1.));
#840 = DIRECTION('',(0.,-1.,0.));
#841 = ORIENTED_EDGE('',*,*,#111,.F.);
#842 = FACE_BOUND('',#843,.F.);
#843 = EDGE_LOOP('',(#844,#854,#862,#870));
#844 = ORIENTED_EDGE('',*,*,#845,.F.);
#845 = EDGE_CURVE('',#846,#848,#850,.T.);
#846 = VERTEX_POINT('',#847);
#847 = CARTESIAN_POINT('',(37.,-56.,6.3));
#848 = VERTEX_POINT('',#849);
#849 = CARTESIAN_POINT('',(23.,-56.,6.3));
#850 = LINE('',#851,#852);
#851 = CARTESIAN_POINT('',(50.338396102677,-56.,6.3));
#852 = VECTOR('',#853,1.);
#853 = DIRECTION('',(-1.,0.,0.));
#854 = ORIENTED_EDGE('',*,*,#855,.F.);
#855 = EDGE_CURVE('',#856,#846,#858,.T.);
#856 = VERTEX_POINT('',#857);
#857 = CARTESIAN_POINT('',(37.,-70.,6.3));
#858 = LINE('',#859,#860);
#859 = CARTESIAN_POINT('',(37.,-50.71905291451,6.3));
#860 = VECTOR('',#861,1.);
#861 = DIRECTION('',(0.,1.,0.));
#862 = ORIENTED_EDGE('',*,*,#863,.F.);
#863 = EDGE_CURVE('',#864,#856,#866,.T.);
#864 = VERTEX_POINT('',#865);
#865 = CARTESIAN_POINT('',(23.,-70.,6.3));
#866 = LINE('',#867,#868);
#867 = CARTESIAN_POINT('',(57.338396102677,-70.,6.3));
#868 = VECTOR('',#869,1.);
#869 = DIRECTION('',(1.,0.,0.));
#870 = ORIENTED_EDGE('',*,*,#871,.F.);
#871 = EDGE_CURVE('',#848,#864,#872,.T.);
#872 = LINE('',#873,#874);
#873 = CARTESIAN_POINT('',(23.,-57.71905291451,6.3));
#874 = VECTOR('',#875,1.);
#875 = DIRECTION('',(0.,-1.,0.));
#876 = FACE_BOUND('',#877,.F.);
#877 = EDGE_LOOP('',(#878,#888,#896,#904));
#878 = ORIENTED_EDGE('',*,*,#879,.F.);
#879 = EDGE_CURVE('',#880,#882,#884,.T.);
#880 = VERTEX_POINT('',#881);
#881 = CARTESIAN_POINT('',(55.,-44.,6.3));
#882 = VERTEX_POINT('',#883);
#883 = CARTESIAN_POINT('',(41.,-44.,6.3));
#884 = LINE('',#885,#886);
#885 = CARTESIAN_POINT('',(59.338396102677,-44.,6.3));
#886 = VECTOR('',#887,1.);
#887 = DIRECTION('',(-1.,0.,0.));
#888 = ORIENTED_EDGE('',*,*,#889,.F.);
#889 = EDGE_CURVE('',#890,#880,#892,.T.);
#890 = VERTEX_POINT('',#891);
#891 = CARTESIAN_POINT('',(55.,-58.,6.3));
#892 = LINE('',#893,#894);
#893 = CARTESIAN_POINT('',(55.,-44.71905291451,6.3));
#894 = VECTOR('',#895,1.);
#895 = DIRECTION('',(0.,1.,0.));
#896 = ORIENTED_EDGE('',*,*,#897,.F.);
#897 = EDGE_CURVE('',#898,#890,#900,.T.);
#898 = VERTEX_POINT('',#899);
#899 = CARTESIAN_POINT('',(41.,-58.,6.3));
#900 = LINE('',#901,#902);
#901 = CARTESIAN_POINT('',(66.338396102677,-58.,6.3));
#902 = VECTOR('',#903,1.);
#903 = DIRECTION('',(1.,0.,0.));
#904 = ORIENTED_EDGE('',*,*,#905,.F.);
#905 = EDGE_CURVE('',#882,#898,#906,.T.);
#906 = LINE('',#907,#908);
#907 = CARTESIAN_POINT('',(41.,-51.71905291451,6.3));
#908 = VECTOR('',#909,1.);
#909 = DIRECTION('',(0.,-1.,0.));
#910 = FACE_BOUND('',#911,.F.);
#911 = EDGE_LOOP('',(#912,#922,#930,#938));
#912 = ORIENTED_EDGE('',*,*,#913,.F.);
#913 = EDGE_CURVE('',#914,#916,#918,.T.);
#914 = VERTEX_POINT('',#915);
#915 = CARTESIAN_POINT('',(85.363272687409,-64.41654691412,6.3));
#916 = VERTEX_POINT('',#917);
#917 = CARTESIAN_POINT('',(71.416546914124,-65.63672731259,6.3));
#918 = LINE('',#919,#920);
#919 = CARTESIAN_POINT('',(75.399756214573,-65.28824165435,6.3));
#920 = VECTOR('',#921,1.);
#921 = DIRECTION('',(-0.996194698092,-8.715574274766E-02,0.));
#922 = ORIENTED_EDGE('',*,*,#923,.F.);
#923 = EDGE_CURVE('',#924,#914,#926,.T.);
#924 = VERTEX_POINT('',#925);
#925 = CARTESIAN_POINT('',(86.583453085876,-78.3632726874,6.3));
#926 = LINE('',#927,#928);
#927 = CARTESIAN_POINT('',(84.510186032574,-54.66572183058,6.3));
#928 = VECTOR('',#929,1.);
#929 = DIRECTION('',(-8.715574274766E-02,0.996194698092,0.));
#930 = ORIENTED_EDGE('',*,*,#931,.F.);
#931 = EDGE_CURVE('',#932,#924,#934,.T.);
#932 = VERTEX_POINT('',#933);
#933 = CARTESIAN_POINT('',(72.636727312591,-79.58345308587,6.3));
#934 = LINE('',#935,#936);
#935 = CARTESIAN_POINT('',(83.593299499683,-78.6248772284,6.3));
#936 = VECTOR('',#937,1.);
#937 = DIRECTION('',(0.996194698092,8.715574274766E-02,0.));
#938 = ORIENTED_EDGE('',*,*,#939,.F.);
#939 = EDGE_CURVE('',#916,#932,#940,.T.);
#940 = LINE('',#941,#942);
#941 = CARTESIAN_POINT('',(71.173550458523,-62.85926511569,6.3));
#942 = VECTOR('',#943,1.);
#943 = DIRECTION('',(8.715574274766E-02,-0.996194698092,0.));
#944 = FACE_BOUND('',#945,.F.);
#945 = EDGE_LOOP('',(#946,#956,#964,#972));
#946 = ORIENTED_EDGE('',*,*,#947,.F.);
#947 = EDGE_CURVE('',#948,#950,#952,.T.);
#948 = VERTEX_POINT('',#949);
#949 = CARTESIAN_POINT('',(109.10919151475,-67.32188297258,6.3));
#950 = VERTEX_POINT('',#951);
#951 = CARTESIAN_POINT('',(95.321882972583,-64.89080848524,6.3));
#952 = LINE('',#953,#954);
#953 = CARTESIAN_POINT('',(85.102065846372,-63.08877898798,6.3));
#954 = VECTOR('',#955,1.);
#955 = DIRECTION('',(-0.984807753012,0.173648177667,0.));
#956 = ORIENTED_EDGE('',*,*,#957,.F.);
#957 = EDGE_CURVE('',#958,#948,#960,.T.);
#958 = VERTEX_POINT('',#959);
#959 = CARTESIAN_POINT('',(106.67811702741,-81.10919151475,6.3));
#960 = LINE('',#961,#962);
#961 = CARTESIAN_POINT('',(110.50646325735,-59.39756114172,6.3));
#962 = VECTOR('',#963,1.);
#963 = DIRECTION('',(0.173648177667,0.984807753012,0.));
#964 = ORIENTED_EDGE('',*,*,#965,.F.);
#965 = EDGE_CURVE('',#966,#958,#968,.T.);
#966 = VERTEX_POINT('',#967);
#967 = CARTESIAN_POINT('',(92.890808485246,-78.67811702741,6.3));
#968 = LINE('',#969,#970);
#969 = CARTESIAN_POINT('',(89.56464563012,-78.09162477382,6.3));
#970 = VECTOR('',#971,1.);
#971 = DIRECTION('',(0.984807753012,-0.173648177667,0.));
#972 = ORIENTED_EDGE('',*,*,#973,.F.);
#973 = EDGE_CURVE('',#950,#966,#974,.T.);
#974 = LINE('',#975,#976);
#975 = CARTESIAN_POINT('',(95.503617471511,-63.86014092547,6.3));
#976 = VECTOR('',#977,1.);
#977 = DIRECTION('',(-0.173648177667,-0.984807753012,0.));
#978 = FACE_BOUND('',#979,.F.);
#979 = EDGE_LOOP('',(#980,#990,#998,#1006));
#980 = ORIENTED_EDGE('',*,*,#981,.F.);
#981 = EDGE_CURVE('',#982,#984,#986,.T.);
#982 = VERTEX_POINT('',#983);
#983 = CARTESIAN_POINT('',(131.30248234144,-76.61417332292,6.3));
#984 = VERTEX_POINT('',#985);
#985 = CARTESIAN_POINT('',(118.61417332292,-70.69751765855,6.3));
#986 = LINE('',#987,#988);
#987 = CARTESIAN_POINT('',(96.963859687569,-60.60181060893,6.3));
#988 = VECTOR('',#989,1.);
#989 = DIRECTION('',(-0.906307787037,0.422618261741,0.));
#990 = ORIENTED_EDGE('',*,*,#991,.F.);
#991 = EDGE_CURVE('',#992,#982,#994,.T.);
#992 = VERTEX_POINT('',#993);
#993 = CARTESIAN_POINT('',(125.38582667707,-89.30248234144,6.3));
#994 = LINE('',#995,#996);
#995 = CARTESIAN_POINT('',(132.48410541801,-74.08017445778,6.3));
#996 = VECTOR('',#997,1.);
#997 = DIRECTION('',(0.422618261741,0.906307787037,0.));
#998 = ORIENTED_EDGE('',*,*,#999,.F.);
#999 = EDGE_CURVE('',#1000,#992,#1002,.T.);
#1000 = VERTEX_POINT('',#1001);
#1001 = CARTESIAN_POINT('',(112.69751765855,-83.38582667707,6.3));
#1002 = LINE('',#1003,#1004);
#1003 = CARTESIAN_POINT('',(97.391358532456,-76.24844745963,6.3));
#1004 = VECTOR('',#1005,1.);
#1005 = DIRECTION('',(0.906307787037,-0.422618261741,0.));
#1006 = ORIENTED_EDGE('',*,*,#1007,.F.);
#1007 = EDGE_CURVE('',#984,#1000,#1008,.T.);
#1008 = LINE('',#1009,#1010);
#1009 = CARTESIAN_POINT('',(116.83746856731,-74.50767330267,6.3));
#1010 = VECTOR('',#1011,1.);
#1011 = DIRECTION('',(-0.422618261741,-0.906307787037,0.));
#1012 = FACE_BOUND('',#1013,.F.);
#1013 = EDGE_LOOP('',(#1014));
#1014 = ORIENTED_EDGE('',*,*,#1015,.T.);
#1015 = EDGE_CURVE('',#1016,#1016,#1018,.T.);
#1016 = VERTEX_POINT('',#1017);
#1017 = CARTESIAN_POINT('',(81.15,-61.3,6.3));
#1018 = CIRCLE('',#1019,1.15);
#1019 = AXIS2_PLACEMENT_3D('',#1020,#1021,#1022);
#1020 = CARTESIAN_POINT('',(80.,-61.3,6.3));
#1021 = DIRECTION('',(0.,0.,-1.));
#1022 = DIRECTION('',(1.,0.,0.));
#1023 = FACE_BOUND('',#1024,.F.);
#1024 = EDGE_LOOP('',(#1025,#1035,#1043,#1051));
#1025 = ORIENTED_EDGE('',*,*,#1026,.F.);
#1026 = EDGE_CURVE('',#1027,#1029,#1031,.T.);
#1027 = VERTEX_POINT('',#1028);
#1028 = CARTESIAN_POINT('',(91.,-44.,6.3));
#1029 = VERTEX_POINT('',#1030);
#1030 = CARTESIAN_POINT('',(77.,-44.,6.3));
#1031 = LINE('',#1032,#1033);
#1032 = CARTESIAN_POINT('',(77.338396102677,-44.,6.3));
#1033 = VECTOR('',#1034,1.);
#1034 = DIRECTION('',(-1.,0.,0.));
#1035 = ORIENTED_EDGE('',*,*,#1036,.F.);
#1036 = EDGE_CURVE('',#1037,#1027,#1039,.T.);
#1037 = VERTEX_POINT('',#1038);
#1038 = CARTESIAN_POINT('',(91.,-58.,6.3));
#1039 = LINE('',#1040,#1041);
#1040 = CARTESIAN_POINT('',(91.,-44.71905291451,6.3));
#1041 = VECTOR('',#1042,1.);
#1042 = DIRECTION('',(0.,1.,0.));
#1043 = ORIENTED_EDGE('',*,*,#1044,.F.);
#1044 = EDGE_CURVE('',#1045,#1037,#1047,.T.);
#1045 = VERTEX_POINT('',#1046);
#1046 = CARTESIAN_POINT('',(77.,-58.,6.3));
#1047 = LINE('',#1048,#1049);
#1048 = CARTESIAN_POINT('',(84.338396102677,-58.,6.3));
#1049 = VECTOR('',#1050,1.);
#1050 = DIRECTION('',(1.,0.,0.));
#1051 = ORIENTED_EDGE('',*,*,#1052,.F.);
#1052 = EDGE_CURVE('',#1029,#1045,#1053,.T.);
#1053 = LINE('',#1054,#1055);
#1054 = CARTESIAN_POINT('',(77.,-51.71905291451,6.3));
#1055 = VECTOR('',#1056,1.);
#1056 = DIRECTION('',(0.,-1.,0.));
#1057 = FACE_BOUND('',#1058,.F.);
#1058 = EDGE_LOOP('',(#1059,#1069,#1077,#1085));
#1059 = ORIENTED_EDGE('',*,*,#1060,.F.);
#1060 = EDGE_CURVE('',#1061,#1063,#1065,.T.);
#1061 = VERTEX_POINT('',#1062);
#1062 = CARTESIAN_POINT('',(109.,-46.,6.3));
#1063 = VERTEX_POINT('',#1064);
#1064 = CARTESIAN_POINT('',(95.,-46.,6.3));
#1065 = LINE('',#1066,#1067);
#1066 = CARTESIAN_POINT('',(86.338396102677,-46.,6.3));
#1067 = VECTOR('',#1068,1.);
#1068 = DIRECTION('',(-1.,0.,0.));
#1069 = ORIENTED_EDGE('',*,*,#1070,.F.);
#1070 = EDGE_CURVE('',#1071,#1061,#1073,.T.);
#1071 = VERTEX_POINT('',#1072);
#1072 = CARTESIAN_POINT('',(109.,-60.,6.3));
#1073 = LINE('',#1074,#1075);
#1074 = CARTESIAN_POINT('',(109.,-45.71905291451,6.3));
#1075 = VECTOR('',#1076,1.);
#1076 = DIRECTION('',(0.,1.,0.));
#1077 = ORIENTED_EDGE('',*,*,#1078,.F.);
#1078 = EDGE_CURVE('',#1079,#1071,#1081,.T.);
#1079 = VERTEX_POINT('',#1080);
#1080 = CARTESIAN_POINT('',(95.,-60.,6.3));
#1081 = LINE('',#1082,#1083);
#1082 = CARTESIAN_POINT('',(93.338396102677,-60.,6.3));
#1083 = VECTOR('',#1084,1.);
#1084 = DIRECTION('',(1.,0.,0.));
#1085 = ORIENTED_EDGE('',*,*,#1086,.F.);
#1086 = EDGE_CURVE('',#1063,#1079,#1087,.T.);
#1087 = LINE('',#1088,#1089);
#1088 = CARTESIAN_POINT('',(95.,-52.71905291451,6.3));
#1089 = VECTOR('',#1090,1.);
#1090 = DIRECTION('',(0.,-1.,0.));
#1091 = FACE_BOUND('',#1092,.F.);
#1092 = EDGE_LOOP('',(#1093,#1103,#1111,#1119));
#1093 = ORIENTED_EDGE('',*,*,#1094,.F.);
#1094 = EDGE_CURVE('',#1095,#1097,#1099,.T.);
#1095 = VERTEX_POINT('',#1096);
#1096 = CARTESIAN_POINT('',(37.,-39.,6.3));
#1097 = VERTEX_POINT('',#1098);
#1098 = CARTESIAN_POINT('',(23.,-39.,6.3));
#1099 = LINE('',#1100,#1101);
#1100 = CARTESIAN_POINT('',(50.338396102677,-39.,6.3));
#1101 = VECTOR('',#1102,1.);
#1102 = DIRECTION('',(-1.,0.,0.));
#1103 = ORIENTED_EDGE('',*,*,#1104,.F.);
#1104 = EDGE_CURVE('',#1105,#1095,#1107,.T.);
#1105 = VERTEX_POINT('',#1106);
#1106 = CARTESIAN_POINT('',(37.,-53.,6.3));
#1107 = LINE('',#1108,#1109);
#1108 = CARTESIAN_POINT('',(37.,-42.21905291451,6.3));
#1109 = VECTOR('',#1110,1.);
#1110 = DIRECTION('',(0.,1.,0.));
#1111 = ORIENTED_EDGE('',*,*,#1112,.F.);
#1112 = EDGE_CURVE('',#1113,#1105,#1115,.T.);
#1113 = VERTEX_POINT('',#1114);
#1114 = CARTESIAN_POINT('',(23.,-53.,6.3));
#1115 = LINE('',#1116,#1117);
#1116 = CARTESIAN_POINT('',(57.338396102677,-53.,6.3));
#1117 = VECTOR('',#1118,1.);
#1118 = DIRECTION('',(1.,0.,0.));
#1119 = ORIENTED_EDGE('',*,*,#1120,.F.);
#1120 = EDGE_CURVE('',#1097,#1113,#1121,.T.);
#1121 = LINE('',#1122,#1123);
#1122 = CARTESIAN_POINT('',(23.,-49.21905291451,6.3));
#1123 = VECTOR('',#1124,1.);
#1124 = DIRECTION('',(0.,-1.,0.));
#1125 = FACE_BOUND('',#1126,.F.);
#1126 = EDGE_LOOP('',(#1127));
#1127 = ORIENTED_EDGE('',*,*,#1128,.T.);
#1128 = EDGE_CURVE('',#1129,#1129,#1131,.T.);
#1129 = VERTEX_POINT('',#1130);
#1130 = CARTESIAN_POINT('',(39.85,-37.5,6.3));
#1131 = CIRCLE('',#1132,1.15);
#1132 = AXIS2_PLACEMENT_3D('',#1133,#1134,#1135);
#1133 = CARTESIAN_POINT('',(38.7,-37.5,6.3));
#1134 = DIRECTION('',(0.,0.,-1.));
#1135 = DIRECTION('',(1.,0.,0.));
#1136 = FACE_BOUND('',#1137,.F.);
#1137 = EDGE_LOOP('',(#1138,#1148,#1156,#1164));
#1138 = ORIENTED_EDGE('',*,*,#1139,.F.);
#1139 = EDGE_CURVE('',#1140,#1142,#1144,.T.);
#1140 = VERTEX_POINT('',#1141);
#1141 = CARTESIAN_POINT('',(37.,-22.,6.3));
#1142 = VERTEX_POINT('',#1143);
#1143 = CARTESIAN_POINT('',(23.,-22.,6.3));
#1144 = LINE('',#1145,#1146);
#1145 = CARTESIAN_POINT('',(50.338396102677,-22.,6.3));
#1146 = VECTOR('',#1147,1.);
#1147 = DIRECTION('',(-1.,0.,0.));
#1148 = ORIENTED_EDGE('',*,*,#1149,.F.);
#1149 = EDGE_CURVE('',#1150,#1140,#1152,.T.);
#1150 = VERTEX_POINT('',#1151);
#1151 = CARTESIAN_POINT('',(37.,-36.,6.3));
#1152 = LINE('',#1153,#1154);
#1153 = CARTESIAN_POINT('',(37.,-33.71905291451,6.3));
#1154 = VECTOR('',#1155,1.);
#1155 = DIRECTION('',(0.,1.,0.));
#1156 = ORIENTED_EDGE('',*,*,#1157,.F.);
#1157 = EDGE_CURVE('',#1158,#1150,#1160,.T.);
#1158 = VERTEX_POINT('',#1159);
#1159 = CARTESIAN_POINT('',(23.,-36.,6.3));
#1160 = LINE('',#1161,#1162);
#1161 = CARTESIAN_POINT('',(57.338396102677,-36.,6.3));
#1162 = VECTOR('',#1163,1.);
#1163 = DIRECTION('',(1.,0.,0.));
#1164 = ORIENTED_EDGE('',*,*,#1165,.F.);
#1165 = EDGE_CURVE('',#1142,#1158,#1166,.T.);
#1166 = LINE('',#1167,#1168);
#1167 = CARTESIAN_POINT('',(23.,-40.71905291451,6.3));
#1168 = VECTOR('',#1169,1.);
#1169 = DIRECTION('',(0.,-1.,0.));
#1170 = FACE_BOUND('',#1171,.F.);
#1171 = EDGE_LOOP('',(#1172,#1182,#1190,#1198));
#1172 = ORIENTED_EDGE('',*,*,#1173,.F.);
#1173 = EDGE_CURVE('',#1174,#1176,#1178,.T.);
#1174 = VERTEX_POINT('',#1175);
#1175 = CARTESIAN_POINT('',(55.,-27.,6.3));
#1176 = VERTEX_POINT('',#1177);
#1177 = CARTESIAN_POINT('',(41.,-27.,6.3));
#1178 = LINE('',#1179,#1180);
#1179 = CARTESIAN_POINT('',(59.338396102677,-27.,6.3));
#1180 = VECTOR('',#1181,1.);
#1181 = DIRECTION('',(-1.,0.,0.));
#1182 = ORIENTED_EDGE('',*,*,#1183,.F.);
#1183 = EDGE_CURVE('',#1184,#1174,#1186,.T.);
#1184 = VERTEX_POINT('',#1185);
#1185 = CARTESIAN_POINT('',(55.,-41.,6.3));
#1186 = LINE('',#1187,#1188);
#1187 = CARTESIAN_POINT('',(55.,-36.21905291451,6.3));
#1188 = VECTOR('',#1189,1.);
#1189 = DIRECTION('',(0.,1.,0.));
#1190 = ORIENTED_EDGE('',*,*,#1191,.F.);
#1191 = EDGE_CURVE('',#1192,#1184,#1194,.T.);
#1192 = VERTEX_POINT('',#1193);
#1193 = CARTESIAN_POINT('',(41.,-41.,6.3));
#1194 = LINE('',#1195,#1196);
#1195 = CARTESIAN_POINT('',(66.338396102677,-41.,6.3));
#1196 = VECTOR('',#1197,1.);
#1197 = DIRECTION('',(1.,0.,0.));
#1198 = ORIENTED_EDGE('',*,*,#1199,.F.);
#1199 = EDGE_CURVE('',#1176,#1192,#1200,.T.);
#1200 = LINE('',#1201,#1202);
#1201 = CARTESIAN_POINT('',(41.,-43.21905291451,6.3));
#1202 = VECTOR('',#1203,1.);
#1203 = DIRECTION('',(0.,-1.,0.));
#1204 = FACE_BOUND('',#1205,.F.);
#1205 = EDGE_LOOP('',(#1206,#1216,#1224,#1232));
#1206 = ORIENTED_EDGE('',*,*,#1207,.F.);
#1207 = EDGE_CURVE('',#1208,#1210,#1212,.T.);
#1208 = VERTEX_POINT('',#1209);
#1209 = CARTESIAN_POINT('',(73.,-39.,6.3));
#1210 = VERTEX_POINT('',#1211);
#1211 = CARTESIAN_POINT('',(59.,-39.,6.3));
#1212 = LINE('',#1213,#1214);
#1213 = CARTESIAN_POINT('',(68.338396102677,-39.,6.3));
#1214 = VECTOR('',#1215,1.);
#1215 = DIRECTION('',(-1.,0.,0.));
#1216 = ORIENTED_EDGE('',*,*,#1217,.F.);
#1217 = EDGE_CURVE('',#1218,#1208,#1220,.T.);
#1218 = VERTEX_POINT('',#1219);
#1219 = CARTESIAN_POINT('',(73.,-53.,6.3));
#1220 = LINE('',#1221,#1222);
#1221 = CARTESIAN_POINT('',(73.,-42.21905291451,6.3));
#1222 = VECTOR('',#1223,1.);
#1223 = DIRECTION('',(0.,1.,0.));
#1224 = ORIENTED_EDGE('',*,*,#1225,.F.);
#1225 = EDGE_CURVE('',#1226,#1218,#1228,.T.);
#1226 = VERTEX_POINT('',#1227);
#1227 = CARTESIAN_POINT('',(59.,-53.,6.3));
#1228 = LINE('',#1229,#1230);
#1229 = CARTESIAN_POINT('',(75.338396102677,-53.,6.3));
#1230 = VECTOR('',#1231,1.);
#1231 = DIRECTION('',(1.,0.,0.));
#1232 = ORIENTED_EDGE('',*,*,#1233,.F.);
#1233 = EDGE_CURVE('',#1210,#1226,#1234,.T.);
#1234 = LINE('',#1235,#1236);
#1235 = CARTESIAN_POINT('',(59.,-49.21905291451,6.3));
#1236 = VECTOR('',#1237,1.);
#1237 = DIRECTION('',(0.,-1.,0.));
#1238 = FACE_BOUND('',#1239,.F.);
#1239 = EDGE_LOOP('',(#1240,#1250,#1258,#1266));
#1240 = ORIENTED_EDGE('',*,*,#1241,.F.);
#1241 = EDGE_CURVE('',#1242,#1244,#1246,.T.);
#1242 = VERTEX_POINT('',#1243);
#1243 = CARTESIAN_POINT('',(73.,-22.,6.3));
#1244 = VERTEX_POINT('',#1245);
#1245 = CARTESIAN_POINT('',(59.,-22.,6.3));
#1246 = LINE('',#1247,#1248);
#1247 = CARTESIAN_POINT('',(68.338396102677,-22.,6.3));
#1248 = VECTOR('',#1249,1.);
#1249 = DIRECTION('',(-1.,0.,0.));
#1250 = ORIENTED_EDGE('',*,*,#1251,.F.);
#1251 = EDGE_CURVE('',#1252,#1242,#1254,.T.);
#1252 = VERTEX_POINT('',#1253);
#1253 = CARTESIAN_POINT('',(73.,-36.,6.3));
#1254 = LINE('',#1255,#1256);
#1255 = CARTESIAN_POINT('',(73.,-33.71905291451,6.3));
#1256 = VECTOR('',#1257,1.);
#1257 = DIRECTION('',(0.,1.,0.));
#1258 = ORIENTED_EDGE('',*,*,#1259,.F.);
#1259 = EDGE_CURVE('',#1260,#1252,#1262,.T.);
#1260 = VERTEX_POINT('',#1261);
#1261 = CARTESIAN_POINT('',(59.,-36.,6.3));
#1262 = LINE('',#1263,#1264);
#1263 = CARTESIAN_POINT('',(75.338396102677,-36.,6.3));
#1264 = VECTOR('',#1265,1.);
#1265 = DIRECTION('',(1.,0.,0.));
#1266 = ORIENTED_EDGE('',*,*,#1267,.F.);
#1267 = EDGE_CURVE('',#1244,#1260,#1268,.T.);
#1268 = LINE('',#1269,#1270);
#1269 = CARTESIAN_POINT('',(59.,-40.71905291451,6.3));
#1270 = VECTOR('',#1271,1.);
#1271 = DIRECTION('',(0.,-1.,0.));
#1272 = FACE_BOUND('',#1273,.F.);
#1273 = EDGE_LOOP('',(#1274,#1284,#1292,#1300));
#1274 = ORIENTED_EDGE('',*,*,#1275,.F.);
#1275 = EDGE_CURVE('',#1276,#1278,#1280,.T.);
#1276 = VERTEX_POINT('',#1277);
#1277 = CARTESIAN_POINT('',(55.,-10.,6.3));
#1278 = VERTEX_POINT('',#1279);
#1279 = CARTESIAN_POINT('',(41.,-10.,6.3));
#1280 = LINE('',#1281,#1282);
#1281 = CARTESIAN_POINT('',(59.338396102677,-10.,6.3));
#1282 = VECTOR('',#1283,1.);
#1283 = DIRECTION('',(-1.,0.,0.));
#1284 = ORIENTED_EDGE('',*,*,#1285,.F.);
#1285 = EDGE_CURVE('',#1286,#1276,#1288,.T.);
#1286 = VERTEX_POINT('',#1287);
#1287 = CARTESIAN_POINT('',(55.,-24.,6.3));
#1288 = LINE('',#1289,#1290);
#1289 = CARTESIAN_POINT('',(55.,-27.71905291451,6.3));
#1290 = VECTOR('',#1291,1.);
#1291 = DIRECTION('',(0.,1.,0.));
#1292 = ORIENTED_EDGE('',*,*,#1293,.F.);
#1293 = EDGE_CURVE('',#1294,#1286,#1296,.T.);
#1294 = VERTEX_POINT('',#1295);
#1295 = CARTESIAN_POINT('',(41.,-24.,6.3));
#1296 = LINE('',#1297,#1298);
#1297 = CARTESIAN_POINT('',(66.338396102677,-24.,6.3));
#1298 = VECTOR('',#1299,1.);
#1299 = DIRECTION('',(1.,0.,0.));
#1300 = ORIENTED_EDGE('',*,*,#1301,.F.);
#1301 = EDGE_CURVE('',#1278,#1294,#1302,.T.);
#1302 = LINE('',#1303,#1304);
#1303 = CARTESIAN_POINT('',(41.,-34.71905291451,6.3));
#1304 = VECTOR('',#1305,1.);
#1305 = DIRECTION('',(0.,-1.,0.));
#1306 = FACE_BOUND('',#1307,.F.);
#1307 = EDGE_LOOP('',(#1308));
#1308 = ORIENTED_EDGE('',*,*,#1309,.T.);
#1309 = EDGE_CURVE('',#1310,#1310,#1312,.T.);
#1310 = VERTEX_POINT('',#1311);
#1311 = CARTESIAN_POINT('',(58.15,-20.5,6.3));
#1312 = CIRCLE('',#1313,1.15);
#1313 = AXIS2_PLACEMENT_3D('',#1314,#1315,#1316);
#1314 = CARTESIAN_POINT('',(57.,-20.5,6.3));
#1315 = DIRECTION('',(0.,0.,-1.));
#1316 = DIRECTION('',(1.,0.,0.));
#1317 = FACE_BOUND('',#1318,.F.);
#1318 = EDGE_LOOP('',(#1319,#1329,#1337,#1345));
#1319 = ORIENTED_EDGE('',*,*,#1320,.F.);
#1320 = EDGE_CURVE('',#1321,#1323,#1325,.T.);
#1321 = VERTEX_POINT('',#1322);
#1322 = CARTESIAN_POINT('',(73.,-5.,6.3));
#1323 = VERTEX_POINT('',#1324);
#1324 = CARTESIAN_POINT('',(59.,-5.,6.3));
#1325 = LINE('',#1326,#1327);
#1326 = CARTESIAN_POINT('',(68.338396102677,-5.,6.3));
#1327 = VECTOR('',#1328,1.);
#1328 = DIRECTION('',(-1.,0.,0.));
#1329 = ORIENTED_EDGE('',*,*,#1330,.F.);
#1330 = EDGE_CURVE('',#1331,#1321,#1333,.T.);
#1331 = VERTEX_POINT('',#1332);
#1332 = CARTESIAN_POINT('',(73.,-19.,6.3));
#1333 = LINE('',#1334,#1335);
#1334 = CARTESIAN_POINT('',(73.,-25.21905291451,6.3));
#1335 = VECTOR('',#1336,1.);
#1336 = DIRECTION('',(0.,1.,0.));
#1337 = ORIENTED_EDGE('',*,*,#1338,.F.);
#1338 = EDGE_CURVE('',#1339,#1331,#1341,.T.);
#1339 = VERTEX_POINT('',#1340);
#1340 = CARTESIAN_POINT('',(59.,-19.,6.3));
#1341 = LINE('',#1342,#1343);
#1342 = CARTESIAN_POINT('',(75.338396102677,-19.,6.3));
#1343 = VECTOR('',#1344,1.);
#1344 = DIRECTION('',(1.,0.,0.));
#1345 = ORIENTED_EDGE('',*,*,#1346,.F.);
#1346 = EDGE_CURVE('',#1323,#1339,#1347,.T.);
#1347 = LINE('',#1348,#1349);
#1348 = CARTESIAN_POINT('',(59.,-32.21905291451,6.3));
#1349 = VECTOR('',#1350,1.);
#1350 = DIRECTION('',(0.,-1.,0.));
#1351 = FACE_BOUND('',#1352,.F.);
#1352 = EDGE_LOOP('',(#1353,#1363,#1371,#1379));
#1353 = ORIENTED_EDGE('',*,*,#1354,.F.);
#1354 = EDGE_CURVE('',#1355,#1357,#1359,.T.);
#1355 = VERTEX_POINT('',#1356);
#1356 = CARTESIAN_POINT('',(91.,-27.,6.3));
#1357 = VERTEX_POINT('',#1358);
#1358 = CARTESIAN_POINT('',(77.,-27.,6.3));
#1359 = LINE('',#1360,#1361);
#1360 = CARTESIAN_POINT('',(77.338396102677,-27.,6.3));
#1361 = VECTOR('',#1362,1.);
#1362 = DIRECTION('',(-1.,0.,0.));
#1363 = ORIENTED_EDGE('',*,*,#1364,.F.);
#1364 = EDGE_CURVE('',#1365,#1355,#1367,.T.);
#1365 = VERTEX_POINT('',#1366);
#1366 = CARTESIAN_POINT('',(91.,-41.,6.3));
#1367 = LINE('',#1368,#1369);
#1368 = CARTESIAN_POINT('',(91.,-36.21905291451,6.3));
#1369 = VECTOR('',#1370,1.);
#1370 = DIRECTION('',(0.,1.,0.));
#1371 = ORIENTED_EDGE('',*,*,#1372,.F.);
#1372 = EDGE_CURVE('',#1373,#1365,#1375,.T.);
#1373 = VERTEX_POINT('',#1374);
#1374 = CARTESIAN_POINT('',(77.,-41.,6.3));
#1375 = LINE('',#1376,#1377);
#1376 = CARTESIAN_POINT('',(84.338396102677,-41.,6.3));
#1377 = VECTOR('',#1378,1.);
#1378 = DIRECTION('',(1.,0.,0.));
#1379 = ORIENTED_EDGE('',*,*,#1380,.F.);
#1380 = EDGE_CURVE('',#1357,#1373,#1381,.T.);
#1381 = LINE('',#1382,#1383);
#1382 = CARTESIAN_POINT('',(77.,-43.21905291451,6.3));
#1383 = VECTOR('',#1384,1.);
#1384 = DIRECTION('',(0.,-1.,0.));
#1385 = FACE_BOUND('',#1386,.F.);
#1386 = EDGE_LOOP('',(#1387,#1397,#1405,#1413));
#1387 = ORIENTED_EDGE('',*,*,#1388,.F.);
#1388 = EDGE_CURVE('',#1389,#1391,#1393,.T.);
#1389 = VERTEX_POINT('',#1390);
#1390 = CARTESIAN_POINT('',(109.,-29.,6.3));
#1391 = VERTEX_POINT('',#1392);
#1392 = CARTESIAN_POINT('',(95.,-29.,6.3));
#1393 = LINE('',#1394,#1395);
#1394 = CARTESIAN_POINT('',(86.338396102677,-29.,6.3));
#1395 = VECTOR('',#1396,1.);
#1396 = DIRECTION('',(-1.,0.,0.));
#1397 = ORIENTED_EDGE('',*,*,#1398,.F.);
#1398 = EDGE_CURVE('',#1399,#1389,#1401,.T.);
#1399 = VERTEX_POINT('',#1400);
#1400 = CARTESIAN_POINT('',(109.,-43.,6.3));
#1401 = LINE('',#1402,#1403);
#1402 = CARTESIAN_POINT('',(109.,-37.21905291451,6.3));
#1403 = VECTOR('',#1404,1.);
#1404 = DIRECTION('',(0.,1.,0.));
#1405 = ORIENTED_EDGE('',*,*,#1406,.F.);
#1406 = EDGE_CURVE('',#1407,#1399,#1409,.T.);
#1407 = VERTEX_POINT('',#1408);
#1408 = CARTESIAN_POINT('',(95.,-43.,6.3));
#1409 = LINE('',#1410,#1411);
#1410 = CARTESIAN_POINT('',(93.338396102677,-43.,6.3));
#1411 = VECTOR('',#1412,1.);
#1412 = DIRECTION('',(1.,0.,0.));
#1413 = ORIENTED_EDGE('',*,*,#1414,.F.);
#1414 = EDGE_CURVE('',#1391,#1407,#1415,.T.);
#1415 = LINE('',#1416,#1417);
#1416 = CARTESIAN_POINT('',(95.,-44.21905291451,6.3));
#1417 = VECTOR('',#1418,1.);
#1418 = DIRECTION('',(0.,-1.,0.));
#1419 = FACE_BOUND('',#1420,.F.);
#1420 = EDGE_LOOP('',(#1421,#1431,#1439,#1447));
#1421 = ORIENTED_EDGE('',*,*,#1422,.F.);
#1422 = EDGE_CURVE('',#1423,#1425,#1427,.T.);
#1423 = VERTEX_POINT('',#1424);
#1424 = CARTESIAN_POINT('',(91.,-10.,6.3));
#1425 = VERTEX_POINT('',#1426);
#1426 = CARTESIAN_POINT('',(77.,-10.,6.3));
#1427 = LINE('',#1428,#1429);
#1428 = CARTESIAN_POINT('',(77.338396102677,-10.,6.3));
#1429 = VECTOR('',#1430,1.);
#1430 = DIRECTION('',(-1.,0.,0.));
#1431 = ORIENTED_EDGE('',*,*,#1432,.F.);
#1432 = EDGE_CURVE('',#1433,#1423,#1435,.T.);
#1433 = VERTEX_POINT('',#1434);
#1434 = CARTESIAN_POINT('',(91.,-24.,6.3));
#1435 = LINE('',#1436,#1437);
#1436 = CARTESIAN_POINT('',(91.,-27.71905291451,6.3));
#1437 = VECTOR('',#1438,1.);
#1438 = DIRECTION('',(0.,1.,0.));
#1439 = ORIENTED_EDGE('',*,*,#1440,.F.);
#1440 = EDGE_CURVE('',#1441,#1433,#1443,.T.);
#1441 = VERTEX_POINT('',#1442);
#1442 = CARTESIAN_POINT('',(77.,-24.,6.3));
#1443 = LINE('',#1444,#1445);
#1444 = CARTESIAN_POINT('',(84.338396102677,-24.,6.3));
#1445 = VECTOR('',#1446,1.);
#1446 = DIRECTION('',(1.,0.,0.));
#1447 = ORIENTED_EDGE('',*,*,#1448,.F.);
#1448 = EDGE_CURVE('',#1425,#1441,#1449,.T.);
#1449 = LINE('',#1450,#1451);
#1450 = CARTESIAN_POINT('',(77.,-34.71905291451,6.3));
#1451 = VECTOR('',#1452,1.);
#1452 = DIRECTION('',(0.,-1.,0.));
#1453 = FACE_BOUND('',#1454,.F.);
#1454 = EDGE_LOOP('',(#1455,#1465,#1473,#1481));
#1455 = ORIENTED_EDGE('',*,*,#1456,.F.);
#1456 = EDGE_CURVE('',#1457,#1459,#1461,.T.);
#1457 = VERTEX_POINT('',#1458);
#1458 = CARTESIAN_POINT('',(109.,-12.,6.3));
#1459 = VERTEX_POINT('',#1460);
#1460 = CARTESIAN_POINT('',(95.,-12.,6.3));
#1461 = LINE('',#1462,#1463);
#1462 = CARTESIAN_POINT('',(86.338396102677,-12.,6.3));
#1463 = VECTOR('',#1464,1.);
#1464 = DIRECTION('',(-1.,0.,0.));
#1465 = ORIENTED_EDGE('',*,*,#1466,.F.);
#1466 = EDGE_CURVE('',#1467,#1457,#1469,.T.);
#1467 = VERTEX_POINT('',#1468);
#1468 = CARTESIAN_POINT('',(109.,-26.,6.3));
#1469 = LINE('',#1470,#1471);
#1470 = CARTESIAN_POINT('',(109.,-28.71905291451,6.3));
#1471 = VECTOR('',#1472,1.);
#1472 = DIRECTION('',(0.,1.,0.));
#1473 = ORIENTED_EDGE('',*,*,#1474,.F.);
#1474 = EDGE_CURVE('',#1475,#1467,#1477,.T.);
#1475 = VERTEX_POINT('',#1476);
#1476 = CARTESIAN_POINT('',(95.,-26.,6.3));
#1477 = LINE('',#1478,#1479);
#1478 = CARTESIAN_POINT('',(93.338396102677,-26.,6.3));
#1479 = VECTOR('',#1480,1.);
#1480 = DIRECTION('',(1.,0.,0.));
#1481 = ORIENTED_EDGE('',*,*,#1482,.F.);
#1482 = EDGE_CURVE('',#1459,#1475,#1483,.T.);
#1483 = LINE('',#1484,#1485);
#1484 = CARTESIAN_POINT('',(95.,-35.71905291451,6.3));
#1485 = VECTOR('',#1486,1.);
#1486 = DIRECTION('',(0.,-1.,0.));
#1487 = PLANE('',#1488);
#1488 = AXIS2_PLACEMENT_3D('',#1489,#1490,#1491);
#1489 = CARTESIAN_POINT('',(77.676792205354,-45.43810582902,6.3));
#1490 = DIRECTION('',(0.,0.,1.));
#1491 = DIRECTION('',(1.,0.,0.));
#1492 = ADVANCED_FACE('',(#1493,#2179,#2213,#2247,#2281,#2315,#2349,
    #2360,#2394,#2428,#2462,#2473,#2507,#2541,#2575,#2609,#2643,#2654,
    #2688,#2722,#2756,#2790),#2824,.T.);
#1493 = FACE_BOUND('',#1494,.T.);
#1494 = EDGE_LOOP('',(#1495,#1496,#1497,#1506,#1514,#1523,#1531,#1540,
    #1548,#1557,#1565,#1574,#1582,#1591,#1599,#1608,#1616,#1625,#1633,
    #1642,#1650,#1658,#1666,#1674,#1682,#1690,#1698,#1706,#1714,#1722,
    #1730,#1738,#1746,#1754,#1762,#1770,#1778,#1786,#1794,#1802,#1810,
    #1818,#1826,#1834,#1842,#1850,#1858,#1866,#1874,#1882,#1890,#1898,
    #1906,#1914,#1922,#1930,#1938,#1946,#1954,#1962,#1970,#1978,#1986,
    #1994,#2002,#2010,#2018,#2027,#2035,#2044,#2052,#2061,#2069,#2078,
    #2086,#2095,#2103,#2112,#2120,#2129,#2137,#2146,#2154,#2163,#2171,
    #2178));
#1495 = ORIENTED_EDGE('',*,*,#31,.F.);
#1496 = ORIENTED_EDGE('',*,*,#73,.F.);
#1497 = ORIENTED_EDGE('',*,*,#1498,.F.);
#1498 = EDGE_CURVE('',#1499,#66,#1501,.T.);
#1499 = VERTEX_POINT('',#1500);
#1500 = CARTESIAN_POINT('',(20.65,-74.75,7.6));
#1501 = CIRCLE('',#1502,2.4);
#1502 = AXIS2_PLACEMENT_3D('',#1503,#1504,#1505);
#1503 = CARTESIAN_POINT('',(20.65,-72.35,7.6));
#1504 = DIRECTION('',(0.,0.,-1.));
#1505 = DIRECTION('',(-7.4E-15,-1.,-0.));
#1506 = ORIENTED_EDGE('',*,*,#1507,.F.);
#1507 = EDGE_CURVE('',#1508,#1499,#1510,.T.);
#1508 = VERTEX_POINT('',#1509);
#1509 = CARTESIAN_POINT('',(39.35,-74.75,7.6));
#1510 = LINE('',#1511,#1512);
#1511 = CARTESIAN_POINT('',(39.35,-74.75,7.6));
#1512 = VECTOR('',#1513,1.);
#1513 = DIRECTION('',(-1.,0.,0.));
#1514 = ORIENTED_EDGE('',*,*,#1515,.F.);
#1515 = EDGE_CURVE('',#1516,#1508,#1518,.T.);
#1516 = VERTEX_POINT('',#1517);
#1517 = CARTESIAN_POINT('',(41.75,-72.35,7.6));
#1518 = CIRCLE('',#1519,2.4);
#1519 = AXIS2_PLACEMENT_3D('',#1520,#1521,#1522);
#1520 = CARTESIAN_POINT('',(39.35,-72.35,7.6));
#1521 = DIRECTION('',(0.,0.,-1.));
#1522 = DIRECTION('',(1.,-5.92E-15,0.));
#1523 = ORIENTED_EDGE('',*,*,#1524,.F.);
#1524 = EDGE_CURVE('',#1525,#1516,#1527,.T.);
#1525 = VERTEX_POINT('',#1526);
#1526 = CARTESIAN_POINT('',(41.75,-66.75,7.6));
#1527 = LINE('',#1528,#1529);
#1528 = CARTESIAN_POINT('',(41.75,-66.75,7.6));
#1529 = VECTOR('',#1530,1.);
#1530 = DIRECTION('',(0.,-1.,0.));
#1531 = ORIENTED_EDGE('',*,*,#1532,.F.);
#1532 = EDGE_CURVE('',#1533,#1525,#1535,.T.);
#1533 = VERTEX_POINT('',#1534);
#1534 = CARTESIAN_POINT('',(45.75,-62.75,7.6));
#1535 = CIRCLE('',#1536,4.);
#1536 = AXIS2_PLACEMENT_3D('',#1537,#1538,#1539);
#1537 = CARTESIAN_POINT('',(45.75,-66.75,7.6));
#1538 = DIRECTION('',(0.,-0.,1.));
#1539 = DIRECTION('',(0.,1.,0.));
#1540 = ORIENTED_EDGE('',*,*,#1541,.F.);
#1541 = EDGE_CURVE('',#1542,#1533,#1544,.T.);
#1542 = VERTEX_POINT('',#1543);
#1543 = CARTESIAN_POINT('',(63.646853249199,-62.75,7.6));
#1544 = LINE('',#1545,#1546);
#1545 = CARTESIAN_POINT('',(63.646853249199,-62.75,7.6));
#1546 = VECTOR('',#1547,1.);
#1547 = DIRECTION('',(-1.,0.,0.));
#1548 = ORIENTED_EDGE('',*,*,#1549,.F.);
#1549 = EDGE_CURVE('',#1550,#1542,#1552,.T.);
#1550 = VERTEX_POINT('',#1551);
#1551 = CARTESIAN_POINT('',(66.635437343474,-65.48853277175,7.6));
#1552 = CIRCLE('',#1553,3.);
#1553 = AXIS2_PLACEMENT_3D('',#1554,#1555,#1556);
#1554 = CARTESIAN_POINT('',(63.646853249199,-65.75,7.6));
#1555 = DIRECTION('',(0.,-0.,1.));
#1556 = DIRECTION('',(0.996194698092,8.715574274766E-02,0.));
#1557 = ORIENTED_EDGE('',*,*,#1558,.F.);
#1558 = EDGE_CURVE('',#1559,#1550,#1561,.T.);
#1559 = VERTEX_POINT('',#1560);
#1560 = CARTESIAN_POINT('',(68.109618492113,-82.33850040444,7.6));
#1561 = LINE('',#1562,#1563);
#1562 = CARTESIAN_POINT('',(68.109618492113,-82.33850040444,7.6));
#1563 = VECTOR('',#1564,1.);
#1564 = DIRECTION('',(-8.715574274766E-02,0.996194698092,0.));
#1565 = ORIENTED_EDGE('',*,*,#1566,.F.);
#1566 = EDGE_CURVE('',#1567,#1559,#1569,.T.);
#1567 = VERTEX_POINT('',#1568);
#1568 = CARTESIAN_POINT('',(70.709659550127,-84.52019389726,7.6));
#1569 = CIRCLE('',#1570,2.4);
#1570 = AXIS2_PLACEMENT_3D('',#1571,#1572,#1573);
#1571 = CARTESIAN_POINT('',(70.500485767533,-82.12932662184,7.6));
#1572 = DIRECTION('',(0.,0.,-1.));
#1573 = DIRECTION('',(8.715574274765E-02,-0.996194698092,0.));
#1574 = ORIENTED_EDGE('',*,*,#1575,.F.);
#1575 = EDGE_CURVE('',#1576,#1567,#1578,.T.);
#1576 = VERTEX_POINT('',#1577);
#1577 = CARTESIAN_POINT('',(84.806403880123,-83.28688857577,7.6));
#1578 = LINE('',#1579,#1580);
#1579 = CARTESIAN_POINT('',(84.806403880123,-83.28688857577,7.6));
#1580 = VECTOR('',#1581,1.);
#1581 = DIRECTION('',(-0.996194698092,-8.715574274766E-02,0.));
#1582 = ORIENTED_EDGE('',*,*,#1583,.F.);
#1583 = EDGE_CURVE('',#1584,#1576,#1586,.T.);
#1584 = VERTEX_POINT('',#1585);
#1585 = CARTESIAN_POINT('',(93.934541094633,-83.68543165355,7.6));
#1586 = CIRCLE('',#1587,35.);
#1587 = AXIS2_PLACEMENT_3D('',#1588,#1589,#1590);
#1588 = CARTESIAN_POINT('',(87.856854876291,-118.1537030089,7.6));
#1589 = DIRECTION('',(0.,-0.,1.));
#1590 = DIRECTION('',(0.173648177667,0.984807753012,0.));
#1591 = ORIENTED_EDGE('',*,*,#1592,.F.);
#1592 = EDGE_CURVE('',#1593,#1584,#1595,.T.);
#1593 = VERTEX_POINT('',#1594);
#1594 = CARTESIAN_POINT('',(102.52820107264,-85.20072577071,7.6));
#1595 = LINE('',#1596,#1597);
#1596 = CARTESIAN_POINT('',(102.52820107264,-85.20072577071,7.6));
#1597 = VECTOR('',#1598,1.);
#1598 = DIRECTION('',(-0.984807753012,0.173648177667,0.));
#1599 = ORIENTED_EDGE('',*,*,#1600,.F.);
#1600 = EDGE_CURVE('',#1601,#1593,#1603,.T.);
#1601 = VERTEX_POINT('',#1602);
#1602 = CARTESIAN_POINT('',(111.24215401522,-87.94822457985,7.6));
#1603 = CIRCLE('',#1604,35.);
#1604 = AXIS2_PLACEMENT_3D('',#1605,#1606,#1607);
#1605 = CARTESIAN_POINT('',(96.4505148543,-119.6689971261,7.6));
#1606 = DIRECTION('',(0.,-0.,1.));
#1607 = DIRECTION('',(0.422618261741,0.906307787037,0.));
#1608 = ORIENTED_EDGE('',*,*,#1609,.F.);
#1609 = EDGE_CURVE('',#1610,#1601,#1612,.T.);
#1610 = VERTEX_POINT('',#1611);
#1611 = CARTESIAN_POINT('',(125.50821323333,-94.60059724495,7.6));
#1612 = LINE('',#1613,#1614);
#1613 = CARTESIAN_POINT('',(125.50821323333,-94.60059724495,7.6));
#1614 = VECTOR('',#1615,1.);
#1615 = DIRECTION('',(-0.906307787037,0.422618261741,0.));
#1616 = ORIENTED_EDGE('',*,*,#1617,.F.);
#1617 = EDGE_CURVE('',#1618,#1610,#1620,.T.);
#1618 = VERTEX_POINT('',#1619);
#1619 = CARTESIAN_POINT('',(128.6976357504,-93.43974238424,7.6));
#1620 = CIRCLE('',#1621,2.4);
#1621 = AXIS2_PLACEMENT_3D('',#1622,#1623,#1624);
#1622 = CARTESIAN_POINT('',(126.52249706151,-92.42545855606,7.6));
#1623 = DIRECTION('',(0.,-0.,-1.));
#1624 = DIRECTION('',(0.906307787037,-0.422618261741,0.));
#1625 = ORIENTED_EDGE('',*,*,#1626,.F.);
#1626 = EDGE_CURVE('',#1627,#1618,#1629,.T.);
#1627 = VERTEX_POINT('',#1628);
#1628 = CARTESIAN_POINT('',(134.77513868888,-80.40649527325,7.6));
#1629 = LINE('',#1630,#1631);
#1630 = CARTESIAN_POINT('',(134.77513868888,-80.40649527325,7.6));
#1631 = VECTOR('',#1632,1.);
#1632 = DIRECTION('',(-0.422618261741,-0.906307787037,0.));
#1633 = ORIENTED_EDGE('',*,*,#1634,.F.);
#1634 = EDGE_CURVE('',#1635,#1627,#1637,.T.);
#1635 = VERTEX_POINT('',#1636);
#1636 = CARTESIAN_POINT('',(135.,-79.39221144507,7.6));
#1637 = CIRCLE('',#1638,2.4);
#1638 = AXIS2_PLACEMENT_3D('',#1639,#1640,#1641);
#1639 = CARTESIAN_POINT('',(132.6,-79.39221144507,7.6));
#1640 = DIRECTION('',(0.,0.,-1.));
#1641 = DIRECTION('',(1.,0.,0.));
#1642 = ORIENTED_EDGE('',*,*,#1643,.F.);
#1643 = EDGE_CURVE('',#1644,#1635,#1646,.T.);
#1644 = VERTEX_POINT('',#1645);
#1645 = CARTESIAN_POINT('',(135.,-66.47939768731,7.6));
#1646 = LINE('',#1647,#1648);
#1647 = CARTESIAN_POINT('',(135.,-13.4,7.6));
#1648 = VECTOR('',#1649,1.);
#1649 = DIRECTION('',(0.,-1.,0.));
#1650 = ORIENTED_EDGE('',*,*,#1651,.T.);
#1651 = EDGE_CURVE('',#1644,#1652,#1654,.T.);
#1652 = VERTEX_POINT('',#1653);
#1653 = CARTESIAN_POINT('',(134.94760855987,-66.5668075244,7.6));
#1654 = LINE('',#1655,#1656);
#1655 = CARTESIAN_POINT('',(132.03768628577,-71.42171953481,7.6));
#1656 = VECTOR('',#1657,1.);
#1657 = DIRECTION('',(-0.514102744193,-0.85772861,0.));
#1658 = ORIENTED_EDGE('',*,*,#1659,.T.);
#1659 = EDGE_CURVE('',#1652,#1660,#1662,.T.);
#1660 = VERTEX_POINT('',#1661);
#1661 = CARTESIAN_POINT('',(134.86692223025,-66.67560044583,7.6));
#1662 = LINE('',#1663,#1664);
#1663 = CARTESIAN_POINT('',(129.80049814031,-73.50688253064,7.6));
#1664 = VECTOR('',#1665,1.);
#1665 = DIRECTION('',(-0.595699304492,-0.803207531481,0.));
#1666 = ORIENTED_EDGE('',*,*,#1667,.T.);
#1667 = EDGE_CURVE('',#1660,#1668,#1670,.T.);
#1668 = VERTEX_POINT('',#1669);
#1669 = CARTESIAN_POINT('',(134.77596085632,-66.77596085632,7.6));
#1670 = LINE('',#1671,#1672);
#1671 = CARTESIAN_POINT('',(127.20911985595,-75.12468335364,7.6));
#1672 = VECTOR('',#1673,1.);
#1673 = DIRECTION('',(-0.671558954847,-0.740951125355,0.));
#1674 = ORIENTED_EDGE('',*,*,#1675,.T.);
#1675 = EDGE_CURVE('',#1668,#1676,#1678,.T.);
#1676 = VERTEX_POINT('',#1677);
#1677 = CARTESIAN_POINT('',(134.67560044583,-66.86692223025,7.6));
#1678 = LINE('',#1679,#1680);
#1679 = CARTESIAN_POINT('',(124.36059103752,-76.21590180588,7.6));
#1680 = VECTOR('',#1681,1.);
#1681 = DIRECTION('',(-0.740951125355,-0.671558954847,0.));
#1682 = ORIENTED_EDGE('',*,*,#1683,.T.);
#1683 = EDGE_CURVE('',#1676,#1684,#1686,.T.);
#1684 = VERTEX_POINT('',#1685);
#1685 = CARTESIAN_POINT('',(134.5668075244,-66.94760855987,7.6));
#1686 = LINE('',#1687,#1688);
#1687 = CARTESIAN_POINT('',(121.36155645183,-76.74129023149,7.6));
#1688 = VECTOR('',#1689,1.);
#1689 = DIRECTION('',(-0.803207531481,-0.595699304492,0.));
#1690 = ORIENTED_EDGE('',*,*,#1691,.T.);
#1691 = EDGE_CURVE('',#1684,#1692,#1694,.T.);
#1692 = VERTEX_POINT('',#1693);
#1693 = CARTESIAN_POINT('',(134.45062982732,-67.0172427917,7.6));
#1694 = LINE('',#1695,#1696);
#1695 = CARTESIAN_POINT('',(118.32419491223,-76.68305590233,7.6));
#1696 = VECTOR('',#1697,1.);
#1697 = DIRECTION('',(-0.85772861,-0.514102744193,0.));
#1698 = ORIENTED_EDGE('',*,*,#1699,.T.);
#1699 = EDGE_CURVE('',#1692,#1700,#1702,.T.);
#1700 = VERTEX_POINT('',#1701);
#1701 = CARTESIAN_POINT('',(134.32818620934,-67.07515431004,7.6));
#1702 = LINE('',#1703,#1704);
#1703 = CARTESIAN_POINT('',(115.36193789862,-76.04552169182,7.6));
#1704 = VECTOR('',#1705,1.);
#1705 = DIRECTION('',(-0.903989293123,-0.42755509343,0.));
#1706 = ORIENTED_EDGE('',*,*,#1707,.T.);
#1707 = EDGE_CURVE('',#1700,#1708,#1710,.T.);
#1708 = VERTEX_POINT('',#1709);
#1709 = CARTESIAN_POINT('',(134.20065586942,-67.12078539531,7.6));
#1710 = LINE('',#1711,#1712);
#1711 = CARTESIAN_POINT('',(112.58514215909,-74.85493987001,7.6));
#1712 = VECTOR('',#1713,1.);
#1713 = DIRECTION('',(-0.941544065183,-0.336889853392,0.));
#1714 = ORIENTED_EDGE('',*,*,#1715,.T.);
#1715 = EDGE_CURVE('',#1708,#1716,#1718,.T.);
#1716 = VERTEX_POINT('',#1717);
#1717 = CARTESIAN_POINT('',(134.06926699446,-67.1536965952,7.6));
#1718 = LINE('',#1719,#1720);
#1719 = CARTESIAN_POINT('',(110.0968822871,-73.15846636908,7.6));
#1720 = VECTOR('',#1721,1.);
#1721 = DIRECTION('',(-0.970031253195,-0.242980179903,0.));
#1722 = ORIENTED_EDGE('',*,*,#1723,.T.);
#1723 = EDGE_CURVE('',#1716,#1724,#1726,.T.);
#1724 = VERTEX_POINT('',#1725);
#1725 = CARTESIAN_POINT('',(133.93528493115,-67.17357095687,7.6));
#1726 = LINE('',#1727,#1728);
#1727 = CARTESIAN_POINT('',(107.9890246404,-71.02233510003,7.6));
#1728 = VECTOR('',#1729,1.);
#1729 = DIRECTION('',(-0.989176509965,-0.146730474455,0.));
#1730 = ORIENTED_EDGE('',*,*,#1731,.T.);
#1731 = EDGE_CURVE('',#1724,#1732,#1734,.T.);
#1732 = VERTEX_POINT('',#1733);
#1733 = CARTESIAN_POINT('',(133.80441875198,-67.18,7.6));
#1734 = LINE('',#1735,#1736);
#1735 = CARTESIAN_POINT('',(106.34094251742,-68.52919407112,7.6));
#1736 = VECTOR('',#1737,1.);
#1737 = DIRECTION('',(-0.998795456205,-4.906767432743E-02,0.));
#1738 = ORIENTED_EDGE('',*,*,#1739,.T.);
#1739 = EDGE_CURVE('',#1732,#1740,#1742,.T.);
#1740 = VERTEX_POINT('',#1741);
#1741 = CARTESIAN_POINT('',(112.19558124802,-67.18,7.6));
#1742 = LINE('',#1743,#1744);
#1743 = CARTESIAN_POINT('',(94.936186726687,-67.18,7.6));
#1744 = VECTOR('',#1745,1.);
#1745 = DIRECTION('',(-1.,0.,0.));
#1746 = ORIENTED_EDGE('',*,*,#1747,.T.);
#1747 = EDGE_CURVE('',#1740,#1748,#1750,.T.);
#1748 = VERTEX_POINT('',#1749);
#1749 = CARTESIAN_POINT('',(112.06471506884,-67.17357095687,7.6));
#1750 = LINE('',#1751,#1752);
#1751 = CARTESIAN_POINT('',(94.37953841515,-66.30475394026,7.6));
#1752 = VECTOR('',#1753,1.);
#1753 = DIRECTION('',(-0.998795456205,4.906767432741E-02,0.));
#1754 = ORIENTED_EDGE('',*,*,#1755,.T.);
#1755 = EDGE_CURVE('',#1748,#1756,#1758,.T.);
#1756 = VERTEX_POINT('',#1757);
#1757 = CARTESIAN_POINT('',(111.93073300553,-67.1536965952,7.6));
#1758 = LINE('',#1759,#1760);
#1759 = CARTESIAN_POINT('',(93.596577588883,-64.43408154579,7.6));
#1760 = VECTOR('',#1761,1.);
#1761 = DIRECTION('',(-0.989176509965,0.146730474455,0.));
#1762 = ORIENTED_EDGE('',*,*,#1763,.T.);
#1763 = EDGE_CURVE('',#1756,#1764,#1766,.T.);
#1764 = VERTEX_POINT('',#1765);
#1765 = CARTESIAN_POINT('',(111.79934413057,-67.12078539531,7.6));
#1766 = LINE('',#1767,#1768);
#1767 = CARTESIAN_POINT('',(93.190069016801,-62.45940464069,7.6));
#1768 = VECTOR('',#1769,1.);
#1769 = DIRECTION('',(-0.970031253195,0.242980179903,0.));
#1770 = ORIENTED_EDGE('',*,*,#1771,.T.);
#1771 = EDGE_CURVE('',#1764,#1772,#1774,.T.);
#1772 = VERTEX_POINT('',#1773);
#1773 = CARTESIAN_POINT('',(111.67181379066,-67.07515431004,7.6));
#1774 = LINE('',#1775,#1776);
#1775 = CARTESIAN_POINT('',(93.171832071029,-60.45575500655,7.6));
#1776 = VECTOR('',#1777,1.);
#1777 = DIRECTION('',(-0.941544065183,0.336889853392,0.));
#1778 = ORIENTED_EDGE('',*,*,#1779,.T.);
#1779 = EDGE_CURVE('',#1772,#1780,#1782,.T.);
#1780 = VERTEX_POINT('',#1781);
#1781 = CARTESIAN_POINT('',(111.54937017267,-67.0172427917,7.6));
#1782 = LINE('',#1783,#1784);
#1783 = CARTESIAN_POINT('',(93.538867074224,-58.49890923006,7.6));
#1784 = VECTOR('',#1785,1.);
#1785 = DIRECTION('',(-0.903989293123,0.42755509343,0.));
#1786 = ORIENTED_EDGE('',*,*,#1787,.T.);
#1787 = EDGE_CURVE('',#1780,#1788,#1790,.T.);
#1788 = VERTEX_POINT('',#1789);
#1789 = CARTESIAN_POINT('',(111.4331924756,-66.94760855987,7.6));
#1790 = LINE('',#1791,#1792);
#1791 = CARTESIAN_POINT('',(94.273506213469,-56.66248842513,7.6));
#1792 = VECTOR('',#1793,1.);
#1793 = DIRECTION('',(-0.85772861,0.514102744193,0.));
#1794 = ORIENTED_EDGE('',*,*,#1795,.T.);
#1795 = EDGE_CURVE('',#1788,#1796,#1798,.T.);
#1796 = VERTEX_POINT('',#1797);
#1797 = CARTESIAN_POINT('',(111.32439955416,-66.86692223025,7.6));
#1798 = LINE('',#1799,#1800);
#1799 = CARTESIAN_POINT('',(95.344126816717,-55.01514422495,7.6));
#1800 = VECTOR('',#1801,1.);
#1801 = DIRECTION('',(-0.803207531481,0.595699304492,0.));
#1802 = ORIENTED_EDGE('',*,*,#1803,.T.);
#1803 = EDGE_CURVE('',#1796,#1804,#1806,.T.);
#1804 = VERTEX_POINT('',#1805);
#1805 = CARTESIAN_POINT('',(111.22403914367,-66.77596085632,7.6));
#1806 = LINE('',#1807,#1808);
#1807 = CARTESIAN_POINT('',(96.706399250608,-53.6179390384,7.6));
#1808 = VECTOR('',#1809,1.);
#1809 = DIRECTION('',(-0.740951125355,0.671558954847,0.));
#1810 = ORIENTED_EDGE('',*,*,#1811,.T.);
#1811 = EDGE_CURVE('',#1804,#1812,#1814,.T.);
#1812 = VERTEX_POINT('',#1813);
#1813 = CARTESIAN_POINT('',(111.13307776974,-66.67560044583,7.6));
#1814 = LINE('',#1815,#1816);
#1815 = CARTESIAN_POINT('',(98.305021169052,-52.52202106789,7.6));
#1816 = VECTOR('',#1817,1.);
#1817 = DIRECTION('',(-0.671558954847,0.740951125355,0.));
#1818 = ORIENTED_EDGE('',*,*,#1819,.T.);
#1819 = EDGE_CURVE('',#1812,#1820,#1822,.T.);
#1820 = VERTEX_POINT('',#1821);
#1821 = CARTESIAN_POINT('',(111.05239144012,-66.5668075244,7.6));
#1822 = LINE('',#1823,#1824);
#1823 = CARTESIAN_POINT('',(100.07587117095,-51.76668322819,7.6));
#1824 = VECTOR('',#1825,1.);
#1825 = DIRECTION('',(-0.595699304492,0.803207531481,0.));
#1826 = ORIENTED_EDGE('',*,*,#1827,.T.);
#1827 = EDGE_CURVE('',#1820,#1828,#1830,.T.);
#1828 = VERTEX_POINT('',#1829);
#1829 = CARTESIAN_POINT('',(110.98275720829,-66.45062982732,7.6));
#1830 = LINE('',#1831,#1832);
#1831 = CARTESIAN_POINT('',(101.94849882942,-51.37788032499,7.6));
#1832 = VECTOR('',#1833,1.);
#1833 = DIRECTION('',(-0.514102744193,0.85772861,0.));
#1834 = ORIENTED_EDGE('',*,*,#1835,.T.);
#1835 = EDGE_CURVE('',#1828,#1836,#1838,.T.);
#1836 = VERTEX_POINT('',#1837);
#1837 = CARTESIAN_POINT('',(110.92484568995,-66.32818620934,7.6));
#1838 = LINE('',#1839,#1840);
#1839 = CARTESIAN_POINT('',(103.84885515294,-51.36726121514,7.6));
#1840 = VECTOR('',#1841,1.);
#1841 = DIRECTION('',(-0.42755509343,0.903989293123,0.));
#1842 = ORIENTED_EDGE('',*,*,#1843,.T.);
#1843 = EDGE_CURVE('',#1836,#1844,#1846,.T.);
#1844 = VERTEX_POINT('',#1845);
#1845 = CARTESIAN_POINT('',(110.87921460468,-66.20065586942,7.6));
#1846 = LINE('',#1847,#1848);
#1847 = CARTESIAN_POINT('',(105.70215832583,-51.73175285737,7.6));
#1848 = VECTOR('',#1849,1.);
#1849 = DIRECTION('',(-0.336889853392,0.941544065183,0.));
#1850 = ORIENTED_EDGE('',*,*,#1851,.T.);
#1851 = EDGE_CURVE('',#1844,#1852,#1854,.T.);
#1852 = VERTEX_POINT('',#1853);
#1853 = CARTESIAN_POINT('',(110.84630340479,-66.06926699446,7.6));
#1854 = LINE('',#1855,#1856);
#1855 = CARTESIAN_POINT('',(107.43578440606,-52.45371193272,7.6));
#1856 = VECTOR('',#1857,1.);
#1857 = DIRECTION('',(-0.242980179903,0.970031253195,0.));
#1858 = ORIENTED_EDGE('',*,*,#1859,.T.);
#1859 = EDGE_CURVE('',#1852,#1860,#1862,.T.);
#1860 = VERTEX_POINT('',#1861);
#1861 = CARTESIAN_POINT('',(110.82642904312,-65.93528493115,7.6));
#1862 = LINE('',#1863,#1864);
#1863 = CARTESIAN_POINT('',(108.98207172984,-53.50163788509,7.6));
#1864 = VECTOR('',#1865,1.);
#1865 = DIRECTION('',(-0.146730474455,0.989176509965,0.));
#1866 = ORIENTED_EDGE('',*,*,#1867,.T.);
#1867 = EDGE_CURVE('',#1860,#1868,#1870,.T.);
#1868 = VERTEX_POINT('',#1869);
#1869 = CARTESIAN_POINT('',(110.82,-65.80441875198,7.6));
#1870 = LINE('',#1871,#1872);
#1871 = CARTESIAN_POINT('',(110.28103966093,-54.833629019,7.6));
#1872 = VECTOR('',#1873,1.);
#1873 = DIRECTION('',(-4.906767432741E-02,0.998795456205,0.));
#1874 = ORIENTED_EDGE('',*,*,#1875,.T.);
#1875 = EDGE_CURVE('',#1868,#1876,#1878,.T.);
#1876 = VERTEX_POINT('',#1877);
#1877 = CARTESIAN_POINT('',(110.82,-12.19558124802,7.6));
#1878 = LINE('',#1879,#1880);
#1879 = CARTESIAN_POINT('',(110.82,-28.81684353852,7.6));
#1880 = VECTOR('',#1881,1.);
#1881 = DIRECTION('',(0.,1.,0.));
#1882 = ORIENTED_EDGE('',*,*,#1883,.T.);
#1883 = EDGE_CURVE('',#1876,#1884,#1886,.T.);
#1884 = VERTEX_POINT('',#1885);
#1885 = CARTESIAN_POINT('',(110.82642904312,-12.06471506884,7.6));
#1886 = LINE('',#1887,#1888);
#1887 = CARTESIAN_POINT('',(109.96873182124,-29.52354310078,7.6));
#1888 = VECTOR('',#1889,1.);
#1889 = DIRECTION('',(4.906767432741E-02,0.998795456205,0.));
#1890 = ORIENTED_EDGE('',*,*,#1891,.T.);
#1891 = EDGE_CURVE('',#1884,#1892,#1894,.T.);
#1892 = VERTEX_POINT('',#1893);
#1893 = CARTESIAN_POINT('',(110.84630340479,-11.93073300553,7.6));
#1894 = LINE('',#1895,#1896);
#1895 = CARTESIAN_POINT('',(108.05756717432,-30.73086557451,7.6));
#1896 = VECTOR('',#1897,1.);
#1897 = DIRECTION('',(0.146730474455,0.989176509965,0.));
#1898 = ORIENTED_EDGE('',*,*,#1899,.T.);
#1899 = EDGE_CURVE('',#1892,#1900,#1902,.T.);
#1900 = VERTEX_POINT('',#1901);
#1901 = CARTESIAN_POINT('',(110.87921460468,-11.79934413057,7.6));
#1902 = LINE('',#1903,#1904);
#1903 = CARTESIAN_POINT('',(105.93478896644,-31.53859776068,7.6));
#1904 = VECTOR('',#1905,1.);
#1905 = DIRECTION('',(0.242980179903,0.970031253195,0.));
#1906 = ORIENTED_EDGE('',*,*,#1907,.T.);
#1907 = EDGE_CURVE('',#1900,#1908,#1910,.T.);
#1908 = VERTEX_POINT('',#1909);
#1909 = CARTESIAN_POINT('',(110.92484568995,-11.67181379066,7.6));
#1910 = LINE('',#1911,#1912);
#1911 = CARTESIAN_POINT('',(103.68282831813,-31.91189644002,7.6));
#1912 = VECTOR('',#1913,1.);
#1913 = DIRECTION('',(0.336889853392,0.941544065183,0.));
#1914 = ORIENTED_EDGE('',*,*,#1915,.T.);
#1915 = EDGE_CURVE('',#1908,#1916,#1918,.T.);
#1916 = VERTEX_POINT('',#1917);
#1917 = CARTESIAN_POINT('',(110.98275720829,-11.54937017267,7.6));
#1918 = LINE('',#1919,#1920);
#1919 = CARTESIAN_POINT('',(101.38944935927,-31.83271544071,7.6));
#1920 = VECTOR('',#1921,1.);
#1921 = DIRECTION('',(0.42755509343,0.903989293123,0.));
#1922 = ORIENTED_EDGE('',*,*,#1923,.T.);
#1923 = EDGE_CURVE('',#1916,#1924,#1926,.T.);
#1924 = VERTEX_POINT('',#1925);
#1925 = CARTESIAN_POINT('',(111.05239144012,-11.4331924756,7.6));
#1926 = LINE('',#1927,#1928);
#1927 = CARTESIAN_POINT('',(99.144364728978,-31.30053478054,7.6));
#1928 = VECTOR('',#1929,1.);
#1929 = DIRECTION('',(0.514102744193,0.85772861,0.));
#1930 = ORIENTED_EDGE('',*,*,#1931,.T.);
#1931 = EDGE_CURVE('',#1924,#1932,#1934,.T.);
#1932 = VERTEX_POINT('',#1933);
#1933 = CARTESIAN_POINT('',(111.13307776974,-11.32439955416,7.6));
#1934 = LINE('',#1935,#1936);
#1935 = CARTESIAN_POINT('',(97.035772759008,-30.33241496195,7.6));
#1936 = VECTOR('',#1937,1.);
#1937 = DIRECTION('',(0.595699304492,0.803207531481,0.));
#1938 = ORIENTED_EDGE('',*,*,#1939,.T.);
#1939 = EDGE_CURVE('',#1932,#1940,#1942,.T.);
#1940 = VERTEX_POINT('',#1941);
#1941 = CARTESIAN_POINT('',(111.22403914367,-11.22403914367,7.6));
#1942 = LINE('',#1943,#1944);
#1943 = CARTESIAN_POINT('',(95.146949561146,-28.96237400262,7.6));
#1944 = VECTOR('',#1945,1.);
#1945 = DIRECTION('',(0.671558954847,0.740951125355,0.));
#1946 = ORIENTED_EDGE('',*,*,#1947,.T.);
#1947 = EDGE_CURVE('',#1940,#1948,#1950,.T.);
#1948 = VERTEX_POINT('',#1949);
#1949 = CARTESIAN_POINT('',(111.32439955416,-11.13307776974,7.6));
#1950 = LINE('',#1951,#1952);
#1951 = CARTESIAN_POINT('',(93.553027160981,-27.24011082788,7.6));
#1952 = VECTOR('',#1953,1.);
#1953 = DIRECTION('',(0.740951125355,0.671558954847,0.));
#1954 = ORIENTED_EDGE('',*,*,#1955,.T.);
#1955 = EDGE_CURVE('',#1948,#1956,#1958,.T.);
#1956 = VERTEX_POINT('',#1957);
#1957 = CARTESIAN_POINT('',(111.4331924756,-11.05239144012,7.6));
#1958 = LINE('',#1959,#1960);
#1959 = CARTESIAN_POINT('',(92.318081700683,-25.22912378839,7.6));
#1960 = VECTOR('',#1961,1.);
#1961 = DIRECTION('',(0.803207531481,0.595699304492,0.));
#1962 = ORIENTED_EDGE('',*,*,#1963,.T.);
#1963 = EDGE_CURVE('',#1956,#1964,#1966,.T.);
#1964 = VERTEX_POINT('',#1965);
#1965 = CARTESIAN_POINT('',(111.54937017267,-10.98275720829,7.6));
#1966 = LINE('',#1967,#1968);
#1967 = CARTESIAN_POINT('',(91.492643845636,-23.00429633389,7.6));
#1968 = VECTOR('',#1969,1.);
#1969 = DIRECTION('',(0.85772861,0.514102744193,0.));
#1970 = ORIENTED_EDGE('',*,*,#1971,.T.);
#1971 = EDGE_CURVE('',#1964,#1972,#1974,.T.);
#1972 = VERTEX_POINT('',#1973);
#1973 = CARTESIAN_POINT('',(111.67181379066,-10.92484568995,7.6));
#1974 = LINE('',#1975,#1976);
#1975 = CARTESIAN_POINT('',(91.111727330372,-20.64904237494,7.6));
#1976 = VECTOR('',#1977,1.);
#1977 = DIRECTION('',(0.903989293123,0.42755509343,0.));
#1978 = ORIENTED_EDGE('',*,*,#1979,.T.);
#1979 = EDGE_CURVE('',#1972,#1980,#1982,.T.);
#1980 = VERTEX_POINT('',#1981);
#1981 = CARTESIAN_POINT('',(111.79934413057,-10.87921460468,7.6));
#1982 = LINE('',#1983,#1984);
#1983 = CARTESIAN_POINT('',(91.193451690653,-18.25212081248,7.6));
#1984 = VECTOR('',#1985,1.);
#1985 = DIRECTION('',(0.941544065183,0.336889853392,0.));
#1986 = ORIENTED_EDGE('',*,*,#1987,.T.);
#1987 = EDGE_CURVE('',#1980,#1988,#1990,.T.);
#1988 = VERTEX_POINT('',#1989);
#1989 = CARTESIAN_POINT('',(111.93073300553,-10.84630340479,7.6));
#1990 = LINE('',#1991,#1992);
#1991 = CARTESIAN_POINT('',(91.73831241471,-15.90424145749,7.6));
#1992 = VECTOR('',#1993,1.);
#1993 = DIRECTION('',(0.970031253195,0.242980179903,0.));
#1994 = ORIENTED_EDGE('',*,*,#1995,.T.);
#1995 = EDGE_CURVE('',#1988,#1996,#1998,.T.);
#1996 = VERTEX_POINT('',#1997);
#1997 = CARTESIAN_POINT('',(112.06471506884,-10.82642904312,7.6));
#1998 = LINE('',#1999,#2000);
#1999 = CARTESIAN_POINT('',(92.729126884185,-13.69459261113,7.6));
#2000 = VECTOR('',#2001,1.);
#2001 = DIRECTION('',(0.989176509965,0.146730474455,0.));
#2002 = ORIENTED_EDGE('',*,*,#2003,.T.);
#2003 = EDGE_CURVE('',#1996,#2004,#2006,.T.);
#2004 = VERTEX_POINT('',#2005);
#2005 = CARTESIAN_POINT('',(112.19558124802,-10.82,7.6));
#2006 = LINE('',#2007,#2008);
#2007 = CARTESIAN_POINT('',(94.129449143487,-11.70753215781,7.6));
#2008 = VECTOR('',#2009,1.);
#2009 = DIRECTION('',(0.998795456205,4.906767432741E-02,0.));
#2010 = ORIENTED_EDGE('',*,*,#2011,.T.);
#2011 = EDGE_CURVE('',#2004,#2012,#2014,.T.);
#2012 = VERTEX_POINT('',#2013);
#2013 = CARTESIAN_POINT('',(114.39,-10.82,7.6));
#2014 = LINE('',#2015,#2016);
#2015 = CARTESIAN_POINT('',(105.14060547866,-10.82,7.6));
#2016 = VECTOR('',#2017,1.);
#2017 = DIRECTION('',(1.,0.,0.));
#2018 = ORIENTED_EDGE('',*,*,#2019,.F.);
#2019 = EDGE_CURVE('',#2020,#2012,#2022,.T.);
#2020 = VERTEX_POINT('',#2021);
#2021 = CARTESIAN_POINT('',(113.75,-9.7,7.6));
#2022 = CIRCLE('',#2023,1.3);
#2023 = AXIS2_PLACEMENT_3D('',#2024,#2025,#2026);
#2024 = CARTESIAN_POINT('',(115.05,-9.7,7.6));
#2025 = DIRECTION('',(0.,0.,1.));
#2026 = DIRECTION('',(-1.,4.1E-15,0.));
#2027 = ORIENTED_EDGE('',*,*,#2028,.F.);
#2028 = EDGE_CURVE('',#2029,#2020,#2031,.T.);
#2029 = VERTEX_POINT('',#2030);
#2030 = CARTESIAN_POINT('',(113.75,-9.65,7.6));
#2031 = LINE('',#2032,#2033);
#2032 = CARTESIAN_POINT('',(113.75,-9.65,7.6));
#2033 = VECTOR('',#2034,1.);
#2034 = DIRECTION('',(0.,-1.,0.));
#2035 = ORIENTED_EDGE('',*,*,#2036,.F.);
#2036 = EDGE_CURVE('',#2037,#2029,#2039,.T.);
#2037 = VERTEX_POINT('',#2038);
#2038 = CARTESIAN_POINT('',(111.35,-7.25,7.6));
#2039 = CIRCLE('',#2040,2.4);
#2040 = AXIS2_PLACEMENT_3D('',#2041,#2042,#2043);
#2041 = CARTESIAN_POINT('',(111.35,-9.65,7.6));
#2042 = DIRECTION('',(0.,0.,-1.));
#2043 = DIRECTION('',(5.92E-15,1.,0.));
#2044 = ORIENTED_EDGE('',*,*,#2045,.F.);
#2045 = EDGE_CURVE('',#2046,#2037,#2048,.T.);
#2046 = VERTEX_POINT('',#2047);
#2047 = CARTESIAN_POINT('',(96.435135135135,-7.25,7.6));
#2048 = LINE('',#2049,#2050);
#2049 = CARTESIAN_POINT('',(96.435135135135,-7.25,7.6));
#2050 = VECTOR('',#2051,1.);
#2051 = DIRECTION('',(1.,0.,0.));
#2052 = ORIENTED_EDGE('',*,*,#2053,.F.);
#2053 = EDGE_CURVE('',#2054,#2046,#2056,.T.);
#2054 = VERTEX_POINT('',#2055);
#2055 = CARTESIAN_POINT('',(95.75,-6.564864864865,7.6));
#2056 = CIRCLE('',#2057,0.685135135135);
#2057 = AXIS2_PLACEMENT_3D('',#2058,#2059,#2060);
#2058 = CARTESIAN_POINT('',(96.435135135135,-6.564864864865,7.6));
#2059 = DIRECTION('',(0.,0.,1.));
#2060 = DIRECTION('',(-1.,-2.593E-14,0.));
#2061 = ORIENTED_EDGE('',*,*,#2062,.F.);
#2062 = EDGE_CURVE('',#2063,#2054,#2065,.T.);
#2063 = VERTEX_POINT('',#2064);
#2064 = CARTESIAN_POINT('',(95.75,-6.514864864865,7.6));
#2065 = LINE('',#2066,#2067);
#2066 = CARTESIAN_POINT('',(95.75,-6.514864864865,7.6));
#2067 = VECTOR('',#2068,1.);
#2068 = DIRECTION('',(0.,-1.,0.));
#2069 = ORIENTED_EDGE('',*,*,#2070,.F.);
#2070 = EDGE_CURVE('',#2071,#2063,#2073,.T.);
#2071 = VERTEX_POINT('',#2072);
#2072 = CARTESIAN_POINT('',(94.485135135135,-5.25,7.6));
#2073 = CIRCLE('',#2074,1.264864864865);
#2074 = AXIS2_PLACEMENT_3D('',#2075,#2076,#2077);
#2075 = CARTESIAN_POINT('',(94.485135135135,-6.514864864865,7.6));
#2076 = DIRECTION('',(0.,0.,-1.));
#2077 = DIRECTION('',(1.124E-14,1.,0.));
#2078 = ORIENTED_EDGE('',*,*,#2079,.F.);
#2079 = EDGE_CURVE('',#2080,#2071,#2082,.T.);
#2080 = VERTEX_POINT('',#2081);
#2081 = CARTESIAN_POINT('',(79.05,-5.25,7.6));
#2082 = LINE('',#2083,#2084);
#2083 = CARTESIAN_POINT('',(79.05,-5.25,7.6));
#2084 = VECTOR('',#2085,1.);
#2085 = DIRECTION('',(1.,0.,0.));
#2086 = ORIENTED_EDGE('',*,*,#2087,.F.);
#2087 = EDGE_CURVE('',#2088,#2080,#2090,.T.);
#2088 = VERTEX_POINT('',#2089);
#2089 = CARTESIAN_POINT('',(77.75,-3.95,7.6));
#2090 = CIRCLE('',#2091,1.3);
#2091 = AXIS2_PLACEMENT_3D('',#2092,#2093,#2094);
#2092 = CARTESIAN_POINT('',(79.05,-3.95,7.6));
#2093 = DIRECTION('',(0.,0.,1.));
#2094 = DIRECTION('',(-1.,2.73E-15,0.));
#2095 = ORIENTED_EDGE('',*,*,#2096,.F.);
#2096 = EDGE_CURVE('',#2097,#2088,#2099,.T.);
#2097 = VERTEX_POINT('',#2098);
#2098 = CARTESIAN_POINT('',(77.75,-2.65,7.6));
#2099 = LINE('',#2100,#2101);
#2100 = CARTESIAN_POINT('',(77.75,-2.65,7.6));
#2101 = VECTOR('',#2102,1.);
#2102 = DIRECTION('',(0.,-1.,0.));
#2103 = ORIENTED_EDGE('',*,*,#2104,.F.);
#2104 = EDGE_CURVE('',#2105,#2097,#2107,.T.);
#2105 = VERTEX_POINT('',#2106);
#2106 = CARTESIAN_POINT('',(75.35,-0.25,7.6));
#2107 = CIRCLE('',#2108,2.4);
#2108 = AXIS2_PLACEMENT_3D('',#2109,#2110,#2111);
#2109 = CARTESIAN_POINT('',(75.35,-2.65,7.6));
#2110 = DIRECTION('',(0.,0.,-1.));
#2111 = DIRECTION('',(5.92E-15,1.,0.));
#2112 = ORIENTED_EDGE('',*,*,#2113,.F.);
#2113 = EDGE_CURVE('',#2114,#2105,#2116,.T.);
#2114 = VERTEX_POINT('',#2115);
#2115 = CARTESIAN_POINT('',(56.65,-0.25,7.6));
#2116 = LINE('',#2117,#2118);
#2117 = CARTESIAN_POINT('',(56.65,-0.25,7.6));
#2118 = VECTOR('',#2119,1.);
#2119 = DIRECTION('',(1.,0.,0.));
#2120 = ORIENTED_EDGE('',*,*,#2121,.F.);
#2121 = EDGE_CURVE('',#2122,#2114,#2124,.T.);
#2122 = VERTEX_POINT('',#2123);
#2123 = CARTESIAN_POINT('',(54.25,-2.65,7.6));
#2124 = CIRCLE('',#2125,2.4);
#2125 = AXIS2_PLACEMENT_3D('',#2126,#2127,#2128);
#2126 = CARTESIAN_POINT('',(56.65,-2.65,7.6));
#2127 = DIRECTION('',(0.,0.,-1.));
#2128 = DIRECTION('',(-1.,-4.44E-15,-0.));
#2129 = ORIENTED_EDGE('',*,*,#2130,.F.);
#2130 = EDGE_CURVE('',#2131,#2122,#2133,.T.);
#2131 = VERTEX_POINT('',#2132);
#2132 = CARTESIAN_POINT('',(54.25,-3.95,7.6));
#2133 = LINE('',#2134,#2135);
#2134 = CARTESIAN_POINT('',(54.25,-3.95,7.6));
#2135 = VECTOR('',#2136,1.);
#2136 = DIRECTION('',(0.,1.,0.));
#2137 = ORIENTED_EDGE('',*,*,#2138,.F.);
#2138 = EDGE_CURVE('',#2139,#2131,#2141,.T.);
#2139 = VERTEX_POINT('',#2140);
#2140 = CARTESIAN_POINT('',(52.95,-5.25,7.6));
#2141 = CIRCLE('',#2142,1.3);
#2142 = AXIS2_PLACEMENT_3D('',#2143,#2144,#2145);
#2143 = CARTESIAN_POINT('',(52.95,-3.95,7.6));
#2144 = DIRECTION('',(0.,0.,1.));
#2145 = DIRECTION('',(-5.47E-15,-1.,0.));
#2146 = ORIENTED_EDGE('',*,*,#2147,.F.);
#2147 = EDGE_CURVE('',#2148,#2139,#2150,.T.);
#2148 = VERTEX_POINT('',#2149);
#2149 = CARTESIAN_POINT('',(38.65,-5.25,7.6));
#2150 = LINE('',#2151,#2152);
#2151 = CARTESIAN_POINT('',(38.65,-5.25,7.6));
#2152 = VECTOR('',#2153,1.);
#2153 = DIRECTION('',(1.,0.,0.));
#2154 = ORIENTED_EDGE('',*,*,#2155,.F.);
#2155 = EDGE_CURVE('',#2156,#2148,#2158,.T.);
#2156 = VERTEX_POINT('',#2157);
#2157 = CARTESIAN_POINT('',(36.25,-7.65,7.6));
#2158 = CIRCLE('',#2159,2.4);
#2159 = AXIS2_PLACEMENT_3D('',#2160,#2161,#2162);
#2160 = CARTESIAN_POINT('',(38.65,-7.65,7.6));
#2161 = DIRECTION('',(0.,0.,-1.));
#2162 = DIRECTION('',(-1.,-3.7E-15,-0.));
#2163 = ORIENTED_EDGE('',*,*,#2164,.F.);
#2164 = EDGE_CURVE('',#2165,#2156,#2167,.T.);
#2165 = VERTEX_POINT('',#2166);
#2166 = CARTESIAN_POINT('',(36.25,-15.95,7.6));
#2167 = LINE('',#2168,#2169);
#2168 = CARTESIAN_POINT('',(36.25,-15.95,7.6));
#2169 = VECTOR('',#2170,1.);
#2170 = DIRECTION('',(0.,1.,0.));
#2171 = ORIENTED_EDGE('',*,*,#2172,.F.);
#2172 = EDGE_CURVE('',#96,#2165,#2173,.T.);
#2173 = CIRCLE('',#2174,1.3);
#2174 = AXIS2_PLACEMENT_3D('',#2175,#2176,#2177);
#2175 = CARTESIAN_POINT('',(34.95,-15.95,7.6));
#2176 = DIRECTION('',(-0.,0.,1.));
#2177 = DIRECTION('',(0.,-1.,0.));
#2178 = ORIENTED_EDGE('',*,*,#95,.F.);
#2179 = FACE_BOUND('',#2180,.T.);
#2180 = EDGE_LOOP('',(#2181,#2191,#2199,#2207));
#2181 = ORIENTED_EDGE('',*,*,#2182,.F.);
#2182 = EDGE_CURVE('',#2183,#2185,#2187,.T.);
#2183 = VERTEX_POINT('',#2184);
#2184 = CARTESIAN_POINT('',(37.,-56.,7.6));
#2185 = VERTEX_POINT('',#2186);
#2186 = CARTESIAN_POINT('',(23.,-56.,7.6));
#2187 = LINE('',#2188,#2189);
#2188 = CARTESIAN_POINT('',(50.338396102677,-56.,7.6));
#2189 = VECTOR('',#2190,1.);
#2190 = DIRECTION('',(-1.,0.,0.));
#2191 = ORIENTED_EDGE('',*,*,#2192,.F.);
#2192 = EDGE_CURVE('',#2193,#2183,#2195,.T.);
#2193 = VERTEX_POINT('',#2194);
#2194 = CARTESIAN_POINT('',(37.,-70.,7.6));
#2195 = LINE('',#2196,#2197);
#2196 = CARTESIAN_POINT('',(37.,-50.71905291451,7.6));
#2197 = VECTOR('',#2198,1.);
#2198 = DIRECTION('',(0.,1.,0.));
#2199 = ORIENTED_EDGE('',*,*,#2200,.F.);
#2200 = EDGE_CURVE('',#2201,#2193,#2203,.T.);
#2201 = VERTEX_POINT('',#2202);
#2202 = CARTESIAN_POINT('',(23.,-70.,7.6));
#2203 = LINE('',#2204,#2205);
#2204 = CARTESIAN_POINT('',(57.338396102677,-70.,7.6));
#2205 = VECTOR('',#2206,1.);
#2206 = DIRECTION('',(1.,0.,0.));
#2207 = ORIENTED_EDGE('',*,*,#2208,.F.);
#2208 = EDGE_CURVE('',#2185,#2201,#2209,.T.);
#2209 = LINE('',#2210,#2211);
#2210 = CARTESIAN_POINT('',(23.,-57.71905291451,7.6));
#2211 = VECTOR('',#2212,1.);
#2212 = DIRECTION('',(0.,-1.,0.));
#2213 = FACE_BOUND('',#2214,.T.);
#2214 = EDGE_LOOP('',(#2215,#2225,#2233,#2241));
#2215 = ORIENTED_EDGE('',*,*,#2216,.F.);
#2216 = EDGE_CURVE('',#2217,#2219,#2221,.T.);
#2217 = VERTEX_POINT('',#2218);
#2218 = CARTESIAN_POINT('',(55.,-44.,7.6));
#2219 = VERTEX_POINT('',#2220);
#2220 = CARTESIAN_POINT('',(41.,-44.,7.6));
#2221 = LINE('',#2222,#2223);
#2222 = CARTESIAN_POINT('',(59.338396102677,-44.,7.6));
#2223 = VECTOR('',#2224,1.);
#2224 = DIRECTION('',(-1.,0.,0.));
#2225 = ORIENTED_EDGE('',*,*,#2226,.F.);
#2226 = EDGE_CURVE('',#2227,#2217,#2229,.T.);
#2227 = VERTEX_POINT('',#2228);
#2228 = CARTESIAN_POINT('',(55.,-58.,7.6));
#2229 = LINE('',#2230,#2231);
#2230 = CARTESIAN_POINT('',(55.,-44.71905291451,7.6));
#2231 = VECTOR('',#2232,1.);
#2232 = DIRECTION('',(0.,1.,0.));
#2233 = ORIENTED_EDGE('',*,*,#2234,.F.);
#2234 = EDGE_CURVE('',#2235,#2227,#2237,.T.);
#2235 = VERTEX_POINT('',#2236);
#2236 = CARTESIAN_POINT('',(41.,-58.,7.6));
#2237 = LINE('',#2238,#2239);
#2238 = CARTESIAN_POINT('',(66.338396102677,-58.,7.6));
#2239 = VECTOR('',#2240,1.);
#2240 = DIRECTION('',(1.,0.,0.));
#2241 = ORIENTED_EDGE('',*,*,#2242,.F.);
#2242 = EDGE_CURVE('',#2219,#2235,#2243,.T.);
#2243 = LINE('',#2244,#2245);
#2244 = CARTESIAN_POINT('',(41.,-51.71905291451,7.6));
#2245 = VECTOR('',#2246,1.);
#2246 = DIRECTION('',(0.,-1.,0.));
#2247 = FACE_BOUND('',#2248,.T.);
#2248 = EDGE_LOOP('',(#2249,#2259,#2267,#2275));
#2249 = ORIENTED_EDGE('',*,*,#2250,.F.);
#2250 = EDGE_CURVE('',#2251,#2253,#2255,.T.);
#2251 = VERTEX_POINT('',#2252);
#2252 = CARTESIAN_POINT('',(85.363272687409,-64.41654691412,7.6));
#2253 = VERTEX_POINT('',#2254);
#2254 = CARTESIAN_POINT('',(71.416546914124,-65.63672731259,7.6));
#2255 = LINE('',#2256,#2257);
#2256 = CARTESIAN_POINT('',(75.399756214573,-65.28824165435,7.6));
#2257 = VECTOR('',#2258,1.);
#2258 = DIRECTION('',(-0.996194698092,-8.715574274766E-02,0.));
#2259 = ORIENTED_EDGE('',*,*,#2260,.F.);
#2260 = EDGE_CURVE('',#2261,#2251,#2263,.T.);
#2261 = VERTEX_POINT('',#2262);
#2262 = CARTESIAN_POINT('',(86.583453085876,-78.3632726874,7.6));
#2263 = LINE('',#2264,#2265);
#2264 = CARTESIAN_POINT('',(84.510186032574,-54.66572183058,7.6));
#2265 = VECTOR('',#2266,1.);
#2266 = DIRECTION('',(-8.715574274766E-02,0.996194698092,0.));
#2267 = ORIENTED_EDGE('',*,*,#2268,.F.);
#2268 = EDGE_CURVE('',#2269,#2261,#2271,.T.);
#2269 = VERTEX_POINT('',#2270);
#2270 = CARTESIAN_POINT('',(72.636727312591,-79.58345308587,7.6));
#2271 = LINE('',#2272,#2273);
#2272 = CARTESIAN_POINT('',(83.593299499683,-78.6248772284,7.6));
#2273 = VECTOR('',#2274,1.);
#2274 = DIRECTION('',(0.996194698092,8.715574274766E-02,0.));
#2275 = ORIENTED_EDGE('',*,*,#2276,.F.);
#2276 = EDGE_CURVE('',#2253,#2269,#2277,.T.);
#2277 = LINE('',#2278,#2279);
#2278 = CARTESIAN_POINT('',(71.173550458523,-62.85926511569,7.6));
#2279 = VECTOR('',#2280,1.);
#2280 = DIRECTION('',(8.715574274766E-02,-0.996194698092,0.));
#2281 = FACE_BOUND('',#2282,.T.);
#2282 = EDGE_LOOP('',(#2283,#2293,#2301,#2309));
#2283 = ORIENTED_EDGE('',*,*,#2284,.F.);
#2284 = EDGE_CURVE('',#2285,#2287,#2289,.T.);
#2285 = VERTEX_POINT('',#2286);
#2286 = CARTESIAN_POINT('',(109.10919151475,-67.32188297258,7.6));
#2287 = VERTEX_POINT('',#2288);
#2288 = CARTESIAN_POINT('',(95.321882972583,-64.89080848524,7.6));
#2289 = LINE('',#2290,#2291);
#2290 = CARTESIAN_POINT('',(85.102065846372,-63.08877898798,7.6));
#2291 = VECTOR('',#2292,1.);
#2292 = DIRECTION('',(-0.984807753012,0.173648177667,0.));
#2293 = ORIENTED_EDGE('',*,*,#2294,.F.);
#2294 = EDGE_CURVE('',#2295,#2285,#2297,.T.);
#2295 = VERTEX_POINT('',#2296);
#2296 = CARTESIAN_POINT('',(106.67811702741,-81.10919151475,7.6));
#2297 = LINE('',#2298,#2299);
#2298 = CARTESIAN_POINT('',(110.50646325735,-59.39756114172,7.6));
#2299 = VECTOR('',#2300,1.);
#2300 = DIRECTION('',(0.173648177667,0.984807753012,0.));
#2301 = ORIENTED_EDGE('',*,*,#2302,.F.);
#2302 = EDGE_CURVE('',#2303,#2295,#2305,.T.);
#2303 = VERTEX_POINT('',#2304);
#2304 = CARTESIAN_POINT('',(92.890808485246,-78.67811702741,7.6));
#2305 = LINE('',#2306,#2307);
#2306 = CARTESIAN_POINT('',(89.56464563012,-78.09162477382,7.6));
#2307 = VECTOR('',#2308,1.);
#2308 = DIRECTION('',(0.984807753012,-0.173648177667,0.));
#2309 = ORIENTED_EDGE('',*,*,#2310,.F.);
#2310 = EDGE_CURVE('',#2287,#2303,#2311,.T.);
#2311 = LINE('',#2312,#2313);
#2312 = CARTESIAN_POINT('',(95.503617471511,-63.86014092547,7.6));
#2313 = VECTOR('',#2314,1.);
#2314 = DIRECTION('',(-0.173648177667,-0.984807753012,0.));
#2315 = FACE_BOUND('',#2316,.T.);
#2316 = EDGE_LOOP('',(#2317,#2327,#2335,#2343));
#2317 = ORIENTED_EDGE('',*,*,#2318,.F.);
#2318 = EDGE_CURVE('',#2319,#2321,#2323,.T.);
#2319 = VERTEX_POINT('',#2320);
#2320 = CARTESIAN_POINT('',(131.30248234144,-76.61417332292,7.6));
#2321 = VERTEX_POINT('',#2322);
#2322 = CARTESIAN_POINT('',(118.61417332292,-70.69751765855,7.6));
#2323 = LINE('',#2324,#2325);
#2324 = CARTESIAN_POINT('',(96.963859687569,-60.60181060893,7.6));
#2325 = VECTOR('',#2326,1.);
#2326 = DIRECTION('',(-0.906307787037,0.422618261741,0.));
#2327 = ORIENTED_EDGE('',*,*,#2328,.F.);
#2328 = EDGE_CURVE('',#2329,#2319,#2331,.T.);
#2329 = VERTEX_POINT('',#2330);
#2330 = CARTESIAN_POINT('',(125.38582667707,-89.30248234144,7.6));
#2331 = LINE('',#2332,#2333);
#2332 = CARTESIAN_POINT('',(132.48410541801,-74.08017445778,7.6));
#2333 = VECTOR('',#2334,1.);
#2334 = DIRECTION('',(0.422618261741,0.906307787037,0.));
#2335 = ORIENTED_EDGE('',*,*,#2336,.F.);
#2336 = EDGE_CURVE('',#2337,#2329,#2339,.T.);
#2337 = VERTEX_POINT('',#2338);
#2338 = CARTESIAN_POINT('',(112.69751765855,-83.38582667707,7.6));
#2339 = LINE('',#2340,#2341);
#2340 = CARTESIAN_POINT('',(97.391358532456,-76.24844745963,7.6));
#2341 = VECTOR('',#2342,1.);
#2342 = DIRECTION('',(0.906307787037,-0.422618261741,0.));
#2343 = ORIENTED_EDGE('',*,*,#2344,.F.);
#2344 = EDGE_CURVE('',#2321,#2337,#2345,.T.);
#2345 = LINE('',#2346,#2347);
#2346 = CARTESIAN_POINT('',(116.83746856731,-74.50767330267,7.6));
#2347 = VECTOR('',#2348,1.);
#2348 = DIRECTION('',(-0.422618261741,-0.906307787037,0.));
#2349 = FACE_BOUND('',#2350,.T.);
#2350 = EDGE_LOOP('',(#2351));
#2351 = ORIENTED_EDGE('',*,*,#2352,.T.);
#2352 = EDGE_CURVE('',#2353,#2353,#2355,.T.);
#2353 = VERTEX_POINT('',#2354);
#2354 = CARTESIAN_POINT('',(81.15,-61.3,7.6));
#2355 = CIRCLE('',#2356,1.15);
#2356 = AXIS2_PLACEMENT_3D('',#2357,#2358,#2359);
#2357 = CARTESIAN_POINT('',(80.,-61.3,7.6));
#2358 = DIRECTION('',(0.,0.,-1.));
#2359 = DIRECTION('',(1.,0.,0.));
#2360 = FACE_BOUND('',#2361,.T.);
#2361 = EDGE_LOOP('',(#2362,#2372,#2380,#2388));
#2362 = ORIENTED_EDGE('',*,*,#2363,.F.);
#2363 = EDGE_CURVE('',#2364,#2366,#2368,.T.);
#2364 = VERTEX_POINT('',#2365);
#2365 = CARTESIAN_POINT('',(91.,-44.,7.6));
#2366 = VERTEX_POINT('',#2367);
#2367 = CARTESIAN_POINT('',(77.,-44.,7.6));
#2368 = LINE('',#2369,#2370);
#2369 = CARTESIAN_POINT('',(77.338396102677,-44.,7.6));
#2370 = VECTOR('',#2371,1.);
#2371 = DIRECTION('',(-1.,0.,0.));
#2372 = ORIENTED_EDGE('',*,*,#2373,.F.);
#2373 = EDGE_CURVE('',#2374,#2364,#2376,.T.);
#2374 = VERTEX_POINT('',#2375);
#2375 = CARTESIAN_POINT('',(91.,-58.,7.6));
#2376 = LINE('',#2377,#2378);
#2377 = CARTESIAN_POINT('',(91.,-44.71905291451,7.6));
#2378 = VECTOR('',#2379,1.);
#2379 = DIRECTION('',(0.,1.,0.));
#2380 = ORIENTED_EDGE('',*,*,#2381,.F.);
#2381 = EDGE_CURVE('',#2382,#2374,#2384,.T.);
#2382 = VERTEX_POINT('',#2383);
#2383 = CARTESIAN_POINT('',(77.,-58.,7.6));
#2384 = LINE('',#2385,#2386);
#2385 = CARTESIAN_POINT('',(84.338396102677,-58.,7.6));
#2386 = VECTOR('',#2387,1.);
#2387 = DIRECTION('',(1.,0.,0.));
#2388 = ORIENTED_EDGE('',*,*,#2389,.F.);
#2389 = EDGE_CURVE('',#2366,#2382,#2390,.T.);
#2390 = LINE('',#2391,#2392);
#2391 = CARTESIAN_POINT('',(77.,-51.71905291451,7.6));
#2392 = VECTOR('',#2393,1.);
#2393 = DIRECTION('',(0.,-1.,0.));
#2394 = FACE_BOUND('',#2395,.T.);
#2395 = EDGE_LOOP('',(#2396,#2406,#2414,#2422));
#2396 = ORIENTED_EDGE('',*,*,#2397,.F.);
#2397 = EDGE_CURVE('',#2398,#2400,#2402,.T.);
#2398 = VERTEX_POINT('',#2399);
#2399 = CARTESIAN_POINT('',(109.,-46.,7.6));
#2400 = VERTEX_POINT('',#2401);
#2401 = CARTESIAN_POINT('',(95.,-46.,7.6));
#2402 = LINE('',#2403,#2404);
#2403 = CARTESIAN_POINT('',(86.338396102677,-46.,7.6));
#2404 = VECTOR('',#2405,1.);
#2405 = DIRECTION('',(-1.,0.,0.));
#2406 = ORIENTED_EDGE('',*,*,#2407,.F.);
#2407 = EDGE_CURVE('',#2408,#2398,#2410,.T.);
#2408 = VERTEX_POINT('',#2409);
#2409 = CARTESIAN_POINT('',(109.,-60.,7.6));
#2410 = LINE('',#2411,#2412);
#2411 = CARTESIAN_POINT('',(109.,-45.71905291451,7.6));
#2412 = VECTOR('',#2413,1.);
#2413 = DIRECTION('',(0.,1.,0.));
#2414 = ORIENTED_EDGE('',*,*,#2415,.F.);
#2415 = EDGE_CURVE('',#2416,#2408,#2418,.T.);
#2416 = VERTEX_POINT('',#2417);
#2417 = CARTESIAN_POINT('',(95.,-60.,7.6));
#2418 = LINE('',#2419,#2420);
#2419 = CARTESIAN_POINT('',(93.338396102677,-60.,7.6));
#2420 = VECTOR('',#2421,1.);
#2421 = DIRECTION('',(1.,0.,0.));
#2422 = ORIENTED_EDGE('',*,*,#2423,.F.);
#2423 = EDGE_CURVE('',#2400,#2416,#2424,.T.);
#2424 = LINE('',#2425,#2426);
#2425 = CARTESIAN_POINT('',(95.,-52.71905291451,7.6));
#2426 = VECTOR('',#2427,1.);
#2427 = DIRECTION('',(0.,-1.,0.));
#2428 = FACE_BOUND('',#2429,.T.);
#2429 = EDGE_LOOP('',(#2430,#2440,#2448,#2456));
#2430 = ORIENTED_EDGE('',*,*,#2431,.F.);
#2431 = EDGE_CURVE('',#2432,#2434,#2436,.T.);
#2432 = VERTEX_POINT('',#2433);
#2433 = CARTESIAN_POINT('',(37.,-39.,7.6));
#2434 = VERTEX_POINT('',#2435);
#2435 = CARTESIAN_POINT('',(23.,-39.,7.6));
#2436 = LINE('',#2437,#2438);
#2437 = CARTESIAN_POINT('',(50.338396102677,-39.,7.6));
#2438 = VECTOR('',#2439,1.);
#2439 = DIRECTION('',(-1.,0.,0.));
#2440 = ORIENTED_EDGE('',*,*,#2441,.F.);
#2441 = EDGE_CURVE('',#2442,#2432,#2444,.T.);
#2442 = VERTEX_POINT('',#2443);
#2443 = CARTESIAN_POINT('',(37.,-53.,7.6));
#2444 = LINE('',#2445,#2446);
#2445 = CARTESIAN_POINT('',(37.,-42.21905291451,7.6));
#2446 = VECTOR('',#2447,1.);
#2447 = DIRECTION('',(0.,1.,0.));
#2448 = ORIENTED_EDGE('',*,*,#2449,.F.);
#2449 = EDGE_CURVE('',#2450,#2442,#2452,.T.);
#2450 = VERTEX_POINT('',#2451);
#2451 = CARTESIAN_POINT('',(23.,-53.,7.6));
#2452 = LINE('',#2453,#2454);
#2453 = CARTESIAN_POINT('',(57.338396102677,-53.,7.6));
#2454 = VECTOR('',#2455,1.);
#2455 = DIRECTION('',(1.,0.,0.));
#2456 = ORIENTED_EDGE('',*,*,#2457,.F.);
#2457 = EDGE_CURVE('',#2434,#2450,#2458,.T.);
#2458 = LINE('',#2459,#2460);
#2459 = CARTESIAN_POINT('',(23.,-49.21905291451,7.6));
#2460 = VECTOR('',#2461,1.);
#2461 = DIRECTION('',(0.,-1.,0.));
#2462 = FACE_BOUND('',#2463,.T.);
#2463 = EDGE_LOOP('',(#2464));
#2464 = ORIENTED_EDGE('',*,*,#2465,.T.);
#2465 = EDGE_CURVE('',#2466,#2466,#2468,.T.);
#2466 = VERTEX_POINT('',#2467);
#2467 = CARTESIAN_POINT('',(39.85,-37.5,7.6));
#2468 = CIRCLE('',#2469,1.15);
#2469 = AXIS2_PLACEMENT_3D('',#2470,#2471,#2472);
#2470 = CARTESIAN_POINT('',(38.7,-37.5,7.6));
#2471 = DIRECTION('',(0.,0.,-1.));
#2472 = DIRECTION('',(1.,0.,0.));
#2473 = FACE_BOUND('',#2474,.T.);
#2474 = EDGE_LOOP('',(#2475,#2485,#2493,#2501));
#2475 = ORIENTED_EDGE('',*,*,#2476,.F.);
#2476 = EDGE_CURVE('',#2477,#2479,#2481,.T.);
#2477 = VERTEX_POINT('',#2478);
#2478 = CARTESIAN_POINT('',(37.,-22.,7.6));
#2479 = VERTEX_POINT('',#2480);
#2480 = CARTESIAN_POINT('',(23.,-22.,7.6));
#2481 = LINE('',#2482,#2483);
#2482 = CARTESIAN_POINT('',(50.338396102677,-22.,7.6));
#2483 = VECTOR('',#2484,1.);
#2484 = DIRECTION('',(-1.,0.,0.));
#2485 = ORIENTED_EDGE('',*,*,#2486,.F.);
#2486 = EDGE_CURVE('',#2487,#2477,#2489,.T.);
#2487 = VERTEX_POINT('',#2488);
#2488 = CARTESIAN_POINT('',(37.,-36.,7.6));
#2489 = LINE('',#2490,#2491);
#2490 = CARTESIAN_POINT('',(37.,-33.71905291451,7.6));
#2491 = VECTOR('',#2492,1.);
#2492 = DIRECTION('',(0.,1.,0.));
#2493 = ORIENTED_EDGE('',*,*,#2494,.F.);
#2494 = EDGE_CURVE('',#2495,#2487,#2497,.T.);
#2495 = VERTEX_POINT('',#2496);
#2496 = CARTESIAN_POINT('',(23.,-36.,7.6));
#2497 = LINE('',#2498,#2499);
#2498 = CARTESIAN_POINT('',(57.338396102677,-36.,7.6));
#2499 = VECTOR('',#2500,1.);
#2500 = DIRECTION('',(1.,0.,0.));
#2501 = ORIENTED_EDGE('',*,*,#2502,.F.);
#2502 = EDGE_CURVE('',#2479,#2495,#2503,.T.);
#2503 = LINE('',#2504,#2505);
#2504 = CARTESIAN_POINT('',(23.,-40.71905291451,7.6));
#2505 = VECTOR('',#2506,1.);
#2506 = DIRECTION('',(0.,-1.,0.));
#2507 = FACE_BOUND('',#2508,.T.);
#2508 = EDGE_LOOP('',(#2509,#2519,#2527,#2535));
#2509 = ORIENTED_EDGE('',*,*,#2510,.F.);
#2510 = EDGE_CURVE('',#2511,#2513,#2515,.T.);
#2511 = VERTEX_POINT('',#2512);
#2512 = CARTESIAN_POINT('',(55.,-27.,7.6));
#2513 = VERTEX_POINT('',#2514);
#2514 = CARTESIAN_POINT('',(41.,-27.,7.6));
#2515 = LINE('',#2516,#2517);
#2516 = CARTESIAN_POINT('',(59.338396102677,-27.,7.6));
#2517 = VECTOR('',#2518,1.);
#2518 = DIRECTION('',(-1.,0.,0.));
#2519 = ORIENTED_EDGE('',*,*,#2520,.F.);
#2520 = EDGE_CURVE('',#2521,#2511,#2523,.T.);
#2521 = VERTEX_POINT('',#2522);
#2522 = CARTESIAN_POINT('',(55.,-41.,7.6));
#2523 = LINE('',#2524,#2525);
#2524 = CARTESIAN_POINT('',(55.,-36.21905291451,7.6));
#2525 = VECTOR('',#2526,1.);
#2526 = DIRECTION('',(0.,1.,0.));
#2527 = ORIENTED_EDGE('',*,*,#2528,.F.);
#2528 = EDGE_CURVE('',#2529,#2521,#2531,.T.);
#2529 = VERTEX_POINT('',#2530);
#2530 = CARTESIAN_POINT('',(41.,-41.,7.6));
#2531 = LINE('',#2532,#2533);
#2532 = CARTESIAN_POINT('',(66.338396102677,-41.,7.6));
#2533 = VECTOR('',#2534,1.);
#2534 = DIRECTION('',(1.,0.,0.));
#2535 = ORIENTED_EDGE('',*,*,#2536,.F.);
#2536 = EDGE_CURVE('',#2513,#2529,#2537,.T.);
#2537 = LINE('',#2538,#2539);
#2538 = CARTESIAN_POINT('',(41.,-43.21905291451,7.6));
#2539 = VECTOR('',#2540,1.);
#2540 = DIRECTION('',(0.,-1.,0.));
#2541 = FACE_BOUND('',#2542,.T.);
#2542 = EDGE_LOOP('',(#2543,#2553,#2561,#2569));
#2543 = ORIENTED_EDGE('',*,*,#2544,.F.);
#2544 = EDGE_CURVE('',#2545,#2547,#2549,.T.);
#2545 = VERTEX_POINT('',#2546);
#2546 = CARTESIAN_POINT('',(73.,-39.,7.6));
#2547 = VERTEX_POINT('',#2548);
#2548 = CARTESIAN_POINT('',(59.,-39.,7.6));
#2549 = LINE('',#2550,#2551);
#2550 = CARTESIAN_POINT('',(68.338396102677,-39.,7.6));
#2551 = VECTOR('',#2552,1.);
#2552 = DIRECTION('',(-1.,0.,0.));
#2553 = ORIENTED_EDGE('',*,*,#2554,.F.);
#2554 = EDGE_CURVE('',#2555,#2545,#2557,.T.);
#2555 = VERTEX_POINT('',#2556);
#2556 = CARTESIAN_POINT('',(73.,-53.,7.6));
#2557 = LINE('',#2558,#2559);
#2558 = CARTESIAN_POINT('',(73.,-42.21905291451,7.6));
#2559 = VECTOR('',#2560,1.);
#2560 = DIRECTION('',(0.,1.,0.));
#2561 = ORIENTED_EDGE('',*,*,#2562,.F.);
#2562 = EDGE_CURVE('',#2563,#2555,#2565,.T.);
#2563 = VERTEX_POINT('',#2564);
#2564 = CARTESIAN_POINT('',(59.,-53.,7.6));
#2565 = LINE('',#2566,#2567);
#2566 = CARTESIAN_POINT('',(75.338396102677,-53.,7.6));
#2567 = VECTOR('',#2568,1.);
#2568 = DIRECTION('',(1.,0.,0.));
#2569 = ORIENTED_EDGE('',*,*,#2570,.F.);
#2570 = EDGE_CURVE('',#2547,#2563,#2571,.T.);
#2571 = LINE('',#2572,#2573);
#2572 = CARTESIAN_POINT('',(59.,-49.21905291451,7.6));
#2573 = VECTOR('',#2574,1.);
#2574 = DIRECTION('',(0.,-1.,0.));
#2575 = FACE_BOUND('',#2576,.T.);
#2576 = EDGE_LOOP('',(#2577,#2587,#2595,#2603));
#2577 = ORIENTED_EDGE('',*,*,#2578,.F.);
#2578 = EDGE_CURVE('',#2579,#2581,#2583,.T.);
#2579 = VERTEX_POINT('',#2580);
#2580 = CARTESIAN_POINT('',(73.,-22.,7.6));
#2581 = VERTEX_POINT('',#2582);
#2582 = CARTESIAN_POINT('',(59.,-22.,7.6));
#2583 = LINE('',#2584,#2585);
#2584 = CARTESIAN_POINT('',(68.338396102677,-22.,7.6));
#2585 = VECTOR('',#2586,1.);
#2586 = DIRECTION('',(-1.,0.,0.));
#2587 = ORIENTED_EDGE('',*,*,#2588,.F.);
#2588 = EDGE_CURVE('',#2589,#2579,#2591,.T.);
#2589 = VERTEX_POINT('',#2590);
#2590 = CARTESIAN_POINT('',(73.,-36.,7.6));
#2591 = LINE('',#2592,#2593);
#2592 = CARTESIAN_POINT('',(73.,-33.71905291451,7.6));
#2593 = VECTOR('',#2594,1.);
#2594 = DIRECTION('',(0.,1.,0.));
#2595 = ORIENTED_EDGE('',*,*,#2596,.F.);
#2596 = EDGE_CURVE('',#2597,#2589,#2599,.T.);
#2597 = VERTEX_POINT('',#2598);
#2598 = CARTESIAN_POINT('',(59.,-36.,7.6));
#2599 = LINE('',#2600,#2601);
#2600 = CARTESIAN_POINT('',(75.338396102677,-36.,7.6));
#2601 = VECTOR('',#2602,1.);
#2602 = DIRECTION('',(1.,0.,0.));
#2603 = ORIENTED_EDGE('',*,*,#2604,.F.);
#2604 = EDGE_CURVE('',#2581,#2597,#2605,.T.);
#2605 = LINE('',#2606,#2607);
#2606 = CARTESIAN_POINT('',(59.,-40.71905291451,7.6));
#2607 = VECTOR('',#2608,1.);
#2608 = DIRECTION('',(0.,-1.,0.));
#2609 = FACE_BOUND('',#2610,.T.);
#2610 = EDGE_LOOP('',(#2611,#2621,#2629,#2637));
#2611 = ORIENTED_EDGE('',*,*,#2612,.F.);
#2612 = EDGE_CURVE('',#2613,#2615,#2617,.T.);
#2613 = VERTEX_POINT('',#2614);
#2614 = CARTESIAN_POINT('',(55.,-10.,7.6));
#2615 = VERTEX_POINT('',#2616);
#2616 = CARTESIAN_POINT('',(41.,-10.,7.6));
#2617 = LINE('',#2618,#2619);
#2618 = CARTESIAN_POINT('',(59.338396102677,-10.,7.6));
#2619 = VECTOR('',#2620,1.);
#2620 = DIRECTION('',(-1.,0.,0.));
#2621 = ORIENTED_EDGE('',*,*,#2622,.F.);
#2622 = EDGE_CURVE('',#2623,#2613,#2625,.T.);
#2623 = VERTEX_POINT('',#2624);
#2624 = CARTESIAN_POINT('',(55.,-24.,7.6));
#2625 = LINE('',#2626,#2627);
#2626 = CARTESIAN_POINT('',(55.,-27.71905291451,7.6));
#2627 = VECTOR('',#2628,1.);
#2628 = DIRECTION('',(0.,1.,0.));
#2629 = ORIENTED_EDGE('',*,*,#2630,.F.);
#2630 = EDGE_CURVE('',#2631,#2623,#2633,.T.);
#2631 = VERTEX_POINT('',#2632);
#2632 = CARTESIAN_POINT('',(41.,-24.,7.6));
#2633 = LINE('',#2634,#2635);
#2634 = CARTESIAN_POINT('',(66.338396102677,-24.,7.6));
#2635 = VECTOR('',#2636,1.);
#2636 = DIRECTION('',(1.,0.,0.));
#2637 = ORIENTED_EDGE('',*,*,#2638,.F.);
#2638 = EDGE_CURVE('',#2615,#2631,#2639,.T.);
#2639 = LINE('',#2640,#2641);
#2640 = CARTESIAN_POINT('',(41.,-34.71905291451,7.6));
#2641 = VECTOR('',#2642,1.);
#2642 = DIRECTION('',(0.,-1.,0.));
#2643 = FACE_BOUND('',#2644,.T.);
#2644 = EDGE_LOOP('',(#2645));
#2645 = ORIENTED_EDGE('',*,*,#2646,.T.);
#2646 = EDGE_CURVE('',#2647,#2647,#2649,.T.);
#2647 = VERTEX_POINT('',#2648);
#2648 = CARTESIAN_POINT('',(58.15,-20.5,7.6));
#2649 = CIRCLE('',#2650,1.15);
#2650 = AXIS2_PLACEMENT_3D('',#2651,#2652,#2653);
#2651 = CARTESIAN_POINT('',(57.,-20.5,7.6));
#2652 = DIRECTION('',(0.,0.,-1.));
#2653 = DIRECTION('',(1.,0.,0.));
#2654 = FACE_BOUND('',#2655,.T.);
#2655 = EDGE_LOOP('',(#2656,#2666,#2674,#2682));
#2656 = ORIENTED_EDGE('',*,*,#2657,.F.);
#2657 = EDGE_CURVE('',#2658,#2660,#2662,.T.);
#2658 = VERTEX_POINT('',#2659);
#2659 = CARTESIAN_POINT('',(73.,-5.,7.6));
#2660 = VERTEX_POINT('',#2661);
#2661 = CARTESIAN_POINT('',(59.,-5.,7.6));
#2662 = LINE('',#2663,#2664);
#2663 = CARTESIAN_POINT('',(68.338396102677,-5.,7.6));
#2664 = VECTOR('',#2665,1.);
#2665 = DIRECTION('',(-1.,0.,0.));
#2666 = ORIENTED_EDGE('',*,*,#2667,.F.);
#2667 = EDGE_CURVE('',#2668,#2658,#2670,.T.);
#2668 = VERTEX_POINT('',#2669);
#2669 = CARTESIAN_POINT('',(73.,-19.,7.6));
#2670 = LINE('',#2671,#2672);
#2671 = CARTESIAN_POINT('',(73.,-25.21905291451,7.6));
#2672 = VECTOR('',#2673,1.);
#2673 = DIRECTION('',(0.,1.,0.));
#2674 = ORIENTED_EDGE('',*,*,#2675,.F.);
#2675 = EDGE_CURVE('',#2676,#2668,#2678,.T.);
#2676 = VERTEX_POINT('',#2677);
#2677 = CARTESIAN_POINT('',(59.,-19.,7.6));
#2678 = LINE('',#2679,#2680);
#2679 = CARTESIAN_POINT('',(75.338396102677,-19.,7.6));
#2680 = VECTOR('',#2681,1.);
#2681 = DIRECTION('',(1.,0.,0.));
#2682 = ORIENTED_EDGE('',*,*,#2683,.F.);
#2683 = EDGE_CURVE('',#2660,#2676,#2684,.T.);
#2684 = LINE('',#2685,#2686);
#2685 = CARTESIAN_POINT('',(59.,-32.21905291451,7.6));
#2686 = VECTOR('',#2687,1.);
#2687 = DIRECTION('',(0.,-1.,0.));
#2688 = FACE_BOUND('',#2689,.T.);
#2689 = EDGE_LOOP('',(#2690,#2700,#2708,#2716));
#2690 = ORIENTED_EDGE('',*,*,#2691,.F.);
#2691 = EDGE_CURVE('',#2692,#2694,#2696,.T.);
#2692 = VERTEX_POINT('',#2693);
#2693 = CARTESIAN_POINT('',(91.,-27.,7.6));
#2694 = VERTEX_POINT('',#2695);
#2695 = CARTESIAN_POINT('',(77.,-27.,7.6));
#2696 = LINE('',#2697,#2698);
#2697 = CARTESIAN_POINT('',(77.338396102677,-27.,7.6));
#2698 = VECTOR('',#2699,1.);
#2699 = DIRECTION('',(-1.,0.,0.));
#2700 = ORIENTED_EDGE('',*,*,#2701,.F.);
#2701 = EDGE_CURVE('',#2702,#2692,#2704,.T.);
#2702 = VERTEX_POINT('',#2703);
#2703 = CARTESIAN_POINT('',(91.,-41.,7.6));
#2704 = LINE('',#2705,#2706);
#2705 = CARTESIAN_POINT('',(91.,-36.21905291451,7.6));
#2706 = VECTOR('',#2707,1.);
#2707 = DIRECTION('',(0.,1.,0.));
#2708 = ORIENTED_EDGE('',*,*,#2709,.F.);
#2709 = EDGE_CURVE('',#2710,#2702,#2712,.T.);
#2710 = VERTEX_POINT('',#2711);
#2711 = CARTESIAN_POINT('',(77.,-41.,7.6));
#2712 = LINE('',#2713,#2714);
#2713 = CARTESIAN_POINT('',(84.338396102677,-41.,7.6));
#2714 = VECTOR('',#2715,1.);
#2715 = DIRECTION('',(1.,0.,0.));
#2716 = ORIENTED_EDGE('',*,*,#2717,.F.);
#2717 = EDGE_CURVE('',#2694,#2710,#2718,.T.);
#2718 = LINE('',#2719,#2720);
#2719 = CARTESIAN_POINT('',(77.,-43.21905291451,7.6));
#2720 = VECTOR('',#2721,1.);
#2721 = DIRECTION('',(0.,-1.,0.));
#2722 = FACE_BOUND('',#2723,.T.);
#2723 = EDGE_LOOP('',(#2724,#2734,#2742,#2750));
#2724 = ORIENTED_EDGE('',*,*,#2725,.F.);
#2725 = EDGE_CURVE('',#2726,#2728,#2730,.T.);
#2726 = VERTEX_POINT('',#2727);
#2727 = CARTESIAN_POINT('',(109.,-29.,7.6));
#2728 = VERTEX_POINT('',#2729);
#2729 = CARTESIAN_POINT('',(95.,-29.,7.6));
#2730 = LINE('',#2731,#2732);
#2731 = CARTESIAN_POINT('',(86.338396102677,-29.,7.6));
#2732 = VECTOR('',#2733,1.);
#2733 = DIRECTION('',(-1.,0.,0.));
#2734 = ORIENTED_EDGE('',*,*,#2735,.F.);
#2735 = EDGE_CURVE('',#2736,#2726,#2738,.T.);
#2736 = VERTEX_POINT('',#2737);
#2737 = CARTESIAN_POINT('',(109.,-43.,7.6));
#2738 = LINE('',#2739,#2740);
#2739 = CARTESIAN_POINT('',(109.,-37.21905291451,7.6));
#2740 = VECTOR('',#2741,1.);
#2741 = DIRECTION('',(0.,1.,0.));
#2742 = ORIENTED_EDGE('',*,*,#2743,.F.);
#2743 = EDGE_CURVE('',#2744,#2736,#2746,.T.);
#2744 = VERTEX_POINT('',#2745);
#2745 = CARTESIAN_POINT('',(95.,-43.,7.6));
#2746 = LINE('',#2747,#2748);
#2747 = CARTESIAN_POINT('',(93.338396102677,-43.,7.6));
#2748 = VECTOR('',#2749,1.);
#2749 = DIRECTION('',(1.,0.,0.));
#2750 = ORIENTED_EDGE('',*,*,#2751,.F.);
#2751 = EDGE_CURVE('',#2728,#2744,#2752,.T.);
#2752 = LINE('',#2753,#2754);
#2753 = CARTESIAN_POINT('',(95.,-44.21905291451,7.6));
#2754 = VECTOR('',#2755,1.);
#2755 = DIRECTION('',(0.,-1.,0.));
#2756 = FACE_BOUND('',#2757,.T.);
#2757 = EDGE_LOOP('',(#2758,#2768,#2776,#2784));
#2758 = ORIENTED_EDGE('',*,*,#2759,.F.);
#2759 = EDGE_CURVE('',#2760,#2762,#2764,.T.);
#2760 = VERTEX_POINT('',#2761);
#2761 = CARTESIAN_POINT('',(91.,-10.,7.6));
#2762 = VERTEX_POINT('',#2763);
#2763 = CARTESIAN_POINT('',(77.,-10.,7.6));
#2764 = LINE('',#2765,#2766);
#2765 = CARTESIAN_POINT('',(77.338396102677,-10.,7.6));
#2766 = VECTOR('',#2767,1.);
#2767 = DIRECTION('',(-1.,0.,0.));
#2768 = ORIENTED_EDGE('',*,*,#2769,.F.);
#2769 = EDGE_CURVE('',#2770,#2760,#2772,.T.);
#2770 = VERTEX_POINT('',#2771);
#2771 = CARTESIAN_POINT('',(91.,-24.,7.6));
#2772 = LINE('',#2773,#2774);
#2773 = CARTESIAN_POINT('',(91.,-27.71905291451,7.6));
#2774 = VECTOR('',#2775,1.);
#2775 = DIRECTION('',(0.,1.,0.));
#2776 = ORIENTED_EDGE('',*,*,#2777,.F.);
#2777 = EDGE_CURVE('',#2778,#2770,#2780,.T.);
#2778 = VERTEX_POINT('',#2779);
#2779 = CARTESIAN_POINT('',(77.,-24.,7.6));
#2780 = LINE('',#2781,#2782);
#2781 = CARTESIAN_POINT('',(84.338396102677,-24.,7.6));
#2782 = VECTOR('',#2783,1.);
#2783 = DIRECTION('',(1.,0.,0.));
#2784 = ORIENTED_EDGE('',*,*,#2785,.F.);
#2785 = EDGE_CURVE('',#2762,#2778,#2786,.T.);
#2786 = LINE('',#2787,#2788);
#2787 = CARTESIAN_POINT('',(77.,-34.71905291451,7.6));
#2788 = VECTOR('',#2789,1.);
#2789 = DIRECTION('',(0.,-1.,0.));
#2790 = FACE_BOUND('',#2791,.T.);
#2791 = EDGE_LOOP('',(#2792,#2802,#2810,#2818));
#2792 = ORIENTED_EDGE('',*,*,#2793,.F.);
#2793 = EDGE_CURVE('',#2794,#2796,#2798,.T.);
#2794 = VERTEX_POINT('',#2795);
#2795 = CARTESIAN_POINT('',(109.,-12.,7.6));
#2796 = VERTEX_POINT('',#2797);
#2797 = CARTESIAN_POINT('',(95.,-12.,7.6));
#2798 = LINE('',#2799,#2800);
#2799 = CARTESIAN_POINT('',(86.338396102677,-12.,7.6));
#2800 = VECTOR('',#2801,1.);
#2801 = DIRECTION('',(-1.,0.,0.));
#2802 = ORIENTED_EDGE('',*,*,#2803,.F.);
#2803 = EDGE_CURVE('',#2804,#2794,#2806,.T.);
#2804 = VERTEX_POINT('',#2805);
#2805 = CARTESIAN_POINT('',(109.,-26.,7.6));
#2806 = LINE('',#2807,#2808);
#2807 = CARTESIAN_POINT('',(109.,-28.71905291451,7.6));
#2808 = VECTOR('',#2809,1.);
#2809 = DIRECTION('',(0.,1.,0.));
#2810 = ORIENTED_EDGE('',*,*,#2811,.F.);
#2811 = EDGE_CURVE('',#2812,#2804,#2814,.T.);
#2812 = VERTEX_POINT('',#2813);
#2813 = CARTESIAN_POINT('',(95.,-26.,7.6));
#2814 = LINE('',#2815,#2816);
#2815 = CARTESIAN_POINT('',(93.338396102677,-26.,7.6));
#2816 = VECTOR('',#2817,1.);
#2817 = DIRECTION('',(1.,0.,0.));
#2818 = ORIENTED_EDGE('',*,*,#2819,.F.);
#2819 = EDGE_CURVE('',#2796,#2812,#2820,.T.);
#2820 = LINE('',#2821,#2822);
#2821 = CARTESIAN_POINT('',(95.,-35.71905291451,7.6));
#2822 = VECTOR('',#2823,1.);
#2823 = DIRECTION('',(0.,-1.,0.));
#2824 = PLANE('',#2825);
#2825 = AXIS2_PLACEMENT_3D('',#2826,#2827,#2828);
#2826 = CARTESIAN_POINT('',(77.676792205354,-45.43810582902,7.6));
#2827 = DIRECTION('',(0.,0.,1.));
#2828 = DIRECTION('',(1.,0.,0.));
#2829 = ADVANCED_FACE('',(#2830),#2841,.T.);
#2830 = FACE_BOUND('',#2831,.T.);
#2831 = EDGE_LOOP('',(#2832,#2838,#2839,#2840));
#2832 = ORIENTED_EDGE('',*,*,#2833,.T.);
#2833 = EDGE_CURVE('',#128,#1499,#2834,.T.);
#2834 = LINE('',#2835,#2836);
#2835 = CARTESIAN_POINT('',(20.65,-74.75,6.3));
#2836 = VECTOR('',#2837,1.);
#2837 = DIRECTION('',(0.,0.,1.));
#2838 = ORIENTED_EDGE('',*,*,#1498,.T.);
#2839 = ORIENTED_EDGE('',*,*,#63,.F.);
#2840 = ORIENTED_EDGE('',*,*,#127,.F.);
#2841 = CYLINDRICAL_SURFACE('',#2842,2.4);
#2842 = AXIS2_PLACEMENT_3D('',#2843,#2844,#2845);
#2843 = CARTESIAN_POINT('',(20.65,-72.35,6.3));
#2844 = DIRECTION('',(0.,0.,-1.));
#2845 = DIRECTION('',(-7.4E-15,-1.,-0.));
#2846 = ADVANCED_FACE('',(#2847),#2858,.F.);
#2847 = FACE_BOUND('',#2848,.T.);
#2848 = EDGE_LOOP('',(#2849,#2850,#2851,#2857));
#2849 = ORIENTED_EDGE('',*,*,#103,.T.);
#2850 = ORIENTED_EDGE('',*,*,#2172,.T.);
#2851 = ORIENTED_EDGE('',*,*,#2852,.F.);
#2852 = EDGE_CURVE('',#828,#2165,#2853,.T.);
#2853 = LINE('',#2854,#2855);
#2854 = CARTESIAN_POINT('',(36.25,-15.95,6.3));
#2855 = VECTOR('',#2856,1.);
#2856 = DIRECTION('',(0.,0.,1.));
#2857 = ORIENTED_EDGE('',*,*,#835,.F.);
#2858 = CYLINDRICAL_SURFACE('',#2859,1.3);
#2859 = AXIS2_PLACEMENT_3D('',#2860,#2861,#2862);
#2860 = CARTESIAN_POINT('',(34.95,-15.95,6.3));
#2861 = DIRECTION('',(0.,0.,-1.));
#2862 = DIRECTION('',(0.,-1.,0.));
#2863 = ADVANCED_FACE('',(#2864),#2875,.T.);
#2864 = FACE_BOUND('',#2865,.T.);
#2865 = EDGE_LOOP('',(#2866,#2867,#2868,#2874));
#2866 = ORIENTED_EDGE('',*,*,#2852,.T.);
#2867 = ORIENTED_EDGE('',*,*,#2164,.T.);
#2868 = ORIENTED_EDGE('',*,*,#2869,.F.);
#2869 = EDGE_CURVE('',#819,#2156,#2870,.T.);
#2870 = LINE('',#2871,#2872);
#2871 = CARTESIAN_POINT('',(36.25,-7.65,6.3));
#2872 = VECTOR('',#2873,1.);
#2873 = DIRECTION('',(0.,0.,1.));
#2874 = ORIENTED_EDGE('',*,*,#827,.F.);
#2875 = PLANE('',#2876);
#2876 = AXIS2_PLACEMENT_3D('',#2877,#2878,#2879);
#2877 = CARTESIAN_POINT('',(36.25,-15.95,6.3));
#2878 = DIRECTION('',(-1.,0.,0.));
#2879 = DIRECTION('',(0.,1.,0.));
#2880 = ADVANCED_FACE('',(#2881),#2892,.T.);
#2881 = FACE_BOUND('',#2882,.T.);
#2882 = EDGE_LOOP('',(#2883,#2884,#2885,#2891));
#2883 = ORIENTED_EDGE('',*,*,#2869,.T.);
#2884 = ORIENTED_EDGE('',*,*,#2155,.T.);
#2885 = ORIENTED_EDGE('',*,*,#2886,.F.);
#2886 = EDGE_CURVE('',#811,#2148,#2887,.T.);
#2887 = LINE('',#2888,#2889);
#2888 = CARTESIAN_POINT('',(38.65,-5.25,6.3));
#2889 = VECTOR('',#2890,1.);
#2890 = DIRECTION('',(0.,0.,1.));
#2891 = ORIENTED_EDGE('',*,*,#818,.F.);
#2892 = CYLINDRICAL_SURFACE('',#2893,2.4);
#2893 = AXIS2_PLACEMENT_3D('',#2894,#2895,#2896);
#2894 = CARTESIAN_POINT('',(38.65,-7.65,6.3));
#2895 = DIRECTION('',(0.,0.,-1.));
#2896 = DIRECTION('',(-1.,-3.7E-15,-0.));
#2897 = ADVANCED_FACE('',(#2898),#2909,.T.);
#2898 = FACE_BOUND('',#2899,.T.);
#2899 = EDGE_LOOP('',(#2900,#2901,#2902,#2908));
#2900 = ORIENTED_EDGE('',*,*,#2886,.T.);
#2901 = ORIENTED_EDGE('',*,*,#2147,.T.);
#2902 = ORIENTED_EDGE('',*,*,#2903,.F.);
#2903 = EDGE_CURVE('',#802,#2139,#2904,.T.);
#2904 = LINE('',#2905,#2906);
#2905 = CARTESIAN_POINT('',(52.95,-5.25,6.3));
#2906 = VECTOR('',#2907,1.);
#2907 = DIRECTION('',(0.,0.,1.));
#2908 = ORIENTED_EDGE('',*,*,#810,.F.);
#2909 = PLANE('',#2910);
#2910 = AXIS2_PLACEMENT_3D('',#2911,#2912,#2913);
#2911 = CARTESIAN_POINT('',(38.65,-5.25,6.3));
#2912 = DIRECTION('',(0.,1.,0.));
#2913 = DIRECTION('',(1.,0.,0.));
#2914 = ADVANCED_FACE('',(#2915),#2926,.F.);
#2915 = FACE_BOUND('',#2916,.T.);
#2916 = EDGE_LOOP('',(#2917,#2918,#2919,#2925));
#2917 = ORIENTED_EDGE('',*,*,#2903,.T.);
#2918 = ORIENTED_EDGE('',*,*,#2138,.T.);
#2919 = ORIENTED_EDGE('',*,*,#2920,.F.);
#2920 = EDGE_CURVE('',#794,#2131,#2921,.T.);
#2921 = LINE('',#2922,#2923);
#2922 = CARTESIAN_POINT('',(54.25,-3.95,6.3));
#2923 = VECTOR('',#2924,1.);
#2924 = DIRECTION('',(0.,0.,1.));
#2925 = ORIENTED_EDGE('',*,*,#801,.F.);
#2926 = CYLINDRICAL_SURFACE('',#2927,1.3);
#2927 = AXIS2_PLACEMENT_3D('',#2928,#2929,#2930);
#2928 = CARTESIAN_POINT('',(52.95,-3.95,6.3));
#2929 = DIRECTION('',(-0.,-0.,-1.));
#2930 = DIRECTION('',(-5.47E-15,-1.,0.));
#2931 = ADVANCED_FACE('',(#2932),#2943,.T.);
#2932 = FACE_BOUND('',#2933,.T.);
#2933 = EDGE_LOOP('',(#2934,#2935,#2936,#2942));
#2934 = ORIENTED_EDGE('',*,*,#2920,.T.);
#2935 = ORIENTED_EDGE('',*,*,#2130,.T.);
#2936 = ORIENTED_EDGE('',*,*,#2937,.F.);
#2937 = EDGE_CURVE('',#785,#2122,#2938,.T.);
#2938 = LINE('',#2939,#2940);
#2939 = CARTESIAN_POINT('',(54.25,-2.65,6.3));
#2940 = VECTOR('',#2941,1.);
#2941 = DIRECTION('',(0.,0.,1.));
#2942 = ORIENTED_EDGE('',*,*,#793,.F.);
#2943 = PLANE('',#2944);
#2944 = AXIS2_PLACEMENT_3D('',#2945,#2946,#2947);
#2945 = CARTESIAN_POINT('',(54.25,-3.95,6.3));
#2946 = DIRECTION('',(-1.,0.,0.));
#2947 = DIRECTION('',(0.,1.,0.));
#2948 = ADVANCED_FACE('',(#2949),#2960,.T.);
#2949 = FACE_BOUND('',#2950,.T.);
#2950 = EDGE_LOOP('',(#2951,#2952,#2953,#2959));
#2951 = ORIENTED_EDGE('',*,*,#2937,.T.);
#2952 = ORIENTED_EDGE('',*,*,#2121,.T.);
#2953 = ORIENTED_EDGE('',*,*,#2954,.F.);
#2954 = EDGE_CURVE('',#777,#2114,#2955,.T.);
#2955 = LINE('',#2956,#2957);
#2956 = CARTESIAN_POINT('',(56.65,-0.25,6.3));
#2957 = VECTOR('',#2958,1.);
#2958 = DIRECTION('',(0.,0.,1.));
#2959 = ORIENTED_EDGE('',*,*,#784,.F.);
#2960 = CYLINDRICAL_SURFACE('',#2961,2.4);
#2961 = AXIS2_PLACEMENT_3D('',#2962,#2963,#2964);
#2962 = CARTESIAN_POINT('',(56.65,-2.65,6.3));
#2963 = DIRECTION('',(0.,0.,-1.));
#2964 = DIRECTION('',(-1.,-4.44E-15,-0.));
#2965 = ADVANCED_FACE('',(#2966),#2977,.T.);
#2966 = FACE_BOUND('',#2967,.T.);
#2967 = EDGE_LOOP('',(#2968,#2969,#2970,#2976));
#2968 = ORIENTED_EDGE('',*,*,#2954,.T.);
#2969 = ORIENTED_EDGE('',*,*,#2113,.T.);
#2970 = ORIENTED_EDGE('',*,*,#2971,.F.);
#2971 = EDGE_CURVE('',#768,#2105,#2972,.T.);
#2972 = LINE('',#2973,#2974);
#2973 = CARTESIAN_POINT('',(75.35,-0.25,6.3));
#2974 = VECTOR('',#2975,1.);
#2975 = DIRECTION('',(0.,0.,1.));
#2976 = ORIENTED_EDGE('',*,*,#776,.F.);
#2977 = PLANE('',#2978);
#2978 = AXIS2_PLACEMENT_3D('',#2979,#2980,#2981);
#2979 = CARTESIAN_POINT('',(56.65,-0.25,6.3));
#2980 = DIRECTION('',(0.,1.,0.));
#2981 = DIRECTION('',(1.,0.,0.));
#2982 = ADVANCED_FACE('',(#2983),#2994,.T.);
#2983 = FACE_BOUND('',#2984,.T.);
#2984 = EDGE_LOOP('',(#2985,#2986,#2987,#2993));
#2985 = ORIENTED_EDGE('',*,*,#2971,.T.);
#2986 = ORIENTED_EDGE('',*,*,#2104,.T.);
#2987 = ORIENTED_EDGE('',*,*,#2988,.F.);
#2988 = EDGE_CURVE('',#760,#2097,#2989,.T.);
#2989 = LINE('',#2990,#2991);
#2990 = CARTESIAN_POINT('',(77.75,-2.65,6.3));
#2991 = VECTOR('',#2992,1.);
#2992 = DIRECTION('',(0.,0.,1.));
#2993 = ORIENTED_EDGE('',*,*,#767,.F.);
#2994 = CYLINDRICAL_SURFACE('',#2995,2.4);
#2995 = AXIS2_PLACEMENT_3D('',#2996,#2997,#2998);
#2996 = CARTESIAN_POINT('',(75.35,-2.65,6.3));
#2997 = DIRECTION('',(0.,0.,-1.));
#2998 = DIRECTION('',(5.92E-15,1.,0.));
#2999 = ADVANCED_FACE('',(#3000),#3011,.T.);
#3000 = FACE_BOUND('',#3001,.T.);
#3001 = EDGE_LOOP('',(#3002,#3003,#3004,#3010));
#3002 = ORIENTED_EDGE('',*,*,#2988,.T.);
#3003 = ORIENTED_EDGE('',*,*,#2096,.T.);
#3004 = ORIENTED_EDGE('',*,*,#3005,.F.);
#3005 = EDGE_CURVE('',#751,#2088,#3006,.T.);
#3006 = LINE('',#3007,#3008);
#3007 = CARTESIAN_POINT('',(77.75,-3.95,6.3));
#3008 = VECTOR('',#3009,1.);
#3009 = DIRECTION('',(0.,0.,1.));
#3010 = ORIENTED_EDGE('',*,*,#759,.F.);
#3011 = PLANE('',#3012);
#3012 = AXIS2_PLACEMENT_3D('',#3013,#3014,#3015);
#3013 = CARTESIAN_POINT('',(77.75,-2.65,6.3));
#3014 = DIRECTION('',(1.,0.,0.));
#3015 = DIRECTION('',(0.,-1.,0.));
#3016 = ADVANCED_FACE('',(#3017),#3028,.F.);
#3017 = FACE_BOUND('',#3018,.T.);
#3018 = EDGE_LOOP('',(#3019,#3020,#3021,#3027));
#3019 = ORIENTED_EDGE('',*,*,#3005,.T.);
#3020 = ORIENTED_EDGE('',*,*,#2087,.T.);
#3021 = ORIENTED_EDGE('',*,*,#3022,.F.);
#3022 = EDGE_CURVE('',#743,#2080,#3023,.T.);
#3023 = LINE('',#3024,#3025);
#3024 = CARTESIAN_POINT('',(79.05,-5.25,6.3));
#3025 = VECTOR('',#3026,1.);
#3026 = DIRECTION('',(0.,0.,1.));
#3027 = ORIENTED_EDGE('',*,*,#750,.F.);
#3028 = CYLINDRICAL_SURFACE('',#3029,1.3);
#3029 = AXIS2_PLACEMENT_3D('',#3030,#3031,#3032);
#3030 = CARTESIAN_POINT('',(79.05,-3.95,6.3));
#3031 = DIRECTION('',(-0.,-0.,-1.));
#3032 = DIRECTION('',(-1.,2.73E-15,0.));
#3033 = ADVANCED_FACE('',(#3034),#3045,.T.);
#3034 = FACE_BOUND('',#3035,.T.);
#3035 = EDGE_LOOP('',(#3036,#3037,#3038,#3044));
#3036 = ORIENTED_EDGE('',*,*,#3022,.T.);
#3037 = ORIENTED_EDGE('',*,*,#2079,.T.);
#3038 = ORIENTED_EDGE('',*,*,#3039,.F.);
#3039 = EDGE_CURVE('',#734,#2071,#3040,.T.);
#3040 = LINE('',#3041,#3042);
#3041 = CARTESIAN_POINT('',(94.485135135135,-5.25,6.3));
#3042 = VECTOR('',#3043,1.);
#3043 = DIRECTION('',(0.,0.,1.));
#3044 = ORIENTED_EDGE('',*,*,#742,.F.);
#3045 = PLANE('',#3046);
#3046 = AXIS2_PLACEMENT_3D('',#3047,#3048,#3049);
#3047 = CARTESIAN_POINT('',(79.05,-5.25,6.3));
#3048 = DIRECTION('',(0.,1.,0.));
#3049 = DIRECTION('',(1.,0.,0.));
#3050 = ADVANCED_FACE('',(#3051),#3062,.T.);
#3051 = FACE_BOUND('',#3052,.T.);
#3052 = EDGE_LOOP('',(#3053,#3054,#3055,#3061));
#3053 = ORIENTED_EDGE('',*,*,#3039,.T.);
#3054 = ORIENTED_EDGE('',*,*,#2070,.T.);
#3055 = ORIENTED_EDGE('',*,*,#3056,.F.);
#3056 = EDGE_CURVE('',#726,#2063,#3057,.T.);
#3057 = LINE('',#3058,#3059);
#3058 = CARTESIAN_POINT('',(95.75,-6.514864864865,6.3));
#3059 = VECTOR('',#3060,1.);
#3060 = DIRECTION('',(0.,0.,1.));
#3061 = ORIENTED_EDGE('',*,*,#733,.F.);
#3062 = CYLINDRICAL_SURFACE('',#3063,1.264864864865);
#3063 = AXIS2_PLACEMENT_3D('',#3064,#3065,#3066);
#3064 = CARTESIAN_POINT('',(94.485135135135,-6.514864864865,6.3));
#3065 = DIRECTION('',(0.,0.,-1.));
#3066 = DIRECTION('',(1.124E-14,1.,0.));
#3067 = ADVANCED_FACE('',(#3068),#3079,.T.);
#3068 = FACE_BOUND('',#3069,.T.);
#3069 = EDGE_LOOP('',(#3070,#3071,#3072,#3078));
#3070 = ORIENTED_EDGE('',*,*,#3056,.T.);
#3071 = ORIENTED_EDGE('',*,*,#2062,.T.);
#3072 = ORIENTED_EDGE('',*,*,#3073,.F.);
#3073 = EDGE_CURVE('',#717,#2054,#3074,.T.);
#3074 = LINE('',#3075,#3076);
#3075 = CARTESIAN_POINT('',(95.75,-6.564864864865,6.3));
#3076 = VECTOR('',#3077,1.);
#3077 = DIRECTION('',(0.,0.,1.));
#3078 = ORIENTED_EDGE('',*,*,#725,.F.);
#3079 = PLANE('',#3080);
#3080 = AXIS2_PLACEMENT_3D('',#3081,#3082,#3083);
#3081 = CARTESIAN_POINT('',(95.75,-6.514864864865,6.3));
#3082 = DIRECTION('',(1.,0.,0.));
#3083 = DIRECTION('',(0.,-1.,0.));
#3084 = ADVANCED_FACE('',(#3085),#3096,.F.);
#3085 = FACE_BOUND('',#3086,.T.);
#3086 = EDGE_LOOP('',(#3087,#3088,#3089,#3095));
#3087 = ORIENTED_EDGE('',*,*,#3073,.T.);
#3088 = ORIENTED_EDGE('',*,*,#2053,.T.);
#3089 = ORIENTED_EDGE('',*,*,#3090,.F.);
#3090 = EDGE_CURVE('',#709,#2046,#3091,.T.);
#3091 = LINE('',#3092,#3093);
#3092 = CARTESIAN_POINT('',(96.435135135135,-7.25,6.3));
#3093 = VECTOR('',#3094,1.);
#3094 = DIRECTION('',(0.,0.,1.));
#3095 = ORIENTED_EDGE('',*,*,#716,.F.);
#3096 = CYLINDRICAL_SURFACE('',#3097,0.685135135135);
#3097 = AXIS2_PLACEMENT_3D('',#3098,#3099,#3100);
#3098 = CARTESIAN_POINT('',(96.435135135135,-6.564864864865,6.3));
#3099 = DIRECTION('',(-0.,-0.,-1.));
#3100 = DIRECTION('',(-1.,-2.593E-14,0.));
#3101 = ADVANCED_FACE('',(#3102),#3113,.T.);
#3102 = FACE_BOUND('',#3103,.T.);
#3103 = EDGE_LOOP('',(#3104,#3105,#3106,#3112));
#3104 = ORIENTED_EDGE('',*,*,#3090,.T.);
#3105 = ORIENTED_EDGE('',*,*,#2045,.T.);
#3106 = ORIENTED_EDGE('',*,*,#3107,.F.);
#3107 = EDGE_CURVE('',#700,#2037,#3108,.T.);
#3108 = LINE('',#3109,#3110);
#3109 = CARTESIAN_POINT('',(111.35,-7.25,6.3));
#3110 = VECTOR('',#3111,1.);
#3111 = DIRECTION('',(0.,0.,1.));
#3112 = ORIENTED_EDGE('',*,*,#708,.F.);
#3113 = PLANE('',#3114);
#3114 = AXIS2_PLACEMENT_3D('',#3115,#3116,#3117);
#3115 = CARTESIAN_POINT('',(96.435135135135,-7.25,6.3));
#3116 = DIRECTION('',(0.,1.,0.));
#3117 = DIRECTION('',(1.,0.,0.));
#3118 = ADVANCED_FACE('',(#3119),#3130,.T.);
#3119 = FACE_BOUND('',#3120,.T.);
#3120 = EDGE_LOOP('',(#3121,#3122,#3123,#3129));
#3121 = ORIENTED_EDGE('',*,*,#3107,.T.);
#3122 = ORIENTED_EDGE('',*,*,#2036,.T.);
#3123 = ORIENTED_EDGE('',*,*,#3124,.F.);
#3124 = EDGE_CURVE('',#692,#2029,#3125,.T.);
#3125 = LINE('',#3126,#3127);
#3126 = CARTESIAN_POINT('',(113.75,-9.65,6.3));
#3127 = VECTOR('',#3128,1.);
#3128 = DIRECTION('',(0.,0.,1.));
#3129 = ORIENTED_EDGE('',*,*,#699,.F.);
#3130 = CYLINDRICAL_SURFACE('',#3131,2.4);
#3131 = AXIS2_PLACEMENT_3D('',#3132,#3133,#3134);
#3132 = CARTESIAN_POINT('',(111.35,-9.65,6.3));
#3133 = DIRECTION('',(0.,0.,-1.));
#3134 = DIRECTION('',(5.92E-15,1.,0.));
#3135 = ADVANCED_FACE('',(#3136),#3147,.T.);
#3136 = FACE_BOUND('',#3137,.T.);
#3137 = EDGE_LOOP('',(#3138,#3139,#3140,#3146));
#3138 = ORIENTED_EDGE('',*,*,#3124,.T.);
#3139 = ORIENTED_EDGE('',*,*,#2028,.T.);
#3140 = ORIENTED_EDGE('',*,*,#3141,.F.);
#3141 = EDGE_CURVE('',#683,#2020,#3142,.T.);
#3142 = LINE('',#3143,#3144);
#3143 = CARTESIAN_POINT('',(113.75,-9.7,6.3));
#3144 = VECTOR('',#3145,1.);
#3145 = DIRECTION('',(0.,0.,1.));
#3146 = ORIENTED_EDGE('',*,*,#691,.F.);
#3147 = PLANE('',#3148);
#3148 = AXIS2_PLACEMENT_3D('',#3149,#3150,#3151);
#3149 = CARTESIAN_POINT('',(113.75,-9.65,6.3));
#3150 = DIRECTION('',(1.,0.,0.));
#3151 = DIRECTION('',(0.,-1.,0.));
#3152 = ADVANCED_FACE('',(#3153),#3164,.F.);
#3153 = FACE_BOUND('',#3154,.T.);
#3154 = EDGE_LOOP('',(#3155,#3156,#3157,#3158));
#3155 = ORIENTED_EDGE('',*,*,#682,.F.);
#3156 = ORIENTED_EDGE('',*,*,#3141,.T.);
#3157 = ORIENTED_EDGE('',*,*,#2019,.T.);
#3158 = ORIENTED_EDGE('',*,*,#3159,.T.);
#3159 = EDGE_CURVE('',#2012,#675,#3160,.T.);
#3160 = LINE('',#3161,#3162);
#3161 = CARTESIAN_POINT('',(114.39,-10.82,6.3));
#3162 = VECTOR('',#3163,1.);
#3163 = DIRECTION('',(-0.,-0.,-1.));
#3164 = CYLINDRICAL_SURFACE('',#3165,1.3);
#3165 = AXIS2_PLACEMENT_3D('',#3166,#3167,#3168);
#3166 = CARTESIAN_POINT('',(115.05,-9.7,6.3));
#3167 = DIRECTION('',(-0.,-0.,-1.));
#3168 = DIRECTION('',(-1.,4.1E-15,0.));
#3169 = ADVANCED_FACE('',(#3170),#3181,.T.);
#3170 = FACE_BOUND('',#3171,.T.);
#3171 = EDGE_LOOP('',(#3172,#3178,#3179,#3180));
#3172 = ORIENTED_EDGE('',*,*,#3173,.F.);
#3173 = EDGE_CURVE('',#667,#2004,#3174,.T.);
#3174 = LINE('',#3175,#3176);
#3175 = CARTESIAN_POINT('',(112.19558124802,-10.82,6.2));
#3176 = VECTOR('',#3177,1.);
#3177 = DIRECTION('',(0.,0.,1.));
#3178 = ORIENTED_EDGE('',*,*,#674,.T.);
#3179 = ORIENTED_EDGE('',*,*,#3159,.F.);
#3180 = ORIENTED_EDGE('',*,*,#2011,.F.);
#3181 = PLANE('',#3182);
#3182 = AXIS2_PLACEMENT_3D('',#3183,#3184,#3185);
#3183 = CARTESIAN_POINT('',(132.60441875198,-10.82,6.2));
#3184 = DIRECTION('',(0.,-1.,0.));
#3185 = DIRECTION('',(-1.,0.,0.));
#3186 = ADVANCED_FACE('',(#3187),#3198,.T.);
#3187 = FACE_BOUND('',#3188,.T.);
#3188 = EDGE_LOOP('',(#3189,#3190,#3191,#3192));
#3189 = ORIENTED_EDGE('',*,*,#666,.T.);
#3190 = ORIENTED_EDGE('',*,*,#3173,.T.);
#3191 = ORIENTED_EDGE('',*,*,#2003,.F.);
#3192 = ORIENTED_EDGE('',*,*,#3193,.F.);
#3193 = EDGE_CURVE('',#659,#1996,#3194,.T.);
#3194 = LINE('',#3195,#3196);
#3195 = CARTESIAN_POINT('',(112.06471506884,-10.82642904312,6.2));
#3196 = VECTOR('',#3197,1.);
#3197 = DIRECTION('',(0.,0.,1.));
#3198 = PLANE('',#3199);
#3199 = AXIS2_PLACEMENT_3D('',#3200,#3201,#3202);
#3200 = CARTESIAN_POINT('',(112.19558124802,-10.82,6.2));
#3201 = DIRECTION('',(4.906767432741E-02,-0.998795456205,0.));
#3202 = DIRECTION('',(-0.998795456205,-4.906767432741E-02,0.));
#3203 = ADVANCED_FACE('',(#3204),#3215,.T.);
#3204 = FACE_BOUND('',#3205,.T.);
#3205 = EDGE_LOOP('',(#3206,#3207,#3208,#3209));
#3206 = ORIENTED_EDGE('',*,*,#658,.T.);
#3207 = ORIENTED_EDGE('',*,*,#3193,.T.);
#3208 = ORIENTED_EDGE('',*,*,#1995,.F.);
#3209 = ORIENTED_EDGE('',*,*,#3210,.F.);
#3210 = EDGE_CURVE('',#651,#1988,#3211,.T.);
#3211 = LINE('',#3212,#3213);
#3212 = CARTESIAN_POINT('',(111.93073300553,-10.84630340479,6.2));
#3213 = VECTOR('',#3214,1.);
#3214 = DIRECTION('',(0.,0.,1.));
#3215 = PLANE('',#3216);
#3216 = AXIS2_PLACEMENT_3D('',#3217,#3218,#3219);
#3217 = CARTESIAN_POINT('',(112.06471506884,-10.82642904312,6.2));
#3218 = DIRECTION('',(0.146730474455,-0.989176509965,0.));
#3219 = DIRECTION('',(-0.989176509965,-0.146730474455,0.));
#3220 = ADVANCED_FACE('',(#3221),#3232,.T.);
#3221 = FACE_BOUND('',#3222,.T.);
#3222 = EDGE_LOOP('',(#3223,#3224,#3225,#3226));
#3223 = ORIENTED_EDGE('',*,*,#650,.T.);
#3224 = ORIENTED_EDGE('',*,*,#3210,.T.);
#3225 = ORIENTED_EDGE('',*,*,#1987,.F.);
#3226 = ORIENTED_EDGE('',*,*,#3227,.F.);
#3227 = EDGE_CURVE('',#643,#1980,#3228,.T.);
#3228 = LINE('',#3229,#3230);
#3229 = CARTESIAN_POINT('',(111.79934413057,-10.87921460468,6.2));
#3230 = VECTOR('',#3231,1.);
#3231 = DIRECTION('',(0.,0.,1.));
#3232 = PLANE('',#3233);
#3233 = AXIS2_PLACEMENT_3D('',#3234,#3235,#3236);
#3234 = CARTESIAN_POINT('',(111.93073300553,-10.84630340479,6.2));
#3235 = DIRECTION('',(0.242980179903,-0.970031253195,0.));
#3236 = DIRECTION('',(-0.970031253195,-0.242980179903,0.));
#3237 = ADVANCED_FACE('',(#3238),#3249,.T.);
#3238 = FACE_BOUND('',#3239,.T.);
#3239 = EDGE_LOOP('',(#3240,#3241,#3242,#3243));
#3240 = ORIENTED_EDGE('',*,*,#642,.T.);
#3241 = ORIENTED_EDGE('',*,*,#3227,.T.);
#3242 = ORIENTED_EDGE('',*,*,#1979,.F.);
#3243 = ORIENTED_EDGE('',*,*,#3244,.F.);
#3244 = EDGE_CURVE('',#635,#1972,#3245,.T.);
#3245 = LINE('',#3246,#3247);
#3246 = CARTESIAN_POINT('',(111.67181379066,-10.92484568995,6.2));
#3247 = VECTOR('',#3248,1.);
#3248 = DIRECTION('',(0.,0.,1.));
#3249 = PLANE('',#3250);
#3250 = AXIS2_PLACEMENT_3D('',#3251,#3252,#3253);
#3251 = CARTESIAN_POINT('',(111.79934413057,-10.87921460468,6.2));
#3252 = DIRECTION('',(0.336889853392,-0.941544065183,0.));
#3253 = DIRECTION('',(-0.941544065183,-0.336889853392,0.));
#3254 = ADVANCED_FACE('',(#3255),#3266,.T.);
#3255 = FACE_BOUND('',#3256,.T.);
#3256 = EDGE_LOOP('',(#3257,#3258,#3259,#3260));
#3257 = ORIENTED_EDGE('',*,*,#634,.T.);
#3258 = ORIENTED_EDGE('',*,*,#3244,.T.);
#3259 = ORIENTED_EDGE('',*,*,#1971,.F.);
#3260 = ORIENTED_EDGE('',*,*,#3261,.F.);
#3261 = EDGE_CURVE('',#627,#1964,#3262,.T.);
#3262 = LINE('',#3263,#3264);
#3263 = CARTESIAN_POINT('',(111.54937017267,-10.98275720829,6.2));
#3264 = VECTOR('',#3265,1.);
#3265 = DIRECTION('',(0.,0.,1.));
#3266 = PLANE('',#3267);
#3267 = AXIS2_PLACEMENT_3D('',#3268,#3269,#3270);
#3268 = CARTESIAN_POINT('',(111.67181379066,-10.92484568995,6.2));
#3269 = DIRECTION('',(0.42755509343,-0.903989293123,0.));
#3270 = DIRECTION('',(-0.903989293123,-0.42755509343,0.));
#3271 = ADVANCED_FACE('',(#3272),#3283,.T.);
#3272 = FACE_BOUND('',#3273,.T.);
#3273 = EDGE_LOOP('',(#3274,#3275,#3276,#3277));
#3274 = ORIENTED_EDGE('',*,*,#626,.T.);
#3275 = ORIENTED_EDGE('',*,*,#3261,.T.);
#3276 = ORIENTED_EDGE('',*,*,#1963,.F.);
#3277 = ORIENTED_EDGE('',*,*,#3278,.F.);
#3278 = EDGE_CURVE('',#619,#1956,#3279,.T.);
#3279 = LINE('',#3280,#3281);
#3280 = CARTESIAN_POINT('',(111.4331924756,-11.05239144012,6.2));
#3281 = VECTOR('',#3282,1.);
#3282 = DIRECTION('',(0.,0.,1.));
#3283 = PLANE('',#3284);
#3284 = AXIS2_PLACEMENT_3D('',#3285,#3286,#3287);
#3285 = CARTESIAN_POINT('',(111.54937017267,-10.98275720829,6.2));
#3286 = DIRECTION('',(0.514102744193,-0.85772861,0.));
#3287 = DIRECTION('',(-0.85772861,-0.514102744193,0.));
#3288 = ADVANCED_FACE('',(#3289),#3300,.T.);
#3289 = FACE_BOUND('',#3290,.T.);
#3290 = EDGE_LOOP('',(#3291,#3292,#3293,#3294));
#3291 = ORIENTED_EDGE('',*,*,#618,.T.);
#3292 = ORIENTED_EDGE('',*,*,#3278,.T.);
#3293 = ORIENTED_EDGE('',*,*,#1955,.F.);
#3294 = ORIENTED_EDGE('',*,*,#3295,.F.);
#3295 = EDGE_CURVE('',#611,#1948,#3296,.T.);
#3296 = LINE('',#3297,#3298);
#3297 = CARTESIAN_POINT('',(111.32439955416,-11.13307776974,6.2));
#3298 = VECTOR('',#3299,1.);
#3299 = DIRECTION('',(0.,0.,1.));
#3300 = PLANE('',#3301);
#3301 = AXIS2_PLACEMENT_3D('',#3302,#3303,#3304);
#3302 = CARTESIAN_POINT('',(111.4331924756,-11.05239144012,6.2));
#3303 = DIRECTION('',(0.595699304492,-0.803207531481,0.));
#3304 = DIRECTION('',(-0.803207531481,-0.595699304492,0.));
#3305 = ADVANCED_FACE('',(#3306),#3317,.T.);
#3306 = FACE_BOUND('',#3307,.T.);
#3307 = EDGE_LOOP('',(#3308,#3309,#3310,#3311));
#3308 = ORIENTED_EDGE('',*,*,#610,.T.);
#3309 = ORIENTED_EDGE('',*,*,#3295,.T.);
#3310 = ORIENTED_EDGE('',*,*,#1947,.F.);
#3311 = ORIENTED_EDGE('',*,*,#3312,.F.);
#3312 = EDGE_CURVE('',#603,#1940,#3313,.T.);
#3313 = LINE('',#3314,#3315);
#3314 = CARTESIAN_POINT('',(111.22403914367,-11.22403914367,6.2));
#3315 = VECTOR('',#3316,1.);
#3316 = DIRECTION('',(0.,0.,1.));
#3317 = PLANE('',#3318);
#3318 = AXIS2_PLACEMENT_3D('',#3319,#3320,#3321);
#3319 = CARTESIAN_POINT('',(111.32439955416,-11.13307776974,6.2));
#3320 = DIRECTION('',(0.671558954847,-0.740951125355,0.));
#3321 = DIRECTION('',(-0.740951125355,-0.671558954847,0.));
#3322 = ADVANCED_FACE('',(#3323),#3334,.T.);
#3323 = FACE_BOUND('',#3324,.T.);
#3324 = EDGE_LOOP('',(#3325,#3326,#3327,#3328));
#3325 = ORIENTED_EDGE('',*,*,#602,.T.);
#3326 = ORIENTED_EDGE('',*,*,#3312,.T.);
#3327 = ORIENTED_EDGE('',*,*,#1939,.F.);
#3328 = ORIENTED_EDGE('',*,*,#3329,.F.);
#3329 = EDGE_CURVE('',#595,#1932,#3330,.T.);
#3330 = LINE('',#3331,#3332);
#3331 = CARTESIAN_POINT('',(111.13307776974,-11.32439955416,6.2));
#3332 = VECTOR('',#3333,1.);
#3333 = DIRECTION('',(0.,0.,1.));
#3334 = PLANE('',#3335);
#3335 = AXIS2_PLACEMENT_3D('',#3336,#3337,#3338);
#3336 = CARTESIAN_POINT('',(111.22403914367,-11.22403914367,6.2));
#3337 = DIRECTION('',(0.740951125355,-0.671558954847,0.));
#3338 = DIRECTION('',(-0.671558954847,-0.740951125355,0.));
#3339 = ADVANCED_FACE('',(#3340),#3351,.T.);
#3340 = FACE_BOUND('',#3341,.T.);
#3341 = EDGE_LOOP('',(#3342,#3343,#3344,#3345));
#3342 = ORIENTED_EDGE('',*,*,#594,.T.);
#3343 = ORIENTED_EDGE('',*,*,#3329,.T.);
#3344 = ORIENTED_EDGE('',*,*,#1931,.F.);
#3345 = ORIENTED_EDGE('',*,*,#3346,.F.);
#3346 = EDGE_CURVE('',#587,#1924,#3347,.T.);
#3347 = LINE('',#3348,#3349);
#3348 = CARTESIAN_POINT('',(111.05239144012,-11.4331924756,6.2));
#3349 = VECTOR('',#3350,1.);
#3350 = DIRECTION('',(0.,0.,1.));
#3351 = PLANE('',#3352);
#3352 = AXIS2_PLACEMENT_3D('',#3353,#3354,#3355);
#3353 = CARTESIAN_POINT('',(111.13307776974,-11.32439955416,6.2));
#3354 = DIRECTION('',(0.803207531481,-0.595699304492,0.));
#3355 = DIRECTION('',(-0.595699304492,-0.803207531481,0.));
#3356 = ADVANCED_FACE('',(#3357),#3368,.T.);
#3357 = FACE_BOUND('',#3358,.T.);
#3358 = EDGE_LOOP('',(#3359,#3360,#3361,#3362));
#3359 = ORIENTED_EDGE('',*,*,#586,.T.);
#3360 = ORIENTED_EDGE('',*,*,#3346,.T.);
#3361 = ORIENTED_EDGE('',*,*,#1923,.F.);
#3362 = ORIENTED_EDGE('',*,*,#3363,.F.);
#3363 = EDGE_CURVE('',#579,#1916,#3364,.T.);
#3364 = LINE('',#3365,#3366);
#3365 = CARTESIAN_POINT('',(110.98275720829,-11.54937017267,6.2));
#3366 = VECTOR('',#3367,1.);
#3367 = DIRECTION('',(0.,0.,1.));
#3368 = PLANE('',#3369);
#3369 = AXIS2_PLACEMENT_3D('',#3370,#3371,#3372);
#3370 = CARTESIAN_POINT('',(111.05239144012,-11.4331924756,6.2));
#3371 = DIRECTION('',(0.85772861,-0.514102744193,0.));
#3372 = DIRECTION('',(-0.514102744193,-0.85772861,0.));
#3373 = ADVANCED_FACE('',(#3374),#3385,.T.);
#3374 = FACE_BOUND('',#3375,.T.);
#3375 = EDGE_LOOP('',(#3376,#3377,#3378,#3379));
#3376 = ORIENTED_EDGE('',*,*,#578,.T.);
#3377 = ORIENTED_EDGE('',*,*,#3363,.T.);
#3378 = ORIENTED_EDGE('',*,*,#1915,.F.);
#3379 = ORIENTED_EDGE('',*,*,#3380,.F.);
#3380 = EDGE_CURVE('',#571,#1908,#3381,.T.);
#3381 = LINE('',#3382,#3383);
#3382 = CARTESIAN_POINT('',(110.92484568995,-11.67181379066,6.2));
#3383 = VECTOR('',#3384,1.);
#3384 = DIRECTION('',(0.,0.,1.));
#3385 = PLANE('',#3386);
#3386 = AXIS2_PLACEMENT_3D('',#3387,#3388,#3389);
#3387 = CARTESIAN_POINT('',(110.98275720829,-11.54937017267,6.2));
#3388 = DIRECTION('',(0.903989293123,-0.42755509343,0.));
#3389 = DIRECTION('',(-0.42755509343,-0.903989293123,0.));
#3390 = ADVANCED_FACE('',(#3391),#3402,.T.);
#3391 = FACE_BOUND('',#3392,.T.);
#3392 = EDGE_LOOP('',(#3393,#3394,#3395,#3396));
#3393 = ORIENTED_EDGE('',*,*,#570,.T.);
#3394 = ORIENTED_EDGE('',*,*,#3380,.T.);
#3395 = ORIENTED_EDGE('',*,*,#1907,.F.);
#3396 = ORIENTED_EDGE('',*,*,#3397,.F.);
#3397 = EDGE_CURVE('',#563,#1900,#3398,.T.);
#3398 = LINE('',#3399,#3400);
#3399 = CARTESIAN_POINT('',(110.87921460468,-11.79934413057,6.2));
#3400 = VECTOR('',#3401,1.);
#3401 = DIRECTION('',(0.,0.,1.));
#3402 = PLANE('',#3403);
#3403 = AXIS2_PLACEMENT_3D('',#3404,#3405,#3406);
#3404 = CARTESIAN_POINT('',(110.92484568995,-11.67181379066,6.2));
#3405 = DIRECTION('',(0.941544065183,-0.336889853392,0.));
#3406 = DIRECTION('',(-0.336889853392,-0.941544065183,0.));
#3407 = ADVANCED_FACE('',(#3408),#3419,.T.);
#3408 = FACE_BOUND('',#3409,.T.);
#3409 = EDGE_LOOP('',(#3410,#3411,#3412,#3413));
#3410 = ORIENTED_EDGE('',*,*,#562,.T.);
#3411 = ORIENTED_EDGE('',*,*,#3397,.T.);
#3412 = ORIENTED_EDGE('',*,*,#1899,.F.);
#3413 = ORIENTED_EDGE('',*,*,#3414,.F.);
#3414 = EDGE_CURVE('',#555,#1892,#3415,.T.);
#3415 = LINE('',#3416,#3417);
#3416 = CARTESIAN_POINT('',(110.84630340479,-11.93073300553,6.2));
#3417 = VECTOR('',#3418,1.);
#3418 = DIRECTION('',(0.,0.,1.));
#3419 = PLANE('',#3420);
#3420 = AXIS2_PLACEMENT_3D('',#3421,#3422,#3423);
#3421 = CARTESIAN_POINT('',(110.87921460468,-11.79934413057,6.2));
#3422 = DIRECTION('',(0.970031253195,-0.242980179903,0.));
#3423 = DIRECTION('',(-0.242980179903,-0.970031253195,0.));
#3424 = ADVANCED_FACE('',(#3425),#3436,.T.);
#3425 = FACE_BOUND('',#3426,.T.);
#3426 = EDGE_LOOP('',(#3427,#3428,#3429,#3430));
#3427 = ORIENTED_EDGE('',*,*,#554,.T.);
#3428 = ORIENTED_EDGE('',*,*,#3414,.T.);
#3429 = ORIENTED_EDGE('',*,*,#1891,.F.);
#3430 = ORIENTED_EDGE('',*,*,#3431,.F.);
#3431 = EDGE_CURVE('',#547,#1884,#3432,.T.);
#3432 = LINE('',#3433,#3434);
#3433 = CARTESIAN_POINT('',(110.82642904312,-12.06471506884,6.2));
#3434 = VECTOR('',#3435,1.);
#3435 = DIRECTION('',(0.,0.,1.));
#3436 = PLANE('',#3437);
#3437 = AXIS2_PLACEMENT_3D('',#3438,#3439,#3440);
#3438 = CARTESIAN_POINT('',(110.84630340479,-11.93073300553,6.2));
#3439 = DIRECTION('',(0.989176509965,-0.146730474455,0.));
#3440 = DIRECTION('',(-0.146730474455,-0.989176509965,0.));
#3441 = ADVANCED_FACE('',(#3442),#3453,.T.);
#3442 = FACE_BOUND('',#3443,.T.);
#3443 = EDGE_LOOP('',(#3444,#3445,#3446,#3447));
#3444 = ORIENTED_EDGE('',*,*,#546,.T.);
#3445 = ORIENTED_EDGE('',*,*,#3431,.T.);
#3446 = ORIENTED_EDGE('',*,*,#1883,.F.);
#3447 = ORIENTED_EDGE('',*,*,#3448,.F.);
#3448 = EDGE_CURVE('',#539,#1876,#3449,.T.);
#3449 = LINE('',#3450,#3451);
#3450 = CARTESIAN_POINT('',(110.82,-12.19558124802,6.2));
#3451 = VECTOR('',#3452,1.);
#3452 = DIRECTION('',(0.,0.,1.));
#3453 = PLANE('',#3454);
#3454 = AXIS2_PLACEMENT_3D('',#3455,#3456,#3457);
#3455 = CARTESIAN_POINT('',(110.82642904312,-12.06471506884,6.2));
#3456 = DIRECTION('',(0.998795456205,-4.906767432741E-02,0.));
#3457 = DIRECTION('',(-4.906767432741E-02,-0.998795456205,0.));
#3458 = ADVANCED_FACE('',(#3459),#3470,.T.);
#3459 = FACE_BOUND('',#3460,.T.);
#3460 = EDGE_LOOP('',(#3461,#3462,#3463,#3464));
#3461 = ORIENTED_EDGE('',*,*,#538,.T.);
#3462 = ORIENTED_EDGE('',*,*,#3448,.T.);
#3463 = ORIENTED_EDGE('',*,*,#1875,.F.);
#3464 = ORIENTED_EDGE('',*,*,#3465,.F.);
#3465 = EDGE_CURVE('',#531,#1868,#3466,.T.);
#3466 = LINE('',#3467,#3468);
#3467 = CARTESIAN_POINT('',(110.82,-65.80441875198,6.2));
#3468 = VECTOR('',#3469,1.);
#3469 = DIRECTION('',(0.,0.,1.));
#3470 = PLANE('',#3471);
#3471 = AXIS2_PLACEMENT_3D('',#3472,#3473,#3474);
#3472 = CARTESIAN_POINT('',(110.82,-12.19558124802,6.2));
#3473 = DIRECTION('',(1.,0.,0.));
#3474 = DIRECTION('',(0.,-1.,0.));
#3475 = ADVANCED_FACE('',(#3476),#3487,.T.);
#3476 = FACE_BOUND('',#3477,.T.);
#3477 = EDGE_LOOP('',(#3478,#3479,#3480,#3481));
#3478 = ORIENTED_EDGE('',*,*,#530,.T.);
#3479 = ORIENTED_EDGE('',*,*,#3465,.T.);
#3480 = ORIENTED_EDGE('',*,*,#1867,.F.);
#3481 = ORIENTED_EDGE('',*,*,#3482,.F.);
#3482 = EDGE_CURVE('',#523,#1860,#3483,.T.);
#3483 = LINE('',#3484,#3485);
#3484 = CARTESIAN_POINT('',(110.82642904312,-65.93528493115,6.2));
#3485 = VECTOR('',#3486,1.);
#3486 = DIRECTION('',(0.,0.,1.));
#3487 = PLANE('',#3488);
#3488 = AXIS2_PLACEMENT_3D('',#3489,#3490,#3491);
#3489 = CARTESIAN_POINT('',(110.82,-65.80441875198,6.2));
#3490 = DIRECTION('',(0.998795456205,4.906767432741E-02,0.));
#3491 = DIRECTION('',(4.906767432741E-02,-0.998795456205,0.));
#3492 = ADVANCED_FACE('',(#3493),#3504,.T.);
#3493 = FACE_BOUND('',#3494,.T.);
#3494 = EDGE_LOOP('',(#3495,#3496,#3497,#3498));
#3495 = ORIENTED_EDGE('',*,*,#522,.T.);
#3496 = ORIENTED_EDGE('',*,*,#3482,.T.);
#3497 = ORIENTED_EDGE('',*,*,#1859,.F.);
#3498 = ORIENTED_EDGE('',*,*,#3499,.F.);
#3499 = EDGE_CURVE('',#515,#1852,#3500,.T.);
#3500 = LINE('',#3501,#3502);
#3501 = CARTESIAN_POINT('',(110.84630340479,-66.06926699446,6.2));
#3502 = VECTOR('',#3503,1.);
#3503 = DIRECTION('',(0.,0.,1.));
#3504 = PLANE('',#3505);
#3505 = AXIS2_PLACEMENT_3D('',#3506,#3507,#3508);
#3506 = CARTESIAN_POINT('',(110.82642904312,-65.93528493115,6.2));
#3507 = DIRECTION('',(0.989176509965,0.146730474455,0.));
#3508 = DIRECTION('',(0.146730474455,-0.989176509965,0.));
#3509 = ADVANCED_FACE('',(#3510),#3521,.T.);
#3510 = FACE_BOUND('',#3511,.T.);
#3511 = EDGE_LOOP('',(#3512,#3513,#3514,#3515));
#3512 = ORIENTED_EDGE('',*,*,#514,.T.);
#3513 = ORIENTED_EDGE('',*,*,#3499,.T.);
#3514 = ORIENTED_EDGE('',*,*,#1851,.F.);
#3515 = ORIENTED_EDGE('',*,*,#3516,.F.);
#3516 = EDGE_CURVE('',#507,#1844,#3517,.T.);
#3517 = LINE('',#3518,#3519);
#3518 = CARTESIAN_POINT('',(110.87921460468,-66.20065586942,6.2));
#3519 = VECTOR('',#3520,1.);
#3520 = DIRECTION('',(0.,0.,1.));
#3521 = PLANE('',#3522);
#3522 = AXIS2_PLACEMENT_3D('',#3523,#3524,#3525);
#3523 = CARTESIAN_POINT('',(110.84630340479,-66.06926699446,6.2));
#3524 = DIRECTION('',(0.970031253195,0.242980179903,0.));
#3525 = DIRECTION('',(0.242980179903,-0.970031253195,0.));
#3526 = ADVANCED_FACE('',(#3527),#3538,.T.);
#3527 = FACE_BOUND('',#3528,.T.);
#3528 = EDGE_LOOP('',(#3529,#3530,#3531,#3532));
#3529 = ORIENTED_EDGE('',*,*,#506,.T.);
#3530 = ORIENTED_EDGE('',*,*,#3516,.T.);
#3531 = ORIENTED_EDGE('',*,*,#1843,.F.);
#3532 = ORIENTED_EDGE('',*,*,#3533,.F.);
#3533 = EDGE_CURVE('',#499,#1836,#3534,.T.);
#3534 = LINE('',#3535,#3536);
#3535 = CARTESIAN_POINT('',(110.92484568995,-66.32818620934,6.2));
#3536 = VECTOR('',#3537,1.);
#3537 = DIRECTION('',(0.,0.,1.));
#3538 = PLANE('',#3539);
#3539 = AXIS2_PLACEMENT_3D('',#3540,#3541,#3542);
#3540 = CARTESIAN_POINT('',(110.87921460468,-66.20065586942,6.2));
#3541 = DIRECTION('',(0.941544065183,0.336889853392,0.));
#3542 = DIRECTION('',(0.336889853392,-0.941544065183,0.));
#3543 = ADVANCED_FACE('',(#3544),#3555,.T.);
#3544 = FACE_BOUND('',#3545,.T.);
#3545 = EDGE_LOOP('',(#3546,#3547,#3548,#3549));
#3546 = ORIENTED_EDGE('',*,*,#498,.T.);
#3547 = ORIENTED_EDGE('',*,*,#3533,.T.);
#3548 = ORIENTED_EDGE('',*,*,#1835,.F.);
#3549 = ORIENTED_EDGE('',*,*,#3550,.F.);
#3550 = EDGE_CURVE('',#491,#1828,#3551,.T.);
#3551 = LINE('',#3552,#3553);
#3552 = CARTESIAN_POINT('',(110.98275720829,-66.45062982732,6.2));
#3553 = VECTOR('',#3554,1.);
#3554 = DIRECTION('',(0.,0.,1.));
#3555 = PLANE('',#3556);
#3556 = AXIS2_PLACEMENT_3D('',#3557,#3558,#3559);
#3557 = CARTESIAN_POINT('',(110.92484568995,-66.32818620934,6.2));
#3558 = DIRECTION('',(0.903989293123,0.42755509343,0.));
#3559 = DIRECTION('',(0.42755509343,-0.903989293123,0.));
#3560 = ADVANCED_FACE('',(#3561),#3572,.T.);
#3561 = FACE_BOUND('',#3562,.T.);
#3562 = EDGE_LOOP('',(#3563,#3564,#3565,#3566));
#3563 = ORIENTED_EDGE('',*,*,#490,.T.);
#3564 = ORIENTED_EDGE('',*,*,#3550,.T.);
#3565 = ORIENTED_EDGE('',*,*,#1827,.F.);
#3566 = ORIENTED_EDGE('',*,*,#3567,.F.);
#3567 = EDGE_CURVE('',#483,#1820,#3568,.T.);
#3568 = LINE('',#3569,#3570);
#3569 = CARTESIAN_POINT('',(111.05239144012,-66.5668075244,6.2));
#3570 = VECTOR('',#3571,1.);
#3571 = DIRECTION('',(0.,0.,1.));
#3572 = PLANE('',#3573);
#3573 = AXIS2_PLACEMENT_3D('',#3574,#3575,#3576);
#3574 = CARTESIAN_POINT('',(110.98275720829,-66.45062982732,6.2));
#3575 = DIRECTION('',(0.85772861,0.514102744193,0.));
#3576 = DIRECTION('',(0.514102744193,-0.85772861,0.));
#3577 = ADVANCED_FACE('',(#3578),#3589,.T.);
#3578 = FACE_BOUND('',#3579,.T.);
#3579 = EDGE_LOOP('',(#3580,#3581,#3582,#3583));
#3580 = ORIENTED_EDGE('',*,*,#482,.T.);
#3581 = ORIENTED_EDGE('',*,*,#3567,.T.);
#3582 = ORIENTED_EDGE('',*,*,#1819,.F.);
#3583 = ORIENTED_EDGE('',*,*,#3584,.F.);
#3584 = EDGE_CURVE('',#475,#1812,#3585,.T.);
#3585 = LINE('',#3586,#3587);
#3586 = CARTESIAN_POINT('',(111.13307776974,-66.67560044583,6.2));
#3587 = VECTOR('',#3588,1.);
#3588 = DIRECTION('',(0.,0.,1.));
#3589 = PLANE('',#3590);
#3590 = AXIS2_PLACEMENT_3D('',#3591,#3592,#3593);
#3591 = CARTESIAN_POINT('',(111.05239144012,-66.5668075244,6.2));
#3592 = DIRECTION('',(0.803207531481,0.595699304492,0.));
#3593 = DIRECTION('',(0.595699304492,-0.803207531481,0.));
#3594 = ADVANCED_FACE('',(#3595),#3606,.T.);
#3595 = FACE_BOUND('',#3596,.T.);
#3596 = EDGE_LOOP('',(#3597,#3598,#3599,#3600));
#3597 = ORIENTED_EDGE('',*,*,#474,.T.);
#3598 = ORIENTED_EDGE('',*,*,#3584,.T.);
#3599 = ORIENTED_EDGE('',*,*,#1811,.F.);
#3600 = ORIENTED_EDGE('',*,*,#3601,.F.);
#3601 = EDGE_CURVE('',#467,#1804,#3602,.T.);
#3602 = LINE('',#3603,#3604);
#3603 = CARTESIAN_POINT('',(111.22403914367,-66.77596085632,6.2));
#3604 = VECTOR('',#3605,1.);
#3605 = DIRECTION('',(0.,0.,1.));
#3606 = PLANE('',#3607);
#3607 = AXIS2_PLACEMENT_3D('',#3608,#3609,#3610);
#3608 = CARTESIAN_POINT('',(111.13307776974,-66.67560044583,6.2));
#3609 = DIRECTION('',(0.740951125355,0.671558954847,0.));
#3610 = DIRECTION('',(0.671558954847,-0.740951125355,0.));
#3611 = ADVANCED_FACE('',(#3612),#3623,.T.);
#3612 = FACE_BOUND('',#3613,.T.);
#3613 = EDGE_LOOP('',(#3614,#3615,#3616,#3617));
#3614 = ORIENTED_EDGE('',*,*,#466,.T.);
#3615 = ORIENTED_EDGE('',*,*,#3601,.T.);
#3616 = ORIENTED_EDGE('',*,*,#1803,.F.);
#3617 = ORIENTED_EDGE('',*,*,#3618,.F.);
#3618 = EDGE_CURVE('',#459,#1796,#3619,.T.);
#3619 = LINE('',#3620,#3621);
#3620 = CARTESIAN_POINT('',(111.32439955416,-66.86692223025,6.2));
#3621 = VECTOR('',#3622,1.);
#3622 = DIRECTION('',(0.,0.,1.));
#3623 = PLANE('',#3624);
#3624 = AXIS2_PLACEMENT_3D('',#3625,#3626,#3627);
#3625 = CARTESIAN_POINT('',(111.22403914367,-66.77596085632,6.2));
#3626 = DIRECTION('',(0.671558954847,0.740951125355,0.));
#3627 = DIRECTION('',(0.740951125355,-0.671558954847,0.));
#3628 = ADVANCED_FACE('',(#3629),#3640,.T.);
#3629 = FACE_BOUND('',#3630,.T.);
#3630 = EDGE_LOOP('',(#3631,#3632,#3633,#3634));
#3631 = ORIENTED_EDGE('',*,*,#458,.T.);
#3632 = ORIENTED_EDGE('',*,*,#3618,.T.);
#3633 = ORIENTED_EDGE('',*,*,#1795,.F.);
#3634 = ORIENTED_EDGE('',*,*,#3635,.F.);
#3635 = EDGE_CURVE('',#451,#1788,#3636,.T.);
#3636 = LINE('',#3637,#3638);
#3637 = CARTESIAN_POINT('',(111.4331924756,-66.94760855987,6.2));
#3638 = VECTOR('',#3639,1.);
#3639 = DIRECTION('',(0.,0.,1.));
#3640 = PLANE('',#3641);
#3641 = AXIS2_PLACEMENT_3D('',#3642,#3643,#3644);
#3642 = CARTESIAN_POINT('',(111.32439955416,-66.86692223025,6.2));
#3643 = DIRECTION('',(0.595699304492,0.803207531481,0.));
#3644 = DIRECTION('',(0.803207531481,-0.595699304492,0.));
#3645 = ADVANCED_FACE('',(#3646),#3657,.T.);
#3646 = FACE_BOUND('',#3647,.T.);
#3647 = EDGE_LOOP('',(#3648,#3649,#3650,#3651));
#3648 = ORIENTED_EDGE('',*,*,#450,.T.);
#3649 = ORIENTED_EDGE('',*,*,#3635,.T.);
#3650 = ORIENTED_EDGE('',*,*,#1787,.F.);
#3651 = ORIENTED_EDGE('',*,*,#3652,.F.);
#3652 = EDGE_CURVE('',#443,#1780,#3653,.T.);
#3653 = LINE('',#3654,#3655);
#3654 = CARTESIAN_POINT('',(111.54937017267,-67.0172427917,6.2));
#3655 = VECTOR('',#3656,1.);
#3656 = DIRECTION('',(0.,0.,1.));
#3657 = PLANE('',#3658);
#3658 = AXIS2_PLACEMENT_3D('',#3659,#3660,#3661);
#3659 = CARTESIAN_POINT('',(111.4331924756,-66.94760855987,6.2));
#3660 = DIRECTION('',(0.514102744193,0.85772861,0.));
#3661 = DIRECTION('',(0.85772861,-0.514102744193,0.));
#3662 = ADVANCED_FACE('',(#3663),#3674,.T.);
#3663 = FACE_BOUND('',#3664,.T.);
#3664 = EDGE_LOOP('',(#3665,#3666,#3667,#3668));
#3665 = ORIENTED_EDGE('',*,*,#442,.T.);
#3666 = ORIENTED_EDGE('',*,*,#3652,.T.);
#3667 = ORIENTED_EDGE('',*,*,#1779,.F.);
#3668 = ORIENTED_EDGE('',*,*,#3669,.F.);
#3669 = EDGE_CURVE('',#435,#1772,#3670,.T.);
#3670 = LINE('',#3671,#3672);
#3671 = CARTESIAN_POINT('',(111.67181379066,-67.07515431004,6.2));
#3672 = VECTOR('',#3673,1.);
#3673 = DIRECTION('',(0.,0.,1.));
#3674 = PLANE('',#3675);
#3675 = AXIS2_PLACEMENT_3D('',#3676,#3677,#3678);
#3676 = CARTESIAN_POINT('',(111.54937017267,-67.0172427917,6.2));
#3677 = DIRECTION('',(0.42755509343,0.903989293123,0.));
#3678 = DIRECTION('',(0.903989293123,-0.42755509343,0.));
#3679 = ADVANCED_FACE('',(#3680),#3691,.T.);
#3680 = FACE_BOUND('',#3681,.T.);
#3681 = EDGE_LOOP('',(#3682,#3683,#3684,#3685));
#3682 = ORIENTED_EDGE('',*,*,#434,.T.);
#3683 = ORIENTED_EDGE('',*,*,#3669,.T.);
#3684 = ORIENTED_EDGE('',*,*,#1771,.F.);
#3685 = ORIENTED_EDGE('',*,*,#3686,.F.);
#3686 = EDGE_CURVE('',#427,#1764,#3687,.T.);
#3687 = LINE('',#3688,#3689);
#3688 = CARTESIAN_POINT('',(111.79934413057,-67.12078539531,6.2));
#3689 = VECTOR('',#3690,1.);
#3690 = DIRECTION('',(0.,0.,1.));
#3691 = PLANE('',#3692);
#3692 = AXIS2_PLACEMENT_3D('',#3693,#3694,#3695);
#3693 = CARTESIAN_POINT('',(111.67181379066,-67.07515431004,6.2));
#3694 = DIRECTION('',(0.336889853392,0.941544065183,0.));
#3695 = DIRECTION('',(0.941544065183,-0.336889853392,0.));
#3696 = ADVANCED_FACE('',(#3697),#3708,.T.);
#3697 = FACE_BOUND('',#3698,.T.);
#3698 = EDGE_LOOP('',(#3699,#3700,#3701,#3702));
#3699 = ORIENTED_EDGE('',*,*,#426,.T.);
#3700 = ORIENTED_EDGE('',*,*,#3686,.T.);
#3701 = ORIENTED_EDGE('',*,*,#1763,.F.);
#3702 = ORIENTED_EDGE('',*,*,#3703,.F.);
#3703 = EDGE_CURVE('',#419,#1756,#3704,.T.);
#3704 = LINE('',#3705,#3706);
#3705 = CARTESIAN_POINT('',(111.93073300553,-67.1536965952,6.2));
#3706 = VECTOR('',#3707,1.);
#3707 = DIRECTION('',(0.,0.,1.));
#3708 = PLANE('',#3709);
#3709 = AXIS2_PLACEMENT_3D('',#3710,#3711,#3712);
#3710 = CARTESIAN_POINT('',(111.79934413057,-67.12078539531,6.2));
#3711 = DIRECTION('',(0.242980179903,0.970031253195,0.));
#3712 = DIRECTION('',(0.970031253195,-0.242980179903,0.));
#3713 = ADVANCED_FACE('',(#3714),#3725,.T.);
#3714 = FACE_BOUND('',#3715,.T.);
#3715 = EDGE_LOOP('',(#3716,#3717,#3718,#3719));
#3716 = ORIENTED_EDGE('',*,*,#418,.T.);
#3717 = ORIENTED_EDGE('',*,*,#3703,.T.);
#3718 = ORIENTED_EDGE('',*,*,#1755,.F.);
#3719 = ORIENTED_EDGE('',*,*,#3720,.F.);
#3720 = EDGE_CURVE('',#411,#1748,#3721,.T.);
#3721 = LINE('',#3722,#3723);
#3722 = CARTESIAN_POINT('',(112.06471506884,-67.17357095687,6.2));
#3723 = VECTOR('',#3724,1.);
#3724 = DIRECTION('',(0.,0.,1.));
#3725 = PLANE('',#3726);
#3726 = AXIS2_PLACEMENT_3D('',#3727,#3728,#3729);
#3727 = CARTESIAN_POINT('',(111.93073300553,-67.1536965952,6.2));
#3728 = DIRECTION('',(0.146730474455,0.989176509965,0.));
#3729 = DIRECTION('',(0.989176509965,-0.146730474455,0.));
#3730 = ADVANCED_FACE('',(#3731),#3742,.T.);
#3731 = FACE_BOUND('',#3732,.T.);
#3732 = EDGE_LOOP('',(#3733,#3734,#3735,#3736));
#3733 = ORIENTED_EDGE('',*,*,#410,.T.);
#3734 = ORIENTED_EDGE('',*,*,#3720,.T.);
#3735 = ORIENTED_EDGE('',*,*,#1747,.F.);
#3736 = ORIENTED_EDGE('',*,*,#3737,.F.);
#3737 = EDGE_CURVE('',#403,#1740,#3738,.T.);
#3738 = LINE('',#3739,#3740);
#3739 = CARTESIAN_POINT('',(112.19558124802,-67.18,6.2));
#3740 = VECTOR('',#3741,1.);
#3741 = DIRECTION('',(0.,0.,1.));
#3742 = PLANE('',#3743);
#3743 = AXIS2_PLACEMENT_3D('',#3744,#3745,#3746);
#3744 = CARTESIAN_POINT('',(112.06471506884,-67.17357095687,6.2));
#3745 = DIRECTION('',(4.906767432741E-02,0.998795456205,0.));
#3746 = DIRECTION('',(0.998795456205,-4.906767432741E-02,0.));
#3747 = ADVANCED_FACE('',(#3748),#3805,.T.);
#3748 = FACE_BOUND('',#3749,.T.);
#3749 = EDGE_LOOP('',(#3750,#3756,#3757,#3765,#3773,#3779,#3780,#3788,
    #3796,#3802,#3803,#3804));
#3750 = ORIENTED_EDGE('',*,*,#3751,.F.);
#3751 = EDGE_CURVE('',#361,#1732,#3752,.T.);
#3752 = LINE('',#3753,#3754);
#3753 = CARTESIAN_POINT('',(133.80441875198,-67.18,6.2));
#3754 = VECTOR('',#3755,1.);
#3755 = DIRECTION('',(0.,0.,1.));
#3756 = ORIENTED_EDGE('',*,*,#368,.T.);
#3757 = ORIENTED_EDGE('',*,*,#3758,.F.);
#3758 = EDGE_CURVE('',#3759,#369,#3761,.T.);
#3759 = VERTEX_POINT('',#3760);
#3760 = CARTESIAN_POINT('',(132.6396323198,-67.18,6.75));
#3761 = LINE('',#3762,#3763);
#3762 = CARTESIAN_POINT('',(132.6396323198,-67.18,5.3));
#3763 = VECTOR('',#3764,1.);
#3764 = DIRECTION('',(-0.,-0.,-1.));
#3765 = ORIENTED_EDGE('',*,*,#3766,.F.);
#3766 = EDGE_CURVE('',#3767,#3759,#3769,.T.);
#3767 = VERTEX_POINT('',#3768);
#3768 = CARTESIAN_POINT('',(128.56036768019,-67.18,6.75));
#3769 = LINE('',#3770,#3771);
#3770 = CARTESIAN_POINT('',(121.39779062401,-67.18,6.75));
#3771 = VECTOR('',#3772,1.);
#3772 = DIRECTION('',(1.,0.,0.));
#3773 = ORIENTED_EDGE('',*,*,#3774,.T.);
#3774 = EDGE_CURVE('',#3767,#377,#3775,.T.);
#3775 = LINE('',#3776,#3777);
#3776 = CARTESIAN_POINT('',(128.56036768019,-67.18,5.3));
#3777 = VECTOR('',#3778,1.);
#3778 = DIRECTION('',(-0.,-0.,-1.));
#3779 = ORIENTED_EDGE('',*,*,#385,.T.);
#3780 = ORIENTED_EDGE('',*,*,#3781,.F.);
#3781 = EDGE_CURVE('',#3782,#386,#3784,.T.);
#3782 = VERTEX_POINT('',#3783);
#3783 = CARTESIAN_POINT('',(115.84167805378,-67.18,6.75));
#3784 = LINE('',#3785,#3786);
#3785 = CARTESIAN_POINT('',(115.84167805378,-67.18,5.3));
#3786 = VECTOR('',#3787,1.);
#3787 = DIRECTION('',(-0.,-0.,-1.));
#3788 = ORIENTED_EDGE('',*,*,#3789,.F.);
#3789 = EDGE_CURVE('',#3790,#3782,#3792,.T.);
#3790 = VERTEX_POINT('',#3791);
#3791 = CARTESIAN_POINT('',(113.15832194621,-67.18,6.75));
#3792 = LINE('',#3793,#3794);
#3793 = CARTESIAN_POINT('',(113.34779062401,-67.18,6.75));
#3794 = VECTOR('',#3795,1.);
#3795 = DIRECTION('',(1.,0.,0.));
#3796 = ORIENTED_EDGE('',*,*,#3797,.T.);
#3797 = EDGE_CURVE('',#3790,#394,#3798,.T.);
#3798 = LINE('',#3799,#3800);
#3799 = CARTESIAN_POINT('',(113.15832194621,-67.18,5.3));
#3800 = VECTOR('',#3801,1.);
#3801 = DIRECTION('',(-0.,-0.,-1.));
#3802 = ORIENTED_EDGE('',*,*,#402,.T.);
#3803 = ORIENTED_EDGE('',*,*,#3737,.T.);
#3804 = ORIENTED_EDGE('',*,*,#1739,.F.);
#3805 = PLANE('',#3806);
#3806 = AXIS2_PLACEMENT_3D('',#3807,#3808,#3809);
#3807 = CARTESIAN_POINT('',(112.19558124802,-67.18,6.2));
#3808 = DIRECTION('',(0.,1.,0.));
#3809 = DIRECTION('',(1.,0.,0.));
#3810 = ADVANCED_FACE('',(#3811),#3823,.F.);
#3811 = FACE_BOUND('',#3812,.T.);
#3812 = EDGE_LOOP('',(#3813,#3814,#3821,#3822));
#3813 = ORIENTED_EDGE('',*,*,#3797,.F.);
#3814 = ORIENTED_EDGE('',*,*,#3815,.T.);
#3815 = EDGE_CURVE('',#3790,#3782,#3816,.T.);
#3816 = CIRCLE('',#3817,2.15);
#3817 = AXIS2_PLACEMENT_3D('',#3818,#3819,#3820);
#3818 = CARTESIAN_POINT('',(114.5,-65.5,6.75));
#3819 = DIRECTION('',(0.,0.,1.));
#3820 = DIRECTION('',(1.,0.,0.));
#3821 = ORIENTED_EDGE('',*,*,#3781,.T.);
#3822 = ORIENTED_EDGE('',*,*,#393,.T.);
#3823 = CYLINDRICAL_SURFACE('',#3824,2.15);
#3824 = AXIS2_PLACEMENT_3D('',#3825,#3826,#3827);
#3825 = CARTESIAN_POINT('',(114.5,-65.5,5.3));
#3826 = DIRECTION('',(-0.,-0.,-1.));
#3827 = DIRECTION('',(1.,0.,0.));
#3828 = ADVANCED_FACE('',(#3829),#3841,.F.);
#3829 = FACE_BOUND('',#3830,.T.);
#3830 = EDGE_LOOP('',(#3831,#3832,#3839,#3840));
#3831 = ORIENTED_EDGE('',*,*,#3774,.F.);
#3832 = ORIENTED_EDGE('',*,*,#3833,.T.);
#3833 = EDGE_CURVE('',#3767,#3759,#3834,.T.);
#3834 = CIRCLE('',#3835,2.15);
#3835 = AXIS2_PLACEMENT_3D('',#3836,#3837,#3838);
#3836 = CARTESIAN_POINT('',(130.6,-66.5,6.75));
#3837 = DIRECTION('',(0.,0.,1.));
#3838 = DIRECTION('',(1.,0.,0.));
#3839 = ORIENTED_EDGE('',*,*,#3758,.T.);
#3840 = ORIENTED_EDGE('',*,*,#376,.T.);
#3841 = CYLINDRICAL_SURFACE('',#3842,2.15);
#3842 = AXIS2_PLACEMENT_3D('',#3843,#3844,#3845);
#3843 = CARTESIAN_POINT('',(130.6,-66.5,5.3));
#3844 = DIRECTION('',(-0.,-0.,-1.));
#3845 = DIRECTION('',(1.,0.,0.));
#3846 = ADVANCED_FACE('',(#3847),#3858,.T.);
#3847 = FACE_BOUND('',#3848,.T.);
#3848 = EDGE_LOOP('',(#3849,#3850,#3851,#3852));
#3849 = ORIENTED_EDGE('',*,*,#360,.T.);
#3850 = ORIENTED_EDGE('',*,*,#3751,.T.);
#3851 = ORIENTED_EDGE('',*,*,#1731,.F.);
#3852 = ORIENTED_EDGE('',*,*,#3853,.F.);
#3853 = EDGE_CURVE('',#353,#1724,#3854,.T.);
#3854 = LINE('',#3855,#3856);
#3855 = CARTESIAN_POINT('',(133.93528493115,-67.17357095687,6.2));
#3856 = VECTOR('',#3857,1.);
#3857 = DIRECTION('',(0.,0.,1.));
#3858 = PLANE('',#3859);
#3859 = AXIS2_PLACEMENT_3D('',#3860,#3861,#3862);
#3860 = CARTESIAN_POINT('',(133.80441875198,-67.18,6.2));
#3861 = DIRECTION('',(-4.906767432743E-02,0.998795456205,0.));
#3862 = DIRECTION('',(0.998795456205,4.906767432743E-02,0.));
#3863 = ADVANCED_FACE('',(#3864),#3875,.T.);
#3864 = FACE_BOUND('',#3865,.T.);
#3865 = EDGE_LOOP('',(#3866,#3867,#3868,#3869));
#3866 = ORIENTED_EDGE('',*,*,#352,.T.);
#3867 = ORIENTED_EDGE('',*,*,#3853,.T.);
#3868 = ORIENTED_EDGE('',*,*,#1723,.F.);
#3869 = ORIENTED_EDGE('',*,*,#3870,.F.);
#3870 = EDGE_CURVE('',#345,#1716,#3871,.T.);
#3871 = LINE('',#3872,#3873);
#3872 = CARTESIAN_POINT('',(134.06926699446,-67.1536965952,6.2));
#3873 = VECTOR('',#3874,1.);
#3874 = DIRECTION('',(0.,0.,1.));
#3875 = PLANE('',#3876);
#3876 = AXIS2_PLACEMENT_3D('',#3877,#3878,#3879);
#3877 = CARTESIAN_POINT('',(133.93528493115,-67.17357095687,6.2));
#3878 = DIRECTION('',(-0.146730474455,0.989176509965,0.));
#3879 = DIRECTION('',(0.989176509965,0.146730474455,0.));
#3880 = ADVANCED_FACE('',(#3881),#3892,.T.);
#3881 = FACE_BOUND('',#3882,.T.);
#3882 = EDGE_LOOP('',(#3883,#3884,#3885,#3886));
#3883 = ORIENTED_EDGE('',*,*,#344,.T.);
#3884 = ORIENTED_EDGE('',*,*,#3870,.T.);
#3885 = ORIENTED_EDGE('',*,*,#1715,.F.);
#3886 = ORIENTED_EDGE('',*,*,#3887,.F.);
#3887 = EDGE_CURVE('',#337,#1708,#3888,.T.);
#3888 = LINE('',#3889,#3890);
#3889 = CARTESIAN_POINT('',(134.20065586942,-67.12078539531,6.2));
#3890 = VECTOR('',#3891,1.);
#3891 = DIRECTION('',(0.,0.,1.));
#3892 = PLANE('',#3893);
#3893 = AXIS2_PLACEMENT_3D('',#3894,#3895,#3896);
#3894 = CARTESIAN_POINT('',(134.06926699446,-67.1536965952,6.2));
#3895 = DIRECTION('',(-0.242980179903,0.970031253195,0.));
#3896 = DIRECTION('',(0.970031253195,0.242980179903,0.));
#3897 = ADVANCED_FACE('',(#3898),#3909,.T.);
#3898 = FACE_BOUND('',#3899,.T.);
#3899 = EDGE_LOOP('',(#3900,#3901,#3902,#3903));
#3900 = ORIENTED_EDGE('',*,*,#336,.T.);
#3901 = ORIENTED_EDGE('',*,*,#3887,.T.);
#3902 = ORIENTED_EDGE('',*,*,#1707,.F.);
#3903 = ORIENTED_EDGE('',*,*,#3904,.F.);
#3904 = EDGE_CURVE('',#329,#1700,#3905,.T.);
#3905 = LINE('',#3906,#3907);
#3906 = CARTESIAN_POINT('',(134.32818620934,-67.07515431004,6.2));
#3907 = VECTOR('',#3908,1.);
#3908 = DIRECTION('',(0.,0.,1.));
#3909 = PLANE('',#3910);
#3910 = AXIS2_PLACEMENT_3D('',#3911,#3912,#3913);
#3911 = CARTESIAN_POINT('',(134.20065586942,-67.12078539531,6.2));
#3912 = DIRECTION('',(-0.336889853392,0.941544065183,0.));
#3913 = DIRECTION('',(0.941544065183,0.336889853392,0.));
#3914 = ADVANCED_FACE('',(#3915),#3926,.T.);
#3915 = FACE_BOUND('',#3916,.T.);
#3916 = EDGE_LOOP('',(#3917,#3918,#3919,#3920));
#3917 = ORIENTED_EDGE('',*,*,#328,.T.);
#3918 = ORIENTED_EDGE('',*,*,#3904,.T.);
#3919 = ORIENTED_EDGE('',*,*,#1699,.F.);
#3920 = ORIENTED_EDGE('',*,*,#3921,.F.);
#3921 = EDGE_CURVE('',#321,#1692,#3922,.T.);
#3922 = LINE('',#3923,#3924);
#3923 = CARTESIAN_POINT('',(134.45062982732,-67.0172427917,6.2));
#3924 = VECTOR('',#3925,1.);
#3925 = DIRECTION('',(0.,0.,1.));
#3926 = PLANE('',#3927);
#3927 = AXIS2_PLACEMENT_3D('',#3928,#3929,#3930);
#3928 = CARTESIAN_POINT('',(134.32818620934,-67.07515431004,6.2));
#3929 = DIRECTION('',(-0.42755509343,0.903989293123,0.));
#3930 = DIRECTION('',(0.903989293123,0.42755509343,0.));
#3931 = ADVANCED_FACE('',(#3932),#3943,.T.);
#3932 = FACE_BOUND('',#3933,.T.);
#3933 = EDGE_LOOP('',(#3934,#3935,#3936,#3937));
#3934 = ORIENTED_EDGE('',*,*,#320,.T.);
#3935 = ORIENTED_EDGE('',*,*,#3921,.T.);
#3936 = ORIENTED_EDGE('',*,*,#1691,.F.);
#3937 = ORIENTED_EDGE('',*,*,#3938,.F.);
#3938 = EDGE_CURVE('',#313,#1684,#3939,.T.);
#3939 = LINE('',#3940,#3941);
#3940 = CARTESIAN_POINT('',(134.5668075244,-66.94760855987,6.2));
#3941 = VECTOR('',#3942,1.);
#3942 = DIRECTION('',(0.,0.,1.));
#3943 = PLANE('',#3944);
#3944 = AXIS2_PLACEMENT_3D('',#3945,#3946,#3947);
#3945 = CARTESIAN_POINT('',(134.45062982732,-67.0172427917,6.2));
#3946 = DIRECTION('',(-0.514102744193,0.85772861,0.));
#3947 = DIRECTION('',(0.85772861,0.514102744193,0.));
#3948 = ADVANCED_FACE('',(#3949),#3960,.T.);
#3949 = FACE_BOUND('',#3950,.T.);
#3950 = EDGE_LOOP('',(#3951,#3952,#3953,#3954));
#3951 = ORIENTED_EDGE('',*,*,#312,.T.);
#3952 = ORIENTED_EDGE('',*,*,#3938,.T.);
#3953 = ORIENTED_EDGE('',*,*,#1683,.F.);
#3954 = ORIENTED_EDGE('',*,*,#3955,.F.);
#3955 = EDGE_CURVE('',#305,#1676,#3956,.T.);
#3956 = LINE('',#3957,#3958);
#3957 = CARTESIAN_POINT('',(134.67560044583,-66.86692223025,6.2));
#3958 = VECTOR('',#3959,1.);
#3959 = DIRECTION('',(0.,0.,1.));
#3960 = PLANE('',#3961);
#3961 = AXIS2_PLACEMENT_3D('',#3962,#3963,#3964);
#3962 = CARTESIAN_POINT('',(134.5668075244,-66.94760855987,6.2));
#3963 = DIRECTION('',(-0.595699304492,0.803207531481,0.));
#3964 = DIRECTION('',(0.803207531481,0.595699304492,0.));
#3965 = ADVANCED_FACE('',(#3966),#3977,.T.);
#3966 = FACE_BOUND('',#3967,.T.);
#3967 = EDGE_LOOP('',(#3968,#3969,#3970,#3971));
#3968 = ORIENTED_EDGE('',*,*,#304,.T.);
#3969 = ORIENTED_EDGE('',*,*,#3955,.T.);
#3970 = ORIENTED_EDGE('',*,*,#1675,.F.);
#3971 = ORIENTED_EDGE('',*,*,#3972,.F.);
#3972 = EDGE_CURVE('',#297,#1668,#3973,.T.);
#3973 = LINE('',#3974,#3975);
#3974 = CARTESIAN_POINT('',(134.77596085632,-66.77596085632,6.2));
#3975 = VECTOR('',#3976,1.);
#3976 = DIRECTION('',(0.,0.,1.));
#3977 = PLANE('',#3978);
#3978 = AXIS2_PLACEMENT_3D('',#3979,#3980,#3981);
#3979 = CARTESIAN_POINT('',(134.67560044583,-66.86692223025,6.2));
#3980 = DIRECTION('',(-0.671558954847,0.740951125355,0.));
#3981 = DIRECTION('',(0.740951125355,0.671558954847,0.));
#3982 = ADVANCED_FACE('',(#3983),#3994,.T.);
#3983 = FACE_BOUND('',#3984,.T.);
#3984 = EDGE_LOOP('',(#3985,#3986,#3987,#3988));
#3985 = ORIENTED_EDGE('',*,*,#296,.T.);
#3986 = ORIENTED_EDGE('',*,*,#3972,.T.);
#3987 = ORIENTED_EDGE('',*,*,#1667,.F.);
#3988 = ORIENTED_EDGE('',*,*,#3989,.F.);
#3989 = EDGE_CURVE('',#289,#1660,#3990,.T.);
#3990 = LINE('',#3991,#3992);
#3991 = CARTESIAN_POINT('',(134.86692223025,-66.67560044583,6.2));
#3992 = VECTOR('',#3993,1.);
#3993 = DIRECTION('',(0.,0.,1.));
#3994 = PLANE('',#3995);
#3995 = AXIS2_PLACEMENT_3D('',#3996,#3997,#3998);
#3996 = CARTESIAN_POINT('',(134.77596085632,-66.77596085632,6.2));
#3997 = DIRECTION('',(-0.740951125355,0.671558954847,0.));
#3998 = DIRECTION('',(0.671558954847,0.740951125355,0.));
#3999 = ADVANCED_FACE('',(#4000),#4011,.T.);
#4000 = FACE_BOUND('',#4001,.T.);
#4001 = EDGE_LOOP('',(#4002,#4003,#4004,#4005));
#4002 = ORIENTED_EDGE('',*,*,#288,.T.);
#4003 = ORIENTED_EDGE('',*,*,#3989,.T.);
#4004 = ORIENTED_EDGE('',*,*,#1659,.F.);
#4005 = ORIENTED_EDGE('',*,*,#4006,.F.);
#4006 = EDGE_CURVE('',#281,#1652,#4007,.T.);
#4007 = LINE('',#4008,#4009);
#4008 = CARTESIAN_POINT('',(134.94760855987,-66.5668075244,6.2));
#4009 = VECTOR('',#4010,1.);
#4010 = DIRECTION('',(0.,0.,1.));
#4011 = PLANE('',#4012);
#4012 = AXIS2_PLACEMENT_3D('',#4013,#4014,#4015);
#4013 = CARTESIAN_POINT('',(134.86692223025,-66.67560044583,6.2));
#4014 = DIRECTION('',(-0.803207531481,0.595699304492,0.));
#4015 = DIRECTION('',(0.595699304492,0.803207531481,0.));
#4016 = ADVANCED_FACE('',(#4017),#4028,.T.);
#4017 = FACE_BOUND('',#4018,.T.);
#4018 = EDGE_LOOP('',(#4019,#4020,#4021,#4022));
#4019 = ORIENTED_EDGE('',*,*,#280,.T.);
#4020 = ORIENTED_EDGE('',*,*,#4006,.T.);
#4021 = ORIENTED_EDGE('',*,*,#1651,.F.);
#4022 = ORIENTED_EDGE('',*,*,#4023,.F.);
#4023 = EDGE_CURVE('',#273,#1644,#4024,.T.);
#4024 = LINE('',#4025,#4026);
#4025 = CARTESIAN_POINT('',(135.,-66.47939768731,6.25));
#4026 = VECTOR('',#4027,1.);
#4027 = DIRECTION('',(0.,0.,1.));
#4028 = PLANE('',#4029);
#4029 = AXIS2_PLACEMENT_3D('',#4030,#4031,#4032);
#4030 = CARTESIAN_POINT('',(134.94760855987,-66.5668075244,6.2));
#4031 = DIRECTION('',(-0.85772861,0.514102744193,0.));
#4032 = DIRECTION('',(0.514102744193,0.85772861,0.));
#4033 = ADVANCED_FACE('',(#4034),#4045,.T.);
#4034 = FACE_BOUND('',#4035,.T.);
#4035 = EDGE_LOOP('',(#4036,#4037,#4038,#4039));
#4036 = ORIENTED_EDGE('',*,*,#272,.F.);
#4037 = ORIENTED_EDGE('',*,*,#4023,.T.);
#4038 = ORIENTED_EDGE('',*,*,#1643,.T.);
#4039 = ORIENTED_EDGE('',*,*,#4040,.F.);
#4040 = EDGE_CURVE('',#264,#1635,#4041,.T.);
#4041 = LINE('',#4042,#4043);
#4042 = CARTESIAN_POINT('',(135.,-79.39221144507,6.3));
#4043 = VECTOR('',#4044,1.);
#4044 = DIRECTION('',(0.,0.,1.));
#4045 = PLANE('',#4046);
#4046 = AXIS2_PLACEMENT_3D('',#4047,#4048,#4049);
#4047 = CARTESIAN_POINT('',(135.,-13.4,6.3));
#4048 = DIRECTION('',(1.,0.,0.));
#4049 = DIRECTION('',(0.,-1.,0.));
#4050 = ADVANCED_FACE('',(#4051),#4062,.T.);
#4051 = FACE_BOUND('',#4052,.T.);
#4052 = EDGE_LOOP('',(#4053,#4054,#4055,#4061));
#4053 = ORIENTED_EDGE('',*,*,#4040,.T.);
#4054 = ORIENTED_EDGE('',*,*,#1634,.T.);
#4055 = ORIENTED_EDGE('',*,*,#4056,.F.);
#4056 = EDGE_CURVE('',#256,#1627,#4057,.T.);
#4057 = LINE('',#4058,#4059);
#4058 = CARTESIAN_POINT('',(134.77513868888,-80.40649527325,6.3));
#4059 = VECTOR('',#4060,1.);
#4060 = DIRECTION('',(0.,0.,1.));
#4061 = ORIENTED_EDGE('',*,*,#263,.F.);
#4062 = CYLINDRICAL_SURFACE('',#4063,2.4);
#4063 = AXIS2_PLACEMENT_3D('',#4064,#4065,#4066);
#4064 = CARTESIAN_POINT('',(132.6,-79.39221144507,6.3));
#4065 = DIRECTION('',(0.,0.,-1.));
#4066 = DIRECTION('',(1.,0.,0.));
#4067 = ADVANCED_FACE('',(#4068),#4079,.T.);
#4068 = FACE_BOUND('',#4069,.T.);
#4069 = EDGE_LOOP('',(#4070,#4071,#4072,#4078));
#4070 = ORIENTED_EDGE('',*,*,#4056,.T.);
#4071 = ORIENTED_EDGE('',*,*,#1626,.T.);
#4072 = ORIENTED_EDGE('',*,*,#4073,.F.);
#4073 = EDGE_CURVE('',#247,#1618,#4074,.T.);
#4074 = LINE('',#4075,#4076);
#4075 = CARTESIAN_POINT('',(128.6976357504,-93.43974238424,6.3));
#4076 = VECTOR('',#4077,1.);
#4077 = DIRECTION('',(0.,0.,1.));
#4078 = ORIENTED_EDGE('',*,*,#255,.F.);
#4079 = PLANE('',#4080);
#4080 = AXIS2_PLACEMENT_3D('',#4081,#4082,#4083);
#4081 = CARTESIAN_POINT('',(134.77513868888,-80.40649527325,6.3));
#4082 = DIRECTION('',(0.906307787037,-0.422618261741,0.));
#4083 = DIRECTION('',(-0.422618261741,-0.906307787037,0.));
#4084 = ADVANCED_FACE('',(#4085),#4096,.T.);
#4085 = FACE_BOUND('',#4086,.T.);
#4086 = EDGE_LOOP('',(#4087,#4088,#4089,#4095));
#4087 = ORIENTED_EDGE('',*,*,#4073,.T.);
#4088 = ORIENTED_EDGE('',*,*,#1617,.T.);
#4089 = ORIENTED_EDGE('',*,*,#4090,.F.);
#4090 = EDGE_CURVE('',#239,#1610,#4091,.T.);
#4091 = LINE('',#4092,#4093);
#4092 = CARTESIAN_POINT('',(125.50821323333,-94.60059724495,6.3));
#4093 = VECTOR('',#4094,1.);
#4094 = DIRECTION('',(0.,0.,1.));
#4095 = ORIENTED_EDGE('',*,*,#246,.F.);
#4096 = CYLINDRICAL_SURFACE('',#4097,2.4);
#4097 = AXIS2_PLACEMENT_3D('',#4098,#4099,#4100);
#4098 = CARTESIAN_POINT('',(126.52249706151,-92.42545855606,6.3));
#4099 = DIRECTION('',(0.,0.,-1.));
#4100 = DIRECTION('',(0.906307787037,-0.422618261741,0.));
#4101 = ADVANCED_FACE('',(#4102),#4113,.T.);
#4102 = FACE_BOUND('',#4103,.T.);
#4103 = EDGE_LOOP('',(#4104,#4105,#4106,#4112));
#4104 = ORIENTED_EDGE('',*,*,#4090,.T.);
#4105 = ORIENTED_EDGE('',*,*,#1609,.T.);
#4106 = ORIENTED_EDGE('',*,*,#4107,.F.);
#4107 = EDGE_CURVE('',#230,#1601,#4108,.T.);
#4108 = LINE('',#4109,#4110);
#4109 = CARTESIAN_POINT('',(111.24215401522,-87.94822457985,6.3));
#4110 = VECTOR('',#4111,1.);
#4111 = DIRECTION('',(0.,0.,1.));
#4112 = ORIENTED_EDGE('',*,*,#238,.F.);
#4113 = PLANE('',#4114);
#4114 = AXIS2_PLACEMENT_3D('',#4115,#4116,#4117);
#4115 = CARTESIAN_POINT('',(125.50821323333,-94.60059724495,6.3));
#4116 = DIRECTION('',(-0.422618261741,-0.906307787037,0.));
#4117 = DIRECTION('',(-0.906307787037,0.422618261741,0.));
#4118 = ADVANCED_FACE('',(#4119),#4130,.F.);
#4119 = FACE_BOUND('',#4120,.T.);
#4120 = EDGE_LOOP('',(#4121,#4122,#4123,#4129));
#4121 = ORIENTED_EDGE('',*,*,#4107,.T.);
#4122 = ORIENTED_EDGE('',*,*,#1600,.T.);
#4123 = ORIENTED_EDGE('',*,*,#4124,.F.);
#4124 = EDGE_CURVE('',#222,#1593,#4125,.T.);
#4125 = LINE('',#4126,#4127);
#4126 = CARTESIAN_POINT('',(102.52820107264,-85.20072577071,6.3));
#4127 = VECTOR('',#4128,1.);
#4128 = DIRECTION('',(0.,0.,1.));
#4129 = ORIENTED_EDGE('',*,*,#229,.F.);
#4130 = CYLINDRICAL_SURFACE('',#4131,35.);
#4131 = AXIS2_PLACEMENT_3D('',#4132,#4133,#4134);
#4132 = CARTESIAN_POINT('',(96.4505148543,-119.6689971261,6.3));
#4133 = DIRECTION('',(0.,0.,-1.));
#4134 = DIRECTION('',(0.422618261741,0.906307787037,0.));
#4135 = ADVANCED_FACE('',(#4136),#4147,.T.);
#4136 = FACE_BOUND('',#4137,.T.);
#4137 = EDGE_LOOP('',(#4138,#4139,#4140,#4146));
#4138 = ORIENTED_EDGE('',*,*,#4124,.T.);
#4139 = ORIENTED_EDGE('',*,*,#1592,.T.);
#4140 = ORIENTED_EDGE('',*,*,#4141,.F.);
#4141 = EDGE_CURVE('',#213,#1584,#4142,.T.);
#4142 = LINE('',#4143,#4144);
#4143 = CARTESIAN_POINT('',(93.934541094633,-83.68543165355,6.3));
#4144 = VECTOR('',#4145,1.);
#4145 = DIRECTION('',(0.,0.,1.));
#4146 = ORIENTED_EDGE('',*,*,#221,.F.);
#4147 = PLANE('',#4148);
#4148 = AXIS2_PLACEMENT_3D('',#4149,#4150,#4151);
#4149 = CARTESIAN_POINT('',(102.52820107264,-85.20072577071,6.3));
#4150 = DIRECTION('',(-0.173648177667,-0.984807753012,0.));
#4151 = DIRECTION('',(-0.984807753012,0.173648177667,0.));
#4152 = ADVANCED_FACE('',(#4153),#4164,.F.);
#4153 = FACE_BOUND('',#4154,.T.);
#4154 = EDGE_LOOP('',(#4155,#4156,#4157,#4163));
#4155 = ORIENTED_EDGE('',*,*,#4141,.T.);
#4156 = ORIENTED_EDGE('',*,*,#1583,.T.);
#4157 = ORIENTED_EDGE('',*,*,#4158,.F.);
#4158 = EDGE_CURVE('',#205,#1576,#4159,.T.);
#4159 = LINE('',#4160,#4161);
#4160 = CARTESIAN_POINT('',(84.806403880123,-83.28688857577,6.3));
#4161 = VECTOR('',#4162,1.);
#4162 = DIRECTION('',(0.,0.,1.));
#4163 = ORIENTED_EDGE('',*,*,#212,.F.);
#4164 = CYLINDRICAL_SURFACE('',#4165,35.);
#4165 = AXIS2_PLACEMENT_3D('',#4166,#4167,#4168);
#4166 = CARTESIAN_POINT('',(87.856854876291,-118.1537030089,6.3));
#4167 = DIRECTION('',(0.,0.,-1.));
#4168 = DIRECTION('',(0.173648177667,0.984807753012,0.));
#4169 = ADVANCED_FACE('',(#4170),#4181,.T.);
#4170 = FACE_BOUND('',#4171,.T.);
#4171 = EDGE_LOOP('',(#4172,#4173,#4174,#4180));
#4172 = ORIENTED_EDGE('',*,*,#4158,.T.);
#4173 = ORIENTED_EDGE('',*,*,#1575,.T.);
#4174 = ORIENTED_EDGE('',*,*,#4175,.F.);
#4175 = EDGE_CURVE('',#196,#1567,#4176,.T.);
#4176 = LINE('',#4177,#4178);
#4177 = CARTESIAN_POINT('',(70.709659550127,-84.52019389726,6.3));
#4178 = VECTOR('',#4179,1.);
#4179 = DIRECTION('',(0.,0.,1.));
#4180 = ORIENTED_EDGE('',*,*,#204,.F.);
#4181 = PLANE('',#4182);
#4182 = AXIS2_PLACEMENT_3D('',#4183,#4184,#4185);
#4183 = CARTESIAN_POINT('',(84.806403880123,-83.28688857577,6.3));
#4184 = DIRECTION('',(8.715574274766E-02,-0.996194698092,0.));
#4185 = DIRECTION('',(-0.996194698092,-8.715574274766E-02,0.));
#4186 = ADVANCED_FACE('',(#4187),#4198,.T.);
#4187 = FACE_BOUND('',#4188,.T.);
#4188 = EDGE_LOOP('',(#4189,#4190,#4191,#4197));
#4189 = ORIENTED_EDGE('',*,*,#4175,.T.);
#4190 = ORIENTED_EDGE('',*,*,#1566,.T.);
#4191 = ORIENTED_EDGE('',*,*,#4192,.F.);
#4192 = EDGE_CURVE('',#188,#1559,#4193,.T.);
#4193 = LINE('',#4194,#4195);
#4194 = CARTESIAN_POINT('',(68.109618492113,-82.33850040444,6.3));
#4195 = VECTOR('',#4196,1.);
#4196 = DIRECTION('',(0.,0.,1.));
#4197 = ORIENTED_EDGE('',*,*,#195,.F.);
#4198 = CYLINDRICAL_SURFACE('',#4199,2.4);
#4199 = AXIS2_PLACEMENT_3D('',#4200,#4201,#4202);
#4200 = CARTESIAN_POINT('',(70.500485767533,-82.12932662184,6.3));
#4201 = DIRECTION('',(0.,0.,-1.));
#4202 = DIRECTION('',(8.715574274765E-02,-0.996194698092,0.));
#4203 = ADVANCED_FACE('',(#4204),#4215,.T.);
#4204 = FACE_BOUND('',#4205,.T.);
#4205 = EDGE_LOOP('',(#4206,#4207,#4208,#4214));
#4206 = ORIENTED_EDGE('',*,*,#4192,.T.);
#4207 = ORIENTED_EDGE('',*,*,#1558,.T.);
#4208 = ORIENTED_EDGE('',*,*,#4209,.F.);
#4209 = EDGE_CURVE('',#179,#1550,#4210,.T.);
#4210 = LINE('',#4211,#4212);
#4211 = CARTESIAN_POINT('',(66.635437343474,-65.48853277175,6.3));
#4212 = VECTOR('',#4213,1.);
#4213 = DIRECTION('',(0.,0.,1.));
#4214 = ORIENTED_EDGE('',*,*,#187,.F.);
#4215 = PLANE('',#4216);
#4216 = AXIS2_PLACEMENT_3D('',#4217,#4218,#4219);
#4217 = CARTESIAN_POINT('',(68.109618492113,-82.33850040444,6.3));
#4218 = DIRECTION('',(-0.996194698092,-8.715574274766E-02,0.));
#4219 = DIRECTION('',(-8.715574274766E-02,0.996194698092,0.));
#4220 = ADVANCED_FACE('',(#4221),#4232,.F.);
#4221 = FACE_BOUND('',#4222,.T.);
#4222 = EDGE_LOOP('',(#4223,#4224,#4225,#4231));
#4223 = ORIENTED_EDGE('',*,*,#4209,.T.);
#4224 = ORIENTED_EDGE('',*,*,#1549,.T.);
#4225 = ORIENTED_EDGE('',*,*,#4226,.F.);
#4226 = EDGE_CURVE('',#171,#1542,#4227,.T.);
#4227 = LINE('',#4228,#4229);
#4228 = CARTESIAN_POINT('',(63.646853249199,-62.75,6.3));
#4229 = VECTOR('',#4230,1.);
#4230 = DIRECTION('',(0.,0.,1.));
#4231 = ORIENTED_EDGE('',*,*,#178,.F.);
#4232 = CYLINDRICAL_SURFACE('',#4233,3.);
#4233 = AXIS2_PLACEMENT_3D('',#4234,#4235,#4236);
#4234 = CARTESIAN_POINT('',(63.646853249199,-65.75,6.3));
#4235 = DIRECTION('',(0.,0.,-1.));
#4236 = DIRECTION('',(0.996194698092,8.715574274766E-02,0.));
#4237 = ADVANCED_FACE('',(#4238),#4249,.T.);
#4238 = FACE_BOUND('',#4239,.T.);
#4239 = EDGE_LOOP('',(#4240,#4241,#4242,#4248));
#4240 = ORIENTED_EDGE('',*,*,#4226,.T.);
#4241 = ORIENTED_EDGE('',*,*,#1541,.T.);
#4242 = ORIENTED_EDGE('',*,*,#4243,.F.);
#4243 = EDGE_CURVE('',#162,#1533,#4244,.T.);
#4244 = LINE('',#4245,#4246);
#4245 = CARTESIAN_POINT('',(45.75,-62.75,6.3));
#4246 = VECTOR('',#4247,1.);
#4247 = DIRECTION('',(0.,0.,1.));
#4248 = ORIENTED_EDGE('',*,*,#170,.F.);
#4249 = PLANE('',#4250);
#4250 = AXIS2_PLACEMENT_3D('',#4251,#4252,#4253);
#4251 = CARTESIAN_POINT('',(63.646853249199,-62.75,6.3));
#4252 = DIRECTION('',(0.,-1.,0.));
#4253 = DIRECTION('',(-1.,0.,0.));
#4254 = ADVANCED_FACE('',(#4255),#4266,.F.);
#4255 = FACE_BOUND('',#4256,.T.);
#4256 = EDGE_LOOP('',(#4257,#4258,#4259,#4265));
#4257 = ORIENTED_EDGE('',*,*,#4243,.T.);
#4258 = ORIENTED_EDGE('',*,*,#1532,.T.);
#4259 = ORIENTED_EDGE('',*,*,#4260,.F.);
#4260 = EDGE_CURVE('',#154,#1525,#4261,.T.);
#4261 = LINE('',#4262,#4263);
#4262 = CARTESIAN_POINT('',(41.75,-66.75,6.3));
#4263 = VECTOR('',#4264,1.);
#4264 = DIRECTION('',(0.,0.,1.));
#4265 = ORIENTED_EDGE('',*,*,#161,.F.);
#4266 = CYLINDRICAL_SURFACE('',#4267,4.);
#4267 = AXIS2_PLACEMENT_3D('',#4268,#4269,#4270);
#4268 = CARTESIAN_POINT('',(45.75,-66.75,6.3));
#4269 = DIRECTION('',(0.,0.,-1.));
#4270 = DIRECTION('',(0.,1.,0.));
#4271 = ADVANCED_FACE('',(#4272),#4283,.T.);
#4272 = FACE_BOUND('',#4273,.T.);
#4273 = EDGE_LOOP('',(#4274,#4275,#4276,#4282));
#4274 = ORIENTED_EDGE('',*,*,#4260,.T.);
#4275 = ORIENTED_EDGE('',*,*,#1524,.T.);
#4276 = ORIENTED_EDGE('',*,*,#4277,.F.);
#4277 = EDGE_CURVE('',#145,#1516,#4278,.T.);
#4278 = LINE('',#4279,#4280);
#4279 = CARTESIAN_POINT('',(41.75,-72.35,6.3));
#4280 = VECTOR('',#4281,1.);
#4281 = DIRECTION('',(0.,0.,1.));
#4282 = ORIENTED_EDGE('',*,*,#153,.F.);
#4283 = PLANE('',#4284);
#4284 = AXIS2_PLACEMENT_3D('',#4285,#4286,#4287);
#4285 = CARTESIAN_POINT('',(41.75,-66.75,6.3));
#4286 = DIRECTION('',(1.,0.,0.));
#4287 = DIRECTION('',(0.,-1.,0.));
#4288 = ADVANCED_FACE('',(#4289),#4300,.T.);
#4289 = FACE_BOUND('',#4290,.T.);
#4290 = EDGE_LOOP('',(#4291,#4292,#4293,#4299));
#4291 = ORIENTED_EDGE('',*,*,#4277,.T.);
#4292 = ORIENTED_EDGE('',*,*,#1515,.T.);
#4293 = ORIENTED_EDGE('',*,*,#4294,.F.);
#4294 = EDGE_CURVE('',#137,#1508,#4295,.T.);
#4295 = LINE('',#4296,#4297);
#4296 = CARTESIAN_POINT('',(39.35,-74.75,6.3));
#4297 = VECTOR('',#4298,1.);
#4298 = DIRECTION('',(0.,0.,1.));
#4299 = ORIENTED_EDGE('',*,*,#144,.F.);
#4300 = CYLINDRICAL_SURFACE('',#4301,2.4);
#4301 = AXIS2_PLACEMENT_3D('',#4302,#4303,#4304);
#4302 = CARTESIAN_POINT('',(39.35,-72.35,6.3));
#4303 = DIRECTION('',(0.,0.,-1.));
#4304 = DIRECTION('',(1.,-5.92E-15,0.));
#4305 = ADVANCED_FACE('',(#4306),#4312,.T.);
#4306 = FACE_BOUND('',#4307,.T.);
#4307 = EDGE_LOOP('',(#4308,#4309,#4310,#4311));
#4308 = ORIENTED_EDGE('',*,*,#4294,.T.);
#4309 = ORIENTED_EDGE('',*,*,#1507,.T.);
#4310 = ORIENTED_EDGE('',*,*,#2833,.F.);
#4311 = ORIENTED_EDGE('',*,*,#136,.F.);
#4312 = PLANE('',#4313);
#4313 = AXIS2_PLACEMENT_3D('',#4314,#4315,#4316);
#4314 = CARTESIAN_POINT('',(39.35,-74.75,6.3));
#4315 = DIRECTION('',(0.,-1.,0.));
#4316 = DIRECTION('',(-1.,0.,0.));
#4317 = ADVANCED_FACE('',(#4318),#4334,.F.);
#4318 = FACE_BOUND('',#4319,.F.);
#4319 = EDGE_LOOP('',(#4320,#4321,#4327,#4328));
#4320 = ORIENTED_EDGE('',*,*,#845,.T.);
#4321 = ORIENTED_EDGE('',*,*,#4322,.T.);
#4322 = EDGE_CURVE('',#848,#2185,#4323,.T.);
#4323 = LINE('',#4324,#4325);
#4324 = CARTESIAN_POINT('',(23.,-56.,5.5));
#4325 = VECTOR('',#4326,1.);
#4326 = DIRECTION('',(0.,0.,1.));
#4327 = ORIENTED_EDGE('',*,*,#2182,.F.);
#4328 = ORIENTED_EDGE('',*,*,#4329,.F.);
#4329 = EDGE_CURVE('',#846,#2183,#4330,.T.);
#4330 = LINE('',#4331,#4332);
#4331 = CARTESIAN_POINT('',(37.,-56.,5.5));
#4332 = VECTOR('',#4333,1.);
#4333 = DIRECTION('',(0.,0.,1.));
#4334 = PLANE('',#4335);
#4335 = AXIS2_PLACEMENT_3D('',#4336,#4337,#4338);
#4336 = CARTESIAN_POINT('',(23.,-56.,5.5));
#4337 = DIRECTION('',(0.,1.,0.));
#4338 = DIRECTION('',(1.,0.,0.));
#4339 = ADVANCED_FACE('',(#4340),#4351,.F.);
#4340 = FACE_BOUND('',#4341,.F.);
#4341 = EDGE_LOOP('',(#4342,#4343,#4344,#4345));
#4342 = ORIENTED_EDGE('',*,*,#855,.T.);
#4343 = ORIENTED_EDGE('',*,*,#4329,.T.);
#4344 = ORIENTED_EDGE('',*,*,#2192,.F.);
#4345 = ORIENTED_EDGE('',*,*,#4346,.F.);
#4346 = EDGE_CURVE('',#856,#2193,#4347,.T.);
#4347 = LINE('',#4348,#4349);
#4348 = CARTESIAN_POINT('',(37.,-70.,5.5));
#4349 = VECTOR('',#4350,1.);
#4350 = DIRECTION('',(0.,0.,1.));
#4351 = PLANE('',#4352);
#4352 = AXIS2_PLACEMENT_3D('',#4353,#4354,#4355);
#4353 = CARTESIAN_POINT('',(37.,-56.,5.5));
#4354 = DIRECTION('',(1.,0.,0.));
#4355 = DIRECTION('',(0.,-1.,0.));
#4356 = ADVANCED_FACE('',(#4357),#4368,.F.);
#4357 = FACE_BOUND('',#4358,.F.);
#4358 = EDGE_LOOP('',(#4359,#4360,#4366,#4367));
#4359 = ORIENTED_EDGE('',*,*,#871,.T.);
#4360 = ORIENTED_EDGE('',*,*,#4361,.T.);
#4361 = EDGE_CURVE('',#864,#2201,#4362,.T.);
#4362 = LINE('',#4363,#4364);
#4363 = CARTESIAN_POINT('',(23.,-70.,5.5));
#4364 = VECTOR('',#4365,1.);
#4365 = DIRECTION('',(0.,0.,1.));
#4366 = ORIENTED_EDGE('',*,*,#2208,.F.);
#4367 = ORIENTED_EDGE('',*,*,#4322,.F.);
#4368 = PLANE('',#4369);
#4369 = AXIS2_PLACEMENT_3D('',#4370,#4371,#4372);
#4370 = CARTESIAN_POINT('',(23.,-70.,5.5));
#4371 = DIRECTION('',(-1.,0.,0.));
#4372 = DIRECTION('',(0.,1.,0.));
#4373 = ADVANCED_FACE('',(#4374),#4380,.F.);
#4374 = FACE_BOUND('',#4375,.F.);
#4375 = EDGE_LOOP('',(#4376,#4377,#4378,#4379));
#4376 = ORIENTED_EDGE('',*,*,#863,.T.);
#4377 = ORIENTED_EDGE('',*,*,#4346,.T.);
#4378 = ORIENTED_EDGE('',*,*,#2200,.F.);
#4379 = ORIENTED_EDGE('',*,*,#4361,.F.);
#4380 = PLANE('',#4381);
#4381 = AXIS2_PLACEMENT_3D('',#4382,#4383,#4384);
#4382 = CARTESIAN_POINT('',(37.,-70.,5.5));
#4383 = DIRECTION('',(0.,-1.,0.));
#4384 = DIRECTION('',(-1.,0.,0.));
#4385 = ADVANCED_FACE('',(#4386),#4402,.F.);
#4386 = FACE_BOUND('',#4387,.F.);
#4387 = EDGE_LOOP('',(#4388,#4389,#4395,#4396));
#4388 = ORIENTED_EDGE('',*,*,#879,.T.);
#4389 = ORIENTED_EDGE('',*,*,#4390,.T.);
#4390 = EDGE_CURVE('',#882,#2219,#4391,.T.);
#4391 = LINE('',#4392,#4393);
#4392 = CARTESIAN_POINT('',(41.,-44.,5.5));
#4393 = VECTOR('',#4394,1.);
#4394 = DIRECTION('',(0.,0.,1.));
#4395 = ORIENTED_EDGE('',*,*,#2216,.F.);
#4396 = ORIENTED_EDGE('',*,*,#4397,.F.);
#4397 = EDGE_CURVE('',#880,#2217,#4398,.T.);
#4398 = LINE('',#4399,#4400);
#4399 = CARTESIAN_POINT('',(55.,-44.,5.5));
#4400 = VECTOR('',#4401,1.);
#4401 = DIRECTION('',(0.,0.,1.));
#4402 = PLANE('',#4403);
#4403 = AXIS2_PLACEMENT_3D('',#4404,#4405,#4406);
#4404 = CARTESIAN_POINT('',(41.,-44.,5.5));
#4405 = DIRECTION('',(0.,1.,0.));
#4406 = DIRECTION('',(1.,0.,0.));
#4407 = ADVANCED_FACE('',(#4408),#4419,.F.);
#4408 = FACE_BOUND('',#4409,.F.);
#4409 = EDGE_LOOP('',(#4410,#4411,#4412,#4413));
#4410 = ORIENTED_EDGE('',*,*,#889,.T.);
#4411 = ORIENTED_EDGE('',*,*,#4397,.T.);
#4412 = ORIENTED_EDGE('',*,*,#2226,.F.);
#4413 = ORIENTED_EDGE('',*,*,#4414,.F.);
#4414 = EDGE_CURVE('',#890,#2227,#4415,.T.);
#4415 = LINE('',#4416,#4417);
#4416 = CARTESIAN_POINT('',(55.,-58.,5.5));
#4417 = VECTOR('',#4418,1.);
#4418 = DIRECTION('',(0.,0.,1.));
#4419 = PLANE('',#4420);
#4420 = AXIS2_PLACEMENT_3D('',#4421,#4422,#4423);
#4421 = CARTESIAN_POINT('',(55.,-44.,5.5));
#4422 = DIRECTION('',(1.,0.,0.));
#4423 = DIRECTION('',(0.,-1.,0.));
#4424 = ADVANCED_FACE('',(#4425),#4436,.F.);
#4425 = FACE_BOUND('',#4426,.F.);
#4426 = EDGE_LOOP('',(#4427,#4428,#4434,#4435));
#4427 = ORIENTED_EDGE('',*,*,#905,.T.);
#4428 = ORIENTED_EDGE('',*,*,#4429,.T.);
#4429 = EDGE_CURVE('',#898,#2235,#4430,.T.);
#4430 = LINE('',#4431,#4432);
#4431 = CARTESIAN_POINT('',(41.,-58.,5.5));
#4432 = VECTOR('',#4433,1.);
#4433 = DIRECTION('',(0.,0.,1.));
#4434 = ORIENTED_EDGE('',*,*,#2242,.F.);
#4435 = ORIENTED_EDGE('',*,*,#4390,.F.);
#4436 = PLANE('',#4437);
#4437 = AXIS2_PLACEMENT_3D('',#4438,#4439,#4440);
#4438 = CARTESIAN_POINT('',(41.,-58.,5.5));
#4439 = DIRECTION('',(-1.,0.,0.));
#4440 = DIRECTION('',(0.,1.,0.));
#4441 = ADVANCED_FACE('',(#4442),#4448,.F.);
#4442 = FACE_BOUND('',#4443,.F.);
#4443 = EDGE_LOOP('',(#4444,#4445,#4446,#4447));
#4444 = ORIENTED_EDGE('',*,*,#897,.T.);
#4445 = ORIENTED_EDGE('',*,*,#4414,.T.);
#4446 = ORIENTED_EDGE('',*,*,#2234,.F.);
#4447 = ORIENTED_EDGE('',*,*,#4429,.F.);
#4448 = PLANE('',#4449);
#4449 = AXIS2_PLACEMENT_3D('',#4450,#4451,#4452);
#4450 = CARTESIAN_POINT('',(55.,-58.,5.5));
#4451 = DIRECTION('',(0.,-1.,0.));
#4452 = DIRECTION('',(-1.,0.,0.));
#4453 = ADVANCED_FACE('',(#4454),#4470,.F.);
#4454 = FACE_BOUND('',#4455,.F.);
#4455 = EDGE_LOOP('',(#4456,#4457,#4463,#4464));
#4456 = ORIENTED_EDGE('',*,*,#913,.T.);
#4457 = ORIENTED_EDGE('',*,*,#4458,.T.);
#4458 = EDGE_CURVE('',#916,#2253,#4459,.T.);
#4459 = LINE('',#4460,#4461);
#4460 = CARTESIAN_POINT('',(71.416546914124,-65.63672731259,5.5));
#4461 = VECTOR('',#4462,1.);
#4462 = DIRECTION('',(0.,0.,1.));
#4463 = ORIENTED_EDGE('',*,*,#2250,.F.);
#4464 = ORIENTED_EDGE('',*,*,#4465,.F.);
#4465 = EDGE_CURVE('',#914,#2251,#4466,.T.);
#4466 = LINE('',#4467,#4468);
#4467 = CARTESIAN_POINT('',(85.363272687409,-64.41654691412,5.5));
#4468 = VECTOR('',#4469,1.);
#4469 = DIRECTION('',(0.,0.,1.));
#4470 = PLANE('',#4471);
#4471 = AXIS2_PLACEMENT_3D('',#4472,#4473,#4474);
#4472 = CARTESIAN_POINT('',(71.416546914124,-65.63672731259,5.5));
#4473 = DIRECTION('',(-8.715574274766E-02,0.996194698092,0.));
#4474 = DIRECTION('',(0.996194698092,8.715574274766E-02,0.));
#4475 = ADVANCED_FACE('',(#4476),#4487,.F.);
#4476 = FACE_BOUND('',#4477,.F.);
#4477 = EDGE_LOOP('',(#4478,#4479,#4480,#4481));
#4478 = ORIENTED_EDGE('',*,*,#923,.T.);
#4479 = ORIENTED_EDGE('',*,*,#4465,.T.);
#4480 = ORIENTED_EDGE('',*,*,#2260,.F.);
#4481 = ORIENTED_EDGE('',*,*,#4482,.F.);
#4482 = EDGE_CURVE('',#924,#2261,#4483,.T.);
#4483 = LINE('',#4484,#4485);
#4484 = CARTESIAN_POINT('',(86.583453085876,-78.3632726874,5.5));
#4485 = VECTOR('',#4486,1.);
#4486 = DIRECTION('',(0.,0.,1.));
#4487 = PLANE('',#4488);
#4488 = AXIS2_PLACEMENT_3D('',#4489,#4490,#4491);
#4489 = CARTESIAN_POINT('',(85.363272687409,-64.41654691412,5.5));
#4490 = DIRECTION('',(0.996194698092,8.715574274766E-02,0.));
#4491 = DIRECTION('',(8.715574274766E-02,-0.996194698092,0.));
#4492 = ADVANCED_FACE('',(#4493),#4504,.F.);
#4493 = FACE_BOUND('',#4494,.F.);
#4494 = EDGE_LOOP('',(#4495,#4496,#4502,#4503));
#4495 = ORIENTED_EDGE('',*,*,#939,.T.);
#4496 = ORIENTED_EDGE('',*,*,#4497,.T.);
#4497 = EDGE_CURVE('',#932,#2269,#4498,.T.);
#4498 = LINE('',#4499,#4500);
#4499 = CARTESIAN_POINT('',(72.636727312591,-79.58345308587,5.5));
#4500 = VECTOR('',#4501,1.);
#4501 = DIRECTION('',(0.,0.,1.));
#4502 = ORIENTED_EDGE('',*,*,#2276,.F.);
#4503 = ORIENTED_EDGE('',*,*,#4458,.F.);
#4504 = PLANE('',#4505);
#4505 = AXIS2_PLACEMENT_3D('',#4506,#4507,#4508);
#4506 = CARTESIAN_POINT('',(72.636727312591,-79.58345308587,5.5));
#4507 = DIRECTION('',(-0.996194698092,-8.715574274766E-02,0.));
#4508 = DIRECTION('',(-8.715574274766E-02,0.996194698092,0.));
#4509 = ADVANCED_FACE('',(#4510),#4516,.F.);
#4510 = FACE_BOUND('',#4511,.F.);
#4511 = EDGE_LOOP('',(#4512,#4513,#4514,#4515));
#4512 = ORIENTED_EDGE('',*,*,#931,.T.);
#4513 = ORIENTED_EDGE('',*,*,#4482,.T.);
#4514 = ORIENTED_EDGE('',*,*,#2268,.F.);
#4515 = ORIENTED_EDGE('',*,*,#4497,.F.);
#4516 = PLANE('',#4517);
#4517 = AXIS2_PLACEMENT_3D('',#4518,#4519,#4520);
#4518 = CARTESIAN_POINT('',(86.583453085876,-78.3632726874,5.5));
#4519 = DIRECTION('',(8.715574274766E-02,-0.996194698092,0.));
#4520 = DIRECTION('',(-0.996194698092,-8.715574274766E-02,0.));
#4521 = ADVANCED_FACE('',(#4522),#4538,.F.);
#4522 = FACE_BOUND('',#4523,.F.);
#4523 = EDGE_LOOP('',(#4524,#4525,#4531,#4532));
#4524 = ORIENTED_EDGE('',*,*,#947,.T.);
#4525 = ORIENTED_EDGE('',*,*,#4526,.T.);
#4526 = EDGE_CURVE('',#950,#2287,#4527,.T.);
#4527 = LINE('',#4528,#4529);
#4528 = CARTESIAN_POINT('',(95.321882972583,-64.89080848524,5.5));
#4529 = VECTOR('',#4530,1.);
#4530 = DIRECTION('',(0.,0.,1.));
#4531 = ORIENTED_EDGE('',*,*,#2284,.F.);
#4532 = ORIENTED_EDGE('',*,*,#4533,.F.);
#4533 = EDGE_CURVE('',#948,#2285,#4534,.T.);
#4534 = LINE('',#4535,#4536);
#4535 = CARTESIAN_POINT('',(109.10919151475,-67.32188297258,5.5));
#4536 = VECTOR('',#4537,1.);
#4537 = DIRECTION('',(0.,0.,1.));
#4538 = PLANE('',#4539);
#4539 = AXIS2_PLACEMENT_3D('',#4540,#4541,#4542);
#4540 = CARTESIAN_POINT('',(95.321882972583,-64.89080848524,5.5));
#4541 = DIRECTION('',(0.173648177667,0.984807753012,0.));
#4542 = DIRECTION('',(0.984807753012,-0.173648177667,0.));
#4543 = ADVANCED_FACE('',(#4544),#4555,.F.);
#4544 = FACE_BOUND('',#4545,.F.);
#4545 = EDGE_LOOP('',(#4546,#4547,#4548,#4549));
#4546 = ORIENTED_EDGE('',*,*,#957,.T.);
#4547 = ORIENTED_EDGE('',*,*,#4533,.T.);
#4548 = ORIENTED_EDGE('',*,*,#2294,.F.);
#4549 = ORIENTED_EDGE('',*,*,#4550,.F.);
#4550 = EDGE_CURVE('',#958,#2295,#4551,.T.);
#4551 = LINE('',#4552,#4553);
#4552 = CARTESIAN_POINT('',(106.67811702741,-81.10919151475,5.5));
#4553 = VECTOR('',#4554,1.);
#4554 = DIRECTION('',(0.,0.,1.));
#4555 = PLANE('',#4556);
#4556 = AXIS2_PLACEMENT_3D('',#4557,#4558,#4559);
#4557 = CARTESIAN_POINT('',(109.10919151475,-67.32188297258,5.5));
#4558 = DIRECTION('',(0.984807753012,-0.173648177667,0.));
#4559 = DIRECTION('',(-0.173648177667,-0.984807753012,0.));
#4560 = ADVANCED_FACE('',(#4561),#4572,.F.);
#4561 = FACE_BOUND('',#4562,.F.);
#4562 = EDGE_LOOP('',(#4563,#4564,#4570,#4571));
#4563 = ORIENTED_EDGE('',*,*,#973,.T.);
#4564 = ORIENTED_EDGE('',*,*,#4565,.T.);
#4565 = EDGE_CURVE('',#966,#2303,#4566,.T.);
#4566 = LINE('',#4567,#4568);
#4567 = CARTESIAN_POINT('',(92.890808485246,-78.67811702741,5.5));
#4568 = VECTOR('',#4569,1.);
#4569 = DIRECTION('',(0.,0.,1.));
#4570 = ORIENTED_EDGE('',*,*,#2310,.F.);
#4571 = ORIENTED_EDGE('',*,*,#4526,.F.);
#4572 = PLANE('',#4573);
#4573 = AXIS2_PLACEMENT_3D('',#4574,#4575,#4576);
#4574 = CARTESIAN_POINT('',(92.890808485246,-78.67811702741,5.5));
#4575 = DIRECTION('',(-0.984807753012,0.173648177667,0.));
#4576 = DIRECTION('',(0.173648177667,0.984807753012,0.));
#4577 = ADVANCED_FACE('',(#4578),#4584,.F.);
#4578 = FACE_BOUND('',#4579,.F.);
#4579 = EDGE_LOOP('',(#4580,#4581,#4582,#4583));
#4580 = ORIENTED_EDGE('',*,*,#965,.T.);
#4581 = ORIENTED_EDGE('',*,*,#4550,.T.);
#4582 = ORIENTED_EDGE('',*,*,#2302,.F.);
#4583 = ORIENTED_EDGE('',*,*,#4565,.F.);
#4584 = PLANE('',#4585);
#4585 = AXIS2_PLACEMENT_3D('',#4586,#4587,#4588);
#4586 = CARTESIAN_POINT('',(106.67811702741,-81.10919151475,5.5));
#4587 = DIRECTION('',(-0.173648177667,-0.984807753012,0.));
#4588 = DIRECTION('',(-0.984807753012,0.173648177667,0.));
#4589 = ADVANCED_FACE('',(#4590),#4606,.F.);
#4590 = FACE_BOUND('',#4591,.F.);
#4591 = EDGE_LOOP('',(#4592,#4593,#4599,#4600));
#4592 = ORIENTED_EDGE('',*,*,#981,.T.);
#4593 = ORIENTED_EDGE('',*,*,#4594,.T.);
#4594 = EDGE_CURVE('',#984,#2321,#4595,.T.);
#4595 = LINE('',#4596,#4597);
#4596 = CARTESIAN_POINT('',(118.61417332292,-70.69751765855,5.5));
#4597 = VECTOR('',#4598,1.);
#4598 = DIRECTION('',(0.,0.,1.));
#4599 = ORIENTED_EDGE('',*,*,#2318,.F.);
#4600 = ORIENTED_EDGE('',*,*,#4601,.F.);
#4601 = EDGE_CURVE('',#982,#2319,#4602,.T.);
#4602 = LINE('',#4603,#4604);
#4603 = CARTESIAN_POINT('',(131.30248234144,-76.61417332292,5.5));
#4604 = VECTOR('',#4605,1.);
#4605 = DIRECTION('',(0.,0.,1.));
#4606 = PLANE('',#4607);
#4607 = AXIS2_PLACEMENT_3D('',#4608,#4609,#4610);
#4608 = CARTESIAN_POINT('',(118.61417332292,-70.69751765855,5.5));
#4609 = DIRECTION('',(0.422618261741,0.906307787037,0.));
#4610 = DIRECTION('',(0.906307787037,-0.422618261741,0.));
#4611 = ADVANCED_FACE('',(#4612),#4623,.F.);
#4612 = FACE_BOUND('',#4613,.F.);
#4613 = EDGE_LOOP('',(#4614,#4615,#4616,#4617));
#4614 = ORIENTED_EDGE('',*,*,#991,.T.);
#4615 = ORIENTED_EDGE('',*,*,#4601,.T.);
#4616 = ORIENTED_EDGE('',*,*,#2328,.F.);
#4617 = ORIENTED_EDGE('',*,*,#4618,.F.);
#4618 = EDGE_CURVE('',#992,#2329,#4619,.T.);
#4619 = LINE('',#4620,#4621);
#4620 = CARTESIAN_POINT('',(125.38582667707,-89.30248234144,5.5));
#4621 = VECTOR('',#4622,1.);
#4622 = DIRECTION('',(0.,0.,1.));
#4623 = PLANE('',#4624);
#4624 = AXIS2_PLACEMENT_3D('',#4625,#4626,#4627);
#4625 = CARTESIAN_POINT('',(131.30248234144,-76.61417332292,5.5));
#4626 = DIRECTION('',(0.906307787037,-0.422618261741,0.));
#4627 = DIRECTION('',(-0.422618261741,-0.906307787037,0.));
#4628 = ADVANCED_FACE('',(#4629),#4640,.F.);
#4629 = FACE_BOUND('',#4630,.F.);
#4630 = EDGE_LOOP('',(#4631,#4632,#4638,#4639));
#4631 = ORIENTED_EDGE('',*,*,#1007,.T.);
#4632 = ORIENTED_EDGE('',*,*,#4633,.T.);
#4633 = EDGE_CURVE('',#1000,#2337,#4634,.T.);
#4634 = LINE('',#4635,#4636);
#4635 = CARTESIAN_POINT('',(112.69751765855,-83.38582667707,5.5));
#4636 = VECTOR('',#4637,1.);
#4637 = DIRECTION('',(0.,0.,1.));
#4638 = ORIENTED_EDGE('',*,*,#2344,.F.);
#4639 = ORIENTED_EDGE('',*,*,#4594,.F.);
#4640 = PLANE('',#4641);
#4641 = AXIS2_PLACEMENT_3D('',#4642,#4643,#4644);
#4642 = CARTESIAN_POINT('',(112.69751765855,-83.38582667707,5.5));
#4643 = DIRECTION('',(-0.906307787037,0.422618261741,0.));
#4644 = DIRECTION('',(0.422618261741,0.906307787037,0.));
#4645 = ADVANCED_FACE('',(#4646),#4652,.F.);
#4646 = FACE_BOUND('',#4647,.F.);
#4647 = EDGE_LOOP('',(#4648,#4649,#4650,#4651));
#4648 = ORIENTED_EDGE('',*,*,#999,.T.);
#4649 = ORIENTED_EDGE('',*,*,#4618,.T.);
#4650 = ORIENTED_EDGE('',*,*,#2336,.F.);
#4651 = ORIENTED_EDGE('',*,*,#4633,.F.);
#4652 = PLANE('',#4653);
#4653 = AXIS2_PLACEMENT_3D('',#4654,#4655,#4656);
#4654 = CARTESIAN_POINT('',(125.38582667707,-89.30248234144,5.5));
#4655 = DIRECTION('',(-0.422618261741,-0.906307787037,0.));
#4656 = DIRECTION('',(-0.906307787037,0.422618261741,0.));
#4657 = ADVANCED_FACE('',(#4658),#4669,.F.);
#4658 = FACE_BOUND('',#4659,.T.);
#4659 = EDGE_LOOP('',(#4660,#4661,#4667,#4668));
#4660 = ORIENTED_EDGE('',*,*,#1015,.T.);
#4661 = ORIENTED_EDGE('',*,*,#4662,.T.);
#4662 = EDGE_CURVE('',#1016,#2353,#4663,.T.);
#4663 = LINE('',#4664,#4665);
#4664 = CARTESIAN_POINT('',(81.15,-61.3,5.5));
#4665 = VECTOR('',#4666,1.);
#4666 = DIRECTION('',(0.,0.,1.));
#4667 = ORIENTED_EDGE('',*,*,#2352,.F.);
#4668 = ORIENTED_EDGE('',*,*,#4662,.F.);
#4669 = CYLINDRICAL_SURFACE('',#4670,1.15);
#4670 = AXIS2_PLACEMENT_3D('',#4671,#4672,#4673);
#4671 = CARTESIAN_POINT('',(80.,-61.3,5.5));
#4672 = DIRECTION('',(-0.,-0.,-1.));
#4673 = DIRECTION('',(1.,0.,0.));
#4674 = ADVANCED_FACE('',(#4675),#4691,.F.);
#4675 = FACE_BOUND('',#4676,.F.);
#4676 = EDGE_LOOP('',(#4677,#4678,#4684,#4685));
#4677 = ORIENTED_EDGE('',*,*,#1026,.T.);
#4678 = ORIENTED_EDGE('',*,*,#4679,.T.);
#4679 = EDGE_CURVE('',#1029,#2366,#4680,.T.);
#4680 = LINE('',#4681,#4682);
#4681 = CARTESIAN_POINT('',(77.,-44.,5.5));
#4682 = VECTOR('',#4683,1.);
#4683 = DIRECTION('',(0.,0.,1.));
#4684 = ORIENTED_EDGE('',*,*,#2363,.F.);
#4685 = ORIENTED_EDGE('',*,*,#4686,.F.);
#4686 = EDGE_CURVE('',#1027,#2364,#4687,.T.);
#4687 = LINE('',#4688,#4689);
#4688 = CARTESIAN_POINT('',(91.,-44.,5.5));
#4689 = VECTOR('',#4690,1.);
#4690 = DIRECTION('',(0.,0.,1.));
#4691 = PLANE('',#4692);
#4692 = AXIS2_PLACEMENT_3D('',#4693,#4694,#4695);
#4693 = CARTESIAN_POINT('',(77.,-44.,5.5));
#4694 = DIRECTION('',(0.,1.,0.));
#4695 = DIRECTION('',(1.,0.,0.));
#4696 = ADVANCED_FACE('',(#4697),#4708,.F.);
#4697 = FACE_BOUND('',#4698,.F.);
#4698 = EDGE_LOOP('',(#4699,#4700,#4701,#4702));
#4699 = ORIENTED_EDGE('',*,*,#1036,.T.);
#4700 = ORIENTED_EDGE('',*,*,#4686,.T.);
#4701 = ORIENTED_EDGE('',*,*,#2373,.F.);
#4702 = ORIENTED_EDGE('',*,*,#4703,.F.);
#4703 = EDGE_CURVE('',#1037,#2374,#4704,.T.);
#4704 = LINE('',#4705,#4706);
#4705 = CARTESIAN_POINT('',(91.,-58.,5.5));
#4706 = VECTOR('',#4707,1.);
#4707 = DIRECTION('',(0.,0.,1.));
#4708 = PLANE('',#4709);
#4709 = AXIS2_PLACEMENT_3D('',#4710,#4711,#4712);
#4710 = CARTESIAN_POINT('',(91.,-44.,5.5));
#4711 = DIRECTION('',(1.,0.,0.));
#4712 = DIRECTION('',(0.,-1.,0.));
#4713 = ADVANCED_FACE('',(#4714),#4725,.F.);
#4714 = FACE_BOUND('',#4715,.F.);
#4715 = EDGE_LOOP('',(#4716,#4717,#4723,#4724));
#4716 = ORIENTED_EDGE('',*,*,#1052,.T.);
#4717 = ORIENTED_EDGE('',*,*,#4718,.T.);
#4718 = EDGE_CURVE('',#1045,#2382,#4719,.T.);
#4719 = LINE('',#4720,#4721);
#4720 = CARTESIAN_POINT('',(77.,-58.,5.5));
#4721 = VECTOR('',#4722,1.);
#4722 = DIRECTION('',(0.,0.,1.));
#4723 = ORIENTED_EDGE('',*,*,#2389,.F.);
#4724 = ORIENTED_EDGE('',*,*,#4679,.F.);
#4725 = PLANE('',#4726);
#4726 = AXIS2_PLACEMENT_3D('',#4727,#4728,#4729);
#4727 = CARTESIAN_POINT('',(77.,-58.,5.5));
#4728 = DIRECTION('',(-1.,0.,0.));
#4729 = DIRECTION('',(0.,1.,0.));
#4730 = ADVANCED_FACE('',(#4731),#4737,.F.);
#4731 = FACE_BOUND('',#4732,.F.);
#4732 = EDGE_LOOP('',(#4733,#4734,#4735,#4736));
#4733 = ORIENTED_EDGE('',*,*,#1044,.T.);
#4734 = ORIENTED_EDGE('',*,*,#4703,.T.);
#4735 = ORIENTED_EDGE('',*,*,#2381,.F.);
#4736 = ORIENTED_EDGE('',*,*,#4718,.F.);
#4737 = PLANE('',#4738);
#4738 = AXIS2_PLACEMENT_3D('',#4739,#4740,#4741);
#4739 = CARTESIAN_POINT('',(91.,-58.,5.5));
#4740 = DIRECTION('',(0.,-1.,0.));
#4741 = DIRECTION('',(-1.,0.,0.));
#4742 = ADVANCED_FACE('',(#4743),#4759,.F.);
#4743 = FACE_BOUND('',#4744,.F.);
#4744 = EDGE_LOOP('',(#4745,#4746,#4752,#4753));
#4745 = ORIENTED_EDGE('',*,*,#1060,.T.);
#4746 = ORIENTED_EDGE('',*,*,#4747,.T.);
#4747 = EDGE_CURVE('',#1063,#2400,#4748,.T.);
#4748 = LINE('',#4749,#4750);
#4749 = CARTESIAN_POINT('',(95.,-46.,5.5));
#4750 = VECTOR('',#4751,1.);
#4751 = DIRECTION('',(0.,0.,1.));
#4752 = ORIENTED_EDGE('',*,*,#2397,.F.);
#4753 = ORIENTED_EDGE('',*,*,#4754,.F.);
#4754 = EDGE_CURVE('',#1061,#2398,#4755,.T.);
#4755 = LINE('',#4756,#4757);
#4756 = CARTESIAN_POINT('',(109.,-46.,5.5));
#4757 = VECTOR('',#4758,1.);
#4758 = DIRECTION('',(0.,0.,1.));
#4759 = PLANE('',#4760);
#4760 = AXIS2_PLACEMENT_3D('',#4761,#4762,#4763);
#4761 = CARTESIAN_POINT('',(95.,-46.,5.5));
#4762 = DIRECTION('',(0.,1.,0.));
#4763 = DIRECTION('',(1.,0.,0.));
#4764 = ADVANCED_FACE('',(#4765),#4776,.F.);
#4765 = FACE_BOUND('',#4766,.F.);
#4766 = EDGE_LOOP('',(#4767,#4768,#4769,#4770));
#4767 = ORIENTED_EDGE('',*,*,#1070,.T.);
#4768 = ORIENTED_EDGE('',*,*,#4754,.T.);
#4769 = ORIENTED_EDGE('',*,*,#2407,.F.);
#4770 = ORIENTED_EDGE('',*,*,#4771,.F.);
#4771 = EDGE_CURVE('',#1071,#2408,#4772,.T.);
#4772 = LINE('',#4773,#4774);
#4773 = CARTESIAN_POINT('',(109.,-60.,5.5));
#4774 = VECTOR('',#4775,1.);
#4775 = DIRECTION('',(0.,0.,1.));
#4776 = PLANE('',#4777);
#4777 = AXIS2_PLACEMENT_3D('',#4778,#4779,#4780);
#4778 = CARTESIAN_POINT('',(109.,-46.,5.5));
#4779 = DIRECTION('',(1.,0.,0.));
#4780 = DIRECTION('',(0.,-1.,0.));
#4781 = ADVANCED_FACE('',(#4782),#4793,.F.);
#4782 = FACE_BOUND('',#4783,.F.);
#4783 = EDGE_LOOP('',(#4784,#4785,#4791,#4792));
#4784 = ORIENTED_EDGE('',*,*,#1086,.T.);
#4785 = ORIENTED_EDGE('',*,*,#4786,.T.);
#4786 = EDGE_CURVE('',#1079,#2416,#4787,.T.);
#4787 = LINE('',#4788,#4789);
#4788 = CARTESIAN_POINT('',(95.,-60.,5.5));
#4789 = VECTOR('',#4790,1.);
#4790 = DIRECTION('',(0.,0.,1.));
#4791 = ORIENTED_EDGE('',*,*,#2423,.F.);
#4792 = ORIENTED_EDGE('',*,*,#4747,.F.);
#4793 = PLANE('',#4794);
#4794 = AXIS2_PLACEMENT_3D('',#4795,#4796,#4797);
#4795 = CARTESIAN_POINT('',(95.,-60.,5.5));
#4796 = DIRECTION('',(-1.,0.,0.));
#4797 = DIRECTION('',(0.,1.,0.));
#4798 = ADVANCED_FACE('',(#4799),#4805,.F.);
#4799 = FACE_BOUND('',#4800,.F.);
#4800 = EDGE_LOOP('',(#4801,#4802,#4803,#4804));
#4801 = ORIENTED_EDGE('',*,*,#1078,.T.);
#4802 = ORIENTED_EDGE('',*,*,#4771,.T.);
#4803 = ORIENTED_EDGE('',*,*,#2415,.F.);
#4804 = ORIENTED_EDGE('',*,*,#4786,.F.);
#4805 = PLANE('',#4806);
#4806 = AXIS2_PLACEMENT_3D('',#4807,#4808,#4809);
#4807 = CARTESIAN_POINT('',(109.,-60.,5.5));
#4808 = DIRECTION('',(0.,-1.,0.));
#4809 = DIRECTION('',(-1.,0.,0.));
#4810 = ADVANCED_FACE('',(#4811),#4827,.F.);
#4811 = FACE_BOUND('',#4812,.F.);
#4812 = EDGE_LOOP('',(#4813,#4814,#4820,#4821));
#4813 = ORIENTED_EDGE('',*,*,#1094,.T.);
#4814 = ORIENTED_EDGE('',*,*,#4815,.T.);
#4815 = EDGE_CURVE('',#1097,#2434,#4816,.T.);
#4816 = LINE('',#4817,#4818);
#4817 = CARTESIAN_POINT('',(23.,-39.,5.5));
#4818 = VECTOR('',#4819,1.);
#4819 = DIRECTION('',(0.,0.,1.));
#4820 = ORIENTED_EDGE('',*,*,#2431,.F.);
#4821 = ORIENTED_EDGE('',*,*,#4822,.F.);
#4822 = EDGE_CURVE('',#1095,#2432,#4823,.T.);
#4823 = LINE('',#4824,#4825);
#4824 = CARTESIAN_POINT('',(37.,-39.,5.5));
#4825 = VECTOR('',#4826,1.);
#4826 = DIRECTION('',(0.,0.,1.));
#4827 = PLANE('',#4828);
#4828 = AXIS2_PLACEMENT_3D('',#4829,#4830,#4831);
#4829 = CARTESIAN_POINT('',(23.,-39.,5.5));
#4830 = DIRECTION('',(0.,1.,0.));
#4831 = DIRECTION('',(1.,0.,0.));
#4832 = ADVANCED_FACE('',(#4833),#4844,.F.);
#4833 = FACE_BOUND('',#4834,.F.);
#4834 = EDGE_LOOP('',(#4835,#4836,#4837,#4838));
#4835 = ORIENTED_EDGE('',*,*,#1104,.T.);
#4836 = ORIENTED_EDGE('',*,*,#4822,.T.);
#4837 = ORIENTED_EDGE('',*,*,#2441,.F.);
#4838 = ORIENTED_EDGE('',*,*,#4839,.F.);
#4839 = EDGE_CURVE('',#1105,#2442,#4840,.T.);
#4840 = LINE('',#4841,#4842);
#4841 = CARTESIAN_POINT('',(37.,-53.,5.5));
#4842 = VECTOR('',#4843,1.);
#4843 = DIRECTION('',(0.,0.,1.));
#4844 = PLANE('',#4845);
#4845 = AXIS2_PLACEMENT_3D('',#4846,#4847,#4848);
#4846 = CARTESIAN_POINT('',(37.,-39.,5.5));
#4847 = DIRECTION('',(1.,0.,0.));
#4848 = DIRECTION('',(0.,-1.,0.));
#4849 = ADVANCED_FACE('',(#4850),#4861,.F.);
#4850 = FACE_BOUND('',#4851,.F.);
#4851 = EDGE_LOOP('',(#4852,#4853,#4859,#4860));
#4852 = ORIENTED_EDGE('',*,*,#1120,.T.);
#4853 = ORIENTED_EDGE('',*,*,#4854,.T.);
#4854 = EDGE_CURVE('',#1113,#2450,#4855,.T.);
#4855 = LINE('',#4856,#4857);
#4856 = CARTESIAN_POINT('',(23.,-53.,5.5));
#4857 = VECTOR('',#4858,1.);
#4858 = DIRECTION('',(0.,0.,1.));
#4859 = ORIENTED_EDGE('',*,*,#2457,.F.);
#4860 = ORIENTED_EDGE('',*,*,#4815,.F.);
#4861 = PLANE('',#4862);
#4862 = AXIS2_PLACEMENT_3D('',#4863,#4864,#4865);
#4863 = CARTESIAN_POINT('',(23.,-53.,5.5));
#4864 = DIRECTION('',(-1.,0.,0.));
#4865 = DIRECTION('',(0.,1.,0.));
#4866 = ADVANCED_FACE('',(#4867),#4873,.F.);
#4867 = FACE_BOUND('',#4868,.F.);
#4868 = EDGE_LOOP('',(#4869,#4870,#4871,#4872));
#4869 = ORIENTED_EDGE('',*,*,#1112,.T.);
#4870 = ORIENTED_EDGE('',*,*,#4839,.T.);
#4871 = ORIENTED_EDGE('',*,*,#2449,.F.);
#4872 = ORIENTED_EDGE('',*,*,#4854,.F.);
#4873 = PLANE('',#4874);
#4874 = AXIS2_PLACEMENT_3D('',#4875,#4876,#4877);
#4875 = CARTESIAN_POINT('',(37.,-53.,5.5));
#4876 = DIRECTION('',(0.,-1.,0.));
#4877 = DIRECTION('',(-1.,0.,0.));
#4878 = ADVANCED_FACE('',(#4879),#4890,.F.);
#4879 = FACE_BOUND('',#4880,.T.);
#4880 = EDGE_LOOP('',(#4881,#4882,#4888,#4889));
#4881 = ORIENTED_EDGE('',*,*,#1128,.T.);
#4882 = ORIENTED_EDGE('',*,*,#4883,.T.);
#4883 = EDGE_CURVE('',#1129,#2466,#4884,.T.);
#4884 = LINE('',#4885,#4886);
#4885 = CARTESIAN_POINT('',(39.85,-37.5,5.5));
#4886 = VECTOR('',#4887,1.);
#4887 = DIRECTION('',(0.,0.,1.));
#4888 = ORIENTED_EDGE('',*,*,#2465,.F.);
#4889 = ORIENTED_EDGE('',*,*,#4883,.F.);
#4890 = CYLINDRICAL_SURFACE('',#4891,1.15);
#4891 = AXIS2_PLACEMENT_3D('',#4892,#4893,#4894);
#4892 = CARTESIAN_POINT('',(38.7,-37.5,5.5));
#4893 = DIRECTION('',(-0.,-0.,-1.));
#4894 = DIRECTION('',(1.,0.,0.));
#4895 = ADVANCED_FACE('',(#4896),#4912,.F.);
#4896 = FACE_BOUND('',#4897,.F.);
#4897 = EDGE_LOOP('',(#4898,#4899,#4905,#4906));
#4898 = ORIENTED_EDGE('',*,*,#1139,.T.);
#4899 = ORIENTED_EDGE('',*,*,#4900,.T.);
#4900 = EDGE_CURVE('',#1142,#2479,#4901,.T.);
#4901 = LINE('',#4902,#4903);
#4902 = CARTESIAN_POINT('',(23.,-22.,5.5));
#4903 = VECTOR('',#4904,1.);
#4904 = DIRECTION('',(0.,0.,1.));
#4905 = ORIENTED_EDGE('',*,*,#2476,.F.);
#4906 = ORIENTED_EDGE('',*,*,#4907,.F.);
#4907 = EDGE_CURVE('',#1140,#2477,#4908,.T.);
#4908 = LINE('',#4909,#4910);
#4909 = CARTESIAN_POINT('',(37.,-22.,5.5));
#4910 = VECTOR('',#4911,1.);
#4911 = DIRECTION('',(0.,0.,1.));
#4912 = PLANE('',#4913);
#4913 = AXIS2_PLACEMENT_3D('',#4914,#4915,#4916);
#4914 = CARTESIAN_POINT('',(23.,-22.,5.5));
#4915 = DIRECTION('',(0.,1.,0.));
#4916 = DIRECTION('',(1.,0.,0.));
#4917 = ADVANCED_FACE('',(#4918),#4929,.F.);
#4918 = FACE_BOUND('',#4919,.F.);
#4919 = EDGE_LOOP('',(#4920,#4921,#4922,#4923));
#4920 = ORIENTED_EDGE('',*,*,#1149,.T.);
#4921 = ORIENTED_EDGE('',*,*,#4907,.T.);
#4922 = ORIENTED_EDGE('',*,*,#2486,.F.);
#4923 = ORIENTED_EDGE('',*,*,#4924,.F.);
#4924 = EDGE_CURVE('',#1150,#2487,#4925,.T.);
#4925 = LINE('',#4926,#4927);
#4926 = CARTESIAN_POINT('',(37.,-36.,5.5));
#4927 = VECTOR('',#4928,1.);
#4928 = DIRECTION('',(0.,0.,1.));
#4929 = PLANE('',#4930);
#4930 = AXIS2_PLACEMENT_3D('',#4931,#4932,#4933);
#4931 = CARTESIAN_POINT('',(37.,-22.,5.5));
#4932 = DIRECTION('',(1.,0.,0.));
#4933 = DIRECTION('',(0.,-1.,0.));
#4934 = ADVANCED_FACE('',(#4935),#4946,.F.);
#4935 = FACE_BOUND('',#4936,.F.);
#4936 = EDGE_LOOP('',(#4937,#4938,#4944,#4945));
#4937 = ORIENTED_EDGE('',*,*,#1165,.T.);
#4938 = ORIENTED_EDGE('',*,*,#4939,.T.);
#4939 = EDGE_CURVE('',#1158,#2495,#4940,.T.);
#4940 = LINE('',#4941,#4942);
#4941 = CARTESIAN_POINT('',(23.,-36.,5.5));
#4942 = VECTOR('',#4943,1.);
#4943 = DIRECTION('',(0.,0.,1.));
#4944 = ORIENTED_EDGE('',*,*,#2502,.F.);
#4945 = ORIENTED_EDGE('',*,*,#4900,.F.);
#4946 = PLANE('',#4947);
#4947 = AXIS2_PLACEMENT_3D('',#4948,#4949,#4950);
#4948 = CARTESIAN_POINT('',(23.,-36.,5.5));
#4949 = DIRECTION('',(-1.,0.,0.));
#4950 = DIRECTION('',(0.,1.,0.));
#4951 = ADVANCED_FACE('',(#4952),#4958,.F.);
#4952 = FACE_BOUND('',#4953,.F.);
#4953 = EDGE_LOOP('',(#4954,#4955,#4956,#4957));
#4954 = ORIENTED_EDGE('',*,*,#1157,.T.);
#4955 = ORIENTED_EDGE('',*,*,#4924,.T.);
#4956 = ORIENTED_EDGE('',*,*,#2494,.F.);
#4957 = ORIENTED_EDGE('',*,*,#4939,.F.);
#4958 = PLANE('',#4959);
#4959 = AXIS2_PLACEMENT_3D('',#4960,#4961,#4962);
#4960 = CARTESIAN_POINT('',(37.,-36.,5.5));
#4961 = DIRECTION('',(0.,-1.,0.));
#4962 = DIRECTION('',(-1.,0.,0.));
#4963 = ADVANCED_FACE('',(#4964),#4980,.F.);
#4964 = FACE_BOUND('',#4965,.F.);
#4965 = EDGE_LOOP('',(#4966,#4967,#4973,#4974));
#4966 = ORIENTED_EDGE('',*,*,#1173,.T.);
#4967 = ORIENTED_EDGE('',*,*,#4968,.T.);
#4968 = EDGE_CURVE('',#1176,#2513,#4969,.T.);
#4969 = LINE('',#4970,#4971);
#4970 = CARTESIAN_POINT('',(41.,-27.,5.5));
#4971 = VECTOR('',#4972,1.);
#4972 = DIRECTION('',(0.,0.,1.));
#4973 = ORIENTED_EDGE('',*,*,#2510,.F.);
#4974 = ORIENTED_EDGE('',*,*,#4975,.F.);
#4975 = EDGE_CURVE('',#1174,#2511,#4976,.T.);
#4976 = LINE('',#4977,#4978);
#4977 = CARTESIAN_POINT('',(55.,-27.,5.5));
#4978 = VECTOR('',#4979,1.);
#4979 = DIRECTION('',(0.,0.,1.));
#4980 = PLANE('',#4981);
#4981 = AXIS2_PLACEMENT_3D('',#4982,#4983,#4984);
#4982 = CARTESIAN_POINT('',(41.,-27.,5.5));
#4983 = DIRECTION('',(0.,1.,0.));
#4984 = DIRECTION('',(1.,0.,0.));
#4985 = ADVANCED_FACE('',(#4986),#4997,.F.);
#4986 = FACE_BOUND('',#4987,.F.);
#4987 = EDGE_LOOP('',(#4988,#4989,#4990,#4991));
#4988 = ORIENTED_EDGE('',*,*,#1183,.T.);
#4989 = ORIENTED_EDGE('',*,*,#4975,.T.);
#4990 = ORIENTED_EDGE('',*,*,#2520,.F.);
#4991 = ORIENTED_EDGE('',*,*,#4992,.F.);
#4992 = EDGE_CURVE('',#1184,#2521,#4993,.T.);
#4993 = LINE('',#4994,#4995);
#4994 = CARTESIAN_POINT('',(55.,-41.,5.5));
#4995 = VECTOR('',#4996,1.);
#4996 = DIRECTION('',(0.,0.,1.));
#4997 = PLANE('',#4998);
#4998 = AXIS2_PLACEMENT_3D('',#4999,#5000,#5001);
#4999 = CARTESIAN_POINT('',(55.,-27.,5.5));
#5000 = DIRECTION('',(1.,0.,0.));
#5001 = DIRECTION('',(0.,-1.,0.));
#5002 = ADVANCED_FACE('',(#5003),#5014,.F.);
#5003 = FACE_BOUND('',#5004,.F.);
#5004 = EDGE_LOOP('',(#5005,#5006,#5012,#5013));
#5005 = ORIENTED_EDGE('',*,*,#1199,.T.);
#5006 = ORIENTED_EDGE('',*,*,#5007,.T.);
#5007 = EDGE_CURVE('',#1192,#2529,#5008,.T.);
#5008 = LINE('',#5009,#5010);
#5009 = CARTESIAN_POINT('',(41.,-41.,5.5));
#5010 = VECTOR('',#5011,1.);
#5011 = DIRECTION('',(0.,0.,1.));
#5012 = ORIENTED_EDGE('',*,*,#2536,.F.);
#5013 = ORIENTED_EDGE('',*,*,#4968,.F.);
#5014 = PLANE('',#5015);
#5015 = AXIS2_PLACEMENT_3D('',#5016,#5017,#5018);
#5016 = CARTESIAN_POINT('',(41.,-41.,5.5));
#5017 = DIRECTION('',(-1.,0.,0.));
#5018 = DIRECTION('',(0.,1.,0.));
#5019 = ADVANCED_FACE('',(#5020),#5026,.F.);
#5020 = FACE_BOUND('',#5021,.F.);
#5021 = EDGE_LOOP('',(#5022,#5023,#5024,#5025));
#5022 = ORIENTED_EDGE('',*,*,#1191,.T.);
#5023 = ORIENTED_EDGE('',*,*,#4992,.T.);
#5024 = ORIENTED_EDGE('',*,*,#2528,.F.);
#5025 = ORIENTED_EDGE('',*,*,#5007,.F.);
#5026 = PLANE('',#5027);
#5027 = AXIS2_PLACEMENT_3D('',#5028,#5029,#5030);
#5028 = CARTESIAN_POINT('',(55.,-41.,5.5));
#5029 = DIRECTION('',(0.,-1.,0.));
#5030 = DIRECTION('',(-1.,0.,0.));
#5031 = ADVANCED_FACE('',(#5032),#5048,.F.);
#5032 = FACE_BOUND('',#5033,.F.);
#5033 = EDGE_LOOP('',(#5034,#5035,#5041,#5042));
#5034 = ORIENTED_EDGE('',*,*,#1207,.T.);
#5035 = ORIENTED_EDGE('',*,*,#5036,.T.);
#5036 = EDGE_CURVE('',#1210,#2547,#5037,.T.);
#5037 = LINE('',#5038,#5039);
#5038 = CARTESIAN_POINT('',(59.,-39.,5.5));
#5039 = VECTOR('',#5040,1.);
#5040 = DIRECTION('',(0.,0.,1.));
#5041 = ORIENTED_EDGE('',*,*,#2544,.F.);
#5042 = ORIENTED_EDGE('',*,*,#5043,.F.);
#5043 = EDGE_CURVE('',#1208,#2545,#5044,.T.);
#5044 = LINE('',#5045,#5046);
#5045 = CARTESIAN_POINT('',(73.,-39.,5.5));
#5046 = VECTOR('',#5047,1.);
#5047 = DIRECTION('',(0.,0.,1.));
#5048 = PLANE('',#5049);
#5049 = AXIS2_PLACEMENT_3D('',#5050,#5051,#5052);
#5050 = CARTESIAN_POINT('',(59.,-39.,5.5));
#5051 = DIRECTION('',(0.,1.,0.));
#5052 = DIRECTION('',(1.,0.,0.));
#5053 = ADVANCED_FACE('',(#5054),#5065,.F.);
#5054 = FACE_BOUND('',#5055,.F.);
#5055 = EDGE_LOOP('',(#5056,#5057,#5058,#5059));
#5056 = ORIENTED_EDGE('',*,*,#1217,.T.);
#5057 = ORIENTED_EDGE('',*,*,#5043,.T.);
#5058 = ORIENTED_EDGE('',*,*,#2554,.F.);
#5059 = ORIENTED_EDGE('',*,*,#5060,.F.);
#5060 = EDGE_CURVE('',#1218,#2555,#5061,.T.);
#5061 = LINE('',#5062,#5063);
#5062 = CARTESIAN_POINT('',(73.,-53.,5.5));
#5063 = VECTOR('',#5064,1.);
#5064 = DIRECTION('',(0.,0.,1.));
#5065 = PLANE('',#5066);
#5066 = AXIS2_PLACEMENT_3D('',#5067,#5068,#5069);
#5067 = CARTESIAN_POINT('',(73.,-39.,5.5));
#5068 = DIRECTION('',(1.,0.,0.));
#5069 = DIRECTION('',(0.,-1.,0.));
#5070 = ADVANCED_FACE('',(#5071),#5082,.F.);
#5071 = FACE_BOUND('',#5072,.F.);
#5072 = EDGE_LOOP('',(#5073,#5074,#5080,#5081));
#5073 = ORIENTED_EDGE('',*,*,#1233,.T.);
#5074 = ORIENTED_EDGE('',*,*,#5075,.T.);
#5075 = EDGE_CURVE('',#1226,#2563,#5076,.T.);
#5076 = LINE('',#5077,#5078);
#5077 = CARTESIAN_POINT('',(59.,-53.,5.5));
#5078 = VECTOR('',#5079,1.);
#5079 = DIRECTION('',(0.,0.,1.));
#5080 = ORIENTED_EDGE('',*,*,#2570,.F.);
#5081 = ORIENTED_EDGE('',*,*,#5036,.F.);
#5082 = PLANE('',#5083);
#5083 = AXIS2_PLACEMENT_3D('',#5084,#5085,#5086);
#5084 = CARTESIAN_POINT('',(59.,-53.,5.5));
#5085 = DIRECTION('',(-1.,0.,0.));
#5086 = DIRECTION('',(0.,1.,0.));
#5087 = ADVANCED_FACE('',(#5088),#5094,.F.);
#5088 = FACE_BOUND('',#5089,.F.);
#5089 = EDGE_LOOP('',(#5090,#5091,#5092,#5093));
#5090 = ORIENTED_EDGE('',*,*,#1225,.T.);
#5091 = ORIENTED_EDGE('',*,*,#5060,.T.);
#5092 = ORIENTED_EDGE('',*,*,#2562,.F.);
#5093 = ORIENTED_EDGE('',*,*,#5075,.F.);
#5094 = PLANE('',#5095);
#5095 = AXIS2_PLACEMENT_3D('',#5096,#5097,#5098);
#5096 = CARTESIAN_POINT('',(73.,-53.,5.5));
#5097 = DIRECTION('',(0.,-1.,0.));
#5098 = DIRECTION('',(-1.,0.,0.));
#5099 = ADVANCED_FACE('',(#5100),#5116,.F.);
#5100 = FACE_BOUND('',#5101,.F.);
#5101 = EDGE_LOOP('',(#5102,#5103,#5109,#5110));
#5102 = ORIENTED_EDGE('',*,*,#1241,.T.);
#5103 = ORIENTED_EDGE('',*,*,#5104,.T.);
#5104 = EDGE_CURVE('',#1244,#2581,#5105,.T.);
#5105 = LINE('',#5106,#5107);
#5106 = CARTESIAN_POINT('',(59.,-22.,5.5));
#5107 = VECTOR('',#5108,1.);
#5108 = DIRECTION('',(0.,0.,1.));
#5109 = ORIENTED_EDGE('',*,*,#2578,.F.);
#5110 = ORIENTED_EDGE('',*,*,#5111,.F.);
#5111 = EDGE_CURVE('',#1242,#2579,#5112,.T.);
#5112 = LINE('',#5113,#5114);
#5113 = CARTESIAN_POINT('',(73.,-22.,5.5));
#5114 = VECTOR('',#5115,1.);
#5115 = DIRECTION('',(0.,0.,1.));
#5116 = PLANE('',#5117);
#5117 = AXIS2_PLACEMENT_3D('',#5118,#5119,#5120);
#5118 = CARTESIAN_POINT('',(59.,-22.,5.5));
#5119 = DIRECTION('',(0.,1.,0.));
#5120 = DIRECTION('',(1.,0.,0.));
#5121 = ADVANCED_FACE('',(#5122),#5133,.F.);
#5122 = FACE_BOUND('',#5123,.F.);
#5123 = EDGE_LOOP('',(#5124,#5125,#5126,#5127));
#5124 = ORIENTED_EDGE('',*,*,#1251,.T.);
#5125 = ORIENTED_EDGE('',*,*,#5111,.T.);
#5126 = ORIENTED_EDGE('',*,*,#2588,.F.);
#5127 = ORIENTED_EDGE('',*,*,#5128,.F.);
#5128 = EDGE_CURVE('',#1252,#2589,#5129,.T.);
#5129 = LINE('',#5130,#5131);
#5130 = CARTESIAN_POINT('',(73.,-36.,5.5));
#5131 = VECTOR('',#5132,1.);
#5132 = DIRECTION('',(0.,0.,1.));
#5133 = PLANE('',#5134);
#5134 = AXIS2_PLACEMENT_3D('',#5135,#5136,#5137);
#5135 = CARTESIAN_POINT('',(73.,-22.,5.5));
#5136 = DIRECTION('',(1.,0.,0.));
#5137 = DIRECTION('',(0.,-1.,0.));
#5138 = ADVANCED_FACE('',(#5139),#5150,.F.);
#5139 = FACE_BOUND('',#5140,.F.);
#5140 = EDGE_LOOP('',(#5141,#5142,#5148,#5149));
#5141 = ORIENTED_EDGE('',*,*,#1267,.T.);
#5142 = ORIENTED_EDGE('',*,*,#5143,.T.);
#5143 = EDGE_CURVE('',#1260,#2597,#5144,.T.);
#5144 = LINE('',#5145,#5146);
#5145 = CARTESIAN_POINT('',(59.,-36.,5.5));
#5146 = VECTOR('',#5147,1.);
#5147 = DIRECTION('',(0.,0.,1.));
#5148 = ORIENTED_EDGE('',*,*,#2604,.F.);
#5149 = ORIENTED_EDGE('',*,*,#5104,.F.);
#5150 = PLANE('',#5151);
#5151 = AXIS2_PLACEMENT_3D('',#5152,#5153,#5154);
#5152 = CARTESIAN_POINT('',(59.,-36.,5.5));
#5153 = DIRECTION('',(-1.,0.,0.));
#5154 = DIRECTION('',(0.,1.,0.));
#5155 = ADVANCED_FACE('',(#5156),#5162,.F.);
#5156 = FACE_BOUND('',#5157,.F.);
#5157 = EDGE_LOOP('',(#5158,#5159,#5160,#5161));
#5158 = ORIENTED_EDGE('',*,*,#1259,.T.);
#5159 = ORIENTED_EDGE('',*,*,#5128,.T.);
#5160 = ORIENTED_EDGE('',*,*,#2596,.F.);
#5161 = ORIENTED_EDGE('',*,*,#5143,.F.);
#5162 = PLANE('',#5163);
#5163 = AXIS2_PLACEMENT_3D('',#5164,#5165,#5166);
#5164 = CARTESIAN_POINT('',(73.,-36.,5.5));
#5165 = DIRECTION('',(0.,-1.,0.));
#5166 = DIRECTION('',(-1.,0.,0.));
#5167 = ADVANCED_FACE('',(#5168),#5184,.F.);
#5168 = FACE_BOUND('',#5169,.F.);
#5169 = EDGE_LOOP('',(#5170,#5171,#5177,#5178));
#5170 = ORIENTED_EDGE('',*,*,#1275,.T.);
#5171 = ORIENTED_EDGE('',*,*,#5172,.T.);
#5172 = EDGE_CURVE('',#1278,#2615,#5173,.T.);
#5173 = LINE('',#5174,#5175);
#5174 = CARTESIAN_POINT('',(41.,-10.,5.5));
#5175 = VECTOR('',#5176,1.);
#5176 = DIRECTION('',(0.,0.,1.));
#5177 = ORIENTED_EDGE('',*,*,#2612,.F.);
#5178 = ORIENTED_EDGE('',*,*,#5179,.F.);
#5179 = EDGE_CURVE('',#1276,#2613,#5180,.T.);
#5180 = LINE('',#5181,#5182);
#5181 = CARTESIAN_POINT('',(55.,-10.,5.5));
#5182 = VECTOR('',#5183,1.);
#5183 = DIRECTION('',(0.,0.,1.));
#5184 = PLANE('',#5185);
#5185 = AXIS2_PLACEMENT_3D('',#5186,#5187,#5188);
#5186 = CARTESIAN_POINT('',(41.,-10.,5.5));
#5187 = DIRECTION('',(0.,1.,0.));
#5188 = DIRECTION('',(1.,0.,0.));
#5189 = ADVANCED_FACE('',(#5190),#5201,.F.);
#5190 = FACE_BOUND('',#5191,.F.);
#5191 = EDGE_LOOP('',(#5192,#5193,#5194,#5195));
#5192 = ORIENTED_EDGE('',*,*,#1285,.T.);
#5193 = ORIENTED_EDGE('',*,*,#5179,.T.);
#5194 = ORIENTED_EDGE('',*,*,#2622,.F.);
#5195 = ORIENTED_EDGE('',*,*,#5196,.F.);
#5196 = EDGE_CURVE('',#1286,#2623,#5197,.T.);
#5197 = LINE('',#5198,#5199);
#5198 = CARTESIAN_POINT('',(55.,-24.,5.5));
#5199 = VECTOR('',#5200,1.);
#5200 = DIRECTION('',(0.,0.,1.));
#5201 = PLANE('',#5202);
#5202 = AXIS2_PLACEMENT_3D('',#5203,#5204,#5205);
#5203 = CARTESIAN_POINT('',(55.,-10.,5.5));
#5204 = DIRECTION('',(1.,0.,0.));
#5205 = DIRECTION('',(0.,-1.,0.));
#5206 = ADVANCED_FACE('',(#5207),#5218,.F.);
#5207 = FACE_BOUND('',#5208,.F.);
#5208 = EDGE_LOOP('',(#5209,#5210,#5216,#5217));
#5209 = ORIENTED_EDGE('',*,*,#1301,.T.);
#5210 = ORIENTED_EDGE('',*,*,#5211,.T.);
#5211 = EDGE_CURVE('',#1294,#2631,#5212,.T.);
#5212 = LINE('',#5213,#5214);
#5213 = CARTESIAN_POINT('',(41.,-24.,5.5));
#5214 = VECTOR('',#5215,1.);
#5215 = DIRECTION('',(0.,0.,1.));
#5216 = ORIENTED_EDGE('',*,*,#2638,.F.);
#5217 = ORIENTED_EDGE('',*,*,#5172,.F.);
#5218 = PLANE('',#5219);
#5219 = AXIS2_PLACEMENT_3D('',#5220,#5221,#5222);
#5220 = CARTESIAN_POINT('',(41.,-24.,5.5));
#5221 = DIRECTION('',(-1.,0.,0.));
#5222 = DIRECTION('',(0.,1.,0.));
#5223 = ADVANCED_FACE('',(#5224),#5230,.F.);
#5224 = FACE_BOUND('',#5225,.F.);
#5225 = EDGE_LOOP('',(#5226,#5227,#5228,#5229));
#5226 = ORIENTED_EDGE('',*,*,#1293,.T.);
#5227 = ORIENTED_EDGE('',*,*,#5196,.T.);
#5228 = ORIENTED_EDGE('',*,*,#2630,.F.);
#5229 = ORIENTED_EDGE('',*,*,#5211,.F.);
#5230 = PLANE('',#5231);
#5231 = AXIS2_PLACEMENT_3D('',#5232,#5233,#5234);
#5232 = CARTESIAN_POINT('',(55.,-24.,5.5));
#5233 = DIRECTION('',(0.,-1.,0.));
#5234 = DIRECTION('',(-1.,0.,0.));
#5235 = ADVANCED_FACE('',(#5236),#5247,.F.);
#5236 = FACE_BOUND('',#5237,.T.);
#5237 = EDGE_LOOP('',(#5238,#5239,#5245,#5246));
#5238 = ORIENTED_EDGE('',*,*,#1309,.T.);
#5239 = ORIENTED_EDGE('',*,*,#5240,.T.);
#5240 = EDGE_CURVE('',#1310,#2647,#5241,.T.);
#5241 = LINE('',#5242,#5243);
#5242 = CARTESIAN_POINT('',(58.15,-20.5,5.5));
#5243 = VECTOR('',#5244,1.);
#5244 = DIRECTION('',(0.,0.,1.));
#5245 = ORIENTED_EDGE('',*,*,#2646,.F.);
#5246 = ORIENTED_EDGE('',*,*,#5240,.F.);
#5247 = CYLINDRICAL_SURFACE('',#5248,1.15);
#5248 = AXIS2_PLACEMENT_3D('',#5249,#5250,#5251);
#5249 = CARTESIAN_POINT('',(57.,-20.5,5.5));
#5250 = DIRECTION('',(-0.,-0.,-1.));
#5251 = DIRECTION('',(1.,0.,0.));
#5252 = ADVANCED_FACE('',(#5253),#5269,.F.);
#5253 = FACE_BOUND('',#5254,.F.);
#5254 = EDGE_LOOP('',(#5255,#5256,#5262,#5263));
#5255 = ORIENTED_EDGE('',*,*,#1320,.T.);
#5256 = ORIENTED_EDGE('',*,*,#5257,.T.);
#5257 = EDGE_CURVE('',#1323,#2660,#5258,.T.);
#5258 = LINE('',#5259,#5260);
#5259 = CARTESIAN_POINT('',(59.,-5.,5.5));
#5260 = VECTOR('',#5261,1.);
#5261 = DIRECTION('',(0.,0.,1.));
#5262 = ORIENTED_EDGE('',*,*,#2657,.F.);
#5263 = ORIENTED_EDGE('',*,*,#5264,.F.);
#5264 = EDGE_CURVE('',#1321,#2658,#5265,.T.);
#5265 = LINE('',#5266,#5267);
#5266 = CARTESIAN_POINT('',(73.,-5.,5.5));
#5267 = VECTOR('',#5268,1.);
#5268 = DIRECTION('',(0.,0.,1.));
#5269 = PLANE('',#5270);
#5270 = AXIS2_PLACEMENT_3D('',#5271,#5272,#5273);
#5271 = CARTESIAN_POINT('',(59.,-5.,5.5));
#5272 = DIRECTION('',(0.,1.,0.));
#5273 = DIRECTION('',(1.,0.,0.));
#5274 = ADVANCED_FACE('',(#5275),#5286,.F.);
#5275 = FACE_BOUND('',#5276,.F.);
#5276 = EDGE_LOOP('',(#5277,#5278,#5279,#5280));
#5277 = ORIENTED_EDGE('',*,*,#1330,.T.);
#5278 = ORIENTED_EDGE('',*,*,#5264,.T.);
#5279 = ORIENTED_EDGE('',*,*,#2667,.F.);
#5280 = ORIENTED_EDGE('',*,*,#5281,.F.);
#5281 = EDGE_CURVE('',#1331,#2668,#5282,.T.);
#5282 = LINE('',#5283,#5284);
#5283 = CARTESIAN_POINT('',(73.,-19.,5.5));
#5284 = VECTOR('',#5285,1.);
#5285 = DIRECTION('',(0.,0.,1.));
#5286 = PLANE('',#5287);
#5287 = AXIS2_PLACEMENT_3D('',#5288,#5289,#5290);
#5288 = CARTESIAN_POINT('',(73.,-5.,5.5));
#5289 = DIRECTION('',(1.,0.,0.));
#5290 = DIRECTION('',(0.,-1.,0.));
#5291 = ADVANCED_FACE('',(#5292),#5303,.F.);
#5292 = FACE_BOUND('',#5293,.F.);
#5293 = EDGE_LOOP('',(#5294,#5295,#5301,#5302));
#5294 = ORIENTED_EDGE('',*,*,#1346,.T.);
#5295 = ORIENTED_EDGE('',*,*,#5296,.T.);
#5296 = EDGE_CURVE('',#1339,#2676,#5297,.T.);
#5297 = LINE('',#5298,#5299);
#5298 = CARTESIAN_POINT('',(59.,-19.,5.5));
#5299 = VECTOR('',#5300,1.);
#5300 = DIRECTION('',(0.,0.,1.));
#5301 = ORIENTED_EDGE('',*,*,#2683,.F.);
#5302 = ORIENTED_EDGE('',*,*,#5257,.F.);
#5303 = PLANE('',#5304);
#5304 = AXIS2_PLACEMENT_3D('',#5305,#5306,#5307);
#5305 = CARTESIAN_POINT('',(59.,-19.,5.5));
#5306 = DIRECTION('',(-1.,0.,0.));
#5307 = DIRECTION('',(0.,1.,0.));
#5308 = ADVANCED_FACE('',(#5309),#5315,.F.);
#5309 = FACE_BOUND('',#5310,.F.);
#5310 = EDGE_LOOP('',(#5311,#5312,#5313,#5314));
#5311 = ORIENTED_EDGE('',*,*,#1338,.T.);
#5312 = ORIENTED_EDGE('',*,*,#5281,.T.);
#5313 = ORIENTED_EDGE('',*,*,#2675,.F.);
#5314 = ORIENTED_EDGE('',*,*,#5296,.F.);
#5315 = PLANE('',#5316);
#5316 = AXIS2_PLACEMENT_3D('',#5317,#5318,#5319);
#5317 = CARTESIAN_POINT('',(73.,-19.,5.5));
#5318 = DIRECTION('',(0.,-1.,0.));
#5319 = DIRECTION('',(-1.,0.,0.));
#5320 = ADVANCED_FACE('',(#5321),#5337,.F.);
#5321 = FACE_BOUND('',#5322,.F.);
#5322 = EDGE_LOOP('',(#5323,#5324,#5330,#5331));
#5323 = ORIENTED_EDGE('',*,*,#1354,.T.);
#5324 = ORIENTED_EDGE('',*,*,#5325,.T.);
#5325 = EDGE_CURVE('',#1357,#2694,#5326,.T.);
#5326 = LINE('',#5327,#5328);
#5327 = CARTESIAN_POINT('',(77.,-27.,5.5));
#5328 = VECTOR('',#5329,1.);
#5329 = DIRECTION('',(0.,0.,1.));
#5330 = ORIENTED_EDGE('',*,*,#2691,.F.);
#5331 = ORIENTED_EDGE('',*,*,#5332,.F.);
#5332 = EDGE_CURVE('',#1355,#2692,#5333,.T.);
#5333 = LINE('',#5334,#5335);
#5334 = CARTESIAN_POINT('',(91.,-27.,5.5));
#5335 = VECTOR('',#5336,1.);
#5336 = DIRECTION('',(0.,0.,1.));
#5337 = PLANE('',#5338);
#5338 = AXIS2_PLACEMENT_3D('',#5339,#5340,#5341);
#5339 = CARTESIAN_POINT('',(77.,-27.,5.5));
#5340 = DIRECTION('',(0.,1.,0.));
#5341 = DIRECTION('',(1.,0.,0.));
#5342 = ADVANCED_FACE('',(#5343),#5354,.F.);
#5343 = FACE_BOUND('',#5344,.F.);
#5344 = EDGE_LOOP('',(#5345,#5346,#5347,#5348));
#5345 = ORIENTED_EDGE('',*,*,#1364,.T.);
#5346 = ORIENTED_EDGE('',*,*,#5332,.T.);
#5347 = ORIENTED_EDGE('',*,*,#2701,.F.);
#5348 = ORIENTED_EDGE('',*,*,#5349,.F.);
#5349 = EDGE_CURVE('',#1365,#2702,#5350,.T.);
#5350 = LINE('',#5351,#5352);
#5351 = CARTESIAN_POINT('',(91.,-41.,5.5));
#5352 = VECTOR('',#5353,1.);
#5353 = DIRECTION('',(0.,0.,1.));
#5354 = PLANE('',#5355);
#5355 = AXIS2_PLACEMENT_3D('',#5356,#5357,#5358);
#5356 = CARTESIAN_POINT('',(91.,-27.,5.5));
#5357 = DIRECTION('',(1.,0.,0.));
#5358 = DIRECTION('',(0.,-1.,0.));
#5359 = ADVANCED_FACE('',(#5360),#5371,.F.);
#5360 = FACE_BOUND('',#5361,.F.);
#5361 = EDGE_LOOP('',(#5362,#5363,#5369,#5370));
#5362 = ORIENTED_EDGE('',*,*,#1380,.T.);
#5363 = ORIENTED_EDGE('',*,*,#5364,.T.);
#5364 = EDGE_CURVE('',#1373,#2710,#5365,.T.);
#5365 = LINE('',#5366,#5367);
#5366 = CARTESIAN_POINT('',(77.,-41.,5.5));
#5367 = VECTOR('',#5368,1.);
#5368 = DIRECTION('',(0.,0.,1.));
#5369 = ORIENTED_EDGE('',*,*,#2717,.F.);
#5370 = ORIENTED_EDGE('',*,*,#5325,.F.);
#5371 = PLANE('',#5372);
#5372 = AXIS2_PLACEMENT_3D('',#5373,#5374,#5375);
#5373 = CARTESIAN_POINT('',(77.,-41.,5.5));
#5374 = DIRECTION('',(-1.,0.,0.));
#5375 = DIRECTION('',(0.,1.,0.));
#5376 = ADVANCED_FACE('',(#5377),#5383,.F.);
#5377 = FACE_BOUND('',#5378,.F.);
#5378 = EDGE_LOOP('',(#5379,#5380,#5381,#5382));
#5379 = ORIENTED_EDGE('',*,*,#1372,.T.);
#5380 = ORIENTED_EDGE('',*,*,#5349,.T.);
#5381 = ORIENTED_EDGE('',*,*,#2709,.F.);
#5382 = ORIENTED_EDGE('',*,*,#5364,.F.);
#5383 = PLANE('',#5384);
#5384 = AXIS2_PLACEMENT_3D('',#5385,#5386,#5387);
#5385 = CARTESIAN_POINT('',(91.,-41.,5.5));
#5386 = DIRECTION('',(0.,-1.,0.));
#5387 = DIRECTION('',(-1.,0.,0.));
#5388 = ADVANCED_FACE('',(#5389),#5405,.F.);
#5389 = FACE_BOUND('',#5390,.F.);
#5390 = EDGE_LOOP('',(#5391,#5392,#5398,#5399));
#5391 = ORIENTED_EDGE('',*,*,#1388,.T.);
#5392 = ORIENTED_EDGE('',*,*,#5393,.T.);
#5393 = EDGE_CURVE('',#1391,#2728,#5394,.T.);
#5394 = LINE('',#5395,#5396);
#5395 = CARTESIAN_POINT('',(95.,-29.,5.5));
#5396 = VECTOR('',#5397,1.);
#5397 = DIRECTION('',(0.,0.,1.));
#5398 = ORIENTED_EDGE('',*,*,#2725,.F.);
#5399 = ORIENTED_EDGE('',*,*,#5400,.F.);
#5400 = EDGE_CURVE('',#1389,#2726,#5401,.T.);
#5401 = LINE('',#5402,#5403);
#5402 = CARTESIAN_POINT('',(109.,-29.,5.5));
#5403 = VECTOR('',#5404,1.);
#5404 = DIRECTION('',(0.,0.,1.));
#5405 = PLANE('',#5406);
#5406 = AXIS2_PLACEMENT_3D('',#5407,#5408,#5409);
#5407 = CARTESIAN_POINT('',(95.,-29.,5.5));
#5408 = DIRECTION('',(0.,1.,0.));
#5409 = DIRECTION('',(1.,0.,0.));
#5410 = ADVANCED_FACE('',(#5411),#5422,.F.);
#5411 = FACE_BOUND('',#5412,.F.);
#5412 = EDGE_LOOP('',(#5413,#5414,#5415,#5416));
#5413 = ORIENTED_EDGE('',*,*,#1398,.T.);
#5414 = ORIENTED_EDGE('',*,*,#5400,.T.);
#5415 = ORIENTED_EDGE('',*,*,#2735,.F.);
#5416 = ORIENTED_EDGE('',*,*,#5417,.F.);
#5417 = EDGE_CURVE('',#1399,#2736,#5418,.T.);
#5418 = LINE('',#5419,#5420);
#5419 = CARTESIAN_POINT('',(109.,-43.,5.5));
#5420 = VECTOR('',#5421,1.);
#5421 = DIRECTION('',(0.,0.,1.));
#5422 = PLANE('',#5423);
#5423 = AXIS2_PLACEMENT_3D('',#5424,#5425,#5426);
#5424 = CARTESIAN_POINT('',(109.,-29.,5.5));
#5425 = DIRECTION('',(1.,0.,0.));
#5426 = DIRECTION('',(0.,-1.,0.));
#5427 = ADVANCED_FACE('',(#5428),#5439,.F.);
#5428 = FACE_BOUND('',#5429,.F.);
#5429 = EDGE_LOOP('',(#5430,#5431,#5437,#5438));
#5430 = ORIENTED_EDGE('',*,*,#1414,.T.);
#5431 = ORIENTED_EDGE('',*,*,#5432,.T.);
#5432 = EDGE_CURVE('',#1407,#2744,#5433,.T.);
#5433 = LINE('',#5434,#5435);
#5434 = CARTESIAN_POINT('',(95.,-43.,5.5));
#5435 = VECTOR('',#5436,1.);
#5436 = DIRECTION('',(0.,0.,1.));
#5437 = ORIENTED_EDGE('',*,*,#2751,.F.);
#5438 = ORIENTED_EDGE('',*,*,#5393,.F.);
#5439 = PLANE('',#5440);
#5440 = AXIS2_PLACEMENT_3D('',#5441,#5442,#5443);
#5441 = CARTESIAN_POINT('',(95.,-43.,5.5));
#5442 = DIRECTION('',(-1.,0.,0.));
#5443 = DIRECTION('',(0.,1.,0.));
#5444 = ADVANCED_FACE('',(#5445),#5451,.F.);
#5445 = FACE_BOUND('',#5446,.F.);
#5446 = EDGE_LOOP('',(#5447,#5448,#5449,#5450));
#5447 = ORIENTED_EDGE('',*,*,#1406,.T.);
#5448 = ORIENTED_EDGE('',*,*,#5417,.T.);
#5449 = ORIENTED_EDGE('',*,*,#2743,.F.);
#5450 = ORIENTED_EDGE('',*,*,#5432,.F.);
#5451 = PLANE('',#5452);
#5452 = AXIS2_PLACEMENT_3D('',#5453,#5454,#5455);
#5453 = CARTESIAN_POINT('',(109.,-43.,5.5));
#5454 = DIRECTION('',(0.,-1.,0.));
#5455 = DIRECTION('',(-1.,0.,0.));
#5456 = ADVANCED_FACE('',(#5457),#5473,.F.);
#5457 = FACE_BOUND('',#5458,.F.);
#5458 = EDGE_LOOP('',(#5459,#5460,#5466,#5467));
#5459 = ORIENTED_EDGE('',*,*,#1422,.T.);
#5460 = ORIENTED_EDGE('',*,*,#5461,.T.);
#5461 = EDGE_CURVE('',#1425,#2762,#5462,.T.);
#5462 = LINE('',#5463,#5464);
#5463 = CARTESIAN_POINT('',(77.,-10.,5.5));
#5464 = VECTOR('',#5465,1.);
#5465 = DIRECTION('',(0.,0.,1.));
#5466 = ORIENTED_EDGE('',*,*,#2759,.F.);
#5467 = ORIENTED_EDGE('',*,*,#5468,.F.);
#5468 = EDGE_CURVE('',#1423,#2760,#5469,.T.);
#5469 = LINE('',#5470,#5471);
#5470 = CARTESIAN_POINT('',(91.,-10.,5.5));
#5471 = VECTOR('',#5472,1.);
#5472 = DIRECTION('',(0.,0.,1.));
#5473 = PLANE('',#5474);
#5474 = AXIS2_PLACEMENT_3D('',#5475,#5476,#5477);
#5475 = CARTESIAN_POINT('',(77.,-10.,5.5));
#5476 = DIRECTION('',(0.,1.,0.));
#5477 = DIRECTION('',(1.,0.,0.));
#5478 = ADVANCED_FACE('',(#5479),#5490,.F.);
#5479 = FACE_BOUND('',#5480,.F.);
#5480 = EDGE_LOOP('',(#5481,#5482,#5483,#5484));
#5481 = ORIENTED_EDGE('',*,*,#1432,.T.);
#5482 = ORIENTED_EDGE('',*,*,#5468,.T.);
#5483 = ORIENTED_EDGE('',*,*,#2769,.F.);
#5484 = ORIENTED_EDGE('',*,*,#5485,.F.);
#5485 = EDGE_CURVE('',#1433,#2770,#5486,.T.);
#5486 = LINE('',#5487,#5488);
#5487 = CARTESIAN_POINT('',(91.,-24.,5.5));
#5488 = VECTOR('',#5489,1.);
#5489 = DIRECTION('',(0.,0.,1.));
#5490 = PLANE('',#5491);
#5491 = AXIS2_PLACEMENT_3D('',#5492,#5493,#5494);
#5492 = CARTESIAN_POINT('',(91.,-10.,5.5));
#5493 = DIRECTION('',(1.,0.,0.));
#5494 = DIRECTION('',(0.,-1.,0.));
#5495 = ADVANCED_FACE('',(#5496),#5507,.F.);
#5496 = FACE_BOUND('',#5497,.F.);
#5497 = EDGE_LOOP('',(#5498,#5499,#5505,#5506));
#5498 = ORIENTED_EDGE('',*,*,#1448,.T.);
#5499 = ORIENTED_EDGE('',*,*,#5500,.T.);
#5500 = EDGE_CURVE('',#1441,#2778,#5501,.T.);
#5501 = LINE('',#5502,#5503);
#5502 = CARTESIAN_POINT('',(77.,-24.,5.5));
#5503 = VECTOR('',#5504,1.);
#5504 = DIRECTION('',(0.,0.,1.));
#5505 = ORIENTED_EDGE('',*,*,#2785,.F.);
#5506 = ORIENTED_EDGE('',*,*,#5461,.F.);
#5507 = PLANE('',#5508);
#5508 = AXIS2_PLACEMENT_3D('',#5509,#5510,#5511);
#5509 = CARTESIAN_POINT('',(77.,-24.,5.5));
#5510 = DIRECTION('',(-1.,0.,0.));
#5511 = DIRECTION('',(0.,1.,0.));
#5512 = ADVANCED_FACE('',(#5513),#5519,.F.);
#5513 = FACE_BOUND('',#5514,.F.);
#5514 = EDGE_LOOP('',(#5515,#5516,#5517,#5518));
#5515 = ORIENTED_EDGE('',*,*,#1440,.T.);
#5516 = ORIENTED_EDGE('',*,*,#5485,.T.);
#5517 = ORIENTED_EDGE('',*,*,#2777,.F.);
#5518 = ORIENTED_EDGE('',*,*,#5500,.F.);
#5519 = PLANE('',#5520);
#5520 = AXIS2_PLACEMENT_3D('',#5521,#5522,#5523);
#5521 = CARTESIAN_POINT('',(91.,-24.,5.5));
#5522 = DIRECTION('',(0.,-1.,0.));
#5523 = DIRECTION('',(-1.,0.,0.));
#5524 = ADVANCED_FACE('',(#5525),#5541,.F.);
#5525 = FACE_BOUND('',#5526,.F.);
#5526 = EDGE_LOOP('',(#5527,#5528,#5534,#5535));
#5527 = ORIENTED_EDGE('',*,*,#1456,.T.);
#5528 = ORIENTED_EDGE('',*,*,#5529,.T.);
#5529 = EDGE_CURVE('',#1459,#2796,#5530,.T.);
#5530 = LINE('',#5531,#5532);
#5531 = CARTESIAN_POINT('',(95.,-12.,5.5));
#5532 = VECTOR('',#5533,1.);
#5533 = DIRECTION('',(0.,0.,1.));
#5534 = ORIENTED_EDGE('',*,*,#2793,.F.);
#5535 = ORIENTED_EDGE('',*,*,#5536,.F.);
#5536 = EDGE_CURVE('',#1457,#2794,#5537,.T.);
#5537 = LINE('',#5538,#5539);
#5538 = CARTESIAN_POINT('',(109.,-12.,5.5));
#5539 = VECTOR('',#5540,1.);
#5540 = DIRECTION('',(0.,0.,1.));
#5541 = PLANE('',#5542);
#5542 = AXIS2_PLACEMENT_3D('',#5543,#5544,#5545);
#5543 = CARTESIAN_POINT('',(95.,-12.,5.5));
#5544 = DIRECTION('',(0.,1.,0.));
#5545 = DIRECTION('',(1.,0.,0.));
#5546 = ADVANCED_FACE('',(#5547),#5558,.F.);
#5547 = FACE_BOUND('',#5548,.F.);
#5548 = EDGE_LOOP('',(#5549,#5550,#5551,#5552));
#5549 = ORIENTED_EDGE('',*,*,#1466,.T.);
#5550 = ORIENTED_EDGE('',*,*,#5536,.T.);
#5551 = ORIENTED_EDGE('',*,*,#2803,.F.);
#5552 = ORIENTED_EDGE('',*,*,#5553,.F.);
#5553 = EDGE_CURVE('',#1467,#2804,#5554,.T.);
#5554 = LINE('',#5555,#5556);
#5555 = CARTESIAN_POINT('',(109.,-26.,5.5));
#5556 = VECTOR('',#5557,1.);
#5557 = DIRECTION('',(0.,0.,1.));
#5558 = PLANE('',#5559);
#5559 = AXIS2_PLACEMENT_3D('',#5560,#5561,#5562);
#5560 = CARTESIAN_POINT('',(109.,-12.,5.5));
#5561 = DIRECTION('',(1.,0.,0.));
#5562 = DIRECTION('',(0.,-1.,0.));
#5563 = ADVANCED_FACE('',(#5564),#5575,.F.);
#5564 = FACE_BOUND('',#5565,.F.);
#5565 = EDGE_LOOP('',(#5566,#5567,#5573,#5574));
#5566 = ORIENTED_EDGE('',*,*,#1482,.T.);
#5567 = ORIENTED_EDGE('',*,*,#5568,.T.);
#5568 = EDGE_CURVE('',#1475,#2812,#5569,.T.);
#5569 = LINE('',#5570,#5571);
#5570 = CARTESIAN_POINT('',(95.,-26.,5.5));
#5571 = VECTOR('',#5572,1.);
#5572 = DIRECTION('',(0.,0.,1.));
#5573 = ORIENTED_EDGE('',*,*,#2819,.F.);
#5574 = ORIENTED_EDGE('',*,*,#5529,.F.);
#5575 = PLANE('',#5576);
#5576 = AXIS2_PLACEMENT_3D('',#5577,#5578,#5579);
#5577 = CARTESIAN_POINT('',(95.,-26.,5.5));
#5578 = DIRECTION('',(-1.,0.,0.));
#5579 = DIRECTION('',(0.,1.,0.));
#5580 = ADVANCED_FACE('',(#5581),#5587,.F.);
#5581 = FACE_BOUND('',#5582,.F.);
#5582 = EDGE_LOOP('',(#5583,#5584,#5585,#5586));
#5583 = ORIENTED_EDGE('',*,*,#1474,.T.);
#5584 = ORIENTED_EDGE('',*,*,#5553,.T.);
#5585 = ORIENTED_EDGE('',*,*,#2811,.F.);
#5586 = ORIENTED_EDGE('',*,*,#5568,.F.);
#5587 = PLANE('',#5588);
#5588 = AXIS2_PLACEMENT_3D('',#5589,#5590,#5591);
#5589 = CARTESIAN_POINT('',(109.,-26.,5.5));
#5590 = DIRECTION('',(0.,-1.,0.));
#5591 = DIRECTION('',(-1.,0.,0.));
#5592 = ADVANCED_FACE('',(#5593),#5597,.F.);
#5593 = FACE_BOUND('',#5594,.F.);
#5594 = EDGE_LOOP('',(#5595,#5596));
#5595 = ORIENTED_EDGE('',*,*,#3789,.F.);
#5596 = ORIENTED_EDGE('',*,*,#3815,.T.);
#5597 = PLANE('',#5598);
#5598 = AXIS2_PLACEMENT_3D('',#5599,#5600,#5601);
#5599 = CARTESIAN_POINT('',(114.5,-65.5,6.75));
#5600 = DIRECTION('',(0.,0.,1.));
#5601 = DIRECTION('',(1.,0.,0.));
#5602 = ADVANCED_FACE('',(#5603),#5607,.F.);
#5603 = FACE_BOUND('',#5604,.F.);
#5604 = EDGE_LOOP('',(#5605,#5606));
#5605 = ORIENTED_EDGE('',*,*,#3766,.F.);
#5606 = ORIENTED_EDGE('',*,*,#3833,.T.);
#5607 = PLANE('',#5608);
#5608 = AXIS2_PLACEMENT_3D('',#5609,#5610,#5611);
#5609 = CARTESIAN_POINT('',(130.6,-66.5,6.75));
#5610 = DIRECTION('',(0.,0.,1.));
#5611 = DIRECTION('',(1.,0.,0.));
#5612 = ( GEOMETRIC_REPRESENTATION_CONTEXT(3) 
GLOBAL_UNCERTAINTY_ASSIGNED_CONTEXT((#5616)) 
GLOBAL_UNIT_ASSIGNED_CONTEXT((#5613,#5614,#5615)) REPRESENTATION_CONTEXT
('Context #1','3D Context with UNIT and UNCERTAINTY') );
#5613 = ( LENGTH_UNIT() NAMED_UNIT(*) SI_UNIT(.MILLI.,.METRE.) );
#5614 = ( NAMED_UNIT(*) PLANE_ANGLE_UNIT() SI_UNIT($,.RADIAN.) );
#5615 = ( NAMED_UNIT(*) SI_UNIT($,.STERADIAN.) SOLID_ANGLE_UNIT() );
#5616 = UNCERTAINTY_MEASURE_WITH_UNIT(LENGTH_MEASURE(5.E-05),#5613,
  'distance_accuracy_value','confusion accuracy');
#5617 = PRODUCT_RELATED_PRODUCT_CATEGORY('part',$,(#7));
ENDSEC;
END-ISO-10303-21;
