ISO-10303-21;
HEADER;
FILE_DESCRIPTION(('FreeCAD Model'),'2;1');
FILE_NAME('Open CASCADE Shape Model','2026-09-27T17:10:07',('FreeCAD'),(
    'FreeCAD'),'Open CASCADE STEP processor 7.8','FreeCAD','Unknown');
FILE_SCHEMA(('AUTOMOTIVE_DESIGN { 1 0 10303 214 1 1 1 1 }'));
ENDSEC;
DATA;
#1 = APPLICATION_PROTOCOL_DEFINITION('international standard',
  'automotive_design',2000,#2);
#2 = APPLICATION_CONTEXT(
  'core data for automotive mechanical design processes');
#3 = SHAPE_DEFINITION_REPRESENTATION(#4,#10);
#4 = PRODUCT_DEFINITION_SHAPE('','',#5);
#5 = PRODUCT_DEFINITION('design','',#6,#9);
#6 = PRODUCT_DEFINITION_FORMATION('','',#7);
#7 = PRODUCT('Open CASCADE STEP translator 7.8 35',
  'Open CASCADE STEP translator 7.8 35','',(#8));
#8 = PRODUCT_CONTEXT('',#2,'mechanical');
#9 = PRODUCT_DEFINITION_CONTEXT('part definition',#2,'design');
#10 = ADVANCED_BREP_SHAPE_REPRESENTATION('',(#11,#15),#4616);
#11 = AXIS2_PLACEMENT_3D('',#12,#13,#14);
#12 = CARTESIAN_POINT('',(0.,0.,0.));
#13 = DIRECTION('',(0.,0.,1.));
#14 = DIRECTION('',(1.,0.,-0.));
#15 = BREP_WITH_VOIDS('',#16,(#4457,#4510,#4563));
#16 = CLOSED_SHELL('',(#17,#153,#184,#418,#442,#602,#627,#652,#677,#730,
    #758,#769,#794,#828,#863,#922,#939,#984,#1001,#1013,#1030,#1063,
    #1103,#1127,#1151,#1232,#1256,#1280,#1304,#1328,#1352,#1376,#1400,
    #1424,#1448,#1472,#1496,#1520,#1537,#1568,#1592,#1616,#1633,#1661,
    #1685,#1741,#1765,#1821,#1846,#1870,#1895,#1927,#1952,#1977,#2002,
    #2058,#2075,#2086,#2104,#2121,#2188,#2205,#2217,#2235,#2245,#2784,
    #2801,#2813,#2825,#2834,#2843,#2868,#2899,#2923,#2947,#2964,#2995,
    #3019,#3043,#3060,#3091,#3115,#3139,#3156,#3198,#3226,#3257,#3281,
    #3305,#3322,#3347,#3372,#3397,#3428,#3452,#3476,#3493,#3524,#3548,
    #3572,#3589,#3620,#3644,#3668,#3685,#3716,#3740,#3764,#3781,#3812,
    #3836,#3860,#3884,#3908,#3932,#3956,#3973,#4004,#4028,#4052,#4069,
    #4100,#4124,#4148,#4165,#4196,#4220,#4244,#4261,#4270,#4282,#4294,
    #4306,#4318,#4330,#4339,#4348,#4357,#4369,#4381,#4393,#4405,#4421,
    #4433,#4445));
#17 = ADVANCED_FACE('',(#18),#148,.T.);
#18 = FACE_BOUND('',#19,.T.);
#19 = EDGE_LOOP('',(#20,#30,#38,#46,#54,#62,#70,#78,#86,#94,#102,#110,
    #118,#126,#134,#142));
#20 = ORIENTED_EDGE('',*,*,#21,.F.);
#21 = EDGE_CURVE('',#22,#24,#26,.T.);
#22 = VERTEX_POINT('',#23);
#23 = CARTESIAN_POINT('',(133.77054165346,-65.8,6.3));
#24 = VERTEX_POINT('',#25);
#25 = CARTESIAN_POINT('',(133.77054165346,-65.8,13.6));
#26 = LINE('',#27,#28);
#27 = CARTESIAN_POINT('',(133.77054165346,-65.8,6.2));
#28 = VECTOR('',#29,1.);
#29 = DIRECTION('',(0.,0.,1.));
#30 = ORIENTED_EDGE('',*,*,#31,.T.);
#31 = EDGE_CURVE('',#22,#32,#34,.T.);
#32 = VERTEX_POINT('',#33);
#33 = CARTESIAN_POINT('',(132.63285513502,-65.8,6.3));
#34 = LINE('',#35,#36);
#35 = CARTESIAN_POINT('',(117.59307288834,-65.8,6.3));
#36 = VECTOR('',#37,1.);
#37 = DIRECTION('',(-1.,0.,0.));
#38 = ORIENTED_EDGE('',*,*,#39,.F.);
#39 = EDGE_CURVE('',#40,#32,#42,.T.);
#40 = VERTEX_POINT('',#41);
#41 = CARTESIAN_POINT('',(132.63285513502,-65.8,6.75));
#42 = LINE('',#43,#44);
#43 = CARTESIAN_POINT('',(132.63285513502,-65.8,5.3));
#44 = VECTOR('',#45,1.);
#45 = DIRECTION('',(-0.,-0.,-1.));
#46 = ORIENTED_EDGE('',*,*,#47,.F.);
#47 = EDGE_CURVE('',#48,#40,#50,.T.);
#48 = VERTEX_POINT('',#49);
#49 = CARTESIAN_POINT('',(128.56714486497,-65.8,6.75));
#50 = LINE('',#51,#52);
#51 = CARTESIAN_POINT('',(121.41472917326,-65.8,6.75));
#52 = VECTOR('',#53,1.);
#53 = DIRECTION('',(1.,0.,0.));
#54 = ORIENTED_EDGE('',*,*,#55,.T.);
#55 = EDGE_CURVE('',#48,#56,#58,.T.);
#56 = VERTEX_POINT('',#57);
#57 = CARTESIAN_POINT('',(128.56714486497,-65.8,6.3));
#58 = LINE('',#59,#60);
#59 = CARTESIAN_POINT('',(128.56714486497,-65.8,5.3));
#60 = VECTOR('',#61,1.);
#61 = DIRECTION('',(-0.,-0.,-1.));
#62 = ORIENTED_EDGE('',*,*,#63,.T.);
#63 = EDGE_CURVE('',#56,#64,#66,.T.);
#64 = VERTEX_POINT('',#65);
#65 = CARTESIAN_POINT('',(124.28744747806,-65.8,6.3));
#66 = LINE('',#67,#68);
#67 = CARTESIAN_POINT('',(117.59307288834,-65.8,6.3));
#68 = VECTOR('',#69,1.);
#69 = DIRECTION('',(-1.,0.,0.));
#70 = ORIENTED_EDGE('',*,*,#71,.F.);
#71 = EDGE_CURVE('',#72,#64,#74,.T.);
#72 = VERTEX_POINT('',#73);
#73 = CARTESIAN_POINT('',(124.28744747806,-65.8,11.6));
#74 = LINE('',#75,#76);
#75 = CARTESIAN_POINT('',(124.28744747806,-65.8,6.3));
#76 = VECTOR('',#77,1.);
#77 = DIRECTION('',(-0.,-0.,-1.));
#78 = ORIENTED_EDGE('',*,*,#79,.F.);
#79 = EDGE_CURVE('',#80,#72,#82,.T.);
#80 = VERTEX_POINT('',#81);
#81 = CARTESIAN_POINT('',(121.31255252193,-65.8,11.6));
#82 = LINE('',#83,#84);
#83 = CARTESIAN_POINT('',(117.51472917326,-65.8,11.6));
#84 = VECTOR('',#85,1.);
#85 = DIRECTION('',(1.,0.,0.));
#86 = ORIENTED_EDGE('',*,*,#87,.T.);
#87 = EDGE_CURVE('',#80,#88,#90,.T.);
#88 = VERTEX_POINT('',#89);
#89 = CARTESIAN_POINT('',(121.31255252193,-65.8,6.3));
#90 = LINE('',#91,#92);
#91 = CARTESIAN_POINT('',(121.31255252193,-65.8,6.3));
#92 = VECTOR('',#93,1.);
#93 = DIRECTION('',(-0.,-0.,-1.));
#94 = ORIENTED_EDGE('',*,*,#95,.T.);
#95 = EDGE_CURVE('',#88,#96,#98,.T.);
#96 = VERTEX_POINT('',#97);
#97 = CARTESIAN_POINT('',(116.6289668856,-65.8,6.3));
#98 = LINE('',#99,#100);
#99 = CARTESIAN_POINT('',(117.59307288834,-65.8,6.3));
#100 = VECTOR('',#101,1.);
#101 = DIRECTION('',(-1.,0.,0.));
#102 = ORIENTED_EDGE('',*,*,#103,.F.);
#103 = EDGE_CURVE('',#104,#96,#106,.T.);
#104 = VERTEX_POINT('',#105);
#105 = CARTESIAN_POINT('',(116.6289668856,-65.8,6.75));
#106 = LINE('',#107,#108);
#107 = CARTESIAN_POINT('',(116.6289668856,-65.8,5.3));
#108 = VECTOR('',#109,1.);
#109 = DIRECTION('',(-0.,-0.,-1.));
#110 = ORIENTED_EDGE('',*,*,#111,.F.);
#111 = EDGE_CURVE('',#112,#104,#114,.T.);
#112 = VERTEX_POINT('',#113);
#113 = CARTESIAN_POINT('',(112.37103311439,-65.8,6.75));
#114 = LINE('',#115,#116);
#115 = CARTESIAN_POINT('',(113.36472917326,-65.8,6.75));
#116 = VECTOR('',#117,1.);
#117 = DIRECTION('',(1.,0.,0.));
#118 = ORIENTED_EDGE('',*,*,#119,.T.);
#119 = EDGE_CURVE('',#112,#120,#122,.T.);
#120 = VERTEX_POINT('',#121);
#121 = CARTESIAN_POINT('',(112.37103311439,-65.8,6.3));
#122 = LINE('',#123,#124);
#123 = CARTESIAN_POINT('',(112.37103311439,-65.8,5.3));
#124 = VECTOR('',#125,1.);
#125 = DIRECTION('',(-0.,-0.,-1.));
#126 = ORIENTED_EDGE('',*,*,#127,.T.);
#127 = EDGE_CURVE('',#120,#128,#130,.T.);
#128 = VERTEX_POINT('',#129);
#129 = CARTESIAN_POINT('',(112.22945834653,-65.8,6.3));
#130 = LINE('',#131,#132);
#131 = CARTESIAN_POINT('',(117.59307288834,-65.8,6.3));
#132 = VECTOR('',#133,1.);
#133 = DIRECTION('',(-1.,0.,0.));
#134 = ORIENTED_EDGE('',*,*,#135,.T.);
#135 = EDGE_CURVE('',#128,#136,#138,.T.);
#136 = VERTEX_POINT('',#137);
#137 = CARTESIAN_POINT('',(112.22945834653,-65.8,13.6));
#138 = LINE('',#139,#140);
#139 = CARTESIAN_POINT('',(112.22945834653,-65.8,6.2));
#140 = VECTOR('',#141,1.);
#141 = DIRECTION('',(0.,0.,1.));
#142 = ORIENTED_EDGE('',*,*,#143,.T.);
#143 = EDGE_CURVE('',#136,#24,#144,.T.);
#144 = LINE('',#145,#146);
#145 = CARTESIAN_POINT('',(112.22945834653,-65.8,13.6));
#146 = VECTOR('',#147,1.);
#147 = DIRECTION('',(1.,0.,0.));
#148 = PLANE('',#149);
#149 = AXIS2_PLACEMENT_3D('',#150,#151,#152);
#150 = CARTESIAN_POINT('',(112.22945834653,-65.8,6.2));
#151 = DIRECTION('',(0.,1.,0.));
#152 = DIRECTION('',(1.,0.,0.));
#153 = ADVANCED_FACE('',(#154),#179,.T.);
#154 = FACE_BOUND('',#155,.T.);
#155 = EDGE_LOOP('',(#156,#164,#165,#173));
#156 = ORIENTED_EDGE('',*,*,#157,.T.);
#157 = EDGE_CURVE('',#158,#22,#160,.T.);
#158 = VERTEX_POINT('',#159);
#159 = CARTESIAN_POINT('',(133.79862057122,-65.79862057122,6.3));
#160 = LINE('',#161,#162);
#161 = CARTESIAN_POINT('',(129.03094887539,-66.03284126237,6.3));
#162 = VECTOR('',#163,1.);
#163 = DIRECTION('',(-0.998795456205,-4.906767432757E-02,0.));
#164 = ORIENTED_EDGE('',*,*,#21,.T.);
#165 = ORIENTED_EDGE('',*,*,#166,.T.);
#166 = EDGE_CURVE('',#24,#167,#169,.T.);
#167 = VERTEX_POINT('',#168);
#168 = CARTESIAN_POINT('',(133.79862057122,-65.79862057122,13.6));
#169 = LINE('',#170,#171);
#170 = CARTESIAN_POINT('',(133.77054165346,-65.8,13.6));
#171 = VECTOR('',#172,1.);
#172 = DIRECTION('',(0.998795456205,4.906767432757E-02,0.));
#173 = ORIENTED_EDGE('',*,*,#174,.F.);
#174 = EDGE_CURVE('',#158,#167,#175,.T.);
#175 = LINE('',#176,#177);
#176 = CARTESIAN_POINT('',(133.79862057122,-65.79862057122,6.2));
#177 = VECTOR('',#178,1.);
#178 = DIRECTION('',(0.,0.,1.));
#179 = PLANE('',#180);
#180 = AXIS2_PLACEMENT_3D('',#181,#182,#183);
#181 = CARTESIAN_POINT('',(133.77054165346,-65.8,6.2));
#182 = DIRECTION('',(-4.906767432757E-02,0.998795456205,0.));
#183 = DIRECTION('',(0.998795456205,4.906767432757E-02,0.));
#184 = ADVANCED_FACE('',(#185,#379),#413,.F.);
#185 = FACE_BOUND('',#186,.F.);
#186 = EDGE_LOOP('',(#187,#197,#205,#211,#212,#213,#221,#229,#237,#245,
    #253,#261,#269,#277,#285,#293,#301,#309,#317,#325,#333,#341,#349,
    #357,#365,#373));
#187 = ORIENTED_EDGE('',*,*,#188,.T.);
#188 = EDGE_CURVE('',#189,#191,#193,.T.);
#189 = VERTEX_POINT('',#190);
#190 = CARTESIAN_POINT('',(112.2,-12.22945834653,13.6));
#191 = VERTEX_POINT('',#192);
#192 = CARTESIAN_POINT('',(112.2,-65.77054165346,13.6));
#193 = LINE('',#194,#195);
#194 = CARTESIAN_POINT('',(112.2,-12.22945834653,13.6));
#195 = VECTOR('',#196,1.);
#196 = DIRECTION('',(0.,-1.,0.));
#197 = ORIENTED_EDGE('',*,*,#198,.T.);
#198 = EDGE_CURVE('',#191,#199,#201,.T.);
#199 = VERTEX_POINT('',#200);
#200 = CARTESIAN_POINT('',(112.20137942877,-65.79862057122,13.6));
#201 = LINE('',#202,#203);
#202 = CARTESIAN_POINT('',(112.2,-65.77054165346,13.6));
#203 = VECTOR('',#204,1.);
#204 = DIRECTION('',(4.906767432757E-02,-0.998795456205,0.));
#205 = ORIENTED_EDGE('',*,*,#206,.T.);
#206 = EDGE_CURVE('',#199,#136,#207,.T.);
#207 = LINE('',#208,#209);
#208 = CARTESIAN_POINT('',(112.20137942877,-65.79862057122,13.6));
#209 = VECTOR('',#210,1.);
#210 = DIRECTION('',(0.998795456205,-4.906767432757E-02,0.));
#211 = ORIENTED_EDGE('',*,*,#143,.T.);
#212 = ORIENTED_EDGE('',*,*,#166,.T.);
#213 = ORIENTED_EDGE('',*,*,#214,.T.);
#214 = EDGE_CURVE('',#167,#215,#217,.T.);
#215 = VERTEX_POINT('',#216);
#216 = CARTESIAN_POINT('',(133.8,-65.77054165346,13.6));
#217 = LINE('',#218,#219);
#218 = CARTESIAN_POINT('',(133.79862057122,-65.79862057122,13.6));
#219 = VECTOR('',#220,1.);
#220 = DIRECTION('',(4.906767432734E-02,0.998795456205,0.));
#221 = ORIENTED_EDGE('',*,*,#222,.T.);
#222 = EDGE_CURVE('',#215,#223,#225,.T.);
#223 = VERTEX_POINT('',#224);
#224 = CARTESIAN_POINT('',(133.8,-13.42945834653,13.6));
#225 = LINE('',#226,#227);
#226 = CARTESIAN_POINT('',(133.8,-65.77054165346,13.6));
#227 = VECTOR('',#228,1.);
#228 = DIRECTION('',(0.,1.,0.));
#229 = ORIENTED_EDGE('',*,*,#230,.T.);
#230 = EDGE_CURVE('',#223,#231,#233,.T.);
#231 = VERTEX_POINT('',#232);
#232 = CARTESIAN_POINT('',(133.79278144488,-13.28252128159,13.6));
#233 = LINE('',#234,#235);
#234 = CARTESIAN_POINT('',(133.8,-13.42945834653,13.6));
#235 = VECTOR('',#236,1.);
#236 = DIRECTION('',(-4.906767432747E-02,0.998795456205,0.));
#237 = ORIENTED_EDGE('',*,*,#238,.T.);
#238 = EDGE_CURVE('',#231,#239,#241,.T.);
#239 = VERTEX_POINT('',#240);
#240 = CARTESIAN_POINT('',(133.77552294818,-13.16617394746,13.6));
#241 = LINE('',#242,#243);
#242 = CARTESIAN_POINT('',(133.79278144488,-13.28252128159,13.6));
#243 = VECTOR('',#244,1.);
#244 = DIRECTION('',(-0.146730474455,0.989176509965,0.));
#245 = ORIENTED_EDGE('',*,*,#246,.T.);
#246 = EDGE_CURVE('',#239,#247,#249,.T.);
#247 = VERTEX_POINT('',#248);
#248 = CARTESIAN_POINT('',(133.74694352287,-13.05207848605,13.6));
#249 = LINE('',#250,#251);
#250 = CARTESIAN_POINT('',(133.77552294818,-13.16617394746,13.6));
#251 = VECTOR('',#252,1.);
#252 = DIRECTION('',(-0.242980179903,0.970031253195,0.));
#253 = ORIENTED_EDGE('',*,*,#254,.T.);
#254 = EDGE_CURVE('',#247,#255,#257,.T.);
#255 = VERTEX_POINT('',#256);
#256 = CARTESIAN_POINT('',(133.70731840446,-12.941333699,13.6));
#257 = LINE('',#258,#259);
#258 = CARTESIAN_POINT('',(133.74694352287,-13.05207848605,13.6));
#259 = VECTOR('',#260,1.);
#260 = DIRECTION('',(-0.336889853392,0.941544065183,0.));
#261 = ORIENTED_EDGE('',*,*,#262,.T.);
#262 = EDGE_CURVE('',#255,#263,#265,.T.);
#263 = VERTEX_POINT('',#264);
#264 = CARTESIAN_POINT('',(133.6570292045,-12.83500611917,13.6));
#265 = LINE('',#266,#267);
#266 = CARTESIAN_POINT('',(133.70731840446,-12.941333699,13.6));
#267 = VECTOR('',#268,1.);
#268 = DIRECTION('',(-0.42755509343,0.903989293123,0.));
#269 = ORIENTED_EDGE('',*,*,#270,.T.);
#270 = EDGE_CURVE('',#263,#271,#273,.T.);
#271 = VERTEX_POINT('',#272);
#272 = CARTESIAN_POINT('',(133.59656023546,-12.73411973926,13.6));
#273 = LINE('',#274,#275);
#274 = CARTESIAN_POINT('',(133.6570292045,-12.83500611917,13.6));
#275 = VECTOR('',#276,1.);
#276 = DIRECTION('',(-0.514102744193,0.85772861,0.));
#277 = ORIENTED_EDGE('',*,*,#278,.T.);
#278 = EDGE_CURVE('',#271,#279,#281,.T.);
#279 = VERTEX_POINT('',#280);
#280 = CARTESIAN_POINT('',(133.52649384658,-12.63964615027,13.6));
#281 = LINE('',#282,#283);
#282 = CARTESIAN_POINT('',(133.59656023546,-12.73411973926,13.6));
#283 = VECTOR('',#284,1.);
#284 = DIRECTION('',(-0.595699304492,0.803207531481,0.));
#285 = ORIENTED_EDGE('',*,*,#286,.T.);
#286 = EDGE_CURVE('',#279,#287,#289,.T.);
#287 = VERTEX_POINT('',#288);
#288 = CARTESIAN_POINT('',(133.44750481548,-12.55249518451,13.6));
#289 = LINE('',#290,#291);
#290 = CARTESIAN_POINT('',(133.52649384658,-12.63964615027,13.6));
#291 = VECTOR('',#292,1.);
#292 = DIRECTION('',(-0.671558954847,0.740951125355,0.));
#293 = ORIENTED_EDGE('',*,*,#294,.T.);
#294 = EDGE_CURVE('',#287,#295,#297,.T.);
#295 = VERTEX_POINT('',#296);
#296 = CARTESIAN_POINT('',(133.36035384972,-12.47350615341,13.6));
#297 = LINE('',#298,#299);
#298 = CARTESIAN_POINT('',(133.44750481548,-12.55249518451,13.6));
#299 = VECTOR('',#300,1.);
#300 = DIRECTION('',(-0.740951125355,0.671558954847,0.));
#301 = ORIENTED_EDGE('',*,*,#302,.T.);
#302 = EDGE_CURVE('',#295,#303,#305,.T.);
#303 = VERTEX_POINT('',#304);
#304 = CARTESIAN_POINT('',(133.26588026073,-12.40343976453,13.6));
#305 = LINE('',#306,#307);
#306 = CARTESIAN_POINT('',(133.36035384972,-12.47350615341,13.6));
#307 = VECTOR('',#308,1.);
#308 = DIRECTION('',(-0.803207531481,0.595699304492,0.));
#309 = ORIENTED_EDGE('',*,*,#310,.T.);
#310 = EDGE_CURVE('',#303,#311,#313,.T.);
#311 = VERTEX_POINT('',#312);
#312 = CARTESIAN_POINT('',(133.16499388083,-12.3429707955,13.6));
#313 = LINE('',#314,#315);
#314 = CARTESIAN_POINT('',(133.26588026073,-12.40343976453,13.6));
#315 = VECTOR('',#316,1.);
#316 = DIRECTION('',(-0.85772861,0.514102744193,0.));
#317 = ORIENTED_EDGE('',*,*,#318,.T.);
#318 = EDGE_CURVE('',#311,#319,#321,.T.);
#319 = VERTEX_POINT('',#320);
#320 = CARTESIAN_POINT('',(133.05866630099,-12.29268159553,13.6));
#321 = LINE('',#322,#323);
#322 = CARTESIAN_POINT('',(133.16499388083,-12.3429707955,13.6));
#323 = VECTOR('',#324,1.);
#324 = DIRECTION('',(-0.903989293123,0.42755509343,0.));
#325 = ORIENTED_EDGE('',*,*,#326,.T.);
#326 = EDGE_CURVE('',#319,#327,#329,.T.);
#327 = VERTEX_POINT('',#328);
#328 = CARTESIAN_POINT('',(132.94792151395,-12.25305647712,13.6));
#329 = LINE('',#330,#331);
#330 = CARTESIAN_POINT('',(133.05866630099,-12.29268159553,13.6));
#331 = VECTOR('',#332,1.);
#332 = DIRECTION('',(-0.941544065183,0.336889853392,0.));
#333 = ORIENTED_EDGE('',*,*,#334,.T.);
#334 = EDGE_CURVE('',#327,#335,#337,.T.);
#335 = VERTEX_POINT('',#336);
#336 = CARTESIAN_POINT('',(132.83382605253,-12.22447705182,13.6));
#337 = LINE('',#338,#339);
#338 = CARTESIAN_POINT('',(132.94792151395,-12.25305647712,13.6));
#339 = VECTOR('',#340,1.);
#340 = DIRECTION('',(-0.970031253195,0.242980179903,0.));
#341 = ORIENTED_EDGE('',*,*,#342,.T.);
#342 = EDGE_CURVE('',#335,#343,#345,.T.);
#343 = VERTEX_POINT('',#344);
#344 = CARTESIAN_POINT('',(132.7174787184,-12.20721855511,13.6));
#345 = LINE('',#346,#347);
#346 = CARTESIAN_POINT('',(132.83382605253,-12.22447705182,13.6));
#347 = VECTOR('',#348,1.);
#348 = DIRECTION('',(-0.989176509965,0.146730474455,0.));
#349 = ORIENTED_EDGE('',*,*,#350,.T.);
#350 = EDGE_CURVE('',#343,#351,#353,.T.);
#351 = VERTEX_POINT('',#352);
#352 = CARTESIAN_POINT('',(132.57054165346,-12.2,13.6));
#353 = LINE('',#354,#355);
#354 = CARTESIAN_POINT('',(132.7174787184,-12.20721855511,13.6));
#355 = VECTOR('',#356,1.);
#356 = DIRECTION('',(-0.998795456205,4.906767432741E-02,0.));
#357 = ORIENTED_EDGE('',*,*,#358,.T.);
#358 = EDGE_CURVE('',#351,#359,#361,.T.);
#359 = VERTEX_POINT('',#360);
#360 = CARTESIAN_POINT('',(112.22945834653,-12.2,13.6));
#361 = LINE('',#362,#363);
#362 = CARTESIAN_POINT('',(132.57054165346,-12.2,13.6));
#363 = VECTOR('',#364,1.);
#364 = DIRECTION('',(-1.,0.,0.));
#365 = ORIENTED_EDGE('',*,*,#366,.T.);
#366 = EDGE_CURVE('',#359,#367,#369,.T.);
#367 = VERTEX_POINT('',#368);
#368 = CARTESIAN_POINT('',(112.20137942877,-12.20137942877,13.6));
#369 = LINE('',#370,#371);
#370 = CARTESIAN_POINT('',(112.22945834653,-12.2,13.6));
#371 = VECTOR('',#372,1.);
#372 = DIRECTION('',(-0.998795456205,-4.906767432741E-02,0.));
#373 = ORIENTED_EDGE('',*,*,#374,.T.);
#374 = EDGE_CURVE('',#367,#189,#375,.T.);
#375 = LINE('',#376,#377);
#376 = CARTESIAN_POINT('',(112.20137942877,-12.20137942877,13.6));
#377 = VECTOR('',#378,1.);
#378 = DIRECTION('',(-4.906767432758E-02,-0.998795456205,0.));
#379 = FACE_BOUND('',#380,.F.);
#380 = EDGE_LOOP('',(#381,#391,#399,#407));
#381 = ORIENTED_EDGE('',*,*,#382,.T.);
#382 = EDGE_CURVE('',#383,#385,#387,.T.);
#383 = VERTEX_POINT('',#384);
#384 = CARTESIAN_POINT('',(130.05,-49.35,13.6));
#385 = VERTEX_POINT('',#386);
#386 = CARTESIAN_POINT('',(115.55,-49.35,13.6));
#387 = LINE('',#388,#389);
#388 = CARTESIAN_POINT('',(119.25608769591,-49.35,13.6));
#389 = VECTOR('',#390,1.);
#390 = DIRECTION('',(-1.,0.,0.));
#391 = ORIENTED_EDGE('',*,*,#392,.T.);
#392 = EDGE_CURVE('',#385,#393,#395,.T.);
#393 = VERTEX_POINT('',#394);
#394 = CARTESIAN_POINT('',(115.55,-18.25,13.6));
#395 = LINE('',#396,#397);
#396 = CARTESIAN_POINT('',(115.55,-44.22141870115,13.6));
#397 = VECTOR('',#398,1.);
#398 = DIRECTION('',(0.,1.,0.));
#399 = ORIENTED_EDGE('',*,*,#400,.F.);
#400 = EDGE_CURVE('',#401,#393,#403,.T.);
#401 = VERTEX_POINT('',#402);
#402 = CARTESIAN_POINT('',(130.05,-18.25,13.6));
#403 = LINE('',#404,#405);
#404 = CARTESIAN_POINT('',(119.25608769591,-18.25,13.6));
#405 = VECTOR('',#406,1.);
#406 = DIRECTION('',(-1.,0.,0.));
#407 = ORIENTED_EDGE('',*,*,#408,.F.);
#408 = EDGE_CURVE('',#383,#401,#409,.T.);
#409 = LINE('',#410,#411);
#410 = CARTESIAN_POINT('',(130.05,-44.22141870115,13.6));
#411 = VECTOR('',#412,1.);
#412 = DIRECTION('',(0.,1.,0.));
#413 = PLANE('',#414);
#414 = AXIS2_PLACEMENT_3D('',#415,#416,#417);
#415 = CARTESIAN_POINT('',(122.96217539183,-39.0928374023,13.6));
#416 = DIRECTION('',(0.,0.,1.));
#417 = DIRECTION('',(1.,0.,0.));
#418 = ADVANCED_FACE('',(#419),#437,.T.);
#419 = FACE_BOUND('',#420,.T.);
#420 = EDGE_LOOP('',(#421,#429,#435,#436));
#421 = ORIENTED_EDGE('',*,*,#422,.T.);
#422 = EDGE_CURVE('',#128,#423,#425,.T.);
#423 = VERTEX_POINT('',#424);
#424 = CARTESIAN_POINT('',(112.20137942877,-65.79862057122,6.3));
#425 = LINE('',#426,#427);
#426 = CARTESIAN_POINT('',(116.91180337682,-66.03002886087,6.3));
#427 = VECTOR('',#428,1.);
#428 = DIRECTION('',(-0.998795456205,4.906767432757E-02,0.));
#429 = ORIENTED_EDGE('',*,*,#430,.T.);
#430 = EDGE_CURVE('',#423,#199,#431,.T.);
#431 = LINE('',#432,#433);
#432 = CARTESIAN_POINT('',(112.20137942877,-65.79862057122,6.2));
#433 = VECTOR('',#434,1.);
#434 = DIRECTION('',(0.,0.,1.));
#435 = ORIENTED_EDGE('',*,*,#206,.T.);
#436 = ORIENTED_EDGE('',*,*,#135,.F.);
#437 = PLANE('',#438);
#438 = AXIS2_PLACEMENT_3D('',#439,#440,#441);
#439 = CARTESIAN_POINT('',(112.20137942877,-65.79862057122,6.2));
#440 = DIRECTION('',(4.906767432757E-02,0.998795456205,0.));
#441 = DIRECTION('',(0.998795456205,-4.906767432757E-02,0.));
#442 = ADVANCED_FACE('',(#443,#586),#597,.T.);
#443 = FACE_BOUND('',#444,.T.);
#444 = EDGE_LOOP('',(#445,#446,#455,#463,#472,#480,#489,#497,#505,#513,
    #521,#529,#537,#545,#553,#562,#571,#579,#585));
#445 = ORIENTED_EDGE('',*,*,#127,.F.);
#446 = ORIENTED_EDGE('',*,*,#447,.F.);
#447 = EDGE_CURVE('',#448,#120,#450,.T.);
#448 = VERTEX_POINT('',#449);
#449 = CARTESIAN_POINT('',(112.95970781992,-67.,6.3));
#450 = CIRCLE('',#451,2.15);
#451 = AXIS2_PLACEMENT_3D('',#452,#453,#454);
#452 = CARTESIAN_POINT('',(114.5,-65.5,6.3));
#453 = DIRECTION('',(0.,0.,-1.));
#454 = DIRECTION('',(1.,0.,0.));
#455 = ORIENTED_EDGE('',*,*,#456,.T.);
#456 = EDGE_CURVE('',#448,#457,#459,.T.);
#457 = VERTEX_POINT('',#458);
#458 = CARTESIAN_POINT('',(112.2,-67.,6.3));
#459 = LINE('',#460,#461);
#460 = CARTESIAN_POINT('',(133.8,-67.,6.3));
#461 = VECTOR('',#462,1.);
#462 = DIRECTION('',(-1.,0.,0.));
#463 = ORIENTED_EDGE('',*,*,#464,.T.);
#464 = EDGE_CURVE('',#457,#465,#467,.T.);
#465 = VERTEX_POINT('',#466);
#466 = CARTESIAN_POINT('',(111.,-65.8,6.3));
#467 = CIRCLE('',#468,1.2);
#468 = AXIS2_PLACEMENT_3D('',#469,#470,#471);
#469 = CARTESIAN_POINT('',(112.2,-65.8,6.3));
#470 = DIRECTION('',(0.,0.,-1.));
#471 = DIRECTION('',(0.,-1.,0.));
#472 = ORIENTED_EDGE('',*,*,#473,.T.);
#473 = EDGE_CURVE('',#465,#474,#476,.T.);
#474 = VERTEX_POINT('',#475);
#475 = CARTESIAN_POINT('',(111.,-12.2,6.3));
#476 = LINE('',#477,#478);
#477 = CARTESIAN_POINT('',(111.,-65.8,6.3));
#478 = VECTOR('',#479,1.);
#479 = DIRECTION('',(0.,1.,0.));
#480 = ORIENTED_EDGE('',*,*,#481,.T.);
#481 = EDGE_CURVE('',#474,#482,#484,.T.);
#482 = VERTEX_POINT('',#483);
#483 = CARTESIAN_POINT('',(112.2,-11.,6.3));
#484 = CIRCLE('',#485,1.2);
#485 = AXIS2_PLACEMENT_3D('',#486,#487,#488);
#486 = CARTESIAN_POINT('',(112.2,-12.2,6.3));
#487 = DIRECTION('',(0.,0.,-1.));
#488 = DIRECTION('',(-1.,4.44E-15,0.));
#489 = ORIENTED_EDGE('',*,*,#490,.T.);
#490 = EDGE_CURVE('',#482,#491,#493,.T.);
#491 = VERTEX_POINT('',#492);
#492 = CARTESIAN_POINT('',(116.3,-11.,6.3));
#493 = LINE('',#494,#495);
#494 = CARTESIAN_POINT('',(112.2,-11.,6.3));
#495 = VECTOR('',#496,1.);
#496 = DIRECTION('',(1.,0.,0.));
#497 = ORIENTED_EDGE('',*,*,#498,.F.);
#498 = EDGE_CURVE('',#499,#491,#501,.T.);
#499 = VERTEX_POINT('',#500);
#500 = CARTESIAN_POINT('',(116.3,-11.4,6.3));
#501 = LINE('',#502,#503);
#502 = CARTESIAN_POINT('',(116.3,-29.54893884022,6.3));
#503 = VECTOR('',#504,1.);
#504 = DIRECTION('',(0.,1.,0.));
#505 = ORIENTED_EDGE('',*,*,#506,.T.);
#506 = EDGE_CURVE('',#499,#507,#509,.T.);
#507 = VERTEX_POINT('',#508);
#508 = CARTESIAN_POINT('',(113.,-11.4,6.3));
#509 = LINE('',#510,#511);
#510 = CARTESIAN_POINT('',(117.97834371508,-11.4,6.3));
#511 = VECTOR('',#512,1.);
#512 = DIRECTION('',(-1.,0.,0.));
#513 = ORIENTED_EDGE('',*,*,#514,.F.);
#514 = EDGE_CURVE('',#515,#507,#517,.T.);
#515 = VERTEX_POINT('',#516);
#516 = CARTESIAN_POINT('',(113.,-12.2,6.3));
#517 = LINE('',#518,#519);
#518 = CARTESIAN_POINT('',(113.,-43.59893884022,6.3));
#519 = VECTOR('',#520,1.);
#520 = DIRECTION('',(0.,1.,0.));
#521 = ORIENTED_EDGE('',*,*,#522,.F.);
#522 = EDGE_CURVE('',#523,#515,#525,.T.);
#523 = VERTEX_POINT('',#524);
#524 = CARTESIAN_POINT('',(112.22945834653,-12.2,6.3));
#525 = LINE('',#526,#527);
#526 = CARTESIAN_POINT('',(127.76361454181,-12.2,6.3));
#527 = VECTOR('',#528,1.);
#528 = DIRECTION('',(1.,0.,0.));
#529 = ORIENTED_EDGE('',*,*,#530,.F.);
#530 = EDGE_CURVE('',#531,#523,#533,.T.);
#531 = VERTEX_POINT('',#532);
#532 = CARTESIAN_POINT('',(112.20137942877,-12.20137942877,6.3));
#533 = LINE('',#534,#535);
#534 = CARTESIAN_POINT('',(116.92104599053,-11.96951707863,6.3));
#535 = VECTOR('',#536,1.);
#536 = DIRECTION('',(0.998795456205,4.906767432741E-02,0.));
#537 = ORIENTED_EDGE('',*,*,#538,.F.);
#538 = EDGE_CURVE('',#539,#531,#541,.T.);
#539 = VERTEX_POINT('',#540);
#540 = CARTESIAN_POINT('',(112.2,-12.22945834653,6.3));
#541 = LINE('',#542,#543);
#542 = CARTESIAN_POINT('',(111.55524740483,-25.35369892353,6.3));
#543 = VECTOR('',#544,1.);
#544 = DIRECTION('',(4.906767432758E-02,0.998795456205,0.));
#545 = ORIENTED_EDGE('',*,*,#546,.F.);
#546 = EDGE_CURVE('',#547,#539,#549,.T.);
#547 = VERTEX_POINT('',#548);
#548 = CARTESIAN_POINT('',(112.2,-51.13191726823,6.3));
#549 = LINE('',#550,#551);
#550 = CARTESIAN_POINT('',(112.2,-25.66366801349,6.3));
#551 = VECTOR('',#552,1.);
#552 = DIRECTION('',(0.,1.,0.));
#553 = ORIENTED_EDGE('',*,*,#554,.F.);
#554 = EDGE_CURVE('',#555,#547,#557,.T.);
#555 = VERTEX_POINT('',#556);
#556 = CARTESIAN_POINT('',(114.85,-52.8,6.3));
#557 = CIRCLE('',#558,1.85);
#558 = AXIS2_PLACEMENT_3D('',#559,#560,#561);
#559 = CARTESIAN_POINT('',(113.,-52.8,6.3));
#560 = DIRECTION('',(0.,0.,1.));
#561 = DIRECTION('',(1.,0.,0.));
#562 = ORIENTED_EDGE('',*,*,#563,.F.);
#563 = EDGE_CURVE('',#564,#555,#566,.T.);
#564 = VERTEX_POINT('',#565);
#565 = CARTESIAN_POINT('',(112.2,-54.46808273176,6.3));
#566 = CIRCLE('',#567,1.85);
#567 = AXIS2_PLACEMENT_3D('',#568,#569,#570);
#568 = CARTESIAN_POINT('',(113.,-52.8,6.3));
#569 = DIRECTION('',(0.,0.,1.));
#570 = DIRECTION('',(1.,0.,0.));
#571 = ORIENTED_EDGE('',*,*,#572,.F.);
#572 = EDGE_CURVE('',#573,#564,#575,.T.);
#573 = VERTEX_POINT('',#574);
#574 = CARTESIAN_POINT('',(112.2,-65.77054165346,6.3));
#575 = LINE('',#576,#577);
#576 = CARTESIAN_POINT('',(112.2,-25.66366801349,6.3));
#577 = VECTOR('',#578,1.);
#578 = DIRECTION('',(0.,1.,0.));
#579 = ORIENTED_EDGE('',*,*,#580,.F.);
#580 = EDGE_CURVE('',#423,#573,#581,.T.);
#581 = LINE('',#582,#583);
#582 = CARTESIAN_POINT('',(111.55935453561,-52.72990364414,6.3));
#583 = VECTOR('',#584,1.);
#584 = DIRECTION('',(-4.906767432757E-02,0.998795456205,0.));
#585 = ORIENTED_EDGE('',*,*,#422,.F.);
#586 = FACE_BOUND('',#587,.T.);
#587 = EDGE_LOOP('',(#588));
#588 = ORIENTED_EDGE('',*,*,#589,.F.);
#589 = EDGE_CURVE('',#590,#590,#592,.T.);
#590 = VERTEX_POINT('',#591);
#591 = CARTESIAN_POINT('',(114.6,-52.8,6.3));
#592 = CIRCLE('',#593,1.6);
#593 = AXIS2_PLACEMENT_3D('',#594,#595,#596);
#594 = CARTESIAN_POINT('',(113.,-52.8,6.3));
#595 = DIRECTION('',(0.,0.,-1.));
#596 = DIRECTION('',(1.,0.,0.));
#597 = PLANE('',#598);
#598 = AXIS2_PLACEMENT_3D('',#599,#600,#601);
#599 = CARTESIAN_POINT('',(115.73647631947,-46.10224167393,6.3));
#600 = DIRECTION('',(-0.,-0.,-1.));
#601 = DIRECTION('',(-1.,0.,0.));
#602 = ADVANCED_FACE('',(#603),#622,.F.);
#603 = FACE_BOUND('',#604,.T.);
#604 = EDGE_LOOP('',(#605,#606,#615,#621));
#605 = ORIENTED_EDGE('',*,*,#119,.F.);
#606 = ORIENTED_EDGE('',*,*,#607,.T.);
#607 = EDGE_CURVE('',#112,#608,#610,.T.);
#608 = VERTEX_POINT('',#609);
#609 = CARTESIAN_POINT('',(112.95970781992,-67.,6.75));
#610 = CIRCLE('',#611,2.15);
#611 = AXIS2_PLACEMENT_3D('',#612,#613,#614);
#612 = CARTESIAN_POINT('',(114.5,-65.5,6.75));
#613 = DIRECTION('',(0.,0.,1.));
#614 = DIRECTION('',(1.,0.,0.));
#615 = ORIENTED_EDGE('',*,*,#616,.T.);
#616 = EDGE_CURVE('',#608,#448,#617,.T.);
#617 = LINE('',#618,#619);
#618 = CARTESIAN_POINT('',(112.95970781992,-67.,5.3));
#619 = VECTOR('',#620,1.);
#620 = DIRECTION('',(-0.,-0.,-1.));
#621 = ORIENTED_EDGE('',*,*,#447,.T.);
#622 = CYLINDRICAL_SURFACE('',#623,2.15);
#623 = AXIS2_PLACEMENT_3D('',#624,#625,#626);
#624 = CARTESIAN_POINT('',(114.5,-65.5,5.3));
#625 = DIRECTION('',(-0.,-0.,-1.));
#626 = DIRECTION('',(1.,0.,0.));
#627 = ADVANCED_FACE('',(#628),#647,.F.);
#628 = FACE_BOUND('',#629,.F.);
#629 = EDGE_LOOP('',(#630,#631,#632,#640));
#630 = ORIENTED_EDGE('',*,*,#111,.F.);
#631 = ORIENTED_EDGE('',*,*,#607,.T.);
#632 = ORIENTED_EDGE('',*,*,#633,.F.);
#633 = EDGE_CURVE('',#634,#608,#636,.T.);
#634 = VERTEX_POINT('',#635);
#635 = CARTESIAN_POINT('',(116.04029218007,-67.,6.75));
#636 = LINE('',#637,#638);
#637 = CARTESIAN_POINT('',(124.15,-67.,6.75));
#638 = VECTOR('',#639,1.);
#639 = DIRECTION('',(-1.,0.,0.));
#640 = ORIENTED_EDGE('',*,*,#641,.T.);
#641 = EDGE_CURVE('',#634,#104,#642,.T.);
#642 = CIRCLE('',#643,2.15);
#643 = AXIS2_PLACEMENT_3D('',#644,#645,#646);
#644 = CARTESIAN_POINT('',(114.5,-65.5,6.75));
#645 = DIRECTION('',(0.,0.,1.));
#646 = DIRECTION('',(1.,0.,0.));
#647 = PLANE('',#648);
#648 = AXIS2_PLACEMENT_3D('',#649,#650,#651);
#649 = CARTESIAN_POINT('',(114.5,-65.5,6.75));
#650 = DIRECTION('',(0.,0.,1.));
#651 = DIRECTION('',(1.,0.,0.));
#652 = ADVANCED_FACE('',(#653),#672,.F.);
#653 = FACE_BOUND('',#654,.T.);
#654 = EDGE_LOOP('',(#655,#656,#657,#666));
#655 = ORIENTED_EDGE('',*,*,#641,.T.);
#656 = ORIENTED_EDGE('',*,*,#103,.T.);
#657 = ORIENTED_EDGE('',*,*,#658,.T.);
#658 = EDGE_CURVE('',#96,#659,#661,.T.);
#659 = VERTEX_POINT('',#660);
#660 = CARTESIAN_POINT('',(116.04029218007,-67.,6.3));
#661 = CIRCLE('',#662,2.15);
#662 = AXIS2_PLACEMENT_3D('',#663,#664,#665);
#663 = CARTESIAN_POINT('',(114.5,-65.5,6.3));
#664 = DIRECTION('',(0.,0.,-1.));
#665 = DIRECTION('',(1.,0.,0.));
#666 = ORIENTED_EDGE('',*,*,#667,.F.);
#667 = EDGE_CURVE('',#634,#659,#668,.T.);
#668 = LINE('',#669,#670);
#669 = CARTESIAN_POINT('',(116.04029218007,-67.,5.3));
#670 = VECTOR('',#671,1.);
#671 = DIRECTION('',(-0.,-0.,-1.));
#672 = CYLINDRICAL_SURFACE('',#673,2.15);
#673 = AXIS2_PLACEMENT_3D('',#674,#675,#676);
#674 = CARTESIAN_POINT('',(114.5,-65.5,5.3));
#675 = DIRECTION('',(-0.,-0.,-1.));
#676 = DIRECTION('',(1.,0.,0.));
#677 = ADVANCED_FACE('',(#678,#714),#725,.T.);
#678 = FACE_BOUND('',#679,.T.);
#679 = EDGE_LOOP('',(#680,#689,#690,#699,#705,#706,#707));
#680 = ORIENTED_EDGE('',*,*,#681,.F.);
#681 = EDGE_CURVE('',#64,#682,#684,.T.);
#682 = VERTEX_POINT('',#683);
#683 = CARTESIAN_POINT('',(124.65,-64.7,6.3));
#684 = CIRCLE('',#685,1.85);
#685 = AXIS2_PLACEMENT_3D('',#686,#687,#688);
#686 = CARTESIAN_POINT('',(122.8,-64.7,6.3));
#687 = DIRECTION('',(0.,0.,1.));
#688 = DIRECTION('',(1.,0.,0.));
#689 = ORIENTED_EDGE('',*,*,#63,.F.);
#690 = ORIENTED_EDGE('',*,*,#691,.F.);
#691 = EDGE_CURVE('',#692,#56,#694,.T.);
#692 = VERTEX_POINT('',#693);
#693 = CARTESIAN_POINT('',(128.50894763336,-67.,6.3));
#694 = CIRCLE('',#695,2.15);
#695 = AXIS2_PLACEMENT_3D('',#696,#697,#698);
#696 = CARTESIAN_POINT('',(130.6,-66.5,6.3));
#697 = DIRECTION('',(0.,0.,-1.));
#698 = DIRECTION('',(1.,0.,0.));
#699 = ORIENTED_EDGE('',*,*,#700,.T.);
#700 = EDGE_CURVE('',#692,#659,#701,.T.);
#701 = LINE('',#702,#703);
#702 = CARTESIAN_POINT('',(133.8,-67.,6.3));
#703 = VECTOR('',#704,1.);
#704 = DIRECTION('',(-1.,0.,0.));
#705 = ORIENTED_EDGE('',*,*,#658,.F.);
#706 = ORIENTED_EDGE('',*,*,#95,.F.);
#707 = ORIENTED_EDGE('',*,*,#708,.F.);
#708 = EDGE_CURVE('',#682,#88,#709,.T.);
#709 = CIRCLE('',#710,1.85);
#710 = AXIS2_PLACEMENT_3D('',#711,#712,#713);
#711 = CARTESIAN_POINT('',(122.8,-64.7,6.3));
#712 = DIRECTION('',(0.,0.,1.));
#713 = DIRECTION('',(1.,0.,0.));
#714 = FACE_BOUND('',#715,.T.);
#715 = EDGE_LOOP('',(#716));
#716 = ORIENTED_EDGE('',*,*,#717,.F.);
#717 = EDGE_CURVE('',#718,#718,#720,.T.);
#718 = VERTEX_POINT('',#719);
#719 = CARTESIAN_POINT('',(124.4,-64.7,6.3));
#720 = CIRCLE('',#721,1.6);
#721 = AXIS2_PLACEMENT_3D('',#722,#723,#724);
#722 = CARTESIAN_POINT('',(122.8,-64.7,6.3));
#723 = DIRECTION('',(0.,0.,-1.));
#724 = DIRECTION('',(1.,0.,0.));
#725 = PLANE('',#726);
#726 = AXIS2_PLACEMENT_3D('',#727,#728,#729);
#727 = CARTESIAN_POINT('',(115.73647631947,-46.10224167393,6.3));
#728 = DIRECTION('',(-0.,-0.,-1.));
#729 = DIRECTION('',(-1.,0.,0.));
#730 = ADVANCED_FACE('',(#731),#753,.T.);
#731 = FACE_BOUND('',#732,.F.);
#732 = EDGE_LOOP('',(#733,#734,#743,#750,#751,#752));
#733 = ORIENTED_EDGE('',*,*,#71,.F.);
#734 = ORIENTED_EDGE('',*,*,#735,.T.);
#735 = EDGE_CURVE('',#72,#736,#738,.T.);
#736 = VERTEX_POINT('',#737);
#737 = CARTESIAN_POINT('',(124.65,-64.7,11.6));
#738 = CIRCLE('',#739,1.85);
#739 = AXIS2_PLACEMENT_3D('',#740,#741,#742);
#740 = CARTESIAN_POINT('',(122.8,-64.7,11.6));
#741 = DIRECTION('',(0.,0.,1.));
#742 = DIRECTION('',(1.,0.,0.));
#743 = ORIENTED_EDGE('',*,*,#744,.T.);
#744 = EDGE_CURVE('',#736,#80,#745,.T.);
#745 = CIRCLE('',#746,1.85);
#746 = AXIS2_PLACEMENT_3D('',#747,#748,#749);
#747 = CARTESIAN_POINT('',(122.8,-64.7,11.6));
#748 = DIRECTION('',(0.,0.,1.));
#749 = DIRECTION('',(1.,0.,0.));
#750 = ORIENTED_EDGE('',*,*,#87,.T.);
#751 = ORIENTED_EDGE('',*,*,#708,.F.);
#752 = ORIENTED_EDGE('',*,*,#681,.F.);
#753 = CYLINDRICAL_SURFACE('',#754,1.85);
#754 = AXIS2_PLACEMENT_3D('',#755,#756,#757);
#755 = CARTESIAN_POINT('',(122.8,-64.7,6.3));
#756 = DIRECTION('',(-0.,-0.,-1.));
#757 = DIRECTION('',(1.,0.,0.));
#758 = ADVANCED_FACE('',(#759),#764,.T.);
#759 = FACE_BOUND('',#760,.T.);
#760 = EDGE_LOOP('',(#761,#762,#763));
#761 = ORIENTED_EDGE('',*,*,#735,.T.);
#762 = ORIENTED_EDGE('',*,*,#744,.T.);
#763 = ORIENTED_EDGE('',*,*,#79,.T.);
#764 = PLANE('',#765);
#765 = AXIS2_PLACEMENT_3D('',#766,#767,#768);
#766 = CARTESIAN_POINT('',(122.8,-64.7,11.6));
#767 = DIRECTION('',(0.,0.,1.));
#768 = DIRECTION('',(1.,0.,0.));
#769 = ADVANCED_FACE('',(#770),#789,.F.);
#770 = FACE_BOUND('',#771,.T.);
#771 = EDGE_LOOP('',(#772,#773,#782,#788));
#772 = ORIENTED_EDGE('',*,*,#55,.F.);
#773 = ORIENTED_EDGE('',*,*,#774,.T.);
#774 = EDGE_CURVE('',#48,#775,#777,.T.);
#775 = VERTEX_POINT('',#776);
#776 = CARTESIAN_POINT('',(128.50894763336,-67.,6.75));
#777 = CIRCLE('',#778,2.15);
#778 = AXIS2_PLACEMENT_3D('',#779,#780,#781);
#779 = CARTESIAN_POINT('',(130.6,-66.5,6.75));
#780 = DIRECTION('',(0.,0.,1.));
#781 = DIRECTION('',(1.,0.,0.));
#782 = ORIENTED_EDGE('',*,*,#783,.T.);
#783 = EDGE_CURVE('',#775,#692,#784,.T.);
#784 = LINE('',#785,#786);
#785 = CARTESIAN_POINT('',(128.50894763336,-67.,5.3));
#786 = VECTOR('',#787,1.);
#787 = DIRECTION('',(-0.,-0.,-1.));
#788 = ORIENTED_EDGE('',*,*,#691,.T.);
#789 = CYLINDRICAL_SURFACE('',#790,2.15);
#790 = AXIS2_PLACEMENT_3D('',#791,#792,#793);
#791 = CARTESIAN_POINT('',(130.6,-66.5,5.3));
#792 = DIRECTION('',(-0.,-0.,-1.));
#793 = DIRECTION('',(1.,0.,0.));
#794 = ADVANCED_FACE('',(#795),#823,.F.);
#795 = FACE_BOUND('',#796,.F.);
#796 = EDGE_LOOP('',(#797,#808,#815,#816,#817));
#797 = ORIENTED_EDGE('',*,*,#798,.T.);
#798 = EDGE_CURVE('',#799,#801,#803,.T.);
#799 = VERTEX_POINT('',#800);
#800 = CARTESIAN_POINT('',(132.69105236663,-67.,6.75));
#801 = VERTEX_POINT('',#802);
#802 = CARTESIAN_POINT('',(132.75,-66.5,6.75));
#803 = CIRCLE('',#804,2.15);
#804 = AXIS2_PLACEMENT_3D('',#805,#806,#807);
#805 = CARTESIAN_POINT('',(130.6,-66.5,6.75));
#806 = DIRECTION('',(0.,0.,1.));
#807 = DIRECTION('',(1.,0.,0.));
#808 = ORIENTED_EDGE('',*,*,#809,.T.);
#809 = EDGE_CURVE('',#801,#40,#810,.T.);
#810 = CIRCLE('',#811,2.15);
#811 = AXIS2_PLACEMENT_3D('',#812,#813,#814);
#812 = CARTESIAN_POINT('',(130.6,-66.5,6.75));
#813 = DIRECTION('',(0.,0.,1.));
#814 = DIRECTION('',(1.,0.,0.));
#815 = ORIENTED_EDGE('',*,*,#47,.F.);
#816 = ORIENTED_EDGE('',*,*,#774,.T.);
#817 = ORIENTED_EDGE('',*,*,#818,.F.);
#818 = EDGE_CURVE('',#799,#775,#819,.T.);
#819 = LINE('',#820,#821);
#820 = CARTESIAN_POINT('',(132.2,-67.,6.75));
#821 = VECTOR('',#822,1.);
#822 = DIRECTION('',(-1.,0.,0.));
#823 = PLANE('',#824);
#824 = AXIS2_PLACEMENT_3D('',#825,#826,#827);
#825 = CARTESIAN_POINT('',(130.6,-66.5,6.75));
#826 = DIRECTION('',(0.,0.,1.));
#827 = DIRECTION('',(1.,0.,0.));
#828 = ADVANCED_FACE('',(#829),#858,.F.);
#829 = FACE_BOUND('',#830,.T.);
#830 = EDGE_LOOP('',(#831,#842,#848,#849,#850,#851));
#831 = ORIENTED_EDGE('',*,*,#832,.T.);
#832 = EDGE_CURVE('',#833,#835,#837,.T.);
#833 = VERTEX_POINT('',#834);
#834 = CARTESIAN_POINT('',(132.75,-66.5,6.3));
#835 = VERTEX_POINT('',#836);
#836 = CARTESIAN_POINT('',(132.69105236663,-67.,6.3));
#837 = CIRCLE('',#838,2.15);
#838 = AXIS2_PLACEMENT_3D('',#839,#840,#841);
#839 = CARTESIAN_POINT('',(130.6,-66.5,6.3));
#840 = DIRECTION('',(0.,0.,-1.));
#841 = DIRECTION('',(1.,0.,0.));
#842 = ORIENTED_EDGE('',*,*,#843,.F.);
#843 = EDGE_CURVE('',#799,#835,#844,.T.);
#844 = LINE('',#845,#846);
#845 = CARTESIAN_POINT('',(132.69105236663,-67.,5.3));
#846 = VECTOR('',#847,1.);
#847 = DIRECTION('',(-0.,-0.,-1.));
#848 = ORIENTED_EDGE('',*,*,#798,.T.);
#849 = ORIENTED_EDGE('',*,*,#809,.T.);
#850 = ORIENTED_EDGE('',*,*,#39,.T.);
#851 = ORIENTED_EDGE('',*,*,#852,.T.);
#852 = EDGE_CURVE('',#32,#833,#853,.T.);
#853 = CIRCLE('',#854,2.15);
#854 = AXIS2_PLACEMENT_3D('',#855,#856,#857);
#855 = CARTESIAN_POINT('',(130.6,-66.5,6.3));
#856 = DIRECTION('',(0.,0.,-1.));
#857 = DIRECTION('',(1.,0.,0.));
#858 = CYLINDRICAL_SURFACE('',#859,2.15);
#859 = AXIS2_PLACEMENT_3D('',#860,#861,#862);
#860 = CARTESIAN_POINT('',(130.6,-66.5,5.3));
#861 = DIRECTION('',(-0.,-0.,-1.));
#862 = DIRECTION('',(1.,0.,0.));
#863 = ADVANCED_FACE('',(#864),#917,.T.);
#864 = FACE_BOUND('',#865,.T.);
#865 = EDGE_LOOP('',(#866,#867,#868,#869,#877,#885,#893,#901,#910,#916)
  );
#866 = ORIENTED_EDGE('',*,*,#852,.F.);
#867 = ORIENTED_EDGE('',*,*,#31,.F.);
#868 = ORIENTED_EDGE('',*,*,#157,.F.);
#869 = ORIENTED_EDGE('',*,*,#870,.F.);
#870 = EDGE_CURVE('',#871,#158,#873,.T.);
#871 = VERTEX_POINT('',#872);
#872 = CARTESIAN_POINT('',(133.8,-65.77054165346,6.3));
#873 = LINE('',#874,#875);
#874 = CARTESIAN_POINT('',(134.43985146906,-52.74606579013,6.3));
#875 = VECTOR('',#876,1.);
#876 = DIRECTION('',(-4.906767432734E-02,-0.998795456205,0.));
#877 = ORIENTED_EDGE('',*,*,#878,.F.);
#878 = EDGE_CURVE('',#879,#871,#881,.T.);
#879 = VERTEX_POINT('',#880);
#880 = CARTESIAN_POINT('',(133.8,-63.9,6.3));
#881 = LINE('',#882,#883);
#882 = CARTESIAN_POINT('',(133.8,-52.43420966695,6.3));
#883 = VECTOR('',#884,1.);
#884 = DIRECTION('',(0.,-1.,0.));
#885 = ORIENTED_EDGE('',*,*,#886,.F.);
#886 = EDGE_CURVE('',#887,#879,#889,.T.);
#887 = VERTEX_POINT('',#888);
#888 = CARTESIAN_POINT('',(135.,-63.9,6.3));
#889 = LINE('',#890,#891);
#890 = CARTESIAN_POINT('',(125.62834371508,-63.9,6.3));
#891 = VECTOR('',#892,1.);
#892 = DIRECTION('',(-1.,0.,0.));
#893 = ORIENTED_EDGE('',*,*,#894,.T.);
#894 = EDGE_CURVE('',#887,#895,#897,.T.);
#895 = VERTEX_POINT('',#896);
#896 = CARTESIAN_POINT('',(135.,-65.8,6.3));
#897 = LINE('',#898,#899);
#898 = CARTESIAN_POINT('',(135.,-13.4,6.3));
#899 = VECTOR('',#900,1.);
#900 = DIRECTION('',(0.,-1.,0.));
#901 = ORIENTED_EDGE('',*,*,#902,.T.);
#902 = EDGE_CURVE('',#895,#903,#905,.T.);
#903 = VERTEX_POINT('',#904);
#904 = CARTESIAN_POINT('',(133.8,-67.,6.3));
#905 = CIRCLE('',#906,1.2);
#906 = AXIS2_PLACEMENT_3D('',#907,#908,#909);
#907 = CARTESIAN_POINT('',(133.8,-65.8,6.3));
#908 = DIRECTION('',(0.,0.,-1.));
#909 = DIRECTION('',(1.,2.368E-14,0.));
#910 = ORIENTED_EDGE('',*,*,#911,.T.);
#911 = EDGE_CURVE('',#903,#835,#912,.T.);
#912 = LINE('',#913,#914);
#913 = CARTESIAN_POINT('',(133.8,-67.,6.3));
#914 = VECTOR('',#915,1.);
#915 = DIRECTION('',(-1.,0.,0.));
#916 = ORIENTED_EDGE('',*,*,#832,.F.);
#917 = PLANE('',#918);
#918 = AXIS2_PLACEMENT_3D('',#919,#920,#921);
#919 = CARTESIAN_POINT('',(115.73647631947,-46.10224167393,6.3));
#920 = DIRECTION('',(-0.,-0.,-1.));
#921 = DIRECTION('',(-1.,0.,0.));
#922 = ADVANCED_FACE('',(#923),#934,.T.);
#923 = FACE_BOUND('',#924,.T.);
#924 = EDGE_LOOP('',(#925,#926,#927,#928));
#925 = ORIENTED_EDGE('',*,*,#870,.T.);
#926 = ORIENTED_EDGE('',*,*,#174,.T.);
#927 = ORIENTED_EDGE('',*,*,#214,.T.);
#928 = ORIENTED_EDGE('',*,*,#929,.F.);
#929 = EDGE_CURVE('',#871,#215,#930,.T.);
#930 = LINE('',#931,#932);
#931 = CARTESIAN_POINT('',(133.8,-65.77054165346,6.2));
#932 = VECTOR('',#933,1.);
#933 = DIRECTION('',(0.,0.,1.));
#934 = PLANE('',#935);
#935 = AXIS2_PLACEMENT_3D('',#936,#937,#938);
#936 = CARTESIAN_POINT('',(133.79862057122,-65.79862057122,6.2));
#937 = DIRECTION('',(-0.998795456205,4.906767432734E-02,0.));
#938 = DIRECTION('',(4.906767432734E-02,0.998795456205,0.));
#939 = ADVANCED_FACE('',(#940),#979,.T.);
#940 = FACE_BOUND('',#941,.T.);
#941 = EDGE_LOOP('',(#942,#948,#949,#957,#965,#971,#972,#978));
#942 = ORIENTED_EDGE('',*,*,#943,.F.);
#943 = EDGE_CURVE('',#573,#191,#944,.T.);
#944 = LINE('',#945,#946);
#945 = CARTESIAN_POINT('',(112.2,-65.77054165346,6.2));
#946 = VECTOR('',#947,1.);
#947 = DIRECTION('',(0.,0.,1.));
#948 = ORIENTED_EDGE('',*,*,#572,.T.);
#949 = ORIENTED_EDGE('',*,*,#950,.F.);
#950 = EDGE_CURVE('',#951,#564,#953,.T.);
#951 = VERTEX_POINT('',#952);
#952 = CARTESIAN_POINT('',(112.2,-54.46808273176,11.6));
#953 = LINE('',#954,#955);
#954 = CARTESIAN_POINT('',(112.2,-54.46808273176,6.3));
#955 = VECTOR('',#956,1.);
#956 = DIRECTION('',(-0.,-0.,-1.));
#957 = ORIENTED_EDGE('',*,*,#958,.F.);
#958 = EDGE_CURVE('',#959,#951,#961,.T.);
#959 = VERTEX_POINT('',#960);
#960 = CARTESIAN_POINT('',(112.2,-51.13191726823,11.6));
#961 = LINE('',#962,#963);
#962 = CARTESIAN_POINT('',(112.2,-32.51472917326,11.6));
#963 = VECTOR('',#964,1.);
#964 = DIRECTION('',(0.,-1.,0.));
#965 = ORIENTED_EDGE('',*,*,#966,.T.);
#966 = EDGE_CURVE('',#959,#547,#967,.T.);
#967 = LINE('',#968,#969);
#968 = CARTESIAN_POINT('',(112.2,-51.13191726823,6.3));
#969 = VECTOR('',#970,1.);
#970 = DIRECTION('',(-0.,-0.,-1.));
#971 = ORIENTED_EDGE('',*,*,#546,.T.);
#972 = ORIENTED_EDGE('',*,*,#973,.T.);
#973 = EDGE_CURVE('',#539,#189,#974,.T.);
#974 = LINE('',#975,#976);
#975 = CARTESIAN_POINT('',(112.2,-12.22945834653,6.2));
#976 = VECTOR('',#977,1.);
#977 = DIRECTION('',(0.,0.,1.));
#978 = ORIENTED_EDGE('',*,*,#188,.T.);
#979 = PLANE('',#980);
#980 = AXIS2_PLACEMENT_3D('',#981,#982,#983);
#981 = CARTESIAN_POINT('',(112.2,-12.22945834653,6.2));
#982 = DIRECTION('',(1.,0.,0.));
#983 = DIRECTION('',(0.,-1.,0.));
#984 = ADVANCED_FACE('',(#985),#996,.T.);
#985 = FACE_BOUND('',#986,.T.);
#986 = EDGE_LOOP('',(#987,#988,#994,#995));
#987 = ORIENTED_EDGE('',*,*,#538,.T.);
#988 = ORIENTED_EDGE('',*,*,#989,.T.);
#989 = EDGE_CURVE('',#531,#367,#990,.T.);
#990 = LINE('',#991,#992);
#991 = CARTESIAN_POINT('',(112.20137942877,-12.20137942877,6.2));
#992 = VECTOR('',#993,1.);
#993 = DIRECTION('',(0.,0.,1.));
#994 = ORIENTED_EDGE('',*,*,#374,.T.);
#995 = ORIENTED_EDGE('',*,*,#973,.F.);
#996 = PLANE('',#997);
#997 = AXIS2_PLACEMENT_3D('',#998,#999,#1000);
#998 = CARTESIAN_POINT('',(112.20137942877,-12.20137942877,6.2));
#999 = DIRECTION('',(0.998795456205,-4.906767432758E-02,0.));
#1000 = DIRECTION('',(-4.906767432758E-02,-0.998795456205,0.));
#1001 = ADVANCED_FACE('',(#1002),#1008,.T.);
#1002 = FACE_BOUND('',#1003,.T.);
#1003 = EDGE_LOOP('',(#1004,#1005,#1006,#1007));
#1004 = ORIENTED_EDGE('',*,*,#580,.T.);
#1005 = ORIENTED_EDGE('',*,*,#943,.T.);
#1006 = ORIENTED_EDGE('',*,*,#198,.T.);
#1007 = ORIENTED_EDGE('',*,*,#430,.F.);
#1008 = PLANE('',#1009);
#1009 = AXIS2_PLACEMENT_3D('',#1010,#1011,#1012);
#1010 = CARTESIAN_POINT('',(112.2,-65.77054165346,6.2));
#1011 = DIRECTION('',(0.998795456205,4.906767432757E-02,0.));
#1012 = DIRECTION('',(4.906767432757E-02,-0.998795456205,0.));
#1013 = ADVANCED_FACE('',(#1014),#1025,.T.);
#1014 = FACE_BOUND('',#1015,.T.);
#1015 = EDGE_LOOP('',(#1016,#1017,#1023,#1024));
#1016 = ORIENTED_EDGE('',*,*,#530,.T.);
#1017 = ORIENTED_EDGE('',*,*,#1018,.T.);
#1018 = EDGE_CURVE('',#523,#359,#1019,.T.);
#1019 = LINE('',#1020,#1021);
#1020 = CARTESIAN_POINT('',(112.22945834653,-12.2,6.2));
#1021 = VECTOR('',#1022,1.);
#1022 = DIRECTION('',(0.,0.,1.));
#1023 = ORIENTED_EDGE('',*,*,#366,.T.);
#1024 = ORIENTED_EDGE('',*,*,#989,.F.);
#1025 = PLANE('',#1026);
#1026 = AXIS2_PLACEMENT_3D('',#1027,#1028,#1029);
#1027 = CARTESIAN_POINT('',(112.22945834653,-12.2,6.2));
#1028 = DIRECTION('',(4.906767432741E-02,-0.998795456205,0.));
#1029 = DIRECTION('',(-0.998795456205,-4.906767432741E-02,0.));
#1030 = ADVANCED_FACE('',(#1031),#1058,.T.);
#1031 = FACE_BOUND('',#1032,.T.);
#1032 = EDGE_LOOP('',(#1033,#1034,#1035,#1043,#1051,#1057));
#1033 = ORIENTED_EDGE('',*,*,#1018,.F.);
#1034 = ORIENTED_EDGE('',*,*,#522,.T.);
#1035 = ORIENTED_EDGE('',*,*,#1036,.T.);
#1036 = EDGE_CURVE('',#515,#1037,#1039,.T.);
#1037 = VERTEX_POINT('',#1038);
#1038 = CARTESIAN_POINT('',(113.,-12.2,12.7));
#1039 = LINE('',#1040,#1041);
#1040 = CARTESIAN_POINT('',(113.,-12.2,6.2));
#1041 = VECTOR('',#1042,1.);
#1042 = DIRECTION('',(0.,0.,1.));
#1043 = ORIENTED_EDGE('',*,*,#1044,.F.);
#1044 = EDGE_CURVE('',#1045,#1037,#1047,.T.);
#1045 = VERTEX_POINT('',#1046);
#1046 = CARTESIAN_POINT('',(132.57054165346,-12.2,12.7));
#1047 = LINE('',#1048,#1049);
#1048 = CARTESIAN_POINT('',(122.78527082673,-12.2,12.7));
#1049 = VECTOR('',#1050,1.);
#1050 = DIRECTION('',(-1.,0.,0.));
#1051 = ORIENTED_EDGE('',*,*,#1052,.T.);
#1052 = EDGE_CURVE('',#1045,#351,#1053,.T.);
#1053 = LINE('',#1054,#1055);
#1054 = CARTESIAN_POINT('',(132.57054165346,-12.2,6.2));
#1055 = VECTOR('',#1056,1.);
#1056 = DIRECTION('',(0.,0.,1.));
#1057 = ORIENTED_EDGE('',*,*,#358,.T.);
#1058 = PLANE('',#1059);
#1059 = AXIS2_PLACEMENT_3D('',#1060,#1061,#1062);
#1060 = CARTESIAN_POINT('',(132.57054165346,-12.2,6.2));
#1061 = DIRECTION('',(0.,-1.,0.));
#1062 = DIRECTION('',(-1.,0.,0.));
#1063 = ADVANCED_FACE('',(#1064),#1098,.T.);
#1064 = FACE_BOUND('',#1065,.T.);
#1065 = EDGE_LOOP('',(#1066,#1076,#1084,#1090,#1091,#1092));
#1066 = ORIENTED_EDGE('',*,*,#1067,.F.);
#1067 = EDGE_CURVE('',#1068,#1070,#1072,.T.);
#1068 = VERTEX_POINT('',#1069);
#1069 = CARTESIAN_POINT('',(132.6,-12.20144719576,6.3));
#1070 = VERTEX_POINT('',#1071);
#1071 = CARTESIAN_POINT('',(132.6,-12.20144719576,12.7));
#1072 = LINE('',#1073,#1074);
#1073 = CARTESIAN_POINT('',(132.6,-12.20144719576,6.2));
#1074 = VECTOR('',#1075,1.);
#1075 = DIRECTION('',(0.,0.,1.));
#1076 = ORIENTED_EDGE('',*,*,#1077,.T.);
#1077 = EDGE_CURVE('',#1068,#1078,#1080,.T.);
#1078 = VERTEX_POINT('',#1079);
#1079 = CARTESIAN_POINT('',(132.7174787184,-12.20721855511,6.3));
#1080 = LINE('',#1081,#1082);
#1081 = CARTESIAN_POINT('',(128.50776967103,-12.00040881117,6.3));
#1082 = VECTOR('',#1083,1.);
#1083 = DIRECTION('',(0.998795456205,-4.906767432741E-02,0.));
#1084 = ORIENTED_EDGE('',*,*,#1085,.T.);
#1085 = EDGE_CURVE('',#1078,#343,#1086,.T.);
#1086 = LINE('',#1087,#1088);
#1087 = CARTESIAN_POINT('',(132.7174787184,-12.20721855511,6.2));
#1088 = VECTOR('',#1089,1.);
#1089 = DIRECTION('',(0.,0.,1.));
#1090 = ORIENTED_EDGE('',*,*,#350,.T.);
#1091 = ORIENTED_EDGE('',*,*,#1052,.F.);
#1092 = ORIENTED_EDGE('',*,*,#1093,.F.);
#1093 = EDGE_CURVE('',#1070,#1045,#1094,.T.);
#1094 = LINE('',#1095,#1096);
#1095 = CARTESIAN_POINT('',(123.76200257046,-11.76726422378,12.7));
#1096 = VECTOR('',#1097,1.);
#1097 = DIRECTION('',(-0.998795456205,4.906767432741E-02,0.));
#1098 = PLANE('',#1099);
#1099 = AXIS2_PLACEMENT_3D('',#1100,#1101,#1102);
#1100 = CARTESIAN_POINT('',(132.7174787184,-12.20721855511,6.2));
#1101 = DIRECTION('',(-4.906767432741E-02,-0.998795456205,0.));
#1102 = DIRECTION('',(-0.998795456205,4.906767432741E-02,0.));
#1103 = ADVANCED_FACE('',(#1104),#1122,.T.);
#1104 = FACE_BOUND('',#1105,.T.);
#1105 = EDGE_LOOP('',(#1106,#1114,#1120,#1121));
#1106 = ORIENTED_EDGE('',*,*,#1107,.T.);
#1107 = EDGE_CURVE('',#1078,#1108,#1110,.T.);
#1108 = VERTEX_POINT('',#1109);
#1109 = CARTESIAN_POINT('',(132.83382605253,-12.22447705182,6.3));
#1110 = LINE('',#1111,#1112);
#1111 = CARTESIAN_POINT('',(129.95181741665,-11.79697145472,6.3));
#1112 = VECTOR('',#1113,1.);
#1113 = DIRECTION('',(0.989176509965,-0.146730474455,0.));
#1114 = ORIENTED_EDGE('',*,*,#1115,.T.);
#1115 = EDGE_CURVE('',#1108,#335,#1116,.T.);
#1116 = LINE('',#1117,#1118);
#1117 = CARTESIAN_POINT('',(132.83382605253,-12.22447705182,6.2));
#1118 = VECTOR('',#1119,1.);
#1119 = DIRECTION('',(0.,0.,1.));
#1120 = ORIENTED_EDGE('',*,*,#342,.T.);
#1121 = ORIENTED_EDGE('',*,*,#1085,.F.);
#1122 = PLANE('',#1123);
#1123 = AXIS2_PLACEMENT_3D('',#1124,#1125,#1126);
#1124 = CARTESIAN_POINT('',(132.83382605253,-12.22447705182,6.2));
#1125 = DIRECTION('',(-0.146730474455,-0.989176509965,0.));
#1126 = DIRECTION('',(-0.989176509965,0.146730474455,0.));
#1127 = ADVANCED_FACE('',(#1128),#1146,.T.);
#1128 = FACE_BOUND('',#1129,.T.);
#1129 = EDGE_LOOP('',(#1130,#1138,#1144,#1145));
#1130 = ORIENTED_EDGE('',*,*,#1131,.T.);
#1131 = EDGE_CURVE('',#1108,#1132,#1134,.T.);
#1132 = VERTEX_POINT('',#1133);
#1133 = CARTESIAN_POINT('',(132.94792151395,-12.25305647712,6.3));
#1134 = LINE('',#1135,#1136);
#1135 = CARTESIAN_POINT('',(131.41088282309,-11.86804832775,6.3));
#1136 = VECTOR('',#1137,1.);
#1137 = DIRECTION('',(0.970031253195,-0.242980179903,0.));
#1138 = ORIENTED_EDGE('',*,*,#1139,.T.);
#1139 = EDGE_CURVE('',#1132,#327,#1140,.T.);
#1140 = LINE('',#1141,#1142);
#1141 = CARTESIAN_POINT('',(132.94792151395,-12.25305647712,6.2));
#1142 = VECTOR('',#1143,1.);
#1143 = DIRECTION('',(0.,0.,1.));
#1144 = ORIENTED_EDGE('',*,*,#334,.T.);
#1145 = ORIENTED_EDGE('',*,*,#1115,.F.);
#1146 = PLANE('',#1147);
#1147 = AXIS2_PLACEMENT_3D('',#1148,#1149,#1150);
#1148 = CARTESIAN_POINT('',(132.94792151395,-12.25305647712,6.2));
#1149 = DIRECTION('',(-0.242980179903,-0.970031253195,0.));
#1150 = DIRECTION('',(-0.970031253195,0.242980179903,0.));
#1151 = ADVANCED_FACE('',(#1152),#1227,.T.);
#1152 = FACE_BOUND('',#1153,.T.);
#1153 = EDGE_LOOP('',(#1154,#1162,#1170,#1178,#1186,#1194,#1202,#1210,
    #1218,#1224,#1225,#1226));
#1154 = ORIENTED_EDGE('',*,*,#1155,.F.);
#1155 = EDGE_CURVE('',#1156,#223,#1158,.T.);
#1156 = VERTEX_POINT('',#1157);
#1157 = CARTESIAN_POINT('',(133.8,-13.42945834653,6.3));
#1158 = LINE('',#1159,#1160);
#1159 = CARTESIAN_POINT('',(133.8,-13.42945834653,6.2));
#1160 = VECTOR('',#1161,1.);
#1161 = DIRECTION('',(0.,0.,1.));
#1162 = ORIENTED_EDGE('',*,*,#1163,.T.);
#1163 = EDGE_CURVE('',#1156,#1164,#1166,.T.);
#1164 = VERTEX_POINT('',#1165);
#1165 = CARTESIAN_POINT('',(133.8,-51.13191726823,6.3));
#1166 = LINE('',#1167,#1168);
#1167 = CARTESIAN_POINT('',(133.8,-52.43420966695,6.3));
#1168 = VECTOR('',#1169,1.);
#1169 = DIRECTION('',(0.,-1.,0.));
#1170 = ORIENTED_EDGE('',*,*,#1171,.F.);
#1171 = EDGE_CURVE('',#1172,#1164,#1174,.T.);
#1172 = VERTEX_POINT('',#1173);
#1173 = CARTESIAN_POINT('',(133.8,-51.13191726823,11.6));
#1174 = LINE('',#1175,#1176);
#1175 = CARTESIAN_POINT('',(133.8,-51.13191726823,6.3));
#1176 = VECTOR('',#1177,1.);
#1177 = DIRECTION('',(-0.,-0.,-1.));
#1178 = ORIENTED_EDGE('',*,*,#1179,.F.);
#1179 = EDGE_CURVE('',#1180,#1172,#1182,.T.);
#1180 = VERTEX_POINT('',#1181);
#1181 = CARTESIAN_POINT('',(133.8,-54.46808273176,11.6));
#1182 = LINE('',#1183,#1184);
#1183 = CARTESIAN_POINT('',(133.8,-59.28527082673,11.6));
#1184 = VECTOR('',#1185,1.);
#1185 = DIRECTION('',(0.,1.,0.));
#1186 = ORIENTED_EDGE('',*,*,#1187,.T.);
#1187 = EDGE_CURVE('',#1180,#1188,#1190,.T.);
#1188 = VERTEX_POINT('',#1189);
#1189 = CARTESIAN_POINT('',(133.8,-54.46808273176,6.3));
#1190 = LINE('',#1191,#1192);
#1191 = CARTESIAN_POINT('',(133.8,-54.46808273176,6.3));
#1192 = VECTOR('',#1193,1.);
#1193 = DIRECTION('',(-0.,-0.,-1.));
#1194 = ORIENTED_EDGE('',*,*,#1195,.T.);
#1195 = EDGE_CURVE('',#1188,#1196,#1198,.T.);
#1196 = VERTEX_POINT('',#1197);
#1197 = CARTESIAN_POINT('',(133.8,-55.4,6.3));
#1198 = LINE('',#1199,#1200);
#1199 = CARTESIAN_POINT('',(133.8,-52.43420966695,6.3));
#1200 = VECTOR('',#1201,1.);
#1201 = DIRECTION('',(0.,-1.,0.));
#1202 = ORIENTED_EDGE('',*,*,#1203,.F.);
#1203 = EDGE_CURVE('',#1204,#1196,#1206,.T.);
#1204 = VERTEX_POINT('',#1205);
#1205 = CARTESIAN_POINT('',(133.8,-55.4,9.2));
#1206 = LINE('',#1207,#1208);
#1207 = CARTESIAN_POINT('',(133.8,-55.4,5.65));
#1208 = VECTOR('',#1209,1.);
#1209 = DIRECTION('',(0.,0.,-1.));
#1210 = ORIENTED_EDGE('',*,*,#1211,.F.);
#1211 = EDGE_CURVE('',#1212,#1204,#1214,.T.);
#1212 = VERTEX_POINT('',#1213);
#1213 = CARTESIAN_POINT('',(133.8,-63.9,9.2));
#1214 = LINE('',#1215,#1216);
#1215 = CARTESIAN_POINT('',(133.8,-64.83527082673,9.2));
#1216 = VECTOR('',#1217,1.);
#1217 = DIRECTION('',(0.,1.,0.));
#1218 = ORIENTED_EDGE('',*,*,#1219,.T.);
#1219 = EDGE_CURVE('',#1212,#879,#1220,.T.);
#1220 = LINE('',#1221,#1222);
#1221 = CARTESIAN_POINT('',(133.8,-63.9,5.65));
#1222 = VECTOR('',#1223,1.);
#1223 = DIRECTION('',(0.,0.,-1.));
#1224 = ORIENTED_EDGE('',*,*,#878,.T.);
#1225 = ORIENTED_EDGE('',*,*,#929,.T.);
#1226 = ORIENTED_EDGE('',*,*,#222,.T.);
#1227 = PLANE('',#1228);
#1228 = AXIS2_PLACEMENT_3D('',#1229,#1230,#1231);
#1229 = CARTESIAN_POINT('',(133.8,-65.77054165346,6.2));
#1230 = DIRECTION('',(-1.,0.,0.));
#1231 = DIRECTION('',(0.,1.,0.));
#1232 = ADVANCED_FACE('',(#1233),#1251,.T.);
#1233 = FACE_BOUND('',#1234,.T.);
#1234 = EDGE_LOOP('',(#1235,#1243,#1249,#1250));
#1235 = ORIENTED_EDGE('',*,*,#1236,.T.);
#1236 = EDGE_CURVE('',#1132,#1237,#1239,.T.);
#1237 = VERTEX_POINT('',#1238);
#1238 = CARTESIAN_POINT('',(133.05866630099,-12.29268159553,6.3));
#1239 = LINE('',#1240,#1241);
#1240 = CARTESIAN_POINT('',(132.83219686082,-12.21164953413,6.3));
#1241 = VECTOR('',#1242,1.);
#1242 = DIRECTION('',(0.941544065183,-0.336889853392,0.));
#1243 = ORIENTED_EDGE('',*,*,#1244,.T.);
#1244 = EDGE_CURVE('',#1237,#319,#1245,.T.);
#1245 = LINE('',#1246,#1247);
#1246 = CARTESIAN_POINT('',(133.05866630099,-12.29268159553,6.2));
#1247 = VECTOR('',#1248,1.);
#1248 = DIRECTION('',(0.,0.,1.));
#1249 = ORIENTED_EDGE('',*,*,#326,.T.);
#1250 = ORIENTED_EDGE('',*,*,#1139,.F.);
#1251 = PLANE('',#1252);
#1252 = AXIS2_PLACEMENT_3D('',#1253,#1254,#1255);
#1253 = CARTESIAN_POINT('',(133.05866630099,-12.29268159553,6.2));
#1254 = DIRECTION('',(-0.336889853392,-0.941544065183,0.));
#1255 = DIRECTION('',(-0.941544065183,0.336889853392,0.));
#1256 = ADVANCED_FACE('',(#1257),#1275,.T.);
#1257 = FACE_BOUND('',#1258,.T.);
#1258 = EDGE_LOOP('',(#1259,#1267,#1268,#1269));
#1259 = ORIENTED_EDGE('',*,*,#1260,.T.);
#1260 = EDGE_CURVE('',#1261,#1156,#1263,.T.);
#1261 = VERTEX_POINT('',#1262);
#1262 = CARTESIAN_POINT('',(133.79278144488,-13.28252128159,6.3));
#1263 = LINE('',#1264,#1265);
#1264 = CARTESIAN_POINT('',(134.41593288652,-25.96706027729,6.3));
#1265 = VECTOR('',#1266,1.);
#1266 = DIRECTION('',(4.906767432747E-02,-0.998795456205,0.));
#1267 = ORIENTED_EDGE('',*,*,#1155,.T.);
#1268 = ORIENTED_EDGE('',*,*,#230,.T.);
#1269 = ORIENTED_EDGE('',*,*,#1270,.F.);
#1270 = EDGE_CURVE('',#1261,#231,#1271,.T.);
#1271 = LINE('',#1272,#1273);
#1272 = CARTESIAN_POINT('',(133.79278144488,-13.28252128159,6.2));
#1273 = VECTOR('',#1274,1.);
#1274 = DIRECTION('',(0.,0.,1.));
#1275 = PLANE('',#1276);
#1276 = AXIS2_PLACEMENT_3D('',#1277,#1278,#1279);
#1277 = CARTESIAN_POINT('',(133.8,-13.42945834653,6.2));
#1278 = DIRECTION('',(-0.998795456205,-4.906767432747E-02,0.));
#1279 = DIRECTION('',(-4.906767432747E-02,0.998795456205,0.));
#1280 = ADVANCED_FACE('',(#1281),#1299,.T.);
#1281 = FACE_BOUND('',#1282,.T.);
#1282 = EDGE_LOOP('',(#1283,#1291,#1297,#1298));
#1283 = ORIENTED_EDGE('',*,*,#1284,.T.);
#1284 = EDGE_CURVE('',#1237,#1285,#1287,.T.);
#1285 = VERTEX_POINT('',#1286);
#1286 = CARTESIAN_POINT('',(133.16499388083,-12.3429707955,6.3));
#1287 = LINE('',#1288,#1289);
#1288 = CARTESIAN_POINT('',(134.16435267962,-12.8156323058,6.3));
#1289 = VECTOR('',#1290,1.);
#1290 = DIRECTION('',(0.903989293123,-0.42755509343,0.));
#1291 = ORIENTED_EDGE('',*,*,#1292,.T.);
#1292 = EDGE_CURVE('',#1285,#311,#1293,.T.);
#1293 = LINE('',#1294,#1295);
#1294 = CARTESIAN_POINT('',(133.16499388083,-12.3429707955,6.2));
#1295 = VECTOR('',#1296,1.);
#1296 = DIRECTION('',(0.,0.,1.));
#1297 = ORIENTED_EDGE('',*,*,#318,.T.);
#1298 = ORIENTED_EDGE('',*,*,#1244,.F.);
#1299 = PLANE('',#1300);
#1300 = AXIS2_PLACEMENT_3D('',#1301,#1302,#1303);
#1301 = CARTESIAN_POINT('',(133.16499388083,-12.3429707955,6.2));
#1302 = DIRECTION('',(-0.42755509343,-0.903989293123,0.));
#1303 = DIRECTION('',(-0.903989293123,0.42755509343,0.));
#1304 = ADVANCED_FACE('',(#1305),#1323,.T.);
#1305 = FACE_BOUND('',#1306,.T.);
#1306 = EDGE_LOOP('',(#1307,#1315,#1316,#1317));
#1307 = ORIENTED_EDGE('',*,*,#1308,.T.);
#1308 = EDGE_CURVE('',#1309,#1261,#1311,.T.);
#1309 = VERTEX_POINT('',#1310);
#1310 = CARTESIAN_POINT('',(133.77552294818,-13.16617394746,6.3));
#1311 = LINE('',#1312,#1313);
#1312 = CARTESIAN_POINT('',(135.54958240243,-25.12591132271,6.3));
#1313 = VECTOR('',#1314,1.);
#1314 = DIRECTION('',(0.146730474455,-0.989176509965,0.));
#1315 = ORIENTED_EDGE('',*,*,#1270,.T.);
#1316 = ORIENTED_EDGE('',*,*,#238,.T.);
#1317 = ORIENTED_EDGE('',*,*,#1318,.F.);
#1318 = EDGE_CURVE('',#1309,#239,#1319,.T.);
#1319 = LINE('',#1320,#1321);
#1320 = CARTESIAN_POINT('',(133.77552294818,-13.16617394746,6.2));
#1321 = VECTOR('',#1322,1.);
#1322 = DIRECTION('',(0.,0.,1.));
#1323 = PLANE('',#1324);
#1324 = AXIS2_PLACEMENT_3D('',#1325,#1326,#1327);
#1325 = CARTESIAN_POINT('',(133.79278144488,-13.28252128159,6.2));
#1326 = DIRECTION('',(-0.989176509965,-0.146730474455,0.));
#1327 = DIRECTION('',(-0.146730474455,0.989176509965,0.));
#1328 = ADVANCED_FACE('',(#1329),#1347,.T.);
#1329 = FACE_BOUND('',#1330,.T.);
#1330 = EDGE_LOOP('',(#1331,#1339,#1345,#1346));
#1331 = ORIENTED_EDGE('',*,*,#1332,.T.);
#1332 = EDGE_CURVE('',#1285,#1333,#1335,.T.);
#1333 = VERTEX_POINT('',#1334);
#1334 = CARTESIAN_POINT('',(133.26588026073,-12.40343976453,6.3));
#1335 = LINE('',#1336,#1337);
#1336 = CARTESIAN_POINT('',(135.35925019764,-13.65815741838,6.3));
#1337 = VECTOR('',#1338,1.);
#1338 = DIRECTION('',(0.85772861,-0.514102744193,0.));
#1339 = ORIENTED_EDGE('',*,*,#1340,.T.);
#1340 = EDGE_CURVE('',#1333,#303,#1341,.T.);
#1341 = LINE('',#1342,#1343);
#1342 = CARTESIAN_POINT('',(133.26588026073,-12.40343976453,6.2));
#1343 = VECTOR('',#1344,1.);
#1344 = DIRECTION('',(0.,0.,1.));
#1345 = ORIENTED_EDGE('',*,*,#310,.T.);
#1346 = ORIENTED_EDGE('',*,*,#1292,.F.);
#1347 = PLANE('',#1348);
#1348 = AXIS2_PLACEMENT_3D('',#1349,#1350,#1351);
#1349 = CARTESIAN_POINT('',(133.26588026073,-12.40343976453,6.2));
#1350 = DIRECTION('',(-0.514102744193,-0.85772861,0.));
#1351 = DIRECTION('',(-0.85772861,0.514102744193,0.));
#1352 = ADVANCED_FACE('',(#1353),#1371,.T.);
#1353 = FACE_BOUND('',#1354,.T.);
#1354 = EDGE_LOOP('',(#1355,#1363,#1364,#1365));
#1355 = ORIENTED_EDGE('',*,*,#1356,.T.);
#1356 = EDGE_CURVE('',#1357,#1309,#1359,.T.);
#1357 = VERTEX_POINT('',#1358);
#1358 = CARTESIAN_POINT('',(133.74694352287,-13.05207848605,6.3));
#1359 = LINE('',#1360,#1361);
#1360 = CARTESIAN_POINT('',(136.51218447339,-24.09153917657,6.3));
#1361 = VECTOR('',#1362,1.);
#1362 = DIRECTION('',(0.242980179903,-0.970031253195,0.));
#1363 = ORIENTED_EDGE('',*,*,#1318,.T.);
#1364 = ORIENTED_EDGE('',*,*,#246,.T.);
#1365 = ORIENTED_EDGE('',*,*,#1366,.F.);
#1366 = EDGE_CURVE('',#1357,#247,#1367,.T.);
#1367 = LINE('',#1368,#1369);
#1368 = CARTESIAN_POINT('',(133.74694352287,-13.05207848605,6.2));
#1369 = VECTOR('',#1370,1.);
#1370 = DIRECTION('',(0.,0.,1.));
#1371 = PLANE('',#1372);
#1372 = AXIS2_PLACEMENT_3D('',#1373,#1374,#1375);
#1373 = CARTESIAN_POINT('',(133.77552294818,-13.16617394746,6.2));
#1374 = DIRECTION('',(-0.970031253195,-0.242980179903,0.));
#1375 = DIRECTION('',(-0.242980179903,0.970031253195,0.));
#1376 = ADVANCED_FACE('',(#1377),#1395,.T.);
#1377 = FACE_BOUND('',#1378,.T.);
#1378 = EDGE_LOOP('',(#1379,#1387,#1393,#1394));
#1379 = ORIENTED_EDGE('',*,*,#1380,.T.);
#1380 = EDGE_CURVE('',#1333,#1381,#1383,.T.);
#1381 = VERTEX_POINT('',#1382);
#1382 = CARTESIAN_POINT('',(133.36035384972,-12.47350615341,6.3));
#1383 = LINE('',#1384,#1385);
#1384 = CARTESIAN_POINT('',(136.37391476455,-14.70851525212,6.3));
#1385 = VECTOR('',#1386,1.);
#1386 = DIRECTION('',(0.803207531481,-0.595699304492,0.));
#1387 = ORIENTED_EDGE('',*,*,#1388,.T.);
#1388 = EDGE_CURVE('',#1381,#295,#1389,.T.);
#1389 = LINE('',#1390,#1391);
#1390 = CARTESIAN_POINT('',(133.36035384972,-12.47350615341,6.2));
#1391 = VECTOR('',#1392,1.);
#1392 = DIRECTION('',(0.,0.,1.));
#1393 = ORIENTED_EDGE('',*,*,#302,.T.);
#1394 = ORIENTED_EDGE('',*,*,#1340,.F.);
#1395 = PLANE('',#1396);
#1396 = AXIS2_PLACEMENT_3D('',#1397,#1398,#1399);
#1397 = CARTESIAN_POINT('',(133.36035384972,-12.47350615341,6.2));
#1398 = DIRECTION('',(-0.595699304492,-0.803207531481,0.));
#1399 = DIRECTION('',(-0.803207531481,0.595699304492,0.));
#1400 = ADVANCED_FACE('',(#1401),#1419,.T.);
#1401 = FACE_BOUND('',#1402,.T.);
#1402 = EDGE_LOOP('',(#1403,#1411,#1412,#1413));
#1403 = ORIENTED_EDGE('',*,*,#1404,.T.);
#1404 = EDGE_CURVE('',#1405,#1357,#1407,.T.);
#1405 = VERTEX_POINT('',#1406);
#1406 = CARTESIAN_POINT('',(133.70731840446,-12.941333699,6.3));
#1407 = LINE('',#1408,#1409);
#1408 = CARTESIAN_POINT('',(137.26544471063,-22.8856305456,6.3));
#1409 = VECTOR('',#1410,1.);
#1410 = DIRECTION('',(0.336889853392,-0.941544065183,0.));
#1411 = ORIENTED_EDGE('',*,*,#1366,.T.);
#1412 = ORIENTED_EDGE('',*,*,#254,.T.);
#1413 = ORIENTED_EDGE('',*,*,#1414,.F.);
#1414 = EDGE_CURVE('',#1405,#255,#1415,.T.);
#1415 = LINE('',#1416,#1417);
#1416 = CARTESIAN_POINT('',(133.70731840446,-12.941333699,6.2));
#1417 = VECTOR('',#1418,1.);
#1418 = DIRECTION('',(0.,0.,1.));
#1419 = PLANE('',#1420);
#1420 = AXIS2_PLACEMENT_3D('',#1421,#1422,#1423);
#1421 = CARTESIAN_POINT('',(133.74694352287,-13.05207848605,6.2));
#1422 = DIRECTION('',(-0.941544065183,-0.336889853392,0.));
#1423 = DIRECTION('',(-0.336889853392,0.941544065183,0.));
#1424 = ADVANCED_FACE('',(#1425),#1443,.T.);
#1425 = FACE_BOUND('',#1426,.T.);
#1426 = EDGE_LOOP('',(#1427,#1435,#1441,#1442));
#1427 = ORIENTED_EDGE('',*,*,#1428,.T.);
#1428 = EDGE_CURVE('',#1381,#1429,#1431,.T.);
#1429 = VERTEX_POINT('',#1430);
#1430 = CARTESIAN_POINT('',(133.44750481548,-12.55249518451,6.3));
#1431 = LINE('',#1432,#1433);
#1432 = CARTESIAN_POINT('',(137.1721202951,-15.92828988015,6.3));
#1433 = VECTOR('',#1434,1.);
#1434 = DIRECTION('',(0.740951125355,-0.671558954847,0.));
#1435 = ORIENTED_EDGE('',*,*,#1436,.T.);
#1436 = EDGE_CURVE('',#1429,#287,#1437,.T.);
#1437 = LINE('',#1438,#1439);
#1438 = CARTESIAN_POINT('',(133.44750481548,-12.55249518451,6.2));
#1439 = VECTOR('',#1440,1.);
#1440 = DIRECTION('',(0.,0.,1.));
#1441 = ORIENTED_EDGE('',*,*,#294,.T.);
#1442 = ORIENTED_EDGE('',*,*,#1388,.F.);
#1443 = PLANE('',#1444);
#1444 = AXIS2_PLACEMENT_3D('',#1445,#1446,#1447);
#1445 = CARTESIAN_POINT('',(133.44750481548,-12.55249518451,6.2));
#1446 = DIRECTION('',(-0.671558954847,-0.740951125355,0.));
#1447 = DIRECTION('',(-0.740951125355,0.671558954847,0.));
#1448 = ADVANCED_FACE('',(#1449),#1467,.T.);
#1449 = FACE_BOUND('',#1450,.T.);
#1450 = EDGE_LOOP('',(#1451,#1459,#1460,#1461));
#1451 = ORIENTED_EDGE('',*,*,#1452,.T.);
#1452 = EDGE_CURVE('',#1453,#1405,#1455,.T.);
#1453 = VERTEX_POINT('',#1454);
#1454 = CARTESIAN_POINT('',(133.6570292045,-12.83500611917,6.3));
#1455 = LINE('',#1456,#1457);
#1456 = CARTESIAN_POINT('',(137.77951316392,-21.5512661232,6.3));
#1457 = VECTOR('',#1458,1.);
#1458 = DIRECTION('',(0.42755509343,-0.903989293123,0.));
#1459 = ORIENTED_EDGE('',*,*,#1414,.T.);
#1460 = ORIENTED_EDGE('',*,*,#262,.T.);
#1461 = ORIENTED_EDGE('',*,*,#1462,.F.);
#1462 = EDGE_CURVE('',#1453,#263,#1463,.T.);
#1463 = LINE('',#1464,#1465);
#1464 = CARTESIAN_POINT('',(133.6570292045,-12.83500611917,6.2));
#1465 = VECTOR('',#1466,1.);
#1466 = DIRECTION('',(0.,0.,1.));
#1467 = PLANE('',#1468);
#1468 = AXIS2_PLACEMENT_3D('',#1469,#1470,#1471);
#1469 = CARTESIAN_POINT('',(133.70731840446,-12.941333699,6.2));
#1470 = DIRECTION('',(-0.903989293123,-0.42755509343,0.));
#1471 = DIRECTION('',(-0.42755509343,0.903989293123,0.));
#1472 = ADVANCED_FACE('',(#1473),#1491,.T.);
#1473 = FACE_BOUND('',#1474,.T.);
#1474 = EDGE_LOOP('',(#1475,#1483,#1489,#1490));
#1475 = ORIENTED_EDGE('',*,*,#1476,.T.);
#1476 = EDGE_CURVE('',#1429,#1477,#1479,.T.);
#1477 = VERTEX_POINT('',#1478);
#1478 = CARTESIAN_POINT('',(133.52649384658,-12.63964615027,6.3));
#1479 = LINE('',#1480,#1481);
#1480 = CARTESIAN_POINT('',(137.72575477056,-17.27281660363,6.3));
#1481 = VECTOR('',#1482,1.);
#1482 = DIRECTION('',(0.671558954847,-0.740951125355,0.));
#1483 = ORIENTED_EDGE('',*,*,#1484,.T.);
#1484 = EDGE_CURVE('',#1477,#279,#1485,.T.);
#1485 = LINE('',#1486,#1487);
#1486 = CARTESIAN_POINT('',(133.52649384658,-12.63964615027,6.2));
#1487 = VECTOR('',#1488,1.);
#1488 = DIRECTION('',(0.,0.,1.));
#1489 = ORIENTED_EDGE('',*,*,#286,.T.);
#1490 = ORIENTED_EDGE('',*,*,#1436,.F.);
#1491 = PLANE('',#1492);
#1492 = AXIS2_PLACEMENT_3D('',#1493,#1494,#1495);
#1493 = CARTESIAN_POINT('',(133.52649384658,-12.63964615027,6.2));
#1494 = DIRECTION('',(-0.740951125355,-0.671558954847,0.));
#1495 = DIRECTION('',(-0.671558954847,0.740951125355,0.));
#1496 = ADVANCED_FACE('',(#1497),#1515,.T.);
#1497 = FACE_BOUND('',#1498,.T.);
#1498 = EDGE_LOOP('',(#1499,#1507,#1508,#1509));
#1499 = ORIENTED_EDGE('',*,*,#1500,.T.);
#1500 = EDGE_CURVE('',#1501,#1453,#1503,.T.);
#1501 = VERTEX_POINT('',#1502);
#1502 = CARTESIAN_POINT('',(133.59656023546,-12.73411973926,6.3));
#1503 = LINE('',#1504,#1505);
#1504 = CARTESIAN_POINT('',(138.03341653293,-20.13656726126,6.3));
#1505 = VECTOR('',#1506,1.);
#1506 = DIRECTION('',(0.514102744193,-0.85772861,0.));
#1507 = ORIENTED_EDGE('',*,*,#1462,.T.);
#1508 = ORIENTED_EDGE('',*,*,#270,.T.);
#1509 = ORIENTED_EDGE('',*,*,#1510,.F.);
#1510 = EDGE_CURVE('',#1501,#271,#1511,.T.);
#1511 = LINE('',#1512,#1513);
#1512 = CARTESIAN_POINT('',(133.59656023546,-12.73411973926,6.2));
#1513 = VECTOR('',#1514,1.);
#1514 = DIRECTION('',(0.,0.,1.));
#1515 = PLANE('',#1516);
#1516 = AXIS2_PLACEMENT_3D('',#1517,#1518,#1519);
#1517 = CARTESIAN_POINT('',(133.6570292045,-12.83500611917,6.2));
#1518 = DIRECTION('',(-0.85772861,-0.514102744193,0.));
#1519 = DIRECTION('',(-0.514102744193,0.85772861,0.));
#1520 = ADVANCED_FACE('',(#1521),#1532,.T.);
#1521 = FACE_BOUND('',#1522,.T.);
#1522 = EDGE_LOOP('',(#1523,#1529,#1530,#1531));
#1523 = ORIENTED_EDGE('',*,*,#1524,.T.);
#1524 = EDGE_CURVE('',#1477,#1501,#1525,.T.);
#1525 = LINE('',#1526,#1527);
#1526 = CARTESIAN_POINT('',(138.01587588881,-18.69287710224,6.3));
#1527 = VECTOR('',#1528,1.);
#1528 = DIRECTION('',(0.595699304492,-0.803207531481,0.));
#1529 = ORIENTED_EDGE('',*,*,#1510,.T.);
#1530 = ORIENTED_EDGE('',*,*,#278,.T.);
#1531 = ORIENTED_EDGE('',*,*,#1484,.F.);
#1532 = PLANE('',#1533);
#1533 = AXIS2_PLACEMENT_3D('',#1534,#1535,#1536);
#1534 = CARTESIAN_POINT('',(133.59656023546,-12.73411973926,6.2));
#1535 = DIRECTION('',(-0.803207531481,-0.595699304492,0.));
#1536 = DIRECTION('',(-0.595699304492,0.803207531481,0.));
#1537 = ADVANCED_FACE('',(#1538),#1563,.T.);
#1538 = FACE_BOUND('',#1539,.T.);
#1539 = EDGE_LOOP('',(#1540,#1548,#1549,#1557));
#1540 = ORIENTED_EDGE('',*,*,#1541,.F.);
#1541 = EDGE_CURVE('',#383,#1542,#1544,.T.);
#1542 = VERTEX_POINT('',#1543);
#1543 = CARTESIAN_POINT('',(130.05,-49.35,14.8));
#1544 = LINE('',#1545,#1546);
#1545 = CARTESIAN_POINT('',(130.05,-49.35,13.3));
#1546 = VECTOR('',#1547,1.);
#1547 = DIRECTION('',(0.,0.,1.));
#1548 = ORIENTED_EDGE('',*,*,#382,.T.);
#1549 = ORIENTED_EDGE('',*,*,#1550,.T.);
#1550 = EDGE_CURVE('',#385,#1551,#1553,.T.);
#1551 = VERTEX_POINT('',#1552);
#1552 = CARTESIAN_POINT('',(115.55,-49.35,14.8));
#1553 = LINE('',#1554,#1555);
#1554 = CARTESIAN_POINT('',(115.55,-49.35,13.3));
#1555 = VECTOR('',#1556,1.);
#1556 = DIRECTION('',(0.,0.,1.));
#1557 = ORIENTED_EDGE('',*,*,#1558,.F.);
#1558 = EDGE_CURVE('',#1542,#1551,#1559,.T.);
#1559 = LINE('',#1560,#1561);
#1560 = CARTESIAN_POINT('',(119.25334371508,-49.35,14.8));
#1561 = VECTOR('',#1562,1.);
#1562 = DIRECTION('',(-1.,0.,0.));
#1563 = PLANE('',#1564);
#1564 = AXIS2_PLACEMENT_3D('',#1565,#1566,#1567);
#1565 = CARTESIAN_POINT('',(115.55,-49.35,13.3));
#1566 = DIRECTION('',(0.,1.,0.));
#1567 = DIRECTION('',(0.,0.,1.));
#1568 = ADVANCED_FACE('',(#1569),#1587,.F.);
#1569 = FACE_BOUND('',#1570,.F.);
#1570 = EDGE_LOOP('',(#1571,#1572,#1573,#1581));
#1571 = ORIENTED_EDGE('',*,*,#1541,.F.);
#1572 = ORIENTED_EDGE('',*,*,#408,.T.);
#1573 = ORIENTED_EDGE('',*,*,#1574,.T.);
#1574 = EDGE_CURVE('',#401,#1575,#1577,.T.);
#1575 = VERTEX_POINT('',#1576);
#1576 = CARTESIAN_POINT('',(130.05,-18.25,14.8));
#1577 = LINE('',#1578,#1579);
#1578 = CARTESIAN_POINT('',(130.05,-18.25,13.3));
#1579 = VECTOR('',#1580,1.);
#1580 = DIRECTION('',(0.,0.,1.));
#1581 = ORIENTED_EDGE('',*,*,#1582,.F.);
#1582 = EDGE_CURVE('',#1542,#1575,#1583,.T.);
#1583 = LINE('',#1584,#1585);
#1584 = CARTESIAN_POINT('',(130.05,-44.22393884022,14.8));
#1585 = VECTOR('',#1586,1.);
#1586 = DIRECTION('',(0.,1.,0.));
#1587 = PLANE('',#1588);
#1588 = AXIS2_PLACEMENT_3D('',#1589,#1590,#1591);
#1589 = CARTESIAN_POINT('',(130.05,-49.35,13.3));
#1590 = DIRECTION('',(1.,0.,0.));
#1591 = DIRECTION('',(0.,0.,1.));
#1592 = ADVANCED_FACE('',(#1593),#1611,.F.);
#1593 = FACE_BOUND('',#1594,.F.);
#1594 = EDGE_LOOP('',(#1595,#1596,#1597,#1605));
#1595 = ORIENTED_EDGE('',*,*,#1574,.F.);
#1596 = ORIENTED_EDGE('',*,*,#400,.T.);
#1597 = ORIENTED_EDGE('',*,*,#1598,.T.);
#1598 = EDGE_CURVE('',#393,#1599,#1601,.T.);
#1599 = VERTEX_POINT('',#1600);
#1600 = CARTESIAN_POINT('',(115.55,-18.25,14.8));
#1601 = LINE('',#1602,#1603);
#1602 = CARTESIAN_POINT('',(115.55,-18.25,13.3));
#1603 = VECTOR('',#1604,1.);
#1604 = DIRECTION('',(0.,0.,1.));
#1605 = ORIENTED_EDGE('',*,*,#1606,.F.);
#1606 = EDGE_CURVE('',#1575,#1599,#1607,.T.);
#1607 = LINE('',#1608,#1609);
#1608 = CARTESIAN_POINT('',(119.25334371508,-18.25,14.8));
#1609 = VECTOR('',#1610,1.);
#1610 = DIRECTION('',(-1.,0.,0.));
#1611 = PLANE('',#1612);
#1612 = AXIS2_PLACEMENT_3D('',#1613,#1614,#1615);
#1613 = CARTESIAN_POINT('',(115.55,-18.25,13.3));
#1614 = DIRECTION('',(0.,1.,0.));
#1615 = DIRECTION('',(0.,0.,1.));
#1616 = ADVANCED_FACE('',(#1617),#1628,.T.);
#1617 = FACE_BOUND('',#1618,.T.);
#1618 = EDGE_LOOP('',(#1619,#1620,#1621,#1622));
#1619 = ORIENTED_EDGE('',*,*,#1550,.F.);
#1620 = ORIENTED_EDGE('',*,*,#392,.T.);
#1621 = ORIENTED_EDGE('',*,*,#1598,.T.);
#1622 = ORIENTED_EDGE('',*,*,#1623,.F.);
#1623 = EDGE_CURVE('',#1551,#1599,#1624,.T.);
#1624 = LINE('',#1625,#1626);
#1625 = CARTESIAN_POINT('',(115.55,-44.22393884022,14.8));
#1626 = VECTOR('',#1627,1.);
#1627 = DIRECTION('',(0.,1.,0.));
#1628 = PLANE('',#1629);
#1629 = AXIS2_PLACEMENT_3D('',#1630,#1631,#1632);
#1630 = CARTESIAN_POINT('',(115.55,-49.35,13.3));
#1631 = DIRECTION('',(1.,0.,0.));
#1632 = DIRECTION('',(0.,0.,1.));
#1633 = ADVANCED_FACE('',(#1634),#1656,.T.);
#1634 = FACE_BOUND('',#1635,.F.);
#1635 = EDGE_LOOP('',(#1636,#1637,#1646,#1653,#1654,#1655));
#1636 = ORIENTED_EDGE('',*,*,#950,.F.);
#1637 = ORIENTED_EDGE('',*,*,#1638,.T.);
#1638 = EDGE_CURVE('',#951,#1639,#1641,.T.);
#1639 = VERTEX_POINT('',#1640);
#1640 = CARTESIAN_POINT('',(114.85,-52.8,11.6));
#1641 = CIRCLE('',#1642,1.85);
#1642 = AXIS2_PLACEMENT_3D('',#1643,#1644,#1645);
#1643 = CARTESIAN_POINT('',(113.,-52.8,11.6));
#1644 = DIRECTION('',(0.,0.,1.));
#1645 = DIRECTION('',(1.,0.,0.));
#1646 = ORIENTED_EDGE('',*,*,#1647,.T.);
#1647 = EDGE_CURVE('',#1639,#959,#1648,.T.);
#1648 = CIRCLE('',#1649,1.85);
#1649 = AXIS2_PLACEMENT_3D('',#1650,#1651,#1652);
#1650 = CARTESIAN_POINT('',(113.,-52.8,11.6));
#1651 = DIRECTION('',(0.,0.,1.));
#1652 = DIRECTION('',(1.,0.,0.));
#1653 = ORIENTED_EDGE('',*,*,#966,.T.);
#1654 = ORIENTED_EDGE('',*,*,#554,.F.);
#1655 = ORIENTED_EDGE('',*,*,#563,.F.);
#1656 = CYLINDRICAL_SURFACE('',#1657,1.85);
#1657 = AXIS2_PLACEMENT_3D('',#1658,#1659,#1660);
#1658 = CARTESIAN_POINT('',(113.,-52.8,6.3));
#1659 = DIRECTION('',(-0.,-0.,-1.));
#1660 = DIRECTION('',(1.,0.,0.));
#1661 = ADVANCED_FACE('',(#1662),#1680,.T.);
#1662 = FACE_BOUND('',#1663,.T.);
#1663 = EDGE_LOOP('',(#1664,#1672,#1673,#1674));
#1664 = ORIENTED_EDGE('',*,*,#1665,.F.);
#1665 = EDGE_CURVE('',#1037,#1666,#1668,.T.);
#1666 = VERTEX_POINT('',#1667);
#1667 = CARTESIAN_POINT('',(113.,-11.4,12.7));
#1668 = LINE('',#1669,#1670);
#1669 = CARTESIAN_POINT('',(113.,-48.1,12.7));
#1670 = VECTOR('',#1671,1.);
#1671 = DIRECTION('',(0.,1.,0.));
#1672 = ORIENTED_EDGE('',*,*,#1036,.F.);
#1673 = ORIENTED_EDGE('',*,*,#514,.T.);
#1674 = ORIENTED_EDGE('',*,*,#1675,.T.);
#1675 = EDGE_CURVE('',#507,#1666,#1676,.T.);
#1676 = LINE('',#1677,#1678);
#1677 = CARTESIAN_POINT('',(113.,-11.4,6.2));
#1678 = VECTOR('',#1679,1.);
#1679 = DIRECTION('',(0.,0.,1.));
#1680 = PLANE('',#1681);
#1681 = AXIS2_PLACEMENT_3D('',#1682,#1683,#1684);
#1682 = CARTESIAN_POINT('',(113.,-48.1,6.2));
#1683 = DIRECTION('',(1.,0.,0.));
#1684 = DIRECTION('',(0.,0.,1.));
#1685 = ADVANCED_FACE('',(#1686),#1736,.F.);
#1686 = FACE_BOUND('',#1687,.F.);
#1687 = EDGE_LOOP('',(#1688,#1698,#1706,#1714,#1722,#1728,#1729,#1730));
#1688 = ORIENTED_EDGE('',*,*,#1689,.F.);
#1689 = EDGE_CURVE('',#1690,#1692,#1694,.T.);
#1690 = VERTEX_POINT('',#1691);
#1691 = CARTESIAN_POINT('',(132.6,-11.4,6.3));
#1692 = VERTEX_POINT('',#1693);
#1693 = CARTESIAN_POINT('',(132.6,-11.4,12.7));
#1694 = LINE('',#1695,#1696);
#1695 = CARTESIAN_POINT('',(132.6,-11.4,6.2));
#1696 = VECTOR('',#1697,1.);
#1697 = DIRECTION('',(0.,0.,1.));
#1698 = ORIENTED_EDGE('',*,*,#1699,.T.);
#1699 = EDGE_CURVE('',#1690,#1700,#1702,.T.);
#1700 = VERTEX_POINT('',#1701);
#1701 = CARTESIAN_POINT('',(129.3,-11.4,6.3));
#1702 = LINE('',#1703,#1704);
#1703 = CARTESIAN_POINT('',(117.97834371508,-11.4,6.3));
#1704 = VECTOR('',#1705,1.);
#1705 = DIRECTION('',(-1.,0.,0.));
#1706 = ORIENTED_EDGE('',*,*,#1707,.T.);
#1707 = EDGE_CURVE('',#1700,#1708,#1710,.T.);
#1708 = VERTEX_POINT('',#1709);
#1709 = CARTESIAN_POINT('',(129.3,-11.4,11.8));
#1710 = LINE('',#1711,#1712);
#1711 = CARTESIAN_POINT('',(129.3,-11.4,6.2));
#1712 = VECTOR('',#1713,1.);
#1713 = DIRECTION('',(0.,0.,1.));
#1714 = ORIENTED_EDGE('',*,*,#1715,.T.);
#1715 = EDGE_CURVE('',#1708,#1716,#1718,.T.);
#1716 = VERTEX_POINT('',#1717);
#1717 = CARTESIAN_POINT('',(116.3,-11.4,11.8));
#1718 = LINE('',#1719,#1720);
#1719 = CARTESIAN_POINT('',(114.65,-11.4,11.8));
#1720 = VECTOR('',#1721,1.);
#1721 = DIRECTION('',(-1.,0.,0.));
#1722 = ORIENTED_EDGE('',*,*,#1723,.F.);
#1723 = EDGE_CURVE('',#499,#1716,#1724,.T.);
#1724 = LINE('',#1725,#1726);
#1725 = CARTESIAN_POINT('',(116.3,-11.4,6.2));
#1726 = VECTOR('',#1727,1.);
#1727 = DIRECTION('',(0.,0.,1.));
#1728 = ORIENTED_EDGE('',*,*,#506,.T.);
#1729 = ORIENTED_EDGE('',*,*,#1675,.T.);
#1730 = ORIENTED_EDGE('',*,*,#1731,.T.);
#1731 = EDGE_CURVE('',#1666,#1692,#1732,.T.);
#1732 = LINE('',#1733,#1734);
#1733 = CARTESIAN_POINT('',(113.,-11.4,12.7));
#1734 = VECTOR('',#1735,1.);
#1735 = DIRECTION('',(1.,0.,0.));
#1736 = PLANE('',#1737);
#1737 = AXIS2_PLACEMENT_3D('',#1738,#1739,#1740);
#1738 = CARTESIAN_POINT('',(113.,-11.4,6.2));
#1739 = DIRECTION('',(0.,1.,0.));
#1740 = DIRECTION('',(0.,0.,1.));
#1741 = ADVANCED_FACE('',(#1742),#1760,.T.);
#1742 = FACE_BOUND('',#1743,.T.);
#1743 = EDGE_LOOP('',(#1744,#1752,#1753,#1754));
#1744 = ORIENTED_EDGE('',*,*,#1745,.F.);
#1745 = EDGE_CURVE('',#1716,#1746,#1748,.T.);
#1746 = VERTEX_POINT('',#1747);
#1747 = CARTESIAN_POINT('',(116.3,-11.,11.8));
#1748 = LINE('',#1749,#1750);
#1749 = CARTESIAN_POINT('',(116.3,-20.,11.8));
#1750 = VECTOR('',#1751,1.);
#1751 = DIRECTION('',(0.,1.,0.));
#1752 = ORIENTED_EDGE('',*,*,#1723,.F.);
#1753 = ORIENTED_EDGE('',*,*,#498,.T.);
#1754 = ORIENTED_EDGE('',*,*,#1755,.F.);
#1755 = EDGE_CURVE('',#1746,#491,#1756,.T.);
#1756 = LINE('',#1757,#1758);
#1757 = CARTESIAN_POINT('',(116.3,-11.,6.25));
#1758 = VECTOR('',#1759,1.);
#1759 = DIRECTION('',(0.,0.,-1.));
#1760 = PLANE('',#1761);
#1761 = AXIS2_PLACEMENT_3D('',#1762,#1763,#1764);
#1762 = CARTESIAN_POINT('',(116.3,-20.,6.2));
#1763 = DIRECTION('',(1.,0.,0.));
#1764 = DIRECTION('',(0.,0.,1.));
#1765 = ADVANCED_FACE('',(#1766),#1816,.T.);
#1766 = FACE_BOUND('',#1767,.T.);
#1767 = EDGE_LOOP('',(#1768,#1769,#1777,#1785,#1793,#1801,#1809,#1815));
#1768 = ORIENTED_EDGE('',*,*,#490,.F.);
#1769 = ORIENTED_EDGE('',*,*,#1770,.T.);
#1770 = EDGE_CURVE('',#482,#1771,#1773,.T.);
#1771 = VERTEX_POINT('',#1772);
#1772 = CARTESIAN_POINT('',(112.2,-11.,14.8));
#1773 = LINE('',#1774,#1775);
#1774 = CARTESIAN_POINT('',(112.2,-11.,6.3));
#1775 = VECTOR('',#1776,1.);
#1776 = DIRECTION('',(0.,0.,1.));
#1777 = ORIENTED_EDGE('',*,*,#1778,.T.);
#1778 = EDGE_CURVE('',#1771,#1779,#1781,.T.);
#1779 = VERTEX_POINT('',#1780);
#1780 = CARTESIAN_POINT('',(132.6,-11.,14.8));
#1781 = LINE('',#1782,#1783);
#1782 = CARTESIAN_POINT('',(112.2,-11.,14.8));
#1783 = VECTOR('',#1784,1.);
#1784 = DIRECTION('',(1.,0.,0.));
#1785 = ORIENTED_EDGE('',*,*,#1786,.F.);
#1786 = EDGE_CURVE('',#1787,#1779,#1789,.T.);
#1787 = VERTEX_POINT('',#1788);
#1788 = CARTESIAN_POINT('',(132.6,-11.,6.3));
#1789 = LINE('',#1790,#1791);
#1790 = CARTESIAN_POINT('',(132.6,-11.,6.3));
#1791 = VECTOR('',#1792,1.);
#1792 = DIRECTION('',(0.,0.,1.));
#1793 = ORIENTED_EDGE('',*,*,#1794,.F.);
#1794 = EDGE_CURVE('',#1795,#1787,#1797,.T.);
#1795 = VERTEX_POINT('',#1796);
#1796 = CARTESIAN_POINT('',(129.3,-11.,6.3));
#1797 = LINE('',#1798,#1799);
#1798 = CARTESIAN_POINT('',(112.2,-11.,6.3));
#1799 = VECTOR('',#1800,1.);
#1800 = DIRECTION('',(1.,0.,0.));
#1801 = ORIENTED_EDGE('',*,*,#1802,.F.);
#1802 = EDGE_CURVE('',#1803,#1795,#1805,.T.);
#1803 = VERTEX_POINT('',#1804);
#1804 = CARTESIAN_POINT('',(129.3,-11.,11.8));
#1805 = LINE('',#1806,#1807);
#1806 = CARTESIAN_POINT('',(129.3,-11.,6.25));
#1807 = VECTOR('',#1808,1.);
#1808 = DIRECTION('',(0.,0.,-1.));
#1809 = ORIENTED_EDGE('',*,*,#1810,.F.);
#1810 = EDGE_CURVE('',#1746,#1803,#1811,.T.);
#1811 = LINE('',#1812,#1813);
#1812 = CARTESIAN_POINT('',(114.25,-11.,11.8));
#1813 = VECTOR('',#1814,1.);
#1814 = DIRECTION('',(1.,0.,0.));
#1815 = ORIENTED_EDGE('',*,*,#1755,.T.);
#1816 = PLANE('',#1817);
#1817 = AXIS2_PLACEMENT_3D('',#1818,#1819,#1820);
#1818 = CARTESIAN_POINT('',(112.2,-11.,6.3));
#1819 = DIRECTION('',(0.,1.,0.));
#1820 = DIRECTION('',(1.,0.,0.));
#1821 = ADVANCED_FACE('',(#1822),#1841,.T.);
#1822 = FACE_BOUND('',#1823,.T.);
#1823 = EDGE_LOOP('',(#1824,#1832,#1839,#1840));
#1824 = ORIENTED_EDGE('',*,*,#1825,.T.);
#1825 = EDGE_CURVE('',#474,#1826,#1828,.T.);
#1826 = VERTEX_POINT('',#1827);
#1827 = CARTESIAN_POINT('',(111.,-12.2,14.8));
#1828 = LINE('',#1829,#1830);
#1829 = CARTESIAN_POINT('',(111.,-12.2,6.3));
#1830 = VECTOR('',#1831,1.);
#1831 = DIRECTION('',(0.,0.,1.));
#1832 = ORIENTED_EDGE('',*,*,#1833,.T.);
#1833 = EDGE_CURVE('',#1826,#1771,#1834,.T.);
#1834 = CIRCLE('',#1835,1.2);
#1835 = AXIS2_PLACEMENT_3D('',#1836,#1837,#1838);
#1836 = CARTESIAN_POINT('',(112.2,-12.2,14.8));
#1837 = DIRECTION('',(0.,0.,-1.));
#1838 = DIRECTION('',(-1.,4.44E-15,0.));
#1839 = ORIENTED_EDGE('',*,*,#1770,.F.);
#1840 = ORIENTED_EDGE('',*,*,#481,.F.);
#1841 = CYLINDRICAL_SURFACE('',#1842,1.2);
#1842 = AXIS2_PLACEMENT_3D('',#1843,#1844,#1845);
#1843 = CARTESIAN_POINT('',(112.2,-12.2,6.3));
#1844 = DIRECTION('',(0.,0.,-1.));
#1845 = DIRECTION('',(-1.,4.44E-15,0.));
#1846 = ADVANCED_FACE('',(#1847),#1865,.T.);
#1847 = FACE_BOUND('',#1848,.T.);
#1848 = EDGE_LOOP('',(#1849,#1857,#1863,#1864));
#1849 = ORIENTED_EDGE('',*,*,#1850,.T.);
#1850 = EDGE_CURVE('',#465,#1851,#1853,.T.);
#1851 = VERTEX_POINT('',#1852);
#1852 = CARTESIAN_POINT('',(111.,-65.8,14.8));
#1853 = LINE('',#1854,#1855);
#1854 = CARTESIAN_POINT('',(111.,-65.8,6.3));
#1855 = VECTOR('',#1856,1.);
#1856 = DIRECTION('',(0.,0.,1.));
#1857 = ORIENTED_EDGE('',*,*,#1858,.T.);
#1858 = EDGE_CURVE('',#1851,#1826,#1859,.T.);
#1859 = LINE('',#1860,#1861);
#1860 = CARTESIAN_POINT('',(111.,-65.8,14.8));
#1861 = VECTOR('',#1862,1.);
#1862 = DIRECTION('',(0.,1.,0.));
#1863 = ORIENTED_EDGE('',*,*,#1825,.F.);
#1864 = ORIENTED_EDGE('',*,*,#473,.F.);
#1865 = PLANE('',#1866);
#1866 = AXIS2_PLACEMENT_3D('',#1867,#1868,#1869);
#1867 = CARTESIAN_POINT('',(111.,-65.8,6.3));
#1868 = DIRECTION('',(-1.,0.,0.));
#1869 = DIRECTION('',(0.,1.,0.));
#1870 = ADVANCED_FACE('',(#1871),#1890,.T.);
#1871 = FACE_BOUND('',#1872,.T.);
#1872 = EDGE_LOOP('',(#1873,#1881,#1888,#1889));
#1873 = ORIENTED_EDGE('',*,*,#1874,.T.);
#1874 = EDGE_CURVE('',#457,#1875,#1877,.T.);
#1875 = VERTEX_POINT('',#1876);
#1876 = CARTESIAN_POINT('',(112.2,-67.,14.8));
#1877 = LINE('',#1878,#1879);
#1878 = CARTESIAN_POINT('',(112.2,-67.,6.3));
#1879 = VECTOR('',#1880,1.);
#1880 = DIRECTION('',(0.,0.,1.));
#1881 = ORIENTED_EDGE('',*,*,#1882,.T.);
#1882 = EDGE_CURVE('',#1875,#1851,#1883,.T.);
#1883 = CIRCLE('',#1884,1.2);
#1884 = AXIS2_PLACEMENT_3D('',#1885,#1886,#1887);
#1885 = CARTESIAN_POINT('',(112.2,-65.8,14.8));
#1886 = DIRECTION('',(0.,0.,-1.));
#1887 = DIRECTION('',(0.,-1.,0.));
#1888 = ORIENTED_EDGE('',*,*,#1850,.F.);
#1889 = ORIENTED_EDGE('',*,*,#464,.F.);
#1890 = CYLINDRICAL_SURFACE('',#1891,1.2);
#1891 = AXIS2_PLACEMENT_3D('',#1892,#1893,#1894);
#1892 = CARTESIAN_POINT('',(112.2,-65.8,6.3));
#1893 = DIRECTION('',(0.,0.,-1.));
#1894 = DIRECTION('',(0.,-1.,0.));
#1895 = ADVANCED_FACE('',(#1896),#1922,.T.);
#1896 = FACE_BOUND('',#1897,.T.);
#1897 = EDGE_LOOP('',(#1898,#1899,#1907,#1913,#1914,#1915,#1916,#1917,
    #1918,#1919,#1920,#1921));
#1898 = ORIENTED_EDGE('',*,*,#911,.F.);
#1899 = ORIENTED_EDGE('',*,*,#1900,.T.);
#1900 = EDGE_CURVE('',#903,#1901,#1903,.T.);
#1901 = VERTEX_POINT('',#1902);
#1902 = CARTESIAN_POINT('',(133.8,-67.,14.8));
#1903 = LINE('',#1904,#1905);
#1904 = CARTESIAN_POINT('',(133.8,-67.,6.3));
#1905 = VECTOR('',#1906,1.);
#1906 = DIRECTION('',(0.,0.,1.));
#1907 = ORIENTED_EDGE('',*,*,#1908,.T.);
#1908 = EDGE_CURVE('',#1901,#1875,#1909,.T.);
#1909 = LINE('',#1910,#1911);
#1910 = CARTESIAN_POINT('',(133.8,-67.,14.8));
#1911 = VECTOR('',#1912,1.);
#1912 = DIRECTION('',(-1.,0.,0.));
#1913 = ORIENTED_EDGE('',*,*,#1874,.F.);
#1914 = ORIENTED_EDGE('',*,*,#456,.F.);
#1915 = ORIENTED_EDGE('',*,*,#616,.F.);
#1916 = ORIENTED_EDGE('',*,*,#633,.F.);
#1917 = ORIENTED_EDGE('',*,*,#667,.T.);
#1918 = ORIENTED_EDGE('',*,*,#700,.F.);
#1919 = ORIENTED_EDGE('',*,*,#783,.F.);
#1920 = ORIENTED_EDGE('',*,*,#818,.F.);
#1921 = ORIENTED_EDGE('',*,*,#843,.T.);
#1922 = PLANE('',#1923);
#1923 = AXIS2_PLACEMENT_3D('',#1924,#1925,#1926);
#1924 = CARTESIAN_POINT('',(133.8,-67.,6.3));
#1925 = DIRECTION('',(0.,-1.,0.));
#1926 = DIRECTION('',(-1.,0.,0.));
#1927 = ADVANCED_FACE('',(#1928),#1947,.F.);
#1928 = FACE_BOUND('',#1929,.T.);
#1929 = EDGE_LOOP('',(#1930,#1931,#1939,#1946));
#1930 = ORIENTED_EDGE('',*,*,#589,.T.);
#1931 = ORIENTED_EDGE('',*,*,#1932,.T.);
#1932 = EDGE_CURVE('',#590,#1933,#1935,.T.);
#1933 = VERTEX_POINT('',#1934);
#1934 = CARTESIAN_POINT('',(114.6,-52.8,6.8));
#1935 = LINE('',#1936,#1937);
#1936 = CARTESIAN_POINT('',(114.6,-52.8,6.2));
#1937 = VECTOR('',#1938,1.);
#1938 = DIRECTION('',(0.,0.,1.));
#1939 = ORIENTED_EDGE('',*,*,#1940,.T.);
#1940 = EDGE_CURVE('',#1933,#1933,#1941,.T.);
#1941 = CIRCLE('',#1942,1.6);
#1942 = AXIS2_PLACEMENT_3D('',#1943,#1944,#1945);
#1943 = CARTESIAN_POINT('',(113.,-52.8,6.8));
#1944 = DIRECTION('',(0.,0.,1.));
#1945 = DIRECTION('',(1.,0.,0.));
#1946 = ORIENTED_EDGE('',*,*,#1932,.F.);
#1947 = CYLINDRICAL_SURFACE('',#1948,1.6);
#1948 = AXIS2_PLACEMENT_3D('',#1949,#1950,#1951);
#1949 = CARTESIAN_POINT('',(113.,-52.8,6.2));
#1950 = DIRECTION('',(-0.,-0.,-1.));
#1951 = DIRECTION('',(1.,0.,0.));
#1952 = ADVANCED_FACE('',(#1953),#1972,.F.);
#1953 = FACE_BOUND('',#1954,.T.);
#1954 = EDGE_LOOP('',(#1955,#1956,#1964,#1971));
#1955 = ORIENTED_EDGE('',*,*,#717,.T.);
#1956 = ORIENTED_EDGE('',*,*,#1957,.T.);
#1957 = EDGE_CURVE('',#718,#1958,#1960,.T.);
#1958 = VERTEX_POINT('',#1959);
#1959 = CARTESIAN_POINT('',(124.4,-64.7,6.8));
#1960 = LINE('',#1961,#1962);
#1961 = CARTESIAN_POINT('',(124.4,-64.7,6.2));
#1962 = VECTOR('',#1963,1.);
#1963 = DIRECTION('',(0.,0.,1.));
#1964 = ORIENTED_EDGE('',*,*,#1965,.T.);
#1965 = EDGE_CURVE('',#1958,#1958,#1966,.T.);
#1966 = CIRCLE('',#1967,1.6);
#1967 = AXIS2_PLACEMENT_3D('',#1968,#1969,#1970);
#1968 = CARTESIAN_POINT('',(122.8,-64.7,6.8));
#1969 = DIRECTION('',(0.,0.,1.));
#1970 = DIRECTION('',(1.,0.,0.));
#1971 = ORIENTED_EDGE('',*,*,#1957,.F.);
#1972 = CYLINDRICAL_SURFACE('',#1973,1.6);
#1973 = AXIS2_PLACEMENT_3D('',#1974,#1975,#1976);
#1974 = CARTESIAN_POINT('',(122.8,-64.7,6.2));
#1975 = DIRECTION('',(-0.,-0.,-1.));
#1976 = DIRECTION('',(1.,0.,0.));
#1977 = ADVANCED_FACE('',(#1978),#1997,.T.);
#1978 = FACE_BOUND('',#1979,.T.);
#1979 = EDGE_LOOP('',(#1980,#1988,#1995,#1996));
#1980 = ORIENTED_EDGE('',*,*,#1981,.T.);
#1981 = EDGE_CURVE('',#895,#1982,#1984,.T.);
#1982 = VERTEX_POINT('',#1983);
#1983 = CARTESIAN_POINT('',(135.,-65.8,14.8));
#1984 = LINE('',#1985,#1986);
#1985 = CARTESIAN_POINT('',(135.,-65.8,6.3));
#1986 = VECTOR('',#1987,1.);
#1987 = DIRECTION('',(0.,0.,1.));
#1988 = ORIENTED_EDGE('',*,*,#1989,.T.);
#1989 = EDGE_CURVE('',#1982,#1901,#1990,.T.);
#1990 = CIRCLE('',#1991,1.2);
#1991 = AXIS2_PLACEMENT_3D('',#1992,#1993,#1994);
#1992 = CARTESIAN_POINT('',(133.8,-65.8,14.8));
#1993 = DIRECTION('',(0.,0.,-1.));
#1994 = DIRECTION('',(1.,2.368E-14,0.));
#1995 = ORIENTED_EDGE('',*,*,#1900,.F.);
#1996 = ORIENTED_EDGE('',*,*,#902,.F.);
#1997 = CYLINDRICAL_SURFACE('',#1998,1.2);
#1998 = AXIS2_PLACEMENT_3D('',#1999,#2000,#2001);
#1999 = CARTESIAN_POINT('',(133.8,-65.8,6.3));
#2000 = DIRECTION('',(0.,0.,-1.));
#2001 = DIRECTION('',(1.,2.368E-14,0.));
#2002 = ADVANCED_FACE('',(#2003),#2053,.T.);
#2003 = FACE_BOUND('',#2004,.T.);
#2004 = EDGE_LOOP('',(#2005,#2015,#2023,#2029,#2030,#2031,#2039,#2047));
#2005 = ORIENTED_EDGE('',*,*,#2006,.F.);
#2006 = EDGE_CURVE('',#2007,#2009,#2011,.T.);
#2007 = VERTEX_POINT('',#2008);
#2008 = CARTESIAN_POINT('',(135.,-13.4,6.3));
#2009 = VERTEX_POINT('',#2010);
#2010 = CARTESIAN_POINT('',(135.,-55.4,6.3));
#2011 = LINE('',#2012,#2013);
#2012 = CARTESIAN_POINT('',(135.,-13.4,6.3));
#2013 = VECTOR('',#2014,1.);
#2014 = DIRECTION('',(0.,-1.,0.));
#2015 = ORIENTED_EDGE('',*,*,#2016,.T.);
#2016 = EDGE_CURVE('',#2007,#2017,#2019,.T.);
#2017 = VERTEX_POINT('',#2018);
#2018 = CARTESIAN_POINT('',(135.,-13.4,14.8));
#2019 = LINE('',#2020,#2021);
#2020 = CARTESIAN_POINT('',(135.,-13.4,6.3));
#2021 = VECTOR('',#2022,1.);
#2022 = DIRECTION('',(0.,0.,1.));
#2023 = ORIENTED_EDGE('',*,*,#2024,.T.);
#2024 = EDGE_CURVE('',#2017,#1982,#2025,.T.);
#2025 = LINE('',#2026,#2027);
#2026 = CARTESIAN_POINT('',(135.,-13.4,14.8));
#2027 = VECTOR('',#2028,1.);
#2028 = DIRECTION('',(0.,-1.,0.));
#2029 = ORIENTED_EDGE('',*,*,#1981,.F.);
#2030 = ORIENTED_EDGE('',*,*,#894,.F.);
#2031 = ORIENTED_EDGE('',*,*,#2032,.T.);
#2032 = EDGE_CURVE('',#887,#2033,#2035,.T.);
#2033 = VERTEX_POINT('',#2034);
#2034 = CARTESIAN_POINT('',(135.,-63.9,9.2));
#2035 = LINE('',#2036,#2037);
#2036 = CARTESIAN_POINT('',(135.,-63.9,5.7));
#2037 = VECTOR('',#2038,1.);
#2038 = DIRECTION('',(0.,0.,1.));
#2039 = ORIENTED_EDGE('',*,*,#2040,.F.);
#2040 = EDGE_CURVE('',#2041,#2033,#2043,.T.);
#2041 = VERTEX_POINT('',#2042);
#2042 = CARTESIAN_POINT('',(135.,-55.4,9.2));
#2043 = LINE('',#2044,#2045);
#2044 = CARTESIAN_POINT('',(135.,-38.65,9.2));
#2045 = VECTOR('',#2046,1.);
#2046 = DIRECTION('',(0.,-1.,0.));
#2047 = ORIENTED_EDGE('',*,*,#2048,.F.);
#2048 = EDGE_CURVE('',#2009,#2041,#2049,.T.);
#2049 = LINE('',#2050,#2051);
#2050 = CARTESIAN_POINT('',(135.,-55.4,5.7));
#2051 = VECTOR('',#2052,1.);
#2052 = DIRECTION('',(0.,0.,1.));
#2053 = PLANE('',#2054);
#2054 = AXIS2_PLACEMENT_3D('',#2055,#2056,#2057);
#2055 = CARTESIAN_POINT('',(135.,-13.4,6.3));
#2056 = DIRECTION('',(1.,0.,0.));
#2057 = DIRECTION('',(0.,-1.,0.));
#2058 = ADVANCED_FACE('',(#2059),#2070,.T.);
#2059 = FACE_BOUND('',#2060,.T.);
#2060 = EDGE_LOOP('',(#2061,#2067,#2068,#2069));
#2061 = ORIENTED_EDGE('',*,*,#2062,.T.);
#2062 = EDGE_CURVE('',#1212,#2033,#2063,.T.);
#2063 = LINE('',#2064,#2065);
#2064 = CARTESIAN_POINT('',(128.3,-63.9,9.2));
#2065 = VECTOR('',#2066,1.);
#2066 = DIRECTION('',(1.,0.,0.));
#2067 = ORIENTED_EDGE('',*,*,#2032,.F.);
#2068 = ORIENTED_EDGE('',*,*,#886,.T.);
#2069 = ORIENTED_EDGE('',*,*,#1219,.F.);
#2070 = PLANE('',#2071);
#2071 = AXIS2_PLACEMENT_3D('',#2072,#2073,#2074);
#2072 = CARTESIAN_POINT('',(128.3,-63.9,5.1));
#2073 = DIRECTION('',(0.,1.,0.));
#2074 = DIRECTION('',(0.,0.,1.));
#2075 = ADVANCED_FACE('',(#2076),#2081,.T.);
#2076 = FACE_BOUND('',#2077,.T.);
#2077 = EDGE_LOOP('',(#2078,#2079,#2080));
#2078 = ORIENTED_EDGE('',*,*,#1638,.T.);
#2079 = ORIENTED_EDGE('',*,*,#1647,.T.);
#2080 = ORIENTED_EDGE('',*,*,#958,.T.);
#2081 = PLANE('',#2082);
#2082 = AXIS2_PLACEMENT_3D('',#2083,#2084,#2085);
#2083 = CARTESIAN_POINT('',(113.,-52.8,11.6));
#2084 = DIRECTION('',(0.,0.,1.));
#2085 = DIRECTION('',(1.,0.,0.));
#2086 = ADVANCED_FACE('',(#2087),#2099,.F.);
#2087 = FACE_BOUND('',#2088,.F.);
#2088 = EDGE_LOOP('',(#2089,#2090,#2091,#2092,#2098));
#2089 = ORIENTED_EDGE('',*,*,#1665,.F.);
#2090 = ORIENTED_EDGE('',*,*,#1044,.F.);
#2091 = ORIENTED_EDGE('',*,*,#1093,.F.);
#2092 = ORIENTED_EDGE('',*,*,#2093,.T.);
#2093 = EDGE_CURVE('',#1070,#1692,#2094,.T.);
#2094 = LINE('',#2095,#2096);
#2095 = CARTESIAN_POINT('',(132.6,-48.1,12.7));
#2096 = VECTOR('',#2097,1.);
#2097 = DIRECTION('',(0.,1.,0.));
#2098 = ORIENTED_EDGE('',*,*,#1731,.F.);
#2099 = PLANE('',#2100);
#2100 = AXIS2_PLACEMENT_3D('',#2101,#2102,#2103);
#2101 = CARTESIAN_POINT('',(113.,-48.1,12.7));
#2102 = DIRECTION('',(0.,0.,1.));
#2103 = DIRECTION('',(1.,0.,0.));
#2104 = ADVANCED_FACE('',(#2105),#2116,.F.);
#2105 = FACE_BOUND('',#2106,.F.);
#2106 = EDGE_LOOP('',(#2107,#2108,#2109,#2115));
#2107 = ORIENTED_EDGE('',*,*,#2093,.F.);
#2108 = ORIENTED_EDGE('',*,*,#1067,.F.);
#2109 = ORIENTED_EDGE('',*,*,#2110,.T.);
#2110 = EDGE_CURVE('',#1068,#1690,#2111,.T.);
#2111 = LINE('',#2112,#2113);
#2112 = CARTESIAN_POINT('',(132.6,-43.59893884022,6.3));
#2113 = VECTOR('',#2114,1.);
#2114 = DIRECTION('',(0.,1.,0.));
#2115 = ORIENTED_EDGE('',*,*,#1689,.T.);
#2116 = PLANE('',#2117);
#2117 = AXIS2_PLACEMENT_3D('',#2118,#2119,#2120);
#2118 = CARTESIAN_POINT('',(132.6,-48.1,6.2));
#2119 = DIRECTION('',(1.,0.,0.));
#2120 = DIRECTION('',(0.,0.,1.));
#2121 = ADVANCED_FACE('',(#2122,#2172),#2183,.T.);
#2122 = FACE_BOUND('',#2123,.T.);
#2123 = EDGE_LOOP('',(#2124,#2131,#2132,#2133,#2134,#2135,#2136,#2137,
    #2138,#2139,#2140,#2141,#2142,#2143,#2144,#2145,#2146,#2147,#2148,
    #2149,#2150,#2156,#2157,#2164,#2165,#2171));
#2124 = ORIENTED_EDGE('',*,*,#2125,.F.);
#2125 = EDGE_CURVE('',#1164,#1188,#2126,.T.);
#2126 = CIRCLE('',#2127,1.85);
#2127 = AXIS2_PLACEMENT_3D('',#2128,#2129,#2130);
#2128 = CARTESIAN_POINT('',(133.,-52.8,6.3));
#2129 = DIRECTION('',(0.,0.,1.));
#2130 = DIRECTION('',(1.,0.,0.));
#2131 = ORIENTED_EDGE('',*,*,#1163,.F.);
#2132 = ORIENTED_EDGE('',*,*,#1260,.F.);
#2133 = ORIENTED_EDGE('',*,*,#1308,.F.);
#2134 = ORIENTED_EDGE('',*,*,#1356,.F.);
#2135 = ORIENTED_EDGE('',*,*,#1404,.F.);
#2136 = ORIENTED_EDGE('',*,*,#1452,.F.);
#2137 = ORIENTED_EDGE('',*,*,#1500,.F.);
#2138 = ORIENTED_EDGE('',*,*,#1524,.F.);
#2139 = ORIENTED_EDGE('',*,*,#1476,.F.);
#2140 = ORIENTED_EDGE('',*,*,#1428,.F.);
#2141 = ORIENTED_EDGE('',*,*,#1380,.F.);
#2142 = ORIENTED_EDGE('',*,*,#1332,.F.);
#2143 = ORIENTED_EDGE('',*,*,#1284,.F.);
#2144 = ORIENTED_EDGE('',*,*,#1236,.F.);
#2145 = ORIENTED_EDGE('',*,*,#1131,.F.);
#2146 = ORIENTED_EDGE('',*,*,#1107,.F.);
#2147 = ORIENTED_EDGE('',*,*,#1077,.F.);
#2148 = ORIENTED_EDGE('',*,*,#2110,.T.);
#2149 = ORIENTED_EDGE('',*,*,#1699,.T.);
#2150 = ORIENTED_EDGE('',*,*,#2151,.T.);
#2151 = EDGE_CURVE('',#1700,#1795,#2152,.T.);
#2152 = LINE('',#2153,#2154);
#2153 = CARTESIAN_POINT('',(129.3,-29.54893884022,6.3));
#2154 = VECTOR('',#2155,1.);
#2155 = DIRECTION('',(0.,1.,0.));
#2156 = ORIENTED_EDGE('',*,*,#1794,.T.);
#2157 = ORIENTED_EDGE('',*,*,#2158,.T.);
#2158 = EDGE_CURVE('',#1787,#2007,#2159,.T.);
#2159 = CIRCLE('',#2160,2.4);
#2160 = AXIS2_PLACEMENT_3D('',#2161,#2162,#2163);
#2161 = CARTESIAN_POINT('',(132.6,-13.4,6.3));
#2162 = DIRECTION('',(0.,0.,-1.));
#2163 = DIRECTION('',(0.,1.,0.));
#2164 = ORIENTED_EDGE('',*,*,#2006,.T.);
#2165 = ORIENTED_EDGE('',*,*,#2166,.T.);
#2166 = EDGE_CURVE('',#2009,#1196,#2167,.T.);
#2167 = LINE('',#2168,#2169);
#2168 = CARTESIAN_POINT('',(125.62834371508,-55.4,6.3));
#2169 = VECTOR('',#2170,1.);
#2170 = DIRECTION('',(-1.,0.,0.));
#2171 = ORIENTED_EDGE('',*,*,#1195,.F.);
#2172 = FACE_BOUND('',#2173,.T.);
#2173 = EDGE_LOOP('',(#2174));
#2174 = ORIENTED_EDGE('',*,*,#2175,.F.);
#2175 = EDGE_CURVE('',#2176,#2176,#2178,.T.);
#2176 = VERTEX_POINT('',#2177);
#2177 = CARTESIAN_POINT('',(134.6,-52.8,6.3));
#2178 = CIRCLE('',#2179,1.6);
#2179 = AXIS2_PLACEMENT_3D('',#2180,#2181,#2182);
#2180 = CARTESIAN_POINT('',(133.,-52.8,6.3));
#2181 = DIRECTION('',(0.,0.,-1.));
#2182 = DIRECTION('',(1.,0.,0.));
#2183 = PLANE('',#2184);
#2184 = AXIS2_PLACEMENT_3D('',#2185,#2186,#2187);
#2185 = CARTESIAN_POINT('',(133.99038742451,-32.3036335587,6.3));
#2186 = DIRECTION('',(-0.,-0.,-1.));
#2187 = DIRECTION('',(-1.,0.,0.));
#2188 = ADVANCED_FACE('',(#2189),#2200,.F.);
#2189 = FACE_BOUND('',#2190,.F.);
#2190 = EDGE_LOOP('',(#2191,#2197,#2198,#2199));
#2191 = ORIENTED_EDGE('',*,*,#2192,.F.);
#2192 = EDGE_CURVE('',#1204,#2041,#2193,.T.);
#2193 = LINE('',#2194,#2195);
#2194 = CARTESIAN_POINT('',(128.3,-55.4,9.2));
#2195 = VECTOR('',#2196,1.);
#2196 = DIRECTION('',(1.,0.,0.));
#2197 = ORIENTED_EDGE('',*,*,#1211,.F.);
#2198 = ORIENTED_EDGE('',*,*,#2062,.T.);
#2199 = ORIENTED_EDGE('',*,*,#2040,.F.);
#2200 = PLANE('',#2201);
#2201 = AXIS2_PLACEMENT_3D('',#2202,#2203,#2204);
#2202 = CARTESIAN_POINT('',(128.3,-63.9,9.2));
#2203 = DIRECTION('',(0.,0.,1.));
#2204 = DIRECTION('',(1.,0.,0.));
#2205 = ADVANCED_FACE('',(#2206),#2212,.F.);
#2206 = FACE_BOUND('',#2207,.F.);
#2207 = EDGE_LOOP('',(#2208,#2209,#2210,#2211));
#2208 = ORIENTED_EDGE('',*,*,#2192,.T.);
#2209 = ORIENTED_EDGE('',*,*,#2048,.F.);
#2210 = ORIENTED_EDGE('',*,*,#2166,.T.);
#2211 = ORIENTED_EDGE('',*,*,#1203,.F.);
#2212 = PLANE('',#2213);
#2213 = AXIS2_PLACEMENT_3D('',#2214,#2215,#2216);
#2214 = CARTESIAN_POINT('',(128.3,-55.4,5.1));
#2215 = DIRECTION('',(0.,1.,0.));
#2216 = DIRECTION('',(0.,0.,1.));
#2217 = ADVANCED_FACE('',(#2218),#2230,.T.);
#2218 = FACE_BOUND('',#2219,.F.);
#2219 = EDGE_LOOP('',(#2220,#2221,#2222,#2229));
#2220 = ORIENTED_EDGE('',*,*,#2125,.F.);
#2221 = ORIENTED_EDGE('',*,*,#1171,.F.);
#2222 = ORIENTED_EDGE('',*,*,#2223,.T.);
#2223 = EDGE_CURVE('',#1172,#1180,#2224,.T.);
#2224 = CIRCLE('',#2225,1.85);
#2225 = AXIS2_PLACEMENT_3D('',#2226,#2227,#2228);
#2226 = CARTESIAN_POINT('',(133.,-52.8,11.6));
#2227 = DIRECTION('',(0.,0.,1.));
#2228 = DIRECTION('',(1.,0.,0.));
#2229 = ORIENTED_EDGE('',*,*,#1187,.T.);
#2230 = CYLINDRICAL_SURFACE('',#2231,1.85);
#2231 = AXIS2_PLACEMENT_3D('',#2232,#2233,#2234);
#2232 = CARTESIAN_POINT('',(133.,-52.8,6.3));
#2233 = DIRECTION('',(-0.,-0.,-1.));
#2234 = DIRECTION('',(1.,0.,0.));
#2235 = ADVANCED_FACE('',(#2236),#2240,.T.);
#2236 = FACE_BOUND('',#2237,.T.);
#2237 = EDGE_LOOP('',(#2238,#2239));
#2238 = ORIENTED_EDGE('',*,*,#1179,.T.);
#2239 = ORIENTED_EDGE('',*,*,#2223,.T.);
#2240 = PLANE('',#2241);
#2241 = AXIS2_PLACEMENT_3D('',#2242,#2243,#2244);
#2242 = CARTESIAN_POINT('',(133.,-52.8,11.6));
#2243 = DIRECTION('',(0.,0.,1.));
#2244 = DIRECTION('',(1.,0.,0.));
#2245 = ADVANCED_FACE('',(#2246,#2262,#2296,#2330,#2364,#2402,#2436,
    #2447,#2458,#2469,#2503,#2537,#2571,#2577,#2611,#2677,#2711,#2745),
  #2779,.T.);
#2246 = FACE_BOUND('',#2247,.T.);
#2247 = EDGE_LOOP('',(#2248,#2249,#2250,#2251,#2252,#2253,#2254,#2261));
#2248 = ORIENTED_EDGE('',*,*,#1833,.F.);
#2249 = ORIENTED_EDGE('',*,*,#1858,.F.);
#2250 = ORIENTED_EDGE('',*,*,#1882,.F.);
#2251 = ORIENTED_EDGE('',*,*,#1908,.F.);
#2252 = ORIENTED_EDGE('',*,*,#1989,.F.);
#2253 = ORIENTED_EDGE('',*,*,#2024,.F.);
#2254 = ORIENTED_EDGE('',*,*,#2255,.F.);
#2255 = EDGE_CURVE('',#1779,#2017,#2256,.T.);
#2256 = CIRCLE('',#2257,2.4);
#2257 = AXIS2_PLACEMENT_3D('',#2258,#2259,#2260);
#2258 = CARTESIAN_POINT('',(132.6,-13.4,14.8));
#2259 = DIRECTION('',(0.,0.,-1.));
#2260 = DIRECTION('',(0.,1.,0.));
#2261 = ORIENTED_EDGE('',*,*,#1778,.F.);
#2262 = FACE_BOUND('',#2263,.T.);
#2263 = EDGE_LOOP('',(#2264,#2274,#2282,#2290));
#2264 = ORIENTED_EDGE('',*,*,#2265,.F.);
#2265 = EDGE_CURVE('',#2266,#2268,#2270,.T.);
#2266 = VERTEX_POINT('',#2267);
#2267 = CARTESIAN_POINT('',(113.7,-65.25,14.8));
#2268 = VERTEX_POINT('',#2269);
#2269 = CARTESIAN_POINT('',(120.8,-65.25,14.8));
#2270 = LINE('',#2271,#2272);
#2271 = CARTESIAN_POINT('',(113.7,-65.25,14.8));
#2272 = VECTOR('',#2273,1.);
#2273 = DIRECTION('',(1.,0.,0.));
#2274 = ORIENTED_EDGE('',*,*,#2275,.T.);
#2275 = EDGE_CURVE('',#2266,#2276,#2278,.T.);
#2276 = VERTEX_POINT('',#2277);
#2277 = CARTESIAN_POINT('',(113.7,-64.8,14.8));
#2278 = LINE('',#2279,#2280);
#2279 = CARTESIAN_POINT('',(113.7,-65.25,14.8));
#2280 = VECTOR('',#2281,1.);
#2281 = DIRECTION('',(0.,1.,0.));
#2282 = ORIENTED_EDGE('',*,*,#2283,.T.);
#2283 = EDGE_CURVE('',#2276,#2284,#2286,.T.);
#2284 = VERTEX_POINT('',#2285);
#2285 = CARTESIAN_POINT('',(120.8,-64.8,14.8));
#2286 = LINE('',#2287,#2288);
#2287 = CARTESIAN_POINT('',(113.7,-64.8,14.8));
#2288 = VECTOR('',#2289,1.);
#2289 = DIRECTION('',(1.,0.,0.));
#2290 = ORIENTED_EDGE('',*,*,#2291,.F.);
#2291 = EDGE_CURVE('',#2268,#2284,#2292,.T.);
#2292 = LINE('',#2293,#2294);
#2293 = CARTESIAN_POINT('',(120.8,-65.25,14.8));
#2294 = VECTOR('',#2295,1.);
#2295 = DIRECTION('',(0.,1.,0.));
#2296 = FACE_BOUND('',#2297,.T.);
#2297 = EDGE_LOOP('',(#2298,#2308,#2316,#2324));
#2298 = ORIENTED_EDGE('',*,*,#2299,.F.);
#2299 = EDGE_CURVE('',#2300,#2302,#2304,.T.);
#2300 = VERTEX_POINT('',#2301);
#2301 = CARTESIAN_POINT('',(113.7,-64.35,14.8));
#2302 = VERTEX_POINT('',#2303);
#2303 = CARTESIAN_POINT('',(120.8,-64.35,14.8));
#2304 = LINE('',#2305,#2306);
#2305 = CARTESIAN_POINT('',(113.7,-64.35,14.8));
#2306 = VECTOR('',#2307,1.);
#2307 = DIRECTION('',(1.,0.,0.));
#2308 = ORIENTED_EDGE('',*,*,#2309,.T.);
#2309 = EDGE_CURVE('',#2300,#2310,#2312,.T.);
#2310 = VERTEX_POINT('',#2311);
#2311 = CARTESIAN_POINT('',(113.7,-63.9,14.8));
#2312 = LINE('',#2313,#2314);
#2313 = CARTESIAN_POINT('',(113.7,-64.35,14.8));
#2314 = VECTOR('',#2315,1.);
#2315 = DIRECTION('',(0.,1.,0.));
#2316 = ORIENTED_EDGE('',*,*,#2317,.T.);
#2317 = EDGE_CURVE('',#2310,#2318,#2320,.T.);
#2318 = VERTEX_POINT('',#2319);
#2319 = CARTESIAN_POINT('',(120.8,-63.9,14.8));
#2320 = LINE('',#2321,#2322);
#2321 = CARTESIAN_POINT('',(113.7,-63.9,14.8));
#2322 = VECTOR('',#2323,1.);
#2323 = DIRECTION('',(1.,0.,0.));
#2324 = ORIENTED_EDGE('',*,*,#2325,.F.);
#2325 = EDGE_CURVE('',#2302,#2318,#2326,.T.);
#2326 = LINE('',#2327,#2328);
#2327 = CARTESIAN_POINT('',(120.8,-64.35,14.8));
#2328 = VECTOR('',#2329,1.);
#2329 = DIRECTION('',(0.,1.,0.));
#2330 = FACE_BOUND('',#2331,.T.);
#2331 = EDGE_LOOP('',(#2332,#2342,#2350,#2358));
#2332 = ORIENTED_EDGE('',*,*,#2333,.F.);
#2333 = EDGE_CURVE('',#2334,#2336,#2338,.T.);
#2334 = VERTEX_POINT('',#2335);
#2335 = CARTESIAN_POINT('',(113.7,-63.45,14.8));
#2336 = VERTEX_POINT('',#2337);
#2337 = CARTESIAN_POINT('',(120.8,-63.45,14.8));
#2338 = LINE('',#2339,#2340);
#2339 = CARTESIAN_POINT('',(113.7,-63.45,14.8));
#2340 = VECTOR('',#2341,1.);
#2341 = DIRECTION('',(1.,0.,0.));
#2342 = ORIENTED_EDGE('',*,*,#2343,.T.);
#2343 = EDGE_CURVE('',#2334,#2344,#2346,.T.);
#2344 = VERTEX_POINT('',#2345);
#2345 = CARTESIAN_POINT('',(113.7,-63.,14.8));
#2346 = LINE('',#2347,#2348);
#2347 = CARTESIAN_POINT('',(113.7,-63.45,14.8));
#2348 = VECTOR('',#2349,1.);
#2349 = DIRECTION('',(0.,1.,0.));
#2350 = ORIENTED_EDGE('',*,*,#2351,.T.);
#2351 = EDGE_CURVE('',#2344,#2352,#2354,.T.);
#2352 = VERTEX_POINT('',#2353);
#2353 = CARTESIAN_POINT('',(120.8,-63.,14.8));
#2354 = LINE('',#2355,#2356);
#2355 = CARTESIAN_POINT('',(113.7,-63.,14.8));
#2356 = VECTOR('',#2357,1.);
#2357 = DIRECTION('',(1.,0.,0.));
#2358 = ORIENTED_EDGE('',*,*,#2359,.F.);
#2359 = EDGE_CURVE('',#2336,#2352,#2360,.T.);
#2360 = LINE('',#2361,#2362);
#2361 = CARTESIAN_POINT('',(120.8,-63.45,14.8));
#2362 = VECTOR('',#2363,1.);
#2363 = DIRECTION('',(0.,1.,0.));
#2364 = FACE_BOUND('',#2365,.T.);
#2365 = EDGE_LOOP('',(#2366,#2377,#2386,#2395));
#2366 = ORIENTED_EDGE('',*,*,#2367,.F.);
#2367 = EDGE_CURVE('',#2368,#2370,#2372,.T.);
#2368 = VERTEX_POINT('',#2369);
#2369 = CARTESIAN_POINT('',(115.23461407695,-52.47580645161,14.8));
#2370 = VERTEX_POINT('',#2371);
#2371 = CARTESIAN_POINT('',(119.,-54.8,14.8));
#2372 = CIRCLE('',#2373,2.6);
#2373 = AXIS2_PLACEMENT_3D('',#2374,#2375,#2376);
#2374 = CARTESIAN_POINT('',(116.4,-54.8,14.8));
#2375 = DIRECTION('',(0.,0.,1.));
#2376 = DIRECTION('',(1.,0.,0.));
#2377 = ORIENTED_EDGE('',*,*,#2378,.F.);
#2378 = EDGE_CURVE('',#2379,#2368,#2381,.T.);
#2379 = VERTEX_POINT('',#2380);
#2380 = CARTESIAN_POINT('',(117.8,-51.7,14.8));
#2381 = CIRCLE('',#2382,1.4);
#2382 = AXIS2_PLACEMENT_3D('',#2383,#2384,#2385);
#2383 = CARTESIAN_POINT('',(116.4,-51.7,14.8));
#2384 = DIRECTION('',(0.,0.,1.));
#2385 = DIRECTION('',(1.,0.,0.));
#2386 = ORIENTED_EDGE('',*,*,#2387,.F.);
#2387 = EDGE_CURVE('',#2388,#2379,#2390,.T.);
#2388 = VERTEX_POINT('',#2389);
#2389 = CARTESIAN_POINT('',(117.56538592304,-52.47580645161,14.8));
#2390 = CIRCLE('',#2391,1.4);
#2391 = AXIS2_PLACEMENT_3D('',#2392,#2393,#2394);
#2392 = CARTESIAN_POINT('',(116.4,-51.7,14.8));
#2393 = DIRECTION('',(0.,0.,1.));
#2394 = DIRECTION('',(1.,0.,0.));
#2395 = ORIENTED_EDGE('',*,*,#2396,.F.);
#2396 = EDGE_CURVE('',#2370,#2388,#2397,.T.);
#2397 = CIRCLE('',#2398,2.6);
#2398 = AXIS2_PLACEMENT_3D('',#2399,#2400,#2401);
#2399 = CARTESIAN_POINT('',(116.4,-54.8,14.8));
#2400 = DIRECTION('',(0.,0.,1.));
#2401 = DIRECTION('',(1.,0.,0.));
#2402 = FACE_BOUND('',#2403,.T.);
#2403 = EDGE_LOOP('',(#2404,#2414,#2422,#2430));
#2404 = ORIENTED_EDGE('',*,*,#2405,.F.);
#2405 = EDGE_CURVE('',#2406,#2408,#2410,.T.);
#2406 = VERTEX_POINT('',#2407);
#2407 = CARTESIAN_POINT('',(112.2,-43.6,14.8));
#2408 = VERTEX_POINT('',#2409);
#2409 = CARTESIAN_POINT('',(114.3,-43.6,14.8));
#2410 = LINE('',#2411,#2412);
#2411 = CARTESIAN_POINT('',(112.2,-43.6,14.8));
#2412 = VECTOR('',#2413,1.);
#2413 = DIRECTION('',(1.,0.,0.));
#2414 = ORIENTED_EDGE('',*,*,#2415,.T.);
#2415 = EDGE_CURVE('',#2406,#2416,#2418,.T.);
#2416 = VERTEX_POINT('',#2417);
#2417 = CARTESIAN_POINT('',(112.2,-39.8,14.8));
#2418 = LINE('',#2419,#2420);
#2419 = CARTESIAN_POINT('',(112.2,-43.6,14.8));
#2420 = VECTOR('',#2421,1.);
#2421 = DIRECTION('',(0.,1.,0.));
#2422 = ORIENTED_EDGE('',*,*,#2423,.T.);
#2423 = EDGE_CURVE('',#2416,#2424,#2426,.T.);
#2424 = VERTEX_POINT('',#2425);
#2425 = CARTESIAN_POINT('',(114.3,-39.8,14.8));
#2426 = LINE('',#2427,#2428);
#2427 = CARTESIAN_POINT('',(112.2,-39.8,14.8));
#2428 = VECTOR('',#2429,1.);
#2429 = DIRECTION('',(1.,0.,0.));
#2430 = ORIENTED_EDGE('',*,*,#2431,.F.);
#2431 = EDGE_CURVE('',#2408,#2424,#2432,.T.);
#2432 = LINE('',#2433,#2434);
#2433 = CARTESIAN_POINT('',(114.3,-43.6,14.8));
#2434 = VECTOR('',#2435,1.);
#2435 = DIRECTION('',(0.,1.,0.));
#2436 = FACE_BOUND('',#2437,.T.);
#2437 = EDGE_LOOP('',(#2438));
#2438 = ORIENTED_EDGE('',*,*,#2439,.F.);
#2439 = EDGE_CURVE('',#2440,#2440,#2442,.T.);
#2440 = VERTEX_POINT('',#2441);
#2441 = CARTESIAN_POINT('',(129.5,-59.5,14.8));
#2442 = CIRCLE('',#2443,1.6);
#2443 = AXIS2_PLACEMENT_3D('',#2444,#2445,#2446);
#2444 = CARTESIAN_POINT('',(127.9,-59.5,14.8));
#2445 = DIRECTION('',(0.,0.,1.));
#2446 = DIRECTION('',(1.,0.,0.));
#2447 = FACE_BOUND('',#2448,.T.);
#2448 = EDGE_LOOP('',(#2449));
#2449 = ORIENTED_EDGE('',*,*,#2450,.F.);
#2450 = EDGE_CURVE('',#2451,#2451,#2453,.T.);
#2451 = VERTEX_POINT('',#2452);
#2452 = CARTESIAN_POINT('',(130.7,-53.1,14.8));
#2453 = CIRCLE('',#2454,1.6);
#2454 = AXIS2_PLACEMENT_3D('',#2455,#2456,#2457);
#2455 = CARTESIAN_POINT('',(129.1,-53.1,14.8));
#2456 = DIRECTION('',(0.,0.,1.));
#2457 = DIRECTION('',(1.,0.,0.));
#2458 = FACE_BOUND('',#2459,.T.);
#2459 = EDGE_LOOP('',(#2460));
#2460 = ORIENTED_EDGE('',*,*,#2461,.F.);
#2461 = EDGE_CURVE('',#2462,#2462,#2464,.T.);
#2462 = VERTEX_POINT('',#2463);
#2463 = CARTESIAN_POINT('',(133.6,-56.8,14.8));
#2464 = CIRCLE('',#2465,1.6);
#2465 = AXIS2_PLACEMENT_3D('',#2466,#2467,#2468);
#2466 = CARTESIAN_POINT('',(132.,-56.8,14.8));
#2467 = DIRECTION('',(0.,0.,1.));
#2468 = DIRECTION('',(1.,0.,0.));
#2469 = FACE_BOUND('',#2470,.T.);
#2470 = EDGE_LOOP('',(#2471,#2481,#2489,#2497));
#2471 = ORIENTED_EDGE('',*,*,#2472,.F.);
#2472 = EDGE_CURVE('',#2473,#2475,#2477,.T.);
#2473 = VERTEX_POINT('',#2474);
#2474 = CARTESIAN_POINT('',(131.7,-43.6,14.8));
#2475 = VERTEX_POINT('',#2476);
#2476 = CARTESIAN_POINT('',(133.8,-43.6,14.8));
#2477 = LINE('',#2478,#2479);
#2478 = CARTESIAN_POINT('',(131.7,-43.6,14.8));
#2479 = VECTOR('',#2480,1.);
#2480 = DIRECTION('',(1.,0.,0.));
#2481 = ORIENTED_EDGE('',*,*,#2482,.T.);
#2482 = EDGE_CURVE('',#2473,#2483,#2485,.T.);
#2483 = VERTEX_POINT('',#2484);
#2484 = CARTESIAN_POINT('',(131.7,-39.8,14.8));
#2485 = LINE('',#2486,#2487);
#2486 = CARTESIAN_POINT('',(131.7,-43.6,14.8));
#2487 = VECTOR('',#2488,1.);
#2488 = DIRECTION('',(0.,1.,0.));
#2489 = ORIENTED_EDGE('',*,*,#2490,.T.);
#2490 = EDGE_CURVE('',#2483,#2491,#2493,.T.);
#2491 = VERTEX_POINT('',#2492);
#2492 = CARTESIAN_POINT('',(133.8,-39.8,14.8));
#2493 = LINE('',#2494,#2495);
#2494 = CARTESIAN_POINT('',(131.7,-39.8,14.8));
#2495 = VECTOR('',#2496,1.);
#2496 = DIRECTION('',(1.,0.,0.));
#2497 = ORIENTED_EDGE('',*,*,#2498,.F.);
#2498 = EDGE_CURVE('',#2475,#2491,#2499,.T.);
#2499 = LINE('',#2500,#2501);
#2500 = CARTESIAN_POINT('',(133.8,-43.6,14.8));
#2501 = VECTOR('',#2502,1.);
#2502 = DIRECTION('',(0.,1.,0.));
#2503 = FACE_BOUND('',#2504,.T.);
#2504 = EDGE_LOOP('',(#2505,#2515,#2523,#2531));
#2505 = ORIENTED_EDGE('',*,*,#2506,.F.);
#2506 = EDGE_CURVE('',#2507,#2509,#2511,.T.);
#2507 = VERTEX_POINT('',#2508);
#2508 = CARTESIAN_POINT('',(112.2,-37.,14.8));
#2509 = VERTEX_POINT('',#2510);
#2510 = CARTESIAN_POINT('',(114.3,-37.,14.8));
#2511 = LINE('',#2512,#2513);
#2512 = CARTESIAN_POINT('',(112.2,-37.,14.8));
#2513 = VECTOR('',#2514,1.);
#2514 = DIRECTION('',(1.,0.,0.));
#2515 = ORIENTED_EDGE('',*,*,#2516,.T.);
#2516 = EDGE_CURVE('',#2507,#2517,#2519,.T.);
#2517 = VERTEX_POINT('',#2518);
#2518 = CARTESIAN_POINT('',(112.2,-33.2,14.8));
#2519 = LINE('',#2520,#2521);
#2520 = CARTESIAN_POINT('',(112.2,-37.,14.8));
#2521 = VECTOR('',#2522,1.);
#2522 = DIRECTION('',(0.,1.,0.));
#2523 = ORIENTED_EDGE('',*,*,#2524,.T.);
#2524 = EDGE_CURVE('',#2517,#2525,#2527,.T.);
#2525 = VERTEX_POINT('',#2526);
#2526 = CARTESIAN_POINT('',(114.3,-33.2,14.8));
#2527 = LINE('',#2528,#2529);
#2528 = CARTESIAN_POINT('',(112.2,-33.2,14.8));
#2529 = VECTOR('',#2530,1.);
#2530 = DIRECTION('',(1.,0.,0.));
#2531 = ORIENTED_EDGE('',*,*,#2532,.F.);
#2532 = EDGE_CURVE('',#2509,#2525,#2533,.T.);
#2533 = LINE('',#2534,#2535);
#2534 = CARTESIAN_POINT('',(114.3,-37.,14.8));
#2535 = VECTOR('',#2536,1.);
#2536 = DIRECTION('',(0.,1.,0.));
#2537 = FACE_BOUND('',#2538,.T.);
#2538 = EDGE_LOOP('',(#2539,#2549,#2557,#2565));
#2539 = ORIENTED_EDGE('',*,*,#2540,.F.);
#2540 = EDGE_CURVE('',#2541,#2543,#2545,.T.);
#2541 = VERTEX_POINT('',#2542);
#2542 = CARTESIAN_POINT('',(112.2,-30.4,14.8));
#2543 = VERTEX_POINT('',#2544);
#2544 = CARTESIAN_POINT('',(114.3,-30.4,14.8));
#2545 = LINE('',#2546,#2547);
#2546 = CARTESIAN_POINT('',(112.2,-30.4,14.8));
#2547 = VECTOR('',#2548,1.);
#2548 = DIRECTION('',(1.,0.,0.));
#2549 = ORIENTED_EDGE('',*,*,#2550,.T.);
#2550 = EDGE_CURVE('',#2541,#2551,#2553,.T.);
#2551 = VERTEX_POINT('',#2552);
#2552 = CARTESIAN_POINT('',(112.2,-26.6,14.8));
#2553 = LINE('',#2554,#2555);
#2554 = CARTESIAN_POINT('',(112.2,-30.4,14.8));
#2555 = VECTOR('',#2556,1.);
#2556 = DIRECTION('',(0.,1.,0.));
#2557 = ORIENTED_EDGE('',*,*,#2558,.T.);
#2558 = EDGE_CURVE('',#2551,#2559,#2561,.T.);
#2559 = VERTEX_POINT('',#2560);
#2560 = CARTESIAN_POINT('',(114.3,-26.6,14.8));
#2561 = LINE('',#2562,#2563);
#2562 = CARTESIAN_POINT('',(112.2,-26.6,14.8));
#2563 = VECTOR('',#2564,1.);
#2564 = DIRECTION('',(1.,0.,0.));
#2565 = ORIENTED_EDGE('',*,*,#2566,.F.);
#2566 = EDGE_CURVE('',#2543,#2559,#2567,.T.);
#2567 = LINE('',#2568,#2569);
#2568 = CARTESIAN_POINT('',(114.3,-30.4,14.8));
#2569 = VECTOR('',#2570,1.);
#2570 = DIRECTION('',(0.,1.,0.));
#2571 = FACE_BOUND('',#2572,.T.);
#2572 = EDGE_LOOP('',(#2573,#2574,#2575,#2576));
#2573 = ORIENTED_EDGE('',*,*,#1558,.T.);
#2574 = ORIENTED_EDGE('',*,*,#1623,.T.);
#2575 = ORIENTED_EDGE('',*,*,#1606,.F.);
#2576 = ORIENTED_EDGE('',*,*,#1582,.F.);
#2577 = FACE_BOUND('',#2578,.T.);
#2578 = EDGE_LOOP('',(#2579,#2589,#2597,#2605));
#2579 = ORIENTED_EDGE('',*,*,#2580,.F.);
#2580 = EDGE_CURVE('',#2581,#2583,#2585,.T.);
#2581 = VERTEX_POINT('',#2582);
#2582 = CARTESIAN_POINT('',(112.2,-23.8,14.8));
#2583 = VERTEX_POINT('',#2584);
#2584 = CARTESIAN_POINT('',(114.3,-23.8,14.8));
#2585 = LINE('',#2586,#2587);
#2586 = CARTESIAN_POINT('',(112.2,-23.8,14.8));
#2587 = VECTOR('',#2588,1.);
#2588 = DIRECTION('',(1.,0.,0.));
#2589 = ORIENTED_EDGE('',*,*,#2590,.T.);
#2590 = EDGE_CURVE('',#2581,#2591,#2593,.T.);
#2591 = VERTEX_POINT('',#2592);
#2592 = CARTESIAN_POINT('',(112.2,-20.,14.8));
#2593 = LINE('',#2594,#2595);
#2594 = CARTESIAN_POINT('',(112.2,-23.8,14.8));
#2595 = VECTOR('',#2596,1.);
#2596 = DIRECTION('',(0.,1.,0.));
#2597 = ORIENTED_EDGE('',*,*,#2598,.T.);
#2598 = EDGE_CURVE('',#2591,#2599,#2601,.T.);
#2599 = VERTEX_POINT('',#2600);
#2600 = CARTESIAN_POINT('',(114.3,-20.,14.8));
#2601 = LINE('',#2602,#2603);
#2602 = CARTESIAN_POINT('',(112.2,-20.,14.8));
#2603 = VECTOR('',#2604,1.);
#2604 = DIRECTION('',(1.,0.,0.));
#2605 = ORIENTED_EDGE('',*,*,#2606,.F.);
#2606 = EDGE_CURVE('',#2583,#2599,#2607,.T.);
#2607 = LINE('',#2608,#2609);
#2608 = CARTESIAN_POINT('',(114.3,-23.8,14.8));
#2609 = VECTOR('',#2610,1.);
#2610 = DIRECTION('',(0.,1.,0.));
#2611 = FACE_BOUND('',#2612,.T.);
#2612 = EDGE_LOOP('',(#2613,#2623,#2631,#2639,#2647,#2655,#2663,#2671));
#2613 = ORIENTED_EDGE('',*,*,#2614,.T.);
#2614 = EDGE_CURVE('',#2615,#2617,#2619,.T.);
#2615 = VERTEX_POINT('',#2616);
#2616 = CARTESIAN_POINT('',(112.3,-16.8,14.8));
#2617 = VERTEX_POINT('',#2618);
#2618 = CARTESIAN_POINT('',(112.3,-13.3,14.8));
#2619 = LINE('',#2620,#2621);
#2620 = CARTESIAN_POINT('',(112.3,-16.8,14.8));
#2621 = VECTOR('',#2622,1.);
#2622 = DIRECTION('',(0.,1.,0.));
#2623 = ORIENTED_EDGE('',*,*,#2624,.T.);
#2624 = EDGE_CURVE('',#2617,#2625,#2627,.T.);
#2625 = VERTEX_POINT('',#2626);
#2626 = CARTESIAN_POINT('',(116.,-13.3,14.8));
#2627 = LINE('',#2628,#2629);
#2628 = CARTESIAN_POINT('',(112.3,-13.3,14.8));
#2629 = VECTOR('',#2630,1.);
#2630 = DIRECTION('',(1.,0.,0.));
#2631 = ORIENTED_EDGE('',*,*,#2632,.T.);
#2632 = EDGE_CURVE('',#2625,#2633,#2635,.T.);
#2633 = VERTEX_POINT('',#2634);
#2634 = CARTESIAN_POINT('',(116.,-12.2,14.8));
#2635 = LINE('',#2636,#2637);
#2636 = CARTESIAN_POINT('',(116.,-13.3,14.8));
#2637 = VECTOR('',#2638,1.);
#2638 = DIRECTION('',(0.,1.,0.));
#2639 = ORIENTED_EDGE('',*,*,#2640,.T.);
#2640 = EDGE_CURVE('',#2633,#2641,#2643,.T.);
#2641 = VERTEX_POINT('',#2642);
#2642 = CARTESIAN_POINT('',(130.1,-12.2,14.8));
#2643 = LINE('',#2644,#2645);
#2644 = CARTESIAN_POINT('',(116.,-12.2,14.8));
#2645 = VECTOR('',#2646,1.);
#2646 = DIRECTION('',(1.,0.,0.));
#2647 = ORIENTED_EDGE('',*,*,#2648,.T.);
#2648 = EDGE_CURVE('',#2641,#2649,#2651,.T.);
#2649 = VERTEX_POINT('',#2650);
#2650 = CARTESIAN_POINT('',(130.1,-13.3,14.8));
#2651 = LINE('',#2652,#2653);
#2652 = CARTESIAN_POINT('',(130.1,-12.2,14.8));
#2653 = VECTOR('',#2654,1.);
#2654 = DIRECTION('',(0.,-1.,0.));
#2655 = ORIENTED_EDGE('',*,*,#2656,.T.);
#2656 = EDGE_CURVE('',#2649,#2657,#2659,.T.);
#2657 = VERTEX_POINT('',#2658);
#2658 = CARTESIAN_POINT('',(133.5,-13.3,14.8));
#2659 = LINE('',#2660,#2661);
#2660 = CARTESIAN_POINT('',(130.1,-13.3,14.8));
#2661 = VECTOR('',#2662,1.);
#2662 = DIRECTION('',(1.,0.,0.));
#2663 = ORIENTED_EDGE('',*,*,#2664,.T.);
#2664 = EDGE_CURVE('',#2657,#2665,#2667,.T.);
#2665 = VERTEX_POINT('',#2666);
#2666 = CARTESIAN_POINT('',(133.5,-16.8,14.8));
#2667 = LINE('',#2668,#2669);
#2668 = CARTESIAN_POINT('',(133.5,-13.3,14.8));
#2669 = VECTOR('',#2670,1.);
#2670 = DIRECTION('',(0.,-1.,0.));
#2671 = ORIENTED_EDGE('',*,*,#2672,.T.);
#2672 = EDGE_CURVE('',#2665,#2615,#2673,.T.);
#2673 = LINE('',#2674,#2675);
#2674 = CARTESIAN_POINT('',(133.5,-16.8,14.8));
#2675 = VECTOR('',#2676,1.);
#2676 = DIRECTION('',(-1.,0.,0.));
#2677 = FACE_BOUND('',#2678,.T.);
#2678 = EDGE_LOOP('',(#2679,#2689,#2697,#2705));
#2679 = ORIENTED_EDGE('',*,*,#2680,.F.);
#2680 = EDGE_CURVE('',#2681,#2683,#2685,.T.);
#2681 = VERTEX_POINT('',#2682);
#2682 = CARTESIAN_POINT('',(131.7,-37.,14.8));
#2683 = VERTEX_POINT('',#2684);
#2684 = CARTESIAN_POINT('',(133.8,-37.,14.8));
#2685 = LINE('',#2686,#2687);
#2686 = CARTESIAN_POINT('',(131.7,-37.,14.8));
#2687 = VECTOR('',#2688,1.);
#2688 = DIRECTION('',(1.,0.,0.));
#2689 = ORIENTED_EDGE('',*,*,#2690,.T.);
#2690 = EDGE_CURVE('',#2681,#2691,#2693,.T.);
#2691 = VERTEX_POINT('',#2692);
#2692 = CARTESIAN_POINT('',(131.7,-33.2,14.8));
#2693 = LINE('',#2694,#2695);
#2694 = CARTESIAN_POINT('',(131.7,-37.,14.8));
#2695 = VECTOR('',#2696,1.);
#2696 = DIRECTION('',(0.,1.,0.));
#2697 = ORIENTED_EDGE('',*,*,#2698,.T.);
#2698 = EDGE_CURVE('',#2691,#2699,#2701,.T.);
#2699 = VERTEX_POINT('',#2700);
#2700 = CARTESIAN_POINT('',(133.8,-33.2,14.8));
#2701 = LINE('',#2702,#2703);
#2702 = CARTESIAN_POINT('',(131.7,-33.2,14.8));
#2703 = VECTOR('',#2704,1.);
#2704 = DIRECTION('',(1.,0.,0.));
#2705 = ORIENTED_EDGE('',*,*,#2706,.F.);
#2706 = EDGE_CURVE('',#2683,#2699,#2707,.T.);
#2707 = LINE('',#2708,#2709);
#2708 = CARTESIAN_POINT('',(133.8,-37.,14.8));
#2709 = VECTOR('',#2710,1.);
#2710 = DIRECTION('',(0.,1.,0.));
#2711 = FACE_BOUND('',#2712,.T.);
#2712 = EDGE_LOOP('',(#2713,#2723,#2731,#2739));
#2713 = ORIENTED_EDGE('',*,*,#2714,.F.);
#2714 = EDGE_CURVE('',#2715,#2717,#2719,.T.);
#2715 = VERTEX_POINT('',#2716);
#2716 = CARTESIAN_POINT('',(131.7,-30.4,14.8));
#2717 = VERTEX_POINT('',#2718);
#2718 = CARTESIAN_POINT('',(133.8,-30.4,14.8));
#2719 = LINE('',#2720,#2721);
#2720 = CARTESIAN_POINT('',(131.7,-30.4,14.8));
#2721 = VECTOR('',#2722,1.);
#2722 = DIRECTION('',(1.,0.,0.));
#2723 = ORIENTED_EDGE('',*,*,#2724,.T.);
#2724 = EDGE_CURVE('',#2715,#2725,#2727,.T.);
#2725 = VERTEX_POINT('',#2726);
#2726 = CARTESIAN_POINT('',(131.7,-26.6,14.8));
#2727 = LINE('',#2728,#2729);
#2728 = CARTESIAN_POINT('',(131.7,-30.4,14.8));
#2729 = VECTOR('',#2730,1.);
#2730 = DIRECTION('',(0.,1.,0.));
#2731 = ORIENTED_EDGE('',*,*,#2732,.T.);
#2732 = EDGE_CURVE('',#2725,#2733,#2735,.T.);
#2733 = VERTEX_POINT('',#2734);
#2734 = CARTESIAN_POINT('',(133.8,-26.6,14.8));
#2735 = LINE('',#2736,#2737);
#2736 = CARTESIAN_POINT('',(131.7,-26.6,14.8));
#2737 = VECTOR('',#2738,1.);
#2738 = DIRECTION('',(1.,0.,0.));
#2739 = ORIENTED_EDGE('',*,*,#2740,.F.);
#2740 = EDGE_CURVE('',#2717,#2733,#2741,.T.);
#2741 = LINE('',#2742,#2743);
#2742 = CARTESIAN_POINT('',(133.8,-30.4,14.8));
#2743 = VECTOR('',#2744,1.);
#2744 = DIRECTION('',(0.,1.,0.));
#2745 = FACE_BOUND('',#2746,.T.);
#2746 = EDGE_LOOP('',(#2747,#2757,#2765,#2773));
#2747 = ORIENTED_EDGE('',*,*,#2748,.F.);
#2748 = EDGE_CURVE('',#2749,#2751,#2753,.T.);
#2749 = VERTEX_POINT('',#2750);
#2750 = CARTESIAN_POINT('',(131.7,-23.8,14.8));
#2751 = VERTEX_POINT('',#2752);
#2752 = CARTESIAN_POINT('',(133.8,-23.8,14.8));
#2753 = LINE('',#2754,#2755);
#2754 = CARTESIAN_POINT('',(131.7,-23.8,14.8));
#2755 = VECTOR('',#2756,1.);
#2756 = DIRECTION('',(1.,0.,0.));
#2757 = ORIENTED_EDGE('',*,*,#2758,.T.);
#2758 = EDGE_CURVE('',#2749,#2759,#2761,.T.);
#2759 = VERTEX_POINT('',#2760);
#2760 = CARTESIAN_POINT('',(131.7,-20.,14.8));
#2761 = LINE('',#2762,#2763);
#2762 = CARTESIAN_POINT('',(131.7,-23.8,14.8));
#2763 = VECTOR('',#2764,1.);
#2764 = DIRECTION('',(0.,1.,0.));
#2765 = ORIENTED_EDGE('',*,*,#2766,.T.);
#2766 = EDGE_CURVE('',#2759,#2767,#2769,.T.);
#2767 = VERTEX_POINT('',#2768);
#2768 = CARTESIAN_POINT('',(133.8,-20.,14.8));
#2769 = LINE('',#2770,#2771);
#2770 = CARTESIAN_POINT('',(131.7,-20.,14.8));
#2771 = VECTOR('',#2772,1.);
#2772 = DIRECTION('',(1.,0.,0.));
#2773 = ORIENTED_EDGE('',*,*,#2774,.F.);
#2774 = EDGE_CURVE('',#2751,#2767,#2775,.T.);
#2775 = LINE('',#2776,#2777);
#2776 = CARTESIAN_POINT('',(133.8,-23.8,14.8));
#2777 = VECTOR('',#2778,1.);
#2778 = DIRECTION('',(0.,1.,0.));
#2779 = PLANE('',#2780);
#2780 = AXIS2_PLACEMENT_3D('',#2781,#2782,#2783);
#2781 = CARTESIAN_POINT('',(122.95668743016,-39.09787768044,14.8));
#2782 = DIRECTION('',(0.,0.,1.));
#2783 = DIRECTION('',(1.,0.,0.));
#2784 = ADVANCED_FACE('',(#2785),#2796,.F.);
#2785 = FACE_BOUND('',#2786,.F.);
#2786 = EDGE_LOOP('',(#2787,#2788,#2789,#2795));
#2787 = ORIENTED_EDGE('',*,*,#1745,.F.);
#2788 = ORIENTED_EDGE('',*,*,#1715,.F.);
#2789 = ORIENTED_EDGE('',*,*,#2790,.T.);
#2790 = EDGE_CURVE('',#1708,#1803,#2791,.T.);
#2791 = LINE('',#2792,#2793);
#2792 = CARTESIAN_POINT('',(129.3,-20.,11.8));
#2793 = VECTOR('',#2794,1.);
#2794 = DIRECTION('',(0.,1.,0.));
#2795 = ORIENTED_EDGE('',*,*,#1810,.F.);
#2796 = PLANE('',#2797);
#2797 = AXIS2_PLACEMENT_3D('',#2798,#2799,#2800);
#2798 = CARTESIAN_POINT('',(116.3,-20.,11.8));
#2799 = DIRECTION('',(0.,0.,1.));
#2800 = DIRECTION('',(1.,0.,0.));
#2801 = ADVANCED_FACE('',(#2802),#2808,.F.);
#2802 = FACE_BOUND('',#2803,.F.);
#2803 = EDGE_LOOP('',(#2804,#2805,#2806,#2807));
#2804 = ORIENTED_EDGE('',*,*,#2790,.F.);
#2805 = ORIENTED_EDGE('',*,*,#1707,.F.);
#2806 = ORIENTED_EDGE('',*,*,#2151,.T.);
#2807 = ORIENTED_EDGE('',*,*,#1802,.F.);
#2808 = PLANE('',#2809);
#2809 = AXIS2_PLACEMENT_3D('',#2810,#2811,#2812);
#2810 = CARTESIAN_POINT('',(129.3,-20.,6.2));
#2811 = DIRECTION('',(1.,0.,0.));
#2812 = DIRECTION('',(0.,0.,1.));
#2813 = ADVANCED_FACE('',(#2814),#2820,.T.);
#2814 = FACE_BOUND('',#2815,.T.);
#2815 = EDGE_LOOP('',(#2816,#2817,#2818,#2819));
#2816 = ORIENTED_EDGE('',*,*,#1786,.T.);
#2817 = ORIENTED_EDGE('',*,*,#2255,.T.);
#2818 = ORIENTED_EDGE('',*,*,#2016,.F.);
#2819 = ORIENTED_EDGE('',*,*,#2158,.F.);
#2820 = CYLINDRICAL_SURFACE('',#2821,2.4);
#2821 = AXIS2_PLACEMENT_3D('',#2822,#2823,#2824);
#2822 = CARTESIAN_POINT('',(132.6,-13.4,6.3));
#2823 = DIRECTION('',(0.,0.,-1.));
#2824 = DIRECTION('',(0.,1.,0.));
#2825 = ADVANCED_FACE('',(#2826),#2829,.F.);
#2826 = FACE_BOUND('',#2827,.T.);
#2827 = EDGE_LOOP('',(#2828));
#2828 = ORIENTED_EDGE('',*,*,#1940,.F.);
#2829 = PLANE('',#2830);
#2830 = AXIS2_PLACEMENT_3D('',#2831,#2832,#2833);
#2831 = CARTESIAN_POINT('',(113.,-52.8,6.8));
#2832 = DIRECTION('',(0.,0.,1.));
#2833 = DIRECTION('',(1.,0.,0.));
#2834 = ADVANCED_FACE('',(#2835),#2838,.F.);
#2835 = FACE_BOUND('',#2836,.T.);
#2836 = EDGE_LOOP('',(#2837));
#2837 = ORIENTED_EDGE('',*,*,#1965,.F.);
#2838 = PLANE('',#2839);
#2839 = AXIS2_PLACEMENT_3D('',#2840,#2841,#2842);
#2840 = CARTESIAN_POINT('',(122.8,-64.7,6.8));
#2841 = DIRECTION('',(0.,0.,1.));
#2842 = DIRECTION('',(1.,0.,0.));
#2843 = ADVANCED_FACE('',(#2844),#2863,.F.);
#2844 = FACE_BOUND('',#2845,.T.);
#2845 = EDGE_LOOP('',(#2846,#2847,#2855,#2862));
#2846 = ORIENTED_EDGE('',*,*,#2175,.T.);
#2847 = ORIENTED_EDGE('',*,*,#2848,.T.);
#2848 = EDGE_CURVE('',#2176,#2849,#2851,.T.);
#2849 = VERTEX_POINT('',#2850);
#2850 = CARTESIAN_POINT('',(134.6,-52.8,6.8));
#2851 = LINE('',#2852,#2853);
#2852 = CARTESIAN_POINT('',(134.6,-52.8,6.2));
#2853 = VECTOR('',#2854,1.);
#2854 = DIRECTION('',(0.,0.,1.));
#2855 = ORIENTED_EDGE('',*,*,#2856,.T.);
#2856 = EDGE_CURVE('',#2849,#2849,#2857,.T.);
#2857 = CIRCLE('',#2858,1.6);
#2858 = AXIS2_PLACEMENT_3D('',#2859,#2860,#2861);
#2859 = CARTESIAN_POINT('',(133.,-52.8,6.8));
#2860 = DIRECTION('',(0.,0.,1.));
#2861 = DIRECTION('',(1.,0.,0.));
#2862 = ORIENTED_EDGE('',*,*,#2848,.F.);
#2863 = CYLINDRICAL_SURFACE('',#2864,1.6);
#2864 = AXIS2_PLACEMENT_3D('',#2865,#2866,#2867);
#2865 = CARTESIAN_POINT('',(133.,-52.8,6.2));
#2866 = DIRECTION('',(-0.,-0.,-1.));
#2867 = DIRECTION('',(1.,0.,0.));
#2868 = ADVANCED_FACE('',(#2869),#2894,.T.);
#2869 = FACE_BOUND('',#2870,.T.);
#2870 = EDGE_LOOP('',(#2871,#2881,#2887,#2888));
#2871 = ORIENTED_EDGE('',*,*,#2872,.F.);
#2872 = EDGE_CURVE('',#2873,#2875,#2877,.T.);
#2873 = VERTEX_POINT('',#2874);
#2874 = CARTESIAN_POINT('',(113.7,-65.25,14.4));
#2875 = VERTEX_POINT('',#2876);
#2876 = CARTESIAN_POINT('',(120.8,-65.25,14.4));
#2877 = LINE('',#2878,#2879);
#2878 = CARTESIAN_POINT('',(113.7,-65.25,14.4));
#2879 = VECTOR('',#2880,1.);
#2880 = DIRECTION('',(1.,0.,0.));
#2881 = ORIENTED_EDGE('',*,*,#2882,.T.);
#2882 = EDGE_CURVE('',#2873,#2266,#2883,.T.);
#2883 = LINE('',#2884,#2885);
#2884 = CARTESIAN_POINT('',(113.7,-65.25,14.4));
#2885 = VECTOR('',#2886,1.);
#2886 = DIRECTION('',(0.,0.,1.));
#2887 = ORIENTED_EDGE('',*,*,#2265,.T.);
#2888 = ORIENTED_EDGE('',*,*,#2889,.F.);
#2889 = EDGE_CURVE('',#2875,#2268,#2890,.T.);
#2890 = LINE('',#2891,#2892);
#2891 = CARTESIAN_POINT('',(120.8,-65.25,14.4));
#2892 = VECTOR('',#2893,1.);
#2893 = DIRECTION('',(0.,0.,1.));
#2894 = PLANE('',#2895);
#2895 = AXIS2_PLACEMENT_3D('',#2896,#2897,#2898);
#2896 = CARTESIAN_POINT('',(113.7,-65.25,14.4));
#2897 = DIRECTION('',(0.,1.,0.));
#2898 = DIRECTION('',(0.,0.,1.));
#2899 = ADVANCED_FACE('',(#2900),#2918,.F.);
#2900 = FACE_BOUND('',#2901,.F.);
#2901 = EDGE_LOOP('',(#2902,#2903,#2911,#2917));
#2902 = ORIENTED_EDGE('',*,*,#2889,.F.);
#2903 = ORIENTED_EDGE('',*,*,#2904,.T.);
#2904 = EDGE_CURVE('',#2875,#2905,#2907,.T.);
#2905 = VERTEX_POINT('',#2906);
#2906 = CARTESIAN_POINT('',(120.8,-64.8,14.4));
#2907 = LINE('',#2908,#2909);
#2908 = CARTESIAN_POINT('',(120.8,-65.25,14.4));
#2909 = VECTOR('',#2910,1.);
#2910 = DIRECTION('',(0.,1.,0.));
#2911 = ORIENTED_EDGE('',*,*,#2912,.T.);
#2912 = EDGE_CURVE('',#2905,#2284,#2913,.T.);
#2913 = LINE('',#2914,#2915);
#2914 = CARTESIAN_POINT('',(120.8,-64.8,14.4));
#2915 = VECTOR('',#2916,1.);
#2916 = DIRECTION('',(0.,0.,1.));
#2917 = ORIENTED_EDGE('',*,*,#2291,.F.);
#2918 = PLANE('',#2919);
#2919 = AXIS2_PLACEMENT_3D('',#2920,#2921,#2922);
#2920 = CARTESIAN_POINT('',(120.8,-65.25,14.4));
#2921 = DIRECTION('',(1.,0.,0.));
#2922 = DIRECTION('',(0.,0.,1.));
#2923 = ADVANCED_FACE('',(#2924),#2942,.F.);
#2924 = FACE_BOUND('',#2925,.F.);
#2925 = EDGE_LOOP('',(#2926,#2934,#2940,#2941));
#2926 = ORIENTED_EDGE('',*,*,#2927,.F.);
#2927 = EDGE_CURVE('',#2928,#2905,#2930,.T.);
#2928 = VERTEX_POINT('',#2929);
#2929 = CARTESIAN_POINT('',(113.7,-64.8,14.4));
#2930 = LINE('',#2931,#2932);
#2931 = CARTESIAN_POINT('',(113.7,-64.8,14.4));
#2932 = VECTOR('',#2933,1.);
#2933 = DIRECTION('',(1.,0.,0.));
#2934 = ORIENTED_EDGE('',*,*,#2935,.T.);
#2935 = EDGE_CURVE('',#2928,#2276,#2936,.T.);
#2936 = LINE('',#2937,#2938);
#2937 = CARTESIAN_POINT('',(113.7,-64.8,14.4));
#2938 = VECTOR('',#2939,1.);
#2939 = DIRECTION('',(0.,0.,1.));
#2940 = ORIENTED_EDGE('',*,*,#2283,.T.);
#2941 = ORIENTED_EDGE('',*,*,#2912,.F.);
#2942 = PLANE('',#2943);
#2943 = AXIS2_PLACEMENT_3D('',#2944,#2945,#2946);
#2944 = CARTESIAN_POINT('',(113.7,-64.8,14.4));
#2945 = DIRECTION('',(0.,1.,0.));
#2946 = DIRECTION('',(0.,0.,1.));
#2947 = ADVANCED_FACE('',(#2948),#2959,.T.);
#2948 = FACE_BOUND('',#2949,.T.);
#2949 = EDGE_LOOP('',(#2950,#2951,#2957,#2958));
#2950 = ORIENTED_EDGE('',*,*,#2882,.F.);
#2951 = ORIENTED_EDGE('',*,*,#2952,.T.);
#2952 = EDGE_CURVE('',#2873,#2928,#2953,.T.);
#2953 = LINE('',#2954,#2955);
#2954 = CARTESIAN_POINT('',(113.7,-65.25,14.4));
#2955 = VECTOR('',#2956,1.);
#2956 = DIRECTION('',(0.,1.,0.));
#2957 = ORIENTED_EDGE('',*,*,#2935,.T.);
#2958 = ORIENTED_EDGE('',*,*,#2275,.F.);
#2959 = PLANE('',#2960);
#2960 = AXIS2_PLACEMENT_3D('',#2961,#2962,#2963);
#2961 = CARTESIAN_POINT('',(113.7,-65.25,14.4));
#2962 = DIRECTION('',(1.,0.,0.));
#2963 = DIRECTION('',(0.,0.,1.));
#2964 = ADVANCED_FACE('',(#2965),#2990,.T.);
#2965 = FACE_BOUND('',#2966,.T.);
#2966 = EDGE_LOOP('',(#2967,#2977,#2983,#2984));
#2967 = ORIENTED_EDGE('',*,*,#2968,.F.);
#2968 = EDGE_CURVE('',#2969,#2971,#2973,.T.);
#2969 = VERTEX_POINT('',#2970);
#2970 = CARTESIAN_POINT('',(113.7,-64.35,14.4));
#2971 = VERTEX_POINT('',#2972);
#2972 = CARTESIAN_POINT('',(120.8,-64.35,14.4));
#2973 = LINE('',#2974,#2975);
#2974 = CARTESIAN_POINT('',(113.7,-64.35,14.4));
#2975 = VECTOR('',#2976,1.);
#2976 = DIRECTION('',(1.,0.,0.));
#2977 = ORIENTED_EDGE('',*,*,#2978,.T.);
#2978 = EDGE_CURVE('',#2969,#2300,#2979,.T.);
#2979 = LINE('',#2980,#2981);
#2980 = CARTESIAN_POINT('',(113.7,-64.35,14.4));
#2981 = VECTOR('',#2982,1.);
#2982 = DIRECTION('',(0.,0.,1.));
#2983 = ORIENTED_EDGE('',*,*,#2299,.T.);
#2984 = ORIENTED_EDGE('',*,*,#2985,.F.);
#2985 = EDGE_CURVE('',#2971,#2302,#2986,.T.);
#2986 = LINE('',#2987,#2988);
#2987 = CARTESIAN_POINT('',(120.8,-64.35,14.4));
#2988 = VECTOR('',#2989,1.);
#2989 = DIRECTION('',(0.,0.,1.));
#2990 = PLANE('',#2991);
#2991 = AXIS2_PLACEMENT_3D('',#2992,#2993,#2994);
#2992 = CARTESIAN_POINT('',(113.7,-64.35,14.4));
#2993 = DIRECTION('',(0.,1.,0.));
#2994 = DIRECTION('',(0.,0.,1.));
#2995 = ADVANCED_FACE('',(#2996),#3014,.F.);
#2996 = FACE_BOUND('',#2997,.F.);
#2997 = EDGE_LOOP('',(#2998,#2999,#3007,#3013));
#2998 = ORIENTED_EDGE('',*,*,#2985,.F.);
#2999 = ORIENTED_EDGE('',*,*,#3000,.T.);
#3000 = EDGE_CURVE('',#2971,#3001,#3003,.T.);
#3001 = VERTEX_POINT('',#3002);
#3002 = CARTESIAN_POINT('',(120.8,-63.9,14.4));
#3003 = LINE('',#3004,#3005);
#3004 = CARTESIAN_POINT('',(120.8,-64.35,14.4));
#3005 = VECTOR('',#3006,1.);
#3006 = DIRECTION('',(0.,1.,0.));
#3007 = ORIENTED_EDGE('',*,*,#3008,.T.);
#3008 = EDGE_CURVE('',#3001,#2318,#3009,.T.);
#3009 = LINE('',#3010,#3011);
#3010 = CARTESIAN_POINT('',(120.8,-63.9,14.4));
#3011 = VECTOR('',#3012,1.);
#3012 = DIRECTION('',(0.,0.,1.));
#3013 = ORIENTED_EDGE('',*,*,#2325,.F.);
#3014 = PLANE('',#3015);
#3015 = AXIS2_PLACEMENT_3D('',#3016,#3017,#3018);
#3016 = CARTESIAN_POINT('',(120.8,-64.35,14.4));
#3017 = DIRECTION('',(1.,0.,0.));
#3018 = DIRECTION('',(0.,0.,1.));
#3019 = ADVANCED_FACE('',(#3020),#3038,.F.);
#3020 = FACE_BOUND('',#3021,.F.);
#3021 = EDGE_LOOP('',(#3022,#3030,#3036,#3037));
#3022 = ORIENTED_EDGE('',*,*,#3023,.F.);
#3023 = EDGE_CURVE('',#3024,#3001,#3026,.T.);
#3024 = VERTEX_POINT('',#3025);
#3025 = CARTESIAN_POINT('',(113.7,-63.9,14.4));
#3026 = LINE('',#3027,#3028);
#3027 = CARTESIAN_POINT('',(113.7,-63.9,14.4));
#3028 = VECTOR('',#3029,1.);
#3029 = DIRECTION('',(1.,0.,0.));
#3030 = ORIENTED_EDGE('',*,*,#3031,.T.);
#3031 = EDGE_CURVE('',#3024,#2310,#3032,.T.);
#3032 = LINE('',#3033,#3034);
#3033 = CARTESIAN_POINT('',(113.7,-63.9,14.4));
#3034 = VECTOR('',#3035,1.);
#3035 = DIRECTION('',(0.,0.,1.));
#3036 = ORIENTED_EDGE('',*,*,#2317,.T.);
#3037 = ORIENTED_EDGE('',*,*,#3008,.F.);
#3038 = PLANE('',#3039);
#3039 = AXIS2_PLACEMENT_3D('',#3040,#3041,#3042);
#3040 = CARTESIAN_POINT('',(113.7,-63.9,14.4));
#3041 = DIRECTION('',(0.,1.,0.));
#3042 = DIRECTION('',(0.,0.,1.));
#3043 = ADVANCED_FACE('',(#3044),#3055,.T.);
#3044 = FACE_BOUND('',#3045,.T.);
#3045 = EDGE_LOOP('',(#3046,#3047,#3053,#3054));
#3046 = ORIENTED_EDGE('',*,*,#2978,.F.);
#3047 = ORIENTED_EDGE('',*,*,#3048,.T.);
#3048 = EDGE_CURVE('',#2969,#3024,#3049,.T.);
#3049 = LINE('',#3050,#3051);
#3050 = CARTESIAN_POINT('',(113.7,-64.35,14.4));
#3051 = VECTOR('',#3052,1.);
#3052 = DIRECTION('',(0.,1.,0.));
#3053 = ORIENTED_EDGE('',*,*,#3031,.T.);
#3054 = ORIENTED_EDGE('',*,*,#2309,.F.);
#3055 = PLANE('',#3056);
#3056 = AXIS2_PLACEMENT_3D('',#3057,#3058,#3059);
#3057 = CARTESIAN_POINT('',(113.7,-64.35,14.4));
#3058 = DIRECTION('',(1.,0.,0.));
#3059 = DIRECTION('',(0.,0.,1.));
#3060 = ADVANCED_FACE('',(#3061),#3086,.T.);
#3061 = FACE_BOUND('',#3062,.T.);
#3062 = EDGE_LOOP('',(#3063,#3073,#3079,#3080));
#3063 = ORIENTED_EDGE('',*,*,#3064,.F.);
#3064 = EDGE_CURVE('',#3065,#3067,#3069,.T.);
#3065 = VERTEX_POINT('',#3066);
#3066 = CARTESIAN_POINT('',(113.7,-63.45,14.4));
#3067 = VERTEX_POINT('',#3068);
#3068 = CARTESIAN_POINT('',(120.8,-63.45,14.4));
#3069 = LINE('',#3070,#3071);
#3070 = CARTESIAN_POINT('',(113.7,-63.45,14.4));
#3071 = VECTOR('',#3072,1.);
#3072 = DIRECTION('',(1.,0.,0.));
#3073 = ORIENTED_EDGE('',*,*,#3074,.T.);
#3074 = EDGE_CURVE('',#3065,#2334,#3075,.T.);
#3075 = LINE('',#3076,#3077);
#3076 = CARTESIAN_POINT('',(113.7,-63.45,14.4));
#3077 = VECTOR('',#3078,1.);
#3078 = DIRECTION('',(0.,0.,1.));
#3079 = ORIENTED_EDGE('',*,*,#2333,.T.);
#3080 = ORIENTED_EDGE('',*,*,#3081,.F.);
#3081 = EDGE_CURVE('',#3067,#2336,#3082,.T.);
#3082 = LINE('',#3083,#3084);
#3083 = CARTESIAN_POINT('',(120.8,-63.45,14.4));
#3084 = VECTOR('',#3085,1.);
#3085 = DIRECTION('',(0.,0.,1.));
#3086 = PLANE('',#3087);
#3087 = AXIS2_PLACEMENT_3D('',#3088,#3089,#3090);
#3088 = CARTESIAN_POINT('',(113.7,-63.45,14.4));
#3089 = DIRECTION('',(0.,1.,0.));
#3090 = DIRECTION('',(0.,0.,1.));
#3091 = ADVANCED_FACE('',(#3092),#3110,.F.);
#3092 = FACE_BOUND('',#3093,.F.);
#3093 = EDGE_LOOP('',(#3094,#3095,#3103,#3109));
#3094 = ORIENTED_EDGE('',*,*,#3081,.F.);
#3095 = ORIENTED_EDGE('',*,*,#3096,.T.);
#3096 = EDGE_CURVE('',#3067,#3097,#3099,.T.);
#3097 = VERTEX_POINT('',#3098);
#3098 = CARTESIAN_POINT('',(120.8,-63.,14.4));
#3099 = LINE('',#3100,#3101);
#3100 = CARTESIAN_POINT('',(120.8,-63.45,14.4));
#3101 = VECTOR('',#3102,1.);
#3102 = DIRECTION('',(0.,1.,0.));
#3103 = ORIENTED_EDGE('',*,*,#3104,.T.);
#3104 = EDGE_CURVE('',#3097,#2352,#3105,.T.);
#3105 = LINE('',#3106,#3107);
#3106 = CARTESIAN_POINT('',(120.8,-63.,14.4));
#3107 = VECTOR('',#3108,1.);
#3108 = DIRECTION('',(0.,0.,1.));
#3109 = ORIENTED_EDGE('',*,*,#2359,.F.);
#3110 = PLANE('',#3111);
#3111 = AXIS2_PLACEMENT_3D('',#3112,#3113,#3114);
#3112 = CARTESIAN_POINT('',(120.8,-63.45,14.4));
#3113 = DIRECTION('',(1.,0.,0.));
#3114 = DIRECTION('',(0.,0.,1.));
#3115 = ADVANCED_FACE('',(#3116),#3134,.F.);
#3116 = FACE_BOUND('',#3117,.F.);
#3117 = EDGE_LOOP('',(#3118,#3126,#3132,#3133));
#3118 = ORIENTED_EDGE('',*,*,#3119,.F.);
#3119 = EDGE_CURVE('',#3120,#3097,#3122,.T.);
#3120 = VERTEX_POINT('',#3121);
#3121 = CARTESIAN_POINT('',(113.7,-63.,14.4));
#3122 = LINE('',#3123,#3124);
#3123 = CARTESIAN_POINT('',(113.7,-63.,14.4));
#3124 = VECTOR('',#3125,1.);
#3125 = DIRECTION('',(1.,0.,0.));
#3126 = ORIENTED_EDGE('',*,*,#3127,.T.);
#3127 = EDGE_CURVE('',#3120,#2344,#3128,.T.);
#3128 = LINE('',#3129,#3130);
#3129 = CARTESIAN_POINT('',(113.7,-63.,14.4));
#3130 = VECTOR('',#3131,1.);
#3131 = DIRECTION('',(0.,0.,1.));
#3132 = ORIENTED_EDGE('',*,*,#2351,.T.);
#3133 = ORIENTED_EDGE('',*,*,#3104,.F.);
#3134 = PLANE('',#3135);
#3135 = AXIS2_PLACEMENT_3D('',#3136,#3137,#3138);
#3136 = CARTESIAN_POINT('',(113.7,-63.,14.4));
#3137 = DIRECTION('',(0.,1.,0.));
#3138 = DIRECTION('',(0.,0.,1.));
#3139 = ADVANCED_FACE('',(#3140),#3151,.T.);
#3140 = FACE_BOUND('',#3141,.T.);
#3141 = EDGE_LOOP('',(#3142,#3143,#3149,#3150));
#3142 = ORIENTED_EDGE('',*,*,#3074,.F.);
#3143 = ORIENTED_EDGE('',*,*,#3144,.T.);
#3144 = EDGE_CURVE('',#3065,#3120,#3145,.T.);
#3145 = LINE('',#3146,#3147);
#3146 = CARTESIAN_POINT('',(113.7,-63.45,14.4));
#3147 = VECTOR('',#3148,1.);
#3148 = DIRECTION('',(0.,1.,0.));
#3149 = ORIENTED_EDGE('',*,*,#3127,.T.);
#3150 = ORIENTED_EDGE('',*,*,#2343,.F.);
#3151 = PLANE('',#3152);
#3152 = AXIS2_PLACEMENT_3D('',#3153,#3154,#3155);
#3153 = CARTESIAN_POINT('',(113.7,-63.45,14.4));
#3154 = DIRECTION('',(1.,0.,0.));
#3155 = DIRECTION('',(0.,0.,1.));
#3156 = ADVANCED_FACE('',(#3157),#3193,.F.);
#3157 = FACE_BOUND('',#3158,.T.);
#3158 = EDGE_LOOP('',(#3159,#3167,#3168,#3169,#3177,#3186));
#3159 = ORIENTED_EDGE('',*,*,#3160,.F.);
#3160 = EDGE_CURVE('',#2368,#3161,#3163,.T.);
#3161 = VERTEX_POINT('',#3162);
#3162 = CARTESIAN_POINT('',(115.23461407695,-52.47580645161,14.4));
#3163 = LINE('',#3164,#3165);
#3164 = CARTESIAN_POINT('',(115.23461407695,-52.47580645161,14.4));
#3165 = VECTOR('',#3166,1.);
#3166 = DIRECTION('',(-0.,-0.,-1.));
#3167 = ORIENTED_EDGE('',*,*,#2367,.T.);
#3168 = ORIENTED_EDGE('',*,*,#2396,.T.);
#3169 = ORIENTED_EDGE('',*,*,#3170,.T.);
#3170 = EDGE_CURVE('',#2388,#3171,#3173,.T.);
#3171 = VERTEX_POINT('',#3172);
#3172 = CARTESIAN_POINT('',(117.56538592304,-52.47580645161,14.4));
#3173 = LINE('',#3174,#3175);
#3174 = CARTESIAN_POINT('',(117.56538592304,-52.47580645161,14.4));
#3175 = VECTOR('',#3176,1.);
#3176 = DIRECTION('',(-0.,-0.,-1.));
#3177 = ORIENTED_EDGE('',*,*,#3178,.F.);
#3178 = EDGE_CURVE('',#3179,#3171,#3181,.T.);
#3179 = VERTEX_POINT('',#3180);
#3180 = CARTESIAN_POINT('',(119.,-54.8,14.4));
#3181 = CIRCLE('',#3182,2.6);
#3182 = AXIS2_PLACEMENT_3D('',#3183,#3184,#3185);
#3183 = CARTESIAN_POINT('',(116.4,-54.8,14.4));
#3184 = DIRECTION('',(0.,0.,1.));
#3185 = DIRECTION('',(1.,0.,0.));
#3186 = ORIENTED_EDGE('',*,*,#3187,.F.);
#3187 = EDGE_CURVE('',#3161,#3179,#3188,.T.);
#3188 = CIRCLE('',#3189,2.6);
#3189 = AXIS2_PLACEMENT_3D('',#3190,#3191,#3192);
#3190 = CARTESIAN_POINT('',(116.4,-54.8,14.4));
#3191 = DIRECTION('',(0.,0.,1.));
#3192 = DIRECTION('',(1.,0.,0.));
#3193 = CYLINDRICAL_SURFACE('',#3194,2.6);
#3194 = AXIS2_PLACEMENT_3D('',#3195,#3196,#3197);
#3195 = CARTESIAN_POINT('',(116.4,-54.8,14.4));
#3196 = DIRECTION('',(-0.,-0.,-1.));
#3197 = DIRECTION('',(1.,0.,0.));
#3198 = ADVANCED_FACE('',(#3199),#3221,.F.);
#3199 = FACE_BOUND('',#3200,.T.);
#3200 = EDGE_LOOP('',(#3201,#3202,#3211,#3218,#3219,#3220));
#3201 = ORIENTED_EDGE('',*,*,#3160,.T.);
#3202 = ORIENTED_EDGE('',*,*,#3203,.F.);
#3203 = EDGE_CURVE('',#3204,#3161,#3206,.T.);
#3204 = VERTEX_POINT('',#3205);
#3205 = CARTESIAN_POINT('',(117.8,-51.7,14.4));
#3206 = CIRCLE('',#3207,1.4);
#3207 = AXIS2_PLACEMENT_3D('',#3208,#3209,#3210);
#3208 = CARTESIAN_POINT('',(116.4,-51.7,14.4));
#3209 = DIRECTION('',(0.,0.,1.));
#3210 = DIRECTION('',(1.,0.,0.));
#3211 = ORIENTED_EDGE('',*,*,#3212,.F.);
#3212 = EDGE_CURVE('',#3171,#3204,#3213,.T.);
#3213 = CIRCLE('',#3214,1.4);
#3214 = AXIS2_PLACEMENT_3D('',#3215,#3216,#3217);
#3215 = CARTESIAN_POINT('',(116.4,-51.7,14.4));
#3216 = DIRECTION('',(0.,0.,1.));
#3217 = DIRECTION('',(1.,0.,0.));
#3218 = ORIENTED_EDGE('',*,*,#3170,.F.);
#3219 = ORIENTED_EDGE('',*,*,#2387,.T.);
#3220 = ORIENTED_EDGE('',*,*,#2378,.T.);
#3221 = CYLINDRICAL_SURFACE('',#3222,1.4);
#3222 = AXIS2_PLACEMENT_3D('',#3223,#3224,#3225);
#3223 = CARTESIAN_POINT('',(116.4,-51.7,14.4));
#3224 = DIRECTION('',(-0.,-0.,-1.));
#3225 = DIRECTION('',(1.,0.,0.));
#3226 = ADVANCED_FACE('',(#3227),#3252,.T.);
#3227 = FACE_BOUND('',#3228,.T.);
#3228 = EDGE_LOOP('',(#3229,#3239,#3245,#3246));
#3229 = ORIENTED_EDGE('',*,*,#3230,.F.);
#3230 = EDGE_CURVE('',#3231,#3233,#3235,.T.);
#3231 = VERTEX_POINT('',#3232);
#3232 = CARTESIAN_POINT('',(112.2,-43.6,14.4));
#3233 = VERTEX_POINT('',#3234);
#3234 = CARTESIAN_POINT('',(114.3,-43.6,14.4));
#3235 = LINE('',#3236,#3237);
#3236 = CARTESIAN_POINT('',(112.2,-43.6,14.4));
#3237 = VECTOR('',#3238,1.);
#3238 = DIRECTION('',(1.,0.,0.));
#3239 = ORIENTED_EDGE('',*,*,#3240,.T.);
#3240 = EDGE_CURVE('',#3231,#2406,#3241,.T.);
#3241 = LINE('',#3242,#3243);
#3242 = CARTESIAN_POINT('',(112.2,-43.6,14.4));
#3243 = VECTOR('',#3244,1.);
#3244 = DIRECTION('',(0.,0.,1.));
#3245 = ORIENTED_EDGE('',*,*,#2405,.T.);
#3246 = ORIENTED_EDGE('',*,*,#3247,.F.);
#3247 = EDGE_CURVE('',#3233,#2408,#3248,.T.);
#3248 = LINE('',#3249,#3250);
#3249 = CARTESIAN_POINT('',(114.3,-43.6,14.4));
#3250 = VECTOR('',#3251,1.);
#3251 = DIRECTION('',(0.,0.,1.));
#3252 = PLANE('',#3253);
#3253 = AXIS2_PLACEMENT_3D('',#3254,#3255,#3256);
#3254 = CARTESIAN_POINT('',(112.2,-43.6,14.4));
#3255 = DIRECTION('',(0.,1.,0.));
#3256 = DIRECTION('',(0.,0.,1.));
#3257 = ADVANCED_FACE('',(#3258),#3276,.F.);
#3258 = FACE_BOUND('',#3259,.F.);
#3259 = EDGE_LOOP('',(#3260,#3261,#3269,#3275));
#3260 = ORIENTED_EDGE('',*,*,#3247,.F.);
#3261 = ORIENTED_EDGE('',*,*,#3262,.T.);
#3262 = EDGE_CURVE('',#3233,#3263,#3265,.T.);
#3263 = VERTEX_POINT('',#3264);
#3264 = CARTESIAN_POINT('',(114.3,-39.8,14.4));
#3265 = LINE('',#3266,#3267);
#3266 = CARTESIAN_POINT('',(114.3,-43.6,14.4));
#3267 = VECTOR('',#3268,1.);
#3268 = DIRECTION('',(0.,1.,0.));
#3269 = ORIENTED_EDGE('',*,*,#3270,.T.);
#3270 = EDGE_CURVE('',#3263,#2424,#3271,.T.);
#3271 = LINE('',#3272,#3273);
#3272 = CARTESIAN_POINT('',(114.3,-39.8,14.4));
#3273 = VECTOR('',#3274,1.);
#3274 = DIRECTION('',(0.,0.,1.));
#3275 = ORIENTED_EDGE('',*,*,#2431,.F.);
#3276 = PLANE('',#3277);
#3277 = AXIS2_PLACEMENT_3D('',#3278,#3279,#3280);
#3278 = CARTESIAN_POINT('',(114.3,-43.6,14.4));
#3279 = DIRECTION('',(1.,0.,0.));
#3280 = DIRECTION('',(0.,0.,1.));
#3281 = ADVANCED_FACE('',(#3282),#3300,.F.);
#3282 = FACE_BOUND('',#3283,.F.);
#3283 = EDGE_LOOP('',(#3284,#3292,#3298,#3299));
#3284 = ORIENTED_EDGE('',*,*,#3285,.F.);
#3285 = EDGE_CURVE('',#3286,#3263,#3288,.T.);
#3286 = VERTEX_POINT('',#3287);
#3287 = CARTESIAN_POINT('',(112.2,-39.8,14.4));
#3288 = LINE('',#3289,#3290);
#3289 = CARTESIAN_POINT('',(112.2,-39.8,14.4));
#3290 = VECTOR('',#3291,1.);
#3291 = DIRECTION('',(1.,0.,0.));
#3292 = ORIENTED_EDGE('',*,*,#3293,.T.);
#3293 = EDGE_CURVE('',#3286,#2416,#3294,.T.);
#3294 = LINE('',#3295,#3296);
#3295 = CARTESIAN_POINT('',(112.2,-39.8,14.4));
#3296 = VECTOR('',#3297,1.);
#3297 = DIRECTION('',(0.,0.,1.));
#3298 = ORIENTED_EDGE('',*,*,#2423,.T.);
#3299 = ORIENTED_EDGE('',*,*,#3270,.F.);
#3300 = PLANE('',#3301);
#3301 = AXIS2_PLACEMENT_3D('',#3302,#3303,#3304);
#3302 = CARTESIAN_POINT('',(112.2,-39.8,14.4));
#3303 = DIRECTION('',(0.,1.,0.));
#3304 = DIRECTION('',(0.,0.,1.));
#3305 = ADVANCED_FACE('',(#3306),#3317,.T.);
#3306 = FACE_BOUND('',#3307,.T.);
#3307 = EDGE_LOOP('',(#3308,#3309,#3315,#3316));
#3308 = ORIENTED_EDGE('',*,*,#3240,.F.);
#3309 = ORIENTED_EDGE('',*,*,#3310,.T.);
#3310 = EDGE_CURVE('',#3231,#3286,#3311,.T.);
#3311 = LINE('',#3312,#3313);
#3312 = CARTESIAN_POINT('',(112.2,-43.6,14.4));
#3313 = VECTOR('',#3314,1.);
#3314 = DIRECTION('',(0.,1.,0.));
#3315 = ORIENTED_EDGE('',*,*,#3293,.T.);
#3316 = ORIENTED_EDGE('',*,*,#2415,.F.);
#3317 = PLANE('',#3318);
#3318 = AXIS2_PLACEMENT_3D('',#3319,#3320,#3321);
#3319 = CARTESIAN_POINT('',(112.2,-43.6,14.4));
#3320 = DIRECTION('',(1.,0.,0.));
#3321 = DIRECTION('',(0.,0.,1.));
#3322 = ADVANCED_FACE('',(#3323),#3342,.F.);
#3323 = FACE_BOUND('',#3324,.T.);
#3324 = EDGE_LOOP('',(#3325,#3333,#3334,#3335));
#3325 = ORIENTED_EDGE('',*,*,#3326,.T.);
#3326 = EDGE_CURVE('',#3327,#2440,#3329,.T.);
#3327 = VERTEX_POINT('',#3328);
#3328 = CARTESIAN_POINT('',(129.5,-59.5,14.4));
#3329 = LINE('',#3330,#3331);
#3330 = CARTESIAN_POINT('',(129.5,-59.5,14.4));
#3331 = VECTOR('',#3332,1.);
#3332 = DIRECTION('',(0.,0.,1.));
#3333 = ORIENTED_EDGE('',*,*,#2439,.T.);
#3334 = ORIENTED_EDGE('',*,*,#3326,.F.);
#3335 = ORIENTED_EDGE('',*,*,#3336,.F.);
#3336 = EDGE_CURVE('',#3327,#3327,#3337,.T.);
#3337 = CIRCLE('',#3338,1.6);
#3338 = AXIS2_PLACEMENT_3D('',#3339,#3340,#3341);
#3339 = CARTESIAN_POINT('',(127.9,-59.5,14.4));
#3340 = DIRECTION('',(0.,0.,1.));
#3341 = DIRECTION('',(1.,0.,0.));
#3342 = CYLINDRICAL_SURFACE('',#3343,1.6);
#3343 = AXIS2_PLACEMENT_3D('',#3344,#3345,#3346);
#3344 = CARTESIAN_POINT('',(127.9,-59.5,14.4));
#3345 = DIRECTION('',(-0.,-0.,-1.));
#3346 = DIRECTION('',(1.,0.,0.));
#3347 = ADVANCED_FACE('',(#3348),#3367,.F.);
#3348 = FACE_BOUND('',#3349,.T.);
#3349 = EDGE_LOOP('',(#3350,#3358,#3359,#3360));
#3350 = ORIENTED_EDGE('',*,*,#3351,.T.);
#3351 = EDGE_CURVE('',#3352,#2451,#3354,.T.);
#3352 = VERTEX_POINT('',#3353);
#3353 = CARTESIAN_POINT('',(130.7,-53.1,14.4));
#3354 = LINE('',#3355,#3356);
#3355 = CARTESIAN_POINT('',(130.7,-53.1,14.4));
#3356 = VECTOR('',#3357,1.);
#3357 = DIRECTION('',(0.,0.,1.));
#3358 = ORIENTED_EDGE('',*,*,#2450,.T.);
#3359 = ORIENTED_EDGE('',*,*,#3351,.F.);
#3360 = ORIENTED_EDGE('',*,*,#3361,.F.);
#3361 = EDGE_CURVE('',#3352,#3352,#3362,.T.);
#3362 = CIRCLE('',#3363,1.6);
#3363 = AXIS2_PLACEMENT_3D('',#3364,#3365,#3366);
#3364 = CARTESIAN_POINT('',(129.1,-53.1,14.4));
#3365 = DIRECTION('',(0.,0.,1.));
#3366 = DIRECTION('',(1.,0.,0.));
#3367 = CYLINDRICAL_SURFACE('',#3368,1.6);
#3368 = AXIS2_PLACEMENT_3D('',#3369,#3370,#3371);
#3369 = CARTESIAN_POINT('',(129.1,-53.1,14.4));
#3370 = DIRECTION('',(-0.,-0.,-1.));
#3371 = DIRECTION('',(1.,0.,0.));
#3372 = ADVANCED_FACE('',(#3373),#3392,.F.);
#3373 = FACE_BOUND('',#3374,.T.);
#3374 = EDGE_LOOP('',(#3375,#3383,#3384,#3385));
#3375 = ORIENTED_EDGE('',*,*,#3376,.T.);
#3376 = EDGE_CURVE('',#3377,#2462,#3379,.T.);
#3377 = VERTEX_POINT('',#3378);
#3378 = CARTESIAN_POINT('',(133.6,-56.8,14.4));
#3379 = LINE('',#3380,#3381);
#3380 = CARTESIAN_POINT('',(133.6,-56.8,14.4));
#3381 = VECTOR('',#3382,1.);
#3382 = DIRECTION('',(0.,0.,1.));
#3383 = ORIENTED_EDGE('',*,*,#2461,.T.);
#3384 = ORIENTED_EDGE('',*,*,#3376,.F.);
#3385 = ORIENTED_EDGE('',*,*,#3386,.F.);
#3386 = EDGE_CURVE('',#3377,#3377,#3387,.T.);
#3387 = CIRCLE('',#3388,1.6);
#3388 = AXIS2_PLACEMENT_3D('',#3389,#3390,#3391);
#3389 = CARTESIAN_POINT('',(132.,-56.8,14.4));
#3390 = DIRECTION('',(0.,0.,1.));
#3391 = DIRECTION('',(1.,0.,0.));
#3392 = CYLINDRICAL_SURFACE('',#3393,1.6);
#3393 = AXIS2_PLACEMENT_3D('',#3394,#3395,#3396);
#3394 = CARTESIAN_POINT('',(132.,-56.8,14.4));
#3395 = DIRECTION('',(-0.,-0.,-1.));
#3396 = DIRECTION('',(1.,0.,0.));
#3397 = ADVANCED_FACE('',(#3398),#3423,.T.);
#3398 = FACE_BOUND('',#3399,.T.);
#3399 = EDGE_LOOP('',(#3400,#3410,#3416,#3417));
#3400 = ORIENTED_EDGE('',*,*,#3401,.F.);
#3401 = EDGE_CURVE('',#3402,#3404,#3406,.T.);
#3402 = VERTEX_POINT('',#3403);
#3403 = CARTESIAN_POINT('',(131.7,-43.6,14.4));
#3404 = VERTEX_POINT('',#3405);
#3405 = CARTESIAN_POINT('',(133.8,-43.6,14.4));
#3406 = LINE('',#3407,#3408);
#3407 = CARTESIAN_POINT('',(131.7,-43.6,14.4));
#3408 = VECTOR('',#3409,1.);
#3409 = DIRECTION('',(1.,0.,0.));
#3410 = ORIENTED_EDGE('',*,*,#3411,.T.);
#3411 = EDGE_CURVE('',#3402,#2473,#3412,.T.);
#3412 = LINE('',#3413,#3414);
#3413 = CARTESIAN_POINT('',(131.7,-43.6,14.4));
#3414 = VECTOR('',#3415,1.);
#3415 = DIRECTION('',(0.,0.,1.));
#3416 = ORIENTED_EDGE('',*,*,#2472,.T.);
#3417 = ORIENTED_EDGE('',*,*,#3418,.F.);
#3418 = EDGE_CURVE('',#3404,#2475,#3419,.T.);
#3419 = LINE('',#3420,#3421);
#3420 = CARTESIAN_POINT('',(133.8,-43.6,14.4));
#3421 = VECTOR('',#3422,1.);
#3422 = DIRECTION('',(0.,0.,1.));
#3423 = PLANE('',#3424);
#3424 = AXIS2_PLACEMENT_3D('',#3425,#3426,#3427);
#3425 = CARTESIAN_POINT('',(131.7,-43.6,14.4));
#3426 = DIRECTION('',(0.,1.,0.));
#3427 = DIRECTION('',(0.,0.,1.));
#3428 = ADVANCED_FACE('',(#3429),#3447,.F.);
#3429 = FACE_BOUND('',#3430,.F.);
#3430 = EDGE_LOOP('',(#3431,#3432,#3440,#3446));
#3431 = ORIENTED_EDGE('',*,*,#3418,.F.);
#3432 = ORIENTED_EDGE('',*,*,#3433,.T.);
#3433 = EDGE_CURVE('',#3404,#3434,#3436,.T.);
#3434 = VERTEX_POINT('',#3435);
#3435 = CARTESIAN_POINT('',(133.8,-39.8,14.4));
#3436 = LINE('',#3437,#3438);
#3437 = CARTESIAN_POINT('',(133.8,-43.6,14.4));
#3438 = VECTOR('',#3439,1.);
#3439 = DIRECTION('',(0.,1.,0.));
#3440 = ORIENTED_EDGE('',*,*,#3441,.T.);
#3441 = EDGE_CURVE('',#3434,#2491,#3442,.T.);
#3442 = LINE('',#3443,#3444);
#3443 = CARTESIAN_POINT('',(133.8,-39.8,14.4));
#3444 = VECTOR('',#3445,1.);
#3445 = DIRECTION('',(0.,0.,1.));
#3446 = ORIENTED_EDGE('',*,*,#2498,.F.);
#3447 = PLANE('',#3448);
#3448 = AXIS2_PLACEMENT_3D('',#3449,#3450,#3451);
#3449 = CARTESIAN_POINT('',(133.8,-43.6,14.4));
#3450 = DIRECTION('',(1.,0.,0.));
#3451 = DIRECTION('',(0.,0.,1.));
#3452 = ADVANCED_FACE('',(#3453),#3471,.F.);
#3453 = FACE_BOUND('',#3454,.F.);
#3454 = EDGE_LOOP('',(#3455,#3463,#3469,#3470));
#3455 = ORIENTED_EDGE('',*,*,#3456,.F.);
#3456 = EDGE_CURVE('',#3457,#3434,#3459,.T.);
#3457 = VERTEX_POINT('',#3458);
#3458 = CARTESIAN_POINT('',(131.7,-39.8,14.4));
#3459 = LINE('',#3460,#3461);
#3460 = CARTESIAN_POINT('',(131.7,-39.8,14.4));
#3461 = VECTOR('',#3462,1.);
#3462 = DIRECTION('',(1.,0.,0.));
#3463 = ORIENTED_EDGE('',*,*,#3464,.T.);
#3464 = EDGE_CURVE('',#3457,#2483,#3465,.T.);
#3465 = LINE('',#3466,#3467);
#3466 = CARTESIAN_POINT('',(131.7,-39.8,14.4));
#3467 = VECTOR('',#3468,1.);
#3468 = DIRECTION('',(0.,0.,1.));
#3469 = ORIENTED_EDGE('',*,*,#2490,.T.);
#3470 = ORIENTED_EDGE('',*,*,#3441,.F.);
#3471 = PLANE('',#3472);
#3472 = AXIS2_PLACEMENT_3D('',#3473,#3474,#3475);
#3473 = CARTESIAN_POINT('',(131.7,-39.8,14.4));
#3474 = DIRECTION('',(0.,1.,0.));
#3475 = DIRECTION('',(0.,0.,1.));
#3476 = ADVANCED_FACE('',(#3477),#3488,.T.);
#3477 = FACE_BOUND('',#3478,.T.);
#3478 = EDGE_LOOP('',(#3479,#3480,#3486,#3487));
#3479 = ORIENTED_EDGE('',*,*,#3411,.F.);
#3480 = ORIENTED_EDGE('',*,*,#3481,.T.);
#3481 = EDGE_CURVE('',#3402,#3457,#3482,.T.);
#3482 = LINE('',#3483,#3484);
#3483 = CARTESIAN_POINT('',(131.7,-43.6,14.4));
#3484 = VECTOR('',#3485,1.);
#3485 = DIRECTION('',(0.,1.,0.));
#3486 = ORIENTED_EDGE('',*,*,#3464,.T.);
#3487 = ORIENTED_EDGE('',*,*,#2482,.F.);
#3488 = PLANE('',#3489);
#3489 = AXIS2_PLACEMENT_3D('',#3490,#3491,#3492);
#3490 = CARTESIAN_POINT('',(131.7,-43.6,14.4));
#3491 = DIRECTION('',(1.,0.,0.));
#3492 = DIRECTION('',(0.,0.,1.));
#3493 = ADVANCED_FACE('',(#3494),#3519,.T.);
#3494 = FACE_BOUND('',#3495,.T.);
#3495 = EDGE_LOOP('',(#3496,#3506,#3512,#3513));
#3496 = ORIENTED_EDGE('',*,*,#3497,.F.);
#3497 = EDGE_CURVE('',#3498,#3500,#3502,.T.);
#3498 = VERTEX_POINT('',#3499);
#3499 = CARTESIAN_POINT('',(112.2,-37.,14.4));
#3500 = VERTEX_POINT('',#3501);
#3501 = CARTESIAN_POINT('',(114.3,-37.,14.4));
#3502 = LINE('',#3503,#3504);
#3503 = CARTESIAN_POINT('',(112.2,-37.,14.4));
#3504 = VECTOR('',#3505,1.);
#3505 = DIRECTION('',(1.,0.,0.));
#3506 = ORIENTED_EDGE('',*,*,#3507,.T.);
#3507 = EDGE_CURVE('',#3498,#2507,#3508,.T.);
#3508 = LINE('',#3509,#3510);
#3509 = CARTESIAN_POINT('',(112.2,-37.,14.4));
#3510 = VECTOR('',#3511,1.);
#3511 = DIRECTION('',(0.,0.,1.));
#3512 = ORIENTED_EDGE('',*,*,#2506,.T.);
#3513 = ORIENTED_EDGE('',*,*,#3514,.F.);
#3514 = EDGE_CURVE('',#3500,#2509,#3515,.T.);
#3515 = LINE('',#3516,#3517);
#3516 = CARTESIAN_POINT('',(114.3,-37.,14.4));
#3517 = VECTOR('',#3518,1.);
#3518 = DIRECTION('',(0.,0.,1.));
#3519 = PLANE('',#3520);
#3520 = AXIS2_PLACEMENT_3D('',#3521,#3522,#3523);
#3521 = CARTESIAN_POINT('',(112.2,-37.,14.4));
#3522 = DIRECTION('',(0.,1.,0.));
#3523 = DIRECTION('',(0.,0.,1.));
#3524 = ADVANCED_FACE('',(#3525),#3543,.F.);
#3525 = FACE_BOUND('',#3526,.F.);
#3526 = EDGE_LOOP('',(#3527,#3528,#3536,#3542));
#3527 = ORIENTED_EDGE('',*,*,#3514,.F.);
#3528 = ORIENTED_EDGE('',*,*,#3529,.T.);
#3529 = EDGE_CURVE('',#3500,#3530,#3532,.T.);
#3530 = VERTEX_POINT('',#3531);
#3531 = CARTESIAN_POINT('',(114.3,-33.2,14.4));
#3532 = LINE('',#3533,#3534);
#3533 = CARTESIAN_POINT('',(114.3,-37.,14.4));
#3534 = VECTOR('',#3535,1.);
#3535 = DIRECTION('',(0.,1.,0.));
#3536 = ORIENTED_EDGE('',*,*,#3537,.T.);
#3537 = EDGE_CURVE('',#3530,#2525,#3538,.T.);
#3538 = LINE('',#3539,#3540);
#3539 = CARTESIAN_POINT('',(114.3,-33.2,14.4));
#3540 = VECTOR('',#3541,1.);
#3541 = DIRECTION('',(0.,0.,1.));
#3542 = ORIENTED_EDGE('',*,*,#2532,.F.);
#3543 = PLANE('',#3544);
#3544 = AXIS2_PLACEMENT_3D('',#3545,#3546,#3547);
#3545 = CARTESIAN_POINT('',(114.3,-37.,14.4));
#3546 = DIRECTION('',(1.,0.,0.));
#3547 = DIRECTION('',(0.,0.,1.));
#3548 = ADVANCED_FACE('',(#3549),#3567,.F.);
#3549 = FACE_BOUND('',#3550,.F.);
#3550 = EDGE_LOOP('',(#3551,#3559,#3565,#3566));
#3551 = ORIENTED_EDGE('',*,*,#3552,.F.);
#3552 = EDGE_CURVE('',#3553,#3530,#3555,.T.);
#3553 = VERTEX_POINT('',#3554);
#3554 = CARTESIAN_POINT('',(112.2,-33.2,14.4));
#3555 = LINE('',#3556,#3557);
#3556 = CARTESIAN_POINT('',(112.2,-33.2,14.4));
#3557 = VECTOR('',#3558,1.);
#3558 = DIRECTION('',(1.,0.,0.));
#3559 = ORIENTED_EDGE('',*,*,#3560,.T.);
#3560 = EDGE_CURVE('',#3553,#2517,#3561,.T.);
#3561 = LINE('',#3562,#3563);
#3562 = CARTESIAN_POINT('',(112.2,-33.2,14.4));
#3563 = VECTOR('',#3564,1.);
#3564 = DIRECTION('',(0.,0.,1.));
#3565 = ORIENTED_EDGE('',*,*,#2524,.T.);
#3566 = ORIENTED_EDGE('',*,*,#3537,.F.);
#3567 = PLANE('',#3568);
#3568 = AXIS2_PLACEMENT_3D('',#3569,#3570,#3571);
#3569 = CARTESIAN_POINT('',(112.2,-33.2,14.4));
#3570 = DIRECTION('',(0.,1.,0.));
#3571 = DIRECTION('',(0.,0.,1.));
#3572 = ADVANCED_FACE('',(#3573),#3584,.T.);
#3573 = FACE_BOUND('',#3574,.T.);
#3574 = EDGE_LOOP('',(#3575,#3576,#3582,#3583));
#3575 = ORIENTED_EDGE('',*,*,#3507,.F.);
#3576 = ORIENTED_EDGE('',*,*,#3577,.T.);
#3577 = EDGE_CURVE('',#3498,#3553,#3578,.T.);
#3578 = LINE('',#3579,#3580);
#3579 = CARTESIAN_POINT('',(112.2,-37.,14.4));
#3580 = VECTOR('',#3581,1.);
#3581 = DIRECTION('',(0.,1.,0.));
#3582 = ORIENTED_EDGE('',*,*,#3560,.T.);
#3583 = ORIENTED_EDGE('',*,*,#2516,.F.);
#3584 = PLANE('',#3585);
#3585 = AXIS2_PLACEMENT_3D('',#3586,#3587,#3588);
#3586 = CARTESIAN_POINT('',(112.2,-37.,14.4));
#3587 = DIRECTION('',(1.,0.,0.));
#3588 = DIRECTION('',(0.,0.,1.));
#3589 = ADVANCED_FACE('',(#3590),#3615,.T.);
#3590 = FACE_BOUND('',#3591,.T.);
#3591 = EDGE_LOOP('',(#3592,#3602,#3608,#3609));
#3592 = ORIENTED_EDGE('',*,*,#3593,.F.);
#3593 = EDGE_CURVE('',#3594,#3596,#3598,.T.);
#3594 = VERTEX_POINT('',#3595);
#3595 = CARTESIAN_POINT('',(112.2,-30.4,14.4));
#3596 = VERTEX_POINT('',#3597);
#3597 = CARTESIAN_POINT('',(114.3,-30.4,14.4));
#3598 = LINE('',#3599,#3600);
#3599 = CARTESIAN_POINT('',(112.2,-30.4,14.4));
#3600 = VECTOR('',#3601,1.);
#3601 = DIRECTION('',(1.,0.,0.));
#3602 = ORIENTED_EDGE('',*,*,#3603,.T.);
#3603 = EDGE_CURVE('',#3594,#2541,#3604,.T.);
#3604 = LINE('',#3605,#3606);
#3605 = CARTESIAN_POINT('',(112.2,-30.4,14.4));
#3606 = VECTOR('',#3607,1.);
#3607 = DIRECTION('',(0.,0.,1.));
#3608 = ORIENTED_EDGE('',*,*,#2540,.T.);
#3609 = ORIENTED_EDGE('',*,*,#3610,.F.);
#3610 = EDGE_CURVE('',#3596,#2543,#3611,.T.);
#3611 = LINE('',#3612,#3613);
#3612 = CARTESIAN_POINT('',(114.3,-30.4,14.4));
#3613 = VECTOR('',#3614,1.);
#3614 = DIRECTION('',(0.,0.,1.));
#3615 = PLANE('',#3616);
#3616 = AXIS2_PLACEMENT_3D('',#3617,#3618,#3619);
#3617 = CARTESIAN_POINT('',(112.2,-30.4,14.4));
#3618 = DIRECTION('',(0.,1.,0.));
#3619 = DIRECTION('',(0.,0.,1.));
#3620 = ADVANCED_FACE('',(#3621),#3639,.F.);
#3621 = FACE_BOUND('',#3622,.F.);
#3622 = EDGE_LOOP('',(#3623,#3624,#3632,#3638));
#3623 = ORIENTED_EDGE('',*,*,#3610,.F.);
#3624 = ORIENTED_EDGE('',*,*,#3625,.T.);
#3625 = EDGE_CURVE('',#3596,#3626,#3628,.T.);
#3626 = VERTEX_POINT('',#3627);
#3627 = CARTESIAN_POINT('',(114.3,-26.6,14.4));
#3628 = LINE('',#3629,#3630);
#3629 = CARTESIAN_POINT('',(114.3,-30.4,14.4));
#3630 = VECTOR('',#3631,1.);
#3631 = DIRECTION('',(0.,1.,0.));
#3632 = ORIENTED_EDGE('',*,*,#3633,.T.);
#3633 = EDGE_CURVE('',#3626,#2559,#3634,.T.);
#3634 = LINE('',#3635,#3636);
#3635 = CARTESIAN_POINT('',(114.3,-26.6,14.4));
#3636 = VECTOR('',#3637,1.);
#3637 = DIRECTION('',(0.,0.,1.));
#3638 = ORIENTED_EDGE('',*,*,#2566,.F.);
#3639 = PLANE('',#3640);
#3640 = AXIS2_PLACEMENT_3D('',#3641,#3642,#3643);
#3641 = CARTESIAN_POINT('',(114.3,-30.4,14.4));
#3642 = DIRECTION('',(1.,0.,0.));
#3643 = DIRECTION('',(0.,0.,1.));
#3644 = ADVANCED_FACE('',(#3645),#3663,.F.);
#3645 = FACE_BOUND('',#3646,.F.);
#3646 = EDGE_LOOP('',(#3647,#3655,#3661,#3662));
#3647 = ORIENTED_EDGE('',*,*,#3648,.F.);
#3648 = EDGE_CURVE('',#3649,#3626,#3651,.T.);
#3649 = VERTEX_POINT('',#3650);
#3650 = CARTESIAN_POINT('',(112.2,-26.6,14.4));
#3651 = LINE('',#3652,#3653);
#3652 = CARTESIAN_POINT('',(112.2,-26.6,14.4));
#3653 = VECTOR('',#3654,1.);
#3654 = DIRECTION('',(1.,0.,0.));
#3655 = ORIENTED_EDGE('',*,*,#3656,.T.);
#3656 = EDGE_CURVE('',#3649,#2551,#3657,.T.);
#3657 = LINE('',#3658,#3659);
#3658 = CARTESIAN_POINT('',(112.2,-26.6,14.4));
#3659 = VECTOR('',#3660,1.);
#3660 = DIRECTION('',(0.,0.,1.));
#3661 = ORIENTED_EDGE('',*,*,#2558,.T.);
#3662 = ORIENTED_EDGE('',*,*,#3633,.F.);
#3663 = PLANE('',#3664);
#3664 = AXIS2_PLACEMENT_3D('',#3665,#3666,#3667);
#3665 = CARTESIAN_POINT('',(112.2,-26.6,14.4));
#3666 = DIRECTION('',(0.,1.,0.));
#3667 = DIRECTION('',(0.,0.,1.));
#3668 = ADVANCED_FACE('',(#3669),#3680,.T.);
#3669 = FACE_BOUND('',#3670,.T.);
#3670 = EDGE_LOOP('',(#3671,#3672,#3678,#3679));
#3671 = ORIENTED_EDGE('',*,*,#3603,.F.);
#3672 = ORIENTED_EDGE('',*,*,#3673,.T.);
#3673 = EDGE_CURVE('',#3594,#3649,#3674,.T.);
#3674 = LINE('',#3675,#3676);
#3675 = CARTESIAN_POINT('',(112.2,-30.4,14.4));
#3676 = VECTOR('',#3677,1.);
#3677 = DIRECTION('',(0.,1.,0.));
#3678 = ORIENTED_EDGE('',*,*,#3656,.T.);
#3679 = ORIENTED_EDGE('',*,*,#2550,.F.);
#3680 = PLANE('',#3681);
#3681 = AXIS2_PLACEMENT_3D('',#3682,#3683,#3684);
#3682 = CARTESIAN_POINT('',(112.2,-30.4,14.4));
#3683 = DIRECTION('',(1.,0.,0.));
#3684 = DIRECTION('',(0.,0.,1.));
#3685 = ADVANCED_FACE('',(#3686),#3711,.T.);
#3686 = FACE_BOUND('',#3687,.T.);
#3687 = EDGE_LOOP('',(#3688,#3698,#3704,#3705));
#3688 = ORIENTED_EDGE('',*,*,#3689,.F.);
#3689 = EDGE_CURVE('',#3690,#3692,#3694,.T.);
#3690 = VERTEX_POINT('',#3691);
#3691 = CARTESIAN_POINT('',(112.2,-23.8,14.4));
#3692 = VERTEX_POINT('',#3693);
#3693 = CARTESIAN_POINT('',(114.3,-23.8,14.4));
#3694 = LINE('',#3695,#3696);
#3695 = CARTESIAN_POINT('',(112.2,-23.8,14.4));
#3696 = VECTOR('',#3697,1.);
#3697 = DIRECTION('',(1.,0.,0.));
#3698 = ORIENTED_EDGE('',*,*,#3699,.T.);
#3699 = EDGE_CURVE('',#3690,#2581,#3700,.T.);
#3700 = LINE('',#3701,#3702);
#3701 = CARTESIAN_POINT('',(112.2,-23.8,14.4));
#3702 = VECTOR('',#3703,1.);
#3703 = DIRECTION('',(0.,0.,1.));
#3704 = ORIENTED_EDGE('',*,*,#2580,.T.);
#3705 = ORIENTED_EDGE('',*,*,#3706,.F.);
#3706 = EDGE_CURVE('',#3692,#2583,#3707,.T.);
#3707 = LINE('',#3708,#3709);
#3708 = CARTESIAN_POINT('',(114.3,-23.8,14.4));
#3709 = VECTOR('',#3710,1.);
#3710 = DIRECTION('',(0.,0.,1.));
#3711 = PLANE('',#3712);
#3712 = AXIS2_PLACEMENT_3D('',#3713,#3714,#3715);
#3713 = CARTESIAN_POINT('',(112.2,-23.8,14.4));
#3714 = DIRECTION('',(0.,1.,0.));
#3715 = DIRECTION('',(0.,0.,1.));
#3716 = ADVANCED_FACE('',(#3717),#3735,.F.);
#3717 = FACE_BOUND('',#3718,.F.);
#3718 = EDGE_LOOP('',(#3719,#3720,#3728,#3734));
#3719 = ORIENTED_EDGE('',*,*,#3706,.F.);
#3720 = ORIENTED_EDGE('',*,*,#3721,.T.);
#3721 = EDGE_CURVE('',#3692,#3722,#3724,.T.);
#3722 = VERTEX_POINT('',#3723);
#3723 = CARTESIAN_POINT('',(114.3,-20.,14.4));
#3724 = LINE('',#3725,#3726);
#3725 = CARTESIAN_POINT('',(114.3,-23.8,14.4));
#3726 = VECTOR('',#3727,1.);
#3727 = DIRECTION('',(0.,1.,0.));
#3728 = ORIENTED_EDGE('',*,*,#3729,.T.);
#3729 = EDGE_CURVE('',#3722,#2599,#3730,.T.);
#3730 = LINE('',#3731,#3732);
#3731 = CARTESIAN_POINT('',(114.3,-20.,14.4));
#3732 = VECTOR('',#3733,1.);
#3733 = DIRECTION('',(0.,0.,1.));
#3734 = ORIENTED_EDGE('',*,*,#2606,.F.);
#3735 = PLANE('',#3736);
#3736 = AXIS2_PLACEMENT_3D('',#3737,#3738,#3739);
#3737 = CARTESIAN_POINT('',(114.3,-23.8,14.4));
#3738 = DIRECTION('',(1.,0.,0.));
#3739 = DIRECTION('',(0.,0.,1.));
#3740 = ADVANCED_FACE('',(#3741),#3759,.F.);
#3741 = FACE_BOUND('',#3742,.F.);
#3742 = EDGE_LOOP('',(#3743,#3751,#3757,#3758));
#3743 = ORIENTED_EDGE('',*,*,#3744,.F.);
#3744 = EDGE_CURVE('',#3745,#3722,#3747,.T.);
#3745 = VERTEX_POINT('',#3746);
#3746 = CARTESIAN_POINT('',(112.2,-20.,14.4));
#3747 = LINE('',#3748,#3749);
#3748 = CARTESIAN_POINT('',(112.2,-20.,14.4));
#3749 = VECTOR('',#3750,1.);
#3750 = DIRECTION('',(1.,0.,0.));
#3751 = ORIENTED_EDGE('',*,*,#3752,.T.);
#3752 = EDGE_CURVE('',#3745,#2591,#3753,.T.);
#3753 = LINE('',#3754,#3755);
#3754 = CARTESIAN_POINT('',(112.2,-20.,14.4));
#3755 = VECTOR('',#3756,1.);
#3756 = DIRECTION('',(0.,0.,1.));
#3757 = ORIENTED_EDGE('',*,*,#2598,.T.);
#3758 = ORIENTED_EDGE('',*,*,#3729,.F.);
#3759 = PLANE('',#3760);
#3760 = AXIS2_PLACEMENT_3D('',#3761,#3762,#3763);
#3761 = CARTESIAN_POINT('',(112.2,-20.,14.4));
#3762 = DIRECTION('',(0.,1.,0.));
#3763 = DIRECTION('',(0.,0.,1.));
#3764 = ADVANCED_FACE('',(#3765),#3776,.T.);
#3765 = FACE_BOUND('',#3766,.T.);
#3766 = EDGE_LOOP('',(#3767,#3768,#3774,#3775));
#3767 = ORIENTED_EDGE('',*,*,#3699,.F.);
#3768 = ORIENTED_EDGE('',*,*,#3769,.T.);
#3769 = EDGE_CURVE('',#3690,#3745,#3770,.T.);
#3770 = LINE('',#3771,#3772);
#3771 = CARTESIAN_POINT('',(112.2,-23.8,14.4));
#3772 = VECTOR('',#3773,1.);
#3773 = DIRECTION('',(0.,1.,0.));
#3774 = ORIENTED_EDGE('',*,*,#3752,.T.);
#3775 = ORIENTED_EDGE('',*,*,#2590,.F.);
#3776 = PLANE('',#3777);
#3777 = AXIS2_PLACEMENT_3D('',#3778,#3779,#3780);
#3778 = CARTESIAN_POINT('',(112.2,-23.8,14.4));
#3779 = DIRECTION('',(1.,0.,0.));
#3780 = DIRECTION('',(0.,0.,1.));
#3781 = ADVANCED_FACE('',(#3782),#3807,.F.);
#3782 = FACE_BOUND('',#3783,.F.);
#3783 = EDGE_LOOP('',(#3784,#3792,#3793,#3801));
#3784 = ORIENTED_EDGE('',*,*,#3785,.T.);
#3785 = EDGE_CURVE('',#3786,#2615,#3788,.T.);
#3786 = VERTEX_POINT('',#3787);
#3787 = CARTESIAN_POINT('',(112.3,-16.8,14.4));
#3788 = LINE('',#3789,#3790);
#3789 = CARTESIAN_POINT('',(112.3,-16.8,14.4));
#3790 = VECTOR('',#3791,1.);
#3791 = DIRECTION('',(0.,0.,1.));
#3792 = ORIENTED_EDGE('',*,*,#2614,.T.);
#3793 = ORIENTED_EDGE('',*,*,#3794,.F.);
#3794 = EDGE_CURVE('',#3795,#2617,#3797,.T.);
#3795 = VERTEX_POINT('',#3796);
#3796 = CARTESIAN_POINT('',(112.3,-13.3,14.4));
#3797 = LINE('',#3798,#3799);
#3798 = CARTESIAN_POINT('',(112.3,-13.3,14.4));
#3799 = VECTOR('',#3800,1.);
#3800 = DIRECTION('',(0.,0.,1.));
#3801 = ORIENTED_EDGE('',*,*,#3802,.F.);
#3802 = EDGE_CURVE('',#3786,#3795,#3803,.T.);
#3803 = LINE('',#3804,#3805);
#3804 = CARTESIAN_POINT('',(112.3,-16.8,14.4));
#3805 = VECTOR('',#3806,1.);
#3806 = DIRECTION('',(0.,1.,0.));
#3807 = PLANE('',#3808);
#3808 = AXIS2_PLACEMENT_3D('',#3809,#3810,#3811);
#3809 = CARTESIAN_POINT('',(112.3,-16.8,14.4));
#3810 = DIRECTION('',(-1.,0.,0.));
#3811 = DIRECTION('',(0.,1.,0.));
#3812 = ADVANCED_FACE('',(#3813),#3831,.F.);
#3813 = FACE_BOUND('',#3814,.F.);
#3814 = EDGE_LOOP('',(#3815,#3823,#3824,#3825));
#3815 = ORIENTED_EDGE('',*,*,#3816,.T.);
#3816 = EDGE_CURVE('',#3817,#2665,#3819,.T.);
#3817 = VERTEX_POINT('',#3818);
#3818 = CARTESIAN_POINT('',(133.5,-16.8,14.4));
#3819 = LINE('',#3820,#3821);
#3820 = CARTESIAN_POINT('',(133.5,-16.8,14.4));
#3821 = VECTOR('',#3822,1.);
#3822 = DIRECTION('',(0.,0.,1.));
#3823 = ORIENTED_EDGE('',*,*,#2672,.T.);
#3824 = ORIENTED_EDGE('',*,*,#3785,.F.);
#3825 = ORIENTED_EDGE('',*,*,#3826,.F.);
#3826 = EDGE_CURVE('',#3817,#3786,#3827,.T.);
#3827 = LINE('',#3828,#3829);
#3828 = CARTESIAN_POINT('',(133.5,-16.8,14.4));
#3829 = VECTOR('',#3830,1.);
#3830 = DIRECTION('',(-1.,0.,0.));
#3831 = PLANE('',#3832);
#3832 = AXIS2_PLACEMENT_3D('',#3833,#3834,#3835);
#3833 = CARTESIAN_POINT('',(133.5,-16.8,14.4));
#3834 = DIRECTION('',(0.,-1.,0.));
#3835 = DIRECTION('',(-1.,0.,0.));
#3836 = ADVANCED_FACE('',(#3837),#3855,.F.);
#3837 = FACE_BOUND('',#3838,.F.);
#3838 = EDGE_LOOP('',(#3839,#3847,#3848,#3849));
#3839 = ORIENTED_EDGE('',*,*,#3840,.T.);
#3840 = EDGE_CURVE('',#3841,#2657,#3843,.T.);
#3841 = VERTEX_POINT('',#3842);
#3842 = CARTESIAN_POINT('',(133.5,-13.3,14.4));
#3843 = LINE('',#3844,#3845);
#3844 = CARTESIAN_POINT('',(133.5,-13.3,14.4));
#3845 = VECTOR('',#3846,1.);
#3846 = DIRECTION('',(0.,0.,1.));
#3847 = ORIENTED_EDGE('',*,*,#2664,.T.);
#3848 = ORIENTED_EDGE('',*,*,#3816,.F.);
#3849 = ORIENTED_EDGE('',*,*,#3850,.F.);
#3850 = EDGE_CURVE('',#3841,#3817,#3851,.T.);
#3851 = LINE('',#3852,#3853);
#3852 = CARTESIAN_POINT('',(133.5,-13.3,14.4));
#3853 = VECTOR('',#3854,1.);
#3854 = DIRECTION('',(0.,-1.,0.));
#3855 = PLANE('',#3856);
#3856 = AXIS2_PLACEMENT_3D('',#3857,#3858,#3859);
#3857 = CARTESIAN_POINT('',(133.5,-13.3,14.4));
#3858 = DIRECTION('',(1.,0.,0.));
#3859 = DIRECTION('',(0.,-1.,0.));
#3860 = ADVANCED_FACE('',(#3861),#3879,.F.);
#3861 = FACE_BOUND('',#3862,.F.);
#3862 = EDGE_LOOP('',(#3863,#3871,#3872,#3873));
#3863 = ORIENTED_EDGE('',*,*,#3864,.T.);
#3864 = EDGE_CURVE('',#3865,#2649,#3867,.T.);
#3865 = VERTEX_POINT('',#3866);
#3866 = CARTESIAN_POINT('',(130.1,-13.3,14.4));
#3867 = LINE('',#3868,#3869);
#3868 = CARTESIAN_POINT('',(130.1,-13.3,14.4));
#3869 = VECTOR('',#3870,1.);
#3870 = DIRECTION('',(0.,0.,1.));
#3871 = ORIENTED_EDGE('',*,*,#2656,.T.);
#3872 = ORIENTED_EDGE('',*,*,#3840,.F.);
#3873 = ORIENTED_EDGE('',*,*,#3874,.F.);
#3874 = EDGE_CURVE('',#3865,#3841,#3875,.T.);
#3875 = LINE('',#3876,#3877);
#3876 = CARTESIAN_POINT('',(130.1,-13.3,14.4));
#3877 = VECTOR('',#3878,1.);
#3878 = DIRECTION('',(1.,0.,0.));
#3879 = PLANE('',#3880);
#3880 = AXIS2_PLACEMENT_3D('',#3881,#3882,#3883);
#3881 = CARTESIAN_POINT('',(130.1,-13.3,14.4));
#3882 = DIRECTION('',(0.,1.,0.));
#3883 = DIRECTION('',(1.,0.,0.));
#3884 = ADVANCED_FACE('',(#3885),#3903,.F.);
#3885 = FACE_BOUND('',#3886,.F.);
#3886 = EDGE_LOOP('',(#3887,#3895,#3896,#3897));
#3887 = ORIENTED_EDGE('',*,*,#3888,.T.);
#3888 = EDGE_CURVE('',#3889,#2641,#3891,.T.);
#3889 = VERTEX_POINT('',#3890);
#3890 = CARTESIAN_POINT('',(130.1,-12.2,14.4));
#3891 = LINE('',#3892,#3893);
#3892 = CARTESIAN_POINT('',(130.1,-12.2,14.4));
#3893 = VECTOR('',#3894,1.);
#3894 = DIRECTION('',(0.,0.,1.));
#3895 = ORIENTED_EDGE('',*,*,#2648,.T.);
#3896 = ORIENTED_EDGE('',*,*,#3864,.F.);
#3897 = ORIENTED_EDGE('',*,*,#3898,.F.);
#3898 = EDGE_CURVE('',#3889,#3865,#3899,.T.);
#3899 = LINE('',#3900,#3901);
#3900 = CARTESIAN_POINT('',(130.1,-12.2,14.4));
#3901 = VECTOR('',#3902,1.);
#3902 = DIRECTION('',(0.,-1.,0.));
#3903 = PLANE('',#3904);
#3904 = AXIS2_PLACEMENT_3D('',#3905,#3906,#3907);
#3905 = CARTESIAN_POINT('',(130.1,-12.2,14.4));
#3906 = DIRECTION('',(1.,0.,0.));
#3907 = DIRECTION('',(0.,-1.,0.));
#3908 = ADVANCED_FACE('',(#3909),#3927,.F.);
#3909 = FACE_BOUND('',#3910,.F.);
#3910 = EDGE_LOOP('',(#3911,#3919,#3920,#3921));
#3911 = ORIENTED_EDGE('',*,*,#3912,.T.);
#3912 = EDGE_CURVE('',#3913,#2633,#3915,.T.);
#3913 = VERTEX_POINT('',#3914);
#3914 = CARTESIAN_POINT('',(116.,-12.2,14.4));
#3915 = LINE('',#3916,#3917);
#3916 = CARTESIAN_POINT('',(116.,-12.2,14.4));
#3917 = VECTOR('',#3918,1.);
#3918 = DIRECTION('',(0.,0.,1.));
#3919 = ORIENTED_EDGE('',*,*,#2640,.T.);
#3920 = ORIENTED_EDGE('',*,*,#3888,.F.);
#3921 = ORIENTED_EDGE('',*,*,#3922,.F.);
#3922 = EDGE_CURVE('',#3913,#3889,#3923,.T.);
#3923 = LINE('',#3924,#3925);
#3924 = CARTESIAN_POINT('',(116.,-12.2,14.4));
#3925 = VECTOR('',#3926,1.);
#3926 = DIRECTION('',(1.,0.,0.));
#3927 = PLANE('',#3928);
#3928 = AXIS2_PLACEMENT_3D('',#3929,#3930,#3931);
#3929 = CARTESIAN_POINT('',(116.,-12.2,14.4));
#3930 = DIRECTION('',(0.,1.,0.));
#3931 = DIRECTION('',(1.,0.,0.));
#3932 = ADVANCED_FACE('',(#3933),#3951,.F.);
#3933 = FACE_BOUND('',#3934,.F.);
#3934 = EDGE_LOOP('',(#3935,#3943,#3944,#3945));
#3935 = ORIENTED_EDGE('',*,*,#3936,.T.);
#3936 = EDGE_CURVE('',#3937,#2625,#3939,.T.);
#3937 = VERTEX_POINT('',#3938);
#3938 = CARTESIAN_POINT('',(116.,-13.3,14.4));
#3939 = LINE('',#3940,#3941);
#3940 = CARTESIAN_POINT('',(116.,-13.3,14.4));
#3941 = VECTOR('',#3942,1.);
#3942 = DIRECTION('',(0.,0.,1.));
#3943 = ORIENTED_EDGE('',*,*,#2632,.T.);
#3944 = ORIENTED_EDGE('',*,*,#3912,.F.);
#3945 = ORIENTED_EDGE('',*,*,#3946,.F.);
#3946 = EDGE_CURVE('',#3937,#3913,#3947,.T.);
#3947 = LINE('',#3948,#3949);
#3948 = CARTESIAN_POINT('',(116.,-13.3,14.4));
#3949 = VECTOR('',#3950,1.);
#3950 = DIRECTION('',(0.,1.,0.));
#3951 = PLANE('',#3952);
#3952 = AXIS2_PLACEMENT_3D('',#3953,#3954,#3955);
#3953 = CARTESIAN_POINT('',(116.,-13.3,14.4));
#3954 = DIRECTION('',(-1.,0.,0.));
#3955 = DIRECTION('',(0.,1.,0.));
#3956 = ADVANCED_FACE('',(#3957),#3968,.F.);
#3957 = FACE_BOUND('',#3958,.F.);
#3958 = EDGE_LOOP('',(#3959,#3960,#3961,#3962));
#3959 = ORIENTED_EDGE('',*,*,#3794,.T.);
#3960 = ORIENTED_EDGE('',*,*,#2624,.T.);
#3961 = ORIENTED_EDGE('',*,*,#3936,.F.);
#3962 = ORIENTED_EDGE('',*,*,#3963,.F.);
#3963 = EDGE_CURVE('',#3795,#3937,#3964,.T.);
#3964 = LINE('',#3965,#3966);
#3965 = CARTESIAN_POINT('',(112.3,-13.3,14.4));
#3966 = VECTOR('',#3967,1.);
#3967 = DIRECTION('',(1.,0.,0.));
#3968 = PLANE('',#3969);
#3969 = AXIS2_PLACEMENT_3D('',#3970,#3971,#3972);
#3970 = CARTESIAN_POINT('',(112.3,-13.3,14.4));
#3971 = DIRECTION('',(0.,1.,0.));
#3972 = DIRECTION('',(1.,0.,0.));
#3973 = ADVANCED_FACE('',(#3974),#3999,.T.);
#3974 = FACE_BOUND('',#3975,.T.);
#3975 = EDGE_LOOP('',(#3976,#3986,#3992,#3993));
#3976 = ORIENTED_EDGE('',*,*,#3977,.F.);
#3977 = EDGE_CURVE('',#3978,#3980,#3982,.T.);
#3978 = VERTEX_POINT('',#3979);
#3979 = CARTESIAN_POINT('',(131.7,-37.,14.4));
#3980 = VERTEX_POINT('',#3981);
#3981 = CARTESIAN_POINT('',(133.8,-37.,14.4));
#3982 = LINE('',#3983,#3984);
#3983 = CARTESIAN_POINT('',(131.7,-37.,14.4));
#3984 = VECTOR('',#3985,1.);
#3985 = DIRECTION('',(1.,0.,0.));
#3986 = ORIENTED_EDGE('',*,*,#3987,.T.);
#3987 = EDGE_CURVE('',#3978,#2681,#3988,.T.);
#3988 = LINE('',#3989,#3990);
#3989 = CARTESIAN_POINT('',(131.7,-37.,14.4));
#3990 = VECTOR('',#3991,1.);
#3991 = DIRECTION('',(0.,0.,1.));
#3992 = ORIENTED_EDGE('',*,*,#2680,.T.);
#3993 = ORIENTED_EDGE('',*,*,#3994,.F.);
#3994 = EDGE_CURVE('',#3980,#2683,#3995,.T.);
#3995 = LINE('',#3996,#3997);
#3996 = CARTESIAN_POINT('',(133.8,-37.,14.4));
#3997 = VECTOR('',#3998,1.);
#3998 = DIRECTION('',(0.,0.,1.));
#3999 = PLANE('',#4000);
#4000 = AXIS2_PLACEMENT_3D('',#4001,#4002,#4003);
#4001 = CARTESIAN_POINT('',(131.7,-37.,14.4));
#4002 = DIRECTION('',(0.,1.,0.));
#4003 = DIRECTION('',(0.,0.,1.));
#4004 = ADVANCED_FACE('',(#4005),#4023,.F.);
#4005 = FACE_BOUND('',#4006,.F.);
#4006 = EDGE_LOOP('',(#4007,#4008,#4016,#4022));
#4007 = ORIENTED_EDGE('',*,*,#3994,.F.);
#4008 = ORIENTED_EDGE('',*,*,#4009,.T.);
#4009 = EDGE_CURVE('',#3980,#4010,#4012,.T.);
#4010 = VERTEX_POINT('',#4011);
#4011 = CARTESIAN_POINT('',(133.8,-33.2,14.4));
#4012 = LINE('',#4013,#4014);
#4013 = CARTESIAN_POINT('',(133.8,-37.,14.4));
#4014 = VECTOR('',#4015,1.);
#4015 = DIRECTION('',(0.,1.,0.));
#4016 = ORIENTED_EDGE('',*,*,#4017,.T.);
#4017 = EDGE_CURVE('',#4010,#2699,#4018,.T.);
#4018 = LINE('',#4019,#4020);
#4019 = CARTESIAN_POINT('',(133.8,-33.2,14.4));
#4020 = VECTOR('',#4021,1.);
#4021 = DIRECTION('',(0.,0.,1.));
#4022 = ORIENTED_EDGE('',*,*,#2706,.F.);
#4023 = PLANE('',#4024);
#4024 = AXIS2_PLACEMENT_3D('',#4025,#4026,#4027);
#4025 = CARTESIAN_POINT('',(133.8,-37.,14.4));
#4026 = DIRECTION('',(1.,0.,0.));
#4027 = DIRECTION('',(0.,0.,1.));
#4028 = ADVANCED_FACE('',(#4029),#4047,.F.);
#4029 = FACE_BOUND('',#4030,.F.);
#4030 = EDGE_LOOP('',(#4031,#4039,#4045,#4046));
#4031 = ORIENTED_EDGE('',*,*,#4032,.F.);
#4032 = EDGE_CURVE('',#4033,#4010,#4035,.T.);
#4033 = VERTEX_POINT('',#4034);
#4034 = CARTESIAN_POINT('',(131.7,-33.2,14.4));
#4035 = LINE('',#4036,#4037);
#4036 = CARTESIAN_POINT('',(131.7,-33.2,14.4));
#4037 = VECTOR('',#4038,1.);
#4038 = DIRECTION('',(1.,0.,0.));
#4039 = ORIENTED_EDGE('',*,*,#4040,.T.);
#4040 = EDGE_CURVE('',#4033,#2691,#4041,.T.);
#4041 = LINE('',#4042,#4043);
#4042 = CARTESIAN_POINT('',(131.7,-33.2,14.4));
#4043 = VECTOR('',#4044,1.);
#4044 = DIRECTION('',(0.,0.,1.));
#4045 = ORIENTED_EDGE('',*,*,#2698,.T.);
#4046 = ORIENTED_EDGE('',*,*,#4017,.F.);
#4047 = PLANE('',#4048);
#4048 = AXIS2_PLACEMENT_3D('',#4049,#4050,#4051);
#4049 = CARTESIAN_POINT('',(131.7,-33.2,14.4));
#4050 = DIRECTION('',(0.,1.,0.));
#4051 = DIRECTION('',(0.,0.,1.));
#4052 = ADVANCED_FACE('',(#4053),#4064,.T.);
#4053 = FACE_BOUND('',#4054,.T.);
#4054 = EDGE_LOOP('',(#4055,#4056,#4062,#4063));
#4055 = ORIENTED_EDGE('',*,*,#3987,.F.);
#4056 = ORIENTED_EDGE('',*,*,#4057,.T.);
#4057 = EDGE_CURVE('',#3978,#4033,#4058,.T.);
#4058 = LINE('',#4059,#4060);
#4059 = CARTESIAN_POINT('',(131.7,-37.,14.4));
#4060 = VECTOR('',#4061,1.);
#4061 = DIRECTION('',(0.,1.,0.));
#4062 = ORIENTED_EDGE('',*,*,#4040,.T.);
#4063 = ORIENTED_EDGE('',*,*,#2690,.F.);
#4064 = PLANE('',#4065);
#4065 = AXIS2_PLACEMENT_3D('',#4066,#4067,#4068);
#4066 = CARTESIAN_POINT('',(131.7,-37.,14.4));
#4067 = DIRECTION('',(1.,0.,0.));
#4068 = DIRECTION('',(0.,0.,1.));
#4069 = ADVANCED_FACE('',(#4070),#4095,.T.);
#4070 = FACE_BOUND('',#4071,.T.);
#4071 = EDGE_LOOP('',(#4072,#4082,#4088,#4089));
#4072 = ORIENTED_EDGE('',*,*,#4073,.F.);
#4073 = EDGE_CURVE('',#4074,#4076,#4078,.T.);
#4074 = VERTEX_POINT('',#4075);
#4075 = CARTESIAN_POINT('',(131.7,-30.4,14.4));
#4076 = VERTEX_POINT('',#4077);
#4077 = CARTESIAN_POINT('',(133.8,-30.4,14.4));
#4078 = LINE('',#4079,#4080);
#4079 = CARTESIAN_POINT('',(131.7,-30.4,14.4));
#4080 = VECTOR('',#4081,1.);
#4081 = DIRECTION('',(1.,0.,0.));
#4082 = ORIENTED_EDGE('',*,*,#4083,.T.);
#4083 = EDGE_CURVE('',#4074,#2715,#4084,.T.);
#4084 = LINE('',#4085,#4086);
#4085 = CARTESIAN_POINT('',(131.7,-30.4,14.4));
#4086 = VECTOR('',#4087,1.);
#4087 = DIRECTION('',(0.,0.,1.));
#4088 = ORIENTED_EDGE('',*,*,#2714,.T.);
#4089 = ORIENTED_EDGE('',*,*,#4090,.F.);
#4090 = EDGE_CURVE('',#4076,#2717,#4091,.T.);
#4091 = LINE('',#4092,#4093);
#4092 = CARTESIAN_POINT('',(133.8,-30.4,14.4));
#4093 = VECTOR('',#4094,1.);
#4094 = DIRECTION('',(0.,0.,1.));
#4095 = PLANE('',#4096);
#4096 = AXIS2_PLACEMENT_3D('',#4097,#4098,#4099);
#4097 = CARTESIAN_POINT('',(131.7,-30.4,14.4));
#4098 = DIRECTION('',(0.,1.,0.));
#4099 = DIRECTION('',(0.,0.,1.));
#4100 = ADVANCED_FACE('',(#4101),#4119,.F.);
#4101 = FACE_BOUND('',#4102,.F.);
#4102 = EDGE_LOOP('',(#4103,#4104,#4112,#4118));
#4103 = ORIENTED_EDGE('',*,*,#4090,.F.);
#4104 = ORIENTED_EDGE('',*,*,#4105,.T.);
#4105 = EDGE_CURVE('',#4076,#4106,#4108,.T.);
#4106 = VERTEX_POINT('',#4107);
#4107 = CARTESIAN_POINT('',(133.8,-26.6,14.4));
#4108 = LINE('',#4109,#4110);
#4109 = CARTESIAN_POINT('',(133.8,-30.4,14.4));
#4110 = VECTOR('',#4111,1.);
#4111 = DIRECTION('',(0.,1.,0.));
#4112 = ORIENTED_EDGE('',*,*,#4113,.T.);
#4113 = EDGE_CURVE('',#4106,#2733,#4114,.T.);
#4114 = LINE('',#4115,#4116);
#4115 = CARTESIAN_POINT('',(133.8,-26.6,14.4));
#4116 = VECTOR('',#4117,1.);
#4117 = DIRECTION('',(0.,0.,1.));
#4118 = ORIENTED_EDGE('',*,*,#2740,.F.);
#4119 = PLANE('',#4120);
#4120 = AXIS2_PLACEMENT_3D('',#4121,#4122,#4123);
#4121 = CARTESIAN_POINT('',(133.8,-30.4,14.4));
#4122 = DIRECTION('',(1.,0.,0.));
#4123 = DIRECTION('',(0.,0.,1.));
#4124 = ADVANCED_FACE('',(#4125),#4143,.F.);
#4125 = FACE_BOUND('',#4126,.F.);
#4126 = EDGE_LOOP('',(#4127,#4135,#4141,#4142));
#4127 = ORIENTED_EDGE('',*,*,#4128,.F.);
#4128 = EDGE_CURVE('',#4129,#4106,#4131,.T.);
#4129 = VERTEX_POINT('',#4130);
#4130 = CARTESIAN_POINT('',(131.7,-26.6,14.4));
#4131 = LINE('',#4132,#4133);
#4132 = CARTESIAN_POINT('',(131.7,-26.6,14.4));
#4133 = VECTOR('',#4134,1.);
#4134 = DIRECTION('',(1.,0.,0.));
#4135 = ORIENTED_EDGE('',*,*,#4136,.T.);
#4136 = EDGE_CURVE('',#4129,#2725,#4137,.T.);
#4137 = LINE('',#4138,#4139);
#4138 = CARTESIAN_POINT('',(131.7,-26.6,14.4));
#4139 = VECTOR('',#4140,1.);
#4140 = DIRECTION('',(0.,0.,1.));
#4141 = ORIENTED_EDGE('',*,*,#2732,.T.);
#4142 = ORIENTED_EDGE('',*,*,#4113,.F.);
#4143 = PLANE('',#4144);
#4144 = AXIS2_PLACEMENT_3D('',#4145,#4146,#4147);
#4145 = CARTESIAN_POINT('',(131.7,-26.6,14.4));
#4146 = DIRECTION('',(0.,1.,0.));
#4147 = DIRECTION('',(0.,0.,1.));
#4148 = ADVANCED_FACE('',(#4149),#4160,.T.);
#4149 = FACE_BOUND('',#4150,.T.);
#4150 = EDGE_LOOP('',(#4151,#4152,#4158,#4159));
#4151 = ORIENTED_EDGE('',*,*,#4083,.F.);
#4152 = ORIENTED_EDGE('',*,*,#4153,.T.);
#4153 = EDGE_CURVE('',#4074,#4129,#4154,.T.);
#4154 = LINE('',#4155,#4156);
#4155 = CARTESIAN_POINT('',(131.7,-30.4,14.4));
#4156 = VECTOR('',#4157,1.);
#4157 = DIRECTION('',(0.,1.,0.));
#4158 = ORIENTED_EDGE('',*,*,#4136,.T.);
#4159 = ORIENTED_EDGE('',*,*,#2724,.F.);
#4160 = PLANE('',#4161);
#4161 = AXIS2_PLACEMENT_3D('',#4162,#4163,#4164);
#4162 = CARTESIAN_POINT('',(131.7,-30.4,14.4));
#4163 = DIRECTION('',(1.,0.,0.));
#4164 = DIRECTION('',(0.,0.,1.));
#4165 = ADVANCED_FACE('',(#4166),#4191,.T.);
#4166 = FACE_BOUND('',#4167,.T.);
#4167 = EDGE_LOOP('',(#4168,#4178,#4184,#4185));
#4168 = ORIENTED_EDGE('',*,*,#4169,.F.);
#4169 = EDGE_CURVE('',#4170,#4172,#4174,.T.);
#4170 = VERTEX_POINT('',#4171);
#4171 = CARTESIAN_POINT('',(131.7,-23.8,14.4));
#4172 = VERTEX_POINT('',#4173);
#4173 = CARTESIAN_POINT('',(133.8,-23.8,14.4));
#4174 = LINE('',#4175,#4176);
#4175 = CARTESIAN_POINT('',(131.7,-23.8,14.4));
#4176 = VECTOR('',#4177,1.);
#4177 = DIRECTION('',(1.,0.,0.));
#4178 = ORIENTED_EDGE('',*,*,#4179,.T.);
#4179 = EDGE_CURVE('',#4170,#2749,#4180,.T.);
#4180 = LINE('',#4181,#4182);
#4181 = CARTESIAN_POINT('',(131.7,-23.8,14.4));
#4182 = VECTOR('',#4183,1.);
#4183 = DIRECTION('',(0.,0.,1.));
#4184 = ORIENTED_EDGE('',*,*,#2748,.T.);
#4185 = ORIENTED_EDGE('',*,*,#4186,.F.);
#4186 = EDGE_CURVE('',#4172,#2751,#4187,.T.);
#4187 = LINE('',#4188,#4189);
#4188 = CARTESIAN_POINT('',(133.8,-23.8,14.4));
#4189 = VECTOR('',#4190,1.);
#4190 = DIRECTION('',(0.,0.,1.));
#4191 = PLANE('',#4192);
#4192 = AXIS2_PLACEMENT_3D('',#4193,#4194,#4195);
#4193 = CARTESIAN_POINT('',(131.7,-23.8,14.4));
#4194 = DIRECTION('',(0.,1.,0.));
#4195 = DIRECTION('',(0.,0.,1.));
#4196 = ADVANCED_FACE('',(#4197),#4215,.F.);
#4197 = FACE_BOUND('',#4198,.F.);
#4198 = EDGE_LOOP('',(#4199,#4200,#4208,#4214));
#4199 = ORIENTED_EDGE('',*,*,#4186,.F.);
#4200 = ORIENTED_EDGE('',*,*,#4201,.T.);
#4201 = EDGE_CURVE('',#4172,#4202,#4204,.T.);
#4202 = VERTEX_POINT('',#4203);
#4203 = CARTESIAN_POINT('',(133.8,-20.,14.4));
#4204 = LINE('',#4205,#4206);
#4205 = CARTESIAN_POINT('',(133.8,-23.8,14.4));
#4206 = VECTOR('',#4207,1.);
#4207 = DIRECTION('',(0.,1.,0.));
#4208 = ORIENTED_EDGE('',*,*,#4209,.T.);
#4209 = EDGE_CURVE('',#4202,#2767,#4210,.T.);
#4210 = LINE('',#4211,#4212);
#4211 = CARTESIAN_POINT('',(133.8,-20.,14.4));
#4212 = VECTOR('',#4213,1.);
#4213 = DIRECTION('',(0.,0.,1.));
#4214 = ORIENTED_EDGE('',*,*,#2774,.F.);
#4215 = PLANE('',#4216);
#4216 = AXIS2_PLACEMENT_3D('',#4217,#4218,#4219);
#4217 = CARTESIAN_POINT('',(133.8,-23.8,14.4));
#4218 = DIRECTION('',(1.,0.,0.));
#4219 = DIRECTION('',(0.,0.,1.));
#4220 = ADVANCED_FACE('',(#4221),#4239,.F.);
#4221 = FACE_BOUND('',#4222,.F.);
#4222 = EDGE_LOOP('',(#4223,#4231,#4237,#4238));
#4223 = ORIENTED_EDGE('',*,*,#4224,.F.);
#4224 = EDGE_CURVE('',#4225,#4202,#4227,.T.);
#4225 = VERTEX_POINT('',#4226);
#4226 = CARTESIAN_POINT('',(131.7,-20.,14.4));
#4227 = LINE('',#4228,#4229);
#4228 = CARTESIAN_POINT('',(131.7,-20.,14.4));
#4229 = VECTOR('',#4230,1.);
#4230 = DIRECTION('',(1.,0.,0.));
#4231 = ORIENTED_EDGE('',*,*,#4232,.T.);
#4232 = EDGE_CURVE('',#4225,#2759,#4233,.T.);
#4233 = LINE('',#4234,#4235);
#4234 = CARTESIAN_POINT('',(131.7,-20.,14.4));
#4235 = VECTOR('',#4236,1.);
#4236 = DIRECTION('',(0.,0.,1.));
#4237 = ORIENTED_EDGE('',*,*,#2766,.T.);
#4238 = ORIENTED_EDGE('',*,*,#4209,.F.);
#4239 = PLANE('',#4240);
#4240 = AXIS2_PLACEMENT_3D('',#4241,#4242,#4243);
#4241 = CARTESIAN_POINT('',(131.7,-20.,14.4));
#4242 = DIRECTION('',(0.,1.,0.));
#4243 = DIRECTION('',(0.,0.,1.));
#4244 = ADVANCED_FACE('',(#4245),#4256,.T.);
#4245 = FACE_BOUND('',#4246,.T.);
#4246 = EDGE_LOOP('',(#4247,#4248,#4254,#4255));
#4247 = ORIENTED_EDGE('',*,*,#4179,.F.);
#4248 = ORIENTED_EDGE('',*,*,#4249,.T.);
#4249 = EDGE_CURVE('',#4170,#4225,#4250,.T.);
#4250 = LINE('',#4251,#4252);
#4251 = CARTESIAN_POINT('',(131.7,-23.8,14.4));
#4252 = VECTOR('',#4253,1.);
#4253 = DIRECTION('',(0.,1.,0.));
#4254 = ORIENTED_EDGE('',*,*,#4232,.T.);
#4255 = ORIENTED_EDGE('',*,*,#2758,.F.);
#4256 = PLANE('',#4257);
#4257 = AXIS2_PLACEMENT_3D('',#4258,#4259,#4260);
#4258 = CARTESIAN_POINT('',(131.7,-23.8,14.4));
#4259 = DIRECTION('',(1.,0.,0.));
#4260 = DIRECTION('',(0.,0.,1.));
#4261 = ADVANCED_FACE('',(#4262),#4265,.F.);
#4262 = FACE_BOUND('',#4263,.T.);
#4263 = EDGE_LOOP('',(#4264));
#4264 = ORIENTED_EDGE('',*,*,#2856,.F.);
#4265 = PLANE('',#4266);
#4266 = AXIS2_PLACEMENT_3D('',#4267,#4268,#4269);
#4267 = CARTESIAN_POINT('',(133.,-52.8,6.8));
#4268 = DIRECTION('',(0.,0.,1.));
#4269 = DIRECTION('',(1.,0.,0.));
#4270 = ADVANCED_FACE('',(#4271),#4277,.T.);
#4271 = FACE_BOUND('',#4272,.T.);
#4272 = EDGE_LOOP('',(#4273,#4274,#4275,#4276));
#4273 = ORIENTED_EDGE('',*,*,#2952,.F.);
#4274 = ORIENTED_EDGE('',*,*,#2872,.T.);
#4275 = ORIENTED_EDGE('',*,*,#2904,.T.);
#4276 = ORIENTED_EDGE('',*,*,#2927,.F.);
#4277 = PLANE('',#4278);
#4278 = AXIS2_PLACEMENT_3D('',#4279,#4280,#4281);
#4279 = CARTESIAN_POINT('',(113.7,-65.25,14.4));
#4280 = DIRECTION('',(0.,0.,1.));
#4281 = DIRECTION('',(1.,0.,0.));
#4282 = ADVANCED_FACE('',(#4283),#4289,.T.);
#4283 = FACE_BOUND('',#4284,.T.);
#4284 = EDGE_LOOP('',(#4285,#4286,#4287,#4288));
#4285 = ORIENTED_EDGE('',*,*,#3048,.F.);
#4286 = ORIENTED_EDGE('',*,*,#2968,.T.);
#4287 = ORIENTED_EDGE('',*,*,#3000,.T.);
#4288 = ORIENTED_EDGE('',*,*,#3023,.F.);
#4289 = PLANE('',#4290);
#4290 = AXIS2_PLACEMENT_3D('',#4291,#4292,#4293);
#4291 = CARTESIAN_POINT('',(113.7,-64.35,14.4));
#4292 = DIRECTION('',(0.,0.,1.));
#4293 = DIRECTION('',(1.,0.,0.));
#4294 = ADVANCED_FACE('',(#4295),#4301,.T.);
#4295 = FACE_BOUND('',#4296,.T.);
#4296 = EDGE_LOOP('',(#4297,#4298,#4299,#4300));
#4297 = ORIENTED_EDGE('',*,*,#3144,.F.);
#4298 = ORIENTED_EDGE('',*,*,#3064,.T.);
#4299 = ORIENTED_EDGE('',*,*,#3096,.T.);
#4300 = ORIENTED_EDGE('',*,*,#3119,.F.);
#4301 = PLANE('',#4302);
#4302 = AXIS2_PLACEMENT_3D('',#4303,#4304,#4305);
#4303 = CARTESIAN_POINT('',(113.7,-63.45,14.4));
#4304 = DIRECTION('',(0.,0.,1.));
#4305 = DIRECTION('',(1.,0.,0.));
#4306 = ADVANCED_FACE('',(#4307),#4313,.F.);
#4307 = FACE_BOUND('',#4308,.F.);
#4308 = EDGE_LOOP('',(#4309,#4310,#4311,#4312));
#4309 = ORIENTED_EDGE('',*,*,#3187,.F.);
#4310 = ORIENTED_EDGE('',*,*,#3203,.F.);
#4311 = ORIENTED_EDGE('',*,*,#3212,.F.);
#4312 = ORIENTED_EDGE('',*,*,#3178,.F.);
#4313 = PLANE('',#4314);
#4314 = AXIS2_PLACEMENT_3D('',#4315,#4316,#4317);
#4315 = CARTESIAN_POINT('',(116.48269065447,-53.91682095226,14.4));
#4316 = DIRECTION('',(-0.,-0.,-1.));
#4317 = DIRECTION('',(-1.,0.,0.));
#4318 = ADVANCED_FACE('',(#4319),#4325,.T.);
#4319 = FACE_BOUND('',#4320,.T.);
#4320 = EDGE_LOOP('',(#4321,#4322,#4323,#4324));
#4321 = ORIENTED_EDGE('',*,*,#3310,.F.);
#4322 = ORIENTED_EDGE('',*,*,#3230,.T.);
#4323 = ORIENTED_EDGE('',*,*,#3262,.T.);
#4324 = ORIENTED_EDGE('',*,*,#3285,.F.);
#4325 = PLANE('',#4326);
#4326 = AXIS2_PLACEMENT_3D('',#4327,#4328,#4329);
#4327 = CARTESIAN_POINT('',(112.2,-43.6,14.4));
#4328 = DIRECTION('',(0.,0.,1.));
#4329 = DIRECTION('',(1.,0.,0.));
#4330 = ADVANCED_FACE('',(#4331),#4334,.T.);
#4331 = FACE_BOUND('',#4332,.F.);
#4332 = EDGE_LOOP('',(#4333));
#4333 = ORIENTED_EDGE('',*,*,#3336,.F.);
#4334 = PLANE('',#4335);
#4335 = AXIS2_PLACEMENT_3D('',#4336,#4337,#4338);
#4336 = CARTESIAN_POINT('',(127.9,-59.5,14.4));
#4337 = DIRECTION('',(0.,0.,1.));
#4338 = DIRECTION('',(1.,0.,0.));
#4339 = ADVANCED_FACE('',(#4340),#4343,.T.);
#4340 = FACE_BOUND('',#4341,.F.);
#4341 = EDGE_LOOP('',(#4342));
#4342 = ORIENTED_EDGE('',*,*,#3361,.F.);
#4343 = PLANE('',#4344);
#4344 = AXIS2_PLACEMENT_3D('',#4345,#4346,#4347);
#4345 = CARTESIAN_POINT('',(129.1,-53.1,14.4));
#4346 = DIRECTION('',(0.,0.,1.));
#4347 = DIRECTION('',(1.,0.,0.));
#4348 = ADVANCED_FACE('',(#4349),#4352,.T.);
#4349 = FACE_BOUND('',#4350,.F.);
#4350 = EDGE_LOOP('',(#4351));
#4351 = ORIENTED_EDGE('',*,*,#3386,.F.);
#4352 = PLANE('',#4353);
#4353 = AXIS2_PLACEMENT_3D('',#4354,#4355,#4356);
#4354 = CARTESIAN_POINT('',(132.,-56.8,14.4));
#4355 = DIRECTION('',(0.,0.,1.));
#4356 = DIRECTION('',(1.,0.,0.));
#4357 = ADVANCED_FACE('',(#4358),#4364,.T.);
#4358 = FACE_BOUND('',#4359,.T.);
#4359 = EDGE_LOOP('',(#4360,#4361,#4362,#4363));
#4360 = ORIENTED_EDGE('',*,*,#3481,.F.);
#4361 = ORIENTED_EDGE('',*,*,#3401,.T.);
#4362 = ORIENTED_EDGE('',*,*,#3433,.T.);
#4363 = ORIENTED_EDGE('',*,*,#3456,.F.);
#4364 = PLANE('',#4365);
#4365 = AXIS2_PLACEMENT_3D('',#4366,#4367,#4368);
#4366 = CARTESIAN_POINT('',(131.7,-43.6,14.4));
#4367 = DIRECTION('',(0.,0.,1.));
#4368 = DIRECTION('',(1.,0.,0.));
#4369 = ADVANCED_FACE('',(#4370),#4376,.T.);
#4370 = FACE_BOUND('',#4371,.T.);
#4371 = EDGE_LOOP('',(#4372,#4373,#4374,#4375));
#4372 = ORIENTED_EDGE('',*,*,#3577,.F.);
#4373 = ORIENTED_EDGE('',*,*,#3497,.T.);
#4374 = ORIENTED_EDGE('',*,*,#3529,.T.);
#4375 = ORIENTED_EDGE('',*,*,#3552,.F.);
#4376 = PLANE('',#4377);
#4377 = AXIS2_PLACEMENT_3D('',#4378,#4379,#4380);
#4378 = CARTESIAN_POINT('',(112.2,-37.,14.4));
#4379 = DIRECTION('',(0.,0.,1.));
#4380 = DIRECTION('',(1.,0.,0.));
#4381 = ADVANCED_FACE('',(#4382),#4388,.T.);
#4382 = FACE_BOUND('',#4383,.T.);
#4383 = EDGE_LOOP('',(#4384,#4385,#4386,#4387));
#4384 = ORIENTED_EDGE('',*,*,#3673,.F.);
#4385 = ORIENTED_EDGE('',*,*,#3593,.T.);
#4386 = ORIENTED_EDGE('',*,*,#3625,.T.);
#4387 = ORIENTED_EDGE('',*,*,#3648,.F.);
#4388 = PLANE('',#4389);
#4389 = AXIS2_PLACEMENT_3D('',#4390,#4391,#4392);
#4390 = CARTESIAN_POINT('',(112.2,-30.4,14.4));
#4391 = DIRECTION('',(0.,0.,1.));
#4392 = DIRECTION('',(1.,0.,0.));
#4393 = ADVANCED_FACE('',(#4394),#4400,.T.);
#4394 = FACE_BOUND('',#4395,.T.);
#4395 = EDGE_LOOP('',(#4396,#4397,#4398,#4399));
#4396 = ORIENTED_EDGE('',*,*,#3769,.F.);
#4397 = ORIENTED_EDGE('',*,*,#3689,.T.);
#4398 = ORIENTED_EDGE('',*,*,#3721,.T.);
#4399 = ORIENTED_EDGE('',*,*,#3744,.F.);
#4400 = PLANE('',#4401);
#4401 = AXIS2_PLACEMENT_3D('',#4402,#4403,#4404);
#4402 = CARTESIAN_POINT('',(112.2,-23.8,14.4));
#4403 = DIRECTION('',(0.,0.,1.));
#4404 = DIRECTION('',(1.,0.,0.));
#4405 = ADVANCED_FACE('',(#4406),#4416,.T.);
#4406 = FACE_BOUND('',#4407,.F.);
#4407 = EDGE_LOOP('',(#4408,#4409,#4410,#4411,#4412,#4413,#4414,#4415));
#4408 = ORIENTED_EDGE('',*,*,#3963,.T.);
#4409 = ORIENTED_EDGE('',*,*,#3946,.T.);
#4410 = ORIENTED_EDGE('',*,*,#3922,.T.);
#4411 = ORIENTED_EDGE('',*,*,#3898,.T.);
#4412 = ORIENTED_EDGE('',*,*,#3874,.T.);
#4413 = ORIENTED_EDGE('',*,*,#3850,.T.);
#4414 = ORIENTED_EDGE('',*,*,#3826,.T.);
#4415 = ORIENTED_EDGE('',*,*,#3802,.T.);
#4416 = PLANE('',#4417);
#4417 = AXIS2_PLACEMENT_3D('',#4418,#4419,#4420);
#4418 = CARTESIAN_POINT('',(122.90639534883,-14.65135658914,14.4));
#4419 = DIRECTION('',(0.,0.,1.));
#4420 = DIRECTION('',(1.,0.,0.));
#4421 = ADVANCED_FACE('',(#4422),#4428,.T.);
#4422 = FACE_BOUND('',#4423,.T.);
#4423 = EDGE_LOOP('',(#4424,#4425,#4426,#4427));
#4424 = ORIENTED_EDGE('',*,*,#4057,.F.);
#4425 = ORIENTED_EDGE('',*,*,#3977,.T.);
#4426 = ORIENTED_EDGE('',*,*,#4009,.T.);
#4427 = ORIENTED_EDGE('',*,*,#4032,.F.);
#4428 = PLANE('',#4429);
#4429 = AXIS2_PLACEMENT_3D('',#4430,#4431,#4432);
#4430 = CARTESIAN_POINT('',(131.7,-37.,14.4));
#4431 = DIRECTION('',(0.,0.,1.));
#4432 = DIRECTION('',(1.,0.,0.));
#4433 = ADVANCED_FACE('',(#4434),#4440,.T.);
#4434 = FACE_BOUND('',#4435,.T.);
#4435 = EDGE_LOOP('',(#4436,#4437,#4438,#4439));
#4436 = ORIENTED_EDGE('',*,*,#4153,.F.);
#4437 = ORIENTED_EDGE('',*,*,#4073,.T.);
#4438 = ORIENTED_EDGE('',*,*,#4105,.T.);
#4439 = ORIENTED_EDGE('',*,*,#4128,.F.);
#4440 = PLANE('',#4441);
#4441 = AXIS2_PLACEMENT_3D('',#4442,#4443,#4444);
#4442 = CARTESIAN_POINT('',(131.7,-30.4,14.4));
#4443 = DIRECTION('',(0.,0.,1.));
#4444 = DIRECTION('',(1.,0.,0.));
#4445 = ADVANCED_FACE('',(#4446),#4452,.T.);
#4446 = FACE_BOUND('',#4447,.T.);
#4447 = EDGE_LOOP('',(#4448,#4449,#4450,#4451));
#4448 = ORIENTED_EDGE('',*,*,#4249,.F.);
#4449 = ORIENTED_EDGE('',*,*,#4169,.T.);
#4450 = ORIENTED_EDGE('',*,*,#4201,.T.);
#4451 = ORIENTED_EDGE('',*,*,#4224,.F.);
#4452 = PLANE('',#4453);
#4453 = AXIS2_PLACEMENT_3D('',#4454,#4455,#4456);
#4454 = CARTESIAN_POINT('',(131.7,-23.8,14.4));
#4455 = DIRECTION('',(0.,0.,1.));
#4456 = DIRECTION('',(1.,0.,0.));
#4457 = ORIENTED_CLOSED_SHELL('',*,#4458,.F.);
#4458 = CLOSED_SHELL('',(#4459,#4492,#4501));
#4459 = ADVANCED_FACE('',(#4460),#4487,.T.);
#4460 = FACE_BOUND('',#4461,.F.);
#4461 = EDGE_LOOP('',(#4462,#4472,#4479,#4480));
#4462 = ORIENTED_EDGE('',*,*,#4463,.T.);
#4463 = EDGE_CURVE('',#4464,#4466,#4468,.T.);
#4464 = VERTEX_POINT('',#4465);
#4465 = CARTESIAN_POINT('',(123.9,-64.7,7.));
#4466 = VERTEX_POINT('',#4467);
#4467 = CARTESIAN_POINT('',(123.9,-64.7,11.2));
#4468 = LINE('',#4469,#4470);
#4469 = CARTESIAN_POINT('',(123.9,-64.7,7.));
#4470 = VECTOR('',#4471,1.);
#4471 = DIRECTION('',(0.,0.,1.));
#4472 = ORIENTED_EDGE('',*,*,#4473,.T.);
#4473 = EDGE_CURVE('',#4466,#4466,#4474,.T.);
#4474 = CIRCLE('',#4475,1.1);
#4475 = AXIS2_PLACEMENT_3D('',#4476,#4477,#4478);
#4476 = CARTESIAN_POINT('',(122.8,-64.7,11.2));
#4477 = DIRECTION('',(0.,0.,1.));
#4478 = DIRECTION('',(1.,0.,0.));
#4479 = ORIENTED_EDGE('',*,*,#4463,.F.);
#4480 = ORIENTED_EDGE('',*,*,#4481,.F.);
#4481 = EDGE_CURVE('',#4464,#4464,#4482,.T.);
#4482 = CIRCLE('',#4483,1.1);
#4483 = AXIS2_PLACEMENT_3D('',#4484,#4485,#4486);
#4484 = CARTESIAN_POINT('',(122.8,-64.7,7.));
#4485 = DIRECTION('',(0.,0.,1.));
#4486 = DIRECTION('',(1.,0.,0.));
#4487 = CYLINDRICAL_SURFACE('',#4488,1.1);
#4488 = AXIS2_PLACEMENT_3D('',#4489,#4490,#4491);
#4489 = CARTESIAN_POINT('',(122.8,-64.7,7.));
#4490 = DIRECTION('',(-0.,-0.,-1.));
#4491 = DIRECTION('',(1.,0.,0.));
#4492 = ADVANCED_FACE('',(#4493),#4496,.F.);
#4493 = FACE_BOUND('',#4494,.T.);
#4494 = EDGE_LOOP('',(#4495));
#4495 = ORIENTED_EDGE('',*,*,#4481,.F.);
#4496 = PLANE('',#4497);
#4497 = AXIS2_PLACEMENT_3D('',#4498,#4499,#4500);
#4498 = CARTESIAN_POINT('',(122.8,-64.7,7.));
#4499 = DIRECTION('',(0.,0.,1.));
#4500 = DIRECTION('',(1.,0.,0.));
#4501 = ADVANCED_FACE('',(#4502),#4505,.T.);
#4502 = FACE_BOUND('',#4503,.F.);
#4503 = EDGE_LOOP('',(#4504));
#4504 = ORIENTED_EDGE('',*,*,#4473,.F.);
#4505 = PLANE('',#4506);
#4506 = AXIS2_PLACEMENT_3D('',#4507,#4508,#4509);
#4507 = CARTESIAN_POINT('',(122.8,-64.7,11.2));
#4508 = DIRECTION('',(0.,0.,1.));
#4509 = DIRECTION('',(1.,0.,0.));
#4510 = ORIENTED_CLOSED_SHELL('',*,#4511,.F.);
#4511 = CLOSED_SHELL('',(#4512,#4545,#4554));
#4512 = ADVANCED_FACE('',(#4513),#4540,.T.);
#4513 = FACE_BOUND('',#4514,.F.);
#4514 = EDGE_LOOP('',(#4515,#4525,#4532,#4533));
#4515 = ORIENTED_EDGE('',*,*,#4516,.T.);
#4516 = EDGE_CURVE('',#4517,#4519,#4521,.T.);
#4517 = VERTEX_POINT('',#4518);
#4518 = CARTESIAN_POINT('',(114.1,-52.8,7.));
#4519 = VERTEX_POINT('',#4520);
#4520 = CARTESIAN_POINT('',(114.1,-52.8,11.2));
#4521 = LINE('',#4522,#4523);
#4522 = CARTESIAN_POINT('',(114.1,-52.8,7.));
#4523 = VECTOR('',#4524,1.);
#4524 = DIRECTION('',(0.,0.,1.));
#4525 = ORIENTED_EDGE('',*,*,#4526,.T.);
#4526 = EDGE_CURVE('',#4519,#4519,#4527,.T.);
#4527 = CIRCLE('',#4528,1.1);
#4528 = AXIS2_PLACEMENT_3D('',#4529,#4530,#4531);
#4529 = CARTESIAN_POINT('',(113.,-52.8,11.2));
#4530 = DIRECTION('',(0.,0.,1.));
#4531 = DIRECTION('',(1.,0.,0.));
#4532 = ORIENTED_EDGE('',*,*,#4516,.F.);
#4533 = ORIENTED_EDGE('',*,*,#4534,.F.);
#4534 = EDGE_CURVE('',#4517,#4517,#4535,.T.);
#4535 = CIRCLE('',#4536,1.1);
#4536 = AXIS2_PLACEMENT_3D('',#4537,#4538,#4539);
#4537 = CARTESIAN_POINT('',(113.,-52.8,7.));
#4538 = DIRECTION('',(0.,0.,1.));
#4539 = DIRECTION('',(1.,0.,0.));
#4540 = CYLINDRICAL_SURFACE('',#4541,1.1);
#4541 = AXIS2_PLACEMENT_3D('',#4542,#4543,#4544);
#4542 = CARTESIAN_POINT('',(113.,-52.8,7.));
#4543 = DIRECTION('',(-0.,-0.,-1.));
#4544 = DIRECTION('',(1.,0.,0.));
#4545 = ADVANCED_FACE('',(#4546),#4549,.F.);
#4546 = FACE_BOUND('',#4547,.T.);
#4547 = EDGE_LOOP('',(#4548));
#4548 = ORIENTED_EDGE('',*,*,#4534,.F.);
#4549 = PLANE('',#4550);
#4550 = AXIS2_PLACEMENT_3D('',#4551,#4552,#4553);
#4551 = CARTESIAN_POINT('',(113.,-52.8,7.));
#4552 = DIRECTION('',(0.,0.,1.));
#4553 = DIRECTION('',(1.,0.,0.));
#4554 = ADVANCED_FACE('',(#4555),#4558,.T.);
#4555 = FACE_BOUND('',#4556,.F.);
#4556 = EDGE_LOOP('',(#4557));
#4557 = ORIENTED_EDGE('',*,*,#4526,.F.);
#4558 = PLANE('',#4559);
#4559 = AXIS2_PLACEMENT_3D('',#4560,#4561,#4562);
#4560 = CARTESIAN_POINT('',(113.,-52.8,11.2));
#4561 = DIRECTION('',(0.,0.,1.));
#4562 = DIRECTION('',(1.,0.,0.));
#4563 = ORIENTED_CLOSED_SHELL('',*,#4564,.F.);
#4564 = CLOSED_SHELL('',(#4565,#4598,#4607));
#4565 = ADVANCED_FACE('',(#4566),#4593,.T.);
#4566 = FACE_BOUND('',#4567,.F.);
#4567 = EDGE_LOOP('',(#4568,#4578,#4585,#4586));
#4568 = ORIENTED_EDGE('',*,*,#4569,.T.);
#4569 = EDGE_CURVE('',#4570,#4572,#4574,.T.);
#4570 = VERTEX_POINT('',#4571);
#4571 = CARTESIAN_POINT('',(134.1,-52.8,7.));
#4572 = VERTEX_POINT('',#4573);
#4573 = CARTESIAN_POINT('',(134.1,-52.8,11.2));
#4574 = LINE('',#4575,#4576);
#4575 = CARTESIAN_POINT('',(134.1,-52.8,7.));
#4576 = VECTOR('',#4577,1.);
#4577 = DIRECTION('',(0.,0.,1.));
#4578 = ORIENTED_EDGE('',*,*,#4579,.T.);
#4579 = EDGE_CURVE('',#4572,#4572,#4580,.T.);
#4580 = CIRCLE('',#4581,1.1);
#4581 = AXIS2_PLACEMENT_3D('',#4582,#4583,#4584);
#4582 = CARTESIAN_POINT('',(133.,-52.8,11.2));
#4583 = DIRECTION('',(0.,0.,1.));
#4584 = DIRECTION('',(1.,0.,0.));
#4585 = ORIENTED_EDGE('',*,*,#4569,.F.);
#4586 = ORIENTED_EDGE('',*,*,#4587,.F.);
#4587 = EDGE_CURVE('',#4570,#4570,#4588,.T.);
#4588 = CIRCLE('',#4589,1.1);
#4589 = AXIS2_PLACEMENT_3D('',#4590,#4591,#4592);
#4590 = CARTESIAN_POINT('',(133.,-52.8,7.));
#4591 = DIRECTION('',(0.,0.,1.));
#4592 = DIRECTION('',(1.,0.,0.));
#4593 = CYLINDRICAL_SURFACE('',#4594,1.1);
#4594 = AXIS2_PLACEMENT_3D('',#4595,#4596,#4597);
#4595 = CARTESIAN_POINT('',(133.,-52.8,7.));
#4596 = DIRECTION('',(-0.,-0.,-1.));
#4597 = DIRECTION('',(1.,0.,0.));
#4598 = ADVANCED_FACE('',(#4599),#4602,.F.);
#4599 = FACE_BOUND('',#4600,.T.);
#4600 = EDGE_LOOP('',(#4601));
#4601 = ORIENTED_EDGE('',*,*,#4587,.F.);
#4602 = PLANE('',#4603);
#4603 = AXIS2_PLACEMENT_3D('',#4604,#4605,#4606);
#4604 = CARTESIAN_POINT('',(133.,-52.8,7.));
#4605 = DIRECTION('',(0.,0.,1.));
#4606 = DIRECTION('',(1.,0.,0.));
#4607 = ADVANCED_FACE('',(#4608),#4611,.T.);
#4608 = FACE_BOUND('',#4609,.F.);
#4609 = EDGE_LOOP('',(#4610));
#4610 = ORIENTED_EDGE('',*,*,#4579,.F.);
#4611 = PLANE('',#4612);
#4612 = AXIS2_PLACEMENT_3D('',#4613,#4614,#4615);
#4613 = CARTESIAN_POINT('',(133.,-52.8,11.2));
#4614 = DIRECTION('',(0.,0.,1.));
#4615 = DIRECTION('',(1.,0.,0.));
#4616 = ( GEOMETRIC_REPRESENTATION_CONTEXT(3) 
GLOBAL_UNCERTAINTY_ASSIGNED_CONTEXT((#4620)) 
GLOBAL_UNIT_ASSIGNED_CONTEXT((#4617,#4618,#4619)) REPRESENTATION_CONTEXT
('Context #1','3D Context with UNIT and UNCERTAINTY') );
#4617 = ( LENGTH_UNIT() NAMED_UNIT(*) SI_UNIT(.MILLI.,.METRE.) );
#4618 = ( NAMED_UNIT(*) PLANE_ANGLE_UNIT() SI_UNIT($,.RADIAN.) );
#4619 = ( NAMED_UNIT(*) SI_UNIT($,.STERADIAN.) SOLID_ANGLE_UNIT() );
#4620 = UNCERTAINTY_MEASURE_WITH_UNIT(LENGTH_MEASURE(2.E-05),#4617,
  'distance_accuracy_value','confusion accuracy');
#4621 = PRODUCT_RELATED_PRODUCT_CATEGORY('part',$,(#7));
ENDSEC;
END-ISO-10303-21;
