ISO-10303-21;
HEADER;
FILE_DESCRIPTION(('FreeCAD Model'),'2;1');
FILE_NAME('Open CASCADE Shape Model','2026-09-27T17:14:16',('FreeCAD'),(
    'FreeCAD'),'Open CASCADE STEP processor 7.8','FreeCAD','Unknown');
FILE_SCHEMA(('AUTOMOTIVE_DESIGN { 1 0 10303 214 1 1 1 1 }'));
ENDSEC;
DATA;
#1 = APPLICATION_PROTOCOL_DEFINITION('international standard',
  'automotive_design',2000,#2);
#2 = APPLICATION_CONTEXT(
  'core data for automotive mechanical design processes');
#3 = SHAPE_DEFINITION_REPRESENTATION(#4,#10);
#4 = PRODUCT_DEFINITION_SHAPE('','',#5);
#5 = PRODUCT_DEFINITION('design','',#6,#9);
#6 = PRODUCT_DEFINITION_FORMATION('','',#7);
#7 = PRODUCT('Open CASCADE STEP translator 7.8 52',
  'Open CASCADE STEP translator 7.8 52','',(#8));
#8 = PRODUCT_CONTEXT('',#2,'mechanical');
#9 = PRODUCT_DEFINITION_CONTEXT('part definition',#2,'design');
#10 = ADVANCED_BREP_SHAPE_REPRESENTATION('',(#11,#15),#14779);
#11 = AXIS2_PLACEMENT_3D('',#12,#13,#14);
#12 = CARTESIAN_POINT('',(0.,0.,0.));
#13 = DIRECTION('',(0.,0.,1.));
#14 = DIRECTION('',(1.,0.,-0.));
#15 = MANIFOLD_SOLID_BREP('',#16);
#16 = CLOSED_SHELL('',(#17,#3624,#3655,#3679,#3703,#3727,#3751,#3775,
    #3799,#3823,#3847,#3871,#3895,#3919,#3943,#3967,#3991,#4015,#4039,
    #4063,#4087,#4111,#4135,#4159,#4183,#4207,#4231,#4255,#4279,#4303,
    #4327,#4351,#4375,#4399,#4423,#4447,#4517,#4535,#4553,#4577,#4601,
    #4625,#4649,#4673,#4697,#4721,#4745,#4769,#4793,#4817,#4841,#4865,
    #4889,#4913,#4937,#4961,#4985,#5009,#5033,#5057,#5081,#5105,#5129,
    #5153,#5177,#5201,#5225,#5249,#5273,#5297,#5321,#5345,#5369,#5393,
    #5417,#5441,#5465,#5489,#5513,#5537,#5561,#5585,#5609,#5633,#5657,
    #5681,#5705,#5729,#5753,#5777,#5801,#5825,#5849,#5873,#5897,#5921,
    #5945,#5969,#5993,#6017,#6041,#6065,#6089,#6113,#6137,#6161,#6185,
    #6209,#6233,#6257,#6281,#6305,#6329,#6353,#6377,#6401,#6425,#6449,
    #6473,#6497,#6521,#6545,#6569,#6593,#6617,#6641,#6665,#6689,#6713,
    #6737,#6761,#6785,#6809,#6833,#6857,#6881,#6905,#6929,#6953,#6977,
    #7001,#7025,#7049,#7073,#7097,#7121,#7145,#7169,#7193,#7217,#7241,
    #7265,#7289,#7313,#7337,#7361,#7385,#7409,#7433,#7457,#7481,#7505,
    #7529,#7553,#7577,#7601,#7625,#7649,#7673,#7697,#7721,#7745,#7769,
    #7793,#7817,#7841,#7865,#7889,#7913,#7937,#7961,#7985,#8009,#8033,
    #8057,#8081,#8105,#8129,#8153,#8177,#8201,#8225,#8249,#8273,#8297,
    #8321,#8345,#8369,#8393,#8417,#8441,#8465,#8489,#8513,#8537,#8561,
    #8585,#8609,#8633,#8657,#8681,#8705,#8729,#8753,#8777,#8801,#8825,
    #8849,#8873,#8897,#8921,#8945,#8969,#8993,#9017,#9041,#9065,#9089,
    #9113,#9137,#9161,#9185,#9209,#9233,#9257,#9281,#9305,#9329,#9353,
    #9377,#9401,#9425,#9449,#9473,#9497,#9521,#9545,#9569,#9593,#9617,
    #9641,#9665,#9689,#9713,#9737,#9761,#9785,#9809,#9833,#9857,#9881,
    #9905,#9929,#9953,#9977,#10001,#10025,#10049,#10073,#10097,#10121,
    #10145,#10169,#10193,#10217,#10241,#10265,#10289,#10313,#10337,
    #10361,#10385,#10409,#10433,#10457,#10481,#10505,#10529,#10553,
    #10577,#10601,#10625,#10649,#10673,#10697,#10721,#10745,#10769,
    #10793,#10817,#10841,#10865,#10889,#10913,#10937,#10961,#10985,
    #11009,#11033,#11057,#11081,#11105,#11129,#11153,#11177,#11201,
    #11225,#11249,#11273,#11297,#11321,#11345,#11369,#11393,#11417,
    #11441,#11465,#11489,#11513,#11537,#11561,#11585,#11609,#11633,
    #11657,#11681,#11705,#11729,#11753,#11777,#11801,#11825,#11849,
    #11873,#11897,#11921,#11945,#11969,#11993,#12017,#12041,#12065,
    #12089,#12113,#12137,#12161,#12185,#12209,#12233,#12257,#12281,
    #12305,#12329,#12353,#12377,#12401,#12425,#12449,#12466,#12497,
    #12521,#12545,#12562,#12593,#12617,#12641,#12658,#12689,#12713,
    #12737,#12754,#12785,#12809,#12833,#12850,#12881,#12905,#12929,
    #12946,#12971,#13002,#13026,#13050,#13067,#13098,#13122,#13146,
    #13163,#13194,#13218,#13242,#13259,#13284,#13315,#13339,#13363,
    #13380,#13411,#13435,#13459,#13476,#13507,#13531,#13555,#13572,
    #13603,#13627,#13651,#13668,#13699,#13723,#13747,#13764,#13789,
    #13820,#13844,#13868,#13885,#13916,#13940,#13964,#13981,#14012,
    #14036,#14060,#14077,#14108,#14132,#14156,#14173,#14204,#14228,
    #14252,#14269,#14759,#14769));
#17 = ADVANCED_FACE('',(#18,#2974,#3008,#3042,#3076,#3110,#3144,#3155,
    #3189,#3223,#3257,#3268,#3302,#3336,#3370,#3404,#3438,#3449,#3483,
    #3517,#3551,#3585),#3619,.F.);
#18 = FACE_BOUND('',#19,.F.);
#19 = EDGE_LOOP('',(#20,#30,#38,#46,#54,#62,#70,#78,#86,#94,#102,#110,
    #118,#126,#134,#142,#150,#158,#166,#174,#182,#190,#198,#206,#214,
    #222,#230,#238,#246,#254,#262,#270,#278,#286,#294,#302,#310,#318,
    #326,#334,#342,#350,#358,#366,#374,#382,#390,#398,#406,#414,#422,
    #430,#438,#446,#454,#462,#470,#478,#486,#494,#502,#510,#518,#526,
    #534,#542,#550,#558,#566,#574,#582,#590,#598,#606,#614,#622,#630,
    #638,#646,#654,#662,#670,#678,#686,#694,#702,#710,#718,#726,#734,
    #742,#750,#758,#766,#774,#782,#790,#798,#806,#814,#822,#830,#838,
    #846,#854,#862,#870,#878,#886,#894,#902,#910,#918,#926,#934,#942,
    #950,#958,#966,#974,#982,#990,#998,#1006,#1014,#1022,#1030,#1038,
    #1046,#1054,#1062,#1070,#1078,#1086,#1094,#1102,#1110,#1118,#1126,
    #1134,#1142,#1150,#1158,#1166,#1174,#1182,#1190,#1198,#1206,#1214,
    #1222,#1230,#1238,#1246,#1254,#1262,#1270,#1278,#1286,#1294,#1302,
    #1310,#1318,#1326,#1334,#1342,#1350,#1358,#1366,#1374,#1382,#1390,
    #1398,#1406,#1414,#1422,#1430,#1438,#1446,#1454,#1462,#1470,#1478,
    #1486,#1494,#1502,#1510,#1518,#1526,#1534,#1542,#1550,#1558,#1566,
    #1574,#1582,#1590,#1598,#1606,#1614,#1622,#1630,#1638,#1646,#1654,
    #1662,#1670,#1678,#1686,#1694,#1702,#1710,#1718,#1726,#1734,#1742,
    #1750,#1758,#1766,#1774,#1782,#1790,#1798,#1806,#1814,#1822,#1830,
    #1838,#1846,#1854,#1862,#1870,#1878,#1886,#1894,#1902,#1910,#1918,
    #1926,#1934,#1942,#1950,#1958,#1966,#1974,#1982,#1990,#1998,#2006,
    #2014,#2022,#2030,#2038,#2046,#2054,#2062,#2070,#2078,#2086,#2094,
    #2102,#2110,#2118,#2126,#2134,#2142,#2150,#2158,#2166,#2174,#2182,
    #2190,#2198,#2206,#2214,#2222,#2230,#2238,#2246,#2254,#2262,#2270,
    #2278,#2286,#2294,#2302,#2310,#2318,#2326,#2334,#2342,#2350,#2358,
    #2366,#2374,#2382,#2390,#2398,#2406,#2414,#2422,#2430,#2438,#2446,
    #2454,#2462,#2470,#2478,#2486,#2494,#2502,#2510,#2518,#2526,#2534,
    #2542,#2550,#2558,#2566,#2574,#2582,#2590,#2598,#2606,#2614,#2622,
    #2630,#2638,#2646,#2654,#2662,#2670,#2678,#2687,#2695,#2704,#2712,
    #2720,#2728,#2736,#2744,#2752,#2760,#2768,#2776,#2784,#2792,#2800,
    #2808,#2816,#2824,#2832,#2840,#2848,#2856,#2864,#2872,#2880,#2888,
    #2896,#2904,#2912,#2920,#2928,#2936,#2944,#2952,#2960,#2968));
#20 = ORIENTED_EDGE('',*,*,#21,.T.);
#21 = EDGE_CURVE('',#22,#24,#26,.T.);
#22 = VERTEX_POINT('',#23);
#23 = CARTESIAN_POINT('',(112.19558124802,-10.82,6.3));
#24 = VERTEX_POINT('',#25);
#25 = CARTESIAN_POINT('',(112.92655406648,-10.82,6.3));
#26 = LINE('',#27,#28);
#27 = CARTESIAN_POINT('',(105.14060547866,-10.82,6.3));
#28 = VECTOR('',#29,1.);
#29 = DIRECTION('',(1.,0.,0.));
#30 = ORIENTED_EDGE('',*,*,#31,.F.);
#31 = EDGE_CURVE('',#32,#24,#34,.T.);
#32 = VERTEX_POINT('',#33);
#33 = CARTESIAN_POINT('',(112.83146350697,-10.61894790403,6.3));
#34 = LINE('',#35,#36);
#35 = CARTESIAN_POINT('',(116.3975385427,-18.15878008078,6.3));
#36 = VECTOR('',#37,1.);
#37 = DIRECTION('',(0.42755509343,-0.903989293123,0.));
#38 = ORIENTED_EDGE('',*,*,#39,.F.);
#39 = EDGE_CURVE('',#40,#32,#42,.T.);
#40 = VERTEX_POINT('',#41);
#41 = CARTESIAN_POINT('',(112.7520737209,-10.39706831593,6.3));
#42 = LINE('',#43,#44);
#43 = CARTESIAN_POINT('',(116.3587877687,-20.47715880342,6.3));
#44 = VECTOR('',#45,1.);
#45 = DIRECTION('',(0.336889853392,-0.941544065183,0.));
#46 = ORIENTED_EDGE('',*,*,#47,.F.);
#47 = EDGE_CURVE('',#48,#40,#50,.T.);
#48 = VERTEX_POINT('',#49);
#49 = CARTESIAN_POINT('',(112.69481422108,-10.1684755789,6.3));
#50 = LINE('',#51,#52);
#51 = CARTESIAN_POINT('',(115.84622018208,-22.74959340869,6.3));
#52 = VECTOR('',#53,1.);
#53 = DIRECTION('',(0.242980179903,-0.970031253195,0.));
#54 = ORIENTED_EDGE('',*,*,#55,.F.);
#55 = EDGE_CURVE('',#56,#48,#58,.T.);
#56 = VERTEX_POINT('',#57);
#57 = CARTESIAN_POINT('',(112.66023644779,-9.935371165949,6.3));
#58 = LINE('',#59,#60);
#59 = CARTESIAN_POINT('',(114.87740646176,-24.88231728987,6.3));
#60 = VECTOR('',#61,1.);
#61 = DIRECTION('',(0.146730474455,-0.989176509965,0.));
#62 = ORIENTED_EDGE('',*,*,#63,.F.);
#63 = EDGE_CURVE('',#64,#56,#66,.T.);
#64 = VERTEX_POINT('',#65);
#65 = CARTESIAN_POINT('',(112.65,-9.72700348432,6.3));
#66 = LINE('',#67,#68);
#67 = CARTESIAN_POINT('',(113.48809186768,-26.78675536378,6.3));
#68 = VECTOR('',#69,1.);
#69 = DIRECTION('',(4.906767432738E-02,-0.998795456205,0.));
#70 = ORIENTED_EDGE('',*,*,#71,.F.);
#71 = EDGE_CURVE('',#72,#64,#74,.T.);
#72 = VERTEX_POINT('',#73);
#73 = CARTESIAN_POINT('',(112.65,-9.67700348432,6.3));
#74 = LINE('',#75,#76);
#75 = CARTESIAN_POINT('',(112.65,-27.58255465667,6.3));
#76 = VECTOR('',#77,1.);
#77 = DIRECTION('',(0.,-1.,0.));
#78 = ORIENTED_EDGE('',*,*,#79,.F.);
#79 = EDGE_CURVE('',#80,#72,#82,.T.);
#80 = VERTEX_POINT('',#81);
#81 = CARTESIAN_POINT('',(112.64241993647,-9.522707746729,6.3));
#82 = LINE('',#83,#84);
#83 = CARTESIAN_POINT('',(113.48419885804,-26.65751133205,6.3));
#84 = VECTOR('',#85,1.);
#85 = DIRECTION('',(4.906767432744E-02,-0.998795456205,0.));
#86 = ORIENTED_EDGE('',*,*,#87,.F.);
#87 = EDGE_CURVE('',#88,#80,#90,.T.);
#88 = VERTEX_POINT('',#89);
#89 = CARTESIAN_POINT('',(112.62371975857,-9.396641387443,6.3));
#90 = LINE('',#91,#92);
#91 = CARTESIAN_POINT('',(114.87244032392,-24.55628405177,6.3));
#92 = VECTOR('',#93,1.);
#93 = DIRECTION('',(0.146730474455,-0.989176509965,0.));
#94 = ORIENTED_EDGE('',*,*,#95,.F.);
#95 = EDGE_CURVE('',#96,#88,#98,.T.);
#96 = VERTEX_POINT('',#97);
#97 = CARTESIAN_POINT('',(112.59275296311,-9.273015010095,6.3));
#98 = LINE('',#99,#100);
#99 = CARTESIAN_POINT('',(115.83955468552,-22.23497406748,6.3));
#100 = VECTOR('',#101,1.);
#101 = DIRECTION('',(0.242980179903,-0.970031253195,0.));
#102 = ORIENTED_EDGE('',*,*,#103,.F.);
#103 = EDGE_CURVE('',#104,#96,#106,.T.);
#104 = VERTEX_POINT('',#105);
#105 = CARTESIAN_POINT('',(112.54981777726,-9.153019204281,6.3));
#106 = LINE('',#107,#108);
#107 = CARTESIAN_POINT('',(116.34708612158,-19.76567327357,6.3));
#108 = VECTOR('',#109,1.);
#109 = DIRECTION('',(0.336889853392,-0.941544065183,0.));
#110 = ORIENTED_EDGE('',*,*,#111,.F.);
#111 = EDGE_CURVE('',#112,#104,#114,.T.);
#112 = VERTEX_POINT('',#113);
#113 = CARTESIAN_POINT('',(112.49532769032,-9.037809595207,6.3));
#114 = LINE('',#115,#116);
#115 = CARTESIAN_POINT('',(116.37455250513,-17.2397413511,6.3));
#116 = VECTOR('',#117,1.);
#117 = DIRECTION('',(0.42755509343,-0.903989293123,0.));
#118 = ORIENTED_EDGE('',*,*,#119,.F.);
#119 = EDGE_CURVE('',#120,#112,#122,.T.);
#120 = VERTEX_POINT('',#121);
#121 = CARTESIAN_POINT('',(112.42980747163,-8.928495714389,6.3));
#122 = LINE('',#123,#124);
#123 = CARTESIAN_POINT('',(115.91957864054,-14.75082716027,6.3));
#124 = VECTOR('',#125,1.);
#125 = DIRECTION('',(0.514102744193,-0.85772861,0.));
#126 = ORIENTED_EDGE('',*,*,#127,.F.);
#127 = EDGE_CURVE('',#128,#120,#130,.T.);
#128 = VERTEX_POINT('',#129);
#129 = CARTESIAN_POINT('',(112.3538881167,-8.826130314255,6.3));
#130 = LINE('',#131,#132);
#131 = CARTESIAN_POINT('',(114.99800025025,-12.39130281609,6.3));
#132 = VECTOR('',#133,1.);
#133 = DIRECTION('',(0.595699304492,-0.803207531481,0.));
#134 = ORIENTED_EDGE('',*,*,#135,.F.);
#135 = EDGE_CURVE('',#136,#128,#138,.T.);
#136 = VERTEX_POINT('',#137);
#137 = CARTESIAN_POINT('',(112.26830077043,-8.731699229568,6.3));
#138 = LINE('',#139,#140);
#139 = CARTESIAN_POINT('',(113.6432712943,-10.2487454243,6.3));
#140 = VECTOR('',#141,1.);
#141 = DIRECTION('',(0.671558954847,-0.740951125355,0.));
#142 = ORIENTED_EDGE('',*,*,#143,.F.);
#143 = EDGE_CURVE('',#144,#136,#146,.T.);
#144 = VERTEX_POINT('',#145);
#145 = CARTESIAN_POINT('',(112.17386968574,-8.646111883295,6.3));
#146 = LINE('',#147,#148);
#147 = CARTESIAN_POINT('',(111.90519724655,-8.402601378639,6.3));
#148 = VECTOR('',#149,1.);
#149 = DIRECTION('',(0.740951125355,-0.671558954847,0.));
#150 = ORIENTED_EDGE('',*,*,#151,.F.);
#151 = EDGE_CURVE('',#152,#144,#154,.T.);
#152 = VERTEX_POINT('',#153);
#153 = CARTESIAN_POINT('',(112.07150428561,-8.570192528366,6.3));
#154 = LINE('',#155,#156);
#155 = CARTESIAN_POINT('',(109.84804282466,-6.92116112124,6.3));
#156 = VECTOR('',#157,1.);
#157 = DIRECTION('',(0.803207531481,-0.595699304492,0.));
#158 = ORIENTED_EDGE('',*,*,#159,.F.);
#159 = EDGE_CURVE('',#160,#152,#162,.T.);
#160 = VERTEX_POINT('',#161);
#161 = CARTESIAN_POINT('',(111.96219040479,-8.504672309672,6.3));
#162 = LINE('',#163,#164);
#163 = CARTESIAN_POINT('',(107.54808668387,-5.858960356472,6.3));
#164 = VECTOR('',#165,1.);
#165 = DIRECTION('',(0.85772861,-0.514102744193,0.));
#166 = ORIENTED_EDGE('',*,*,#167,.F.);
#167 = EDGE_CURVE('',#168,#160,#170,.T.);
#168 = VERTEX_POINT('',#169);
#169 = CARTESIAN_POINT('',(111.84698079571,-8.450182222736,6.3));
#170 = LINE('',#171,#172);
#171 = CARTESIAN_POINT('',(105.09071681154,-5.254707341597,6.3));
#172 = VECTOR('',#173,1.);
#173 = DIRECTION('',(0.903989293123,-0.42755509343,0.));
#174 = ORIENTED_EDGE('',*,*,#175,.F.);
#175 = EDGE_CURVE('',#176,#168,#178,.T.);
#176 = VERTEX_POINT('',#177);
#177 = CARTESIAN_POINT('',(111.7269849899,-8.407247036882,6.3));
#178 = LINE('',#179,#180);
#179 = CARTESIAN_POINT('',(102.56717798744,-5.129815685264,6.3));
#180 = VECTOR('',#181,1.);
#181 = DIRECTION('',(0.941544065183,-0.336889853392,0.));
#182 = ORIENTED_EDGE('',*,*,#183,.F.);
#183 = EDGE_CURVE('',#184,#176,#186,.T.);
#184 = VERTEX_POINT('',#185);
#185 = CARTESIAN_POINT('',(111.60335861255,-8.376280241421,6.3));
#186 = LINE('',#187,#188);
#187 = CARTESIAN_POINT('',(100.07109602492,-5.487598841716,6.3));
#188 = VECTOR('',#189,1.);
#189 = DIRECTION('',(0.970031253195,-0.242980179903,0.));
#190 = ORIENTED_EDGE('',*,*,#191,.F.);
#191 = EDGE_CURVE('',#192,#184,#194,.T.);
#192 = VERTEX_POINT('',#193);
#193 = CARTESIAN_POINT('',(111.47729225327,-8.357580063521,6.3));
#194 = LINE('',#195,#196);
#195 = CARTESIAN_POINT('',(97.694912068558,-6.313157088193,6.3));
#196 = VECTOR('',#197,1.);
#197 = DIRECTION('',(0.989176509965,-0.146730474455,0.));
#198 = ORIENTED_EDGE('',*,*,#199,.F.);
#199 = EDGE_CURVE('',#200,#192,#202,.T.);
#200 = VERTEX_POINT('',#201);
#201 = CARTESIAN_POINT('',(111.32299651568,-8.35,6.3));
#202 = LINE('',#203,#204);
#203 = CARTESIAN_POINT('',(95.526363665262,-7.573961191094,6.3));
#204 = VECTOR('',#205,1.);
#205 = DIRECTION('',(0.998795456205,-4.906767432743E-02,0.));
#206 = ORIENTED_EDGE('',*,*,#207,.F.);
#207 = EDGE_CURVE('',#208,#200,#210,.T.);
#208 = VERTEX_POINT('',#209);
#209 = CARTESIAN_POINT('',(96.408131650815,-8.35,6.3));
#210 = LINE('',#211,#212);
#211 = CARTESIAN_POINT('',(94.499894360517,-8.35,6.3));
#212 = VECTOR('',#213,1.);
#213 = DIRECTION('',(1.,0.,0.));
#214 = ORIENTED_EDGE('',*,*,#215,.F.);
#215 = EDGE_CURVE('',#216,#208,#218,.T.);
#216 = VERTEX_POINT('',#217);
#217 = CARTESIAN_POINT('',(96.26003126493,-8.342724294592,6.3));
#218 = LINE('',#219,#220);
#219 = CARTESIAN_POINT('',(87.973828576291,-7.935649259948,6.3));
#220 = VECTOR('',#221,1.);
#221 = DIRECTION('',(0.998795456205,-4.906767432742E-02,0.));
#222 = ORIENTED_EDGE('',*,*,#223,.F.);
#223 = EDGE_CURVE('',#224,#216,#226,.T.);
#224 = VERTEX_POINT('',#225);
#225 = CARTESIAN_POINT('',(96.086613740716,-8.317000234881,6.3));
#226 = LINE('',#227,#228);
#227 = CARTESIAN_POINT('',(89.860513957958,-7.393445575094,6.3));
#228 = VECTOR('',#229,1.);
#229 = DIRECTION('',(0.989176509965,-0.146730474455,0.));
#230 = ORIENTED_EDGE('',*,*,#231,.F.);
#231 = EDGE_CURVE('',#232,#224,#234,.T.);
#232 = VERTEX_POINT('',#233);
#233 = CARTESIAN_POINT('',(95.916552668051,-8.274402153742,6.3));
#234 = LINE('',#235,#236);
#235 = CARTESIAN_POINT('',(91.799847096766,-7.243221089188,6.3));
#236 = VECTOR('',#237,1.);
#237 = DIRECTION('',(0.970031253195,-0.242980179903,0.));
#238 = ORIENTED_EDGE('',*,*,#239,.F.);
#239 = EDGE_CURVE('',#240,#232,#242,.T.);
#240 = VERTEX_POINT('',#241);
#241 = CARTESIAN_POINT('',(95.751485828031,-8.215340293984,6.3));
#242 = LINE('',#243,#244);
#243 = CARTESIAN_POINT('',(93.725832182813,-7.490549830323,6.3));
#244 = VECTOR('',#245,1.);
#245 = DIRECTION('',(0.941544065183,-0.336889853392,0.));
#246 = ORIENTED_EDGE('',*,*,#247,.F.);
#247 = EDGE_CURVE('',#248,#240,#250,.T.);
#248 = VERTEX_POINT('',#249);
#249 = CARTESIAN_POINT('',(95.593002904558,-8.140383453601,6.3));
#250 = LINE('',#251,#252);
#251 = CARTESIAN_POINT('',(95.55959307589,-8.124581781473,6.3));
#252 = VECTOR('',#253,1.);
#253 = DIRECTION('',(0.903989293123,-0.42755509343,0.));
#254 = ORIENTED_EDGE('',*,*,#255,.F.);
#255 = EDGE_CURVE('',#256,#248,#258,.T.);
#256 = VERTEX_POINT('',#257);
#257 = CARTESIAN_POINT('',(95.442630174823,-8.050253507943,6.3));
#258 = LINE('',#259,#260);
#259 = CARTESIAN_POINT('',(97.225953033446,-9.119136094709,6.3));
#260 = VECTOR('',#261,1.);
#261 = DIRECTION('',(0.85772861,-0.514102744193,0.));
#262 = ORIENTED_EDGE('',*,*,#263,.F.);
#263 = EDGE_CURVE('',#264,#256,#266,.T.);
#264 = VERTEX_POINT('',#265);
#265 = CARTESIAN_POINT('',(95.301815810413,-7.945818457656,6.3));
#266 = LINE('',#267,#268);
#267 = CARTESIAN_POINT('',(98.656369035284,-10.43372468937,6.3));
#268 = VECTOR('',#269,1.);
#269 = DIRECTION('',(0.803207531481,-0.595699304492,0.));
#270 = ORIENTED_EDGE('',*,*,#271,.F.);
#271 = EDGE_CURVE('',#272,#264,#274,.T.);
#272 = VERTEX_POINT('',#273);
#273 = CARTESIAN_POINT('',(95.171915930636,-7.828084069364,6.3));
#274 = LINE('',#275,#276);
#275 = CARTESIAN_POINT('',(99.791609246144,-12.01513002761,6.3));
#276 = VECTOR('',#277,1.);
#277 = DIRECTION('',(0.740951125355,-0.671558954847,0.));
#278 = ORIENTED_EDGE('',*,*,#279,.F.);
#279 = EDGE_CURVE('',#280,#272,#282,.T.);
#280 = VERTEX_POINT('',#281);
#281 = CARTESIAN_POINT('',(95.054181542344,-7.698184189587,6.3));
#282 = LINE('',#283,#284);
#283 = CARTESIAN_POINT('',(100.58407030488,-13.79947622377,6.3));
#284 = VECTOR('',#285,1.);
#285 = DIRECTION('',(0.671558954847,-0.740951125355,0.));
#286 = ORIENTED_EDGE('',*,*,#287,.F.);
#287 = EDGE_CURVE('',#288,#280,#290,.T.);
#288 = VERTEX_POINT('',#289);
#289 = CARTESIAN_POINT('',(94.949746492057,-7.557369825177,6.3));
#290 = LINE('',#291,#292);
#291 = CARTESIAN_POINT('',(100.99964499293,-15.71471364605,6.3));
#292 = VECTOR('',#293,1.);
#293 = DIRECTION('',(0.595699304492,-0.803207531481,0.));
#294 = ORIENTED_EDGE('',*,*,#295,.F.);
#295 = EDGE_CURVE('',#296,#288,#298,.T.);
#296 = VERTEX_POINT('',#297);
#297 = CARTESIAN_POINT('',(94.859616546399,-7.406997095442,6.3));
#298 = LINE('',#299,#300);
#299 = CARTESIAN_POINT('',(101.01906813964,-17.68342124044,6.3));
#300 = VECTOR('',#301,1.);
#301 = DIRECTION('',(0.514102744193,-0.85772861,0.));
#302 = ORIENTED_EDGE('',*,*,#303,.F.);
#303 = EDGE_CURVE('',#304,#296,#306,.T.);
#304 = VERTEX_POINT('',#305);
#305 = CARTESIAN_POINT('',(94.784659706016,-7.248514171969,6.3));
#306 = LINE('',#307,#308);
#307 = CARTESIAN_POINT('',(100.63868870337,-19.62581856282,6.3));
#308 = VECTOR('',#309,1.);
#309 = DIRECTION('',(0.42755509343,-0.903989293123,0.));
#310 = ORIENTED_EDGE('',*,*,#311,.F.);
#311 = EDGE_CURVE('',#312,#304,#314,.T.);
#312 = VERTEX_POINT('',#313);
#313 = CARTESIAN_POINT('',(94.725597846258,-7.083447331949,6.3));
#314 = LINE('',#315,#316);
#315 = CARTESIAN_POINT('',(99.870638052085,-21.46287141417,6.3));
#316 = VECTOR('',#317,1.);
#317 = DIRECTION('',(0.336889853392,-0.941544065183,0.));
#318 = ORIENTED_EDGE('',*,*,#319,.F.);
#319 = EDGE_CURVE('',#320,#312,#322,.T.);
#320 = VERTEX_POINT('',#321);
#321 = CARTESIAN_POINT('',(94.682999765119,-6.913386259284,6.3));
#322 = LINE('',#323,#324);
#323 = CARTESIAN_POINT('',(98.742387707046,-23.11937134858,6.3));
#324 = VECTOR('',#325,1.);
#325 = DIRECTION('',(0.242980179903,-0.970031253195,0.));
#326 = ORIENTED_EDGE('',*,*,#327,.F.);
#327 = EDGE_CURVE('',#328,#320,#330,.T.);
#328 = VERTEX_POINT('',#329);
#329 = CARTESIAN_POINT('',(94.657275705408,-6.739968735071,6.3));
#330 = LINE('',#331,#332);
#331 = CARTESIAN_POINT('',(97.295713314777,-24.52687030327,6.3));
#332 = VECTOR('',#333,1.);
#333 = DIRECTION('',(0.146730474455,-0.989176509965,0.));
#334 = ORIENTED_EDGE('',*,*,#335,.F.);
#335 = EDGE_CURVE('',#336,#328,#338,.T.);
#336 = VERTEX_POINT('',#337);
#337 = CARTESIAN_POINT('',(94.65,-6.591868349185,6.3));
#338 = LINE('',#339,#340);
#339 = CARTESIAN_POINT('',(95.585104471593,-25.62635714667,6.3));
#340 = VECTOR('',#341,1.);
#341 = DIRECTION('',(4.906767432743E-02,-0.998795456205,0.));
#342 = ORIENTED_EDGE('',*,*,#343,.F.);
#343 = EDGE_CURVE('',#344,#336,#346,.T.);
#344 = VERTEX_POINT('',#345);
#345 = CARTESIAN_POINT('',(94.65,-6.541868349185,6.3));
#346 = LINE('',#347,#348);
#347 = CARTESIAN_POINT('',(94.65,-26.0149870891,6.3));
#348 = VECTOR('',#349,1.);
#349 = DIRECTION('',(0.,-1.,0.));
#350 = ORIENTED_EDGE('',*,*,#351,.F.);
#351 = EDGE_CURVE('',#352,#344,#354,.T.);
#352 = VERTEX_POINT('',#353);
#353 = CARTESIAN_POINT('',(94.647885922419,-6.498835311428,6.3));
#354 = LINE('',#355,#356);
#355 = CARTESIAN_POINT('',(95.582691833144,-25.52724676281,6.3));
#356 = VECTOR('',#357,1.);
#357 = DIRECTION('',(4.906767432746E-02,-0.998795456205,0.));
#358 = ORIENTED_EDGE('',*,*,#359,.F.);
#359 = EDGE_CURVE('',#360,#352,#362,.T.);
#360 = VERTEX_POINT('',#361);
#361 = CARTESIAN_POINT('',(94.645531061905,-6.482960131353,6.3));
#362 = LINE('',#363,#364);
#363 = CARTESIAN_POINT('',(97.291061916673,-24.31768047581,6.3));
#364 = VECTOR('',#365,1.);
#365 = DIRECTION('',(0.146730474455,-0.989176509965,0.));
#366 = ORIENTED_EDGE('',*,*,#367,.F.);
#367 = EDGE_CURVE('',#368,#360,#370,.T.);
#368 = VERTEX_POINT('',#369);
#369 = CARTESIAN_POINT('',(94.641631500935,-6.467392211303,6.3));
#370 = LINE('',#371,#372);
#371 = CARTESIAN_POINT('',(98.735451395569,-22.81083736116,6.3));
#372 = VECTOR('',#373,1.);
#373 = DIRECTION('',(0.242980179903,-0.970031253195,0.));
#374 = ORIENTED_EDGE('',*,*,#375,.F.);
#375 = EDGE_CURVE('',#376,#368,#378,.T.);
#376 = VERTEX_POINT('',#377);
#377 = CARTESIAN_POINT('',(94.636224794413,-6.452281478857,6.3));
#378 = LINE('',#379,#380);
#379 = CARTESIAN_POINT('',(99.859610955356,-21.05066783709,6.3));
#380 = VECTOR('',#381,1.);
#381 = DIRECTION('',(0.336889853393,-0.941544065183,0.));
#382 = ORIENTED_EDGE('',*,*,#383,.F.);
#383 = EDGE_CURVE('',#384,#376,#386,.T.);
#384 = VERTEX_POINT('',#385);
#385 = CARTESIAN_POINT('',(94.629363011878,-6.437773458631,6.3));
#386 = LINE('',#387,#388);
#387 = CARTESIAN_POINT('',(100.62021662048,-19.10436918412,6.3));
#388 = VECTOR('',#389,1.);
#389 = DIRECTION('',(0.42755509343,-0.903989293124,0.));
#390 = ORIENTED_EDGE('',*,*,#391,.F.);
#391 = EDGE_CURVE('',#392,#384,#394,.T.);
#392 = VERTEX_POINT('',#393);
#393 = CARTESIAN_POINT('',(94.621112236047,-6.424007870789,6.3));
#394 = LINE('',#395,#396);
#395 = CARTESIAN_POINT('',(100.98787255852,-17.04630573495,6.3));
#396 = VECTOR('',#397,1.);
#397 = DIRECTION('',(0.514102744193,-0.85772861,0.));
#398 = ORIENTED_EDGE('',*,*,#399,.F.);
#399 = EDGE_CURVE('',#400,#392,#402,.T.);
#400 = VERTEX_POINT('',#401);
#401 = CARTESIAN_POINT('',(94.611551926402,-6.411117285468,6.3));
#402 = LINE('',#403,#404);
#403 = CARTESIAN_POINT('',(100.94824234583,-14.95515524415,6.3));
#404 = VECTOR('',#405,1.);
#405 = DIRECTION('',(0.595699304493,-0.80320753148,0.));
#406 = ORIENTED_EDGE('',*,*,#407,.F.);
#407 = EDGE_CURVE('',#408,#400,#410,.T.);
#408 = VERTEX_POINT('',#409);
#409 = CARTESIAN_POINT('',(94.60077415395,-6.39922584605,6.3));
#410 = LINE('',#411,#412);
#411 = CARTESIAN_POINT('',(100.50260190778,-12.91088931847,6.3));
#412 = VECTOR('',#413,1.);
#413 = DIRECTION('',(0.671558954847,-0.740951125355,0.));
#414 = ORIENTED_EDGE('',*,*,#415,.F.);
#415 = EDGE_CURVE('',#416,#408,#418,.T.);
#416 = VERTEX_POINT('',#417);
#417 = CARTESIAN_POINT('',(94.588882714532,-6.388448073598,6.3));
#418 = LINE('',#419,#420);
#419 = CARTESIAN_POINT('',(99.667792864761,-10.99170390995,6.3));
#420 = VECTOR('',#421,1.);
#421 = DIRECTION('',(0.740951125355,-0.671558954847,0.));
#422 = ORIENTED_EDGE('',*,*,#423,.F.);
#423 = EDGE_CURVE('',#424,#416,#426,.T.);
#424 = VERTEX_POINT('',#425);
#425 = CARTESIAN_POINT('',(94.575992129211,-6.378887763953,6.3));
#426 = LINE('',#427,#428);
#427 = CARTESIAN_POINT('',(98.475578054126,-9.271017795401,6.3));
#428 = VECTOR('',#429,1.);
#429 = DIRECTION('',(0.803207531481,-0.595699304492,0.));
#430 = ORIENTED_EDGE('',*,*,#431,.F.);
#431 = EDGE_CURVE('',#432,#424,#434,.T.);
#432 = VERTEX_POINT('',#433);
#433 = CARTESIAN_POINT('',(94.562226541369,-6.370636988122,6.3));
#434 = LINE('',#435,#436);
#435 = CARTESIAN_POINT('',(96.971423968583,-7.814654354681,6.3));
#436 = VECTOR('',#437,1.);
#437 = DIRECTION('',(0.85772861,-0.514102744193,0.));
#438 = ORIENTED_EDGE('',*,*,#439,.F.);
#439 = EDGE_CURVE('',#440,#432,#442,.T.);
#440 = VERTEX_POINT('',#441);
#441 = CARTESIAN_POINT('',(94.547718521142,-6.363775205587,6.3));
#442 = LINE('',#443,#444);
#443 = CARTESIAN_POINT('',(95.212756871735,-6.678314920034,6.3));
#444 = VECTOR('',#445,1.);
#445 = DIRECTION('',(0.903989293123,-0.42755509343,0.));
#446 = ORIENTED_EDGE('',*,*,#447,.F.);
#447 = EDGE_CURVE('',#448,#440,#450,.T.);
#448 = VERTEX_POINT('',#449);
#449 = CARTESIAN_POINT('',(94.532607788697,-6.358368499065,6.3));
#450 = LINE('',#451,#452);
#451 = CARTESIAN_POINT('',(93.266759574864,-5.905440765839,6.3));
#452 = VECTOR('',#453,1.);
#453 = DIRECTION('',(0.941544065183,-0.336889853392,0.));
#454 = ORIENTED_EDGE('',*,*,#455,.F.);
#455 = EDGE_CURVE('',#456,#448,#458,.T.);
#456 = VERTEX_POINT('',#457);
#457 = CARTESIAN_POINT('',(94.517039868647,-6.354468938095,6.3));
#458 = LINE('',#459,#460);
#459 = CARTESIAN_POINT('',(91.20779350848,-5.525545876812,6.3));
#460 = VECTOR('',#461,1.);
#461 = DIRECTION('',(0.970031253195,-0.242980179903,0.));
#462 = ORIENTED_EDGE('',*,*,#463,.F.);
#463 = EDGE_CURVE('',#464,#456,#466,.T.);
#464 = VERTEX_POINT('',#465);
#465 = CARTESIAN_POINT('',(94.501164688572,-6.352114077581,6.3));
#466 = LINE('',#467,#468);
#467 = CARTESIAN_POINT('',(89.114545119847,-5.55308454436,6.3));
#468 = VECTOR('',#469,1.);
#469 = DIRECTION('',(0.989176509965,-0.146730474455,0.));
#470 = ORIENTED_EDGE('',*,*,#471,.F.);
#471 = EDGE_CURVE('',#472,#464,#474,.T.);
#472 = VERTEX_POINT('',#473);
#473 = CARTESIAN_POINT('',(94.458131650815,-6.35,6.3));
#474 = LINE('',#475,#476);
#475 = CARTESIAN_POINT('',(87.067006219587,-5.986897291313,6.3));
#476 = VECTOR('',#477,1.);
#477 = DIRECTION('',(0.998795456205,-4.90676743274E-02,0.));
#478 = ORIENTED_EDGE('',*,*,#479,.F.);
#479 = EDGE_CURVE('',#480,#472,#482,.T.);
#480 = VERTEX_POINT('',#481);
#481 = CARTESIAN_POINT('',(79.02299651568,-6.35,6.3));
#482 = LINE('',#483,#484);
#483 = CARTESIAN_POINT('',(86.067461928085,-6.35,6.3));
#484 = VECTOR('',#485,1.);
#485 = DIRECTION('',(1.,0.,0.));
#486 = ORIENTED_EDGE('',*,*,#487,.F.);
#487 = EDGE_CURVE('',#488,#480,#490,.T.);
#488 = VERTEX_POINT('',#489);
#489 = CARTESIAN_POINT('',(78.814628834051,-6.339763552208,6.3));
#490 = LINE('',#491,#492);
#491 = CARTESIAN_POINT('',(79.309341034509,-6.364067204159,6.3));
#492 = VECTOR('',#493,1.);
#493 = DIRECTION('',(0.998795456205,-4.906767432742E-02,0.));
#494 = ORIENTED_EDGE('',*,*,#495,.F.);
#495 = EDGE_CURVE('',#496,#488,#498,.T.);
#496 = VERTEX_POINT('',#497);
#497 = CARTESIAN_POINT('',(78.581524421098,-6.305185778913,6.3));
#498 = LINE('',#499,#500);
#499 = CARTESIAN_POINT('',(81.095371652761,-6.678079790542,6.3));
#500 = VECTOR('',#501,1.);
#501 = DIRECTION('',(0.989176509965,-0.146730474455,0.));
#502 = ORIENTED_EDGE('',*,*,#503,.F.);
#503 = EDGE_CURVE('',#504,#496,#506,.T.);
#504 = VERTEX_POINT('',#505);
#505 = CARTESIAN_POINT('',(78.352931684063,-6.247926279091,6.3));
#506 = LINE('',#507,#508);
#507 = CARTESIAN_POINT('',(82.767648425783,-7.35375525583,6.3));
#508 = VECTOR('',#509,1.);
#509 = DIRECTION('',(0.970031253195,-0.242980179903,0.));
#510 = ORIENTED_EDGE('',*,*,#511,.F.);
#511 = EDGE_CURVE('',#512,#504,#514,.T.);
#512 = VERTEX_POINT('',#513);
#513 = CARTESIAN_POINT('',(78.131052095968,-6.168536493028,6.3));
#514 = LINE('',#515,#516);
#515 = CARTESIAN_POINT('',(84.268727771054,-8.364631965147,6.3));
#516 = VECTOR('',#517,1.);
#517 = DIRECTION('',(0.941544065183,-0.336889853392,0.));
#518 = ORIENTED_EDGE('',*,*,#519,.F.);
#519 = EDGE_CURVE('',#520,#512,#522,.T.);
#520 = VERTEX_POINT('',#521);
#521 = CARTESIAN_POINT('',(77.918022478537,-6.067780987761,6.3));
#522 = LINE('',#523,#524);
#523 = CARTESIAN_POINT('',(85.534389166291,-9.670054151341,6.3));
#524 = VECTOR('',#525,1.);
#525 = DIRECTION('',(0.903989293123,-0.42755509343,0.));
#526 = ORIENTED_EDGE('',*,*,#527,.F.);
#527 = EDGE_CURVE('',#528,#520,#530,.T.);
#528 = VERTEX_POINT('',#529);
#529 = CARTESIAN_POINT('',(77.715894423439,-5.946630093886,6.3));
#530 = LINE('',#531,#532);
#531 = CARTESIAN_POINT('',(86.509667784793,-11.2174150067,6.3));
#532 = VECTOR('',#533,1.);
#533 = DIRECTION('',(0.85772861,-0.514102744193,0.));
#534 = ORIENTED_EDGE('',*,*,#535,.F.);
#535 = EDGE_CURVE('',#536,#528,#538,.T.);
#536 = VERTEX_POINT('',#537);
#537 = CARTESIAN_POINT('',(77.52661453434,-5.806250560737,6.3));
#538 = LINE('',#539,#540);
#539 = CARTESIAN_POINT('',(87.151027687364,-12.94420183322,6.3));
#540 = VECTOR('',#541,1.);
#541 = DIRECTION('',(0.803207531481,-0.595699304492,0.));
#542 = ORIENTED_EDGE('',*,*,#543,.F.);
#543 = EDGE_CURVE('',#544,#536,#546,.T.);
#544 = VERTEX_POINT('',#545);
#545 = CARTESIAN_POINT('',(77.352005680042,-5.647994319958,6.3));
#546 = LINE('',#547,#548);
#547 = CARTESIAN_POINT('',(87.428093211727,-14.78042772909,6.3));
#548 = VECTOR('',#549,1.);
#549 = DIRECTION('',(0.740951125355,-0.671558954847,0.));
#550 = ORIENTED_EDGE('',*,*,#551,.F.);
#551 = EDGE_CURVE('',#552,#544,#554,.T.);
#552 = VERTEX_POINT('',#553);
#553 = CARTESIAN_POINT('',(77.193749439263,-5.47338546566,6.3));
#554 = LINE('',#555,#556);
#555 = CARTESIAN_POINT('',(87.324871461364,-16.65135608045,6.3));
#556 = VECTOR('',#557,1.);
#557 = DIRECTION('',(0.671558954847,-0.740951125355,0.));
#558 = ORIENTED_EDGE('',*,*,#559,.F.);
#559 = EDGE_CURVE('',#560,#552,#562,.T.);
#560 = VERTEX_POINT('',#561);
#561 = CARTESIAN_POINT('',(77.053369906114,-5.284105576561,6.3));
#562 = LINE('',#563,#564);
#563 = CARTESIAN_POINT('',(86.840418382913,-18.48041282125,6.3));
#564 = VECTOR('',#565,1.);
#565 = DIRECTION('',(0.595699304492,-0.803207531481,0.));
#566 = ORIENTED_EDGE('',*,*,#567,.F.);
#567 = EDGE_CURVE('',#568,#560,#570,.T.);
#568 = VERTEX_POINT('',#569);
#569 = CARTESIAN_POINT('',(76.932219012239,-5.081977521463,6.3));
#570 = LINE('',#571,#572);
#571 = CARTESIAN_POINT('',(85.988922339367,-20.19217415764,6.3));
#572 = VECTOR('',#573,1.);
#573 = DIRECTION('',(0.514102744193,-0.85772861,0.));
#574 = ORIENTED_EDGE('',*,*,#575,.F.);
#575 = EDGE_CURVE('',#576,#568,#578,.T.);
#576 = VERTEX_POINT('',#577);
#577 = CARTESIAN_POINT('',(76.831463506972,-4.868947904032,6.3));
#578 = LINE('',#579,#580);
#579 = CARTESIAN_POINT('',(84.799201511946,-21.71531450703,6.3));
#580 = VECTOR('',#581,1.);
#581 = DIRECTION('',(0.42755509343,-0.903989293123,0.));
#582 = ORIENTED_EDGE('',*,*,#583,.F.);
#583 = EDGE_CURVE('',#584,#576,#586,.T.);
#584 = VERTEX_POINT('',#585);
#585 = CARTESIAN_POINT('',(76.752073720909,-4.647068315936,6.3));
#586 = LINE('',#587,#588);
#587 = CARTESIAN_POINT('',(83.31363403442,-22.9854008876,6.3));
#588 = VECTOR('',#589,1.);
#589 = DIRECTION('',(0.336889853392,-0.941544065183,0.));
#590 = ORIENTED_EDGE('',*,*,#591,.F.);
#591 = EDGE_CURVE('',#592,#584,#594,.T.);
#592 = VERTEX_POINT('',#593);
#593 = CARTESIAN_POINT('',(76.694814221087,-4.418475578902,6.3));
#594 = LINE('',#595,#596);
#595 = CARTESIAN_POINT('',(81.586561612131,-23.94742585762,6.3));
#596 = VECTOR('',#597,1.);
#597 = DIRECTION('',(0.242980179903,-0.970031253195,0.));
#598 = ORIENTED_EDGE('',*,*,#599,.F.);
#599 = EDGE_CURVE('',#600,#592,#602,.T.);
#600 = VERTEX_POINT('',#601);
#601 = CARTESIAN_POINT('',(76.660236447792,-4.185371165949,6.3));
#602 = LINE('',#603,#604);
#603 = CARTESIAN_POINT('',(79.682227663732,-24.55798111778,6.3));
#604 = VECTOR('',#605,1.);
#605 = DIRECTION('',(0.146730474455,-0.989176509965,0.));
#606 = ORIENTED_EDGE('',*,*,#607,.F.);
#607 = EDGE_CURVE('',#608,#600,#610,.T.);
#608 = VERTEX_POINT('',#609);
#609 = CARTESIAN_POINT('',(76.65,-3.97700348432,6.3));
#610 = LINE('',#611,#612);
#611 = CARTESIAN_POINT('',(77.67232896686,-24.78698767134,6.3));
#612 = VECTOR('',#613,1.);
#613 = DIRECTION('',(4.906767432738E-02,-0.998795456205,0.));
#614 = ORIENTED_EDGE('',*,*,#615,.F.);
#615 = EDGE_CURVE('',#616,#608,#618,.T.);
#616 = VERTEX_POINT('',#617);
#617 = CARTESIAN_POINT('',(76.65,-2.67700348432,6.3));
#618 = LINE('',#619,#620);
#619 = CARTESIAN_POINT('',(76.65,-24.70755465667,6.3));
#620 = VECTOR('',#621,1.);
#621 = DIRECTION('',(0.,-1.,0.));
#622 = ORIENTED_EDGE('',*,*,#623,.F.);
#623 = EDGE_CURVE('',#624,#616,#626,.T.);
#624 = VERTEX_POINT('',#625);
#625 = CARTESIAN_POINT('',(76.642419936479,-2.522707746729,6.3));
#626 = LINE('',#627,#628);
#627 = CARTESIAN_POINT('',(77.699066313572,-24.03123886669,6.3));
#628 = VECTOR('',#629,1.);
#629 = DIRECTION('',(4.906767432744E-02,-0.998795456205,0.));
#630 = ORIENTED_EDGE('',*,*,#631,.F.);
#631 = EDGE_CURVE('',#632,#624,#634,.T.);
#632 = VERTEX_POINT('',#633);
#633 = CARTESIAN_POINT('',(76.623719758579,-2.396641387443,6.3));
#634 = LINE('',#635,#636);
#635 = CARTESIAN_POINT('',(79.767975487528,-23.59349173459,6.3));
#636 = VECTOR('',#637,1.);
#637 = DIRECTION('',(0.146730474455,-0.989176509965,0.));
#638 = ORIENTED_EDGE('',*,*,#639,.F.);
#639 = EDGE_CURVE('',#640,#632,#642,.T.);
#640 = VERTEX_POINT('',#641);
#641 = CARTESIAN_POINT('',(76.592752963118,-2.273015010095,6.3));
#642 = LINE('',#643,#644);
#643 = CARTESIAN_POINT('',(81.727207595838,-22.77090691153,6.3));
#644 = VECTOR('',#645,1.);
#645 = DIRECTION('',(0.242980179903,-0.970031253195,0.));
#646 = ORIENTED_EDGE('',*,*,#647,.F.);
#647 = EDGE_CURVE('',#648,#640,#650,.T.);
#648 = VERTEX_POINT('',#649);
#649 = CARTESIAN_POINT('',(76.549817777264,-2.153019204281,6.3));
#650 = LINE('',#651,#652);
#651 = CARTESIAN_POINT('',(83.500180288611,-21.57798112443,6.3));
#652 = VECTOR('',#653,1.);
#653 = DIRECTION('',(0.336889853392,-0.941544065183,0.));
#654 = ORIENTED_EDGE('',*,*,#655,.F.);
#655 = EDGE_CURVE('',#656,#648,#658,.T.);
#656 = VERTEX_POINT('',#657);
#657 = CARTESIAN_POINT('',(76.495327690328,-2.037809595207,6.3));
#658 = LINE('',#659,#660);
#659 = CARTESIAN_POINT('',(85.017781241044,-20.05702367865,6.3));
#660 = VECTOR('',#661,1.);
#661 = DIRECTION('',(0.42755509343,-0.903989293123,0.));
#662 = ORIENTED_EDGE('',*,*,#663,.F.);
#663 = EDGE_CURVE('',#664,#656,#666,.T.);
#664 = VERTEX_POINT('',#665);
#665 = CARTESIAN_POINT('',(76.429807471634,-1.928495714389,6.3));
#666 = LINE('',#667,#668);
#667 = CARTESIAN_POINT('',(86.220370221724,-18.26306282885,6.3));
#668 = VECTOR('',#669,1.);
#669 = DIRECTION('',(0.514102744193,-0.85772861,0.));
#670 = ORIENTED_EDGE('',*,*,#671,.F.);
#671 = EDGE_CURVE('',#672,#664,#674,.T.);
#672 = VERTEX_POINT('',#673);
#673 = CARTESIAN_POINT('',(76.353888116705,-1.826130314255,6.3));
#674 = LINE('',#675,#676);
#675 = CARTESIAN_POINT('',(87.06008374249,-16.26176402288,6.3));
#676 = VECTOR('',#677,1.);
#677 = DIRECTION('',(0.595699304492,-0.803207531481,0.));
#678 = ORIENTED_EDGE('',*,*,#679,.F.);
#679 = EDGE_CURVE('',#680,#672,#682,.T.);
#680 = VERTEX_POINT('',#681);
#681 = CARTESIAN_POINT('',(76.268300770432,-1.731699229568,6.3));
#682 = LINE('',#683,#684);
#683 = CARTESIAN_POINT('',(87.502690303017,-14.12693795993,6.3));
#684 = VECTOR('',#685,1.);
#685 = DIRECTION('',(0.671558954847,-0.740951125355,0.));
#686 = ORIENTED_EDGE('',*,*,#687,.F.);
#687 = EDGE_CURVE('',#688,#680,#690,.T.);
#688 = VERTEX_POINT('',#689);
#689 = CARTESIAN_POINT('',(76.173869685745,-1.646111883295,6.3));
#690 = LINE('',#691,#692);
#691 = CARTESIAN_POINT('',(87.528924781195,-11.93773392311,6.3));
#692 = VECTOR('',#693,1.);
#693 = DIRECTION('',(0.740951125355,-0.671558954847,0.));
#694 = ORIENTED_EDGE('',*,*,#695,.F.);
#695 = EDGE_CURVE('',#696,#688,#698,.T.);
#696 = VERTEX_POINT('',#697);
#697 = CARTESIAN_POINT('',(76.071504285611,-1.570192528366,6.3));
#698 = LINE('',#699,#700);
#699 = CARTESIAN_POINT('',(87.135250507485,-9.775625957634,6.3));
#700 = VECTOR('',#701,1.);
#701 = DIRECTION('',(0.803207531481,-0.595699304492,0.));
#702 = ORIENTED_EDGE('',*,*,#703,.F.);
#703 = EDGE_CURVE('',#704,#696,#706,.T.);
#704 = VERTEX_POINT('',#705);
#705 = CARTESIAN_POINT('',(75.962190404793,-1.504672309672,6.3));
#706 = LINE('',#707,#708);
#707 = CARTESIAN_POINT('',(86.334019527915,-7.721307446162,6.3));
#708 = VECTOR('',#709,1.);
#709 = DIRECTION('',(0.85772861,-0.514102744193,0.));
#710 = ORIENTED_EDGE('',*,*,#711,.F.);
#711 = EDGE_CURVE('',#712,#704,#714,.T.);
#712 = VERTEX_POINT('',#713);
#713 = CARTESIAN_POINT('',(75.846980795719,-1.450182222736,6.3));
#714 = LINE('',#715,#716);
#715 = CARTESIAN_POINT('',(85.1530246624,-5.851613174576,6.3));
#716 = VECTOR('',#717,1.);
#717 = DIRECTION('',(0.903989293123,-0.42755509343,0.));
#718 = ORIENTED_EDGE('',*,*,#719,.F.);
#719 = EDGE_CURVE('',#720,#712,#722,.T.);
#720 = VERTEX_POINT('',#721);
#721 = CARTESIAN_POINT('',(75.726984989905,-1.407247036882,6.3));
#722 = LINE('',#723,#724);
#723 = CARTESIAN_POINT('',(83.634460314993,-4.236586949352,6.3));
#724 = VECTOR('',#725,1.);
#725 = DIRECTION('',(0.941544065183,-0.336889853392,0.));
#726 = ORIENTED_EDGE('',*,*,#727,.F.);
#727 = EDGE_CURVE('',#728,#720,#730,.T.);
#728 = VERTEX_POINT('',#729);
#729 = CARTESIAN_POINT('',(75.603358612557,-1.376280241421,6.3));
#730 = LINE('',#731,#732);
#731 = CARTESIAN_POINT('',(81.833331693503,-2.936807260541,6.3));
#732 = VECTOR('',#733,1.);
#733 = DIRECTION('',(0.970031253195,-0.242980179903,0.));
#734 = ORIENTED_EDGE('',*,*,#735,.F.);
#735 = EDGE_CURVE('',#736,#728,#738,.T.);
#736 = VERTEX_POINT('',#737);
#737 = CARTESIAN_POINT('',(75.477292253271,-1.357580063521,6.3));
#738 = LINE('',#739,#740);
#739 = CARTESIAN_POINT('',(79.815373275344,-2.001073595951,6.3));
#740 = VECTOR('',#741,1.);
#741 = DIRECTION('',(0.989176509965,-0.146730474455,0.));
#742 = ORIENTED_EDGE('',*,*,#743,.F.);
#743 = EDGE_CURVE('',#744,#736,#746,.T.);
#744 = VERTEX_POINT('',#745);
#745 = CARTESIAN_POINT('',(75.32299651568,-1.35,6.3));
#746 = LINE('',#747,#748);
#747 = CARTESIAN_POINT('',(77.654556200888,-1.464542182384,6.3));
#748 = VECTOR('',#749,1.);
#749 = DIRECTION('',(0.998795456205,-4.906767432742E-02,0.));
#750 = ORIENTED_EDGE('',*,*,#751,.F.);
#751 = EDGE_CURVE('',#752,#744,#754,.T.);
#752 = VERTEX_POINT('',#753);
#753 = CARTESIAN_POINT('',(56.67700348432,-1.35,6.3));
#754 = LINE('',#755,#756);
#755 = CARTESIAN_POINT('',(76.499894360517,-1.35,6.3));
#756 = VECTOR('',#757,1.);
#757 = DIRECTION('',(1.,-2.E-17,0.));
#758 = ORIENTED_EDGE('',*,*,#759,.F.);
#759 = EDGE_CURVE('',#760,#752,#762,.T.);
#760 = VERTEX_POINT('',#761);
#761 = CARTESIAN_POINT('',(56.522707746729,-1.357580063521,6.3));
#762 = LINE('',#763,#764);
#763 = CARTESIAN_POINT('',(66.071270400231,-0.888489260528,6.3));
#764 = VECTOR('',#765,1.);
#765 = DIRECTION('',(0.998795456205,4.906767432742E-02,0.));
#766 = ORIENTED_EDGE('',*,*,#767,.F.);
#767 = EDGE_CURVE('',#768,#760,#770,.T.);
#768 = VERTEX_POINT('',#769);
#769 = CARTESIAN_POINT('',(56.396641387443,-1.376280241421,6.3));
#770 = LINE('',#771,#772);
#771 = CARTESIAN_POINT('',(63.67305273361,-0.296926578652,6.3));
#772 = VECTOR('',#773,1.);
#773 = DIRECTION('',(0.989176509965,0.146730474455,0.));
#774 = ORIENTED_EDGE('',*,*,#775,.F.);
#775 = EDGE_CURVE('',#776,#768,#778,.T.);
#776 = VERTEX_POINT('',#777);
#777 = CARTESIAN_POINT('',(56.273015010095,-1.407247036882,6.3));
#778 = LINE('',#779,#780);
#779 = CARTESIAN_POINT('',(61.215883270487,-0.169122991711,6.3));
#780 = VECTOR('',#781,1.);
#781 = DIRECTION('',(0.970031253195,0.242980179903,0.));
#782 = ORIENTED_EDGE('',*,*,#783,.F.);
#783 = EDGE_CURVE('',#784,#776,#786,.T.);
#784 = VERTEX_POINT('',#785);
#785 = CARTESIAN_POINT('',(56.153019204281,-1.450182222736,6.3));
#786 = LINE('',#787,#788);
#787 = CARTESIAN_POINT('',(58.777074908832,-0.5112800786,6.3));
#788 = VECTOR('',#789,1.);
#789 = DIRECTION('',(0.941544065183,0.336889853392,0.));
#790 = ORIENTED_EDGE('',*,*,#791,.F.);
#791 = EDGE_CURVE('',#792,#784,#794,.T.);
#792 = VERTEX_POINT('',#793);
#793 = CARTESIAN_POINT('',(56.037809595207,-1.504672309672,6.3));
#794 = LINE('',#795,#796);
#795 = CARTESIAN_POINT('',(56.44681552264,-1.311226912866,6.3));
#796 = VECTOR('',#797,1.);
#797 = DIRECTION('',(0.903989293123,0.42755509343,0.));
#798 = ORIENTED_EDGE('',*,*,#799,.F.);
#799 = EDGE_CURVE('',#800,#792,#802,.T.);
#800 = VERTEX_POINT('',#801);
#801 = CARTESIAN_POINT('',(55.928495714389,-1.570192528366,6.3));
#802 = LINE('',#803,#804);
#803 = CARTESIAN_POINT('',(54.311234386271,-2.539541664176,6.3));
#804 = VECTOR('',#805,1.);
#805 = DIRECTION('',(0.85772861,0.514102744193,0.));
#806 = ORIENTED_EDGE('',*,*,#807,.F.);
#807 = EDGE_CURVE('',#808,#800,#810,.T.);
#808 = VERTEX_POINT('',#809);
#809 = CARTESIAN_POINT('',(55.826130314255,-1.646111883295,6.3));
#810 = LINE('',#811,#812);
#811 = CARTESIAN_POINT('',(52.449125223608,-4.150669553536,6.3));
#812 = VECTOR('',#813,1.);
#813 = DIRECTION('',(0.803207531481,0.595699304492,0.));
#814 = ORIENTED_EDGE('',*,*,#815,.F.);
#815 = EDGE_CURVE('',#816,#808,#818,.T.);
#816 = VERTEX_POINT('',#817);
#817 = CARTESIAN_POINT('',(55.731699229568,-1.731699229568,6.3));
#818 = LINE('',#819,#820);
#819 = CARTESIAN_POINT('',(50.92894975392,-6.08465762033,6.3));
#820 = VECTOR('',#821,1.);
#821 = DIRECTION('',(0.740951125355,0.671558954847,0.));
#822 = ORIENTED_EDGE('',*,*,#823,.F.);
#823 = EDGE_CURVE('',#824,#816,#826,.T.);
#824 = VERTEX_POINT('',#825);
#825 = CARTESIAN_POINT('',(55.646111883295,-1.826130314255,6.3));
#826 = LINE('',#827,#828);
#827 = CARTESIAN_POINT('',(49.806236582701,-8.269439787946,6.3));
#828 = VECTOR('',#829,1.);
#829 = DIRECTION('',(0.671558954847,0.740951125355,0.));
#830 = ORIENTED_EDGE('',*,*,#831,.F.);
#831 = EDGE_CURVE('',#832,#824,#834,.T.);
#832 = VERTEX_POINT('',#833);
#833 = CARTESIAN_POINT('',(55.570192528366,-1.928495714389,6.3));
#834 = LINE('',#835,#836);
#835 = CARTESIAN_POINT('',(49.121475109302,-10.62358459617,6.3));
#836 = VECTOR('',#837,1.);
#837 = DIRECTION('',(0.595699304492,0.803207531481,0.));
#838 = ORIENTED_EDGE('',*,*,#839,.F.);
#839 = EDGE_CURVE('',#840,#832,#842,.T.);
#840 = VERTEX_POINT('',#841);
#841 = CARTESIAN_POINT('',(55.504672309672,-2.037809595207,6.3));
#842 = LINE('',#843,#844);
#843 = CARTESIAN_POINT('',(48.8985851192,-13.0594002158,6.3));
#844 = VECTOR('',#845,1.);
#845 = DIRECTION('',(0.514102744193,0.85772861,0.));
#846 = ORIENTED_EDGE('',*,*,#847,.F.);
#847 = EDGE_CURVE('',#848,#840,#850,.T.);
#848 = VERTEX_POINT('',#849);
#849 = CARTESIAN_POINT('',(55.450182222736,-2.153019204281,6.3));
#850 = LINE('',#851,#852);
#851 = CARTESIAN_POINT('',(49.144020627275,-15.48627765588,6.3));
#852 = VECTOR('',#853,1.);
#853 = DIRECTION('',(0.42755509343,0.903989293123,0.));
#854 = ORIENTED_EDGE('',*,*,#855,.F.);
#855 = EDGE_CURVE('',#856,#848,#858,.T.);
#856 = VERTEX_POINT('',#857);
#857 = CARTESIAN_POINT('',(55.407247036882,-2.273015010095,6.3));
#858 = LINE('',#859,#860);
#859 = CARTESIAN_POINT('',(49.846542188751,-17.8141439437,6.3));
#860 = VECTOR('',#861,1.);
#861 = DIRECTION('',(0.336889853392,0.941544065183,0.));
#862 = ORIENTED_EDGE('',*,*,#863,.F.);
#863 = EDGE_CURVE('',#864,#856,#866,.T.);
#864 = VERTEX_POINT('',#865);
#865 = CARTESIAN_POINT('',(55.376280241421,-2.396641387443,6.3));
#866 = LINE('',#867,#868);
#867 = CARTESIAN_POINT('',(50.97766623193,-19.95689285175,6.3));
#868 = VECTOR('',#869,1.);
#869 = DIRECTION('',(0.242980179903,0.970031253195,0.));
#870 = ORIENTED_EDGE('',*,*,#871,.F.);
#871 = EDGE_CURVE('',#872,#864,#874,.T.);
#872 = VERTEX_POINT('',#873);
#873 = CARTESIAN_POINT('',(55.357580063521,-2.522707746729,6.3));
#874 = LINE('',#875,#876);
#875 = CARTESIAN_POINT('',(52.492773977467,-21.8356616266,6.3));
#876 = VECTOR('',#877,1.);
#877 = DIRECTION('',(0.146730474455,0.989176509965,0.));
#878 = ORIENTED_EDGE('',*,*,#879,.F.);
#879 = EDGE_CURVE('',#880,#872,#882,.T.);
#880 = VERTEX_POINT('',#881);
#881 = CARTESIAN_POINT('',(55.35,-2.67700348432,6.3));
#882 = LINE('',#883,#884);
#883 = CARTESIAN_POINT('',(54.332837191219,-23.3818281078,6.3));
#884 = VECTOR('',#885,1.);
#885 = DIRECTION('',(4.90676743274E-02,0.998795456205,0.));
#886 = ORIENTED_EDGE('',*,*,#887,.F.);
#887 = EDGE_CURVE('',#888,#880,#890,.T.);
#888 = VERTEX_POINT('',#889);
#889 = CARTESIAN_POINT('',(55.35,-3.97700348432,6.3));
#890 = LINE('',#891,#892);
#891 = CARTESIAN_POINT('',(55.35,-24.05755465667,6.3));
#892 = VECTOR('',#893,1.);
#893 = DIRECTION('',(0.,1.,0.));
#894 = ORIENTED_EDGE('',*,*,#895,.F.);
#895 = EDGE_CURVE('',#896,#888,#898,.T.);
#896 = VERTEX_POINT('',#897);
#897 = CARTESIAN_POINT('',(55.339763552208,-4.185371165949,6.3));
#898 = LINE('',#899,#900);
#899 = CARTESIAN_POINT('',(54.360902730066,-24.11054094043,6.3));
#900 = VECTOR('',#901,1.);
#901 = DIRECTION('',(4.90676743274E-02,0.998795456205,0.));
#902 = ORIENTED_EDGE('',*,*,#903,.F.);
#903 = EDGE_CURVE('',#904,#896,#906,.T.);
#904 = VERTEX_POINT('',#905);
#905 = CARTESIAN_POINT('',(55.305185778913,-4.418475578902,6.3));
#906 = LINE('',#907,#908);
#907 = CARTESIAN_POINT('',(52.58646059896,-22.74663198295,6.3));
#908 = VECTOR('',#909,1.);
#909 = DIRECTION('',(0.146730474455,0.989176509965,0.));
#910 = ORIENTED_EDGE('',*,*,#911,.F.);
#911 = EDGE_CURVE('',#912,#904,#914,.T.);
#912 = VERTEX_POINT('',#913);
#913 = CARTESIAN_POINT('',(55.247926279091,-4.647068315937,6.3));
#914 = LINE('',#915,#916);
#915 = CARTESIAN_POINT('',(51.131458567816,-21.080928618,6.3));
#916 = VECTOR('',#917,1.);
#917 = DIRECTION('',(0.242980179903,0.970031253195,0.));
#918 = ORIENTED_EDGE('',*,*,#919,.F.);
#919 = EDGE_CURVE('',#920,#912,#922,.T.);
#920 = VERTEX_POINT('',#921);
#921 = CARTESIAN_POINT('',(55.168536493028,-4.868947904032,6.3));
#922 = LINE('',#923,#924);
#923 = CARTESIAN_POINT('',(50.051315743047,-19.17062181573,6.3));
#924 = VECTOR('',#925,1.);
#925 = DIRECTION('',(0.336889853392,0.941544065183,0.));
#926 = ORIENTED_EDGE('',*,*,#927,.F.);
#927 = EDGE_CURVE('',#928,#920,#930,.T.);
#928 = VERTEX_POINT('',#929);
#929 = CARTESIAN_POINT('',(55.067780987761,-5.081977521463,6.3));
#930 = LINE('',#931,#932);
#931 = CARTESIAN_POINT('',(49.38573306554,-17.09565848008,6.3));
#932 = VECTOR('',#933,1.);
#933 = DIRECTION('',(0.42755509343,0.903989293123,0.));
#934 = ORIENTED_EDGE('',*,*,#935,.F.);
#935 = EDGE_CURVE('',#936,#928,#938,.T.);
#936 = VERTEX_POINT('',#937);
#937 = CARTESIAN_POINT('',(54.946630093886,-5.284105576561,6.3));
#938 = LINE('',#939,#940);
#939 = CARTESIAN_POINT('',(49.157848339149,-14.94210445746,6.3));
#940 = VECTOR('',#941,1.);
#941 = DIRECTION('',(0.514102744193,0.85772861,0.));
#942 = ORIENTED_EDGE('',*,*,#943,.F.);
#943 = EDGE_CURVE('',#944,#936,#946,.T.);
#944 = VERTEX_POINT('',#945);
#945 = CARTESIAN_POINT('',(54.806250560737,-5.47338546566,6.3));
#946 = LINE('',#947,#948);
#947 = CARTESIAN_POINT('',(49.37337055799,-12.79877615006,6.3));
#948 = VECTOR('',#949,1.);
#949 = DIRECTION('',(0.595699304492,0.803207531481,0.));
#950 = ORIENTED_EDGE('',*,*,#951,.F.);
#951 = EDGE_CURVE('',#952,#944,#954,.T.);
#952 = VERTEX_POINT('',#953);
#953 = CARTESIAN_POINT('',(54.647994319958,-5.647994319958,6.3));
#954 = LINE('',#955,#956);
#955 = CARTESIAN_POINT('',(50.020389871607,-10.75376902366,6.3));
#956 = VECTOR('',#957,1.);
#957 = DIRECTION('',(0.671558954847,0.740951125355,0.));
#958 = ORIENTED_EDGE('',*,*,#959,.F.);
#959 = EDGE_CURVE('',#960,#952,#962,.T.);
#960 = VERTEX_POINT('',#961);
#961 = CARTESIAN_POINT('',(54.47338546566,-5.806250560737,6.3));
#962 = LINE('',#963,#964);
#963 = CARTESIAN_POINT('',(51.069870208195,-8.891016979054,6.3));
#964 = VECTOR('',#965,1.);
#965 = DIRECTION('',(0.740951125355,0.671558954847,0.));
#966 = ORIENTED_EDGE('',*,*,#967,.F.);
#967 = EDGE_CURVE('',#968,#960,#970,.T.);
#968 = VERTEX_POINT('',#969);
#969 = CARTESIAN_POINT('',(54.284105576561,-5.946630093886,6.3));
#970 = LINE('',#971,#972);
#971 = CARTESIAN_POINT('',(52.476805288212,-7.287015340017,6.3));
#972 = VECTOR('',#973,1.);
#973 = DIRECTION('',(0.803207531481,0.595699304492,0.));
#974 = ORIENTED_EDGE('',*,*,#975,.F.);
#975 = EDGE_CURVE('',#976,#968,#978,.T.);
#976 = VERTEX_POINT('',#977);
#977 = CARTESIAN_POINT('',(54.081977521463,-6.067780987761,6.3));
#978 = LINE('',#979,#980);
#979 = CARTESIAN_POINT('',(54.181993216532,-6.007833887131,6.3));
#980 = VECTOR('',#981,1.);
#981 = DIRECTION('',(0.85772861,0.514102744193,0.));
#982 = ORIENTED_EDGE('',*,*,#983,.F.);
#983 = EDGE_CURVE('',#984,#976,#986,.T.);
#984 = VERTEX_POINT('',#985);
#985 = CARTESIAN_POINT('',(53.868947904032,-6.168536493028,6.3));
#986 = LINE('',#987,#988);
#987 = CARTESIAN_POINT('',(56.114361022927,-5.106535180466,6.3));
#988 = VECTOR('',#989,1.);
#989 = DIRECTION('',(0.903989293123,0.42755509343,0.));
#990 = ORIENTED_EDGE('',*,*,#991,.F.);
#991 = EDGE_CURVE('',#992,#984,#994,.T.);
#992 = VERTEX_POINT('',#993);
#993 = CARTESIAN_POINT('',(53.647068315937,-6.247926279091,6.3));
#994 = LINE('',#995,#996);
#995 = CARTESIAN_POINT('',(58.193749343912,-4.621097794289,6.3));
#996 = VECTOR('',#997,1.);
#997 = DIRECTION('',(0.941544065183,0.336889853392,0.));
#998 = ORIENTED_EDGE('',*,*,#999,.F.);
#999 = EDGE_CURVE('',#1000,#992,#1002,.T.);
#1000 = VERTEX_POINT('',#1001);
#1001 = CARTESIAN_POINT('',(53.418475578902,-6.305185778913,6.3));
#1002 = LINE('',#1003,#1004);
#1003 = CARTESIAN_POINT('',(60.334049718049,-4.57292463482,6.3));
#1004 = VECTOR('',#1005,1.);
#1005 = DIRECTION('',(0.970031253195,0.242980179903,0.));
#1006 = ORIENTED_EDGE('',*,*,#1007,.F.);
#1007 = EDGE_CURVE('',#1008,#1000,#1010,.T.);
#1008 = VERTEX_POINT('',#1009);
#1009 = CARTESIAN_POINT('',(53.185371165949,-6.339763552208,6.3));
#1010 = LINE('',#1011,#1012);
#1011 = CARTESIAN_POINT('',(62.446573383026,-4.965993975545,6.3));
#1012 = VECTOR('',#1013,1.);
#1013 = DIRECTION('',(0.989176509965,0.146730474455,0.));
#1014 = ORIENTED_EDGE('',*,*,#1015,.F.);
#1015 = EDGE_CURVE('',#1016,#1008,#1018,.T.);
#1016 = VERTEX_POINT('',#1017);
#1017 = CARTESIAN_POINT('',(52.97700348432,-6.35,6.3));
#1018 = LINE('',#1019,#1020);
#1019 = CARTESIAN_POINT('',(64.443521538629,-5.786686090167,6.3));
#1020 = VECTOR('',#1021,1.);
#1021 = DIRECTION('',(0.998795456205,4.906767432742E-02,0.));
#1022 = ORIENTED_EDGE('',*,*,#1023,.F.);
#1023 = EDGE_CURVE('',#1024,#1016,#1026,.T.);
#1024 = VERTEX_POINT('',#1025);
#1025 = CARTESIAN_POINT('',(38.67700348432,-6.35,6.3));
#1026 = LINE('',#1027,#1028);
#1027 = CARTESIAN_POINT('',(65.326897844837,-6.35,6.3));
#1028 = VECTOR('',#1029,1.);
#1029 = DIRECTION('',(1.,0.,0.));
#1030 = ORIENTED_EDGE('',*,*,#1031,.F.);
#1031 = EDGE_CURVE('',#1032,#1024,#1034,.T.);
#1032 = VERTEX_POINT('',#1033);
#1033 = CARTESIAN_POINT('',(38.522707746729,-6.357580063521,6.3));
#1034 = LINE('',#1035,#1036);
#1035 = CARTESIAN_POINT('',(57.172123095667,-5.441393037385,6.3));
#1036 = VECTOR('',#1037,1.);
#1037 = DIRECTION('',(0.998795456205,4.906767432742E-02,0.));
#1038 = ORIENTED_EDGE('',*,*,#1039,.F.);
#1039 = EDGE_CURVE('',#1040,#1032,#1042,.T.);
#1040 = VERTEX_POINT('',#1041);
#1041 = CARTESIAN_POINT('',(38.396641387443,-6.376280241421,6.3));
#1042 = LINE('',#1043,#1044);
#1043 = CARTESIAN_POINT('',(54.842140090973,-3.936820950672,6.3));
#1044 = VECTOR('',#1045,1.);
#1045 = DIRECTION('',(0.989176509965,0.146730474455,0.));
#1046 = ORIENTED_EDGE('',*,*,#1047,.F.);
#1047 = EDGE_CURVE('',#1048,#1040,#1050,.T.);
#1048 = VERTEX_POINT('',#1049);
#1049 = CARTESIAN_POINT('',(38.273015010095,-6.407247036882,6.3));
#1050 = LINE('',#1051,#1052);
#1051 = CARTESIAN_POINT('',(52.273774881087,-2.900239256429,6.3));
#1052 = VECTOR('',#1053,1.);
#1053 = DIRECTION('',(0.970031253195,0.242980179903,0.));
#1054 = ORIENTED_EDGE('',*,*,#1055,.F.);
#1055 = EDGE_CURVE('',#1056,#1048,#1058,.T.);
#1056 = VERTEX_POINT('',#1057);
#1057 = CARTESIAN_POINT('',(38.153019204281,-6.450182222736,6.3));
#1058 = LINE('',#1059,#1060);
#1059 = CARTESIAN_POINT('',(49.548613554169,-2.372773366567,6.3));
#1060 = VECTOR('',#1061,1.);
#1061 = DIRECTION('',(0.941544065183,0.336889853392,0.));
#1062 = ORIENTED_EDGE('',*,*,#1063,.F.);
#1063 = EDGE_CURVE('',#1064,#1056,#1066,.T.);
#1064 = VERTEX_POINT('',#1065);
#1065 = CARTESIAN_POINT('',(38.037809595207,-6.504672309672,6.3));
#1066 = LINE('',#1067,#1068);
#1067 = CARTESIAN_POINT('',(46.76784836808,-2.375671477938,6.3));
#1068 = VECTOR('',#1069,1.);
#1069 = DIRECTION('',(0.903989293123,0.42755509343,0.));
#1070 = ORIENTED_EDGE('',*,*,#1071,.F.);
#1071 = EDGE_CURVE('',#1072,#1064,#1074,.T.);
#1072 = VERTEX_POINT('',#1073);
#1073 = CARTESIAN_POINT('',(37.928495714389,-6.570192528366,6.3));
#1074 = LINE('',#1075,#1076);
#1075 = CARTESIAN_POINT('',(44.034921282423,-2.910141895641,6.3));
#1076 = VECTOR('',#1077,1.);
#1077 = DIRECTION('',(0.85772861,0.514102744193,0.));
#1078 = ORIENTED_EDGE('',*,*,#1079,.F.);
#1079 = EDGE_CURVE('',#1080,#1072,#1082,.T.);
#1080 = VERTEX_POINT('',#1081);
#1081 = CARTESIAN_POINT('',(37.826130314255,-6.646111883295,6.3));
#1082 = LINE('',#1083,#1084);
#1083 = CARTESIAN_POINT('',(41.451581690919,-3.957293889309,6.3));
#1084 = VECTOR('',#1085,1.);
#1085 = DIRECTION('',(0.803207531481,0.595699304492,0.));
#1086 = ORIENTED_EDGE('',*,*,#1087,.F.);
#1087 = EDGE_CURVE('',#1088,#1080,#1090,.T.);
#1088 = VERTEX_POINT('',#1089);
#1089 = CARTESIAN_POINT('',(37.731699229568,-6.731699229568,6.3));
#1090 = LINE('',#1091,#1092);
#1091 = CARTESIAN_POINT('',(39.114007793744,-5.478847775716,6.3));
#1092 = VECTOR('',#1093,1.);
#1093 = DIRECTION('',(0.740951125355,0.671558954847,0.));
#1094 = ORIENTED_EDGE('',*,*,#1095,.F.);
#1095 = EDGE_CURVE('',#1096,#1088,#1098,.T.);
#1096 = VERTEX_POINT('',#1097);
#1097 = CARTESIAN_POINT('',(37.646111883295,-6.826130314255,6.3));
#1098 = LINE('',#1099,#1100);
#1099 = CARTESIAN_POINT('',(37.109140359558,-7.418587092509,6.3));
#1100 = VECTOR('',#1101,1.);
#1101 = DIRECTION('',(0.671558954847,0.740951125355,0.));
#1102 = ORIENTED_EDGE('',*,*,#1103,.F.);
#1103 = EDGE_CURVE('',#1104,#1096,#1106,.T.);
#1104 = VERTEX_POINT('',#1105);
#1105 = CARTESIAN_POINT('',(37.570192528366,-6.928495714389,6.3));
#1106 = LINE('',#1107,#1108);
#1107 = CARTESIAN_POINT('',(35.511369481322,-9.704497238817,6.3));
#1108 = VECTOR('',#1109,1.);
#1109 = DIRECTION('',(0.595699304492,0.803207531481,0.));
#1110 = ORIENTED_EDGE('',*,*,#1111,.F.);
#1111 = EDGE_CURVE('',#1112,#1104,#1114,.T.);
#1112 = VERTEX_POINT('',#1113);
#1113 = CARTESIAN_POINT('',(37.504672309672,-7.037809595207,6.3));
#1114 = LINE('',#1115,#1116);
#1115 = CARTESIAN_POINT('',(34.379701383918,-12.2515086052,6.3));
#1116 = VECTOR('',#1117,1.);
#1117 = DIRECTION('',(0.514102744193,0.85772861,0.));
#1118 = ORIENTED_EDGE('',*,*,#1119,.F.);
#1119 = EDGE_CURVE('',#1120,#1112,#1122,.T.);
#1120 = VERTEX_POINT('',#1121);
#1121 = CARTESIAN_POINT('',(37.450182222736,-7.153019204281,6.3));
#1122 = LINE('',#1123,#1124);
#1123 = CARTESIAN_POINT('',(33.755513915242,-14.96473901054,6.3));
#1124 = VECTOR('',#1125,1.);
#1125 = DIRECTION('',(0.42755509343,0.903989293123,0.));
#1126 = ORIENTED_EDGE('',*,*,#1127,.F.);
#1127 = EDGE_CURVE('',#1128,#1120,#1130,.T.);
#1128 = VERTEX_POINT('',#1129);
#1129 = CARTESIAN_POINT('',(37.407247036882,-7.273015010095,6.3));
#1130 = LINE('',#1131,#1132);
#1131 = CARTESIAN_POINT('',(33.660986753823,-17.74311109826,6.3));
#1132 = VECTOR('',#1133,1.);
#1133 = DIRECTION('',(0.336889853392,0.941544065183,0.));
#1134 = ORIENTED_EDGE('',*,*,#1135,.F.);
#1135 = EDGE_CURVE('',#1136,#1128,#1138,.T.);
#1136 = VERTEX_POINT('',#1137);
#1137 = CARTESIAN_POINT('',(37.376280241421,-7.396641387443,6.3));
#1138 = LINE('',#1139,#1140);
#1139 = CARTESIAN_POINT('',(34.098266463395,-20.4832059556,6.3));
#1140 = VECTOR('',#1141,1.);
#1141 = DIRECTION('',(0.242980179903,0.970031253195,0.));
#1142 = ORIENTED_EDGE('',*,*,#1143,.F.);
#1143 = EDGE_CURVE('',#1144,#1136,#1146,.T.);
#1144 = VERTEX_POINT('',#1145);
#1145 = CARTESIAN_POINT('',(37.357580063521,-7.522707746729,6.3));
#1146 = LINE('',#1147,#1148);
#1147 = CARTESIAN_POINT('',(35.04939831324,-23.08320515929,6.3));
#1148 = VECTOR('',#1149,1.);
#1149 = DIRECTION('',(0.146730474455,0.989176509965,0.));
#1150 = ORIENTED_EDGE('',*,*,#1151,.F.);
#1151 = EDGE_CURVE('',#1152,#1144,#1154,.T.);
#1152 = VERTEX_POINT('',#1153);
#1153 = CARTESIAN_POINT('',(37.35,-7.67700348432,6.3));
#1154 = LINE('',#1155,#1156);
#1155 = CARTESIAN_POINT('',(36.477027346606,-25.44677006798,6.3));
#1156 = VECTOR('',#1157,1.);
#1157 = DIRECTION('',(4.90676743274E-02,0.998795456205,0.));
#1158 = ORIENTED_EDGE('',*,*,#1159,.F.);
#1159 = EDGE_CURVE('',#1160,#1152,#1162,.T.);
#1160 = VERTEX_POINT('',#1161);
#1161 = CARTESIAN_POINT('',(37.35,-15.97700348432,6.3));
#1162 = LINE('',#1163,#1164);
#1163 = CARTESIAN_POINT('',(37.35,-26.55755465667,6.3));
#1164 = VECTOR('',#1165,1.);
#1165 = DIRECTION('',(0.,1.,0.));
#1166 = ORIENTED_EDGE('',*,*,#1167,.F.);
#1167 = EDGE_CURVE('',#1168,#1160,#1170,.T.);
#1168 = VERTEX_POINT('',#1169);
#1169 = CARTESIAN_POINT('',(37.339763552208,-16.18537116594,6.3));
#1170 = LINE('',#1171,#1172);
#1171 = CARTESIAN_POINT('',(36.67662288103,-29.68390962893,6.3));
#1172 = VECTOR('',#1173,1.);
#1173 = DIRECTION('',(4.90676743274E-02,0.998795456205,0.));
#1174 = ORIENTED_EDGE('',*,*,#1175,.F.);
#1175 = EDGE_CURVE('',#1176,#1168,#1178,.T.);
#1176 = VERTEX_POINT('',#1177);
#1177 = CARTESIAN_POINT('',(37.305185778913,-16.4184755789,6.3));
#1178 = LINE('',#1179,#1180);
#1179 = CARTESIAN_POINT('',(35.651083119929,-27.56952992811,6.3));
#1180 = VECTOR('',#1181,1.);
#1181 = DIRECTION('',(0.146730474455,0.989176509965,0.));
#1182 = ORIENTED_EDGE('',*,*,#1183,.F.);
#1183 = EDGE_CURVE('',#1184,#1176,#1186,.T.);
#1184 = VERTEX_POINT('',#1185);
#1185 = CARTESIAN_POINT('',(37.247926279091,-16.64706831593,6.3));
#1186 = LINE('',#1187,#1188);
#1187 = CARTESIAN_POINT('',(35.077003088727,-25.31387950924,6.3));
#1188 = VECTOR('',#1189,1.);
#1189 = DIRECTION('',(0.242980179903,0.970031253195,0.));
#1190 = ORIENTED_EDGE('',*,*,#1191,.F.);
#1191 = EDGE_CURVE('',#1192,#1184,#1194,.T.);
#1192 = VERTEX_POINT('',#1193);
#1193 = CARTESIAN_POINT('',(37.168536493028,-16.86894790403,6.3));
#1194 = LINE('',#1195,#1196);
#1195 = CARTESIAN_POINT('',(34.975948555405,-22.9968206769,6.3));
#1196 = VECTOR('',#1197,1.);
#1197 = DIRECTION('',(0.336889853392,0.941544065183,0.));
#1198 = ORIENTED_EDGE('',*,*,#1199,.F.);
#1199 = EDGE_CURVE('',#1200,#1192,#1202,.T.);
#1200 = VERTEX_POINT('',#1201);
#1201 = CARTESIAN_POINT('',(37.067780987761,-17.08197752146,6.3));
#1202 = LINE('',#1203,#1204);
#1203 = CARTESIAN_POINT('',(35.349994646891,-20.71393158745,6.3));
#1204 = VECTOR('',#1205,1.);
#1205 = DIRECTION('',(0.42755509343,0.903989293123,0.));
#1206 = ORIENTED_EDGE('',*,*,#1207,.F.);
#1207 = EDGE_CURVE('',#1208,#1200,#1210,.T.);
#1208 = VERTEX_POINT('',#1209);
#1209 = CARTESIAN_POINT('',(36.946630093886,-17.28410557656,6.3));
#1210 = LINE('',#1211,#1212);
#1211 = CARTESIAN_POINT('',(36.182326816477,-18.55926855741,6.3));
#1212 = VECTOR('',#1213,1.);
#1213 = DIRECTION('',(0.514102744193,0.85772861,0.));
#1214 = ORIENTED_EDGE('',*,*,#1215,.F.);
#1215 = EDGE_CURVE('',#1216,#1208,#1218,.T.);
#1216 = VERTEX_POINT('',#1217);
#1217 = CARTESIAN_POINT('',(36.806250560737,-17.47338546566,6.3));
#1218 = LINE('',#1219,#1220);
#1219 = CARTESIAN_POINT('',(37.437910517541,-16.62169060751,6.3));
#1220 = VECTOR('',#1221,1.);
#1221 = DIRECTION('',(0.595699304492,0.803207531481,0.));
#1222 = ORIENTED_EDGE('',*,*,#1223,.F.);
#1223 = EDGE_CURVE('',#1224,#1216,#1226,.T.);
#1224 = VERTEX_POINT('',#1225);
#1225 = CARTESIAN_POINT('',(36.647994319958,-17.64799431995,6.3));
#1226 = LINE('',#1227,#1228);
#1227 = CARTESIAN_POINT('',(39.064866920141,-14.98138633264,6.3));
#1228 = VECTOR('',#1229,1.);
#1229 = DIRECTION('',(0.671558954847,0.740951125355,0.));
#1230 = ORIENTED_EDGE('',*,*,#1231,.F.);
#1231 = EDGE_CURVE('',#1232,#1224,#1234,.T.);
#1232 = VERTEX_POINT('',#1233);
#1233 = CARTESIAN_POINT('',(36.47338546566,-17.80625056073,6.3));
#1234 = LINE('',#1235,#1236);
#1235 = CARTESIAN_POINT('',(40.996501519694,-13.70673713001,6.3));
#1236 = VECTOR('',#1237,1.);
#1237 = DIRECTION('',(0.740951125355,0.671558954847,0.));
#1238 = ORIENTED_EDGE('',*,*,#1239,.F.);
#1239 = EDGE_CURVE('',#1240,#1232,#1242,.T.);
#1240 = VERTEX_POINT('',#1241);
#1241 = CARTESIAN_POINT('',(36.284105576561,-17.94663009388,6.3));
#1242 = LINE('',#1243,#1244);
#1243 = CARTESIAN_POINT('',(43.153907343054,-12.85163786098,6.3));
#1244 = VECTOR('',#1245,1.);
#1245 = DIRECTION('',(0.803207531481,0.595699304492,0.));
#1246 = ORIENTED_EDGE('',*,*,#1247,.F.);
#1247 = EDGE_CURVE('',#1248,#1240,#1250,.T.);
#1248 = VERTEX_POINT('',#1249);
#1249 = CARTESIAN_POINT('',(36.081977521463,-18.06778098776,6.3));
#1250 = LINE('',#1251,#1252);
#1251 = CARTESIAN_POINT('',(45.449042325294,-12.45337840804,6.3));
#1252 = VECTOR('',#1253,1.);
#1253 = DIRECTION('',(0.85772861,0.514102744193,0.));
#1254 = ORIENTED_EDGE('',*,*,#1255,.F.);
#1255 = EDGE_CURVE('',#1256,#1248,#1258,.T.);
#1256 = VERTEX_POINT('',#1257);
#1257 = CARTESIAN_POINT('',(35.868947904032,-18.16853649302,6.3));
#1258 = LINE('',#1259,#1260);
#1259 = CARTESIAN_POINT('',(47.788162161752,-12.53116799282,6.3));
#1260 = VECTOR('',#1261,1.);
#1261 = DIRECTION('',(0.903989293123,0.42755509343,0.));
#1262 = ORIENTED_EDGE('',*,*,#1263,.F.);
#1263 = EDGE_CURVE('',#1264,#1256,#1266,.T.);
#1264 = VERTEX_POINT('',#1265);
#1265 = CARTESIAN_POINT('',(35.647068315936,-18.24792627909,6.3));
#1266 = LINE('',#1267,#1268);
#1267 = CARTESIAN_POINT('',(50.075476236536,-13.08535937564,6.3));
#1268 = VECTOR('',#1269,1.);
#1269 = DIRECTION('',(0.941544065183,0.336889853392,0.));
#1270 = ORIENTED_EDGE('',*,*,#1271,.F.);
#1271 = EDGE_CURVE('',#1272,#1264,#1274,.T.);
#1272 = VERTEX_POINT('',#1273);
#1273 = CARTESIAN_POINT('',(35.418475578902,-18.30518577891,6.3));
#1274 = LINE('',#1275,#1276);
#1275 = CARTESIAN_POINT('',(52.216885618095,-14.09740311214,6.3));
#1276 = VECTOR('',#1277,1.);
#1277 = DIRECTION('',(0.970031253195,0.242980179903,0.));
#1278 = ORIENTED_EDGE('',*,*,#1279,.F.);
#1279 = EDGE_CURVE('',#1280,#1272,#1282,.T.);
#1280 = VERTEX_POINT('',#1281);
#1281 = CARTESIAN_POINT('',(35.185371165949,-18.3397635522,6.3));
#1282 = LINE('',#1283,#1284);
#1283 = CARTESIAN_POINT('',(54.123658925585,-15.53053393509,6.3));
#1284 = VECTOR('',#1285,1.);
#1285 = DIRECTION('',(0.989176509965,0.146730474455,0.));
#1286 = ORIENTED_EDGE('',*,*,#1287,.F.);
#1287 = EDGE_CURVE('',#1288,#1280,#1290,.T.);
#1288 = VERTEX_POINT('',#1289);
#1289 = CARTESIAN_POINT('',(34.97700348432,-18.35,6.3));
#1290 = LINE('',#1291,#1292);
#1291 = CARTESIAN_POINT('',(55.715904229642,-17.3311631387,6.3));
#1292 = VECTOR('',#1293,1.);
#1293 = DIRECTION('',(0.998795456205,4.906767432744E-02,0.));
#1294 = ORIENTED_EDGE('',*,*,#1295,.F.);
#1295 = EDGE_CURVE('',#1296,#1288,#1298,.T.);
#1296 = VERTEX_POINT('',#1297);
#1297 = CARTESIAN_POINT('',(20.67700348432,-18.35,6.3));
#1298 = LINE('',#1299,#1300);
#1299 = CARTESIAN_POINT('',(56.326897844837,-18.35,6.3));
#1300 = VECTOR('',#1301,1.);
#1301 = DIRECTION('',(1.,0.,0.));
#1302 = ORIENTED_EDGE('',*,*,#1303,.F.);
#1303 = EDGE_CURVE('',#1304,#1296,#1306,.T.);
#1304 = VERTEX_POINT('',#1305);
#1305 = CARTESIAN_POINT('',(20.522707746729,-18.35758006352,6.3));
#1306 = LINE('',#1307,#1308);
#1307 = CARTESIAN_POINT('',(48.444505786681,-16.98587008591,6.3));
#1308 = VECTOR('',#1309,1.);
#1309 = DIRECTION('',(0.998795456205,4.906767432742E-02,0.));
#1310 = ORIENTED_EDGE('',*,*,#1311,.F.);
#1311 = EDGE_CURVE('',#1312,#1304,#1314,.T.);
#1312 = VERTEX_POINT('',#1313);
#1313 = CARTESIAN_POINT('',(20.396641387443,-18.37628024142,6.3));
#1314 = LINE('',#1315,#1316);
#1315 = CARTESIAN_POINT('',(46.519225633531,-14.50136091022,6.3));
#1316 = VECTOR('',#1317,1.);
#1317 = DIRECTION('',(0.989176509965,0.146730474455,0.));
#1318 = ORIENTED_EDGE('',*,*,#1319,.F.);
#1319 = EDGE_CURVE('',#1320,#1312,#1322,.T.);
#1320 = VERTEX_POINT('',#1321);
#1321 = CARTESIAN_POINT('',(20.273015010095,-18.40724703688,6.3));
#1322 = LINE('',#1323,#1324);
#1323 = CARTESIAN_POINT('',(44.156610781132,-12.42471773375,6.3));
#1324 = VECTOR('',#1325,1.);
#1325 = DIRECTION('',(0.970031253195,0.242980179903,0.));
#1326 = ORIENTED_EDGE('',*,*,#1327,.F.);
#1327 = EDGE_CURVE('',#1328,#1320,#1330,.T.);
#1328 = VERTEX_POINT('',#1329);
#1329 = CARTESIAN_POINT('',(20.153019204281,-18.45018222273,6.3));
#1330 = LINE('',#1331,#1332);
#1331 = CARTESIAN_POINT('',(41.430340446792,-10.83703494791,6.3));
#1332 = VECTOR('',#1333,1.);
#1333 = DIRECTION('',(0.941544065183,0.336889853392,0.));
#1334 = ORIENTED_EDGE('',*,*,#1335,.F.);
#1335 = EDGE_CURVE('',#1336,#1328,#1338,.T.);
#1336 = VERTEX_POINT('',#1337);
#1337 = CARTESIAN_POINT('',(20.037809595207,-18.50467230967,6.3));
#1338 = LINE('',#1339,#1340);
#1339 = CARTESIAN_POINT('',(38.441649506905,-9.800304290297,6.3));
#1340 = VECTOR('',#1341,1.);
#1341 = DIRECTION('',(0.903989293123,0.42755509343,0.));
#1342 = ORIENTED_EDGE('',*,*,#1343,.F.);
#1343 = EDGE_CURVE('',#1344,#1336,#1346,.T.);
#1344 = VERTEX_POINT('',#1345);
#1345 = CARTESIAN_POINT('',(19.928495714389,-18.57019252836,6.3));
#1346 = LINE('',#1347,#1348);
#1347 = CARTESIAN_POINT('',(35.301970391185,-9.355686416551,6.3));
#1348 = VECTOR('',#1349,1.);
#1349 = DIRECTION('',(0.85772861,0.514102744193,0.));
#1350 = ORIENTED_EDGE('',*,*,#1351,.F.);
#1351 = EDGE_CURVE('',#1352,#1344,#1354,.T.);
#1352 = VERTEX_POINT('',#1353);
#1353 = CARTESIAN_POINT('',(19.826130314255,-18.64611188329,6.3));
#1354 = LINE('',#1355,#1356);
#1355 = CARTESIAN_POINT('',(32.128683745761,-9.521916410278,6.3));
#1356 = VECTOR('',#1357,1.);
#1357 = DIRECTION('',(0.803207531481,0.595699304492,0.));
#1358 = ORIENTED_EDGE('',*,*,#1359,.F.);
#1359 = EDGE_CURVE('',#1360,#1352,#1362,.T.);
#1360 = VERTEX_POINT('',#1361);
#1361 = CARTESIAN_POINT('',(19.731699229568,-18.73169922956,6.3));
#1362 = LINE('',#1363,#1364);
#1363 = CARTESIAN_POINT('',(29.040639105243,-10.29456792668,6.3));
#1364 = VECTOR('',#1365,1.);
#1365 = DIRECTION('',(0.740951125355,0.671558954847,0.));
#1366 = ORIENTED_EDGE('',*,*,#1367,.F.);
#1367 = EDGE_CURVE('',#1368,#1360,#1370,.T.);
#1368 = VERTEX_POINT('',#1369);
#1369 = CARTESIAN_POINT('',(19.646111883295,-18.82613031425,6.3));
#1370 = LINE('',#1371,#1372);
#1371 = CARTESIAN_POINT('',(26.153617408092,-11.64620440149,6.3));
#1372 = VECTOR('',#1373,1.);
#1373 = DIRECTION('',(0.671558954847,0.740951125355,0.));
#1374 = ORIENTED_EDGE('',*,*,#1375,.F.);
#1375 = EDGE_CURVE('',#1376,#1368,#1378,.T.);
#1376 = VERTEX_POINT('',#1377);
#1377 = CARTESIAN_POINT('',(19.570192528366,-18.92849571438,6.3));
#1378 = LINE('',#1379,#1380);
#1379 = CARTESIAN_POINT('',(23.575909440873,-13.52741169625,6.3));
#1380 = VECTOR('',#1381,1.);
#1381 = DIRECTION('',(0.595699304492,0.803207531481,0.));
#1382 = ORIENTED_EDGE('',*,*,#1383,.F.);
#1383 = EDGE_CURVE('',#1384,#1376,#1386,.T.);
#1384 = VERTEX_POINT('',#1385);
#1385 = CARTESIAN_POINT('',(19.504672309672,-19.0378095952,6.3));
#1386 = LINE('',#1387,#1388);
#1387 = CARTESIAN_POINT('',(21.404179861247,-15.86867270516,6.3));
#1388 = VECTOR('',#1389,1.);
#1389 = DIRECTION('',(0.514102744193,0.85772861,0.));
#1390 = ORIENTED_EDGE('',*,*,#1391,.F.);
#1391 = EDGE_CURVE('',#1392,#1384,#1394,.T.);
#1392 = VERTEX_POINT('',#1393);
#1393 = CARTESIAN_POINT('',(19.450182222736,-19.15301920428,6.3));
#1394 = LINE('',#1395,#1396);
#1395 = CARTESIAN_POINT('',(19.719775496594,-18.58301211791,6.3));
#1396 = VECTOR('',#1397,1.);
#1397 = DIRECTION('',(0.42755509343,0.903989293123,0.));
#1398 = ORIENTED_EDGE('',*,*,#1399,.F.);
#1399 = EDGE_CURVE('',#1400,#1392,#1402,.T.);
#1400 = VERTEX_POINT('',#1401);
#1401 = CARTESIAN_POINT('',(19.407247036882,-19.27301501009,6.3));
#1402 = LINE('',#1403,#1404);
#1403 = CARTESIAN_POINT('',(18.585619566182,-21.56930995943,6.3));
#1404 = VECTOR('',#1405,1.);
#1405 = DIRECTION('',(0.336889853392,0.941544065183,0.));
#1406 = ORIENTED_EDGE('',*,*,#1407,.F.);
#1407 = EDGE_CURVE('',#1408,#1400,#1410,.T.);
#1408 = VERTEX_POINT('',#1409);
#1409 = CARTESIAN_POINT('',(19.376280241421,-19.39664138744,6.3));
#1410 = LINE('',#1411,#1412);
#1411 = CARTESIAN_POINT('',(18.043810984305,-24.71615684684,6.3));
#1412 = VECTOR('',#1413,1.);
#1413 = DIRECTION('',(0.242980179903,0.970031253195,0.));
#1414 = ORIENTED_EDGE('',*,*,#1415,.F.);
#1415 = EDGE_CURVE('',#1416,#1408,#1418,.T.);
#1416 = VERTEX_POINT('',#1417);
#1417 = CARTESIAN_POINT('',(19.357580063521,-19.52270774672,6.3));
#1418 = LINE('',#1419,#1420);
#1419 = CARTESIAN_POINT('',(18.114020834208,-27.90610310445,6.3));
#1420 = VECTOR('',#1421,1.);
#1421 = DIRECTION('',(0.146730474455,0.989176509965,0.));
#1422 = ORIENTED_EDGE('',*,*,#1423,.F.);
#1423 = EDGE_CURVE('',#1424,#1416,#1426,.T.);
#1424 = VERTEX_POINT('',#1425);
#1425 = CARTESIAN_POINT('',(19.35,-19.67700348432,6.3));
#1426 = LINE('',#1427,#1428);
#1427 = CARTESIAN_POINT('',(18.79274749757,-31.02013875648,6.3));
#1428 = VECTOR('',#1429,1.);
#1429 = DIRECTION('',(4.906767432742E-02,0.998795456205,0.));
#1430 = ORIENTED_EDGE('',*,*,#1431,.F.);
#1431 = EDGE_CURVE('',#1432,#1424,#1434,.T.);
#1432 = VERTEX_POINT('',#1433);
#1433 = CARTESIAN_POINT('',(19.35,-72.32299651568,6.3));
#1434 = LINE('',#1435,#1436);
#1435 = CARTESIAN_POINT('',(19.35,-32.55755465667,6.3));
#1436 = VECTOR('',#1437,1.);
#1437 = DIRECTION('',(0.,1.,0.));
#1438 = ORIENTED_EDGE('',*,*,#1439,.F.);
#1439 = EDGE_CURVE('',#1440,#1432,#1442,.T.);
#1440 = VERTEX_POINT('',#1441);
#1441 = CARTESIAN_POINT('',(19.357580063521,-72.47729225327,6.3));
#1442 = LINE('',#1443,#1444);
#1443 = CARTESIAN_POINT('',(18.761419835906,-60.34217204075,6.3));
#1444 = VECTOR('',#1445,1.);
#1445 = DIRECTION('',(-4.906767432742E-02,0.998795456205,0.));
#1446 = ORIENTED_EDGE('',*,*,#1447,.F.);
#1447 = EDGE_CURVE('',#1448,#1440,#1450,.T.);
#1448 = VERTEX_POINT('',#1449);
#1449 = CARTESIAN_POINT('',(19.376280241421,-72.60335861255,6.3));
#1450 = LINE('',#1451,#1452);
#1451 = CARTESIAN_POINT('',(18.023116111222,-63.4810670321,6.3));
#1452 = VECTOR('',#1453,1.);
#1453 = DIRECTION('',(-0.146730474455,0.989176509965,0.));
#1454 = ORIENTED_EDGE('',*,*,#1455,.F.);
#1455 = EDGE_CURVE('',#1456,#1448,#1458,.T.);
#1456 = VERTEX_POINT('',#1457);
#1457 = CARTESIAN_POINT('',(19.407247036882,-72.7269849899,6.3));
#1458 = LINE('',#1459,#1460);
#1459 = CARTESIAN_POINT('',(17.895890047254,-66.69330967014,6.3));
#1460 = VECTOR('',#1461,1.);
#1461 = DIRECTION('',(-0.242980179903,0.970031253195,0.));
#1462 = ORIENTED_EDGE('',*,*,#1463,.F.);
#1463 = EDGE_CURVE('',#1464,#1456,#1466,.T.);
#1464 = VERTEX_POINT('',#1465);
#1465 = CARTESIAN_POINT('',(19.450182222736,-72.84698079571,6.3));
#1466 = LINE('',#1467,#1468);
#1467 = CARTESIAN_POINT('',(18.385921029015,-69.87257001824,6.3));
#1468 = VECTOR('',#1469,1.);
#1469 = DIRECTION('',(-0.336889853392,0.941544065183,0.));
#1470 = ORIENTED_EDGE('',*,*,#1471,.F.);
#1471 = EDGE_CURVE('',#1472,#1464,#1474,.T.);
#1472 = VERTEX_POINT('',#1473);
#1473 = CARTESIAN_POINT('',(19.504672309672,-72.96219040479,6.3));
#1474 = LINE('',#1475,#1476);
#1475 = CARTESIAN_POINT('',(19.475355419202,-72.90020504781,6.3));
#1476 = VECTOR('',#1477,1.);
#1477 = DIRECTION('',(-0.42755509343,0.903989293123,0.));
#1478 = ORIENTED_EDGE('',*,*,#1479,.F.);
#1479 = EDGE_CURVE('',#1480,#1472,#1482,.T.);
#1480 = VERTEX_POINT('',#1481);
#1481 = CARTESIAN_POINT('',(19.570192528366,-73.07150428561,6.3));
#1482 = LINE('',#1483,#1484);
#1483 = CARTESIAN_POINT('',(21.12364654305,-75.66328572962,6.3));
#1484 = VECTOR('',#1485,1.);
#1485 = DIRECTION('',(-0.514102744193,0.85772861,0.));
#1486 = ORIENTED_EDGE('',*,*,#1487,.F.);
#1487 = EDGE_CURVE('',#1488,#1480,#1490,.T.);
#1488 = VERTEX_POINT('',#1489);
#1489 = CARTESIAN_POINT('',(19.646111883295,-73.17386968574,6.3));
#1490 = LINE('',#1491,#1492);
#1491 = CARTESIAN_POINT('',(23.269100165098,-78.05890388414,6.3));
#1492 = VECTOR('',#1493,1.);
#1493 = DIRECTION('',(-0.595699304492,0.803207531481,0.));
#1494 = ORIENTED_EDGE('',*,*,#1495,.F.);
#1495 = EDGE_CURVE('',#1496,#1488,#1498,.T.);
#1496 = VERTEX_POINT('',#1497);
#1497 = CARTESIAN_POINT('',(19.731699229568,-73.26830077043,6.3));
#1498 = LINE('',#1499,#1500);
#1499 = CARTESIAN_POINT('',(25.831229486472,-79.99809534076,6.3));
#1500 = VECTOR('',#1501,1.);
#1501 = DIRECTION('',(-0.671558954847,0.740951125355,0.));
#1502 = ORIENTED_EDGE('',*,*,#1503,.F.);
#1503 = EDGE_CURVE('',#1504,#1496,#1506,.T.);
#1504 = VERTEX_POINT('',#1505);
#1505 = CARTESIAN_POINT('',(19.826130314255,-73.3538881167,6.3));
#1506 = LINE('',#1507,#1508);
#1507 = CARTESIAN_POINT('',(28.713829314419,-81.40922894459,6.3));
#1508 = VECTOR('',#1509,1.);
#1509 = DIRECTION('',(-0.740951125355,0.671558954847,0.));
#1510 = ORIENTED_EDGE('',*,*,#1511,.F.);
#1511 = EDGE_CURVE('',#1512,#1504,#1514,.T.);
#1512 = VERTEX_POINT('',#1513);
#1513 = CARTESIAN_POINT('',(19.928495714389,-73.42980747163,6.3));
#1514 = LINE('',#1515,#1516);
#1515 = CARTESIAN_POINT('',(31.808651447382,-82.2407314608,6.3));
#1516 = VECTOR('',#1517,1.);
#1517 = DIRECTION('',(-0.803207531481,0.595699304492,0.));
#1518 = ORIENTED_EDGE('',*,*,#1519,.F.);
#1519 = EDGE_CURVE('',#1520,#1512,#1522,.T.);
#1520 = VERTEX_POINT('',#1521);
#1521 = CARTESIAN_POINT('',(20.037809595207,-73.49532769032,6.3));
#1522 = LINE('',#1523,#1524);
#1523 = CARTESIAN_POINT('',(34.999540241929,-82.46304392793,6.3));
#1524 = VECTOR('',#1525,1.);
#1525 = DIRECTION('',(-0.85772861,0.514102744193,0.));
#1526 = ORIENTED_EDGE('',*,*,#1527,.F.);
#1527 = EDGE_CURVE('',#1528,#1520,#1530,.T.);
#1528 = VERTEX_POINT('',#1529);
#1529 = CARTESIAN_POINT('',(20.153019204281,-73.54981777726,6.3));
#1530 = LINE('',#1531,#1532);
#1531 = CARTESIAN_POINT('',(38.166869668441,-82.06973452498,6.3));
#1532 = VECTOR('',#1533,1.);
#1533 = DIRECTION('',(-0.903989293123,0.42755509343,0.));
#1534 = ORIENTED_EDGE('',*,*,#1535,.F.);
#1535 = EDGE_CURVE('',#1536,#1528,#1538,.T.);
#1536 = VERTEX_POINT('',#1537);
#1537 = CARTESIAN_POINT('',(20.273015010095,-73.59275296311,6.3));
#1538 = LINE('',#1539,#1540);
#1539 = CARTESIAN_POINT('',(41.192111599648,-81.07772540758,6.3));
#1540 = VECTOR('',#1541,1.);
#1541 = DIRECTION('',(-0.941544065183,0.336889853392,0.));
#1542 = ORIENTED_EDGE('',*,*,#1543,.F.);
#1543 = EDGE_CURVE('',#1544,#1536,#1546,.T.);
#1544 = VERTEX_POINT('',#1545);
#1545 = CARTESIAN_POINT('',(20.396641387443,-73.62371975857,6.3));
#1546 = LINE('',#1547,#1548);
#1547 = CARTESIAN_POINT('',(43.962360053139,-79.52662499187,6.3));
#1548 = VECTOR('',#1549,1.);
#1549 = DIRECTION('',(-0.970031253195,0.242980179903,0.));
#1550 = ORIENTED_EDGE('',*,*,#1551,.F.);
#1551 = EDGE_CURVE('',#1552,#1544,#1554,.T.);
#1552 = VERTEX_POINT('',#1553);
#1553 = CARTESIAN_POINT('',(20.522707746729,-73.64241993647,6.3));
#1554 = LINE('',#1555,#1556);
#1555 = CARTESIAN_POINT('',(46.37463781985,-77.47719151365,6.3));
#1556 = VECTOR('',#1557,1.);
#1557 = DIRECTION('',(-0.989176509965,0.146730474455,0.));
#1558 = ORIENTED_EDGE('',*,*,#1559,.F.);
#1559 = EDGE_CURVE('',#1560,#1552,#1562,.T.);
#1560 = VERTEX_POINT('',#1561);
#1561 = CARTESIAN_POINT('',(20.67700348432,-73.65,6.3));
#1562 = LINE('',#1563,#1564);
#1563 = CARTESIAN_POINT('',(48.339820287982,-75.00898704531,6.3));
#1564 = VECTOR('',#1565,1.);
#1565 = DIRECTION('',(-0.998795456205,4.906767432744E-02,0.));
#1566 = ORIENTED_EDGE('',*,*,#1567,.F.);
#1567 = EDGE_CURVE('',#1568,#1560,#1570,.T.);
#1568 = VERTEX_POINT('',#1569);
#1569 = CARTESIAN_POINT('',(39.32299651568,-73.65,6.3));
#1570 = LINE('',#1571,#1572);
#1571 = CARTESIAN_POINT('',(49.176897844837,-73.65,6.3));
#1572 = VECTOR('',#1573,1.);
#1573 = DIRECTION('',(-1.,0.,0.));
#1574 = ORIENTED_EDGE('',*,*,#1575,.F.);
#1575 = EDGE_CURVE('',#1576,#1568,#1578,.T.);
#1576 = VERTEX_POINT('',#1577);
#1577 = CARTESIAN_POINT('',(39.477292253271,-73.64241993647,6.3));
#1578 = LINE('',#1579,#1580);
#1579 = CARTESIAN_POINT('',(59.145035655646,-72.67620566104,6.3));
#1580 = VECTOR('',#1581,1.);
#1581 = DIRECTION('',(-0.998795456205,-4.906767432744E-02,0.));
#1582 = ORIENTED_EDGE('',*,*,#1583,.F.);
#1583 = EDGE_CURVE('',#1584,#1576,#1586,.T.);
#1584 = VERTEX_POINT('',#1585);
#1585 = CARTESIAN_POINT('',(39.603358612557,-73.62371975857,6.3));
#1586 = LINE('',#1587,#1588);
#1587 = CARTESIAN_POINT('',(60.212647872996,-70.56662048366,6.3));
#1588 = VECTOR('',#1589,1.);
#1589 = DIRECTION('',(-0.989176509965,-0.146730474455,0.));
#1590 = ORIENTED_EDGE('',*,*,#1591,.F.);
#1591 = EDGE_CURVE('',#1592,#1584,#1594,.T.);
#1592 = VERTEX_POINT('',#1593);
#1593 = CARTESIAN_POINT('',(39.726984989905,-73.59275296311,6.3));
#1594 = LINE('',#1595,#1596);
#1595 = CARTESIAN_POINT('',(60.837811291775,-68.30476625563,6.3));
#1596 = VECTOR('',#1597,1.);
#1597 = DIRECTION('',(-0.970031253195,-0.242980179903,0.));
#1598 = ORIENTED_EDGE('',*,*,#1599,.F.);
#1599 = EDGE_CURVE('',#1600,#1592,#1602,.T.);
#1600 = VERTEX_POINT('',#1601);
#1601 = CARTESIAN_POINT('',(39.846980795719,-73.54981777726,6.3));
#1602 = LINE('',#1603,#1604);
#1603 = CARTESIAN_POINT('',(61.013615978895,-65.97627460774,6.3));
#1604 = VECTOR('',#1605,1.);
#1605 = DIRECTION('',(-0.941544065183,-0.336889853392,0.));
#1606 = ORIENTED_EDGE('',*,*,#1607,.F.);
#1607 = EDGE_CURVE('',#1608,#1600,#1610,.T.);
#1608 = VERTEX_POINT('',#1609);
#1609 = CARTESIAN_POINT('',(39.962190404793,-73.49532769032,6.3));
#1610 = LINE('',#1611,#1612);
#1611 = CARTESIAN_POINT('',(60.736840022468,-63.66965018968,6.3));
#1612 = VECTOR('',#1613,1.);
#1613 = DIRECTION('',(-0.903989293123,-0.42755509343,0.));
#1614 = ORIENTED_EDGE('',*,*,#1615,.F.);
#1615 = EDGE_CURVE('',#1616,#1608,#1618,.T.);
#1616 = VERTEX_POINT('',#1617);
#1617 = CARTESIAN_POINT('',(40.071504285611,-73.42980747163,6.3));
#1618 = LINE('',#1619,#1620);
#1619 = CARTESIAN_POINT('',(60.021541054309,-61.47221560637,6.3));
#1620 = VECTOR('',#1621,1.);
#1621 = DIRECTION('',(-0.85772861,-0.514102744193,0.));
#1622 = ORIENTED_EDGE('',*,*,#1623,.F.);
#1623 = EDGE_CURVE('',#1624,#1616,#1626,.T.);
#1624 = VERTEX_POINT('',#1625);
#1625 = CARTESIAN_POINT('',(40.173869685745,-73.3538881167,6.3));
#1626 = LINE('',#1627,#1628);
#1627 = CARTESIAN_POINT('',(58.898483074156,-59.46676836845,6.3));
#1628 = VECTOR('',#1629,1.);
#1629 = DIRECTION('',(-0.803207531481,-0.595699304492,0.));
#1630 = ORIENTED_EDGE('',*,*,#1631,.F.);
#1631 = EDGE_CURVE('',#1632,#1624,#1634,.T.);
#1632 = VERTEX_POINT('',#1633);
#1633 = CARTESIAN_POINT('',(40.268300770432,-73.26830077043,6.3));
#1634 = LINE('',#1635,#1636);
#1635 = CARTESIAN_POINT('',(57.413922661942,-57.72841490798,6.3));
#1636 = VECTOR('',#1637,1.);
#1637 = DIRECTION('',(-0.740951125355,-0.671558954847,0.));
#1638 = ORIENTED_EDGE('',*,*,#1639,.F.);
#1639 = EDGE_CURVE('',#1640,#1632,#1642,.T.);
#1640 = VERTEX_POINT('',#1641);
#1641 = CARTESIAN_POINT('',(40.353888116705,-73.17386968574,6.3));
#1642 = LINE('',#1643,#1644);
#1643 = CARTESIAN_POINT('',(55.627801527039,-56.32170317336,6.3));
#1644 = VECTOR('',#1645,1.);
#1645 = DIRECTION('',(-0.671558954847,-0.740951125355,0.));
#1646 = ORIENTED_EDGE('',*,*,#1647,.F.);
#1647 = EDGE_CURVE('',#1648,#1640,#1650,.T.);
#1648 = VERTEX_POINT('',#1649);
#1649 = CARTESIAN_POINT('',(40.429807471634,-73.07150428561,6.3));
#1650 = LINE('',#1651,#1652);
#1651 = CARTESIAN_POINT('',(53.611415141185,-55.2981638144,6.3));
#1652 = VECTOR('',#1653,1.);
#1653 = DIRECTION('',(-0.595699304492,-0.803207531481,0.));
#1654 = ORIENTED_EDGE('',*,*,#1655,.F.);
#1655 = EDGE_CURVE('',#1656,#1648,#1658,.T.);
#1656 = VERTEX_POINT('',#1657);
#1657 = CARTESIAN_POINT('',(40.495327690328,-72.96219040479,6.3));
#1658 = LINE('',#1659,#1660);
#1659 = CARTESIAN_POINT('',(51.444647316311,-54.69435423912,6.3));
#1660 = VECTOR('',#1661,1.);
#1661 = DIRECTION('',(-0.514102744193,-0.85772861,0.));
#1662 = ORIENTED_EDGE('',*,*,#1663,.F.);
#1663 = EDGE_CURVE('',#1664,#1656,#1666,.T.);
#1664 = VERTEX_POINT('',#1665);
#1665 = CARTESIAN_POINT('',(40.549817777264,-72.84698079571,6.3));
#1666 = LINE('',#1667,#1668);
#1667 = CARTESIAN_POINT('',(49.212877247237,-54.53048047358,6.3));
#1668 = VECTOR('',#1669,1.);
#1669 = DIRECTION('',(-0.42755509343,-0.903989293123,0.));
#1670 = ORIENTED_EDGE('',*,*,#1671,.F.);
#1671 = EDGE_CURVE('',#1672,#1664,#1674,.T.);
#1672 = VERTEX_POINT('',#1673);
#1673 = CARTESIAN_POINT('',(40.592752963118,-72.7269849899,6.3));
#1674 = LINE('',#1675,#1676);
#1675 = CARTESIAN_POINT('',(47.003678101964,-54.80964952837,6.3));
#1676 = VECTOR('',#1677,1.);
#1677 = DIRECTION('',(-0.336889853392,-0.941544065183,0.));
#1678 = ORIENTED_EDGE('',*,*,#1679,.F.);
#1679 = EDGE_CURVE('',#1680,#1672,#1682,.T.);
#1680 = VERTEX_POINT('',#1681);
#1681 = CARTESIAN_POINT('',(40.623719758579,-72.60335861255,6.3));
#1682 = LINE('',#1683,#1684);
#1683 = CARTESIAN_POINT('',(44.903434226782,-55.51778072485,6.3));
#1684 = VECTOR('',#1685,1.);
#1685 = DIRECTION('',(-0.242980179903,-0.970031253195,0.));
#1686 = ORIENTED_EDGE('',*,*,#1687,.F.);
#1687 = EDGE_CURVE('',#1688,#1680,#1690,.T.);
#1688 = VERTEX_POINT('',#1689);
#1689 = CARTESIAN_POINT('',(40.642419936479,-72.47729225327,6.3));
#1690 = LINE('',#1691,#1692);
#1691 = CARTESIAN_POINT('',(42.994007132693,-56.62417909281,6.3));
#1692 = VECTOR('',#1693,1.);
#1693 = DIRECTION('',(-0.146730474455,-0.989176509965,0.));
#1694 = ORIENTED_EDGE('',*,*,#1695,.F.);
#1695 = EDGE_CURVE('',#1696,#1688,#1698,.T.);
#1696 = VERTEX_POINT('',#1697);
#1697 = CARTESIAN_POINT('',(40.65,-72.32299651568,6.3));
#1698 = LINE('',#1699,#1700);
#1699 = CARTESIAN_POINT('',(41.349578525264,-58.08274849352,6.3));
#1700 = VECTOR('',#1701,1.);
#1701 = DIRECTION('',(-4.90676743274E-02,-0.998795456205,0.));
#1702 = ORIENTED_EDGE('',*,*,#1703,.F.);
#1703 = EDGE_CURVE('',#1704,#1696,#1706,.T.);
#1704 = VERTEX_POINT('',#1705);
#1705 = CARTESIAN_POINT('',(40.65,-66.72299651568,6.3));
#1706 = LINE('',#1707,#1708);
#1707 = CARTESIAN_POINT('',(40.65,-58.88055117235,6.3));
#1708 = VECTOR('',#1709,1.);
#1709 = DIRECTION('',(0.,-1.,0.));
#1710 = ORIENTED_EDGE('',*,*,#1711,.F.);
#1711 = EDGE_CURVE('',#1712,#1704,#1714,.T.);
#1712 = VERTEX_POINT('',#1713);
#1713 = CARTESIAN_POINT('',(40.673237685777,-66.24998255516,6.3));
#1714 = LINE('',#1715,#1716);
#1715 = CARTESIAN_POINT('',(41.216144560564,-55.19885924206,6.3));
#1716 = VECTOR('',#1717,1.);
#1717 = DIRECTION('',(-4.906767432742E-02,-0.998795456205,0.));
#1718 = ORIENTED_EDGE('',*,*,#1719,.F.);
#1719 = EDGE_CURVE('',#1720,#1712,#1722,.T.);
#1720 = VERTEX_POINT('',#1721);
#1721 = CARTESIAN_POINT('',(40.746693963999,-65.75478055165,6.3));
#1722 = LINE('',#1723,#1724);
#1723 = CARTESIAN_POINT('',(42.581920073986,-53.38269107799,6.3));
#1724 = VECTOR('',#1725,1.);
#1725 = DIRECTION('',(-0.146730474455,-0.989176509965,0.));
#1726 = ORIENTED_EDGE('',*,*,#1727,.F.);
#1727 = EDGE_CURVE('',#1728,#1720,#1730,.T.);
#1728 = VERTEX_POINT('',#1729);
#1729 = CARTESIAN_POINT('',(40.868334814432,-65.26916305547,6.3));
#1730 = LINE('',#1731,#1732);
#1731 = CARTESIAN_POINT('',(44.231162332807,-51.8440030559,6.3));
#1732 = VECTOR('',#1733,1.);
#1733 = DIRECTION('',(-0.242980179903,-0.970031253195,0.));
#1734 = ORIENTED_EDGE('',*,*,#1735,.F.);
#1735 = EDGE_CURVE('',#1736,#1728,#1738,.T.);
#1736 = VERTEX_POINT('',#1737);
#1737 = CARTESIAN_POINT('',(41.036988769192,-64.79780682858,6.3));
#1738 = LINE('',#1739,#1740);
#1739 = CARTESIAN_POINT('',(46.102290958909,-50.64123557223,6.3));
#1740 = VECTOR('',#1741,1.);
#1741 = DIRECTION('',(-0.336889853392,-0.941544065183,0.));
#1742 = ORIENTED_EDGE('',*,*,#1743,.F.);
#1743 = EDGE_CURVE('',#1744,#1736,#1746,.T.);
#1744 = VERTEX_POINT('',#1745);
#1745 = CARTESIAN_POINT('',(41.251031598498,-64.3452512891,6.3));
#1746 = LINE('',#1747,#1748);
#1747 = CARTESIAN_POINT('',(48.127241131647,-49.80672773798,6.3));
#1748 = VECTOR('',#1749,1.);
#1749 = DIRECTION('',(-0.42755509343,-0.903989293123,0.));
#1750 = ORIENTED_EDGE('',*,*,#1751,.F.);
#1751 = EDGE_CURVE('',#1752,#1744,#1754,.T.);
#1752 = VERTEX_POINT('',#1753);
#1753 = CARTESIAN_POINT('',(41.508401952898,-63.91585479428,6.3));
#1754 = LINE('',#1755,#1756);
#1755 = CARTESIAN_POINT('',(50.233378985937,-49.35911004362,6.3));
#1756 = VECTOR('',#1757,1.);
#1757 = DIRECTION('',(-0.514102744193,-0.85772861,0.));
#1758 = ORIENTED_EDGE('',*,*,#1759,.F.);
#1759 = EDGE_CURVE('',#1760,#1752,#1762,.T.);
#1760 = VERTEX_POINT('',#1761);
#1761 = CARTESIAN_POINT('',(41.806621215184,-63.51375266709,6.3));
#1762 = LINE('',#1763,#1764);
#1763 = CARTESIAN_POINT('',(52.346242967798,-49.3027178265,6.3));
#1764 = VECTOR('',#1765,1.);
#1765 = DIRECTION('',(-0.595699304492,-0.803207531481,0.));
#1766 = ORIENTED_EDGE('',*,*,#1767,.F.);
#1767 = EDGE_CURVE('',#1768,#1760,#1770,.T.);
#1768 = VERTEX_POINT('',#1769);
#1769 = CARTESIAN_POINT('',(42.142817370838,-63.14281737083,6.3));
#1770 = LINE('',#1771,#1772);
#1771 = CARTESIAN_POINT('',(54.392342981322,-49.62754857627,6.3));
#1772 = VECTOR('',#1773,1.);
#1773 = DIRECTION('',(-0.671558954847,-0.740951125355,0.));
#1774 = ORIENTED_EDGE('',*,*,#1775,.F.);
#1775 = EDGE_CURVE('',#1776,#1768,#1778,.T.);
#1776 = VERTEX_POINT('',#1777);
#1777 = CARTESIAN_POINT('',(42.513752667098,-62.80662121518,6.3));
#1778 = LINE('',#1779,#1780);
#1779 = CARTESIAN_POINT('',(56.301910358061,-50.30976352599,6.3));
#1780 = VECTOR('',#1781,1.);
#1781 = DIRECTION('',(-0.740951125355,-0.671558954847,0.));
#1782 = ORIENTED_EDGE('',*,*,#1783,.F.);
#1783 = EDGE_CURVE('',#1784,#1776,#1786,.T.);
#1784 = VERTEX_POINT('',#1785);
#1785 = CARTESIAN_POINT('',(42.915854794286,-62.50840195289,6.3));
#1786 = LINE('',#1787,#1788);
#1787 = CARTESIAN_POINT('',(58.011493683775,-51.31271312418,6.3));
#1788 = VECTOR('',#1789,1.);
#1789 = DIRECTION('',(-0.803207531481,-0.595699304492,0.));
#1790 = ORIENTED_EDGE('',*,*,#1791,.F.);
#1791 = EDGE_CURVE('',#1792,#1784,#1794,.T.);
#1792 = VERTEX_POINT('',#1793);
#1793 = CARTESIAN_POINT('',(43.345251289107,-62.25103159849,6.3));
#1794 = LINE('',#1795,#1796);
#1795 = CARTESIAN_POINT('',(59.466301548292,-52.58844592641,6.3));
#1796 = VECTOR('',#1797,1.);
#1797 = DIRECTION('',(-0.85772861,-0.514102744193,0.));
#1798 = ORIENTED_EDGE('',*,*,#1799,.F.);
#1799 = EDGE_CURVE('',#1800,#1792,#1802,.T.);
#1800 = VERTEX_POINT('',#1801);
#1801 = CARTESIAN_POINT('',(43.797806828582,-62.03698876919,6.3));
#1802 = LINE('',#1803,#1804);
#1803 = CARTESIAN_POINT('',(60.622203109087,-54.07964195287,6.3));
#1804 = VECTOR('',#1805,1.);
#1805 = DIRECTION('',(-0.903989293123,-0.42755509343,0.));
#1806 = ORIENTED_EDGE('',*,*,#1807,.F.);
#1807 = EDGE_CURVE('',#1808,#1800,#1810,.T.);
#1808 = VERTEX_POINT('',#1809);
#1809 = CARTESIAN_POINT('',(44.269163055476,-61.86833481443,6.3));
#1810 = LINE('',#1811,#1812);
#1811 = CARTESIAN_POINT('',(61.447310599633,-55.72189534154,6.3));
#1812 = VECTOR('',#1813,1.);
#1813 = DIRECTION('',(-0.941544065183,-0.336889853392,0.));
#1814 = ORIENTED_EDGE('',*,*,#1815,.F.);
#1815 = EDGE_CURVE('',#1816,#1808,#1818,.T.);
#1816 = VERTEX_POINT('',#1817);
#1817 = CARTESIAN_POINT('',(44.754780551654,-61.74669396399,6.3));
#1818 = LINE('',#1819,#1820);
#1819 = CARTESIAN_POINT('',(61.923084059888,-57.44625780658,6.3));
#1820 = VECTOR('',#1821,1.);
#1821 = DIRECTION('',(-0.970031253195,-0.242980179903,0.));
#1822 = ORIENTED_EDGE('',*,*,#1823,.F.);
#1823 = EDGE_CURVE('',#1824,#1816,#1826,.T.);
#1824 = VERTEX_POINT('',#1825);
#1825 = CARTESIAN_POINT('',(45.249982555161,-61.67323768577,6.3));
#1826 = LINE('',#1827,#1828);
#1827 = CARTESIAN_POINT('',(62.044916997106,-59.18194449969,6.3));
#1828 = VECTOR('',#1829,1.);
#1829 = DIRECTION('',(-0.989176509965,-0.146730474455,0.));
#1830 = ORIENTED_EDGE('',*,*,#1831,.F.);
#1831 = EDGE_CURVE('',#1832,#1824,#1834,.T.);
#1832 = VERTEX_POINT('',#1833);
#1833 = CARTESIAN_POINT('',(45.72299651568,-61.65,6.3));
#1834 = LINE('',#1835,#1836);
#1835 = CARTESIAN_POINT('',(61.822181691722,-60.85909774844,6.3));
#1836 = VECTOR('',#1837,1.);
#1837 = DIRECTION('',(-0.998795456205,-4.906767432742E-02,0.));
#1838 = ORIENTED_EDGE('',*,*,#1839,.F.);
#1839 = EDGE_CURVE('',#1840,#1832,#1842,.T.);
#1840 = VERTEX_POINT('',#1841);
#1841 = CARTESIAN_POINT('',(63.672355986609,-61.65,6.3));
#1842 = LINE('',#1843,#1844);
#1843 = CARTESIAN_POINT('',(61.699894360517,-61.65,6.3));
#1844 = VECTOR('',#1845,1.);
#1845 = DIRECTION('',(-1.,0.,0.));
#1846 = ORIENTED_EDGE('',*,*,#1847,.F.);
#1847 = EDGE_CURVE('',#1848,#1840,#1850,.T.);
#1848 = VERTEX_POINT('',#1849);
#1849 = CARTESIAN_POINT('',(64.026572852212,-61.66643337806,6.3));
#1850 = LINE('',#1851,#1852);
#1851 = CARTESIAN_POINT('',(70.284279180817,-61.95675059306,6.3));
#1852 = VECTOR('',#1853,1.);
#1853 = DIRECTION('',(-0.99892555337,4.634370317414E-02,0.));
#1854 = ORIENTED_EDGE('',*,*,#1855,.F.);
#1855 = EDGE_CURVE('',#1856,#1848,#1858,.T.);
#1856 = VERTEX_POINT('',#1857);
#1857 = CARTESIAN_POINT('',(64.403030301092,-61.71913165696,6.3));
#1858 = LINE('',#1859,#1860);
#1859 = CARTESIAN_POINT('',(69.606481546205,-62.44753516119,6.3));
#1860 = VECTOR('',#1861,1.);
#1861 = DIRECTION('',(-0.990343828598,0.13863297284,0.));
#1862 = ORIENTED_EDGE('',*,*,#1863,.F.);
#1863 = EDGE_CURVE('',#1864,#1856,#1866,.T.);
#1864 = VERTEX_POINT('',#1865);
#1865 = CARTESIAN_POINT('',(64.772991466723,-61.8064589456,6.3));
#1866 = LINE('',#1867,#1868);
#1867 = CARTESIAN_POINT('',(68.869528324974,-62.77342383237,6.3));
#1868 = VECTOR('',#1869,1.);
#1869 = DIRECTION('',(-0.973254104266,0.229731252834,0.));
#1870 = ORIENTED_EDGE('',*,*,#1871,.F.);
#1871 = EDGE_CURVE('',#1872,#1864,#1874,.T.);
#1872 = VERTEX_POINT('',#1873);
#1873 = CARTESIAN_POINT('',(65.133278029271,-61.92766501914,6.3));
#1874 = LINE('',#1875,#1876);
#1875 = CARTESIAN_POINT('',(68.095571152646,-62.92422707692,6.3));
#1876 = VECTOR('',#1877,1.);
#1877 = DIRECTION('',(-0.947803197434,0.318855921905,0.));
#1878 = ORIENTED_EDGE('',*,*,#1879,.F.);
#1879 = EDGE_CURVE('',#1880,#1872,#1882,.T.);
#1880 = VERTEX_POINT('',#1881);
#1881 = CARTESIAN_POINT('',(65.480794782983,-62.08170860163,6.3));
#1882 = LINE('',#1883,#1884);
#1883 = CARTESIAN_POINT('',(67.32059453121,-62.89723574168,6.3));
#1884 = VECTOR('',#1885,1.);
#1885 = DIRECTION('',(-0.914209755704,0.405241314005,0.));
#1886 = ORIENTED_EDGE('',*,*,#1887,.F.);
#1887 = EDGE_CURVE('',#1888,#1880,#1890,.T.);
#1888 = VERTEX_POINT('',#1889);
#1889 = CARTESIAN_POINT('',(65.812556226963,-62.26726631153,6.3));
#1890 = LINE('',#1891,#1892);
#1891 = CARTESIAN_POINT('',(66.580349405389,-62.69670121559,6.3));
#1892 = VECTOR('',#1893,1.);
#1893 = DIRECTION('',(-0.872762378831,0.488145296092,0.));
#1894 = ORIENTED_EDGE('',*,*,#1895,.F.);
#1895 = EDGE_CURVE('',#1896,#1888,#1898,.T.);
#1896 = VERTEX_POINT('',#1897);
#1897 = CARTESIAN_POINT('',(66.125712213478,-62.48274403085,6.3));
#1898 = LINE('',#1899,#1900);
#1899 = CARTESIAN_POINT('',(65.909048423103,-62.33366107724,6.3));
#1900 = VECTOR('',#1901,1.);
#1901 = DIRECTION('',(-0.823817139378,0.566855643763,0.));
#1902 = ORIENTED_EDGE('',*,*,#1903,.F.);
#1903 = EDGE_CURVE('',#1904,#1896,#1906,.T.);
#1904 = VERTEX_POINT('',#1905);
#1905 = CARTESIAN_POINT('',(66.417572433447,-62.72629060015,6.3));
#1906 = LINE('',#1907,#1908);
#1907 = CARTESIAN_POINT('',(65.338116928235,-61.82552486705,6.3));
#1908 = VECTOR('',#1909,1.);
#1909 = DIRECTION('',(-0.76779452371,0.64069615994,0.));
#1910 = ORIENTED_EDGE('',*,*,#1911,.F.);
#1911 = EDGE_CURVE('',#1912,#1904,#1914,.T.);
#1912 = VERTEX_POINT('',#1913);
#1913 = CARTESIAN_POINT('',(66.685629528768,-62.99581372173,6.3));
#1914 = LINE('',#1915,#1916);
#1915 = CARTESIAN_POINT('',(64.895043165878,-61.19543449505,6.3));
#1916 = VECTOR('',#1917,1.);
#1917 = DIRECTION('',(-0.705175819611,0.709032484048,0.));
#1918 = ORIENTED_EDGE('',*,*,#1919,.F.);
#1919 = EDGE_CURVE('',#1920,#1912,#1922,.T.);
#1920 = VERTEX_POINT('',#1921);
#1921 = CARTESIAN_POINT('',(66.927580632917,-63.28899793449,6.3));
#1922 = LINE('',#1923,#1924);
#1923 = CARTESIAN_POINT('',(64.602367746941,-60.47142158207,6.3));
#1924 = VECTOR('',#1925,1.);
#1925 = DIRECTION('',(-0.636498981571,0.771277541783,0.));
#1926 = ORIENTED_EDGE('',*,*,#1927,.F.);
#1927 = EDGE_CURVE('',#1928,#1920,#1930,.T.);
#1928 = VERTEX_POINT('',#1929);
#1929 = CARTESIAN_POINT('',(67.141347154776,-63.60332450599,6.3));
#1930 = LINE('',#1931,#1932);
#1931 = CARTESIAN_POINT('',(64.476847607297,-59.68539105117,6.3));
#1932 = VECTOR('',#1933,1.);
#1933 = DIRECTION('',(-0.562354009235,0.826896588636,0.));
#1934 = ORIENTED_EDGE('',*,*,#1935,.F.);
#1935 = EDGE_CURVE('',#1936,#1928,#1938,.T.);
#1936 = VERTEX_POINT('',#1937);
#1937 = CARTESIAN_POINT('',(67.325092635712,-63.93609307069,6.3));
#1938 = LINE('',#1939,#1940);
#1939 = CARTESIAN_POINT('',(64.528823671574,-58.87196629614,6.3));
#1940 = VECTOR('',#1941,1.);
#1941 = DIRECTION('',(-0.483377878745,0.875411803861,0.));
#1942 = ORIENTED_EDGE('',*,*,#1943,.F.);
#1943 = EDGE_CURVE('',#1944,#1936,#1946,.T.);
#1944 = VERTEX_POINT('',#1945);
#1945 = CARTESIAN_POINT('',(67.477238526511,-64.28444482873,6.3));
#1946 = LINE('',#1947,#1948);
#1947 = CARTESIAN_POINT('',(64.761814400483,-58.06723604871,6.3));
#1948 = VECTOR('',#1949,1.);
#1949 = DIRECTION('',(-0.400249070508,0.916406395415,0.));
#1950 = ORIENTED_EDGE('',*,*,#1951,.F.);
#1951 = EDGE_CURVE('',#1952,#1944,#1954,.T.);
#1952 = VERTEX_POINT('',#1953);
#1953 = CARTESIAN_POINT('',(67.596477748628,-64.64538710573,6.3));
#1954 = LINE('',#1955,#1956);
#1955 = CARTESIAN_POINT('',(65.172349604486,-57.3074464806,6.3));
#1956 = VECTOR('',#1957,1.);
#1957 = DIRECTION('',(-0.313681740399,0.949528180593,0.));
#1958 = ORIENTED_EDGE('',*,*,#1959,.F.);
#1959 = EDGE_CURVE('',#1960,#1952,#1962,.T.);
#1960 = VERTEX_POINT('',#1961);
#1961 = CARTESIAN_POINT('',(67.681785923237,-65.01581906272,6.3));
#1962 = LINE('',#1963,#1964);
#1963 = CARTESIAN_POINT('',(65.750050613555,-56.62768399312,6.3));
#1964 = VECTOR('',#1965,1.);
#1965 = DIRECTION('',(-0.224419584481,0.97449261162,0.));
#1966 = ORIENTED_EDGE('',*,*,#1967,.F.);
#1967 = EDGE_CURVE('',#1968,#1960,#1970,.T.);
#1968 = VERTEX_POINT('',#1969);
#1969 = CARTESIAN_POINT('',(67.729028801354,-65.36725576293,6.3));
#1970 = LINE('',#1971,#1972);
#1971 = CARTESIAN_POINT('',(66.477954387529,-56.06059449999,6.3));
#1972 = VECTOR('',#1973,1.);
#1973 = DIRECTION('',(-0.133229449946,0.991085220184,0.));
#1974 = ORIENTED_EDGE('',*,*,#1975,.F.);
#1975 = EDGE_CURVE('',#1976,#1968,#1978,.T.);
#1976 = VERTEX_POINT('',#1977);
#1977 = CARTESIAN_POINT('',(69.203079151281,-82.21572835951,6.3));
#1978 = LINE('',#1979,#1980);
#1979 = CARTESIAN_POINT('',(66.901645878887,-55.91022568473,6.3));
#1980 = VECTOR('',#1981,1.);
#1981 = DIRECTION('',(-8.715574274766E-02,0.996194698092,0.));
#1982 = ORIENTED_EDGE('',*,*,#1983,.F.);
#1983 = EDGE_CURVE('',#1984,#1976,#1986,.T.);
#1984 = VERTEX_POINT('',#1985);
#1985 = CARTESIAN_POINT('',(69.224078129984,-82.36877630917,6.3));
#1986 = LINE('',#1987,#1988);
#1987 = CARTESIAN_POINT('',(66.804943668996,-64.73727268026,6.3));
#1988 = VECTOR('',#1989,1.);
#1989 = DIRECTION('',(-0.135931716851,0.990718208349,0.));
#1990 = ORIENTED_EDGE('',*,*,#1991,.F.);
#1991 = EDGE_CURVE('',#1992,#1984,#1994,.T.);
#1992 = VERTEX_POINT('',#1993);
#1993 = CARTESIAN_POINT('',(69.25369455524,-82.49273312,6.3));
#1994 = LINE('',#1995,#1996);
#1995 = CARTESIAN_POINT('',(65.278726001996,-65.85586959718,6.3));
#1996 = VECTOR('',#1997,1.);
#1997 = DIRECTION('',(-0.232384534135,0.972623991219,0.));
#1998 = ORIENTED_EDGE('',*,*,#1999,.F.);
#1999 = EDGE_CURVE('',#2000,#1992,#2002,.T.);
#2000 = VERTEX_POINT('',#2001);
#2001 = CARTESIAN_POINT('',(69.295318261437,-82.6131901276,6.3));
#2002 = LINE('',#2003,#2004);
#2003 = CARTESIAN_POINT('',(63.983739567659,-67.2417363685,6.3));
#2004 = VECTOR('',#2005,1.);
#2005 = DIRECTION('',(-0.326599361322,0.945162873363,0.));
#2006 = ORIENTED_EDGE('',*,*,#2007,.F.);
#2007 = EDGE_CURVE('',#2008,#2000,#2010,.T.);
#2008 = VERTEX_POINT('',#2009);
#2009 = CARTESIAN_POINT('',(69.348548389529,-82.72898726513,6.3));
#2010 = LINE('',#2011,#2012);
#2011 = CARTESIAN_POINT('',(62.972526866143,-68.8585520864,6.3));
#2012 = VECTOR('',#2013,1.);
#2013 = DIRECTION('',(-0.417668858121,0.908599320359,0.));
#2014 = ORIENTED_EDGE('',*,*,#2015,.F.);
#2015 = EDGE_CURVE('',#2016,#2008,#2018,.T.);
#2016 = VERTEX_POINT('',#2017);
#2017 = CARTESIAN_POINT('',(69.412872304283,-82.83900934286,6.3));
#2018 = LINE('',#2019,#2020);
#2019 = CARTESIAN_POINT('',(62.285230514136,-70.6476189082,6.3));
#2020 = VECTOR('',#2021,1.);
#2021 = DIRECTION('',(-0.504715975495,0.863285459208,0.));
#2022 = ORIENTED_EDGE('',*,*,#2023,.F.);
#2023 = EDGE_CURVE('',#2024,#2016,#2026,.T.);
#2024 = VERTEX_POINT('',#2025);
#2025 = CARTESIAN_POINT('',(69.487670531239,-82.94219678804,6.3));
#2026 = LINE('',#2027,#2028);
#2027 = CARTESIAN_POINT('',(61.949875765939,-72.54347724974,6.3));
#2028 = VECTOR('',#2029,1.);
#2029 = DIRECTION('',(-0.58690240212,0.809657687165,0.));
#2030 = ORIENTED_EDGE('',*,*,#2031,.F.);
#2031 = EDGE_CURVE('',#2032,#2024,#2034,.T.);
#2032 = VERTEX_POINT('',#2033);
#2033 = CARTESIAN_POINT('',(69.572222722582,-83.03755584915,6.3));
#2034 = LINE('',#2035,#2036);
#2035 = CARTESIAN_POINT('',(61.981277986111,-74.4763896447,6.3));
#2036 = VECTOR('',#2037,1.);
#2037 = DIRECTION('',(-0.663436637779,0.748232468991,0.));
#2038 = ORIENTED_EDGE('',*,*,#2039,.F.);
#2039 = EDGE_CURVE('',#2040,#2032,#2042,.T.);
#2040 = VERTEX_POINT('',#2041);
#2041 = CARTESIAN_POINT('',(69.665714594488,-83.12416816631,6.3));
#2042 = LINE('',#2043,#2044);
#2043 = CARTESIAN_POINT('',(62.380454736886,-76.37499067568,6.3));
#2044 = VECTOR('',#2045,1.);
#2045 = DIRECTION('',(-0.733581615945,0.679601363115,0.));
#2046 = ORIENTED_EDGE('',*,*,#2047,.F.);
#2047 = EDGE_CURVE('',#2048,#2040,#2050,.T.);
#2048 = VERTEX_POINT('',#2049);
#2049 = CARTESIAN_POINT('',(69.767245769122,-83.20119961557,6.3));
#2050 = LINE('',#2051,#2052);
#2051 = CARTESIAN_POINT('',(63.134565252288,-78.16900143103,6.3));
#2052 = VECTOR('',#2053,1.);
#2053 = DIRECTION('',(-0.796661802132,0.604425324605,0.));
#2054 = ORIENTED_EDGE('',*,*,#2055,.F.);
#2055 = EDGE_CURVE('',#2056,#2048,#2058,.T.);
#2056 = VERTEX_POINT('',#2057);
#2057 = CARTESIAN_POINT('',(69.875838445771,-83.26790834195,6.3));
#2058 = LINE('',#2059,#2060);
#2059 = CARTESIAN_POINT('',(64.217379831247,-79.79190444272,6.3));
#2060 = VECTOR('',#2061,1.);
#2061 = DIRECTION('',(-0.852069699666,0.523428339806,0.));
#2062 = ORIENTED_EDGE('',*,*,#2063,.F.);
#2063 = EDGE_CURVE('',#2064,#2056,#2066,.T.);
#2064 = VERTEX_POINT('',#2065);
#2065 = CARTESIAN_POINT('',(69.990446817595,-83.32365190396,6.3));
#2066 = LINE('',#2067,#2068);
#2067 = CARTESIAN_POINT('',(65.590261342993,-81.18347655783,6.3));
#2068 = VECTOR('',#2069,1.);
#2069 = DIRECTION('',(-0.899271700203,0.437390453959,0.));
#2070 = ORIENTED_EDGE('',*,*,#2071,.F.);
#2071 = EDGE_CURVE('',#2072,#2064,#2074,.T.);
#2072 = VERTEX_POINT('',#2073);
#2073 = CARTESIAN_POINT('',(70.109967143323,-83.36789346061,6.3));
#2074 = LINE('',#2075,#2076);
#2075 = CARTESIAN_POINT('',(67.203621381109,-82.29208263169,6.3));
#2076 = VECTOR('',#2077,1.);
#2077 = DIRECTION('',(-0.937813222675,0.347140258939,0.));
#2078 = ORIENTED_EDGE('',*,*,#2079,.F.);
#2079 = EDGE_CURVE('',#2080,#2072,#2082,.T.);
#2080 = VERTEX_POINT('',#2081);
#2081 = CARTESIAN_POINT('',(70.233248376882,-83.40020694154,6.3));
#2082 = LINE('',#2083,#2084);
#2083 = CARTESIAN_POINT('',(68.99879538301,-83.07664209617,6.3));
#2084 = VECTOR('',#2085,1.);
#2085 = DIRECTION('',(-0.967323091152,0.25354691346,0.));
#2086 = ORIENTED_EDGE('',*,*,#2087,.F.);
#2087 = EDGE_CURVE('',#2088,#2080,#2090,.T.);
#2088 = VERTEX_POINT('',#2089);
#2089 = CARTESIAN_POINT('',(70.359103252599,-83.42028115025,6.3));
#2090 = LINE('',#2091,#2092);
#2091 = CARTESIAN_POINT('',(70.91026494906,-83.50819300005,6.3));
#2092 = VECTOR('',#2093,1.);
#2093 = DIRECTION('',(-0.987517109468,0.1575117726,0.));
#2094 = ORIENTED_EDGE('',*,*,#2095,.F.);
#2095 = EDGE_CURVE('',#2096,#2088,#2098,.T.);
#2096 = VERTEX_POINT('',#2097);
#2097 = CARTESIAN_POINT('',(70.486319719222,-83.42792276115,6.3));
#2098 = LINE('',#2099,#2100);
#2099 = CARTESIAN_POINT('',(72.868142268306,-83.57099355719,6.3));
#2100 = VECTOR('',#2101,1.);
#2101 = DIRECTION('',(-0.998200798189,5.995970726641E-02,0.));
#2102 = ORIENTED_EDGE('',*,*,#2103,.F.);
#2103 = EDGE_CURVE('',#2104,#2096,#2106,.T.);
#2104 = VERTEX_POINT('',#2105);
#2105 = CARTESIAN_POINT('',(70.640688961014,-83.42202622063,6.3));
#2106 = LINE('',#2107,#2108);
#2107 = CARTESIAN_POINT('',(74.800821497479,-83.26311898112,6.3));
#2108 = VECTOR('',#2109,1.);
#2109 = DIRECTION('',(-0.999271267551,-3.816980282584E-02,0.));
#2110 = ORIENTED_EDGE('',*,*,#2111,.F.);
#2111 = EDGE_CURVE('',#2112,#2104,#2114,.T.);
#2112 = VERTEX_POINT('',#2113);
#2113 = CARTESIAN_POINT('',(84.71501514245,-82.19068223299,6.3));
#2114 = LINE('',#2115,#2116);
#2115 = CARTESIAN_POINT('',(75.780976667766,-82.97230931903,6.3));
#2116 = VECTOR('',#2117,1.);
#2117 = DIRECTION('',(-0.996194698092,-8.715574274766E-02,0.));
#2118 = ORIENTED_EDGE('',*,*,#2119,.F.);
#2119 = EDGE_CURVE('',#2120,#2112,#2122,.T.);
#2120 = VERTEX_POINT('',#2121);
#2121 = CARTESIAN_POINT('',(85.29936200607,-82.14437243779,6.3));
#2122 = LINE('',#2123,#2124);
#2123 = CARTESIAN_POINT('',(82.665108879773,-82.35313837868,6.3));
#2124 = VECTOR('',#2125,1.);
#2125 = DIRECTION('',(-0.996874392656,-7.900281808858E-02,0.));
#2126 = ORIENTED_EDGE('',*,*,#2127,.F.);
#2127 = EDGE_CURVE('',#2128,#2120,#2130,.T.);
#2128 = VERTEX_POINT('',#2129);
#2129 = CARTESIAN_POINT('',(85.888879360266,-82.10734771007,6.3));
#2130 = LINE('',#2131,#2132);
#2131 = CARTESIAN_POINT('',(82.651194118138,-82.31069102755,6.3));
#2132 = VECTOR('',#2133,1.);
#2133 = DIRECTION('',(-0.998033571874,-6.268165132823E-02,0.));
#2134 = ORIENTED_EDGE('',*,*,#2135,.F.);
#2135 = EDGE_CURVE('',#2136,#2128,#2138,.T.);
#2136 = VERTEX_POINT('',#2137);
#2137 = CARTESIAN_POINT('',(86.478923589096,-82.0799734633,6.3));
#2138 = LINE('',#2139,#2140);
#2139 = CARTESIAN_POINT('',(82.64043577159,-82.25805454197,6.3));
#2140 = VECTOR('',#2141,1.);
#2141 = DIRECTION('',(-0.99892555337,-4.634370317418E-02,0.));
#2142 = ORIENTED_EDGE('',*,*,#2143,.F.);
#2143 = EDGE_CURVE('',#2144,#2136,#2146,.T.);
#2144 = VERTEX_POINT('',#2145);
#2145 = CARTESIAN_POINT('',(87.069336723452,-82.06225702623,6.3));
#2146 = LINE('',#2147,#2148);
#2147 = CARTESIAN_POINT('',(82.631076014169,-82.19543523992,6.3));
#2148 = VECTOR('',#2149,1.);
#2149 = DIRECTION('',(-0.999550098341,-2.999334769006E-02,0.));
#2150 = ORIENTED_EDGE('',*,*,#2151,.F.);
#2151 = EDGE_CURVE('',#2152,#2144,#2154,.T.);
#2152 = VERTEX_POINT('',#2153);
#2153 = CARTESIAN_POINT('',(87.659960695459,-82.05420314197,6.3));
#2154 = LINE('',#2155,#2156);
#2155 = CARTESIAN_POINT('',(82.623598807637,-82.12288013049,6.3));
#2156 = VECTOR('',#2157,1.);
#2157 = DIRECTION('',(-0.999907039581,-1.363496226157E-02,0.));
#2158 = ORIENTED_EDGE('',*,*,#2159,.F.);
#2159 = EDGE_CURVE('',#2160,#2152,#2162,.T.);
#2160 = VERTEX_POINT('',#2161);
#2161 = CARTESIAN_POINT('',(88.2506373808,-82.05581396674,6.3));
#2162 = LINE('',#2163,#2164);
#2163 = CARTESIAN_POINT('',(82.618486362404,-82.04045461941,6.3));
#2164 = VECTOR('',#2165,1.);
#2165 = DIRECTION('',(-0.999996281528,2.727073576063E-03,0.));
#2166 = ORIENTED_EDGE('',*,*,#2167,.F.);
#2167 = EDGE_CURVE('',#2168,#2160,#2170,.T.);
#2168 = VERTEX_POINT('',#2169);
#2169 = CARTESIAN_POINT('',(88.841208641043,-82.06708906928,6.3));
#2170 = LINE('',#2171,#2172);
#2171 = CARTESIAN_POINT('',(82.616218494212,-81.94824244234,6.3));
#2172 = VECTOR('',#2173,1.);
#2173 = DIRECTION('',(-0.999817800289,1.908837931013E-02,0.));
#2174 = ORIENTED_EDGE('',*,*,#2175,.F.);
#2175 = EDGE_CURVE('',#2176,#2168,#2178,.T.);
#2176 = VERTEX_POINT('',#2177);
#2177 = CARTESIAN_POINT('',(89.43151636598,-82.08802543099,6.3));
#2178 = LINE('',#2179,#2180);
#2179 = CARTESIAN_POINT('',(82.617271983343,-81.84634557639,6.3));
#2180 = VECTOR('',#2181,1.);
#2181 = DIRECTION('',(-0.999371643649,3.54445746235E-02,0.));
#2182 = ORIENTED_EDGE('',*,*,#2183,.F.);
#2183 = EDGE_CURVE('',#2184,#2176,#2186,.T.);
#2184 = VERTEX_POINT('',#2185);
#2185 = CARTESIAN_POINT('',(90.02140251596,-82.11861744668,6.3));
#2186 = LINE('',#2187,#2188);
#2187 = CARTESIAN_POINT('',(82.622119937073,-81.73488413007,6.3));
#2188 = VECTOR('',#2189,1.);
#2189 = DIRECTION('',(-0.998657931054,5.179128056714E-02,0.));
#2190 = ORIENTED_EDGE('',*,*,#2191,.F.);
#2191 = EDGE_CURVE('',#2192,#2184,#2194,.T.);
#2192 = VERTEX_POINT('',#2193);
#2193 = CARTESIAN_POINT('',(90.610709164196,-82.15885692613,6.3));
#2194 = LINE('',#2195,#2196);
#2195 = CARTESIAN_POINT('',(82.631231156094,-81.61399621171,6.3));
#2196 = VECTOR('',#2197,1.);
#2197 = DIRECTION('',(-0.997676853583,6.812412073263E-02,0.));
#2198 = ORIENTED_EDGE('',*,*,#2199,.F.);
#2199 = EDGE_CURVE('',#2200,#2192,#2202,.T.);
#2200 = VERTEX_POINT('',#2201);
#2201 = CARTESIAN_POINT('',(91.199278539048,-82.20873309627,6.3));
#2202 = LINE('',#2203,#2204);
#2203 = CARTESIAN_POINT('',(82.645069505615,-81.48383777656,6.3));
#2204 = VECTOR('',#2205,1.);
#2205 = DIRECTION('',(-0.996428673893,8.44387224237E-02,0.));
#2206 = ORIENTED_EDGE('',*,*,#2207,.F.);
#2207 = EDGE_CURVE('',#2208,#2200,#2210,.T.);
#2208 = VERTEX_POINT('',#2209);
#2209 = CARTESIAN_POINT('',(91.786953066264,-82.26823260404,6.3));
#2210 = LINE('',#2211,#2212);
#2211 = CARTESIAN_POINT('',(82.664093291837,-81.34458245272,6.3));
#2212 = VECTOR('',#2213,1.);
#2213 = DIRECTION('',(-0.994913726152,0.100730717827,0.));
#2214 = ORIENTED_EDGE('',*,*,#2215,.F.);
#2215 = EDGE_CURVE('',#2216,#2208,#2218,.T.);
#2216 = VERTEX_POINT('',#2217);
#2217 = CARTESIAN_POINT('',(92.37357541116,-82.33733951997,6.3));
#2218 = LINE('',#2219,#2220);
#2219 = CARTESIAN_POINT('',(82.688754644526,-81.19642134598,6.3));
#2220 = VECTOR('',#2221,1.);
#2221 = DIRECTION('',(-0.993132415949,0.116995745181,0.));
#2222 = ORIENTED_EDGE('',*,*,#2223,.F.);
#2223 = EDGE_CURVE('',#2224,#2216,#2226,.T.);
#2224 = VERTEX_POINT('',#2225);
#2225 = CARTESIAN_POINT('',(92.958988520751,-82.41603534248,6.3));
#2226 = LINE('',#2227,#2228);
#2227 = CARTESIAN_POINT('',(82.719498906356,-81.03956282401,6.3));
#2228 = VECTOR('',#2229,1.);
#2229 = DIRECTION('',(-0.991085220184,0.133229449946,0.));
#2230 = ORIENTED_EDGE('',*,*,#2231,.F.);
#2231 = EDGE_CURVE('',#2232,#2224,#2234,.T.);
#2232 = VERTEX_POINT('',#2233);
#2233 = CARTESIAN_POINT('',(93.543035665792,-82.5042990028,6.3));
#2234 = LINE('',#2235,#2236);
#2235 = CARTESIAN_POINT('',(82.756764029732,-80.87423227988,6.3));
#2236 = VECTOR('',#2237,1.);
#2237 = DIRECTION('',(-0.98877268694,0.149427485965,0.));
#2238 = ORIENTED_EDGE('',*,*,#2239,.F.);
#2239 = EDGE_CURVE('',#2240,#2232,#2242,.T.);
#2240 = VERTEX_POINT('',#2241);
#2241 = CARTESIAN_POINT('',(94.121122748576,-82.60136176017,6.3));
#2242 = LINE('',#2243,#2244);
#2243 = CARTESIAN_POINT('',(82.80097998175,-80.70067187536,6.3));
#2244 = VECTOR('',#2245,1.);
#2245 = DIRECTION('',(-0.986195435338,0.165585516632,0.));
#2246 = ORIENTED_EDGE('',*,*,#2247,.F.);
#2247 = EDGE_CURVE('',#2248,#2240,#2250,.T.);
#2248 = VERTEX_POINT('',#2249);
#2249 = CARTESIAN_POINT('',(102.72364540956,-84.11821860746,6.3));
#2250 = LINE('',#2251,#2252);
#2251 = CARTESIAN_POINT('',(82.969240566458,-80.63498404578,6.3));
#2252 = VECTOR('',#2253,1.);
#2253 = DIRECTION('',(-0.984807753012,0.173648177667,0.));
#2254 = ORIENTED_EDGE('',*,*,#2255,.F.);
#2255 = EDGE_CURVE('',#2256,#2248,#2258,.T.);
#2256 = VERTEX_POINT('',#2257);
#2257 = CARTESIAN_POINT('',(103.30006699362,-84.22472687751,6.3));
#2258 = LINE('',#2259,#2260);
#2259 = CARTESIAN_POINT('',(87.158096421639,-81.2420950531,6.3));
#2260 = VECTOR('',#2261,1.);
#2261 = DIRECTION('',(-0.983354155371,0.181699216053,0.));
#2262 = ORIENTED_EDGE('',*,*,#2263,.F.);
#2263 = EDGE_CURVE('',#2264,#2256,#2266,.T.);
#2264 = VERTEX_POINT('',#2265);
#2265 = CARTESIAN_POINT('',(103.87907973575,-84.34154205549,6.3));
#2266 = LINE('',#2267,#2268);
#2267 = CARTESIAN_POINT('',(87.229946644264,-80.98259793617,6.3));
#2268 = VECTOR('',#2269,1.);
#2269 = DIRECTION('',(-0.980249607718,0.1977642702,0.));
#2270 = ORIENTED_EDGE('',*,*,#2271,.F.);
#2271 = EDGE_CURVE('',#2272,#2264,#2274,.T.);
#2272 = VERTEX_POINT('',#2273);
#2273 = CARTESIAN_POINT('',(104.45610367144,-84.46781524743,6.3));
#2274 = LINE('',#2275,#2276);
#2275 = CARTESIAN_POINT('',(87.314474246243,-80.71662204937,6.3));
#2276 = VECTOR('',#2277,1.);
#2277 = DIRECTION('',(-0.976882623542,0.21377637807,0.));
#2278 = ORIENTED_EDGE('',*,*,#2279,.F.);
#2279 = EDGE_CURVE('',#2280,#2272,#2282,.T.);
#2280 = VERTEX_POINT('',#2281);
#2281 = CARTESIAN_POINT('',(105.03098431742,-84.60351264696,6.3));
#2282 = LINE('',#2283,#2284);
#2283 = CARTESIAN_POINT('',(87.409840845225,-80.44413910978,6.3));
#2284 = VECTOR('',#2285,1.);
#2285 = DIRECTION('',(-0.973254104266,0.229731252834,0.));
#2286 = ORIENTED_EDGE('',*,*,#2287,.F.);
#2287 = EDGE_CURVE('',#2288,#2280,#2290,.T.);
#2288 = VERTEX_POINT('',#2289);
#2289 = CARTESIAN_POINT('',(105.60356776424,-84.7485979246,6.3));
#2290 = LINE('',#2291,#2292);
#2291 = CARTESIAN_POINT('',(87.516407298371,-80.16554420122,6.3));
#2292 = VECTOR('',#2293,1.);
#2293 = DIRECTION('',(-0.969365021332,0.245624622987,0.));
#2294 = ORIENTED_EDGE('',*,*,#2295,.F.);
#2295 = EDGE_CURVE('',#2296,#2288,#2298,.T.);
#2296 = VERTEX_POINT('',#2297);
#2297 = CARTESIAN_POINT('',(106.17370071747,-84.90303223752,6.3));
#2298 = LINE('',#2299,#2300);
#2299 = CARTESIAN_POINT('',(87.634520717578,-79.88124651365,6.3));
#2300 = VECTOR('',#2301,1.);
#2301 = DIRECTION('',(-0.965216415942,0.261452233488,0.));
#2302 = ORIENTED_EDGE('',*,*,#2303,.F.);
#2303 = EDGE_CURVE('',#2304,#2296,#2306,.T.);
#2304 = VERTEX_POINT('',#2305);
#2305 = CARTESIAN_POINT('',(106.74123053873,-85.0667742399,6.3));
#2306 = LINE('',#2307,#2308);
#2307 = CARTESIAN_POINT('',(87.764513974301,-79.59166887532,6.3));
#2308 = VECTOR('',#2309,1.);
#2309 = DIRECTION('',(-0.960809398777,0.277209846905,0.));
#2310 = ORIENTED_EDGE('',*,*,#2311,.F.);
#2311 = EDGE_CURVE('',#2312,#2304,#2314,.T.);
#2312 = VERTEX_POINT('',#2313);
#2313 = CARTESIAN_POINT('',(107.30600528656,-85.23978009406,6.3));
#2314 = LINE('',#2315,#2316);
#2315 = CARTESIAN_POINT('',(87.906705220131,-79.2972472683,6.3));
#2316 = VECTOR('',#2317,1.);
#2317 = DIRECTION('',(-0.956145149703,0.292893244542,0.));
#2318 = ORIENTED_EDGE('',*,*,#2319,.F.);
#2319 = EDGE_CURVE('',#2320,#2312,#2322,.T.);
#2320 = VERTEX_POINT('',#2321);
#2321 = CARTESIAN_POINT('',(107.86787375711,-85.42200348215,6.3));
#2322 = LINE('',#2323,#2324);
#2323 = CARTESIAN_POINT('',(88.061397423659,-78.99843032791,6.3));
#2324 = VECTOR('',#2325,1.);
#2325 = DIRECTION('',(-0.951224917453,0.308498227576,0.));
#2326 = ORIENTED_EDGE('',*,*,#2327,.F.);
#2327 = EDGE_CURVE('',#2328,#2320,#2330,.T.);
#2328 = VERTEX_POINT('',#2329);
#2329 = CARTESIAN_POINT('',(108.42668552459,-85.61339561856,6.3));
#2330 = LINE('',#2331,#2332);
#2331 = CARTESIAN_POINT('',(88.22887792418,-78.69567882663,6.3));
#2332 = VECTOR('',#2333,1.);
#2333 = DIRECTION('',(-0.94605001929,0.324020618174,0.));
#2334 = ORIENTED_EDGE('',*,*,#2335,.F.);
#2335 = EDGE_CURVE('',#2336,#2328,#2338,.T.);
#2336 = VERTEX_POINT('',#2337);
#2337 = CARTESIAN_POINT('',(108.9822909816,-85.81390526299,6.3));
#2338 = LINE('',#2339,#2340);
#2339 = CARTESIAN_POINT('',(88.409418002725,-78.38946514297,6.3));
#2340 = VECTOR('',#2341,1.);
#2341 = DIRECTION('',(-0.94062184066,0.339456260618,0.));
#2342 = ORIENTED_EDGE('',*,*,#2343,.F.);
#2343 = EDGE_CURVE('',#2344,#2336,#2346,.T.);
#2344 = VERTEX_POINT('',#2345);
#2345 = CARTESIAN_POINT('',(109.5345413791,-86.02347873416,6.3));
#2346 = LINE('',#2347,#2348);
#2347 = CARTESIAN_POINT('',(88.603272470924,-78.08027271597,6.3));
#2348 = VECTOR('',#2349,1.);
#2349 = DIRECTION('',(-0.934941834819,0.354801022412,0.));
#2350 = ORIENTED_EDGE('',*,*,#2351,.F.);
#2351 = EDGE_CURVE('',#2352,#2344,#2354,.T.);
#2352 = VERTEX_POINT('',#2353);
#2353 = CARTESIAN_POINT('',(110.08328886633,-86.24205992418,6.3));
#2354 = LINE('',#2355,#2356);
#2355 = CARTESIAN_POINT('',(88.810679278166,-77.76859548587,6.3));
#2356 = VECTOR('',#2357,1.);
#2357 = DIRECTION('',(-0.929011522441,0.370050795393,0.));
#2358 = ORIENTED_EDGE('',*,*,#2359,.F.);
#2359 = EDGE_CURVE('',#2360,#2352,#2362,.T.);
#2360 = VERTEX_POINT('',#2361);
#2361 = CARTESIAN_POINT('',(110.62838653029,-86.46959031358,6.3));
#2362 = LINE('',#2363,#2364);
#2363 = CARTESIAN_POINT('',(89.031859137523,-77.45493732164,6.3));
#2364 = VECTOR('',#2365,1.);
#2365 = DIRECTION('',(-0.922832491215,0.385201496828,0.));
#2366 = ORIENTED_EDGE('',*,*,#2367,.F.);
#2367 = EDGE_CURVE('',#2368,#2360,#2370,.T.);
#2368 = VERTEX_POINT('',#2369);
#2369 = CARTESIAN_POINT('',(111.16968843518,-86.70600898697,6.3));
#2370 = LINE('',#2371,#2372);
#2371 = CARTESIAN_POINT('',(89.26701517085,-77.13981143581,6.3));
#2372 = VECTOR('',#2373,1.);
#2373 = DIRECTION('',(-0.916406395415,0.400249070508,0.));
#2374 = ORIENTED_EDGE('',*,*,#2375,.F.);
#2375 = EDGE_CURVE('',#2376,#2368,#2378,.T.);
#2376 = VERTEX_POINT('',#2377);
#2377 = CARTESIAN_POINT('',(111.7029559881,-86.94938435784,6.3));
#2378 = LINE('',#2379,#2380);
#2379 = CARTESIAN_POINT('',(89.516332573488,-76.82373978748,6.3));
#2380 = VECTOR('',#2381,1.);
#2381 = DIRECTION('',(-0.909734955464,0.415189487833,0.));
#2382 = ORIENTED_EDGE('',*,*,#2383,.F.);
#2383 = EDGE_CURVE('',#2384,#2376,#2386,.T.);
#2384 = VERTEX_POINT('',#2385);
#2385 = CARTESIAN_POINT('',(125.94861985313,-93.59224651361,6.3));
#2386 = LINE('',#2387,#2388);
#2387 = CARTESIAN_POINT('',(89.778644860297,-76.72591017917,6.3));
#2388 = VECTOR('',#2389,1.);
#2389 = DIRECTION('',(-0.906307787037,0.422618261741,0.));
#2390 = ORIENTED_EDGE('',*,*,#2391,.F.);
#2391 = EDGE_CURVE('',#2392,#2384,#2394,.T.);
#2392 = VERTEX_POINT('',#2393);
#2393 = CARTESIAN_POINT('',(126.09166275489,-93.65058483943,6.3));
#2394 = LINE('',#2395,#2396);
#2395 = CARTESIAN_POINT('',(96.835586126951,-81.71884611214,6.3));
#2396 = VECTOR('',#2397,1.);
#2397 = DIRECTION('',(-0.925952994847,0.377638784201,0.));
#2398 = ORIENTED_EDGE('',*,*,#2399,.F.);
#2399 = EDGE_CURVE('',#2400,#2392,#2402,.T.);
#2400 = VERTEX_POINT('',#2401);
#2401 = CARTESIAN_POINT('',(126.21382071467,-93.6869146682,6.3));
#2402 = LINE('',#2403,#2404);
#2403 = CARTESIAN_POINT('',(97.26468196633,-85.07742859131,6.3));
#2404 = VECTOR('',#2405,1.);
#2405 = DIRECTION('',(-0.958509351794,0.285061085602,0.));
#2406 = ORIENTED_EDGE('',*,*,#2407,.F.);
#2407 = EDGE_CURVE('',#2408,#2400,#2410,.T.);
#2408 = VERTEX_POINT('',#2409);
#2409 = CARTESIAN_POINT('',(126.33895139641,-93.71109598504,6.3));
#2410 = LINE('',#2411,#2412);
#2411 = CARTESIAN_POINT('',(98.324815867348,-88.29740625188,6.3));
#2412 = VECTOR('',#2413,1.);
#2413 = DIRECTION('',(-0.981834739707,0.189738092917,0.));
#2414 = ORIENTED_EDGE('',*,*,#2415,.F.);
#2415 = EDGE_CURVE('',#2416,#2408,#2418,.T.);
#2416 = VERTEX_POINT('',#2417);
#2417 = CARTESIAN_POINT('',(126.46584972325,-93.72289591063,6.3));
#2418 = LINE('',#2419,#2420);
#2419 = CARTESIAN_POINT('',(99.991303951379,-91.26110088163,6.3));
#2420 = VECTOR('',#2421,1.);
#2421 = DIRECTION('',(-0.995704522352,9.258781867686E-02,0.));
#2422 = ORIENTED_EDGE('',*,*,#2423,.F.);
#2423 = EDGE_CURVE('',#2424,#2416,#2426,.T.);
#2424 = VERTEX_POINT('',#2425);
#2425 = CARTESIAN_POINT('',(126.59329359492,-93.72220080524,6.3));
#2426 = LINE('',#2427,#2428);
#2427 = CARTESIAN_POINT('',(102.20372036754,-93.85522661056,6.3));
#2428 = VECTOR('',#2429,1.);
#2429 = DIRECTION('',(-0.999985126139,-5.454126870903E-03,0.));
#2430 = ORIENTED_EDGE('',*,*,#2431,.F.);
#2431 = EDGE_CURVE('',#2432,#2424,#2434,.T.);
#2432 = VERTEX_POINT('',#2433);
#2433 = CARTESIAN_POINT('',(126.72005565727,-93.70901736313,6.3));
#2434 = LINE('',#2435,#2436);
#2435 = CARTESIAN_POINT('',(104.88070165275,-95.98034250575,6.3));
#2436 = VECTOR('',#2437,1.);
#2437 = DIRECTION('',(-0.994635326514,-0.103443546196,0.));
#2438 = ORIENTED_EDGE('',*,*,#2439,.F.);
#2439 = EDGE_CURVE('',#2440,#2432,#2442,.T.);
#2440 = VERTEX_POINT('',#2441);
#2441 = CARTESIAN_POINT('',(126.84491512234,-93.68347254804,6.3));
#2442 = LINE('',#2443,#2444);
#2443 = CARTESIAN_POINT('',(107.92303825101,-97.55467162428,6.3));
#2444 = VECTOR('',#2445,1.);
#2445 = DIRECTION('',(-0.979706644972,-0.200436747622,0.));
#2446 = ORIENTED_EDGE('',*,*,#2447,.F.);
#2447 = EDGE_CURVE('',#2448,#2440,#2450,.T.);
#2448 = VERTEX_POINT('',#2449);
#2449 = CARTESIAN_POINT('',(126.96666952524,-93.6458123705,6.3));
#2450 = LINE('',#2451,#2452);
#2451 = CARTESIAN_POINT('',(111.21745178186,-98.51724471402,6.3));
#2452 = VECTOR('',#2453,1.);
#2453 = DIRECTION('',(-0.955342852877,-0.2954996336,0.));
#2454 = ORIENTED_EDGE('',*,*,#2455,.F.);
#2455 = EDGE_CURVE('',#2456,#2448,#2458,.T.);
#2456 = VERTEX_POINT('',#2457);
#2457 = CARTESIAN_POINT('',(127.08414630451,-93.59639951862,6.3));
#2458 = LINE('',#2459,#2460);
#2459 = CARTESIAN_POINT('',(114.64091323955,-98.83024774132,6.3));
#2460 = VECTOR('',#2461,1.);
#2461 = DIRECTION('',(-0.921778586864,-0.387716696569,0.));
#2462 = ORIENTED_EDGE('',*,*,#2463,.F.);
#2463 = EDGE_CURVE('',#2464,#2456,#2466,.T.);
#2464 = VERTEX_POINT('',#2465);
#2465 = CARTESIAN_POINT('',(127.19621409453,-93.53570986517,6.3));
#2466 = LINE('',#2467,#2468);
#2467 = CARTESIAN_POINT('',(118.06533651443,-98.48048298796,6.3));
#2468 = VECTOR('',#2469,1.);
#2469 = DIRECTION('',(-0.879337089165,-0.476199835803,0.));
#2470 = ORIENTED_EDGE('',*,*,#2471,.F.);
#2471 = EDGE_CURVE('',#2472,#2464,#2474,.T.);
#2472 = VERTEX_POINT('',#2473);
#2473 = CARTESIAN_POINT('',(127.30179362124,-93.46432788469,6.3));
#2474 = LINE('',#2475,#2476);
#2475 = CARTESIAN_POINT('',(121.36246719839,-97.47988749201,6.3));
#2476 = VECTOR('',#2477,1.);
#2477 = DIRECTION('',(-0.828427094603,-0.5600969103,0.));
#2478 = ORIENTED_EDGE('',*,*,#2479,.F.);
#2479 = EDGE_CURVE('',#2480,#2472,#2482,.T.);
#2480 = VERTEX_POINT('',#2481);
#2481 = CARTESIAN_POINT('',(127.39986809607,-93.38294102466,6.3));
#2482 = LINE('',#2483,#2484);
#2483 = CARTESIAN_POINT('',(124.40877912286,-95.86508880063,6.3));
#2484 = VECTOR('',#2485,1.);
#2485 = DIRECTION('',(-0.769538894255,-0.638599945372,0.));
#2486 = ORIENTED_EDGE('',*,*,#2487,.F.);
#2487 = EDGE_CURVE('',#2488,#2480,#2490,.T.);
#2488 = VERTEX_POINT('',#2489);
#2489 = CARTESIAN_POINT('',(127.48949300821,-93.29233308506,6.3));
#2490 = LINE('',#2491,#2492);
#2491 = CARTESIAN_POINT('',(127.0901907681,-93.69601496759,6.3));
#2492 = VECTOR('',#2493,1.);
#2493 = DIRECTION('',(-0.703239613683,-0.710952913875,0.));
#2494 = ORIENTED_EDGE('',*,*,#2495,.F.);
#2495 = EDGE_CURVE('',#2496,#2488,#2498,.T.);
#2496 = VERTEX_POINT('',#2497);
#2497 = CARTESIAN_POINT('',(127.56980522078,-93.19337666985,6.3));
#2498 = LINE('',#2499,#2500);
#2499 = CARTESIAN_POINT('',(129.30642059011,-91.05361204321,6.3));
#2500 = VECTOR('',#2501,1.);
#2501 = DIRECTION('',(-0.630167751201,-0.776459017171,0.));
#2502 = ORIENTED_EDGE('',*,*,#2503,.F.);
#2503 = EDGE_CURVE('',#2504,#2496,#2506,.T.);
#2504 = VERTEX_POINT('',#2505);
#2505 = CARTESIAN_POINT('',(127.64003128325,-93.08702478343,6.3));
#2506 = LINE('',#2507,#2508);
#2507 = CARTESIAN_POINT('',(130.97481416904,-88.03675657496,6.3));
#2508 = VECTOR('',#2509,1.);
#2509 = DIRECTION('',(-0.55102702879,-0.834487395676,0.));
#2510 = ORIENTED_EDGE('',*,*,#2511,.F.);
#2511 = EDGE_CURVE('',#2512,#2504,#2514,.T.);
#2512 = VERTEX_POINT('',#2513);
#2513 = CARTESIAN_POINT('',(127.71210935026,-92.95038882821,6.3));
#2514 = LINE('',#2515,#2516);
#2515 = CARTESIAN_POINT('',(132.0334963606,-84.75848154612,6.3));
#2516 = VECTOR('',#2517,1.);
#2517 = DIRECTION('',(-0.466579614871,-0.884479204384,0.));
#2518 = ORIENTED_EDGE('',*,*,#2519,.F.);
#2519 = EDGE_CURVE('',#2520,#2512,#2522,.T.);
#2520 = VERTEX_POINT('',#2521);
#2521 = CARTESIAN_POINT('',(133.7750306646,-79.94841211112,6.3));
#2522 = LINE('',#2523,#2524);
#2523 = CARTESIAN_POINT('',(132.34293063376,-83.0195605381,6.3));
#2524 = VECTOR('',#2525,1.);
#2525 = DIRECTION('',(-0.422618261741,-0.906307787037,0.));
#2526 = ORIENTED_EDGE('',*,*,#2527,.F.);
#2527 = EDGE_CURVE('',#2528,#2520,#2530,.T.);
#2528 = VERTEX_POINT('',#2529);
#2529 = CARTESIAN_POINT('',(133.79264901691,-79.90924378582,6.3));
#2530 = LINE('',#2531,#2532);
#2531 = CARTESIAN_POINT('',(135.51031064574,-76.09061601556,6.3));
#2532 = VECTOR('',#2533,1.);
#2533 = DIRECTION('',(-0.410221502497,-0.911985920335,0.));
#2534 = ORIENTED_EDGE('',*,*,#2535,.F.);
#2535 = EDGE_CURVE('',#2536,#2528,#2538,.T.);
#2536 = VERTEX_POINT('',#2537);
#2537 = CARTESIAN_POINT('',(133.80630368314,-79.87653111531,6.3));
#2538 = LINE('',#2539,#2540);
#2539 = CARTESIAN_POINT('',(135.75624717418,-75.20502484032,6.3));
#2540 = VECTOR('',#2541,1.);
#2541 = DIRECTION('',(-0.385201496828,-0.922832491215,0.));
#2542 = ORIENTED_EDGE('',*,*,#2543,.F.);
#2543 = EDGE_CURVE('',#2544,#2536,#2546,.T.);
#2544 = VERTEX_POINT('',#2545);
#2545 = CARTESIAN_POINT('',(133.8190612831,-79.84345828106,6.3));
#2546 = LINE('',#2547,#2548);
#2547 = CARTESIAN_POINT('',(135.95309021042,-74.31119631694,6.3));
#2548 = VECTOR('',#2549,1.);
#2549 = DIRECTION('',(-0.359895036535,-0.932992798835,0.));
#2550 = ORIENTED_EDGE('',*,*,#2551,.F.);
#2551 = EDGE_CURVE('',#2552,#2544,#2554,.T.);
#2552 = VERTEX_POINT('',#2553);
#2553 = CARTESIAN_POINT('',(133.83091232961,-79.81004987765,6.3));
#2554 = LINE('',#2555,#2556);
#2555 = CARTESIAN_POINT('',(136.10182267712,-73.40829549347,6.3));
#2556 = VECTOR('',#2557,1.);
#2557 = DIRECTION('',(-0.334320940736,-0.942459287495,0.));
#2558 = ORIENTED_EDGE('',*,*,#2559,.F.);
#2559 = EDGE_CURVE('',#2560,#2552,#2562,.T.);
#2560 = VERTEX_POINT('',#2561);
#2561 = CARTESIAN_POINT('',(133.84184800967,-79.77633074919,6.3));
#2562 = LINE('',#2563,#2564);
#2563 = CARTESIAN_POINT('',(136.20203018662,-72.4989336825,6.3));
#2564 = VECTOR('',#2565,1.);
#2565 = DIRECTION('',(-0.308498227575,-0.951224917453,0.));
#2566 = ORIENTED_EDGE('',*,*,#2567,.F.);
#2567 = EDGE_CURVE('',#2568,#2560,#2570,.T.);
#2568 = VERTEX_POINT('',#2569);
#2569 = CARTESIAN_POINT('',(133.85186019097,-79.74232597089,6.3));
#2570 = LINE('',#2571,#2572);
#2571 = CARTESIAN_POINT('',(136.25344063966,-71.58574067724,6.3));
#2572 = VECTOR('',#2573,1.);
#2573 = DIRECTION('',(-0.282446100085,-0.959283170157,0.));
#2574 = ORIENTED_EDGE('',*,*,#2575,.F.);
#2575 = EDGE_CURVE('',#2576,#2568,#2578,.T.);
#2576 = VERTEX_POINT('',#2577);
#2577 = CARTESIAN_POINT('',(133.86094142796,-79.70806083034,6.3));
#2578 = LINE('',#2579,#2580);
#2579 = CARTESIAN_POINT('',(136.2559250153,-70.67135698586,6.3));
#2580 = VECTOR('',#2581,1.);
#2581 = DIRECTION('',(-0.256183931894,-0.9666280531,0.));
#2582 = ORIENTED_EDGE('',*,*,#2583,.F.);
#2583 = EDGE_CURVE('',#2584,#2576,#2586,.T.);
#2584 = VERTEX_POINT('',#2585);
#2585 = CARTESIAN_POINT('',(133.8690849674,-79.67356080878,6.3));
#2586 = LINE('',#2587,#2588);
#2587 = CARTESIAN_POINT('',(136.20949773694,-69.75842603486,6.3));
#2588 = VECTOR('',#2589,1.);
#2589 = DIRECTION('',(-0.229731252834,-0.973254104266,0.));
#2590 = ORIENTED_EDGE('',*,*,#2591,.F.);
#2591 = EDGE_CURVE('',#2592,#2584,#2594,.T.);
#2592 = VERTEX_POINT('',#2593);
#2593 = CARTESIAN_POINT('',(133.87628475334,-79.63885156211,6.3));
#2594 = LINE('',#2595,#2596);
#2595 = CARTESIAN_POINT('',(136.11431661311,-68.8495863636,6.3));
#2596 = VECTOR('',#2597,1.);
#2597 = DIRECTION('',(-0.203107734408,-0.979156396202,0.));
#2598 = ORIENTED_EDGE('',*,*,#2599,.F.);
#2599 = EDGE_CURVE('',#2600,#2592,#2602,.T.);
#2600 = VERTEX_POINT('',#2601);
#2601 = CARTESIAN_POINT('',(133.88253543167,-79.60395890182,6.3));
#2602 = LINE('',#2603,#2604);
#2603 = CARTESIAN_POINT('',(135.97068235354,-67.94746383422,6.3));
#2604 = VECTOR('',#2605,1.);
#2605 = DIRECTION('',(-0.176333175162,-0.984330539675,0.));
#2606 = ORIENTED_EDGE('',*,*,#2607,.F.);
#2607 = EDGE_CURVE('',#2608,#2600,#2610,.T.);
#2608 = VERTEX_POINT('',#2609);
#2609 = CARTESIAN_POINT('',(133.88783235409,-79.56890877579,6.3));
#2610 = LINE('',#2611,#2612);
#2611 = CARTESIAN_POINT('',(135.77903766172,-67.05466387962,6.3));
#2612 = VECTOR('',#2613,1.);
#2613 = DIRECTION('',(-0.149427485964,-0.98877268694,0.));
#2614 = ORIENTED_EDGE('',*,*,#2615,.F.);
#2615 = EDGE_CURVE('',#2616,#2608,#2618,.T.);
#2616 = VERTEX_POINT('',#2617);
#2617 = CARTESIAN_POINT('',(133.89217158155,-79.533727249,6.3));
#2618 = LINE('',#2619,#2620);
#2619 = CARTESIAN_POINT('',(135.53996590668,-66.17376381232,6.3));
#2620 = VECTOR('',#2621,1.);
#2621 = DIRECTION('',(-0.122410675199,-0.992479534599,0.));
#2622 = ORIENTED_EDGE('',*,*,#2623,.F.);
#2623 = EDGE_CURVE('',#2624,#2616,#2626,.T.);
#2624 = VERTEX_POINT('',#2625);
#2625 = CARTESIAN_POINT('',(133.89554988719,-79.49844048416,6.3));
#2626 = LINE('',#2627,#2628);
#2627 = CARTESIAN_POINT('',(135.25418937811,-65.30730521736,6.3));
#2628 = VECTOR('',#2629,1.);
#2629 = DIRECTION('',(-9.530283388419E-02,-0.995448326059,0.));
#2630 = ORIENTED_EDGE('',*,*,#2631,.F.);
#2631 = EDGE_CURVE('',#2632,#2624,#2634,.T.);
#2632 = VERTEX_POINT('',#2633);
#2633 = CARTESIAN_POINT('',(133.89796475872,-79.46307472222,6.3));
#2634 = LINE('',#2635,#2636);
#2635 = CARTESIAN_POINT('',(134.92256712981,-64.45778645178,6.3));
#2636 = VECTOR('',#2637,1.);
#2637 = DIRECTION('',(-6.812412073262E-02,-0.997676853583,0.));
#2638 = ORIENTED_EDGE('',*,*,#2639,.F.);
#2639 = EDGE_CURVE('',#2640,#2632,#2642,.T.);
#2640 = VERTEX_POINT('',#2641);
#2641 = CARTESIAN_POINT('',(133.89941440034,-79.42765626289,6.3));
#2642 = LINE('',#2643,#2644);
#2643 = CARTESIAN_POINT('',(134.54609241806,-63.62765527276,6.3));
#2644 = VECTOR('',#2645,1.);
#2645 = DIRECTION('',(-4.089474716136E-02,-0.999163459928,0.));
#2646 = ORIENTED_EDGE('',*,*,#2647,.F.);
#2647 = EDGE_CURVE('',#2648,#2640,#2650,.T.);
#2648 = VERTEX_POINT('',#2649);
#2649 = CARTESIAN_POINT('',(133.9,-79.38471186724,6.3));
#2650 = LINE('',#2651,#2652);
#2651 = CARTESIAN_POINT('',(134.12588974243,-62.81930161647,6.3));
#2652 = VECTOR('',#2653,1.);
#2653 = DIRECTION('',(-1.363496226208E-02,-0.999907039581,0.));
#2654 = ORIENTED_EDGE('',*,*,#2655,.F.);
#2655 = EDGE_CURVE('',#2656,#2648,#2658,.T.);
#2656 = VERTEX_POINT('',#2657);
#2657 = CARTESIAN_POINT('',(133.9,-67.17530439438,6.3));
#2658 = LINE('',#2659,#2660);
#2659 = CARTESIAN_POINT('',(133.9,-62.41140884813,6.3));
#2660 = VECTOR('',#2661,1.);
#2661 = DIRECTION('',(0.,-1.,0.));
#2662 = ORIENTED_EDGE('',*,*,#2663,.T.);
#2663 = EDGE_CURVE('',#2656,#2664,#2666,.T.);
#2664 = VERTEX_POINT('',#2665);
#2665 = CARTESIAN_POINT('',(133.80441875198,-67.18,6.3));
#2666 = LINE('',#2667,#2668);
#2667 = CARTESIAN_POINT('',(106.34094251742,-68.52919407112,6.3));
#2668 = VECTOR('',#2669,1.);
#2669 = DIRECTION('',(-0.998795456205,-4.906767432743E-02,0.));
#2670 = ORIENTED_EDGE('',*,*,#2671,.T.);
#2671 = EDGE_CURVE('',#2664,#2672,#2674,.T.);
#2672 = VERTEX_POINT('',#2673);
#2673 = CARTESIAN_POINT('',(132.6396323198,-67.18,6.3));
#2674 = LINE('',#2675,#2676);
#2675 = CARTESIAN_POINT('',(94.936186726687,-67.18,6.3));
#2676 = VECTOR('',#2677,1.);
#2677 = DIRECTION('',(-1.,0.,0.));
#2678 = ORIENTED_EDGE('',*,*,#2679,.T.);
#2679 = EDGE_CURVE('',#2672,#2680,#2682,.T.);
#2680 = VERTEX_POINT('',#2681);
#2681 = CARTESIAN_POINT('',(128.56036768019,-67.18,6.3));
#2682 = CIRCLE('',#2683,2.15);
#2683 = AXIS2_PLACEMENT_3D('',#2684,#2685,#2686);
#2684 = CARTESIAN_POINT('',(130.6,-66.5,6.3));
#2685 = DIRECTION('',(0.,0.,-1.));
#2686 = DIRECTION('',(1.,0.,0.));
#2687 = ORIENTED_EDGE('',*,*,#2688,.T.);
#2688 = EDGE_CURVE('',#2680,#2689,#2691,.T.);
#2689 = VERTEX_POINT('',#2690);
#2690 = CARTESIAN_POINT('',(115.84167805378,-67.18,6.3));
#2691 = LINE('',#2692,#2693);
#2692 = CARTESIAN_POINT('',(94.936186726687,-67.18,6.3));
#2693 = VECTOR('',#2694,1.);
#2694 = DIRECTION('',(-1.,0.,0.));
#2695 = ORIENTED_EDGE('',*,*,#2696,.T.);
#2696 = EDGE_CURVE('',#2689,#2697,#2699,.T.);
#2697 = VERTEX_POINT('',#2698);
#2698 = CARTESIAN_POINT('',(113.15832194621,-67.18,6.3));
#2699 = CIRCLE('',#2700,2.15);
#2700 = AXIS2_PLACEMENT_3D('',#2701,#2702,#2703);
#2701 = CARTESIAN_POINT('',(114.5,-65.5,6.3));
#2702 = DIRECTION('',(0.,0.,-1.));
#2703 = DIRECTION('',(1.,0.,0.));
#2704 = ORIENTED_EDGE('',*,*,#2705,.T.);
#2705 = EDGE_CURVE('',#2697,#2706,#2708,.T.);
#2706 = VERTEX_POINT('',#2707);
#2707 = CARTESIAN_POINT('',(112.19558124802,-67.18,6.3));
#2708 = LINE('',#2709,#2710);
#2709 = CARTESIAN_POINT('',(94.936186726687,-67.18,6.3));
#2710 = VECTOR('',#2711,1.);
#2711 = DIRECTION('',(-1.,0.,0.));
#2712 = ORIENTED_EDGE('',*,*,#2713,.T.);
#2713 = EDGE_CURVE('',#2706,#2714,#2716,.T.);
#2714 = VERTEX_POINT('',#2715);
#2715 = CARTESIAN_POINT('',(112.06471506884,-67.17357095687,6.3));
#2716 = LINE('',#2717,#2718);
#2717 = CARTESIAN_POINT('',(94.37953841515,-66.30475394026,6.3));
#2718 = VECTOR('',#2719,1.);
#2719 = DIRECTION('',(-0.998795456205,4.906767432741E-02,0.));
#2720 = ORIENTED_EDGE('',*,*,#2721,.T.);
#2721 = EDGE_CURVE('',#2714,#2722,#2724,.T.);
#2722 = VERTEX_POINT('',#2723);
#2723 = CARTESIAN_POINT('',(111.93073300553,-67.1536965952,6.3));
#2724 = LINE('',#2725,#2726);
#2725 = CARTESIAN_POINT('',(93.596577588883,-64.43408154579,6.3));
#2726 = VECTOR('',#2727,1.);
#2727 = DIRECTION('',(-0.989176509965,0.146730474455,0.));
#2728 = ORIENTED_EDGE('',*,*,#2729,.T.);
#2729 = EDGE_CURVE('',#2722,#2730,#2732,.T.);
#2730 = VERTEX_POINT('',#2731);
#2731 = CARTESIAN_POINT('',(111.79934413057,-67.12078539531,6.3));
#2732 = LINE('',#2733,#2734);
#2733 = CARTESIAN_POINT('',(93.190069016801,-62.45940464069,6.3));
#2734 = VECTOR('',#2735,1.);
#2735 = DIRECTION('',(-0.970031253195,0.242980179903,0.));
#2736 = ORIENTED_EDGE('',*,*,#2737,.T.);
#2737 = EDGE_CURVE('',#2730,#2738,#2740,.T.);
#2738 = VERTEX_POINT('',#2739);
#2739 = CARTESIAN_POINT('',(111.67181379066,-67.07515431004,6.3));
#2740 = LINE('',#2741,#2742);
#2741 = CARTESIAN_POINT('',(93.171832071029,-60.45575500655,6.3));
#2742 = VECTOR('',#2743,1.);
#2743 = DIRECTION('',(-0.941544065183,0.336889853392,0.));
#2744 = ORIENTED_EDGE('',*,*,#2745,.T.);
#2745 = EDGE_CURVE('',#2738,#2746,#2748,.T.);
#2746 = VERTEX_POINT('',#2747);
#2747 = CARTESIAN_POINT('',(111.54937017267,-67.0172427917,6.3));
#2748 = LINE('',#2749,#2750);
#2749 = CARTESIAN_POINT('',(93.538867074224,-58.49890923006,6.3));
#2750 = VECTOR('',#2751,1.);
#2751 = DIRECTION('',(-0.903989293123,0.42755509343,0.));
#2752 = ORIENTED_EDGE('',*,*,#2753,.T.);
#2753 = EDGE_CURVE('',#2746,#2754,#2756,.T.);
#2754 = VERTEX_POINT('',#2755);
#2755 = CARTESIAN_POINT('',(111.4331924756,-66.94760855987,6.3));
#2756 = LINE('',#2757,#2758);
#2757 = CARTESIAN_POINT('',(94.273506213469,-56.66248842513,6.3));
#2758 = VECTOR('',#2759,1.);
#2759 = DIRECTION('',(-0.85772861,0.514102744193,0.));
#2760 = ORIENTED_EDGE('',*,*,#2761,.T.);
#2761 = EDGE_CURVE('',#2754,#2762,#2764,.T.);
#2762 = VERTEX_POINT('',#2763);
#2763 = CARTESIAN_POINT('',(111.32439955416,-66.86692223025,6.3));
#2764 = LINE('',#2765,#2766);
#2765 = CARTESIAN_POINT('',(95.344126816717,-55.01514422495,6.3));
#2766 = VECTOR('',#2767,1.);
#2767 = DIRECTION('',(-0.803207531481,0.595699304492,0.));
#2768 = ORIENTED_EDGE('',*,*,#2769,.T.);
#2769 = EDGE_CURVE('',#2762,#2770,#2772,.T.);
#2770 = VERTEX_POINT('',#2771);
#2771 = CARTESIAN_POINT('',(111.22403914367,-66.77596085632,6.3));
#2772 = LINE('',#2773,#2774);
#2773 = CARTESIAN_POINT('',(96.706399250608,-53.6179390384,6.3));
#2774 = VECTOR('',#2775,1.);
#2775 = DIRECTION('',(-0.740951125355,0.671558954847,0.));
#2776 = ORIENTED_EDGE('',*,*,#2777,.T.);
#2777 = EDGE_CURVE('',#2770,#2778,#2780,.T.);
#2778 = VERTEX_POINT('',#2779);
#2779 = CARTESIAN_POINT('',(111.13307776974,-66.67560044583,6.3));
#2780 = LINE('',#2781,#2782);
#2781 = CARTESIAN_POINT('',(98.305021169052,-52.52202106789,6.3));
#2782 = VECTOR('',#2783,1.);
#2783 = DIRECTION('',(-0.671558954847,0.740951125355,0.));
#2784 = ORIENTED_EDGE('',*,*,#2785,.T.);
#2785 = EDGE_CURVE('',#2778,#2786,#2788,.T.);
#2786 = VERTEX_POINT('',#2787);
#2787 = CARTESIAN_POINT('',(111.05239144012,-66.5668075244,6.3));
#2788 = LINE('',#2789,#2790);
#2789 = CARTESIAN_POINT('',(100.07587117095,-51.76668322819,6.3));
#2790 = VECTOR('',#2791,1.);
#2791 = DIRECTION('',(-0.595699304492,0.803207531481,0.));
#2792 = ORIENTED_EDGE('',*,*,#2793,.T.);
#2793 = EDGE_CURVE('',#2786,#2794,#2796,.T.);
#2794 = VERTEX_POINT('',#2795);
#2795 = CARTESIAN_POINT('',(110.98275720829,-66.45062982732,6.3));
#2796 = LINE('',#2797,#2798);
#2797 = CARTESIAN_POINT('',(101.94849882942,-51.37788032499,6.3));
#2798 = VECTOR('',#2799,1.);
#2799 = DIRECTION('',(-0.514102744193,0.85772861,0.));
#2800 = ORIENTED_EDGE('',*,*,#2801,.T.);
#2801 = EDGE_CURVE('',#2794,#2802,#2804,.T.);
#2802 = VERTEX_POINT('',#2803);
#2803 = CARTESIAN_POINT('',(110.92484568995,-66.32818620934,6.3));
#2804 = LINE('',#2805,#2806);
#2805 = CARTESIAN_POINT('',(103.84885515294,-51.36726121514,6.3));
#2806 = VECTOR('',#2807,1.);
#2807 = DIRECTION('',(-0.42755509343,0.903989293123,0.));
#2808 = ORIENTED_EDGE('',*,*,#2809,.T.);
#2809 = EDGE_CURVE('',#2802,#2810,#2812,.T.);
#2810 = VERTEX_POINT('',#2811);
#2811 = CARTESIAN_POINT('',(110.87921460468,-66.20065586942,6.3));
#2812 = LINE('',#2813,#2814);
#2813 = CARTESIAN_POINT('',(105.70215832583,-51.73175285737,6.3));
#2814 = VECTOR('',#2815,1.);
#2815 = DIRECTION('',(-0.336889853392,0.941544065183,0.));
#2816 = ORIENTED_EDGE('',*,*,#2817,.T.);
#2817 = EDGE_CURVE('',#2810,#2818,#2820,.T.);
#2818 = VERTEX_POINT('',#2819);
#2819 = CARTESIAN_POINT('',(110.84630340479,-66.06926699446,6.3));
#2820 = LINE('',#2821,#2822);
#2821 = CARTESIAN_POINT('',(107.43578440606,-52.45371193272,6.3));
#2822 = VECTOR('',#2823,1.);
#2823 = DIRECTION('',(-0.242980179903,0.970031253195,0.));
#2824 = ORIENTED_EDGE('',*,*,#2825,.T.);
#2825 = EDGE_CURVE('',#2818,#2826,#2828,.T.);
#2826 = VERTEX_POINT('',#2827);
#2827 = CARTESIAN_POINT('',(110.82642904312,-65.93528493115,6.3));
#2828 = LINE('',#2829,#2830);
#2829 = CARTESIAN_POINT('',(108.98207172984,-53.50163788509,6.3));
#2830 = VECTOR('',#2831,1.);
#2831 = DIRECTION('',(-0.146730474455,0.989176509965,0.));
#2832 = ORIENTED_EDGE('',*,*,#2833,.T.);
#2833 = EDGE_CURVE('',#2826,#2834,#2836,.T.);
#2834 = VERTEX_POINT('',#2835);
#2835 = CARTESIAN_POINT('',(110.82,-65.80441875198,6.3));
#2836 = LINE('',#2837,#2838);
#2837 = CARTESIAN_POINT('',(110.28103966093,-54.833629019,6.3));
#2838 = VECTOR('',#2839,1.);
#2839 = DIRECTION('',(-4.906767432741E-02,0.998795456205,0.));
#2840 = ORIENTED_EDGE('',*,*,#2841,.T.);
#2841 = EDGE_CURVE('',#2834,#2842,#2844,.T.);
#2842 = VERTEX_POINT('',#2843);
#2843 = CARTESIAN_POINT('',(110.82,-12.19558124802,6.3));
#2844 = LINE('',#2845,#2846);
#2845 = CARTESIAN_POINT('',(110.82,-28.81684353852,6.3));
#2846 = VECTOR('',#2847,1.);
#2847 = DIRECTION('',(0.,1.,0.));
#2848 = ORIENTED_EDGE('',*,*,#2849,.T.);
#2849 = EDGE_CURVE('',#2842,#2850,#2852,.T.);
#2850 = VERTEX_POINT('',#2851);
#2851 = CARTESIAN_POINT('',(110.82642904312,-12.06471506884,6.3));
#2852 = LINE('',#2853,#2854);
#2853 = CARTESIAN_POINT('',(109.96873182124,-29.52354310078,6.3));
#2854 = VECTOR('',#2855,1.);
#2855 = DIRECTION('',(4.906767432741E-02,0.998795456205,0.));
#2856 = ORIENTED_EDGE('',*,*,#2857,.T.);
#2857 = EDGE_CURVE('',#2850,#2858,#2860,.T.);
#2858 = VERTEX_POINT('',#2859);
#2859 = CARTESIAN_POINT('',(110.84630340479,-11.93073300553,6.3));
#2860 = LINE('',#2861,#2862);
#2861 = CARTESIAN_POINT('',(108.05756717432,-30.73086557451,6.3));
#2862 = VECTOR('',#2863,1.);
#2863 = DIRECTION('',(0.146730474455,0.989176509965,0.));
#2864 = ORIENTED_EDGE('',*,*,#2865,.T.);
#2865 = EDGE_CURVE('',#2858,#2866,#2868,.T.);
#2866 = VERTEX_POINT('',#2867);
#2867 = CARTESIAN_POINT('',(110.87921460468,-11.79934413057,6.3));
#2868 = LINE('',#2869,#2870);
#2869 = CARTESIAN_POINT('',(105.93478896644,-31.53859776068,6.3));
#2870 = VECTOR('',#2871,1.);
#2871 = DIRECTION('',(0.242980179903,0.970031253195,0.));
#2872 = ORIENTED_EDGE('',*,*,#2873,.T.);
#2873 = EDGE_CURVE('',#2866,#2874,#2876,.T.);
#2874 = VERTEX_POINT('',#2875);
#2875 = CARTESIAN_POINT('',(110.92484568995,-11.67181379066,6.3));
#2876 = LINE('',#2877,#2878);
#2877 = CARTESIAN_POINT('',(103.68282831813,-31.91189644002,6.3));
#2878 = VECTOR('',#2879,1.);
#2879 = DIRECTION('',(0.336889853392,0.941544065183,0.));
#2880 = ORIENTED_EDGE('',*,*,#2881,.T.);
#2881 = EDGE_CURVE('',#2874,#2882,#2884,.T.);
#2882 = VERTEX_POINT('',#2883);
#2883 = CARTESIAN_POINT('',(110.98275720829,-11.54937017267,6.3));
#2884 = LINE('',#2885,#2886);
#2885 = CARTESIAN_POINT('',(101.38944935927,-31.83271544071,6.3));
#2886 = VECTOR('',#2887,1.);
#2887 = DIRECTION('',(0.42755509343,0.903989293123,0.));
#2888 = ORIENTED_EDGE('',*,*,#2889,.T.);
#2889 = EDGE_CURVE('',#2882,#2890,#2892,.T.);
#2890 = VERTEX_POINT('',#2891);
#2891 = CARTESIAN_POINT('',(111.05239144012,-11.4331924756,6.3));
#2892 = LINE('',#2893,#2894);
#2893 = CARTESIAN_POINT('',(99.144364728978,-31.30053478054,6.3));
#2894 = VECTOR('',#2895,1.);
#2895 = DIRECTION('',(0.514102744193,0.85772861,0.));
#2896 = ORIENTED_EDGE('',*,*,#2897,.T.);
#2897 = EDGE_CURVE('',#2890,#2898,#2900,.T.);
#2898 = VERTEX_POINT('',#2899);
#2899 = CARTESIAN_POINT('',(111.13307776974,-11.32439955416,6.3));
#2900 = LINE('',#2901,#2902);
#2901 = CARTESIAN_POINT('',(97.035772759008,-30.33241496195,6.3));
#2902 = VECTOR('',#2903,1.);
#2903 = DIRECTION('',(0.595699304492,0.803207531481,0.));
#2904 = ORIENTED_EDGE('',*,*,#2905,.T.);
#2905 = EDGE_CURVE('',#2898,#2906,#2908,.T.);
#2906 = VERTEX_POINT('',#2907);
#2907 = CARTESIAN_POINT('',(111.22403914367,-11.22403914367,6.3));
#2908 = LINE('',#2909,#2910);
#2909 = CARTESIAN_POINT('',(95.146949561146,-28.96237400262,6.3));
#2910 = VECTOR('',#2911,1.);
#2911 = DIRECTION('',(0.671558954847,0.740951125355,0.));
#2912 = ORIENTED_EDGE('',*,*,#2913,.T.);
#2913 = EDGE_CURVE('',#2906,#2914,#2916,.T.);
#2914 = VERTEX_POINT('',#2915);
#2915 = CARTESIAN_POINT('',(111.32439955416,-11.13307776974,6.3));
#2916 = LINE('',#2917,#2918);
#2917 = CARTESIAN_POINT('',(93.553027160981,-27.24011082788,6.3));
#2918 = VECTOR('',#2919,1.);
#2919 = DIRECTION('',(0.740951125355,0.671558954847,0.));
#2920 = ORIENTED_EDGE('',*,*,#2921,.T.);
#2921 = EDGE_CURVE('',#2914,#2922,#2924,.T.);
#2922 = VERTEX_POINT('',#2923);
#2923 = CARTESIAN_POINT('',(111.4331924756,-11.05239144012,6.3));
#2924 = LINE('',#2925,#2926);
#2925 = CARTESIAN_POINT('',(92.318081700683,-25.22912378839,6.3));
#2926 = VECTOR('',#2927,1.);
#2927 = DIRECTION('',(0.803207531481,0.595699304492,0.));
#2928 = ORIENTED_EDGE('',*,*,#2929,.T.);
#2929 = EDGE_CURVE('',#2922,#2930,#2932,.T.);
#2930 = VERTEX_POINT('',#2931);
#2931 = CARTESIAN_POINT('',(111.54937017267,-10.98275720829,6.3));
#2932 = LINE('',#2933,#2934);
#2933 = CARTESIAN_POINT('',(91.492643845636,-23.00429633389,6.3));
#2934 = VECTOR('',#2935,1.);
#2935 = DIRECTION('',(0.85772861,0.514102744193,0.));
#2936 = ORIENTED_EDGE('',*,*,#2937,.T.);
#2937 = EDGE_CURVE('',#2930,#2938,#2940,.T.);
#2938 = VERTEX_POINT('',#2939);
#2939 = CARTESIAN_POINT('',(111.67181379066,-10.92484568995,6.3));
#2940 = LINE('',#2941,#2942);
#2941 = CARTESIAN_POINT('',(91.111727330372,-20.64904237494,6.3));
#2942 = VECTOR('',#2943,1.);
#2943 = DIRECTION('',(0.903989293123,0.42755509343,0.));
#2944 = ORIENTED_EDGE('',*,*,#2945,.T.);
#2945 = EDGE_CURVE('',#2938,#2946,#2948,.T.);
#2946 = VERTEX_POINT('',#2947);
#2947 = CARTESIAN_POINT('',(111.79934413057,-10.87921460468,6.3));
#2948 = LINE('',#2949,#2950);
#2949 = CARTESIAN_POINT('',(91.193451690653,-18.25212081248,6.3));
#2950 = VECTOR('',#2951,1.);
#2951 = DIRECTION('',(0.941544065183,0.336889853392,0.));
#2952 = ORIENTED_EDGE('',*,*,#2953,.T.);
#2953 = EDGE_CURVE('',#2946,#2954,#2956,.T.);
#2954 = VERTEX_POINT('',#2955);
#2955 = CARTESIAN_POINT('',(111.93073300553,-10.84630340479,6.3));
#2956 = LINE('',#2957,#2958);
#2957 = CARTESIAN_POINT('',(91.73831241471,-15.90424145749,6.3));
#2958 = VECTOR('',#2959,1.);
#2959 = DIRECTION('',(0.970031253195,0.242980179903,0.));
#2960 = ORIENTED_EDGE('',*,*,#2961,.T.);
#2961 = EDGE_CURVE('',#2954,#2962,#2964,.T.);
#2962 = VERTEX_POINT('',#2963);
#2963 = CARTESIAN_POINT('',(112.06471506884,-10.82642904312,6.3));
#2964 = LINE('',#2965,#2966);
#2965 = CARTESIAN_POINT('',(92.729126884185,-13.69459261113,6.3));
#2966 = VECTOR('',#2967,1.);
#2967 = DIRECTION('',(0.989176509965,0.146730474455,0.));
#2968 = ORIENTED_EDGE('',*,*,#2969,.T.);
#2969 = EDGE_CURVE('',#2962,#22,#2970,.T.);
#2970 = LINE('',#2971,#2972);
#2971 = CARTESIAN_POINT('',(94.129449143487,-11.70753215781,6.3));
#2972 = VECTOR('',#2973,1.);
#2973 = DIRECTION('',(0.998795456205,4.906767432741E-02,0.));
#2974 = FACE_BOUND('',#2975,.F.);
#2975 = EDGE_LOOP('',(#2976,#2986,#2994,#3002));
#2976 = ORIENTED_EDGE('',*,*,#2977,.F.);
#2977 = EDGE_CURVE('',#2978,#2980,#2982,.T.);
#2978 = VERTEX_POINT('',#2979);
#2979 = CARTESIAN_POINT('',(37.,-56.,6.3));
#2980 = VERTEX_POINT('',#2981);
#2981 = CARTESIAN_POINT('',(23.,-56.,6.3));
#2982 = LINE('',#2983,#2984);
#2983 = CARTESIAN_POINT('',(50.338396102677,-56.,6.3));
#2984 = VECTOR('',#2985,1.);
#2985 = DIRECTION('',(-1.,0.,0.));
#2986 = ORIENTED_EDGE('',*,*,#2987,.F.);
#2987 = EDGE_CURVE('',#2988,#2978,#2990,.T.);
#2988 = VERTEX_POINT('',#2989);
#2989 = CARTESIAN_POINT('',(37.,-70.,6.3));
#2990 = LINE('',#2991,#2992);
#2991 = CARTESIAN_POINT('',(37.,-50.71905291451,6.3));
#2992 = VECTOR('',#2993,1.);
#2993 = DIRECTION('',(0.,1.,0.));
#2994 = ORIENTED_EDGE('',*,*,#2995,.F.);
#2995 = EDGE_CURVE('',#2996,#2988,#2998,.T.);
#2996 = VERTEX_POINT('',#2997);
#2997 = CARTESIAN_POINT('',(23.,-70.,6.3));
#2998 = LINE('',#2999,#3000);
#2999 = CARTESIAN_POINT('',(57.338396102677,-70.,6.3));
#3000 = VECTOR('',#3001,1.);
#3001 = DIRECTION('',(1.,0.,0.));
#3002 = ORIENTED_EDGE('',*,*,#3003,.F.);
#3003 = EDGE_CURVE('',#2980,#2996,#3004,.T.);
#3004 = LINE('',#3005,#3006);
#3005 = CARTESIAN_POINT('',(23.,-57.71905291451,6.3));
#3006 = VECTOR('',#3007,1.);
#3007 = DIRECTION('',(0.,-1.,0.));
#3008 = FACE_BOUND('',#3009,.F.);
#3009 = EDGE_LOOP('',(#3010,#3020,#3028,#3036));
#3010 = ORIENTED_EDGE('',*,*,#3011,.F.);
#3011 = EDGE_CURVE('',#3012,#3014,#3016,.T.);
#3012 = VERTEX_POINT('',#3013);
#3013 = CARTESIAN_POINT('',(55.,-44.,6.3));
#3014 = VERTEX_POINT('',#3015);
#3015 = CARTESIAN_POINT('',(41.,-44.,6.3));
#3016 = LINE('',#3017,#3018);
#3017 = CARTESIAN_POINT('',(59.338396102677,-44.,6.3));
#3018 = VECTOR('',#3019,1.);
#3019 = DIRECTION('',(-1.,0.,0.));
#3020 = ORIENTED_EDGE('',*,*,#3021,.F.);
#3021 = EDGE_CURVE('',#3022,#3012,#3024,.T.);
#3022 = VERTEX_POINT('',#3023);
#3023 = CARTESIAN_POINT('',(55.,-58.,6.3));
#3024 = LINE('',#3025,#3026);
#3025 = CARTESIAN_POINT('',(55.,-44.71905291451,6.3));
#3026 = VECTOR('',#3027,1.);
#3027 = DIRECTION('',(0.,1.,0.));
#3028 = ORIENTED_EDGE('',*,*,#3029,.F.);
#3029 = EDGE_CURVE('',#3030,#3022,#3032,.T.);
#3030 = VERTEX_POINT('',#3031);
#3031 = CARTESIAN_POINT('',(41.,-58.,6.3));
#3032 = LINE('',#3033,#3034);
#3033 = CARTESIAN_POINT('',(66.338396102677,-58.,6.3));
#3034 = VECTOR('',#3035,1.);
#3035 = DIRECTION('',(1.,0.,0.));
#3036 = ORIENTED_EDGE('',*,*,#3037,.F.);
#3037 = EDGE_CURVE('',#3014,#3030,#3038,.T.);
#3038 = LINE('',#3039,#3040);
#3039 = CARTESIAN_POINT('',(41.,-51.71905291451,6.3));
#3040 = VECTOR('',#3041,1.);
#3041 = DIRECTION('',(0.,-1.,0.));
#3042 = FACE_BOUND('',#3043,.F.);
#3043 = EDGE_LOOP('',(#3044,#3054,#3062,#3070));
#3044 = ORIENTED_EDGE('',*,*,#3045,.F.);
#3045 = EDGE_CURVE('',#3046,#3048,#3050,.T.);
#3046 = VERTEX_POINT('',#3047);
#3047 = CARTESIAN_POINT('',(85.363272687409,-64.41654691412,6.3));
#3048 = VERTEX_POINT('',#3049);
#3049 = CARTESIAN_POINT('',(71.416546914124,-65.63672731259,6.3));
#3050 = LINE('',#3051,#3052);
#3051 = CARTESIAN_POINT('',(75.399756214573,-65.28824165435,6.3));
#3052 = VECTOR('',#3053,1.);
#3053 = DIRECTION('',(-0.996194698092,-8.715574274766E-02,0.));
#3054 = ORIENTED_EDGE('',*,*,#3055,.F.);
#3055 = EDGE_CURVE('',#3056,#3046,#3058,.T.);
#3056 = VERTEX_POINT('',#3057);
#3057 = CARTESIAN_POINT('',(86.583453085876,-78.3632726874,6.3));
#3058 = LINE('',#3059,#3060);
#3059 = CARTESIAN_POINT('',(84.510186032574,-54.66572183058,6.3));
#3060 = VECTOR('',#3061,1.);
#3061 = DIRECTION('',(-8.715574274766E-02,0.996194698092,0.));
#3062 = ORIENTED_EDGE('',*,*,#3063,.F.);
#3063 = EDGE_CURVE('',#3064,#3056,#3066,.T.);
#3064 = VERTEX_POINT('',#3065);
#3065 = CARTESIAN_POINT('',(72.636727312591,-79.58345308587,6.3));
#3066 = LINE('',#3067,#3068);
#3067 = CARTESIAN_POINT('',(83.593299499683,-78.6248772284,6.3));
#3068 = VECTOR('',#3069,1.);
#3069 = DIRECTION('',(0.996194698092,8.715574274766E-02,0.));
#3070 = ORIENTED_EDGE('',*,*,#3071,.F.);
#3071 = EDGE_CURVE('',#3048,#3064,#3072,.T.);
#3072 = LINE('',#3073,#3074);
#3073 = CARTESIAN_POINT('',(71.173550458523,-62.85926511569,6.3));
#3074 = VECTOR('',#3075,1.);
#3075 = DIRECTION('',(8.715574274766E-02,-0.996194698092,0.));
#3076 = FACE_BOUND('',#3077,.F.);
#3077 = EDGE_LOOP('',(#3078,#3088,#3096,#3104));
#3078 = ORIENTED_EDGE('',*,*,#3079,.F.);
#3079 = EDGE_CURVE('',#3080,#3082,#3084,.T.);
#3080 = VERTEX_POINT('',#3081);
#3081 = CARTESIAN_POINT('',(109.10919151475,-67.32188297258,6.3));
#3082 = VERTEX_POINT('',#3083);
#3083 = CARTESIAN_POINT('',(95.321882972583,-64.89080848524,6.3));
#3084 = LINE('',#3085,#3086);
#3085 = CARTESIAN_POINT('',(85.102065846372,-63.08877898798,6.3));
#3086 = VECTOR('',#3087,1.);
#3087 = DIRECTION('',(-0.984807753012,0.173648177667,0.));
#3088 = ORIENTED_EDGE('',*,*,#3089,.F.);
#3089 = EDGE_CURVE('',#3090,#3080,#3092,.T.);
#3090 = VERTEX_POINT('',#3091);
#3091 = CARTESIAN_POINT('',(106.67811702741,-81.10919151475,6.3));
#3092 = LINE('',#3093,#3094);
#3093 = CARTESIAN_POINT('',(110.50646325735,-59.39756114172,6.3));
#3094 = VECTOR('',#3095,1.);
#3095 = DIRECTION('',(0.173648177667,0.984807753012,0.));
#3096 = ORIENTED_EDGE('',*,*,#3097,.F.);
#3097 = EDGE_CURVE('',#3098,#3090,#3100,.T.);
#3098 = VERTEX_POINT('',#3099);
#3099 = CARTESIAN_POINT('',(92.890808485246,-78.67811702741,6.3));
#3100 = LINE('',#3101,#3102);
#3101 = CARTESIAN_POINT('',(89.56464563012,-78.09162477382,6.3));
#3102 = VECTOR('',#3103,1.);
#3103 = DIRECTION('',(0.984807753012,-0.173648177667,0.));
#3104 = ORIENTED_EDGE('',*,*,#3105,.F.);
#3105 = EDGE_CURVE('',#3082,#3098,#3106,.T.);
#3106 = LINE('',#3107,#3108);
#3107 = CARTESIAN_POINT('',(95.503617471511,-63.86014092547,6.3));
#3108 = VECTOR('',#3109,1.);
#3109 = DIRECTION('',(-0.173648177667,-0.984807753012,0.));
#3110 = FACE_BOUND('',#3111,.F.);
#3111 = EDGE_LOOP('',(#3112,#3122,#3130,#3138));
#3112 = ORIENTED_EDGE('',*,*,#3113,.F.);
#3113 = EDGE_CURVE('',#3114,#3116,#3118,.T.);
#3114 = VERTEX_POINT('',#3115);
#3115 = CARTESIAN_POINT('',(131.30248234144,-76.61417332292,6.3));
#3116 = VERTEX_POINT('',#3117);
#3117 = CARTESIAN_POINT('',(118.61417332292,-70.69751765855,6.3));
#3118 = LINE('',#3119,#3120);
#3119 = CARTESIAN_POINT('',(96.963859687569,-60.60181060893,6.3));
#3120 = VECTOR('',#3121,1.);
#3121 = DIRECTION('',(-0.906307787037,0.422618261741,0.));
#3122 = ORIENTED_EDGE('',*,*,#3123,.F.);
#3123 = EDGE_CURVE('',#3124,#3114,#3126,.T.);
#3124 = VERTEX_POINT('',#3125);
#3125 = CARTESIAN_POINT('',(125.38582667707,-89.30248234144,6.3));
#3126 = LINE('',#3127,#3128);
#3127 = CARTESIAN_POINT('',(132.48410541801,-74.08017445778,6.3));
#3128 = VECTOR('',#3129,1.);
#3129 = DIRECTION('',(0.422618261741,0.906307787037,0.));
#3130 = ORIENTED_EDGE('',*,*,#3131,.F.);
#3131 = EDGE_CURVE('',#3132,#3124,#3134,.T.);
#3132 = VERTEX_POINT('',#3133);
#3133 = CARTESIAN_POINT('',(112.69751765855,-83.38582667707,6.3));
#3134 = LINE('',#3135,#3136);
#3135 = CARTESIAN_POINT('',(97.391358532456,-76.24844745963,6.3));
#3136 = VECTOR('',#3137,1.);
#3137 = DIRECTION('',(0.906307787037,-0.422618261741,0.));
#3138 = ORIENTED_EDGE('',*,*,#3139,.F.);
#3139 = EDGE_CURVE('',#3116,#3132,#3140,.T.);
#3140 = LINE('',#3141,#3142);
#3141 = CARTESIAN_POINT('',(116.83746856731,-74.50767330267,6.3));
#3142 = VECTOR('',#3143,1.);
#3143 = DIRECTION('',(-0.422618261741,-0.906307787037,0.));
#3144 = FACE_BOUND('',#3145,.F.);
#3145 = EDGE_LOOP('',(#3146));
#3146 = ORIENTED_EDGE('',*,*,#3147,.T.);
#3147 = EDGE_CURVE('',#3148,#3148,#3150,.T.);
#3148 = VERTEX_POINT('',#3149);
#3149 = CARTESIAN_POINT('',(81.15,-61.3,6.3));
#3150 = CIRCLE('',#3151,1.15);
#3151 = AXIS2_PLACEMENT_3D('',#3152,#3153,#3154);
#3152 = CARTESIAN_POINT('',(80.,-61.3,6.3));
#3153 = DIRECTION('',(0.,0.,-1.));
#3154 = DIRECTION('',(1.,0.,0.));
#3155 = FACE_BOUND('',#3156,.F.);
#3156 = EDGE_LOOP('',(#3157,#3167,#3175,#3183));
#3157 = ORIENTED_EDGE('',*,*,#3158,.F.);
#3158 = EDGE_CURVE('',#3159,#3161,#3163,.T.);
#3159 = VERTEX_POINT('',#3160);
#3160 = CARTESIAN_POINT('',(91.,-44.,6.3));
#3161 = VERTEX_POINT('',#3162);
#3162 = CARTESIAN_POINT('',(77.,-44.,6.3));
#3163 = LINE('',#3164,#3165);
#3164 = CARTESIAN_POINT('',(77.338396102677,-44.,6.3));
#3165 = VECTOR('',#3166,1.);
#3166 = DIRECTION('',(-1.,0.,0.));
#3167 = ORIENTED_EDGE('',*,*,#3168,.F.);
#3168 = EDGE_CURVE('',#3169,#3159,#3171,.T.);
#3169 = VERTEX_POINT('',#3170);
#3170 = CARTESIAN_POINT('',(91.,-58.,6.3));
#3171 = LINE('',#3172,#3173);
#3172 = CARTESIAN_POINT('',(91.,-44.71905291451,6.3));
#3173 = VECTOR('',#3174,1.);
#3174 = DIRECTION('',(0.,1.,0.));
#3175 = ORIENTED_EDGE('',*,*,#3176,.F.);
#3176 = EDGE_CURVE('',#3177,#3169,#3179,.T.);
#3177 = VERTEX_POINT('',#3178);
#3178 = CARTESIAN_POINT('',(77.,-58.,6.3));
#3179 = LINE('',#3180,#3181);
#3180 = CARTESIAN_POINT('',(84.338396102677,-58.,6.3));
#3181 = VECTOR('',#3182,1.);
#3182 = DIRECTION('',(1.,0.,0.));
#3183 = ORIENTED_EDGE('',*,*,#3184,.F.);
#3184 = EDGE_CURVE('',#3161,#3177,#3185,.T.);
#3185 = LINE('',#3186,#3187);
#3186 = CARTESIAN_POINT('',(77.,-51.71905291451,6.3));
#3187 = VECTOR('',#3188,1.);
#3188 = DIRECTION('',(0.,-1.,0.));
#3189 = FACE_BOUND('',#3190,.F.);
#3190 = EDGE_LOOP('',(#3191,#3201,#3209,#3217));
#3191 = ORIENTED_EDGE('',*,*,#3192,.F.);
#3192 = EDGE_CURVE('',#3193,#3195,#3197,.T.);
#3193 = VERTEX_POINT('',#3194);
#3194 = CARTESIAN_POINT('',(109.,-46.,6.3));
#3195 = VERTEX_POINT('',#3196);
#3196 = CARTESIAN_POINT('',(95.,-46.,6.3));
#3197 = LINE('',#3198,#3199);
#3198 = CARTESIAN_POINT('',(86.338396102677,-46.,6.3));
#3199 = VECTOR('',#3200,1.);
#3200 = DIRECTION('',(-1.,0.,0.));
#3201 = ORIENTED_EDGE('',*,*,#3202,.F.);
#3202 = EDGE_CURVE('',#3203,#3193,#3205,.T.);
#3203 = VERTEX_POINT('',#3204);
#3204 = CARTESIAN_POINT('',(109.,-60.,6.3));
#3205 = LINE('',#3206,#3207);
#3206 = CARTESIAN_POINT('',(109.,-45.71905291451,6.3));
#3207 = VECTOR('',#3208,1.);
#3208 = DIRECTION('',(0.,1.,0.));
#3209 = ORIENTED_EDGE('',*,*,#3210,.F.);
#3210 = EDGE_CURVE('',#3211,#3203,#3213,.T.);
#3211 = VERTEX_POINT('',#3212);
#3212 = CARTESIAN_POINT('',(95.,-60.,6.3));
#3213 = LINE('',#3214,#3215);
#3214 = CARTESIAN_POINT('',(93.338396102677,-60.,6.3));
#3215 = VECTOR('',#3216,1.);
#3216 = DIRECTION('',(1.,0.,0.));
#3217 = ORIENTED_EDGE('',*,*,#3218,.F.);
#3218 = EDGE_CURVE('',#3195,#3211,#3219,.T.);
#3219 = LINE('',#3220,#3221);
#3220 = CARTESIAN_POINT('',(95.,-52.71905291451,6.3));
#3221 = VECTOR('',#3222,1.);
#3222 = DIRECTION('',(0.,-1.,0.));
#3223 = FACE_BOUND('',#3224,.F.);
#3224 = EDGE_LOOP('',(#3225,#3235,#3243,#3251));
#3225 = ORIENTED_EDGE('',*,*,#3226,.F.);
#3226 = EDGE_CURVE('',#3227,#3229,#3231,.T.);
#3227 = VERTEX_POINT('',#3228);
#3228 = CARTESIAN_POINT('',(37.,-39.,6.3));
#3229 = VERTEX_POINT('',#3230);
#3230 = CARTESIAN_POINT('',(23.,-39.,6.3));
#3231 = LINE('',#3232,#3233);
#3232 = CARTESIAN_POINT('',(50.338396102677,-39.,6.3));
#3233 = VECTOR('',#3234,1.);
#3234 = DIRECTION('',(-1.,0.,0.));
#3235 = ORIENTED_EDGE('',*,*,#3236,.F.);
#3236 = EDGE_CURVE('',#3237,#3227,#3239,.T.);
#3237 = VERTEX_POINT('',#3238);
#3238 = CARTESIAN_POINT('',(37.,-53.,6.3));
#3239 = LINE('',#3240,#3241);
#3240 = CARTESIAN_POINT('',(37.,-42.21905291451,6.3));
#3241 = VECTOR('',#3242,1.);
#3242 = DIRECTION('',(0.,1.,0.));
#3243 = ORIENTED_EDGE('',*,*,#3244,.F.);
#3244 = EDGE_CURVE('',#3245,#3237,#3247,.T.);
#3245 = VERTEX_POINT('',#3246);
#3246 = CARTESIAN_POINT('',(23.,-53.,6.3));
#3247 = LINE('',#3248,#3249);
#3248 = CARTESIAN_POINT('',(57.338396102677,-53.,6.3));
#3249 = VECTOR('',#3250,1.);
#3250 = DIRECTION('',(1.,0.,0.));
#3251 = ORIENTED_EDGE('',*,*,#3252,.F.);
#3252 = EDGE_CURVE('',#3229,#3245,#3253,.T.);
#3253 = LINE('',#3254,#3255);
#3254 = CARTESIAN_POINT('',(23.,-49.21905291451,6.3));
#3255 = VECTOR('',#3256,1.);
#3256 = DIRECTION('',(0.,-1.,0.));
#3257 = FACE_BOUND('',#3258,.F.);
#3258 = EDGE_LOOP('',(#3259));
#3259 = ORIENTED_EDGE('',*,*,#3260,.T.);
#3260 = EDGE_CURVE('',#3261,#3261,#3263,.T.);
#3261 = VERTEX_POINT('',#3262);
#3262 = CARTESIAN_POINT('',(39.85,-37.5,6.3));
#3263 = CIRCLE('',#3264,1.15);
#3264 = AXIS2_PLACEMENT_3D('',#3265,#3266,#3267);
#3265 = CARTESIAN_POINT('',(38.7,-37.5,6.3));
#3266 = DIRECTION('',(0.,0.,-1.));
#3267 = DIRECTION('',(1.,0.,0.));
#3268 = FACE_BOUND('',#3269,.F.);
#3269 = EDGE_LOOP('',(#3270,#3280,#3288,#3296));
#3270 = ORIENTED_EDGE('',*,*,#3271,.F.);
#3271 = EDGE_CURVE('',#3272,#3274,#3276,.T.);
#3272 = VERTEX_POINT('',#3273);
#3273 = CARTESIAN_POINT('',(37.,-22.,6.3));
#3274 = VERTEX_POINT('',#3275);
#3275 = CARTESIAN_POINT('',(23.,-22.,6.3));
#3276 = LINE('',#3277,#3278);
#3277 = CARTESIAN_POINT('',(50.338396102677,-22.,6.3));
#3278 = VECTOR('',#3279,1.);
#3279 = DIRECTION('',(-1.,0.,0.));
#3280 = ORIENTED_EDGE('',*,*,#3281,.F.);
#3281 = EDGE_CURVE('',#3282,#3272,#3284,.T.);
#3282 = VERTEX_POINT('',#3283);
#3283 = CARTESIAN_POINT('',(37.,-36.,6.3));
#3284 = LINE('',#3285,#3286);
#3285 = CARTESIAN_POINT('',(37.,-33.71905291451,6.3));
#3286 = VECTOR('',#3287,1.);
#3287 = DIRECTION('',(0.,1.,0.));
#3288 = ORIENTED_EDGE('',*,*,#3289,.F.);
#3289 = EDGE_CURVE('',#3290,#3282,#3292,.T.);
#3290 = VERTEX_POINT('',#3291);
#3291 = CARTESIAN_POINT('',(23.,-36.,6.3));
#3292 = LINE('',#3293,#3294);
#3293 = CARTESIAN_POINT('',(57.338396102677,-36.,6.3));
#3294 = VECTOR('',#3295,1.);
#3295 = DIRECTION('',(1.,0.,0.));
#3296 = ORIENTED_EDGE('',*,*,#3297,.F.);
#3297 = EDGE_CURVE('',#3274,#3290,#3298,.T.);
#3298 = LINE('',#3299,#3300);
#3299 = CARTESIAN_POINT('',(23.,-40.71905291451,6.3));
#3300 = VECTOR('',#3301,1.);
#3301 = DIRECTION('',(0.,-1.,0.));
#3302 = FACE_BOUND('',#3303,.F.);
#3303 = EDGE_LOOP('',(#3304,#3314,#3322,#3330));
#3304 = ORIENTED_EDGE('',*,*,#3305,.F.);
#3305 = EDGE_CURVE('',#3306,#3308,#3310,.T.);
#3306 = VERTEX_POINT('',#3307);
#3307 = CARTESIAN_POINT('',(55.,-27.,6.3));
#3308 = VERTEX_POINT('',#3309);
#3309 = CARTESIAN_POINT('',(41.,-27.,6.3));
#3310 = LINE('',#3311,#3312);
#3311 = CARTESIAN_POINT('',(59.338396102677,-27.,6.3));
#3312 = VECTOR('',#3313,1.);
#3313 = DIRECTION('',(-1.,0.,0.));
#3314 = ORIENTED_EDGE('',*,*,#3315,.F.);
#3315 = EDGE_CURVE('',#3316,#3306,#3318,.T.);
#3316 = VERTEX_POINT('',#3317);
#3317 = CARTESIAN_POINT('',(55.,-41.,6.3));
#3318 = LINE('',#3319,#3320);
#3319 = CARTESIAN_POINT('',(55.,-36.21905291451,6.3));
#3320 = VECTOR('',#3321,1.);
#3321 = DIRECTION('',(0.,1.,0.));
#3322 = ORIENTED_EDGE('',*,*,#3323,.F.);
#3323 = EDGE_CURVE('',#3324,#3316,#3326,.T.);
#3324 = VERTEX_POINT('',#3325);
#3325 = CARTESIAN_POINT('',(41.,-41.,6.3));
#3326 = LINE('',#3327,#3328);
#3327 = CARTESIAN_POINT('',(66.338396102677,-41.,6.3));
#3328 = VECTOR('',#3329,1.);
#3329 = DIRECTION('',(1.,0.,0.));
#3330 = ORIENTED_EDGE('',*,*,#3331,.F.);
#3331 = EDGE_CURVE('',#3308,#3324,#3332,.T.);
#3332 = LINE('',#3333,#3334);
#3333 = CARTESIAN_POINT('',(41.,-43.21905291451,6.3));
#3334 = VECTOR('',#3335,1.);
#3335 = DIRECTION('',(0.,-1.,0.));
#3336 = FACE_BOUND('',#3337,.F.);
#3337 = EDGE_LOOP('',(#3338,#3348,#3356,#3364));
#3338 = ORIENTED_EDGE('',*,*,#3339,.F.);
#3339 = EDGE_CURVE('',#3340,#3342,#3344,.T.);
#3340 = VERTEX_POINT('',#3341);
#3341 = CARTESIAN_POINT('',(73.,-39.,6.3));
#3342 = VERTEX_POINT('',#3343);
#3343 = CARTESIAN_POINT('',(59.,-39.,6.3));
#3344 = LINE('',#3345,#3346);
#3345 = CARTESIAN_POINT('',(68.338396102677,-39.,6.3));
#3346 = VECTOR('',#3347,1.);
#3347 = DIRECTION('',(-1.,0.,0.));
#3348 = ORIENTED_EDGE('',*,*,#3349,.F.);
#3349 = EDGE_CURVE('',#3350,#3340,#3352,.T.);
#3350 = VERTEX_POINT('',#3351);
#3351 = CARTESIAN_POINT('',(73.,-53.,6.3));
#3352 = LINE('',#3353,#3354);
#3353 = CARTESIAN_POINT('',(73.,-42.21905291451,6.3));
#3354 = VECTOR('',#3355,1.);
#3355 = DIRECTION('',(0.,1.,0.));
#3356 = ORIENTED_EDGE('',*,*,#3357,.F.);
#3357 = EDGE_CURVE('',#3358,#3350,#3360,.T.);
#3358 = VERTEX_POINT('',#3359);
#3359 = CARTESIAN_POINT('',(59.,-53.,6.3));
#3360 = LINE('',#3361,#3362);
#3361 = CARTESIAN_POINT('',(75.338396102677,-53.,6.3));
#3362 = VECTOR('',#3363,1.);
#3363 = DIRECTION('',(1.,0.,0.));
#3364 = ORIENTED_EDGE('',*,*,#3365,.F.);
#3365 = EDGE_CURVE('',#3342,#3358,#3366,.T.);
#3366 = LINE('',#3367,#3368);
#3367 = CARTESIAN_POINT('',(59.,-49.21905291451,6.3));
#3368 = VECTOR('',#3369,1.);
#3369 = DIRECTION('',(0.,-1.,0.));
#3370 = FACE_BOUND('',#3371,.F.);
#3371 = EDGE_LOOP('',(#3372,#3382,#3390,#3398));
#3372 = ORIENTED_EDGE('',*,*,#3373,.F.);
#3373 = EDGE_CURVE('',#3374,#3376,#3378,.T.);
#3374 = VERTEX_POINT('',#3375);
#3375 = CARTESIAN_POINT('',(73.,-22.,6.3));
#3376 = VERTEX_POINT('',#3377);
#3377 = CARTESIAN_POINT('',(59.,-22.,6.3));
#3378 = LINE('',#3379,#3380);
#3379 = CARTESIAN_POINT('',(68.338396102677,-22.,6.3));
#3380 = VECTOR('',#3381,1.);
#3381 = DIRECTION('',(-1.,0.,0.));
#3382 = ORIENTED_EDGE('',*,*,#3383,.F.);
#3383 = EDGE_CURVE('',#3384,#3374,#3386,.T.);
#3384 = VERTEX_POINT('',#3385);
#3385 = CARTESIAN_POINT('',(73.,-36.,6.3));
#3386 = LINE('',#3387,#3388);
#3387 = CARTESIAN_POINT('',(73.,-33.71905291451,6.3));
#3388 = VECTOR('',#3389,1.);
#3389 = DIRECTION('',(0.,1.,0.));
#3390 = ORIENTED_EDGE('',*,*,#3391,.F.);
#3391 = EDGE_CURVE('',#3392,#3384,#3394,.T.);
#3392 = VERTEX_POINT('',#3393);
#3393 = CARTESIAN_POINT('',(59.,-36.,6.3));
#3394 = LINE('',#3395,#3396);
#3395 = CARTESIAN_POINT('',(75.338396102677,-36.,6.3));
#3396 = VECTOR('',#3397,1.);
#3397 = DIRECTION('',(1.,0.,0.));
#3398 = ORIENTED_EDGE('',*,*,#3399,.F.);
#3399 = EDGE_CURVE('',#3376,#3392,#3400,.T.);
#3400 = LINE('',#3401,#3402);
#3401 = CARTESIAN_POINT('',(59.,-40.71905291451,6.3));
#3402 = VECTOR('',#3403,1.);
#3403 = DIRECTION('',(0.,-1.,0.));
#3404 = FACE_BOUND('',#3405,.F.);
#3405 = EDGE_LOOP('',(#3406,#3416,#3424,#3432));
#3406 = ORIENTED_EDGE('',*,*,#3407,.F.);
#3407 = EDGE_CURVE('',#3408,#3410,#3412,.T.);
#3408 = VERTEX_POINT('',#3409);
#3409 = CARTESIAN_POINT('',(55.,-10.,6.3));
#3410 = VERTEX_POINT('',#3411);
#3411 = CARTESIAN_POINT('',(41.,-10.,6.3));
#3412 = LINE('',#3413,#3414);
#3413 = CARTESIAN_POINT('',(59.338396102677,-10.,6.3));
#3414 = VECTOR('',#3415,1.);
#3415 = DIRECTION('',(-1.,0.,0.));
#3416 = ORIENTED_EDGE('',*,*,#3417,.F.);
#3417 = EDGE_CURVE('',#3418,#3408,#3420,.T.);
#3418 = VERTEX_POINT('',#3419);
#3419 = CARTESIAN_POINT('',(55.,-24.,6.3));
#3420 = LINE('',#3421,#3422);
#3421 = CARTESIAN_POINT('',(55.,-27.71905291451,6.3));
#3422 = VECTOR('',#3423,1.);
#3423 = DIRECTION('',(0.,1.,0.));
#3424 = ORIENTED_EDGE('',*,*,#3425,.F.);
#3425 = EDGE_CURVE('',#3426,#3418,#3428,.T.);
#3426 = VERTEX_POINT('',#3427);
#3427 = CARTESIAN_POINT('',(41.,-24.,6.3));
#3428 = LINE('',#3429,#3430);
#3429 = CARTESIAN_POINT('',(66.338396102677,-24.,6.3));
#3430 = VECTOR('',#3431,1.);
#3431 = DIRECTION('',(1.,0.,0.));
#3432 = ORIENTED_EDGE('',*,*,#3433,.F.);
#3433 = EDGE_CURVE('',#3410,#3426,#3434,.T.);
#3434 = LINE('',#3435,#3436);
#3435 = CARTESIAN_POINT('',(41.,-34.71905291451,6.3));
#3436 = VECTOR('',#3437,1.);
#3437 = DIRECTION('',(0.,-1.,0.));
#3438 = FACE_BOUND('',#3439,.F.);
#3439 = EDGE_LOOP('',(#3440));
#3440 = ORIENTED_EDGE('',*,*,#3441,.T.);
#3441 = EDGE_CURVE('',#3442,#3442,#3444,.T.);
#3442 = VERTEX_POINT('',#3443);
#3443 = CARTESIAN_POINT('',(58.15,-20.5,6.3));
#3444 = CIRCLE('',#3445,1.15);
#3445 = AXIS2_PLACEMENT_3D('',#3446,#3447,#3448);
#3446 = CARTESIAN_POINT('',(57.,-20.5,6.3));
#3447 = DIRECTION('',(0.,0.,-1.));
#3448 = DIRECTION('',(1.,0.,0.));
#3449 = FACE_BOUND('',#3450,.F.);
#3450 = EDGE_LOOP('',(#3451,#3461,#3469,#3477));
#3451 = ORIENTED_EDGE('',*,*,#3452,.F.);
#3452 = EDGE_CURVE('',#3453,#3455,#3457,.T.);
#3453 = VERTEX_POINT('',#3454);
#3454 = CARTESIAN_POINT('',(73.,-5.,6.3));
#3455 = VERTEX_POINT('',#3456);
#3456 = CARTESIAN_POINT('',(59.,-5.,6.3));
#3457 = LINE('',#3458,#3459);
#3458 = CARTESIAN_POINT('',(68.338396102677,-5.,6.3));
#3459 = VECTOR('',#3460,1.);
#3460 = DIRECTION('',(-1.,0.,0.));
#3461 = ORIENTED_EDGE('',*,*,#3462,.F.);
#3462 = EDGE_CURVE('',#3463,#3453,#3465,.T.);
#3463 = VERTEX_POINT('',#3464);
#3464 = CARTESIAN_POINT('',(73.,-19.,6.3));
#3465 = LINE('',#3466,#3467);
#3466 = CARTESIAN_POINT('',(73.,-25.21905291451,6.3));
#3467 = VECTOR('',#3468,1.);
#3468 = DIRECTION('',(0.,1.,0.));
#3469 = ORIENTED_EDGE('',*,*,#3470,.F.);
#3470 = EDGE_CURVE('',#3471,#3463,#3473,.T.);
#3471 = VERTEX_POINT('',#3472);
#3472 = CARTESIAN_POINT('',(59.,-19.,6.3));
#3473 = LINE('',#3474,#3475);
#3474 = CARTESIAN_POINT('',(75.338396102677,-19.,6.3));
#3475 = VECTOR('',#3476,1.);
#3476 = DIRECTION('',(1.,0.,0.));
#3477 = ORIENTED_EDGE('',*,*,#3478,.F.);
#3478 = EDGE_CURVE('',#3455,#3471,#3479,.T.);
#3479 = LINE('',#3480,#3481);
#3480 = CARTESIAN_POINT('',(59.,-32.21905291451,6.3));
#3481 = VECTOR('',#3482,1.);
#3482 = DIRECTION('',(0.,-1.,0.));
#3483 = FACE_BOUND('',#3484,.F.);
#3484 = EDGE_LOOP('',(#3485,#3495,#3503,#3511));
#3485 = ORIENTED_EDGE('',*,*,#3486,.F.);
#3486 = EDGE_CURVE('',#3487,#3489,#3491,.T.);
#3487 = VERTEX_POINT('',#3488);
#3488 = CARTESIAN_POINT('',(91.,-27.,6.3));
#3489 = VERTEX_POINT('',#3490);
#3490 = CARTESIAN_POINT('',(77.,-27.,6.3));
#3491 = LINE('',#3492,#3493);
#3492 = CARTESIAN_POINT('',(77.338396102677,-27.,6.3));
#3493 = VECTOR('',#3494,1.);
#3494 = DIRECTION('',(-1.,0.,0.));
#3495 = ORIENTED_EDGE('',*,*,#3496,.F.);
#3496 = EDGE_CURVE('',#3497,#3487,#3499,.T.);
#3497 = VERTEX_POINT('',#3498);
#3498 = CARTESIAN_POINT('',(91.,-41.,6.3));
#3499 = LINE('',#3500,#3501);
#3500 = CARTESIAN_POINT('',(91.,-36.21905291451,6.3));
#3501 = VECTOR('',#3502,1.);
#3502 = DIRECTION('',(0.,1.,0.));
#3503 = ORIENTED_EDGE('',*,*,#3504,.F.);
#3504 = EDGE_CURVE('',#3505,#3497,#3507,.T.);
#3505 = VERTEX_POINT('',#3506);
#3506 = CARTESIAN_POINT('',(77.,-41.,6.3));
#3507 = LINE('',#3508,#3509);
#3508 = CARTESIAN_POINT('',(84.338396102677,-41.,6.3));
#3509 = VECTOR('',#3510,1.);
#3510 = DIRECTION('',(1.,0.,0.));
#3511 = ORIENTED_EDGE('',*,*,#3512,.F.);
#3512 = EDGE_CURVE('',#3489,#3505,#3513,.T.);
#3513 = LINE('',#3514,#3515);
#3514 = CARTESIAN_POINT('',(77.,-43.21905291451,6.3));
#3515 = VECTOR('',#3516,1.);
#3516 = DIRECTION('',(0.,-1.,0.));
#3517 = FACE_BOUND('',#3518,.F.);
#3518 = EDGE_LOOP('',(#3519,#3529,#3537,#3545));
#3519 = ORIENTED_EDGE('',*,*,#3520,.F.);
#3520 = EDGE_CURVE('',#3521,#3523,#3525,.T.);
#3521 = VERTEX_POINT('',#3522);
#3522 = CARTESIAN_POINT('',(109.,-29.,6.3));
#3523 = VERTEX_POINT('',#3524);
#3524 = CARTESIAN_POINT('',(95.,-29.,6.3));
#3525 = LINE('',#3526,#3527);
#3526 = CARTESIAN_POINT('',(86.338396102677,-29.,6.3));
#3527 = VECTOR('',#3528,1.);
#3528 = DIRECTION('',(-1.,0.,0.));
#3529 = ORIENTED_EDGE('',*,*,#3530,.F.);
#3530 = EDGE_CURVE('',#3531,#3521,#3533,.T.);
#3531 = VERTEX_POINT('',#3532);
#3532 = CARTESIAN_POINT('',(109.,-43.,6.3));
#3533 = LINE('',#3534,#3535);
#3534 = CARTESIAN_POINT('',(109.,-37.21905291451,6.3));
#3535 = VECTOR('',#3536,1.);
#3536 = DIRECTION('',(0.,1.,0.));
#3537 = ORIENTED_EDGE('',*,*,#3538,.F.);
#3538 = EDGE_CURVE('',#3539,#3531,#3541,.T.);
#3539 = VERTEX_POINT('',#3540);
#3540 = CARTESIAN_POINT('',(95.,-43.,6.3));
#3541 = LINE('',#3542,#3543);
#3542 = CARTESIAN_POINT('',(93.338396102677,-43.,6.3));
#3543 = VECTOR('',#3544,1.);
#3544 = DIRECTION('',(1.,0.,0.));
#3545 = ORIENTED_EDGE('',*,*,#3546,.F.);
#3546 = EDGE_CURVE('',#3523,#3539,#3547,.T.);
#3547 = LINE('',#3548,#3549);
#3548 = CARTESIAN_POINT('',(95.,-44.21905291451,6.3));
#3549 = VECTOR('',#3550,1.);
#3550 = DIRECTION('',(0.,-1.,0.));
#3551 = FACE_BOUND('',#3552,.F.);
#3552 = EDGE_LOOP('',(#3553,#3563,#3571,#3579));
#3553 = ORIENTED_EDGE('',*,*,#3554,.F.);
#3554 = EDGE_CURVE('',#3555,#3557,#3559,.T.);
#3555 = VERTEX_POINT('',#3556);
#3556 = CARTESIAN_POINT('',(91.,-10.,6.3));
#3557 = VERTEX_POINT('',#3558);
#3558 = CARTESIAN_POINT('',(77.,-10.,6.3));
#3559 = LINE('',#3560,#3561);
#3560 = CARTESIAN_POINT('',(77.338396102677,-10.,6.3));
#3561 = VECTOR('',#3562,1.);
#3562 = DIRECTION('',(-1.,0.,0.));
#3563 = ORIENTED_EDGE('',*,*,#3564,.F.);
#3564 = EDGE_CURVE('',#3565,#3555,#3567,.T.);
#3565 = VERTEX_POINT('',#3566);
#3566 = CARTESIAN_POINT('',(91.,-24.,6.3));
#3567 = LINE('',#3568,#3569);
#3568 = CARTESIAN_POINT('',(91.,-27.71905291451,6.3));
#3569 = VECTOR('',#3570,1.);
#3570 = DIRECTION('',(0.,1.,0.));
#3571 = ORIENTED_EDGE('',*,*,#3572,.F.);
#3572 = EDGE_CURVE('',#3573,#3565,#3575,.T.);
#3573 = VERTEX_POINT('',#3574);
#3574 = CARTESIAN_POINT('',(77.,-24.,6.3));
#3575 = LINE('',#3576,#3577);
#3576 = CARTESIAN_POINT('',(84.338396102677,-24.,6.3));
#3577 = VECTOR('',#3578,1.);
#3578 = DIRECTION('',(1.,0.,0.));
#3579 = ORIENTED_EDGE('',*,*,#3580,.F.);
#3580 = EDGE_CURVE('',#3557,#3573,#3581,.T.);
#3581 = LINE('',#3582,#3583);
#3582 = CARTESIAN_POINT('',(77.,-34.71905291451,6.3));
#3583 = VECTOR('',#3584,1.);
#3584 = DIRECTION('',(0.,-1.,0.));
#3585 = FACE_BOUND('',#3586,.F.);
#3586 = EDGE_LOOP('',(#3587,#3597,#3605,#3613));
#3587 = ORIENTED_EDGE('',*,*,#3588,.F.);
#3588 = EDGE_CURVE('',#3589,#3591,#3593,.T.);
#3589 = VERTEX_POINT('',#3590);
#3590 = CARTESIAN_POINT('',(109.,-12.,6.3));
#3591 = VERTEX_POINT('',#3592);
#3592 = CARTESIAN_POINT('',(95.,-12.,6.3));
#3593 = LINE('',#3594,#3595);
#3594 = CARTESIAN_POINT('',(86.338396102677,-12.,6.3));
#3595 = VECTOR('',#3596,1.);
#3596 = DIRECTION('',(-1.,0.,0.));
#3597 = ORIENTED_EDGE('',*,*,#3598,.F.);
#3598 = EDGE_CURVE('',#3599,#3589,#3601,.T.);
#3599 = VERTEX_POINT('',#3600);
#3600 = CARTESIAN_POINT('',(109.,-26.,6.3));
#3601 = LINE('',#3602,#3603);
#3602 = CARTESIAN_POINT('',(109.,-28.71905291451,6.3));
#3603 = VECTOR('',#3604,1.);
#3604 = DIRECTION('',(0.,1.,0.));
#3605 = ORIENTED_EDGE('',*,*,#3606,.F.);
#3606 = EDGE_CURVE('',#3607,#3599,#3609,.T.);
#3607 = VERTEX_POINT('',#3608);
#3608 = CARTESIAN_POINT('',(95.,-26.,6.3));
#3609 = LINE('',#3610,#3611);
#3610 = CARTESIAN_POINT('',(93.338396102677,-26.,6.3));
#3611 = VECTOR('',#3612,1.);
#3612 = DIRECTION('',(1.,0.,0.));
#3613 = ORIENTED_EDGE('',*,*,#3614,.F.);
#3614 = EDGE_CURVE('',#3591,#3607,#3615,.T.);
#3615 = LINE('',#3616,#3617);
#3616 = CARTESIAN_POINT('',(95.,-35.71905291451,6.3));
#3617 = VECTOR('',#3618,1.);
#3618 = DIRECTION('',(0.,-1.,0.));
#3619 = PLANE('',#3620);
#3620 = AXIS2_PLACEMENT_3D('',#3621,#3622,#3623);
#3621 = CARTESIAN_POINT('',(77.676792205354,-45.43810582902,6.3));
#3622 = DIRECTION('',(0.,0.,1.));
#3623 = DIRECTION('',(1.,0.,0.));
#3624 = ADVANCED_FACE('',(#3625),#3650,.T.);
#3625 = FACE_BOUND('',#3626,.T.);
#3626 = EDGE_LOOP('',(#3627,#3635,#3636,#3644));
#3627 = ORIENTED_EDGE('',*,*,#3628,.F.);
#3628 = EDGE_CURVE('',#22,#3629,#3631,.T.);
#3629 = VERTEX_POINT('',#3630);
#3630 = CARTESIAN_POINT('',(112.19558124802,-10.82,7.6));
#3631 = LINE('',#3632,#3633);
#3632 = CARTESIAN_POINT('',(112.19558124802,-10.82,6.2));
#3633 = VECTOR('',#3634,1.);
#3634 = DIRECTION('',(0.,0.,1.));
#3635 = ORIENTED_EDGE('',*,*,#21,.T.);
#3636 = ORIENTED_EDGE('',*,*,#3637,.F.);
#3637 = EDGE_CURVE('',#3638,#24,#3640,.T.);
#3638 = VERTEX_POINT('',#3639);
#3639 = CARTESIAN_POINT('',(112.92655406648,-10.82,7.6));
#3640 = LINE('',#3641,#3642);
#3641 = CARTESIAN_POINT('',(112.92655406648,-10.82,6.2));
#3642 = VECTOR('',#3643,1.);
#3643 = DIRECTION('',(0.,0.,-1.));
#3644 = ORIENTED_EDGE('',*,*,#3645,.F.);
#3645 = EDGE_CURVE('',#3629,#3638,#3646,.T.);
#3646 = LINE('',#3647,#3648);
#3647 = CARTESIAN_POINT('',(105.14060547866,-10.82,7.6));
#3648 = VECTOR('',#3649,1.);
#3649 = DIRECTION('',(1.,0.,0.));
#3650 = PLANE('',#3651);
#3651 = AXIS2_PLACEMENT_3D('',#3652,#3653,#3654);
#3652 = CARTESIAN_POINT('',(132.60441875198,-10.82,6.2));
#3653 = DIRECTION('',(0.,-1.,0.));
#3654 = DIRECTION('',(-1.,0.,0.));
#3655 = ADVANCED_FACE('',(#3656),#3674,.T.);
#3656 = FACE_BOUND('',#3657,.T.);
#3657 = EDGE_LOOP('',(#3658,#3659,#3660,#3668));
#3658 = ORIENTED_EDGE('',*,*,#2969,.T.);
#3659 = ORIENTED_EDGE('',*,*,#3628,.T.);
#3660 = ORIENTED_EDGE('',*,*,#3661,.F.);
#3661 = EDGE_CURVE('',#3662,#3629,#3664,.T.);
#3662 = VERTEX_POINT('',#3663);
#3663 = CARTESIAN_POINT('',(112.06471506884,-10.82642904312,7.6));
#3664 = LINE('',#3665,#3666);
#3665 = CARTESIAN_POINT('',(94.129449143487,-11.70753215781,7.6));
#3666 = VECTOR('',#3667,1.);
#3667 = DIRECTION('',(0.998795456205,4.906767432741E-02,0.));
#3668 = ORIENTED_EDGE('',*,*,#3669,.F.);
#3669 = EDGE_CURVE('',#2962,#3662,#3670,.T.);
#3670 = LINE('',#3671,#3672);
#3671 = CARTESIAN_POINT('',(112.06471506884,-10.82642904312,6.2));
#3672 = VECTOR('',#3673,1.);
#3673 = DIRECTION('',(0.,0.,1.));
#3674 = PLANE('',#3675);
#3675 = AXIS2_PLACEMENT_3D('',#3676,#3677,#3678);
#3676 = CARTESIAN_POINT('',(112.19558124802,-10.82,6.2));
#3677 = DIRECTION('',(4.906767432741E-02,-0.998795456205,0.));
#3678 = DIRECTION('',(-0.998795456205,-4.906767432741E-02,0.));
#3679 = ADVANCED_FACE('',(#3680),#3698,.T.);
#3680 = FACE_BOUND('',#3681,.T.);
#3681 = EDGE_LOOP('',(#3682,#3683,#3684,#3692));
#3682 = ORIENTED_EDGE('',*,*,#2961,.T.);
#3683 = ORIENTED_EDGE('',*,*,#3669,.T.);
#3684 = ORIENTED_EDGE('',*,*,#3685,.F.);
#3685 = EDGE_CURVE('',#3686,#3662,#3688,.T.);
#3686 = VERTEX_POINT('',#3687);
#3687 = CARTESIAN_POINT('',(111.93073300553,-10.84630340479,7.6));
#3688 = LINE('',#3689,#3690);
#3689 = CARTESIAN_POINT('',(92.729126884185,-13.69459261113,7.6));
#3690 = VECTOR('',#3691,1.);
#3691 = DIRECTION('',(0.989176509965,0.146730474455,0.));
#3692 = ORIENTED_EDGE('',*,*,#3693,.F.);
#3693 = EDGE_CURVE('',#2954,#3686,#3694,.T.);
#3694 = LINE('',#3695,#3696);
#3695 = CARTESIAN_POINT('',(111.93073300553,-10.84630340479,6.2));
#3696 = VECTOR('',#3697,1.);
#3697 = DIRECTION('',(0.,0.,1.));
#3698 = PLANE('',#3699);
#3699 = AXIS2_PLACEMENT_3D('',#3700,#3701,#3702);
#3700 = CARTESIAN_POINT('',(112.06471506884,-10.82642904312,6.2));
#3701 = DIRECTION('',(0.146730474455,-0.989176509965,0.));
#3702 = DIRECTION('',(-0.989176509965,-0.146730474455,0.));
#3703 = ADVANCED_FACE('',(#3704),#3722,.T.);
#3704 = FACE_BOUND('',#3705,.T.);
#3705 = EDGE_LOOP('',(#3706,#3707,#3708,#3716));
#3706 = ORIENTED_EDGE('',*,*,#2953,.T.);
#3707 = ORIENTED_EDGE('',*,*,#3693,.T.);
#3708 = ORIENTED_EDGE('',*,*,#3709,.F.);
#3709 = EDGE_CURVE('',#3710,#3686,#3712,.T.);
#3710 = VERTEX_POINT('',#3711);
#3711 = CARTESIAN_POINT('',(111.79934413057,-10.87921460468,7.6));
#3712 = LINE('',#3713,#3714);
#3713 = CARTESIAN_POINT('',(91.73831241471,-15.90424145749,7.6));
#3714 = VECTOR('',#3715,1.);
#3715 = DIRECTION('',(0.970031253195,0.242980179903,0.));
#3716 = ORIENTED_EDGE('',*,*,#3717,.F.);
#3717 = EDGE_CURVE('',#2946,#3710,#3718,.T.);
#3718 = LINE('',#3719,#3720);
#3719 = CARTESIAN_POINT('',(111.79934413057,-10.87921460468,6.2));
#3720 = VECTOR('',#3721,1.);
#3721 = DIRECTION('',(0.,0.,1.));
#3722 = PLANE('',#3723);
#3723 = AXIS2_PLACEMENT_3D('',#3724,#3725,#3726);
#3724 = CARTESIAN_POINT('',(111.93073300553,-10.84630340479,6.2));
#3725 = DIRECTION('',(0.242980179903,-0.970031253195,0.));
#3726 = DIRECTION('',(-0.970031253195,-0.242980179903,0.));
#3727 = ADVANCED_FACE('',(#3728),#3746,.T.);
#3728 = FACE_BOUND('',#3729,.T.);
#3729 = EDGE_LOOP('',(#3730,#3731,#3732,#3740));
#3730 = ORIENTED_EDGE('',*,*,#2945,.T.);
#3731 = ORIENTED_EDGE('',*,*,#3717,.T.);
#3732 = ORIENTED_EDGE('',*,*,#3733,.F.);
#3733 = EDGE_CURVE('',#3734,#3710,#3736,.T.);
#3734 = VERTEX_POINT('',#3735);
#3735 = CARTESIAN_POINT('',(111.67181379066,-10.92484568995,7.6));
#3736 = LINE('',#3737,#3738);
#3737 = CARTESIAN_POINT('',(91.193451690653,-18.25212081248,7.6));
#3738 = VECTOR('',#3739,1.);
#3739 = DIRECTION('',(0.941544065183,0.336889853392,0.));
#3740 = ORIENTED_EDGE('',*,*,#3741,.F.);
#3741 = EDGE_CURVE('',#2938,#3734,#3742,.T.);
#3742 = LINE('',#3743,#3744);
#3743 = CARTESIAN_POINT('',(111.67181379066,-10.92484568995,6.2));
#3744 = VECTOR('',#3745,1.);
#3745 = DIRECTION('',(0.,0.,1.));
#3746 = PLANE('',#3747);
#3747 = AXIS2_PLACEMENT_3D('',#3748,#3749,#3750);
#3748 = CARTESIAN_POINT('',(111.79934413057,-10.87921460468,6.2));
#3749 = DIRECTION('',(0.336889853392,-0.941544065183,0.));
#3750 = DIRECTION('',(-0.941544065183,-0.336889853392,0.));
#3751 = ADVANCED_FACE('',(#3752),#3770,.T.);
#3752 = FACE_BOUND('',#3753,.T.);
#3753 = EDGE_LOOP('',(#3754,#3755,#3756,#3764));
#3754 = ORIENTED_EDGE('',*,*,#2937,.T.);
#3755 = ORIENTED_EDGE('',*,*,#3741,.T.);
#3756 = ORIENTED_EDGE('',*,*,#3757,.F.);
#3757 = EDGE_CURVE('',#3758,#3734,#3760,.T.);
#3758 = VERTEX_POINT('',#3759);
#3759 = CARTESIAN_POINT('',(111.54937017267,-10.98275720829,7.6));
#3760 = LINE('',#3761,#3762);
#3761 = CARTESIAN_POINT('',(91.111727330372,-20.64904237494,7.6));
#3762 = VECTOR('',#3763,1.);
#3763 = DIRECTION('',(0.903989293123,0.42755509343,0.));
#3764 = ORIENTED_EDGE('',*,*,#3765,.F.);
#3765 = EDGE_CURVE('',#2930,#3758,#3766,.T.);
#3766 = LINE('',#3767,#3768);
#3767 = CARTESIAN_POINT('',(111.54937017267,-10.98275720829,6.2));
#3768 = VECTOR('',#3769,1.);
#3769 = DIRECTION('',(0.,0.,1.));
#3770 = PLANE('',#3771);
#3771 = AXIS2_PLACEMENT_3D('',#3772,#3773,#3774);
#3772 = CARTESIAN_POINT('',(111.67181379066,-10.92484568995,6.2));
#3773 = DIRECTION('',(0.42755509343,-0.903989293123,0.));
#3774 = DIRECTION('',(-0.903989293123,-0.42755509343,0.));
#3775 = ADVANCED_FACE('',(#3776),#3794,.T.);
#3776 = FACE_BOUND('',#3777,.T.);
#3777 = EDGE_LOOP('',(#3778,#3779,#3780,#3788));
#3778 = ORIENTED_EDGE('',*,*,#2929,.T.);
#3779 = ORIENTED_EDGE('',*,*,#3765,.T.);
#3780 = ORIENTED_EDGE('',*,*,#3781,.F.);
#3781 = EDGE_CURVE('',#3782,#3758,#3784,.T.);
#3782 = VERTEX_POINT('',#3783);
#3783 = CARTESIAN_POINT('',(111.4331924756,-11.05239144012,7.6));
#3784 = LINE('',#3785,#3786);
#3785 = CARTESIAN_POINT('',(91.492643845636,-23.00429633389,7.6));
#3786 = VECTOR('',#3787,1.);
#3787 = DIRECTION('',(0.85772861,0.514102744193,0.));
#3788 = ORIENTED_EDGE('',*,*,#3789,.F.);
#3789 = EDGE_CURVE('',#2922,#3782,#3790,.T.);
#3790 = LINE('',#3791,#3792);
#3791 = CARTESIAN_POINT('',(111.4331924756,-11.05239144012,6.2));
#3792 = VECTOR('',#3793,1.);
#3793 = DIRECTION('',(0.,0.,1.));
#3794 = PLANE('',#3795);
#3795 = AXIS2_PLACEMENT_3D('',#3796,#3797,#3798);
#3796 = CARTESIAN_POINT('',(111.54937017267,-10.98275720829,6.2));
#3797 = DIRECTION('',(0.514102744193,-0.85772861,0.));
#3798 = DIRECTION('',(-0.85772861,-0.514102744193,0.));
#3799 = ADVANCED_FACE('',(#3800),#3818,.T.);
#3800 = FACE_BOUND('',#3801,.T.);
#3801 = EDGE_LOOP('',(#3802,#3803,#3804,#3812));
#3802 = ORIENTED_EDGE('',*,*,#2921,.T.);
#3803 = ORIENTED_EDGE('',*,*,#3789,.T.);
#3804 = ORIENTED_EDGE('',*,*,#3805,.F.);
#3805 = EDGE_CURVE('',#3806,#3782,#3808,.T.);
#3806 = VERTEX_POINT('',#3807);
#3807 = CARTESIAN_POINT('',(111.32439955416,-11.13307776974,7.6));
#3808 = LINE('',#3809,#3810);
#3809 = CARTESIAN_POINT('',(92.318081700683,-25.22912378839,7.6));
#3810 = VECTOR('',#3811,1.);
#3811 = DIRECTION('',(0.803207531481,0.595699304492,0.));
#3812 = ORIENTED_EDGE('',*,*,#3813,.F.);
#3813 = EDGE_CURVE('',#2914,#3806,#3814,.T.);
#3814 = LINE('',#3815,#3816);
#3815 = CARTESIAN_POINT('',(111.32439955416,-11.13307776974,6.2));
#3816 = VECTOR('',#3817,1.);
#3817 = DIRECTION('',(0.,0.,1.));
#3818 = PLANE('',#3819);
#3819 = AXIS2_PLACEMENT_3D('',#3820,#3821,#3822);
#3820 = CARTESIAN_POINT('',(111.4331924756,-11.05239144012,6.2));
#3821 = DIRECTION('',(0.595699304492,-0.803207531481,0.));
#3822 = DIRECTION('',(-0.803207531481,-0.595699304492,0.));
#3823 = ADVANCED_FACE('',(#3824),#3842,.T.);
#3824 = FACE_BOUND('',#3825,.T.);
#3825 = EDGE_LOOP('',(#3826,#3827,#3828,#3836));
#3826 = ORIENTED_EDGE('',*,*,#2913,.T.);
#3827 = ORIENTED_EDGE('',*,*,#3813,.T.);
#3828 = ORIENTED_EDGE('',*,*,#3829,.F.);
#3829 = EDGE_CURVE('',#3830,#3806,#3832,.T.);
#3830 = VERTEX_POINT('',#3831);
#3831 = CARTESIAN_POINT('',(111.22403914367,-11.22403914367,7.6));
#3832 = LINE('',#3833,#3834);
#3833 = CARTESIAN_POINT('',(93.553027160981,-27.24011082788,7.6));
#3834 = VECTOR('',#3835,1.);
#3835 = DIRECTION('',(0.740951125355,0.671558954847,0.));
#3836 = ORIENTED_EDGE('',*,*,#3837,.F.);
#3837 = EDGE_CURVE('',#2906,#3830,#3838,.T.);
#3838 = LINE('',#3839,#3840);
#3839 = CARTESIAN_POINT('',(111.22403914367,-11.22403914367,6.2));
#3840 = VECTOR('',#3841,1.);
#3841 = DIRECTION('',(0.,0.,1.));
#3842 = PLANE('',#3843);
#3843 = AXIS2_PLACEMENT_3D('',#3844,#3845,#3846);
#3844 = CARTESIAN_POINT('',(111.32439955416,-11.13307776974,6.2));
#3845 = DIRECTION('',(0.671558954847,-0.740951125355,0.));
#3846 = DIRECTION('',(-0.740951125355,-0.671558954847,0.));
#3847 = ADVANCED_FACE('',(#3848),#3866,.T.);
#3848 = FACE_BOUND('',#3849,.T.);
#3849 = EDGE_LOOP('',(#3850,#3851,#3852,#3860));
#3850 = ORIENTED_EDGE('',*,*,#2905,.T.);
#3851 = ORIENTED_EDGE('',*,*,#3837,.T.);
#3852 = ORIENTED_EDGE('',*,*,#3853,.F.);
#3853 = EDGE_CURVE('',#3854,#3830,#3856,.T.);
#3854 = VERTEX_POINT('',#3855);
#3855 = CARTESIAN_POINT('',(111.13307776974,-11.32439955416,7.6));
#3856 = LINE('',#3857,#3858);
#3857 = CARTESIAN_POINT('',(95.146949561146,-28.96237400262,7.6));
#3858 = VECTOR('',#3859,1.);
#3859 = DIRECTION('',(0.671558954847,0.740951125355,0.));
#3860 = ORIENTED_EDGE('',*,*,#3861,.F.);
#3861 = EDGE_CURVE('',#2898,#3854,#3862,.T.);
#3862 = LINE('',#3863,#3864);
#3863 = CARTESIAN_POINT('',(111.13307776974,-11.32439955416,6.2));
#3864 = VECTOR('',#3865,1.);
#3865 = DIRECTION('',(0.,0.,1.));
#3866 = PLANE('',#3867);
#3867 = AXIS2_PLACEMENT_3D('',#3868,#3869,#3870);
#3868 = CARTESIAN_POINT('',(111.22403914367,-11.22403914367,6.2));
#3869 = DIRECTION('',(0.740951125355,-0.671558954847,0.));
#3870 = DIRECTION('',(-0.671558954847,-0.740951125355,0.));
#3871 = ADVANCED_FACE('',(#3872),#3890,.T.);
#3872 = FACE_BOUND('',#3873,.T.);
#3873 = EDGE_LOOP('',(#3874,#3875,#3876,#3884));
#3874 = ORIENTED_EDGE('',*,*,#2897,.T.);
#3875 = ORIENTED_EDGE('',*,*,#3861,.T.);
#3876 = ORIENTED_EDGE('',*,*,#3877,.F.);
#3877 = EDGE_CURVE('',#3878,#3854,#3880,.T.);
#3878 = VERTEX_POINT('',#3879);
#3879 = CARTESIAN_POINT('',(111.05239144012,-11.4331924756,7.6));
#3880 = LINE('',#3881,#3882);
#3881 = CARTESIAN_POINT('',(97.035772759008,-30.33241496195,7.6));
#3882 = VECTOR('',#3883,1.);
#3883 = DIRECTION('',(0.595699304492,0.803207531481,0.));
#3884 = ORIENTED_EDGE('',*,*,#3885,.F.);
#3885 = EDGE_CURVE('',#2890,#3878,#3886,.T.);
#3886 = LINE('',#3887,#3888);
#3887 = CARTESIAN_POINT('',(111.05239144012,-11.4331924756,6.2));
#3888 = VECTOR('',#3889,1.);
#3889 = DIRECTION('',(0.,0.,1.));
#3890 = PLANE('',#3891);
#3891 = AXIS2_PLACEMENT_3D('',#3892,#3893,#3894);
#3892 = CARTESIAN_POINT('',(111.13307776974,-11.32439955416,6.2));
#3893 = DIRECTION('',(0.803207531481,-0.595699304492,0.));
#3894 = DIRECTION('',(-0.595699304492,-0.803207531481,0.));
#3895 = ADVANCED_FACE('',(#3896),#3914,.T.);
#3896 = FACE_BOUND('',#3897,.T.);
#3897 = EDGE_LOOP('',(#3898,#3899,#3900,#3908));
#3898 = ORIENTED_EDGE('',*,*,#2889,.T.);
#3899 = ORIENTED_EDGE('',*,*,#3885,.T.);
#3900 = ORIENTED_EDGE('',*,*,#3901,.F.);
#3901 = EDGE_CURVE('',#3902,#3878,#3904,.T.);
#3902 = VERTEX_POINT('',#3903);
#3903 = CARTESIAN_POINT('',(110.98275720829,-11.54937017267,7.6));
#3904 = LINE('',#3905,#3906);
#3905 = CARTESIAN_POINT('',(99.144364728978,-31.30053478054,7.6));
#3906 = VECTOR('',#3907,1.);
#3907 = DIRECTION('',(0.514102744193,0.85772861,0.));
#3908 = ORIENTED_EDGE('',*,*,#3909,.F.);
#3909 = EDGE_CURVE('',#2882,#3902,#3910,.T.);
#3910 = LINE('',#3911,#3912);
#3911 = CARTESIAN_POINT('',(110.98275720829,-11.54937017267,6.2));
#3912 = VECTOR('',#3913,1.);
#3913 = DIRECTION('',(0.,0.,1.));
#3914 = PLANE('',#3915);
#3915 = AXIS2_PLACEMENT_3D('',#3916,#3917,#3918);
#3916 = CARTESIAN_POINT('',(111.05239144012,-11.4331924756,6.2));
#3917 = DIRECTION('',(0.85772861,-0.514102744193,0.));
#3918 = DIRECTION('',(-0.514102744193,-0.85772861,0.));
#3919 = ADVANCED_FACE('',(#3920),#3938,.T.);
#3920 = FACE_BOUND('',#3921,.T.);
#3921 = EDGE_LOOP('',(#3922,#3923,#3924,#3932));
#3922 = ORIENTED_EDGE('',*,*,#2881,.T.);
#3923 = ORIENTED_EDGE('',*,*,#3909,.T.);
#3924 = ORIENTED_EDGE('',*,*,#3925,.F.);
#3925 = EDGE_CURVE('',#3926,#3902,#3928,.T.);
#3926 = VERTEX_POINT('',#3927);
#3927 = CARTESIAN_POINT('',(110.92484568995,-11.67181379066,7.6));
#3928 = LINE('',#3929,#3930);
#3929 = CARTESIAN_POINT('',(101.38944935927,-31.83271544071,7.6));
#3930 = VECTOR('',#3931,1.);
#3931 = DIRECTION('',(0.42755509343,0.903989293123,0.));
#3932 = ORIENTED_EDGE('',*,*,#3933,.F.);
#3933 = EDGE_CURVE('',#2874,#3926,#3934,.T.);
#3934 = LINE('',#3935,#3936);
#3935 = CARTESIAN_POINT('',(110.92484568995,-11.67181379066,6.2));
#3936 = VECTOR('',#3937,1.);
#3937 = DIRECTION('',(0.,0.,1.));
#3938 = PLANE('',#3939);
#3939 = AXIS2_PLACEMENT_3D('',#3940,#3941,#3942);
#3940 = CARTESIAN_POINT('',(110.98275720829,-11.54937017267,6.2));
#3941 = DIRECTION('',(0.903989293123,-0.42755509343,0.));
#3942 = DIRECTION('',(-0.42755509343,-0.903989293123,0.));
#3943 = ADVANCED_FACE('',(#3944),#3962,.T.);
#3944 = FACE_BOUND('',#3945,.T.);
#3945 = EDGE_LOOP('',(#3946,#3947,#3948,#3956));
#3946 = ORIENTED_EDGE('',*,*,#2873,.T.);
#3947 = ORIENTED_EDGE('',*,*,#3933,.T.);
#3948 = ORIENTED_EDGE('',*,*,#3949,.F.);
#3949 = EDGE_CURVE('',#3950,#3926,#3952,.T.);
#3950 = VERTEX_POINT('',#3951);
#3951 = CARTESIAN_POINT('',(110.87921460468,-11.79934413057,7.6));
#3952 = LINE('',#3953,#3954);
#3953 = CARTESIAN_POINT('',(103.68282831813,-31.91189644002,7.6));
#3954 = VECTOR('',#3955,1.);
#3955 = DIRECTION('',(0.336889853392,0.941544065183,0.));
#3956 = ORIENTED_EDGE('',*,*,#3957,.F.);
#3957 = EDGE_CURVE('',#2866,#3950,#3958,.T.);
#3958 = LINE('',#3959,#3960);
#3959 = CARTESIAN_POINT('',(110.87921460468,-11.79934413057,6.2));
#3960 = VECTOR('',#3961,1.);
#3961 = DIRECTION('',(0.,0.,1.));
#3962 = PLANE('',#3963);
#3963 = AXIS2_PLACEMENT_3D('',#3964,#3965,#3966);
#3964 = CARTESIAN_POINT('',(110.92484568995,-11.67181379066,6.2));
#3965 = DIRECTION('',(0.941544065183,-0.336889853392,0.));
#3966 = DIRECTION('',(-0.336889853392,-0.941544065183,0.));
#3967 = ADVANCED_FACE('',(#3968),#3986,.T.);
#3968 = FACE_BOUND('',#3969,.T.);
#3969 = EDGE_LOOP('',(#3970,#3971,#3972,#3980));
#3970 = ORIENTED_EDGE('',*,*,#2865,.T.);
#3971 = ORIENTED_EDGE('',*,*,#3957,.T.);
#3972 = ORIENTED_EDGE('',*,*,#3973,.F.);
#3973 = EDGE_CURVE('',#3974,#3950,#3976,.T.);
#3974 = VERTEX_POINT('',#3975);
#3975 = CARTESIAN_POINT('',(110.84630340479,-11.93073300553,7.6));
#3976 = LINE('',#3977,#3978);
#3977 = CARTESIAN_POINT('',(105.93478896644,-31.53859776068,7.6));
#3978 = VECTOR('',#3979,1.);
#3979 = DIRECTION('',(0.242980179903,0.970031253195,0.));
#3980 = ORIENTED_EDGE('',*,*,#3981,.F.);
#3981 = EDGE_CURVE('',#2858,#3974,#3982,.T.);
#3982 = LINE('',#3983,#3984);
#3983 = CARTESIAN_POINT('',(110.84630340479,-11.93073300553,6.2));
#3984 = VECTOR('',#3985,1.);
#3985 = DIRECTION('',(0.,0.,1.));
#3986 = PLANE('',#3987);
#3987 = AXIS2_PLACEMENT_3D('',#3988,#3989,#3990);
#3988 = CARTESIAN_POINT('',(110.87921460468,-11.79934413057,6.2));
#3989 = DIRECTION('',(0.970031253195,-0.242980179903,0.));
#3990 = DIRECTION('',(-0.242980179903,-0.970031253195,0.));
#3991 = ADVANCED_FACE('',(#3992),#4010,.T.);
#3992 = FACE_BOUND('',#3993,.T.);
#3993 = EDGE_LOOP('',(#3994,#3995,#3996,#4004));
#3994 = ORIENTED_EDGE('',*,*,#2857,.T.);
#3995 = ORIENTED_EDGE('',*,*,#3981,.T.);
#3996 = ORIENTED_EDGE('',*,*,#3997,.F.);
#3997 = EDGE_CURVE('',#3998,#3974,#4000,.T.);
#3998 = VERTEX_POINT('',#3999);
#3999 = CARTESIAN_POINT('',(110.82642904312,-12.06471506884,7.6));
#4000 = LINE('',#4001,#4002);
#4001 = CARTESIAN_POINT('',(108.05756717432,-30.73086557451,7.6));
#4002 = VECTOR('',#4003,1.);
#4003 = DIRECTION('',(0.146730474455,0.989176509965,0.));
#4004 = ORIENTED_EDGE('',*,*,#4005,.F.);
#4005 = EDGE_CURVE('',#2850,#3998,#4006,.T.);
#4006 = LINE('',#4007,#4008);
#4007 = CARTESIAN_POINT('',(110.82642904312,-12.06471506884,6.2));
#4008 = VECTOR('',#4009,1.);
#4009 = DIRECTION('',(0.,0.,1.));
#4010 = PLANE('',#4011);
#4011 = AXIS2_PLACEMENT_3D('',#4012,#4013,#4014);
#4012 = CARTESIAN_POINT('',(110.84630340479,-11.93073300553,6.2));
#4013 = DIRECTION('',(0.989176509965,-0.146730474455,0.));
#4014 = DIRECTION('',(-0.146730474455,-0.989176509965,0.));
#4015 = ADVANCED_FACE('',(#4016),#4034,.T.);
#4016 = FACE_BOUND('',#4017,.T.);
#4017 = EDGE_LOOP('',(#4018,#4019,#4020,#4028));
#4018 = ORIENTED_EDGE('',*,*,#2849,.T.);
#4019 = ORIENTED_EDGE('',*,*,#4005,.T.);
#4020 = ORIENTED_EDGE('',*,*,#4021,.F.);
#4021 = EDGE_CURVE('',#4022,#3998,#4024,.T.);
#4022 = VERTEX_POINT('',#4023);
#4023 = CARTESIAN_POINT('',(110.82,-12.19558124802,7.6));
#4024 = LINE('',#4025,#4026);
#4025 = CARTESIAN_POINT('',(109.96873182124,-29.52354310078,7.6));
#4026 = VECTOR('',#4027,1.);
#4027 = DIRECTION('',(4.906767432741E-02,0.998795456205,0.));
#4028 = ORIENTED_EDGE('',*,*,#4029,.F.);
#4029 = EDGE_CURVE('',#2842,#4022,#4030,.T.);
#4030 = LINE('',#4031,#4032);
#4031 = CARTESIAN_POINT('',(110.82,-12.19558124802,6.2));
#4032 = VECTOR('',#4033,1.);
#4033 = DIRECTION('',(0.,0.,1.));
#4034 = PLANE('',#4035);
#4035 = AXIS2_PLACEMENT_3D('',#4036,#4037,#4038);
#4036 = CARTESIAN_POINT('',(110.82642904312,-12.06471506884,6.2));
#4037 = DIRECTION('',(0.998795456205,-4.906767432741E-02,0.));
#4038 = DIRECTION('',(-4.906767432741E-02,-0.998795456205,0.));
#4039 = ADVANCED_FACE('',(#4040),#4058,.T.);
#4040 = FACE_BOUND('',#4041,.T.);
#4041 = EDGE_LOOP('',(#4042,#4043,#4044,#4052));
#4042 = ORIENTED_EDGE('',*,*,#2841,.T.);
#4043 = ORIENTED_EDGE('',*,*,#4029,.T.);
#4044 = ORIENTED_EDGE('',*,*,#4045,.F.);
#4045 = EDGE_CURVE('',#4046,#4022,#4048,.T.);
#4046 = VERTEX_POINT('',#4047);
#4047 = CARTESIAN_POINT('',(110.82,-65.80441875198,7.6));
#4048 = LINE('',#4049,#4050);
#4049 = CARTESIAN_POINT('',(110.82,-28.81684353852,7.6));
#4050 = VECTOR('',#4051,1.);
#4051 = DIRECTION('',(0.,1.,0.));
#4052 = ORIENTED_EDGE('',*,*,#4053,.F.);
#4053 = EDGE_CURVE('',#2834,#4046,#4054,.T.);
#4054 = LINE('',#4055,#4056);
#4055 = CARTESIAN_POINT('',(110.82,-65.80441875198,6.2));
#4056 = VECTOR('',#4057,1.);
#4057 = DIRECTION('',(0.,0.,1.));
#4058 = PLANE('',#4059);
#4059 = AXIS2_PLACEMENT_3D('',#4060,#4061,#4062);
#4060 = CARTESIAN_POINT('',(110.82,-12.19558124802,6.2));
#4061 = DIRECTION('',(1.,0.,0.));
#4062 = DIRECTION('',(0.,-1.,0.));
#4063 = ADVANCED_FACE('',(#4064),#4082,.T.);
#4064 = FACE_BOUND('',#4065,.T.);
#4065 = EDGE_LOOP('',(#4066,#4067,#4068,#4076));
#4066 = ORIENTED_EDGE('',*,*,#2833,.T.);
#4067 = ORIENTED_EDGE('',*,*,#4053,.T.);
#4068 = ORIENTED_EDGE('',*,*,#4069,.F.);
#4069 = EDGE_CURVE('',#4070,#4046,#4072,.T.);
#4070 = VERTEX_POINT('',#4071);
#4071 = CARTESIAN_POINT('',(110.82642904312,-65.93528493115,7.6));
#4072 = LINE('',#4073,#4074);
#4073 = CARTESIAN_POINT('',(110.28103966093,-54.833629019,7.6));
#4074 = VECTOR('',#4075,1.);
#4075 = DIRECTION('',(-4.906767432741E-02,0.998795456205,0.));
#4076 = ORIENTED_EDGE('',*,*,#4077,.F.);
#4077 = EDGE_CURVE('',#2826,#4070,#4078,.T.);
#4078 = LINE('',#4079,#4080);
#4079 = CARTESIAN_POINT('',(110.82642904312,-65.93528493115,6.2));
#4080 = VECTOR('',#4081,1.);
#4081 = DIRECTION('',(0.,0.,1.));
#4082 = PLANE('',#4083);
#4083 = AXIS2_PLACEMENT_3D('',#4084,#4085,#4086);
#4084 = CARTESIAN_POINT('',(110.82,-65.80441875198,6.2));
#4085 = DIRECTION('',(0.998795456205,4.906767432741E-02,0.));
#4086 = DIRECTION('',(4.906767432741E-02,-0.998795456205,0.));
#4087 = ADVANCED_FACE('',(#4088),#4106,.T.);
#4088 = FACE_BOUND('',#4089,.T.);
#4089 = EDGE_LOOP('',(#4090,#4091,#4092,#4100));
#4090 = ORIENTED_EDGE('',*,*,#2825,.T.);
#4091 = ORIENTED_EDGE('',*,*,#4077,.T.);
#4092 = ORIENTED_EDGE('',*,*,#4093,.F.);
#4093 = EDGE_CURVE('',#4094,#4070,#4096,.T.);
#4094 = VERTEX_POINT('',#4095);
#4095 = CARTESIAN_POINT('',(110.84630340479,-66.06926699446,7.6));
#4096 = LINE('',#4097,#4098);
#4097 = CARTESIAN_POINT('',(108.98207172984,-53.50163788509,7.6));
#4098 = VECTOR('',#4099,1.);
#4099 = DIRECTION('',(-0.146730474455,0.989176509965,0.));
#4100 = ORIENTED_EDGE('',*,*,#4101,.F.);
#4101 = EDGE_CURVE('',#2818,#4094,#4102,.T.);
#4102 = LINE('',#4103,#4104);
#4103 = CARTESIAN_POINT('',(110.84630340479,-66.06926699446,6.2));
#4104 = VECTOR('',#4105,1.);
#4105 = DIRECTION('',(0.,0.,1.));
#4106 = PLANE('',#4107);
#4107 = AXIS2_PLACEMENT_3D('',#4108,#4109,#4110);
#4108 = CARTESIAN_POINT('',(110.82642904312,-65.93528493115,6.2));
#4109 = DIRECTION('',(0.989176509965,0.146730474455,0.));
#4110 = DIRECTION('',(0.146730474455,-0.989176509965,0.));
#4111 = ADVANCED_FACE('',(#4112),#4130,.T.);
#4112 = FACE_BOUND('',#4113,.T.);
#4113 = EDGE_LOOP('',(#4114,#4115,#4116,#4124));
#4114 = ORIENTED_EDGE('',*,*,#2817,.T.);
#4115 = ORIENTED_EDGE('',*,*,#4101,.T.);
#4116 = ORIENTED_EDGE('',*,*,#4117,.F.);
#4117 = EDGE_CURVE('',#4118,#4094,#4120,.T.);
#4118 = VERTEX_POINT('',#4119);
#4119 = CARTESIAN_POINT('',(110.87921460468,-66.20065586942,7.6));
#4120 = LINE('',#4121,#4122);
#4121 = CARTESIAN_POINT('',(107.43578440606,-52.45371193272,7.6));
#4122 = VECTOR('',#4123,1.);
#4123 = DIRECTION('',(-0.242980179903,0.970031253195,0.));
#4124 = ORIENTED_EDGE('',*,*,#4125,.F.);
#4125 = EDGE_CURVE('',#2810,#4118,#4126,.T.);
#4126 = LINE('',#4127,#4128);
#4127 = CARTESIAN_POINT('',(110.87921460468,-66.20065586942,6.2));
#4128 = VECTOR('',#4129,1.);
#4129 = DIRECTION('',(0.,0.,1.));
#4130 = PLANE('',#4131);
#4131 = AXIS2_PLACEMENT_3D('',#4132,#4133,#4134);
#4132 = CARTESIAN_POINT('',(110.84630340479,-66.06926699446,6.2));
#4133 = DIRECTION('',(0.970031253195,0.242980179903,0.));
#4134 = DIRECTION('',(0.242980179903,-0.970031253195,0.));
#4135 = ADVANCED_FACE('',(#4136),#4154,.T.);
#4136 = FACE_BOUND('',#4137,.T.);
#4137 = EDGE_LOOP('',(#4138,#4139,#4140,#4148));
#4138 = ORIENTED_EDGE('',*,*,#2809,.T.);
#4139 = ORIENTED_EDGE('',*,*,#4125,.T.);
#4140 = ORIENTED_EDGE('',*,*,#4141,.F.);
#4141 = EDGE_CURVE('',#4142,#4118,#4144,.T.);
#4142 = VERTEX_POINT('',#4143);
#4143 = CARTESIAN_POINT('',(110.92484568995,-66.32818620934,7.6));
#4144 = LINE('',#4145,#4146);
#4145 = CARTESIAN_POINT('',(105.70215832583,-51.73175285737,7.6));
#4146 = VECTOR('',#4147,1.);
#4147 = DIRECTION('',(-0.336889853392,0.941544065183,0.));
#4148 = ORIENTED_EDGE('',*,*,#4149,.F.);
#4149 = EDGE_CURVE('',#2802,#4142,#4150,.T.);
#4150 = LINE('',#4151,#4152);
#4151 = CARTESIAN_POINT('',(110.92484568995,-66.32818620934,6.2));
#4152 = VECTOR('',#4153,1.);
#4153 = DIRECTION('',(0.,0.,1.));
#4154 = PLANE('',#4155);
#4155 = AXIS2_PLACEMENT_3D('',#4156,#4157,#4158);
#4156 = CARTESIAN_POINT('',(110.87921460468,-66.20065586942,6.2));
#4157 = DIRECTION('',(0.941544065183,0.336889853392,0.));
#4158 = DIRECTION('',(0.336889853392,-0.941544065183,0.));
#4159 = ADVANCED_FACE('',(#4160),#4178,.T.);
#4160 = FACE_BOUND('',#4161,.T.);
#4161 = EDGE_LOOP('',(#4162,#4163,#4164,#4172));
#4162 = ORIENTED_EDGE('',*,*,#2801,.T.);
#4163 = ORIENTED_EDGE('',*,*,#4149,.T.);
#4164 = ORIENTED_EDGE('',*,*,#4165,.F.);
#4165 = EDGE_CURVE('',#4166,#4142,#4168,.T.);
#4166 = VERTEX_POINT('',#4167);
#4167 = CARTESIAN_POINT('',(110.98275720829,-66.45062982732,7.6));
#4168 = LINE('',#4169,#4170);
#4169 = CARTESIAN_POINT('',(103.84885515294,-51.36726121514,7.6));
#4170 = VECTOR('',#4171,1.);
#4171 = DIRECTION('',(-0.42755509343,0.903989293123,0.));
#4172 = ORIENTED_EDGE('',*,*,#4173,.F.);
#4173 = EDGE_CURVE('',#2794,#4166,#4174,.T.);
#4174 = LINE('',#4175,#4176);
#4175 = CARTESIAN_POINT('',(110.98275720829,-66.45062982732,6.2));
#4176 = VECTOR('',#4177,1.);
#4177 = DIRECTION('',(0.,0.,1.));
#4178 = PLANE('',#4179);
#4179 = AXIS2_PLACEMENT_3D('',#4180,#4181,#4182);
#4180 = CARTESIAN_POINT('',(110.92484568995,-66.32818620934,6.2));
#4181 = DIRECTION('',(0.903989293123,0.42755509343,0.));
#4182 = DIRECTION('',(0.42755509343,-0.903989293123,0.));
#4183 = ADVANCED_FACE('',(#4184),#4202,.T.);
#4184 = FACE_BOUND('',#4185,.T.);
#4185 = EDGE_LOOP('',(#4186,#4187,#4188,#4196));
#4186 = ORIENTED_EDGE('',*,*,#2793,.T.);
#4187 = ORIENTED_EDGE('',*,*,#4173,.T.);
#4188 = ORIENTED_EDGE('',*,*,#4189,.F.);
#4189 = EDGE_CURVE('',#4190,#4166,#4192,.T.);
#4190 = VERTEX_POINT('',#4191);
#4191 = CARTESIAN_POINT('',(111.05239144012,-66.5668075244,7.6));
#4192 = LINE('',#4193,#4194);
#4193 = CARTESIAN_POINT('',(101.94849882942,-51.37788032499,7.6));
#4194 = VECTOR('',#4195,1.);
#4195 = DIRECTION('',(-0.514102744193,0.85772861,0.));
#4196 = ORIENTED_EDGE('',*,*,#4197,.F.);
#4197 = EDGE_CURVE('',#2786,#4190,#4198,.T.);
#4198 = LINE('',#4199,#4200);
#4199 = CARTESIAN_POINT('',(111.05239144012,-66.5668075244,6.2));
#4200 = VECTOR('',#4201,1.);
#4201 = DIRECTION('',(0.,0.,1.));
#4202 = PLANE('',#4203);
#4203 = AXIS2_PLACEMENT_3D('',#4204,#4205,#4206);
#4204 = CARTESIAN_POINT('',(110.98275720829,-66.45062982732,6.2));
#4205 = DIRECTION('',(0.85772861,0.514102744193,0.));
#4206 = DIRECTION('',(0.514102744193,-0.85772861,0.));
#4207 = ADVANCED_FACE('',(#4208),#4226,.T.);
#4208 = FACE_BOUND('',#4209,.T.);
#4209 = EDGE_LOOP('',(#4210,#4211,#4212,#4220));
#4210 = ORIENTED_EDGE('',*,*,#2785,.T.);
#4211 = ORIENTED_EDGE('',*,*,#4197,.T.);
#4212 = ORIENTED_EDGE('',*,*,#4213,.F.);
#4213 = EDGE_CURVE('',#4214,#4190,#4216,.T.);
#4214 = VERTEX_POINT('',#4215);
#4215 = CARTESIAN_POINT('',(111.13307776974,-66.67560044583,7.6));
#4216 = LINE('',#4217,#4218);
#4217 = CARTESIAN_POINT('',(100.07587117095,-51.76668322819,7.6));
#4218 = VECTOR('',#4219,1.);
#4219 = DIRECTION('',(-0.595699304492,0.803207531481,0.));
#4220 = ORIENTED_EDGE('',*,*,#4221,.F.);
#4221 = EDGE_CURVE('',#2778,#4214,#4222,.T.);
#4222 = LINE('',#4223,#4224);
#4223 = CARTESIAN_POINT('',(111.13307776974,-66.67560044583,6.2));
#4224 = VECTOR('',#4225,1.);
#4225 = DIRECTION('',(0.,0.,1.));
#4226 = PLANE('',#4227);
#4227 = AXIS2_PLACEMENT_3D('',#4228,#4229,#4230);
#4228 = CARTESIAN_POINT('',(111.05239144012,-66.5668075244,6.2));
#4229 = DIRECTION('',(0.803207531481,0.595699304492,0.));
#4230 = DIRECTION('',(0.595699304492,-0.803207531481,0.));
#4231 = ADVANCED_FACE('',(#4232),#4250,.T.);
#4232 = FACE_BOUND('',#4233,.T.);
#4233 = EDGE_LOOP('',(#4234,#4235,#4236,#4244));
#4234 = ORIENTED_EDGE('',*,*,#2777,.T.);
#4235 = ORIENTED_EDGE('',*,*,#4221,.T.);
#4236 = ORIENTED_EDGE('',*,*,#4237,.F.);
#4237 = EDGE_CURVE('',#4238,#4214,#4240,.T.);
#4238 = VERTEX_POINT('',#4239);
#4239 = CARTESIAN_POINT('',(111.22403914367,-66.77596085632,7.6));
#4240 = LINE('',#4241,#4242);
#4241 = CARTESIAN_POINT('',(98.305021169052,-52.52202106789,7.6));
#4242 = VECTOR('',#4243,1.);
#4243 = DIRECTION('',(-0.671558954847,0.740951125355,0.));
#4244 = ORIENTED_EDGE('',*,*,#4245,.F.);
#4245 = EDGE_CURVE('',#2770,#4238,#4246,.T.);
#4246 = LINE('',#4247,#4248);
#4247 = CARTESIAN_POINT('',(111.22403914367,-66.77596085632,6.2));
#4248 = VECTOR('',#4249,1.);
#4249 = DIRECTION('',(0.,0.,1.));
#4250 = PLANE('',#4251);
#4251 = AXIS2_PLACEMENT_3D('',#4252,#4253,#4254);
#4252 = CARTESIAN_POINT('',(111.13307776974,-66.67560044583,6.2));
#4253 = DIRECTION('',(0.740951125355,0.671558954847,0.));
#4254 = DIRECTION('',(0.671558954847,-0.740951125355,0.));
#4255 = ADVANCED_FACE('',(#4256),#4274,.T.);
#4256 = FACE_BOUND('',#4257,.T.);
#4257 = EDGE_LOOP('',(#4258,#4259,#4260,#4268));
#4258 = ORIENTED_EDGE('',*,*,#2769,.T.);
#4259 = ORIENTED_EDGE('',*,*,#4245,.T.);
#4260 = ORIENTED_EDGE('',*,*,#4261,.F.);
#4261 = EDGE_CURVE('',#4262,#4238,#4264,.T.);
#4262 = VERTEX_POINT('',#4263);
#4263 = CARTESIAN_POINT('',(111.32439955416,-66.86692223025,7.6));
#4264 = LINE('',#4265,#4266);
#4265 = CARTESIAN_POINT('',(96.706399250608,-53.6179390384,7.6));
#4266 = VECTOR('',#4267,1.);
#4267 = DIRECTION('',(-0.740951125355,0.671558954847,0.));
#4268 = ORIENTED_EDGE('',*,*,#4269,.F.);
#4269 = EDGE_CURVE('',#2762,#4262,#4270,.T.);
#4270 = LINE('',#4271,#4272);
#4271 = CARTESIAN_POINT('',(111.32439955416,-66.86692223025,6.2));
#4272 = VECTOR('',#4273,1.);
#4273 = DIRECTION('',(0.,0.,1.));
#4274 = PLANE('',#4275);
#4275 = AXIS2_PLACEMENT_3D('',#4276,#4277,#4278);
#4276 = CARTESIAN_POINT('',(111.22403914367,-66.77596085632,6.2));
#4277 = DIRECTION('',(0.671558954847,0.740951125355,0.));
#4278 = DIRECTION('',(0.740951125355,-0.671558954847,0.));
#4279 = ADVANCED_FACE('',(#4280),#4298,.T.);
#4280 = FACE_BOUND('',#4281,.T.);
#4281 = EDGE_LOOP('',(#4282,#4283,#4284,#4292));
#4282 = ORIENTED_EDGE('',*,*,#2761,.T.);
#4283 = ORIENTED_EDGE('',*,*,#4269,.T.);
#4284 = ORIENTED_EDGE('',*,*,#4285,.F.);
#4285 = EDGE_CURVE('',#4286,#4262,#4288,.T.);
#4286 = VERTEX_POINT('',#4287);
#4287 = CARTESIAN_POINT('',(111.4331924756,-66.94760855987,7.6));
#4288 = LINE('',#4289,#4290);
#4289 = CARTESIAN_POINT('',(95.344126816717,-55.01514422495,7.6));
#4290 = VECTOR('',#4291,1.);
#4291 = DIRECTION('',(-0.803207531481,0.595699304492,0.));
#4292 = ORIENTED_EDGE('',*,*,#4293,.F.);
#4293 = EDGE_CURVE('',#2754,#4286,#4294,.T.);
#4294 = LINE('',#4295,#4296);
#4295 = CARTESIAN_POINT('',(111.4331924756,-66.94760855987,6.2));
#4296 = VECTOR('',#4297,1.);
#4297 = DIRECTION('',(0.,0.,1.));
#4298 = PLANE('',#4299);
#4299 = AXIS2_PLACEMENT_3D('',#4300,#4301,#4302);
#4300 = CARTESIAN_POINT('',(111.32439955416,-66.86692223025,6.2));
#4301 = DIRECTION('',(0.595699304492,0.803207531481,0.));
#4302 = DIRECTION('',(0.803207531481,-0.595699304492,0.));
#4303 = ADVANCED_FACE('',(#4304),#4322,.T.);
#4304 = FACE_BOUND('',#4305,.T.);
#4305 = EDGE_LOOP('',(#4306,#4307,#4308,#4316));
#4306 = ORIENTED_EDGE('',*,*,#2753,.T.);
#4307 = ORIENTED_EDGE('',*,*,#4293,.T.);
#4308 = ORIENTED_EDGE('',*,*,#4309,.F.);
#4309 = EDGE_CURVE('',#4310,#4286,#4312,.T.);
#4310 = VERTEX_POINT('',#4311);
#4311 = CARTESIAN_POINT('',(111.54937017267,-67.0172427917,7.6));
#4312 = LINE('',#4313,#4314);
#4313 = CARTESIAN_POINT('',(94.273506213469,-56.66248842513,7.6));
#4314 = VECTOR('',#4315,1.);
#4315 = DIRECTION('',(-0.85772861,0.514102744193,0.));
#4316 = ORIENTED_EDGE('',*,*,#4317,.F.);
#4317 = EDGE_CURVE('',#2746,#4310,#4318,.T.);
#4318 = LINE('',#4319,#4320);
#4319 = CARTESIAN_POINT('',(111.54937017267,-67.0172427917,6.2));
#4320 = VECTOR('',#4321,1.);
#4321 = DIRECTION('',(0.,0.,1.));
#4322 = PLANE('',#4323);
#4323 = AXIS2_PLACEMENT_3D('',#4324,#4325,#4326);
#4324 = CARTESIAN_POINT('',(111.4331924756,-66.94760855987,6.2));
#4325 = DIRECTION('',(0.514102744193,0.85772861,0.));
#4326 = DIRECTION('',(0.85772861,-0.514102744193,0.));
#4327 = ADVANCED_FACE('',(#4328),#4346,.T.);
#4328 = FACE_BOUND('',#4329,.T.);
#4329 = EDGE_LOOP('',(#4330,#4331,#4332,#4340));
#4330 = ORIENTED_EDGE('',*,*,#2745,.T.);
#4331 = ORIENTED_EDGE('',*,*,#4317,.T.);
#4332 = ORIENTED_EDGE('',*,*,#4333,.F.);
#4333 = EDGE_CURVE('',#4334,#4310,#4336,.T.);
#4334 = VERTEX_POINT('',#4335);
#4335 = CARTESIAN_POINT('',(111.67181379066,-67.07515431004,7.6));
#4336 = LINE('',#4337,#4338);
#4337 = CARTESIAN_POINT('',(93.538867074224,-58.49890923006,7.6));
#4338 = VECTOR('',#4339,1.);
#4339 = DIRECTION('',(-0.903989293123,0.42755509343,0.));
#4340 = ORIENTED_EDGE('',*,*,#4341,.F.);
#4341 = EDGE_CURVE('',#2738,#4334,#4342,.T.);
#4342 = LINE('',#4343,#4344);
#4343 = CARTESIAN_POINT('',(111.67181379066,-67.07515431004,6.2));
#4344 = VECTOR('',#4345,1.);
#4345 = DIRECTION('',(0.,0.,1.));
#4346 = PLANE('',#4347);
#4347 = AXIS2_PLACEMENT_3D('',#4348,#4349,#4350);
#4348 = CARTESIAN_POINT('',(111.54937017267,-67.0172427917,6.2));
#4349 = DIRECTION('',(0.42755509343,0.903989293123,0.));
#4350 = DIRECTION('',(0.903989293123,-0.42755509343,0.));
#4351 = ADVANCED_FACE('',(#4352),#4370,.T.);
#4352 = FACE_BOUND('',#4353,.T.);
#4353 = EDGE_LOOP('',(#4354,#4355,#4356,#4364));
#4354 = ORIENTED_EDGE('',*,*,#2737,.T.);
#4355 = ORIENTED_EDGE('',*,*,#4341,.T.);
#4356 = ORIENTED_EDGE('',*,*,#4357,.F.);
#4357 = EDGE_CURVE('',#4358,#4334,#4360,.T.);
#4358 = VERTEX_POINT('',#4359);
#4359 = CARTESIAN_POINT('',(111.79934413057,-67.12078539531,7.6));
#4360 = LINE('',#4361,#4362);
#4361 = CARTESIAN_POINT('',(93.171832071029,-60.45575500655,7.6));
#4362 = VECTOR('',#4363,1.);
#4363 = DIRECTION('',(-0.941544065183,0.336889853392,0.));
#4364 = ORIENTED_EDGE('',*,*,#4365,.F.);
#4365 = EDGE_CURVE('',#2730,#4358,#4366,.T.);
#4366 = LINE('',#4367,#4368);
#4367 = CARTESIAN_POINT('',(111.79934413057,-67.12078539531,6.2));
#4368 = VECTOR('',#4369,1.);
#4369 = DIRECTION('',(0.,0.,1.));
#4370 = PLANE('',#4371);
#4371 = AXIS2_PLACEMENT_3D('',#4372,#4373,#4374);
#4372 = CARTESIAN_POINT('',(111.67181379066,-67.07515431004,6.2));
#4373 = DIRECTION('',(0.336889853392,0.941544065183,0.));
#4374 = DIRECTION('',(0.941544065183,-0.336889853392,0.));
#4375 = ADVANCED_FACE('',(#4376),#4394,.T.);
#4376 = FACE_BOUND('',#4377,.T.);
#4377 = EDGE_LOOP('',(#4378,#4379,#4380,#4388));
#4378 = ORIENTED_EDGE('',*,*,#2729,.T.);
#4379 = ORIENTED_EDGE('',*,*,#4365,.T.);
#4380 = ORIENTED_EDGE('',*,*,#4381,.F.);
#4381 = EDGE_CURVE('',#4382,#4358,#4384,.T.);
#4382 = VERTEX_POINT('',#4383);
#4383 = CARTESIAN_POINT('',(111.93073300553,-67.1536965952,7.6));
#4384 = LINE('',#4385,#4386);
#4385 = CARTESIAN_POINT('',(93.190069016801,-62.45940464069,7.6));
#4386 = VECTOR('',#4387,1.);
#4387 = DIRECTION('',(-0.970031253195,0.242980179903,0.));
#4388 = ORIENTED_EDGE('',*,*,#4389,.F.);
#4389 = EDGE_CURVE('',#2722,#4382,#4390,.T.);
#4390 = LINE('',#4391,#4392);
#4391 = CARTESIAN_POINT('',(111.93073300553,-67.1536965952,6.2));
#4392 = VECTOR('',#4393,1.);
#4393 = DIRECTION('',(0.,0.,1.));
#4394 = PLANE('',#4395);
#4395 = AXIS2_PLACEMENT_3D('',#4396,#4397,#4398);
#4396 = CARTESIAN_POINT('',(111.79934413057,-67.12078539531,6.2));
#4397 = DIRECTION('',(0.242980179903,0.970031253195,0.));
#4398 = DIRECTION('',(0.970031253195,-0.242980179903,0.));
#4399 = ADVANCED_FACE('',(#4400),#4418,.T.);
#4400 = FACE_BOUND('',#4401,.T.);
#4401 = EDGE_LOOP('',(#4402,#4403,#4404,#4412));
#4402 = ORIENTED_EDGE('',*,*,#2721,.T.);
#4403 = ORIENTED_EDGE('',*,*,#4389,.T.);
#4404 = ORIENTED_EDGE('',*,*,#4405,.F.);
#4405 = EDGE_CURVE('',#4406,#4382,#4408,.T.);
#4406 = VERTEX_POINT('',#4407);
#4407 = CARTESIAN_POINT('',(112.06471506884,-67.17357095687,7.6));
#4408 = LINE('',#4409,#4410);
#4409 = CARTESIAN_POINT('',(93.596577588883,-64.43408154579,7.6));
#4410 = VECTOR('',#4411,1.);
#4411 = DIRECTION('',(-0.989176509965,0.146730474455,0.));
#4412 = ORIENTED_EDGE('',*,*,#4413,.F.);
#4413 = EDGE_CURVE('',#2714,#4406,#4414,.T.);
#4414 = LINE('',#4415,#4416);
#4415 = CARTESIAN_POINT('',(112.06471506884,-67.17357095687,6.2));
#4416 = VECTOR('',#4417,1.);
#4417 = DIRECTION('',(0.,0.,1.));
#4418 = PLANE('',#4419);
#4419 = AXIS2_PLACEMENT_3D('',#4420,#4421,#4422);
#4420 = CARTESIAN_POINT('',(111.93073300553,-67.1536965952,6.2));
#4421 = DIRECTION('',(0.146730474455,0.989176509965,0.));
#4422 = DIRECTION('',(0.989176509965,-0.146730474455,0.));
#4423 = ADVANCED_FACE('',(#4424),#4442,.T.);
#4424 = FACE_BOUND('',#4425,.T.);
#4425 = EDGE_LOOP('',(#4426,#4427,#4428,#4436));
#4426 = ORIENTED_EDGE('',*,*,#2713,.T.);
#4427 = ORIENTED_EDGE('',*,*,#4413,.T.);
#4428 = ORIENTED_EDGE('',*,*,#4429,.F.);
#4429 = EDGE_CURVE('',#4430,#4406,#4432,.T.);
#4430 = VERTEX_POINT('',#4431);
#4431 = CARTESIAN_POINT('',(112.19558124802,-67.18,7.6));
#4432 = LINE('',#4433,#4434);
#4433 = CARTESIAN_POINT('',(94.37953841515,-66.30475394026,7.6));
#4434 = VECTOR('',#4435,1.);
#4435 = DIRECTION('',(-0.998795456205,4.906767432741E-02,0.));
#4436 = ORIENTED_EDGE('',*,*,#4437,.F.);
#4437 = EDGE_CURVE('',#2706,#4430,#4438,.T.);
#4438 = LINE('',#4439,#4440);
#4439 = CARTESIAN_POINT('',(112.19558124802,-67.18,6.2));
#4440 = VECTOR('',#4441,1.);
#4441 = DIRECTION('',(0.,0.,1.));
#4442 = PLANE('',#4443);
#4443 = AXIS2_PLACEMENT_3D('',#4444,#4445,#4446);
#4444 = CARTESIAN_POINT('',(112.06471506884,-67.17357095687,6.2));
#4445 = DIRECTION('',(4.906767432741E-02,0.998795456205,0.));
#4446 = DIRECTION('',(0.998795456205,-4.906767432741E-02,0.));
#4447 = ADVANCED_FACE('',(#4448),#4512,.T.);
#4448 = FACE_BOUND('',#4449,.T.);
#4449 = EDGE_LOOP('',(#4450,#4458,#4459,#4467,#4475,#4481,#4482,#4490,
    #4498,#4504,#4505,#4506));
#4450 = ORIENTED_EDGE('',*,*,#4451,.F.);
#4451 = EDGE_CURVE('',#2664,#4452,#4454,.T.);
#4452 = VERTEX_POINT('',#4453);
#4453 = CARTESIAN_POINT('',(133.80441875198,-67.18,7.6));
#4454 = LINE('',#4455,#4456);
#4455 = CARTESIAN_POINT('',(133.80441875198,-67.18,6.2));
#4456 = VECTOR('',#4457,1.);
#4457 = DIRECTION('',(0.,0.,1.));
#4458 = ORIENTED_EDGE('',*,*,#2671,.T.);
#4459 = ORIENTED_EDGE('',*,*,#4460,.F.);
#4460 = EDGE_CURVE('',#4461,#2672,#4463,.T.);
#4461 = VERTEX_POINT('',#4462);
#4462 = CARTESIAN_POINT('',(132.6396323198,-67.18,6.75));
#4463 = LINE('',#4464,#4465);
#4464 = CARTESIAN_POINT('',(132.6396323198,-67.18,5.3));
#4465 = VECTOR('',#4466,1.);
#4466 = DIRECTION('',(-0.,-0.,-1.));
#4467 = ORIENTED_EDGE('',*,*,#4468,.F.);
#4468 = EDGE_CURVE('',#4469,#4461,#4471,.T.);
#4469 = VERTEX_POINT('',#4470);
#4470 = CARTESIAN_POINT('',(128.56036768019,-67.18,6.75));
#4471 = LINE('',#4472,#4473);
#4472 = CARTESIAN_POINT('',(121.39779062401,-67.18,6.75));
#4473 = VECTOR('',#4474,1.);
#4474 = DIRECTION('',(1.,0.,0.));
#4475 = ORIENTED_EDGE('',*,*,#4476,.T.);
#4476 = EDGE_CURVE('',#4469,#2680,#4477,.T.);
#4477 = LINE('',#4478,#4479);
#4478 = CARTESIAN_POINT('',(128.56036768019,-67.18,5.3));
#4479 = VECTOR('',#4480,1.);
#4480 = DIRECTION('',(-0.,-0.,-1.));
#4481 = ORIENTED_EDGE('',*,*,#2688,.T.);
#4482 = ORIENTED_EDGE('',*,*,#4483,.F.);
#4483 = EDGE_CURVE('',#4484,#2689,#4486,.T.);
#4484 = VERTEX_POINT('',#4485);
#4485 = CARTESIAN_POINT('',(115.84167805378,-67.18,6.75));
#4486 = LINE('',#4487,#4488);
#4487 = CARTESIAN_POINT('',(115.84167805378,-67.18,5.3));
#4488 = VECTOR('',#4489,1.);
#4489 = DIRECTION('',(-0.,-0.,-1.));
#4490 = ORIENTED_EDGE('',*,*,#4491,.F.);
#4491 = EDGE_CURVE('',#4492,#4484,#4494,.T.);
#4492 = VERTEX_POINT('',#4493);
#4493 = CARTESIAN_POINT('',(113.15832194621,-67.18,6.75));
#4494 = LINE('',#4495,#4496);
#4495 = CARTESIAN_POINT('',(113.34779062401,-67.18,6.75));
#4496 = VECTOR('',#4497,1.);
#4497 = DIRECTION('',(1.,0.,0.));
#4498 = ORIENTED_EDGE('',*,*,#4499,.T.);
#4499 = EDGE_CURVE('',#4492,#2697,#4500,.T.);
#4500 = LINE('',#4501,#4502);
#4501 = CARTESIAN_POINT('',(113.15832194621,-67.18,5.3));
#4502 = VECTOR('',#4503,1.);
#4503 = DIRECTION('',(-0.,-0.,-1.));
#4504 = ORIENTED_EDGE('',*,*,#2705,.T.);
#4505 = ORIENTED_EDGE('',*,*,#4437,.T.);
#4506 = ORIENTED_EDGE('',*,*,#4507,.F.);
#4507 = EDGE_CURVE('',#4452,#4430,#4508,.T.);
#4508 = LINE('',#4509,#4510);
#4509 = CARTESIAN_POINT('',(94.936186726687,-67.18,7.6));
#4510 = VECTOR('',#4511,1.);
#4511 = DIRECTION('',(-1.,0.,0.));
#4512 = PLANE('',#4513);
#4513 = AXIS2_PLACEMENT_3D('',#4514,#4515,#4516);
#4514 = CARTESIAN_POINT('',(112.19558124802,-67.18,6.2));
#4515 = DIRECTION('',(0.,1.,0.));
#4516 = DIRECTION('',(1.,0.,0.));
#4517 = ADVANCED_FACE('',(#4518),#4530,.F.);
#4518 = FACE_BOUND('',#4519,.T.);
#4519 = EDGE_LOOP('',(#4520,#4521,#4528,#4529));
#4520 = ORIENTED_EDGE('',*,*,#4499,.F.);
#4521 = ORIENTED_EDGE('',*,*,#4522,.T.);
#4522 = EDGE_CURVE('',#4492,#4484,#4523,.T.);
#4523 = CIRCLE('',#4524,2.15);
#4524 = AXIS2_PLACEMENT_3D('',#4525,#4526,#4527);
#4525 = CARTESIAN_POINT('',(114.5,-65.5,6.75));
#4526 = DIRECTION('',(0.,0.,1.));
#4527 = DIRECTION('',(1.,0.,0.));
#4528 = ORIENTED_EDGE('',*,*,#4483,.T.);
#4529 = ORIENTED_EDGE('',*,*,#2696,.T.);
#4530 = CYLINDRICAL_SURFACE('',#4531,2.15);
#4531 = AXIS2_PLACEMENT_3D('',#4532,#4533,#4534);
#4532 = CARTESIAN_POINT('',(114.5,-65.5,5.3));
#4533 = DIRECTION('',(-0.,-0.,-1.));
#4534 = DIRECTION('',(1.,0.,0.));
#4535 = ADVANCED_FACE('',(#4536),#4548,.F.);
#4536 = FACE_BOUND('',#4537,.T.);
#4537 = EDGE_LOOP('',(#4538,#4539,#4546,#4547));
#4538 = ORIENTED_EDGE('',*,*,#4476,.F.);
#4539 = ORIENTED_EDGE('',*,*,#4540,.T.);
#4540 = EDGE_CURVE('',#4469,#4461,#4541,.T.);
#4541 = CIRCLE('',#4542,2.15);
#4542 = AXIS2_PLACEMENT_3D('',#4543,#4544,#4545);
#4543 = CARTESIAN_POINT('',(130.6,-66.5,6.75));
#4544 = DIRECTION('',(0.,0.,1.));
#4545 = DIRECTION('',(1.,0.,0.));
#4546 = ORIENTED_EDGE('',*,*,#4460,.T.);
#4547 = ORIENTED_EDGE('',*,*,#2679,.T.);
#4548 = CYLINDRICAL_SURFACE('',#4549,2.15);
#4549 = AXIS2_PLACEMENT_3D('',#4550,#4551,#4552);
#4550 = CARTESIAN_POINT('',(130.6,-66.5,5.3));
#4551 = DIRECTION('',(-0.,-0.,-1.));
#4552 = DIRECTION('',(1.,0.,0.));
#4553 = ADVANCED_FACE('',(#4554),#4572,.T.);
#4554 = FACE_BOUND('',#4555,.T.);
#4555 = EDGE_LOOP('',(#4556,#4564,#4565,#4566));
#4556 = ORIENTED_EDGE('',*,*,#4557,.F.);
#4557 = EDGE_CURVE('',#2656,#4558,#4560,.T.);
#4558 = VERTEX_POINT('',#4559);
#4559 = CARTESIAN_POINT('',(133.9,-67.17530439438,7.6));
#4560 = LINE('',#4561,#4562);
#4561 = CARTESIAN_POINT('',(133.9,-67.17530439438,6.2));
#4562 = VECTOR('',#4563,1.);
#4563 = DIRECTION('',(0.,0.,1.));
#4564 = ORIENTED_EDGE('',*,*,#2663,.T.);
#4565 = ORIENTED_EDGE('',*,*,#4451,.T.);
#4566 = ORIENTED_EDGE('',*,*,#4567,.F.);
#4567 = EDGE_CURVE('',#4558,#4452,#4568,.T.);
#4568 = LINE('',#4569,#4570);
#4569 = CARTESIAN_POINT('',(106.34094251742,-68.52919407112,7.6));
#4570 = VECTOR('',#4571,1.);
#4571 = DIRECTION('',(-0.998795456205,-4.906767432743E-02,0.));
#4572 = PLANE('',#4573);
#4573 = AXIS2_PLACEMENT_3D('',#4574,#4575,#4576);
#4574 = CARTESIAN_POINT('',(133.80441875198,-67.18,6.2));
#4575 = DIRECTION('',(-4.906767432743E-02,0.998795456205,0.));
#4576 = DIRECTION('',(0.998795456205,4.906767432743E-02,0.));
#4577 = ADVANCED_FACE('',(#4578),#4596,.F.);
#4578 = FACE_BOUND('',#4579,.F.);
#4579 = EDGE_LOOP('',(#4580,#4581,#4589,#4595));
#4580 = ORIENTED_EDGE('',*,*,#2655,.T.);
#4581 = ORIENTED_EDGE('',*,*,#4582,.T.);
#4582 = EDGE_CURVE('',#2648,#4583,#4585,.T.);
#4583 = VERTEX_POINT('',#4584);
#4584 = CARTESIAN_POINT('',(133.9,-79.38471186724,7.6));
#4585 = LINE('',#4586,#4587);
#4586 = CARTESIAN_POINT('',(133.9,-79.38471186724,6.2));
#4587 = VECTOR('',#4588,1.);
#4588 = DIRECTION('',(0.,0.,1.));
#4589 = ORIENTED_EDGE('',*,*,#4590,.F.);
#4590 = EDGE_CURVE('',#4558,#4583,#4591,.T.);
#4591 = LINE('',#4592,#4593);
#4592 = CARTESIAN_POINT('',(133.9,-62.41140884813,7.6));
#4593 = VECTOR('',#4594,1.);
#4594 = DIRECTION('',(0.,-1.,0.));
#4595 = ORIENTED_EDGE('',*,*,#4557,.F.);
#4596 = PLANE('',#4597);
#4597 = AXIS2_PLACEMENT_3D('',#4598,#4599,#4600);
#4598 = CARTESIAN_POINT('',(133.9,-79.38471186724,6.2));
#4599 = DIRECTION('',(-1.,0.,0.));
#4600 = DIRECTION('',(0.,1.,0.));
#4601 = ADVANCED_FACE('',(#4602),#4620,.F.);
#4602 = FACE_BOUND('',#4603,.F.);
#4603 = EDGE_LOOP('',(#4604,#4605,#4613,#4619));
#4604 = ORIENTED_EDGE('',*,*,#2647,.T.);
#4605 = ORIENTED_EDGE('',*,*,#4606,.T.);
#4606 = EDGE_CURVE('',#2640,#4607,#4609,.T.);
#4607 = VERTEX_POINT('',#4608);
#4608 = CARTESIAN_POINT('',(133.89941440034,-79.42765626289,7.6));
#4609 = LINE('',#4610,#4611);
#4610 = CARTESIAN_POINT('',(133.89941440034,-79.42765626289,6.2));
#4611 = VECTOR('',#4612,1.);
#4612 = DIRECTION('',(0.,0.,1.));
#4613 = ORIENTED_EDGE('',*,*,#4614,.F.);
#4614 = EDGE_CURVE('',#4583,#4607,#4615,.T.);
#4615 = LINE('',#4616,#4617);
#4616 = CARTESIAN_POINT('',(134.12588974243,-62.81930161647,7.6));
#4617 = VECTOR('',#4618,1.);
#4618 = DIRECTION('',(-1.363496226208E-02,-0.999907039581,0.));
#4619 = ORIENTED_EDGE('',*,*,#4582,.F.);
#4620 = PLANE('',#4621);
#4621 = AXIS2_PLACEMENT_3D('',#4622,#4623,#4624);
#4622 = CARTESIAN_POINT('',(133.89941440034,-79.42765626289,6.2));
#4623 = DIRECTION('',(-0.999907039581,1.363496226208E-02,0.));
#4624 = DIRECTION('',(1.363496226208E-02,0.999907039581,0.));
#4625 = ADVANCED_FACE('',(#4626),#4644,.F.);
#4626 = FACE_BOUND('',#4627,.F.);
#4627 = EDGE_LOOP('',(#4628,#4629,#4637,#4643));
#4628 = ORIENTED_EDGE('',*,*,#2639,.T.);
#4629 = ORIENTED_EDGE('',*,*,#4630,.T.);
#4630 = EDGE_CURVE('',#2632,#4631,#4633,.T.);
#4631 = VERTEX_POINT('',#4632);
#4632 = CARTESIAN_POINT('',(133.89796475872,-79.46307472222,7.6));
#4633 = LINE('',#4634,#4635);
#4634 = CARTESIAN_POINT('',(133.89796475872,-79.46307472222,6.2));
#4635 = VECTOR('',#4636,1.);
#4636 = DIRECTION('',(0.,0.,1.));
#4637 = ORIENTED_EDGE('',*,*,#4638,.F.);
#4638 = EDGE_CURVE('',#4607,#4631,#4639,.T.);
#4639 = LINE('',#4640,#4641);
#4640 = CARTESIAN_POINT('',(134.54609241806,-63.62765527276,7.6));
#4641 = VECTOR('',#4642,1.);
#4642 = DIRECTION('',(-4.089474716136E-02,-0.999163459928,0.));
#4643 = ORIENTED_EDGE('',*,*,#4606,.F.);
#4644 = PLANE('',#4645);
#4645 = AXIS2_PLACEMENT_3D('',#4646,#4647,#4648);
#4646 = CARTESIAN_POINT('',(133.89796475872,-79.46307472222,6.2));
#4647 = DIRECTION('',(-0.999163459928,4.089474716136E-02,0.));
#4648 = DIRECTION('',(4.089474716136E-02,0.999163459928,0.));
#4649 = ADVANCED_FACE('',(#4650),#4668,.F.);
#4650 = FACE_BOUND('',#4651,.F.);
#4651 = EDGE_LOOP('',(#4652,#4653,#4661,#4667));
#4652 = ORIENTED_EDGE('',*,*,#2631,.T.);
#4653 = ORIENTED_EDGE('',*,*,#4654,.T.);
#4654 = EDGE_CURVE('',#2624,#4655,#4657,.T.);
#4655 = VERTEX_POINT('',#4656);
#4656 = CARTESIAN_POINT('',(133.89554988719,-79.49844048416,7.6));
#4657 = LINE('',#4658,#4659);
#4658 = CARTESIAN_POINT('',(133.89554988719,-79.49844048416,6.2));
#4659 = VECTOR('',#4660,1.);
#4660 = DIRECTION('',(0.,0.,1.));
#4661 = ORIENTED_EDGE('',*,*,#4662,.F.);
#4662 = EDGE_CURVE('',#4631,#4655,#4663,.T.);
#4663 = LINE('',#4664,#4665);
#4664 = CARTESIAN_POINT('',(134.92256712981,-64.45778645178,7.6));
#4665 = VECTOR('',#4666,1.);
#4666 = DIRECTION('',(-6.812412073262E-02,-0.997676853583,0.));
#4667 = ORIENTED_EDGE('',*,*,#4630,.F.);
#4668 = PLANE('',#4669);
#4669 = AXIS2_PLACEMENT_3D('',#4670,#4671,#4672);
#4670 = CARTESIAN_POINT('',(133.89554988719,-79.49844048416,6.2));
#4671 = DIRECTION('',(-0.997676853583,6.812412073262E-02,0.));
#4672 = DIRECTION('',(6.812412073262E-02,0.997676853583,0.));
#4673 = ADVANCED_FACE('',(#4674),#4692,.F.);
#4674 = FACE_BOUND('',#4675,.F.);
#4675 = EDGE_LOOP('',(#4676,#4677,#4685,#4691));
#4676 = ORIENTED_EDGE('',*,*,#2623,.T.);
#4677 = ORIENTED_EDGE('',*,*,#4678,.T.);
#4678 = EDGE_CURVE('',#2616,#4679,#4681,.T.);
#4679 = VERTEX_POINT('',#4680);
#4680 = CARTESIAN_POINT('',(133.89217158155,-79.533727249,7.6));
#4681 = LINE('',#4682,#4683);
#4682 = CARTESIAN_POINT('',(133.89217158155,-79.533727249,6.2));
#4683 = VECTOR('',#4684,1.);
#4684 = DIRECTION('',(0.,0.,1.));
#4685 = ORIENTED_EDGE('',*,*,#4686,.F.);
#4686 = EDGE_CURVE('',#4655,#4679,#4687,.T.);
#4687 = LINE('',#4688,#4689);
#4688 = CARTESIAN_POINT('',(135.25418937811,-65.30730521736,7.6));
#4689 = VECTOR('',#4690,1.);
#4690 = DIRECTION('',(-9.530283388419E-02,-0.995448326059,0.));
#4691 = ORIENTED_EDGE('',*,*,#4654,.F.);
#4692 = PLANE('',#4693);
#4693 = AXIS2_PLACEMENT_3D('',#4694,#4695,#4696);
#4694 = CARTESIAN_POINT('',(133.89217158155,-79.533727249,6.2));
#4695 = DIRECTION('',(-0.995448326059,9.530283388419E-02,0.));
#4696 = DIRECTION('',(9.530283388419E-02,0.995448326059,0.));
#4697 = ADVANCED_FACE('',(#4698),#4716,.F.);
#4698 = FACE_BOUND('',#4699,.F.);
#4699 = EDGE_LOOP('',(#4700,#4701,#4709,#4715));
#4700 = ORIENTED_EDGE('',*,*,#2615,.T.);
#4701 = ORIENTED_EDGE('',*,*,#4702,.T.);
#4702 = EDGE_CURVE('',#2608,#4703,#4705,.T.);
#4703 = VERTEX_POINT('',#4704);
#4704 = CARTESIAN_POINT('',(133.88783235409,-79.56890877579,7.6));
#4705 = LINE('',#4706,#4707);
#4706 = CARTESIAN_POINT('',(133.88783235409,-79.56890877579,6.2));
#4707 = VECTOR('',#4708,1.);
#4708 = DIRECTION('',(0.,0.,1.));
#4709 = ORIENTED_EDGE('',*,*,#4710,.F.);
#4710 = EDGE_CURVE('',#4679,#4703,#4711,.T.);
#4711 = LINE('',#4712,#4713);
#4712 = CARTESIAN_POINT('',(135.53996590668,-66.17376381232,7.6));
#4713 = VECTOR('',#4714,1.);
#4714 = DIRECTION('',(-0.122410675199,-0.992479534599,0.));
#4715 = ORIENTED_EDGE('',*,*,#4678,.F.);
#4716 = PLANE('',#4717);
#4717 = AXIS2_PLACEMENT_3D('',#4718,#4719,#4720);
#4718 = CARTESIAN_POINT('',(133.88783235409,-79.56890877579,6.2));
#4719 = DIRECTION('',(-0.992479534599,0.122410675199,0.));
#4720 = DIRECTION('',(0.122410675199,0.992479534599,0.));
#4721 = ADVANCED_FACE('',(#4722),#4740,.F.);
#4722 = FACE_BOUND('',#4723,.F.);
#4723 = EDGE_LOOP('',(#4724,#4725,#4733,#4739));
#4724 = ORIENTED_EDGE('',*,*,#2607,.T.);
#4725 = ORIENTED_EDGE('',*,*,#4726,.T.);
#4726 = EDGE_CURVE('',#2600,#4727,#4729,.T.);
#4727 = VERTEX_POINT('',#4728);
#4728 = CARTESIAN_POINT('',(133.88253543167,-79.60395890182,7.6));
#4729 = LINE('',#4730,#4731);
#4730 = CARTESIAN_POINT('',(133.88253543167,-79.60395890182,6.2));
#4731 = VECTOR('',#4732,1.);
#4732 = DIRECTION('',(0.,0.,1.));
#4733 = ORIENTED_EDGE('',*,*,#4734,.F.);
#4734 = EDGE_CURVE('',#4703,#4727,#4735,.T.);
#4735 = LINE('',#4736,#4737);
#4736 = CARTESIAN_POINT('',(135.77903766172,-67.05466387962,7.6));
#4737 = VECTOR('',#4738,1.);
#4738 = DIRECTION('',(-0.149427485964,-0.98877268694,0.));
#4739 = ORIENTED_EDGE('',*,*,#4702,.F.);
#4740 = PLANE('',#4741);
#4741 = AXIS2_PLACEMENT_3D('',#4742,#4743,#4744);
#4742 = CARTESIAN_POINT('',(133.88253543167,-79.60395890182,6.2));
#4743 = DIRECTION('',(-0.98877268694,0.149427485964,0.));
#4744 = DIRECTION('',(0.149427485964,0.98877268694,0.));
#4745 = ADVANCED_FACE('',(#4746),#4764,.F.);
#4746 = FACE_BOUND('',#4747,.F.);
#4747 = EDGE_LOOP('',(#4748,#4749,#4757,#4763));
#4748 = ORIENTED_EDGE('',*,*,#2599,.T.);
#4749 = ORIENTED_EDGE('',*,*,#4750,.T.);
#4750 = EDGE_CURVE('',#2592,#4751,#4753,.T.);
#4751 = VERTEX_POINT('',#4752);
#4752 = CARTESIAN_POINT('',(133.87628475334,-79.63885156211,7.6));
#4753 = LINE('',#4754,#4755);
#4754 = CARTESIAN_POINT('',(133.87628475334,-79.63885156211,6.2));
#4755 = VECTOR('',#4756,1.);
#4756 = DIRECTION('',(0.,0.,1.));
#4757 = ORIENTED_EDGE('',*,*,#4758,.F.);
#4758 = EDGE_CURVE('',#4727,#4751,#4759,.T.);
#4759 = LINE('',#4760,#4761);
#4760 = CARTESIAN_POINT('',(135.97068235354,-67.94746383422,7.6));
#4761 = VECTOR('',#4762,1.);
#4762 = DIRECTION('',(-0.176333175162,-0.984330539675,0.));
#4763 = ORIENTED_EDGE('',*,*,#4726,.F.);
#4764 = PLANE('',#4765);
#4765 = AXIS2_PLACEMENT_3D('',#4766,#4767,#4768);
#4766 = CARTESIAN_POINT('',(133.87628475334,-79.63885156211,6.2));
#4767 = DIRECTION('',(-0.984330539675,0.176333175162,0.));
#4768 = DIRECTION('',(0.176333175162,0.984330539675,0.));
#4769 = ADVANCED_FACE('',(#4770),#4788,.F.);
#4770 = FACE_BOUND('',#4771,.F.);
#4771 = EDGE_LOOP('',(#4772,#4773,#4781,#4787));
#4772 = ORIENTED_EDGE('',*,*,#2591,.T.);
#4773 = ORIENTED_EDGE('',*,*,#4774,.T.);
#4774 = EDGE_CURVE('',#2584,#4775,#4777,.T.);
#4775 = VERTEX_POINT('',#4776);
#4776 = CARTESIAN_POINT('',(133.8690849674,-79.67356080878,7.6));
#4777 = LINE('',#4778,#4779);
#4778 = CARTESIAN_POINT('',(133.8690849674,-79.67356080878,6.2));
#4779 = VECTOR('',#4780,1.);
#4780 = DIRECTION('',(0.,0.,1.));
#4781 = ORIENTED_EDGE('',*,*,#4782,.F.);
#4782 = EDGE_CURVE('',#4751,#4775,#4783,.T.);
#4783 = LINE('',#4784,#4785);
#4784 = CARTESIAN_POINT('',(136.11431661311,-68.8495863636,7.6));
#4785 = VECTOR('',#4786,1.);
#4786 = DIRECTION('',(-0.203107734408,-0.979156396202,0.));
#4787 = ORIENTED_EDGE('',*,*,#4750,.F.);
#4788 = PLANE('',#4789);
#4789 = AXIS2_PLACEMENT_3D('',#4790,#4791,#4792);
#4790 = CARTESIAN_POINT('',(133.8690849674,-79.67356080878,6.2));
#4791 = DIRECTION('',(-0.979156396202,0.203107734408,0.));
#4792 = DIRECTION('',(0.203107734408,0.979156396202,0.));
#4793 = ADVANCED_FACE('',(#4794),#4812,.F.);
#4794 = FACE_BOUND('',#4795,.F.);
#4795 = EDGE_LOOP('',(#4796,#4797,#4805,#4811));
#4796 = ORIENTED_EDGE('',*,*,#2583,.T.);
#4797 = ORIENTED_EDGE('',*,*,#4798,.T.);
#4798 = EDGE_CURVE('',#2576,#4799,#4801,.T.);
#4799 = VERTEX_POINT('',#4800);
#4800 = CARTESIAN_POINT('',(133.86094142796,-79.70806083034,7.6));
#4801 = LINE('',#4802,#4803);
#4802 = CARTESIAN_POINT('',(133.86094142796,-79.70806083034,6.2));
#4803 = VECTOR('',#4804,1.);
#4804 = DIRECTION('',(0.,0.,1.));
#4805 = ORIENTED_EDGE('',*,*,#4806,.F.);
#4806 = EDGE_CURVE('',#4775,#4799,#4807,.T.);
#4807 = LINE('',#4808,#4809);
#4808 = CARTESIAN_POINT('',(136.20949773694,-69.75842603486,7.6));
#4809 = VECTOR('',#4810,1.);
#4810 = DIRECTION('',(-0.229731252834,-0.973254104266,0.));
#4811 = ORIENTED_EDGE('',*,*,#4774,.F.);
#4812 = PLANE('',#4813);
#4813 = AXIS2_PLACEMENT_3D('',#4814,#4815,#4816);
#4814 = CARTESIAN_POINT('',(133.86094142796,-79.70806083034,6.2));
#4815 = DIRECTION('',(-0.973254104266,0.229731252834,0.));
#4816 = DIRECTION('',(0.229731252834,0.973254104266,0.));
#4817 = ADVANCED_FACE('',(#4818),#4836,.F.);
#4818 = FACE_BOUND('',#4819,.F.);
#4819 = EDGE_LOOP('',(#4820,#4821,#4829,#4835));
#4820 = ORIENTED_EDGE('',*,*,#2575,.T.);
#4821 = ORIENTED_EDGE('',*,*,#4822,.T.);
#4822 = EDGE_CURVE('',#2568,#4823,#4825,.T.);
#4823 = VERTEX_POINT('',#4824);
#4824 = CARTESIAN_POINT('',(133.85186019097,-79.74232597089,7.6));
#4825 = LINE('',#4826,#4827);
#4826 = CARTESIAN_POINT('',(133.85186019097,-79.74232597089,6.2));
#4827 = VECTOR('',#4828,1.);
#4828 = DIRECTION('',(0.,0.,1.));
#4829 = ORIENTED_EDGE('',*,*,#4830,.F.);
#4830 = EDGE_CURVE('',#4799,#4823,#4831,.T.);
#4831 = LINE('',#4832,#4833);
#4832 = CARTESIAN_POINT('',(136.2559250153,-70.67135698586,7.6));
#4833 = VECTOR('',#4834,1.);
#4834 = DIRECTION('',(-0.256183931894,-0.9666280531,0.));
#4835 = ORIENTED_EDGE('',*,*,#4798,.F.);
#4836 = PLANE('',#4837);
#4837 = AXIS2_PLACEMENT_3D('',#4838,#4839,#4840);
#4838 = CARTESIAN_POINT('',(133.85186019097,-79.74232597089,6.2));
#4839 = DIRECTION('',(-0.9666280531,0.256183931894,0.));
#4840 = DIRECTION('',(0.256183931894,0.9666280531,0.));
#4841 = ADVANCED_FACE('',(#4842),#4860,.F.);
#4842 = FACE_BOUND('',#4843,.F.);
#4843 = EDGE_LOOP('',(#4844,#4845,#4853,#4859));
#4844 = ORIENTED_EDGE('',*,*,#2567,.T.);
#4845 = ORIENTED_EDGE('',*,*,#4846,.T.);
#4846 = EDGE_CURVE('',#2560,#4847,#4849,.T.);
#4847 = VERTEX_POINT('',#4848);
#4848 = CARTESIAN_POINT('',(133.84184800967,-79.77633074919,7.6));
#4849 = LINE('',#4850,#4851);
#4850 = CARTESIAN_POINT('',(133.84184800967,-79.77633074919,6.2));
#4851 = VECTOR('',#4852,1.);
#4852 = DIRECTION('',(0.,0.,1.));
#4853 = ORIENTED_EDGE('',*,*,#4854,.F.);
#4854 = EDGE_CURVE('',#4823,#4847,#4855,.T.);
#4855 = LINE('',#4856,#4857);
#4856 = CARTESIAN_POINT('',(136.25344063966,-71.58574067724,7.6));
#4857 = VECTOR('',#4858,1.);
#4858 = DIRECTION('',(-0.282446100085,-0.959283170157,0.));
#4859 = ORIENTED_EDGE('',*,*,#4822,.F.);
#4860 = PLANE('',#4861);
#4861 = AXIS2_PLACEMENT_3D('',#4862,#4863,#4864);
#4862 = CARTESIAN_POINT('',(133.84184800967,-79.77633074919,6.2));
#4863 = DIRECTION('',(-0.959283170157,0.282446100085,0.));
#4864 = DIRECTION('',(0.282446100085,0.959283170157,0.));
#4865 = ADVANCED_FACE('',(#4866),#4884,.F.);
#4866 = FACE_BOUND('',#4867,.F.);
#4867 = EDGE_LOOP('',(#4868,#4869,#4877,#4883));
#4868 = ORIENTED_EDGE('',*,*,#2559,.T.);
#4869 = ORIENTED_EDGE('',*,*,#4870,.T.);
#4870 = EDGE_CURVE('',#2552,#4871,#4873,.T.);
#4871 = VERTEX_POINT('',#4872);
#4872 = CARTESIAN_POINT('',(133.83091232961,-79.81004987765,7.6));
#4873 = LINE('',#4874,#4875);
#4874 = CARTESIAN_POINT('',(133.83091232961,-79.81004987765,6.2));
#4875 = VECTOR('',#4876,1.);
#4876 = DIRECTION('',(0.,0.,1.));
#4877 = ORIENTED_EDGE('',*,*,#4878,.F.);
#4878 = EDGE_CURVE('',#4847,#4871,#4879,.T.);
#4879 = LINE('',#4880,#4881);
#4880 = CARTESIAN_POINT('',(136.20203018662,-72.4989336825,7.6));
#4881 = VECTOR('',#4882,1.);
#4882 = DIRECTION('',(-0.308498227575,-0.951224917453,0.));
#4883 = ORIENTED_EDGE('',*,*,#4846,.F.);
#4884 = PLANE('',#4885);
#4885 = AXIS2_PLACEMENT_3D('',#4886,#4887,#4888);
#4886 = CARTESIAN_POINT('',(133.83091232961,-79.81004987765,6.2));
#4887 = DIRECTION('',(-0.951224917453,0.308498227575,0.));
#4888 = DIRECTION('',(0.308498227575,0.951224917453,0.));
#4889 = ADVANCED_FACE('',(#4890),#4908,.F.);
#4890 = FACE_BOUND('',#4891,.F.);
#4891 = EDGE_LOOP('',(#4892,#4893,#4901,#4907));
#4892 = ORIENTED_EDGE('',*,*,#2551,.T.);
#4893 = ORIENTED_EDGE('',*,*,#4894,.T.);
#4894 = EDGE_CURVE('',#2544,#4895,#4897,.T.);
#4895 = VERTEX_POINT('',#4896);
#4896 = CARTESIAN_POINT('',(133.8190612831,-79.84345828106,7.6));
#4897 = LINE('',#4898,#4899);
#4898 = CARTESIAN_POINT('',(133.8190612831,-79.84345828106,6.2));
#4899 = VECTOR('',#4900,1.);
#4900 = DIRECTION('',(0.,0.,1.));
#4901 = ORIENTED_EDGE('',*,*,#4902,.F.);
#4902 = EDGE_CURVE('',#4871,#4895,#4903,.T.);
#4903 = LINE('',#4904,#4905);
#4904 = CARTESIAN_POINT('',(136.10182267712,-73.40829549347,7.6));
#4905 = VECTOR('',#4906,1.);
#4906 = DIRECTION('',(-0.334320940736,-0.942459287495,0.));
#4907 = ORIENTED_EDGE('',*,*,#4870,.F.);
#4908 = PLANE('',#4909);
#4909 = AXIS2_PLACEMENT_3D('',#4910,#4911,#4912);
#4910 = CARTESIAN_POINT('',(133.8190612831,-79.84345828106,6.2));
#4911 = DIRECTION('',(-0.942459287495,0.334320940736,0.));
#4912 = DIRECTION('',(0.334320940736,0.942459287495,0.));
#4913 = ADVANCED_FACE('',(#4914),#4932,.F.);
#4914 = FACE_BOUND('',#4915,.F.);
#4915 = EDGE_LOOP('',(#4916,#4917,#4925,#4931));
#4916 = ORIENTED_EDGE('',*,*,#2543,.T.);
#4917 = ORIENTED_EDGE('',*,*,#4918,.T.);
#4918 = EDGE_CURVE('',#2536,#4919,#4921,.T.);
#4919 = VERTEX_POINT('',#4920);
#4920 = CARTESIAN_POINT('',(133.80630368314,-79.87653111531,7.6));
#4921 = LINE('',#4922,#4923);
#4922 = CARTESIAN_POINT('',(133.80630368314,-79.87653111531,6.2));
#4923 = VECTOR('',#4924,1.);
#4924 = DIRECTION('',(0.,0.,1.));
#4925 = ORIENTED_EDGE('',*,*,#4926,.F.);
#4926 = EDGE_CURVE('',#4895,#4919,#4927,.T.);
#4927 = LINE('',#4928,#4929);
#4928 = CARTESIAN_POINT('',(135.95309021042,-74.31119631694,7.6));
#4929 = VECTOR('',#4930,1.);
#4930 = DIRECTION('',(-0.359895036535,-0.932992798835,0.));
#4931 = ORIENTED_EDGE('',*,*,#4894,.F.);
#4932 = PLANE('',#4933);
#4933 = AXIS2_PLACEMENT_3D('',#4934,#4935,#4936);
#4934 = CARTESIAN_POINT('',(133.80630368314,-79.87653111531,6.2));
#4935 = DIRECTION('',(-0.932992798835,0.359895036535,0.));
#4936 = DIRECTION('',(0.359895036535,0.932992798835,0.));
#4937 = ADVANCED_FACE('',(#4938),#4956,.F.);
#4938 = FACE_BOUND('',#4939,.F.);
#4939 = EDGE_LOOP('',(#4940,#4941,#4949,#4955));
#4940 = ORIENTED_EDGE('',*,*,#2535,.T.);
#4941 = ORIENTED_EDGE('',*,*,#4942,.T.);
#4942 = EDGE_CURVE('',#2528,#4943,#4945,.T.);
#4943 = VERTEX_POINT('',#4944);
#4944 = CARTESIAN_POINT('',(133.79264901691,-79.90924378582,7.6));
#4945 = LINE('',#4946,#4947);
#4946 = CARTESIAN_POINT('',(133.79264901691,-79.90924378582,6.2));
#4947 = VECTOR('',#4948,1.);
#4948 = DIRECTION('',(0.,0.,1.));
#4949 = ORIENTED_EDGE('',*,*,#4950,.F.);
#4950 = EDGE_CURVE('',#4919,#4943,#4951,.T.);
#4951 = LINE('',#4952,#4953);
#4952 = CARTESIAN_POINT('',(135.75624717418,-75.20502484032,7.6));
#4953 = VECTOR('',#4954,1.);
#4954 = DIRECTION('',(-0.385201496828,-0.922832491215,0.));
#4955 = ORIENTED_EDGE('',*,*,#4918,.F.);
#4956 = PLANE('',#4957);
#4957 = AXIS2_PLACEMENT_3D('',#4958,#4959,#4960);
#4958 = CARTESIAN_POINT('',(133.79264901691,-79.90924378582,6.2));
#4959 = DIRECTION('',(-0.922832491215,0.385201496828,0.));
#4960 = DIRECTION('',(0.385201496828,0.922832491215,0.));
#4961 = ADVANCED_FACE('',(#4962),#4980,.F.);
#4962 = FACE_BOUND('',#4963,.F.);
#4963 = EDGE_LOOP('',(#4964,#4965,#4973,#4979));
#4964 = ORIENTED_EDGE('',*,*,#2527,.T.);
#4965 = ORIENTED_EDGE('',*,*,#4966,.T.);
#4966 = EDGE_CURVE('',#2520,#4967,#4969,.T.);
#4967 = VERTEX_POINT('',#4968);
#4968 = CARTESIAN_POINT('',(133.7750306646,-79.94841211112,7.6));
#4969 = LINE('',#4970,#4971);
#4970 = CARTESIAN_POINT('',(133.7750306646,-79.94841211112,6.2));
#4971 = VECTOR('',#4972,1.);
#4972 = DIRECTION('',(0.,0.,1.));
#4973 = ORIENTED_EDGE('',*,*,#4974,.F.);
#4974 = EDGE_CURVE('',#4943,#4967,#4975,.T.);
#4975 = LINE('',#4976,#4977);
#4976 = CARTESIAN_POINT('',(135.51031064574,-76.09061601556,7.6));
#4977 = VECTOR('',#4978,1.);
#4978 = DIRECTION('',(-0.410221502497,-0.911985920335,0.));
#4979 = ORIENTED_EDGE('',*,*,#4942,.F.);
#4980 = PLANE('',#4981);
#4981 = AXIS2_PLACEMENT_3D('',#4982,#4983,#4984);
#4982 = CARTESIAN_POINT('',(133.7750306646,-79.94841211112,6.2));
#4983 = DIRECTION('',(-0.911985920335,0.410221502497,0.));
#4984 = DIRECTION('',(0.410221502497,0.911985920335,0.));
#4985 = ADVANCED_FACE('',(#4986),#5004,.F.);
#4986 = FACE_BOUND('',#4987,.F.);
#4987 = EDGE_LOOP('',(#4988,#4989,#4997,#5003));
#4988 = ORIENTED_EDGE('',*,*,#2519,.T.);
#4989 = ORIENTED_EDGE('',*,*,#4990,.T.);
#4990 = EDGE_CURVE('',#2512,#4991,#4993,.T.);
#4991 = VERTEX_POINT('',#4992);
#4992 = CARTESIAN_POINT('',(127.71210935026,-92.95038882821,7.6));
#4993 = LINE('',#4994,#4995);
#4994 = CARTESIAN_POINT('',(127.71210935026,-92.95038882821,6.2));
#4995 = VECTOR('',#4996,1.);
#4996 = DIRECTION('',(0.,0.,1.));
#4997 = ORIENTED_EDGE('',*,*,#4998,.F.);
#4998 = EDGE_CURVE('',#4967,#4991,#4999,.T.);
#4999 = LINE('',#5000,#5001);
#5000 = CARTESIAN_POINT('',(132.34293063376,-83.0195605381,7.6));
#5001 = VECTOR('',#5002,1.);
#5002 = DIRECTION('',(-0.422618261741,-0.906307787037,0.));
#5003 = ORIENTED_EDGE('',*,*,#4966,.F.);
#5004 = PLANE('',#5005);
#5005 = AXIS2_PLACEMENT_3D('',#5006,#5007,#5008);
#5006 = CARTESIAN_POINT('',(127.71210935026,-92.95038882821,6.2));
#5007 = DIRECTION('',(-0.906307787037,0.422618261741,0.));
#5008 = DIRECTION('',(0.422618261741,0.906307787037,0.));
#5009 = ADVANCED_FACE('',(#5010),#5028,.F.);
#5010 = FACE_BOUND('',#5011,.F.);
#5011 = EDGE_LOOP('',(#5012,#5013,#5021,#5027));
#5012 = ORIENTED_EDGE('',*,*,#2511,.T.);
#5013 = ORIENTED_EDGE('',*,*,#5014,.T.);
#5014 = EDGE_CURVE('',#2504,#5015,#5017,.T.);
#5015 = VERTEX_POINT('',#5016);
#5016 = CARTESIAN_POINT('',(127.64003128325,-93.08702478343,7.6));
#5017 = LINE('',#5018,#5019);
#5018 = CARTESIAN_POINT('',(127.64003128325,-93.08702478343,6.2));
#5019 = VECTOR('',#5020,1.);
#5020 = DIRECTION('',(0.,0.,1.));
#5021 = ORIENTED_EDGE('',*,*,#5022,.F.);
#5022 = EDGE_CURVE('',#4991,#5015,#5023,.T.);
#5023 = LINE('',#5024,#5025);
#5024 = CARTESIAN_POINT('',(132.0334963606,-84.75848154612,7.6));
#5025 = VECTOR('',#5026,1.);
#5026 = DIRECTION('',(-0.466579614871,-0.884479204384,0.));
#5027 = ORIENTED_EDGE('',*,*,#4990,.F.);
#5028 = PLANE('',#5029);
#5029 = AXIS2_PLACEMENT_3D('',#5030,#5031,#5032);
#5030 = CARTESIAN_POINT('',(127.64003128325,-93.08702478343,6.2));
#5031 = DIRECTION('',(-0.884479204384,0.466579614871,0.));
#5032 = DIRECTION('',(0.466579614871,0.884479204384,0.));
#5033 = ADVANCED_FACE('',(#5034),#5052,.F.);
#5034 = FACE_BOUND('',#5035,.F.);
#5035 = EDGE_LOOP('',(#5036,#5037,#5045,#5051));
#5036 = ORIENTED_EDGE('',*,*,#2503,.T.);
#5037 = ORIENTED_EDGE('',*,*,#5038,.T.);
#5038 = EDGE_CURVE('',#2496,#5039,#5041,.T.);
#5039 = VERTEX_POINT('',#5040);
#5040 = CARTESIAN_POINT('',(127.56980522078,-93.19337666985,7.6));
#5041 = LINE('',#5042,#5043);
#5042 = CARTESIAN_POINT('',(127.56980522078,-93.19337666985,6.2));
#5043 = VECTOR('',#5044,1.);
#5044 = DIRECTION('',(0.,0.,1.));
#5045 = ORIENTED_EDGE('',*,*,#5046,.F.);
#5046 = EDGE_CURVE('',#5015,#5039,#5047,.T.);
#5047 = LINE('',#5048,#5049);
#5048 = CARTESIAN_POINT('',(130.97481416904,-88.03675657496,7.6));
#5049 = VECTOR('',#5050,1.);
#5050 = DIRECTION('',(-0.55102702879,-0.834487395676,0.));
#5051 = ORIENTED_EDGE('',*,*,#5014,.F.);
#5052 = PLANE('',#5053);
#5053 = AXIS2_PLACEMENT_3D('',#5054,#5055,#5056);
#5054 = CARTESIAN_POINT('',(127.56980522078,-93.19337666985,6.2));
#5055 = DIRECTION('',(-0.834487395676,0.55102702879,0.));
#5056 = DIRECTION('',(0.55102702879,0.834487395676,0.));
#5057 = ADVANCED_FACE('',(#5058),#5076,.F.);
#5058 = FACE_BOUND('',#5059,.F.);
#5059 = EDGE_LOOP('',(#5060,#5061,#5069,#5075));
#5060 = ORIENTED_EDGE('',*,*,#2495,.T.);
#5061 = ORIENTED_EDGE('',*,*,#5062,.T.);
#5062 = EDGE_CURVE('',#2488,#5063,#5065,.T.);
#5063 = VERTEX_POINT('',#5064);
#5064 = CARTESIAN_POINT('',(127.48949300821,-93.29233308506,7.6));
#5065 = LINE('',#5066,#5067);
#5066 = CARTESIAN_POINT('',(127.48949300821,-93.29233308506,6.2));
#5067 = VECTOR('',#5068,1.);
#5068 = DIRECTION('',(0.,0.,1.));
#5069 = ORIENTED_EDGE('',*,*,#5070,.F.);
#5070 = EDGE_CURVE('',#5039,#5063,#5071,.T.);
#5071 = LINE('',#5072,#5073);
#5072 = CARTESIAN_POINT('',(129.30642059011,-91.05361204321,7.6));
#5073 = VECTOR('',#5074,1.);
#5074 = DIRECTION('',(-0.630167751201,-0.776459017171,0.));
#5075 = ORIENTED_EDGE('',*,*,#5038,.F.);
#5076 = PLANE('',#5077);
#5077 = AXIS2_PLACEMENT_3D('',#5078,#5079,#5080);
#5078 = CARTESIAN_POINT('',(127.48949300821,-93.29233308506,6.2));
#5079 = DIRECTION('',(-0.776459017171,0.630167751201,0.));
#5080 = DIRECTION('',(0.630167751201,0.776459017171,0.));
#5081 = ADVANCED_FACE('',(#5082),#5100,.F.);
#5082 = FACE_BOUND('',#5083,.F.);
#5083 = EDGE_LOOP('',(#5084,#5085,#5093,#5099));
#5084 = ORIENTED_EDGE('',*,*,#2487,.T.);
#5085 = ORIENTED_EDGE('',*,*,#5086,.T.);
#5086 = EDGE_CURVE('',#2480,#5087,#5089,.T.);
#5087 = VERTEX_POINT('',#5088);
#5088 = CARTESIAN_POINT('',(127.39986809607,-93.38294102466,7.6));
#5089 = LINE('',#5090,#5091);
#5090 = CARTESIAN_POINT('',(127.39986809607,-93.38294102466,6.2));
#5091 = VECTOR('',#5092,1.);
#5092 = DIRECTION('',(0.,0.,1.));
#5093 = ORIENTED_EDGE('',*,*,#5094,.F.);
#5094 = EDGE_CURVE('',#5063,#5087,#5095,.T.);
#5095 = LINE('',#5096,#5097);
#5096 = CARTESIAN_POINT('',(127.0901907681,-93.69601496759,7.6));
#5097 = VECTOR('',#5098,1.);
#5098 = DIRECTION('',(-0.703239613683,-0.710952913875,0.));
#5099 = ORIENTED_EDGE('',*,*,#5062,.F.);
#5100 = PLANE('',#5101);
#5101 = AXIS2_PLACEMENT_3D('',#5102,#5103,#5104);
#5102 = CARTESIAN_POINT('',(127.39986809607,-93.38294102466,6.2));
#5103 = DIRECTION('',(-0.710952913875,0.703239613683,0.));
#5104 = DIRECTION('',(0.703239613683,0.710952913875,0.));
#5105 = ADVANCED_FACE('',(#5106),#5124,.F.);
#5106 = FACE_BOUND('',#5107,.F.);
#5107 = EDGE_LOOP('',(#5108,#5109,#5117,#5123));
#5108 = ORIENTED_EDGE('',*,*,#2479,.T.);
#5109 = ORIENTED_EDGE('',*,*,#5110,.T.);
#5110 = EDGE_CURVE('',#2472,#5111,#5113,.T.);
#5111 = VERTEX_POINT('',#5112);
#5112 = CARTESIAN_POINT('',(127.30179362124,-93.46432788469,7.6));
#5113 = LINE('',#5114,#5115);
#5114 = CARTESIAN_POINT('',(127.30179362124,-93.46432788469,6.2));
#5115 = VECTOR('',#5116,1.);
#5116 = DIRECTION('',(0.,0.,1.));
#5117 = ORIENTED_EDGE('',*,*,#5118,.F.);
#5118 = EDGE_CURVE('',#5087,#5111,#5119,.T.);
#5119 = LINE('',#5120,#5121);
#5120 = CARTESIAN_POINT('',(124.40877912286,-95.86508880063,7.6));
#5121 = VECTOR('',#5122,1.);
#5122 = DIRECTION('',(-0.769538894255,-0.638599945372,0.));
#5123 = ORIENTED_EDGE('',*,*,#5086,.F.);
#5124 = PLANE('',#5125);
#5125 = AXIS2_PLACEMENT_3D('',#5126,#5127,#5128);
#5126 = CARTESIAN_POINT('',(127.30179362124,-93.46432788469,6.2));
#5127 = DIRECTION('',(-0.638599945372,0.769538894255,0.));
#5128 = DIRECTION('',(0.769538894255,0.638599945372,0.));
#5129 = ADVANCED_FACE('',(#5130),#5148,.F.);
#5130 = FACE_BOUND('',#5131,.F.);
#5131 = EDGE_LOOP('',(#5132,#5133,#5141,#5147));
#5132 = ORIENTED_EDGE('',*,*,#2471,.T.);
#5133 = ORIENTED_EDGE('',*,*,#5134,.T.);
#5134 = EDGE_CURVE('',#2464,#5135,#5137,.T.);
#5135 = VERTEX_POINT('',#5136);
#5136 = CARTESIAN_POINT('',(127.19621409453,-93.53570986517,7.6));
#5137 = LINE('',#5138,#5139);
#5138 = CARTESIAN_POINT('',(127.19621409453,-93.53570986517,6.2));
#5139 = VECTOR('',#5140,1.);
#5140 = DIRECTION('',(0.,0.,1.));
#5141 = ORIENTED_EDGE('',*,*,#5142,.F.);
#5142 = EDGE_CURVE('',#5111,#5135,#5143,.T.);
#5143 = LINE('',#5144,#5145);
#5144 = CARTESIAN_POINT('',(121.36246719839,-97.47988749201,7.6));
#5145 = VECTOR('',#5146,1.);
#5146 = DIRECTION('',(-0.828427094603,-0.5600969103,0.));
#5147 = ORIENTED_EDGE('',*,*,#5110,.F.);
#5148 = PLANE('',#5149);
#5149 = AXIS2_PLACEMENT_3D('',#5150,#5151,#5152);
#5150 = CARTESIAN_POINT('',(127.19621409453,-93.53570986517,6.2));
#5151 = DIRECTION('',(-0.5600969103,0.828427094603,0.));
#5152 = DIRECTION('',(0.828427094603,0.5600969103,0.));
#5153 = ADVANCED_FACE('',(#5154),#5172,.F.);
#5154 = FACE_BOUND('',#5155,.F.);
#5155 = EDGE_LOOP('',(#5156,#5157,#5165,#5171));
#5156 = ORIENTED_EDGE('',*,*,#2463,.T.);
#5157 = ORIENTED_EDGE('',*,*,#5158,.T.);
#5158 = EDGE_CURVE('',#2456,#5159,#5161,.T.);
#5159 = VERTEX_POINT('',#5160);
#5160 = CARTESIAN_POINT('',(127.08414630451,-93.59639951862,7.6));
#5161 = LINE('',#5162,#5163);
#5162 = CARTESIAN_POINT('',(127.08414630451,-93.59639951862,6.2));
#5163 = VECTOR('',#5164,1.);
#5164 = DIRECTION('',(0.,0.,1.));
#5165 = ORIENTED_EDGE('',*,*,#5166,.F.);
#5166 = EDGE_CURVE('',#5135,#5159,#5167,.T.);
#5167 = LINE('',#5168,#5169);
#5168 = CARTESIAN_POINT('',(118.06533651443,-98.48048298796,7.6));
#5169 = VECTOR('',#5170,1.);
#5170 = DIRECTION('',(-0.879337089165,-0.476199835803,0.));
#5171 = ORIENTED_EDGE('',*,*,#5134,.F.);
#5172 = PLANE('',#5173);
#5173 = AXIS2_PLACEMENT_3D('',#5174,#5175,#5176);
#5174 = CARTESIAN_POINT('',(127.08414630451,-93.59639951862,6.2));
#5175 = DIRECTION('',(-0.476199835803,0.879337089165,0.));
#5176 = DIRECTION('',(0.879337089165,0.476199835803,0.));
#5177 = ADVANCED_FACE('',(#5178),#5196,.F.);
#5178 = FACE_BOUND('',#5179,.F.);
#5179 = EDGE_LOOP('',(#5180,#5181,#5189,#5195));
#5180 = ORIENTED_EDGE('',*,*,#2455,.T.);
#5181 = ORIENTED_EDGE('',*,*,#5182,.T.);
#5182 = EDGE_CURVE('',#2448,#5183,#5185,.T.);
#5183 = VERTEX_POINT('',#5184);
#5184 = CARTESIAN_POINT('',(126.96666952524,-93.6458123705,7.6));
#5185 = LINE('',#5186,#5187);
#5186 = CARTESIAN_POINT('',(126.96666952524,-93.6458123705,6.2));
#5187 = VECTOR('',#5188,1.);
#5188 = DIRECTION('',(0.,0.,1.));
#5189 = ORIENTED_EDGE('',*,*,#5190,.F.);
#5190 = EDGE_CURVE('',#5159,#5183,#5191,.T.);
#5191 = LINE('',#5192,#5193);
#5192 = CARTESIAN_POINT('',(114.64091323955,-98.83024774132,7.6));
#5193 = VECTOR('',#5194,1.);
#5194 = DIRECTION('',(-0.921778586864,-0.387716696569,0.));
#5195 = ORIENTED_EDGE('',*,*,#5158,.F.);
#5196 = PLANE('',#5197);
#5197 = AXIS2_PLACEMENT_3D('',#5198,#5199,#5200);
#5198 = CARTESIAN_POINT('',(126.96666952524,-93.6458123705,6.2));
#5199 = DIRECTION('',(-0.387716696569,0.921778586864,0.));
#5200 = DIRECTION('',(0.921778586864,0.387716696569,0.));
#5201 = ADVANCED_FACE('',(#5202),#5220,.F.);
#5202 = FACE_BOUND('',#5203,.F.);
#5203 = EDGE_LOOP('',(#5204,#5205,#5213,#5219));
#5204 = ORIENTED_EDGE('',*,*,#2447,.T.);
#5205 = ORIENTED_EDGE('',*,*,#5206,.T.);
#5206 = EDGE_CURVE('',#2440,#5207,#5209,.T.);
#5207 = VERTEX_POINT('',#5208);
#5208 = CARTESIAN_POINT('',(126.84491512234,-93.68347254804,7.6));
#5209 = LINE('',#5210,#5211);
#5210 = CARTESIAN_POINT('',(126.84491512234,-93.68347254804,6.2));
#5211 = VECTOR('',#5212,1.);
#5212 = DIRECTION('',(0.,0.,1.));
#5213 = ORIENTED_EDGE('',*,*,#5214,.F.);
#5214 = EDGE_CURVE('',#5183,#5207,#5215,.T.);
#5215 = LINE('',#5216,#5217);
#5216 = CARTESIAN_POINT('',(111.21745178186,-98.51724471402,7.6));
#5217 = VECTOR('',#5218,1.);
#5218 = DIRECTION('',(-0.955342852877,-0.2954996336,0.));
#5219 = ORIENTED_EDGE('',*,*,#5182,.F.);
#5220 = PLANE('',#5221);
#5221 = AXIS2_PLACEMENT_3D('',#5222,#5223,#5224);
#5222 = CARTESIAN_POINT('',(126.84491512234,-93.68347254804,6.2));
#5223 = DIRECTION('',(-0.2954996336,0.955342852877,0.));
#5224 = DIRECTION('',(0.955342852877,0.2954996336,0.));
#5225 = ADVANCED_FACE('',(#5226),#5244,.F.);
#5226 = FACE_BOUND('',#5227,.F.);
#5227 = EDGE_LOOP('',(#5228,#5229,#5237,#5243));
#5228 = ORIENTED_EDGE('',*,*,#2439,.T.);
#5229 = ORIENTED_EDGE('',*,*,#5230,.T.);
#5230 = EDGE_CURVE('',#2432,#5231,#5233,.T.);
#5231 = VERTEX_POINT('',#5232);
#5232 = CARTESIAN_POINT('',(126.72005565727,-93.70901736313,7.6));
#5233 = LINE('',#5234,#5235);
#5234 = CARTESIAN_POINT('',(126.72005565727,-93.70901736313,6.2));
#5235 = VECTOR('',#5236,1.);
#5236 = DIRECTION('',(0.,0.,1.));
#5237 = ORIENTED_EDGE('',*,*,#5238,.F.);
#5238 = EDGE_CURVE('',#5207,#5231,#5239,.T.);
#5239 = LINE('',#5240,#5241);
#5240 = CARTESIAN_POINT('',(107.92303825101,-97.55467162428,7.6));
#5241 = VECTOR('',#5242,1.);
#5242 = DIRECTION('',(-0.979706644972,-0.200436747622,0.));
#5243 = ORIENTED_EDGE('',*,*,#5206,.F.);
#5244 = PLANE('',#5245);
#5245 = AXIS2_PLACEMENT_3D('',#5246,#5247,#5248);
#5246 = CARTESIAN_POINT('',(126.72005565727,-93.70901736313,6.2));
#5247 = DIRECTION('',(-0.200436747622,0.979706644972,0.));
#5248 = DIRECTION('',(0.979706644972,0.200436747622,0.));
#5249 = ADVANCED_FACE('',(#5250),#5268,.F.);
#5250 = FACE_BOUND('',#5251,.F.);
#5251 = EDGE_LOOP('',(#5252,#5253,#5261,#5267));
#5252 = ORIENTED_EDGE('',*,*,#2431,.T.);
#5253 = ORIENTED_EDGE('',*,*,#5254,.T.);
#5254 = EDGE_CURVE('',#2424,#5255,#5257,.T.);
#5255 = VERTEX_POINT('',#5256);
#5256 = CARTESIAN_POINT('',(126.59329359492,-93.72220080524,7.6));
#5257 = LINE('',#5258,#5259);
#5258 = CARTESIAN_POINT('',(126.59329359492,-93.72220080524,6.2));
#5259 = VECTOR('',#5260,1.);
#5260 = DIRECTION('',(0.,0.,1.));
#5261 = ORIENTED_EDGE('',*,*,#5262,.F.);
#5262 = EDGE_CURVE('',#5231,#5255,#5263,.T.);
#5263 = LINE('',#5264,#5265);
#5264 = CARTESIAN_POINT('',(104.88070165275,-95.98034250575,7.6));
#5265 = VECTOR('',#5266,1.);
#5266 = DIRECTION('',(-0.994635326514,-0.103443546196,0.));
#5267 = ORIENTED_EDGE('',*,*,#5230,.F.);
#5268 = PLANE('',#5269);
#5269 = AXIS2_PLACEMENT_3D('',#5270,#5271,#5272);
#5270 = CARTESIAN_POINT('',(126.59329359492,-93.72220080524,6.2));
#5271 = DIRECTION('',(-0.103443546196,0.994635326514,0.));
#5272 = DIRECTION('',(0.994635326514,0.103443546196,0.));
#5273 = ADVANCED_FACE('',(#5274),#5292,.F.);
#5274 = FACE_BOUND('',#5275,.F.);
#5275 = EDGE_LOOP('',(#5276,#5277,#5285,#5291));
#5276 = ORIENTED_EDGE('',*,*,#2423,.T.);
#5277 = ORIENTED_EDGE('',*,*,#5278,.T.);
#5278 = EDGE_CURVE('',#2416,#5279,#5281,.T.);
#5279 = VERTEX_POINT('',#5280);
#5280 = CARTESIAN_POINT('',(126.46584972325,-93.72289591063,7.6));
#5281 = LINE('',#5282,#5283);
#5282 = CARTESIAN_POINT('',(126.46584972325,-93.72289591063,6.2));
#5283 = VECTOR('',#5284,1.);
#5284 = DIRECTION('',(0.,0.,1.));
#5285 = ORIENTED_EDGE('',*,*,#5286,.F.);
#5286 = EDGE_CURVE('',#5255,#5279,#5287,.T.);
#5287 = LINE('',#5288,#5289);
#5288 = CARTESIAN_POINT('',(102.20372036754,-93.85522661056,7.6));
#5289 = VECTOR('',#5290,1.);
#5290 = DIRECTION('',(-0.999985126139,-5.454126870903E-03,0.));
#5291 = ORIENTED_EDGE('',*,*,#5254,.F.);
#5292 = PLANE('',#5293);
#5293 = AXIS2_PLACEMENT_3D('',#5294,#5295,#5296);
#5294 = CARTESIAN_POINT('',(126.46584972325,-93.72289591063,6.2));
#5295 = DIRECTION('',(-5.454126870903E-03,0.999985126139,0.));
#5296 = DIRECTION('',(0.999985126139,5.454126870903E-03,0.));
#5297 = ADVANCED_FACE('',(#5298),#5316,.F.);
#5298 = FACE_BOUND('',#5299,.F.);
#5299 = EDGE_LOOP('',(#5300,#5301,#5309,#5315));
#5300 = ORIENTED_EDGE('',*,*,#2415,.T.);
#5301 = ORIENTED_EDGE('',*,*,#5302,.T.);
#5302 = EDGE_CURVE('',#2408,#5303,#5305,.T.);
#5303 = VERTEX_POINT('',#5304);
#5304 = CARTESIAN_POINT('',(126.33895139641,-93.71109598504,7.6));
#5305 = LINE('',#5306,#5307);
#5306 = CARTESIAN_POINT('',(126.33895139641,-93.71109598504,6.2));
#5307 = VECTOR('',#5308,1.);
#5308 = DIRECTION('',(0.,0.,1.));
#5309 = ORIENTED_EDGE('',*,*,#5310,.F.);
#5310 = EDGE_CURVE('',#5279,#5303,#5311,.T.);
#5311 = LINE('',#5312,#5313);
#5312 = CARTESIAN_POINT('',(99.991303951379,-91.26110088163,7.6));
#5313 = VECTOR('',#5314,1.);
#5314 = DIRECTION('',(-0.995704522352,9.258781867686E-02,0.));
#5315 = ORIENTED_EDGE('',*,*,#5278,.F.);
#5316 = PLANE('',#5317);
#5317 = AXIS2_PLACEMENT_3D('',#5318,#5319,#5320);
#5318 = CARTESIAN_POINT('',(126.33895139641,-93.71109598504,6.2));
#5319 = DIRECTION('',(9.258781867686E-02,0.995704522352,0.));
#5320 = DIRECTION('',(0.995704522352,-9.258781867686E-02,0.));
#5321 = ADVANCED_FACE('',(#5322),#5340,.F.);
#5322 = FACE_BOUND('',#5323,.F.);
#5323 = EDGE_LOOP('',(#5324,#5325,#5333,#5339));
#5324 = ORIENTED_EDGE('',*,*,#2407,.T.);
#5325 = ORIENTED_EDGE('',*,*,#5326,.T.);
#5326 = EDGE_CURVE('',#2400,#5327,#5329,.T.);
#5327 = VERTEX_POINT('',#5328);
#5328 = CARTESIAN_POINT('',(126.21382071467,-93.6869146682,7.6));
#5329 = LINE('',#5330,#5331);
#5330 = CARTESIAN_POINT('',(126.21382071467,-93.6869146682,6.2));
#5331 = VECTOR('',#5332,1.);
#5332 = DIRECTION('',(0.,0.,1.));
#5333 = ORIENTED_EDGE('',*,*,#5334,.F.);
#5334 = EDGE_CURVE('',#5303,#5327,#5335,.T.);
#5335 = LINE('',#5336,#5337);
#5336 = CARTESIAN_POINT('',(98.324815867348,-88.29740625188,7.6));
#5337 = VECTOR('',#5338,1.);
#5338 = DIRECTION('',(-0.981834739707,0.189738092917,0.));
#5339 = ORIENTED_EDGE('',*,*,#5302,.F.);
#5340 = PLANE('',#5341);
#5341 = AXIS2_PLACEMENT_3D('',#5342,#5343,#5344);
#5342 = CARTESIAN_POINT('',(126.21382071467,-93.6869146682,6.2));
#5343 = DIRECTION('',(0.189738092917,0.981834739707,0.));
#5344 = DIRECTION('',(0.981834739707,-0.189738092917,0.));
#5345 = ADVANCED_FACE('',(#5346),#5364,.F.);
#5346 = FACE_BOUND('',#5347,.F.);
#5347 = EDGE_LOOP('',(#5348,#5349,#5357,#5363));
#5348 = ORIENTED_EDGE('',*,*,#2399,.T.);
#5349 = ORIENTED_EDGE('',*,*,#5350,.T.);
#5350 = EDGE_CURVE('',#2392,#5351,#5353,.T.);
#5351 = VERTEX_POINT('',#5352);
#5352 = CARTESIAN_POINT('',(126.09166275489,-93.65058483943,7.6));
#5353 = LINE('',#5354,#5355);
#5354 = CARTESIAN_POINT('',(126.09166275489,-93.65058483943,6.2));
#5355 = VECTOR('',#5356,1.);
#5356 = DIRECTION('',(0.,0.,1.));
#5357 = ORIENTED_EDGE('',*,*,#5358,.F.);
#5358 = EDGE_CURVE('',#5327,#5351,#5359,.T.);
#5359 = LINE('',#5360,#5361);
#5360 = CARTESIAN_POINT('',(97.26468196633,-85.07742859131,7.6));
#5361 = VECTOR('',#5362,1.);
#5362 = DIRECTION('',(-0.958509351794,0.285061085602,0.));
#5363 = ORIENTED_EDGE('',*,*,#5326,.F.);
#5364 = PLANE('',#5365);
#5365 = AXIS2_PLACEMENT_3D('',#5366,#5367,#5368);
#5366 = CARTESIAN_POINT('',(126.09166275489,-93.65058483943,6.2));
#5367 = DIRECTION('',(0.285061085602,0.958509351794,0.));
#5368 = DIRECTION('',(0.958509351794,-0.285061085602,0.));
#5369 = ADVANCED_FACE('',(#5370),#5388,.F.);
#5370 = FACE_BOUND('',#5371,.F.);
#5371 = EDGE_LOOP('',(#5372,#5373,#5381,#5387));
#5372 = ORIENTED_EDGE('',*,*,#2391,.T.);
#5373 = ORIENTED_EDGE('',*,*,#5374,.T.);
#5374 = EDGE_CURVE('',#2384,#5375,#5377,.T.);
#5375 = VERTEX_POINT('',#5376);
#5376 = CARTESIAN_POINT('',(125.94861985313,-93.59224651361,7.6));
#5377 = LINE('',#5378,#5379);
#5378 = CARTESIAN_POINT('',(125.94861985313,-93.59224651361,6.2));
#5379 = VECTOR('',#5380,1.);
#5380 = DIRECTION('',(0.,0.,1.));
#5381 = ORIENTED_EDGE('',*,*,#5382,.F.);
#5382 = EDGE_CURVE('',#5351,#5375,#5383,.T.);
#5383 = LINE('',#5384,#5385);
#5384 = CARTESIAN_POINT('',(96.835586126951,-81.71884611214,7.6));
#5385 = VECTOR('',#5386,1.);
#5386 = DIRECTION('',(-0.925952994847,0.377638784201,0.));
#5387 = ORIENTED_EDGE('',*,*,#5350,.F.);
#5388 = PLANE('',#5389);
#5389 = AXIS2_PLACEMENT_3D('',#5390,#5391,#5392);
#5390 = CARTESIAN_POINT('',(125.94861985313,-93.59224651361,6.2));
#5391 = DIRECTION('',(0.377638784201,0.925952994847,0.));
#5392 = DIRECTION('',(0.925952994847,-0.377638784201,0.));
#5393 = ADVANCED_FACE('',(#5394),#5412,.F.);
#5394 = FACE_BOUND('',#5395,.F.);
#5395 = EDGE_LOOP('',(#5396,#5397,#5405,#5411));
#5396 = ORIENTED_EDGE('',*,*,#2383,.T.);
#5397 = ORIENTED_EDGE('',*,*,#5398,.T.);
#5398 = EDGE_CURVE('',#2376,#5399,#5401,.T.);
#5399 = VERTEX_POINT('',#5400);
#5400 = CARTESIAN_POINT('',(111.7029559881,-86.94938435784,7.6));
#5401 = LINE('',#5402,#5403);
#5402 = CARTESIAN_POINT('',(111.7029559881,-86.94938435784,6.2));
#5403 = VECTOR('',#5404,1.);
#5404 = DIRECTION('',(0.,0.,1.));
#5405 = ORIENTED_EDGE('',*,*,#5406,.F.);
#5406 = EDGE_CURVE('',#5375,#5399,#5407,.T.);
#5407 = LINE('',#5408,#5409);
#5408 = CARTESIAN_POINT('',(89.778644860297,-76.72591017917,7.6));
#5409 = VECTOR('',#5410,1.);
#5410 = DIRECTION('',(-0.906307787037,0.422618261741,0.));
#5411 = ORIENTED_EDGE('',*,*,#5374,.F.);
#5412 = PLANE('',#5413);
#5413 = AXIS2_PLACEMENT_3D('',#5414,#5415,#5416);
#5414 = CARTESIAN_POINT('',(111.7029559881,-86.94938435784,6.2));
#5415 = DIRECTION('',(0.422618261741,0.906307787037,0.));
#5416 = DIRECTION('',(0.906307787037,-0.422618261741,0.));
#5417 = ADVANCED_FACE('',(#5418),#5436,.F.);
#5418 = FACE_BOUND('',#5419,.F.);
#5419 = EDGE_LOOP('',(#5420,#5421,#5429,#5435));
#5420 = ORIENTED_EDGE('',*,*,#2375,.T.);
#5421 = ORIENTED_EDGE('',*,*,#5422,.T.);
#5422 = EDGE_CURVE('',#2368,#5423,#5425,.T.);
#5423 = VERTEX_POINT('',#5424);
#5424 = CARTESIAN_POINT('',(111.16968843518,-86.70600898697,7.6));
#5425 = LINE('',#5426,#5427);
#5426 = CARTESIAN_POINT('',(111.16968843518,-86.70600898697,6.2));
#5427 = VECTOR('',#5428,1.);
#5428 = DIRECTION('',(0.,0.,1.));
#5429 = ORIENTED_EDGE('',*,*,#5430,.F.);
#5430 = EDGE_CURVE('',#5399,#5423,#5431,.T.);
#5431 = LINE('',#5432,#5433);
#5432 = CARTESIAN_POINT('',(89.516332573488,-76.82373978748,7.6));
#5433 = VECTOR('',#5434,1.);
#5434 = DIRECTION('',(-0.909734955464,0.415189487833,0.));
#5435 = ORIENTED_EDGE('',*,*,#5398,.F.);
#5436 = PLANE('',#5437);
#5437 = AXIS2_PLACEMENT_3D('',#5438,#5439,#5440);
#5438 = CARTESIAN_POINT('',(111.16968843518,-86.70600898697,6.2));
#5439 = DIRECTION('',(0.415189487833,0.909734955464,0.));
#5440 = DIRECTION('',(0.909734955464,-0.415189487833,0.));
#5441 = ADVANCED_FACE('',(#5442),#5460,.F.);
#5442 = FACE_BOUND('',#5443,.F.);
#5443 = EDGE_LOOP('',(#5444,#5445,#5453,#5459));
#5444 = ORIENTED_EDGE('',*,*,#2367,.T.);
#5445 = ORIENTED_EDGE('',*,*,#5446,.T.);
#5446 = EDGE_CURVE('',#2360,#5447,#5449,.T.);
#5447 = VERTEX_POINT('',#5448);
#5448 = CARTESIAN_POINT('',(110.62838653029,-86.46959031358,7.6));
#5449 = LINE('',#5450,#5451);
#5450 = CARTESIAN_POINT('',(110.62838653029,-86.46959031358,6.2));
#5451 = VECTOR('',#5452,1.);
#5452 = DIRECTION('',(0.,0.,1.));
#5453 = ORIENTED_EDGE('',*,*,#5454,.F.);
#5454 = EDGE_CURVE('',#5423,#5447,#5455,.T.);
#5455 = LINE('',#5456,#5457);
#5456 = CARTESIAN_POINT('',(89.26701517085,-77.13981143581,7.6));
#5457 = VECTOR('',#5458,1.);
#5458 = DIRECTION('',(-0.916406395415,0.400249070508,0.));
#5459 = ORIENTED_EDGE('',*,*,#5422,.F.);
#5460 = PLANE('',#5461);
#5461 = AXIS2_PLACEMENT_3D('',#5462,#5463,#5464);
#5462 = CARTESIAN_POINT('',(110.62838653029,-86.46959031358,6.2));
#5463 = DIRECTION('',(0.400249070508,0.916406395415,0.));
#5464 = DIRECTION('',(0.916406395415,-0.400249070508,0.));
#5465 = ADVANCED_FACE('',(#5466),#5484,.F.);
#5466 = FACE_BOUND('',#5467,.F.);
#5467 = EDGE_LOOP('',(#5468,#5469,#5477,#5483));
#5468 = ORIENTED_EDGE('',*,*,#2359,.T.);
#5469 = ORIENTED_EDGE('',*,*,#5470,.T.);
#5470 = EDGE_CURVE('',#2352,#5471,#5473,.T.);
#5471 = VERTEX_POINT('',#5472);
#5472 = CARTESIAN_POINT('',(110.08328886633,-86.24205992418,7.6));
#5473 = LINE('',#5474,#5475);
#5474 = CARTESIAN_POINT('',(110.08328886633,-86.24205992418,6.2));
#5475 = VECTOR('',#5476,1.);
#5476 = DIRECTION('',(0.,0.,1.));
#5477 = ORIENTED_EDGE('',*,*,#5478,.F.);
#5478 = EDGE_CURVE('',#5447,#5471,#5479,.T.);
#5479 = LINE('',#5480,#5481);
#5480 = CARTESIAN_POINT('',(89.031859137523,-77.45493732164,7.6));
#5481 = VECTOR('',#5482,1.);
#5482 = DIRECTION('',(-0.922832491215,0.385201496828,0.));
#5483 = ORIENTED_EDGE('',*,*,#5446,.F.);
#5484 = PLANE('',#5485);
#5485 = AXIS2_PLACEMENT_3D('',#5486,#5487,#5488);
#5486 = CARTESIAN_POINT('',(110.08328886633,-86.24205992418,6.2));
#5487 = DIRECTION('',(0.385201496828,0.922832491215,0.));
#5488 = DIRECTION('',(0.922832491215,-0.385201496828,0.));
#5489 = ADVANCED_FACE('',(#5490),#5508,.F.);
#5490 = FACE_BOUND('',#5491,.F.);
#5491 = EDGE_LOOP('',(#5492,#5493,#5501,#5507));
#5492 = ORIENTED_EDGE('',*,*,#2351,.T.);
#5493 = ORIENTED_EDGE('',*,*,#5494,.T.);
#5494 = EDGE_CURVE('',#2344,#5495,#5497,.T.);
#5495 = VERTEX_POINT('',#5496);
#5496 = CARTESIAN_POINT('',(109.5345413791,-86.02347873416,7.6));
#5497 = LINE('',#5498,#5499);
#5498 = CARTESIAN_POINT('',(109.5345413791,-86.02347873416,6.2));
#5499 = VECTOR('',#5500,1.);
#5500 = DIRECTION('',(0.,0.,1.));
#5501 = ORIENTED_EDGE('',*,*,#5502,.F.);
#5502 = EDGE_CURVE('',#5471,#5495,#5503,.T.);
#5503 = LINE('',#5504,#5505);
#5504 = CARTESIAN_POINT('',(88.810679278166,-77.76859548587,7.6));
#5505 = VECTOR('',#5506,1.);
#5506 = DIRECTION('',(-0.929011522441,0.370050795393,0.));
#5507 = ORIENTED_EDGE('',*,*,#5470,.F.);
#5508 = PLANE('',#5509);
#5509 = AXIS2_PLACEMENT_3D('',#5510,#5511,#5512);
#5510 = CARTESIAN_POINT('',(109.5345413791,-86.02347873416,6.2));
#5511 = DIRECTION('',(0.370050795393,0.929011522441,0.));
#5512 = DIRECTION('',(0.929011522441,-0.370050795393,0.));
#5513 = ADVANCED_FACE('',(#5514),#5532,.F.);
#5514 = FACE_BOUND('',#5515,.F.);
#5515 = EDGE_LOOP('',(#5516,#5517,#5525,#5531));
#5516 = ORIENTED_EDGE('',*,*,#2343,.T.);
#5517 = ORIENTED_EDGE('',*,*,#5518,.T.);
#5518 = EDGE_CURVE('',#2336,#5519,#5521,.T.);
#5519 = VERTEX_POINT('',#5520);
#5520 = CARTESIAN_POINT('',(108.9822909816,-85.81390526299,7.6));
#5521 = LINE('',#5522,#5523);
#5522 = CARTESIAN_POINT('',(108.9822909816,-85.81390526299,6.2));
#5523 = VECTOR('',#5524,1.);
#5524 = DIRECTION('',(0.,0.,1.));
#5525 = ORIENTED_EDGE('',*,*,#5526,.F.);
#5526 = EDGE_CURVE('',#5495,#5519,#5527,.T.);
#5527 = LINE('',#5528,#5529);
#5528 = CARTESIAN_POINT('',(88.603272470924,-78.08027271597,7.6));
#5529 = VECTOR('',#5530,1.);
#5530 = DIRECTION('',(-0.934941834819,0.354801022412,0.));
#5531 = ORIENTED_EDGE('',*,*,#5494,.F.);
#5532 = PLANE('',#5533);
#5533 = AXIS2_PLACEMENT_3D('',#5534,#5535,#5536);
#5534 = CARTESIAN_POINT('',(108.9822909816,-85.81390526299,6.2));
#5535 = DIRECTION('',(0.354801022412,0.934941834819,0.));
#5536 = DIRECTION('',(0.934941834819,-0.354801022412,0.));
#5537 = ADVANCED_FACE('',(#5538),#5556,.F.);
#5538 = FACE_BOUND('',#5539,.F.);
#5539 = EDGE_LOOP('',(#5540,#5541,#5549,#5555));
#5540 = ORIENTED_EDGE('',*,*,#2335,.T.);
#5541 = ORIENTED_EDGE('',*,*,#5542,.T.);
#5542 = EDGE_CURVE('',#2328,#5543,#5545,.T.);
#5543 = VERTEX_POINT('',#5544);
#5544 = CARTESIAN_POINT('',(108.42668552459,-85.61339561856,7.6));
#5545 = LINE('',#5546,#5547);
#5546 = CARTESIAN_POINT('',(108.42668552459,-85.61339561856,6.2));
#5547 = VECTOR('',#5548,1.);
#5548 = DIRECTION('',(0.,0.,1.));
#5549 = ORIENTED_EDGE('',*,*,#5550,.F.);
#5550 = EDGE_CURVE('',#5519,#5543,#5551,.T.);
#5551 = LINE('',#5552,#5553);
#5552 = CARTESIAN_POINT('',(88.409418002725,-78.38946514297,7.6));
#5553 = VECTOR('',#5554,1.);
#5554 = DIRECTION('',(-0.94062184066,0.339456260618,0.));
#5555 = ORIENTED_EDGE('',*,*,#5518,.F.);
#5556 = PLANE('',#5557);
#5557 = AXIS2_PLACEMENT_3D('',#5558,#5559,#5560);
#5558 = CARTESIAN_POINT('',(108.42668552459,-85.61339561856,6.2));
#5559 = DIRECTION('',(0.339456260618,0.94062184066,0.));
#5560 = DIRECTION('',(0.94062184066,-0.339456260618,0.));
#5561 = ADVANCED_FACE('',(#5562),#5580,.F.);
#5562 = FACE_BOUND('',#5563,.F.);
#5563 = EDGE_LOOP('',(#5564,#5565,#5573,#5579));
#5564 = ORIENTED_EDGE('',*,*,#2327,.T.);
#5565 = ORIENTED_EDGE('',*,*,#5566,.T.);
#5566 = EDGE_CURVE('',#2320,#5567,#5569,.T.);
#5567 = VERTEX_POINT('',#5568);
#5568 = CARTESIAN_POINT('',(107.86787375711,-85.42200348215,7.6));
#5569 = LINE('',#5570,#5571);
#5570 = CARTESIAN_POINT('',(107.86787375711,-85.42200348215,6.2));
#5571 = VECTOR('',#5572,1.);
#5572 = DIRECTION('',(0.,0.,1.));
#5573 = ORIENTED_EDGE('',*,*,#5574,.F.);
#5574 = EDGE_CURVE('',#5543,#5567,#5575,.T.);
#5575 = LINE('',#5576,#5577);
#5576 = CARTESIAN_POINT('',(88.22887792418,-78.69567882663,7.6));
#5577 = VECTOR('',#5578,1.);
#5578 = DIRECTION('',(-0.94605001929,0.324020618174,0.));
#5579 = ORIENTED_EDGE('',*,*,#5542,.F.);
#5580 = PLANE('',#5581);
#5581 = AXIS2_PLACEMENT_3D('',#5582,#5583,#5584);
#5582 = CARTESIAN_POINT('',(107.86787375711,-85.42200348215,6.2));
#5583 = DIRECTION('',(0.324020618174,0.94605001929,0.));
#5584 = DIRECTION('',(0.94605001929,-0.324020618174,0.));
#5585 = ADVANCED_FACE('',(#5586),#5604,.F.);
#5586 = FACE_BOUND('',#5587,.F.);
#5587 = EDGE_LOOP('',(#5588,#5589,#5597,#5603));
#5588 = ORIENTED_EDGE('',*,*,#2319,.T.);
#5589 = ORIENTED_EDGE('',*,*,#5590,.T.);
#5590 = EDGE_CURVE('',#2312,#5591,#5593,.T.);
#5591 = VERTEX_POINT('',#5592);
#5592 = CARTESIAN_POINT('',(107.30600528656,-85.23978009406,7.6));
#5593 = LINE('',#5594,#5595);
#5594 = CARTESIAN_POINT('',(107.30600528656,-85.23978009406,6.2));
#5595 = VECTOR('',#5596,1.);
#5596 = DIRECTION('',(0.,0.,1.));
#5597 = ORIENTED_EDGE('',*,*,#5598,.F.);
#5598 = EDGE_CURVE('',#5567,#5591,#5599,.T.);
#5599 = LINE('',#5600,#5601);
#5600 = CARTESIAN_POINT('',(88.061397423659,-78.99843032791,7.6));
#5601 = VECTOR('',#5602,1.);
#5602 = DIRECTION('',(-0.951224917453,0.308498227576,0.));
#5603 = ORIENTED_EDGE('',*,*,#5566,.F.);
#5604 = PLANE('',#5605);
#5605 = AXIS2_PLACEMENT_3D('',#5606,#5607,#5608);
#5606 = CARTESIAN_POINT('',(107.30600528656,-85.23978009406,6.2));
#5607 = DIRECTION('',(0.308498227576,0.951224917453,0.));
#5608 = DIRECTION('',(0.951224917453,-0.308498227576,0.));
#5609 = ADVANCED_FACE('',(#5610),#5628,.F.);
#5610 = FACE_BOUND('',#5611,.F.);
#5611 = EDGE_LOOP('',(#5612,#5613,#5621,#5627));
#5612 = ORIENTED_EDGE('',*,*,#2311,.T.);
#5613 = ORIENTED_EDGE('',*,*,#5614,.T.);
#5614 = EDGE_CURVE('',#2304,#5615,#5617,.T.);
#5615 = VERTEX_POINT('',#5616);
#5616 = CARTESIAN_POINT('',(106.74123053873,-85.0667742399,7.6));
#5617 = LINE('',#5618,#5619);
#5618 = CARTESIAN_POINT('',(106.74123053873,-85.0667742399,6.2));
#5619 = VECTOR('',#5620,1.);
#5620 = DIRECTION('',(0.,0.,1.));
#5621 = ORIENTED_EDGE('',*,*,#5622,.F.);
#5622 = EDGE_CURVE('',#5591,#5615,#5623,.T.);
#5623 = LINE('',#5624,#5625);
#5624 = CARTESIAN_POINT('',(87.906705220131,-79.2972472683,7.6));
#5625 = VECTOR('',#5626,1.);
#5626 = DIRECTION('',(-0.956145149703,0.292893244542,0.));
#5627 = ORIENTED_EDGE('',*,*,#5590,.F.);
#5628 = PLANE('',#5629);
#5629 = AXIS2_PLACEMENT_3D('',#5630,#5631,#5632);
#5630 = CARTESIAN_POINT('',(106.74123053873,-85.0667742399,6.2));
#5631 = DIRECTION('',(0.292893244542,0.956145149703,0.));
#5632 = DIRECTION('',(0.956145149703,-0.292893244542,0.));
#5633 = ADVANCED_FACE('',(#5634),#5652,.F.);
#5634 = FACE_BOUND('',#5635,.F.);
#5635 = EDGE_LOOP('',(#5636,#5637,#5645,#5651));
#5636 = ORIENTED_EDGE('',*,*,#2303,.T.);
#5637 = ORIENTED_EDGE('',*,*,#5638,.T.);
#5638 = EDGE_CURVE('',#2296,#5639,#5641,.T.);
#5639 = VERTEX_POINT('',#5640);
#5640 = CARTESIAN_POINT('',(106.17370071747,-84.90303223752,7.6));
#5641 = LINE('',#5642,#5643);
#5642 = CARTESIAN_POINT('',(106.17370071747,-84.90303223752,6.2));
#5643 = VECTOR('',#5644,1.);
#5644 = DIRECTION('',(0.,0.,1.));
#5645 = ORIENTED_EDGE('',*,*,#5646,.F.);
#5646 = EDGE_CURVE('',#5615,#5639,#5647,.T.);
#5647 = LINE('',#5648,#5649);
#5648 = CARTESIAN_POINT('',(87.764513974301,-79.59166887532,7.6));
#5649 = VECTOR('',#5650,1.);
#5650 = DIRECTION('',(-0.960809398777,0.277209846905,0.));
#5651 = ORIENTED_EDGE('',*,*,#5614,.F.);
#5652 = PLANE('',#5653);
#5653 = AXIS2_PLACEMENT_3D('',#5654,#5655,#5656);
#5654 = CARTESIAN_POINT('',(106.17370071747,-84.90303223752,6.2));
#5655 = DIRECTION('',(0.277209846905,0.960809398777,0.));
#5656 = DIRECTION('',(0.960809398777,-0.277209846905,0.));
#5657 = ADVANCED_FACE('',(#5658),#5676,.F.);
#5658 = FACE_BOUND('',#5659,.F.);
#5659 = EDGE_LOOP('',(#5660,#5661,#5669,#5675));
#5660 = ORIENTED_EDGE('',*,*,#2295,.T.);
#5661 = ORIENTED_EDGE('',*,*,#5662,.T.);
#5662 = EDGE_CURVE('',#2288,#5663,#5665,.T.);
#5663 = VERTEX_POINT('',#5664);
#5664 = CARTESIAN_POINT('',(105.60356776424,-84.7485979246,7.6));
#5665 = LINE('',#5666,#5667);
#5666 = CARTESIAN_POINT('',(105.60356776424,-84.7485979246,6.2));
#5667 = VECTOR('',#5668,1.);
#5668 = DIRECTION('',(0.,0.,1.));
#5669 = ORIENTED_EDGE('',*,*,#5670,.F.);
#5670 = EDGE_CURVE('',#5639,#5663,#5671,.T.);
#5671 = LINE('',#5672,#5673);
#5672 = CARTESIAN_POINT('',(87.634520717578,-79.88124651365,7.6));
#5673 = VECTOR('',#5674,1.);
#5674 = DIRECTION('',(-0.965216415942,0.261452233488,0.));
#5675 = ORIENTED_EDGE('',*,*,#5638,.F.);
#5676 = PLANE('',#5677);
#5677 = AXIS2_PLACEMENT_3D('',#5678,#5679,#5680);
#5678 = CARTESIAN_POINT('',(105.60356776424,-84.7485979246,6.2));
#5679 = DIRECTION('',(0.261452233488,0.965216415942,0.));
#5680 = DIRECTION('',(0.965216415942,-0.261452233488,0.));
#5681 = ADVANCED_FACE('',(#5682),#5700,.F.);
#5682 = FACE_BOUND('',#5683,.F.);
#5683 = EDGE_LOOP('',(#5684,#5685,#5693,#5699));
#5684 = ORIENTED_EDGE('',*,*,#2287,.T.);
#5685 = ORIENTED_EDGE('',*,*,#5686,.T.);
#5686 = EDGE_CURVE('',#2280,#5687,#5689,.T.);
#5687 = VERTEX_POINT('',#5688);
#5688 = CARTESIAN_POINT('',(105.03098431742,-84.60351264696,7.6));
#5689 = LINE('',#5690,#5691);
#5690 = CARTESIAN_POINT('',(105.03098431742,-84.60351264696,6.2));
#5691 = VECTOR('',#5692,1.);
#5692 = DIRECTION('',(0.,0.,1.));
#5693 = ORIENTED_EDGE('',*,*,#5694,.F.);
#5694 = EDGE_CURVE('',#5663,#5687,#5695,.T.);
#5695 = LINE('',#5696,#5697);
#5696 = CARTESIAN_POINT('',(87.516407298371,-80.16554420122,7.6));
#5697 = VECTOR('',#5698,1.);
#5698 = DIRECTION('',(-0.969365021332,0.245624622987,0.));
#5699 = ORIENTED_EDGE('',*,*,#5662,.F.);
#5700 = PLANE('',#5701);
#5701 = AXIS2_PLACEMENT_3D('',#5702,#5703,#5704);
#5702 = CARTESIAN_POINT('',(105.03098431742,-84.60351264696,6.2));
#5703 = DIRECTION('',(0.245624622987,0.969365021332,0.));
#5704 = DIRECTION('',(0.969365021332,-0.245624622987,0.));
#5705 = ADVANCED_FACE('',(#5706),#5724,.F.);
#5706 = FACE_BOUND('',#5707,.F.);
#5707 = EDGE_LOOP('',(#5708,#5709,#5717,#5723));
#5708 = ORIENTED_EDGE('',*,*,#2279,.T.);
#5709 = ORIENTED_EDGE('',*,*,#5710,.T.);
#5710 = EDGE_CURVE('',#2272,#5711,#5713,.T.);
#5711 = VERTEX_POINT('',#5712);
#5712 = CARTESIAN_POINT('',(104.45610367144,-84.46781524743,7.6));
#5713 = LINE('',#5714,#5715);
#5714 = CARTESIAN_POINT('',(104.45610367144,-84.46781524743,6.2));
#5715 = VECTOR('',#5716,1.);
#5716 = DIRECTION('',(0.,0.,1.));
#5717 = ORIENTED_EDGE('',*,*,#5718,.F.);
#5718 = EDGE_CURVE('',#5687,#5711,#5719,.T.);
#5719 = LINE('',#5720,#5721);
#5720 = CARTESIAN_POINT('',(87.409840845225,-80.44413910978,7.6));
#5721 = VECTOR('',#5722,1.);
#5722 = DIRECTION('',(-0.973254104266,0.229731252834,0.));
#5723 = ORIENTED_EDGE('',*,*,#5686,.F.);
#5724 = PLANE('',#5725);
#5725 = AXIS2_PLACEMENT_3D('',#5726,#5727,#5728);
#5726 = CARTESIAN_POINT('',(104.45610367144,-84.46781524743,6.2));
#5727 = DIRECTION('',(0.229731252834,0.973254104266,0.));
#5728 = DIRECTION('',(0.973254104266,-0.229731252834,0.));
#5729 = ADVANCED_FACE('',(#5730),#5748,.F.);
#5730 = FACE_BOUND('',#5731,.F.);
#5731 = EDGE_LOOP('',(#5732,#5733,#5741,#5747));
#5732 = ORIENTED_EDGE('',*,*,#2271,.T.);
#5733 = ORIENTED_EDGE('',*,*,#5734,.T.);
#5734 = EDGE_CURVE('',#2264,#5735,#5737,.T.);
#5735 = VERTEX_POINT('',#5736);
#5736 = CARTESIAN_POINT('',(103.87907973575,-84.34154205549,7.6));
#5737 = LINE('',#5738,#5739);
#5738 = CARTESIAN_POINT('',(103.87907973575,-84.34154205549,6.2));
#5739 = VECTOR('',#5740,1.);
#5740 = DIRECTION('',(0.,0.,1.));
#5741 = ORIENTED_EDGE('',*,*,#5742,.F.);
#5742 = EDGE_CURVE('',#5711,#5735,#5743,.T.);
#5743 = LINE('',#5744,#5745);
#5744 = CARTESIAN_POINT('',(87.314474246243,-80.71662204937,7.6));
#5745 = VECTOR('',#5746,1.);
#5746 = DIRECTION('',(-0.976882623542,0.21377637807,0.));
#5747 = ORIENTED_EDGE('',*,*,#5710,.F.);
#5748 = PLANE('',#5749);
#5749 = AXIS2_PLACEMENT_3D('',#5750,#5751,#5752);
#5750 = CARTESIAN_POINT('',(103.87907973575,-84.34154205549,6.2));
#5751 = DIRECTION('',(0.21377637807,0.976882623542,0.));
#5752 = DIRECTION('',(0.976882623542,-0.21377637807,0.));
#5753 = ADVANCED_FACE('',(#5754),#5772,.F.);
#5754 = FACE_BOUND('',#5755,.F.);
#5755 = EDGE_LOOP('',(#5756,#5757,#5765,#5771));
#5756 = ORIENTED_EDGE('',*,*,#2263,.T.);
#5757 = ORIENTED_EDGE('',*,*,#5758,.T.);
#5758 = EDGE_CURVE('',#2256,#5759,#5761,.T.);
#5759 = VERTEX_POINT('',#5760);
#5760 = CARTESIAN_POINT('',(103.30006699362,-84.22472687751,7.6));
#5761 = LINE('',#5762,#5763);
#5762 = CARTESIAN_POINT('',(103.30006699362,-84.22472687751,6.2));
#5763 = VECTOR('',#5764,1.);
#5764 = DIRECTION('',(0.,0.,1.));
#5765 = ORIENTED_EDGE('',*,*,#5766,.F.);
#5766 = EDGE_CURVE('',#5735,#5759,#5767,.T.);
#5767 = LINE('',#5768,#5769);
#5768 = CARTESIAN_POINT('',(87.229946644264,-80.98259793617,7.6));
#5769 = VECTOR('',#5770,1.);
#5770 = DIRECTION('',(-0.980249607718,0.1977642702,0.));
#5771 = ORIENTED_EDGE('',*,*,#5734,.F.);
#5772 = PLANE('',#5773);
#5773 = AXIS2_PLACEMENT_3D('',#5774,#5775,#5776);
#5774 = CARTESIAN_POINT('',(103.30006699362,-84.22472687751,6.2));
#5775 = DIRECTION('',(0.1977642702,0.980249607718,0.));
#5776 = DIRECTION('',(0.980249607718,-0.1977642702,0.));
#5777 = ADVANCED_FACE('',(#5778),#5796,.F.);
#5778 = FACE_BOUND('',#5779,.F.);
#5779 = EDGE_LOOP('',(#5780,#5781,#5789,#5795));
#5780 = ORIENTED_EDGE('',*,*,#2255,.T.);
#5781 = ORIENTED_EDGE('',*,*,#5782,.T.);
#5782 = EDGE_CURVE('',#2248,#5783,#5785,.T.);
#5783 = VERTEX_POINT('',#5784);
#5784 = CARTESIAN_POINT('',(102.72364540956,-84.11821860746,7.6));
#5785 = LINE('',#5786,#5787);
#5786 = CARTESIAN_POINT('',(102.72364540956,-84.11821860746,6.2));
#5787 = VECTOR('',#5788,1.);
#5788 = DIRECTION('',(0.,0.,1.));
#5789 = ORIENTED_EDGE('',*,*,#5790,.F.);
#5790 = EDGE_CURVE('',#5759,#5783,#5791,.T.);
#5791 = LINE('',#5792,#5793);
#5792 = CARTESIAN_POINT('',(87.158096421639,-81.2420950531,7.6));
#5793 = VECTOR('',#5794,1.);
#5794 = DIRECTION('',(-0.983354155371,0.181699216053,0.));
#5795 = ORIENTED_EDGE('',*,*,#5758,.F.);
#5796 = PLANE('',#5797);
#5797 = AXIS2_PLACEMENT_3D('',#5798,#5799,#5800);
#5798 = CARTESIAN_POINT('',(102.72364540956,-84.11821860746,6.2));
#5799 = DIRECTION('',(0.181699216053,0.983354155371,0.));
#5800 = DIRECTION('',(0.983354155371,-0.181699216053,0.));
#5801 = ADVANCED_FACE('',(#5802),#5820,.F.);
#5802 = FACE_BOUND('',#5803,.F.);
#5803 = EDGE_LOOP('',(#5804,#5805,#5813,#5819));
#5804 = ORIENTED_EDGE('',*,*,#2247,.T.);
#5805 = ORIENTED_EDGE('',*,*,#5806,.T.);
#5806 = EDGE_CURVE('',#2240,#5807,#5809,.T.);
#5807 = VERTEX_POINT('',#5808);
#5808 = CARTESIAN_POINT('',(94.121122748576,-82.60136176017,7.6));
#5809 = LINE('',#5810,#5811);
#5810 = CARTESIAN_POINT('',(94.121122748576,-82.60136176017,6.2));
#5811 = VECTOR('',#5812,1.);
#5812 = DIRECTION('',(0.,0.,1.));
#5813 = ORIENTED_EDGE('',*,*,#5814,.F.);
#5814 = EDGE_CURVE('',#5783,#5807,#5815,.T.);
#5815 = LINE('',#5816,#5817);
#5816 = CARTESIAN_POINT('',(82.969240566458,-80.63498404578,7.6));
#5817 = VECTOR('',#5818,1.);
#5818 = DIRECTION('',(-0.984807753012,0.173648177667,0.));
#5819 = ORIENTED_EDGE('',*,*,#5782,.F.);
#5820 = PLANE('',#5821);
#5821 = AXIS2_PLACEMENT_3D('',#5822,#5823,#5824);
#5822 = CARTESIAN_POINT('',(94.121122748576,-82.60136176017,6.2));
#5823 = DIRECTION('',(0.173648177667,0.984807753012,0.));
#5824 = DIRECTION('',(0.984807753012,-0.173648177667,0.));
#5825 = ADVANCED_FACE('',(#5826),#5844,.F.);
#5826 = FACE_BOUND('',#5827,.F.);
#5827 = EDGE_LOOP('',(#5828,#5829,#5837,#5843));
#5828 = ORIENTED_EDGE('',*,*,#2239,.T.);
#5829 = ORIENTED_EDGE('',*,*,#5830,.T.);
#5830 = EDGE_CURVE('',#2232,#5831,#5833,.T.);
#5831 = VERTEX_POINT('',#5832);
#5832 = CARTESIAN_POINT('',(93.543035665792,-82.5042990028,7.6));
#5833 = LINE('',#5834,#5835);
#5834 = CARTESIAN_POINT('',(93.543035665792,-82.5042990028,6.2));
#5835 = VECTOR('',#5836,1.);
#5836 = DIRECTION('',(0.,0.,1.));
#5837 = ORIENTED_EDGE('',*,*,#5838,.F.);
#5838 = EDGE_CURVE('',#5807,#5831,#5839,.T.);
#5839 = LINE('',#5840,#5841);
#5840 = CARTESIAN_POINT('',(82.80097998175,-80.70067187536,7.6));
#5841 = VECTOR('',#5842,1.);
#5842 = DIRECTION('',(-0.986195435338,0.165585516632,0.));
#5843 = ORIENTED_EDGE('',*,*,#5806,.F.);
#5844 = PLANE('',#5845);
#5845 = AXIS2_PLACEMENT_3D('',#5846,#5847,#5848);
#5846 = CARTESIAN_POINT('',(93.543035665792,-82.5042990028,6.2));
#5847 = DIRECTION('',(0.165585516632,0.986195435338,0.));
#5848 = DIRECTION('',(0.986195435338,-0.165585516632,0.));
#5849 = ADVANCED_FACE('',(#5850),#5868,.F.);
#5850 = FACE_BOUND('',#5851,.F.);
#5851 = EDGE_LOOP('',(#5852,#5853,#5861,#5867));
#5852 = ORIENTED_EDGE('',*,*,#2231,.T.);
#5853 = ORIENTED_EDGE('',*,*,#5854,.T.);
#5854 = EDGE_CURVE('',#2224,#5855,#5857,.T.);
#5855 = VERTEX_POINT('',#5856);
#5856 = CARTESIAN_POINT('',(92.958988520751,-82.41603534248,7.6));
#5857 = LINE('',#5858,#5859);
#5858 = CARTESIAN_POINT('',(92.958988520751,-82.41603534248,6.2));
#5859 = VECTOR('',#5860,1.);
#5860 = DIRECTION('',(0.,0.,1.));
#5861 = ORIENTED_EDGE('',*,*,#5862,.F.);
#5862 = EDGE_CURVE('',#5831,#5855,#5863,.T.);
#5863 = LINE('',#5864,#5865);
#5864 = CARTESIAN_POINT('',(82.756764029732,-80.87423227988,7.6));
#5865 = VECTOR('',#5866,1.);
#5866 = DIRECTION('',(-0.98877268694,0.149427485965,0.));
#5867 = ORIENTED_EDGE('',*,*,#5830,.F.);
#5868 = PLANE('',#5869);
#5869 = AXIS2_PLACEMENT_3D('',#5870,#5871,#5872);
#5870 = CARTESIAN_POINT('',(92.958988520751,-82.41603534248,6.2));
#5871 = DIRECTION('',(0.149427485965,0.98877268694,0.));
#5872 = DIRECTION('',(0.98877268694,-0.149427485965,0.));
#5873 = ADVANCED_FACE('',(#5874),#5892,.F.);
#5874 = FACE_BOUND('',#5875,.F.);
#5875 = EDGE_LOOP('',(#5876,#5877,#5885,#5891));
#5876 = ORIENTED_EDGE('',*,*,#2223,.T.);
#5877 = ORIENTED_EDGE('',*,*,#5878,.T.);
#5878 = EDGE_CURVE('',#2216,#5879,#5881,.T.);
#5879 = VERTEX_POINT('',#5880);
#5880 = CARTESIAN_POINT('',(92.37357541116,-82.33733951997,7.6));
#5881 = LINE('',#5882,#5883);
#5882 = CARTESIAN_POINT('',(92.37357541116,-82.33733951997,6.2));
#5883 = VECTOR('',#5884,1.);
#5884 = DIRECTION('',(0.,0.,1.));
#5885 = ORIENTED_EDGE('',*,*,#5886,.F.);
#5886 = EDGE_CURVE('',#5855,#5879,#5887,.T.);
#5887 = LINE('',#5888,#5889);
#5888 = CARTESIAN_POINT('',(82.719498906356,-81.03956282401,7.6));
#5889 = VECTOR('',#5890,1.);
#5890 = DIRECTION('',(-0.991085220184,0.133229449946,0.));
#5891 = ORIENTED_EDGE('',*,*,#5854,.F.);
#5892 = PLANE('',#5893);
#5893 = AXIS2_PLACEMENT_3D('',#5894,#5895,#5896);
#5894 = CARTESIAN_POINT('',(92.37357541116,-82.33733951997,6.2));
#5895 = DIRECTION('',(0.133229449946,0.991085220184,0.));
#5896 = DIRECTION('',(0.991085220184,-0.133229449946,0.));
#5897 = ADVANCED_FACE('',(#5898),#5916,.F.);
#5898 = FACE_BOUND('',#5899,.F.);
#5899 = EDGE_LOOP('',(#5900,#5901,#5909,#5915));
#5900 = ORIENTED_EDGE('',*,*,#2215,.T.);
#5901 = ORIENTED_EDGE('',*,*,#5902,.T.);
#5902 = EDGE_CURVE('',#2208,#5903,#5905,.T.);
#5903 = VERTEX_POINT('',#5904);
#5904 = CARTESIAN_POINT('',(91.786953066264,-82.26823260404,7.6));
#5905 = LINE('',#5906,#5907);
#5906 = CARTESIAN_POINT('',(91.786953066264,-82.26823260404,6.2));
#5907 = VECTOR('',#5908,1.);
#5908 = DIRECTION('',(0.,0.,1.));
#5909 = ORIENTED_EDGE('',*,*,#5910,.F.);
#5910 = EDGE_CURVE('',#5879,#5903,#5911,.T.);
#5911 = LINE('',#5912,#5913);
#5912 = CARTESIAN_POINT('',(82.688754644526,-81.19642134598,7.6));
#5913 = VECTOR('',#5914,1.);
#5914 = DIRECTION('',(-0.993132415949,0.116995745181,0.));
#5915 = ORIENTED_EDGE('',*,*,#5878,.F.);
#5916 = PLANE('',#5917);
#5917 = AXIS2_PLACEMENT_3D('',#5918,#5919,#5920);
#5918 = CARTESIAN_POINT('',(91.786953066264,-82.26823260404,6.2));
#5919 = DIRECTION('',(0.116995745181,0.993132415949,0.));
#5920 = DIRECTION('',(0.993132415949,-0.116995745181,0.));
#5921 = ADVANCED_FACE('',(#5922),#5940,.F.);
#5922 = FACE_BOUND('',#5923,.F.);
#5923 = EDGE_LOOP('',(#5924,#5925,#5933,#5939));
#5924 = ORIENTED_EDGE('',*,*,#2207,.T.);
#5925 = ORIENTED_EDGE('',*,*,#5926,.T.);
#5926 = EDGE_CURVE('',#2200,#5927,#5929,.T.);
#5927 = VERTEX_POINT('',#5928);
#5928 = CARTESIAN_POINT('',(91.199278539048,-82.20873309627,7.6));
#5929 = LINE('',#5930,#5931);
#5930 = CARTESIAN_POINT('',(91.199278539048,-82.20873309627,6.2));
#5931 = VECTOR('',#5932,1.);
#5932 = DIRECTION('',(0.,0.,1.));
#5933 = ORIENTED_EDGE('',*,*,#5934,.F.);
#5934 = EDGE_CURVE('',#5903,#5927,#5935,.T.);
#5935 = LINE('',#5936,#5937);
#5936 = CARTESIAN_POINT('',(82.664093291837,-81.34458245272,7.6));
#5937 = VECTOR('',#5938,1.);
#5938 = DIRECTION('',(-0.994913726152,0.100730717827,0.));
#5939 = ORIENTED_EDGE('',*,*,#5902,.F.);
#5940 = PLANE('',#5941);
#5941 = AXIS2_PLACEMENT_3D('',#5942,#5943,#5944);
#5942 = CARTESIAN_POINT('',(91.199278539048,-82.20873309627,6.2));
#5943 = DIRECTION('',(0.100730717827,0.994913726152,0.));
#5944 = DIRECTION('',(0.994913726152,-0.100730717827,0.));
#5945 = ADVANCED_FACE('',(#5946),#5964,.F.);
#5946 = FACE_BOUND('',#5947,.F.);
#5947 = EDGE_LOOP('',(#5948,#5949,#5957,#5963));
#5948 = ORIENTED_EDGE('',*,*,#2199,.T.);
#5949 = ORIENTED_EDGE('',*,*,#5950,.T.);
#5950 = EDGE_CURVE('',#2192,#5951,#5953,.T.);
#5951 = VERTEX_POINT('',#5952);
#5952 = CARTESIAN_POINT('',(90.610709164196,-82.15885692613,7.6));
#5953 = LINE('',#5954,#5955);
#5954 = CARTESIAN_POINT('',(90.610709164196,-82.15885692613,6.2));
#5955 = VECTOR('',#5956,1.);
#5956 = DIRECTION('',(0.,0.,1.));
#5957 = ORIENTED_EDGE('',*,*,#5958,.F.);
#5958 = EDGE_CURVE('',#5927,#5951,#5959,.T.);
#5959 = LINE('',#5960,#5961);
#5960 = CARTESIAN_POINT('',(82.645069505615,-81.48383777656,7.6));
#5961 = VECTOR('',#5962,1.);
#5962 = DIRECTION('',(-0.996428673893,8.44387224237E-02,0.));
#5963 = ORIENTED_EDGE('',*,*,#5926,.F.);
#5964 = PLANE('',#5965);
#5965 = AXIS2_PLACEMENT_3D('',#5966,#5967,#5968);
#5966 = CARTESIAN_POINT('',(90.610709164196,-82.15885692613,6.2));
#5967 = DIRECTION('',(8.44387224237E-02,0.996428673893,0.));
#5968 = DIRECTION('',(0.996428673893,-8.44387224237E-02,0.));
#5969 = ADVANCED_FACE('',(#5970),#5988,.F.);
#5970 = FACE_BOUND('',#5971,.F.);
#5971 = EDGE_LOOP('',(#5972,#5973,#5981,#5987));
#5972 = ORIENTED_EDGE('',*,*,#2191,.T.);
#5973 = ORIENTED_EDGE('',*,*,#5974,.T.);
#5974 = EDGE_CURVE('',#2184,#5975,#5977,.T.);
#5975 = VERTEX_POINT('',#5976);
#5976 = CARTESIAN_POINT('',(90.02140251596,-82.11861744668,7.6));
#5977 = LINE('',#5978,#5979);
#5978 = CARTESIAN_POINT('',(90.02140251596,-82.11861744668,6.2));
#5979 = VECTOR('',#5980,1.);
#5980 = DIRECTION('',(0.,0.,1.));
#5981 = ORIENTED_EDGE('',*,*,#5982,.F.);
#5982 = EDGE_CURVE('',#5951,#5975,#5983,.T.);
#5983 = LINE('',#5984,#5985);
#5984 = CARTESIAN_POINT('',(82.631231156094,-81.61399621171,7.6));
#5985 = VECTOR('',#5986,1.);
#5986 = DIRECTION('',(-0.997676853583,6.812412073263E-02,0.));
#5987 = ORIENTED_EDGE('',*,*,#5950,.F.);
#5988 = PLANE('',#5989);
#5989 = AXIS2_PLACEMENT_3D('',#5990,#5991,#5992);
#5990 = CARTESIAN_POINT('',(90.02140251596,-82.11861744668,6.2));
#5991 = DIRECTION('',(6.812412073263E-02,0.997676853583,0.));
#5992 = DIRECTION('',(0.997676853583,-6.812412073263E-02,0.));
#5993 = ADVANCED_FACE('',(#5994),#6012,.F.);
#5994 = FACE_BOUND('',#5995,.F.);
#5995 = EDGE_LOOP('',(#5996,#5997,#6005,#6011));
#5996 = ORIENTED_EDGE('',*,*,#2183,.T.);
#5997 = ORIENTED_EDGE('',*,*,#5998,.T.);
#5998 = EDGE_CURVE('',#2176,#5999,#6001,.T.);
#5999 = VERTEX_POINT('',#6000);
#6000 = CARTESIAN_POINT('',(89.43151636598,-82.08802543099,7.6));
#6001 = LINE('',#6002,#6003);
#6002 = CARTESIAN_POINT('',(89.43151636598,-82.08802543099,6.2));
#6003 = VECTOR('',#6004,1.);
#6004 = DIRECTION('',(0.,0.,1.));
#6005 = ORIENTED_EDGE('',*,*,#6006,.F.);
#6006 = EDGE_CURVE('',#5975,#5999,#6007,.T.);
#6007 = LINE('',#6008,#6009);
#6008 = CARTESIAN_POINT('',(82.622119937073,-81.73488413007,7.6));
#6009 = VECTOR('',#6010,1.);
#6010 = DIRECTION('',(-0.998657931054,5.179128056714E-02,0.));
#6011 = ORIENTED_EDGE('',*,*,#5974,.F.);
#6012 = PLANE('',#6013);
#6013 = AXIS2_PLACEMENT_3D('',#6014,#6015,#6016);
#6014 = CARTESIAN_POINT('',(89.43151636598,-82.08802543099,6.2));
#6015 = DIRECTION('',(5.179128056714E-02,0.998657931054,0.));
#6016 = DIRECTION('',(0.998657931054,-5.179128056714E-02,0.));
#6017 = ADVANCED_FACE('',(#6018),#6036,.F.);
#6018 = FACE_BOUND('',#6019,.F.);
#6019 = EDGE_LOOP('',(#6020,#6021,#6029,#6035));
#6020 = ORIENTED_EDGE('',*,*,#2175,.T.);
#6021 = ORIENTED_EDGE('',*,*,#6022,.T.);
#6022 = EDGE_CURVE('',#2168,#6023,#6025,.T.);
#6023 = VERTEX_POINT('',#6024);
#6024 = CARTESIAN_POINT('',(88.841208641043,-82.06708906928,7.6));
#6025 = LINE('',#6026,#6027);
#6026 = CARTESIAN_POINT('',(88.841208641043,-82.06708906928,6.2));
#6027 = VECTOR('',#6028,1.);
#6028 = DIRECTION('',(0.,0.,1.));
#6029 = ORIENTED_EDGE('',*,*,#6030,.F.);
#6030 = EDGE_CURVE('',#5999,#6023,#6031,.T.);
#6031 = LINE('',#6032,#6033);
#6032 = CARTESIAN_POINT('',(82.617271983343,-81.84634557639,7.6));
#6033 = VECTOR('',#6034,1.);
#6034 = DIRECTION('',(-0.999371643649,3.54445746235E-02,0.));
#6035 = ORIENTED_EDGE('',*,*,#5998,.F.);
#6036 = PLANE('',#6037);
#6037 = AXIS2_PLACEMENT_3D('',#6038,#6039,#6040);
#6038 = CARTESIAN_POINT('',(88.841208641043,-82.06708906928,6.2));
#6039 = DIRECTION('',(3.54445746235E-02,0.999371643649,0.));
#6040 = DIRECTION('',(0.999371643649,-3.54445746235E-02,0.));
#6041 = ADVANCED_FACE('',(#6042),#6060,.F.);
#6042 = FACE_BOUND('',#6043,.F.);
#6043 = EDGE_LOOP('',(#6044,#6045,#6053,#6059));
#6044 = ORIENTED_EDGE('',*,*,#2167,.T.);
#6045 = ORIENTED_EDGE('',*,*,#6046,.T.);
#6046 = EDGE_CURVE('',#2160,#6047,#6049,.T.);
#6047 = VERTEX_POINT('',#6048);
#6048 = CARTESIAN_POINT('',(88.2506373808,-82.05581396674,7.6));
#6049 = LINE('',#6050,#6051);
#6050 = CARTESIAN_POINT('',(88.2506373808,-82.05581396674,6.2));
#6051 = VECTOR('',#6052,1.);
#6052 = DIRECTION('',(0.,0.,1.));
#6053 = ORIENTED_EDGE('',*,*,#6054,.F.);
#6054 = EDGE_CURVE('',#6023,#6047,#6055,.T.);
#6055 = LINE('',#6056,#6057);
#6056 = CARTESIAN_POINT('',(82.616218494212,-81.94824244234,7.6));
#6057 = VECTOR('',#6058,1.);
#6058 = DIRECTION('',(-0.999817800289,1.908837931013E-02,0.));
#6059 = ORIENTED_EDGE('',*,*,#6022,.F.);
#6060 = PLANE('',#6061);
#6061 = AXIS2_PLACEMENT_3D('',#6062,#6063,#6064);
#6062 = CARTESIAN_POINT('',(88.2506373808,-82.05581396674,6.2));
#6063 = DIRECTION('',(1.908837931013E-02,0.999817800289,0.));
#6064 = DIRECTION('',(0.999817800289,-1.908837931013E-02,0.));
#6065 = ADVANCED_FACE('',(#6066),#6084,.F.);
#6066 = FACE_BOUND('',#6067,.F.);
#6067 = EDGE_LOOP('',(#6068,#6069,#6077,#6083));
#6068 = ORIENTED_EDGE('',*,*,#2159,.T.);
#6069 = ORIENTED_EDGE('',*,*,#6070,.T.);
#6070 = EDGE_CURVE('',#2152,#6071,#6073,.T.);
#6071 = VERTEX_POINT('',#6072);
#6072 = CARTESIAN_POINT('',(87.659960695459,-82.05420314197,7.6));
#6073 = LINE('',#6074,#6075);
#6074 = CARTESIAN_POINT('',(87.659960695459,-82.05420314197,6.2));
#6075 = VECTOR('',#6076,1.);
#6076 = DIRECTION('',(0.,0.,1.));
#6077 = ORIENTED_EDGE('',*,*,#6078,.F.);
#6078 = EDGE_CURVE('',#6047,#6071,#6079,.T.);
#6079 = LINE('',#6080,#6081);
#6080 = CARTESIAN_POINT('',(82.618486362404,-82.04045461941,7.6));
#6081 = VECTOR('',#6082,1.);
#6082 = DIRECTION('',(-0.999996281528,2.727073576063E-03,0.));
#6083 = ORIENTED_EDGE('',*,*,#6046,.F.);
#6084 = PLANE('',#6085);
#6085 = AXIS2_PLACEMENT_3D('',#6086,#6087,#6088);
#6086 = CARTESIAN_POINT('',(87.659960695459,-82.05420314197,6.2));
#6087 = DIRECTION('',(2.727073576063E-03,0.999996281528,0.));
#6088 = DIRECTION('',(0.999996281528,-2.727073576063E-03,0.));
#6089 = ADVANCED_FACE('',(#6090),#6108,.F.);
#6090 = FACE_BOUND('',#6091,.F.);
#6091 = EDGE_LOOP('',(#6092,#6093,#6101,#6107));
#6092 = ORIENTED_EDGE('',*,*,#2151,.T.);
#6093 = ORIENTED_EDGE('',*,*,#6094,.T.);
#6094 = EDGE_CURVE('',#2144,#6095,#6097,.T.);
#6095 = VERTEX_POINT('',#6096);
#6096 = CARTESIAN_POINT('',(87.069336723452,-82.06225702623,7.6));
#6097 = LINE('',#6098,#6099);
#6098 = CARTESIAN_POINT('',(87.069336723452,-82.06225702623,6.2));
#6099 = VECTOR('',#6100,1.);
#6100 = DIRECTION('',(0.,0.,1.));
#6101 = ORIENTED_EDGE('',*,*,#6102,.F.);
#6102 = EDGE_CURVE('',#6071,#6095,#6103,.T.);
#6103 = LINE('',#6104,#6105);
#6104 = CARTESIAN_POINT('',(82.623598807637,-82.12288013049,7.6));
#6105 = VECTOR('',#6106,1.);
#6106 = DIRECTION('',(-0.999907039581,-1.363496226157E-02,0.));
#6107 = ORIENTED_EDGE('',*,*,#6070,.F.);
#6108 = PLANE('',#6109);
#6109 = AXIS2_PLACEMENT_3D('',#6110,#6111,#6112);
#6110 = CARTESIAN_POINT('',(87.069336723452,-82.06225702623,6.2));
#6111 = DIRECTION('',(-1.363496226157E-02,0.999907039581,0.));
#6112 = DIRECTION('',(0.999907039581,1.363496226157E-02,0.));
#6113 = ADVANCED_FACE('',(#6114),#6132,.F.);
#6114 = FACE_BOUND('',#6115,.F.);
#6115 = EDGE_LOOP('',(#6116,#6117,#6125,#6131));
#6116 = ORIENTED_EDGE('',*,*,#2143,.T.);
#6117 = ORIENTED_EDGE('',*,*,#6118,.T.);
#6118 = EDGE_CURVE('',#2136,#6119,#6121,.T.);
#6119 = VERTEX_POINT('',#6120);
#6120 = CARTESIAN_POINT('',(86.478923589096,-82.0799734633,7.6));
#6121 = LINE('',#6122,#6123);
#6122 = CARTESIAN_POINT('',(86.478923589096,-82.0799734633,6.2));
#6123 = VECTOR('',#6124,1.);
#6124 = DIRECTION('',(0.,0.,1.));
#6125 = ORIENTED_EDGE('',*,*,#6126,.F.);
#6126 = EDGE_CURVE('',#6095,#6119,#6127,.T.);
#6127 = LINE('',#6128,#6129);
#6128 = CARTESIAN_POINT('',(82.631076014169,-82.19543523992,7.6));
#6129 = VECTOR('',#6130,1.);
#6130 = DIRECTION('',(-0.999550098341,-2.999334769006E-02,0.));
#6131 = ORIENTED_EDGE('',*,*,#6094,.F.);
#6132 = PLANE('',#6133);
#6133 = AXIS2_PLACEMENT_3D('',#6134,#6135,#6136);
#6134 = CARTESIAN_POINT('',(86.478923589096,-82.0799734633,6.2));
#6135 = DIRECTION('',(-2.999334769006E-02,0.999550098341,0.));
#6136 = DIRECTION('',(0.999550098341,2.999334769006E-02,0.));
#6137 = ADVANCED_FACE('',(#6138),#6156,.F.);
#6138 = FACE_BOUND('',#6139,.F.);
#6139 = EDGE_LOOP('',(#6140,#6141,#6149,#6155));
#6140 = ORIENTED_EDGE('',*,*,#2135,.T.);
#6141 = ORIENTED_EDGE('',*,*,#6142,.T.);
#6142 = EDGE_CURVE('',#2128,#6143,#6145,.T.);
#6143 = VERTEX_POINT('',#6144);
#6144 = CARTESIAN_POINT('',(85.888879360266,-82.10734771007,7.6));
#6145 = LINE('',#6146,#6147);
#6146 = CARTESIAN_POINT('',(85.888879360266,-82.10734771007,6.2));
#6147 = VECTOR('',#6148,1.);
#6148 = DIRECTION('',(0.,0.,1.));
#6149 = ORIENTED_EDGE('',*,*,#6150,.F.);
#6150 = EDGE_CURVE('',#6119,#6143,#6151,.T.);
#6151 = LINE('',#6152,#6153);
#6152 = CARTESIAN_POINT('',(82.64043577159,-82.25805454197,7.6));
#6153 = VECTOR('',#6154,1.);
#6154 = DIRECTION('',(-0.99892555337,-4.634370317418E-02,0.));
#6155 = ORIENTED_EDGE('',*,*,#6118,.F.);
#6156 = PLANE('',#6157);
#6157 = AXIS2_PLACEMENT_3D('',#6158,#6159,#6160);
#6158 = CARTESIAN_POINT('',(85.888879360266,-82.10734771007,6.2));
#6159 = DIRECTION('',(-4.634370317418E-02,0.99892555337,0.));
#6160 = DIRECTION('',(0.99892555337,4.634370317418E-02,0.));
#6161 = ADVANCED_FACE('',(#6162),#6180,.F.);
#6162 = FACE_BOUND('',#6163,.F.);
#6163 = EDGE_LOOP('',(#6164,#6165,#6173,#6179));
#6164 = ORIENTED_EDGE('',*,*,#2127,.T.);
#6165 = ORIENTED_EDGE('',*,*,#6166,.T.);
#6166 = EDGE_CURVE('',#2120,#6167,#6169,.T.);
#6167 = VERTEX_POINT('',#6168);
#6168 = CARTESIAN_POINT('',(85.29936200607,-82.14437243779,7.6));
#6169 = LINE('',#6170,#6171);
#6170 = CARTESIAN_POINT('',(85.29936200607,-82.14437243779,6.2));
#6171 = VECTOR('',#6172,1.);
#6172 = DIRECTION('',(0.,0.,1.));
#6173 = ORIENTED_EDGE('',*,*,#6174,.F.);
#6174 = EDGE_CURVE('',#6143,#6167,#6175,.T.);
#6175 = LINE('',#6176,#6177);
#6176 = CARTESIAN_POINT('',(82.651194118138,-82.31069102755,7.6));
#6177 = VECTOR('',#6178,1.);
#6178 = DIRECTION('',(-0.998033571874,-6.268165132823E-02,0.));
#6179 = ORIENTED_EDGE('',*,*,#6142,.F.);
#6180 = PLANE('',#6181);
#6181 = AXIS2_PLACEMENT_3D('',#6182,#6183,#6184);
#6182 = CARTESIAN_POINT('',(85.29936200607,-82.14437243779,6.2));
#6183 = DIRECTION('',(-6.268165132823E-02,0.998033571874,0.));
#6184 = DIRECTION('',(0.998033571874,6.268165132823E-02,0.));
#6185 = ADVANCED_FACE('',(#6186),#6204,.F.);
#6186 = FACE_BOUND('',#6187,.F.);
#6187 = EDGE_LOOP('',(#6188,#6189,#6197,#6203));
#6188 = ORIENTED_EDGE('',*,*,#2119,.T.);
#6189 = ORIENTED_EDGE('',*,*,#6190,.T.);
#6190 = EDGE_CURVE('',#2112,#6191,#6193,.T.);
#6191 = VERTEX_POINT('',#6192);
#6192 = CARTESIAN_POINT('',(84.71501514245,-82.19068223299,7.6));
#6193 = LINE('',#6194,#6195);
#6194 = CARTESIAN_POINT('',(84.71501514245,-82.19068223299,6.2));
#6195 = VECTOR('',#6196,1.);
#6196 = DIRECTION('',(0.,0.,1.));
#6197 = ORIENTED_EDGE('',*,*,#6198,.F.);
#6198 = EDGE_CURVE('',#6167,#6191,#6199,.T.);
#6199 = LINE('',#6200,#6201);
#6200 = CARTESIAN_POINT('',(82.665108879773,-82.35313837868,7.6));
#6201 = VECTOR('',#6202,1.);
#6202 = DIRECTION('',(-0.996874392656,-7.900281808858E-02,0.));
#6203 = ORIENTED_EDGE('',*,*,#6166,.F.);
#6204 = PLANE('',#6205);
#6205 = AXIS2_PLACEMENT_3D('',#6206,#6207,#6208);
#6206 = CARTESIAN_POINT('',(84.71501514245,-82.19068223299,6.2));
#6207 = DIRECTION('',(-7.900281808858E-02,0.996874392656,0.));
#6208 = DIRECTION('',(0.996874392656,7.900281808858E-02,0.));
#6209 = ADVANCED_FACE('',(#6210),#6228,.F.);
#6210 = FACE_BOUND('',#6211,.F.);
#6211 = EDGE_LOOP('',(#6212,#6213,#6221,#6227));
#6212 = ORIENTED_EDGE('',*,*,#2111,.T.);
#6213 = ORIENTED_EDGE('',*,*,#6214,.T.);
#6214 = EDGE_CURVE('',#2104,#6215,#6217,.T.);
#6215 = VERTEX_POINT('',#6216);
#6216 = CARTESIAN_POINT('',(70.640688961014,-83.42202622063,7.6));
#6217 = LINE('',#6218,#6219);
#6218 = CARTESIAN_POINT('',(70.640688961014,-83.42202622063,6.2));
#6219 = VECTOR('',#6220,1.);
#6220 = DIRECTION('',(0.,0.,1.));
#6221 = ORIENTED_EDGE('',*,*,#6222,.F.);
#6222 = EDGE_CURVE('',#6191,#6215,#6223,.T.);
#6223 = LINE('',#6224,#6225);
#6224 = CARTESIAN_POINT('',(75.780976667766,-82.97230931903,7.6));
#6225 = VECTOR('',#6226,1.);
#6226 = DIRECTION('',(-0.996194698092,-8.715574274766E-02,0.));
#6227 = ORIENTED_EDGE('',*,*,#6190,.F.);
#6228 = PLANE('',#6229);
#6229 = AXIS2_PLACEMENT_3D('',#6230,#6231,#6232);
#6230 = CARTESIAN_POINT('',(70.640688961014,-83.42202622063,6.2));
#6231 = DIRECTION('',(-8.715574274766E-02,0.996194698092,0.));
#6232 = DIRECTION('',(0.996194698092,8.715574274766E-02,0.));
#6233 = ADVANCED_FACE('',(#6234),#6252,.F.);
#6234 = FACE_BOUND('',#6235,.F.);
#6235 = EDGE_LOOP('',(#6236,#6237,#6245,#6251));
#6236 = ORIENTED_EDGE('',*,*,#2103,.T.);
#6237 = ORIENTED_EDGE('',*,*,#6238,.T.);
#6238 = EDGE_CURVE('',#2096,#6239,#6241,.T.);
#6239 = VERTEX_POINT('',#6240);
#6240 = CARTESIAN_POINT('',(70.486319719222,-83.42792276115,7.6));
#6241 = LINE('',#6242,#6243);
#6242 = CARTESIAN_POINT('',(70.486319719222,-83.42792276115,6.2));
#6243 = VECTOR('',#6244,1.);
#6244 = DIRECTION('',(0.,0.,1.));
#6245 = ORIENTED_EDGE('',*,*,#6246,.F.);
#6246 = EDGE_CURVE('',#6215,#6239,#6247,.T.);
#6247 = LINE('',#6248,#6249);
#6248 = CARTESIAN_POINT('',(74.800821497479,-83.26311898112,7.6));
#6249 = VECTOR('',#6250,1.);
#6250 = DIRECTION('',(-0.999271267551,-3.816980282584E-02,0.));
#6251 = ORIENTED_EDGE('',*,*,#6214,.F.);
#6252 = PLANE('',#6253);
#6253 = AXIS2_PLACEMENT_3D('',#6254,#6255,#6256);
#6254 = CARTESIAN_POINT('',(70.486319719222,-83.42792276115,6.2));
#6255 = DIRECTION('',(-3.816980282584E-02,0.999271267551,0.));
#6256 = DIRECTION('',(0.999271267551,3.816980282584E-02,0.));
#6257 = ADVANCED_FACE('',(#6258),#6276,.F.);
#6258 = FACE_BOUND('',#6259,.F.);
#6259 = EDGE_LOOP('',(#6260,#6261,#6269,#6275));
#6260 = ORIENTED_EDGE('',*,*,#2095,.T.);
#6261 = ORIENTED_EDGE('',*,*,#6262,.T.);
#6262 = EDGE_CURVE('',#2088,#6263,#6265,.T.);
#6263 = VERTEX_POINT('',#6264);
#6264 = CARTESIAN_POINT('',(70.359103252599,-83.42028115025,7.6));
#6265 = LINE('',#6266,#6267);
#6266 = CARTESIAN_POINT('',(70.359103252599,-83.42028115025,6.2));
#6267 = VECTOR('',#6268,1.);
#6268 = DIRECTION('',(0.,0.,1.));
#6269 = ORIENTED_EDGE('',*,*,#6270,.F.);
#6270 = EDGE_CURVE('',#6239,#6263,#6271,.T.);
#6271 = LINE('',#6272,#6273);
#6272 = CARTESIAN_POINT('',(72.868142268306,-83.57099355719,7.6));
#6273 = VECTOR('',#6274,1.);
#6274 = DIRECTION('',(-0.998200798189,5.995970726641E-02,0.));
#6275 = ORIENTED_EDGE('',*,*,#6238,.F.);
#6276 = PLANE('',#6277);
#6277 = AXIS2_PLACEMENT_3D('',#6278,#6279,#6280);
#6278 = CARTESIAN_POINT('',(70.359103252599,-83.42028115025,6.2));
#6279 = DIRECTION('',(5.995970726641E-02,0.998200798189,0.));
#6280 = DIRECTION('',(0.998200798189,-5.995970726641E-02,0.));
#6281 = ADVANCED_FACE('',(#6282),#6300,.F.);
#6282 = FACE_BOUND('',#6283,.F.);
#6283 = EDGE_LOOP('',(#6284,#6285,#6293,#6299));
#6284 = ORIENTED_EDGE('',*,*,#2087,.T.);
#6285 = ORIENTED_EDGE('',*,*,#6286,.T.);
#6286 = EDGE_CURVE('',#2080,#6287,#6289,.T.);
#6287 = VERTEX_POINT('',#6288);
#6288 = CARTESIAN_POINT('',(70.233248376882,-83.40020694154,7.6));
#6289 = LINE('',#6290,#6291);
#6290 = CARTESIAN_POINT('',(70.233248376882,-83.40020694154,6.2));
#6291 = VECTOR('',#6292,1.);
#6292 = DIRECTION('',(0.,0.,1.));
#6293 = ORIENTED_EDGE('',*,*,#6294,.F.);
#6294 = EDGE_CURVE('',#6263,#6287,#6295,.T.);
#6295 = LINE('',#6296,#6297);
#6296 = CARTESIAN_POINT('',(70.91026494906,-83.50819300005,7.6));
#6297 = VECTOR('',#6298,1.);
#6298 = DIRECTION('',(-0.987517109468,0.1575117726,0.));
#6299 = ORIENTED_EDGE('',*,*,#6262,.F.);
#6300 = PLANE('',#6301);
#6301 = AXIS2_PLACEMENT_3D('',#6302,#6303,#6304);
#6302 = CARTESIAN_POINT('',(70.233248376882,-83.40020694154,6.2));
#6303 = DIRECTION('',(0.1575117726,0.987517109468,0.));
#6304 = DIRECTION('',(0.987517109468,-0.1575117726,0.));
#6305 = ADVANCED_FACE('',(#6306),#6324,.F.);
#6306 = FACE_BOUND('',#6307,.F.);
#6307 = EDGE_LOOP('',(#6308,#6309,#6317,#6323));
#6308 = ORIENTED_EDGE('',*,*,#2079,.T.);
#6309 = ORIENTED_EDGE('',*,*,#6310,.T.);
#6310 = EDGE_CURVE('',#2072,#6311,#6313,.T.);
#6311 = VERTEX_POINT('',#6312);
#6312 = CARTESIAN_POINT('',(70.109967143323,-83.36789346061,7.6));
#6313 = LINE('',#6314,#6315);
#6314 = CARTESIAN_POINT('',(70.109967143323,-83.36789346061,6.2));
#6315 = VECTOR('',#6316,1.);
#6316 = DIRECTION('',(0.,0.,1.));
#6317 = ORIENTED_EDGE('',*,*,#6318,.F.);
#6318 = EDGE_CURVE('',#6287,#6311,#6319,.T.);
#6319 = LINE('',#6320,#6321);
#6320 = CARTESIAN_POINT('',(68.99879538301,-83.07664209617,7.6));
#6321 = VECTOR('',#6322,1.);
#6322 = DIRECTION('',(-0.967323091152,0.25354691346,0.));
#6323 = ORIENTED_EDGE('',*,*,#6286,.F.);
#6324 = PLANE('',#6325);
#6325 = AXIS2_PLACEMENT_3D('',#6326,#6327,#6328);
#6326 = CARTESIAN_POINT('',(70.109967143323,-83.36789346061,6.2));
#6327 = DIRECTION('',(0.25354691346,0.967323091152,0.));
#6328 = DIRECTION('',(0.967323091152,-0.25354691346,0.));
#6329 = ADVANCED_FACE('',(#6330),#6348,.F.);
#6330 = FACE_BOUND('',#6331,.F.);
#6331 = EDGE_LOOP('',(#6332,#6333,#6341,#6347));
#6332 = ORIENTED_EDGE('',*,*,#2071,.T.);
#6333 = ORIENTED_EDGE('',*,*,#6334,.T.);
#6334 = EDGE_CURVE('',#2064,#6335,#6337,.T.);
#6335 = VERTEX_POINT('',#6336);
#6336 = CARTESIAN_POINT('',(69.990446817595,-83.32365190396,7.6));
#6337 = LINE('',#6338,#6339);
#6338 = CARTESIAN_POINT('',(69.990446817595,-83.32365190396,6.2));
#6339 = VECTOR('',#6340,1.);
#6340 = DIRECTION('',(0.,0.,1.));
#6341 = ORIENTED_EDGE('',*,*,#6342,.F.);
#6342 = EDGE_CURVE('',#6311,#6335,#6343,.T.);
#6343 = LINE('',#6344,#6345);
#6344 = CARTESIAN_POINT('',(67.203621381109,-82.29208263169,7.6));
#6345 = VECTOR('',#6346,1.);
#6346 = DIRECTION('',(-0.937813222675,0.347140258939,0.));
#6347 = ORIENTED_EDGE('',*,*,#6310,.F.);
#6348 = PLANE('',#6349);
#6349 = AXIS2_PLACEMENT_3D('',#6350,#6351,#6352);
#6350 = CARTESIAN_POINT('',(69.990446817595,-83.32365190396,6.2));
#6351 = DIRECTION('',(0.347140258939,0.937813222675,0.));
#6352 = DIRECTION('',(0.937813222675,-0.347140258939,0.));
#6353 = ADVANCED_FACE('',(#6354),#6372,.F.);
#6354 = FACE_BOUND('',#6355,.F.);
#6355 = EDGE_LOOP('',(#6356,#6357,#6365,#6371));
#6356 = ORIENTED_EDGE('',*,*,#2063,.T.);
#6357 = ORIENTED_EDGE('',*,*,#6358,.T.);
#6358 = EDGE_CURVE('',#2056,#6359,#6361,.T.);
#6359 = VERTEX_POINT('',#6360);
#6360 = CARTESIAN_POINT('',(69.875838445771,-83.26790834195,7.6));
#6361 = LINE('',#6362,#6363);
#6362 = CARTESIAN_POINT('',(69.875838445771,-83.26790834195,6.2));
#6363 = VECTOR('',#6364,1.);
#6364 = DIRECTION('',(0.,0.,1.));
#6365 = ORIENTED_EDGE('',*,*,#6366,.F.);
#6366 = EDGE_CURVE('',#6335,#6359,#6367,.T.);
#6367 = LINE('',#6368,#6369);
#6368 = CARTESIAN_POINT('',(65.590261342993,-81.18347655783,7.6));
#6369 = VECTOR('',#6370,1.);
#6370 = DIRECTION('',(-0.899271700203,0.437390453959,0.));
#6371 = ORIENTED_EDGE('',*,*,#6334,.F.);
#6372 = PLANE('',#6373);
#6373 = AXIS2_PLACEMENT_3D('',#6374,#6375,#6376);
#6374 = CARTESIAN_POINT('',(69.875838445771,-83.26790834195,6.2));
#6375 = DIRECTION('',(0.437390453959,0.899271700203,0.));
#6376 = DIRECTION('',(0.899271700203,-0.437390453959,0.));
#6377 = ADVANCED_FACE('',(#6378),#6396,.F.);
#6378 = FACE_BOUND('',#6379,.F.);
#6379 = EDGE_LOOP('',(#6380,#6381,#6389,#6395));
#6380 = ORIENTED_EDGE('',*,*,#2055,.T.);
#6381 = ORIENTED_EDGE('',*,*,#6382,.T.);
#6382 = EDGE_CURVE('',#2048,#6383,#6385,.T.);
#6383 = VERTEX_POINT('',#6384);
#6384 = CARTESIAN_POINT('',(69.767245769122,-83.20119961557,7.6));
#6385 = LINE('',#6386,#6387);
#6386 = CARTESIAN_POINT('',(69.767245769122,-83.20119961557,6.2));
#6387 = VECTOR('',#6388,1.);
#6388 = DIRECTION('',(0.,0.,1.));
#6389 = ORIENTED_EDGE('',*,*,#6390,.F.);
#6390 = EDGE_CURVE('',#6359,#6383,#6391,.T.);
#6391 = LINE('',#6392,#6393);
#6392 = CARTESIAN_POINT('',(64.217379831247,-79.79190444272,7.6));
#6393 = VECTOR('',#6394,1.);
#6394 = DIRECTION('',(-0.852069699666,0.523428339806,0.));
#6395 = ORIENTED_EDGE('',*,*,#6358,.F.);
#6396 = PLANE('',#6397);
#6397 = AXIS2_PLACEMENT_3D('',#6398,#6399,#6400);
#6398 = CARTESIAN_POINT('',(69.767245769122,-83.20119961557,6.2));
#6399 = DIRECTION('',(0.523428339806,0.852069699666,0.));
#6400 = DIRECTION('',(0.852069699666,-0.523428339806,0.));
#6401 = ADVANCED_FACE('',(#6402),#6420,.F.);
#6402 = FACE_BOUND('',#6403,.F.);
#6403 = EDGE_LOOP('',(#6404,#6405,#6413,#6419));
#6404 = ORIENTED_EDGE('',*,*,#2047,.T.);
#6405 = ORIENTED_EDGE('',*,*,#6406,.T.);
#6406 = EDGE_CURVE('',#2040,#6407,#6409,.T.);
#6407 = VERTEX_POINT('',#6408);
#6408 = CARTESIAN_POINT('',(69.665714594488,-83.12416816631,7.6));
#6409 = LINE('',#6410,#6411);
#6410 = CARTESIAN_POINT('',(69.665714594488,-83.12416816631,6.2));
#6411 = VECTOR('',#6412,1.);
#6412 = DIRECTION('',(0.,0.,1.));
#6413 = ORIENTED_EDGE('',*,*,#6414,.F.);
#6414 = EDGE_CURVE('',#6383,#6407,#6415,.T.);
#6415 = LINE('',#6416,#6417);
#6416 = CARTESIAN_POINT('',(63.134565252288,-78.16900143103,7.6));
#6417 = VECTOR('',#6418,1.);
#6418 = DIRECTION('',(-0.796661802132,0.604425324605,0.));
#6419 = ORIENTED_EDGE('',*,*,#6382,.F.);
#6420 = PLANE('',#6421);
#6421 = AXIS2_PLACEMENT_3D('',#6422,#6423,#6424);
#6422 = CARTESIAN_POINT('',(69.665714594488,-83.12416816631,6.2));
#6423 = DIRECTION('',(0.604425324605,0.796661802132,0.));
#6424 = DIRECTION('',(0.796661802132,-0.604425324605,0.));
#6425 = ADVANCED_FACE('',(#6426),#6444,.F.);
#6426 = FACE_BOUND('',#6427,.F.);
#6427 = EDGE_LOOP('',(#6428,#6429,#6437,#6443));
#6428 = ORIENTED_EDGE('',*,*,#2039,.T.);
#6429 = ORIENTED_EDGE('',*,*,#6430,.T.);
#6430 = EDGE_CURVE('',#2032,#6431,#6433,.T.);
#6431 = VERTEX_POINT('',#6432);
#6432 = CARTESIAN_POINT('',(69.572222722582,-83.03755584915,7.6));
#6433 = LINE('',#6434,#6435);
#6434 = CARTESIAN_POINT('',(69.572222722582,-83.03755584915,6.2));
#6435 = VECTOR('',#6436,1.);
#6436 = DIRECTION('',(0.,0.,1.));
#6437 = ORIENTED_EDGE('',*,*,#6438,.F.);
#6438 = EDGE_CURVE('',#6407,#6431,#6439,.T.);
#6439 = LINE('',#6440,#6441);
#6440 = CARTESIAN_POINT('',(62.380454736886,-76.37499067568,7.6));
#6441 = VECTOR('',#6442,1.);
#6442 = DIRECTION('',(-0.733581615945,0.679601363115,0.));
#6443 = ORIENTED_EDGE('',*,*,#6406,.F.);
#6444 = PLANE('',#6445);
#6445 = AXIS2_PLACEMENT_3D('',#6446,#6447,#6448);
#6446 = CARTESIAN_POINT('',(69.572222722582,-83.03755584915,6.2));
#6447 = DIRECTION('',(0.679601363115,0.733581615945,0.));
#6448 = DIRECTION('',(0.733581615945,-0.679601363115,0.));
#6449 = ADVANCED_FACE('',(#6450),#6468,.F.);
#6450 = FACE_BOUND('',#6451,.F.);
#6451 = EDGE_LOOP('',(#6452,#6453,#6461,#6467));
#6452 = ORIENTED_EDGE('',*,*,#2031,.T.);
#6453 = ORIENTED_EDGE('',*,*,#6454,.T.);
#6454 = EDGE_CURVE('',#2024,#6455,#6457,.T.);
#6455 = VERTEX_POINT('',#6456);
#6456 = CARTESIAN_POINT('',(69.487670531239,-82.94219678804,7.6));
#6457 = LINE('',#6458,#6459);
#6458 = CARTESIAN_POINT('',(69.487670531239,-82.94219678804,6.2));
#6459 = VECTOR('',#6460,1.);
#6460 = DIRECTION('',(0.,0.,1.));
#6461 = ORIENTED_EDGE('',*,*,#6462,.F.);
#6462 = EDGE_CURVE('',#6431,#6455,#6463,.T.);
#6463 = LINE('',#6464,#6465);
#6464 = CARTESIAN_POINT('',(61.981277986111,-74.4763896447,7.6));
#6465 = VECTOR('',#6466,1.);
#6466 = DIRECTION('',(-0.663436637779,0.748232468991,0.));
#6467 = ORIENTED_EDGE('',*,*,#6430,.F.);
#6468 = PLANE('',#6469);
#6469 = AXIS2_PLACEMENT_3D('',#6470,#6471,#6472);
#6470 = CARTESIAN_POINT('',(69.487670531239,-82.94219678804,6.2));
#6471 = DIRECTION('',(0.748232468991,0.663436637779,0.));
#6472 = DIRECTION('',(0.663436637779,-0.748232468991,0.));
#6473 = ADVANCED_FACE('',(#6474),#6492,.F.);
#6474 = FACE_BOUND('',#6475,.F.);
#6475 = EDGE_LOOP('',(#6476,#6477,#6485,#6491));
#6476 = ORIENTED_EDGE('',*,*,#2023,.T.);
#6477 = ORIENTED_EDGE('',*,*,#6478,.T.);
#6478 = EDGE_CURVE('',#2016,#6479,#6481,.T.);
#6479 = VERTEX_POINT('',#6480);
#6480 = CARTESIAN_POINT('',(69.412872304283,-82.83900934286,7.6));
#6481 = LINE('',#6482,#6483);
#6482 = CARTESIAN_POINT('',(69.412872304283,-82.83900934286,6.2));
#6483 = VECTOR('',#6484,1.);
#6484 = DIRECTION('',(0.,0.,1.));
#6485 = ORIENTED_EDGE('',*,*,#6486,.F.);
#6486 = EDGE_CURVE('',#6455,#6479,#6487,.T.);
#6487 = LINE('',#6488,#6489);
#6488 = CARTESIAN_POINT('',(61.949875765939,-72.54347724974,7.6));
#6489 = VECTOR('',#6490,1.);
#6490 = DIRECTION('',(-0.58690240212,0.809657687165,0.));
#6491 = ORIENTED_EDGE('',*,*,#6454,.F.);
#6492 = PLANE('',#6493);
#6493 = AXIS2_PLACEMENT_3D('',#6494,#6495,#6496);
#6494 = CARTESIAN_POINT('',(69.412872304283,-82.83900934286,6.2));
#6495 = DIRECTION('',(0.809657687165,0.58690240212,0.));
#6496 = DIRECTION('',(0.58690240212,-0.809657687165,0.));
#6497 = ADVANCED_FACE('',(#6498),#6516,.F.);
#6498 = FACE_BOUND('',#6499,.F.);
#6499 = EDGE_LOOP('',(#6500,#6501,#6509,#6515));
#6500 = ORIENTED_EDGE('',*,*,#2015,.T.);
#6501 = ORIENTED_EDGE('',*,*,#6502,.T.);
#6502 = EDGE_CURVE('',#2008,#6503,#6505,.T.);
#6503 = VERTEX_POINT('',#6504);
#6504 = CARTESIAN_POINT('',(69.348548389529,-82.72898726513,7.6));
#6505 = LINE('',#6506,#6507);
#6506 = CARTESIAN_POINT('',(69.348548389529,-82.72898726513,6.2));
#6507 = VECTOR('',#6508,1.);
#6508 = DIRECTION('',(0.,0.,1.));
#6509 = ORIENTED_EDGE('',*,*,#6510,.F.);
#6510 = EDGE_CURVE('',#6479,#6503,#6511,.T.);
#6511 = LINE('',#6512,#6513);
#6512 = CARTESIAN_POINT('',(62.285230514136,-70.6476189082,7.6));
#6513 = VECTOR('',#6514,1.);
#6514 = DIRECTION('',(-0.504715975495,0.863285459208,0.));
#6515 = ORIENTED_EDGE('',*,*,#6478,.F.);
#6516 = PLANE('',#6517);
#6517 = AXIS2_PLACEMENT_3D('',#6518,#6519,#6520);
#6518 = CARTESIAN_POINT('',(69.348548389529,-82.72898726513,6.2));
#6519 = DIRECTION('',(0.863285459208,0.504715975495,0.));
#6520 = DIRECTION('',(0.504715975495,-0.863285459208,0.));
#6521 = ADVANCED_FACE('',(#6522),#6540,.F.);
#6522 = FACE_BOUND('',#6523,.F.);
#6523 = EDGE_LOOP('',(#6524,#6525,#6533,#6539));
#6524 = ORIENTED_EDGE('',*,*,#2007,.T.);
#6525 = ORIENTED_EDGE('',*,*,#6526,.T.);
#6526 = EDGE_CURVE('',#2000,#6527,#6529,.T.);
#6527 = VERTEX_POINT('',#6528);
#6528 = CARTESIAN_POINT('',(69.295318261437,-82.6131901276,7.6));
#6529 = LINE('',#6530,#6531);
#6530 = CARTESIAN_POINT('',(69.295318261437,-82.6131901276,6.2));
#6531 = VECTOR('',#6532,1.);
#6532 = DIRECTION('',(0.,0.,1.));
#6533 = ORIENTED_EDGE('',*,*,#6534,.F.);
#6534 = EDGE_CURVE('',#6503,#6527,#6535,.T.);
#6535 = LINE('',#6536,#6537);
#6536 = CARTESIAN_POINT('',(62.972526866143,-68.8585520864,7.6));
#6537 = VECTOR('',#6538,1.);
#6538 = DIRECTION('',(-0.417668858121,0.908599320359,0.));
#6539 = ORIENTED_EDGE('',*,*,#6502,.F.);
#6540 = PLANE('',#6541);
#6541 = AXIS2_PLACEMENT_3D('',#6542,#6543,#6544);
#6542 = CARTESIAN_POINT('',(69.295318261437,-82.6131901276,6.2));
#6543 = DIRECTION('',(0.908599320359,0.417668858121,0.));
#6544 = DIRECTION('',(0.417668858121,-0.908599320359,0.));
#6545 = ADVANCED_FACE('',(#6546),#6564,.F.);
#6546 = FACE_BOUND('',#6547,.F.);
#6547 = EDGE_LOOP('',(#6548,#6549,#6557,#6563));
#6548 = ORIENTED_EDGE('',*,*,#1999,.T.);
#6549 = ORIENTED_EDGE('',*,*,#6550,.T.);
#6550 = EDGE_CURVE('',#1992,#6551,#6553,.T.);
#6551 = VERTEX_POINT('',#6552);
#6552 = CARTESIAN_POINT('',(69.25369455524,-82.49273312,7.6));
#6553 = LINE('',#6554,#6555);
#6554 = CARTESIAN_POINT('',(69.25369455524,-82.49273312,6.2));
#6555 = VECTOR('',#6556,1.);
#6556 = DIRECTION('',(0.,0.,1.));
#6557 = ORIENTED_EDGE('',*,*,#6558,.F.);
#6558 = EDGE_CURVE('',#6527,#6551,#6559,.T.);
#6559 = LINE('',#6560,#6561);
#6560 = CARTESIAN_POINT('',(63.983739567659,-67.2417363685,7.6));
#6561 = VECTOR('',#6562,1.);
#6562 = DIRECTION('',(-0.326599361322,0.945162873363,0.));
#6563 = ORIENTED_EDGE('',*,*,#6526,.F.);
#6564 = PLANE('',#6565);
#6565 = AXIS2_PLACEMENT_3D('',#6566,#6567,#6568);
#6566 = CARTESIAN_POINT('',(69.25369455524,-82.49273312,6.2));
#6567 = DIRECTION('',(0.945162873363,0.326599361322,0.));
#6568 = DIRECTION('',(0.326599361322,-0.945162873363,0.));
#6569 = ADVANCED_FACE('',(#6570),#6588,.F.);
#6570 = FACE_BOUND('',#6571,.F.);
#6571 = EDGE_LOOP('',(#6572,#6573,#6581,#6587));
#6572 = ORIENTED_EDGE('',*,*,#1991,.T.);
#6573 = ORIENTED_EDGE('',*,*,#6574,.T.);
#6574 = EDGE_CURVE('',#1984,#6575,#6577,.T.);
#6575 = VERTEX_POINT('',#6576);
#6576 = CARTESIAN_POINT('',(69.224078129984,-82.36877630917,7.6));
#6577 = LINE('',#6578,#6579);
#6578 = CARTESIAN_POINT('',(69.224078129984,-82.36877630917,6.2));
#6579 = VECTOR('',#6580,1.);
#6580 = DIRECTION('',(0.,0.,1.));
#6581 = ORIENTED_EDGE('',*,*,#6582,.F.);
#6582 = EDGE_CURVE('',#6551,#6575,#6583,.T.);
#6583 = LINE('',#6584,#6585);
#6584 = CARTESIAN_POINT('',(65.278726001996,-65.85586959718,7.6));
#6585 = VECTOR('',#6586,1.);
#6586 = DIRECTION('',(-0.232384534135,0.972623991219,0.));
#6587 = ORIENTED_EDGE('',*,*,#6550,.F.);
#6588 = PLANE('',#6589);
#6589 = AXIS2_PLACEMENT_3D('',#6590,#6591,#6592);
#6590 = CARTESIAN_POINT('',(69.224078129984,-82.36877630917,6.2));
#6591 = DIRECTION('',(0.972623991219,0.232384534135,0.));
#6592 = DIRECTION('',(0.232384534135,-0.972623991219,0.));
#6593 = ADVANCED_FACE('',(#6594),#6612,.F.);
#6594 = FACE_BOUND('',#6595,.F.);
#6595 = EDGE_LOOP('',(#6596,#6597,#6605,#6611));
#6596 = ORIENTED_EDGE('',*,*,#1983,.T.);
#6597 = ORIENTED_EDGE('',*,*,#6598,.T.);
#6598 = EDGE_CURVE('',#1976,#6599,#6601,.T.);
#6599 = VERTEX_POINT('',#6600);
#6600 = CARTESIAN_POINT('',(69.203079151281,-82.21572835951,7.6));
#6601 = LINE('',#6602,#6603);
#6602 = CARTESIAN_POINT('',(69.203079151281,-82.21572835951,6.2));
#6603 = VECTOR('',#6604,1.);
#6604 = DIRECTION('',(0.,0.,1.));
#6605 = ORIENTED_EDGE('',*,*,#6606,.F.);
#6606 = EDGE_CURVE('',#6575,#6599,#6607,.T.);
#6607 = LINE('',#6608,#6609);
#6608 = CARTESIAN_POINT('',(66.804943668996,-64.73727268026,7.6));
#6609 = VECTOR('',#6610,1.);
#6610 = DIRECTION('',(-0.135931716851,0.990718208349,0.));
#6611 = ORIENTED_EDGE('',*,*,#6574,.F.);
#6612 = PLANE('',#6613);
#6613 = AXIS2_PLACEMENT_3D('',#6614,#6615,#6616);
#6614 = CARTESIAN_POINT('',(69.203079151281,-82.21572835951,6.2));
#6615 = DIRECTION('',(0.990718208349,0.135931716851,0.));
#6616 = DIRECTION('',(0.135931716851,-0.990718208349,0.));
#6617 = ADVANCED_FACE('',(#6618),#6636,.F.);
#6618 = FACE_BOUND('',#6619,.F.);
#6619 = EDGE_LOOP('',(#6620,#6621,#6629,#6635));
#6620 = ORIENTED_EDGE('',*,*,#1975,.T.);
#6621 = ORIENTED_EDGE('',*,*,#6622,.T.);
#6622 = EDGE_CURVE('',#1968,#6623,#6625,.T.);
#6623 = VERTEX_POINT('',#6624);
#6624 = CARTESIAN_POINT('',(67.729028801354,-65.36725576293,7.6));
#6625 = LINE('',#6626,#6627);
#6626 = CARTESIAN_POINT('',(67.729028801354,-65.36725576293,6.2));
#6627 = VECTOR('',#6628,1.);
#6628 = DIRECTION('',(0.,0.,1.));
#6629 = ORIENTED_EDGE('',*,*,#6630,.F.);
#6630 = EDGE_CURVE('',#6599,#6623,#6631,.T.);
#6631 = LINE('',#6632,#6633);
#6632 = CARTESIAN_POINT('',(66.901645878887,-55.91022568473,7.6));
#6633 = VECTOR('',#6634,1.);
#6634 = DIRECTION('',(-8.715574274766E-02,0.996194698092,0.));
#6635 = ORIENTED_EDGE('',*,*,#6598,.F.);
#6636 = PLANE('',#6637);
#6637 = AXIS2_PLACEMENT_3D('',#6638,#6639,#6640);
#6638 = CARTESIAN_POINT('',(67.729028801354,-65.36725576293,6.2));
#6639 = DIRECTION('',(0.996194698092,8.715574274766E-02,0.));
#6640 = DIRECTION('',(8.715574274766E-02,-0.996194698092,0.));
#6641 = ADVANCED_FACE('',(#6642),#6660,.F.);
#6642 = FACE_BOUND('',#6643,.F.);
#6643 = EDGE_LOOP('',(#6644,#6645,#6653,#6659));
#6644 = ORIENTED_EDGE('',*,*,#1967,.T.);
#6645 = ORIENTED_EDGE('',*,*,#6646,.T.);
#6646 = EDGE_CURVE('',#1960,#6647,#6649,.T.);
#6647 = VERTEX_POINT('',#6648);
#6648 = CARTESIAN_POINT('',(67.681785923237,-65.01581906272,7.6));
#6649 = LINE('',#6650,#6651);
#6650 = CARTESIAN_POINT('',(67.681785923237,-65.01581906272,6.2));
#6651 = VECTOR('',#6652,1.);
#6652 = DIRECTION('',(0.,0.,1.));
#6653 = ORIENTED_EDGE('',*,*,#6654,.F.);
#6654 = EDGE_CURVE('',#6623,#6647,#6655,.T.);
#6655 = LINE('',#6656,#6657);
#6656 = CARTESIAN_POINT('',(66.477954387529,-56.06059449999,7.6));
#6657 = VECTOR('',#6658,1.);
#6658 = DIRECTION('',(-0.133229449946,0.991085220184,0.));
#6659 = ORIENTED_EDGE('',*,*,#6622,.F.);
#6660 = PLANE('',#6661);
#6661 = AXIS2_PLACEMENT_3D('',#6662,#6663,#6664);
#6662 = CARTESIAN_POINT('',(67.681785923237,-65.01581906272,6.2));
#6663 = DIRECTION('',(0.991085220184,0.133229449946,0.));
#6664 = DIRECTION('',(0.133229449946,-0.991085220184,0.));
#6665 = ADVANCED_FACE('',(#6666),#6684,.F.);
#6666 = FACE_BOUND('',#6667,.F.);
#6667 = EDGE_LOOP('',(#6668,#6669,#6677,#6683));
#6668 = ORIENTED_EDGE('',*,*,#1959,.T.);
#6669 = ORIENTED_EDGE('',*,*,#6670,.T.);
#6670 = EDGE_CURVE('',#1952,#6671,#6673,.T.);
#6671 = VERTEX_POINT('',#6672);
#6672 = CARTESIAN_POINT('',(67.596477748628,-64.64538710573,7.6));
#6673 = LINE('',#6674,#6675);
#6674 = CARTESIAN_POINT('',(67.596477748628,-64.64538710573,6.2));
#6675 = VECTOR('',#6676,1.);
#6676 = DIRECTION('',(0.,0.,1.));
#6677 = ORIENTED_EDGE('',*,*,#6678,.F.);
#6678 = EDGE_CURVE('',#6647,#6671,#6679,.T.);
#6679 = LINE('',#6680,#6681);
#6680 = CARTESIAN_POINT('',(65.750050613555,-56.62768399312,7.6));
#6681 = VECTOR('',#6682,1.);
#6682 = DIRECTION('',(-0.224419584481,0.97449261162,0.));
#6683 = ORIENTED_EDGE('',*,*,#6646,.F.);
#6684 = PLANE('',#6685);
#6685 = AXIS2_PLACEMENT_3D('',#6686,#6687,#6688);
#6686 = CARTESIAN_POINT('',(67.596477748628,-64.64538710573,6.2));
#6687 = DIRECTION('',(0.97449261162,0.224419584481,0.));
#6688 = DIRECTION('',(0.224419584481,-0.97449261162,0.));
#6689 = ADVANCED_FACE('',(#6690),#6708,.F.);
#6690 = FACE_BOUND('',#6691,.F.);
#6691 = EDGE_LOOP('',(#6692,#6693,#6701,#6707));
#6692 = ORIENTED_EDGE('',*,*,#1951,.T.);
#6693 = ORIENTED_EDGE('',*,*,#6694,.T.);
#6694 = EDGE_CURVE('',#1944,#6695,#6697,.T.);
#6695 = VERTEX_POINT('',#6696);
#6696 = CARTESIAN_POINT('',(67.477238526511,-64.28444482873,7.6));
#6697 = LINE('',#6698,#6699);
#6698 = CARTESIAN_POINT('',(67.477238526511,-64.28444482873,6.2));
#6699 = VECTOR('',#6700,1.);
#6700 = DIRECTION('',(0.,0.,1.));
#6701 = ORIENTED_EDGE('',*,*,#6702,.F.);
#6702 = EDGE_CURVE('',#6671,#6695,#6703,.T.);
#6703 = LINE('',#6704,#6705);
#6704 = CARTESIAN_POINT('',(65.172349604486,-57.3074464806,7.6));
#6705 = VECTOR('',#6706,1.);
#6706 = DIRECTION('',(-0.313681740399,0.949528180593,0.));
#6707 = ORIENTED_EDGE('',*,*,#6670,.F.);
#6708 = PLANE('',#6709);
#6709 = AXIS2_PLACEMENT_3D('',#6710,#6711,#6712);
#6710 = CARTESIAN_POINT('',(67.477238526511,-64.28444482873,6.2));
#6711 = DIRECTION('',(0.949528180593,0.313681740399,0.));
#6712 = DIRECTION('',(0.313681740399,-0.949528180593,0.));
#6713 = ADVANCED_FACE('',(#6714),#6732,.F.);
#6714 = FACE_BOUND('',#6715,.F.);
#6715 = EDGE_LOOP('',(#6716,#6717,#6725,#6731));
#6716 = ORIENTED_EDGE('',*,*,#1943,.T.);
#6717 = ORIENTED_EDGE('',*,*,#6718,.T.);
#6718 = EDGE_CURVE('',#1936,#6719,#6721,.T.);
#6719 = VERTEX_POINT('',#6720);
#6720 = CARTESIAN_POINT('',(67.325092635712,-63.93609307069,7.6));
#6721 = LINE('',#6722,#6723);
#6722 = CARTESIAN_POINT('',(67.325092635712,-63.93609307069,6.2));
#6723 = VECTOR('',#6724,1.);
#6724 = DIRECTION('',(0.,0.,1.));
#6725 = ORIENTED_EDGE('',*,*,#6726,.F.);
#6726 = EDGE_CURVE('',#6695,#6719,#6727,.T.);
#6727 = LINE('',#6728,#6729);
#6728 = CARTESIAN_POINT('',(64.761814400483,-58.06723604871,7.6));
#6729 = VECTOR('',#6730,1.);
#6730 = DIRECTION('',(-0.400249070508,0.916406395415,0.));
#6731 = ORIENTED_EDGE('',*,*,#6694,.F.);
#6732 = PLANE('',#6733);
#6733 = AXIS2_PLACEMENT_3D('',#6734,#6735,#6736);
#6734 = CARTESIAN_POINT('',(67.325092635712,-63.93609307069,6.2));
#6735 = DIRECTION('',(0.916406395415,0.400249070508,0.));
#6736 = DIRECTION('',(0.400249070508,-0.916406395415,0.));
#6737 = ADVANCED_FACE('',(#6738),#6756,.F.);
#6738 = FACE_BOUND('',#6739,.F.);
#6739 = EDGE_LOOP('',(#6740,#6741,#6749,#6755));
#6740 = ORIENTED_EDGE('',*,*,#1935,.T.);
#6741 = ORIENTED_EDGE('',*,*,#6742,.T.);
#6742 = EDGE_CURVE('',#1928,#6743,#6745,.T.);
#6743 = VERTEX_POINT('',#6744);
#6744 = CARTESIAN_POINT('',(67.141347154776,-63.60332450599,7.6));
#6745 = LINE('',#6746,#6747);
#6746 = CARTESIAN_POINT('',(67.141347154776,-63.60332450599,6.2));
#6747 = VECTOR('',#6748,1.);
#6748 = DIRECTION('',(0.,0.,1.));
#6749 = ORIENTED_EDGE('',*,*,#6750,.F.);
#6750 = EDGE_CURVE('',#6719,#6743,#6751,.T.);
#6751 = LINE('',#6752,#6753);
#6752 = CARTESIAN_POINT('',(64.528823671574,-58.87196629614,7.6));
#6753 = VECTOR('',#6754,1.);
#6754 = DIRECTION('',(-0.483377878745,0.875411803861,0.));
#6755 = ORIENTED_EDGE('',*,*,#6718,.F.);
#6756 = PLANE('',#6757);
#6757 = AXIS2_PLACEMENT_3D('',#6758,#6759,#6760);
#6758 = CARTESIAN_POINT('',(67.141347154776,-63.60332450599,6.2));
#6759 = DIRECTION('',(0.875411803861,0.483377878745,0.));
#6760 = DIRECTION('',(0.483377878745,-0.875411803861,0.));
#6761 = ADVANCED_FACE('',(#6762),#6780,.F.);
#6762 = FACE_BOUND('',#6763,.F.);
#6763 = EDGE_LOOP('',(#6764,#6765,#6773,#6779));
#6764 = ORIENTED_EDGE('',*,*,#1927,.T.);
#6765 = ORIENTED_EDGE('',*,*,#6766,.T.);
#6766 = EDGE_CURVE('',#1920,#6767,#6769,.T.);
#6767 = VERTEX_POINT('',#6768);
#6768 = CARTESIAN_POINT('',(66.927580632917,-63.28899793449,7.6));
#6769 = LINE('',#6770,#6771);
#6770 = CARTESIAN_POINT('',(66.927580632917,-63.28899793449,6.2));
#6771 = VECTOR('',#6772,1.);
#6772 = DIRECTION('',(0.,0.,1.));
#6773 = ORIENTED_EDGE('',*,*,#6774,.F.);
#6774 = EDGE_CURVE('',#6743,#6767,#6775,.T.);
#6775 = LINE('',#6776,#6777);
#6776 = CARTESIAN_POINT('',(64.476847607297,-59.68539105117,7.6));
#6777 = VECTOR('',#6778,1.);
#6778 = DIRECTION('',(-0.562354009235,0.826896588636,0.));
#6779 = ORIENTED_EDGE('',*,*,#6742,.F.);
#6780 = PLANE('',#6781);
#6781 = AXIS2_PLACEMENT_3D('',#6782,#6783,#6784);
#6782 = CARTESIAN_POINT('',(66.927580632917,-63.28899793449,6.2));
#6783 = DIRECTION('',(0.826896588636,0.562354009235,0.));
#6784 = DIRECTION('',(0.562354009235,-0.826896588636,0.));
#6785 = ADVANCED_FACE('',(#6786),#6804,.F.);
#6786 = FACE_BOUND('',#6787,.F.);
#6787 = EDGE_LOOP('',(#6788,#6789,#6797,#6803));
#6788 = ORIENTED_EDGE('',*,*,#1919,.T.);
#6789 = ORIENTED_EDGE('',*,*,#6790,.T.);
#6790 = EDGE_CURVE('',#1912,#6791,#6793,.T.);
#6791 = VERTEX_POINT('',#6792);
#6792 = CARTESIAN_POINT('',(66.685629528768,-62.99581372173,7.6));
#6793 = LINE('',#6794,#6795);
#6794 = CARTESIAN_POINT('',(66.685629528768,-62.99581372173,6.2));
#6795 = VECTOR('',#6796,1.);
#6796 = DIRECTION('',(0.,0.,1.));
#6797 = ORIENTED_EDGE('',*,*,#6798,.F.);
#6798 = EDGE_CURVE('',#6767,#6791,#6799,.T.);
#6799 = LINE('',#6800,#6801);
#6800 = CARTESIAN_POINT('',(64.602367746941,-60.47142158207,7.6));
#6801 = VECTOR('',#6802,1.);
#6802 = DIRECTION('',(-0.636498981571,0.771277541783,0.));
#6803 = ORIENTED_EDGE('',*,*,#6766,.F.);
#6804 = PLANE('',#6805);
#6805 = AXIS2_PLACEMENT_3D('',#6806,#6807,#6808);
#6806 = CARTESIAN_POINT('',(66.685629528768,-62.99581372173,6.2));
#6807 = DIRECTION('',(0.771277541783,0.636498981571,0.));
#6808 = DIRECTION('',(0.636498981571,-0.771277541783,0.));
#6809 = ADVANCED_FACE('',(#6810),#6828,.F.);
#6810 = FACE_BOUND('',#6811,.F.);
#6811 = EDGE_LOOP('',(#6812,#6813,#6821,#6827));
#6812 = ORIENTED_EDGE('',*,*,#1911,.T.);
#6813 = ORIENTED_EDGE('',*,*,#6814,.T.);
#6814 = EDGE_CURVE('',#1904,#6815,#6817,.T.);
#6815 = VERTEX_POINT('',#6816);
#6816 = CARTESIAN_POINT('',(66.417572433447,-62.72629060015,7.6));
#6817 = LINE('',#6818,#6819);
#6818 = CARTESIAN_POINT('',(66.417572433447,-62.72629060015,6.2));
#6819 = VECTOR('',#6820,1.);
#6820 = DIRECTION('',(0.,0.,1.));
#6821 = ORIENTED_EDGE('',*,*,#6822,.F.);
#6822 = EDGE_CURVE('',#6791,#6815,#6823,.T.);
#6823 = LINE('',#6824,#6825);
#6824 = CARTESIAN_POINT('',(64.895043165878,-61.19543449505,7.6));
#6825 = VECTOR('',#6826,1.);
#6826 = DIRECTION('',(-0.705175819611,0.709032484048,0.));
#6827 = ORIENTED_EDGE('',*,*,#6790,.F.);
#6828 = PLANE('',#6829);
#6829 = AXIS2_PLACEMENT_3D('',#6830,#6831,#6832);
#6830 = CARTESIAN_POINT('',(66.417572433447,-62.72629060015,6.2));
#6831 = DIRECTION('',(0.709032484048,0.705175819611,0.));
#6832 = DIRECTION('',(0.705175819611,-0.709032484048,0.));
#6833 = ADVANCED_FACE('',(#6834),#6852,.F.);
#6834 = FACE_BOUND('',#6835,.F.);
#6835 = EDGE_LOOP('',(#6836,#6837,#6845,#6851));
#6836 = ORIENTED_EDGE('',*,*,#1903,.T.);
#6837 = ORIENTED_EDGE('',*,*,#6838,.T.);
#6838 = EDGE_CURVE('',#1896,#6839,#6841,.T.);
#6839 = VERTEX_POINT('',#6840);
#6840 = CARTESIAN_POINT('',(66.125712213478,-62.48274403085,7.6));
#6841 = LINE('',#6842,#6843);
#6842 = CARTESIAN_POINT('',(66.125712213478,-62.48274403085,6.2));
#6843 = VECTOR('',#6844,1.);
#6844 = DIRECTION('',(0.,0.,1.));
#6845 = ORIENTED_EDGE('',*,*,#6846,.F.);
#6846 = EDGE_CURVE('',#6815,#6839,#6847,.T.);
#6847 = LINE('',#6848,#6849);
#6848 = CARTESIAN_POINT('',(65.338116928235,-61.82552486705,7.6));
#6849 = VECTOR('',#6850,1.);
#6850 = DIRECTION('',(-0.76779452371,0.64069615994,0.));
#6851 = ORIENTED_EDGE('',*,*,#6814,.F.);
#6852 = PLANE('',#6853);
#6853 = AXIS2_PLACEMENT_3D('',#6854,#6855,#6856);
#6854 = CARTESIAN_POINT('',(66.125712213478,-62.48274403085,6.2));
#6855 = DIRECTION('',(0.64069615994,0.76779452371,0.));
#6856 = DIRECTION('',(0.76779452371,-0.64069615994,0.));
#6857 = ADVANCED_FACE('',(#6858),#6876,.F.);
#6858 = FACE_BOUND('',#6859,.F.);
#6859 = EDGE_LOOP('',(#6860,#6861,#6869,#6875));
#6860 = ORIENTED_EDGE('',*,*,#1895,.T.);
#6861 = ORIENTED_EDGE('',*,*,#6862,.T.);
#6862 = EDGE_CURVE('',#1888,#6863,#6865,.T.);
#6863 = VERTEX_POINT('',#6864);
#6864 = CARTESIAN_POINT('',(65.812556226963,-62.26726631153,7.6));
#6865 = LINE('',#6866,#6867);
#6866 = CARTESIAN_POINT('',(65.812556226963,-62.26726631153,6.2));
#6867 = VECTOR('',#6868,1.);
#6868 = DIRECTION('',(0.,0.,1.));
#6869 = ORIENTED_EDGE('',*,*,#6870,.F.);
#6870 = EDGE_CURVE('',#6839,#6863,#6871,.T.);
#6871 = LINE('',#6872,#6873);
#6872 = CARTESIAN_POINT('',(65.909048423103,-62.33366107724,7.6));
#6873 = VECTOR('',#6874,1.);
#6874 = DIRECTION('',(-0.823817139378,0.566855643763,0.));
#6875 = ORIENTED_EDGE('',*,*,#6838,.F.);
#6876 = PLANE('',#6877);
#6877 = AXIS2_PLACEMENT_3D('',#6878,#6879,#6880);
#6878 = CARTESIAN_POINT('',(65.812556226963,-62.26726631153,6.2));
#6879 = DIRECTION('',(0.566855643763,0.823817139378,0.));
#6880 = DIRECTION('',(0.823817139378,-0.566855643763,0.));
#6881 = ADVANCED_FACE('',(#6882),#6900,.F.);
#6882 = FACE_BOUND('',#6883,.F.);
#6883 = EDGE_LOOP('',(#6884,#6885,#6893,#6899));
#6884 = ORIENTED_EDGE('',*,*,#1887,.T.);
#6885 = ORIENTED_EDGE('',*,*,#6886,.T.);
#6886 = EDGE_CURVE('',#1880,#6887,#6889,.T.);
#6887 = VERTEX_POINT('',#6888);
#6888 = CARTESIAN_POINT('',(65.480794782983,-62.08170860163,7.6));
#6889 = LINE('',#6890,#6891);
#6890 = CARTESIAN_POINT('',(65.480794782983,-62.08170860163,6.2));
#6891 = VECTOR('',#6892,1.);
#6892 = DIRECTION('',(0.,0.,1.));
#6893 = ORIENTED_EDGE('',*,*,#6894,.F.);
#6894 = EDGE_CURVE('',#6863,#6887,#6895,.T.);
#6895 = LINE('',#6896,#6897);
#6896 = CARTESIAN_POINT('',(66.580349405389,-62.69670121559,7.6));
#6897 = VECTOR('',#6898,1.);
#6898 = DIRECTION('',(-0.872762378831,0.488145296092,0.));
#6899 = ORIENTED_EDGE('',*,*,#6862,.F.);
#6900 = PLANE('',#6901);
#6901 = AXIS2_PLACEMENT_3D('',#6902,#6903,#6904);
#6902 = CARTESIAN_POINT('',(65.480794782983,-62.08170860163,6.2));
#6903 = DIRECTION('',(0.488145296092,0.872762378831,0.));
#6904 = DIRECTION('',(0.872762378831,-0.488145296092,0.));
#6905 = ADVANCED_FACE('',(#6906),#6924,.F.);
#6906 = FACE_BOUND('',#6907,.F.);
#6907 = EDGE_LOOP('',(#6908,#6909,#6917,#6923));
#6908 = ORIENTED_EDGE('',*,*,#1879,.T.);
#6909 = ORIENTED_EDGE('',*,*,#6910,.T.);
#6910 = EDGE_CURVE('',#1872,#6911,#6913,.T.);
#6911 = VERTEX_POINT('',#6912);
#6912 = CARTESIAN_POINT('',(65.133278029271,-61.92766501914,7.6));
#6913 = LINE('',#6914,#6915);
#6914 = CARTESIAN_POINT('',(65.133278029271,-61.92766501914,6.2));
#6915 = VECTOR('',#6916,1.);
#6916 = DIRECTION('',(0.,0.,1.));
#6917 = ORIENTED_EDGE('',*,*,#6918,.F.);
#6918 = EDGE_CURVE('',#6887,#6911,#6919,.T.);
#6919 = LINE('',#6920,#6921);
#6920 = CARTESIAN_POINT('',(67.32059453121,-62.89723574168,7.6));
#6921 = VECTOR('',#6922,1.);
#6922 = DIRECTION('',(-0.914209755704,0.405241314005,0.));
#6923 = ORIENTED_EDGE('',*,*,#6886,.F.);
#6924 = PLANE('',#6925);
#6925 = AXIS2_PLACEMENT_3D('',#6926,#6927,#6928);
#6926 = CARTESIAN_POINT('',(65.133278029271,-61.92766501914,6.2));
#6927 = DIRECTION('',(0.405241314005,0.914209755704,0.));
#6928 = DIRECTION('',(0.914209755704,-0.405241314005,0.));
#6929 = ADVANCED_FACE('',(#6930),#6948,.F.);
#6930 = FACE_BOUND('',#6931,.F.);
#6931 = EDGE_LOOP('',(#6932,#6933,#6941,#6947));
#6932 = ORIENTED_EDGE('',*,*,#1871,.T.);
#6933 = ORIENTED_EDGE('',*,*,#6934,.T.);
#6934 = EDGE_CURVE('',#1864,#6935,#6937,.T.);
#6935 = VERTEX_POINT('',#6936);
#6936 = CARTESIAN_POINT('',(64.772991466723,-61.8064589456,7.6));
#6937 = LINE('',#6938,#6939);
#6938 = CARTESIAN_POINT('',(64.772991466723,-61.8064589456,6.2));
#6939 = VECTOR('',#6940,1.);
#6940 = DIRECTION('',(0.,0.,1.));
#6941 = ORIENTED_EDGE('',*,*,#6942,.F.);
#6942 = EDGE_CURVE('',#6911,#6935,#6943,.T.);
#6943 = LINE('',#6944,#6945);
#6944 = CARTESIAN_POINT('',(68.095571152646,-62.92422707692,7.6));
#6945 = VECTOR('',#6946,1.);
#6946 = DIRECTION('',(-0.947803197434,0.318855921905,0.));
#6947 = ORIENTED_EDGE('',*,*,#6910,.F.);
#6948 = PLANE('',#6949);
#6949 = AXIS2_PLACEMENT_3D('',#6950,#6951,#6952);
#6950 = CARTESIAN_POINT('',(64.772991466723,-61.8064589456,6.2));
#6951 = DIRECTION('',(0.318855921905,0.947803197434,0.));
#6952 = DIRECTION('',(0.947803197434,-0.318855921905,0.));
#6953 = ADVANCED_FACE('',(#6954),#6972,.F.);
#6954 = FACE_BOUND('',#6955,.F.);
#6955 = EDGE_LOOP('',(#6956,#6957,#6965,#6971));
#6956 = ORIENTED_EDGE('',*,*,#1863,.T.);
#6957 = ORIENTED_EDGE('',*,*,#6958,.T.);
#6958 = EDGE_CURVE('',#1856,#6959,#6961,.T.);
#6959 = VERTEX_POINT('',#6960);
#6960 = CARTESIAN_POINT('',(64.403030301092,-61.71913165696,7.6));
#6961 = LINE('',#6962,#6963);
#6962 = CARTESIAN_POINT('',(64.403030301092,-61.71913165696,6.2));
#6963 = VECTOR('',#6964,1.);
#6964 = DIRECTION('',(0.,0.,1.));
#6965 = ORIENTED_EDGE('',*,*,#6966,.F.);
#6966 = EDGE_CURVE('',#6935,#6959,#6967,.T.);
#6967 = LINE('',#6968,#6969);
#6968 = CARTESIAN_POINT('',(68.869528324974,-62.77342383237,7.6));
#6969 = VECTOR('',#6970,1.);
#6970 = DIRECTION('',(-0.973254104266,0.229731252834,0.));
#6971 = ORIENTED_EDGE('',*,*,#6934,.F.);
#6972 = PLANE('',#6973);
#6973 = AXIS2_PLACEMENT_3D('',#6974,#6975,#6976);
#6974 = CARTESIAN_POINT('',(64.403030301092,-61.71913165696,6.2));
#6975 = DIRECTION('',(0.229731252834,0.973254104266,0.));
#6976 = DIRECTION('',(0.973254104266,-0.229731252834,0.));
#6977 = ADVANCED_FACE('',(#6978),#6996,.F.);
#6978 = FACE_BOUND('',#6979,.F.);
#6979 = EDGE_LOOP('',(#6980,#6981,#6989,#6995));
#6980 = ORIENTED_EDGE('',*,*,#1855,.T.);
#6981 = ORIENTED_EDGE('',*,*,#6982,.T.);
#6982 = EDGE_CURVE('',#1848,#6983,#6985,.T.);
#6983 = VERTEX_POINT('',#6984);
#6984 = CARTESIAN_POINT('',(64.026572852212,-61.66643337806,7.6));
#6985 = LINE('',#6986,#6987);
#6986 = CARTESIAN_POINT('',(64.026572852212,-61.66643337806,6.2));
#6987 = VECTOR('',#6988,1.);
#6988 = DIRECTION('',(0.,0.,1.));
#6989 = ORIENTED_EDGE('',*,*,#6990,.F.);
#6990 = EDGE_CURVE('',#6959,#6983,#6991,.T.);
#6991 = LINE('',#6992,#6993);
#6992 = CARTESIAN_POINT('',(69.606481546205,-62.44753516119,7.6));
#6993 = VECTOR('',#6994,1.);
#6994 = DIRECTION('',(-0.990343828598,0.13863297284,0.));
#6995 = ORIENTED_EDGE('',*,*,#6958,.F.);
#6996 = PLANE('',#6997);
#6997 = AXIS2_PLACEMENT_3D('',#6998,#6999,#7000);
#6998 = CARTESIAN_POINT('',(64.026572852212,-61.66643337806,6.2));
#6999 = DIRECTION('',(0.13863297284,0.990343828598,0.));
#7000 = DIRECTION('',(0.990343828598,-0.13863297284,0.));
#7001 = ADVANCED_FACE('',(#7002),#7020,.F.);
#7002 = FACE_BOUND('',#7003,.F.);
#7003 = EDGE_LOOP('',(#7004,#7005,#7013,#7019));
#7004 = ORIENTED_EDGE('',*,*,#1847,.T.);
#7005 = ORIENTED_EDGE('',*,*,#7006,.T.);
#7006 = EDGE_CURVE('',#1840,#7007,#7009,.T.);
#7007 = VERTEX_POINT('',#7008);
#7008 = CARTESIAN_POINT('',(63.672355986609,-61.65,7.6));
#7009 = LINE('',#7010,#7011);
#7010 = CARTESIAN_POINT('',(63.672355986609,-61.65,6.2));
#7011 = VECTOR('',#7012,1.);
#7012 = DIRECTION('',(0.,0.,1.));
#7013 = ORIENTED_EDGE('',*,*,#7014,.F.);
#7014 = EDGE_CURVE('',#6983,#7007,#7015,.T.);
#7015 = LINE('',#7016,#7017);
#7016 = CARTESIAN_POINT('',(70.284279180817,-61.95675059306,7.6));
#7017 = VECTOR('',#7018,1.);
#7018 = DIRECTION('',(-0.99892555337,4.634370317414E-02,0.));
#7019 = ORIENTED_EDGE('',*,*,#6982,.F.);
#7020 = PLANE('',#7021);
#7021 = AXIS2_PLACEMENT_3D('',#7022,#7023,#7024);
#7022 = CARTESIAN_POINT('',(63.672355986609,-61.65,6.2));
#7023 = DIRECTION('',(4.634370317414E-02,0.99892555337,0.));
#7024 = DIRECTION('',(0.99892555337,-4.634370317414E-02,0.));
#7025 = ADVANCED_FACE('',(#7026),#7044,.F.);
#7026 = FACE_BOUND('',#7027,.F.);
#7027 = EDGE_LOOP('',(#7028,#7029,#7037,#7043));
#7028 = ORIENTED_EDGE('',*,*,#1839,.T.);
#7029 = ORIENTED_EDGE('',*,*,#7030,.T.);
#7030 = EDGE_CURVE('',#1832,#7031,#7033,.T.);
#7031 = VERTEX_POINT('',#7032);
#7032 = CARTESIAN_POINT('',(45.72299651568,-61.65,7.6));
#7033 = LINE('',#7034,#7035);
#7034 = CARTESIAN_POINT('',(45.72299651568,-61.65,6.2));
#7035 = VECTOR('',#7036,1.);
#7036 = DIRECTION('',(0.,0.,1.));
#7037 = ORIENTED_EDGE('',*,*,#7038,.F.);
#7038 = EDGE_CURVE('',#7007,#7031,#7039,.T.);
#7039 = LINE('',#7040,#7041);
#7040 = CARTESIAN_POINT('',(61.699894360517,-61.65,7.6));
#7041 = VECTOR('',#7042,1.);
#7042 = DIRECTION('',(-1.,0.,0.));
#7043 = ORIENTED_EDGE('',*,*,#7006,.F.);
#7044 = PLANE('',#7045);
#7045 = AXIS2_PLACEMENT_3D('',#7046,#7047,#7048);
#7046 = CARTESIAN_POINT('',(45.72299651568,-61.65,6.2));
#7047 = DIRECTION('',(0.,1.,0.));
#7048 = DIRECTION('',(1.,0.,0.));
#7049 = ADVANCED_FACE('',(#7050),#7068,.F.);
#7050 = FACE_BOUND('',#7051,.F.);
#7051 = EDGE_LOOP('',(#7052,#7053,#7061,#7067));
#7052 = ORIENTED_EDGE('',*,*,#1831,.T.);
#7053 = ORIENTED_EDGE('',*,*,#7054,.T.);
#7054 = EDGE_CURVE('',#1824,#7055,#7057,.T.);
#7055 = VERTEX_POINT('',#7056);
#7056 = CARTESIAN_POINT('',(45.249982555161,-61.67323768577,7.6));
#7057 = LINE('',#7058,#7059);
#7058 = CARTESIAN_POINT('',(45.249982555161,-61.67323768577,6.2));
#7059 = VECTOR('',#7060,1.);
#7060 = DIRECTION('',(0.,0.,1.));
#7061 = ORIENTED_EDGE('',*,*,#7062,.F.);
#7062 = EDGE_CURVE('',#7031,#7055,#7063,.T.);
#7063 = LINE('',#7064,#7065);
#7064 = CARTESIAN_POINT('',(61.822181691722,-60.85909774844,7.6));
#7065 = VECTOR('',#7066,1.);
#7066 = DIRECTION('',(-0.998795456205,-4.906767432742E-02,0.));
#7067 = ORIENTED_EDGE('',*,*,#7030,.F.);
#7068 = PLANE('',#7069);
#7069 = AXIS2_PLACEMENT_3D('',#7070,#7071,#7072);
#7070 = CARTESIAN_POINT('',(45.249982555161,-61.67323768577,6.2));
#7071 = DIRECTION('',(-4.906767432742E-02,0.998795456205,0.));
#7072 = DIRECTION('',(0.998795456205,4.906767432742E-02,0.));
#7073 = ADVANCED_FACE('',(#7074),#7092,.F.);
#7074 = FACE_BOUND('',#7075,.F.);
#7075 = EDGE_LOOP('',(#7076,#7077,#7085,#7091));
#7076 = ORIENTED_EDGE('',*,*,#1823,.T.);
#7077 = ORIENTED_EDGE('',*,*,#7078,.T.);
#7078 = EDGE_CURVE('',#1816,#7079,#7081,.T.);
#7079 = VERTEX_POINT('',#7080);
#7080 = CARTESIAN_POINT('',(44.754780551654,-61.74669396399,7.6));
#7081 = LINE('',#7082,#7083);
#7082 = CARTESIAN_POINT('',(44.754780551654,-61.74669396399,6.2));
#7083 = VECTOR('',#7084,1.);
#7084 = DIRECTION('',(0.,0.,1.));
#7085 = ORIENTED_EDGE('',*,*,#7086,.F.);
#7086 = EDGE_CURVE('',#7055,#7079,#7087,.T.);
#7087 = LINE('',#7088,#7089);
#7088 = CARTESIAN_POINT('',(62.044916997106,-59.18194449969,7.6));
#7089 = VECTOR('',#7090,1.);
#7090 = DIRECTION('',(-0.989176509965,-0.146730474455,0.));
#7091 = ORIENTED_EDGE('',*,*,#7054,.F.);
#7092 = PLANE('',#7093);
#7093 = AXIS2_PLACEMENT_3D('',#7094,#7095,#7096);
#7094 = CARTESIAN_POINT('',(44.754780551654,-61.74669396399,6.2));
#7095 = DIRECTION('',(-0.146730474455,0.989176509965,0.));
#7096 = DIRECTION('',(0.989176509965,0.146730474455,0.));
#7097 = ADVANCED_FACE('',(#7098),#7116,.F.);
#7098 = FACE_BOUND('',#7099,.F.);
#7099 = EDGE_LOOP('',(#7100,#7101,#7109,#7115));
#7100 = ORIENTED_EDGE('',*,*,#1815,.T.);
#7101 = ORIENTED_EDGE('',*,*,#7102,.T.);
#7102 = EDGE_CURVE('',#1808,#7103,#7105,.T.);
#7103 = VERTEX_POINT('',#7104);
#7104 = CARTESIAN_POINT('',(44.269163055476,-61.86833481443,7.6));
#7105 = LINE('',#7106,#7107);
#7106 = CARTESIAN_POINT('',(44.269163055476,-61.86833481443,6.2));
#7107 = VECTOR('',#7108,1.);
#7108 = DIRECTION('',(0.,0.,1.));
#7109 = ORIENTED_EDGE('',*,*,#7110,.F.);
#7110 = EDGE_CURVE('',#7079,#7103,#7111,.T.);
#7111 = LINE('',#7112,#7113);
#7112 = CARTESIAN_POINT('',(61.923084059888,-57.44625780658,7.6));
#7113 = VECTOR('',#7114,1.);
#7114 = DIRECTION('',(-0.970031253195,-0.242980179903,0.));
#7115 = ORIENTED_EDGE('',*,*,#7078,.F.);
#7116 = PLANE('',#7117);
#7117 = AXIS2_PLACEMENT_3D('',#7118,#7119,#7120);
#7118 = CARTESIAN_POINT('',(44.269163055476,-61.86833481443,6.2));
#7119 = DIRECTION('',(-0.242980179903,0.970031253195,0.));
#7120 = DIRECTION('',(0.970031253195,0.242980179903,0.));
#7121 = ADVANCED_FACE('',(#7122),#7140,.F.);
#7122 = FACE_BOUND('',#7123,.F.);
#7123 = EDGE_LOOP('',(#7124,#7125,#7133,#7139));
#7124 = ORIENTED_EDGE('',*,*,#1807,.T.);
#7125 = ORIENTED_EDGE('',*,*,#7126,.T.);
#7126 = EDGE_CURVE('',#1800,#7127,#7129,.T.);
#7127 = VERTEX_POINT('',#7128);
#7128 = CARTESIAN_POINT('',(43.797806828582,-62.03698876919,7.6));
#7129 = LINE('',#7130,#7131);
#7130 = CARTESIAN_POINT('',(43.797806828582,-62.03698876919,6.2));
#7131 = VECTOR('',#7132,1.);
#7132 = DIRECTION('',(0.,0.,1.));
#7133 = ORIENTED_EDGE('',*,*,#7134,.F.);
#7134 = EDGE_CURVE('',#7103,#7127,#7135,.T.);
#7135 = LINE('',#7136,#7137);
#7136 = CARTESIAN_POINT('',(61.447310599633,-55.72189534154,7.6));
#7137 = VECTOR('',#7138,1.);
#7138 = DIRECTION('',(-0.941544065183,-0.336889853392,0.));
#7139 = ORIENTED_EDGE('',*,*,#7102,.F.);
#7140 = PLANE('',#7141);
#7141 = AXIS2_PLACEMENT_3D('',#7142,#7143,#7144);
#7142 = CARTESIAN_POINT('',(43.797806828582,-62.03698876919,6.2));
#7143 = DIRECTION('',(-0.336889853392,0.941544065183,0.));
#7144 = DIRECTION('',(0.941544065183,0.336889853392,0.));
#7145 = ADVANCED_FACE('',(#7146),#7164,.F.);
#7146 = FACE_BOUND('',#7147,.F.);
#7147 = EDGE_LOOP('',(#7148,#7149,#7157,#7163));
#7148 = ORIENTED_EDGE('',*,*,#1799,.T.);
#7149 = ORIENTED_EDGE('',*,*,#7150,.T.);
#7150 = EDGE_CURVE('',#1792,#7151,#7153,.T.);
#7151 = VERTEX_POINT('',#7152);
#7152 = CARTESIAN_POINT('',(43.345251289107,-62.25103159849,7.6));
#7153 = LINE('',#7154,#7155);
#7154 = CARTESIAN_POINT('',(43.345251289107,-62.25103159849,6.2));
#7155 = VECTOR('',#7156,1.);
#7156 = DIRECTION('',(0.,0.,1.));
#7157 = ORIENTED_EDGE('',*,*,#7158,.F.);
#7158 = EDGE_CURVE('',#7127,#7151,#7159,.T.);
#7159 = LINE('',#7160,#7161);
#7160 = CARTESIAN_POINT('',(60.622203109087,-54.07964195287,7.6));
#7161 = VECTOR('',#7162,1.);
#7162 = DIRECTION('',(-0.903989293123,-0.42755509343,0.));
#7163 = ORIENTED_EDGE('',*,*,#7126,.F.);
#7164 = PLANE('',#7165);
#7165 = AXIS2_PLACEMENT_3D('',#7166,#7167,#7168);
#7166 = CARTESIAN_POINT('',(43.345251289107,-62.25103159849,6.2));
#7167 = DIRECTION('',(-0.42755509343,0.903989293123,0.));
#7168 = DIRECTION('',(0.903989293123,0.42755509343,0.));
#7169 = ADVANCED_FACE('',(#7170),#7188,.F.);
#7170 = FACE_BOUND('',#7171,.F.);
#7171 = EDGE_LOOP('',(#7172,#7173,#7181,#7187));
#7172 = ORIENTED_EDGE('',*,*,#1791,.T.);
#7173 = ORIENTED_EDGE('',*,*,#7174,.T.);
#7174 = EDGE_CURVE('',#1784,#7175,#7177,.T.);
#7175 = VERTEX_POINT('',#7176);
#7176 = CARTESIAN_POINT('',(42.915854794286,-62.50840195289,7.6));
#7177 = LINE('',#7178,#7179);
#7178 = CARTESIAN_POINT('',(42.915854794286,-62.50840195289,6.2));
#7179 = VECTOR('',#7180,1.);
#7180 = DIRECTION('',(0.,0.,1.));
#7181 = ORIENTED_EDGE('',*,*,#7182,.F.);
#7182 = EDGE_CURVE('',#7151,#7175,#7183,.T.);
#7183 = LINE('',#7184,#7185);
#7184 = CARTESIAN_POINT('',(59.466301548292,-52.58844592641,7.6));
#7185 = VECTOR('',#7186,1.);
#7186 = DIRECTION('',(-0.85772861,-0.514102744193,0.));
#7187 = ORIENTED_EDGE('',*,*,#7150,.F.);
#7188 = PLANE('',#7189);
#7189 = AXIS2_PLACEMENT_3D('',#7190,#7191,#7192);
#7190 = CARTESIAN_POINT('',(42.915854794286,-62.50840195289,6.2));
#7191 = DIRECTION('',(-0.514102744193,0.85772861,0.));
#7192 = DIRECTION('',(0.85772861,0.514102744193,0.));
#7193 = ADVANCED_FACE('',(#7194),#7212,.F.);
#7194 = FACE_BOUND('',#7195,.F.);
#7195 = EDGE_LOOP('',(#7196,#7197,#7205,#7211));
#7196 = ORIENTED_EDGE('',*,*,#1783,.T.);
#7197 = ORIENTED_EDGE('',*,*,#7198,.T.);
#7198 = EDGE_CURVE('',#1776,#7199,#7201,.T.);
#7199 = VERTEX_POINT('',#7200);
#7200 = CARTESIAN_POINT('',(42.513752667098,-62.80662121518,7.6));
#7201 = LINE('',#7202,#7203);
#7202 = CARTESIAN_POINT('',(42.513752667098,-62.80662121518,6.2));
#7203 = VECTOR('',#7204,1.);
#7204 = DIRECTION('',(0.,0.,1.));
#7205 = ORIENTED_EDGE('',*,*,#7206,.F.);
#7206 = EDGE_CURVE('',#7175,#7199,#7207,.T.);
#7207 = LINE('',#7208,#7209);
#7208 = CARTESIAN_POINT('',(58.011493683775,-51.31271312418,7.6));
#7209 = VECTOR('',#7210,1.);
#7210 = DIRECTION('',(-0.803207531481,-0.595699304492,0.));
#7211 = ORIENTED_EDGE('',*,*,#7174,.F.);
#7212 = PLANE('',#7213);
#7213 = AXIS2_PLACEMENT_3D('',#7214,#7215,#7216);
#7214 = CARTESIAN_POINT('',(42.513752667098,-62.80662121518,6.2));
#7215 = DIRECTION('',(-0.595699304492,0.803207531481,0.));
#7216 = DIRECTION('',(0.803207531481,0.595699304492,0.));
#7217 = ADVANCED_FACE('',(#7218),#7236,.F.);
#7218 = FACE_BOUND('',#7219,.F.);
#7219 = EDGE_LOOP('',(#7220,#7221,#7229,#7235));
#7220 = ORIENTED_EDGE('',*,*,#1775,.T.);
#7221 = ORIENTED_EDGE('',*,*,#7222,.T.);
#7222 = EDGE_CURVE('',#1768,#7223,#7225,.T.);
#7223 = VERTEX_POINT('',#7224);
#7224 = CARTESIAN_POINT('',(42.142817370838,-63.14281737083,7.6));
#7225 = LINE('',#7226,#7227);
#7226 = CARTESIAN_POINT('',(42.142817370838,-63.14281737083,6.2));
#7227 = VECTOR('',#7228,1.);
#7228 = DIRECTION('',(0.,0.,1.));
#7229 = ORIENTED_EDGE('',*,*,#7230,.F.);
#7230 = EDGE_CURVE('',#7199,#7223,#7231,.T.);
#7231 = LINE('',#7232,#7233);
#7232 = CARTESIAN_POINT('',(56.301910358061,-50.30976352599,7.6));
#7233 = VECTOR('',#7234,1.);
#7234 = DIRECTION('',(-0.740951125355,-0.671558954847,0.));
#7235 = ORIENTED_EDGE('',*,*,#7198,.F.);
#7236 = PLANE('',#7237);
#7237 = AXIS2_PLACEMENT_3D('',#7238,#7239,#7240);
#7238 = CARTESIAN_POINT('',(42.142817370838,-63.14281737083,6.2));
#7239 = DIRECTION('',(-0.671558954847,0.740951125355,0.));
#7240 = DIRECTION('',(0.740951125355,0.671558954847,0.));
#7241 = ADVANCED_FACE('',(#7242),#7260,.F.);
#7242 = FACE_BOUND('',#7243,.F.);
#7243 = EDGE_LOOP('',(#7244,#7245,#7253,#7259));
#7244 = ORIENTED_EDGE('',*,*,#1767,.T.);
#7245 = ORIENTED_EDGE('',*,*,#7246,.T.);
#7246 = EDGE_CURVE('',#1760,#7247,#7249,.T.);
#7247 = VERTEX_POINT('',#7248);
#7248 = CARTESIAN_POINT('',(41.806621215184,-63.51375266709,7.6));
#7249 = LINE('',#7250,#7251);
#7250 = CARTESIAN_POINT('',(41.806621215184,-63.51375266709,6.2));
#7251 = VECTOR('',#7252,1.);
#7252 = DIRECTION('',(0.,0.,1.));
#7253 = ORIENTED_EDGE('',*,*,#7254,.F.);
#7254 = EDGE_CURVE('',#7223,#7247,#7255,.T.);
#7255 = LINE('',#7256,#7257);
#7256 = CARTESIAN_POINT('',(54.392342981322,-49.62754857627,7.6));
#7257 = VECTOR('',#7258,1.);
#7258 = DIRECTION('',(-0.671558954847,-0.740951125355,0.));
#7259 = ORIENTED_EDGE('',*,*,#7222,.F.);
#7260 = PLANE('',#7261);
#7261 = AXIS2_PLACEMENT_3D('',#7262,#7263,#7264);
#7262 = CARTESIAN_POINT('',(41.806621215184,-63.51375266709,6.2));
#7263 = DIRECTION('',(-0.740951125355,0.671558954847,0.));
#7264 = DIRECTION('',(0.671558954847,0.740951125355,0.));
#7265 = ADVANCED_FACE('',(#7266),#7284,.F.);
#7266 = FACE_BOUND('',#7267,.F.);
#7267 = EDGE_LOOP('',(#7268,#7269,#7277,#7283));
#7268 = ORIENTED_EDGE('',*,*,#1759,.T.);
#7269 = ORIENTED_EDGE('',*,*,#7270,.T.);
#7270 = EDGE_CURVE('',#1752,#7271,#7273,.T.);
#7271 = VERTEX_POINT('',#7272);
#7272 = CARTESIAN_POINT('',(41.508401952898,-63.91585479428,7.6));
#7273 = LINE('',#7274,#7275);
#7274 = CARTESIAN_POINT('',(41.508401952898,-63.91585479428,6.2));
#7275 = VECTOR('',#7276,1.);
#7276 = DIRECTION('',(0.,0.,1.));
#7277 = ORIENTED_EDGE('',*,*,#7278,.F.);
#7278 = EDGE_CURVE('',#7247,#7271,#7279,.T.);
#7279 = LINE('',#7280,#7281);
#7280 = CARTESIAN_POINT('',(52.346242967798,-49.3027178265,7.6));
#7281 = VECTOR('',#7282,1.);
#7282 = DIRECTION('',(-0.595699304492,-0.803207531481,0.));
#7283 = ORIENTED_EDGE('',*,*,#7246,.F.);
#7284 = PLANE('',#7285);
#7285 = AXIS2_PLACEMENT_3D('',#7286,#7287,#7288);
#7286 = CARTESIAN_POINT('',(41.508401952898,-63.91585479428,6.2));
#7287 = DIRECTION('',(-0.803207531481,0.595699304492,0.));
#7288 = DIRECTION('',(0.595699304492,0.803207531481,0.));
#7289 = ADVANCED_FACE('',(#7290),#7308,.F.);
#7290 = FACE_BOUND('',#7291,.F.);
#7291 = EDGE_LOOP('',(#7292,#7293,#7301,#7307));
#7292 = ORIENTED_EDGE('',*,*,#1751,.T.);
#7293 = ORIENTED_EDGE('',*,*,#7294,.T.);
#7294 = EDGE_CURVE('',#1744,#7295,#7297,.T.);
#7295 = VERTEX_POINT('',#7296);
#7296 = CARTESIAN_POINT('',(41.251031598498,-64.3452512891,7.6));
#7297 = LINE('',#7298,#7299);
#7298 = CARTESIAN_POINT('',(41.251031598498,-64.3452512891,6.2));
#7299 = VECTOR('',#7300,1.);
#7300 = DIRECTION('',(0.,0.,1.));
#7301 = ORIENTED_EDGE('',*,*,#7302,.F.);
#7302 = EDGE_CURVE('',#7271,#7295,#7303,.T.);
#7303 = LINE('',#7304,#7305);
#7304 = CARTESIAN_POINT('',(50.233378985937,-49.35911004362,7.6));
#7305 = VECTOR('',#7306,1.);
#7306 = DIRECTION('',(-0.514102744193,-0.85772861,0.));
#7307 = ORIENTED_EDGE('',*,*,#7270,.F.);
#7308 = PLANE('',#7309);
#7309 = AXIS2_PLACEMENT_3D('',#7310,#7311,#7312);
#7310 = CARTESIAN_POINT('',(41.251031598498,-64.3452512891,6.2));
#7311 = DIRECTION('',(-0.85772861,0.514102744193,0.));
#7312 = DIRECTION('',(0.514102744193,0.85772861,0.));
#7313 = ADVANCED_FACE('',(#7314),#7332,.F.);
#7314 = FACE_BOUND('',#7315,.F.);
#7315 = EDGE_LOOP('',(#7316,#7317,#7325,#7331));
#7316 = ORIENTED_EDGE('',*,*,#1743,.T.);
#7317 = ORIENTED_EDGE('',*,*,#7318,.T.);
#7318 = EDGE_CURVE('',#1736,#7319,#7321,.T.);
#7319 = VERTEX_POINT('',#7320);
#7320 = CARTESIAN_POINT('',(41.036988769192,-64.79780682858,7.6));
#7321 = LINE('',#7322,#7323);
#7322 = CARTESIAN_POINT('',(41.036988769192,-64.79780682858,6.2));
#7323 = VECTOR('',#7324,1.);
#7324 = DIRECTION('',(0.,0.,1.));
#7325 = ORIENTED_EDGE('',*,*,#7326,.F.);
#7326 = EDGE_CURVE('',#7295,#7319,#7327,.T.);
#7327 = LINE('',#7328,#7329);
#7328 = CARTESIAN_POINT('',(48.127241131647,-49.80672773798,7.6));
#7329 = VECTOR('',#7330,1.);
#7330 = DIRECTION('',(-0.42755509343,-0.903989293123,0.));
#7331 = ORIENTED_EDGE('',*,*,#7294,.F.);
#7332 = PLANE('',#7333);
#7333 = AXIS2_PLACEMENT_3D('',#7334,#7335,#7336);
#7334 = CARTESIAN_POINT('',(41.036988769192,-64.79780682858,6.2));
#7335 = DIRECTION('',(-0.903989293123,0.42755509343,0.));
#7336 = DIRECTION('',(0.42755509343,0.903989293123,0.));
#7337 = ADVANCED_FACE('',(#7338),#7356,.F.);
#7338 = FACE_BOUND('',#7339,.F.);
#7339 = EDGE_LOOP('',(#7340,#7341,#7349,#7355));
#7340 = ORIENTED_EDGE('',*,*,#1735,.T.);
#7341 = ORIENTED_EDGE('',*,*,#7342,.T.);
#7342 = EDGE_CURVE('',#1728,#7343,#7345,.T.);
#7343 = VERTEX_POINT('',#7344);
#7344 = CARTESIAN_POINT('',(40.868334814432,-65.26916305547,7.6));
#7345 = LINE('',#7346,#7347);
#7346 = CARTESIAN_POINT('',(40.868334814432,-65.26916305547,6.2));
#7347 = VECTOR('',#7348,1.);
#7348 = DIRECTION('',(0.,0.,1.));
#7349 = ORIENTED_EDGE('',*,*,#7350,.F.);
#7350 = EDGE_CURVE('',#7319,#7343,#7351,.T.);
#7351 = LINE('',#7352,#7353);
#7352 = CARTESIAN_POINT('',(46.102290958909,-50.64123557223,7.6));
#7353 = VECTOR('',#7354,1.);
#7354 = DIRECTION('',(-0.336889853392,-0.941544065183,0.));
#7355 = ORIENTED_EDGE('',*,*,#7318,.F.);
#7356 = PLANE('',#7357);
#7357 = AXIS2_PLACEMENT_3D('',#7358,#7359,#7360);
#7358 = CARTESIAN_POINT('',(40.868334814432,-65.26916305547,6.2));
#7359 = DIRECTION('',(-0.941544065183,0.336889853392,0.));
#7360 = DIRECTION('',(0.336889853392,0.941544065183,0.));
#7361 = ADVANCED_FACE('',(#7362),#7380,.F.);
#7362 = FACE_BOUND('',#7363,.F.);
#7363 = EDGE_LOOP('',(#7364,#7365,#7373,#7379));
#7364 = ORIENTED_EDGE('',*,*,#1727,.T.);
#7365 = ORIENTED_EDGE('',*,*,#7366,.T.);
#7366 = EDGE_CURVE('',#1720,#7367,#7369,.T.);
#7367 = VERTEX_POINT('',#7368);
#7368 = CARTESIAN_POINT('',(40.746693963999,-65.75478055165,7.6));
#7369 = LINE('',#7370,#7371);
#7370 = CARTESIAN_POINT('',(40.746693963999,-65.75478055165,6.2));
#7371 = VECTOR('',#7372,1.);
#7372 = DIRECTION('',(0.,0.,1.));
#7373 = ORIENTED_EDGE('',*,*,#7374,.F.);
#7374 = EDGE_CURVE('',#7343,#7367,#7375,.T.);
#7375 = LINE('',#7376,#7377);
#7376 = CARTESIAN_POINT('',(44.231162332807,-51.8440030559,7.6));
#7377 = VECTOR('',#7378,1.);
#7378 = DIRECTION('',(-0.242980179903,-0.970031253195,0.));
#7379 = ORIENTED_EDGE('',*,*,#7342,.F.);
#7380 = PLANE('',#7381);
#7381 = AXIS2_PLACEMENT_3D('',#7382,#7383,#7384);
#7382 = CARTESIAN_POINT('',(40.746693963999,-65.75478055165,6.2));
#7383 = DIRECTION('',(-0.970031253195,0.242980179903,0.));
#7384 = DIRECTION('',(0.242980179903,0.970031253195,0.));
#7385 = ADVANCED_FACE('',(#7386),#7404,.F.);
#7386 = FACE_BOUND('',#7387,.F.);
#7387 = EDGE_LOOP('',(#7388,#7389,#7397,#7403));
#7388 = ORIENTED_EDGE('',*,*,#1719,.T.);
#7389 = ORIENTED_EDGE('',*,*,#7390,.T.);
#7390 = EDGE_CURVE('',#1712,#7391,#7393,.T.);
#7391 = VERTEX_POINT('',#7392);
#7392 = CARTESIAN_POINT('',(40.673237685777,-66.24998255516,7.6));
#7393 = LINE('',#7394,#7395);
#7394 = CARTESIAN_POINT('',(40.673237685777,-66.24998255516,6.2));
#7395 = VECTOR('',#7396,1.);
#7396 = DIRECTION('',(0.,0.,1.));
#7397 = ORIENTED_EDGE('',*,*,#7398,.F.);
#7398 = EDGE_CURVE('',#7367,#7391,#7399,.T.);
#7399 = LINE('',#7400,#7401);
#7400 = CARTESIAN_POINT('',(42.581920073986,-53.38269107799,7.6));
#7401 = VECTOR('',#7402,1.);
#7402 = DIRECTION('',(-0.146730474455,-0.989176509965,0.));
#7403 = ORIENTED_EDGE('',*,*,#7366,.F.);
#7404 = PLANE('',#7405);
#7405 = AXIS2_PLACEMENT_3D('',#7406,#7407,#7408);
#7406 = CARTESIAN_POINT('',(40.673237685777,-66.24998255516,6.2));
#7407 = DIRECTION('',(-0.989176509965,0.146730474455,0.));
#7408 = DIRECTION('',(0.146730474455,0.989176509965,0.));
#7409 = ADVANCED_FACE('',(#7410),#7428,.F.);
#7410 = FACE_BOUND('',#7411,.F.);
#7411 = EDGE_LOOP('',(#7412,#7413,#7421,#7427));
#7412 = ORIENTED_EDGE('',*,*,#1711,.T.);
#7413 = ORIENTED_EDGE('',*,*,#7414,.T.);
#7414 = EDGE_CURVE('',#1704,#7415,#7417,.T.);
#7415 = VERTEX_POINT('',#7416);
#7416 = CARTESIAN_POINT('',(40.65,-66.72299651568,7.6));
#7417 = LINE('',#7418,#7419);
#7418 = CARTESIAN_POINT('',(40.65,-66.72299651568,6.2));
#7419 = VECTOR('',#7420,1.);
#7420 = DIRECTION('',(0.,0.,1.));
#7421 = ORIENTED_EDGE('',*,*,#7422,.F.);
#7422 = EDGE_CURVE('',#7391,#7415,#7423,.T.);
#7423 = LINE('',#7424,#7425);
#7424 = CARTESIAN_POINT('',(41.216144560564,-55.19885924206,7.6));
#7425 = VECTOR('',#7426,1.);
#7426 = DIRECTION('',(-4.906767432742E-02,-0.998795456205,0.));
#7427 = ORIENTED_EDGE('',*,*,#7390,.F.);
#7428 = PLANE('',#7429);
#7429 = AXIS2_PLACEMENT_3D('',#7430,#7431,#7432);
#7430 = CARTESIAN_POINT('',(40.65,-66.72299651568,6.2));
#7431 = DIRECTION('',(-0.998795456205,4.906767432742E-02,0.));
#7432 = DIRECTION('',(4.906767432742E-02,0.998795456205,0.));
#7433 = ADVANCED_FACE('',(#7434),#7452,.F.);
#7434 = FACE_BOUND('',#7435,.F.);
#7435 = EDGE_LOOP('',(#7436,#7437,#7445,#7451));
#7436 = ORIENTED_EDGE('',*,*,#1703,.T.);
#7437 = ORIENTED_EDGE('',*,*,#7438,.T.);
#7438 = EDGE_CURVE('',#1696,#7439,#7441,.T.);
#7439 = VERTEX_POINT('',#7440);
#7440 = CARTESIAN_POINT('',(40.65,-72.32299651568,7.6));
#7441 = LINE('',#7442,#7443);
#7442 = CARTESIAN_POINT('',(40.65,-72.32299651568,6.2));
#7443 = VECTOR('',#7444,1.);
#7444 = DIRECTION('',(0.,0.,1.));
#7445 = ORIENTED_EDGE('',*,*,#7446,.F.);
#7446 = EDGE_CURVE('',#7415,#7439,#7447,.T.);
#7447 = LINE('',#7448,#7449);
#7448 = CARTESIAN_POINT('',(40.65,-58.88055117235,7.6));
#7449 = VECTOR('',#7450,1.);
#7450 = DIRECTION('',(0.,-1.,0.));
#7451 = ORIENTED_EDGE('',*,*,#7414,.F.);
#7452 = PLANE('',#7453);
#7453 = AXIS2_PLACEMENT_3D('',#7454,#7455,#7456);
#7454 = CARTESIAN_POINT('',(40.65,-72.32299651568,6.2));
#7455 = DIRECTION('',(-1.,0.,0.));
#7456 = DIRECTION('',(0.,1.,0.));
#7457 = ADVANCED_FACE('',(#7458),#7476,.F.);
#7458 = FACE_BOUND('',#7459,.F.);
#7459 = EDGE_LOOP('',(#7460,#7461,#7469,#7475));
#7460 = ORIENTED_EDGE('',*,*,#1695,.T.);
#7461 = ORIENTED_EDGE('',*,*,#7462,.T.);
#7462 = EDGE_CURVE('',#1688,#7463,#7465,.T.);
#7463 = VERTEX_POINT('',#7464);
#7464 = CARTESIAN_POINT('',(40.642419936479,-72.47729225327,7.6));
#7465 = LINE('',#7466,#7467);
#7466 = CARTESIAN_POINT('',(40.642419936479,-72.47729225327,6.2));
#7467 = VECTOR('',#7468,1.);
#7468 = DIRECTION('',(0.,0.,1.));
#7469 = ORIENTED_EDGE('',*,*,#7470,.F.);
#7470 = EDGE_CURVE('',#7439,#7463,#7471,.T.);
#7471 = LINE('',#7472,#7473);
#7472 = CARTESIAN_POINT('',(41.349578525264,-58.08274849352,7.6));
#7473 = VECTOR('',#7474,1.);
#7474 = DIRECTION('',(-4.90676743274E-02,-0.998795456205,0.));
#7475 = ORIENTED_EDGE('',*,*,#7438,.F.);
#7476 = PLANE('',#7477);
#7477 = AXIS2_PLACEMENT_3D('',#7478,#7479,#7480);
#7478 = CARTESIAN_POINT('',(40.642419936479,-72.47729225327,6.2));
#7479 = DIRECTION('',(-0.998795456205,4.90676743274E-02,0.));
#7480 = DIRECTION('',(4.90676743274E-02,0.998795456205,0.));
#7481 = ADVANCED_FACE('',(#7482),#7500,.F.);
#7482 = FACE_BOUND('',#7483,.F.);
#7483 = EDGE_LOOP('',(#7484,#7485,#7493,#7499));
#7484 = ORIENTED_EDGE('',*,*,#1687,.T.);
#7485 = ORIENTED_EDGE('',*,*,#7486,.T.);
#7486 = EDGE_CURVE('',#1680,#7487,#7489,.T.);
#7487 = VERTEX_POINT('',#7488);
#7488 = CARTESIAN_POINT('',(40.623719758579,-72.60335861255,7.6));
#7489 = LINE('',#7490,#7491);
#7490 = CARTESIAN_POINT('',(40.623719758579,-72.60335861255,6.2));
#7491 = VECTOR('',#7492,1.);
#7492 = DIRECTION('',(0.,0.,1.));
#7493 = ORIENTED_EDGE('',*,*,#7494,.F.);
#7494 = EDGE_CURVE('',#7463,#7487,#7495,.T.);
#7495 = LINE('',#7496,#7497);
#7496 = CARTESIAN_POINT('',(42.994007132693,-56.62417909281,7.6));
#7497 = VECTOR('',#7498,1.);
#7498 = DIRECTION('',(-0.146730474455,-0.989176509965,0.));
#7499 = ORIENTED_EDGE('',*,*,#7462,.F.);
#7500 = PLANE('',#7501);
#7501 = AXIS2_PLACEMENT_3D('',#7502,#7503,#7504);
#7502 = CARTESIAN_POINT('',(40.623719758579,-72.60335861255,6.2));
#7503 = DIRECTION('',(-0.989176509965,0.146730474455,0.));
#7504 = DIRECTION('',(0.146730474455,0.989176509965,0.));
#7505 = ADVANCED_FACE('',(#7506),#7524,.F.);
#7506 = FACE_BOUND('',#7507,.F.);
#7507 = EDGE_LOOP('',(#7508,#7509,#7517,#7523));
#7508 = ORIENTED_EDGE('',*,*,#1679,.T.);
#7509 = ORIENTED_EDGE('',*,*,#7510,.T.);
#7510 = EDGE_CURVE('',#1672,#7511,#7513,.T.);
#7511 = VERTEX_POINT('',#7512);
#7512 = CARTESIAN_POINT('',(40.592752963118,-72.7269849899,7.6));
#7513 = LINE('',#7514,#7515);
#7514 = CARTESIAN_POINT('',(40.592752963118,-72.7269849899,6.2));
#7515 = VECTOR('',#7516,1.);
#7516 = DIRECTION('',(0.,0.,1.));
#7517 = ORIENTED_EDGE('',*,*,#7518,.F.);
#7518 = EDGE_CURVE('',#7487,#7511,#7519,.T.);
#7519 = LINE('',#7520,#7521);
#7520 = CARTESIAN_POINT('',(44.903434226782,-55.51778072485,7.6));
#7521 = VECTOR('',#7522,1.);
#7522 = DIRECTION('',(-0.242980179903,-0.970031253195,0.));
#7523 = ORIENTED_EDGE('',*,*,#7486,.F.);
#7524 = PLANE('',#7525);
#7525 = AXIS2_PLACEMENT_3D('',#7526,#7527,#7528);
#7526 = CARTESIAN_POINT('',(40.592752963118,-72.7269849899,6.2));
#7527 = DIRECTION('',(-0.970031253195,0.242980179903,0.));
#7528 = DIRECTION('',(0.242980179903,0.970031253195,0.));
#7529 = ADVANCED_FACE('',(#7530),#7548,.F.);
#7530 = FACE_BOUND('',#7531,.F.);
#7531 = EDGE_LOOP('',(#7532,#7533,#7541,#7547));
#7532 = ORIENTED_EDGE('',*,*,#1671,.T.);
#7533 = ORIENTED_EDGE('',*,*,#7534,.T.);
#7534 = EDGE_CURVE('',#1664,#7535,#7537,.T.);
#7535 = VERTEX_POINT('',#7536);
#7536 = CARTESIAN_POINT('',(40.549817777264,-72.84698079571,7.6));
#7537 = LINE('',#7538,#7539);
#7538 = CARTESIAN_POINT('',(40.549817777264,-72.84698079571,6.2));
#7539 = VECTOR('',#7540,1.);
#7540 = DIRECTION('',(0.,0.,1.));
#7541 = ORIENTED_EDGE('',*,*,#7542,.F.);
#7542 = EDGE_CURVE('',#7511,#7535,#7543,.T.);
#7543 = LINE('',#7544,#7545);
#7544 = CARTESIAN_POINT('',(47.003678101964,-54.80964952837,7.6));
#7545 = VECTOR('',#7546,1.);
#7546 = DIRECTION('',(-0.336889853392,-0.941544065183,0.));
#7547 = ORIENTED_EDGE('',*,*,#7510,.F.);
#7548 = PLANE('',#7549);
#7549 = AXIS2_PLACEMENT_3D('',#7550,#7551,#7552);
#7550 = CARTESIAN_POINT('',(40.549817777264,-72.84698079571,6.2));
#7551 = DIRECTION('',(-0.941544065183,0.336889853392,0.));
#7552 = DIRECTION('',(0.336889853392,0.941544065183,0.));
#7553 = ADVANCED_FACE('',(#7554),#7572,.F.);
#7554 = FACE_BOUND('',#7555,.F.);
#7555 = EDGE_LOOP('',(#7556,#7557,#7565,#7571));
#7556 = ORIENTED_EDGE('',*,*,#1663,.T.);
#7557 = ORIENTED_EDGE('',*,*,#7558,.T.);
#7558 = EDGE_CURVE('',#1656,#7559,#7561,.T.);
#7559 = VERTEX_POINT('',#7560);
#7560 = CARTESIAN_POINT('',(40.495327690328,-72.96219040479,7.6));
#7561 = LINE('',#7562,#7563);
#7562 = CARTESIAN_POINT('',(40.495327690328,-72.96219040479,6.2));
#7563 = VECTOR('',#7564,1.);
#7564 = DIRECTION('',(0.,0.,1.));
#7565 = ORIENTED_EDGE('',*,*,#7566,.F.);
#7566 = EDGE_CURVE('',#7535,#7559,#7567,.T.);
#7567 = LINE('',#7568,#7569);
#7568 = CARTESIAN_POINT('',(49.212877247237,-54.53048047358,7.6));
#7569 = VECTOR('',#7570,1.);
#7570 = DIRECTION('',(-0.42755509343,-0.903989293123,0.));
#7571 = ORIENTED_EDGE('',*,*,#7534,.F.);
#7572 = PLANE('',#7573);
#7573 = AXIS2_PLACEMENT_3D('',#7574,#7575,#7576);
#7574 = CARTESIAN_POINT('',(40.495327690328,-72.96219040479,6.2));
#7575 = DIRECTION('',(-0.903989293123,0.42755509343,0.));
#7576 = DIRECTION('',(0.42755509343,0.903989293123,0.));
#7577 = ADVANCED_FACE('',(#7578),#7596,.F.);
#7578 = FACE_BOUND('',#7579,.F.);
#7579 = EDGE_LOOP('',(#7580,#7581,#7589,#7595));
#7580 = ORIENTED_EDGE('',*,*,#1655,.T.);
#7581 = ORIENTED_EDGE('',*,*,#7582,.T.);
#7582 = EDGE_CURVE('',#1648,#7583,#7585,.T.);
#7583 = VERTEX_POINT('',#7584);
#7584 = CARTESIAN_POINT('',(40.429807471634,-73.07150428561,7.6));
#7585 = LINE('',#7586,#7587);
#7586 = CARTESIAN_POINT('',(40.429807471634,-73.07150428561,6.2));
#7587 = VECTOR('',#7588,1.);
#7588 = DIRECTION('',(0.,0.,1.));
#7589 = ORIENTED_EDGE('',*,*,#7590,.F.);
#7590 = EDGE_CURVE('',#7559,#7583,#7591,.T.);
#7591 = LINE('',#7592,#7593);
#7592 = CARTESIAN_POINT('',(51.444647316311,-54.69435423912,7.6));
#7593 = VECTOR('',#7594,1.);
#7594 = DIRECTION('',(-0.514102744193,-0.85772861,0.));
#7595 = ORIENTED_EDGE('',*,*,#7558,.F.);
#7596 = PLANE('',#7597);
#7597 = AXIS2_PLACEMENT_3D('',#7598,#7599,#7600);
#7598 = CARTESIAN_POINT('',(40.429807471634,-73.07150428561,6.2));
#7599 = DIRECTION('',(-0.85772861,0.514102744193,0.));
#7600 = DIRECTION('',(0.514102744193,0.85772861,0.));
#7601 = ADVANCED_FACE('',(#7602),#7620,.F.);
#7602 = FACE_BOUND('',#7603,.F.);
#7603 = EDGE_LOOP('',(#7604,#7605,#7613,#7619));
#7604 = ORIENTED_EDGE('',*,*,#1647,.T.);
#7605 = ORIENTED_EDGE('',*,*,#7606,.T.);
#7606 = EDGE_CURVE('',#1640,#7607,#7609,.T.);
#7607 = VERTEX_POINT('',#7608);
#7608 = CARTESIAN_POINT('',(40.353888116705,-73.17386968574,7.6));
#7609 = LINE('',#7610,#7611);
#7610 = CARTESIAN_POINT('',(40.353888116705,-73.17386968574,6.2));
#7611 = VECTOR('',#7612,1.);
#7612 = DIRECTION('',(0.,0.,1.));
#7613 = ORIENTED_EDGE('',*,*,#7614,.F.);
#7614 = EDGE_CURVE('',#7583,#7607,#7615,.T.);
#7615 = LINE('',#7616,#7617);
#7616 = CARTESIAN_POINT('',(53.611415141185,-55.2981638144,7.6));
#7617 = VECTOR('',#7618,1.);
#7618 = DIRECTION('',(-0.595699304492,-0.803207531481,0.));
#7619 = ORIENTED_EDGE('',*,*,#7582,.F.);
#7620 = PLANE('',#7621);
#7621 = AXIS2_PLACEMENT_3D('',#7622,#7623,#7624);
#7622 = CARTESIAN_POINT('',(40.353888116705,-73.17386968574,6.2));
#7623 = DIRECTION('',(-0.803207531481,0.595699304492,0.));
#7624 = DIRECTION('',(0.595699304492,0.803207531481,0.));
#7625 = ADVANCED_FACE('',(#7626),#7644,.F.);
#7626 = FACE_BOUND('',#7627,.F.);
#7627 = EDGE_LOOP('',(#7628,#7629,#7637,#7643));
#7628 = ORIENTED_EDGE('',*,*,#1639,.T.);
#7629 = ORIENTED_EDGE('',*,*,#7630,.T.);
#7630 = EDGE_CURVE('',#1632,#7631,#7633,.T.);
#7631 = VERTEX_POINT('',#7632);
#7632 = CARTESIAN_POINT('',(40.268300770432,-73.26830077043,7.6));
#7633 = LINE('',#7634,#7635);
#7634 = CARTESIAN_POINT('',(40.268300770432,-73.26830077043,6.2));
#7635 = VECTOR('',#7636,1.);
#7636 = DIRECTION('',(0.,0.,1.));
#7637 = ORIENTED_EDGE('',*,*,#7638,.F.);
#7638 = EDGE_CURVE('',#7607,#7631,#7639,.T.);
#7639 = LINE('',#7640,#7641);
#7640 = CARTESIAN_POINT('',(55.627801527039,-56.32170317336,7.6));
#7641 = VECTOR('',#7642,1.);
#7642 = DIRECTION('',(-0.671558954847,-0.740951125355,0.));
#7643 = ORIENTED_EDGE('',*,*,#7606,.F.);
#7644 = PLANE('',#7645);
#7645 = AXIS2_PLACEMENT_3D('',#7646,#7647,#7648);
#7646 = CARTESIAN_POINT('',(40.268300770432,-73.26830077043,6.2));
#7647 = DIRECTION('',(-0.740951125355,0.671558954847,0.));
#7648 = DIRECTION('',(0.671558954847,0.740951125355,0.));
#7649 = ADVANCED_FACE('',(#7650),#7668,.F.);
#7650 = FACE_BOUND('',#7651,.F.);
#7651 = EDGE_LOOP('',(#7652,#7653,#7661,#7667));
#7652 = ORIENTED_EDGE('',*,*,#1631,.T.);
#7653 = ORIENTED_EDGE('',*,*,#7654,.T.);
#7654 = EDGE_CURVE('',#1624,#7655,#7657,.T.);
#7655 = VERTEX_POINT('',#7656);
#7656 = CARTESIAN_POINT('',(40.173869685745,-73.3538881167,7.6));
#7657 = LINE('',#7658,#7659);
#7658 = CARTESIAN_POINT('',(40.173869685745,-73.3538881167,6.2));
#7659 = VECTOR('',#7660,1.);
#7660 = DIRECTION('',(0.,0.,1.));
#7661 = ORIENTED_EDGE('',*,*,#7662,.F.);
#7662 = EDGE_CURVE('',#7631,#7655,#7663,.T.);
#7663 = LINE('',#7664,#7665);
#7664 = CARTESIAN_POINT('',(57.413922661942,-57.72841490798,7.6));
#7665 = VECTOR('',#7666,1.);
#7666 = DIRECTION('',(-0.740951125355,-0.671558954847,0.));
#7667 = ORIENTED_EDGE('',*,*,#7630,.F.);
#7668 = PLANE('',#7669);
#7669 = AXIS2_PLACEMENT_3D('',#7670,#7671,#7672);
#7670 = CARTESIAN_POINT('',(40.173869685745,-73.3538881167,6.2));
#7671 = DIRECTION('',(-0.671558954847,0.740951125355,0.));
#7672 = DIRECTION('',(0.740951125355,0.671558954847,0.));
#7673 = ADVANCED_FACE('',(#7674),#7692,.F.);
#7674 = FACE_BOUND('',#7675,.F.);
#7675 = EDGE_LOOP('',(#7676,#7677,#7685,#7691));
#7676 = ORIENTED_EDGE('',*,*,#1623,.T.);
#7677 = ORIENTED_EDGE('',*,*,#7678,.T.);
#7678 = EDGE_CURVE('',#1616,#7679,#7681,.T.);
#7679 = VERTEX_POINT('',#7680);
#7680 = CARTESIAN_POINT('',(40.071504285611,-73.42980747163,7.6));
#7681 = LINE('',#7682,#7683);
#7682 = CARTESIAN_POINT('',(40.071504285611,-73.42980747163,6.2));
#7683 = VECTOR('',#7684,1.);
#7684 = DIRECTION('',(0.,0.,1.));
#7685 = ORIENTED_EDGE('',*,*,#7686,.F.);
#7686 = EDGE_CURVE('',#7655,#7679,#7687,.T.);
#7687 = LINE('',#7688,#7689);
#7688 = CARTESIAN_POINT('',(58.898483074156,-59.46676836845,7.6));
#7689 = VECTOR('',#7690,1.);
#7690 = DIRECTION('',(-0.803207531481,-0.595699304492,0.));
#7691 = ORIENTED_EDGE('',*,*,#7654,.F.);
#7692 = PLANE('',#7693);
#7693 = AXIS2_PLACEMENT_3D('',#7694,#7695,#7696);
#7694 = CARTESIAN_POINT('',(40.071504285611,-73.42980747163,6.2));
#7695 = DIRECTION('',(-0.595699304492,0.803207531481,0.));
#7696 = DIRECTION('',(0.803207531481,0.595699304492,0.));
#7697 = ADVANCED_FACE('',(#7698),#7716,.F.);
#7698 = FACE_BOUND('',#7699,.F.);
#7699 = EDGE_LOOP('',(#7700,#7701,#7709,#7715));
#7700 = ORIENTED_EDGE('',*,*,#1615,.T.);
#7701 = ORIENTED_EDGE('',*,*,#7702,.T.);
#7702 = EDGE_CURVE('',#1608,#7703,#7705,.T.);
#7703 = VERTEX_POINT('',#7704);
#7704 = CARTESIAN_POINT('',(39.962190404793,-73.49532769032,7.6));
#7705 = LINE('',#7706,#7707);
#7706 = CARTESIAN_POINT('',(39.962190404793,-73.49532769032,6.2));
#7707 = VECTOR('',#7708,1.);
#7708 = DIRECTION('',(0.,0.,1.));
#7709 = ORIENTED_EDGE('',*,*,#7710,.F.);
#7710 = EDGE_CURVE('',#7679,#7703,#7711,.T.);
#7711 = LINE('',#7712,#7713);
#7712 = CARTESIAN_POINT('',(60.021541054309,-61.47221560637,7.6));
#7713 = VECTOR('',#7714,1.);
#7714 = DIRECTION('',(-0.85772861,-0.514102744193,0.));
#7715 = ORIENTED_EDGE('',*,*,#7678,.F.);
#7716 = PLANE('',#7717);
#7717 = AXIS2_PLACEMENT_3D('',#7718,#7719,#7720);
#7718 = CARTESIAN_POINT('',(39.962190404793,-73.49532769032,6.2));
#7719 = DIRECTION('',(-0.514102744193,0.85772861,0.));
#7720 = DIRECTION('',(0.85772861,0.514102744193,0.));
#7721 = ADVANCED_FACE('',(#7722),#7740,.F.);
#7722 = FACE_BOUND('',#7723,.F.);
#7723 = EDGE_LOOP('',(#7724,#7725,#7733,#7739));
#7724 = ORIENTED_EDGE('',*,*,#1607,.T.);
#7725 = ORIENTED_EDGE('',*,*,#7726,.T.);
#7726 = EDGE_CURVE('',#1600,#7727,#7729,.T.);
#7727 = VERTEX_POINT('',#7728);
#7728 = CARTESIAN_POINT('',(39.846980795719,-73.54981777726,7.6));
#7729 = LINE('',#7730,#7731);
#7730 = CARTESIAN_POINT('',(39.846980795719,-73.54981777726,6.2));
#7731 = VECTOR('',#7732,1.);
#7732 = DIRECTION('',(0.,0.,1.));
#7733 = ORIENTED_EDGE('',*,*,#7734,.F.);
#7734 = EDGE_CURVE('',#7703,#7727,#7735,.T.);
#7735 = LINE('',#7736,#7737);
#7736 = CARTESIAN_POINT('',(60.736840022468,-63.66965018968,7.6));
#7737 = VECTOR('',#7738,1.);
#7738 = DIRECTION('',(-0.903989293123,-0.42755509343,0.));
#7739 = ORIENTED_EDGE('',*,*,#7702,.F.);
#7740 = PLANE('',#7741);
#7741 = AXIS2_PLACEMENT_3D('',#7742,#7743,#7744);
#7742 = CARTESIAN_POINT('',(39.846980795719,-73.54981777726,6.2));
#7743 = DIRECTION('',(-0.42755509343,0.903989293123,0.));
#7744 = DIRECTION('',(0.903989293123,0.42755509343,0.));
#7745 = ADVANCED_FACE('',(#7746),#7764,.F.);
#7746 = FACE_BOUND('',#7747,.F.);
#7747 = EDGE_LOOP('',(#7748,#7749,#7757,#7763));
#7748 = ORIENTED_EDGE('',*,*,#1599,.T.);
#7749 = ORIENTED_EDGE('',*,*,#7750,.T.);
#7750 = EDGE_CURVE('',#1592,#7751,#7753,.T.);
#7751 = VERTEX_POINT('',#7752);
#7752 = CARTESIAN_POINT('',(39.726984989905,-73.59275296311,7.6));
#7753 = LINE('',#7754,#7755);
#7754 = CARTESIAN_POINT('',(39.726984989905,-73.59275296311,6.2));
#7755 = VECTOR('',#7756,1.);
#7756 = DIRECTION('',(0.,0.,1.));
#7757 = ORIENTED_EDGE('',*,*,#7758,.F.);
#7758 = EDGE_CURVE('',#7727,#7751,#7759,.T.);
#7759 = LINE('',#7760,#7761);
#7760 = CARTESIAN_POINT('',(61.013615978895,-65.97627460774,7.6));
#7761 = VECTOR('',#7762,1.);
#7762 = DIRECTION('',(-0.941544065183,-0.336889853392,0.));
#7763 = ORIENTED_EDGE('',*,*,#7726,.F.);
#7764 = PLANE('',#7765);
#7765 = AXIS2_PLACEMENT_3D('',#7766,#7767,#7768);
#7766 = CARTESIAN_POINT('',(39.726984989905,-73.59275296311,6.2));
#7767 = DIRECTION('',(-0.336889853392,0.941544065183,0.));
#7768 = DIRECTION('',(0.941544065183,0.336889853392,0.));
#7769 = ADVANCED_FACE('',(#7770),#7788,.F.);
#7770 = FACE_BOUND('',#7771,.F.);
#7771 = EDGE_LOOP('',(#7772,#7773,#7781,#7787));
#7772 = ORIENTED_EDGE('',*,*,#1591,.T.);
#7773 = ORIENTED_EDGE('',*,*,#7774,.T.);
#7774 = EDGE_CURVE('',#1584,#7775,#7777,.T.);
#7775 = VERTEX_POINT('',#7776);
#7776 = CARTESIAN_POINT('',(39.603358612557,-73.62371975857,7.6));
#7777 = LINE('',#7778,#7779);
#7778 = CARTESIAN_POINT('',(39.603358612557,-73.62371975857,6.2));
#7779 = VECTOR('',#7780,1.);
#7780 = DIRECTION('',(0.,0.,1.));
#7781 = ORIENTED_EDGE('',*,*,#7782,.F.);
#7782 = EDGE_CURVE('',#7751,#7775,#7783,.T.);
#7783 = LINE('',#7784,#7785);
#7784 = CARTESIAN_POINT('',(60.837811291775,-68.30476625563,7.6));
#7785 = VECTOR('',#7786,1.);
#7786 = DIRECTION('',(-0.970031253195,-0.242980179903,0.));
#7787 = ORIENTED_EDGE('',*,*,#7750,.F.);
#7788 = PLANE('',#7789);
#7789 = AXIS2_PLACEMENT_3D('',#7790,#7791,#7792);
#7790 = CARTESIAN_POINT('',(39.603358612557,-73.62371975857,6.2));
#7791 = DIRECTION('',(-0.242980179903,0.970031253195,0.));
#7792 = DIRECTION('',(0.970031253195,0.242980179903,0.));
#7793 = ADVANCED_FACE('',(#7794),#7812,.F.);
#7794 = FACE_BOUND('',#7795,.F.);
#7795 = EDGE_LOOP('',(#7796,#7797,#7805,#7811));
#7796 = ORIENTED_EDGE('',*,*,#1583,.T.);
#7797 = ORIENTED_EDGE('',*,*,#7798,.T.);
#7798 = EDGE_CURVE('',#1576,#7799,#7801,.T.);
#7799 = VERTEX_POINT('',#7800);
#7800 = CARTESIAN_POINT('',(39.477292253271,-73.64241993647,7.6));
#7801 = LINE('',#7802,#7803);
#7802 = CARTESIAN_POINT('',(39.477292253271,-73.64241993647,6.2));
#7803 = VECTOR('',#7804,1.);
#7804 = DIRECTION('',(0.,0.,1.));
#7805 = ORIENTED_EDGE('',*,*,#7806,.F.);
#7806 = EDGE_CURVE('',#7775,#7799,#7807,.T.);
#7807 = LINE('',#7808,#7809);
#7808 = CARTESIAN_POINT('',(60.212647872996,-70.56662048366,7.6));
#7809 = VECTOR('',#7810,1.);
#7810 = DIRECTION('',(-0.989176509965,-0.146730474455,0.));
#7811 = ORIENTED_EDGE('',*,*,#7774,.F.);
#7812 = PLANE('',#7813);
#7813 = AXIS2_PLACEMENT_3D('',#7814,#7815,#7816);
#7814 = CARTESIAN_POINT('',(39.477292253271,-73.64241993647,6.2));
#7815 = DIRECTION('',(-0.146730474455,0.989176509965,0.));
#7816 = DIRECTION('',(0.989176509965,0.146730474455,0.));
#7817 = ADVANCED_FACE('',(#7818),#7836,.F.);
#7818 = FACE_BOUND('',#7819,.F.);
#7819 = EDGE_LOOP('',(#7820,#7821,#7829,#7835));
#7820 = ORIENTED_EDGE('',*,*,#1575,.T.);
#7821 = ORIENTED_EDGE('',*,*,#7822,.T.);
#7822 = EDGE_CURVE('',#1568,#7823,#7825,.T.);
#7823 = VERTEX_POINT('',#7824);
#7824 = CARTESIAN_POINT('',(39.32299651568,-73.65,7.6));
#7825 = LINE('',#7826,#7827);
#7826 = CARTESIAN_POINT('',(39.32299651568,-73.65,6.2));
#7827 = VECTOR('',#7828,1.);
#7828 = DIRECTION('',(0.,0.,1.));
#7829 = ORIENTED_EDGE('',*,*,#7830,.F.);
#7830 = EDGE_CURVE('',#7799,#7823,#7831,.T.);
#7831 = LINE('',#7832,#7833);
#7832 = CARTESIAN_POINT('',(59.145035655646,-72.67620566104,7.6));
#7833 = VECTOR('',#7834,1.);
#7834 = DIRECTION('',(-0.998795456205,-4.906767432744E-02,0.));
#7835 = ORIENTED_EDGE('',*,*,#7798,.F.);
#7836 = PLANE('',#7837);
#7837 = AXIS2_PLACEMENT_3D('',#7838,#7839,#7840);
#7838 = CARTESIAN_POINT('',(39.32299651568,-73.65,6.2));
#7839 = DIRECTION('',(-4.906767432744E-02,0.998795456205,0.));
#7840 = DIRECTION('',(0.998795456205,4.906767432744E-02,0.));
#7841 = ADVANCED_FACE('',(#7842),#7860,.F.);
#7842 = FACE_BOUND('',#7843,.F.);
#7843 = EDGE_LOOP('',(#7844,#7845,#7853,#7859));
#7844 = ORIENTED_EDGE('',*,*,#1567,.T.);
#7845 = ORIENTED_EDGE('',*,*,#7846,.T.);
#7846 = EDGE_CURVE('',#1560,#7847,#7849,.T.);
#7847 = VERTEX_POINT('',#7848);
#7848 = CARTESIAN_POINT('',(20.67700348432,-73.65,7.6));
#7849 = LINE('',#7850,#7851);
#7850 = CARTESIAN_POINT('',(20.67700348432,-73.65,6.2));
#7851 = VECTOR('',#7852,1.);
#7852 = DIRECTION('',(0.,0.,1.));
#7853 = ORIENTED_EDGE('',*,*,#7854,.F.);
#7854 = EDGE_CURVE('',#7823,#7847,#7855,.T.);
#7855 = LINE('',#7856,#7857);
#7856 = CARTESIAN_POINT('',(49.176897844837,-73.65,7.6));
#7857 = VECTOR('',#7858,1.);
#7858 = DIRECTION('',(-1.,0.,0.));
#7859 = ORIENTED_EDGE('',*,*,#7822,.F.);
#7860 = PLANE('',#7861);
#7861 = AXIS2_PLACEMENT_3D('',#7862,#7863,#7864);
#7862 = CARTESIAN_POINT('',(20.67700348432,-73.65,6.2));
#7863 = DIRECTION('',(0.,1.,0.));
#7864 = DIRECTION('',(1.,0.,0.));
#7865 = ADVANCED_FACE('',(#7866),#7884,.F.);
#7866 = FACE_BOUND('',#7867,.F.);
#7867 = EDGE_LOOP('',(#7868,#7869,#7877,#7883));
#7868 = ORIENTED_EDGE('',*,*,#1559,.T.);
#7869 = ORIENTED_EDGE('',*,*,#7870,.T.);
#7870 = EDGE_CURVE('',#1552,#7871,#7873,.T.);
#7871 = VERTEX_POINT('',#7872);
#7872 = CARTESIAN_POINT('',(20.522707746729,-73.64241993647,7.6));
#7873 = LINE('',#7874,#7875);
#7874 = CARTESIAN_POINT('',(20.522707746729,-73.64241993647,6.2));
#7875 = VECTOR('',#7876,1.);
#7876 = DIRECTION('',(0.,0.,1.));
#7877 = ORIENTED_EDGE('',*,*,#7878,.F.);
#7878 = EDGE_CURVE('',#7847,#7871,#7879,.T.);
#7879 = LINE('',#7880,#7881);
#7880 = CARTESIAN_POINT('',(48.339820287982,-75.00898704531,7.6));
#7881 = VECTOR('',#7882,1.);
#7882 = DIRECTION('',(-0.998795456205,4.906767432744E-02,0.));
#7883 = ORIENTED_EDGE('',*,*,#7846,.F.);
#7884 = PLANE('',#7885);
#7885 = AXIS2_PLACEMENT_3D('',#7886,#7887,#7888);
#7886 = CARTESIAN_POINT('',(20.522707746729,-73.64241993647,6.2));
#7887 = DIRECTION('',(4.906767432744E-02,0.998795456205,0.));
#7888 = DIRECTION('',(0.998795456205,-4.906767432744E-02,0.));
#7889 = ADVANCED_FACE('',(#7890),#7908,.F.);
#7890 = FACE_BOUND('',#7891,.F.);
#7891 = EDGE_LOOP('',(#7892,#7893,#7901,#7907));
#7892 = ORIENTED_EDGE('',*,*,#1551,.T.);
#7893 = ORIENTED_EDGE('',*,*,#7894,.T.);
#7894 = EDGE_CURVE('',#1544,#7895,#7897,.T.);
#7895 = VERTEX_POINT('',#7896);
#7896 = CARTESIAN_POINT('',(20.396641387443,-73.62371975857,7.6));
#7897 = LINE('',#7898,#7899);
#7898 = CARTESIAN_POINT('',(20.396641387443,-73.62371975857,6.2));
#7899 = VECTOR('',#7900,1.);
#7900 = DIRECTION('',(0.,0.,1.));
#7901 = ORIENTED_EDGE('',*,*,#7902,.F.);
#7902 = EDGE_CURVE('',#7871,#7895,#7903,.T.);
#7903 = LINE('',#7904,#7905);
#7904 = CARTESIAN_POINT('',(46.37463781985,-77.47719151365,7.6));
#7905 = VECTOR('',#7906,1.);
#7906 = DIRECTION('',(-0.989176509965,0.146730474455,0.));
#7907 = ORIENTED_EDGE('',*,*,#7870,.F.);
#7908 = PLANE('',#7909);
#7909 = AXIS2_PLACEMENT_3D('',#7910,#7911,#7912);
#7910 = CARTESIAN_POINT('',(20.396641387443,-73.62371975857,6.2));
#7911 = DIRECTION('',(0.146730474455,0.989176509965,0.));
#7912 = DIRECTION('',(0.989176509965,-0.146730474455,0.));
#7913 = ADVANCED_FACE('',(#7914),#7932,.F.);
#7914 = FACE_BOUND('',#7915,.F.);
#7915 = EDGE_LOOP('',(#7916,#7917,#7925,#7931));
#7916 = ORIENTED_EDGE('',*,*,#1543,.T.);
#7917 = ORIENTED_EDGE('',*,*,#7918,.T.);
#7918 = EDGE_CURVE('',#1536,#7919,#7921,.T.);
#7919 = VERTEX_POINT('',#7920);
#7920 = CARTESIAN_POINT('',(20.273015010095,-73.59275296311,7.6));
#7921 = LINE('',#7922,#7923);
#7922 = CARTESIAN_POINT('',(20.273015010095,-73.59275296311,6.2));
#7923 = VECTOR('',#7924,1.);
#7924 = DIRECTION('',(0.,0.,1.));
#7925 = ORIENTED_EDGE('',*,*,#7926,.F.);
#7926 = EDGE_CURVE('',#7895,#7919,#7927,.T.);
#7927 = LINE('',#7928,#7929);
#7928 = CARTESIAN_POINT('',(43.962360053139,-79.52662499187,7.6));
#7929 = VECTOR('',#7930,1.);
#7930 = DIRECTION('',(-0.970031253195,0.242980179903,0.));
#7931 = ORIENTED_EDGE('',*,*,#7894,.F.);
#7932 = PLANE('',#7933);
#7933 = AXIS2_PLACEMENT_3D('',#7934,#7935,#7936);
#7934 = CARTESIAN_POINT('',(20.273015010095,-73.59275296311,6.2));
#7935 = DIRECTION('',(0.242980179903,0.970031253195,0.));
#7936 = DIRECTION('',(0.970031253195,-0.242980179903,0.));
#7937 = ADVANCED_FACE('',(#7938),#7956,.F.);
#7938 = FACE_BOUND('',#7939,.F.);
#7939 = EDGE_LOOP('',(#7940,#7941,#7949,#7955));
#7940 = ORIENTED_EDGE('',*,*,#1535,.T.);
#7941 = ORIENTED_EDGE('',*,*,#7942,.T.);
#7942 = EDGE_CURVE('',#1528,#7943,#7945,.T.);
#7943 = VERTEX_POINT('',#7944);
#7944 = CARTESIAN_POINT('',(20.153019204281,-73.54981777726,7.6));
#7945 = LINE('',#7946,#7947);
#7946 = CARTESIAN_POINT('',(20.153019204281,-73.54981777726,6.2));
#7947 = VECTOR('',#7948,1.);
#7948 = DIRECTION('',(0.,0.,1.));
#7949 = ORIENTED_EDGE('',*,*,#7950,.F.);
#7950 = EDGE_CURVE('',#7919,#7943,#7951,.T.);
#7951 = LINE('',#7952,#7953);
#7952 = CARTESIAN_POINT('',(41.192111599648,-81.07772540758,7.6));
#7953 = VECTOR('',#7954,1.);
#7954 = DIRECTION('',(-0.941544065183,0.336889853392,0.));
#7955 = ORIENTED_EDGE('',*,*,#7918,.F.);
#7956 = PLANE('',#7957);
#7957 = AXIS2_PLACEMENT_3D('',#7958,#7959,#7960);
#7958 = CARTESIAN_POINT('',(20.153019204281,-73.54981777726,6.2));
#7959 = DIRECTION('',(0.336889853392,0.941544065183,0.));
#7960 = DIRECTION('',(0.941544065183,-0.336889853392,0.));
#7961 = ADVANCED_FACE('',(#7962),#7980,.F.);
#7962 = FACE_BOUND('',#7963,.F.);
#7963 = EDGE_LOOP('',(#7964,#7965,#7973,#7979));
#7964 = ORIENTED_EDGE('',*,*,#1527,.T.);
#7965 = ORIENTED_EDGE('',*,*,#7966,.T.);
#7966 = EDGE_CURVE('',#1520,#7967,#7969,.T.);
#7967 = VERTEX_POINT('',#7968);
#7968 = CARTESIAN_POINT('',(20.037809595207,-73.49532769032,7.6));
#7969 = LINE('',#7970,#7971);
#7970 = CARTESIAN_POINT('',(20.037809595207,-73.49532769032,6.2));
#7971 = VECTOR('',#7972,1.);
#7972 = DIRECTION('',(0.,0.,1.));
#7973 = ORIENTED_EDGE('',*,*,#7974,.F.);
#7974 = EDGE_CURVE('',#7943,#7967,#7975,.T.);
#7975 = LINE('',#7976,#7977);
#7976 = CARTESIAN_POINT('',(38.166869668441,-82.06973452498,7.6));
#7977 = VECTOR('',#7978,1.);
#7978 = DIRECTION('',(-0.903989293123,0.42755509343,0.));
#7979 = ORIENTED_EDGE('',*,*,#7942,.F.);
#7980 = PLANE('',#7981);
#7981 = AXIS2_PLACEMENT_3D('',#7982,#7983,#7984);
#7982 = CARTESIAN_POINT('',(20.037809595207,-73.49532769032,6.2));
#7983 = DIRECTION('',(0.42755509343,0.903989293123,0.));
#7984 = DIRECTION('',(0.903989293123,-0.42755509343,0.));
#7985 = ADVANCED_FACE('',(#7986),#8004,.F.);
#7986 = FACE_BOUND('',#7987,.F.);
#7987 = EDGE_LOOP('',(#7988,#7989,#7997,#8003));
#7988 = ORIENTED_EDGE('',*,*,#1519,.T.);
#7989 = ORIENTED_EDGE('',*,*,#7990,.T.);
#7990 = EDGE_CURVE('',#1512,#7991,#7993,.T.);
#7991 = VERTEX_POINT('',#7992);
#7992 = CARTESIAN_POINT('',(19.928495714389,-73.42980747163,7.6));
#7993 = LINE('',#7994,#7995);
#7994 = CARTESIAN_POINT('',(19.928495714389,-73.42980747163,6.2));
#7995 = VECTOR('',#7996,1.);
#7996 = DIRECTION('',(0.,0.,1.));
#7997 = ORIENTED_EDGE('',*,*,#7998,.F.);
#7998 = EDGE_CURVE('',#7967,#7991,#7999,.T.);
#7999 = LINE('',#8000,#8001);
#8000 = CARTESIAN_POINT('',(34.999540241929,-82.46304392793,7.6));
#8001 = VECTOR('',#8002,1.);
#8002 = DIRECTION('',(-0.85772861,0.514102744193,0.));
#8003 = ORIENTED_EDGE('',*,*,#7966,.F.);
#8004 = PLANE('',#8005);
#8005 = AXIS2_PLACEMENT_3D('',#8006,#8007,#8008);
#8006 = CARTESIAN_POINT('',(19.928495714389,-73.42980747163,6.2));
#8007 = DIRECTION('',(0.514102744193,0.85772861,0.));
#8008 = DIRECTION('',(0.85772861,-0.514102744193,0.));
#8009 = ADVANCED_FACE('',(#8010),#8028,.F.);
#8010 = FACE_BOUND('',#8011,.F.);
#8011 = EDGE_LOOP('',(#8012,#8013,#8021,#8027));
#8012 = ORIENTED_EDGE('',*,*,#1511,.T.);
#8013 = ORIENTED_EDGE('',*,*,#8014,.T.);
#8014 = EDGE_CURVE('',#1504,#8015,#8017,.T.);
#8015 = VERTEX_POINT('',#8016);
#8016 = CARTESIAN_POINT('',(19.826130314255,-73.3538881167,7.6));
#8017 = LINE('',#8018,#8019);
#8018 = CARTESIAN_POINT('',(19.826130314255,-73.3538881167,6.2));
#8019 = VECTOR('',#8020,1.);
#8020 = DIRECTION('',(0.,0.,1.));
#8021 = ORIENTED_EDGE('',*,*,#8022,.F.);
#8022 = EDGE_CURVE('',#7991,#8015,#8023,.T.);
#8023 = LINE('',#8024,#8025);
#8024 = CARTESIAN_POINT('',(31.808651447382,-82.2407314608,7.6));
#8025 = VECTOR('',#8026,1.);
#8026 = DIRECTION('',(-0.803207531481,0.595699304492,0.));
#8027 = ORIENTED_EDGE('',*,*,#7990,.F.);
#8028 = PLANE('',#8029);
#8029 = AXIS2_PLACEMENT_3D('',#8030,#8031,#8032);
#8030 = CARTESIAN_POINT('',(19.826130314255,-73.3538881167,6.2));
#8031 = DIRECTION('',(0.595699304492,0.803207531481,0.));
#8032 = DIRECTION('',(0.803207531481,-0.595699304492,0.));
#8033 = ADVANCED_FACE('',(#8034),#8052,.F.);
#8034 = FACE_BOUND('',#8035,.F.);
#8035 = EDGE_LOOP('',(#8036,#8037,#8045,#8051));
#8036 = ORIENTED_EDGE('',*,*,#1503,.T.);
#8037 = ORIENTED_EDGE('',*,*,#8038,.T.);
#8038 = EDGE_CURVE('',#1496,#8039,#8041,.T.);
#8039 = VERTEX_POINT('',#8040);
#8040 = CARTESIAN_POINT('',(19.731699229568,-73.26830077043,7.6));
#8041 = LINE('',#8042,#8043);
#8042 = CARTESIAN_POINT('',(19.731699229568,-73.26830077043,6.2));
#8043 = VECTOR('',#8044,1.);
#8044 = DIRECTION('',(0.,0.,1.));
#8045 = ORIENTED_EDGE('',*,*,#8046,.F.);
#8046 = EDGE_CURVE('',#8015,#8039,#8047,.T.);
#8047 = LINE('',#8048,#8049);
#8048 = CARTESIAN_POINT('',(28.713829314419,-81.40922894459,7.6));
#8049 = VECTOR('',#8050,1.);
#8050 = DIRECTION('',(-0.740951125355,0.671558954847,0.));
#8051 = ORIENTED_EDGE('',*,*,#8014,.F.);
#8052 = PLANE('',#8053);
#8053 = AXIS2_PLACEMENT_3D('',#8054,#8055,#8056);
#8054 = CARTESIAN_POINT('',(19.731699229568,-73.26830077043,6.2));
#8055 = DIRECTION('',(0.671558954847,0.740951125355,0.));
#8056 = DIRECTION('',(0.740951125355,-0.671558954847,0.));
#8057 = ADVANCED_FACE('',(#8058),#8076,.F.);
#8058 = FACE_BOUND('',#8059,.F.);
#8059 = EDGE_LOOP('',(#8060,#8061,#8069,#8075));
#8060 = ORIENTED_EDGE('',*,*,#1495,.T.);
#8061 = ORIENTED_EDGE('',*,*,#8062,.T.);
#8062 = EDGE_CURVE('',#1488,#8063,#8065,.T.);
#8063 = VERTEX_POINT('',#8064);
#8064 = CARTESIAN_POINT('',(19.646111883295,-73.17386968574,7.6));
#8065 = LINE('',#8066,#8067);
#8066 = CARTESIAN_POINT('',(19.646111883295,-73.17386968574,6.2));
#8067 = VECTOR('',#8068,1.);
#8068 = DIRECTION('',(0.,0.,1.));
#8069 = ORIENTED_EDGE('',*,*,#8070,.F.);
#8070 = EDGE_CURVE('',#8039,#8063,#8071,.T.);
#8071 = LINE('',#8072,#8073);
#8072 = CARTESIAN_POINT('',(25.831229486472,-79.99809534076,7.6));
#8073 = VECTOR('',#8074,1.);
#8074 = DIRECTION('',(-0.671558954847,0.740951125355,0.));
#8075 = ORIENTED_EDGE('',*,*,#8038,.F.);
#8076 = PLANE('',#8077);
#8077 = AXIS2_PLACEMENT_3D('',#8078,#8079,#8080);
#8078 = CARTESIAN_POINT('',(19.646111883295,-73.17386968574,6.2));
#8079 = DIRECTION('',(0.740951125355,0.671558954847,0.));
#8080 = DIRECTION('',(0.671558954847,-0.740951125355,0.));
#8081 = ADVANCED_FACE('',(#8082),#8100,.F.);
#8082 = FACE_BOUND('',#8083,.F.);
#8083 = EDGE_LOOP('',(#8084,#8085,#8093,#8099));
#8084 = ORIENTED_EDGE('',*,*,#1487,.T.);
#8085 = ORIENTED_EDGE('',*,*,#8086,.T.);
#8086 = EDGE_CURVE('',#1480,#8087,#8089,.T.);
#8087 = VERTEX_POINT('',#8088);
#8088 = CARTESIAN_POINT('',(19.570192528366,-73.07150428561,7.6));
#8089 = LINE('',#8090,#8091);
#8090 = CARTESIAN_POINT('',(19.570192528366,-73.07150428561,6.2));
#8091 = VECTOR('',#8092,1.);
#8092 = DIRECTION('',(0.,0.,1.));
#8093 = ORIENTED_EDGE('',*,*,#8094,.F.);
#8094 = EDGE_CURVE('',#8063,#8087,#8095,.T.);
#8095 = LINE('',#8096,#8097);
#8096 = CARTESIAN_POINT('',(23.269100165098,-78.05890388414,7.6));
#8097 = VECTOR('',#8098,1.);
#8098 = DIRECTION('',(-0.595699304492,0.803207531481,0.));
#8099 = ORIENTED_EDGE('',*,*,#8062,.F.);
#8100 = PLANE('',#8101);
#8101 = AXIS2_PLACEMENT_3D('',#8102,#8103,#8104);
#8102 = CARTESIAN_POINT('',(19.570192528366,-73.07150428561,6.2));
#8103 = DIRECTION('',(0.803207531481,0.595699304492,0.));
#8104 = DIRECTION('',(0.595699304492,-0.803207531481,0.));
#8105 = ADVANCED_FACE('',(#8106),#8124,.F.);
#8106 = FACE_BOUND('',#8107,.F.);
#8107 = EDGE_LOOP('',(#8108,#8109,#8117,#8123));
#8108 = ORIENTED_EDGE('',*,*,#1479,.T.);
#8109 = ORIENTED_EDGE('',*,*,#8110,.T.);
#8110 = EDGE_CURVE('',#1472,#8111,#8113,.T.);
#8111 = VERTEX_POINT('',#8112);
#8112 = CARTESIAN_POINT('',(19.504672309672,-72.96219040479,7.6));
#8113 = LINE('',#8114,#8115);
#8114 = CARTESIAN_POINT('',(19.504672309672,-72.96219040479,6.2));
#8115 = VECTOR('',#8116,1.);
#8116 = DIRECTION('',(0.,0.,1.));
#8117 = ORIENTED_EDGE('',*,*,#8118,.F.);
#8118 = EDGE_CURVE('',#8087,#8111,#8119,.T.);
#8119 = LINE('',#8120,#8121);
#8120 = CARTESIAN_POINT('',(21.12364654305,-75.66328572962,7.6));
#8121 = VECTOR('',#8122,1.);
#8122 = DIRECTION('',(-0.514102744193,0.85772861,0.));
#8123 = ORIENTED_EDGE('',*,*,#8086,.F.);
#8124 = PLANE('',#8125);
#8125 = AXIS2_PLACEMENT_3D('',#8126,#8127,#8128);
#8126 = CARTESIAN_POINT('',(19.504672309672,-72.96219040479,6.2));
#8127 = DIRECTION('',(0.85772861,0.514102744193,0.));
#8128 = DIRECTION('',(0.514102744193,-0.85772861,0.));
#8129 = ADVANCED_FACE('',(#8130),#8148,.F.);
#8130 = FACE_BOUND('',#8131,.F.);
#8131 = EDGE_LOOP('',(#8132,#8133,#8141,#8147));
#8132 = ORIENTED_EDGE('',*,*,#1471,.T.);
#8133 = ORIENTED_EDGE('',*,*,#8134,.T.);
#8134 = EDGE_CURVE('',#1464,#8135,#8137,.T.);
#8135 = VERTEX_POINT('',#8136);
#8136 = CARTESIAN_POINT('',(19.450182222736,-72.84698079571,7.6));
#8137 = LINE('',#8138,#8139);
#8138 = CARTESIAN_POINT('',(19.450182222736,-72.84698079571,6.2));
#8139 = VECTOR('',#8140,1.);
#8140 = DIRECTION('',(0.,0.,1.));
#8141 = ORIENTED_EDGE('',*,*,#8142,.F.);
#8142 = EDGE_CURVE('',#8111,#8135,#8143,.T.);
#8143 = LINE('',#8144,#8145);
#8144 = CARTESIAN_POINT('',(19.475355419202,-72.90020504781,7.6));
#8145 = VECTOR('',#8146,1.);
#8146 = DIRECTION('',(-0.42755509343,0.903989293123,0.));
#8147 = ORIENTED_EDGE('',*,*,#8110,.F.);
#8148 = PLANE('',#8149);
#8149 = AXIS2_PLACEMENT_3D('',#8150,#8151,#8152);
#8150 = CARTESIAN_POINT('',(19.450182222736,-72.84698079571,6.2));
#8151 = DIRECTION('',(0.903989293123,0.42755509343,0.));
#8152 = DIRECTION('',(0.42755509343,-0.903989293123,0.));
#8153 = ADVANCED_FACE('',(#8154),#8172,.F.);
#8154 = FACE_BOUND('',#8155,.F.);
#8155 = EDGE_LOOP('',(#8156,#8157,#8165,#8171));
#8156 = ORIENTED_EDGE('',*,*,#1463,.T.);
#8157 = ORIENTED_EDGE('',*,*,#8158,.T.);
#8158 = EDGE_CURVE('',#1456,#8159,#8161,.T.);
#8159 = VERTEX_POINT('',#8160);
#8160 = CARTESIAN_POINT('',(19.407247036882,-72.7269849899,7.6));
#8161 = LINE('',#8162,#8163);
#8162 = CARTESIAN_POINT('',(19.407247036882,-72.7269849899,6.2));
#8163 = VECTOR('',#8164,1.);
#8164 = DIRECTION('',(0.,0.,1.));
#8165 = ORIENTED_EDGE('',*,*,#8166,.F.);
#8166 = EDGE_CURVE('',#8135,#8159,#8167,.T.);
#8167 = LINE('',#8168,#8169);
#8168 = CARTESIAN_POINT('',(18.385921029015,-69.87257001824,7.6));
#8169 = VECTOR('',#8170,1.);
#8170 = DIRECTION('',(-0.336889853392,0.941544065183,0.));
#8171 = ORIENTED_EDGE('',*,*,#8134,.F.);
#8172 = PLANE('',#8173);
#8173 = AXIS2_PLACEMENT_3D('',#8174,#8175,#8176);
#8174 = CARTESIAN_POINT('',(19.407247036882,-72.7269849899,6.2));
#8175 = DIRECTION('',(0.941544065183,0.336889853392,0.));
#8176 = DIRECTION('',(0.336889853392,-0.941544065183,0.));
#8177 = ADVANCED_FACE('',(#8178),#8196,.F.);
#8178 = FACE_BOUND('',#8179,.F.);
#8179 = EDGE_LOOP('',(#8180,#8181,#8189,#8195));
#8180 = ORIENTED_EDGE('',*,*,#1455,.T.);
#8181 = ORIENTED_EDGE('',*,*,#8182,.T.);
#8182 = EDGE_CURVE('',#1448,#8183,#8185,.T.);
#8183 = VERTEX_POINT('',#8184);
#8184 = CARTESIAN_POINT('',(19.376280241421,-72.60335861255,7.6));
#8185 = LINE('',#8186,#8187);
#8186 = CARTESIAN_POINT('',(19.376280241421,-72.60335861255,6.2));
#8187 = VECTOR('',#8188,1.);
#8188 = DIRECTION('',(0.,0.,1.));
#8189 = ORIENTED_EDGE('',*,*,#8190,.F.);
#8190 = EDGE_CURVE('',#8159,#8183,#8191,.T.);
#8191 = LINE('',#8192,#8193);
#8192 = CARTESIAN_POINT('',(17.895890047254,-66.69330967014,7.6));
#8193 = VECTOR('',#8194,1.);
#8194 = DIRECTION('',(-0.242980179903,0.970031253195,0.));
#8195 = ORIENTED_EDGE('',*,*,#8158,.F.);
#8196 = PLANE('',#8197);
#8197 = AXIS2_PLACEMENT_3D('',#8198,#8199,#8200);
#8198 = CARTESIAN_POINT('',(19.376280241421,-72.60335861255,6.2));
#8199 = DIRECTION('',(0.970031253195,0.242980179903,0.));
#8200 = DIRECTION('',(0.242980179903,-0.970031253195,0.));
#8201 = ADVANCED_FACE('',(#8202),#8220,.F.);
#8202 = FACE_BOUND('',#8203,.F.);
#8203 = EDGE_LOOP('',(#8204,#8205,#8213,#8219));
#8204 = ORIENTED_EDGE('',*,*,#1447,.T.);
#8205 = ORIENTED_EDGE('',*,*,#8206,.T.);
#8206 = EDGE_CURVE('',#1440,#8207,#8209,.T.);
#8207 = VERTEX_POINT('',#8208);
#8208 = CARTESIAN_POINT('',(19.357580063521,-72.47729225327,7.6));
#8209 = LINE('',#8210,#8211);
#8210 = CARTESIAN_POINT('',(19.357580063521,-72.47729225327,6.2));
#8211 = VECTOR('',#8212,1.);
#8212 = DIRECTION('',(0.,0.,1.));
#8213 = ORIENTED_EDGE('',*,*,#8214,.F.);
#8214 = EDGE_CURVE('',#8183,#8207,#8215,.T.);
#8215 = LINE('',#8216,#8217);
#8216 = CARTESIAN_POINT('',(18.023116111222,-63.4810670321,7.6));
#8217 = VECTOR('',#8218,1.);
#8218 = DIRECTION('',(-0.146730474455,0.989176509965,0.));
#8219 = ORIENTED_EDGE('',*,*,#8182,.F.);
#8220 = PLANE('',#8221);
#8221 = AXIS2_PLACEMENT_3D('',#8222,#8223,#8224);
#8222 = CARTESIAN_POINT('',(19.357580063521,-72.47729225327,6.2));
#8223 = DIRECTION('',(0.989176509965,0.146730474455,0.));
#8224 = DIRECTION('',(0.146730474455,-0.989176509965,0.));
#8225 = ADVANCED_FACE('',(#8226),#8244,.F.);
#8226 = FACE_BOUND('',#8227,.F.);
#8227 = EDGE_LOOP('',(#8228,#8229,#8237,#8243));
#8228 = ORIENTED_EDGE('',*,*,#1439,.T.);
#8229 = ORIENTED_EDGE('',*,*,#8230,.T.);
#8230 = EDGE_CURVE('',#1432,#8231,#8233,.T.);
#8231 = VERTEX_POINT('',#8232);
#8232 = CARTESIAN_POINT('',(19.35,-72.32299651568,7.6));
#8233 = LINE('',#8234,#8235);
#8234 = CARTESIAN_POINT('',(19.35,-72.32299651568,6.2));
#8235 = VECTOR('',#8236,1.);
#8236 = DIRECTION('',(0.,0.,1.));
#8237 = ORIENTED_EDGE('',*,*,#8238,.F.);
#8238 = EDGE_CURVE('',#8207,#8231,#8239,.T.);
#8239 = LINE('',#8240,#8241);
#8240 = CARTESIAN_POINT('',(18.761419835906,-60.34217204075,7.6));
#8241 = VECTOR('',#8242,1.);
#8242 = DIRECTION('',(-4.906767432742E-02,0.998795456205,0.));
#8243 = ORIENTED_EDGE('',*,*,#8206,.F.);
#8244 = PLANE('',#8245);
#8245 = AXIS2_PLACEMENT_3D('',#8246,#8247,#8248);
#8246 = CARTESIAN_POINT('',(19.35,-72.32299651568,6.2));
#8247 = DIRECTION('',(0.998795456205,4.906767432742E-02,0.));
#8248 = DIRECTION('',(4.906767432742E-02,-0.998795456205,0.));
#8249 = ADVANCED_FACE('',(#8250),#8268,.F.);
#8250 = FACE_BOUND('',#8251,.F.);
#8251 = EDGE_LOOP('',(#8252,#8253,#8261,#8267));
#8252 = ORIENTED_EDGE('',*,*,#1431,.T.);
#8253 = ORIENTED_EDGE('',*,*,#8254,.T.);
#8254 = EDGE_CURVE('',#1424,#8255,#8257,.T.);
#8255 = VERTEX_POINT('',#8256);
#8256 = CARTESIAN_POINT('',(19.35,-19.67700348432,7.6));
#8257 = LINE('',#8258,#8259);
#8258 = CARTESIAN_POINT('',(19.35,-19.67700348432,6.2));
#8259 = VECTOR('',#8260,1.);
#8260 = DIRECTION('',(0.,0.,1.));
#8261 = ORIENTED_EDGE('',*,*,#8262,.F.);
#8262 = EDGE_CURVE('',#8231,#8255,#8263,.T.);
#8263 = LINE('',#8264,#8265);
#8264 = CARTESIAN_POINT('',(19.35,-32.55755465667,7.6));
#8265 = VECTOR('',#8266,1.);
#8266 = DIRECTION('',(0.,1.,0.));
#8267 = ORIENTED_EDGE('',*,*,#8230,.F.);
#8268 = PLANE('',#8269);
#8269 = AXIS2_PLACEMENT_3D('',#8270,#8271,#8272);
#8270 = CARTESIAN_POINT('',(19.35,-19.67700348432,6.2));
#8271 = DIRECTION('',(1.,0.,0.));
#8272 = DIRECTION('',(0.,-1.,0.));
#8273 = ADVANCED_FACE('',(#8274),#8292,.F.);
#8274 = FACE_BOUND('',#8275,.F.);
#8275 = EDGE_LOOP('',(#8276,#8277,#8285,#8291));
#8276 = ORIENTED_EDGE('',*,*,#1423,.T.);
#8277 = ORIENTED_EDGE('',*,*,#8278,.T.);
#8278 = EDGE_CURVE('',#1416,#8279,#8281,.T.);
#8279 = VERTEX_POINT('',#8280);
#8280 = CARTESIAN_POINT('',(19.357580063521,-19.52270774672,7.6));
#8281 = LINE('',#8282,#8283);
#8282 = CARTESIAN_POINT('',(19.357580063521,-19.52270774672,6.2));
#8283 = VECTOR('',#8284,1.);
#8284 = DIRECTION('',(0.,0.,1.));
#8285 = ORIENTED_EDGE('',*,*,#8286,.F.);
#8286 = EDGE_CURVE('',#8255,#8279,#8287,.T.);
#8287 = LINE('',#8288,#8289);
#8288 = CARTESIAN_POINT('',(18.79274749757,-31.02013875648,7.6));
#8289 = VECTOR('',#8290,1.);
#8290 = DIRECTION('',(4.906767432742E-02,0.998795456205,0.));
#8291 = ORIENTED_EDGE('',*,*,#8254,.F.);
#8292 = PLANE('',#8293);
#8293 = AXIS2_PLACEMENT_3D('',#8294,#8295,#8296);
#8294 = CARTESIAN_POINT('',(19.357580063521,-19.52270774672,6.2));
#8295 = DIRECTION('',(0.998795456205,-4.906767432742E-02,0.));
#8296 = DIRECTION('',(-4.906767432742E-02,-0.998795456205,0.));
#8297 = ADVANCED_FACE('',(#8298),#8316,.F.);
#8298 = FACE_BOUND('',#8299,.F.);
#8299 = EDGE_LOOP('',(#8300,#8301,#8309,#8315));
#8300 = ORIENTED_EDGE('',*,*,#1415,.T.);
#8301 = ORIENTED_EDGE('',*,*,#8302,.T.);
#8302 = EDGE_CURVE('',#1408,#8303,#8305,.T.);
#8303 = VERTEX_POINT('',#8304);
#8304 = CARTESIAN_POINT('',(19.376280241421,-19.39664138744,7.6));
#8305 = LINE('',#8306,#8307);
#8306 = CARTESIAN_POINT('',(19.376280241421,-19.39664138744,6.2));
#8307 = VECTOR('',#8308,1.);
#8308 = DIRECTION('',(0.,0.,1.));
#8309 = ORIENTED_EDGE('',*,*,#8310,.F.);
#8310 = EDGE_CURVE('',#8279,#8303,#8311,.T.);
#8311 = LINE('',#8312,#8313);
#8312 = CARTESIAN_POINT('',(18.114020834208,-27.90610310445,7.6));
#8313 = VECTOR('',#8314,1.);
#8314 = DIRECTION('',(0.146730474455,0.989176509965,0.));
#8315 = ORIENTED_EDGE('',*,*,#8278,.F.);
#8316 = PLANE('',#8317);
#8317 = AXIS2_PLACEMENT_3D('',#8318,#8319,#8320);
#8318 = CARTESIAN_POINT('',(19.376280241421,-19.39664138744,6.2));
#8319 = DIRECTION('',(0.989176509965,-0.146730474455,0.));
#8320 = DIRECTION('',(-0.146730474455,-0.989176509965,0.));
#8321 = ADVANCED_FACE('',(#8322),#8340,.F.);
#8322 = FACE_BOUND('',#8323,.F.);
#8323 = EDGE_LOOP('',(#8324,#8325,#8333,#8339));
#8324 = ORIENTED_EDGE('',*,*,#1407,.T.);
#8325 = ORIENTED_EDGE('',*,*,#8326,.T.);
#8326 = EDGE_CURVE('',#1400,#8327,#8329,.T.);
#8327 = VERTEX_POINT('',#8328);
#8328 = CARTESIAN_POINT('',(19.407247036882,-19.27301501009,7.6));
#8329 = LINE('',#8330,#8331);
#8330 = CARTESIAN_POINT('',(19.407247036882,-19.27301501009,6.2));
#8331 = VECTOR('',#8332,1.);
#8332 = DIRECTION('',(0.,0.,1.));
#8333 = ORIENTED_EDGE('',*,*,#8334,.F.);
#8334 = EDGE_CURVE('',#8303,#8327,#8335,.T.);
#8335 = LINE('',#8336,#8337);
#8336 = CARTESIAN_POINT('',(18.043810984305,-24.71615684684,7.6));
#8337 = VECTOR('',#8338,1.);
#8338 = DIRECTION('',(0.242980179903,0.970031253195,0.));
#8339 = ORIENTED_EDGE('',*,*,#8302,.F.);
#8340 = PLANE('',#8341);
#8341 = AXIS2_PLACEMENT_3D('',#8342,#8343,#8344);
#8342 = CARTESIAN_POINT('',(19.407247036882,-19.27301501009,6.2));
#8343 = DIRECTION('',(0.970031253195,-0.242980179903,0.));
#8344 = DIRECTION('',(-0.242980179903,-0.970031253195,0.));
#8345 = ADVANCED_FACE('',(#8346),#8364,.F.);
#8346 = FACE_BOUND('',#8347,.F.);
#8347 = EDGE_LOOP('',(#8348,#8349,#8357,#8363));
#8348 = ORIENTED_EDGE('',*,*,#1399,.T.);
#8349 = ORIENTED_EDGE('',*,*,#8350,.T.);
#8350 = EDGE_CURVE('',#1392,#8351,#8353,.T.);
#8351 = VERTEX_POINT('',#8352);
#8352 = CARTESIAN_POINT('',(19.450182222736,-19.15301920428,7.6));
#8353 = LINE('',#8354,#8355);
#8354 = CARTESIAN_POINT('',(19.450182222736,-19.15301920428,6.2));
#8355 = VECTOR('',#8356,1.);
#8356 = DIRECTION('',(0.,0.,1.));
#8357 = ORIENTED_EDGE('',*,*,#8358,.F.);
#8358 = EDGE_CURVE('',#8327,#8351,#8359,.T.);
#8359 = LINE('',#8360,#8361);
#8360 = CARTESIAN_POINT('',(18.585619566182,-21.56930995943,7.6));
#8361 = VECTOR('',#8362,1.);
#8362 = DIRECTION('',(0.336889853392,0.941544065183,0.));
#8363 = ORIENTED_EDGE('',*,*,#8326,.F.);
#8364 = PLANE('',#8365);
#8365 = AXIS2_PLACEMENT_3D('',#8366,#8367,#8368);
#8366 = CARTESIAN_POINT('',(19.450182222736,-19.15301920428,6.2));
#8367 = DIRECTION('',(0.941544065183,-0.336889853392,0.));
#8368 = DIRECTION('',(-0.336889853392,-0.941544065183,0.));
#8369 = ADVANCED_FACE('',(#8370),#8388,.F.);
#8370 = FACE_BOUND('',#8371,.F.);
#8371 = EDGE_LOOP('',(#8372,#8373,#8381,#8387));
#8372 = ORIENTED_EDGE('',*,*,#1391,.T.);
#8373 = ORIENTED_EDGE('',*,*,#8374,.T.);
#8374 = EDGE_CURVE('',#1384,#8375,#8377,.T.);
#8375 = VERTEX_POINT('',#8376);
#8376 = CARTESIAN_POINT('',(19.504672309672,-19.0378095952,7.6));
#8377 = LINE('',#8378,#8379);
#8378 = CARTESIAN_POINT('',(19.504672309672,-19.0378095952,6.2));
#8379 = VECTOR('',#8380,1.);
#8380 = DIRECTION('',(0.,0.,1.));
#8381 = ORIENTED_EDGE('',*,*,#8382,.F.);
#8382 = EDGE_CURVE('',#8351,#8375,#8383,.T.);
#8383 = LINE('',#8384,#8385);
#8384 = CARTESIAN_POINT('',(19.719775496594,-18.58301211791,7.6));
#8385 = VECTOR('',#8386,1.);
#8386 = DIRECTION('',(0.42755509343,0.903989293123,0.));
#8387 = ORIENTED_EDGE('',*,*,#8350,.F.);
#8388 = PLANE('',#8389);
#8389 = AXIS2_PLACEMENT_3D('',#8390,#8391,#8392);
#8390 = CARTESIAN_POINT('',(19.504672309672,-19.0378095952,6.2));
#8391 = DIRECTION('',(0.903989293123,-0.42755509343,0.));
#8392 = DIRECTION('',(-0.42755509343,-0.903989293123,0.));
#8393 = ADVANCED_FACE('',(#8394),#8412,.F.);
#8394 = FACE_BOUND('',#8395,.F.);
#8395 = EDGE_LOOP('',(#8396,#8397,#8405,#8411));
#8396 = ORIENTED_EDGE('',*,*,#1383,.T.);
#8397 = ORIENTED_EDGE('',*,*,#8398,.T.);
#8398 = EDGE_CURVE('',#1376,#8399,#8401,.T.);
#8399 = VERTEX_POINT('',#8400);
#8400 = CARTESIAN_POINT('',(19.570192528366,-18.92849571438,7.6));
#8401 = LINE('',#8402,#8403);
#8402 = CARTESIAN_POINT('',(19.570192528366,-18.92849571438,6.2));
#8403 = VECTOR('',#8404,1.);
#8404 = DIRECTION('',(0.,0.,1.));
#8405 = ORIENTED_EDGE('',*,*,#8406,.F.);
#8406 = EDGE_CURVE('',#8375,#8399,#8407,.T.);
#8407 = LINE('',#8408,#8409);
#8408 = CARTESIAN_POINT('',(21.404179861247,-15.86867270516,7.6));
#8409 = VECTOR('',#8410,1.);
#8410 = DIRECTION('',(0.514102744193,0.85772861,0.));
#8411 = ORIENTED_EDGE('',*,*,#8374,.F.);
#8412 = PLANE('',#8413);
#8413 = AXIS2_PLACEMENT_3D('',#8414,#8415,#8416);
#8414 = CARTESIAN_POINT('',(19.570192528366,-18.92849571438,6.2));
#8415 = DIRECTION('',(0.85772861,-0.514102744193,0.));
#8416 = DIRECTION('',(-0.514102744193,-0.85772861,0.));
#8417 = ADVANCED_FACE('',(#8418),#8436,.F.);
#8418 = FACE_BOUND('',#8419,.F.);
#8419 = EDGE_LOOP('',(#8420,#8421,#8429,#8435));
#8420 = ORIENTED_EDGE('',*,*,#1375,.T.);
#8421 = ORIENTED_EDGE('',*,*,#8422,.T.);
#8422 = EDGE_CURVE('',#1368,#8423,#8425,.T.);
#8423 = VERTEX_POINT('',#8424);
#8424 = CARTESIAN_POINT('',(19.646111883295,-18.82613031425,7.6));
#8425 = LINE('',#8426,#8427);
#8426 = CARTESIAN_POINT('',(19.646111883295,-18.82613031425,6.2));
#8427 = VECTOR('',#8428,1.);
#8428 = DIRECTION('',(0.,0.,1.));
#8429 = ORIENTED_EDGE('',*,*,#8430,.F.);
#8430 = EDGE_CURVE('',#8399,#8423,#8431,.T.);
#8431 = LINE('',#8432,#8433);
#8432 = CARTESIAN_POINT('',(23.575909440873,-13.52741169625,7.6));
#8433 = VECTOR('',#8434,1.);
#8434 = DIRECTION('',(0.595699304492,0.803207531481,0.));
#8435 = ORIENTED_EDGE('',*,*,#8398,.F.);
#8436 = PLANE('',#8437);
#8437 = AXIS2_PLACEMENT_3D('',#8438,#8439,#8440);
#8438 = CARTESIAN_POINT('',(19.646111883295,-18.82613031425,6.2));
#8439 = DIRECTION('',(0.803207531481,-0.595699304492,0.));
#8440 = DIRECTION('',(-0.595699304492,-0.803207531481,0.));
#8441 = ADVANCED_FACE('',(#8442),#8460,.F.);
#8442 = FACE_BOUND('',#8443,.F.);
#8443 = EDGE_LOOP('',(#8444,#8445,#8453,#8459));
#8444 = ORIENTED_EDGE('',*,*,#1367,.T.);
#8445 = ORIENTED_EDGE('',*,*,#8446,.T.);
#8446 = EDGE_CURVE('',#1360,#8447,#8449,.T.);
#8447 = VERTEX_POINT('',#8448);
#8448 = CARTESIAN_POINT('',(19.731699229568,-18.73169922956,7.6));
#8449 = LINE('',#8450,#8451);
#8450 = CARTESIAN_POINT('',(19.731699229568,-18.73169922956,6.2));
#8451 = VECTOR('',#8452,1.);
#8452 = DIRECTION('',(0.,0.,1.));
#8453 = ORIENTED_EDGE('',*,*,#8454,.F.);
#8454 = EDGE_CURVE('',#8423,#8447,#8455,.T.);
#8455 = LINE('',#8456,#8457);
#8456 = CARTESIAN_POINT('',(26.153617408092,-11.64620440149,7.6));
#8457 = VECTOR('',#8458,1.);
#8458 = DIRECTION('',(0.671558954847,0.740951125355,0.));
#8459 = ORIENTED_EDGE('',*,*,#8422,.F.);
#8460 = PLANE('',#8461);
#8461 = AXIS2_PLACEMENT_3D('',#8462,#8463,#8464);
#8462 = CARTESIAN_POINT('',(19.731699229568,-18.73169922956,6.2));
#8463 = DIRECTION('',(0.740951125355,-0.671558954847,0.));
#8464 = DIRECTION('',(-0.671558954847,-0.740951125355,0.));
#8465 = ADVANCED_FACE('',(#8466),#8484,.F.);
#8466 = FACE_BOUND('',#8467,.F.);
#8467 = EDGE_LOOP('',(#8468,#8469,#8477,#8483));
#8468 = ORIENTED_EDGE('',*,*,#1359,.T.);
#8469 = ORIENTED_EDGE('',*,*,#8470,.T.);
#8470 = EDGE_CURVE('',#1352,#8471,#8473,.T.);
#8471 = VERTEX_POINT('',#8472);
#8472 = CARTESIAN_POINT('',(19.826130314255,-18.64611188329,7.6));
#8473 = LINE('',#8474,#8475);
#8474 = CARTESIAN_POINT('',(19.826130314255,-18.64611188329,6.2));
#8475 = VECTOR('',#8476,1.);
#8476 = DIRECTION('',(0.,0.,1.));
#8477 = ORIENTED_EDGE('',*,*,#8478,.F.);
#8478 = EDGE_CURVE('',#8447,#8471,#8479,.T.);
#8479 = LINE('',#8480,#8481);
#8480 = CARTESIAN_POINT('',(29.040639105243,-10.29456792668,7.6));
#8481 = VECTOR('',#8482,1.);
#8482 = DIRECTION('',(0.740951125355,0.671558954847,0.));
#8483 = ORIENTED_EDGE('',*,*,#8446,.F.);
#8484 = PLANE('',#8485);
#8485 = AXIS2_PLACEMENT_3D('',#8486,#8487,#8488);
#8486 = CARTESIAN_POINT('',(19.826130314255,-18.64611188329,6.2));
#8487 = DIRECTION('',(0.671558954847,-0.740951125355,0.));
#8488 = DIRECTION('',(-0.740951125355,-0.671558954847,0.));
#8489 = ADVANCED_FACE('',(#8490),#8508,.F.);
#8490 = FACE_BOUND('',#8491,.F.);
#8491 = EDGE_LOOP('',(#8492,#8493,#8501,#8507));
#8492 = ORIENTED_EDGE('',*,*,#1351,.T.);
#8493 = ORIENTED_EDGE('',*,*,#8494,.T.);
#8494 = EDGE_CURVE('',#1344,#8495,#8497,.T.);
#8495 = VERTEX_POINT('',#8496);
#8496 = CARTESIAN_POINT('',(19.928495714389,-18.57019252836,7.6));
#8497 = LINE('',#8498,#8499);
#8498 = CARTESIAN_POINT('',(19.928495714389,-18.57019252836,6.2));
#8499 = VECTOR('',#8500,1.);
#8500 = DIRECTION('',(0.,0.,1.));
#8501 = ORIENTED_EDGE('',*,*,#8502,.F.);
#8502 = EDGE_CURVE('',#8471,#8495,#8503,.T.);
#8503 = LINE('',#8504,#8505);
#8504 = CARTESIAN_POINT('',(32.128683745761,-9.521916410278,7.6));
#8505 = VECTOR('',#8506,1.);
#8506 = DIRECTION('',(0.803207531481,0.595699304492,0.));
#8507 = ORIENTED_EDGE('',*,*,#8470,.F.);
#8508 = PLANE('',#8509);
#8509 = AXIS2_PLACEMENT_3D('',#8510,#8511,#8512);
#8510 = CARTESIAN_POINT('',(19.928495714389,-18.57019252836,6.2));
#8511 = DIRECTION('',(0.595699304492,-0.803207531481,0.));
#8512 = DIRECTION('',(-0.803207531481,-0.595699304492,0.));
#8513 = ADVANCED_FACE('',(#8514),#8532,.F.);
#8514 = FACE_BOUND('',#8515,.F.);
#8515 = EDGE_LOOP('',(#8516,#8517,#8525,#8531));
#8516 = ORIENTED_EDGE('',*,*,#1343,.T.);
#8517 = ORIENTED_EDGE('',*,*,#8518,.T.);
#8518 = EDGE_CURVE('',#1336,#8519,#8521,.T.);
#8519 = VERTEX_POINT('',#8520);
#8520 = CARTESIAN_POINT('',(20.037809595207,-18.50467230967,7.6));
#8521 = LINE('',#8522,#8523);
#8522 = CARTESIAN_POINT('',(20.037809595207,-18.50467230967,6.2));
#8523 = VECTOR('',#8524,1.);
#8524 = DIRECTION('',(0.,0.,1.));
#8525 = ORIENTED_EDGE('',*,*,#8526,.F.);
#8526 = EDGE_CURVE('',#8495,#8519,#8527,.T.);
#8527 = LINE('',#8528,#8529);
#8528 = CARTESIAN_POINT('',(35.301970391185,-9.355686416551,7.6));
#8529 = VECTOR('',#8530,1.);
#8530 = DIRECTION('',(0.85772861,0.514102744193,0.));
#8531 = ORIENTED_EDGE('',*,*,#8494,.F.);
#8532 = PLANE('',#8533);
#8533 = AXIS2_PLACEMENT_3D('',#8534,#8535,#8536);
#8534 = CARTESIAN_POINT('',(20.037809595207,-18.50467230967,6.2));
#8535 = DIRECTION('',(0.514102744193,-0.85772861,0.));
#8536 = DIRECTION('',(-0.85772861,-0.514102744193,0.));
#8537 = ADVANCED_FACE('',(#8538),#8556,.F.);
#8538 = FACE_BOUND('',#8539,.F.);
#8539 = EDGE_LOOP('',(#8540,#8541,#8549,#8555));
#8540 = ORIENTED_EDGE('',*,*,#1335,.T.);
#8541 = ORIENTED_EDGE('',*,*,#8542,.T.);
#8542 = EDGE_CURVE('',#1328,#8543,#8545,.T.);
#8543 = VERTEX_POINT('',#8544);
#8544 = CARTESIAN_POINT('',(20.153019204281,-18.45018222273,7.6));
#8545 = LINE('',#8546,#8547);
#8546 = CARTESIAN_POINT('',(20.153019204281,-18.45018222273,6.2));
#8547 = VECTOR('',#8548,1.);
#8548 = DIRECTION('',(0.,0.,1.));
#8549 = ORIENTED_EDGE('',*,*,#8550,.F.);
#8550 = EDGE_CURVE('',#8519,#8543,#8551,.T.);
#8551 = LINE('',#8552,#8553);
#8552 = CARTESIAN_POINT('',(38.441649506905,-9.800304290297,7.6));
#8553 = VECTOR('',#8554,1.);
#8554 = DIRECTION('',(0.903989293123,0.42755509343,0.));
#8555 = ORIENTED_EDGE('',*,*,#8518,.F.);
#8556 = PLANE('',#8557);
#8557 = AXIS2_PLACEMENT_3D('',#8558,#8559,#8560);
#8558 = CARTESIAN_POINT('',(20.153019204281,-18.45018222273,6.2));
#8559 = DIRECTION('',(0.42755509343,-0.903989293123,0.));
#8560 = DIRECTION('',(-0.903989293123,-0.42755509343,0.));
#8561 = ADVANCED_FACE('',(#8562),#8580,.F.);
#8562 = FACE_BOUND('',#8563,.F.);
#8563 = EDGE_LOOP('',(#8564,#8565,#8573,#8579));
#8564 = ORIENTED_EDGE('',*,*,#1327,.T.);
#8565 = ORIENTED_EDGE('',*,*,#8566,.T.);
#8566 = EDGE_CURVE('',#1320,#8567,#8569,.T.);
#8567 = VERTEX_POINT('',#8568);
#8568 = CARTESIAN_POINT('',(20.273015010095,-18.40724703688,7.6));
#8569 = LINE('',#8570,#8571);
#8570 = CARTESIAN_POINT('',(20.273015010095,-18.40724703688,6.2));
#8571 = VECTOR('',#8572,1.);
#8572 = DIRECTION('',(0.,0.,1.));
#8573 = ORIENTED_EDGE('',*,*,#8574,.F.);
#8574 = EDGE_CURVE('',#8543,#8567,#8575,.T.);
#8575 = LINE('',#8576,#8577);
#8576 = CARTESIAN_POINT('',(41.430340446792,-10.83703494791,7.6));
#8577 = VECTOR('',#8578,1.);
#8578 = DIRECTION('',(0.941544065183,0.336889853392,0.));
#8579 = ORIENTED_EDGE('',*,*,#8542,.F.);
#8580 = PLANE('',#8581);
#8581 = AXIS2_PLACEMENT_3D('',#8582,#8583,#8584);
#8582 = CARTESIAN_POINT('',(20.273015010095,-18.40724703688,6.2));
#8583 = DIRECTION('',(0.336889853392,-0.941544065183,0.));
#8584 = DIRECTION('',(-0.941544065183,-0.336889853392,0.));
#8585 = ADVANCED_FACE('',(#8586),#8604,.F.);
#8586 = FACE_BOUND('',#8587,.F.);
#8587 = EDGE_LOOP('',(#8588,#8589,#8597,#8603));
#8588 = ORIENTED_EDGE('',*,*,#1319,.T.);
#8589 = ORIENTED_EDGE('',*,*,#8590,.T.);
#8590 = EDGE_CURVE('',#1312,#8591,#8593,.T.);
#8591 = VERTEX_POINT('',#8592);
#8592 = CARTESIAN_POINT('',(20.396641387443,-18.37628024142,7.6));
#8593 = LINE('',#8594,#8595);
#8594 = CARTESIAN_POINT('',(20.396641387443,-18.37628024142,6.2));
#8595 = VECTOR('',#8596,1.);
#8596 = DIRECTION('',(0.,0.,1.));
#8597 = ORIENTED_EDGE('',*,*,#8598,.F.);
#8598 = EDGE_CURVE('',#8567,#8591,#8599,.T.);
#8599 = LINE('',#8600,#8601);
#8600 = CARTESIAN_POINT('',(44.156610781132,-12.42471773375,7.6));
#8601 = VECTOR('',#8602,1.);
#8602 = DIRECTION('',(0.970031253195,0.242980179903,0.));
#8603 = ORIENTED_EDGE('',*,*,#8566,.F.);
#8604 = PLANE('',#8605);
#8605 = AXIS2_PLACEMENT_3D('',#8606,#8607,#8608);
#8606 = CARTESIAN_POINT('',(20.396641387443,-18.37628024142,6.2));
#8607 = DIRECTION('',(0.242980179903,-0.970031253195,0.));
#8608 = DIRECTION('',(-0.970031253195,-0.242980179903,0.));
#8609 = ADVANCED_FACE('',(#8610),#8628,.F.);
#8610 = FACE_BOUND('',#8611,.F.);
#8611 = EDGE_LOOP('',(#8612,#8613,#8621,#8627));
#8612 = ORIENTED_EDGE('',*,*,#1311,.T.);
#8613 = ORIENTED_EDGE('',*,*,#8614,.T.);
#8614 = EDGE_CURVE('',#1304,#8615,#8617,.T.);
#8615 = VERTEX_POINT('',#8616);
#8616 = CARTESIAN_POINT('',(20.522707746729,-18.35758006352,7.6));
#8617 = LINE('',#8618,#8619);
#8618 = CARTESIAN_POINT('',(20.522707746729,-18.35758006352,6.2));
#8619 = VECTOR('',#8620,1.);
#8620 = DIRECTION('',(0.,0.,1.));
#8621 = ORIENTED_EDGE('',*,*,#8622,.F.);
#8622 = EDGE_CURVE('',#8591,#8615,#8623,.T.);
#8623 = LINE('',#8624,#8625);
#8624 = CARTESIAN_POINT('',(46.519225633531,-14.50136091022,7.6));
#8625 = VECTOR('',#8626,1.);
#8626 = DIRECTION('',(0.989176509965,0.146730474455,0.));
#8627 = ORIENTED_EDGE('',*,*,#8590,.F.);
#8628 = PLANE('',#8629);
#8629 = AXIS2_PLACEMENT_3D('',#8630,#8631,#8632);
#8630 = CARTESIAN_POINT('',(20.522707746729,-18.35758006352,6.2));
#8631 = DIRECTION('',(0.146730474455,-0.989176509965,0.));
#8632 = DIRECTION('',(-0.989176509965,-0.146730474455,0.));
#8633 = ADVANCED_FACE('',(#8634),#8652,.F.);
#8634 = FACE_BOUND('',#8635,.F.);
#8635 = EDGE_LOOP('',(#8636,#8637,#8645,#8651));
#8636 = ORIENTED_EDGE('',*,*,#1303,.T.);
#8637 = ORIENTED_EDGE('',*,*,#8638,.T.);
#8638 = EDGE_CURVE('',#1296,#8639,#8641,.T.);
#8639 = VERTEX_POINT('',#8640);
#8640 = CARTESIAN_POINT('',(20.67700348432,-18.35,7.6));
#8641 = LINE('',#8642,#8643);
#8642 = CARTESIAN_POINT('',(20.67700348432,-18.35,6.2));
#8643 = VECTOR('',#8644,1.);
#8644 = DIRECTION('',(0.,0.,1.));
#8645 = ORIENTED_EDGE('',*,*,#8646,.F.);
#8646 = EDGE_CURVE('',#8615,#8639,#8647,.T.);
#8647 = LINE('',#8648,#8649);
#8648 = CARTESIAN_POINT('',(48.444505786681,-16.98587008591,7.6));
#8649 = VECTOR('',#8650,1.);
#8650 = DIRECTION('',(0.998795456205,4.906767432742E-02,0.));
#8651 = ORIENTED_EDGE('',*,*,#8614,.F.);
#8652 = PLANE('',#8653);
#8653 = AXIS2_PLACEMENT_3D('',#8654,#8655,#8656);
#8654 = CARTESIAN_POINT('',(20.67700348432,-18.35,6.2));
#8655 = DIRECTION('',(4.906767432742E-02,-0.998795456205,0.));
#8656 = DIRECTION('',(-0.998795456205,-4.906767432742E-02,0.));
#8657 = ADVANCED_FACE('',(#8658),#8676,.F.);
#8658 = FACE_BOUND('',#8659,.F.);
#8659 = EDGE_LOOP('',(#8660,#8661,#8669,#8675));
#8660 = ORIENTED_EDGE('',*,*,#1295,.T.);
#8661 = ORIENTED_EDGE('',*,*,#8662,.T.);
#8662 = EDGE_CURVE('',#1288,#8663,#8665,.T.);
#8663 = VERTEX_POINT('',#8664);
#8664 = CARTESIAN_POINT('',(34.97700348432,-18.35,7.6));
#8665 = LINE('',#8666,#8667);
#8666 = CARTESIAN_POINT('',(34.97700348432,-18.35,6.2));
#8667 = VECTOR('',#8668,1.);
#8668 = DIRECTION('',(0.,0.,1.));
#8669 = ORIENTED_EDGE('',*,*,#8670,.F.);
#8670 = EDGE_CURVE('',#8639,#8663,#8671,.T.);
#8671 = LINE('',#8672,#8673);
#8672 = CARTESIAN_POINT('',(56.326897844837,-18.35,7.6));
#8673 = VECTOR('',#8674,1.);
#8674 = DIRECTION('',(1.,0.,0.));
#8675 = ORIENTED_EDGE('',*,*,#8638,.F.);
#8676 = PLANE('',#8677);
#8677 = AXIS2_PLACEMENT_3D('',#8678,#8679,#8680);
#8678 = CARTESIAN_POINT('',(34.97700348432,-18.35,6.2));
#8679 = DIRECTION('',(0.,-1.,0.));
#8680 = DIRECTION('',(-1.,0.,0.));
#8681 = ADVANCED_FACE('',(#8682),#8700,.F.);
#8682 = FACE_BOUND('',#8683,.F.);
#8683 = EDGE_LOOP('',(#8684,#8685,#8693,#8699));
#8684 = ORIENTED_EDGE('',*,*,#1287,.T.);
#8685 = ORIENTED_EDGE('',*,*,#8686,.T.);
#8686 = EDGE_CURVE('',#1280,#8687,#8689,.T.);
#8687 = VERTEX_POINT('',#8688);
#8688 = CARTESIAN_POINT('',(35.185371165949,-18.3397635522,7.6));
#8689 = LINE('',#8690,#8691);
#8690 = CARTESIAN_POINT('',(35.185371165949,-18.3397635522,6.2));
#8691 = VECTOR('',#8692,1.);
#8692 = DIRECTION('',(0.,0.,1.));
#8693 = ORIENTED_EDGE('',*,*,#8694,.F.);
#8694 = EDGE_CURVE('',#8663,#8687,#8695,.T.);
#8695 = LINE('',#8696,#8697);
#8696 = CARTESIAN_POINT('',(55.715904229642,-17.3311631387,7.6));
#8697 = VECTOR('',#8698,1.);
#8698 = DIRECTION('',(0.998795456205,4.906767432744E-02,0.));
#8699 = ORIENTED_EDGE('',*,*,#8662,.F.);
#8700 = PLANE('',#8701);
#8701 = AXIS2_PLACEMENT_3D('',#8702,#8703,#8704);
#8702 = CARTESIAN_POINT('',(35.185371165949,-18.3397635522,6.2));
#8703 = DIRECTION('',(4.906767432744E-02,-0.998795456205,0.));
#8704 = DIRECTION('',(-0.998795456205,-4.906767432744E-02,0.));
#8705 = ADVANCED_FACE('',(#8706),#8724,.F.);
#8706 = FACE_BOUND('',#8707,.F.);
#8707 = EDGE_LOOP('',(#8708,#8709,#8717,#8723));
#8708 = ORIENTED_EDGE('',*,*,#1279,.T.);
#8709 = ORIENTED_EDGE('',*,*,#8710,.T.);
#8710 = EDGE_CURVE('',#1272,#8711,#8713,.T.);
#8711 = VERTEX_POINT('',#8712);
#8712 = CARTESIAN_POINT('',(35.418475578902,-18.30518577891,7.6));
#8713 = LINE('',#8714,#8715);
#8714 = CARTESIAN_POINT('',(35.418475578902,-18.30518577891,6.2));
#8715 = VECTOR('',#8716,1.);
#8716 = DIRECTION('',(0.,0.,1.));
#8717 = ORIENTED_EDGE('',*,*,#8718,.F.);
#8718 = EDGE_CURVE('',#8687,#8711,#8719,.T.);
#8719 = LINE('',#8720,#8721);
#8720 = CARTESIAN_POINT('',(54.123658925585,-15.53053393509,7.6));
#8721 = VECTOR('',#8722,1.);
#8722 = DIRECTION('',(0.989176509965,0.146730474455,0.));
#8723 = ORIENTED_EDGE('',*,*,#8686,.F.);
#8724 = PLANE('',#8725);
#8725 = AXIS2_PLACEMENT_3D('',#8726,#8727,#8728);
#8726 = CARTESIAN_POINT('',(35.418475578902,-18.30518577891,6.2));
#8727 = DIRECTION('',(0.146730474455,-0.989176509965,0.));
#8728 = DIRECTION('',(-0.989176509965,-0.146730474455,0.));
#8729 = ADVANCED_FACE('',(#8730),#8748,.F.);
#8730 = FACE_BOUND('',#8731,.F.);
#8731 = EDGE_LOOP('',(#8732,#8733,#8741,#8747));
#8732 = ORIENTED_EDGE('',*,*,#1271,.T.);
#8733 = ORIENTED_EDGE('',*,*,#8734,.T.);
#8734 = EDGE_CURVE('',#1264,#8735,#8737,.T.);
#8735 = VERTEX_POINT('',#8736);
#8736 = CARTESIAN_POINT('',(35.647068315936,-18.24792627909,7.6));
#8737 = LINE('',#8738,#8739);
#8738 = CARTESIAN_POINT('',(35.647068315936,-18.24792627909,6.2));
#8739 = VECTOR('',#8740,1.);
#8740 = DIRECTION('',(0.,0.,1.));
#8741 = ORIENTED_EDGE('',*,*,#8742,.F.);
#8742 = EDGE_CURVE('',#8711,#8735,#8743,.T.);
#8743 = LINE('',#8744,#8745);
#8744 = CARTESIAN_POINT('',(52.216885618095,-14.09740311214,7.6));
#8745 = VECTOR('',#8746,1.);
#8746 = DIRECTION('',(0.970031253195,0.242980179903,0.));
#8747 = ORIENTED_EDGE('',*,*,#8710,.F.);
#8748 = PLANE('',#8749);
#8749 = AXIS2_PLACEMENT_3D('',#8750,#8751,#8752);
#8750 = CARTESIAN_POINT('',(35.647068315936,-18.24792627909,6.2));
#8751 = DIRECTION('',(0.242980179903,-0.970031253195,0.));
#8752 = DIRECTION('',(-0.970031253195,-0.242980179903,0.));
#8753 = ADVANCED_FACE('',(#8754),#8772,.F.);
#8754 = FACE_BOUND('',#8755,.F.);
#8755 = EDGE_LOOP('',(#8756,#8757,#8765,#8771));
#8756 = ORIENTED_EDGE('',*,*,#1263,.T.);
#8757 = ORIENTED_EDGE('',*,*,#8758,.T.);
#8758 = EDGE_CURVE('',#1256,#8759,#8761,.T.);
#8759 = VERTEX_POINT('',#8760);
#8760 = CARTESIAN_POINT('',(35.868947904032,-18.16853649302,7.6));
#8761 = LINE('',#8762,#8763);
#8762 = CARTESIAN_POINT('',(35.868947904032,-18.16853649302,6.2));
#8763 = VECTOR('',#8764,1.);
#8764 = DIRECTION('',(0.,0.,1.));
#8765 = ORIENTED_EDGE('',*,*,#8766,.F.);
#8766 = EDGE_CURVE('',#8735,#8759,#8767,.T.);
#8767 = LINE('',#8768,#8769);
#8768 = CARTESIAN_POINT('',(50.075476236536,-13.08535937564,7.6));
#8769 = VECTOR('',#8770,1.);
#8770 = DIRECTION('',(0.941544065183,0.336889853392,0.));
#8771 = ORIENTED_EDGE('',*,*,#8734,.F.);
#8772 = PLANE('',#8773);
#8773 = AXIS2_PLACEMENT_3D('',#8774,#8775,#8776);
#8774 = CARTESIAN_POINT('',(35.868947904032,-18.16853649302,6.2));
#8775 = DIRECTION('',(0.336889853392,-0.941544065183,0.));
#8776 = DIRECTION('',(-0.941544065183,-0.336889853392,0.));
#8777 = ADVANCED_FACE('',(#8778),#8796,.F.);
#8778 = FACE_BOUND('',#8779,.F.);
#8779 = EDGE_LOOP('',(#8780,#8781,#8789,#8795));
#8780 = ORIENTED_EDGE('',*,*,#1255,.T.);
#8781 = ORIENTED_EDGE('',*,*,#8782,.T.);
#8782 = EDGE_CURVE('',#1248,#8783,#8785,.T.);
#8783 = VERTEX_POINT('',#8784);
#8784 = CARTESIAN_POINT('',(36.081977521463,-18.06778098776,7.6));
#8785 = LINE('',#8786,#8787);
#8786 = CARTESIAN_POINT('',(36.081977521463,-18.06778098776,6.2));
#8787 = VECTOR('',#8788,1.);
#8788 = DIRECTION('',(0.,0.,1.));
#8789 = ORIENTED_EDGE('',*,*,#8790,.F.);
#8790 = EDGE_CURVE('',#8759,#8783,#8791,.T.);
#8791 = LINE('',#8792,#8793);
#8792 = CARTESIAN_POINT('',(47.788162161752,-12.53116799282,7.6));
#8793 = VECTOR('',#8794,1.);
#8794 = DIRECTION('',(0.903989293123,0.42755509343,0.));
#8795 = ORIENTED_EDGE('',*,*,#8758,.F.);
#8796 = PLANE('',#8797);
#8797 = AXIS2_PLACEMENT_3D('',#8798,#8799,#8800);
#8798 = CARTESIAN_POINT('',(36.081977521463,-18.06778098776,6.2));
#8799 = DIRECTION('',(0.42755509343,-0.903989293123,0.));
#8800 = DIRECTION('',(-0.903989293123,-0.42755509343,0.));
#8801 = ADVANCED_FACE('',(#8802),#8820,.F.);
#8802 = FACE_BOUND('',#8803,.F.);
#8803 = EDGE_LOOP('',(#8804,#8805,#8813,#8819));
#8804 = ORIENTED_EDGE('',*,*,#1247,.T.);
#8805 = ORIENTED_EDGE('',*,*,#8806,.T.);
#8806 = EDGE_CURVE('',#1240,#8807,#8809,.T.);
#8807 = VERTEX_POINT('',#8808);
#8808 = CARTESIAN_POINT('',(36.284105576561,-17.94663009388,7.6));
#8809 = LINE('',#8810,#8811);
#8810 = CARTESIAN_POINT('',(36.284105576561,-17.94663009388,6.2));
#8811 = VECTOR('',#8812,1.);
#8812 = DIRECTION('',(0.,0.,1.));
#8813 = ORIENTED_EDGE('',*,*,#8814,.F.);
#8814 = EDGE_CURVE('',#8783,#8807,#8815,.T.);
#8815 = LINE('',#8816,#8817);
#8816 = CARTESIAN_POINT('',(45.449042325294,-12.45337840804,7.6));
#8817 = VECTOR('',#8818,1.);
#8818 = DIRECTION('',(0.85772861,0.514102744193,0.));
#8819 = ORIENTED_EDGE('',*,*,#8782,.F.);
#8820 = PLANE('',#8821);
#8821 = AXIS2_PLACEMENT_3D('',#8822,#8823,#8824);
#8822 = CARTESIAN_POINT('',(36.284105576561,-17.94663009388,6.2));
#8823 = DIRECTION('',(0.514102744193,-0.85772861,0.));
#8824 = DIRECTION('',(-0.85772861,-0.514102744193,0.));
#8825 = ADVANCED_FACE('',(#8826),#8844,.F.);
#8826 = FACE_BOUND('',#8827,.F.);
#8827 = EDGE_LOOP('',(#8828,#8829,#8837,#8843));
#8828 = ORIENTED_EDGE('',*,*,#1239,.T.);
#8829 = ORIENTED_EDGE('',*,*,#8830,.T.);
#8830 = EDGE_CURVE('',#1232,#8831,#8833,.T.);
#8831 = VERTEX_POINT('',#8832);
#8832 = CARTESIAN_POINT('',(36.47338546566,-17.80625056073,7.6));
#8833 = LINE('',#8834,#8835);
#8834 = CARTESIAN_POINT('',(36.47338546566,-17.80625056073,6.2));
#8835 = VECTOR('',#8836,1.);
#8836 = DIRECTION('',(0.,0.,1.));
#8837 = ORIENTED_EDGE('',*,*,#8838,.F.);
#8838 = EDGE_CURVE('',#8807,#8831,#8839,.T.);
#8839 = LINE('',#8840,#8841);
#8840 = CARTESIAN_POINT('',(43.153907343054,-12.85163786098,7.6));
#8841 = VECTOR('',#8842,1.);
#8842 = DIRECTION('',(0.803207531481,0.595699304492,0.));
#8843 = ORIENTED_EDGE('',*,*,#8806,.F.);
#8844 = PLANE('',#8845);
#8845 = AXIS2_PLACEMENT_3D('',#8846,#8847,#8848);
#8846 = CARTESIAN_POINT('',(36.47338546566,-17.80625056073,6.2));
#8847 = DIRECTION('',(0.595699304492,-0.803207531481,0.));
#8848 = DIRECTION('',(-0.803207531481,-0.595699304492,0.));
#8849 = ADVANCED_FACE('',(#8850),#8868,.F.);
#8850 = FACE_BOUND('',#8851,.F.);
#8851 = EDGE_LOOP('',(#8852,#8853,#8861,#8867));
#8852 = ORIENTED_EDGE('',*,*,#1231,.T.);
#8853 = ORIENTED_EDGE('',*,*,#8854,.T.);
#8854 = EDGE_CURVE('',#1224,#8855,#8857,.T.);
#8855 = VERTEX_POINT('',#8856);
#8856 = CARTESIAN_POINT('',(36.647994319958,-17.64799431995,7.6));
#8857 = LINE('',#8858,#8859);
#8858 = CARTESIAN_POINT('',(36.647994319958,-17.64799431995,6.2));
#8859 = VECTOR('',#8860,1.);
#8860 = DIRECTION('',(0.,0.,1.));
#8861 = ORIENTED_EDGE('',*,*,#8862,.F.);
#8862 = EDGE_CURVE('',#8831,#8855,#8863,.T.);
#8863 = LINE('',#8864,#8865);
#8864 = CARTESIAN_POINT('',(40.996501519694,-13.70673713001,7.6));
#8865 = VECTOR('',#8866,1.);
#8866 = DIRECTION('',(0.740951125355,0.671558954847,0.));
#8867 = ORIENTED_EDGE('',*,*,#8830,.F.);
#8868 = PLANE('',#8869);
#8869 = AXIS2_PLACEMENT_3D('',#8870,#8871,#8872);
#8870 = CARTESIAN_POINT('',(36.647994319958,-17.64799431995,6.2));
#8871 = DIRECTION('',(0.671558954847,-0.740951125355,0.));
#8872 = DIRECTION('',(-0.740951125355,-0.671558954847,0.));
#8873 = ADVANCED_FACE('',(#8874),#8892,.F.);
#8874 = FACE_BOUND('',#8875,.F.);
#8875 = EDGE_LOOP('',(#8876,#8877,#8885,#8891));
#8876 = ORIENTED_EDGE('',*,*,#1223,.T.);
#8877 = ORIENTED_EDGE('',*,*,#8878,.T.);
#8878 = EDGE_CURVE('',#1216,#8879,#8881,.T.);
#8879 = VERTEX_POINT('',#8880);
#8880 = CARTESIAN_POINT('',(36.806250560737,-17.47338546566,7.6));
#8881 = LINE('',#8882,#8883);
#8882 = CARTESIAN_POINT('',(36.806250560737,-17.47338546566,6.2));
#8883 = VECTOR('',#8884,1.);
#8884 = DIRECTION('',(0.,0.,1.));
#8885 = ORIENTED_EDGE('',*,*,#8886,.F.);
#8886 = EDGE_CURVE('',#8855,#8879,#8887,.T.);
#8887 = LINE('',#8888,#8889);
#8888 = CARTESIAN_POINT('',(39.064866920141,-14.98138633264,7.6));
#8889 = VECTOR('',#8890,1.);
#8890 = DIRECTION('',(0.671558954847,0.740951125355,0.));
#8891 = ORIENTED_EDGE('',*,*,#8854,.F.);
#8892 = PLANE('',#8893);
#8893 = AXIS2_PLACEMENT_3D('',#8894,#8895,#8896);
#8894 = CARTESIAN_POINT('',(36.806250560737,-17.47338546566,6.2));
#8895 = DIRECTION('',(0.740951125355,-0.671558954847,0.));
#8896 = DIRECTION('',(-0.671558954847,-0.740951125355,0.));
#8897 = ADVANCED_FACE('',(#8898),#8916,.F.);
#8898 = FACE_BOUND('',#8899,.F.);
#8899 = EDGE_LOOP('',(#8900,#8901,#8909,#8915));
#8900 = ORIENTED_EDGE('',*,*,#1215,.T.);
#8901 = ORIENTED_EDGE('',*,*,#8902,.T.);
#8902 = EDGE_CURVE('',#1208,#8903,#8905,.T.);
#8903 = VERTEX_POINT('',#8904);
#8904 = CARTESIAN_POINT('',(36.946630093886,-17.28410557656,7.6));
#8905 = LINE('',#8906,#8907);
#8906 = CARTESIAN_POINT('',(36.946630093886,-17.28410557656,6.2));
#8907 = VECTOR('',#8908,1.);
#8908 = DIRECTION('',(0.,0.,1.));
#8909 = ORIENTED_EDGE('',*,*,#8910,.F.);
#8910 = EDGE_CURVE('',#8879,#8903,#8911,.T.);
#8911 = LINE('',#8912,#8913);
#8912 = CARTESIAN_POINT('',(37.437910517541,-16.62169060751,7.6));
#8913 = VECTOR('',#8914,1.);
#8914 = DIRECTION('',(0.595699304492,0.803207531481,0.));
#8915 = ORIENTED_EDGE('',*,*,#8878,.F.);
#8916 = PLANE('',#8917);
#8917 = AXIS2_PLACEMENT_3D('',#8918,#8919,#8920);
#8918 = CARTESIAN_POINT('',(36.946630093886,-17.28410557656,6.2));
#8919 = DIRECTION('',(0.803207531481,-0.595699304492,0.));
#8920 = DIRECTION('',(-0.595699304492,-0.803207531481,0.));
#8921 = ADVANCED_FACE('',(#8922),#8940,.F.);
#8922 = FACE_BOUND('',#8923,.F.);
#8923 = EDGE_LOOP('',(#8924,#8925,#8933,#8939));
#8924 = ORIENTED_EDGE('',*,*,#1207,.T.);
#8925 = ORIENTED_EDGE('',*,*,#8926,.T.);
#8926 = EDGE_CURVE('',#1200,#8927,#8929,.T.);
#8927 = VERTEX_POINT('',#8928);
#8928 = CARTESIAN_POINT('',(37.067780987761,-17.08197752146,7.6));
#8929 = LINE('',#8930,#8931);
#8930 = CARTESIAN_POINT('',(37.067780987761,-17.08197752146,6.2));
#8931 = VECTOR('',#8932,1.);
#8932 = DIRECTION('',(0.,0.,1.));
#8933 = ORIENTED_EDGE('',*,*,#8934,.F.);
#8934 = EDGE_CURVE('',#8903,#8927,#8935,.T.);
#8935 = LINE('',#8936,#8937);
#8936 = CARTESIAN_POINT('',(36.182326816477,-18.55926855741,7.6));
#8937 = VECTOR('',#8938,1.);
#8938 = DIRECTION('',(0.514102744193,0.85772861,0.));
#8939 = ORIENTED_EDGE('',*,*,#8902,.F.);
#8940 = PLANE('',#8941);
#8941 = AXIS2_PLACEMENT_3D('',#8942,#8943,#8944);
#8942 = CARTESIAN_POINT('',(37.067780987761,-17.08197752146,6.2));
#8943 = DIRECTION('',(0.85772861,-0.514102744193,0.));
#8944 = DIRECTION('',(-0.514102744193,-0.85772861,0.));
#8945 = ADVANCED_FACE('',(#8946),#8964,.F.);
#8946 = FACE_BOUND('',#8947,.F.);
#8947 = EDGE_LOOP('',(#8948,#8949,#8957,#8963));
#8948 = ORIENTED_EDGE('',*,*,#1199,.T.);
#8949 = ORIENTED_EDGE('',*,*,#8950,.T.);
#8950 = EDGE_CURVE('',#1192,#8951,#8953,.T.);
#8951 = VERTEX_POINT('',#8952);
#8952 = CARTESIAN_POINT('',(37.168536493028,-16.86894790403,7.6));
#8953 = LINE('',#8954,#8955);
#8954 = CARTESIAN_POINT('',(37.168536493028,-16.86894790403,6.2));
#8955 = VECTOR('',#8956,1.);
#8956 = DIRECTION('',(0.,0.,1.));
#8957 = ORIENTED_EDGE('',*,*,#8958,.F.);
#8958 = EDGE_CURVE('',#8927,#8951,#8959,.T.);
#8959 = LINE('',#8960,#8961);
#8960 = CARTESIAN_POINT('',(35.349994646891,-20.71393158745,7.6));
#8961 = VECTOR('',#8962,1.);
#8962 = DIRECTION('',(0.42755509343,0.903989293123,0.));
#8963 = ORIENTED_EDGE('',*,*,#8926,.F.);
#8964 = PLANE('',#8965);
#8965 = AXIS2_PLACEMENT_3D('',#8966,#8967,#8968);
#8966 = CARTESIAN_POINT('',(37.168536493028,-16.86894790403,6.2));
#8967 = DIRECTION('',(0.903989293123,-0.42755509343,0.));
#8968 = DIRECTION('',(-0.42755509343,-0.903989293123,0.));
#8969 = ADVANCED_FACE('',(#8970),#8988,.F.);
#8970 = FACE_BOUND('',#8971,.F.);
#8971 = EDGE_LOOP('',(#8972,#8973,#8981,#8987));
#8972 = ORIENTED_EDGE('',*,*,#1191,.T.);
#8973 = ORIENTED_EDGE('',*,*,#8974,.T.);
#8974 = EDGE_CURVE('',#1184,#8975,#8977,.T.);
#8975 = VERTEX_POINT('',#8976);
#8976 = CARTESIAN_POINT('',(37.247926279091,-16.64706831593,7.6));
#8977 = LINE('',#8978,#8979);
#8978 = CARTESIAN_POINT('',(37.247926279091,-16.64706831593,6.2));
#8979 = VECTOR('',#8980,1.);
#8980 = DIRECTION('',(0.,0.,1.));
#8981 = ORIENTED_EDGE('',*,*,#8982,.F.);
#8982 = EDGE_CURVE('',#8951,#8975,#8983,.T.);
#8983 = LINE('',#8984,#8985);
#8984 = CARTESIAN_POINT('',(34.975948555405,-22.9968206769,7.6));
#8985 = VECTOR('',#8986,1.);
#8986 = DIRECTION('',(0.336889853392,0.941544065183,0.));
#8987 = ORIENTED_EDGE('',*,*,#8950,.F.);
#8988 = PLANE('',#8989);
#8989 = AXIS2_PLACEMENT_3D('',#8990,#8991,#8992);
#8990 = CARTESIAN_POINT('',(37.247926279091,-16.64706831593,6.2));
#8991 = DIRECTION('',(0.941544065183,-0.336889853392,0.));
#8992 = DIRECTION('',(-0.336889853392,-0.941544065183,0.));
#8993 = ADVANCED_FACE('',(#8994),#9012,.F.);
#8994 = FACE_BOUND('',#8995,.F.);
#8995 = EDGE_LOOP('',(#8996,#8997,#9005,#9011));
#8996 = ORIENTED_EDGE('',*,*,#1183,.T.);
#8997 = ORIENTED_EDGE('',*,*,#8998,.T.);
#8998 = EDGE_CURVE('',#1176,#8999,#9001,.T.);
#8999 = VERTEX_POINT('',#9000);
#9000 = CARTESIAN_POINT('',(37.305185778913,-16.4184755789,7.6));
#9001 = LINE('',#9002,#9003);
#9002 = CARTESIAN_POINT('',(37.305185778913,-16.4184755789,6.2));
#9003 = VECTOR('',#9004,1.);
#9004 = DIRECTION('',(0.,0.,1.));
#9005 = ORIENTED_EDGE('',*,*,#9006,.F.);
#9006 = EDGE_CURVE('',#8975,#8999,#9007,.T.);
#9007 = LINE('',#9008,#9009);
#9008 = CARTESIAN_POINT('',(35.077003088727,-25.31387950924,7.6));
#9009 = VECTOR('',#9010,1.);
#9010 = DIRECTION('',(0.242980179903,0.970031253195,0.));
#9011 = ORIENTED_EDGE('',*,*,#8974,.F.);
#9012 = PLANE('',#9013);
#9013 = AXIS2_PLACEMENT_3D('',#9014,#9015,#9016);
#9014 = CARTESIAN_POINT('',(37.305185778913,-16.4184755789,6.2));
#9015 = DIRECTION('',(0.970031253195,-0.242980179903,0.));
#9016 = DIRECTION('',(-0.242980179903,-0.970031253195,0.));
#9017 = ADVANCED_FACE('',(#9018),#9036,.F.);
#9018 = FACE_BOUND('',#9019,.F.);
#9019 = EDGE_LOOP('',(#9020,#9021,#9029,#9035));
#9020 = ORIENTED_EDGE('',*,*,#1175,.T.);
#9021 = ORIENTED_EDGE('',*,*,#9022,.T.);
#9022 = EDGE_CURVE('',#1168,#9023,#9025,.T.);
#9023 = VERTEX_POINT('',#9024);
#9024 = CARTESIAN_POINT('',(37.339763552208,-16.18537116594,7.6));
#9025 = LINE('',#9026,#9027);
#9026 = CARTESIAN_POINT('',(37.339763552208,-16.18537116594,6.2));
#9027 = VECTOR('',#9028,1.);
#9028 = DIRECTION('',(0.,0.,1.));
#9029 = ORIENTED_EDGE('',*,*,#9030,.F.);
#9030 = EDGE_CURVE('',#8999,#9023,#9031,.T.);
#9031 = LINE('',#9032,#9033);
#9032 = CARTESIAN_POINT('',(35.651083119929,-27.56952992811,7.6));
#9033 = VECTOR('',#9034,1.);
#9034 = DIRECTION('',(0.146730474455,0.989176509965,0.));
#9035 = ORIENTED_EDGE('',*,*,#8998,.F.);
#9036 = PLANE('',#9037);
#9037 = AXIS2_PLACEMENT_3D('',#9038,#9039,#9040);
#9038 = CARTESIAN_POINT('',(37.339763552208,-16.18537116594,6.2));
#9039 = DIRECTION('',(0.989176509965,-0.146730474455,0.));
#9040 = DIRECTION('',(-0.146730474455,-0.989176509965,0.));
#9041 = ADVANCED_FACE('',(#9042),#9060,.F.);
#9042 = FACE_BOUND('',#9043,.F.);
#9043 = EDGE_LOOP('',(#9044,#9045,#9053,#9059));
#9044 = ORIENTED_EDGE('',*,*,#1167,.T.);
#9045 = ORIENTED_EDGE('',*,*,#9046,.T.);
#9046 = EDGE_CURVE('',#1160,#9047,#9049,.T.);
#9047 = VERTEX_POINT('',#9048);
#9048 = CARTESIAN_POINT('',(37.35,-15.97700348432,7.6));
#9049 = LINE('',#9050,#9051);
#9050 = CARTESIAN_POINT('',(37.35,-15.97700348432,6.2));
#9051 = VECTOR('',#9052,1.);
#9052 = DIRECTION('',(0.,0.,1.));
#9053 = ORIENTED_EDGE('',*,*,#9054,.F.);
#9054 = EDGE_CURVE('',#9023,#9047,#9055,.T.);
#9055 = LINE('',#9056,#9057);
#9056 = CARTESIAN_POINT('',(36.67662288103,-29.68390962893,7.6));
#9057 = VECTOR('',#9058,1.);
#9058 = DIRECTION('',(4.90676743274E-02,0.998795456205,0.));
#9059 = ORIENTED_EDGE('',*,*,#9022,.F.);
#9060 = PLANE('',#9061);
#9061 = AXIS2_PLACEMENT_3D('',#9062,#9063,#9064);
#9062 = CARTESIAN_POINT('',(37.35,-15.97700348432,6.2));
#9063 = DIRECTION('',(0.998795456205,-4.90676743274E-02,0.));
#9064 = DIRECTION('',(-4.90676743274E-02,-0.998795456205,0.));
#9065 = ADVANCED_FACE('',(#9066),#9084,.F.);
#9066 = FACE_BOUND('',#9067,.F.);
#9067 = EDGE_LOOP('',(#9068,#9069,#9077,#9083));
#9068 = ORIENTED_EDGE('',*,*,#1159,.T.);
#9069 = ORIENTED_EDGE('',*,*,#9070,.T.);
#9070 = EDGE_CURVE('',#1152,#9071,#9073,.T.);
#9071 = VERTEX_POINT('',#9072);
#9072 = CARTESIAN_POINT('',(37.35,-7.67700348432,7.6));
#9073 = LINE('',#9074,#9075);
#9074 = CARTESIAN_POINT('',(37.35,-7.67700348432,6.2));
#9075 = VECTOR('',#9076,1.);
#9076 = DIRECTION('',(0.,0.,1.));
#9077 = ORIENTED_EDGE('',*,*,#9078,.F.);
#9078 = EDGE_CURVE('',#9047,#9071,#9079,.T.);
#9079 = LINE('',#9080,#9081);
#9080 = CARTESIAN_POINT('',(37.35,-26.55755465667,7.6));
#9081 = VECTOR('',#9082,1.);
#9082 = DIRECTION('',(0.,1.,0.));
#9083 = ORIENTED_EDGE('',*,*,#9046,.F.);
#9084 = PLANE('',#9085);
#9085 = AXIS2_PLACEMENT_3D('',#9086,#9087,#9088);
#9086 = CARTESIAN_POINT('',(37.35,-7.67700348432,6.2));
#9087 = DIRECTION('',(1.,0.,0.));
#9088 = DIRECTION('',(0.,-1.,0.));
#9089 = ADVANCED_FACE('',(#9090),#9108,.F.);
#9090 = FACE_BOUND('',#9091,.F.);
#9091 = EDGE_LOOP('',(#9092,#9093,#9101,#9107));
#9092 = ORIENTED_EDGE('',*,*,#1151,.T.);
#9093 = ORIENTED_EDGE('',*,*,#9094,.T.);
#9094 = EDGE_CURVE('',#1144,#9095,#9097,.T.);
#9095 = VERTEX_POINT('',#9096);
#9096 = CARTESIAN_POINT('',(37.357580063521,-7.522707746729,7.6));
#9097 = LINE('',#9098,#9099);
#9098 = CARTESIAN_POINT('',(37.357580063521,-7.522707746729,6.2));
#9099 = VECTOR('',#9100,1.);
#9100 = DIRECTION('',(0.,0.,1.));
#9101 = ORIENTED_EDGE('',*,*,#9102,.F.);
#9102 = EDGE_CURVE('',#9071,#9095,#9103,.T.);
#9103 = LINE('',#9104,#9105);
#9104 = CARTESIAN_POINT('',(36.477027346606,-25.44677006798,7.6));
#9105 = VECTOR('',#9106,1.);
#9106 = DIRECTION('',(4.90676743274E-02,0.998795456205,0.));
#9107 = ORIENTED_EDGE('',*,*,#9070,.F.);
#9108 = PLANE('',#9109);
#9109 = AXIS2_PLACEMENT_3D('',#9110,#9111,#9112);
#9110 = CARTESIAN_POINT('',(37.357580063521,-7.522707746729,6.2));
#9111 = DIRECTION('',(0.998795456205,-4.90676743274E-02,0.));
#9112 = DIRECTION('',(-4.90676743274E-02,-0.998795456205,0.));
#9113 = ADVANCED_FACE('',(#9114),#9132,.F.);
#9114 = FACE_BOUND('',#9115,.F.);
#9115 = EDGE_LOOP('',(#9116,#9117,#9125,#9131));
#9116 = ORIENTED_EDGE('',*,*,#1143,.T.);
#9117 = ORIENTED_EDGE('',*,*,#9118,.T.);
#9118 = EDGE_CURVE('',#1136,#9119,#9121,.T.);
#9119 = VERTEX_POINT('',#9120);
#9120 = CARTESIAN_POINT('',(37.376280241421,-7.396641387443,7.6));
#9121 = LINE('',#9122,#9123);
#9122 = CARTESIAN_POINT('',(37.376280241421,-7.396641387443,6.2));
#9123 = VECTOR('',#9124,1.);
#9124 = DIRECTION('',(0.,0.,1.));
#9125 = ORIENTED_EDGE('',*,*,#9126,.F.);
#9126 = EDGE_CURVE('',#9095,#9119,#9127,.T.);
#9127 = LINE('',#9128,#9129);
#9128 = CARTESIAN_POINT('',(35.04939831324,-23.08320515929,7.6));
#9129 = VECTOR('',#9130,1.);
#9130 = DIRECTION('',(0.146730474455,0.989176509965,0.));
#9131 = ORIENTED_EDGE('',*,*,#9094,.F.);
#9132 = PLANE('',#9133);
#9133 = AXIS2_PLACEMENT_3D('',#9134,#9135,#9136);
#9134 = CARTESIAN_POINT('',(37.376280241421,-7.396641387443,6.2));
#9135 = DIRECTION('',(0.989176509965,-0.146730474455,0.));
#9136 = DIRECTION('',(-0.146730474455,-0.989176509965,0.));
#9137 = ADVANCED_FACE('',(#9138),#9156,.F.);
#9138 = FACE_BOUND('',#9139,.F.);
#9139 = EDGE_LOOP('',(#9140,#9141,#9149,#9155));
#9140 = ORIENTED_EDGE('',*,*,#1135,.T.);
#9141 = ORIENTED_EDGE('',*,*,#9142,.T.);
#9142 = EDGE_CURVE('',#1128,#9143,#9145,.T.);
#9143 = VERTEX_POINT('',#9144);
#9144 = CARTESIAN_POINT('',(37.407247036882,-7.273015010095,7.6));
#9145 = LINE('',#9146,#9147);
#9146 = CARTESIAN_POINT('',(37.407247036882,-7.273015010095,6.2));
#9147 = VECTOR('',#9148,1.);
#9148 = DIRECTION('',(0.,0.,1.));
#9149 = ORIENTED_EDGE('',*,*,#9150,.F.);
#9150 = EDGE_CURVE('',#9119,#9143,#9151,.T.);
#9151 = LINE('',#9152,#9153);
#9152 = CARTESIAN_POINT('',(34.098266463395,-20.4832059556,7.6));
#9153 = VECTOR('',#9154,1.);
#9154 = DIRECTION('',(0.242980179903,0.970031253195,0.));
#9155 = ORIENTED_EDGE('',*,*,#9118,.F.);
#9156 = PLANE('',#9157);
#9157 = AXIS2_PLACEMENT_3D('',#9158,#9159,#9160);
#9158 = CARTESIAN_POINT('',(37.407247036882,-7.273015010095,6.2));
#9159 = DIRECTION('',(0.970031253195,-0.242980179903,0.));
#9160 = DIRECTION('',(-0.242980179903,-0.970031253195,0.));
#9161 = ADVANCED_FACE('',(#9162),#9180,.F.);
#9162 = FACE_BOUND('',#9163,.F.);
#9163 = EDGE_LOOP('',(#9164,#9165,#9173,#9179));
#9164 = ORIENTED_EDGE('',*,*,#1127,.T.);
#9165 = ORIENTED_EDGE('',*,*,#9166,.T.);
#9166 = EDGE_CURVE('',#1120,#9167,#9169,.T.);
#9167 = VERTEX_POINT('',#9168);
#9168 = CARTESIAN_POINT('',(37.450182222736,-7.153019204281,7.6));
#9169 = LINE('',#9170,#9171);
#9170 = CARTESIAN_POINT('',(37.450182222736,-7.153019204281,6.2));
#9171 = VECTOR('',#9172,1.);
#9172 = DIRECTION('',(0.,0.,1.));
#9173 = ORIENTED_EDGE('',*,*,#9174,.F.);
#9174 = EDGE_CURVE('',#9143,#9167,#9175,.T.);
#9175 = LINE('',#9176,#9177);
#9176 = CARTESIAN_POINT('',(33.660986753823,-17.74311109826,7.6));
#9177 = VECTOR('',#9178,1.);
#9178 = DIRECTION('',(0.336889853392,0.941544065183,0.));
#9179 = ORIENTED_EDGE('',*,*,#9142,.F.);
#9180 = PLANE('',#9181);
#9181 = AXIS2_PLACEMENT_3D('',#9182,#9183,#9184);
#9182 = CARTESIAN_POINT('',(37.450182222736,-7.153019204281,6.2));
#9183 = DIRECTION('',(0.941544065183,-0.336889853392,0.));
#9184 = DIRECTION('',(-0.336889853392,-0.941544065183,0.));
#9185 = ADVANCED_FACE('',(#9186),#9204,.F.);
#9186 = FACE_BOUND('',#9187,.F.);
#9187 = EDGE_LOOP('',(#9188,#9189,#9197,#9203));
#9188 = ORIENTED_EDGE('',*,*,#1119,.T.);
#9189 = ORIENTED_EDGE('',*,*,#9190,.T.);
#9190 = EDGE_CURVE('',#1112,#9191,#9193,.T.);
#9191 = VERTEX_POINT('',#9192);
#9192 = CARTESIAN_POINT('',(37.504672309672,-7.037809595207,7.6));
#9193 = LINE('',#9194,#9195);
#9194 = CARTESIAN_POINT('',(37.504672309672,-7.037809595207,6.2));
#9195 = VECTOR('',#9196,1.);
#9196 = DIRECTION('',(0.,0.,1.));
#9197 = ORIENTED_EDGE('',*,*,#9198,.F.);
#9198 = EDGE_CURVE('',#9167,#9191,#9199,.T.);
#9199 = LINE('',#9200,#9201);
#9200 = CARTESIAN_POINT('',(33.755513915242,-14.96473901054,7.6));
#9201 = VECTOR('',#9202,1.);
#9202 = DIRECTION('',(0.42755509343,0.903989293123,0.));
#9203 = ORIENTED_EDGE('',*,*,#9166,.F.);
#9204 = PLANE('',#9205);
#9205 = AXIS2_PLACEMENT_3D('',#9206,#9207,#9208);
#9206 = CARTESIAN_POINT('',(37.504672309672,-7.037809595207,6.2));
#9207 = DIRECTION('',(0.903989293123,-0.42755509343,0.));
#9208 = DIRECTION('',(-0.42755509343,-0.903989293123,0.));
#9209 = ADVANCED_FACE('',(#9210),#9228,.F.);
#9210 = FACE_BOUND('',#9211,.F.);
#9211 = EDGE_LOOP('',(#9212,#9213,#9221,#9227));
#9212 = ORIENTED_EDGE('',*,*,#1111,.T.);
#9213 = ORIENTED_EDGE('',*,*,#9214,.T.);
#9214 = EDGE_CURVE('',#1104,#9215,#9217,.T.);
#9215 = VERTEX_POINT('',#9216);
#9216 = CARTESIAN_POINT('',(37.570192528366,-6.928495714389,7.6));
#9217 = LINE('',#9218,#9219);
#9218 = CARTESIAN_POINT('',(37.570192528366,-6.928495714389,6.2));
#9219 = VECTOR('',#9220,1.);
#9220 = DIRECTION('',(0.,0.,1.));
#9221 = ORIENTED_EDGE('',*,*,#9222,.F.);
#9222 = EDGE_CURVE('',#9191,#9215,#9223,.T.);
#9223 = LINE('',#9224,#9225);
#9224 = CARTESIAN_POINT('',(34.379701383918,-12.2515086052,7.6));
#9225 = VECTOR('',#9226,1.);
#9226 = DIRECTION('',(0.514102744193,0.85772861,0.));
#9227 = ORIENTED_EDGE('',*,*,#9190,.F.);
#9228 = PLANE('',#9229);
#9229 = AXIS2_PLACEMENT_3D('',#9230,#9231,#9232);
#9230 = CARTESIAN_POINT('',(37.570192528366,-6.928495714389,6.2));
#9231 = DIRECTION('',(0.85772861,-0.514102744193,0.));
#9232 = DIRECTION('',(-0.514102744193,-0.85772861,0.));
#9233 = ADVANCED_FACE('',(#9234),#9252,.F.);
#9234 = FACE_BOUND('',#9235,.F.);
#9235 = EDGE_LOOP('',(#9236,#9237,#9245,#9251));
#9236 = ORIENTED_EDGE('',*,*,#1103,.T.);
#9237 = ORIENTED_EDGE('',*,*,#9238,.T.);
#9238 = EDGE_CURVE('',#1096,#9239,#9241,.T.);
#9239 = VERTEX_POINT('',#9240);
#9240 = CARTESIAN_POINT('',(37.646111883295,-6.826130314255,7.6));
#9241 = LINE('',#9242,#9243);
#9242 = CARTESIAN_POINT('',(37.646111883295,-6.826130314255,6.2));
#9243 = VECTOR('',#9244,1.);
#9244 = DIRECTION('',(0.,0.,1.));
#9245 = ORIENTED_EDGE('',*,*,#9246,.F.);
#9246 = EDGE_CURVE('',#9215,#9239,#9247,.T.);
#9247 = LINE('',#9248,#9249);
#9248 = CARTESIAN_POINT('',(35.511369481322,-9.704497238817,7.6));
#9249 = VECTOR('',#9250,1.);
#9250 = DIRECTION('',(0.595699304492,0.803207531481,0.));
#9251 = ORIENTED_EDGE('',*,*,#9214,.F.);
#9252 = PLANE('',#9253);
#9253 = AXIS2_PLACEMENT_3D('',#9254,#9255,#9256);
#9254 = CARTESIAN_POINT('',(37.646111883295,-6.826130314255,6.2));
#9255 = DIRECTION('',(0.803207531481,-0.595699304492,0.));
#9256 = DIRECTION('',(-0.595699304492,-0.803207531481,0.));
#9257 = ADVANCED_FACE('',(#9258),#9276,.F.);
#9258 = FACE_BOUND('',#9259,.F.);
#9259 = EDGE_LOOP('',(#9260,#9261,#9269,#9275));
#9260 = ORIENTED_EDGE('',*,*,#1095,.T.);
#9261 = ORIENTED_EDGE('',*,*,#9262,.T.);
#9262 = EDGE_CURVE('',#1088,#9263,#9265,.T.);
#9263 = VERTEX_POINT('',#9264);
#9264 = CARTESIAN_POINT('',(37.731699229568,-6.731699229568,7.6));
#9265 = LINE('',#9266,#9267);
#9266 = CARTESIAN_POINT('',(37.731699229568,-6.731699229568,6.2));
#9267 = VECTOR('',#9268,1.);
#9268 = DIRECTION('',(0.,0.,1.));
#9269 = ORIENTED_EDGE('',*,*,#9270,.F.);
#9270 = EDGE_CURVE('',#9239,#9263,#9271,.T.);
#9271 = LINE('',#9272,#9273);
#9272 = CARTESIAN_POINT('',(37.109140359558,-7.418587092509,7.6));
#9273 = VECTOR('',#9274,1.);
#9274 = DIRECTION('',(0.671558954847,0.740951125355,0.));
#9275 = ORIENTED_EDGE('',*,*,#9238,.F.);
#9276 = PLANE('',#9277);
#9277 = AXIS2_PLACEMENT_3D('',#9278,#9279,#9280);
#9278 = CARTESIAN_POINT('',(37.731699229568,-6.731699229568,6.2));
#9279 = DIRECTION('',(0.740951125355,-0.671558954847,0.));
#9280 = DIRECTION('',(-0.671558954847,-0.740951125355,0.));
#9281 = ADVANCED_FACE('',(#9282),#9300,.F.);
#9282 = FACE_BOUND('',#9283,.F.);
#9283 = EDGE_LOOP('',(#9284,#9285,#9293,#9299));
#9284 = ORIENTED_EDGE('',*,*,#1087,.T.);
#9285 = ORIENTED_EDGE('',*,*,#9286,.T.);
#9286 = EDGE_CURVE('',#1080,#9287,#9289,.T.);
#9287 = VERTEX_POINT('',#9288);
#9288 = CARTESIAN_POINT('',(37.826130314255,-6.646111883295,7.6));
#9289 = LINE('',#9290,#9291);
#9290 = CARTESIAN_POINT('',(37.826130314255,-6.646111883295,6.2));
#9291 = VECTOR('',#9292,1.);
#9292 = DIRECTION('',(0.,0.,1.));
#9293 = ORIENTED_EDGE('',*,*,#9294,.F.);
#9294 = EDGE_CURVE('',#9263,#9287,#9295,.T.);
#9295 = LINE('',#9296,#9297);
#9296 = CARTESIAN_POINT('',(39.114007793744,-5.478847775716,7.6));
#9297 = VECTOR('',#9298,1.);
#9298 = DIRECTION('',(0.740951125355,0.671558954847,0.));
#9299 = ORIENTED_EDGE('',*,*,#9262,.F.);
#9300 = PLANE('',#9301);
#9301 = AXIS2_PLACEMENT_3D('',#9302,#9303,#9304);
#9302 = CARTESIAN_POINT('',(37.826130314255,-6.646111883295,6.2));
#9303 = DIRECTION('',(0.671558954847,-0.740951125355,0.));
#9304 = DIRECTION('',(-0.740951125355,-0.671558954847,0.));
#9305 = ADVANCED_FACE('',(#9306),#9324,.F.);
#9306 = FACE_BOUND('',#9307,.F.);
#9307 = EDGE_LOOP('',(#9308,#9309,#9317,#9323));
#9308 = ORIENTED_EDGE('',*,*,#1079,.T.);
#9309 = ORIENTED_EDGE('',*,*,#9310,.T.);
#9310 = EDGE_CURVE('',#1072,#9311,#9313,.T.);
#9311 = VERTEX_POINT('',#9312);
#9312 = CARTESIAN_POINT('',(37.928495714389,-6.570192528366,7.6));
#9313 = LINE('',#9314,#9315);
#9314 = CARTESIAN_POINT('',(37.928495714389,-6.570192528366,6.2));
#9315 = VECTOR('',#9316,1.);
#9316 = DIRECTION('',(0.,0.,1.));
#9317 = ORIENTED_EDGE('',*,*,#9318,.F.);
#9318 = EDGE_CURVE('',#9287,#9311,#9319,.T.);
#9319 = LINE('',#9320,#9321);
#9320 = CARTESIAN_POINT('',(41.451581690919,-3.957293889309,7.6));
#9321 = VECTOR('',#9322,1.);
#9322 = DIRECTION('',(0.803207531481,0.595699304492,0.));
#9323 = ORIENTED_EDGE('',*,*,#9286,.F.);
#9324 = PLANE('',#9325);
#9325 = AXIS2_PLACEMENT_3D('',#9326,#9327,#9328);
#9326 = CARTESIAN_POINT('',(37.928495714389,-6.570192528366,6.2));
#9327 = DIRECTION('',(0.595699304492,-0.803207531481,0.));
#9328 = DIRECTION('',(-0.803207531481,-0.595699304492,0.));
#9329 = ADVANCED_FACE('',(#9330),#9348,.F.);
#9330 = FACE_BOUND('',#9331,.F.);
#9331 = EDGE_LOOP('',(#9332,#9333,#9341,#9347));
#9332 = ORIENTED_EDGE('',*,*,#1071,.T.);
#9333 = ORIENTED_EDGE('',*,*,#9334,.T.);
#9334 = EDGE_CURVE('',#1064,#9335,#9337,.T.);
#9335 = VERTEX_POINT('',#9336);
#9336 = CARTESIAN_POINT('',(38.037809595207,-6.504672309672,7.6));
#9337 = LINE('',#9338,#9339);
#9338 = CARTESIAN_POINT('',(38.037809595207,-6.504672309672,6.2));
#9339 = VECTOR('',#9340,1.);
#9340 = DIRECTION('',(0.,0.,1.));
#9341 = ORIENTED_EDGE('',*,*,#9342,.F.);
#9342 = EDGE_CURVE('',#9311,#9335,#9343,.T.);
#9343 = LINE('',#9344,#9345);
#9344 = CARTESIAN_POINT('',(44.034921282423,-2.910141895641,7.6));
#9345 = VECTOR('',#9346,1.);
#9346 = DIRECTION('',(0.85772861,0.514102744193,0.));
#9347 = ORIENTED_EDGE('',*,*,#9310,.F.);
#9348 = PLANE('',#9349);
#9349 = AXIS2_PLACEMENT_3D('',#9350,#9351,#9352);
#9350 = CARTESIAN_POINT('',(38.037809595207,-6.504672309672,6.2));
#9351 = DIRECTION('',(0.514102744193,-0.85772861,0.));
#9352 = DIRECTION('',(-0.85772861,-0.514102744193,0.));
#9353 = ADVANCED_FACE('',(#9354),#9372,.F.);
#9354 = FACE_BOUND('',#9355,.F.);
#9355 = EDGE_LOOP('',(#9356,#9357,#9365,#9371));
#9356 = ORIENTED_EDGE('',*,*,#1063,.T.);
#9357 = ORIENTED_EDGE('',*,*,#9358,.T.);
#9358 = EDGE_CURVE('',#1056,#9359,#9361,.T.);
#9359 = VERTEX_POINT('',#9360);
#9360 = CARTESIAN_POINT('',(38.153019204281,-6.450182222736,7.6));
#9361 = LINE('',#9362,#9363);
#9362 = CARTESIAN_POINT('',(38.153019204281,-6.450182222736,6.2));
#9363 = VECTOR('',#9364,1.);
#9364 = DIRECTION('',(0.,0.,1.));
#9365 = ORIENTED_EDGE('',*,*,#9366,.F.);
#9366 = EDGE_CURVE('',#9335,#9359,#9367,.T.);
#9367 = LINE('',#9368,#9369);
#9368 = CARTESIAN_POINT('',(46.76784836808,-2.375671477938,7.6));
#9369 = VECTOR('',#9370,1.);
#9370 = DIRECTION('',(0.903989293123,0.42755509343,0.));
#9371 = ORIENTED_EDGE('',*,*,#9334,.F.);
#9372 = PLANE('',#9373);
#9373 = AXIS2_PLACEMENT_3D('',#9374,#9375,#9376);
#9374 = CARTESIAN_POINT('',(38.153019204281,-6.450182222736,6.2));
#9375 = DIRECTION('',(0.42755509343,-0.903989293123,0.));
#9376 = DIRECTION('',(-0.903989293123,-0.42755509343,0.));
#9377 = ADVANCED_FACE('',(#9378),#9396,.F.);
#9378 = FACE_BOUND('',#9379,.F.);
#9379 = EDGE_LOOP('',(#9380,#9381,#9389,#9395));
#9380 = ORIENTED_EDGE('',*,*,#1055,.T.);
#9381 = ORIENTED_EDGE('',*,*,#9382,.T.);
#9382 = EDGE_CURVE('',#1048,#9383,#9385,.T.);
#9383 = VERTEX_POINT('',#9384);
#9384 = CARTESIAN_POINT('',(38.273015010095,-6.407247036882,7.6));
#9385 = LINE('',#9386,#9387);
#9386 = CARTESIAN_POINT('',(38.273015010095,-6.407247036882,6.2));
#9387 = VECTOR('',#9388,1.);
#9388 = DIRECTION('',(0.,0.,1.));
#9389 = ORIENTED_EDGE('',*,*,#9390,.F.);
#9390 = EDGE_CURVE('',#9359,#9383,#9391,.T.);
#9391 = LINE('',#9392,#9393);
#9392 = CARTESIAN_POINT('',(49.548613554169,-2.372773366567,7.6));
#9393 = VECTOR('',#9394,1.);
#9394 = DIRECTION('',(0.941544065183,0.336889853392,0.));
#9395 = ORIENTED_EDGE('',*,*,#9358,.F.);
#9396 = PLANE('',#9397);
#9397 = AXIS2_PLACEMENT_3D('',#9398,#9399,#9400);
#9398 = CARTESIAN_POINT('',(38.273015010095,-6.407247036882,6.2));
#9399 = DIRECTION('',(0.336889853392,-0.941544065183,0.));
#9400 = DIRECTION('',(-0.941544065183,-0.336889853392,0.));
#9401 = ADVANCED_FACE('',(#9402),#9420,.F.);
#9402 = FACE_BOUND('',#9403,.F.);
#9403 = EDGE_LOOP('',(#9404,#9405,#9413,#9419));
#9404 = ORIENTED_EDGE('',*,*,#1047,.T.);
#9405 = ORIENTED_EDGE('',*,*,#9406,.T.);
#9406 = EDGE_CURVE('',#1040,#9407,#9409,.T.);
#9407 = VERTEX_POINT('',#9408);
#9408 = CARTESIAN_POINT('',(38.396641387443,-6.376280241421,7.6));
#9409 = LINE('',#9410,#9411);
#9410 = CARTESIAN_POINT('',(38.396641387443,-6.376280241421,6.2));
#9411 = VECTOR('',#9412,1.);
#9412 = DIRECTION('',(0.,0.,1.));
#9413 = ORIENTED_EDGE('',*,*,#9414,.F.);
#9414 = EDGE_CURVE('',#9383,#9407,#9415,.T.);
#9415 = LINE('',#9416,#9417);
#9416 = CARTESIAN_POINT('',(52.273774881087,-2.900239256429,7.6));
#9417 = VECTOR('',#9418,1.);
#9418 = DIRECTION('',(0.970031253195,0.242980179903,0.));
#9419 = ORIENTED_EDGE('',*,*,#9382,.F.);
#9420 = PLANE('',#9421);
#9421 = AXIS2_PLACEMENT_3D('',#9422,#9423,#9424);
#9422 = CARTESIAN_POINT('',(38.396641387443,-6.376280241421,6.2));
#9423 = DIRECTION('',(0.242980179903,-0.970031253195,0.));
#9424 = DIRECTION('',(-0.970031253195,-0.242980179903,0.));
#9425 = ADVANCED_FACE('',(#9426),#9444,.F.);
#9426 = FACE_BOUND('',#9427,.F.);
#9427 = EDGE_LOOP('',(#9428,#9429,#9437,#9443));
#9428 = ORIENTED_EDGE('',*,*,#1039,.T.);
#9429 = ORIENTED_EDGE('',*,*,#9430,.T.);
#9430 = EDGE_CURVE('',#1032,#9431,#9433,.T.);
#9431 = VERTEX_POINT('',#9432);
#9432 = CARTESIAN_POINT('',(38.522707746729,-6.357580063521,7.6));
#9433 = LINE('',#9434,#9435);
#9434 = CARTESIAN_POINT('',(38.522707746729,-6.357580063521,6.2));
#9435 = VECTOR('',#9436,1.);
#9436 = DIRECTION('',(0.,0.,1.));
#9437 = ORIENTED_EDGE('',*,*,#9438,.F.);
#9438 = EDGE_CURVE('',#9407,#9431,#9439,.T.);
#9439 = LINE('',#9440,#9441);
#9440 = CARTESIAN_POINT('',(54.842140090973,-3.936820950672,7.6));
#9441 = VECTOR('',#9442,1.);
#9442 = DIRECTION('',(0.989176509965,0.146730474455,0.));
#9443 = ORIENTED_EDGE('',*,*,#9406,.F.);
#9444 = PLANE('',#9445);
#9445 = AXIS2_PLACEMENT_3D('',#9446,#9447,#9448);
#9446 = CARTESIAN_POINT('',(38.522707746729,-6.357580063521,6.2));
#9447 = DIRECTION('',(0.146730474455,-0.989176509965,0.));
#9448 = DIRECTION('',(-0.989176509965,-0.146730474455,0.));
#9449 = ADVANCED_FACE('',(#9450),#9468,.F.);
#9450 = FACE_BOUND('',#9451,.F.);
#9451 = EDGE_LOOP('',(#9452,#9453,#9461,#9467));
#9452 = ORIENTED_EDGE('',*,*,#1031,.T.);
#9453 = ORIENTED_EDGE('',*,*,#9454,.T.);
#9454 = EDGE_CURVE('',#1024,#9455,#9457,.T.);
#9455 = VERTEX_POINT('',#9456);
#9456 = CARTESIAN_POINT('',(38.67700348432,-6.35,7.6));
#9457 = LINE('',#9458,#9459);
#9458 = CARTESIAN_POINT('',(38.67700348432,-6.35,6.2));
#9459 = VECTOR('',#9460,1.);
#9460 = DIRECTION('',(0.,0.,1.));
#9461 = ORIENTED_EDGE('',*,*,#9462,.F.);
#9462 = EDGE_CURVE('',#9431,#9455,#9463,.T.);
#9463 = LINE('',#9464,#9465);
#9464 = CARTESIAN_POINT('',(57.172123095667,-5.441393037385,7.6));
#9465 = VECTOR('',#9466,1.);
#9466 = DIRECTION('',(0.998795456205,4.906767432742E-02,0.));
#9467 = ORIENTED_EDGE('',*,*,#9430,.F.);
#9468 = PLANE('',#9469);
#9469 = AXIS2_PLACEMENT_3D('',#9470,#9471,#9472);
#9470 = CARTESIAN_POINT('',(38.67700348432,-6.35,6.2));
#9471 = DIRECTION('',(4.906767432742E-02,-0.998795456205,0.));
#9472 = DIRECTION('',(-0.998795456205,-4.906767432742E-02,0.));
#9473 = ADVANCED_FACE('',(#9474),#9492,.F.);
#9474 = FACE_BOUND('',#9475,.F.);
#9475 = EDGE_LOOP('',(#9476,#9477,#9485,#9491));
#9476 = ORIENTED_EDGE('',*,*,#1023,.T.);
#9477 = ORIENTED_EDGE('',*,*,#9478,.T.);
#9478 = EDGE_CURVE('',#1016,#9479,#9481,.T.);
#9479 = VERTEX_POINT('',#9480);
#9480 = CARTESIAN_POINT('',(52.97700348432,-6.35,7.6));
#9481 = LINE('',#9482,#9483);
#9482 = CARTESIAN_POINT('',(52.97700348432,-6.35,6.2));
#9483 = VECTOR('',#9484,1.);
#9484 = DIRECTION('',(0.,0.,1.));
#9485 = ORIENTED_EDGE('',*,*,#9486,.F.);
#9486 = EDGE_CURVE('',#9455,#9479,#9487,.T.);
#9487 = LINE('',#9488,#9489);
#9488 = CARTESIAN_POINT('',(65.326897844837,-6.35,7.6));
#9489 = VECTOR('',#9490,1.);
#9490 = DIRECTION('',(1.,0.,0.));
#9491 = ORIENTED_EDGE('',*,*,#9454,.F.);
#9492 = PLANE('',#9493);
#9493 = AXIS2_PLACEMENT_3D('',#9494,#9495,#9496);
#9494 = CARTESIAN_POINT('',(52.97700348432,-6.35,6.2));
#9495 = DIRECTION('',(0.,-1.,0.));
#9496 = DIRECTION('',(-1.,0.,0.));
#9497 = ADVANCED_FACE('',(#9498),#9516,.F.);
#9498 = FACE_BOUND('',#9499,.F.);
#9499 = EDGE_LOOP('',(#9500,#9501,#9509,#9515));
#9500 = ORIENTED_EDGE('',*,*,#1015,.T.);
#9501 = ORIENTED_EDGE('',*,*,#9502,.T.);
#9502 = EDGE_CURVE('',#1008,#9503,#9505,.T.);
#9503 = VERTEX_POINT('',#9504);
#9504 = CARTESIAN_POINT('',(53.185371165949,-6.339763552208,7.6));
#9505 = LINE('',#9506,#9507);
#9506 = CARTESIAN_POINT('',(53.185371165949,-6.339763552208,6.2));
#9507 = VECTOR('',#9508,1.);
#9508 = DIRECTION('',(0.,0.,1.));
#9509 = ORIENTED_EDGE('',*,*,#9510,.F.);
#9510 = EDGE_CURVE('',#9479,#9503,#9511,.T.);
#9511 = LINE('',#9512,#9513);
#9512 = CARTESIAN_POINT('',(64.443521538629,-5.786686090167,7.6));
#9513 = VECTOR('',#9514,1.);
#9514 = DIRECTION('',(0.998795456205,4.906767432742E-02,0.));
#9515 = ORIENTED_EDGE('',*,*,#9478,.F.);
#9516 = PLANE('',#9517);
#9517 = AXIS2_PLACEMENT_3D('',#9518,#9519,#9520);
#9518 = CARTESIAN_POINT('',(53.185371165949,-6.339763552208,6.2));
#9519 = DIRECTION('',(4.906767432742E-02,-0.998795456205,0.));
#9520 = DIRECTION('',(-0.998795456205,-4.906767432742E-02,0.));
#9521 = ADVANCED_FACE('',(#9522),#9540,.F.);
#9522 = FACE_BOUND('',#9523,.F.);
#9523 = EDGE_LOOP('',(#9524,#9525,#9533,#9539));
#9524 = ORIENTED_EDGE('',*,*,#1007,.T.);
#9525 = ORIENTED_EDGE('',*,*,#9526,.T.);
#9526 = EDGE_CURVE('',#1000,#9527,#9529,.T.);
#9527 = VERTEX_POINT('',#9528);
#9528 = CARTESIAN_POINT('',(53.418475578902,-6.305185778913,7.6));
#9529 = LINE('',#9530,#9531);
#9530 = CARTESIAN_POINT('',(53.418475578902,-6.305185778913,6.2));
#9531 = VECTOR('',#9532,1.);
#9532 = DIRECTION('',(0.,0.,1.));
#9533 = ORIENTED_EDGE('',*,*,#9534,.F.);
#9534 = EDGE_CURVE('',#9503,#9527,#9535,.T.);
#9535 = LINE('',#9536,#9537);
#9536 = CARTESIAN_POINT('',(62.446573383026,-4.965993975545,7.6));
#9537 = VECTOR('',#9538,1.);
#9538 = DIRECTION('',(0.989176509965,0.146730474455,0.));
#9539 = ORIENTED_EDGE('',*,*,#9502,.F.);
#9540 = PLANE('',#9541);
#9541 = AXIS2_PLACEMENT_3D('',#9542,#9543,#9544);
#9542 = CARTESIAN_POINT('',(53.418475578902,-6.305185778913,6.2));
#9543 = DIRECTION('',(0.146730474455,-0.989176509965,0.));
#9544 = DIRECTION('',(-0.989176509965,-0.146730474455,0.));
#9545 = ADVANCED_FACE('',(#9546),#9564,.F.);
#9546 = FACE_BOUND('',#9547,.F.);
#9547 = EDGE_LOOP('',(#9548,#9549,#9557,#9563));
#9548 = ORIENTED_EDGE('',*,*,#999,.T.);
#9549 = ORIENTED_EDGE('',*,*,#9550,.T.);
#9550 = EDGE_CURVE('',#992,#9551,#9553,.T.);
#9551 = VERTEX_POINT('',#9552);
#9552 = CARTESIAN_POINT('',(53.647068315937,-6.247926279091,7.6));
#9553 = LINE('',#9554,#9555);
#9554 = CARTESIAN_POINT('',(53.647068315937,-6.247926279091,6.2));
#9555 = VECTOR('',#9556,1.);
#9556 = DIRECTION('',(0.,0.,1.));
#9557 = ORIENTED_EDGE('',*,*,#9558,.F.);
#9558 = EDGE_CURVE('',#9527,#9551,#9559,.T.);
#9559 = LINE('',#9560,#9561);
#9560 = CARTESIAN_POINT('',(60.334049718049,-4.57292463482,7.6));
#9561 = VECTOR('',#9562,1.);
#9562 = DIRECTION('',(0.970031253195,0.242980179903,0.));
#9563 = ORIENTED_EDGE('',*,*,#9526,.F.);
#9564 = PLANE('',#9565);
#9565 = AXIS2_PLACEMENT_3D('',#9566,#9567,#9568);
#9566 = CARTESIAN_POINT('',(53.647068315937,-6.247926279091,6.2));
#9567 = DIRECTION('',(0.242980179903,-0.970031253195,0.));
#9568 = DIRECTION('',(-0.970031253195,-0.242980179903,0.));
#9569 = ADVANCED_FACE('',(#9570),#9588,.F.);
#9570 = FACE_BOUND('',#9571,.F.);
#9571 = EDGE_LOOP('',(#9572,#9573,#9581,#9587));
#9572 = ORIENTED_EDGE('',*,*,#991,.T.);
#9573 = ORIENTED_EDGE('',*,*,#9574,.T.);
#9574 = EDGE_CURVE('',#984,#9575,#9577,.T.);
#9575 = VERTEX_POINT('',#9576);
#9576 = CARTESIAN_POINT('',(53.868947904032,-6.168536493028,7.6));
#9577 = LINE('',#9578,#9579);
#9578 = CARTESIAN_POINT('',(53.868947904032,-6.168536493028,6.2));
#9579 = VECTOR('',#9580,1.);
#9580 = DIRECTION('',(0.,0.,1.));
#9581 = ORIENTED_EDGE('',*,*,#9582,.F.);
#9582 = EDGE_CURVE('',#9551,#9575,#9583,.T.);
#9583 = LINE('',#9584,#9585);
#9584 = CARTESIAN_POINT('',(58.193749343912,-4.621097794289,7.6));
#9585 = VECTOR('',#9586,1.);
#9586 = DIRECTION('',(0.941544065183,0.336889853392,0.));
#9587 = ORIENTED_EDGE('',*,*,#9550,.F.);
#9588 = PLANE('',#9589);
#9589 = AXIS2_PLACEMENT_3D('',#9590,#9591,#9592);
#9590 = CARTESIAN_POINT('',(53.868947904032,-6.168536493028,6.2));
#9591 = DIRECTION('',(0.336889853392,-0.941544065183,0.));
#9592 = DIRECTION('',(-0.941544065183,-0.336889853392,0.));
#9593 = ADVANCED_FACE('',(#9594),#9612,.F.);
#9594 = FACE_BOUND('',#9595,.F.);
#9595 = EDGE_LOOP('',(#9596,#9597,#9605,#9611));
#9596 = ORIENTED_EDGE('',*,*,#983,.T.);
#9597 = ORIENTED_EDGE('',*,*,#9598,.T.);
#9598 = EDGE_CURVE('',#976,#9599,#9601,.T.);
#9599 = VERTEX_POINT('',#9600);
#9600 = CARTESIAN_POINT('',(54.081977521463,-6.067780987761,7.6));
#9601 = LINE('',#9602,#9603);
#9602 = CARTESIAN_POINT('',(54.081977521463,-6.067780987761,6.2));
#9603 = VECTOR('',#9604,1.);
#9604 = DIRECTION('',(0.,0.,1.));
#9605 = ORIENTED_EDGE('',*,*,#9606,.F.);
#9606 = EDGE_CURVE('',#9575,#9599,#9607,.T.);
#9607 = LINE('',#9608,#9609);
#9608 = CARTESIAN_POINT('',(56.114361022927,-5.106535180466,7.6));
#9609 = VECTOR('',#9610,1.);
#9610 = DIRECTION('',(0.903989293123,0.42755509343,0.));
#9611 = ORIENTED_EDGE('',*,*,#9574,.F.);
#9612 = PLANE('',#9613);
#9613 = AXIS2_PLACEMENT_3D('',#9614,#9615,#9616);
#9614 = CARTESIAN_POINT('',(54.081977521463,-6.067780987761,6.2));
#9615 = DIRECTION('',(0.42755509343,-0.903989293123,0.));
#9616 = DIRECTION('',(-0.903989293123,-0.42755509343,0.));
#9617 = ADVANCED_FACE('',(#9618),#9636,.F.);
#9618 = FACE_BOUND('',#9619,.F.);
#9619 = EDGE_LOOP('',(#9620,#9621,#9629,#9635));
#9620 = ORIENTED_EDGE('',*,*,#975,.T.);
#9621 = ORIENTED_EDGE('',*,*,#9622,.T.);
#9622 = EDGE_CURVE('',#968,#9623,#9625,.T.);
#9623 = VERTEX_POINT('',#9624);
#9624 = CARTESIAN_POINT('',(54.284105576561,-5.946630093886,7.6));
#9625 = LINE('',#9626,#9627);
#9626 = CARTESIAN_POINT('',(54.284105576561,-5.946630093886,6.2));
#9627 = VECTOR('',#9628,1.);
#9628 = DIRECTION('',(0.,0.,1.));
#9629 = ORIENTED_EDGE('',*,*,#9630,.F.);
#9630 = EDGE_CURVE('',#9599,#9623,#9631,.T.);
#9631 = LINE('',#9632,#9633);
#9632 = CARTESIAN_POINT('',(54.181993216532,-6.007833887131,7.6));
#9633 = VECTOR('',#9634,1.);
#9634 = DIRECTION('',(0.85772861,0.514102744193,0.));
#9635 = ORIENTED_EDGE('',*,*,#9598,.F.);
#9636 = PLANE('',#9637);
#9637 = AXIS2_PLACEMENT_3D('',#9638,#9639,#9640);
#9638 = CARTESIAN_POINT('',(54.284105576561,-5.946630093886,6.2));
#9639 = DIRECTION('',(0.514102744193,-0.85772861,0.));
#9640 = DIRECTION('',(-0.85772861,-0.514102744193,0.));
#9641 = ADVANCED_FACE('',(#9642),#9660,.F.);
#9642 = FACE_BOUND('',#9643,.F.);
#9643 = EDGE_LOOP('',(#9644,#9645,#9653,#9659));
#9644 = ORIENTED_EDGE('',*,*,#967,.T.);
#9645 = ORIENTED_EDGE('',*,*,#9646,.T.);
#9646 = EDGE_CURVE('',#960,#9647,#9649,.T.);
#9647 = VERTEX_POINT('',#9648);
#9648 = CARTESIAN_POINT('',(54.47338546566,-5.806250560737,7.6));
#9649 = LINE('',#9650,#9651);
#9650 = CARTESIAN_POINT('',(54.47338546566,-5.806250560737,6.2));
#9651 = VECTOR('',#9652,1.);
#9652 = DIRECTION('',(0.,0.,1.));
#9653 = ORIENTED_EDGE('',*,*,#9654,.F.);
#9654 = EDGE_CURVE('',#9623,#9647,#9655,.T.);
#9655 = LINE('',#9656,#9657);
#9656 = CARTESIAN_POINT('',(52.476805288212,-7.287015340017,7.6));
#9657 = VECTOR('',#9658,1.);
#9658 = DIRECTION('',(0.803207531481,0.595699304492,0.));
#9659 = ORIENTED_EDGE('',*,*,#9622,.F.);
#9660 = PLANE('',#9661);
#9661 = AXIS2_PLACEMENT_3D('',#9662,#9663,#9664);
#9662 = CARTESIAN_POINT('',(54.47338546566,-5.806250560737,6.2));
#9663 = DIRECTION('',(0.595699304492,-0.803207531481,0.));
#9664 = DIRECTION('',(-0.803207531481,-0.595699304492,0.));
#9665 = ADVANCED_FACE('',(#9666),#9684,.F.);
#9666 = FACE_BOUND('',#9667,.F.);
#9667 = EDGE_LOOP('',(#9668,#9669,#9677,#9683));
#9668 = ORIENTED_EDGE('',*,*,#959,.T.);
#9669 = ORIENTED_EDGE('',*,*,#9670,.T.);
#9670 = EDGE_CURVE('',#952,#9671,#9673,.T.);
#9671 = VERTEX_POINT('',#9672);
#9672 = CARTESIAN_POINT('',(54.647994319958,-5.647994319958,7.6));
#9673 = LINE('',#9674,#9675);
#9674 = CARTESIAN_POINT('',(54.647994319958,-5.647994319958,6.2));
#9675 = VECTOR('',#9676,1.);
#9676 = DIRECTION('',(0.,0.,1.));
#9677 = ORIENTED_EDGE('',*,*,#9678,.F.);
#9678 = EDGE_CURVE('',#9647,#9671,#9679,.T.);
#9679 = LINE('',#9680,#9681);
#9680 = CARTESIAN_POINT('',(51.069870208195,-8.891016979054,7.6));
#9681 = VECTOR('',#9682,1.);
#9682 = DIRECTION('',(0.740951125355,0.671558954847,0.));
#9683 = ORIENTED_EDGE('',*,*,#9646,.F.);
#9684 = PLANE('',#9685);
#9685 = AXIS2_PLACEMENT_3D('',#9686,#9687,#9688);
#9686 = CARTESIAN_POINT('',(54.647994319958,-5.647994319958,6.2));
#9687 = DIRECTION('',(0.671558954847,-0.740951125355,0.));
#9688 = DIRECTION('',(-0.740951125355,-0.671558954847,0.));
#9689 = ADVANCED_FACE('',(#9690),#9708,.F.);
#9690 = FACE_BOUND('',#9691,.F.);
#9691 = EDGE_LOOP('',(#9692,#9693,#9701,#9707));
#9692 = ORIENTED_EDGE('',*,*,#951,.T.);
#9693 = ORIENTED_EDGE('',*,*,#9694,.T.);
#9694 = EDGE_CURVE('',#944,#9695,#9697,.T.);
#9695 = VERTEX_POINT('',#9696);
#9696 = CARTESIAN_POINT('',(54.806250560737,-5.47338546566,7.6));
#9697 = LINE('',#9698,#9699);
#9698 = CARTESIAN_POINT('',(54.806250560737,-5.47338546566,6.2));
#9699 = VECTOR('',#9700,1.);
#9700 = DIRECTION('',(0.,0.,1.));
#9701 = ORIENTED_EDGE('',*,*,#9702,.F.);
#9702 = EDGE_CURVE('',#9671,#9695,#9703,.T.);
#9703 = LINE('',#9704,#9705);
#9704 = CARTESIAN_POINT('',(50.020389871607,-10.75376902366,7.6));
#9705 = VECTOR('',#9706,1.);
#9706 = DIRECTION('',(0.671558954847,0.740951125355,0.));
#9707 = ORIENTED_EDGE('',*,*,#9670,.F.);
#9708 = PLANE('',#9709);
#9709 = AXIS2_PLACEMENT_3D('',#9710,#9711,#9712);
#9710 = CARTESIAN_POINT('',(54.806250560737,-5.47338546566,6.2));
#9711 = DIRECTION('',(0.740951125355,-0.671558954847,0.));
#9712 = DIRECTION('',(-0.671558954847,-0.740951125355,0.));
#9713 = ADVANCED_FACE('',(#9714),#9732,.F.);
#9714 = FACE_BOUND('',#9715,.F.);
#9715 = EDGE_LOOP('',(#9716,#9717,#9725,#9731));
#9716 = ORIENTED_EDGE('',*,*,#943,.T.);
#9717 = ORIENTED_EDGE('',*,*,#9718,.T.);
#9718 = EDGE_CURVE('',#936,#9719,#9721,.T.);
#9719 = VERTEX_POINT('',#9720);
#9720 = CARTESIAN_POINT('',(54.946630093886,-5.284105576561,7.6));
#9721 = LINE('',#9722,#9723);
#9722 = CARTESIAN_POINT('',(54.946630093886,-5.284105576561,6.2));
#9723 = VECTOR('',#9724,1.);
#9724 = DIRECTION('',(0.,0.,1.));
#9725 = ORIENTED_EDGE('',*,*,#9726,.F.);
#9726 = EDGE_CURVE('',#9695,#9719,#9727,.T.);
#9727 = LINE('',#9728,#9729);
#9728 = CARTESIAN_POINT('',(49.37337055799,-12.79877615006,7.6));
#9729 = VECTOR('',#9730,1.);
#9730 = DIRECTION('',(0.595699304492,0.803207531481,0.));
#9731 = ORIENTED_EDGE('',*,*,#9694,.F.);
#9732 = PLANE('',#9733);
#9733 = AXIS2_PLACEMENT_3D('',#9734,#9735,#9736);
#9734 = CARTESIAN_POINT('',(54.946630093886,-5.284105576561,6.2));
#9735 = DIRECTION('',(0.803207531481,-0.595699304492,0.));
#9736 = DIRECTION('',(-0.595699304492,-0.803207531481,0.));
#9737 = ADVANCED_FACE('',(#9738),#9756,.F.);
#9738 = FACE_BOUND('',#9739,.F.);
#9739 = EDGE_LOOP('',(#9740,#9741,#9749,#9755));
#9740 = ORIENTED_EDGE('',*,*,#935,.T.);
#9741 = ORIENTED_EDGE('',*,*,#9742,.T.);
#9742 = EDGE_CURVE('',#928,#9743,#9745,.T.);
#9743 = VERTEX_POINT('',#9744);
#9744 = CARTESIAN_POINT('',(55.067780987761,-5.081977521463,7.6));
#9745 = LINE('',#9746,#9747);
#9746 = CARTESIAN_POINT('',(55.067780987761,-5.081977521463,6.2));
#9747 = VECTOR('',#9748,1.);
#9748 = DIRECTION('',(0.,0.,1.));
#9749 = ORIENTED_EDGE('',*,*,#9750,.F.);
#9750 = EDGE_CURVE('',#9719,#9743,#9751,.T.);
#9751 = LINE('',#9752,#9753);
#9752 = CARTESIAN_POINT('',(49.157848339149,-14.94210445746,7.6));
#9753 = VECTOR('',#9754,1.);
#9754 = DIRECTION('',(0.514102744193,0.85772861,0.));
#9755 = ORIENTED_EDGE('',*,*,#9718,.F.);
#9756 = PLANE('',#9757);
#9757 = AXIS2_PLACEMENT_3D('',#9758,#9759,#9760);
#9758 = CARTESIAN_POINT('',(55.067780987761,-5.081977521463,6.2));
#9759 = DIRECTION('',(0.85772861,-0.514102744193,0.));
#9760 = DIRECTION('',(-0.514102744193,-0.85772861,0.));
#9761 = ADVANCED_FACE('',(#9762),#9780,.F.);
#9762 = FACE_BOUND('',#9763,.F.);
#9763 = EDGE_LOOP('',(#9764,#9765,#9773,#9779));
#9764 = ORIENTED_EDGE('',*,*,#927,.T.);
#9765 = ORIENTED_EDGE('',*,*,#9766,.T.);
#9766 = EDGE_CURVE('',#920,#9767,#9769,.T.);
#9767 = VERTEX_POINT('',#9768);
#9768 = CARTESIAN_POINT('',(55.168536493028,-4.868947904032,7.6));
#9769 = LINE('',#9770,#9771);
#9770 = CARTESIAN_POINT('',(55.168536493028,-4.868947904032,6.2));
#9771 = VECTOR('',#9772,1.);
#9772 = DIRECTION('',(0.,0.,1.));
#9773 = ORIENTED_EDGE('',*,*,#9774,.F.);
#9774 = EDGE_CURVE('',#9743,#9767,#9775,.T.);
#9775 = LINE('',#9776,#9777);
#9776 = CARTESIAN_POINT('',(49.38573306554,-17.09565848008,7.6));
#9777 = VECTOR('',#9778,1.);
#9778 = DIRECTION('',(0.42755509343,0.903989293123,0.));
#9779 = ORIENTED_EDGE('',*,*,#9742,.F.);
#9780 = PLANE('',#9781);
#9781 = AXIS2_PLACEMENT_3D('',#9782,#9783,#9784);
#9782 = CARTESIAN_POINT('',(55.168536493028,-4.868947904032,6.2));
#9783 = DIRECTION('',(0.903989293123,-0.42755509343,0.));
#9784 = DIRECTION('',(-0.42755509343,-0.903989293123,0.));
#9785 = ADVANCED_FACE('',(#9786),#9804,.F.);
#9786 = FACE_BOUND('',#9787,.F.);
#9787 = EDGE_LOOP('',(#9788,#9789,#9797,#9803));
#9788 = ORIENTED_EDGE('',*,*,#919,.T.);
#9789 = ORIENTED_EDGE('',*,*,#9790,.T.);
#9790 = EDGE_CURVE('',#912,#9791,#9793,.T.);
#9791 = VERTEX_POINT('',#9792);
#9792 = CARTESIAN_POINT('',(55.247926279091,-4.647068315937,7.6));
#9793 = LINE('',#9794,#9795);
#9794 = CARTESIAN_POINT('',(55.247926279091,-4.647068315937,6.2));
#9795 = VECTOR('',#9796,1.);
#9796 = DIRECTION('',(0.,0.,1.));
#9797 = ORIENTED_EDGE('',*,*,#9798,.F.);
#9798 = EDGE_CURVE('',#9767,#9791,#9799,.T.);
#9799 = LINE('',#9800,#9801);
#9800 = CARTESIAN_POINT('',(50.051315743047,-19.17062181573,7.6));
#9801 = VECTOR('',#9802,1.);
#9802 = DIRECTION('',(0.336889853392,0.941544065183,0.));
#9803 = ORIENTED_EDGE('',*,*,#9766,.F.);
#9804 = PLANE('',#9805);
#9805 = AXIS2_PLACEMENT_3D('',#9806,#9807,#9808);
#9806 = CARTESIAN_POINT('',(55.247926279091,-4.647068315937,6.2));
#9807 = DIRECTION('',(0.941544065183,-0.336889853392,0.));
#9808 = DIRECTION('',(-0.336889853392,-0.941544065183,0.));
#9809 = ADVANCED_FACE('',(#9810),#9828,.F.);
#9810 = FACE_BOUND('',#9811,.F.);
#9811 = EDGE_LOOP('',(#9812,#9813,#9821,#9827));
#9812 = ORIENTED_EDGE('',*,*,#911,.T.);
#9813 = ORIENTED_EDGE('',*,*,#9814,.T.);
#9814 = EDGE_CURVE('',#904,#9815,#9817,.T.);
#9815 = VERTEX_POINT('',#9816);
#9816 = CARTESIAN_POINT('',(55.305185778913,-4.418475578902,7.6));
#9817 = LINE('',#9818,#9819);
#9818 = CARTESIAN_POINT('',(55.305185778913,-4.418475578902,6.2));
#9819 = VECTOR('',#9820,1.);
#9820 = DIRECTION('',(0.,0.,1.));
#9821 = ORIENTED_EDGE('',*,*,#9822,.F.);
#9822 = EDGE_CURVE('',#9791,#9815,#9823,.T.);
#9823 = LINE('',#9824,#9825);
#9824 = CARTESIAN_POINT('',(51.131458567816,-21.080928618,7.6));
#9825 = VECTOR('',#9826,1.);
#9826 = DIRECTION('',(0.242980179903,0.970031253195,0.));
#9827 = ORIENTED_EDGE('',*,*,#9790,.F.);
#9828 = PLANE('',#9829);
#9829 = AXIS2_PLACEMENT_3D('',#9830,#9831,#9832);
#9830 = CARTESIAN_POINT('',(55.305185778913,-4.418475578902,6.2));
#9831 = DIRECTION('',(0.970031253195,-0.242980179903,0.));
#9832 = DIRECTION('',(-0.242980179903,-0.970031253195,0.));
#9833 = ADVANCED_FACE('',(#9834),#9852,.F.);
#9834 = FACE_BOUND('',#9835,.F.);
#9835 = EDGE_LOOP('',(#9836,#9837,#9845,#9851));
#9836 = ORIENTED_EDGE('',*,*,#903,.T.);
#9837 = ORIENTED_EDGE('',*,*,#9838,.T.);
#9838 = EDGE_CURVE('',#896,#9839,#9841,.T.);
#9839 = VERTEX_POINT('',#9840);
#9840 = CARTESIAN_POINT('',(55.339763552208,-4.185371165949,7.6));
#9841 = LINE('',#9842,#9843);
#9842 = CARTESIAN_POINT('',(55.339763552208,-4.185371165949,6.2));
#9843 = VECTOR('',#9844,1.);
#9844 = DIRECTION('',(0.,0.,1.));
#9845 = ORIENTED_EDGE('',*,*,#9846,.F.);
#9846 = EDGE_CURVE('',#9815,#9839,#9847,.T.);
#9847 = LINE('',#9848,#9849);
#9848 = CARTESIAN_POINT('',(52.58646059896,-22.74663198295,7.6));
#9849 = VECTOR('',#9850,1.);
#9850 = DIRECTION('',(0.146730474455,0.989176509965,0.));
#9851 = ORIENTED_EDGE('',*,*,#9814,.F.);
#9852 = PLANE('',#9853);
#9853 = AXIS2_PLACEMENT_3D('',#9854,#9855,#9856);
#9854 = CARTESIAN_POINT('',(55.339763552208,-4.185371165949,6.2));
#9855 = DIRECTION('',(0.989176509965,-0.146730474455,0.));
#9856 = DIRECTION('',(-0.146730474455,-0.989176509965,0.));
#9857 = ADVANCED_FACE('',(#9858),#9876,.F.);
#9858 = FACE_BOUND('',#9859,.F.);
#9859 = EDGE_LOOP('',(#9860,#9861,#9869,#9875));
#9860 = ORIENTED_EDGE('',*,*,#895,.T.);
#9861 = ORIENTED_EDGE('',*,*,#9862,.T.);
#9862 = EDGE_CURVE('',#888,#9863,#9865,.T.);
#9863 = VERTEX_POINT('',#9864);
#9864 = CARTESIAN_POINT('',(55.35,-3.97700348432,7.6));
#9865 = LINE('',#9866,#9867);
#9866 = CARTESIAN_POINT('',(55.35,-3.97700348432,6.2));
#9867 = VECTOR('',#9868,1.);
#9868 = DIRECTION('',(0.,0.,1.));
#9869 = ORIENTED_EDGE('',*,*,#9870,.F.);
#9870 = EDGE_CURVE('',#9839,#9863,#9871,.T.);
#9871 = LINE('',#9872,#9873);
#9872 = CARTESIAN_POINT('',(54.360902730066,-24.11054094043,7.6));
#9873 = VECTOR('',#9874,1.);
#9874 = DIRECTION('',(4.90676743274E-02,0.998795456205,0.));
#9875 = ORIENTED_EDGE('',*,*,#9838,.F.);
#9876 = PLANE('',#9877);
#9877 = AXIS2_PLACEMENT_3D('',#9878,#9879,#9880);
#9878 = CARTESIAN_POINT('',(55.35,-3.97700348432,6.2));
#9879 = DIRECTION('',(0.998795456205,-4.90676743274E-02,0.));
#9880 = DIRECTION('',(-4.90676743274E-02,-0.998795456205,0.));
#9881 = ADVANCED_FACE('',(#9882),#9900,.F.);
#9882 = FACE_BOUND('',#9883,.F.);
#9883 = EDGE_LOOP('',(#9884,#9885,#9893,#9899));
#9884 = ORIENTED_EDGE('',*,*,#887,.T.);
#9885 = ORIENTED_EDGE('',*,*,#9886,.T.);
#9886 = EDGE_CURVE('',#880,#9887,#9889,.T.);
#9887 = VERTEX_POINT('',#9888);
#9888 = CARTESIAN_POINT('',(55.35,-2.67700348432,7.6));
#9889 = LINE('',#9890,#9891);
#9890 = CARTESIAN_POINT('',(55.35,-2.67700348432,6.2));
#9891 = VECTOR('',#9892,1.);
#9892 = DIRECTION('',(0.,0.,1.));
#9893 = ORIENTED_EDGE('',*,*,#9894,.F.);
#9894 = EDGE_CURVE('',#9863,#9887,#9895,.T.);
#9895 = LINE('',#9896,#9897);
#9896 = CARTESIAN_POINT('',(55.35,-24.05755465667,7.6));
#9897 = VECTOR('',#9898,1.);
#9898 = DIRECTION('',(0.,1.,0.));
#9899 = ORIENTED_EDGE('',*,*,#9862,.F.);
#9900 = PLANE('',#9901);
#9901 = AXIS2_PLACEMENT_3D('',#9902,#9903,#9904);
#9902 = CARTESIAN_POINT('',(55.35,-2.67700348432,6.2));
#9903 = DIRECTION('',(1.,0.,0.));
#9904 = DIRECTION('',(0.,-1.,0.));
#9905 = ADVANCED_FACE('',(#9906),#9924,.F.);
#9906 = FACE_BOUND('',#9907,.F.);
#9907 = EDGE_LOOP('',(#9908,#9909,#9917,#9923));
#9908 = ORIENTED_EDGE('',*,*,#879,.T.);
#9909 = ORIENTED_EDGE('',*,*,#9910,.T.);
#9910 = EDGE_CURVE('',#872,#9911,#9913,.T.);
#9911 = VERTEX_POINT('',#9912);
#9912 = CARTESIAN_POINT('',(55.357580063521,-2.522707746729,7.6));
#9913 = LINE('',#9914,#9915);
#9914 = CARTESIAN_POINT('',(55.357580063521,-2.522707746729,6.2));
#9915 = VECTOR('',#9916,1.);
#9916 = DIRECTION('',(0.,0.,1.));
#9917 = ORIENTED_EDGE('',*,*,#9918,.F.);
#9918 = EDGE_CURVE('',#9887,#9911,#9919,.T.);
#9919 = LINE('',#9920,#9921);
#9920 = CARTESIAN_POINT('',(54.332837191219,-23.3818281078,7.6));
#9921 = VECTOR('',#9922,1.);
#9922 = DIRECTION('',(4.90676743274E-02,0.998795456205,0.));
#9923 = ORIENTED_EDGE('',*,*,#9886,.F.);
#9924 = PLANE('',#9925);
#9925 = AXIS2_PLACEMENT_3D('',#9926,#9927,#9928);
#9926 = CARTESIAN_POINT('',(55.357580063521,-2.522707746729,6.2));
#9927 = DIRECTION('',(0.998795456205,-4.90676743274E-02,0.));
#9928 = DIRECTION('',(-4.90676743274E-02,-0.998795456205,0.));
#9929 = ADVANCED_FACE('',(#9930),#9948,.F.);
#9930 = FACE_BOUND('',#9931,.F.);
#9931 = EDGE_LOOP('',(#9932,#9933,#9941,#9947));
#9932 = ORIENTED_EDGE('',*,*,#871,.T.);
#9933 = ORIENTED_EDGE('',*,*,#9934,.T.);
#9934 = EDGE_CURVE('',#864,#9935,#9937,.T.);
#9935 = VERTEX_POINT('',#9936);
#9936 = CARTESIAN_POINT('',(55.376280241421,-2.396641387443,7.6));
#9937 = LINE('',#9938,#9939);
#9938 = CARTESIAN_POINT('',(55.376280241421,-2.396641387443,6.2));
#9939 = VECTOR('',#9940,1.);
#9940 = DIRECTION('',(0.,0.,1.));
#9941 = ORIENTED_EDGE('',*,*,#9942,.F.);
#9942 = EDGE_CURVE('',#9911,#9935,#9943,.T.);
#9943 = LINE('',#9944,#9945);
#9944 = CARTESIAN_POINT('',(52.492773977467,-21.8356616266,7.6));
#9945 = VECTOR('',#9946,1.);
#9946 = DIRECTION('',(0.146730474455,0.989176509965,0.));
#9947 = ORIENTED_EDGE('',*,*,#9910,.F.);
#9948 = PLANE('',#9949);
#9949 = AXIS2_PLACEMENT_3D('',#9950,#9951,#9952);
#9950 = CARTESIAN_POINT('',(55.376280241421,-2.396641387443,6.2));
#9951 = DIRECTION('',(0.989176509965,-0.146730474455,0.));
#9952 = DIRECTION('',(-0.146730474455,-0.989176509965,0.));
#9953 = ADVANCED_FACE('',(#9954),#9972,.F.);
#9954 = FACE_BOUND('',#9955,.F.);
#9955 = EDGE_LOOP('',(#9956,#9957,#9965,#9971));
#9956 = ORIENTED_EDGE('',*,*,#863,.T.);
#9957 = ORIENTED_EDGE('',*,*,#9958,.T.);
#9958 = EDGE_CURVE('',#856,#9959,#9961,.T.);
#9959 = VERTEX_POINT('',#9960);
#9960 = CARTESIAN_POINT('',(55.407247036882,-2.273015010095,7.6));
#9961 = LINE('',#9962,#9963);
#9962 = CARTESIAN_POINT('',(55.407247036882,-2.273015010095,6.2));
#9963 = VECTOR('',#9964,1.);
#9964 = DIRECTION('',(0.,0.,1.));
#9965 = ORIENTED_EDGE('',*,*,#9966,.F.);
#9966 = EDGE_CURVE('',#9935,#9959,#9967,.T.);
#9967 = LINE('',#9968,#9969);
#9968 = CARTESIAN_POINT('',(50.97766623193,-19.95689285175,7.6));
#9969 = VECTOR('',#9970,1.);
#9970 = DIRECTION('',(0.242980179903,0.970031253195,0.));
#9971 = ORIENTED_EDGE('',*,*,#9934,.F.);
#9972 = PLANE('',#9973);
#9973 = AXIS2_PLACEMENT_3D('',#9974,#9975,#9976);
#9974 = CARTESIAN_POINT('',(55.407247036882,-2.273015010095,6.2));
#9975 = DIRECTION('',(0.970031253195,-0.242980179903,0.));
#9976 = DIRECTION('',(-0.242980179903,-0.970031253195,0.));
#9977 = ADVANCED_FACE('',(#9978),#9996,.F.);
#9978 = FACE_BOUND('',#9979,.F.);
#9979 = EDGE_LOOP('',(#9980,#9981,#9989,#9995));
#9980 = ORIENTED_EDGE('',*,*,#855,.T.);
#9981 = ORIENTED_EDGE('',*,*,#9982,.T.);
#9982 = EDGE_CURVE('',#848,#9983,#9985,.T.);
#9983 = VERTEX_POINT('',#9984);
#9984 = CARTESIAN_POINT('',(55.450182222736,-2.153019204281,7.6));
#9985 = LINE('',#9986,#9987);
#9986 = CARTESIAN_POINT('',(55.450182222736,-2.153019204281,6.2));
#9987 = VECTOR('',#9988,1.);
#9988 = DIRECTION('',(0.,0.,1.));
#9989 = ORIENTED_EDGE('',*,*,#9990,.F.);
#9990 = EDGE_CURVE('',#9959,#9983,#9991,.T.);
#9991 = LINE('',#9992,#9993);
#9992 = CARTESIAN_POINT('',(49.846542188751,-17.8141439437,7.6));
#9993 = VECTOR('',#9994,1.);
#9994 = DIRECTION('',(0.336889853392,0.941544065183,0.));
#9995 = ORIENTED_EDGE('',*,*,#9958,.F.);
#9996 = PLANE('',#9997);
#9997 = AXIS2_PLACEMENT_3D('',#9998,#9999,#10000);
#9998 = CARTESIAN_POINT('',(55.450182222736,-2.153019204281,6.2));
#9999 = DIRECTION('',(0.941544065183,-0.336889853392,0.));
#10000 = DIRECTION('',(-0.336889853392,-0.941544065183,0.));
#10001 = ADVANCED_FACE('',(#10002),#10020,.F.);
#10002 = FACE_BOUND('',#10003,.F.);
#10003 = EDGE_LOOP('',(#10004,#10005,#10013,#10019));
#10004 = ORIENTED_EDGE('',*,*,#847,.T.);
#10005 = ORIENTED_EDGE('',*,*,#10006,.T.);
#10006 = EDGE_CURVE('',#840,#10007,#10009,.T.);
#10007 = VERTEX_POINT('',#10008);
#10008 = CARTESIAN_POINT('',(55.504672309672,-2.037809595207,7.6));
#10009 = LINE('',#10010,#10011);
#10010 = CARTESIAN_POINT('',(55.504672309672,-2.037809595207,6.2));
#10011 = VECTOR('',#10012,1.);
#10012 = DIRECTION('',(0.,0.,1.));
#10013 = ORIENTED_EDGE('',*,*,#10014,.F.);
#10014 = EDGE_CURVE('',#9983,#10007,#10015,.T.);
#10015 = LINE('',#10016,#10017);
#10016 = CARTESIAN_POINT('',(49.144020627275,-15.48627765588,7.6));
#10017 = VECTOR('',#10018,1.);
#10018 = DIRECTION('',(0.42755509343,0.903989293123,0.));
#10019 = ORIENTED_EDGE('',*,*,#9982,.F.);
#10020 = PLANE('',#10021);
#10021 = AXIS2_PLACEMENT_3D('',#10022,#10023,#10024);
#10022 = CARTESIAN_POINT('',(55.504672309672,-2.037809595207,6.2));
#10023 = DIRECTION('',(0.903989293123,-0.42755509343,0.));
#10024 = DIRECTION('',(-0.42755509343,-0.903989293123,0.));
#10025 = ADVANCED_FACE('',(#10026),#10044,.F.);
#10026 = FACE_BOUND('',#10027,.F.);
#10027 = EDGE_LOOP('',(#10028,#10029,#10037,#10043));
#10028 = ORIENTED_EDGE('',*,*,#839,.T.);
#10029 = ORIENTED_EDGE('',*,*,#10030,.T.);
#10030 = EDGE_CURVE('',#832,#10031,#10033,.T.);
#10031 = VERTEX_POINT('',#10032);
#10032 = CARTESIAN_POINT('',(55.570192528366,-1.928495714389,7.6));
#10033 = LINE('',#10034,#10035);
#10034 = CARTESIAN_POINT('',(55.570192528366,-1.928495714389,6.2));
#10035 = VECTOR('',#10036,1.);
#10036 = DIRECTION('',(0.,0.,1.));
#10037 = ORIENTED_EDGE('',*,*,#10038,.F.);
#10038 = EDGE_CURVE('',#10007,#10031,#10039,.T.);
#10039 = LINE('',#10040,#10041);
#10040 = CARTESIAN_POINT('',(48.8985851192,-13.0594002158,7.6));
#10041 = VECTOR('',#10042,1.);
#10042 = DIRECTION('',(0.514102744193,0.85772861,0.));
#10043 = ORIENTED_EDGE('',*,*,#10006,.F.);
#10044 = PLANE('',#10045);
#10045 = AXIS2_PLACEMENT_3D('',#10046,#10047,#10048);
#10046 = CARTESIAN_POINT('',(55.570192528366,-1.928495714389,6.2));
#10047 = DIRECTION('',(0.85772861,-0.514102744193,0.));
#10048 = DIRECTION('',(-0.514102744193,-0.85772861,0.));
#10049 = ADVANCED_FACE('',(#10050),#10068,.F.);
#10050 = FACE_BOUND('',#10051,.F.);
#10051 = EDGE_LOOP('',(#10052,#10053,#10061,#10067));
#10052 = ORIENTED_EDGE('',*,*,#831,.T.);
#10053 = ORIENTED_EDGE('',*,*,#10054,.T.);
#10054 = EDGE_CURVE('',#824,#10055,#10057,.T.);
#10055 = VERTEX_POINT('',#10056);
#10056 = CARTESIAN_POINT('',(55.646111883295,-1.826130314255,7.6));
#10057 = LINE('',#10058,#10059);
#10058 = CARTESIAN_POINT('',(55.646111883295,-1.826130314255,6.2));
#10059 = VECTOR('',#10060,1.);
#10060 = DIRECTION('',(0.,0.,1.));
#10061 = ORIENTED_EDGE('',*,*,#10062,.F.);
#10062 = EDGE_CURVE('',#10031,#10055,#10063,.T.);
#10063 = LINE('',#10064,#10065);
#10064 = CARTESIAN_POINT('',(49.121475109302,-10.62358459617,7.6));
#10065 = VECTOR('',#10066,1.);
#10066 = DIRECTION('',(0.595699304492,0.803207531481,0.));
#10067 = ORIENTED_EDGE('',*,*,#10030,.F.);
#10068 = PLANE('',#10069);
#10069 = AXIS2_PLACEMENT_3D('',#10070,#10071,#10072);
#10070 = CARTESIAN_POINT('',(55.646111883295,-1.826130314255,6.2));
#10071 = DIRECTION('',(0.803207531481,-0.595699304492,0.));
#10072 = DIRECTION('',(-0.595699304492,-0.803207531481,0.));
#10073 = ADVANCED_FACE('',(#10074),#10092,.F.);
#10074 = FACE_BOUND('',#10075,.F.);
#10075 = EDGE_LOOP('',(#10076,#10077,#10085,#10091));
#10076 = ORIENTED_EDGE('',*,*,#823,.T.);
#10077 = ORIENTED_EDGE('',*,*,#10078,.T.);
#10078 = EDGE_CURVE('',#816,#10079,#10081,.T.);
#10079 = VERTEX_POINT('',#10080);
#10080 = CARTESIAN_POINT('',(55.731699229568,-1.731699229568,7.6));
#10081 = LINE('',#10082,#10083);
#10082 = CARTESIAN_POINT('',(55.731699229568,-1.731699229568,6.2));
#10083 = VECTOR('',#10084,1.);
#10084 = DIRECTION('',(0.,0.,1.));
#10085 = ORIENTED_EDGE('',*,*,#10086,.F.);
#10086 = EDGE_CURVE('',#10055,#10079,#10087,.T.);
#10087 = LINE('',#10088,#10089);
#10088 = CARTESIAN_POINT('',(49.806236582701,-8.269439787946,7.6));
#10089 = VECTOR('',#10090,1.);
#10090 = DIRECTION('',(0.671558954847,0.740951125355,0.));
#10091 = ORIENTED_EDGE('',*,*,#10054,.F.);
#10092 = PLANE('',#10093);
#10093 = AXIS2_PLACEMENT_3D('',#10094,#10095,#10096);
#10094 = CARTESIAN_POINT('',(55.731699229568,-1.731699229568,6.2));
#10095 = DIRECTION('',(0.740951125355,-0.671558954847,0.));
#10096 = DIRECTION('',(-0.671558954847,-0.740951125355,0.));
#10097 = ADVANCED_FACE('',(#10098),#10116,.F.);
#10098 = FACE_BOUND('',#10099,.F.);
#10099 = EDGE_LOOP('',(#10100,#10101,#10109,#10115));
#10100 = ORIENTED_EDGE('',*,*,#815,.T.);
#10101 = ORIENTED_EDGE('',*,*,#10102,.T.);
#10102 = EDGE_CURVE('',#808,#10103,#10105,.T.);
#10103 = VERTEX_POINT('',#10104);
#10104 = CARTESIAN_POINT('',(55.826130314255,-1.646111883295,7.6));
#10105 = LINE('',#10106,#10107);
#10106 = CARTESIAN_POINT('',(55.826130314255,-1.646111883295,6.2));
#10107 = VECTOR('',#10108,1.);
#10108 = DIRECTION('',(0.,0.,1.));
#10109 = ORIENTED_EDGE('',*,*,#10110,.F.);
#10110 = EDGE_CURVE('',#10079,#10103,#10111,.T.);
#10111 = LINE('',#10112,#10113);
#10112 = CARTESIAN_POINT('',(50.92894975392,-6.08465762033,7.6));
#10113 = VECTOR('',#10114,1.);
#10114 = DIRECTION('',(0.740951125355,0.671558954847,0.));
#10115 = ORIENTED_EDGE('',*,*,#10078,.F.);
#10116 = PLANE('',#10117);
#10117 = AXIS2_PLACEMENT_3D('',#10118,#10119,#10120);
#10118 = CARTESIAN_POINT('',(55.826130314255,-1.646111883295,6.2));
#10119 = DIRECTION('',(0.671558954847,-0.740951125355,0.));
#10120 = DIRECTION('',(-0.740951125355,-0.671558954847,0.));
#10121 = ADVANCED_FACE('',(#10122),#10140,.F.);
#10122 = FACE_BOUND('',#10123,.F.);
#10123 = EDGE_LOOP('',(#10124,#10125,#10133,#10139));
#10124 = ORIENTED_EDGE('',*,*,#807,.T.);
#10125 = ORIENTED_EDGE('',*,*,#10126,.T.);
#10126 = EDGE_CURVE('',#800,#10127,#10129,.T.);
#10127 = VERTEX_POINT('',#10128);
#10128 = CARTESIAN_POINT('',(55.928495714389,-1.570192528366,7.6));
#10129 = LINE('',#10130,#10131);
#10130 = CARTESIAN_POINT('',(55.928495714389,-1.570192528366,6.2));
#10131 = VECTOR('',#10132,1.);
#10132 = DIRECTION('',(0.,0.,1.));
#10133 = ORIENTED_EDGE('',*,*,#10134,.F.);
#10134 = EDGE_CURVE('',#10103,#10127,#10135,.T.);
#10135 = LINE('',#10136,#10137);
#10136 = CARTESIAN_POINT('',(52.449125223608,-4.150669553536,7.6));
#10137 = VECTOR('',#10138,1.);
#10138 = DIRECTION('',(0.803207531481,0.595699304492,0.));
#10139 = ORIENTED_EDGE('',*,*,#10102,.F.);
#10140 = PLANE('',#10141);
#10141 = AXIS2_PLACEMENT_3D('',#10142,#10143,#10144);
#10142 = CARTESIAN_POINT('',(55.928495714389,-1.570192528366,6.2));
#10143 = DIRECTION('',(0.595699304492,-0.803207531481,0.));
#10144 = DIRECTION('',(-0.803207531481,-0.595699304492,0.));
#10145 = ADVANCED_FACE('',(#10146),#10164,.F.);
#10146 = FACE_BOUND('',#10147,.F.);
#10147 = EDGE_LOOP('',(#10148,#10149,#10157,#10163));
#10148 = ORIENTED_EDGE('',*,*,#799,.T.);
#10149 = ORIENTED_EDGE('',*,*,#10150,.T.);
#10150 = EDGE_CURVE('',#792,#10151,#10153,.T.);
#10151 = VERTEX_POINT('',#10152);
#10152 = CARTESIAN_POINT('',(56.037809595207,-1.504672309672,7.6));
#10153 = LINE('',#10154,#10155);
#10154 = CARTESIAN_POINT('',(56.037809595207,-1.504672309672,6.2));
#10155 = VECTOR('',#10156,1.);
#10156 = DIRECTION('',(0.,0.,1.));
#10157 = ORIENTED_EDGE('',*,*,#10158,.F.);
#10158 = EDGE_CURVE('',#10127,#10151,#10159,.T.);
#10159 = LINE('',#10160,#10161);
#10160 = CARTESIAN_POINT('',(54.311234386271,-2.539541664176,7.6));
#10161 = VECTOR('',#10162,1.);
#10162 = DIRECTION('',(0.85772861,0.514102744193,0.));
#10163 = ORIENTED_EDGE('',*,*,#10126,.F.);
#10164 = PLANE('',#10165);
#10165 = AXIS2_PLACEMENT_3D('',#10166,#10167,#10168);
#10166 = CARTESIAN_POINT('',(56.037809595207,-1.504672309672,6.2));
#10167 = DIRECTION('',(0.514102744193,-0.85772861,0.));
#10168 = DIRECTION('',(-0.85772861,-0.514102744193,0.));
#10169 = ADVANCED_FACE('',(#10170),#10188,.F.);
#10170 = FACE_BOUND('',#10171,.F.);
#10171 = EDGE_LOOP('',(#10172,#10173,#10181,#10187));
#10172 = ORIENTED_EDGE('',*,*,#791,.T.);
#10173 = ORIENTED_EDGE('',*,*,#10174,.T.);
#10174 = EDGE_CURVE('',#784,#10175,#10177,.T.);
#10175 = VERTEX_POINT('',#10176);
#10176 = CARTESIAN_POINT('',(56.153019204281,-1.450182222736,7.6));
#10177 = LINE('',#10178,#10179);
#10178 = CARTESIAN_POINT('',(56.153019204281,-1.450182222736,6.2));
#10179 = VECTOR('',#10180,1.);
#10180 = DIRECTION('',(0.,0.,1.));
#10181 = ORIENTED_EDGE('',*,*,#10182,.F.);
#10182 = EDGE_CURVE('',#10151,#10175,#10183,.T.);
#10183 = LINE('',#10184,#10185);
#10184 = CARTESIAN_POINT('',(56.44681552264,-1.311226912866,7.6));
#10185 = VECTOR('',#10186,1.);
#10186 = DIRECTION('',(0.903989293123,0.42755509343,0.));
#10187 = ORIENTED_EDGE('',*,*,#10150,.F.);
#10188 = PLANE('',#10189);
#10189 = AXIS2_PLACEMENT_3D('',#10190,#10191,#10192);
#10190 = CARTESIAN_POINT('',(56.153019204281,-1.450182222736,6.2));
#10191 = DIRECTION('',(0.42755509343,-0.903989293123,0.));
#10192 = DIRECTION('',(-0.903989293123,-0.42755509343,0.));
#10193 = ADVANCED_FACE('',(#10194),#10212,.F.);
#10194 = FACE_BOUND('',#10195,.F.);
#10195 = EDGE_LOOP('',(#10196,#10197,#10205,#10211));
#10196 = ORIENTED_EDGE('',*,*,#783,.T.);
#10197 = ORIENTED_EDGE('',*,*,#10198,.T.);
#10198 = EDGE_CURVE('',#776,#10199,#10201,.T.);
#10199 = VERTEX_POINT('',#10200);
#10200 = CARTESIAN_POINT('',(56.273015010095,-1.407247036882,7.6));
#10201 = LINE('',#10202,#10203);
#10202 = CARTESIAN_POINT('',(56.273015010095,-1.407247036882,6.2));
#10203 = VECTOR('',#10204,1.);
#10204 = DIRECTION('',(0.,0.,1.));
#10205 = ORIENTED_EDGE('',*,*,#10206,.F.);
#10206 = EDGE_CURVE('',#10175,#10199,#10207,.T.);
#10207 = LINE('',#10208,#10209);
#10208 = CARTESIAN_POINT('',(58.777074908832,-0.5112800786,7.6));
#10209 = VECTOR('',#10210,1.);
#10210 = DIRECTION('',(0.941544065183,0.336889853392,0.));
#10211 = ORIENTED_EDGE('',*,*,#10174,.F.);
#10212 = PLANE('',#10213);
#10213 = AXIS2_PLACEMENT_3D('',#10214,#10215,#10216);
#10214 = CARTESIAN_POINT('',(56.273015010095,-1.407247036882,6.2));
#10215 = DIRECTION('',(0.336889853392,-0.941544065183,0.));
#10216 = DIRECTION('',(-0.941544065183,-0.336889853392,0.));
#10217 = ADVANCED_FACE('',(#10218),#10236,.F.);
#10218 = FACE_BOUND('',#10219,.F.);
#10219 = EDGE_LOOP('',(#10220,#10221,#10229,#10235));
#10220 = ORIENTED_EDGE('',*,*,#775,.T.);
#10221 = ORIENTED_EDGE('',*,*,#10222,.T.);
#10222 = EDGE_CURVE('',#768,#10223,#10225,.T.);
#10223 = VERTEX_POINT('',#10224);
#10224 = CARTESIAN_POINT('',(56.396641387443,-1.376280241421,7.6));
#10225 = LINE('',#10226,#10227);
#10226 = CARTESIAN_POINT('',(56.396641387443,-1.376280241421,6.2));
#10227 = VECTOR('',#10228,1.);
#10228 = DIRECTION('',(0.,0.,1.));
#10229 = ORIENTED_EDGE('',*,*,#10230,.F.);
#10230 = EDGE_CURVE('',#10199,#10223,#10231,.T.);
#10231 = LINE('',#10232,#10233);
#10232 = CARTESIAN_POINT('',(61.215883270487,-0.169122991711,7.6));
#10233 = VECTOR('',#10234,1.);
#10234 = DIRECTION('',(0.970031253195,0.242980179903,0.));
#10235 = ORIENTED_EDGE('',*,*,#10198,.F.);
#10236 = PLANE('',#10237);
#10237 = AXIS2_PLACEMENT_3D('',#10238,#10239,#10240);
#10238 = CARTESIAN_POINT('',(56.396641387443,-1.376280241421,6.2));
#10239 = DIRECTION('',(0.242980179903,-0.970031253195,0.));
#10240 = DIRECTION('',(-0.970031253195,-0.242980179903,0.));
#10241 = ADVANCED_FACE('',(#10242),#10260,.F.);
#10242 = FACE_BOUND('',#10243,.F.);
#10243 = EDGE_LOOP('',(#10244,#10245,#10253,#10259));
#10244 = ORIENTED_EDGE('',*,*,#767,.T.);
#10245 = ORIENTED_EDGE('',*,*,#10246,.T.);
#10246 = EDGE_CURVE('',#760,#10247,#10249,.T.);
#10247 = VERTEX_POINT('',#10248);
#10248 = CARTESIAN_POINT('',(56.522707746729,-1.357580063521,7.6));
#10249 = LINE('',#10250,#10251);
#10250 = CARTESIAN_POINT('',(56.522707746729,-1.357580063521,6.2));
#10251 = VECTOR('',#10252,1.);
#10252 = DIRECTION('',(0.,0.,1.));
#10253 = ORIENTED_EDGE('',*,*,#10254,.F.);
#10254 = EDGE_CURVE('',#10223,#10247,#10255,.T.);
#10255 = LINE('',#10256,#10257);
#10256 = CARTESIAN_POINT('',(63.67305273361,-0.296926578652,7.6));
#10257 = VECTOR('',#10258,1.);
#10258 = DIRECTION('',(0.989176509965,0.146730474455,0.));
#10259 = ORIENTED_EDGE('',*,*,#10222,.F.);
#10260 = PLANE('',#10261);
#10261 = AXIS2_PLACEMENT_3D('',#10262,#10263,#10264);
#10262 = CARTESIAN_POINT('',(56.522707746729,-1.357580063521,6.2));
#10263 = DIRECTION('',(0.146730474455,-0.989176509965,0.));
#10264 = DIRECTION('',(-0.989176509965,-0.146730474455,0.));
#10265 = ADVANCED_FACE('',(#10266),#10284,.F.);
#10266 = FACE_BOUND('',#10267,.F.);
#10267 = EDGE_LOOP('',(#10268,#10269,#10277,#10283));
#10268 = ORIENTED_EDGE('',*,*,#759,.T.);
#10269 = ORIENTED_EDGE('',*,*,#10270,.T.);
#10270 = EDGE_CURVE('',#752,#10271,#10273,.T.);
#10271 = VERTEX_POINT('',#10272);
#10272 = CARTESIAN_POINT('',(56.67700348432,-1.35,7.6));
#10273 = LINE('',#10274,#10275);
#10274 = CARTESIAN_POINT('',(56.67700348432,-1.35,6.2));
#10275 = VECTOR('',#10276,1.);
#10276 = DIRECTION('',(0.,0.,1.));
#10277 = ORIENTED_EDGE('',*,*,#10278,.F.);
#10278 = EDGE_CURVE('',#10247,#10271,#10279,.T.);
#10279 = LINE('',#10280,#10281);
#10280 = CARTESIAN_POINT('',(66.071270400231,-0.888489260528,7.6));
#10281 = VECTOR('',#10282,1.);
#10282 = DIRECTION('',(0.998795456205,4.906767432742E-02,0.));
#10283 = ORIENTED_EDGE('',*,*,#10246,.F.);
#10284 = PLANE('',#10285);
#10285 = AXIS2_PLACEMENT_3D('',#10286,#10287,#10288);
#10286 = CARTESIAN_POINT('',(56.67700348432,-1.35,6.2));
#10287 = DIRECTION('',(4.906767432742E-02,-0.998795456205,0.));
#10288 = DIRECTION('',(-0.998795456205,-4.906767432742E-02,0.));
#10289 = ADVANCED_FACE('',(#10290),#10308,.F.);
#10290 = FACE_BOUND('',#10291,.F.);
#10291 = EDGE_LOOP('',(#10292,#10293,#10301,#10307));
#10292 = ORIENTED_EDGE('',*,*,#751,.T.);
#10293 = ORIENTED_EDGE('',*,*,#10294,.T.);
#10294 = EDGE_CURVE('',#744,#10295,#10297,.T.);
#10295 = VERTEX_POINT('',#10296);
#10296 = CARTESIAN_POINT('',(75.32299651568,-1.35,7.6));
#10297 = LINE('',#10298,#10299);
#10298 = CARTESIAN_POINT('',(75.32299651568,-1.35,6.2));
#10299 = VECTOR('',#10300,1.);
#10300 = DIRECTION('',(0.,0.,1.));
#10301 = ORIENTED_EDGE('',*,*,#10302,.F.);
#10302 = EDGE_CURVE('',#10271,#10295,#10303,.T.);
#10303 = LINE('',#10304,#10305);
#10304 = CARTESIAN_POINT('',(76.499894360517,-1.35,7.6));
#10305 = VECTOR('',#10306,1.);
#10306 = DIRECTION('',(1.,-2.E-17,0.));
#10307 = ORIENTED_EDGE('',*,*,#10270,.F.);
#10308 = PLANE('',#10309);
#10309 = AXIS2_PLACEMENT_3D('',#10310,#10311,#10312);
#10310 = CARTESIAN_POINT('',(75.32299651568,-1.35,6.2));
#10311 = DIRECTION('',(-2.E-17,-1.,0.));
#10312 = DIRECTION('',(-1.,2.E-17,0.));
#10313 = ADVANCED_FACE('',(#10314),#10332,.F.);
#10314 = FACE_BOUND('',#10315,.F.);
#10315 = EDGE_LOOP('',(#10316,#10317,#10325,#10331));
#10316 = ORIENTED_EDGE('',*,*,#743,.T.);
#10317 = ORIENTED_EDGE('',*,*,#10318,.T.);
#10318 = EDGE_CURVE('',#736,#10319,#10321,.T.);
#10319 = VERTEX_POINT('',#10320);
#10320 = CARTESIAN_POINT('',(75.477292253271,-1.357580063521,7.6));
#10321 = LINE('',#10322,#10323);
#10322 = CARTESIAN_POINT('',(75.477292253271,-1.357580063521,6.2));
#10323 = VECTOR('',#10324,1.);
#10324 = DIRECTION('',(0.,0.,1.));
#10325 = ORIENTED_EDGE('',*,*,#10326,.F.);
#10326 = EDGE_CURVE('',#10295,#10319,#10327,.T.);
#10327 = LINE('',#10328,#10329);
#10328 = CARTESIAN_POINT('',(77.654556200888,-1.464542182384,7.6));
#10329 = VECTOR('',#10330,1.);
#10330 = DIRECTION('',(0.998795456205,-4.906767432742E-02,0.));
#10331 = ORIENTED_EDGE('',*,*,#10294,.F.);
#10332 = PLANE('',#10333);
#10333 = AXIS2_PLACEMENT_3D('',#10334,#10335,#10336);
#10334 = CARTESIAN_POINT('',(75.477292253271,-1.357580063521,6.2));
#10335 = DIRECTION('',(-4.906767432742E-02,-0.998795456205,0.));
#10336 = DIRECTION('',(-0.998795456205,4.906767432742E-02,0.));
#10337 = ADVANCED_FACE('',(#10338),#10356,.F.);
#10338 = FACE_BOUND('',#10339,.F.);
#10339 = EDGE_LOOP('',(#10340,#10341,#10349,#10355));
#10340 = ORIENTED_EDGE('',*,*,#735,.T.);
#10341 = ORIENTED_EDGE('',*,*,#10342,.T.);
#10342 = EDGE_CURVE('',#728,#10343,#10345,.T.);
#10343 = VERTEX_POINT('',#10344);
#10344 = CARTESIAN_POINT('',(75.603358612557,-1.376280241421,7.6));
#10345 = LINE('',#10346,#10347);
#10346 = CARTESIAN_POINT('',(75.603358612557,-1.376280241421,6.2));
#10347 = VECTOR('',#10348,1.);
#10348 = DIRECTION('',(0.,0.,1.));
#10349 = ORIENTED_EDGE('',*,*,#10350,.F.);
#10350 = EDGE_CURVE('',#10319,#10343,#10351,.T.);
#10351 = LINE('',#10352,#10353);
#10352 = CARTESIAN_POINT('',(79.815373275344,-2.001073595951,7.6));
#10353 = VECTOR('',#10354,1.);
#10354 = DIRECTION('',(0.989176509965,-0.146730474455,0.));
#10355 = ORIENTED_EDGE('',*,*,#10318,.F.);
#10356 = PLANE('',#10357);
#10357 = AXIS2_PLACEMENT_3D('',#10358,#10359,#10360);
#10358 = CARTESIAN_POINT('',(75.603358612557,-1.376280241421,6.2));
#10359 = DIRECTION('',(-0.146730474455,-0.989176509965,0.));
#10360 = DIRECTION('',(-0.989176509965,0.146730474455,0.));
#10361 = ADVANCED_FACE('',(#10362),#10380,.F.);
#10362 = FACE_BOUND('',#10363,.F.);
#10363 = EDGE_LOOP('',(#10364,#10365,#10373,#10379));
#10364 = ORIENTED_EDGE('',*,*,#727,.T.);
#10365 = ORIENTED_EDGE('',*,*,#10366,.T.);
#10366 = EDGE_CURVE('',#720,#10367,#10369,.T.);
#10367 = VERTEX_POINT('',#10368);
#10368 = CARTESIAN_POINT('',(75.726984989905,-1.407247036882,7.6));
#10369 = LINE('',#10370,#10371);
#10370 = CARTESIAN_POINT('',(75.726984989905,-1.407247036882,6.2));
#10371 = VECTOR('',#10372,1.);
#10372 = DIRECTION('',(0.,0.,1.));
#10373 = ORIENTED_EDGE('',*,*,#10374,.F.);
#10374 = EDGE_CURVE('',#10343,#10367,#10375,.T.);
#10375 = LINE('',#10376,#10377);
#10376 = CARTESIAN_POINT('',(81.833331693503,-2.936807260541,7.6));
#10377 = VECTOR('',#10378,1.);
#10378 = DIRECTION('',(0.970031253195,-0.242980179903,0.));
#10379 = ORIENTED_EDGE('',*,*,#10342,.F.);
#10380 = PLANE('',#10381);
#10381 = AXIS2_PLACEMENT_3D('',#10382,#10383,#10384);
#10382 = CARTESIAN_POINT('',(75.726984989905,-1.407247036882,6.2));
#10383 = DIRECTION('',(-0.242980179903,-0.970031253195,0.));
#10384 = DIRECTION('',(-0.970031253195,0.242980179903,0.));
#10385 = ADVANCED_FACE('',(#10386),#10404,.F.);
#10386 = FACE_BOUND('',#10387,.F.);
#10387 = EDGE_LOOP('',(#10388,#10389,#10397,#10403));
#10388 = ORIENTED_EDGE('',*,*,#719,.T.);
#10389 = ORIENTED_EDGE('',*,*,#10390,.T.);
#10390 = EDGE_CURVE('',#712,#10391,#10393,.T.);
#10391 = VERTEX_POINT('',#10392);
#10392 = CARTESIAN_POINT('',(75.846980795719,-1.450182222736,7.6));
#10393 = LINE('',#10394,#10395);
#10394 = CARTESIAN_POINT('',(75.846980795719,-1.450182222736,6.2));
#10395 = VECTOR('',#10396,1.);
#10396 = DIRECTION('',(0.,0.,1.));
#10397 = ORIENTED_EDGE('',*,*,#10398,.F.);
#10398 = EDGE_CURVE('',#10367,#10391,#10399,.T.);
#10399 = LINE('',#10400,#10401);
#10400 = CARTESIAN_POINT('',(83.634460314993,-4.236586949352,7.6));
#10401 = VECTOR('',#10402,1.);
#10402 = DIRECTION('',(0.941544065183,-0.336889853392,0.));
#10403 = ORIENTED_EDGE('',*,*,#10366,.F.);
#10404 = PLANE('',#10405);
#10405 = AXIS2_PLACEMENT_3D('',#10406,#10407,#10408);
#10406 = CARTESIAN_POINT('',(75.846980795719,-1.450182222736,6.2));
#10407 = DIRECTION('',(-0.336889853392,-0.941544065183,0.));
#10408 = DIRECTION('',(-0.941544065183,0.336889853392,0.));
#10409 = ADVANCED_FACE('',(#10410),#10428,.F.);
#10410 = FACE_BOUND('',#10411,.F.);
#10411 = EDGE_LOOP('',(#10412,#10413,#10421,#10427));
#10412 = ORIENTED_EDGE('',*,*,#711,.T.);
#10413 = ORIENTED_EDGE('',*,*,#10414,.T.);
#10414 = EDGE_CURVE('',#704,#10415,#10417,.T.);
#10415 = VERTEX_POINT('',#10416);
#10416 = CARTESIAN_POINT('',(75.962190404793,-1.504672309672,7.6));
#10417 = LINE('',#10418,#10419);
#10418 = CARTESIAN_POINT('',(75.962190404793,-1.504672309672,6.2));
#10419 = VECTOR('',#10420,1.);
#10420 = DIRECTION('',(0.,0.,1.));
#10421 = ORIENTED_EDGE('',*,*,#10422,.F.);
#10422 = EDGE_CURVE('',#10391,#10415,#10423,.T.);
#10423 = LINE('',#10424,#10425);
#10424 = CARTESIAN_POINT('',(85.1530246624,-5.851613174576,7.6));
#10425 = VECTOR('',#10426,1.);
#10426 = DIRECTION('',(0.903989293123,-0.42755509343,0.));
#10427 = ORIENTED_EDGE('',*,*,#10390,.F.);
#10428 = PLANE('',#10429);
#10429 = AXIS2_PLACEMENT_3D('',#10430,#10431,#10432);
#10430 = CARTESIAN_POINT('',(75.962190404793,-1.504672309672,6.2));
#10431 = DIRECTION('',(-0.42755509343,-0.903989293123,0.));
#10432 = DIRECTION('',(-0.903989293123,0.42755509343,0.));
#10433 = ADVANCED_FACE('',(#10434),#10452,.F.);
#10434 = FACE_BOUND('',#10435,.F.);
#10435 = EDGE_LOOP('',(#10436,#10437,#10445,#10451));
#10436 = ORIENTED_EDGE('',*,*,#703,.T.);
#10437 = ORIENTED_EDGE('',*,*,#10438,.T.);
#10438 = EDGE_CURVE('',#696,#10439,#10441,.T.);
#10439 = VERTEX_POINT('',#10440);
#10440 = CARTESIAN_POINT('',(76.071504285611,-1.570192528366,7.6));
#10441 = LINE('',#10442,#10443);
#10442 = CARTESIAN_POINT('',(76.071504285611,-1.570192528366,6.2));
#10443 = VECTOR('',#10444,1.);
#10444 = DIRECTION('',(0.,0.,1.));
#10445 = ORIENTED_EDGE('',*,*,#10446,.F.);
#10446 = EDGE_CURVE('',#10415,#10439,#10447,.T.);
#10447 = LINE('',#10448,#10449);
#10448 = CARTESIAN_POINT('',(86.334019527915,-7.721307446162,7.6));
#10449 = VECTOR('',#10450,1.);
#10450 = DIRECTION('',(0.85772861,-0.514102744193,0.));
#10451 = ORIENTED_EDGE('',*,*,#10414,.F.);
#10452 = PLANE('',#10453);
#10453 = AXIS2_PLACEMENT_3D('',#10454,#10455,#10456);
#10454 = CARTESIAN_POINT('',(76.071504285611,-1.570192528366,6.2));
#10455 = DIRECTION('',(-0.514102744193,-0.85772861,0.));
#10456 = DIRECTION('',(-0.85772861,0.514102744193,0.));
#10457 = ADVANCED_FACE('',(#10458),#10476,.F.);
#10458 = FACE_BOUND('',#10459,.F.);
#10459 = EDGE_LOOP('',(#10460,#10461,#10469,#10475));
#10460 = ORIENTED_EDGE('',*,*,#695,.T.);
#10461 = ORIENTED_EDGE('',*,*,#10462,.T.);
#10462 = EDGE_CURVE('',#688,#10463,#10465,.T.);
#10463 = VERTEX_POINT('',#10464);
#10464 = CARTESIAN_POINT('',(76.173869685745,-1.646111883295,7.6));
#10465 = LINE('',#10466,#10467);
#10466 = CARTESIAN_POINT('',(76.173869685745,-1.646111883295,6.2));
#10467 = VECTOR('',#10468,1.);
#10468 = DIRECTION('',(0.,0.,1.));
#10469 = ORIENTED_EDGE('',*,*,#10470,.F.);
#10470 = EDGE_CURVE('',#10439,#10463,#10471,.T.);
#10471 = LINE('',#10472,#10473);
#10472 = CARTESIAN_POINT('',(87.135250507485,-9.775625957634,7.6));
#10473 = VECTOR('',#10474,1.);
#10474 = DIRECTION('',(0.803207531481,-0.595699304492,0.));
#10475 = ORIENTED_EDGE('',*,*,#10438,.F.);
#10476 = PLANE('',#10477);
#10477 = AXIS2_PLACEMENT_3D('',#10478,#10479,#10480);
#10478 = CARTESIAN_POINT('',(76.173869685745,-1.646111883295,6.2));
#10479 = DIRECTION('',(-0.595699304492,-0.803207531481,0.));
#10480 = DIRECTION('',(-0.803207531481,0.595699304492,0.));
#10481 = ADVANCED_FACE('',(#10482),#10500,.F.);
#10482 = FACE_BOUND('',#10483,.F.);
#10483 = EDGE_LOOP('',(#10484,#10485,#10493,#10499));
#10484 = ORIENTED_EDGE('',*,*,#687,.T.);
#10485 = ORIENTED_EDGE('',*,*,#10486,.T.);
#10486 = EDGE_CURVE('',#680,#10487,#10489,.T.);
#10487 = VERTEX_POINT('',#10488);
#10488 = CARTESIAN_POINT('',(76.268300770432,-1.731699229568,7.6));
#10489 = LINE('',#10490,#10491);
#10490 = CARTESIAN_POINT('',(76.268300770432,-1.731699229568,6.2));
#10491 = VECTOR('',#10492,1.);
#10492 = DIRECTION('',(0.,0.,1.));
#10493 = ORIENTED_EDGE('',*,*,#10494,.F.);
#10494 = EDGE_CURVE('',#10463,#10487,#10495,.T.);
#10495 = LINE('',#10496,#10497);
#10496 = CARTESIAN_POINT('',(87.528924781195,-11.93773392311,7.6));
#10497 = VECTOR('',#10498,1.);
#10498 = DIRECTION('',(0.740951125355,-0.671558954847,0.));
#10499 = ORIENTED_EDGE('',*,*,#10462,.F.);
#10500 = PLANE('',#10501);
#10501 = AXIS2_PLACEMENT_3D('',#10502,#10503,#10504);
#10502 = CARTESIAN_POINT('',(76.268300770432,-1.731699229568,6.2));
#10503 = DIRECTION('',(-0.671558954847,-0.740951125355,0.));
#10504 = DIRECTION('',(-0.740951125355,0.671558954847,0.));
#10505 = ADVANCED_FACE('',(#10506),#10524,.F.);
#10506 = FACE_BOUND('',#10507,.F.);
#10507 = EDGE_LOOP('',(#10508,#10509,#10517,#10523));
#10508 = ORIENTED_EDGE('',*,*,#679,.T.);
#10509 = ORIENTED_EDGE('',*,*,#10510,.T.);
#10510 = EDGE_CURVE('',#672,#10511,#10513,.T.);
#10511 = VERTEX_POINT('',#10512);
#10512 = CARTESIAN_POINT('',(76.353888116705,-1.826130314255,7.6));
#10513 = LINE('',#10514,#10515);
#10514 = CARTESIAN_POINT('',(76.353888116705,-1.826130314255,6.2));
#10515 = VECTOR('',#10516,1.);
#10516 = DIRECTION('',(0.,0.,1.));
#10517 = ORIENTED_EDGE('',*,*,#10518,.F.);
#10518 = EDGE_CURVE('',#10487,#10511,#10519,.T.);
#10519 = LINE('',#10520,#10521);
#10520 = CARTESIAN_POINT('',(87.502690303017,-14.12693795993,7.6));
#10521 = VECTOR('',#10522,1.);
#10522 = DIRECTION('',(0.671558954847,-0.740951125355,0.));
#10523 = ORIENTED_EDGE('',*,*,#10486,.F.);
#10524 = PLANE('',#10525);
#10525 = AXIS2_PLACEMENT_3D('',#10526,#10527,#10528);
#10526 = CARTESIAN_POINT('',(76.353888116705,-1.826130314255,6.2));
#10527 = DIRECTION('',(-0.740951125355,-0.671558954847,0.));
#10528 = DIRECTION('',(-0.671558954847,0.740951125355,0.));
#10529 = ADVANCED_FACE('',(#10530),#10548,.F.);
#10530 = FACE_BOUND('',#10531,.F.);
#10531 = EDGE_LOOP('',(#10532,#10533,#10541,#10547));
#10532 = ORIENTED_EDGE('',*,*,#671,.T.);
#10533 = ORIENTED_EDGE('',*,*,#10534,.T.);
#10534 = EDGE_CURVE('',#664,#10535,#10537,.T.);
#10535 = VERTEX_POINT('',#10536);
#10536 = CARTESIAN_POINT('',(76.429807471634,-1.928495714389,7.6));
#10537 = LINE('',#10538,#10539);
#10538 = CARTESIAN_POINT('',(76.429807471634,-1.928495714389,6.2));
#10539 = VECTOR('',#10540,1.);
#10540 = DIRECTION('',(0.,0.,1.));
#10541 = ORIENTED_EDGE('',*,*,#10542,.F.);
#10542 = EDGE_CURVE('',#10511,#10535,#10543,.T.);
#10543 = LINE('',#10544,#10545);
#10544 = CARTESIAN_POINT('',(87.06008374249,-16.26176402288,7.6));
#10545 = VECTOR('',#10546,1.);
#10546 = DIRECTION('',(0.595699304492,-0.803207531481,0.));
#10547 = ORIENTED_EDGE('',*,*,#10510,.F.);
#10548 = PLANE('',#10549);
#10549 = AXIS2_PLACEMENT_3D('',#10550,#10551,#10552);
#10550 = CARTESIAN_POINT('',(76.429807471634,-1.928495714389,6.2));
#10551 = DIRECTION('',(-0.803207531481,-0.595699304492,0.));
#10552 = DIRECTION('',(-0.595699304492,0.803207531481,0.));
#10553 = ADVANCED_FACE('',(#10554),#10572,.F.);
#10554 = FACE_BOUND('',#10555,.F.);
#10555 = EDGE_LOOP('',(#10556,#10557,#10565,#10571));
#10556 = ORIENTED_EDGE('',*,*,#663,.T.);
#10557 = ORIENTED_EDGE('',*,*,#10558,.T.);
#10558 = EDGE_CURVE('',#656,#10559,#10561,.T.);
#10559 = VERTEX_POINT('',#10560);
#10560 = CARTESIAN_POINT('',(76.495327690328,-2.037809595207,7.6));
#10561 = LINE('',#10562,#10563);
#10562 = CARTESIAN_POINT('',(76.495327690328,-2.037809595207,6.2));
#10563 = VECTOR('',#10564,1.);
#10564 = DIRECTION('',(0.,0.,1.));
#10565 = ORIENTED_EDGE('',*,*,#10566,.F.);
#10566 = EDGE_CURVE('',#10535,#10559,#10567,.T.);
#10567 = LINE('',#10568,#10569);
#10568 = CARTESIAN_POINT('',(86.220370221724,-18.26306282885,7.6));
#10569 = VECTOR('',#10570,1.);
#10570 = DIRECTION('',(0.514102744193,-0.85772861,0.));
#10571 = ORIENTED_EDGE('',*,*,#10534,.F.);
#10572 = PLANE('',#10573);
#10573 = AXIS2_PLACEMENT_3D('',#10574,#10575,#10576);
#10574 = CARTESIAN_POINT('',(76.495327690328,-2.037809595207,6.2));
#10575 = DIRECTION('',(-0.85772861,-0.514102744193,0.));
#10576 = DIRECTION('',(-0.514102744193,0.85772861,0.));
#10577 = ADVANCED_FACE('',(#10578),#10596,.F.);
#10578 = FACE_BOUND('',#10579,.F.);
#10579 = EDGE_LOOP('',(#10580,#10581,#10589,#10595));
#10580 = ORIENTED_EDGE('',*,*,#655,.T.);
#10581 = ORIENTED_EDGE('',*,*,#10582,.T.);
#10582 = EDGE_CURVE('',#648,#10583,#10585,.T.);
#10583 = VERTEX_POINT('',#10584);
#10584 = CARTESIAN_POINT('',(76.549817777264,-2.153019204281,7.6));
#10585 = LINE('',#10586,#10587);
#10586 = CARTESIAN_POINT('',(76.549817777264,-2.153019204281,6.2));
#10587 = VECTOR('',#10588,1.);
#10588 = DIRECTION('',(0.,0.,1.));
#10589 = ORIENTED_EDGE('',*,*,#10590,.F.);
#10590 = EDGE_CURVE('',#10559,#10583,#10591,.T.);
#10591 = LINE('',#10592,#10593);
#10592 = CARTESIAN_POINT('',(85.017781241044,-20.05702367865,7.6));
#10593 = VECTOR('',#10594,1.);
#10594 = DIRECTION('',(0.42755509343,-0.903989293123,0.));
#10595 = ORIENTED_EDGE('',*,*,#10558,.F.);
#10596 = PLANE('',#10597);
#10597 = AXIS2_PLACEMENT_3D('',#10598,#10599,#10600);
#10598 = CARTESIAN_POINT('',(76.549817777264,-2.153019204281,6.2));
#10599 = DIRECTION('',(-0.903989293123,-0.42755509343,0.));
#10600 = DIRECTION('',(-0.42755509343,0.903989293123,0.));
#10601 = ADVANCED_FACE('',(#10602),#10620,.F.);
#10602 = FACE_BOUND('',#10603,.F.);
#10603 = EDGE_LOOP('',(#10604,#10605,#10613,#10619));
#10604 = ORIENTED_EDGE('',*,*,#647,.T.);
#10605 = ORIENTED_EDGE('',*,*,#10606,.T.);
#10606 = EDGE_CURVE('',#640,#10607,#10609,.T.);
#10607 = VERTEX_POINT('',#10608);
#10608 = CARTESIAN_POINT('',(76.592752963118,-2.273015010095,7.6));
#10609 = LINE('',#10610,#10611);
#10610 = CARTESIAN_POINT('',(76.592752963118,-2.273015010095,6.2));
#10611 = VECTOR('',#10612,1.);
#10612 = DIRECTION('',(0.,0.,1.));
#10613 = ORIENTED_EDGE('',*,*,#10614,.F.);
#10614 = EDGE_CURVE('',#10583,#10607,#10615,.T.);
#10615 = LINE('',#10616,#10617);
#10616 = CARTESIAN_POINT('',(83.500180288611,-21.57798112443,7.6));
#10617 = VECTOR('',#10618,1.);
#10618 = DIRECTION('',(0.336889853392,-0.941544065183,0.));
#10619 = ORIENTED_EDGE('',*,*,#10582,.F.);
#10620 = PLANE('',#10621);
#10621 = AXIS2_PLACEMENT_3D('',#10622,#10623,#10624);
#10622 = CARTESIAN_POINT('',(76.592752963118,-2.273015010095,6.2));
#10623 = DIRECTION('',(-0.941544065183,-0.336889853392,0.));
#10624 = DIRECTION('',(-0.336889853392,0.941544065183,0.));
#10625 = ADVANCED_FACE('',(#10626),#10644,.F.);
#10626 = FACE_BOUND('',#10627,.F.);
#10627 = EDGE_LOOP('',(#10628,#10629,#10637,#10643));
#10628 = ORIENTED_EDGE('',*,*,#639,.T.);
#10629 = ORIENTED_EDGE('',*,*,#10630,.T.);
#10630 = EDGE_CURVE('',#632,#10631,#10633,.T.);
#10631 = VERTEX_POINT('',#10632);
#10632 = CARTESIAN_POINT('',(76.623719758579,-2.396641387443,7.6));
#10633 = LINE('',#10634,#10635);
#10634 = CARTESIAN_POINT('',(76.623719758579,-2.396641387443,6.2));
#10635 = VECTOR('',#10636,1.);
#10636 = DIRECTION('',(0.,0.,1.));
#10637 = ORIENTED_EDGE('',*,*,#10638,.F.);
#10638 = EDGE_CURVE('',#10607,#10631,#10639,.T.);
#10639 = LINE('',#10640,#10641);
#10640 = CARTESIAN_POINT('',(81.727207595838,-22.77090691153,7.6));
#10641 = VECTOR('',#10642,1.);
#10642 = DIRECTION('',(0.242980179903,-0.970031253195,0.));
#10643 = ORIENTED_EDGE('',*,*,#10606,.F.);
#10644 = PLANE('',#10645);
#10645 = AXIS2_PLACEMENT_3D('',#10646,#10647,#10648);
#10646 = CARTESIAN_POINT('',(76.623719758579,-2.396641387443,6.2));
#10647 = DIRECTION('',(-0.970031253195,-0.242980179903,0.));
#10648 = DIRECTION('',(-0.242980179903,0.970031253195,0.));
#10649 = ADVANCED_FACE('',(#10650),#10668,.F.);
#10650 = FACE_BOUND('',#10651,.F.);
#10651 = EDGE_LOOP('',(#10652,#10653,#10661,#10667));
#10652 = ORIENTED_EDGE('',*,*,#631,.T.);
#10653 = ORIENTED_EDGE('',*,*,#10654,.T.);
#10654 = EDGE_CURVE('',#624,#10655,#10657,.T.);
#10655 = VERTEX_POINT('',#10656);
#10656 = CARTESIAN_POINT('',(76.642419936479,-2.522707746729,7.6));
#10657 = LINE('',#10658,#10659);
#10658 = CARTESIAN_POINT('',(76.642419936479,-2.522707746729,6.2));
#10659 = VECTOR('',#10660,1.);
#10660 = DIRECTION('',(0.,0.,1.));
#10661 = ORIENTED_EDGE('',*,*,#10662,.F.);
#10662 = EDGE_CURVE('',#10631,#10655,#10663,.T.);
#10663 = LINE('',#10664,#10665);
#10664 = CARTESIAN_POINT('',(79.767975487528,-23.59349173459,7.6));
#10665 = VECTOR('',#10666,1.);
#10666 = DIRECTION('',(0.146730474455,-0.989176509965,0.));
#10667 = ORIENTED_EDGE('',*,*,#10630,.F.);
#10668 = PLANE('',#10669);
#10669 = AXIS2_PLACEMENT_3D('',#10670,#10671,#10672);
#10670 = CARTESIAN_POINT('',(76.642419936479,-2.522707746729,6.2));
#10671 = DIRECTION('',(-0.989176509965,-0.146730474455,0.));
#10672 = DIRECTION('',(-0.146730474455,0.989176509965,0.));
#10673 = ADVANCED_FACE('',(#10674),#10692,.F.);
#10674 = FACE_BOUND('',#10675,.F.);
#10675 = EDGE_LOOP('',(#10676,#10677,#10685,#10691));
#10676 = ORIENTED_EDGE('',*,*,#623,.T.);
#10677 = ORIENTED_EDGE('',*,*,#10678,.T.);
#10678 = EDGE_CURVE('',#616,#10679,#10681,.T.);
#10679 = VERTEX_POINT('',#10680);
#10680 = CARTESIAN_POINT('',(76.65,-2.67700348432,7.6));
#10681 = LINE('',#10682,#10683);
#10682 = CARTESIAN_POINT('',(76.65,-2.67700348432,6.2));
#10683 = VECTOR('',#10684,1.);
#10684 = DIRECTION('',(0.,0.,1.));
#10685 = ORIENTED_EDGE('',*,*,#10686,.F.);
#10686 = EDGE_CURVE('',#10655,#10679,#10687,.T.);
#10687 = LINE('',#10688,#10689);
#10688 = CARTESIAN_POINT('',(77.699066313572,-24.03123886669,7.6));
#10689 = VECTOR('',#10690,1.);
#10690 = DIRECTION('',(4.906767432744E-02,-0.998795456205,0.));
#10691 = ORIENTED_EDGE('',*,*,#10654,.F.);
#10692 = PLANE('',#10693);
#10693 = AXIS2_PLACEMENT_3D('',#10694,#10695,#10696);
#10694 = CARTESIAN_POINT('',(76.65,-2.67700348432,6.2));
#10695 = DIRECTION('',(-0.998795456205,-4.906767432744E-02,0.));
#10696 = DIRECTION('',(-4.906767432744E-02,0.998795456205,0.));
#10697 = ADVANCED_FACE('',(#10698),#10716,.F.);
#10698 = FACE_BOUND('',#10699,.F.);
#10699 = EDGE_LOOP('',(#10700,#10701,#10709,#10715));
#10700 = ORIENTED_EDGE('',*,*,#615,.T.);
#10701 = ORIENTED_EDGE('',*,*,#10702,.T.);
#10702 = EDGE_CURVE('',#608,#10703,#10705,.T.);
#10703 = VERTEX_POINT('',#10704);
#10704 = CARTESIAN_POINT('',(76.65,-3.97700348432,7.6));
#10705 = LINE('',#10706,#10707);
#10706 = CARTESIAN_POINT('',(76.65,-3.97700348432,6.2));
#10707 = VECTOR('',#10708,1.);
#10708 = DIRECTION('',(0.,0.,1.));
#10709 = ORIENTED_EDGE('',*,*,#10710,.F.);
#10710 = EDGE_CURVE('',#10679,#10703,#10711,.T.);
#10711 = LINE('',#10712,#10713);
#10712 = CARTESIAN_POINT('',(76.65,-24.70755465667,7.6));
#10713 = VECTOR('',#10714,1.);
#10714 = DIRECTION('',(0.,-1.,0.));
#10715 = ORIENTED_EDGE('',*,*,#10678,.F.);
#10716 = PLANE('',#10717);
#10717 = AXIS2_PLACEMENT_3D('',#10718,#10719,#10720);
#10718 = CARTESIAN_POINT('',(76.65,-3.97700348432,6.2));
#10719 = DIRECTION('',(-1.,0.,0.));
#10720 = DIRECTION('',(0.,1.,0.));
#10721 = ADVANCED_FACE('',(#10722),#10740,.F.);
#10722 = FACE_BOUND('',#10723,.F.);
#10723 = EDGE_LOOP('',(#10724,#10725,#10733,#10739));
#10724 = ORIENTED_EDGE('',*,*,#607,.T.);
#10725 = ORIENTED_EDGE('',*,*,#10726,.T.);
#10726 = EDGE_CURVE('',#600,#10727,#10729,.T.);
#10727 = VERTEX_POINT('',#10728);
#10728 = CARTESIAN_POINT('',(76.660236447792,-4.185371165949,7.6));
#10729 = LINE('',#10730,#10731);
#10730 = CARTESIAN_POINT('',(76.660236447792,-4.185371165949,6.2));
#10731 = VECTOR('',#10732,1.);
#10732 = DIRECTION('',(0.,0.,1.));
#10733 = ORIENTED_EDGE('',*,*,#10734,.F.);
#10734 = EDGE_CURVE('',#10703,#10727,#10735,.T.);
#10735 = LINE('',#10736,#10737);
#10736 = CARTESIAN_POINT('',(77.67232896686,-24.78698767134,7.6));
#10737 = VECTOR('',#10738,1.);
#10738 = DIRECTION('',(4.906767432738E-02,-0.998795456205,0.));
#10739 = ORIENTED_EDGE('',*,*,#10702,.F.);
#10740 = PLANE('',#10741);
#10741 = AXIS2_PLACEMENT_3D('',#10742,#10743,#10744);
#10742 = CARTESIAN_POINT('',(76.660236447792,-4.185371165949,6.2));
#10743 = DIRECTION('',(-0.998795456205,-4.906767432738E-02,0.));
#10744 = DIRECTION('',(-4.906767432738E-02,0.998795456205,0.));
#10745 = ADVANCED_FACE('',(#10746),#10764,.F.);
#10746 = FACE_BOUND('',#10747,.F.);
#10747 = EDGE_LOOP('',(#10748,#10749,#10757,#10763));
#10748 = ORIENTED_EDGE('',*,*,#599,.T.);
#10749 = ORIENTED_EDGE('',*,*,#10750,.T.);
#10750 = EDGE_CURVE('',#592,#10751,#10753,.T.);
#10751 = VERTEX_POINT('',#10752);
#10752 = CARTESIAN_POINT('',(76.694814221087,-4.418475578902,7.6));
#10753 = LINE('',#10754,#10755);
#10754 = CARTESIAN_POINT('',(76.694814221087,-4.418475578902,6.2));
#10755 = VECTOR('',#10756,1.);
#10756 = DIRECTION('',(0.,0.,1.));
#10757 = ORIENTED_EDGE('',*,*,#10758,.F.);
#10758 = EDGE_CURVE('',#10727,#10751,#10759,.T.);
#10759 = LINE('',#10760,#10761);
#10760 = CARTESIAN_POINT('',(79.682227663732,-24.55798111778,7.6));
#10761 = VECTOR('',#10762,1.);
#10762 = DIRECTION('',(0.146730474455,-0.989176509965,0.));
#10763 = ORIENTED_EDGE('',*,*,#10726,.F.);
#10764 = PLANE('',#10765);
#10765 = AXIS2_PLACEMENT_3D('',#10766,#10767,#10768);
#10766 = CARTESIAN_POINT('',(76.694814221087,-4.418475578902,6.2));
#10767 = DIRECTION('',(-0.989176509965,-0.146730474455,0.));
#10768 = DIRECTION('',(-0.146730474455,0.989176509965,0.));
#10769 = ADVANCED_FACE('',(#10770),#10788,.F.);
#10770 = FACE_BOUND('',#10771,.F.);
#10771 = EDGE_LOOP('',(#10772,#10773,#10781,#10787));
#10772 = ORIENTED_EDGE('',*,*,#591,.T.);
#10773 = ORIENTED_EDGE('',*,*,#10774,.T.);
#10774 = EDGE_CURVE('',#584,#10775,#10777,.T.);
#10775 = VERTEX_POINT('',#10776);
#10776 = CARTESIAN_POINT('',(76.752073720909,-4.647068315936,7.6));
#10777 = LINE('',#10778,#10779);
#10778 = CARTESIAN_POINT('',(76.752073720909,-4.647068315936,6.2));
#10779 = VECTOR('',#10780,1.);
#10780 = DIRECTION('',(0.,0.,1.));
#10781 = ORIENTED_EDGE('',*,*,#10782,.F.);
#10782 = EDGE_CURVE('',#10751,#10775,#10783,.T.);
#10783 = LINE('',#10784,#10785);
#10784 = CARTESIAN_POINT('',(81.586561612131,-23.94742585762,7.6));
#10785 = VECTOR('',#10786,1.);
#10786 = DIRECTION('',(0.242980179903,-0.970031253195,0.));
#10787 = ORIENTED_EDGE('',*,*,#10750,.F.);
#10788 = PLANE('',#10789);
#10789 = AXIS2_PLACEMENT_3D('',#10790,#10791,#10792);
#10790 = CARTESIAN_POINT('',(76.752073720909,-4.647068315936,6.2));
#10791 = DIRECTION('',(-0.970031253195,-0.242980179903,0.));
#10792 = DIRECTION('',(-0.242980179903,0.970031253195,0.));
#10793 = ADVANCED_FACE('',(#10794),#10812,.F.);
#10794 = FACE_BOUND('',#10795,.F.);
#10795 = EDGE_LOOP('',(#10796,#10797,#10805,#10811));
#10796 = ORIENTED_EDGE('',*,*,#583,.T.);
#10797 = ORIENTED_EDGE('',*,*,#10798,.T.);
#10798 = EDGE_CURVE('',#576,#10799,#10801,.T.);
#10799 = VERTEX_POINT('',#10800);
#10800 = CARTESIAN_POINT('',(76.831463506972,-4.868947904032,7.6));
#10801 = LINE('',#10802,#10803);
#10802 = CARTESIAN_POINT('',(76.831463506972,-4.868947904032,6.2));
#10803 = VECTOR('',#10804,1.);
#10804 = DIRECTION('',(0.,0.,1.));
#10805 = ORIENTED_EDGE('',*,*,#10806,.F.);
#10806 = EDGE_CURVE('',#10775,#10799,#10807,.T.);
#10807 = LINE('',#10808,#10809);
#10808 = CARTESIAN_POINT('',(83.31363403442,-22.9854008876,7.6));
#10809 = VECTOR('',#10810,1.);
#10810 = DIRECTION('',(0.336889853392,-0.941544065183,0.));
#10811 = ORIENTED_EDGE('',*,*,#10774,.F.);
#10812 = PLANE('',#10813);
#10813 = AXIS2_PLACEMENT_3D('',#10814,#10815,#10816);
#10814 = CARTESIAN_POINT('',(76.831463506972,-4.868947904032,6.2));
#10815 = DIRECTION('',(-0.941544065183,-0.336889853392,0.));
#10816 = DIRECTION('',(-0.336889853392,0.941544065183,0.));
#10817 = ADVANCED_FACE('',(#10818),#10836,.F.);
#10818 = FACE_BOUND('',#10819,.F.);
#10819 = EDGE_LOOP('',(#10820,#10821,#10829,#10835));
#10820 = ORIENTED_EDGE('',*,*,#575,.T.);
#10821 = ORIENTED_EDGE('',*,*,#10822,.T.);
#10822 = EDGE_CURVE('',#568,#10823,#10825,.T.);
#10823 = VERTEX_POINT('',#10824);
#10824 = CARTESIAN_POINT('',(76.932219012239,-5.081977521463,7.6));
#10825 = LINE('',#10826,#10827);
#10826 = CARTESIAN_POINT('',(76.932219012239,-5.081977521463,6.2));
#10827 = VECTOR('',#10828,1.);
#10828 = DIRECTION('',(0.,0.,1.));
#10829 = ORIENTED_EDGE('',*,*,#10830,.F.);
#10830 = EDGE_CURVE('',#10799,#10823,#10831,.T.);
#10831 = LINE('',#10832,#10833);
#10832 = CARTESIAN_POINT('',(84.799201511946,-21.71531450703,7.6));
#10833 = VECTOR('',#10834,1.);
#10834 = DIRECTION('',(0.42755509343,-0.903989293123,0.));
#10835 = ORIENTED_EDGE('',*,*,#10798,.F.);
#10836 = PLANE('',#10837);
#10837 = AXIS2_PLACEMENT_3D('',#10838,#10839,#10840);
#10838 = CARTESIAN_POINT('',(76.932219012239,-5.081977521463,6.2));
#10839 = DIRECTION('',(-0.903989293123,-0.42755509343,0.));
#10840 = DIRECTION('',(-0.42755509343,0.903989293123,0.));
#10841 = ADVANCED_FACE('',(#10842),#10860,.F.);
#10842 = FACE_BOUND('',#10843,.F.);
#10843 = EDGE_LOOP('',(#10844,#10845,#10853,#10859));
#10844 = ORIENTED_EDGE('',*,*,#567,.T.);
#10845 = ORIENTED_EDGE('',*,*,#10846,.T.);
#10846 = EDGE_CURVE('',#560,#10847,#10849,.T.);
#10847 = VERTEX_POINT('',#10848);
#10848 = CARTESIAN_POINT('',(77.053369906114,-5.284105576561,7.6));
#10849 = LINE('',#10850,#10851);
#10850 = CARTESIAN_POINT('',(77.053369906114,-5.284105576561,6.2));
#10851 = VECTOR('',#10852,1.);
#10852 = DIRECTION('',(0.,0.,1.));
#10853 = ORIENTED_EDGE('',*,*,#10854,.F.);
#10854 = EDGE_CURVE('',#10823,#10847,#10855,.T.);
#10855 = LINE('',#10856,#10857);
#10856 = CARTESIAN_POINT('',(85.988922339367,-20.19217415764,7.6));
#10857 = VECTOR('',#10858,1.);
#10858 = DIRECTION('',(0.514102744193,-0.85772861,0.));
#10859 = ORIENTED_EDGE('',*,*,#10822,.F.);
#10860 = PLANE('',#10861);
#10861 = AXIS2_PLACEMENT_3D('',#10862,#10863,#10864);
#10862 = CARTESIAN_POINT('',(77.053369906114,-5.284105576561,6.2));
#10863 = DIRECTION('',(-0.85772861,-0.514102744193,0.));
#10864 = DIRECTION('',(-0.514102744193,0.85772861,0.));
#10865 = ADVANCED_FACE('',(#10866),#10884,.F.);
#10866 = FACE_BOUND('',#10867,.F.);
#10867 = EDGE_LOOP('',(#10868,#10869,#10877,#10883));
#10868 = ORIENTED_EDGE('',*,*,#559,.T.);
#10869 = ORIENTED_EDGE('',*,*,#10870,.T.);
#10870 = EDGE_CURVE('',#552,#10871,#10873,.T.);
#10871 = VERTEX_POINT('',#10872);
#10872 = CARTESIAN_POINT('',(77.193749439263,-5.47338546566,7.6));
#10873 = LINE('',#10874,#10875);
#10874 = CARTESIAN_POINT('',(77.193749439263,-5.47338546566,6.2));
#10875 = VECTOR('',#10876,1.);
#10876 = DIRECTION('',(0.,0.,1.));
#10877 = ORIENTED_EDGE('',*,*,#10878,.F.);
#10878 = EDGE_CURVE('',#10847,#10871,#10879,.T.);
#10879 = LINE('',#10880,#10881);
#10880 = CARTESIAN_POINT('',(86.840418382913,-18.48041282125,7.6));
#10881 = VECTOR('',#10882,1.);
#10882 = DIRECTION('',(0.595699304492,-0.803207531481,0.));
#10883 = ORIENTED_EDGE('',*,*,#10846,.F.);
#10884 = PLANE('',#10885);
#10885 = AXIS2_PLACEMENT_3D('',#10886,#10887,#10888);
#10886 = CARTESIAN_POINT('',(77.193749439263,-5.47338546566,6.2));
#10887 = DIRECTION('',(-0.803207531481,-0.595699304492,0.));
#10888 = DIRECTION('',(-0.595699304492,0.803207531481,0.));
#10889 = ADVANCED_FACE('',(#10890),#10908,.F.);
#10890 = FACE_BOUND('',#10891,.F.);
#10891 = EDGE_LOOP('',(#10892,#10893,#10901,#10907));
#10892 = ORIENTED_EDGE('',*,*,#551,.T.);
#10893 = ORIENTED_EDGE('',*,*,#10894,.T.);
#10894 = EDGE_CURVE('',#544,#10895,#10897,.T.);
#10895 = VERTEX_POINT('',#10896);
#10896 = CARTESIAN_POINT('',(77.352005680042,-5.647994319958,7.6));
#10897 = LINE('',#10898,#10899);
#10898 = CARTESIAN_POINT('',(77.352005680042,-5.647994319958,6.2));
#10899 = VECTOR('',#10900,1.);
#10900 = DIRECTION('',(0.,0.,1.));
#10901 = ORIENTED_EDGE('',*,*,#10902,.F.);
#10902 = EDGE_CURVE('',#10871,#10895,#10903,.T.);
#10903 = LINE('',#10904,#10905);
#10904 = CARTESIAN_POINT('',(87.324871461364,-16.65135608045,7.6));
#10905 = VECTOR('',#10906,1.);
#10906 = DIRECTION('',(0.671558954847,-0.740951125355,0.));
#10907 = ORIENTED_EDGE('',*,*,#10870,.F.);
#10908 = PLANE('',#10909);
#10909 = AXIS2_PLACEMENT_3D('',#10910,#10911,#10912);
#10910 = CARTESIAN_POINT('',(77.352005680042,-5.647994319958,6.2));
#10911 = DIRECTION('',(-0.740951125355,-0.671558954847,0.));
#10912 = DIRECTION('',(-0.671558954847,0.740951125355,0.));
#10913 = ADVANCED_FACE('',(#10914),#10932,.F.);
#10914 = FACE_BOUND('',#10915,.F.);
#10915 = EDGE_LOOP('',(#10916,#10917,#10925,#10931));
#10916 = ORIENTED_EDGE('',*,*,#543,.T.);
#10917 = ORIENTED_EDGE('',*,*,#10918,.T.);
#10918 = EDGE_CURVE('',#536,#10919,#10921,.T.);
#10919 = VERTEX_POINT('',#10920);
#10920 = CARTESIAN_POINT('',(77.52661453434,-5.806250560737,7.6));
#10921 = LINE('',#10922,#10923);
#10922 = CARTESIAN_POINT('',(77.52661453434,-5.806250560737,6.2));
#10923 = VECTOR('',#10924,1.);
#10924 = DIRECTION('',(0.,0.,1.));
#10925 = ORIENTED_EDGE('',*,*,#10926,.F.);
#10926 = EDGE_CURVE('',#10895,#10919,#10927,.T.);
#10927 = LINE('',#10928,#10929);
#10928 = CARTESIAN_POINT('',(87.428093211727,-14.78042772909,7.6));
#10929 = VECTOR('',#10930,1.);
#10930 = DIRECTION('',(0.740951125355,-0.671558954847,0.));
#10931 = ORIENTED_EDGE('',*,*,#10894,.F.);
#10932 = PLANE('',#10933);
#10933 = AXIS2_PLACEMENT_3D('',#10934,#10935,#10936);
#10934 = CARTESIAN_POINT('',(77.52661453434,-5.806250560737,6.2));
#10935 = DIRECTION('',(-0.671558954847,-0.740951125355,0.));
#10936 = DIRECTION('',(-0.740951125355,0.671558954847,0.));
#10937 = ADVANCED_FACE('',(#10938),#10956,.F.);
#10938 = FACE_BOUND('',#10939,.F.);
#10939 = EDGE_LOOP('',(#10940,#10941,#10949,#10955));
#10940 = ORIENTED_EDGE('',*,*,#535,.T.);
#10941 = ORIENTED_EDGE('',*,*,#10942,.T.);
#10942 = EDGE_CURVE('',#528,#10943,#10945,.T.);
#10943 = VERTEX_POINT('',#10944);
#10944 = CARTESIAN_POINT('',(77.715894423439,-5.946630093886,7.6));
#10945 = LINE('',#10946,#10947);
#10946 = CARTESIAN_POINT('',(77.715894423439,-5.946630093886,6.2));
#10947 = VECTOR('',#10948,1.);
#10948 = DIRECTION('',(0.,0.,1.));
#10949 = ORIENTED_EDGE('',*,*,#10950,.F.);
#10950 = EDGE_CURVE('',#10919,#10943,#10951,.T.);
#10951 = LINE('',#10952,#10953);
#10952 = CARTESIAN_POINT('',(87.151027687364,-12.94420183322,7.6));
#10953 = VECTOR('',#10954,1.);
#10954 = DIRECTION('',(0.803207531481,-0.595699304492,0.));
#10955 = ORIENTED_EDGE('',*,*,#10918,.F.);
#10956 = PLANE('',#10957);
#10957 = AXIS2_PLACEMENT_3D('',#10958,#10959,#10960);
#10958 = CARTESIAN_POINT('',(77.715894423439,-5.946630093886,6.2));
#10959 = DIRECTION('',(-0.595699304492,-0.803207531481,0.));
#10960 = DIRECTION('',(-0.803207531481,0.595699304492,0.));
#10961 = ADVANCED_FACE('',(#10962),#10980,.F.);
#10962 = FACE_BOUND('',#10963,.F.);
#10963 = EDGE_LOOP('',(#10964,#10965,#10973,#10979));
#10964 = ORIENTED_EDGE('',*,*,#527,.T.);
#10965 = ORIENTED_EDGE('',*,*,#10966,.T.);
#10966 = EDGE_CURVE('',#520,#10967,#10969,.T.);
#10967 = VERTEX_POINT('',#10968);
#10968 = CARTESIAN_POINT('',(77.918022478537,-6.067780987761,7.6));
#10969 = LINE('',#10970,#10971);
#10970 = CARTESIAN_POINT('',(77.918022478537,-6.067780987761,6.2));
#10971 = VECTOR('',#10972,1.);
#10972 = DIRECTION('',(0.,0.,1.));
#10973 = ORIENTED_EDGE('',*,*,#10974,.F.);
#10974 = EDGE_CURVE('',#10943,#10967,#10975,.T.);
#10975 = LINE('',#10976,#10977);
#10976 = CARTESIAN_POINT('',(86.509667784793,-11.2174150067,7.6));
#10977 = VECTOR('',#10978,1.);
#10978 = DIRECTION('',(0.85772861,-0.514102744193,0.));
#10979 = ORIENTED_EDGE('',*,*,#10942,.F.);
#10980 = PLANE('',#10981);
#10981 = AXIS2_PLACEMENT_3D('',#10982,#10983,#10984);
#10982 = CARTESIAN_POINT('',(77.918022478537,-6.067780987761,6.2));
#10983 = DIRECTION('',(-0.514102744193,-0.85772861,0.));
#10984 = DIRECTION('',(-0.85772861,0.514102744193,0.));
#10985 = ADVANCED_FACE('',(#10986),#11004,.F.);
#10986 = FACE_BOUND('',#10987,.F.);
#10987 = EDGE_LOOP('',(#10988,#10989,#10997,#11003));
#10988 = ORIENTED_EDGE('',*,*,#519,.T.);
#10989 = ORIENTED_EDGE('',*,*,#10990,.T.);
#10990 = EDGE_CURVE('',#512,#10991,#10993,.T.);
#10991 = VERTEX_POINT('',#10992);
#10992 = CARTESIAN_POINT('',(78.131052095968,-6.168536493028,7.6));
#10993 = LINE('',#10994,#10995);
#10994 = CARTESIAN_POINT('',(78.131052095968,-6.168536493028,6.2));
#10995 = VECTOR('',#10996,1.);
#10996 = DIRECTION('',(0.,0.,1.));
#10997 = ORIENTED_EDGE('',*,*,#10998,.F.);
#10998 = EDGE_CURVE('',#10967,#10991,#10999,.T.);
#10999 = LINE('',#11000,#11001);
#11000 = CARTESIAN_POINT('',(85.534389166291,-9.670054151341,7.6));
#11001 = VECTOR('',#11002,1.);
#11002 = DIRECTION('',(0.903989293123,-0.42755509343,0.));
#11003 = ORIENTED_EDGE('',*,*,#10966,.F.);
#11004 = PLANE('',#11005);
#11005 = AXIS2_PLACEMENT_3D('',#11006,#11007,#11008);
#11006 = CARTESIAN_POINT('',(78.131052095968,-6.168536493028,6.2));
#11007 = DIRECTION('',(-0.42755509343,-0.903989293123,0.));
#11008 = DIRECTION('',(-0.903989293123,0.42755509343,0.));
#11009 = ADVANCED_FACE('',(#11010),#11028,.F.);
#11010 = FACE_BOUND('',#11011,.F.);
#11011 = EDGE_LOOP('',(#11012,#11013,#11021,#11027));
#11012 = ORIENTED_EDGE('',*,*,#511,.T.);
#11013 = ORIENTED_EDGE('',*,*,#11014,.T.);
#11014 = EDGE_CURVE('',#504,#11015,#11017,.T.);
#11015 = VERTEX_POINT('',#11016);
#11016 = CARTESIAN_POINT('',(78.352931684063,-6.247926279091,7.6));
#11017 = LINE('',#11018,#11019);
#11018 = CARTESIAN_POINT('',(78.352931684063,-6.247926279091,6.2));
#11019 = VECTOR('',#11020,1.);
#11020 = DIRECTION('',(0.,0.,1.));
#11021 = ORIENTED_EDGE('',*,*,#11022,.F.);
#11022 = EDGE_CURVE('',#10991,#11015,#11023,.T.);
#11023 = LINE('',#11024,#11025);
#11024 = CARTESIAN_POINT('',(84.268727771054,-8.364631965147,7.6));
#11025 = VECTOR('',#11026,1.);
#11026 = DIRECTION('',(0.941544065183,-0.336889853392,0.));
#11027 = ORIENTED_EDGE('',*,*,#10990,.F.);
#11028 = PLANE('',#11029);
#11029 = AXIS2_PLACEMENT_3D('',#11030,#11031,#11032);
#11030 = CARTESIAN_POINT('',(78.352931684063,-6.247926279091,6.2));
#11031 = DIRECTION('',(-0.336889853392,-0.941544065183,0.));
#11032 = DIRECTION('',(-0.941544065183,0.336889853392,0.));
#11033 = ADVANCED_FACE('',(#11034),#11052,.F.);
#11034 = FACE_BOUND('',#11035,.F.);
#11035 = EDGE_LOOP('',(#11036,#11037,#11045,#11051));
#11036 = ORIENTED_EDGE('',*,*,#503,.T.);
#11037 = ORIENTED_EDGE('',*,*,#11038,.T.);
#11038 = EDGE_CURVE('',#496,#11039,#11041,.T.);
#11039 = VERTEX_POINT('',#11040);
#11040 = CARTESIAN_POINT('',(78.581524421098,-6.305185778913,7.6));
#11041 = LINE('',#11042,#11043);
#11042 = CARTESIAN_POINT('',(78.581524421098,-6.305185778913,6.2));
#11043 = VECTOR('',#11044,1.);
#11044 = DIRECTION('',(0.,0.,1.));
#11045 = ORIENTED_EDGE('',*,*,#11046,.F.);
#11046 = EDGE_CURVE('',#11015,#11039,#11047,.T.);
#11047 = LINE('',#11048,#11049);
#11048 = CARTESIAN_POINT('',(82.767648425783,-7.35375525583,7.6));
#11049 = VECTOR('',#11050,1.);
#11050 = DIRECTION('',(0.970031253195,-0.242980179903,0.));
#11051 = ORIENTED_EDGE('',*,*,#11014,.F.);
#11052 = PLANE('',#11053);
#11053 = AXIS2_PLACEMENT_3D('',#11054,#11055,#11056);
#11054 = CARTESIAN_POINT('',(78.581524421098,-6.305185778913,6.2));
#11055 = DIRECTION('',(-0.242980179903,-0.970031253195,0.));
#11056 = DIRECTION('',(-0.970031253195,0.242980179903,0.));
#11057 = ADVANCED_FACE('',(#11058),#11076,.F.);
#11058 = FACE_BOUND('',#11059,.F.);
#11059 = EDGE_LOOP('',(#11060,#11061,#11069,#11075));
#11060 = ORIENTED_EDGE('',*,*,#495,.T.);
#11061 = ORIENTED_EDGE('',*,*,#11062,.T.);
#11062 = EDGE_CURVE('',#488,#11063,#11065,.T.);
#11063 = VERTEX_POINT('',#11064);
#11064 = CARTESIAN_POINT('',(78.814628834051,-6.339763552208,7.6));
#11065 = LINE('',#11066,#11067);
#11066 = CARTESIAN_POINT('',(78.814628834051,-6.339763552208,6.2));
#11067 = VECTOR('',#11068,1.);
#11068 = DIRECTION('',(0.,0.,1.));
#11069 = ORIENTED_EDGE('',*,*,#11070,.F.);
#11070 = EDGE_CURVE('',#11039,#11063,#11071,.T.);
#11071 = LINE('',#11072,#11073);
#11072 = CARTESIAN_POINT('',(81.095371652761,-6.678079790542,7.6));
#11073 = VECTOR('',#11074,1.);
#11074 = DIRECTION('',(0.989176509965,-0.146730474455,0.));
#11075 = ORIENTED_EDGE('',*,*,#11038,.F.);
#11076 = PLANE('',#11077);
#11077 = AXIS2_PLACEMENT_3D('',#11078,#11079,#11080);
#11078 = CARTESIAN_POINT('',(78.814628834051,-6.339763552208,6.2));
#11079 = DIRECTION('',(-0.146730474455,-0.989176509965,0.));
#11080 = DIRECTION('',(-0.989176509965,0.146730474455,0.));
#11081 = ADVANCED_FACE('',(#11082),#11100,.F.);
#11082 = FACE_BOUND('',#11083,.F.);
#11083 = EDGE_LOOP('',(#11084,#11085,#11093,#11099));
#11084 = ORIENTED_EDGE('',*,*,#487,.T.);
#11085 = ORIENTED_EDGE('',*,*,#11086,.T.);
#11086 = EDGE_CURVE('',#480,#11087,#11089,.T.);
#11087 = VERTEX_POINT('',#11088);
#11088 = CARTESIAN_POINT('',(79.02299651568,-6.35,7.6));
#11089 = LINE('',#11090,#11091);
#11090 = CARTESIAN_POINT('',(79.02299651568,-6.35,6.2));
#11091 = VECTOR('',#11092,1.);
#11092 = DIRECTION('',(0.,0.,1.));
#11093 = ORIENTED_EDGE('',*,*,#11094,.F.);
#11094 = EDGE_CURVE('',#11063,#11087,#11095,.T.);
#11095 = LINE('',#11096,#11097);
#11096 = CARTESIAN_POINT('',(79.309341034509,-6.364067204159,7.6));
#11097 = VECTOR('',#11098,1.);
#11098 = DIRECTION('',(0.998795456205,-4.906767432742E-02,0.));
#11099 = ORIENTED_EDGE('',*,*,#11062,.F.);
#11100 = PLANE('',#11101);
#11101 = AXIS2_PLACEMENT_3D('',#11102,#11103,#11104);
#11102 = CARTESIAN_POINT('',(79.02299651568,-6.35,6.2));
#11103 = DIRECTION('',(-4.906767432742E-02,-0.998795456205,0.));
#11104 = DIRECTION('',(-0.998795456205,4.906767432742E-02,0.));
#11105 = ADVANCED_FACE('',(#11106),#11124,.F.);
#11106 = FACE_BOUND('',#11107,.F.);
#11107 = EDGE_LOOP('',(#11108,#11109,#11117,#11123));
#11108 = ORIENTED_EDGE('',*,*,#479,.T.);
#11109 = ORIENTED_EDGE('',*,*,#11110,.T.);
#11110 = EDGE_CURVE('',#472,#11111,#11113,.T.);
#11111 = VERTEX_POINT('',#11112);
#11112 = CARTESIAN_POINT('',(94.458131650815,-6.35,7.6));
#11113 = LINE('',#11114,#11115);
#11114 = CARTESIAN_POINT('',(94.458131650815,-6.35,6.2));
#11115 = VECTOR('',#11116,1.);
#11116 = DIRECTION('',(0.,0.,1.));
#11117 = ORIENTED_EDGE('',*,*,#11118,.F.);
#11118 = EDGE_CURVE('',#11087,#11111,#11119,.T.);
#11119 = LINE('',#11120,#11121);
#11120 = CARTESIAN_POINT('',(86.067461928085,-6.35,7.6));
#11121 = VECTOR('',#11122,1.);
#11122 = DIRECTION('',(1.,0.,0.));
#11123 = ORIENTED_EDGE('',*,*,#11086,.F.);
#11124 = PLANE('',#11125);
#11125 = AXIS2_PLACEMENT_3D('',#11126,#11127,#11128);
#11126 = CARTESIAN_POINT('',(94.458131650815,-6.35,6.2));
#11127 = DIRECTION('',(0.,-1.,0.));
#11128 = DIRECTION('',(-1.,0.,0.));
#11129 = ADVANCED_FACE('',(#11130),#11148,.F.);
#11130 = FACE_BOUND('',#11131,.F.);
#11131 = EDGE_LOOP('',(#11132,#11133,#11141,#11147));
#11132 = ORIENTED_EDGE('',*,*,#471,.T.);
#11133 = ORIENTED_EDGE('',*,*,#11134,.T.);
#11134 = EDGE_CURVE('',#464,#11135,#11137,.T.);
#11135 = VERTEX_POINT('',#11136);
#11136 = CARTESIAN_POINT('',(94.501164688572,-6.352114077581,7.6));
#11137 = LINE('',#11138,#11139);
#11138 = CARTESIAN_POINT('',(94.501164688572,-6.352114077581,6.2));
#11139 = VECTOR('',#11140,1.);
#11140 = DIRECTION('',(0.,0.,1.));
#11141 = ORIENTED_EDGE('',*,*,#11142,.F.);
#11142 = EDGE_CURVE('',#11111,#11135,#11143,.T.);
#11143 = LINE('',#11144,#11145);
#11144 = CARTESIAN_POINT('',(87.067006219587,-5.986897291313,7.6));
#11145 = VECTOR('',#11146,1.);
#11146 = DIRECTION('',(0.998795456205,-4.90676743274E-02,0.));
#11147 = ORIENTED_EDGE('',*,*,#11110,.F.);
#11148 = PLANE('',#11149);
#11149 = AXIS2_PLACEMENT_3D('',#11150,#11151,#11152);
#11150 = CARTESIAN_POINT('',(94.501164688572,-6.352114077581,6.2));
#11151 = DIRECTION('',(-4.90676743274E-02,-0.998795456205,0.));
#11152 = DIRECTION('',(-0.998795456205,4.90676743274E-02,0.));
#11153 = ADVANCED_FACE('',(#11154),#11172,.F.);
#11154 = FACE_BOUND('',#11155,.F.);
#11155 = EDGE_LOOP('',(#11156,#11157,#11165,#11171));
#11156 = ORIENTED_EDGE('',*,*,#463,.T.);
#11157 = ORIENTED_EDGE('',*,*,#11158,.T.);
#11158 = EDGE_CURVE('',#456,#11159,#11161,.T.);
#11159 = VERTEX_POINT('',#11160);
#11160 = CARTESIAN_POINT('',(94.517039868647,-6.354468938095,7.6));
#11161 = LINE('',#11162,#11163);
#11162 = CARTESIAN_POINT('',(94.517039868647,-6.354468938095,6.2));
#11163 = VECTOR('',#11164,1.);
#11164 = DIRECTION('',(0.,0.,1.));
#11165 = ORIENTED_EDGE('',*,*,#11166,.F.);
#11166 = EDGE_CURVE('',#11135,#11159,#11167,.T.);
#11167 = LINE('',#11168,#11169);
#11168 = CARTESIAN_POINT('',(89.114545119847,-5.55308454436,7.6));
#11169 = VECTOR('',#11170,1.);
#11170 = DIRECTION('',(0.989176509965,-0.146730474455,0.));
#11171 = ORIENTED_EDGE('',*,*,#11134,.F.);
#11172 = PLANE('',#11173);
#11173 = AXIS2_PLACEMENT_3D('',#11174,#11175,#11176);
#11174 = CARTESIAN_POINT('',(94.517039868647,-6.354468938095,6.2));
#11175 = DIRECTION('',(-0.146730474455,-0.989176509965,0.));
#11176 = DIRECTION('',(-0.989176509965,0.146730474455,0.));
#11177 = ADVANCED_FACE('',(#11178),#11196,.F.);
#11178 = FACE_BOUND('',#11179,.F.);
#11179 = EDGE_LOOP('',(#11180,#11181,#11189,#11195));
#11180 = ORIENTED_EDGE('',*,*,#455,.T.);
#11181 = ORIENTED_EDGE('',*,*,#11182,.T.);
#11182 = EDGE_CURVE('',#448,#11183,#11185,.T.);
#11183 = VERTEX_POINT('',#11184);
#11184 = CARTESIAN_POINT('',(94.532607788697,-6.358368499065,7.6));
#11185 = LINE('',#11186,#11187);
#11186 = CARTESIAN_POINT('',(94.532607788697,-6.358368499065,6.2));
#11187 = VECTOR('',#11188,1.);
#11188 = DIRECTION('',(0.,0.,1.));
#11189 = ORIENTED_EDGE('',*,*,#11190,.F.);
#11190 = EDGE_CURVE('',#11159,#11183,#11191,.T.);
#11191 = LINE('',#11192,#11193);
#11192 = CARTESIAN_POINT('',(91.20779350848,-5.525545876812,7.6));
#11193 = VECTOR('',#11194,1.);
#11194 = DIRECTION('',(0.970031253195,-0.242980179903,0.));
#11195 = ORIENTED_EDGE('',*,*,#11158,.F.);
#11196 = PLANE('',#11197);
#11197 = AXIS2_PLACEMENT_3D('',#11198,#11199,#11200);
#11198 = CARTESIAN_POINT('',(94.532607788697,-6.358368499065,6.2));
#11199 = DIRECTION('',(-0.242980179903,-0.970031253195,0.));
#11200 = DIRECTION('',(-0.970031253195,0.242980179903,0.));
#11201 = ADVANCED_FACE('',(#11202),#11220,.F.);
#11202 = FACE_BOUND('',#11203,.F.);
#11203 = EDGE_LOOP('',(#11204,#11205,#11213,#11219));
#11204 = ORIENTED_EDGE('',*,*,#447,.T.);
#11205 = ORIENTED_EDGE('',*,*,#11206,.T.);
#11206 = EDGE_CURVE('',#440,#11207,#11209,.T.);
#11207 = VERTEX_POINT('',#11208);
#11208 = CARTESIAN_POINT('',(94.547718521142,-6.363775205587,7.6));
#11209 = LINE('',#11210,#11211);
#11210 = CARTESIAN_POINT('',(94.547718521142,-6.363775205587,6.2));
#11211 = VECTOR('',#11212,1.);
#11212 = DIRECTION('',(0.,0.,1.));
#11213 = ORIENTED_EDGE('',*,*,#11214,.F.);
#11214 = EDGE_CURVE('',#11183,#11207,#11215,.T.);
#11215 = LINE('',#11216,#11217);
#11216 = CARTESIAN_POINT('',(93.266759574864,-5.905440765839,7.6));
#11217 = VECTOR('',#11218,1.);
#11218 = DIRECTION('',(0.941544065183,-0.336889853392,0.));
#11219 = ORIENTED_EDGE('',*,*,#11182,.F.);
#11220 = PLANE('',#11221);
#11221 = AXIS2_PLACEMENT_3D('',#11222,#11223,#11224);
#11222 = CARTESIAN_POINT('',(94.547718521142,-6.363775205587,6.2));
#11223 = DIRECTION('',(-0.336889853392,-0.941544065183,0.));
#11224 = DIRECTION('',(-0.941544065183,0.336889853392,0.));
#11225 = ADVANCED_FACE('',(#11226),#11244,.F.);
#11226 = FACE_BOUND('',#11227,.F.);
#11227 = EDGE_LOOP('',(#11228,#11229,#11237,#11243));
#11228 = ORIENTED_EDGE('',*,*,#439,.T.);
#11229 = ORIENTED_EDGE('',*,*,#11230,.T.);
#11230 = EDGE_CURVE('',#432,#11231,#11233,.T.);
#11231 = VERTEX_POINT('',#11232);
#11232 = CARTESIAN_POINT('',(94.562226541369,-6.370636988122,7.6));
#11233 = LINE('',#11234,#11235);
#11234 = CARTESIAN_POINT('',(94.562226541369,-6.370636988122,6.2));
#11235 = VECTOR('',#11236,1.);
#11236 = DIRECTION('',(0.,0.,1.));
#11237 = ORIENTED_EDGE('',*,*,#11238,.F.);
#11238 = EDGE_CURVE('',#11207,#11231,#11239,.T.);
#11239 = LINE('',#11240,#11241);
#11240 = CARTESIAN_POINT('',(95.212756871735,-6.678314920034,7.6));
#11241 = VECTOR('',#11242,1.);
#11242 = DIRECTION('',(0.903989293123,-0.42755509343,0.));
#11243 = ORIENTED_EDGE('',*,*,#11206,.F.);
#11244 = PLANE('',#11245);
#11245 = AXIS2_PLACEMENT_3D('',#11246,#11247,#11248);
#11246 = CARTESIAN_POINT('',(94.562226541369,-6.370636988122,6.2));
#11247 = DIRECTION('',(-0.42755509343,-0.903989293123,0.));
#11248 = DIRECTION('',(-0.903989293123,0.42755509343,0.));
#11249 = ADVANCED_FACE('',(#11250),#11268,.F.);
#11250 = FACE_BOUND('',#11251,.F.);
#11251 = EDGE_LOOP('',(#11252,#11253,#11261,#11267));
#11252 = ORIENTED_EDGE('',*,*,#431,.T.);
#11253 = ORIENTED_EDGE('',*,*,#11254,.T.);
#11254 = EDGE_CURVE('',#424,#11255,#11257,.T.);
#11255 = VERTEX_POINT('',#11256);
#11256 = CARTESIAN_POINT('',(94.575992129211,-6.378887763953,7.6));
#11257 = LINE('',#11258,#11259);
#11258 = CARTESIAN_POINT('',(94.575992129211,-6.378887763953,6.2));
#11259 = VECTOR('',#11260,1.);
#11260 = DIRECTION('',(0.,0.,1.));
#11261 = ORIENTED_EDGE('',*,*,#11262,.F.);
#11262 = EDGE_CURVE('',#11231,#11255,#11263,.T.);
#11263 = LINE('',#11264,#11265);
#11264 = CARTESIAN_POINT('',(96.971423968583,-7.814654354681,7.6));
#11265 = VECTOR('',#11266,1.);
#11266 = DIRECTION('',(0.85772861,-0.514102744193,0.));
#11267 = ORIENTED_EDGE('',*,*,#11230,.F.);
#11268 = PLANE('',#11269);
#11269 = AXIS2_PLACEMENT_3D('',#11270,#11271,#11272);
#11270 = CARTESIAN_POINT('',(94.575992129211,-6.378887763953,6.2));
#11271 = DIRECTION('',(-0.514102744193,-0.85772861,0.));
#11272 = DIRECTION('',(-0.85772861,0.514102744193,0.));
#11273 = ADVANCED_FACE('',(#11274),#11292,.F.);
#11274 = FACE_BOUND('',#11275,.F.);
#11275 = EDGE_LOOP('',(#11276,#11277,#11285,#11291));
#11276 = ORIENTED_EDGE('',*,*,#423,.T.);
#11277 = ORIENTED_EDGE('',*,*,#11278,.T.);
#11278 = EDGE_CURVE('',#416,#11279,#11281,.T.);
#11279 = VERTEX_POINT('',#11280);
#11280 = CARTESIAN_POINT('',(94.588882714532,-6.388448073598,7.6));
#11281 = LINE('',#11282,#11283);
#11282 = CARTESIAN_POINT('',(94.588882714532,-6.388448073598,6.2));
#11283 = VECTOR('',#11284,1.);
#11284 = DIRECTION('',(0.,0.,1.));
#11285 = ORIENTED_EDGE('',*,*,#11286,.F.);
#11286 = EDGE_CURVE('',#11255,#11279,#11287,.T.);
#11287 = LINE('',#11288,#11289);
#11288 = CARTESIAN_POINT('',(98.475578054126,-9.271017795401,7.6));
#11289 = VECTOR('',#11290,1.);
#11290 = DIRECTION('',(0.803207531481,-0.595699304492,0.));
#11291 = ORIENTED_EDGE('',*,*,#11254,.F.);
#11292 = PLANE('',#11293);
#11293 = AXIS2_PLACEMENT_3D('',#11294,#11295,#11296);
#11294 = CARTESIAN_POINT('',(94.588882714532,-6.388448073598,6.2));
#11295 = DIRECTION('',(-0.595699304492,-0.803207531481,0.));
#11296 = DIRECTION('',(-0.803207531481,0.595699304492,0.));
#11297 = ADVANCED_FACE('',(#11298),#11316,.F.);
#11298 = FACE_BOUND('',#11299,.F.);
#11299 = EDGE_LOOP('',(#11300,#11301,#11309,#11315));
#11300 = ORIENTED_EDGE('',*,*,#415,.T.);
#11301 = ORIENTED_EDGE('',*,*,#11302,.T.);
#11302 = EDGE_CURVE('',#408,#11303,#11305,.T.);
#11303 = VERTEX_POINT('',#11304);
#11304 = CARTESIAN_POINT('',(94.60077415395,-6.39922584605,7.6));
#11305 = LINE('',#11306,#11307);
#11306 = CARTESIAN_POINT('',(94.60077415395,-6.39922584605,6.2));
#11307 = VECTOR('',#11308,1.);
#11308 = DIRECTION('',(0.,0.,1.));
#11309 = ORIENTED_EDGE('',*,*,#11310,.F.);
#11310 = EDGE_CURVE('',#11279,#11303,#11311,.T.);
#11311 = LINE('',#11312,#11313);
#11312 = CARTESIAN_POINT('',(99.667792864761,-10.99170390995,7.6));
#11313 = VECTOR('',#11314,1.);
#11314 = DIRECTION('',(0.740951125355,-0.671558954847,0.));
#11315 = ORIENTED_EDGE('',*,*,#11278,.F.);
#11316 = PLANE('',#11317);
#11317 = AXIS2_PLACEMENT_3D('',#11318,#11319,#11320);
#11318 = CARTESIAN_POINT('',(94.60077415395,-6.39922584605,6.2));
#11319 = DIRECTION('',(-0.671558954847,-0.740951125355,0.));
#11320 = DIRECTION('',(-0.740951125355,0.671558954847,0.));
#11321 = ADVANCED_FACE('',(#11322),#11340,.F.);
#11322 = FACE_BOUND('',#11323,.F.);
#11323 = EDGE_LOOP('',(#11324,#11325,#11333,#11339));
#11324 = ORIENTED_EDGE('',*,*,#407,.T.);
#11325 = ORIENTED_EDGE('',*,*,#11326,.T.);
#11326 = EDGE_CURVE('',#400,#11327,#11329,.T.);
#11327 = VERTEX_POINT('',#11328);
#11328 = CARTESIAN_POINT('',(94.611551926402,-6.411117285468,7.6));
#11329 = LINE('',#11330,#11331);
#11330 = CARTESIAN_POINT('',(94.611551926402,-6.411117285468,6.2));
#11331 = VECTOR('',#11332,1.);
#11332 = DIRECTION('',(0.,0.,1.));
#11333 = ORIENTED_EDGE('',*,*,#11334,.F.);
#11334 = EDGE_CURVE('',#11303,#11327,#11335,.T.);
#11335 = LINE('',#11336,#11337);
#11336 = CARTESIAN_POINT('',(100.50260190778,-12.91088931847,7.6));
#11337 = VECTOR('',#11338,1.);
#11338 = DIRECTION('',(0.671558954847,-0.740951125355,0.));
#11339 = ORIENTED_EDGE('',*,*,#11302,.F.);
#11340 = PLANE('',#11341);
#11341 = AXIS2_PLACEMENT_3D('',#11342,#11343,#11344);
#11342 = CARTESIAN_POINT('',(94.611551926402,-6.411117285468,6.2));
#11343 = DIRECTION('',(-0.740951125355,-0.671558954847,0.));
#11344 = DIRECTION('',(-0.671558954847,0.740951125355,0.));
#11345 = ADVANCED_FACE('',(#11346),#11364,.F.);
#11346 = FACE_BOUND('',#11347,.F.);
#11347 = EDGE_LOOP('',(#11348,#11349,#11357,#11363));
#11348 = ORIENTED_EDGE('',*,*,#399,.T.);
#11349 = ORIENTED_EDGE('',*,*,#11350,.T.);
#11350 = EDGE_CURVE('',#392,#11351,#11353,.T.);
#11351 = VERTEX_POINT('',#11352);
#11352 = CARTESIAN_POINT('',(94.621112236047,-6.424007870789,7.6));
#11353 = LINE('',#11354,#11355);
#11354 = CARTESIAN_POINT('',(94.621112236047,-6.424007870789,6.2));
#11355 = VECTOR('',#11356,1.);
#11356 = DIRECTION('',(0.,0.,1.));
#11357 = ORIENTED_EDGE('',*,*,#11358,.F.);
#11358 = EDGE_CURVE('',#11327,#11351,#11359,.T.);
#11359 = LINE('',#11360,#11361);
#11360 = CARTESIAN_POINT('',(100.94824234583,-14.95515524415,7.6));
#11361 = VECTOR('',#11362,1.);
#11362 = DIRECTION('',(0.595699304493,-0.80320753148,0.));
#11363 = ORIENTED_EDGE('',*,*,#11326,.F.);
#11364 = PLANE('',#11365);
#11365 = AXIS2_PLACEMENT_3D('',#11366,#11367,#11368);
#11366 = CARTESIAN_POINT('',(94.621112236047,-6.424007870789,6.2));
#11367 = DIRECTION('',(-0.80320753148,-0.595699304493,0.));
#11368 = DIRECTION('',(-0.595699304493,0.80320753148,0.));
#11369 = ADVANCED_FACE('',(#11370),#11388,.F.);
#11370 = FACE_BOUND('',#11371,.F.);
#11371 = EDGE_LOOP('',(#11372,#11373,#11381,#11387));
#11372 = ORIENTED_EDGE('',*,*,#391,.T.);
#11373 = ORIENTED_EDGE('',*,*,#11374,.T.);
#11374 = EDGE_CURVE('',#384,#11375,#11377,.T.);
#11375 = VERTEX_POINT('',#11376);
#11376 = CARTESIAN_POINT('',(94.629363011878,-6.437773458631,7.6));
#11377 = LINE('',#11378,#11379);
#11378 = CARTESIAN_POINT('',(94.629363011878,-6.437773458631,6.2));
#11379 = VECTOR('',#11380,1.);
#11380 = DIRECTION('',(0.,0.,1.));
#11381 = ORIENTED_EDGE('',*,*,#11382,.F.);
#11382 = EDGE_CURVE('',#11351,#11375,#11383,.T.);
#11383 = LINE('',#11384,#11385);
#11384 = CARTESIAN_POINT('',(100.98787255852,-17.04630573495,7.6));
#11385 = VECTOR('',#11386,1.);
#11386 = DIRECTION('',(0.514102744193,-0.85772861,0.));
#11387 = ORIENTED_EDGE('',*,*,#11350,.F.);
#11388 = PLANE('',#11389);
#11389 = AXIS2_PLACEMENT_3D('',#11390,#11391,#11392);
#11390 = CARTESIAN_POINT('',(94.629363011878,-6.437773458631,6.2));
#11391 = DIRECTION('',(-0.85772861,-0.514102744193,0.));
#11392 = DIRECTION('',(-0.514102744193,0.85772861,0.));
#11393 = ADVANCED_FACE('',(#11394),#11412,.F.);
#11394 = FACE_BOUND('',#11395,.F.);
#11395 = EDGE_LOOP('',(#11396,#11397,#11405,#11411));
#11396 = ORIENTED_EDGE('',*,*,#383,.T.);
#11397 = ORIENTED_EDGE('',*,*,#11398,.T.);
#11398 = EDGE_CURVE('',#376,#11399,#11401,.T.);
#11399 = VERTEX_POINT('',#11400);
#11400 = CARTESIAN_POINT('',(94.636224794413,-6.452281478857,7.6));
#11401 = LINE('',#11402,#11403);
#11402 = CARTESIAN_POINT('',(94.636224794413,-6.452281478857,6.2));
#11403 = VECTOR('',#11404,1.);
#11404 = DIRECTION('',(0.,0.,1.));
#11405 = ORIENTED_EDGE('',*,*,#11406,.F.);
#11406 = EDGE_CURVE('',#11375,#11399,#11407,.T.);
#11407 = LINE('',#11408,#11409);
#11408 = CARTESIAN_POINT('',(100.62021662048,-19.10436918412,7.6));
#11409 = VECTOR('',#11410,1.);
#11410 = DIRECTION('',(0.42755509343,-0.903989293124,0.));
#11411 = ORIENTED_EDGE('',*,*,#11374,.F.);
#11412 = PLANE('',#11413);
#11413 = AXIS2_PLACEMENT_3D('',#11414,#11415,#11416);
#11414 = CARTESIAN_POINT('',(94.636224794413,-6.452281478857,6.2));
#11415 = DIRECTION('',(-0.903989293124,-0.42755509343,0.));
#11416 = DIRECTION('',(-0.42755509343,0.903989293124,0.));
#11417 = ADVANCED_FACE('',(#11418),#11436,.F.);
#11418 = FACE_BOUND('',#11419,.F.);
#11419 = EDGE_LOOP('',(#11420,#11421,#11429,#11435));
#11420 = ORIENTED_EDGE('',*,*,#375,.T.);
#11421 = ORIENTED_EDGE('',*,*,#11422,.T.);
#11422 = EDGE_CURVE('',#368,#11423,#11425,.T.);
#11423 = VERTEX_POINT('',#11424);
#11424 = CARTESIAN_POINT('',(94.641631500935,-6.467392211303,7.6));
#11425 = LINE('',#11426,#11427);
#11426 = CARTESIAN_POINT('',(94.641631500935,-6.467392211303,6.2));
#11427 = VECTOR('',#11428,1.);
#11428 = DIRECTION('',(0.,0.,1.));
#11429 = ORIENTED_EDGE('',*,*,#11430,.F.);
#11430 = EDGE_CURVE('',#11399,#11423,#11431,.T.);
#11431 = LINE('',#11432,#11433);
#11432 = CARTESIAN_POINT('',(99.859610955356,-21.05066783709,7.6));
#11433 = VECTOR('',#11434,1.);
#11434 = DIRECTION('',(0.336889853393,-0.941544065183,0.));
#11435 = ORIENTED_EDGE('',*,*,#11398,.F.);
#11436 = PLANE('',#11437);
#11437 = AXIS2_PLACEMENT_3D('',#11438,#11439,#11440);
#11438 = CARTESIAN_POINT('',(94.641631500935,-6.467392211303,6.2));
#11439 = DIRECTION('',(-0.941544065183,-0.336889853393,0.));
#11440 = DIRECTION('',(-0.336889853393,0.941544065183,0.));
#11441 = ADVANCED_FACE('',(#11442),#11460,.F.);
#11442 = FACE_BOUND('',#11443,.F.);
#11443 = EDGE_LOOP('',(#11444,#11445,#11453,#11459));
#11444 = ORIENTED_EDGE('',*,*,#367,.T.);
#11445 = ORIENTED_EDGE('',*,*,#11446,.T.);
#11446 = EDGE_CURVE('',#360,#11447,#11449,.T.);
#11447 = VERTEX_POINT('',#11448);
#11448 = CARTESIAN_POINT('',(94.645531061905,-6.482960131353,7.6));
#11449 = LINE('',#11450,#11451);
#11450 = CARTESIAN_POINT('',(94.645531061905,-6.482960131353,6.2));
#11451 = VECTOR('',#11452,1.);
#11452 = DIRECTION('',(0.,0.,1.));
#11453 = ORIENTED_EDGE('',*,*,#11454,.F.);
#11454 = EDGE_CURVE('',#11423,#11447,#11455,.T.);
#11455 = LINE('',#11456,#11457);
#11456 = CARTESIAN_POINT('',(98.735451395569,-22.81083736116,7.6));
#11457 = VECTOR('',#11458,1.);
#11458 = DIRECTION('',(0.242980179903,-0.970031253195,0.));
#11459 = ORIENTED_EDGE('',*,*,#11422,.F.);
#11460 = PLANE('',#11461);
#11461 = AXIS2_PLACEMENT_3D('',#11462,#11463,#11464);
#11462 = CARTESIAN_POINT('',(94.645531061905,-6.482960131353,6.2));
#11463 = DIRECTION('',(-0.970031253195,-0.242980179903,0.));
#11464 = DIRECTION('',(-0.242980179903,0.970031253195,0.));
#11465 = ADVANCED_FACE('',(#11466),#11484,.F.);
#11466 = FACE_BOUND('',#11467,.F.);
#11467 = EDGE_LOOP('',(#11468,#11469,#11477,#11483));
#11468 = ORIENTED_EDGE('',*,*,#359,.T.);
#11469 = ORIENTED_EDGE('',*,*,#11470,.T.);
#11470 = EDGE_CURVE('',#352,#11471,#11473,.T.);
#11471 = VERTEX_POINT('',#11472);
#11472 = CARTESIAN_POINT('',(94.647885922419,-6.498835311428,7.6));
#11473 = LINE('',#11474,#11475);
#11474 = CARTESIAN_POINT('',(94.647885922419,-6.498835311428,6.2));
#11475 = VECTOR('',#11476,1.);
#11476 = DIRECTION('',(0.,0.,1.));
#11477 = ORIENTED_EDGE('',*,*,#11478,.F.);
#11478 = EDGE_CURVE('',#11447,#11471,#11479,.T.);
#11479 = LINE('',#11480,#11481);
#11480 = CARTESIAN_POINT('',(97.291061916673,-24.31768047581,7.6));
#11481 = VECTOR('',#11482,1.);
#11482 = DIRECTION('',(0.146730474455,-0.989176509965,0.));
#11483 = ORIENTED_EDGE('',*,*,#11446,.F.);
#11484 = PLANE('',#11485);
#11485 = AXIS2_PLACEMENT_3D('',#11486,#11487,#11488);
#11486 = CARTESIAN_POINT('',(94.647885922419,-6.498835311428,6.2));
#11487 = DIRECTION('',(-0.989176509965,-0.146730474455,0.));
#11488 = DIRECTION('',(-0.146730474455,0.989176509965,0.));
#11489 = ADVANCED_FACE('',(#11490),#11508,.F.);
#11490 = FACE_BOUND('',#11491,.F.);
#11491 = EDGE_LOOP('',(#11492,#11493,#11501,#11507));
#11492 = ORIENTED_EDGE('',*,*,#351,.T.);
#11493 = ORIENTED_EDGE('',*,*,#11494,.T.);
#11494 = EDGE_CURVE('',#344,#11495,#11497,.T.);
#11495 = VERTEX_POINT('',#11496);
#11496 = CARTESIAN_POINT('',(94.65,-6.541868349185,7.6));
#11497 = LINE('',#11498,#11499);
#11498 = CARTESIAN_POINT('',(94.65,-6.541868349185,6.2));
#11499 = VECTOR('',#11500,1.);
#11500 = DIRECTION('',(0.,0.,1.));
#11501 = ORIENTED_EDGE('',*,*,#11502,.F.);
#11502 = EDGE_CURVE('',#11471,#11495,#11503,.T.);
#11503 = LINE('',#11504,#11505);
#11504 = CARTESIAN_POINT('',(95.582691833144,-25.52724676281,7.6));
#11505 = VECTOR('',#11506,1.);
#11506 = DIRECTION('',(4.906767432746E-02,-0.998795456205,0.));
#11507 = ORIENTED_EDGE('',*,*,#11470,.F.);
#11508 = PLANE('',#11509);
#11509 = AXIS2_PLACEMENT_3D('',#11510,#11511,#11512);
#11510 = CARTESIAN_POINT('',(94.65,-6.541868349185,6.2));
#11511 = DIRECTION('',(-0.998795456205,-4.906767432746E-02,0.));
#11512 = DIRECTION('',(-4.906767432746E-02,0.998795456205,0.));
#11513 = ADVANCED_FACE('',(#11514),#11532,.F.);
#11514 = FACE_BOUND('',#11515,.F.);
#11515 = EDGE_LOOP('',(#11516,#11517,#11525,#11531));
#11516 = ORIENTED_EDGE('',*,*,#343,.T.);
#11517 = ORIENTED_EDGE('',*,*,#11518,.T.);
#11518 = EDGE_CURVE('',#336,#11519,#11521,.T.);
#11519 = VERTEX_POINT('',#11520);
#11520 = CARTESIAN_POINT('',(94.65,-6.591868349185,7.6));
#11521 = LINE('',#11522,#11523);
#11522 = CARTESIAN_POINT('',(94.65,-6.591868349185,6.2));
#11523 = VECTOR('',#11524,1.);
#11524 = DIRECTION('',(0.,0.,1.));
#11525 = ORIENTED_EDGE('',*,*,#11526,.F.);
#11526 = EDGE_CURVE('',#11495,#11519,#11527,.T.);
#11527 = LINE('',#11528,#11529);
#11528 = CARTESIAN_POINT('',(94.65,-26.0149870891,7.6));
#11529 = VECTOR('',#11530,1.);
#11530 = DIRECTION('',(0.,-1.,0.));
#11531 = ORIENTED_EDGE('',*,*,#11494,.F.);
#11532 = PLANE('',#11533);
#11533 = AXIS2_PLACEMENT_3D('',#11534,#11535,#11536);
#11534 = CARTESIAN_POINT('',(94.65,-6.591868349185,6.2));
#11535 = DIRECTION('',(-1.,0.,0.));
#11536 = DIRECTION('',(0.,1.,0.));
#11537 = ADVANCED_FACE('',(#11538),#11556,.F.);
#11538 = FACE_BOUND('',#11539,.F.);
#11539 = EDGE_LOOP('',(#11540,#11541,#11549,#11555));
#11540 = ORIENTED_EDGE('',*,*,#335,.T.);
#11541 = ORIENTED_EDGE('',*,*,#11542,.T.);
#11542 = EDGE_CURVE('',#328,#11543,#11545,.T.);
#11543 = VERTEX_POINT('',#11544);
#11544 = CARTESIAN_POINT('',(94.657275705408,-6.739968735071,7.6));
#11545 = LINE('',#11546,#11547);
#11546 = CARTESIAN_POINT('',(94.657275705408,-6.739968735071,6.2));
#11547 = VECTOR('',#11548,1.);
#11548 = DIRECTION('',(0.,0.,1.));
#11549 = ORIENTED_EDGE('',*,*,#11550,.F.);
#11550 = EDGE_CURVE('',#11519,#11543,#11551,.T.);
#11551 = LINE('',#11552,#11553);
#11552 = CARTESIAN_POINT('',(95.585104471593,-25.62635714667,7.6));
#11553 = VECTOR('',#11554,1.);
#11554 = DIRECTION('',(4.906767432743E-02,-0.998795456205,0.));
#11555 = ORIENTED_EDGE('',*,*,#11518,.F.);
#11556 = PLANE('',#11557);
#11557 = AXIS2_PLACEMENT_3D('',#11558,#11559,#11560);
#11558 = CARTESIAN_POINT('',(94.657275705408,-6.739968735071,6.2));
#11559 = DIRECTION('',(-0.998795456205,-4.906767432743E-02,0.));
#11560 = DIRECTION('',(-4.906767432743E-02,0.998795456205,0.));
#11561 = ADVANCED_FACE('',(#11562),#11580,.F.);
#11562 = FACE_BOUND('',#11563,.F.);
#11563 = EDGE_LOOP('',(#11564,#11565,#11573,#11579));
#11564 = ORIENTED_EDGE('',*,*,#327,.T.);
#11565 = ORIENTED_EDGE('',*,*,#11566,.T.);
#11566 = EDGE_CURVE('',#320,#11567,#11569,.T.);
#11567 = VERTEX_POINT('',#11568);
#11568 = CARTESIAN_POINT('',(94.682999765119,-6.913386259284,7.6));
#11569 = LINE('',#11570,#11571);
#11570 = CARTESIAN_POINT('',(94.682999765119,-6.913386259284,6.2));
#11571 = VECTOR('',#11572,1.);
#11572 = DIRECTION('',(0.,0.,1.));
#11573 = ORIENTED_EDGE('',*,*,#11574,.F.);
#11574 = EDGE_CURVE('',#11543,#11567,#11575,.T.);
#11575 = LINE('',#11576,#11577);
#11576 = CARTESIAN_POINT('',(97.295713314777,-24.52687030327,7.6));
#11577 = VECTOR('',#11578,1.);
#11578 = DIRECTION('',(0.146730474455,-0.989176509965,0.));
#11579 = ORIENTED_EDGE('',*,*,#11542,.F.);
#11580 = PLANE('',#11581);
#11581 = AXIS2_PLACEMENT_3D('',#11582,#11583,#11584);
#11582 = CARTESIAN_POINT('',(94.682999765119,-6.913386259284,6.2));
#11583 = DIRECTION('',(-0.989176509965,-0.146730474455,0.));
#11584 = DIRECTION('',(-0.146730474455,0.989176509965,0.));
#11585 = ADVANCED_FACE('',(#11586),#11604,.F.);
#11586 = FACE_BOUND('',#11587,.F.);
#11587 = EDGE_LOOP('',(#11588,#11589,#11597,#11603));
#11588 = ORIENTED_EDGE('',*,*,#319,.T.);
#11589 = ORIENTED_EDGE('',*,*,#11590,.T.);
#11590 = EDGE_CURVE('',#312,#11591,#11593,.T.);
#11591 = VERTEX_POINT('',#11592);
#11592 = CARTESIAN_POINT('',(94.725597846258,-7.083447331949,7.6));
#11593 = LINE('',#11594,#11595);
#11594 = CARTESIAN_POINT('',(94.725597846258,-7.083447331949,6.2));
#11595 = VECTOR('',#11596,1.);
#11596 = DIRECTION('',(0.,0.,1.));
#11597 = ORIENTED_EDGE('',*,*,#11598,.F.);
#11598 = EDGE_CURVE('',#11567,#11591,#11599,.T.);
#11599 = LINE('',#11600,#11601);
#11600 = CARTESIAN_POINT('',(98.742387707046,-23.11937134858,7.6));
#11601 = VECTOR('',#11602,1.);
#11602 = DIRECTION('',(0.242980179903,-0.970031253195,0.));
#11603 = ORIENTED_EDGE('',*,*,#11566,.F.);
#11604 = PLANE('',#11605);
#11605 = AXIS2_PLACEMENT_3D('',#11606,#11607,#11608);
#11606 = CARTESIAN_POINT('',(94.725597846258,-7.083447331949,6.2));
#11607 = DIRECTION('',(-0.970031253195,-0.242980179903,0.));
#11608 = DIRECTION('',(-0.242980179903,0.970031253195,0.));
#11609 = ADVANCED_FACE('',(#11610),#11628,.F.);
#11610 = FACE_BOUND('',#11611,.F.);
#11611 = EDGE_LOOP('',(#11612,#11613,#11621,#11627));
#11612 = ORIENTED_EDGE('',*,*,#311,.T.);
#11613 = ORIENTED_EDGE('',*,*,#11614,.T.);
#11614 = EDGE_CURVE('',#304,#11615,#11617,.T.);
#11615 = VERTEX_POINT('',#11616);
#11616 = CARTESIAN_POINT('',(94.784659706016,-7.248514171969,7.6));
#11617 = LINE('',#11618,#11619);
#11618 = CARTESIAN_POINT('',(94.784659706016,-7.248514171969,6.2));
#11619 = VECTOR('',#11620,1.);
#11620 = DIRECTION('',(0.,0.,1.));
#11621 = ORIENTED_EDGE('',*,*,#11622,.F.);
#11622 = EDGE_CURVE('',#11591,#11615,#11623,.T.);
#11623 = LINE('',#11624,#11625);
#11624 = CARTESIAN_POINT('',(99.870638052085,-21.46287141417,7.6));
#11625 = VECTOR('',#11626,1.);
#11626 = DIRECTION('',(0.336889853392,-0.941544065183,0.));
#11627 = ORIENTED_EDGE('',*,*,#11590,.F.);
#11628 = PLANE('',#11629);
#11629 = AXIS2_PLACEMENT_3D('',#11630,#11631,#11632);
#11630 = CARTESIAN_POINT('',(94.784659706016,-7.248514171969,6.2));
#11631 = DIRECTION('',(-0.941544065183,-0.336889853392,0.));
#11632 = DIRECTION('',(-0.336889853392,0.941544065183,0.));
#11633 = ADVANCED_FACE('',(#11634),#11652,.F.);
#11634 = FACE_BOUND('',#11635,.F.);
#11635 = EDGE_LOOP('',(#11636,#11637,#11645,#11651));
#11636 = ORIENTED_EDGE('',*,*,#303,.T.);
#11637 = ORIENTED_EDGE('',*,*,#11638,.T.);
#11638 = EDGE_CURVE('',#296,#11639,#11641,.T.);
#11639 = VERTEX_POINT('',#11640);
#11640 = CARTESIAN_POINT('',(94.859616546399,-7.406997095442,7.6));
#11641 = LINE('',#11642,#11643);
#11642 = CARTESIAN_POINT('',(94.859616546399,-7.406997095442,6.2));
#11643 = VECTOR('',#11644,1.);
#11644 = DIRECTION('',(0.,0.,1.));
#11645 = ORIENTED_EDGE('',*,*,#11646,.F.);
#11646 = EDGE_CURVE('',#11615,#11639,#11647,.T.);
#11647 = LINE('',#11648,#11649);
#11648 = CARTESIAN_POINT('',(100.63868870337,-19.62581856282,7.6));
#11649 = VECTOR('',#11650,1.);
#11650 = DIRECTION('',(0.42755509343,-0.903989293123,0.));
#11651 = ORIENTED_EDGE('',*,*,#11614,.F.);
#11652 = PLANE('',#11653);
#11653 = AXIS2_PLACEMENT_3D('',#11654,#11655,#11656);
#11654 = CARTESIAN_POINT('',(94.859616546399,-7.406997095442,6.2));
#11655 = DIRECTION('',(-0.903989293123,-0.42755509343,0.));
#11656 = DIRECTION('',(-0.42755509343,0.903989293123,0.));
#11657 = ADVANCED_FACE('',(#11658),#11676,.F.);
#11658 = FACE_BOUND('',#11659,.F.);
#11659 = EDGE_LOOP('',(#11660,#11661,#11669,#11675));
#11660 = ORIENTED_EDGE('',*,*,#295,.T.);
#11661 = ORIENTED_EDGE('',*,*,#11662,.T.);
#11662 = EDGE_CURVE('',#288,#11663,#11665,.T.);
#11663 = VERTEX_POINT('',#11664);
#11664 = CARTESIAN_POINT('',(94.949746492057,-7.557369825177,7.6));
#11665 = LINE('',#11666,#11667);
#11666 = CARTESIAN_POINT('',(94.949746492057,-7.557369825177,6.2));
#11667 = VECTOR('',#11668,1.);
#11668 = DIRECTION('',(0.,0.,1.));
#11669 = ORIENTED_EDGE('',*,*,#11670,.F.);
#11670 = EDGE_CURVE('',#11639,#11663,#11671,.T.);
#11671 = LINE('',#11672,#11673);
#11672 = CARTESIAN_POINT('',(101.01906813964,-17.68342124044,7.6));
#11673 = VECTOR('',#11674,1.);
#11674 = DIRECTION('',(0.514102744193,-0.85772861,0.));
#11675 = ORIENTED_EDGE('',*,*,#11638,.F.);
#11676 = PLANE('',#11677);
#11677 = AXIS2_PLACEMENT_3D('',#11678,#11679,#11680);
#11678 = CARTESIAN_POINT('',(94.949746492057,-7.557369825177,6.2));
#11679 = DIRECTION('',(-0.85772861,-0.514102744193,0.));
#11680 = DIRECTION('',(-0.514102744193,0.85772861,0.));
#11681 = ADVANCED_FACE('',(#11682),#11700,.F.);
#11682 = FACE_BOUND('',#11683,.F.);
#11683 = EDGE_LOOP('',(#11684,#11685,#11693,#11699));
#11684 = ORIENTED_EDGE('',*,*,#287,.T.);
#11685 = ORIENTED_EDGE('',*,*,#11686,.T.);
#11686 = EDGE_CURVE('',#280,#11687,#11689,.T.);
#11687 = VERTEX_POINT('',#11688);
#11688 = CARTESIAN_POINT('',(95.054181542344,-7.698184189587,7.6));
#11689 = LINE('',#11690,#11691);
#11690 = CARTESIAN_POINT('',(95.054181542344,-7.698184189587,6.2));
#11691 = VECTOR('',#11692,1.);
#11692 = DIRECTION('',(0.,0.,1.));
#11693 = ORIENTED_EDGE('',*,*,#11694,.F.);
#11694 = EDGE_CURVE('',#11663,#11687,#11695,.T.);
#11695 = LINE('',#11696,#11697);
#11696 = CARTESIAN_POINT('',(100.99964499293,-15.71471364605,7.6));
#11697 = VECTOR('',#11698,1.);
#11698 = DIRECTION('',(0.595699304492,-0.803207531481,0.));
#11699 = ORIENTED_EDGE('',*,*,#11662,.F.);
#11700 = PLANE('',#11701);
#11701 = AXIS2_PLACEMENT_3D('',#11702,#11703,#11704);
#11702 = CARTESIAN_POINT('',(95.054181542344,-7.698184189587,6.2));
#11703 = DIRECTION('',(-0.803207531481,-0.595699304492,0.));
#11704 = DIRECTION('',(-0.595699304492,0.803207531481,0.));
#11705 = ADVANCED_FACE('',(#11706),#11724,.F.);
#11706 = FACE_BOUND('',#11707,.F.);
#11707 = EDGE_LOOP('',(#11708,#11709,#11717,#11723));
#11708 = ORIENTED_EDGE('',*,*,#279,.T.);
#11709 = ORIENTED_EDGE('',*,*,#11710,.T.);
#11710 = EDGE_CURVE('',#272,#11711,#11713,.T.);
#11711 = VERTEX_POINT('',#11712);
#11712 = CARTESIAN_POINT('',(95.171915930636,-7.828084069364,7.6));
#11713 = LINE('',#11714,#11715);
#11714 = CARTESIAN_POINT('',(95.171915930636,-7.828084069364,6.2));
#11715 = VECTOR('',#11716,1.);
#11716 = DIRECTION('',(0.,0.,1.));
#11717 = ORIENTED_EDGE('',*,*,#11718,.F.);
#11718 = EDGE_CURVE('',#11687,#11711,#11719,.T.);
#11719 = LINE('',#11720,#11721);
#11720 = CARTESIAN_POINT('',(100.58407030488,-13.79947622377,7.6));
#11721 = VECTOR('',#11722,1.);
#11722 = DIRECTION('',(0.671558954847,-0.740951125355,0.));
#11723 = ORIENTED_EDGE('',*,*,#11686,.F.);
#11724 = PLANE('',#11725);
#11725 = AXIS2_PLACEMENT_3D('',#11726,#11727,#11728);
#11726 = CARTESIAN_POINT('',(95.171915930636,-7.828084069364,6.2));
#11727 = DIRECTION('',(-0.740951125355,-0.671558954847,0.));
#11728 = DIRECTION('',(-0.671558954847,0.740951125355,0.));
#11729 = ADVANCED_FACE('',(#11730),#11748,.F.);
#11730 = FACE_BOUND('',#11731,.F.);
#11731 = EDGE_LOOP('',(#11732,#11733,#11741,#11747));
#11732 = ORIENTED_EDGE('',*,*,#271,.T.);
#11733 = ORIENTED_EDGE('',*,*,#11734,.T.);
#11734 = EDGE_CURVE('',#264,#11735,#11737,.T.);
#11735 = VERTEX_POINT('',#11736);
#11736 = CARTESIAN_POINT('',(95.301815810413,-7.945818457656,7.6));
#11737 = LINE('',#11738,#11739);
#11738 = CARTESIAN_POINT('',(95.301815810413,-7.945818457656,6.2));
#11739 = VECTOR('',#11740,1.);
#11740 = DIRECTION('',(0.,0.,1.));
#11741 = ORIENTED_EDGE('',*,*,#11742,.F.);
#11742 = EDGE_CURVE('',#11711,#11735,#11743,.T.);
#11743 = LINE('',#11744,#11745);
#11744 = CARTESIAN_POINT('',(99.791609246144,-12.01513002761,7.6));
#11745 = VECTOR('',#11746,1.);
#11746 = DIRECTION('',(0.740951125355,-0.671558954847,0.));
#11747 = ORIENTED_EDGE('',*,*,#11710,.F.);
#11748 = PLANE('',#11749);
#11749 = AXIS2_PLACEMENT_3D('',#11750,#11751,#11752);
#11750 = CARTESIAN_POINT('',(95.301815810413,-7.945818457656,6.2));
#11751 = DIRECTION('',(-0.671558954847,-0.740951125355,0.));
#11752 = DIRECTION('',(-0.740951125355,0.671558954847,0.));
#11753 = ADVANCED_FACE('',(#11754),#11772,.F.);
#11754 = FACE_BOUND('',#11755,.F.);
#11755 = EDGE_LOOP('',(#11756,#11757,#11765,#11771));
#11756 = ORIENTED_EDGE('',*,*,#263,.T.);
#11757 = ORIENTED_EDGE('',*,*,#11758,.T.);
#11758 = EDGE_CURVE('',#256,#11759,#11761,.T.);
#11759 = VERTEX_POINT('',#11760);
#11760 = CARTESIAN_POINT('',(95.442630174823,-8.050253507943,7.6));
#11761 = LINE('',#11762,#11763);
#11762 = CARTESIAN_POINT('',(95.442630174823,-8.050253507943,6.2));
#11763 = VECTOR('',#11764,1.);
#11764 = DIRECTION('',(0.,0.,1.));
#11765 = ORIENTED_EDGE('',*,*,#11766,.F.);
#11766 = EDGE_CURVE('',#11735,#11759,#11767,.T.);
#11767 = LINE('',#11768,#11769);
#11768 = CARTESIAN_POINT('',(98.656369035284,-10.43372468937,7.6));
#11769 = VECTOR('',#11770,1.);
#11770 = DIRECTION('',(0.803207531481,-0.595699304492,0.));
#11771 = ORIENTED_EDGE('',*,*,#11734,.F.);
#11772 = PLANE('',#11773);
#11773 = AXIS2_PLACEMENT_3D('',#11774,#11775,#11776);
#11774 = CARTESIAN_POINT('',(95.442630174823,-8.050253507943,6.2));
#11775 = DIRECTION('',(-0.595699304492,-0.803207531481,0.));
#11776 = DIRECTION('',(-0.803207531481,0.595699304492,0.));
#11777 = ADVANCED_FACE('',(#11778),#11796,.F.);
#11778 = FACE_BOUND('',#11779,.F.);
#11779 = EDGE_LOOP('',(#11780,#11781,#11789,#11795));
#11780 = ORIENTED_EDGE('',*,*,#255,.T.);
#11781 = ORIENTED_EDGE('',*,*,#11782,.T.);
#11782 = EDGE_CURVE('',#248,#11783,#11785,.T.);
#11783 = VERTEX_POINT('',#11784);
#11784 = CARTESIAN_POINT('',(95.593002904558,-8.140383453601,7.6));
#11785 = LINE('',#11786,#11787);
#11786 = CARTESIAN_POINT('',(95.593002904558,-8.140383453601,6.2));
#11787 = VECTOR('',#11788,1.);
#11788 = DIRECTION('',(0.,0.,1.));
#11789 = ORIENTED_EDGE('',*,*,#11790,.F.);
#11790 = EDGE_CURVE('',#11759,#11783,#11791,.T.);
#11791 = LINE('',#11792,#11793);
#11792 = CARTESIAN_POINT('',(97.225953033446,-9.119136094709,7.6));
#11793 = VECTOR('',#11794,1.);
#11794 = DIRECTION('',(0.85772861,-0.514102744193,0.));
#11795 = ORIENTED_EDGE('',*,*,#11758,.F.);
#11796 = PLANE('',#11797);
#11797 = AXIS2_PLACEMENT_3D('',#11798,#11799,#11800);
#11798 = CARTESIAN_POINT('',(95.593002904558,-8.140383453601,6.2));
#11799 = DIRECTION('',(-0.514102744193,-0.85772861,0.));
#11800 = DIRECTION('',(-0.85772861,0.514102744193,0.));
#11801 = ADVANCED_FACE('',(#11802),#11820,.F.);
#11802 = FACE_BOUND('',#11803,.F.);
#11803 = EDGE_LOOP('',(#11804,#11805,#11813,#11819));
#11804 = ORIENTED_EDGE('',*,*,#247,.T.);
#11805 = ORIENTED_EDGE('',*,*,#11806,.T.);
#11806 = EDGE_CURVE('',#240,#11807,#11809,.T.);
#11807 = VERTEX_POINT('',#11808);
#11808 = CARTESIAN_POINT('',(95.751485828031,-8.215340293984,7.6));
#11809 = LINE('',#11810,#11811);
#11810 = CARTESIAN_POINT('',(95.751485828031,-8.215340293984,6.2));
#11811 = VECTOR('',#11812,1.);
#11812 = DIRECTION('',(0.,0.,1.));
#11813 = ORIENTED_EDGE('',*,*,#11814,.F.);
#11814 = EDGE_CURVE('',#11783,#11807,#11815,.T.);
#11815 = LINE('',#11816,#11817);
#11816 = CARTESIAN_POINT('',(95.55959307589,-8.124581781473,7.6));
#11817 = VECTOR('',#11818,1.);
#11818 = DIRECTION('',(0.903989293123,-0.42755509343,0.));
#11819 = ORIENTED_EDGE('',*,*,#11782,.F.);
#11820 = PLANE('',#11821);
#11821 = AXIS2_PLACEMENT_3D('',#11822,#11823,#11824);
#11822 = CARTESIAN_POINT('',(95.751485828031,-8.215340293984,6.2));
#11823 = DIRECTION('',(-0.42755509343,-0.903989293123,0.));
#11824 = DIRECTION('',(-0.903989293123,0.42755509343,0.));
#11825 = ADVANCED_FACE('',(#11826),#11844,.F.);
#11826 = FACE_BOUND('',#11827,.F.);
#11827 = EDGE_LOOP('',(#11828,#11829,#11837,#11843));
#11828 = ORIENTED_EDGE('',*,*,#239,.T.);
#11829 = ORIENTED_EDGE('',*,*,#11830,.T.);
#11830 = EDGE_CURVE('',#232,#11831,#11833,.T.);
#11831 = VERTEX_POINT('',#11832);
#11832 = CARTESIAN_POINT('',(95.916552668051,-8.274402153742,7.6));
#11833 = LINE('',#11834,#11835);
#11834 = CARTESIAN_POINT('',(95.916552668051,-8.274402153742,6.2));
#11835 = VECTOR('',#11836,1.);
#11836 = DIRECTION('',(0.,0.,1.));
#11837 = ORIENTED_EDGE('',*,*,#11838,.F.);
#11838 = EDGE_CURVE('',#11807,#11831,#11839,.T.);
#11839 = LINE('',#11840,#11841);
#11840 = CARTESIAN_POINT('',(93.725832182813,-7.490549830323,7.6));
#11841 = VECTOR('',#11842,1.);
#11842 = DIRECTION('',(0.941544065183,-0.336889853392,0.));
#11843 = ORIENTED_EDGE('',*,*,#11806,.F.);
#11844 = PLANE('',#11845);
#11845 = AXIS2_PLACEMENT_3D('',#11846,#11847,#11848);
#11846 = CARTESIAN_POINT('',(95.916552668051,-8.274402153742,6.2));
#11847 = DIRECTION('',(-0.336889853392,-0.941544065183,0.));
#11848 = DIRECTION('',(-0.941544065183,0.336889853392,0.));
#11849 = ADVANCED_FACE('',(#11850),#11868,.F.);
#11850 = FACE_BOUND('',#11851,.F.);
#11851 = EDGE_LOOP('',(#11852,#11853,#11861,#11867));
#11852 = ORIENTED_EDGE('',*,*,#231,.T.);
#11853 = ORIENTED_EDGE('',*,*,#11854,.T.);
#11854 = EDGE_CURVE('',#224,#11855,#11857,.T.);
#11855 = VERTEX_POINT('',#11856);
#11856 = CARTESIAN_POINT('',(96.086613740716,-8.317000234881,7.6));
#11857 = LINE('',#11858,#11859);
#11858 = CARTESIAN_POINT('',(96.086613740716,-8.317000234881,6.2));
#11859 = VECTOR('',#11860,1.);
#11860 = DIRECTION('',(0.,0.,1.));
#11861 = ORIENTED_EDGE('',*,*,#11862,.F.);
#11862 = EDGE_CURVE('',#11831,#11855,#11863,.T.);
#11863 = LINE('',#11864,#11865);
#11864 = CARTESIAN_POINT('',(91.799847096766,-7.243221089188,7.6));
#11865 = VECTOR('',#11866,1.);
#11866 = DIRECTION('',(0.970031253195,-0.242980179903,0.));
#11867 = ORIENTED_EDGE('',*,*,#11830,.F.);
#11868 = PLANE('',#11869);
#11869 = AXIS2_PLACEMENT_3D('',#11870,#11871,#11872);
#11870 = CARTESIAN_POINT('',(96.086613740716,-8.317000234881,6.2));
#11871 = DIRECTION('',(-0.242980179903,-0.970031253195,0.));
#11872 = DIRECTION('',(-0.970031253195,0.242980179903,0.));
#11873 = ADVANCED_FACE('',(#11874),#11892,.F.);
#11874 = FACE_BOUND('',#11875,.F.);
#11875 = EDGE_LOOP('',(#11876,#11877,#11885,#11891));
#11876 = ORIENTED_EDGE('',*,*,#223,.T.);
#11877 = ORIENTED_EDGE('',*,*,#11878,.T.);
#11878 = EDGE_CURVE('',#216,#11879,#11881,.T.);
#11879 = VERTEX_POINT('',#11880);
#11880 = CARTESIAN_POINT('',(96.26003126493,-8.342724294592,7.6));
#11881 = LINE('',#11882,#11883);
#11882 = CARTESIAN_POINT('',(96.26003126493,-8.342724294592,6.2));
#11883 = VECTOR('',#11884,1.);
#11884 = DIRECTION('',(0.,0.,1.));
#11885 = ORIENTED_EDGE('',*,*,#11886,.F.);
#11886 = EDGE_CURVE('',#11855,#11879,#11887,.T.);
#11887 = LINE('',#11888,#11889);
#11888 = CARTESIAN_POINT('',(89.860513957958,-7.393445575094,7.6));
#11889 = VECTOR('',#11890,1.);
#11890 = DIRECTION('',(0.989176509965,-0.146730474455,0.));
#11891 = ORIENTED_EDGE('',*,*,#11854,.F.);
#11892 = PLANE('',#11893);
#11893 = AXIS2_PLACEMENT_3D('',#11894,#11895,#11896);
#11894 = CARTESIAN_POINT('',(96.26003126493,-8.342724294592,6.2));
#11895 = DIRECTION('',(-0.146730474455,-0.989176509965,0.));
#11896 = DIRECTION('',(-0.989176509965,0.146730474455,0.));
#11897 = ADVANCED_FACE('',(#11898),#11916,.F.);
#11898 = FACE_BOUND('',#11899,.F.);
#11899 = EDGE_LOOP('',(#11900,#11901,#11909,#11915));
#11900 = ORIENTED_EDGE('',*,*,#215,.T.);
#11901 = ORIENTED_EDGE('',*,*,#11902,.T.);
#11902 = EDGE_CURVE('',#208,#11903,#11905,.T.);
#11903 = VERTEX_POINT('',#11904);
#11904 = CARTESIAN_POINT('',(96.408131650815,-8.35,7.6));
#11905 = LINE('',#11906,#11907);
#11906 = CARTESIAN_POINT('',(96.408131650815,-8.35,6.2));
#11907 = VECTOR('',#11908,1.);
#11908 = DIRECTION('',(0.,0.,1.));
#11909 = ORIENTED_EDGE('',*,*,#11910,.F.);
#11910 = EDGE_CURVE('',#11879,#11903,#11911,.T.);
#11911 = LINE('',#11912,#11913);
#11912 = CARTESIAN_POINT('',(87.973828576291,-7.935649259948,7.6));
#11913 = VECTOR('',#11914,1.);
#11914 = DIRECTION('',(0.998795456205,-4.906767432742E-02,0.));
#11915 = ORIENTED_EDGE('',*,*,#11878,.F.);
#11916 = PLANE('',#11917);
#11917 = AXIS2_PLACEMENT_3D('',#11918,#11919,#11920);
#11918 = CARTESIAN_POINT('',(96.408131650815,-8.35,6.2));
#11919 = DIRECTION('',(-4.906767432742E-02,-0.998795456205,0.));
#11920 = DIRECTION('',(-0.998795456205,4.906767432742E-02,0.));
#11921 = ADVANCED_FACE('',(#11922),#11940,.F.);
#11922 = FACE_BOUND('',#11923,.F.);
#11923 = EDGE_LOOP('',(#11924,#11925,#11933,#11939));
#11924 = ORIENTED_EDGE('',*,*,#207,.T.);
#11925 = ORIENTED_EDGE('',*,*,#11926,.T.);
#11926 = EDGE_CURVE('',#200,#11927,#11929,.T.);
#11927 = VERTEX_POINT('',#11928);
#11928 = CARTESIAN_POINT('',(111.32299651568,-8.35,7.6));
#11929 = LINE('',#11930,#11931);
#11930 = CARTESIAN_POINT('',(111.32299651568,-8.35,6.2));
#11931 = VECTOR('',#11932,1.);
#11932 = DIRECTION('',(0.,0.,1.));
#11933 = ORIENTED_EDGE('',*,*,#11934,.F.);
#11934 = EDGE_CURVE('',#11903,#11927,#11935,.T.);
#11935 = LINE('',#11936,#11937);
#11936 = CARTESIAN_POINT('',(94.499894360517,-8.35,7.6));
#11937 = VECTOR('',#11938,1.);
#11938 = DIRECTION('',(1.,0.,0.));
#11939 = ORIENTED_EDGE('',*,*,#11902,.F.);
#11940 = PLANE('',#11941);
#11941 = AXIS2_PLACEMENT_3D('',#11942,#11943,#11944);
#11942 = CARTESIAN_POINT('',(111.32299651568,-8.35,6.2));
#11943 = DIRECTION('',(0.,-1.,0.));
#11944 = DIRECTION('',(-1.,0.,0.));
#11945 = ADVANCED_FACE('',(#11946),#11964,.F.);
#11946 = FACE_BOUND('',#11947,.F.);
#11947 = EDGE_LOOP('',(#11948,#11949,#11957,#11963));
#11948 = ORIENTED_EDGE('',*,*,#199,.T.);
#11949 = ORIENTED_EDGE('',*,*,#11950,.T.);
#11950 = EDGE_CURVE('',#192,#11951,#11953,.T.);
#11951 = VERTEX_POINT('',#11952);
#11952 = CARTESIAN_POINT('',(111.47729225327,-8.357580063521,7.6));
#11953 = LINE('',#11954,#11955);
#11954 = CARTESIAN_POINT('',(111.47729225327,-8.357580063521,6.2));
#11955 = VECTOR('',#11956,1.);
#11956 = DIRECTION('',(0.,0.,1.));
#11957 = ORIENTED_EDGE('',*,*,#11958,.F.);
#11958 = EDGE_CURVE('',#11927,#11951,#11959,.T.);
#11959 = LINE('',#11960,#11961);
#11960 = CARTESIAN_POINT('',(95.526363665262,-7.573961191094,7.6));
#11961 = VECTOR('',#11962,1.);
#11962 = DIRECTION('',(0.998795456205,-4.906767432743E-02,0.));
#11963 = ORIENTED_EDGE('',*,*,#11926,.F.);
#11964 = PLANE('',#11965);
#11965 = AXIS2_PLACEMENT_3D('',#11966,#11967,#11968);
#11966 = CARTESIAN_POINT('',(111.47729225327,-8.357580063521,6.2));
#11967 = DIRECTION('',(-4.906767432743E-02,-0.998795456205,0.));
#11968 = DIRECTION('',(-0.998795456205,4.906767432743E-02,0.));
#11969 = ADVANCED_FACE('',(#11970),#11988,.F.);
#11970 = FACE_BOUND('',#11971,.F.);
#11971 = EDGE_LOOP('',(#11972,#11973,#11981,#11987));
#11972 = ORIENTED_EDGE('',*,*,#191,.T.);
#11973 = ORIENTED_EDGE('',*,*,#11974,.T.);
#11974 = EDGE_CURVE('',#184,#11975,#11977,.T.);
#11975 = VERTEX_POINT('',#11976);
#11976 = CARTESIAN_POINT('',(111.60335861255,-8.376280241421,7.6));
#11977 = LINE('',#11978,#11979);
#11978 = CARTESIAN_POINT('',(111.60335861255,-8.376280241421,6.2));
#11979 = VECTOR('',#11980,1.);
#11980 = DIRECTION('',(0.,0.,1.));
#11981 = ORIENTED_EDGE('',*,*,#11982,.F.);
#11982 = EDGE_CURVE('',#11951,#11975,#11983,.T.);
#11983 = LINE('',#11984,#11985);
#11984 = CARTESIAN_POINT('',(97.694912068558,-6.313157088193,7.6));
#11985 = VECTOR('',#11986,1.);
#11986 = DIRECTION('',(0.989176509965,-0.146730474455,0.));
#11987 = ORIENTED_EDGE('',*,*,#11950,.F.);
#11988 = PLANE('',#11989);
#11989 = AXIS2_PLACEMENT_3D('',#11990,#11991,#11992);
#11990 = CARTESIAN_POINT('',(111.60335861255,-8.376280241421,6.2));
#11991 = DIRECTION('',(-0.146730474455,-0.989176509965,0.));
#11992 = DIRECTION('',(-0.989176509965,0.146730474455,0.));
#11993 = ADVANCED_FACE('',(#11994),#12012,.F.);
#11994 = FACE_BOUND('',#11995,.F.);
#11995 = EDGE_LOOP('',(#11996,#11997,#12005,#12011));
#11996 = ORIENTED_EDGE('',*,*,#183,.T.);
#11997 = ORIENTED_EDGE('',*,*,#11998,.T.);
#11998 = EDGE_CURVE('',#176,#11999,#12001,.T.);
#11999 = VERTEX_POINT('',#12000);
#12000 = CARTESIAN_POINT('',(111.7269849899,-8.407247036882,7.6));
#12001 = LINE('',#12002,#12003);
#12002 = CARTESIAN_POINT('',(111.7269849899,-8.407247036882,6.2));
#12003 = VECTOR('',#12004,1.);
#12004 = DIRECTION('',(0.,0.,1.));
#12005 = ORIENTED_EDGE('',*,*,#12006,.F.);
#12006 = EDGE_CURVE('',#11975,#11999,#12007,.T.);
#12007 = LINE('',#12008,#12009);
#12008 = CARTESIAN_POINT('',(100.07109602492,-5.487598841716,7.6));
#12009 = VECTOR('',#12010,1.);
#12010 = DIRECTION('',(0.970031253195,-0.242980179903,0.));
#12011 = ORIENTED_EDGE('',*,*,#11974,.F.);
#12012 = PLANE('',#12013);
#12013 = AXIS2_PLACEMENT_3D('',#12014,#12015,#12016);
#12014 = CARTESIAN_POINT('',(111.7269849899,-8.407247036882,6.2));
#12015 = DIRECTION('',(-0.242980179903,-0.970031253195,0.));
#12016 = DIRECTION('',(-0.970031253195,0.242980179903,0.));
#12017 = ADVANCED_FACE('',(#12018),#12036,.F.);
#12018 = FACE_BOUND('',#12019,.F.);
#12019 = EDGE_LOOP('',(#12020,#12021,#12029,#12035));
#12020 = ORIENTED_EDGE('',*,*,#175,.T.);
#12021 = ORIENTED_EDGE('',*,*,#12022,.T.);
#12022 = EDGE_CURVE('',#168,#12023,#12025,.T.);
#12023 = VERTEX_POINT('',#12024);
#12024 = CARTESIAN_POINT('',(111.84698079571,-8.450182222736,7.6));
#12025 = LINE('',#12026,#12027);
#12026 = CARTESIAN_POINT('',(111.84698079571,-8.450182222736,6.2));
#12027 = VECTOR('',#12028,1.);
#12028 = DIRECTION('',(0.,0.,1.));
#12029 = ORIENTED_EDGE('',*,*,#12030,.F.);
#12030 = EDGE_CURVE('',#11999,#12023,#12031,.T.);
#12031 = LINE('',#12032,#12033);
#12032 = CARTESIAN_POINT('',(102.56717798744,-5.129815685264,7.6));
#12033 = VECTOR('',#12034,1.);
#12034 = DIRECTION('',(0.941544065183,-0.336889853392,0.));
#12035 = ORIENTED_EDGE('',*,*,#11998,.F.);
#12036 = PLANE('',#12037);
#12037 = AXIS2_PLACEMENT_3D('',#12038,#12039,#12040);
#12038 = CARTESIAN_POINT('',(111.84698079571,-8.450182222736,6.2));
#12039 = DIRECTION('',(-0.336889853392,-0.941544065183,0.));
#12040 = DIRECTION('',(-0.941544065183,0.336889853392,0.));
#12041 = ADVANCED_FACE('',(#12042),#12060,.F.);
#12042 = FACE_BOUND('',#12043,.F.);
#12043 = EDGE_LOOP('',(#12044,#12045,#12053,#12059));
#12044 = ORIENTED_EDGE('',*,*,#167,.T.);
#12045 = ORIENTED_EDGE('',*,*,#12046,.T.);
#12046 = EDGE_CURVE('',#160,#12047,#12049,.T.);
#12047 = VERTEX_POINT('',#12048);
#12048 = CARTESIAN_POINT('',(111.96219040479,-8.504672309672,7.6));
#12049 = LINE('',#12050,#12051);
#12050 = CARTESIAN_POINT('',(111.96219040479,-8.504672309672,6.2));
#12051 = VECTOR('',#12052,1.);
#12052 = DIRECTION('',(0.,0.,1.));
#12053 = ORIENTED_EDGE('',*,*,#12054,.F.);
#12054 = EDGE_CURVE('',#12023,#12047,#12055,.T.);
#12055 = LINE('',#12056,#12057);
#12056 = CARTESIAN_POINT('',(105.09071681154,-5.254707341597,7.6));
#12057 = VECTOR('',#12058,1.);
#12058 = DIRECTION('',(0.903989293123,-0.42755509343,0.));
#12059 = ORIENTED_EDGE('',*,*,#12022,.F.);
#12060 = PLANE('',#12061);
#12061 = AXIS2_PLACEMENT_3D('',#12062,#12063,#12064);
#12062 = CARTESIAN_POINT('',(111.96219040479,-8.504672309672,6.2));
#12063 = DIRECTION('',(-0.42755509343,-0.903989293123,0.));
#12064 = DIRECTION('',(-0.903989293123,0.42755509343,0.));
#12065 = ADVANCED_FACE('',(#12066),#12084,.F.);
#12066 = FACE_BOUND('',#12067,.F.);
#12067 = EDGE_LOOP('',(#12068,#12069,#12077,#12083));
#12068 = ORIENTED_EDGE('',*,*,#159,.T.);
#12069 = ORIENTED_EDGE('',*,*,#12070,.T.);
#12070 = EDGE_CURVE('',#152,#12071,#12073,.T.);
#12071 = VERTEX_POINT('',#12072);
#12072 = CARTESIAN_POINT('',(112.07150428561,-8.570192528366,7.6));
#12073 = LINE('',#12074,#12075);
#12074 = CARTESIAN_POINT('',(112.07150428561,-8.570192528366,6.2));
#12075 = VECTOR('',#12076,1.);
#12076 = DIRECTION('',(0.,0.,1.));
#12077 = ORIENTED_EDGE('',*,*,#12078,.F.);
#12078 = EDGE_CURVE('',#12047,#12071,#12079,.T.);
#12079 = LINE('',#12080,#12081);
#12080 = CARTESIAN_POINT('',(107.54808668387,-5.858960356472,7.6));
#12081 = VECTOR('',#12082,1.);
#12082 = DIRECTION('',(0.85772861,-0.514102744193,0.));
#12083 = ORIENTED_EDGE('',*,*,#12046,.F.);
#12084 = PLANE('',#12085);
#12085 = AXIS2_PLACEMENT_3D('',#12086,#12087,#12088);
#12086 = CARTESIAN_POINT('',(112.07150428561,-8.570192528366,6.2));
#12087 = DIRECTION('',(-0.514102744193,-0.85772861,0.));
#12088 = DIRECTION('',(-0.85772861,0.514102744193,0.));
#12089 = ADVANCED_FACE('',(#12090),#12108,.F.);
#12090 = FACE_BOUND('',#12091,.F.);
#12091 = EDGE_LOOP('',(#12092,#12093,#12101,#12107));
#12092 = ORIENTED_EDGE('',*,*,#151,.T.);
#12093 = ORIENTED_EDGE('',*,*,#12094,.T.);
#12094 = EDGE_CURVE('',#144,#12095,#12097,.T.);
#12095 = VERTEX_POINT('',#12096);
#12096 = CARTESIAN_POINT('',(112.17386968574,-8.646111883295,7.6));
#12097 = LINE('',#12098,#12099);
#12098 = CARTESIAN_POINT('',(112.17386968574,-8.646111883295,6.2));
#12099 = VECTOR('',#12100,1.);
#12100 = DIRECTION('',(0.,0.,1.));
#12101 = ORIENTED_EDGE('',*,*,#12102,.F.);
#12102 = EDGE_CURVE('',#12071,#12095,#12103,.T.);
#12103 = LINE('',#12104,#12105);
#12104 = CARTESIAN_POINT('',(109.84804282466,-6.92116112124,7.6));
#12105 = VECTOR('',#12106,1.);
#12106 = DIRECTION('',(0.803207531481,-0.595699304492,0.));
#12107 = ORIENTED_EDGE('',*,*,#12070,.F.);
#12108 = PLANE('',#12109);
#12109 = AXIS2_PLACEMENT_3D('',#12110,#12111,#12112);
#12110 = CARTESIAN_POINT('',(112.17386968574,-8.646111883295,6.2));
#12111 = DIRECTION('',(-0.595699304492,-0.803207531481,0.));
#12112 = DIRECTION('',(-0.803207531481,0.595699304492,0.));
#12113 = ADVANCED_FACE('',(#12114),#12132,.F.);
#12114 = FACE_BOUND('',#12115,.F.);
#12115 = EDGE_LOOP('',(#12116,#12117,#12125,#12131));
#12116 = ORIENTED_EDGE('',*,*,#143,.T.);
#12117 = ORIENTED_EDGE('',*,*,#12118,.T.);
#12118 = EDGE_CURVE('',#136,#12119,#12121,.T.);
#12119 = VERTEX_POINT('',#12120);
#12120 = CARTESIAN_POINT('',(112.26830077043,-8.731699229568,7.6));
#12121 = LINE('',#12122,#12123);
#12122 = CARTESIAN_POINT('',(112.26830077043,-8.731699229568,6.2));
#12123 = VECTOR('',#12124,1.);
#12124 = DIRECTION('',(0.,0.,1.));
#12125 = ORIENTED_EDGE('',*,*,#12126,.F.);
#12126 = EDGE_CURVE('',#12095,#12119,#12127,.T.);
#12127 = LINE('',#12128,#12129);
#12128 = CARTESIAN_POINT('',(111.90519724655,-8.402601378639,7.6));
#12129 = VECTOR('',#12130,1.);
#12130 = DIRECTION('',(0.740951125355,-0.671558954847,0.));
#12131 = ORIENTED_EDGE('',*,*,#12094,.F.);
#12132 = PLANE('',#12133);
#12133 = AXIS2_PLACEMENT_3D('',#12134,#12135,#12136);
#12134 = CARTESIAN_POINT('',(112.26830077043,-8.731699229568,6.2));
#12135 = DIRECTION('',(-0.671558954847,-0.740951125355,0.));
#12136 = DIRECTION('',(-0.740951125355,0.671558954847,0.));
#12137 = ADVANCED_FACE('',(#12138),#12156,.F.);
#12138 = FACE_BOUND('',#12139,.F.);
#12139 = EDGE_LOOP('',(#12140,#12141,#12149,#12155));
#12140 = ORIENTED_EDGE('',*,*,#135,.T.);
#12141 = ORIENTED_EDGE('',*,*,#12142,.T.);
#12142 = EDGE_CURVE('',#128,#12143,#12145,.T.);
#12143 = VERTEX_POINT('',#12144);
#12144 = CARTESIAN_POINT('',(112.3538881167,-8.826130314255,7.6));
#12145 = LINE('',#12146,#12147);
#12146 = CARTESIAN_POINT('',(112.3538881167,-8.826130314255,6.2));
#12147 = VECTOR('',#12148,1.);
#12148 = DIRECTION('',(0.,0.,1.));
#12149 = ORIENTED_EDGE('',*,*,#12150,.F.);
#12150 = EDGE_CURVE('',#12119,#12143,#12151,.T.);
#12151 = LINE('',#12152,#12153);
#12152 = CARTESIAN_POINT('',(113.6432712943,-10.2487454243,7.6));
#12153 = VECTOR('',#12154,1.);
#12154 = DIRECTION('',(0.671558954847,-0.740951125355,0.));
#12155 = ORIENTED_EDGE('',*,*,#12118,.F.);
#12156 = PLANE('',#12157);
#12157 = AXIS2_PLACEMENT_3D('',#12158,#12159,#12160);
#12158 = CARTESIAN_POINT('',(112.3538881167,-8.826130314255,6.2));
#12159 = DIRECTION('',(-0.740951125355,-0.671558954847,0.));
#12160 = DIRECTION('',(-0.671558954847,0.740951125355,0.));
#12161 = ADVANCED_FACE('',(#12162),#12180,.F.);
#12162 = FACE_BOUND('',#12163,.F.);
#12163 = EDGE_LOOP('',(#12164,#12165,#12173,#12179));
#12164 = ORIENTED_EDGE('',*,*,#127,.T.);
#12165 = ORIENTED_EDGE('',*,*,#12166,.T.);
#12166 = EDGE_CURVE('',#120,#12167,#12169,.T.);
#12167 = VERTEX_POINT('',#12168);
#12168 = CARTESIAN_POINT('',(112.42980747163,-8.928495714389,7.6));
#12169 = LINE('',#12170,#12171);
#12170 = CARTESIAN_POINT('',(112.42980747163,-8.928495714389,6.2));
#12171 = VECTOR('',#12172,1.);
#12172 = DIRECTION('',(0.,0.,1.));
#12173 = ORIENTED_EDGE('',*,*,#12174,.F.);
#12174 = EDGE_CURVE('',#12143,#12167,#12175,.T.);
#12175 = LINE('',#12176,#12177);
#12176 = CARTESIAN_POINT('',(114.99800025025,-12.39130281609,7.6));
#12177 = VECTOR('',#12178,1.);
#12178 = DIRECTION('',(0.595699304492,-0.803207531481,0.));
#12179 = ORIENTED_EDGE('',*,*,#12142,.F.);
#12180 = PLANE('',#12181);
#12181 = AXIS2_PLACEMENT_3D('',#12182,#12183,#12184);
#12182 = CARTESIAN_POINT('',(112.42980747163,-8.928495714389,6.2));
#12183 = DIRECTION('',(-0.803207531481,-0.595699304492,0.));
#12184 = DIRECTION('',(-0.595699304492,0.803207531481,0.));
#12185 = ADVANCED_FACE('',(#12186),#12204,.F.);
#12186 = FACE_BOUND('',#12187,.F.);
#12187 = EDGE_LOOP('',(#12188,#12189,#12197,#12203));
#12188 = ORIENTED_EDGE('',*,*,#119,.T.);
#12189 = ORIENTED_EDGE('',*,*,#12190,.T.);
#12190 = EDGE_CURVE('',#112,#12191,#12193,.T.);
#12191 = VERTEX_POINT('',#12192);
#12192 = CARTESIAN_POINT('',(112.49532769032,-9.037809595207,7.6));
#12193 = LINE('',#12194,#12195);
#12194 = CARTESIAN_POINT('',(112.49532769032,-9.037809595207,6.2));
#12195 = VECTOR('',#12196,1.);
#12196 = DIRECTION('',(0.,0.,1.));
#12197 = ORIENTED_EDGE('',*,*,#12198,.F.);
#12198 = EDGE_CURVE('',#12167,#12191,#12199,.T.);
#12199 = LINE('',#12200,#12201);
#12200 = CARTESIAN_POINT('',(115.91957864054,-14.75082716027,7.6));
#12201 = VECTOR('',#12202,1.);
#12202 = DIRECTION('',(0.514102744193,-0.85772861,0.));
#12203 = ORIENTED_EDGE('',*,*,#12166,.F.);
#12204 = PLANE('',#12205);
#12205 = AXIS2_PLACEMENT_3D('',#12206,#12207,#12208);
#12206 = CARTESIAN_POINT('',(112.49532769032,-9.037809595207,6.2));
#12207 = DIRECTION('',(-0.85772861,-0.514102744193,0.));
#12208 = DIRECTION('',(-0.514102744193,0.85772861,0.));
#12209 = ADVANCED_FACE('',(#12210),#12228,.F.);
#12210 = FACE_BOUND('',#12211,.F.);
#12211 = EDGE_LOOP('',(#12212,#12213,#12221,#12227));
#12212 = ORIENTED_EDGE('',*,*,#111,.T.);
#12213 = ORIENTED_EDGE('',*,*,#12214,.T.);
#12214 = EDGE_CURVE('',#104,#12215,#12217,.T.);
#12215 = VERTEX_POINT('',#12216);
#12216 = CARTESIAN_POINT('',(112.54981777726,-9.153019204281,7.6));
#12217 = LINE('',#12218,#12219);
#12218 = CARTESIAN_POINT('',(112.54981777726,-9.153019204281,6.2));
#12219 = VECTOR('',#12220,1.);
#12220 = DIRECTION('',(0.,0.,1.));
#12221 = ORIENTED_EDGE('',*,*,#12222,.F.);
#12222 = EDGE_CURVE('',#12191,#12215,#12223,.T.);
#12223 = LINE('',#12224,#12225);
#12224 = CARTESIAN_POINT('',(116.37455250513,-17.2397413511,7.6));
#12225 = VECTOR('',#12226,1.);
#12226 = DIRECTION('',(0.42755509343,-0.903989293123,0.));
#12227 = ORIENTED_EDGE('',*,*,#12190,.F.);
#12228 = PLANE('',#12229);
#12229 = AXIS2_PLACEMENT_3D('',#12230,#12231,#12232);
#12230 = CARTESIAN_POINT('',(112.54981777726,-9.153019204281,6.2));
#12231 = DIRECTION('',(-0.903989293123,-0.42755509343,0.));
#12232 = DIRECTION('',(-0.42755509343,0.903989293123,0.));
#12233 = ADVANCED_FACE('',(#12234),#12252,.F.);
#12234 = FACE_BOUND('',#12235,.F.);
#12235 = EDGE_LOOP('',(#12236,#12237,#12245,#12251));
#12236 = ORIENTED_EDGE('',*,*,#103,.T.);
#12237 = ORIENTED_EDGE('',*,*,#12238,.T.);
#12238 = EDGE_CURVE('',#96,#12239,#12241,.T.);
#12239 = VERTEX_POINT('',#12240);
#12240 = CARTESIAN_POINT('',(112.59275296311,-9.273015010095,7.6));
#12241 = LINE('',#12242,#12243);
#12242 = CARTESIAN_POINT('',(112.59275296311,-9.273015010095,6.2));
#12243 = VECTOR('',#12244,1.);
#12244 = DIRECTION('',(0.,0.,1.));
#12245 = ORIENTED_EDGE('',*,*,#12246,.F.);
#12246 = EDGE_CURVE('',#12215,#12239,#12247,.T.);
#12247 = LINE('',#12248,#12249);
#12248 = CARTESIAN_POINT('',(116.34708612158,-19.76567327357,7.6));
#12249 = VECTOR('',#12250,1.);
#12250 = DIRECTION('',(0.336889853392,-0.941544065183,0.));
#12251 = ORIENTED_EDGE('',*,*,#12214,.F.);
#12252 = PLANE('',#12253);
#12253 = AXIS2_PLACEMENT_3D('',#12254,#12255,#12256);
#12254 = CARTESIAN_POINT('',(112.59275296311,-9.273015010095,6.2));
#12255 = DIRECTION('',(-0.941544065183,-0.336889853392,0.));
#12256 = DIRECTION('',(-0.336889853392,0.941544065183,0.));
#12257 = ADVANCED_FACE('',(#12258),#12276,.F.);
#12258 = FACE_BOUND('',#12259,.F.);
#12259 = EDGE_LOOP('',(#12260,#12261,#12269,#12275));
#12260 = ORIENTED_EDGE('',*,*,#95,.T.);
#12261 = ORIENTED_EDGE('',*,*,#12262,.T.);
#12262 = EDGE_CURVE('',#88,#12263,#12265,.T.);
#12263 = VERTEX_POINT('',#12264);
#12264 = CARTESIAN_POINT('',(112.62371975857,-9.396641387443,7.6));
#12265 = LINE('',#12266,#12267);
#12266 = CARTESIAN_POINT('',(112.62371975857,-9.396641387443,6.2));
#12267 = VECTOR('',#12268,1.);
#12268 = DIRECTION('',(0.,0.,1.));
#12269 = ORIENTED_EDGE('',*,*,#12270,.F.);
#12270 = EDGE_CURVE('',#12239,#12263,#12271,.T.);
#12271 = LINE('',#12272,#12273);
#12272 = CARTESIAN_POINT('',(115.83955468552,-22.23497406748,7.6));
#12273 = VECTOR('',#12274,1.);
#12274 = DIRECTION('',(0.242980179903,-0.970031253195,0.));
#12275 = ORIENTED_EDGE('',*,*,#12238,.F.);
#12276 = PLANE('',#12277);
#12277 = AXIS2_PLACEMENT_3D('',#12278,#12279,#12280);
#12278 = CARTESIAN_POINT('',(112.62371975857,-9.396641387443,6.2));
#12279 = DIRECTION('',(-0.970031253195,-0.242980179903,0.));
#12280 = DIRECTION('',(-0.242980179903,0.970031253195,0.));
#12281 = ADVANCED_FACE('',(#12282),#12300,.F.);
#12282 = FACE_BOUND('',#12283,.F.);
#12283 = EDGE_LOOP('',(#12284,#12285,#12293,#12299));
#12284 = ORIENTED_EDGE('',*,*,#87,.T.);
#12285 = ORIENTED_EDGE('',*,*,#12286,.T.);
#12286 = EDGE_CURVE('',#80,#12287,#12289,.T.);
#12287 = VERTEX_POINT('',#12288);
#12288 = CARTESIAN_POINT('',(112.64241993647,-9.522707746729,7.6));
#12289 = LINE('',#12290,#12291);
#12290 = CARTESIAN_POINT('',(112.64241993647,-9.522707746729,6.2));
#12291 = VECTOR('',#12292,1.);
#12292 = DIRECTION('',(0.,0.,1.));
#12293 = ORIENTED_EDGE('',*,*,#12294,.F.);
#12294 = EDGE_CURVE('',#12263,#12287,#12295,.T.);
#12295 = LINE('',#12296,#12297);
#12296 = CARTESIAN_POINT('',(114.87244032392,-24.55628405177,7.6));
#12297 = VECTOR('',#12298,1.);
#12298 = DIRECTION('',(0.146730474455,-0.989176509965,0.));
#12299 = ORIENTED_EDGE('',*,*,#12262,.F.);
#12300 = PLANE('',#12301);
#12301 = AXIS2_PLACEMENT_3D('',#12302,#12303,#12304);
#12302 = CARTESIAN_POINT('',(112.64241993647,-9.522707746729,6.2));
#12303 = DIRECTION('',(-0.989176509965,-0.146730474455,0.));
#12304 = DIRECTION('',(-0.146730474455,0.989176509965,0.));
#12305 = ADVANCED_FACE('',(#12306),#12324,.F.);
#12306 = FACE_BOUND('',#12307,.F.);
#12307 = EDGE_LOOP('',(#12308,#12309,#12317,#12323));
#12308 = ORIENTED_EDGE('',*,*,#79,.T.);
#12309 = ORIENTED_EDGE('',*,*,#12310,.T.);
#12310 = EDGE_CURVE('',#72,#12311,#12313,.T.);
#12311 = VERTEX_POINT('',#12312);
#12312 = CARTESIAN_POINT('',(112.65,-9.67700348432,7.6));
#12313 = LINE('',#12314,#12315);
#12314 = CARTESIAN_POINT('',(112.65,-9.67700348432,6.2));
#12315 = VECTOR('',#12316,1.);
#12316 = DIRECTION('',(0.,0.,1.));
#12317 = ORIENTED_EDGE('',*,*,#12318,.F.);
#12318 = EDGE_CURVE('',#12287,#12311,#12319,.T.);
#12319 = LINE('',#12320,#12321);
#12320 = CARTESIAN_POINT('',(113.48419885804,-26.65751133205,7.6));
#12321 = VECTOR('',#12322,1.);
#12322 = DIRECTION('',(4.906767432744E-02,-0.998795456205,0.));
#12323 = ORIENTED_EDGE('',*,*,#12286,.F.);
#12324 = PLANE('',#12325);
#12325 = AXIS2_PLACEMENT_3D('',#12326,#12327,#12328);
#12326 = CARTESIAN_POINT('',(112.65,-9.67700348432,6.2));
#12327 = DIRECTION('',(-0.998795456205,-4.906767432744E-02,0.));
#12328 = DIRECTION('',(-4.906767432744E-02,0.998795456205,0.));
#12329 = ADVANCED_FACE('',(#12330),#12348,.F.);
#12330 = FACE_BOUND('',#12331,.F.);
#12331 = EDGE_LOOP('',(#12332,#12333,#12341,#12347));
#12332 = ORIENTED_EDGE('',*,*,#71,.T.);
#12333 = ORIENTED_EDGE('',*,*,#12334,.T.);
#12334 = EDGE_CURVE('',#64,#12335,#12337,.T.);
#12335 = VERTEX_POINT('',#12336);
#12336 = CARTESIAN_POINT('',(112.65,-9.72700348432,7.6));
#12337 = LINE('',#12338,#12339);
#12338 = CARTESIAN_POINT('',(112.65,-9.72700348432,6.2));
#12339 = VECTOR('',#12340,1.);
#12340 = DIRECTION('',(0.,0.,1.));
#12341 = ORIENTED_EDGE('',*,*,#12342,.F.);
#12342 = EDGE_CURVE('',#12311,#12335,#12343,.T.);
#12343 = LINE('',#12344,#12345);
#12344 = CARTESIAN_POINT('',(112.65,-27.58255465667,7.6));
#12345 = VECTOR('',#12346,1.);
#12346 = DIRECTION('',(0.,-1.,0.));
#12347 = ORIENTED_EDGE('',*,*,#12310,.F.);
#12348 = PLANE('',#12349);
#12349 = AXIS2_PLACEMENT_3D('',#12350,#12351,#12352);
#12350 = CARTESIAN_POINT('',(112.65,-9.72700348432,6.2));
#12351 = DIRECTION('',(-1.,0.,0.));
#12352 = DIRECTION('',(0.,1.,0.));
#12353 = ADVANCED_FACE('',(#12354),#12372,.F.);
#12354 = FACE_BOUND('',#12355,.F.);
#12355 = EDGE_LOOP('',(#12356,#12357,#12365,#12371));
#12356 = ORIENTED_EDGE('',*,*,#63,.T.);
#12357 = ORIENTED_EDGE('',*,*,#12358,.T.);
#12358 = EDGE_CURVE('',#56,#12359,#12361,.T.);
#12359 = VERTEX_POINT('',#12360);
#12360 = CARTESIAN_POINT('',(112.66023644779,-9.935371165949,7.6));
#12361 = LINE('',#12362,#12363);
#12362 = CARTESIAN_POINT('',(112.66023644779,-9.935371165949,6.2));
#12363 = VECTOR('',#12364,1.);
#12364 = DIRECTION('',(0.,0.,1.));
#12365 = ORIENTED_EDGE('',*,*,#12366,.F.);
#12366 = EDGE_CURVE('',#12335,#12359,#12367,.T.);
#12367 = LINE('',#12368,#12369);
#12368 = CARTESIAN_POINT('',(113.48809186768,-26.78675536378,7.6));
#12369 = VECTOR('',#12370,1.);
#12370 = DIRECTION('',(4.906767432738E-02,-0.998795456205,0.));
#12371 = ORIENTED_EDGE('',*,*,#12334,.F.);
#12372 = PLANE('',#12373);
#12373 = AXIS2_PLACEMENT_3D('',#12374,#12375,#12376);
#12374 = CARTESIAN_POINT('',(112.66023644779,-9.935371165949,6.2));
#12375 = DIRECTION('',(-0.998795456205,-4.906767432738E-02,0.));
#12376 = DIRECTION('',(-4.906767432738E-02,0.998795456205,0.));
#12377 = ADVANCED_FACE('',(#12378),#12396,.F.);
#12378 = FACE_BOUND('',#12379,.F.);
#12379 = EDGE_LOOP('',(#12380,#12381,#12389,#12395));
#12380 = ORIENTED_EDGE('',*,*,#55,.T.);
#12381 = ORIENTED_EDGE('',*,*,#12382,.T.);
#12382 = EDGE_CURVE('',#48,#12383,#12385,.T.);
#12383 = VERTEX_POINT('',#12384);
#12384 = CARTESIAN_POINT('',(112.69481422108,-10.1684755789,7.6));
#12385 = LINE('',#12386,#12387);
#12386 = CARTESIAN_POINT('',(112.69481422108,-10.1684755789,6.2));
#12387 = VECTOR('',#12388,1.);
#12388 = DIRECTION('',(0.,0.,1.));
#12389 = ORIENTED_EDGE('',*,*,#12390,.F.);
#12390 = EDGE_CURVE('',#12359,#12383,#12391,.T.);
#12391 = LINE('',#12392,#12393);
#12392 = CARTESIAN_POINT('',(114.87740646176,-24.88231728987,7.6));
#12393 = VECTOR('',#12394,1.);
#12394 = DIRECTION('',(0.146730474455,-0.989176509965,0.));
#12395 = ORIENTED_EDGE('',*,*,#12358,.F.);
#12396 = PLANE('',#12397);
#12397 = AXIS2_PLACEMENT_3D('',#12398,#12399,#12400);
#12398 = CARTESIAN_POINT('',(112.69481422108,-10.1684755789,6.2));
#12399 = DIRECTION('',(-0.989176509965,-0.146730474455,0.));
#12400 = DIRECTION('',(-0.146730474455,0.989176509965,0.));
#12401 = ADVANCED_FACE('',(#12402),#12420,.F.);
#12402 = FACE_BOUND('',#12403,.F.);
#12403 = EDGE_LOOP('',(#12404,#12405,#12413,#12419));
#12404 = ORIENTED_EDGE('',*,*,#47,.T.);
#12405 = ORIENTED_EDGE('',*,*,#12406,.T.);
#12406 = EDGE_CURVE('',#40,#12407,#12409,.T.);
#12407 = VERTEX_POINT('',#12408);
#12408 = CARTESIAN_POINT('',(112.7520737209,-10.39706831593,7.6));
#12409 = LINE('',#12410,#12411);
#12410 = CARTESIAN_POINT('',(112.7520737209,-10.39706831593,6.2));
#12411 = VECTOR('',#12412,1.);
#12412 = DIRECTION('',(0.,0.,1.));
#12413 = ORIENTED_EDGE('',*,*,#12414,.F.);
#12414 = EDGE_CURVE('',#12383,#12407,#12415,.T.);
#12415 = LINE('',#12416,#12417);
#12416 = CARTESIAN_POINT('',(115.84622018208,-22.74959340869,7.6));
#12417 = VECTOR('',#12418,1.);
#12418 = DIRECTION('',(0.242980179903,-0.970031253195,0.));
#12419 = ORIENTED_EDGE('',*,*,#12382,.F.);
#12420 = PLANE('',#12421);
#12421 = AXIS2_PLACEMENT_3D('',#12422,#12423,#12424);
#12422 = CARTESIAN_POINT('',(112.7520737209,-10.39706831593,6.2));
#12423 = DIRECTION('',(-0.970031253195,-0.242980179903,0.));
#12424 = DIRECTION('',(-0.242980179903,0.970031253195,0.));
#12425 = ADVANCED_FACE('',(#12426),#12444,.F.);
#12426 = FACE_BOUND('',#12427,.F.);
#12427 = EDGE_LOOP('',(#12428,#12429,#12437,#12443));
#12428 = ORIENTED_EDGE('',*,*,#39,.T.);
#12429 = ORIENTED_EDGE('',*,*,#12430,.T.);
#12430 = EDGE_CURVE('',#32,#12431,#12433,.T.);
#12431 = VERTEX_POINT('',#12432);
#12432 = CARTESIAN_POINT('',(112.83146350697,-10.61894790403,7.6));
#12433 = LINE('',#12434,#12435);
#12434 = CARTESIAN_POINT('',(112.83146350697,-10.61894790403,6.2));
#12435 = VECTOR('',#12436,1.);
#12436 = DIRECTION('',(0.,0.,1.));
#12437 = ORIENTED_EDGE('',*,*,#12438,.F.);
#12438 = EDGE_CURVE('',#12407,#12431,#12439,.T.);
#12439 = LINE('',#12440,#12441);
#12440 = CARTESIAN_POINT('',(116.3587877687,-20.47715880342,7.6));
#12441 = VECTOR('',#12442,1.);
#12442 = DIRECTION('',(0.336889853392,-0.941544065183,0.));
#12443 = ORIENTED_EDGE('',*,*,#12406,.F.);
#12444 = PLANE('',#12445);
#12445 = AXIS2_PLACEMENT_3D('',#12446,#12447,#12448);
#12446 = CARTESIAN_POINT('',(112.83146350697,-10.61894790403,6.2));
#12447 = DIRECTION('',(-0.941544065183,-0.336889853392,0.));
#12448 = DIRECTION('',(-0.336889853392,0.941544065183,0.));
#12449 = ADVANCED_FACE('',(#12450),#12461,.F.);
#12450 = FACE_BOUND('',#12451,.F.);
#12451 = EDGE_LOOP('',(#12452,#12453,#12454,#12455));
#12452 = ORIENTED_EDGE('',*,*,#12430,.F.);
#12453 = ORIENTED_EDGE('',*,*,#31,.T.);
#12454 = ORIENTED_EDGE('',*,*,#3637,.F.);
#12455 = ORIENTED_EDGE('',*,*,#12456,.F.);
#12456 = EDGE_CURVE('',#12431,#3638,#12457,.T.);
#12457 = LINE('',#12458,#12459);
#12458 = CARTESIAN_POINT('',(116.3975385427,-18.15878008078,7.6));
#12459 = VECTOR('',#12460,1.);
#12460 = DIRECTION('',(0.42755509343,-0.903989293123,0.));
#12461 = PLANE('',#12462);
#12462 = AXIS2_PLACEMENT_3D('',#12463,#12464,#12465);
#12463 = CARTESIAN_POINT('',(112.93221901223,-10.83197752146,6.2));
#12464 = DIRECTION('',(-0.903989293123,-0.42755509343,0.));
#12465 = DIRECTION('',(-0.42755509343,0.903989293123,0.));
#12466 = ADVANCED_FACE('',(#12467),#12492,.F.);
#12467 = FACE_BOUND('',#12468,.F.);
#12468 = EDGE_LOOP('',(#12469,#12470,#12478,#12486));
#12469 = ORIENTED_EDGE('',*,*,#2977,.T.);
#12470 = ORIENTED_EDGE('',*,*,#12471,.T.);
#12471 = EDGE_CURVE('',#2980,#12472,#12474,.T.);
#12472 = VERTEX_POINT('',#12473);
#12473 = CARTESIAN_POINT('',(23.,-56.,7.6));
#12474 = LINE('',#12475,#12476);
#12475 = CARTESIAN_POINT('',(23.,-56.,5.5));
#12476 = VECTOR('',#12477,1.);
#12477 = DIRECTION('',(0.,0.,1.));
#12478 = ORIENTED_EDGE('',*,*,#12479,.F.);
#12479 = EDGE_CURVE('',#12480,#12472,#12482,.T.);
#12480 = VERTEX_POINT('',#12481);
#12481 = CARTESIAN_POINT('',(37.,-56.,7.6));
#12482 = LINE('',#12483,#12484);
#12483 = CARTESIAN_POINT('',(50.338396102677,-56.,7.6));
#12484 = VECTOR('',#12485,1.);
#12485 = DIRECTION('',(-1.,0.,0.));
#12486 = ORIENTED_EDGE('',*,*,#12487,.F.);
#12487 = EDGE_CURVE('',#2978,#12480,#12488,.T.);
#12488 = LINE('',#12489,#12490);
#12489 = CARTESIAN_POINT('',(37.,-56.,5.5));
#12490 = VECTOR('',#12491,1.);
#12491 = DIRECTION('',(0.,0.,1.));
#12492 = PLANE('',#12493);
#12493 = AXIS2_PLACEMENT_3D('',#12494,#12495,#12496);
#12494 = CARTESIAN_POINT('',(23.,-56.,5.5));
#12495 = DIRECTION('',(0.,1.,0.));
#12496 = DIRECTION('',(1.,0.,0.));
#12497 = ADVANCED_FACE('',(#12498),#12516,.F.);
#12498 = FACE_BOUND('',#12499,.F.);
#12499 = EDGE_LOOP('',(#12500,#12501,#12502,#12510));
#12500 = ORIENTED_EDGE('',*,*,#2987,.T.);
#12501 = ORIENTED_EDGE('',*,*,#12487,.T.);
#12502 = ORIENTED_EDGE('',*,*,#12503,.F.);
#12503 = EDGE_CURVE('',#12504,#12480,#12506,.T.);
#12504 = VERTEX_POINT('',#12505);
#12505 = CARTESIAN_POINT('',(37.,-70.,7.6));
#12506 = LINE('',#12507,#12508);
#12507 = CARTESIAN_POINT('',(37.,-50.71905291451,7.6));
#12508 = VECTOR('',#12509,1.);
#12509 = DIRECTION('',(0.,1.,0.));
#12510 = ORIENTED_EDGE('',*,*,#12511,.F.);
#12511 = EDGE_CURVE('',#2988,#12504,#12512,.T.);
#12512 = LINE('',#12513,#12514);
#12513 = CARTESIAN_POINT('',(37.,-70.,5.5));
#12514 = VECTOR('',#12515,1.);
#12515 = DIRECTION('',(0.,0.,1.));
#12516 = PLANE('',#12517);
#12517 = AXIS2_PLACEMENT_3D('',#12518,#12519,#12520);
#12518 = CARTESIAN_POINT('',(37.,-56.,5.5));
#12519 = DIRECTION('',(1.,0.,0.));
#12520 = DIRECTION('',(0.,-1.,0.));
#12521 = ADVANCED_FACE('',(#12522),#12540,.F.);
#12522 = FACE_BOUND('',#12523,.F.);
#12523 = EDGE_LOOP('',(#12524,#12525,#12533,#12539));
#12524 = ORIENTED_EDGE('',*,*,#3003,.T.);
#12525 = ORIENTED_EDGE('',*,*,#12526,.T.);
#12526 = EDGE_CURVE('',#2996,#12527,#12529,.T.);
#12527 = VERTEX_POINT('',#12528);
#12528 = CARTESIAN_POINT('',(23.,-70.,7.6));
#12529 = LINE('',#12530,#12531);
#12530 = CARTESIAN_POINT('',(23.,-70.,5.5));
#12531 = VECTOR('',#12532,1.);
#12532 = DIRECTION('',(0.,0.,1.));
#12533 = ORIENTED_EDGE('',*,*,#12534,.F.);
#12534 = EDGE_CURVE('',#12472,#12527,#12535,.T.);
#12535 = LINE('',#12536,#12537);
#12536 = CARTESIAN_POINT('',(23.,-57.71905291451,7.6));
#12537 = VECTOR('',#12538,1.);
#12538 = DIRECTION('',(0.,-1.,0.));
#12539 = ORIENTED_EDGE('',*,*,#12471,.F.);
#12540 = PLANE('',#12541);
#12541 = AXIS2_PLACEMENT_3D('',#12542,#12543,#12544);
#12542 = CARTESIAN_POINT('',(23.,-70.,5.5));
#12543 = DIRECTION('',(-1.,0.,0.));
#12544 = DIRECTION('',(0.,1.,0.));
#12545 = ADVANCED_FACE('',(#12546),#12557,.F.);
#12546 = FACE_BOUND('',#12547,.F.);
#12547 = EDGE_LOOP('',(#12548,#12549,#12550,#12556));
#12548 = ORIENTED_EDGE('',*,*,#2995,.T.);
#12549 = ORIENTED_EDGE('',*,*,#12511,.T.);
#12550 = ORIENTED_EDGE('',*,*,#12551,.F.);
#12551 = EDGE_CURVE('',#12527,#12504,#12552,.T.);
#12552 = LINE('',#12553,#12554);
#12553 = CARTESIAN_POINT('',(57.338396102677,-70.,7.6));
#12554 = VECTOR('',#12555,1.);
#12555 = DIRECTION('',(1.,0.,0.));
#12556 = ORIENTED_EDGE('',*,*,#12526,.F.);
#12557 = PLANE('',#12558);
#12558 = AXIS2_PLACEMENT_3D('',#12559,#12560,#12561);
#12559 = CARTESIAN_POINT('',(37.,-70.,5.5));
#12560 = DIRECTION('',(0.,-1.,0.));
#12561 = DIRECTION('',(-1.,0.,0.));
#12562 = ADVANCED_FACE('',(#12563),#12588,.F.);
#12563 = FACE_BOUND('',#12564,.F.);
#12564 = EDGE_LOOP('',(#12565,#12566,#12574,#12582));
#12565 = ORIENTED_EDGE('',*,*,#3011,.T.);
#12566 = ORIENTED_EDGE('',*,*,#12567,.T.);
#12567 = EDGE_CURVE('',#3014,#12568,#12570,.T.);
#12568 = VERTEX_POINT('',#12569);
#12569 = CARTESIAN_POINT('',(41.,-44.,7.6));
#12570 = LINE('',#12571,#12572);
#12571 = CARTESIAN_POINT('',(41.,-44.,5.5));
#12572 = VECTOR('',#12573,1.);
#12573 = DIRECTION('',(0.,0.,1.));
#12574 = ORIENTED_EDGE('',*,*,#12575,.F.);
#12575 = EDGE_CURVE('',#12576,#12568,#12578,.T.);
#12576 = VERTEX_POINT('',#12577);
#12577 = CARTESIAN_POINT('',(55.,-44.,7.6));
#12578 = LINE('',#12579,#12580);
#12579 = CARTESIAN_POINT('',(59.338396102677,-44.,7.6));
#12580 = VECTOR('',#12581,1.);
#12581 = DIRECTION('',(-1.,0.,0.));
#12582 = ORIENTED_EDGE('',*,*,#12583,.F.);
#12583 = EDGE_CURVE('',#3012,#12576,#12584,.T.);
#12584 = LINE('',#12585,#12586);
#12585 = CARTESIAN_POINT('',(55.,-44.,5.5));
#12586 = VECTOR('',#12587,1.);
#12587 = DIRECTION('',(0.,0.,1.));
#12588 = PLANE('',#12589);
#12589 = AXIS2_PLACEMENT_3D('',#12590,#12591,#12592);
#12590 = CARTESIAN_POINT('',(41.,-44.,5.5));
#12591 = DIRECTION('',(0.,1.,0.));
#12592 = DIRECTION('',(1.,0.,0.));
#12593 = ADVANCED_FACE('',(#12594),#12612,.F.);
#12594 = FACE_BOUND('',#12595,.F.);
#12595 = EDGE_LOOP('',(#12596,#12597,#12598,#12606));
#12596 = ORIENTED_EDGE('',*,*,#3021,.T.);
#12597 = ORIENTED_EDGE('',*,*,#12583,.T.);
#12598 = ORIENTED_EDGE('',*,*,#12599,.F.);
#12599 = EDGE_CURVE('',#12600,#12576,#12602,.T.);
#12600 = VERTEX_POINT('',#12601);
#12601 = CARTESIAN_POINT('',(55.,-58.,7.6));
#12602 = LINE('',#12603,#12604);
#12603 = CARTESIAN_POINT('',(55.,-44.71905291451,7.6));
#12604 = VECTOR('',#12605,1.);
#12605 = DIRECTION('',(0.,1.,0.));
#12606 = ORIENTED_EDGE('',*,*,#12607,.F.);
#12607 = EDGE_CURVE('',#3022,#12600,#12608,.T.);
#12608 = LINE('',#12609,#12610);
#12609 = CARTESIAN_POINT('',(55.,-58.,5.5));
#12610 = VECTOR('',#12611,1.);
#12611 = DIRECTION('',(0.,0.,1.));
#12612 = PLANE('',#12613);
#12613 = AXIS2_PLACEMENT_3D('',#12614,#12615,#12616);
#12614 = CARTESIAN_POINT('',(55.,-44.,5.5));
#12615 = DIRECTION('',(1.,0.,0.));
#12616 = DIRECTION('',(0.,-1.,0.));
#12617 = ADVANCED_FACE('',(#12618),#12636,.F.);
#12618 = FACE_BOUND('',#12619,.F.);
#12619 = EDGE_LOOP('',(#12620,#12621,#12629,#12635));
#12620 = ORIENTED_EDGE('',*,*,#3037,.T.);
#12621 = ORIENTED_EDGE('',*,*,#12622,.T.);
#12622 = EDGE_CURVE('',#3030,#12623,#12625,.T.);
#12623 = VERTEX_POINT('',#12624);
#12624 = CARTESIAN_POINT('',(41.,-58.,7.6));
#12625 = LINE('',#12626,#12627);
#12626 = CARTESIAN_POINT('',(41.,-58.,5.5));
#12627 = VECTOR('',#12628,1.);
#12628 = DIRECTION('',(0.,0.,1.));
#12629 = ORIENTED_EDGE('',*,*,#12630,.F.);
#12630 = EDGE_CURVE('',#12568,#12623,#12631,.T.);
#12631 = LINE('',#12632,#12633);
#12632 = CARTESIAN_POINT('',(41.,-51.71905291451,7.6));
#12633 = VECTOR('',#12634,1.);
#12634 = DIRECTION('',(0.,-1.,0.));
#12635 = ORIENTED_EDGE('',*,*,#12567,.F.);
#12636 = PLANE('',#12637);
#12637 = AXIS2_PLACEMENT_3D('',#12638,#12639,#12640);
#12638 = CARTESIAN_POINT('',(41.,-58.,5.5));
#12639 = DIRECTION('',(-1.,0.,0.));
#12640 = DIRECTION('',(0.,1.,0.));
#12641 = ADVANCED_FACE('',(#12642),#12653,.F.);
#12642 = FACE_BOUND('',#12643,.F.);
#12643 = EDGE_LOOP('',(#12644,#12645,#12646,#12652));
#12644 = ORIENTED_EDGE('',*,*,#3029,.T.);
#12645 = ORIENTED_EDGE('',*,*,#12607,.T.);
#12646 = ORIENTED_EDGE('',*,*,#12647,.F.);
#12647 = EDGE_CURVE('',#12623,#12600,#12648,.T.);
#12648 = LINE('',#12649,#12650);
#12649 = CARTESIAN_POINT('',(66.338396102677,-58.,7.6));
#12650 = VECTOR('',#12651,1.);
#12651 = DIRECTION('',(1.,0.,0.));
#12652 = ORIENTED_EDGE('',*,*,#12622,.F.);
#12653 = PLANE('',#12654);
#12654 = AXIS2_PLACEMENT_3D('',#12655,#12656,#12657);
#12655 = CARTESIAN_POINT('',(55.,-58.,5.5));
#12656 = DIRECTION('',(0.,-1.,0.));
#12657 = DIRECTION('',(-1.,0.,0.));
#12658 = ADVANCED_FACE('',(#12659),#12684,.F.);
#12659 = FACE_BOUND('',#12660,.F.);
#12660 = EDGE_LOOP('',(#12661,#12662,#12670,#12678));
#12661 = ORIENTED_EDGE('',*,*,#3045,.T.);
#12662 = ORIENTED_EDGE('',*,*,#12663,.T.);
#12663 = EDGE_CURVE('',#3048,#12664,#12666,.T.);
#12664 = VERTEX_POINT('',#12665);
#12665 = CARTESIAN_POINT('',(71.416546914124,-65.63672731259,7.6));
#12666 = LINE('',#12667,#12668);
#12667 = CARTESIAN_POINT('',(71.416546914124,-65.63672731259,5.5));
#12668 = VECTOR('',#12669,1.);
#12669 = DIRECTION('',(0.,0.,1.));
#12670 = ORIENTED_EDGE('',*,*,#12671,.F.);
#12671 = EDGE_CURVE('',#12672,#12664,#12674,.T.);
#12672 = VERTEX_POINT('',#12673);
#12673 = CARTESIAN_POINT('',(85.363272687409,-64.41654691412,7.6));
#12674 = LINE('',#12675,#12676);
#12675 = CARTESIAN_POINT('',(75.399756214573,-65.28824165435,7.6));
#12676 = VECTOR('',#12677,1.);
#12677 = DIRECTION('',(-0.996194698092,-8.715574274766E-02,0.));
#12678 = ORIENTED_EDGE('',*,*,#12679,.F.);
#12679 = EDGE_CURVE('',#3046,#12672,#12680,.T.);
#12680 = LINE('',#12681,#12682);
#12681 = CARTESIAN_POINT('',(85.363272687409,-64.41654691412,5.5));
#12682 = VECTOR('',#12683,1.);
#12683 = DIRECTION('',(0.,0.,1.));
#12684 = PLANE('',#12685);
#12685 = AXIS2_PLACEMENT_3D('',#12686,#12687,#12688);
#12686 = CARTESIAN_POINT('',(71.416546914124,-65.63672731259,5.5));
#12687 = DIRECTION('',(-8.715574274766E-02,0.996194698092,0.));
#12688 = DIRECTION('',(0.996194698092,8.715574274766E-02,0.));
#12689 = ADVANCED_FACE('',(#12690),#12708,.F.);
#12690 = FACE_BOUND('',#12691,.F.);
#12691 = EDGE_LOOP('',(#12692,#12693,#12694,#12702));
#12692 = ORIENTED_EDGE('',*,*,#3055,.T.);
#12693 = ORIENTED_EDGE('',*,*,#12679,.T.);
#12694 = ORIENTED_EDGE('',*,*,#12695,.F.);
#12695 = EDGE_CURVE('',#12696,#12672,#12698,.T.);
#12696 = VERTEX_POINT('',#12697);
#12697 = CARTESIAN_POINT('',(86.583453085876,-78.3632726874,7.6));
#12698 = LINE('',#12699,#12700);
#12699 = CARTESIAN_POINT('',(84.510186032574,-54.66572183058,7.6));
#12700 = VECTOR('',#12701,1.);
#12701 = DIRECTION('',(-8.715574274766E-02,0.996194698092,0.));
#12702 = ORIENTED_EDGE('',*,*,#12703,.F.);
#12703 = EDGE_CURVE('',#3056,#12696,#12704,.T.);
#12704 = LINE('',#12705,#12706);
#12705 = CARTESIAN_POINT('',(86.583453085876,-78.3632726874,5.5));
#12706 = VECTOR('',#12707,1.);
#12707 = DIRECTION('',(0.,0.,1.));
#12708 = PLANE('',#12709);
#12709 = AXIS2_PLACEMENT_3D('',#12710,#12711,#12712);
#12710 = CARTESIAN_POINT('',(85.363272687409,-64.41654691412,5.5));
#12711 = DIRECTION('',(0.996194698092,8.715574274766E-02,0.));
#12712 = DIRECTION('',(8.715574274766E-02,-0.996194698092,0.));
#12713 = ADVANCED_FACE('',(#12714),#12732,.F.);
#12714 = FACE_BOUND('',#12715,.F.);
#12715 = EDGE_LOOP('',(#12716,#12717,#12725,#12731));
#12716 = ORIENTED_EDGE('',*,*,#3071,.T.);
#12717 = ORIENTED_EDGE('',*,*,#12718,.T.);
#12718 = EDGE_CURVE('',#3064,#12719,#12721,.T.);
#12719 = VERTEX_POINT('',#12720);
#12720 = CARTESIAN_POINT('',(72.636727312591,-79.58345308587,7.6));
#12721 = LINE('',#12722,#12723);
#12722 = CARTESIAN_POINT('',(72.636727312591,-79.58345308587,5.5));
#12723 = VECTOR('',#12724,1.);
#12724 = DIRECTION('',(0.,0.,1.));
#12725 = ORIENTED_EDGE('',*,*,#12726,.F.);
#12726 = EDGE_CURVE('',#12664,#12719,#12727,.T.);
#12727 = LINE('',#12728,#12729);
#12728 = CARTESIAN_POINT('',(71.173550458523,-62.85926511569,7.6));
#12729 = VECTOR('',#12730,1.);
#12730 = DIRECTION('',(8.715574274766E-02,-0.996194698092,0.));
#12731 = ORIENTED_EDGE('',*,*,#12663,.F.);
#12732 = PLANE('',#12733);
#12733 = AXIS2_PLACEMENT_3D('',#12734,#12735,#12736);
#12734 = CARTESIAN_POINT('',(72.636727312591,-79.58345308587,5.5));
#12735 = DIRECTION('',(-0.996194698092,-8.715574274766E-02,0.));
#12736 = DIRECTION('',(-8.715574274766E-02,0.996194698092,0.));
#12737 = ADVANCED_FACE('',(#12738),#12749,.F.);
#12738 = FACE_BOUND('',#12739,.F.);
#12739 = EDGE_LOOP('',(#12740,#12741,#12742,#12748));
#12740 = ORIENTED_EDGE('',*,*,#3063,.T.);
#12741 = ORIENTED_EDGE('',*,*,#12703,.T.);
#12742 = ORIENTED_EDGE('',*,*,#12743,.F.);
#12743 = EDGE_CURVE('',#12719,#12696,#12744,.T.);
#12744 = LINE('',#12745,#12746);
#12745 = CARTESIAN_POINT('',(83.593299499683,-78.6248772284,7.6));
#12746 = VECTOR('',#12747,1.);
#12747 = DIRECTION('',(0.996194698092,8.715574274766E-02,0.));
#12748 = ORIENTED_EDGE('',*,*,#12718,.F.);
#12749 = PLANE('',#12750);
#12750 = AXIS2_PLACEMENT_3D('',#12751,#12752,#12753);
#12751 = CARTESIAN_POINT('',(86.583453085876,-78.3632726874,5.5));
#12752 = DIRECTION('',(8.715574274766E-02,-0.996194698092,0.));
#12753 = DIRECTION('',(-0.996194698092,-8.715574274766E-02,0.));
#12754 = ADVANCED_FACE('',(#12755),#12780,.F.);
#12755 = FACE_BOUND('',#12756,.F.);
#12756 = EDGE_LOOP('',(#12757,#12758,#12766,#12774));
#12757 = ORIENTED_EDGE('',*,*,#3079,.T.);
#12758 = ORIENTED_EDGE('',*,*,#12759,.T.);
#12759 = EDGE_CURVE('',#3082,#12760,#12762,.T.);
#12760 = VERTEX_POINT('',#12761);
#12761 = CARTESIAN_POINT('',(95.321882972583,-64.89080848524,7.6));
#12762 = LINE('',#12763,#12764);
#12763 = CARTESIAN_POINT('',(95.321882972583,-64.89080848524,5.5));
#12764 = VECTOR('',#12765,1.);
#12765 = DIRECTION('',(0.,0.,1.));
#12766 = ORIENTED_EDGE('',*,*,#12767,.F.);
#12767 = EDGE_CURVE('',#12768,#12760,#12770,.T.);
#12768 = VERTEX_POINT('',#12769);
#12769 = CARTESIAN_POINT('',(109.10919151475,-67.32188297258,7.6));
#12770 = LINE('',#12771,#12772);
#12771 = CARTESIAN_POINT('',(85.102065846372,-63.08877898798,7.6));
#12772 = VECTOR('',#12773,1.);
#12773 = DIRECTION('',(-0.984807753012,0.173648177667,0.));
#12774 = ORIENTED_EDGE('',*,*,#12775,.F.);
#12775 = EDGE_CURVE('',#3080,#12768,#12776,.T.);
#12776 = LINE('',#12777,#12778);
#12777 = CARTESIAN_POINT('',(109.10919151475,-67.32188297258,5.5));
#12778 = VECTOR('',#12779,1.);
#12779 = DIRECTION('',(0.,0.,1.));
#12780 = PLANE('',#12781);
#12781 = AXIS2_PLACEMENT_3D('',#12782,#12783,#12784);
#12782 = CARTESIAN_POINT('',(95.321882972583,-64.89080848524,5.5));
#12783 = DIRECTION('',(0.173648177667,0.984807753012,0.));
#12784 = DIRECTION('',(0.984807753012,-0.173648177667,0.));
#12785 = ADVANCED_FACE('',(#12786),#12804,.F.);
#12786 = FACE_BOUND('',#12787,.F.);
#12787 = EDGE_LOOP('',(#12788,#12789,#12790,#12798));
#12788 = ORIENTED_EDGE('',*,*,#3089,.T.);
#12789 = ORIENTED_EDGE('',*,*,#12775,.T.);
#12790 = ORIENTED_EDGE('',*,*,#12791,.F.);
#12791 = EDGE_CURVE('',#12792,#12768,#12794,.T.);
#12792 = VERTEX_POINT('',#12793);
#12793 = CARTESIAN_POINT('',(106.67811702741,-81.10919151475,7.6));
#12794 = LINE('',#12795,#12796);
#12795 = CARTESIAN_POINT('',(110.50646325735,-59.39756114172,7.6));
#12796 = VECTOR('',#12797,1.);
#12797 = DIRECTION('',(0.173648177667,0.984807753012,0.));
#12798 = ORIENTED_EDGE('',*,*,#12799,.F.);
#12799 = EDGE_CURVE('',#3090,#12792,#12800,.T.);
#12800 = LINE('',#12801,#12802);
#12801 = CARTESIAN_POINT('',(106.67811702741,-81.10919151475,5.5));
#12802 = VECTOR('',#12803,1.);
#12803 = DIRECTION('',(0.,0.,1.));
#12804 = PLANE('',#12805);
#12805 = AXIS2_PLACEMENT_3D('',#12806,#12807,#12808);
#12806 = CARTESIAN_POINT('',(109.10919151475,-67.32188297258,5.5));
#12807 = DIRECTION('',(0.984807753012,-0.173648177667,0.));
#12808 = DIRECTION('',(-0.173648177667,-0.984807753012,0.));
#12809 = ADVANCED_FACE('',(#12810),#12828,.F.);
#12810 = FACE_BOUND('',#12811,.F.);
#12811 = EDGE_LOOP('',(#12812,#12813,#12821,#12827));
#12812 = ORIENTED_EDGE('',*,*,#3105,.T.);
#12813 = ORIENTED_EDGE('',*,*,#12814,.T.);
#12814 = EDGE_CURVE('',#3098,#12815,#12817,.T.);
#12815 = VERTEX_POINT('',#12816);
#12816 = CARTESIAN_POINT('',(92.890808485246,-78.67811702741,7.6));
#12817 = LINE('',#12818,#12819);
#12818 = CARTESIAN_POINT('',(92.890808485246,-78.67811702741,5.5));
#12819 = VECTOR('',#12820,1.);
#12820 = DIRECTION('',(0.,0.,1.));
#12821 = ORIENTED_EDGE('',*,*,#12822,.F.);
#12822 = EDGE_CURVE('',#12760,#12815,#12823,.T.);
#12823 = LINE('',#12824,#12825);
#12824 = CARTESIAN_POINT('',(95.503617471511,-63.86014092547,7.6));
#12825 = VECTOR('',#12826,1.);
#12826 = DIRECTION('',(-0.173648177667,-0.984807753012,0.));
#12827 = ORIENTED_EDGE('',*,*,#12759,.F.);
#12828 = PLANE('',#12829);
#12829 = AXIS2_PLACEMENT_3D('',#12830,#12831,#12832);
#12830 = CARTESIAN_POINT('',(92.890808485246,-78.67811702741,5.5));
#12831 = DIRECTION('',(-0.984807753012,0.173648177667,0.));
#12832 = DIRECTION('',(0.173648177667,0.984807753012,0.));
#12833 = ADVANCED_FACE('',(#12834),#12845,.F.);
#12834 = FACE_BOUND('',#12835,.F.);
#12835 = EDGE_LOOP('',(#12836,#12837,#12838,#12844));
#12836 = ORIENTED_EDGE('',*,*,#3097,.T.);
#12837 = ORIENTED_EDGE('',*,*,#12799,.T.);
#12838 = ORIENTED_EDGE('',*,*,#12839,.F.);
#12839 = EDGE_CURVE('',#12815,#12792,#12840,.T.);
#12840 = LINE('',#12841,#12842);
#12841 = CARTESIAN_POINT('',(89.56464563012,-78.09162477382,7.6));
#12842 = VECTOR('',#12843,1.);
#12843 = DIRECTION('',(0.984807753012,-0.173648177667,0.));
#12844 = ORIENTED_EDGE('',*,*,#12814,.F.);
#12845 = PLANE('',#12846);
#12846 = AXIS2_PLACEMENT_3D('',#12847,#12848,#12849);
#12847 = CARTESIAN_POINT('',(106.67811702741,-81.10919151475,5.5));
#12848 = DIRECTION('',(-0.173648177667,-0.984807753012,0.));
#12849 = DIRECTION('',(-0.984807753012,0.173648177667,0.));
#12850 = ADVANCED_FACE('',(#12851),#12876,.F.);
#12851 = FACE_BOUND('',#12852,.F.);
#12852 = EDGE_LOOP('',(#12853,#12854,#12862,#12870));
#12853 = ORIENTED_EDGE('',*,*,#3113,.T.);
#12854 = ORIENTED_EDGE('',*,*,#12855,.T.);
#12855 = EDGE_CURVE('',#3116,#12856,#12858,.T.);
#12856 = VERTEX_POINT('',#12857);
#12857 = CARTESIAN_POINT('',(118.61417332292,-70.69751765855,7.6));
#12858 = LINE('',#12859,#12860);
#12859 = CARTESIAN_POINT('',(118.61417332292,-70.69751765855,5.5));
#12860 = VECTOR('',#12861,1.);
#12861 = DIRECTION('',(0.,0.,1.));
#12862 = ORIENTED_EDGE('',*,*,#12863,.F.);
#12863 = EDGE_CURVE('',#12864,#12856,#12866,.T.);
#12864 = VERTEX_POINT('',#12865);
#12865 = CARTESIAN_POINT('',(131.30248234144,-76.61417332292,7.6));
#12866 = LINE('',#12867,#12868);
#12867 = CARTESIAN_POINT('',(96.963859687569,-60.60181060893,7.6));
#12868 = VECTOR('',#12869,1.);
#12869 = DIRECTION('',(-0.906307787037,0.422618261741,0.));
#12870 = ORIENTED_EDGE('',*,*,#12871,.F.);
#12871 = EDGE_CURVE('',#3114,#12864,#12872,.T.);
#12872 = LINE('',#12873,#12874);
#12873 = CARTESIAN_POINT('',(131.30248234144,-76.61417332292,5.5));
#12874 = VECTOR('',#12875,1.);
#12875 = DIRECTION('',(0.,0.,1.));
#12876 = PLANE('',#12877);
#12877 = AXIS2_PLACEMENT_3D('',#12878,#12879,#12880);
#12878 = CARTESIAN_POINT('',(118.61417332292,-70.69751765855,5.5));
#12879 = DIRECTION('',(0.422618261741,0.906307787037,0.));
#12880 = DIRECTION('',(0.906307787037,-0.422618261741,0.));
#12881 = ADVANCED_FACE('',(#12882),#12900,.F.);
#12882 = FACE_BOUND('',#12883,.F.);
#12883 = EDGE_LOOP('',(#12884,#12885,#12886,#12894));
#12884 = ORIENTED_EDGE('',*,*,#3123,.T.);
#12885 = ORIENTED_EDGE('',*,*,#12871,.T.);
#12886 = ORIENTED_EDGE('',*,*,#12887,.F.);
#12887 = EDGE_CURVE('',#12888,#12864,#12890,.T.);
#12888 = VERTEX_POINT('',#12889);
#12889 = CARTESIAN_POINT('',(125.38582667707,-89.30248234144,7.6));
#12890 = LINE('',#12891,#12892);
#12891 = CARTESIAN_POINT('',(132.48410541801,-74.08017445778,7.6));
#12892 = VECTOR('',#12893,1.);
#12893 = DIRECTION('',(0.422618261741,0.906307787037,0.));
#12894 = ORIENTED_EDGE('',*,*,#12895,.F.);
#12895 = EDGE_CURVE('',#3124,#12888,#12896,.T.);
#12896 = LINE('',#12897,#12898);
#12897 = CARTESIAN_POINT('',(125.38582667707,-89.30248234144,5.5));
#12898 = VECTOR('',#12899,1.);
#12899 = DIRECTION('',(0.,0.,1.));
#12900 = PLANE('',#12901);
#12901 = AXIS2_PLACEMENT_3D('',#12902,#12903,#12904);
#12902 = CARTESIAN_POINT('',(131.30248234144,-76.61417332292,5.5));
#12903 = DIRECTION('',(0.906307787037,-0.422618261741,0.));
#12904 = DIRECTION('',(-0.422618261741,-0.906307787037,0.));
#12905 = ADVANCED_FACE('',(#12906),#12924,.F.);
#12906 = FACE_BOUND('',#12907,.F.);
#12907 = EDGE_LOOP('',(#12908,#12909,#12917,#12923));
#12908 = ORIENTED_EDGE('',*,*,#3139,.T.);
#12909 = ORIENTED_EDGE('',*,*,#12910,.T.);
#12910 = EDGE_CURVE('',#3132,#12911,#12913,.T.);
#12911 = VERTEX_POINT('',#12912);
#12912 = CARTESIAN_POINT('',(112.69751765855,-83.38582667707,7.6));
#12913 = LINE('',#12914,#12915);
#12914 = CARTESIAN_POINT('',(112.69751765855,-83.38582667707,5.5));
#12915 = VECTOR('',#12916,1.);
#12916 = DIRECTION('',(0.,0.,1.));
#12917 = ORIENTED_EDGE('',*,*,#12918,.F.);
#12918 = EDGE_CURVE('',#12856,#12911,#12919,.T.);
#12919 = LINE('',#12920,#12921);
#12920 = CARTESIAN_POINT('',(116.83746856731,-74.50767330267,7.6));
#12921 = VECTOR('',#12922,1.);
#12922 = DIRECTION('',(-0.422618261741,-0.906307787037,0.));
#12923 = ORIENTED_EDGE('',*,*,#12855,.F.);
#12924 = PLANE('',#12925);
#12925 = AXIS2_PLACEMENT_3D('',#12926,#12927,#12928);
#12926 = CARTESIAN_POINT('',(112.69751765855,-83.38582667707,5.5));
#12927 = DIRECTION('',(-0.906307787037,0.422618261741,0.));
#12928 = DIRECTION('',(0.422618261741,0.906307787037,0.));
#12929 = ADVANCED_FACE('',(#12930),#12941,.F.);
#12930 = FACE_BOUND('',#12931,.F.);
#12931 = EDGE_LOOP('',(#12932,#12933,#12934,#12940));
#12932 = ORIENTED_EDGE('',*,*,#3131,.T.);
#12933 = ORIENTED_EDGE('',*,*,#12895,.T.);
#12934 = ORIENTED_EDGE('',*,*,#12935,.F.);
#12935 = EDGE_CURVE('',#12911,#12888,#12936,.T.);
#12936 = LINE('',#12937,#12938);
#12937 = CARTESIAN_POINT('',(97.391358532456,-76.24844745963,7.6));
#12938 = VECTOR('',#12939,1.);
#12939 = DIRECTION('',(0.906307787037,-0.422618261741,0.));
#12940 = ORIENTED_EDGE('',*,*,#12910,.F.);
#12941 = PLANE('',#12942);
#12942 = AXIS2_PLACEMENT_3D('',#12943,#12944,#12945);
#12943 = CARTESIAN_POINT('',(125.38582667707,-89.30248234144,5.5));
#12944 = DIRECTION('',(-0.422618261741,-0.906307787037,0.));
#12945 = DIRECTION('',(-0.906307787037,0.422618261741,0.));
#12946 = ADVANCED_FACE('',(#12947),#12966,.F.);
#12947 = FACE_BOUND('',#12948,.T.);
#12948 = EDGE_LOOP('',(#12949,#12950,#12958,#12965));
#12949 = ORIENTED_EDGE('',*,*,#3147,.T.);
#12950 = ORIENTED_EDGE('',*,*,#12951,.T.);
#12951 = EDGE_CURVE('',#3148,#12952,#12954,.T.);
#12952 = VERTEX_POINT('',#12953);
#12953 = CARTESIAN_POINT('',(81.15,-61.3,7.6));
#12954 = LINE('',#12955,#12956);
#12955 = CARTESIAN_POINT('',(81.15,-61.3,5.5));
#12956 = VECTOR('',#12957,1.);
#12957 = DIRECTION('',(0.,0.,1.));
#12958 = ORIENTED_EDGE('',*,*,#12959,.F.);
#12959 = EDGE_CURVE('',#12952,#12952,#12960,.T.);
#12960 = CIRCLE('',#12961,1.15);
#12961 = AXIS2_PLACEMENT_3D('',#12962,#12963,#12964);
#12962 = CARTESIAN_POINT('',(80.,-61.3,7.6));
#12963 = DIRECTION('',(0.,0.,-1.));
#12964 = DIRECTION('',(1.,0.,0.));
#12965 = ORIENTED_EDGE('',*,*,#12951,.F.);
#12966 = CYLINDRICAL_SURFACE('',#12967,1.15);
#12967 = AXIS2_PLACEMENT_3D('',#12968,#12969,#12970);
#12968 = CARTESIAN_POINT('',(80.,-61.3,5.5));
#12969 = DIRECTION('',(-0.,-0.,-1.));
#12970 = DIRECTION('',(1.,0.,0.));
#12971 = ADVANCED_FACE('',(#12972),#12997,.F.);
#12972 = FACE_BOUND('',#12973,.F.);
#12973 = EDGE_LOOP('',(#12974,#12975,#12983,#12991));
#12974 = ORIENTED_EDGE('',*,*,#3158,.T.);
#12975 = ORIENTED_EDGE('',*,*,#12976,.T.);
#12976 = EDGE_CURVE('',#3161,#12977,#12979,.T.);
#12977 = VERTEX_POINT('',#12978);
#12978 = CARTESIAN_POINT('',(77.,-44.,7.6));
#12979 = LINE('',#12980,#12981);
#12980 = CARTESIAN_POINT('',(77.,-44.,5.5));
#12981 = VECTOR('',#12982,1.);
#12982 = DIRECTION('',(0.,0.,1.));
#12983 = ORIENTED_EDGE('',*,*,#12984,.F.);
#12984 = EDGE_CURVE('',#12985,#12977,#12987,.T.);
#12985 = VERTEX_POINT('',#12986);
#12986 = CARTESIAN_POINT('',(91.,-44.,7.6));
#12987 = LINE('',#12988,#12989);
#12988 = CARTESIAN_POINT('',(77.338396102677,-44.,7.6));
#12989 = VECTOR('',#12990,1.);
#12990 = DIRECTION('',(-1.,0.,0.));
#12991 = ORIENTED_EDGE('',*,*,#12992,.F.);
#12992 = EDGE_CURVE('',#3159,#12985,#12993,.T.);
#12993 = LINE('',#12994,#12995);
#12994 = CARTESIAN_POINT('',(91.,-44.,5.5));
#12995 = VECTOR('',#12996,1.);
#12996 = DIRECTION('',(0.,0.,1.));
#12997 = PLANE('',#12998);
#12998 = AXIS2_PLACEMENT_3D('',#12999,#13000,#13001);
#12999 = CARTESIAN_POINT('',(77.,-44.,5.5));
#13000 = DIRECTION('',(0.,1.,0.));
#13001 = DIRECTION('',(1.,0.,0.));
#13002 = ADVANCED_FACE('',(#13003),#13021,.F.);
#13003 = FACE_BOUND('',#13004,.F.);
#13004 = EDGE_LOOP('',(#13005,#13006,#13007,#13015));
#13005 = ORIENTED_EDGE('',*,*,#3168,.T.);
#13006 = ORIENTED_EDGE('',*,*,#12992,.T.);
#13007 = ORIENTED_EDGE('',*,*,#13008,.F.);
#13008 = EDGE_CURVE('',#13009,#12985,#13011,.T.);
#13009 = VERTEX_POINT('',#13010);
#13010 = CARTESIAN_POINT('',(91.,-58.,7.6));
#13011 = LINE('',#13012,#13013);
#13012 = CARTESIAN_POINT('',(91.,-44.71905291451,7.6));
#13013 = VECTOR('',#13014,1.);
#13014 = DIRECTION('',(0.,1.,0.));
#13015 = ORIENTED_EDGE('',*,*,#13016,.F.);
#13016 = EDGE_CURVE('',#3169,#13009,#13017,.T.);
#13017 = LINE('',#13018,#13019);
#13018 = CARTESIAN_POINT('',(91.,-58.,5.5));
#13019 = VECTOR('',#13020,1.);
#13020 = DIRECTION('',(0.,0.,1.));
#13021 = PLANE('',#13022);
#13022 = AXIS2_PLACEMENT_3D('',#13023,#13024,#13025);
#13023 = CARTESIAN_POINT('',(91.,-44.,5.5));
#13024 = DIRECTION('',(1.,0.,0.));
#13025 = DIRECTION('',(0.,-1.,0.));
#13026 = ADVANCED_FACE('',(#13027),#13045,.F.);
#13027 = FACE_BOUND('',#13028,.F.);
#13028 = EDGE_LOOP('',(#13029,#13030,#13038,#13044));
#13029 = ORIENTED_EDGE('',*,*,#3184,.T.);
#13030 = ORIENTED_EDGE('',*,*,#13031,.T.);
#13031 = EDGE_CURVE('',#3177,#13032,#13034,.T.);
#13032 = VERTEX_POINT('',#13033);
#13033 = CARTESIAN_POINT('',(77.,-58.,7.6));
#13034 = LINE('',#13035,#13036);
#13035 = CARTESIAN_POINT('',(77.,-58.,5.5));
#13036 = VECTOR('',#13037,1.);
#13037 = DIRECTION('',(0.,0.,1.));
#13038 = ORIENTED_EDGE('',*,*,#13039,.F.);
#13039 = EDGE_CURVE('',#12977,#13032,#13040,.T.);
#13040 = LINE('',#13041,#13042);
#13041 = CARTESIAN_POINT('',(77.,-51.71905291451,7.6));
#13042 = VECTOR('',#13043,1.);
#13043 = DIRECTION('',(0.,-1.,0.));
#13044 = ORIENTED_EDGE('',*,*,#12976,.F.);
#13045 = PLANE('',#13046);
#13046 = AXIS2_PLACEMENT_3D('',#13047,#13048,#13049);
#13047 = CARTESIAN_POINT('',(77.,-58.,5.5));
#13048 = DIRECTION('',(-1.,0.,0.));
#13049 = DIRECTION('',(0.,1.,0.));
#13050 = ADVANCED_FACE('',(#13051),#13062,.F.);
#13051 = FACE_BOUND('',#13052,.F.);
#13052 = EDGE_LOOP('',(#13053,#13054,#13055,#13061));
#13053 = ORIENTED_EDGE('',*,*,#3176,.T.);
#13054 = ORIENTED_EDGE('',*,*,#13016,.T.);
#13055 = ORIENTED_EDGE('',*,*,#13056,.F.);
#13056 = EDGE_CURVE('',#13032,#13009,#13057,.T.);
#13057 = LINE('',#13058,#13059);
#13058 = CARTESIAN_POINT('',(84.338396102677,-58.,7.6));
#13059 = VECTOR('',#13060,1.);
#13060 = DIRECTION('',(1.,0.,0.));
#13061 = ORIENTED_EDGE('',*,*,#13031,.F.);
#13062 = PLANE('',#13063);
#13063 = AXIS2_PLACEMENT_3D('',#13064,#13065,#13066);
#13064 = CARTESIAN_POINT('',(91.,-58.,5.5));
#13065 = DIRECTION('',(0.,-1.,0.));
#13066 = DIRECTION('',(-1.,0.,0.));
#13067 = ADVANCED_FACE('',(#13068),#13093,.F.);
#13068 = FACE_BOUND('',#13069,.F.);
#13069 = EDGE_LOOP('',(#13070,#13071,#13079,#13087));
#13070 = ORIENTED_EDGE('',*,*,#3192,.T.);
#13071 = ORIENTED_EDGE('',*,*,#13072,.T.);
#13072 = EDGE_CURVE('',#3195,#13073,#13075,.T.);
#13073 = VERTEX_POINT('',#13074);
#13074 = CARTESIAN_POINT('',(95.,-46.,7.6));
#13075 = LINE('',#13076,#13077);
#13076 = CARTESIAN_POINT('',(95.,-46.,5.5));
#13077 = VECTOR('',#13078,1.);
#13078 = DIRECTION('',(0.,0.,1.));
#13079 = ORIENTED_EDGE('',*,*,#13080,.F.);
#13080 = EDGE_CURVE('',#13081,#13073,#13083,.T.);
#13081 = VERTEX_POINT('',#13082);
#13082 = CARTESIAN_POINT('',(109.,-46.,7.6));
#13083 = LINE('',#13084,#13085);
#13084 = CARTESIAN_POINT('',(86.338396102677,-46.,7.6));
#13085 = VECTOR('',#13086,1.);
#13086 = DIRECTION('',(-1.,0.,0.));
#13087 = ORIENTED_EDGE('',*,*,#13088,.F.);
#13088 = EDGE_CURVE('',#3193,#13081,#13089,.T.);
#13089 = LINE('',#13090,#13091);
#13090 = CARTESIAN_POINT('',(109.,-46.,5.5));
#13091 = VECTOR('',#13092,1.);
#13092 = DIRECTION('',(0.,0.,1.));
#13093 = PLANE('',#13094);
#13094 = AXIS2_PLACEMENT_3D('',#13095,#13096,#13097);
#13095 = CARTESIAN_POINT('',(95.,-46.,5.5));
#13096 = DIRECTION('',(0.,1.,0.));
#13097 = DIRECTION('',(1.,0.,0.));
#13098 = ADVANCED_FACE('',(#13099),#13117,.F.);
#13099 = FACE_BOUND('',#13100,.F.);
#13100 = EDGE_LOOP('',(#13101,#13102,#13103,#13111));
#13101 = ORIENTED_EDGE('',*,*,#3202,.T.);
#13102 = ORIENTED_EDGE('',*,*,#13088,.T.);
#13103 = ORIENTED_EDGE('',*,*,#13104,.F.);
#13104 = EDGE_CURVE('',#13105,#13081,#13107,.T.);
#13105 = VERTEX_POINT('',#13106);
#13106 = CARTESIAN_POINT('',(109.,-60.,7.6));
#13107 = LINE('',#13108,#13109);
#13108 = CARTESIAN_POINT('',(109.,-45.71905291451,7.6));
#13109 = VECTOR('',#13110,1.);
#13110 = DIRECTION('',(0.,1.,0.));
#13111 = ORIENTED_EDGE('',*,*,#13112,.F.);
#13112 = EDGE_CURVE('',#3203,#13105,#13113,.T.);
#13113 = LINE('',#13114,#13115);
#13114 = CARTESIAN_POINT('',(109.,-60.,5.5));
#13115 = VECTOR('',#13116,1.);
#13116 = DIRECTION('',(0.,0.,1.));
#13117 = PLANE('',#13118);
#13118 = AXIS2_PLACEMENT_3D('',#13119,#13120,#13121);
#13119 = CARTESIAN_POINT('',(109.,-46.,5.5));
#13120 = DIRECTION('',(1.,0.,0.));
#13121 = DIRECTION('',(0.,-1.,0.));
#13122 = ADVANCED_FACE('',(#13123),#13141,.F.);
#13123 = FACE_BOUND('',#13124,.F.);
#13124 = EDGE_LOOP('',(#13125,#13126,#13134,#13140));
#13125 = ORIENTED_EDGE('',*,*,#3218,.T.);
#13126 = ORIENTED_EDGE('',*,*,#13127,.T.);
#13127 = EDGE_CURVE('',#3211,#13128,#13130,.T.);
#13128 = VERTEX_POINT('',#13129);
#13129 = CARTESIAN_POINT('',(95.,-60.,7.6));
#13130 = LINE('',#13131,#13132);
#13131 = CARTESIAN_POINT('',(95.,-60.,5.5));
#13132 = VECTOR('',#13133,1.);
#13133 = DIRECTION('',(0.,0.,1.));
#13134 = ORIENTED_EDGE('',*,*,#13135,.F.);
#13135 = EDGE_CURVE('',#13073,#13128,#13136,.T.);
#13136 = LINE('',#13137,#13138);
#13137 = CARTESIAN_POINT('',(95.,-52.71905291451,7.6));
#13138 = VECTOR('',#13139,1.);
#13139 = DIRECTION('',(0.,-1.,0.));
#13140 = ORIENTED_EDGE('',*,*,#13072,.F.);
#13141 = PLANE('',#13142);
#13142 = AXIS2_PLACEMENT_3D('',#13143,#13144,#13145);
#13143 = CARTESIAN_POINT('',(95.,-60.,5.5));
#13144 = DIRECTION('',(-1.,0.,0.));
#13145 = DIRECTION('',(0.,1.,0.));
#13146 = ADVANCED_FACE('',(#13147),#13158,.F.);
#13147 = FACE_BOUND('',#13148,.F.);
#13148 = EDGE_LOOP('',(#13149,#13150,#13151,#13157));
#13149 = ORIENTED_EDGE('',*,*,#3210,.T.);
#13150 = ORIENTED_EDGE('',*,*,#13112,.T.);
#13151 = ORIENTED_EDGE('',*,*,#13152,.F.);
#13152 = EDGE_CURVE('',#13128,#13105,#13153,.T.);
#13153 = LINE('',#13154,#13155);
#13154 = CARTESIAN_POINT('',(93.338396102677,-60.,7.6));
#13155 = VECTOR('',#13156,1.);
#13156 = DIRECTION('',(1.,0.,0.));
#13157 = ORIENTED_EDGE('',*,*,#13127,.F.);
#13158 = PLANE('',#13159);
#13159 = AXIS2_PLACEMENT_3D('',#13160,#13161,#13162);
#13160 = CARTESIAN_POINT('',(109.,-60.,5.5));
#13161 = DIRECTION('',(0.,-1.,0.));
#13162 = DIRECTION('',(-1.,0.,0.));
#13163 = ADVANCED_FACE('',(#13164),#13189,.F.);
#13164 = FACE_BOUND('',#13165,.F.);
#13165 = EDGE_LOOP('',(#13166,#13167,#13175,#13183));
#13166 = ORIENTED_EDGE('',*,*,#3226,.T.);
#13167 = ORIENTED_EDGE('',*,*,#13168,.T.);
#13168 = EDGE_CURVE('',#3229,#13169,#13171,.T.);
#13169 = VERTEX_POINT('',#13170);
#13170 = CARTESIAN_POINT('',(23.,-39.,7.6));
#13171 = LINE('',#13172,#13173);
#13172 = CARTESIAN_POINT('',(23.,-39.,5.5));
#13173 = VECTOR('',#13174,1.);
#13174 = DIRECTION('',(0.,0.,1.));
#13175 = ORIENTED_EDGE('',*,*,#13176,.F.);
#13176 = EDGE_CURVE('',#13177,#13169,#13179,.T.);
#13177 = VERTEX_POINT('',#13178);
#13178 = CARTESIAN_POINT('',(37.,-39.,7.6));
#13179 = LINE('',#13180,#13181);
#13180 = CARTESIAN_POINT('',(50.338396102677,-39.,7.6));
#13181 = VECTOR('',#13182,1.);
#13182 = DIRECTION('',(-1.,0.,0.));
#13183 = ORIENTED_EDGE('',*,*,#13184,.F.);
#13184 = EDGE_CURVE('',#3227,#13177,#13185,.T.);
#13185 = LINE('',#13186,#13187);
#13186 = CARTESIAN_POINT('',(37.,-39.,5.5));
#13187 = VECTOR('',#13188,1.);
#13188 = DIRECTION('',(0.,0.,1.));
#13189 = PLANE('',#13190);
#13190 = AXIS2_PLACEMENT_3D('',#13191,#13192,#13193);
#13191 = CARTESIAN_POINT('',(23.,-39.,5.5));
#13192 = DIRECTION('',(0.,1.,0.));
#13193 = DIRECTION('',(1.,0.,0.));
#13194 = ADVANCED_FACE('',(#13195),#13213,.F.);
#13195 = FACE_BOUND('',#13196,.F.);
#13196 = EDGE_LOOP('',(#13197,#13198,#13199,#13207));
#13197 = ORIENTED_EDGE('',*,*,#3236,.T.);
#13198 = ORIENTED_EDGE('',*,*,#13184,.T.);
#13199 = ORIENTED_EDGE('',*,*,#13200,.F.);
#13200 = EDGE_CURVE('',#13201,#13177,#13203,.T.);
#13201 = VERTEX_POINT('',#13202);
#13202 = CARTESIAN_POINT('',(37.,-53.,7.6));
#13203 = LINE('',#13204,#13205);
#13204 = CARTESIAN_POINT('',(37.,-42.21905291451,7.6));
#13205 = VECTOR('',#13206,1.);
#13206 = DIRECTION('',(0.,1.,0.));
#13207 = ORIENTED_EDGE('',*,*,#13208,.F.);
#13208 = EDGE_CURVE('',#3237,#13201,#13209,.T.);
#13209 = LINE('',#13210,#13211);
#13210 = CARTESIAN_POINT('',(37.,-53.,5.5));
#13211 = VECTOR('',#13212,1.);
#13212 = DIRECTION('',(0.,0.,1.));
#13213 = PLANE('',#13214);
#13214 = AXIS2_PLACEMENT_3D('',#13215,#13216,#13217);
#13215 = CARTESIAN_POINT('',(37.,-39.,5.5));
#13216 = DIRECTION('',(1.,0.,0.));
#13217 = DIRECTION('',(0.,-1.,0.));
#13218 = ADVANCED_FACE('',(#13219),#13237,.F.);
#13219 = FACE_BOUND('',#13220,.F.);
#13220 = EDGE_LOOP('',(#13221,#13222,#13230,#13236));
#13221 = ORIENTED_EDGE('',*,*,#3252,.T.);
#13222 = ORIENTED_EDGE('',*,*,#13223,.T.);
#13223 = EDGE_CURVE('',#3245,#13224,#13226,.T.);
#13224 = VERTEX_POINT('',#13225);
#13225 = CARTESIAN_POINT('',(23.,-53.,7.6));
#13226 = LINE('',#13227,#13228);
#13227 = CARTESIAN_POINT('',(23.,-53.,5.5));
#13228 = VECTOR('',#13229,1.);
#13229 = DIRECTION('',(0.,0.,1.));
#13230 = ORIENTED_EDGE('',*,*,#13231,.F.);
#13231 = EDGE_CURVE('',#13169,#13224,#13232,.T.);
#13232 = LINE('',#13233,#13234);
#13233 = CARTESIAN_POINT('',(23.,-49.21905291451,7.6));
#13234 = VECTOR('',#13235,1.);
#13235 = DIRECTION('',(0.,-1.,0.));
#13236 = ORIENTED_EDGE('',*,*,#13168,.F.);
#13237 = PLANE('',#13238);
#13238 = AXIS2_PLACEMENT_3D('',#13239,#13240,#13241);
#13239 = CARTESIAN_POINT('',(23.,-53.,5.5));
#13240 = DIRECTION('',(-1.,0.,0.));
#13241 = DIRECTION('',(0.,1.,0.));
#13242 = ADVANCED_FACE('',(#13243),#13254,.F.);
#13243 = FACE_BOUND('',#13244,.F.);
#13244 = EDGE_LOOP('',(#13245,#13246,#13247,#13253));
#13245 = ORIENTED_EDGE('',*,*,#3244,.T.);
#13246 = ORIENTED_EDGE('',*,*,#13208,.T.);
#13247 = ORIENTED_EDGE('',*,*,#13248,.F.);
#13248 = EDGE_CURVE('',#13224,#13201,#13249,.T.);
#13249 = LINE('',#13250,#13251);
#13250 = CARTESIAN_POINT('',(57.338396102677,-53.,7.6));
#13251 = VECTOR('',#13252,1.);
#13252 = DIRECTION('',(1.,0.,0.));
#13253 = ORIENTED_EDGE('',*,*,#13223,.F.);
#13254 = PLANE('',#13255);
#13255 = AXIS2_PLACEMENT_3D('',#13256,#13257,#13258);
#13256 = CARTESIAN_POINT('',(37.,-53.,5.5));
#13257 = DIRECTION('',(0.,-1.,0.));
#13258 = DIRECTION('',(-1.,0.,0.));
#13259 = ADVANCED_FACE('',(#13260),#13279,.F.);
#13260 = FACE_BOUND('',#13261,.T.);
#13261 = EDGE_LOOP('',(#13262,#13263,#13271,#13278));
#13262 = ORIENTED_EDGE('',*,*,#3260,.T.);
#13263 = ORIENTED_EDGE('',*,*,#13264,.T.);
#13264 = EDGE_CURVE('',#3261,#13265,#13267,.T.);
#13265 = VERTEX_POINT('',#13266);
#13266 = CARTESIAN_POINT('',(39.85,-37.5,7.6));
#13267 = LINE('',#13268,#13269);
#13268 = CARTESIAN_POINT('',(39.85,-37.5,5.5));
#13269 = VECTOR('',#13270,1.);
#13270 = DIRECTION('',(0.,0.,1.));
#13271 = ORIENTED_EDGE('',*,*,#13272,.F.);
#13272 = EDGE_CURVE('',#13265,#13265,#13273,.T.);
#13273 = CIRCLE('',#13274,1.15);
#13274 = AXIS2_PLACEMENT_3D('',#13275,#13276,#13277);
#13275 = CARTESIAN_POINT('',(38.7,-37.5,7.6));
#13276 = DIRECTION('',(0.,0.,-1.));
#13277 = DIRECTION('',(1.,0.,0.));
#13278 = ORIENTED_EDGE('',*,*,#13264,.F.);
#13279 = CYLINDRICAL_SURFACE('',#13280,1.15);
#13280 = AXIS2_PLACEMENT_3D('',#13281,#13282,#13283);
#13281 = CARTESIAN_POINT('',(38.7,-37.5,5.5));
#13282 = DIRECTION('',(-0.,-0.,-1.));
#13283 = DIRECTION('',(1.,0.,0.));
#13284 = ADVANCED_FACE('',(#13285),#13310,.F.);
#13285 = FACE_BOUND('',#13286,.F.);
#13286 = EDGE_LOOP('',(#13287,#13288,#13296,#13304));
#13287 = ORIENTED_EDGE('',*,*,#3271,.T.);
#13288 = ORIENTED_EDGE('',*,*,#13289,.T.);
#13289 = EDGE_CURVE('',#3274,#13290,#13292,.T.);
#13290 = VERTEX_POINT('',#13291);
#13291 = CARTESIAN_POINT('',(23.,-22.,7.6));
#13292 = LINE('',#13293,#13294);
#13293 = CARTESIAN_POINT('',(23.,-22.,5.5));
#13294 = VECTOR('',#13295,1.);
#13295 = DIRECTION('',(0.,0.,1.));
#13296 = ORIENTED_EDGE('',*,*,#13297,.F.);
#13297 = EDGE_CURVE('',#13298,#13290,#13300,.T.);
#13298 = VERTEX_POINT('',#13299);
#13299 = CARTESIAN_POINT('',(37.,-22.,7.6));
#13300 = LINE('',#13301,#13302);
#13301 = CARTESIAN_POINT('',(50.338396102677,-22.,7.6));
#13302 = VECTOR('',#13303,1.);
#13303 = DIRECTION('',(-1.,0.,0.));
#13304 = ORIENTED_EDGE('',*,*,#13305,.F.);
#13305 = EDGE_CURVE('',#3272,#13298,#13306,.T.);
#13306 = LINE('',#13307,#13308);
#13307 = CARTESIAN_POINT('',(37.,-22.,5.5));
#13308 = VECTOR('',#13309,1.);
#13309 = DIRECTION('',(0.,0.,1.));
#13310 = PLANE('',#13311);
#13311 = AXIS2_PLACEMENT_3D('',#13312,#13313,#13314);
#13312 = CARTESIAN_POINT('',(23.,-22.,5.5));
#13313 = DIRECTION('',(0.,1.,0.));
#13314 = DIRECTION('',(1.,0.,0.));
#13315 = ADVANCED_FACE('',(#13316),#13334,.F.);
#13316 = FACE_BOUND('',#13317,.F.);
#13317 = EDGE_LOOP('',(#13318,#13319,#13320,#13328));
#13318 = ORIENTED_EDGE('',*,*,#3281,.T.);
#13319 = ORIENTED_EDGE('',*,*,#13305,.T.);
#13320 = ORIENTED_EDGE('',*,*,#13321,.F.);
#13321 = EDGE_CURVE('',#13322,#13298,#13324,.T.);
#13322 = VERTEX_POINT('',#13323);
#13323 = CARTESIAN_POINT('',(37.,-36.,7.6));
#13324 = LINE('',#13325,#13326);
#13325 = CARTESIAN_POINT('',(37.,-33.71905291451,7.6));
#13326 = VECTOR('',#13327,1.);
#13327 = DIRECTION('',(0.,1.,0.));
#13328 = ORIENTED_EDGE('',*,*,#13329,.F.);
#13329 = EDGE_CURVE('',#3282,#13322,#13330,.T.);
#13330 = LINE('',#13331,#13332);
#13331 = CARTESIAN_POINT('',(37.,-36.,5.5));
#13332 = VECTOR('',#13333,1.);
#13333 = DIRECTION('',(0.,0.,1.));
#13334 = PLANE('',#13335);
#13335 = AXIS2_PLACEMENT_3D('',#13336,#13337,#13338);
#13336 = CARTESIAN_POINT('',(37.,-22.,5.5));
#13337 = DIRECTION('',(1.,0.,0.));
#13338 = DIRECTION('',(0.,-1.,0.));
#13339 = ADVANCED_FACE('',(#13340),#13358,.F.);
#13340 = FACE_BOUND('',#13341,.F.);
#13341 = EDGE_LOOP('',(#13342,#13343,#13351,#13357));
#13342 = ORIENTED_EDGE('',*,*,#3297,.T.);
#13343 = ORIENTED_EDGE('',*,*,#13344,.T.);
#13344 = EDGE_CURVE('',#3290,#13345,#13347,.T.);
#13345 = VERTEX_POINT('',#13346);
#13346 = CARTESIAN_POINT('',(23.,-36.,7.6));
#13347 = LINE('',#13348,#13349);
#13348 = CARTESIAN_POINT('',(23.,-36.,5.5));
#13349 = VECTOR('',#13350,1.);
#13350 = DIRECTION('',(0.,0.,1.));
#13351 = ORIENTED_EDGE('',*,*,#13352,.F.);
#13352 = EDGE_CURVE('',#13290,#13345,#13353,.T.);
#13353 = LINE('',#13354,#13355);
#13354 = CARTESIAN_POINT('',(23.,-40.71905291451,7.6));
#13355 = VECTOR('',#13356,1.);
#13356 = DIRECTION('',(0.,-1.,0.));
#13357 = ORIENTED_EDGE('',*,*,#13289,.F.);
#13358 = PLANE('',#13359);
#13359 = AXIS2_PLACEMENT_3D('',#13360,#13361,#13362);
#13360 = CARTESIAN_POINT('',(23.,-36.,5.5));
#13361 = DIRECTION('',(-1.,0.,0.));
#13362 = DIRECTION('',(0.,1.,0.));
#13363 = ADVANCED_FACE('',(#13364),#13375,.F.);
#13364 = FACE_BOUND('',#13365,.F.);
#13365 = EDGE_LOOP('',(#13366,#13367,#13368,#13374));
#13366 = ORIENTED_EDGE('',*,*,#3289,.T.);
#13367 = ORIENTED_EDGE('',*,*,#13329,.T.);
#13368 = ORIENTED_EDGE('',*,*,#13369,.F.);
#13369 = EDGE_CURVE('',#13345,#13322,#13370,.T.);
#13370 = LINE('',#13371,#13372);
#13371 = CARTESIAN_POINT('',(57.338396102677,-36.,7.6));
#13372 = VECTOR('',#13373,1.);
#13373 = DIRECTION('',(1.,0.,0.));
#13374 = ORIENTED_EDGE('',*,*,#13344,.F.);
#13375 = PLANE('',#13376);
#13376 = AXIS2_PLACEMENT_3D('',#13377,#13378,#13379);
#13377 = CARTESIAN_POINT('',(37.,-36.,5.5));
#13378 = DIRECTION('',(0.,-1.,0.));
#13379 = DIRECTION('',(-1.,0.,0.));
#13380 = ADVANCED_FACE('',(#13381),#13406,.F.);
#13381 = FACE_BOUND('',#13382,.F.);
#13382 = EDGE_LOOP('',(#13383,#13384,#13392,#13400));
#13383 = ORIENTED_EDGE('',*,*,#3305,.T.);
#13384 = ORIENTED_EDGE('',*,*,#13385,.T.);
#13385 = EDGE_CURVE('',#3308,#13386,#13388,.T.);
#13386 = VERTEX_POINT('',#13387);
#13387 = CARTESIAN_POINT('',(41.,-27.,7.6));
#13388 = LINE('',#13389,#13390);
#13389 = CARTESIAN_POINT('',(41.,-27.,5.5));
#13390 = VECTOR('',#13391,1.);
#13391 = DIRECTION('',(0.,0.,1.));
#13392 = ORIENTED_EDGE('',*,*,#13393,.F.);
#13393 = EDGE_CURVE('',#13394,#13386,#13396,.T.);
#13394 = VERTEX_POINT('',#13395);
#13395 = CARTESIAN_POINT('',(55.,-27.,7.6));
#13396 = LINE('',#13397,#13398);
#13397 = CARTESIAN_POINT('',(59.338396102677,-27.,7.6));
#13398 = VECTOR('',#13399,1.);
#13399 = DIRECTION('',(-1.,0.,0.));
#13400 = ORIENTED_EDGE('',*,*,#13401,.F.);
#13401 = EDGE_CURVE('',#3306,#13394,#13402,.T.);
#13402 = LINE('',#13403,#13404);
#13403 = CARTESIAN_POINT('',(55.,-27.,5.5));
#13404 = VECTOR('',#13405,1.);
#13405 = DIRECTION('',(0.,0.,1.));
#13406 = PLANE('',#13407);
#13407 = AXIS2_PLACEMENT_3D('',#13408,#13409,#13410);
#13408 = CARTESIAN_POINT('',(41.,-27.,5.5));
#13409 = DIRECTION('',(0.,1.,0.));
#13410 = DIRECTION('',(1.,0.,0.));
#13411 = ADVANCED_FACE('',(#13412),#13430,.F.);
#13412 = FACE_BOUND('',#13413,.F.);
#13413 = EDGE_LOOP('',(#13414,#13415,#13416,#13424));
#13414 = ORIENTED_EDGE('',*,*,#3315,.T.);
#13415 = ORIENTED_EDGE('',*,*,#13401,.T.);
#13416 = ORIENTED_EDGE('',*,*,#13417,.F.);
#13417 = EDGE_CURVE('',#13418,#13394,#13420,.T.);
#13418 = VERTEX_POINT('',#13419);
#13419 = CARTESIAN_POINT('',(55.,-41.,7.6));
#13420 = LINE('',#13421,#13422);
#13421 = CARTESIAN_POINT('',(55.,-36.21905291451,7.6));
#13422 = VECTOR('',#13423,1.);
#13423 = DIRECTION('',(0.,1.,0.));
#13424 = ORIENTED_EDGE('',*,*,#13425,.F.);
#13425 = EDGE_CURVE('',#3316,#13418,#13426,.T.);
#13426 = LINE('',#13427,#13428);
#13427 = CARTESIAN_POINT('',(55.,-41.,5.5));
#13428 = VECTOR('',#13429,1.);
#13429 = DIRECTION('',(0.,0.,1.));
#13430 = PLANE('',#13431);
#13431 = AXIS2_PLACEMENT_3D('',#13432,#13433,#13434);
#13432 = CARTESIAN_POINT('',(55.,-27.,5.5));
#13433 = DIRECTION('',(1.,0.,0.));
#13434 = DIRECTION('',(0.,-1.,0.));
#13435 = ADVANCED_FACE('',(#13436),#13454,.F.);
#13436 = FACE_BOUND('',#13437,.F.);
#13437 = EDGE_LOOP('',(#13438,#13439,#13447,#13453));
#13438 = ORIENTED_EDGE('',*,*,#3331,.T.);
#13439 = ORIENTED_EDGE('',*,*,#13440,.T.);
#13440 = EDGE_CURVE('',#3324,#13441,#13443,.T.);
#13441 = VERTEX_POINT('',#13442);
#13442 = CARTESIAN_POINT('',(41.,-41.,7.6));
#13443 = LINE('',#13444,#13445);
#13444 = CARTESIAN_POINT('',(41.,-41.,5.5));
#13445 = VECTOR('',#13446,1.);
#13446 = DIRECTION('',(0.,0.,1.));
#13447 = ORIENTED_EDGE('',*,*,#13448,.F.);
#13448 = EDGE_CURVE('',#13386,#13441,#13449,.T.);
#13449 = LINE('',#13450,#13451);
#13450 = CARTESIAN_POINT('',(41.,-43.21905291451,7.6));
#13451 = VECTOR('',#13452,1.);
#13452 = DIRECTION('',(0.,-1.,0.));
#13453 = ORIENTED_EDGE('',*,*,#13385,.F.);
#13454 = PLANE('',#13455);
#13455 = AXIS2_PLACEMENT_3D('',#13456,#13457,#13458);
#13456 = CARTESIAN_POINT('',(41.,-41.,5.5));
#13457 = DIRECTION('',(-1.,0.,0.));
#13458 = DIRECTION('',(0.,1.,0.));
#13459 = ADVANCED_FACE('',(#13460),#13471,.F.);
#13460 = FACE_BOUND('',#13461,.F.);
#13461 = EDGE_LOOP('',(#13462,#13463,#13464,#13470));
#13462 = ORIENTED_EDGE('',*,*,#3323,.T.);
#13463 = ORIENTED_EDGE('',*,*,#13425,.T.);
#13464 = ORIENTED_EDGE('',*,*,#13465,.F.);
#13465 = EDGE_CURVE('',#13441,#13418,#13466,.T.);
#13466 = LINE('',#13467,#13468);
#13467 = CARTESIAN_POINT('',(66.338396102677,-41.,7.6));
#13468 = VECTOR('',#13469,1.);
#13469 = DIRECTION('',(1.,0.,0.));
#13470 = ORIENTED_EDGE('',*,*,#13440,.F.);
#13471 = PLANE('',#13472);
#13472 = AXIS2_PLACEMENT_3D('',#13473,#13474,#13475);
#13473 = CARTESIAN_POINT('',(55.,-41.,5.5));
#13474 = DIRECTION('',(0.,-1.,0.));
#13475 = DIRECTION('',(-1.,0.,0.));
#13476 = ADVANCED_FACE('',(#13477),#13502,.F.);
#13477 = FACE_BOUND('',#13478,.F.);
#13478 = EDGE_LOOP('',(#13479,#13480,#13488,#13496));
#13479 = ORIENTED_EDGE('',*,*,#3339,.T.);
#13480 = ORIENTED_EDGE('',*,*,#13481,.T.);
#13481 = EDGE_CURVE('',#3342,#13482,#13484,.T.);
#13482 = VERTEX_POINT('',#13483);
#13483 = CARTESIAN_POINT('',(59.,-39.,7.6));
#13484 = LINE('',#13485,#13486);
#13485 = CARTESIAN_POINT('',(59.,-39.,5.5));
#13486 = VECTOR('',#13487,1.);
#13487 = DIRECTION('',(0.,0.,1.));
#13488 = ORIENTED_EDGE('',*,*,#13489,.F.);
#13489 = EDGE_CURVE('',#13490,#13482,#13492,.T.);
#13490 = VERTEX_POINT('',#13491);
#13491 = CARTESIAN_POINT('',(73.,-39.,7.6));
#13492 = LINE('',#13493,#13494);
#13493 = CARTESIAN_POINT('',(68.338396102677,-39.,7.6));
#13494 = VECTOR('',#13495,1.);
#13495 = DIRECTION('',(-1.,0.,0.));
#13496 = ORIENTED_EDGE('',*,*,#13497,.F.);
#13497 = EDGE_CURVE('',#3340,#13490,#13498,.T.);
#13498 = LINE('',#13499,#13500);
#13499 = CARTESIAN_POINT('',(73.,-39.,5.5));
#13500 = VECTOR('',#13501,1.);
#13501 = DIRECTION('',(0.,0.,1.));
#13502 = PLANE('',#13503);
#13503 = AXIS2_PLACEMENT_3D('',#13504,#13505,#13506);
#13504 = CARTESIAN_POINT('',(59.,-39.,5.5));
#13505 = DIRECTION('',(0.,1.,0.));
#13506 = DIRECTION('',(1.,0.,0.));
#13507 = ADVANCED_FACE('',(#13508),#13526,.F.);
#13508 = FACE_BOUND('',#13509,.F.);
#13509 = EDGE_LOOP('',(#13510,#13511,#13512,#13520));
#13510 = ORIENTED_EDGE('',*,*,#3349,.T.);
#13511 = ORIENTED_EDGE('',*,*,#13497,.T.);
#13512 = ORIENTED_EDGE('',*,*,#13513,.F.);
#13513 = EDGE_CURVE('',#13514,#13490,#13516,.T.);
#13514 = VERTEX_POINT('',#13515);
#13515 = CARTESIAN_POINT('',(73.,-53.,7.6));
#13516 = LINE('',#13517,#13518);
#13517 = CARTESIAN_POINT('',(73.,-42.21905291451,7.6));
#13518 = VECTOR('',#13519,1.);
#13519 = DIRECTION('',(0.,1.,0.));
#13520 = ORIENTED_EDGE('',*,*,#13521,.F.);
#13521 = EDGE_CURVE('',#3350,#13514,#13522,.T.);
#13522 = LINE('',#13523,#13524);
#13523 = CARTESIAN_POINT('',(73.,-53.,5.5));
#13524 = VECTOR('',#13525,1.);
#13525 = DIRECTION('',(0.,0.,1.));
#13526 = PLANE('',#13527);
#13527 = AXIS2_PLACEMENT_3D('',#13528,#13529,#13530);
#13528 = CARTESIAN_POINT('',(73.,-39.,5.5));
#13529 = DIRECTION('',(1.,0.,0.));
#13530 = DIRECTION('',(0.,-1.,0.));
#13531 = ADVANCED_FACE('',(#13532),#13550,.F.);
#13532 = FACE_BOUND('',#13533,.F.);
#13533 = EDGE_LOOP('',(#13534,#13535,#13543,#13549));
#13534 = ORIENTED_EDGE('',*,*,#3365,.T.);
#13535 = ORIENTED_EDGE('',*,*,#13536,.T.);
#13536 = EDGE_CURVE('',#3358,#13537,#13539,.T.);
#13537 = VERTEX_POINT('',#13538);
#13538 = CARTESIAN_POINT('',(59.,-53.,7.6));
#13539 = LINE('',#13540,#13541);
#13540 = CARTESIAN_POINT('',(59.,-53.,5.5));
#13541 = VECTOR('',#13542,1.);
#13542 = DIRECTION('',(0.,0.,1.));
#13543 = ORIENTED_EDGE('',*,*,#13544,.F.);
#13544 = EDGE_CURVE('',#13482,#13537,#13545,.T.);
#13545 = LINE('',#13546,#13547);
#13546 = CARTESIAN_POINT('',(59.,-49.21905291451,7.6));
#13547 = VECTOR('',#13548,1.);
#13548 = DIRECTION('',(0.,-1.,0.));
#13549 = ORIENTED_EDGE('',*,*,#13481,.F.);
#13550 = PLANE('',#13551);
#13551 = AXIS2_PLACEMENT_3D('',#13552,#13553,#13554);
#13552 = CARTESIAN_POINT('',(59.,-53.,5.5));
#13553 = DIRECTION('',(-1.,0.,0.));
#13554 = DIRECTION('',(0.,1.,0.));
#13555 = ADVANCED_FACE('',(#13556),#13567,.F.);
#13556 = FACE_BOUND('',#13557,.F.);
#13557 = EDGE_LOOP('',(#13558,#13559,#13560,#13566));
#13558 = ORIENTED_EDGE('',*,*,#3357,.T.);
#13559 = ORIENTED_EDGE('',*,*,#13521,.T.);
#13560 = ORIENTED_EDGE('',*,*,#13561,.F.);
#13561 = EDGE_CURVE('',#13537,#13514,#13562,.T.);
#13562 = LINE('',#13563,#13564);
#13563 = CARTESIAN_POINT('',(75.338396102677,-53.,7.6));
#13564 = VECTOR('',#13565,1.);
#13565 = DIRECTION('',(1.,0.,0.));
#13566 = ORIENTED_EDGE('',*,*,#13536,.F.);
#13567 = PLANE('',#13568);
#13568 = AXIS2_PLACEMENT_3D('',#13569,#13570,#13571);
#13569 = CARTESIAN_POINT('',(73.,-53.,5.5));
#13570 = DIRECTION('',(0.,-1.,0.));
#13571 = DIRECTION('',(-1.,0.,0.));
#13572 = ADVANCED_FACE('',(#13573),#13598,.F.);
#13573 = FACE_BOUND('',#13574,.F.);
#13574 = EDGE_LOOP('',(#13575,#13576,#13584,#13592));
#13575 = ORIENTED_EDGE('',*,*,#3373,.T.);
#13576 = ORIENTED_EDGE('',*,*,#13577,.T.);
#13577 = EDGE_CURVE('',#3376,#13578,#13580,.T.);
#13578 = VERTEX_POINT('',#13579);
#13579 = CARTESIAN_POINT('',(59.,-22.,7.6));
#13580 = LINE('',#13581,#13582);
#13581 = CARTESIAN_POINT('',(59.,-22.,5.5));
#13582 = VECTOR('',#13583,1.);
#13583 = DIRECTION('',(0.,0.,1.));
#13584 = ORIENTED_EDGE('',*,*,#13585,.F.);
#13585 = EDGE_CURVE('',#13586,#13578,#13588,.T.);
#13586 = VERTEX_POINT('',#13587);
#13587 = CARTESIAN_POINT('',(73.,-22.,7.6));
#13588 = LINE('',#13589,#13590);
#13589 = CARTESIAN_POINT('',(68.338396102677,-22.,7.6));
#13590 = VECTOR('',#13591,1.);
#13591 = DIRECTION('',(-1.,0.,0.));
#13592 = ORIENTED_EDGE('',*,*,#13593,.F.);
#13593 = EDGE_CURVE('',#3374,#13586,#13594,.T.);
#13594 = LINE('',#13595,#13596);
#13595 = CARTESIAN_POINT('',(73.,-22.,5.5));
#13596 = VECTOR('',#13597,1.);
#13597 = DIRECTION('',(0.,0.,1.));
#13598 = PLANE('',#13599);
#13599 = AXIS2_PLACEMENT_3D('',#13600,#13601,#13602);
#13600 = CARTESIAN_POINT('',(59.,-22.,5.5));
#13601 = DIRECTION('',(0.,1.,0.));
#13602 = DIRECTION('',(1.,0.,0.));
#13603 = ADVANCED_FACE('',(#13604),#13622,.F.);
#13604 = FACE_BOUND('',#13605,.F.);
#13605 = EDGE_LOOP('',(#13606,#13607,#13608,#13616));
#13606 = ORIENTED_EDGE('',*,*,#3383,.T.);
#13607 = ORIENTED_EDGE('',*,*,#13593,.T.);
#13608 = ORIENTED_EDGE('',*,*,#13609,.F.);
#13609 = EDGE_CURVE('',#13610,#13586,#13612,.T.);
#13610 = VERTEX_POINT('',#13611);
#13611 = CARTESIAN_POINT('',(73.,-36.,7.6));
#13612 = LINE('',#13613,#13614);
#13613 = CARTESIAN_POINT('',(73.,-33.71905291451,7.6));
#13614 = VECTOR('',#13615,1.);
#13615 = DIRECTION('',(0.,1.,0.));
#13616 = ORIENTED_EDGE('',*,*,#13617,.F.);
#13617 = EDGE_CURVE('',#3384,#13610,#13618,.T.);
#13618 = LINE('',#13619,#13620);
#13619 = CARTESIAN_POINT('',(73.,-36.,5.5));
#13620 = VECTOR('',#13621,1.);
#13621 = DIRECTION('',(0.,0.,1.));
#13622 = PLANE('',#13623);
#13623 = AXIS2_PLACEMENT_3D('',#13624,#13625,#13626);
#13624 = CARTESIAN_POINT('',(73.,-22.,5.5));
#13625 = DIRECTION('',(1.,0.,0.));
#13626 = DIRECTION('',(0.,-1.,0.));
#13627 = ADVANCED_FACE('',(#13628),#13646,.F.);
#13628 = FACE_BOUND('',#13629,.F.);
#13629 = EDGE_LOOP('',(#13630,#13631,#13639,#13645));
#13630 = ORIENTED_EDGE('',*,*,#3399,.T.);
#13631 = ORIENTED_EDGE('',*,*,#13632,.T.);
#13632 = EDGE_CURVE('',#3392,#13633,#13635,.T.);
#13633 = VERTEX_POINT('',#13634);
#13634 = CARTESIAN_POINT('',(59.,-36.,7.6));
#13635 = LINE('',#13636,#13637);
#13636 = CARTESIAN_POINT('',(59.,-36.,5.5));
#13637 = VECTOR('',#13638,1.);
#13638 = DIRECTION('',(0.,0.,1.));
#13639 = ORIENTED_EDGE('',*,*,#13640,.F.);
#13640 = EDGE_CURVE('',#13578,#13633,#13641,.T.);
#13641 = LINE('',#13642,#13643);
#13642 = CARTESIAN_POINT('',(59.,-40.71905291451,7.6));
#13643 = VECTOR('',#13644,1.);
#13644 = DIRECTION('',(0.,-1.,0.));
#13645 = ORIENTED_EDGE('',*,*,#13577,.F.);
#13646 = PLANE('',#13647);
#13647 = AXIS2_PLACEMENT_3D('',#13648,#13649,#13650);
#13648 = CARTESIAN_POINT('',(59.,-36.,5.5));
#13649 = DIRECTION('',(-1.,0.,0.));
#13650 = DIRECTION('',(0.,1.,0.));
#13651 = ADVANCED_FACE('',(#13652),#13663,.F.);
#13652 = FACE_BOUND('',#13653,.F.);
#13653 = EDGE_LOOP('',(#13654,#13655,#13656,#13662));
#13654 = ORIENTED_EDGE('',*,*,#3391,.T.);
#13655 = ORIENTED_EDGE('',*,*,#13617,.T.);
#13656 = ORIENTED_EDGE('',*,*,#13657,.F.);
#13657 = EDGE_CURVE('',#13633,#13610,#13658,.T.);
#13658 = LINE('',#13659,#13660);
#13659 = CARTESIAN_POINT('',(75.338396102677,-36.,7.6));
#13660 = VECTOR('',#13661,1.);
#13661 = DIRECTION('',(1.,0.,0.));
#13662 = ORIENTED_EDGE('',*,*,#13632,.F.);
#13663 = PLANE('',#13664);
#13664 = AXIS2_PLACEMENT_3D('',#13665,#13666,#13667);
#13665 = CARTESIAN_POINT('',(73.,-36.,5.5));
#13666 = DIRECTION('',(0.,-1.,0.));
#13667 = DIRECTION('',(-1.,0.,0.));
#13668 = ADVANCED_FACE('',(#13669),#13694,.F.);
#13669 = FACE_BOUND('',#13670,.F.);
#13670 = EDGE_LOOP('',(#13671,#13672,#13680,#13688));
#13671 = ORIENTED_EDGE('',*,*,#3407,.T.);
#13672 = ORIENTED_EDGE('',*,*,#13673,.T.);
#13673 = EDGE_CURVE('',#3410,#13674,#13676,.T.);
#13674 = VERTEX_POINT('',#13675);
#13675 = CARTESIAN_POINT('',(41.,-10.,7.6));
#13676 = LINE('',#13677,#13678);
#13677 = CARTESIAN_POINT('',(41.,-10.,5.5));
#13678 = VECTOR('',#13679,1.);
#13679 = DIRECTION('',(0.,0.,1.));
#13680 = ORIENTED_EDGE('',*,*,#13681,.F.);
#13681 = EDGE_CURVE('',#13682,#13674,#13684,.T.);
#13682 = VERTEX_POINT('',#13683);
#13683 = CARTESIAN_POINT('',(55.,-10.,7.6));
#13684 = LINE('',#13685,#13686);
#13685 = CARTESIAN_POINT('',(59.338396102677,-10.,7.6));
#13686 = VECTOR('',#13687,1.);
#13687 = DIRECTION('',(-1.,0.,0.));
#13688 = ORIENTED_EDGE('',*,*,#13689,.F.);
#13689 = EDGE_CURVE('',#3408,#13682,#13690,.T.);
#13690 = LINE('',#13691,#13692);
#13691 = CARTESIAN_POINT('',(55.,-10.,5.5));
#13692 = VECTOR('',#13693,1.);
#13693 = DIRECTION('',(0.,0.,1.));
#13694 = PLANE('',#13695);
#13695 = AXIS2_PLACEMENT_3D('',#13696,#13697,#13698);
#13696 = CARTESIAN_POINT('',(41.,-10.,5.5));
#13697 = DIRECTION('',(0.,1.,0.));
#13698 = DIRECTION('',(1.,0.,0.));
#13699 = ADVANCED_FACE('',(#13700),#13718,.F.);
#13700 = FACE_BOUND('',#13701,.F.);
#13701 = EDGE_LOOP('',(#13702,#13703,#13704,#13712));
#13702 = ORIENTED_EDGE('',*,*,#3417,.T.);
#13703 = ORIENTED_EDGE('',*,*,#13689,.T.);
#13704 = ORIENTED_EDGE('',*,*,#13705,.F.);
#13705 = EDGE_CURVE('',#13706,#13682,#13708,.T.);
#13706 = VERTEX_POINT('',#13707);
#13707 = CARTESIAN_POINT('',(55.,-24.,7.6));
#13708 = LINE('',#13709,#13710);
#13709 = CARTESIAN_POINT('',(55.,-27.71905291451,7.6));
#13710 = VECTOR('',#13711,1.);
#13711 = DIRECTION('',(0.,1.,0.));
#13712 = ORIENTED_EDGE('',*,*,#13713,.F.);
#13713 = EDGE_CURVE('',#3418,#13706,#13714,.T.);
#13714 = LINE('',#13715,#13716);
#13715 = CARTESIAN_POINT('',(55.,-24.,5.5));
#13716 = VECTOR('',#13717,1.);
#13717 = DIRECTION('',(0.,0.,1.));
#13718 = PLANE('',#13719);
#13719 = AXIS2_PLACEMENT_3D('',#13720,#13721,#13722);
#13720 = CARTESIAN_POINT('',(55.,-10.,5.5));
#13721 = DIRECTION('',(1.,0.,0.));
#13722 = DIRECTION('',(0.,-1.,0.));
#13723 = ADVANCED_FACE('',(#13724),#13742,.F.);
#13724 = FACE_BOUND('',#13725,.F.);
#13725 = EDGE_LOOP('',(#13726,#13727,#13735,#13741));
#13726 = ORIENTED_EDGE('',*,*,#3433,.T.);
#13727 = ORIENTED_EDGE('',*,*,#13728,.T.);
#13728 = EDGE_CURVE('',#3426,#13729,#13731,.T.);
#13729 = VERTEX_POINT('',#13730);
#13730 = CARTESIAN_POINT('',(41.,-24.,7.6));
#13731 = LINE('',#13732,#13733);
#13732 = CARTESIAN_POINT('',(41.,-24.,5.5));
#13733 = VECTOR('',#13734,1.);
#13734 = DIRECTION('',(0.,0.,1.));
#13735 = ORIENTED_EDGE('',*,*,#13736,.F.);
#13736 = EDGE_CURVE('',#13674,#13729,#13737,.T.);
#13737 = LINE('',#13738,#13739);
#13738 = CARTESIAN_POINT('',(41.,-34.71905291451,7.6));
#13739 = VECTOR('',#13740,1.);
#13740 = DIRECTION('',(0.,-1.,0.));
#13741 = ORIENTED_EDGE('',*,*,#13673,.F.);
#13742 = PLANE('',#13743);
#13743 = AXIS2_PLACEMENT_3D('',#13744,#13745,#13746);
#13744 = CARTESIAN_POINT('',(41.,-24.,5.5));
#13745 = DIRECTION('',(-1.,0.,0.));
#13746 = DIRECTION('',(0.,1.,0.));
#13747 = ADVANCED_FACE('',(#13748),#13759,.F.);
#13748 = FACE_BOUND('',#13749,.F.);
#13749 = EDGE_LOOP('',(#13750,#13751,#13752,#13758));
#13750 = ORIENTED_EDGE('',*,*,#3425,.T.);
#13751 = ORIENTED_EDGE('',*,*,#13713,.T.);
#13752 = ORIENTED_EDGE('',*,*,#13753,.F.);
#13753 = EDGE_CURVE('',#13729,#13706,#13754,.T.);
#13754 = LINE('',#13755,#13756);
#13755 = CARTESIAN_POINT('',(66.338396102677,-24.,7.6));
#13756 = VECTOR('',#13757,1.);
#13757 = DIRECTION('',(1.,0.,0.));
#13758 = ORIENTED_EDGE('',*,*,#13728,.F.);
#13759 = PLANE('',#13760);
#13760 = AXIS2_PLACEMENT_3D('',#13761,#13762,#13763);
#13761 = CARTESIAN_POINT('',(55.,-24.,5.5));
#13762 = DIRECTION('',(0.,-1.,0.));
#13763 = DIRECTION('',(-1.,0.,0.));
#13764 = ADVANCED_FACE('',(#13765),#13784,.F.);
#13765 = FACE_BOUND('',#13766,.T.);
#13766 = EDGE_LOOP('',(#13767,#13768,#13776,#13783));
#13767 = ORIENTED_EDGE('',*,*,#3441,.T.);
#13768 = ORIENTED_EDGE('',*,*,#13769,.T.);
#13769 = EDGE_CURVE('',#3442,#13770,#13772,.T.);
#13770 = VERTEX_POINT('',#13771);
#13771 = CARTESIAN_POINT('',(58.15,-20.5,7.6));
#13772 = LINE('',#13773,#13774);
#13773 = CARTESIAN_POINT('',(58.15,-20.5,5.5));
#13774 = VECTOR('',#13775,1.);
#13775 = DIRECTION('',(0.,0.,1.));
#13776 = ORIENTED_EDGE('',*,*,#13777,.F.);
#13777 = EDGE_CURVE('',#13770,#13770,#13778,.T.);
#13778 = CIRCLE('',#13779,1.15);
#13779 = AXIS2_PLACEMENT_3D('',#13780,#13781,#13782);
#13780 = CARTESIAN_POINT('',(57.,-20.5,7.6));
#13781 = DIRECTION('',(0.,0.,-1.));
#13782 = DIRECTION('',(1.,0.,0.));
#13783 = ORIENTED_EDGE('',*,*,#13769,.F.);
#13784 = CYLINDRICAL_SURFACE('',#13785,1.15);
#13785 = AXIS2_PLACEMENT_3D('',#13786,#13787,#13788);
#13786 = CARTESIAN_POINT('',(57.,-20.5,5.5));
#13787 = DIRECTION('',(-0.,-0.,-1.));
#13788 = DIRECTION('',(1.,0.,0.));
#13789 = ADVANCED_FACE('',(#13790),#13815,.F.);
#13790 = FACE_BOUND('',#13791,.F.);
#13791 = EDGE_LOOP('',(#13792,#13793,#13801,#13809));
#13792 = ORIENTED_EDGE('',*,*,#3452,.T.);
#13793 = ORIENTED_EDGE('',*,*,#13794,.T.);
#13794 = EDGE_CURVE('',#3455,#13795,#13797,.T.);
#13795 = VERTEX_POINT('',#13796);
#13796 = CARTESIAN_POINT('',(59.,-5.,7.6));
#13797 = LINE('',#13798,#13799);
#13798 = CARTESIAN_POINT('',(59.,-5.,5.5));
#13799 = VECTOR('',#13800,1.);
#13800 = DIRECTION('',(0.,0.,1.));
#13801 = ORIENTED_EDGE('',*,*,#13802,.F.);
#13802 = EDGE_CURVE('',#13803,#13795,#13805,.T.);
#13803 = VERTEX_POINT('',#13804);
#13804 = CARTESIAN_POINT('',(73.,-5.,7.6));
#13805 = LINE('',#13806,#13807);
#13806 = CARTESIAN_POINT('',(68.338396102677,-5.,7.6));
#13807 = VECTOR('',#13808,1.);
#13808 = DIRECTION('',(-1.,0.,0.));
#13809 = ORIENTED_EDGE('',*,*,#13810,.F.);
#13810 = EDGE_CURVE('',#3453,#13803,#13811,.T.);
#13811 = LINE('',#13812,#13813);
#13812 = CARTESIAN_POINT('',(73.,-5.,5.5));
#13813 = VECTOR('',#13814,1.);
#13814 = DIRECTION('',(0.,0.,1.));
#13815 = PLANE('',#13816);
#13816 = AXIS2_PLACEMENT_3D('',#13817,#13818,#13819);
#13817 = CARTESIAN_POINT('',(59.,-5.,5.5));
#13818 = DIRECTION('',(0.,1.,0.));
#13819 = DIRECTION('',(1.,0.,0.));
#13820 = ADVANCED_FACE('',(#13821),#13839,.F.);
#13821 = FACE_BOUND('',#13822,.F.);
#13822 = EDGE_LOOP('',(#13823,#13824,#13825,#13833));
#13823 = ORIENTED_EDGE('',*,*,#3462,.T.);
#13824 = ORIENTED_EDGE('',*,*,#13810,.T.);
#13825 = ORIENTED_EDGE('',*,*,#13826,.F.);
#13826 = EDGE_CURVE('',#13827,#13803,#13829,.T.);
#13827 = VERTEX_POINT('',#13828);
#13828 = CARTESIAN_POINT('',(73.,-19.,7.6));
#13829 = LINE('',#13830,#13831);
#13830 = CARTESIAN_POINT('',(73.,-25.21905291451,7.6));
#13831 = VECTOR('',#13832,1.);
#13832 = DIRECTION('',(0.,1.,0.));
#13833 = ORIENTED_EDGE('',*,*,#13834,.F.);
#13834 = EDGE_CURVE('',#3463,#13827,#13835,.T.);
#13835 = LINE('',#13836,#13837);
#13836 = CARTESIAN_POINT('',(73.,-19.,5.5));
#13837 = VECTOR('',#13838,1.);
#13838 = DIRECTION('',(0.,0.,1.));
#13839 = PLANE('',#13840);
#13840 = AXIS2_PLACEMENT_3D('',#13841,#13842,#13843);
#13841 = CARTESIAN_POINT('',(73.,-5.,5.5));
#13842 = DIRECTION('',(1.,0.,0.));
#13843 = DIRECTION('',(0.,-1.,0.));
#13844 = ADVANCED_FACE('',(#13845),#13863,.F.);
#13845 = FACE_BOUND('',#13846,.F.);
#13846 = EDGE_LOOP('',(#13847,#13848,#13856,#13862));
#13847 = ORIENTED_EDGE('',*,*,#3478,.T.);
#13848 = ORIENTED_EDGE('',*,*,#13849,.T.);
#13849 = EDGE_CURVE('',#3471,#13850,#13852,.T.);
#13850 = VERTEX_POINT('',#13851);
#13851 = CARTESIAN_POINT('',(59.,-19.,7.6));
#13852 = LINE('',#13853,#13854);
#13853 = CARTESIAN_POINT('',(59.,-19.,5.5));
#13854 = VECTOR('',#13855,1.);
#13855 = DIRECTION('',(0.,0.,1.));
#13856 = ORIENTED_EDGE('',*,*,#13857,.F.);
#13857 = EDGE_CURVE('',#13795,#13850,#13858,.T.);
#13858 = LINE('',#13859,#13860);
#13859 = CARTESIAN_POINT('',(59.,-32.21905291451,7.6));
#13860 = VECTOR('',#13861,1.);
#13861 = DIRECTION('',(0.,-1.,0.));
#13862 = ORIENTED_EDGE('',*,*,#13794,.F.);
#13863 = PLANE('',#13864);
#13864 = AXIS2_PLACEMENT_3D('',#13865,#13866,#13867);
#13865 = CARTESIAN_POINT('',(59.,-19.,5.5));
#13866 = DIRECTION('',(-1.,0.,0.));
#13867 = DIRECTION('',(0.,1.,0.));
#13868 = ADVANCED_FACE('',(#13869),#13880,.F.);
#13869 = FACE_BOUND('',#13870,.F.);
#13870 = EDGE_LOOP('',(#13871,#13872,#13873,#13879));
#13871 = ORIENTED_EDGE('',*,*,#3470,.T.);
#13872 = ORIENTED_EDGE('',*,*,#13834,.T.);
#13873 = ORIENTED_EDGE('',*,*,#13874,.F.);
#13874 = EDGE_CURVE('',#13850,#13827,#13875,.T.);
#13875 = LINE('',#13876,#13877);
#13876 = CARTESIAN_POINT('',(75.338396102677,-19.,7.6));
#13877 = VECTOR('',#13878,1.);
#13878 = DIRECTION('',(1.,0.,0.));
#13879 = ORIENTED_EDGE('',*,*,#13849,.F.);
#13880 = PLANE('',#13881);
#13881 = AXIS2_PLACEMENT_3D('',#13882,#13883,#13884);
#13882 = CARTESIAN_POINT('',(73.,-19.,5.5));
#13883 = DIRECTION('',(0.,-1.,0.));
#13884 = DIRECTION('',(-1.,0.,0.));
#13885 = ADVANCED_FACE('',(#13886),#13911,.F.);
#13886 = FACE_BOUND('',#13887,.F.);
#13887 = EDGE_LOOP('',(#13888,#13889,#13897,#13905));
#13888 = ORIENTED_EDGE('',*,*,#3486,.T.);
#13889 = ORIENTED_EDGE('',*,*,#13890,.T.);
#13890 = EDGE_CURVE('',#3489,#13891,#13893,.T.);
#13891 = VERTEX_POINT('',#13892);
#13892 = CARTESIAN_POINT('',(77.,-27.,7.6));
#13893 = LINE('',#13894,#13895);
#13894 = CARTESIAN_POINT('',(77.,-27.,5.5));
#13895 = VECTOR('',#13896,1.);
#13896 = DIRECTION('',(0.,0.,1.));
#13897 = ORIENTED_EDGE('',*,*,#13898,.F.);
#13898 = EDGE_CURVE('',#13899,#13891,#13901,.T.);
#13899 = VERTEX_POINT('',#13900);
#13900 = CARTESIAN_POINT('',(91.,-27.,7.6));
#13901 = LINE('',#13902,#13903);
#13902 = CARTESIAN_POINT('',(77.338396102677,-27.,7.6));
#13903 = VECTOR('',#13904,1.);
#13904 = DIRECTION('',(-1.,0.,0.));
#13905 = ORIENTED_EDGE('',*,*,#13906,.F.);
#13906 = EDGE_CURVE('',#3487,#13899,#13907,.T.);
#13907 = LINE('',#13908,#13909);
#13908 = CARTESIAN_POINT('',(91.,-27.,5.5));
#13909 = VECTOR('',#13910,1.);
#13910 = DIRECTION('',(0.,0.,1.));
#13911 = PLANE('',#13912);
#13912 = AXIS2_PLACEMENT_3D('',#13913,#13914,#13915);
#13913 = CARTESIAN_POINT('',(77.,-27.,5.5));
#13914 = DIRECTION('',(0.,1.,0.));
#13915 = DIRECTION('',(1.,0.,0.));
#13916 = ADVANCED_FACE('',(#13917),#13935,.F.);
#13917 = FACE_BOUND('',#13918,.F.);
#13918 = EDGE_LOOP('',(#13919,#13920,#13921,#13929));
#13919 = ORIENTED_EDGE('',*,*,#3496,.T.);
#13920 = ORIENTED_EDGE('',*,*,#13906,.T.);
#13921 = ORIENTED_EDGE('',*,*,#13922,.F.);
#13922 = EDGE_CURVE('',#13923,#13899,#13925,.T.);
#13923 = VERTEX_POINT('',#13924);
#13924 = CARTESIAN_POINT('',(91.,-41.,7.6));
#13925 = LINE('',#13926,#13927);
#13926 = CARTESIAN_POINT('',(91.,-36.21905291451,7.6));
#13927 = VECTOR('',#13928,1.);
#13928 = DIRECTION('',(0.,1.,0.));
#13929 = ORIENTED_EDGE('',*,*,#13930,.F.);
#13930 = EDGE_CURVE('',#3497,#13923,#13931,.T.);
#13931 = LINE('',#13932,#13933);
#13932 = CARTESIAN_POINT('',(91.,-41.,5.5));
#13933 = VECTOR('',#13934,1.);
#13934 = DIRECTION('',(0.,0.,1.));
#13935 = PLANE('',#13936);
#13936 = AXIS2_PLACEMENT_3D('',#13937,#13938,#13939);
#13937 = CARTESIAN_POINT('',(91.,-27.,5.5));
#13938 = DIRECTION('',(1.,0.,0.));
#13939 = DIRECTION('',(0.,-1.,0.));
#13940 = ADVANCED_FACE('',(#13941),#13959,.F.);
#13941 = FACE_BOUND('',#13942,.F.);
#13942 = EDGE_LOOP('',(#13943,#13944,#13952,#13958));
#13943 = ORIENTED_EDGE('',*,*,#3512,.T.);
#13944 = ORIENTED_EDGE('',*,*,#13945,.T.);
#13945 = EDGE_CURVE('',#3505,#13946,#13948,.T.);
#13946 = VERTEX_POINT('',#13947);
#13947 = CARTESIAN_POINT('',(77.,-41.,7.6));
#13948 = LINE('',#13949,#13950);
#13949 = CARTESIAN_POINT('',(77.,-41.,5.5));
#13950 = VECTOR('',#13951,1.);
#13951 = DIRECTION('',(0.,0.,1.));
#13952 = ORIENTED_EDGE('',*,*,#13953,.F.);
#13953 = EDGE_CURVE('',#13891,#13946,#13954,.T.);
#13954 = LINE('',#13955,#13956);
#13955 = CARTESIAN_POINT('',(77.,-43.21905291451,7.6));
#13956 = VECTOR('',#13957,1.);
#13957 = DIRECTION('',(0.,-1.,0.));
#13958 = ORIENTED_EDGE('',*,*,#13890,.F.);
#13959 = PLANE('',#13960);
#13960 = AXIS2_PLACEMENT_3D('',#13961,#13962,#13963);
#13961 = CARTESIAN_POINT('',(77.,-41.,5.5));
#13962 = DIRECTION('',(-1.,0.,0.));
#13963 = DIRECTION('',(0.,1.,0.));
#13964 = ADVANCED_FACE('',(#13965),#13976,.F.);
#13965 = FACE_BOUND('',#13966,.F.);
#13966 = EDGE_LOOP('',(#13967,#13968,#13969,#13975));
#13967 = ORIENTED_EDGE('',*,*,#3504,.T.);
#13968 = ORIENTED_EDGE('',*,*,#13930,.T.);
#13969 = ORIENTED_EDGE('',*,*,#13970,.F.);
#13970 = EDGE_CURVE('',#13946,#13923,#13971,.T.);
#13971 = LINE('',#13972,#13973);
#13972 = CARTESIAN_POINT('',(84.338396102677,-41.,7.6));
#13973 = VECTOR('',#13974,1.);
#13974 = DIRECTION('',(1.,0.,0.));
#13975 = ORIENTED_EDGE('',*,*,#13945,.F.);
#13976 = PLANE('',#13977);
#13977 = AXIS2_PLACEMENT_3D('',#13978,#13979,#13980);
#13978 = CARTESIAN_POINT('',(91.,-41.,5.5));
#13979 = DIRECTION('',(0.,-1.,0.));
#13980 = DIRECTION('',(-1.,0.,0.));
#13981 = ADVANCED_FACE('',(#13982),#14007,.F.);
#13982 = FACE_BOUND('',#13983,.F.);
#13983 = EDGE_LOOP('',(#13984,#13985,#13993,#14001));
#13984 = ORIENTED_EDGE('',*,*,#3520,.T.);
#13985 = ORIENTED_EDGE('',*,*,#13986,.T.);
#13986 = EDGE_CURVE('',#3523,#13987,#13989,.T.);
#13987 = VERTEX_POINT('',#13988);
#13988 = CARTESIAN_POINT('',(95.,-29.,7.6));
#13989 = LINE('',#13990,#13991);
#13990 = CARTESIAN_POINT('',(95.,-29.,5.5));
#13991 = VECTOR('',#13992,1.);
#13992 = DIRECTION('',(0.,0.,1.));
#13993 = ORIENTED_EDGE('',*,*,#13994,.F.);
#13994 = EDGE_CURVE('',#13995,#13987,#13997,.T.);
#13995 = VERTEX_POINT('',#13996);
#13996 = CARTESIAN_POINT('',(109.,-29.,7.6));
#13997 = LINE('',#13998,#13999);
#13998 = CARTESIAN_POINT('',(86.338396102677,-29.,7.6));
#13999 = VECTOR('',#14000,1.);
#14000 = DIRECTION('',(-1.,0.,0.));
#14001 = ORIENTED_EDGE('',*,*,#14002,.F.);
#14002 = EDGE_CURVE('',#3521,#13995,#14003,.T.);
#14003 = LINE('',#14004,#14005);
#14004 = CARTESIAN_POINT('',(109.,-29.,5.5));
#14005 = VECTOR('',#14006,1.);
#14006 = DIRECTION('',(0.,0.,1.));
#14007 = PLANE('',#14008);
#14008 = AXIS2_PLACEMENT_3D('',#14009,#14010,#14011);
#14009 = CARTESIAN_POINT('',(95.,-29.,5.5));
#14010 = DIRECTION('',(0.,1.,0.));
#14011 = DIRECTION('',(1.,0.,0.));
#14012 = ADVANCED_FACE('',(#14013),#14031,.F.);
#14013 = FACE_BOUND('',#14014,.F.);
#14014 = EDGE_LOOP('',(#14015,#14016,#14017,#14025));
#14015 = ORIENTED_EDGE('',*,*,#3530,.T.);
#14016 = ORIENTED_EDGE('',*,*,#14002,.T.);
#14017 = ORIENTED_EDGE('',*,*,#14018,.F.);
#14018 = EDGE_CURVE('',#14019,#13995,#14021,.T.);
#14019 = VERTEX_POINT('',#14020);
#14020 = CARTESIAN_POINT('',(109.,-43.,7.6));
#14021 = LINE('',#14022,#14023);
#14022 = CARTESIAN_POINT('',(109.,-37.21905291451,7.6));
#14023 = VECTOR('',#14024,1.);
#14024 = DIRECTION('',(0.,1.,0.));
#14025 = ORIENTED_EDGE('',*,*,#14026,.F.);
#14026 = EDGE_CURVE('',#3531,#14019,#14027,.T.);
#14027 = LINE('',#14028,#14029);
#14028 = CARTESIAN_POINT('',(109.,-43.,5.5));
#14029 = VECTOR('',#14030,1.);
#14030 = DIRECTION('',(0.,0.,1.));
#14031 = PLANE('',#14032);
#14032 = AXIS2_PLACEMENT_3D('',#14033,#14034,#14035);
#14033 = CARTESIAN_POINT('',(109.,-29.,5.5));
#14034 = DIRECTION('',(1.,0.,0.));
#14035 = DIRECTION('',(0.,-1.,0.));
#14036 = ADVANCED_FACE('',(#14037),#14055,.F.);
#14037 = FACE_BOUND('',#14038,.F.);
#14038 = EDGE_LOOP('',(#14039,#14040,#14048,#14054));
#14039 = ORIENTED_EDGE('',*,*,#3546,.T.);
#14040 = ORIENTED_EDGE('',*,*,#14041,.T.);
#14041 = EDGE_CURVE('',#3539,#14042,#14044,.T.);
#14042 = VERTEX_POINT('',#14043);
#14043 = CARTESIAN_POINT('',(95.,-43.,7.6));
#14044 = LINE('',#14045,#14046);
#14045 = CARTESIAN_POINT('',(95.,-43.,5.5));
#14046 = VECTOR('',#14047,1.);
#14047 = DIRECTION('',(0.,0.,1.));
#14048 = ORIENTED_EDGE('',*,*,#14049,.F.);
#14049 = EDGE_CURVE('',#13987,#14042,#14050,.T.);
#14050 = LINE('',#14051,#14052);
#14051 = CARTESIAN_POINT('',(95.,-44.21905291451,7.6));
#14052 = VECTOR('',#14053,1.);
#14053 = DIRECTION('',(0.,-1.,0.));
#14054 = ORIENTED_EDGE('',*,*,#13986,.F.);
#14055 = PLANE('',#14056);
#14056 = AXIS2_PLACEMENT_3D('',#14057,#14058,#14059);
#14057 = CARTESIAN_POINT('',(95.,-43.,5.5));
#14058 = DIRECTION('',(-1.,0.,0.));
#14059 = DIRECTION('',(0.,1.,0.));
#14060 = ADVANCED_FACE('',(#14061),#14072,.F.);
#14061 = FACE_BOUND('',#14062,.F.);
#14062 = EDGE_LOOP('',(#14063,#14064,#14065,#14071));
#14063 = ORIENTED_EDGE('',*,*,#3538,.T.);
#14064 = ORIENTED_EDGE('',*,*,#14026,.T.);
#14065 = ORIENTED_EDGE('',*,*,#14066,.F.);
#14066 = EDGE_CURVE('',#14042,#14019,#14067,.T.);
#14067 = LINE('',#14068,#14069);
#14068 = CARTESIAN_POINT('',(93.338396102677,-43.,7.6));
#14069 = VECTOR('',#14070,1.);
#14070 = DIRECTION('',(1.,0.,0.));
#14071 = ORIENTED_EDGE('',*,*,#14041,.F.);
#14072 = PLANE('',#14073);
#14073 = AXIS2_PLACEMENT_3D('',#14074,#14075,#14076);
#14074 = CARTESIAN_POINT('',(109.,-43.,5.5));
#14075 = DIRECTION('',(0.,-1.,0.));
#14076 = DIRECTION('',(-1.,0.,0.));
#14077 = ADVANCED_FACE('',(#14078),#14103,.F.);
#14078 = FACE_BOUND('',#14079,.F.);
#14079 = EDGE_LOOP('',(#14080,#14081,#14089,#14097));
#14080 = ORIENTED_EDGE('',*,*,#3554,.T.);
#14081 = ORIENTED_EDGE('',*,*,#14082,.T.);
#14082 = EDGE_CURVE('',#3557,#14083,#14085,.T.);
#14083 = VERTEX_POINT('',#14084);
#14084 = CARTESIAN_POINT('',(77.,-10.,7.6));
#14085 = LINE('',#14086,#14087);
#14086 = CARTESIAN_POINT('',(77.,-10.,5.5));
#14087 = VECTOR('',#14088,1.);
#14088 = DIRECTION('',(0.,0.,1.));
#14089 = ORIENTED_EDGE('',*,*,#14090,.F.);
#14090 = EDGE_CURVE('',#14091,#14083,#14093,.T.);
#14091 = VERTEX_POINT('',#14092);
#14092 = CARTESIAN_POINT('',(91.,-10.,7.6));
#14093 = LINE('',#14094,#14095);
#14094 = CARTESIAN_POINT('',(77.338396102677,-10.,7.6));
#14095 = VECTOR('',#14096,1.);
#14096 = DIRECTION('',(-1.,0.,0.));
#14097 = ORIENTED_EDGE('',*,*,#14098,.F.);
#14098 = EDGE_CURVE('',#3555,#14091,#14099,.T.);
#14099 = LINE('',#14100,#14101);
#14100 = CARTESIAN_POINT('',(91.,-10.,5.5));
#14101 = VECTOR('',#14102,1.);
#14102 = DIRECTION('',(0.,0.,1.));
#14103 = PLANE('',#14104);
#14104 = AXIS2_PLACEMENT_3D('',#14105,#14106,#14107);
#14105 = CARTESIAN_POINT('',(77.,-10.,5.5));
#14106 = DIRECTION('',(0.,1.,0.));
#14107 = DIRECTION('',(1.,0.,0.));
#14108 = ADVANCED_FACE('',(#14109),#14127,.F.);
#14109 = FACE_BOUND('',#14110,.F.);
#14110 = EDGE_LOOP('',(#14111,#14112,#14113,#14121));
#14111 = ORIENTED_EDGE('',*,*,#3564,.T.);
#14112 = ORIENTED_EDGE('',*,*,#14098,.T.);
#14113 = ORIENTED_EDGE('',*,*,#14114,.F.);
#14114 = EDGE_CURVE('',#14115,#14091,#14117,.T.);
#14115 = VERTEX_POINT('',#14116);
#14116 = CARTESIAN_POINT('',(91.,-24.,7.6));
#14117 = LINE('',#14118,#14119);
#14118 = CARTESIAN_POINT('',(91.,-27.71905291451,7.6));
#14119 = VECTOR('',#14120,1.);
#14120 = DIRECTION('',(0.,1.,0.));
#14121 = ORIENTED_EDGE('',*,*,#14122,.F.);
#14122 = EDGE_CURVE('',#3565,#14115,#14123,.T.);
#14123 = LINE('',#14124,#14125);
#14124 = CARTESIAN_POINT('',(91.,-24.,5.5));
#14125 = VECTOR('',#14126,1.);
#14126 = DIRECTION('',(0.,0.,1.));
#14127 = PLANE('',#14128);
#14128 = AXIS2_PLACEMENT_3D('',#14129,#14130,#14131);
#14129 = CARTESIAN_POINT('',(91.,-10.,5.5));
#14130 = DIRECTION('',(1.,0.,0.));
#14131 = DIRECTION('',(0.,-1.,0.));
#14132 = ADVANCED_FACE('',(#14133),#14151,.F.);
#14133 = FACE_BOUND('',#14134,.F.);
#14134 = EDGE_LOOP('',(#14135,#14136,#14144,#14150));
#14135 = ORIENTED_EDGE('',*,*,#3580,.T.);
#14136 = ORIENTED_EDGE('',*,*,#14137,.T.);
#14137 = EDGE_CURVE('',#3573,#14138,#14140,.T.);
#14138 = VERTEX_POINT('',#14139);
#14139 = CARTESIAN_POINT('',(77.,-24.,7.6));
#14140 = LINE('',#14141,#14142);
#14141 = CARTESIAN_POINT('',(77.,-24.,5.5));
#14142 = VECTOR('',#14143,1.);
#14143 = DIRECTION('',(0.,0.,1.));
#14144 = ORIENTED_EDGE('',*,*,#14145,.F.);
#14145 = EDGE_CURVE('',#14083,#14138,#14146,.T.);
#14146 = LINE('',#14147,#14148);
#14147 = CARTESIAN_POINT('',(77.,-34.71905291451,7.6));
#14148 = VECTOR('',#14149,1.);
#14149 = DIRECTION('',(0.,-1.,0.));
#14150 = ORIENTED_EDGE('',*,*,#14082,.F.);
#14151 = PLANE('',#14152);
#14152 = AXIS2_PLACEMENT_3D('',#14153,#14154,#14155);
#14153 = CARTESIAN_POINT('',(77.,-24.,5.5));
#14154 = DIRECTION('',(-1.,0.,0.));
#14155 = DIRECTION('',(0.,1.,0.));
#14156 = ADVANCED_FACE('',(#14157),#14168,.F.);
#14157 = FACE_BOUND('',#14158,.F.);
#14158 = EDGE_LOOP('',(#14159,#14160,#14161,#14167));
#14159 = ORIENTED_EDGE('',*,*,#3572,.T.);
#14160 = ORIENTED_EDGE('',*,*,#14122,.T.);
#14161 = ORIENTED_EDGE('',*,*,#14162,.F.);
#14162 = EDGE_CURVE('',#14138,#14115,#14163,.T.);
#14163 = LINE('',#14164,#14165);
#14164 = CARTESIAN_POINT('',(84.338396102677,-24.,7.6));
#14165 = VECTOR('',#14166,1.);
#14166 = DIRECTION('',(1.,0.,0.));
#14167 = ORIENTED_EDGE('',*,*,#14137,.F.);
#14168 = PLANE('',#14169);
#14169 = AXIS2_PLACEMENT_3D('',#14170,#14171,#14172);
#14170 = CARTESIAN_POINT('',(91.,-24.,5.5));
#14171 = DIRECTION('',(0.,-1.,0.));
#14172 = DIRECTION('',(-1.,0.,0.));
#14173 = ADVANCED_FACE('',(#14174),#14199,.F.);
#14174 = FACE_BOUND('',#14175,.F.);
#14175 = EDGE_LOOP('',(#14176,#14177,#14185,#14193));
#14176 = ORIENTED_EDGE('',*,*,#3588,.T.);
#14177 = ORIENTED_EDGE('',*,*,#14178,.T.);
#14178 = EDGE_CURVE('',#3591,#14179,#14181,.T.);
#14179 = VERTEX_POINT('',#14180);
#14180 = CARTESIAN_POINT('',(95.,-12.,7.6));
#14181 = LINE('',#14182,#14183);
#14182 = CARTESIAN_POINT('',(95.,-12.,5.5));
#14183 = VECTOR('',#14184,1.);
#14184 = DIRECTION('',(0.,0.,1.));
#14185 = ORIENTED_EDGE('',*,*,#14186,.F.);
#14186 = EDGE_CURVE('',#14187,#14179,#14189,.T.);
#14187 = VERTEX_POINT('',#14188);
#14188 = CARTESIAN_POINT('',(109.,-12.,7.6));
#14189 = LINE('',#14190,#14191);
#14190 = CARTESIAN_POINT('',(86.338396102677,-12.,7.6));
#14191 = VECTOR('',#14192,1.);
#14192 = DIRECTION('',(-1.,0.,0.));
#14193 = ORIENTED_EDGE('',*,*,#14194,.F.);
#14194 = EDGE_CURVE('',#3589,#14187,#14195,.T.);
#14195 = LINE('',#14196,#14197);
#14196 = CARTESIAN_POINT('',(109.,-12.,5.5));
#14197 = VECTOR('',#14198,1.);
#14198 = DIRECTION('',(0.,0.,1.));
#14199 = PLANE('',#14200);
#14200 = AXIS2_PLACEMENT_3D('',#14201,#14202,#14203);
#14201 = CARTESIAN_POINT('',(95.,-12.,5.5));
#14202 = DIRECTION('',(0.,1.,0.));
#14203 = DIRECTION('',(1.,0.,0.));
#14204 = ADVANCED_FACE('',(#14205),#14223,.F.);
#14205 = FACE_BOUND('',#14206,.F.);
#14206 = EDGE_LOOP('',(#14207,#14208,#14209,#14217));
#14207 = ORIENTED_EDGE('',*,*,#3598,.T.);
#14208 = ORIENTED_EDGE('',*,*,#14194,.T.);
#14209 = ORIENTED_EDGE('',*,*,#14210,.F.);
#14210 = EDGE_CURVE('',#14211,#14187,#14213,.T.);
#14211 = VERTEX_POINT('',#14212);
#14212 = CARTESIAN_POINT('',(109.,-26.,7.6));
#14213 = LINE('',#14214,#14215);
#14214 = CARTESIAN_POINT('',(109.,-28.71905291451,7.6));
#14215 = VECTOR('',#14216,1.);
#14216 = DIRECTION('',(0.,1.,0.));
#14217 = ORIENTED_EDGE('',*,*,#14218,.F.);
#14218 = EDGE_CURVE('',#3599,#14211,#14219,.T.);
#14219 = LINE('',#14220,#14221);
#14220 = CARTESIAN_POINT('',(109.,-26.,5.5));
#14221 = VECTOR('',#14222,1.);
#14222 = DIRECTION('',(0.,0.,1.));
#14223 = PLANE('',#14224);
#14224 = AXIS2_PLACEMENT_3D('',#14225,#14226,#14227);
#14225 = CARTESIAN_POINT('',(109.,-12.,5.5));
#14226 = DIRECTION('',(1.,0.,0.));
#14227 = DIRECTION('',(0.,-1.,0.));
#14228 = ADVANCED_FACE('',(#14229),#14247,.F.);
#14229 = FACE_BOUND('',#14230,.F.);
#14230 = EDGE_LOOP('',(#14231,#14232,#14240,#14246));
#14231 = ORIENTED_EDGE('',*,*,#3614,.T.);
#14232 = ORIENTED_EDGE('',*,*,#14233,.T.);
#14233 = EDGE_CURVE('',#3607,#14234,#14236,.T.);
#14234 = VERTEX_POINT('',#14235);
#14235 = CARTESIAN_POINT('',(95.,-26.,7.6));
#14236 = LINE('',#14237,#14238);
#14237 = CARTESIAN_POINT('',(95.,-26.,5.5));
#14238 = VECTOR('',#14239,1.);
#14239 = DIRECTION('',(0.,0.,1.));
#14240 = ORIENTED_EDGE('',*,*,#14241,.F.);
#14241 = EDGE_CURVE('',#14179,#14234,#14242,.T.);
#14242 = LINE('',#14243,#14244);
#14243 = CARTESIAN_POINT('',(95.,-35.71905291451,7.6));
#14244 = VECTOR('',#14245,1.);
#14245 = DIRECTION('',(0.,-1.,0.));
#14246 = ORIENTED_EDGE('',*,*,#14178,.F.);
#14247 = PLANE('',#14248);
#14248 = AXIS2_PLACEMENT_3D('',#14249,#14250,#14251);
#14249 = CARTESIAN_POINT('',(95.,-26.,5.5));
#14250 = DIRECTION('',(-1.,0.,0.));
#14251 = DIRECTION('',(0.,1.,0.));
#14252 = ADVANCED_FACE('',(#14253),#14264,.F.);
#14253 = FACE_BOUND('',#14254,.F.);
#14254 = EDGE_LOOP('',(#14255,#14256,#14257,#14263));
#14255 = ORIENTED_EDGE('',*,*,#3606,.T.);
#14256 = ORIENTED_EDGE('',*,*,#14218,.T.);
#14257 = ORIENTED_EDGE('',*,*,#14258,.F.);
#14258 = EDGE_CURVE('',#14234,#14211,#14259,.T.);
#14259 = LINE('',#14260,#14261);
#14260 = CARTESIAN_POINT('',(93.338396102677,-26.,7.6));
#14261 = VECTOR('',#14262,1.);
#14262 = DIRECTION('',(1.,0.,0.));
#14263 = ORIENTED_EDGE('',*,*,#14233,.F.);
#14264 = PLANE('',#14265);
#14265 = AXIS2_PLACEMENT_3D('',#14266,#14267,#14268);
#14266 = CARTESIAN_POINT('',(109.,-26.,5.5));
#14267 = DIRECTION('',(0.,-1.,0.));
#14268 = DIRECTION('',(-1.,0.,0.));
#14269 = ADVANCED_FACE('',(#14270,#14637,#14643,#14649,#14655,#14661,
    #14667,#14670,#14676,#14682,#14688,#14691,#14697,#14703,#14709,
    #14715,#14721,#14724,#14730,#14736,#14742,#14748),#14754,.T.);
#14270 = FACE_BOUND('',#14271,.T.);
#14271 = EDGE_LOOP('',(#14272,#14273,#14274,#14275,#14276,#14277,#14278,
    #14279,#14280,#14281,#14282,#14283,#14284,#14285,#14286,#14287,
    #14288,#14289,#14290,#14291,#14292,#14293,#14294,#14295,#14296,
    #14297,#14298,#14299,#14300,#14301,#14302,#14303,#14304,#14305,
    #14306,#14307,#14308,#14309,#14310,#14311,#14312,#14313,#14314,
    #14315,#14316,#14317,#14318,#14319,#14320,#14321,#14322,#14323,
    #14324,#14325,#14326,#14327,#14328,#14329,#14330,#14331,#14332,
    #14333,#14334,#14335,#14336,#14337,#14338,#14339,#14340,#14341,
    #14342,#14343,#14344,#14345,#14346,#14347,#14348,#14349,#14350,
    #14351,#14352,#14353,#14354,#14355,#14356,#14357,#14358,#14359,
    #14360,#14361,#14362,#14363,#14364,#14365,#14366,#14367,#14368,
    #14369,#14370,#14371,#14372,#14373,#14374,#14375,#14376,#14377,
    #14378,#14379,#14380,#14381,#14382,#14383,#14384,#14385,#14386,
    #14387,#14388,#14389,#14390,#14391,#14392,#14393,#14394,#14395,
    #14396,#14397,#14398,#14399,#14400,#14401,#14402,#14403,#14404,
    #14405,#14406,#14407,#14408,#14409,#14410,#14411,#14412,#14413,
    #14414,#14415,#14416,#14417,#14418,#14419,#14420,#14421,#14422,
    #14423,#14424,#14425,#14426,#14427,#14428,#14429,#14430,#14431,
    #14432,#14433,#14434,#14435,#14436,#14437,#14438,#14439,#14440,
    #14441,#14442,#14443,#14444,#14445,#14446,#14447,#14448,#14449,
    #14450,#14451,#14452,#14453,#14454,#14455,#14456,#14457,#14458,
    #14459,#14460,#14461,#14462,#14463,#14464,#14465,#14466,#14467,
    #14468,#14469,#14470,#14471,#14472,#14473,#14474,#14475,#14476,
    #14477,#14478,#14479,#14480,#14481,#14482,#14483,#14484,#14485,
    #14486,#14487,#14488,#14489,#14490,#14491,#14492,#14493,#14494,
    #14495,#14496,#14497,#14498,#14499,#14500,#14501,#14502,#14503,
    #14504,#14505,#14506,#14507,#14508,#14509,#14510,#14511,#14512,
    #14513,#14514,#14515,#14516,#14517,#14518,#14519,#14520,#14521,
    #14522,#14523,#14524,#14525,#14526,#14527,#14528,#14529,#14530,
    #14531,#14532,#14533,#14534,#14535,#14536,#14537,#14538,#14539,
    #14540,#14541,#14542,#14543,#14544,#14545,#14546,#14547,#14548,
    #14549,#14550,#14551,#14552,#14553,#14554,#14555,#14556,#14557,
    #14558,#14559,#14560,#14561,#14562,#14563,#14564,#14565,#14566,
    #14567,#14568,#14569,#14570,#14571,#14572,#14573,#14574,#14575,
    #14576,#14577,#14578,#14579,#14580,#14581,#14582,#14583,#14584,
    #14585,#14586,#14587,#14588,#14589,#14590,#14591,#14592,#14593,
    #14594,#14595,#14596,#14597,#14598,#14599,#14600,#14601,#14602,
    #14603,#14604,#14605,#14606,#14607,#14608,#14609,#14610,#14611,
    #14612,#14613,#14614,#14615,#14616,#14617,#14618,#14619,#14620,
    #14621,#14622,#14623,#14624,#14625,#14626,#14627,#14628,#14629,
    #14630,#14631,#14632,#14633,#14634,#14635,#14636));
#14272 = ORIENTED_EDGE('',*,*,#3645,.T.);
#14273 = ORIENTED_EDGE('',*,*,#12456,.F.);
#14274 = ORIENTED_EDGE('',*,*,#12438,.F.);
#14275 = ORIENTED_EDGE('',*,*,#12414,.F.);
#14276 = ORIENTED_EDGE('',*,*,#12390,.F.);
#14277 = ORIENTED_EDGE('',*,*,#12366,.F.);
#14278 = ORIENTED_EDGE('',*,*,#12342,.F.);
#14279 = ORIENTED_EDGE('',*,*,#12318,.F.);
#14280 = ORIENTED_EDGE('',*,*,#12294,.F.);
#14281 = ORIENTED_EDGE('',*,*,#12270,.F.);
#14282 = ORIENTED_EDGE('',*,*,#12246,.F.);
#14283 = ORIENTED_EDGE('',*,*,#12222,.F.);
#14284 = ORIENTED_EDGE('',*,*,#12198,.F.);
#14285 = ORIENTED_EDGE('',*,*,#12174,.F.);
#14286 = ORIENTED_EDGE('',*,*,#12150,.F.);
#14287 = ORIENTED_EDGE('',*,*,#12126,.F.);
#14288 = ORIENTED_EDGE('',*,*,#12102,.F.);
#14289 = ORIENTED_EDGE('',*,*,#12078,.F.);
#14290 = ORIENTED_EDGE('',*,*,#12054,.F.);
#14291 = ORIENTED_EDGE('',*,*,#12030,.F.);
#14292 = ORIENTED_EDGE('',*,*,#12006,.F.);
#14293 = ORIENTED_EDGE('',*,*,#11982,.F.);
#14294 = ORIENTED_EDGE('',*,*,#11958,.F.);
#14295 = ORIENTED_EDGE('',*,*,#11934,.F.);
#14296 = ORIENTED_EDGE('',*,*,#11910,.F.);
#14297 = ORIENTED_EDGE('',*,*,#11886,.F.);
#14298 = ORIENTED_EDGE('',*,*,#11862,.F.);
#14299 = ORIENTED_EDGE('',*,*,#11838,.F.);
#14300 = ORIENTED_EDGE('',*,*,#11814,.F.);
#14301 = ORIENTED_EDGE('',*,*,#11790,.F.);
#14302 = ORIENTED_EDGE('',*,*,#11766,.F.);
#14303 = ORIENTED_EDGE('',*,*,#11742,.F.);
#14304 = ORIENTED_EDGE('',*,*,#11718,.F.);
#14305 = ORIENTED_EDGE('',*,*,#11694,.F.);
#14306 = ORIENTED_EDGE('',*,*,#11670,.F.);
#14307 = ORIENTED_EDGE('',*,*,#11646,.F.);
#14308 = ORIENTED_EDGE('',*,*,#11622,.F.);
#14309 = ORIENTED_EDGE('',*,*,#11598,.F.);
#14310 = ORIENTED_EDGE('',*,*,#11574,.F.);
#14311 = ORIENTED_EDGE('',*,*,#11550,.F.);
#14312 = ORIENTED_EDGE('',*,*,#11526,.F.);
#14313 = ORIENTED_EDGE('',*,*,#11502,.F.);
#14314 = ORIENTED_EDGE('',*,*,#11478,.F.);
#14315 = ORIENTED_EDGE('',*,*,#11454,.F.);
#14316 = ORIENTED_EDGE('',*,*,#11430,.F.);
#14317 = ORIENTED_EDGE('',*,*,#11406,.F.);
#14318 = ORIENTED_EDGE('',*,*,#11382,.F.);
#14319 = ORIENTED_EDGE('',*,*,#11358,.F.);
#14320 = ORIENTED_EDGE('',*,*,#11334,.F.);
#14321 = ORIENTED_EDGE('',*,*,#11310,.F.);
#14322 = ORIENTED_EDGE('',*,*,#11286,.F.);
#14323 = ORIENTED_EDGE('',*,*,#11262,.F.);
#14324 = ORIENTED_EDGE('',*,*,#11238,.F.);
#14325 = ORIENTED_EDGE('',*,*,#11214,.F.);
#14326 = ORIENTED_EDGE('',*,*,#11190,.F.);
#14327 = ORIENTED_EDGE('',*,*,#11166,.F.);
#14328 = ORIENTED_EDGE('',*,*,#11142,.F.);
#14329 = ORIENTED_EDGE('',*,*,#11118,.F.);
#14330 = ORIENTED_EDGE('',*,*,#11094,.F.);
#14331 = ORIENTED_EDGE('',*,*,#11070,.F.);
#14332 = ORIENTED_EDGE('',*,*,#11046,.F.);
#14333 = ORIENTED_EDGE('',*,*,#11022,.F.);
#14334 = ORIENTED_EDGE('',*,*,#10998,.F.);
#14335 = ORIENTED_EDGE('',*,*,#10974,.F.);
#14336 = ORIENTED_EDGE('',*,*,#10950,.F.);
#14337 = ORIENTED_EDGE('',*,*,#10926,.F.);
#14338 = ORIENTED_EDGE('',*,*,#10902,.F.);
#14339 = ORIENTED_EDGE('',*,*,#10878,.F.);
#14340 = ORIENTED_EDGE('',*,*,#10854,.F.);
#14341 = ORIENTED_EDGE('',*,*,#10830,.F.);
#14342 = ORIENTED_EDGE('',*,*,#10806,.F.);
#14343 = ORIENTED_EDGE('',*,*,#10782,.F.);
#14344 = ORIENTED_EDGE('',*,*,#10758,.F.);
#14345 = ORIENTED_EDGE('',*,*,#10734,.F.);
#14346 = ORIENTED_EDGE('',*,*,#10710,.F.);
#14347 = ORIENTED_EDGE('',*,*,#10686,.F.);
#14348 = ORIENTED_EDGE('',*,*,#10662,.F.);
#14349 = ORIENTED_EDGE('',*,*,#10638,.F.);
#14350 = ORIENTED_EDGE('',*,*,#10614,.F.);
#14351 = ORIENTED_EDGE('',*,*,#10590,.F.);
#14352 = ORIENTED_EDGE('',*,*,#10566,.F.);
#14353 = ORIENTED_EDGE('',*,*,#10542,.F.);
#14354 = ORIENTED_EDGE('',*,*,#10518,.F.);
#14355 = ORIENTED_EDGE('',*,*,#10494,.F.);
#14356 = ORIENTED_EDGE('',*,*,#10470,.F.);
#14357 = ORIENTED_EDGE('',*,*,#10446,.F.);
#14358 = ORIENTED_EDGE('',*,*,#10422,.F.);
#14359 = ORIENTED_EDGE('',*,*,#10398,.F.);
#14360 = ORIENTED_EDGE('',*,*,#10374,.F.);
#14361 = ORIENTED_EDGE('',*,*,#10350,.F.);
#14362 = ORIENTED_EDGE('',*,*,#10326,.F.);
#14363 = ORIENTED_EDGE('',*,*,#10302,.F.);
#14364 = ORIENTED_EDGE('',*,*,#10278,.F.);
#14365 = ORIENTED_EDGE('',*,*,#10254,.F.);
#14366 = ORIENTED_EDGE('',*,*,#10230,.F.);
#14367 = ORIENTED_EDGE('',*,*,#10206,.F.);
#14368 = ORIENTED_EDGE('',*,*,#10182,.F.);
#14369 = ORIENTED_EDGE('',*,*,#10158,.F.);
#14370 = ORIENTED_EDGE('',*,*,#10134,.F.);
#14371 = ORIENTED_EDGE('',*,*,#10110,.F.);
#14372 = ORIENTED_EDGE('',*,*,#10086,.F.);
#14373 = ORIENTED_EDGE('',*,*,#10062,.F.);
#14374 = ORIENTED_EDGE('',*,*,#10038,.F.);
#14375 = ORIENTED_EDGE('',*,*,#10014,.F.);
#14376 = ORIENTED_EDGE('',*,*,#9990,.F.);
#14377 = ORIENTED_EDGE('',*,*,#9966,.F.);
#14378 = ORIENTED_EDGE('',*,*,#9942,.F.);
#14379 = ORIENTED_EDGE('',*,*,#9918,.F.);
#14380 = ORIENTED_EDGE('',*,*,#9894,.F.);
#14381 = ORIENTED_EDGE('',*,*,#9870,.F.);
#14382 = ORIENTED_EDGE('',*,*,#9846,.F.);
#14383 = ORIENTED_EDGE('',*,*,#9822,.F.);
#14384 = ORIENTED_EDGE('',*,*,#9798,.F.);
#14385 = ORIENTED_EDGE('',*,*,#9774,.F.);
#14386 = ORIENTED_EDGE('',*,*,#9750,.F.);
#14387 = ORIENTED_EDGE('',*,*,#9726,.F.);
#14388 = ORIENTED_EDGE('',*,*,#9702,.F.);
#14389 = ORIENTED_EDGE('',*,*,#9678,.F.);
#14390 = ORIENTED_EDGE('',*,*,#9654,.F.);
#14391 = ORIENTED_EDGE('',*,*,#9630,.F.);
#14392 = ORIENTED_EDGE('',*,*,#9606,.F.);
#14393 = ORIENTED_EDGE('',*,*,#9582,.F.);
#14394 = ORIENTED_EDGE('',*,*,#9558,.F.);
#14395 = ORIENTED_EDGE('',*,*,#9534,.F.);
#14396 = ORIENTED_EDGE('',*,*,#9510,.F.);
#14397 = ORIENTED_EDGE('',*,*,#9486,.F.);
#14398 = ORIENTED_EDGE('',*,*,#9462,.F.);
#14399 = ORIENTED_EDGE('',*,*,#9438,.F.);
#14400 = ORIENTED_EDGE('',*,*,#9414,.F.);
#14401 = ORIENTED_EDGE('',*,*,#9390,.F.);
#14402 = ORIENTED_EDGE('',*,*,#9366,.F.);
#14403 = ORIENTED_EDGE('',*,*,#9342,.F.);
#14404 = ORIENTED_EDGE('',*,*,#9318,.F.);
#14405 = ORIENTED_EDGE('',*,*,#9294,.F.);
#14406 = ORIENTED_EDGE('',*,*,#9270,.F.);
#14407 = ORIENTED_EDGE('',*,*,#9246,.F.);
#14408 = ORIENTED_EDGE('',*,*,#9222,.F.);
#14409 = ORIENTED_EDGE('',*,*,#9198,.F.);
#14410 = ORIENTED_EDGE('',*,*,#9174,.F.);
#14411 = ORIENTED_EDGE('',*,*,#9150,.F.);
#14412 = ORIENTED_EDGE('',*,*,#9126,.F.);
#14413 = ORIENTED_EDGE('',*,*,#9102,.F.);
#14414 = ORIENTED_EDGE('',*,*,#9078,.F.);
#14415 = ORIENTED_EDGE('',*,*,#9054,.F.);
#14416 = ORIENTED_EDGE('',*,*,#9030,.F.);
#14417 = ORIENTED_EDGE('',*,*,#9006,.F.);
#14418 = ORIENTED_EDGE('',*,*,#8982,.F.);
#14419 = ORIENTED_EDGE('',*,*,#8958,.F.);
#14420 = ORIENTED_EDGE('',*,*,#8934,.F.);
#14421 = ORIENTED_EDGE('',*,*,#8910,.F.);
#14422 = ORIENTED_EDGE('',*,*,#8886,.F.);
#14423 = ORIENTED_EDGE('',*,*,#8862,.F.);
#14424 = ORIENTED_EDGE('',*,*,#8838,.F.);
#14425 = ORIENTED_EDGE('',*,*,#8814,.F.);
#14426 = ORIENTED_EDGE('',*,*,#8790,.F.);
#14427 = ORIENTED_EDGE('',*,*,#8766,.F.);
#14428 = ORIENTED_EDGE('',*,*,#8742,.F.);
#14429 = ORIENTED_EDGE('',*,*,#8718,.F.);
#14430 = ORIENTED_EDGE('',*,*,#8694,.F.);
#14431 = ORIENTED_EDGE('',*,*,#8670,.F.);
#14432 = ORIENTED_EDGE('',*,*,#8646,.F.);
#14433 = ORIENTED_EDGE('',*,*,#8622,.F.);
#14434 = ORIENTED_EDGE('',*,*,#8598,.F.);
#14435 = ORIENTED_EDGE('',*,*,#8574,.F.);
#14436 = ORIENTED_EDGE('',*,*,#8550,.F.);
#14437 = ORIENTED_EDGE('',*,*,#8526,.F.);
#14438 = ORIENTED_EDGE('',*,*,#8502,.F.);
#14439 = ORIENTED_EDGE('',*,*,#8478,.F.);
#14440 = ORIENTED_EDGE('',*,*,#8454,.F.);
#14441 = ORIENTED_EDGE('',*,*,#8430,.F.);
#14442 = ORIENTED_EDGE('',*,*,#8406,.F.);
#14443 = ORIENTED_EDGE('',*,*,#8382,.F.);
#14444 = ORIENTED_EDGE('',*,*,#8358,.F.);
#14445 = ORIENTED_EDGE('',*,*,#8334,.F.);
#14446 = ORIENTED_EDGE('',*,*,#8310,.F.);
#14447 = ORIENTED_EDGE('',*,*,#8286,.F.);
#14448 = ORIENTED_EDGE('',*,*,#8262,.F.);
#14449 = ORIENTED_EDGE('',*,*,#8238,.F.);
#14450 = ORIENTED_EDGE('',*,*,#8214,.F.);
#14451 = ORIENTED_EDGE('',*,*,#8190,.F.);
#14452 = ORIENTED_EDGE('',*,*,#8166,.F.);
#14453 = ORIENTED_EDGE('',*,*,#8142,.F.);
#14454 = ORIENTED_EDGE('',*,*,#8118,.F.);
#14455 = ORIENTED_EDGE('',*,*,#8094,.F.);
#14456 = ORIENTED_EDGE('',*,*,#8070,.F.);
#14457 = ORIENTED_EDGE('',*,*,#8046,.F.);
#14458 = ORIENTED_EDGE('',*,*,#8022,.F.);
#14459 = ORIENTED_EDGE('',*,*,#7998,.F.);
#14460 = ORIENTED_EDGE('',*,*,#7974,.F.);
#14461 = ORIENTED_EDGE('',*,*,#7950,.F.);
#14462 = ORIENTED_EDGE('',*,*,#7926,.F.);
#14463 = ORIENTED_EDGE('',*,*,#7902,.F.);
#14464 = ORIENTED_EDGE('',*,*,#7878,.F.);
#14465 = ORIENTED_EDGE('',*,*,#7854,.F.);
#14466 = ORIENTED_EDGE('',*,*,#7830,.F.);
#14467 = ORIENTED_EDGE('',*,*,#7806,.F.);
#14468 = ORIENTED_EDGE('',*,*,#7782,.F.);
#14469 = ORIENTED_EDGE('',*,*,#7758,.F.);
#14470 = ORIENTED_EDGE('',*,*,#7734,.F.);
#14471 = ORIENTED_EDGE('',*,*,#7710,.F.);
#14472 = ORIENTED_EDGE('',*,*,#7686,.F.);
#14473 = ORIENTED_EDGE('',*,*,#7662,.F.);
#14474 = ORIENTED_EDGE('',*,*,#7638,.F.);
#14475 = ORIENTED_EDGE('',*,*,#7614,.F.);
#14476 = ORIENTED_EDGE('',*,*,#7590,.F.);
#14477 = ORIENTED_EDGE('',*,*,#7566,.F.);
#14478 = ORIENTED_EDGE('',*,*,#7542,.F.);
#14479 = ORIENTED_EDGE('',*,*,#7518,.F.);
#14480 = ORIENTED_EDGE('',*,*,#7494,.F.);
#14481 = ORIENTED_EDGE('',*,*,#7470,.F.);
#14482 = ORIENTED_EDGE('',*,*,#7446,.F.);
#14483 = ORIENTED_EDGE('',*,*,#7422,.F.);
#14484 = ORIENTED_EDGE('',*,*,#7398,.F.);
#14485 = ORIENTED_EDGE('',*,*,#7374,.F.);
#14486 = ORIENTED_EDGE('',*,*,#7350,.F.);
#14487 = ORIENTED_EDGE('',*,*,#7326,.F.);
#14488 = ORIENTED_EDGE('',*,*,#7302,.F.);
#14489 = ORIENTED_EDGE('',*,*,#7278,.F.);
#14490 = ORIENTED_EDGE('',*,*,#7254,.F.);
#14491 = ORIENTED_EDGE('',*,*,#7230,.F.);
#14492 = ORIENTED_EDGE('',*,*,#7206,.F.);
#14493 = ORIENTED_EDGE('',*,*,#7182,.F.);
#14494 = ORIENTED_EDGE('',*,*,#7158,.F.);
#14495 = ORIENTED_EDGE('',*,*,#7134,.F.);
#14496 = ORIENTED_EDGE('',*,*,#7110,.F.);
#14497 = ORIENTED_EDGE('',*,*,#7086,.F.);
#14498 = ORIENTED_EDGE('',*,*,#7062,.F.);
#14499 = ORIENTED_EDGE('',*,*,#7038,.F.);
#14500 = ORIENTED_EDGE('',*,*,#7014,.F.);
#14501 = ORIENTED_EDGE('',*,*,#6990,.F.);
#14502 = ORIENTED_EDGE('',*,*,#6966,.F.);
#14503 = ORIENTED_EDGE('',*,*,#6942,.F.);
#14504 = ORIENTED_EDGE('',*,*,#6918,.F.);
#14505 = ORIENTED_EDGE('',*,*,#6894,.F.);
#14506 = ORIENTED_EDGE('',*,*,#6870,.F.);
#14507 = ORIENTED_EDGE('',*,*,#6846,.F.);
#14508 = ORIENTED_EDGE('',*,*,#6822,.F.);
#14509 = ORIENTED_EDGE('',*,*,#6798,.F.);
#14510 = ORIENTED_EDGE('',*,*,#6774,.F.);
#14511 = ORIENTED_EDGE('',*,*,#6750,.F.);
#14512 = ORIENTED_EDGE('',*,*,#6726,.F.);
#14513 = ORIENTED_EDGE('',*,*,#6702,.F.);
#14514 = ORIENTED_EDGE('',*,*,#6678,.F.);
#14515 = ORIENTED_EDGE('',*,*,#6654,.F.);
#14516 = ORIENTED_EDGE('',*,*,#6630,.F.);
#14517 = ORIENTED_EDGE('',*,*,#6606,.F.);
#14518 = ORIENTED_EDGE('',*,*,#6582,.F.);
#14519 = ORIENTED_EDGE('',*,*,#6558,.F.);
#14520 = ORIENTED_EDGE('',*,*,#6534,.F.);
#14521 = ORIENTED_EDGE('',*,*,#6510,.F.);
#14522 = ORIENTED_EDGE('',*,*,#6486,.F.);
#14523 = ORIENTED_EDGE('',*,*,#6462,.F.);
#14524 = ORIENTED_EDGE('',*,*,#6438,.F.);
#14525 = ORIENTED_EDGE('',*,*,#6414,.F.);
#14526 = ORIENTED_EDGE('',*,*,#6390,.F.);
#14527 = ORIENTED_EDGE('',*,*,#6366,.F.);
#14528 = ORIENTED_EDGE('',*,*,#6342,.F.);
#14529 = ORIENTED_EDGE('',*,*,#6318,.F.);
#14530 = ORIENTED_EDGE('',*,*,#6294,.F.);
#14531 = ORIENTED_EDGE('',*,*,#6270,.F.);
#14532 = ORIENTED_EDGE('',*,*,#6246,.F.);
#14533 = ORIENTED_EDGE('',*,*,#6222,.F.);
#14534 = ORIENTED_EDGE('',*,*,#6198,.F.);
#14535 = ORIENTED_EDGE('',*,*,#6174,.F.);
#14536 = ORIENTED_EDGE('',*,*,#6150,.F.);
#14537 = ORIENTED_EDGE('',*,*,#6126,.F.);
#14538 = ORIENTED_EDGE('',*,*,#6102,.F.);
#14539 = ORIENTED_EDGE('',*,*,#6078,.F.);
#14540 = ORIENTED_EDGE('',*,*,#6054,.F.);
#14541 = ORIENTED_EDGE('',*,*,#6030,.F.);
#14542 = ORIENTED_EDGE('',*,*,#6006,.F.);
#14543 = ORIENTED_EDGE('',*,*,#5982,.F.);
#14544 = ORIENTED_EDGE('',*,*,#5958,.F.);
#14545 = ORIENTED_EDGE('',*,*,#5934,.F.);
#14546 = ORIENTED_EDGE('',*,*,#5910,.F.);
#14547 = ORIENTED_EDGE('',*,*,#5886,.F.);
#14548 = ORIENTED_EDGE('',*,*,#5862,.F.);
#14549 = ORIENTED_EDGE('',*,*,#5838,.F.);
#14550 = ORIENTED_EDGE('',*,*,#5814,.F.);
#14551 = ORIENTED_EDGE('',*,*,#5790,.F.);
#14552 = ORIENTED_EDGE('',*,*,#5766,.F.);
#14553 = ORIENTED_EDGE('',*,*,#5742,.F.);
#14554 = ORIENTED_EDGE('',*,*,#5718,.F.);
#14555 = ORIENTED_EDGE('',*,*,#5694,.F.);
#14556 = ORIENTED_EDGE('',*,*,#5670,.F.);
#14557 = ORIENTED_EDGE('',*,*,#5646,.F.);
#14558 = ORIENTED_EDGE('',*,*,#5622,.F.);
#14559 = ORIENTED_EDGE('',*,*,#5598,.F.);
#14560 = ORIENTED_EDGE('',*,*,#5574,.F.);
#14561 = ORIENTED_EDGE('',*,*,#5550,.F.);
#14562 = ORIENTED_EDGE('',*,*,#5526,.F.);
#14563 = ORIENTED_EDGE('',*,*,#5502,.F.);
#14564 = ORIENTED_EDGE('',*,*,#5478,.F.);
#14565 = ORIENTED_EDGE('',*,*,#5454,.F.);
#14566 = ORIENTED_EDGE('',*,*,#5430,.F.);
#14567 = ORIENTED_EDGE('',*,*,#5406,.F.);
#14568 = ORIENTED_EDGE('',*,*,#5382,.F.);
#14569 = ORIENTED_EDGE('',*,*,#5358,.F.);
#14570 = ORIENTED_EDGE('',*,*,#5334,.F.);
#14571 = ORIENTED_EDGE('',*,*,#5310,.F.);
#14572 = ORIENTED_EDGE('',*,*,#5286,.F.);
#14573 = ORIENTED_EDGE('',*,*,#5262,.F.);
#14574 = ORIENTED_EDGE('',*,*,#5238,.F.);
#14575 = ORIENTED_EDGE('',*,*,#5214,.F.);
#14576 = ORIENTED_EDGE('',*,*,#5190,.F.);
#14577 = ORIENTED_EDGE('',*,*,#5166,.F.);
#14578 = ORIENTED_EDGE('',*,*,#5142,.F.);
#14579 = ORIENTED_EDGE('',*,*,#5118,.F.);
#14580 = ORIENTED_EDGE('',*,*,#5094,.F.);
#14581 = ORIENTED_EDGE('',*,*,#5070,.F.);
#14582 = ORIENTED_EDGE('',*,*,#5046,.F.);
#14583 = ORIENTED_EDGE('',*,*,#5022,.F.);
#14584 = ORIENTED_EDGE('',*,*,#4998,.F.);
#14585 = ORIENTED_EDGE('',*,*,#4974,.F.);
#14586 = ORIENTED_EDGE('',*,*,#4950,.F.);
#14587 = ORIENTED_EDGE('',*,*,#4926,.F.);
#14588 = ORIENTED_EDGE('',*,*,#4902,.F.);
#14589 = ORIENTED_EDGE('',*,*,#4878,.F.);
#14590 = ORIENTED_EDGE('',*,*,#4854,.F.);
#14591 = ORIENTED_EDGE('',*,*,#4830,.F.);
#14592 = ORIENTED_EDGE('',*,*,#4806,.F.);
#14593 = ORIENTED_EDGE('',*,*,#4782,.F.);
#14594 = ORIENTED_EDGE('',*,*,#4758,.F.);
#14595 = ORIENTED_EDGE('',*,*,#4734,.F.);
#14596 = ORIENTED_EDGE('',*,*,#4710,.F.);
#14597 = ORIENTED_EDGE('',*,*,#4686,.F.);
#14598 = ORIENTED_EDGE('',*,*,#4662,.F.);
#14599 = ORIENTED_EDGE('',*,*,#4638,.F.);
#14600 = ORIENTED_EDGE('',*,*,#4614,.F.);
#14601 = ORIENTED_EDGE('',*,*,#4590,.F.);
#14602 = ORIENTED_EDGE('',*,*,#4567,.T.);
#14603 = ORIENTED_EDGE('',*,*,#4507,.T.);
#14604 = ORIENTED_EDGE('',*,*,#4429,.T.);
#14605 = ORIENTED_EDGE('',*,*,#4405,.T.);
#14606 = ORIENTED_EDGE('',*,*,#4381,.T.);
#14607 = ORIENTED_EDGE('',*,*,#4357,.T.);
#14608 = ORIENTED_EDGE('',*,*,#4333,.T.);
#14609 = ORIENTED_EDGE('',*,*,#4309,.T.);
#14610 = ORIENTED_EDGE('',*,*,#4285,.T.);
#14611 = ORIENTED_EDGE('',*,*,#4261,.T.);
#14612 = ORIENTED_EDGE('',*,*,#4237,.T.);
#14613 = ORIENTED_EDGE('',*,*,#4213,.T.);
#14614 = ORIENTED_EDGE('',*,*,#4189,.T.);
#14615 = ORIENTED_EDGE('',*,*,#4165,.T.);
#14616 = ORIENTED_EDGE('',*,*,#4141,.T.);
#14617 = ORIENTED_EDGE('',*,*,#4117,.T.);
#14618 = ORIENTED_EDGE('',*,*,#4093,.T.);
#14619 = ORIENTED_EDGE('',*,*,#4069,.T.);
#14620 = ORIENTED_EDGE('',*,*,#4045,.T.);
#14621 = ORIENTED_EDGE('',*,*,#4021,.T.);
#14622 = ORIENTED_EDGE('',*,*,#3997,.T.);
#14623 = ORIENTED_EDGE('',*,*,#3973,.T.);
#14624 = ORIENTED_EDGE('',*,*,#3949,.T.);
#14625 = ORIENTED_EDGE('',*,*,#3925,.T.);
#14626 = ORIENTED_EDGE('',*,*,#3901,.T.);
#14627 = ORIENTED_EDGE('',*,*,#3877,.T.);
#14628 = ORIENTED_EDGE('',*,*,#3853,.T.);
#14629 = ORIENTED_EDGE('',*,*,#3829,.T.);
#14630 = ORIENTED_EDGE('',*,*,#3805,.T.);
#14631 = ORIENTED_EDGE('',*,*,#3781,.T.);
#14632 = ORIENTED_EDGE('',*,*,#3757,.T.);
#14633 = ORIENTED_EDGE('',*,*,#3733,.T.);
#14634 = ORIENTED_EDGE('',*,*,#3709,.T.);
#14635 = ORIENTED_EDGE('',*,*,#3685,.T.);
#14636 = ORIENTED_EDGE('',*,*,#3661,.T.);
#14637 = FACE_BOUND('',#14638,.T.);
#14638 = EDGE_LOOP('',(#14639,#14640,#14641,#14642));
#14639 = ORIENTED_EDGE('',*,*,#12479,.F.);
#14640 = ORIENTED_EDGE('',*,*,#12503,.F.);
#14641 = ORIENTED_EDGE('',*,*,#12551,.F.);
#14642 = ORIENTED_EDGE('',*,*,#12534,.F.);
#14643 = FACE_BOUND('',#14644,.T.);
#14644 = EDGE_LOOP('',(#14645,#14646,#14647,#14648));
#14645 = ORIENTED_EDGE('',*,*,#12575,.F.);
#14646 = ORIENTED_EDGE('',*,*,#12599,.F.);
#14647 = ORIENTED_EDGE('',*,*,#12647,.F.);
#14648 = ORIENTED_EDGE('',*,*,#12630,.F.);
#14649 = FACE_BOUND('',#14650,.T.);
#14650 = EDGE_LOOP('',(#14651,#14652,#14653,#14654));
#14651 = ORIENTED_EDGE('',*,*,#12671,.F.);
#14652 = ORIENTED_EDGE('',*,*,#12695,.F.);
#14653 = ORIENTED_EDGE('',*,*,#12743,.F.);
#14654 = ORIENTED_EDGE('',*,*,#12726,.F.);
#14655 = FACE_BOUND('',#14656,.T.);
#14656 = EDGE_LOOP('',(#14657,#14658,#14659,#14660));
#14657 = ORIENTED_EDGE('',*,*,#12767,.F.);
#14658 = ORIENTED_EDGE('',*,*,#12791,.F.);
#14659 = ORIENTED_EDGE('',*,*,#12839,.F.);
#14660 = ORIENTED_EDGE('',*,*,#12822,.F.);
#14661 = FACE_BOUND('',#14662,.T.);
#14662 = EDGE_LOOP('',(#14663,#14664,#14665,#14666));
#14663 = ORIENTED_EDGE('',*,*,#12863,.F.);
#14664 = ORIENTED_EDGE('',*,*,#12887,.F.);
#14665 = ORIENTED_EDGE('',*,*,#12935,.F.);
#14666 = ORIENTED_EDGE('',*,*,#12918,.F.);
#14667 = FACE_BOUND('',#14668,.T.);
#14668 = EDGE_LOOP('',(#14669));
#14669 = ORIENTED_EDGE('',*,*,#12959,.T.);
#14670 = FACE_BOUND('',#14671,.T.);
#14671 = EDGE_LOOP('',(#14672,#14673,#14674,#14675));
#14672 = ORIENTED_EDGE('',*,*,#12984,.F.);
#14673 = ORIENTED_EDGE('',*,*,#13008,.F.);
#14674 = ORIENTED_EDGE('',*,*,#13056,.F.);
#14675 = ORIENTED_EDGE('',*,*,#13039,.F.);
#14676 = FACE_BOUND('',#14677,.T.);
#14677 = EDGE_LOOP('',(#14678,#14679,#14680,#14681));
#14678 = ORIENTED_EDGE('',*,*,#13080,.F.);
#14679 = ORIENTED_EDGE('',*,*,#13104,.F.);
#14680 = ORIENTED_EDGE('',*,*,#13152,.F.);
#14681 = ORIENTED_EDGE('',*,*,#13135,.F.);
#14682 = FACE_BOUND('',#14683,.T.);
#14683 = EDGE_LOOP('',(#14684,#14685,#14686,#14687));
#14684 = ORIENTED_EDGE('',*,*,#13176,.F.);
#14685 = ORIENTED_EDGE('',*,*,#13200,.F.);
#14686 = ORIENTED_EDGE('',*,*,#13248,.F.);
#14687 = ORIENTED_EDGE('',*,*,#13231,.F.);
#14688 = FACE_BOUND('',#14689,.T.);
#14689 = EDGE_LOOP('',(#14690));
#14690 = ORIENTED_EDGE('',*,*,#13272,.T.);
#14691 = FACE_BOUND('',#14692,.T.);
#14692 = EDGE_LOOP('',(#14693,#14694,#14695,#14696));
#14693 = ORIENTED_EDGE('',*,*,#13297,.F.);
#14694 = ORIENTED_EDGE('',*,*,#13321,.F.);
#14695 = ORIENTED_EDGE('',*,*,#13369,.F.);
#14696 = ORIENTED_EDGE('',*,*,#13352,.F.);
#14697 = FACE_BOUND('',#14698,.T.);
#14698 = EDGE_LOOP('',(#14699,#14700,#14701,#14702));
#14699 = ORIENTED_EDGE('',*,*,#13393,.F.);
#14700 = ORIENTED_EDGE('',*,*,#13417,.F.);
#14701 = ORIENTED_EDGE('',*,*,#13465,.F.);
#14702 = ORIENTED_EDGE('',*,*,#13448,.F.);
#14703 = FACE_BOUND('',#14704,.T.);
#14704 = EDGE_LOOP('',(#14705,#14706,#14707,#14708));
#14705 = ORIENTED_EDGE('',*,*,#13489,.F.);
#14706 = ORIENTED_EDGE('',*,*,#13513,.F.);
#14707 = ORIENTED_EDGE('',*,*,#13561,.F.);
#14708 = ORIENTED_EDGE('',*,*,#13544,.F.);
#14709 = FACE_BOUND('',#14710,.T.);
#14710 = EDGE_LOOP('',(#14711,#14712,#14713,#14714));
#14711 = ORIENTED_EDGE('',*,*,#13585,.F.);
#14712 = ORIENTED_EDGE('',*,*,#13609,.F.);
#14713 = ORIENTED_EDGE('',*,*,#13657,.F.);
#14714 = ORIENTED_EDGE('',*,*,#13640,.F.);
#14715 = FACE_BOUND('',#14716,.T.);
#14716 = EDGE_LOOP('',(#14717,#14718,#14719,#14720));
#14717 = ORIENTED_EDGE('',*,*,#13681,.F.);
#14718 = ORIENTED_EDGE('',*,*,#13705,.F.);
#14719 = ORIENTED_EDGE('',*,*,#13753,.F.);
#14720 = ORIENTED_EDGE('',*,*,#13736,.F.);
#14721 = FACE_BOUND('',#14722,.T.);
#14722 = EDGE_LOOP('',(#14723));
#14723 = ORIENTED_EDGE('',*,*,#13777,.T.);
#14724 = FACE_BOUND('',#14725,.T.);
#14725 = EDGE_LOOP('',(#14726,#14727,#14728,#14729));
#14726 = ORIENTED_EDGE('',*,*,#13802,.F.);
#14727 = ORIENTED_EDGE('',*,*,#13826,.F.);
#14728 = ORIENTED_EDGE('',*,*,#13874,.F.);
#14729 = ORIENTED_EDGE('',*,*,#13857,.F.);
#14730 = FACE_BOUND('',#14731,.T.);
#14731 = EDGE_LOOP('',(#14732,#14733,#14734,#14735));
#14732 = ORIENTED_EDGE('',*,*,#13898,.F.);
#14733 = ORIENTED_EDGE('',*,*,#13922,.F.);
#14734 = ORIENTED_EDGE('',*,*,#13970,.F.);
#14735 = ORIENTED_EDGE('',*,*,#13953,.F.);
#14736 = FACE_BOUND('',#14737,.T.);
#14737 = EDGE_LOOP('',(#14738,#14739,#14740,#14741));
#14738 = ORIENTED_EDGE('',*,*,#13994,.F.);
#14739 = ORIENTED_EDGE('',*,*,#14018,.F.);
#14740 = ORIENTED_EDGE('',*,*,#14066,.F.);
#14741 = ORIENTED_EDGE('',*,*,#14049,.F.);
#14742 = FACE_BOUND('',#14743,.T.);
#14743 = EDGE_LOOP('',(#14744,#14745,#14746,#14747));
#14744 = ORIENTED_EDGE('',*,*,#14090,.F.);
#14745 = ORIENTED_EDGE('',*,*,#14114,.F.);
#14746 = ORIENTED_EDGE('',*,*,#14162,.F.);
#14747 = ORIENTED_EDGE('',*,*,#14145,.F.);
#14748 = FACE_BOUND('',#14749,.T.);
#14749 = EDGE_LOOP('',(#14750,#14751,#14752,#14753));
#14750 = ORIENTED_EDGE('',*,*,#14186,.F.);
#14751 = ORIENTED_EDGE('',*,*,#14210,.F.);
#14752 = ORIENTED_EDGE('',*,*,#14258,.F.);
#14753 = ORIENTED_EDGE('',*,*,#14241,.F.);
#14754 = PLANE('',#14755);
#14755 = AXIS2_PLACEMENT_3D('',#14756,#14757,#14758);
#14756 = CARTESIAN_POINT('',(77.676792205354,-45.43810582902,7.6));
#14757 = DIRECTION('',(0.,0.,1.));
#14758 = DIRECTION('',(1.,0.,0.));
#14759 = ADVANCED_FACE('',(#14760),#14764,.F.);
#14760 = FACE_BOUND('',#14761,.F.);
#14761 = EDGE_LOOP('',(#14762,#14763));
#14762 = ORIENTED_EDGE('',*,*,#4491,.F.);
#14763 = ORIENTED_EDGE('',*,*,#4522,.T.);
#14764 = PLANE('',#14765);
#14765 = AXIS2_PLACEMENT_3D('',#14766,#14767,#14768);
#14766 = CARTESIAN_POINT('',(114.5,-65.5,6.75));
#14767 = DIRECTION('',(0.,0.,1.));
#14768 = DIRECTION('',(1.,0.,0.));
#14769 = ADVANCED_FACE('',(#14770),#14774,.F.);
#14770 = FACE_BOUND('',#14771,.F.);
#14771 = EDGE_LOOP('',(#14772,#14773));
#14772 = ORIENTED_EDGE('',*,*,#4468,.F.);
#14773 = ORIENTED_EDGE('',*,*,#4540,.T.);
#14774 = PLANE('',#14775);
#14775 = AXIS2_PLACEMENT_3D('',#14776,#14777,#14778);
#14776 = CARTESIAN_POINT('',(130.6,-66.5,6.75));
#14777 = DIRECTION('',(0.,0.,1.));
#14778 = DIRECTION('',(1.,0.,0.));
#14779 = ( GEOMETRIC_REPRESENTATION_CONTEXT(3) 
GLOBAL_UNCERTAINTY_ASSIGNED_CONTEXT((#14783)) 
GLOBAL_UNIT_ASSIGNED_CONTEXT((#14780,#14781,#14782)) 
REPRESENTATION_CONTEXT('Context #1',
  '3D Context with UNIT and UNCERTAINTY') );
#14780 = ( LENGTH_UNIT() NAMED_UNIT(*) SI_UNIT(.MILLI.,.METRE.) );
#14781 = ( NAMED_UNIT(*) PLANE_ANGLE_UNIT() SI_UNIT($,.RADIAN.) );
#14782 = ( NAMED_UNIT(*) SI_UNIT($,.STERADIAN.) SOLID_ANGLE_UNIT() );
#14783 = UNCERTAINTY_MEASURE_WITH_UNIT(LENGTH_MEASURE(5.E-05),#14780,
  'distance_accuracy_value','confusion accuracy');
#14784 = PRODUCT_RELATED_PRODUCT_CATEGORY('part',$,(#7));
ENDSEC;
END-ISO-10303-21;
