ISO-10303-21;
HEADER;
FILE_DESCRIPTION(('FreeCAD Model'),'2;1');
FILE_NAME('Open CASCADE Shape Model','2026-10-07T22:32:47',('FreeCAD'),(
    'FreeCAD'),'Open CASCADE STEP processor 7.8','FreeCAD','Unknown');
FILE_SCHEMA(('AUTOMOTIVE_DESIGN { 1 0 10303 214 1 1 1 1 }'));
ENDSEC;
DATA;
#1 = APPLICATION_PROTOCOL_DEFINITION('international standard',
  'automotive_design',2000,#2);
#2 = APPLICATION_CONTEXT(
  'core data for automotive mechanical design processes');
#3 = SHAPE_DEFINITION_REPRESENTATION(#4,#10);
#4 = PRODUCT_DEFINITION_SHAPE('','',#5);
#5 = PRODUCT_DEFINITION('design','',#6,#9);
#6 = PRODUCT_DEFINITION_FORMATION('','',#7);
#7 = PRODUCT('Open CASCADE STEP translator 7.8 67',
  'Open CASCADE STEP translator 7.8 67','',(#8));
#8 = PRODUCT_CONTEXT('',#2,'mechanical');
#9 = PRODUCT_DEFINITION_CONTEXT('part definition',#2,'design');
#10 = ADVANCED_BREP_SHAPE_REPRESENTATION('',(#11,#15),#4280);
#11 = AXIS2_PLACEMENT_3D('',#12,#13,#14);
#12 = CARTESIAN_POINT('',(0.,0.,0.));
#13 = DIRECTION('',(0.,0.,1.));
#14 = DIRECTION('',(1.,0.,-0.));
#15 = BREP_WITH_VOIDS('',#16,(#4121,#4174,#4227));
#16 = CLOSED_SHELL('',(#17,#92,#123,#183,#237,#248,#392,#416,#650,#667,
    #785,#797,#814,#847,#871,#927,#951,#1007,#1032,#1056,#1081,#1169,
    #1187,#1212,#1252,#1276,#1300,#1324,#1348,#1436,#1460,#1484,#1508,
    #1532,#1556,#1580,#1604,#1628,#1652,#1676,#1700,#1724,#1741,#1772,
    #1790,#1808,#1854,#1882,#1893,#1911,#1938,#1966,#2004,#2022,#2039,
    #2056,#2073,#2144,#2169,#2554,#2571,#2580,#2604,#2628,#2645,#2663,
    #2673,#2754,#2779,#2795,#2820,#2851,#2905,#2929,#2953,#2977,#3059,
    #3083,#3121,#3152,#3187,#3211,#3239,#3273,#3297,#3329,#3369,#3403,
    #3427,#3454,#3512,#3543,#3578,#3602,#3630,#3654,#3678,#3695,#3712,
    #3729,#3746,#3755,#3764,#3840,#3854,#3866,#3880,#3911,#3935,#3959,
    #3983,#4007,#4031,#4048,#4063,#4084,#4105));
#17 = ADVANCED_FACE('',(#18),#87,.F.);
#18 = FACE_BOUND('',#19,.F.);
#19 = EDGE_LOOP('',(#20,#30,#39,#47,#56,#64,#72,#81));
#20 = ORIENTED_EDGE('',*,*,#21,.F.);
#21 = EDGE_CURVE('',#22,#24,#26,.T.);
#22 = VERTEX_POINT('',#23);
#23 = CARTESIAN_POINT('',(115.05,-16.36825757707,12.725));
#24 = VERTEX_POINT('',#25);
#25 = CARTESIAN_POINT('',(115.05,-15.1,12.725));
#26 = LINE('',#27,#28);
#27 = CARTESIAN_POINT('',(115.05,-53.,12.725));
#28 = VECTOR('',#29,1.);
#29 = DIRECTION('',(0.,1.,0.));
#30 = ORIENTED_EDGE('',*,*,#31,.T.);
#31 = EDGE_CURVE('',#22,#32,#34,.T.);
#32 = VERTEX_POINT('',#33);
#33 = CARTESIAN_POINT('',(116.05,-16.15,12.725));
#34 = CIRCLE('',#35,2.4);
#35 = AXIS2_PLACEMENT_3D('',#36,#37,#38);
#36 = CARTESIAN_POINT('',(116.05,-18.55,12.725));
#37 = DIRECTION('',(0.,0.,-1.));
#38 = DIRECTION('',(-1.,-5.92E-15,-0.));
#39 = ORIENTED_EDGE('',*,*,#40,.T.);
#40 = EDGE_CURVE('',#32,#41,#43,.T.);
#41 = VERTEX_POINT('',#42);
#42 = CARTESIAN_POINT('',(129.95,-16.15,12.725));
#43 = LINE('',#44,#45);
#44 = CARTESIAN_POINT('',(115.55,-16.15,12.725));
#45 = VECTOR('',#46,1.);
#46 = DIRECTION('',(1.,0.,0.));
#47 = ORIENTED_EDGE('',*,*,#48,.T.);
#48 = EDGE_CURVE('',#41,#49,#51,.T.);
#49 = VERTEX_POINT('',#50);
#50 = CARTESIAN_POINT('',(130.95,-16.36825757707,12.725));
#51 = CIRCLE('',#52,2.4);
#52 = AXIS2_PLACEMENT_3D('',#53,#54,#55);
#53 = CARTESIAN_POINT('',(129.95,-18.55,12.725));
#54 = DIRECTION('',(0.,0.,-1.));
#55 = DIRECTION('',(-1.184E-14,1.,0.));
#56 = ORIENTED_EDGE('',*,*,#57,.T.);
#57 = EDGE_CURVE('',#49,#58,#60,.T.);
#58 = VERTEX_POINT('',#59);
#59 = CARTESIAN_POINT('',(130.95,-15.1,12.725));
#60 = LINE('',#61,#62);
#61 = CARTESIAN_POINT('',(130.95,-53.,12.725));
#62 = VECTOR('',#63,1.);
#63 = DIRECTION('',(0.,1.,0.));
#64 = ORIENTED_EDGE('',*,*,#65,.F.);
#65 = EDGE_CURVE('',#66,#58,#68,.T.);
#66 = VERTEX_POINT('',#67);
#67 = CARTESIAN_POINT('',(123.9949874371,-15.1,12.725));
#68 = LINE('',#69,#70);
#69 = CARTESIAN_POINT('',(115.05,-15.1,12.725));
#70 = VECTOR('',#71,1.);
#71 = DIRECTION('',(1.,0.,0.));
#72 = ORIENTED_EDGE('',*,*,#73,.T.);
#73 = EDGE_CURVE('',#66,#74,#76,.T.);
#74 = VERTEX_POINT('',#75);
#75 = CARTESIAN_POINT('',(122.00501256289,-15.1,12.725));
#76 = CIRCLE('',#77,1.8);
#77 = AXIS2_PLACEMENT_3D('',#78,#79,#80);
#78 = CARTESIAN_POINT('',(123.,-13.6,12.725));
#79 = DIRECTION('',(0.,0.,-1.));
#80 = DIRECTION('',(1.,-1.97E-15,0.));
#81 = ORIENTED_EDGE('',*,*,#82,.F.);
#82 = EDGE_CURVE('',#24,#74,#83,.T.);
#83 = LINE('',#84,#85);
#84 = CARTESIAN_POINT('',(115.05,-15.1,12.725));
#85 = VECTOR('',#86,1.);
#86 = DIRECTION('',(1.,0.,0.));
#87 = PLANE('',#88);
#88 = AXIS2_PLACEMENT_3D('',#89,#90,#91);
#89 = CARTESIAN_POINT('',(115.05,-53.,12.725));
#90 = DIRECTION('',(0.,0.,1.));
#91 = DIRECTION('',(1.,0.,0.));
#92 = ADVANCED_FACE('',(#93),#118,.F.);
#93 = FACE_BOUND('',#94,.F.);
#94 = EDGE_LOOP('',(#95,#96,#104,#112));
#95 = ORIENTED_EDGE('',*,*,#40,.F.);
#96 = ORIENTED_EDGE('',*,*,#97,.T.);
#97 = EDGE_CURVE('',#32,#98,#100,.T.);
#98 = VERTEX_POINT('',#99);
#99 = CARTESIAN_POINT('',(116.05,-16.15,13.59));
#100 = LINE('',#101,#102);
#101 = CARTESIAN_POINT('',(116.05,-16.15,0.));
#102 = VECTOR('',#103,1.);
#103 = DIRECTION('',(0.,0.,1.));
#104 = ORIENTED_EDGE('',*,*,#105,.T.);
#105 = EDGE_CURVE('',#98,#106,#108,.T.);
#106 = VERTEX_POINT('',#107);
#107 = CARTESIAN_POINT('',(129.95,-16.15,13.59));
#108 = LINE('',#109,#110);
#109 = CARTESIAN_POINT('',(58.025,-16.15,13.59));
#110 = VECTOR('',#111,1.);
#111 = DIRECTION('',(1.,0.,0.));
#112 = ORIENTED_EDGE('',*,*,#113,.F.);
#113 = EDGE_CURVE('',#41,#106,#114,.T.);
#114 = LINE('',#115,#116);
#115 = CARTESIAN_POINT('',(129.95,-16.15,0.));
#116 = VECTOR('',#117,1.);
#117 = DIRECTION('',(0.,0.,1.));
#118 = PLANE('',#119);
#119 = AXIS2_PLACEMENT_3D('',#120,#121,#122);
#120 = CARTESIAN_POINT('',(116.05,-16.15,0.));
#121 = DIRECTION('',(0.,1.,0.));
#122 = DIRECTION('',(1.,0.,0.));
#123 = ADVANCED_FACE('',(#124),#178,.T.);
#124 = FACE_BOUND('',#125,.F.);
#125 = EDGE_LOOP('',(#126,#136,#145,#154,#162,#171));
#126 = ORIENTED_EDGE('',*,*,#127,.F.);
#127 = EDGE_CURVE('',#128,#130,#132,.T.);
#128 = VERTEX_POINT('',#129);
#129 = CARTESIAN_POINT('',(112.2,-54.46808273176,11.6));
#130 = VERTEX_POINT('',#131);
#131 = CARTESIAN_POINT('',(112.2,-54.46808273176,6.3));
#132 = LINE('',#133,#134);
#133 = CARTESIAN_POINT('',(112.2,-54.46808273176,6.3));
#134 = VECTOR('',#135,1.);
#135 = DIRECTION('',(-0.,-0.,-1.));
#136 = ORIENTED_EDGE('',*,*,#137,.T.);
#137 = EDGE_CURVE('',#128,#138,#140,.T.);
#138 = VERTEX_POINT('',#139);
#139 = CARTESIAN_POINT('',(114.85,-52.8,11.6));
#140 = CIRCLE('',#141,1.85);
#141 = AXIS2_PLACEMENT_3D('',#142,#143,#144);
#142 = CARTESIAN_POINT('',(113.,-52.8,11.6));
#143 = DIRECTION('',(0.,0.,1.));
#144 = DIRECTION('',(1.,0.,0.));
#145 = ORIENTED_EDGE('',*,*,#146,.T.);
#146 = EDGE_CURVE('',#138,#147,#149,.T.);
#147 = VERTEX_POINT('',#148);
#148 = CARTESIAN_POINT('',(112.2,-51.13191726823,11.6));
#149 = CIRCLE('',#150,1.85);
#150 = AXIS2_PLACEMENT_3D('',#151,#152,#153);
#151 = CARTESIAN_POINT('',(113.,-52.8,11.6));
#152 = DIRECTION('',(0.,0.,1.));
#153 = DIRECTION('',(1.,0.,0.));
#154 = ORIENTED_EDGE('',*,*,#155,.T.);
#155 = EDGE_CURVE('',#147,#156,#158,.T.);
#156 = VERTEX_POINT('',#157);
#157 = CARTESIAN_POINT('',(112.2,-51.13191726823,6.3));
#158 = LINE('',#159,#160);
#159 = CARTESIAN_POINT('',(112.2,-51.13191726823,6.3));
#160 = VECTOR('',#161,1.);
#161 = DIRECTION('',(-0.,-0.,-1.));
#162 = ORIENTED_EDGE('',*,*,#163,.F.);
#163 = EDGE_CURVE('',#164,#156,#166,.T.);
#164 = VERTEX_POINT('',#165);
#165 = CARTESIAN_POINT('',(114.85,-52.8,6.3));
#166 = CIRCLE('',#167,1.85);
#167 = AXIS2_PLACEMENT_3D('',#168,#169,#170);
#168 = CARTESIAN_POINT('',(113.,-52.8,6.3));
#169 = DIRECTION('',(0.,0.,1.));
#170 = DIRECTION('',(1.,0.,0.));
#171 = ORIENTED_EDGE('',*,*,#172,.F.);
#172 = EDGE_CURVE('',#130,#164,#173,.T.);
#173 = CIRCLE('',#174,1.85);
#174 = AXIS2_PLACEMENT_3D('',#175,#176,#177);
#175 = CARTESIAN_POINT('',(113.,-52.8,6.3));
#176 = DIRECTION('',(0.,0.,1.));
#177 = DIRECTION('',(1.,0.,0.));
#178 = CYLINDRICAL_SURFACE('',#179,1.85);
#179 = AXIS2_PLACEMENT_3D('',#180,#181,#182);
#180 = CARTESIAN_POINT('',(113.,-52.8,6.3));
#181 = DIRECTION('',(-0.,-0.,-1.));
#182 = DIRECTION('',(1.,0.,0.));
#183 = ADVANCED_FACE('',(#184),#232,.T.);
#184 = FACE_BOUND('',#185,.T.);
#185 = EDGE_LOOP('',(#186,#194,#202,#210,#218,#224,#225,#231));
#186 = ORIENTED_EDGE('',*,*,#187,.F.);
#187 = EDGE_CURVE('',#188,#156,#190,.T.);
#188 = VERTEX_POINT('',#189);
#189 = CARTESIAN_POINT('',(112.2,-12.22945834653,6.3));
#190 = LINE('',#191,#192);
#191 = CARTESIAN_POINT('',(112.2,-25.66366801349,6.3));
#192 = VECTOR('',#193,1.);
#193 = DIRECTION('',(0.,-1.,0.));
#194 = ORIENTED_EDGE('',*,*,#195,.T.);
#195 = EDGE_CURVE('',#188,#196,#198,.T.);
#196 = VERTEX_POINT('',#197);
#197 = CARTESIAN_POINT('',(112.2,-12.22945834653,12.19));
#198 = LINE('',#199,#200);
#199 = CARTESIAN_POINT('',(112.2,-12.22945834653,6.2));
#200 = VECTOR('',#201,1.);
#201 = DIRECTION('',(0.,0.,1.));
#202 = ORIENTED_EDGE('',*,*,#203,.T.);
#203 = EDGE_CURVE('',#196,#204,#206,.T.);
#204 = VERTEX_POINT('',#205);
#205 = CARTESIAN_POINT('',(112.2,-65.77054165346,12.19));
#206 = LINE('',#207,#208);
#207 = CARTESIAN_POINT('',(112.2,-12.22945834653,12.19));
#208 = VECTOR('',#209,1.);
#209 = DIRECTION('',(0.,-1.,0.));
#210 = ORIENTED_EDGE('',*,*,#211,.F.);
#211 = EDGE_CURVE('',#212,#204,#214,.T.);
#212 = VERTEX_POINT('',#213);
#213 = CARTESIAN_POINT('',(112.2,-65.77054165346,6.3));
#214 = LINE('',#215,#216);
#215 = CARTESIAN_POINT('',(112.2,-65.77054165346,6.2));
#216 = VECTOR('',#217,1.);
#217 = DIRECTION('',(0.,0.,1.));
#218 = ORIENTED_EDGE('',*,*,#219,.F.);
#219 = EDGE_CURVE('',#130,#212,#220,.T.);
#220 = LINE('',#221,#222);
#221 = CARTESIAN_POINT('',(112.2,-25.66366801349,6.3));
#222 = VECTOR('',#223,1.);
#223 = DIRECTION('',(0.,-1.,0.));
#224 = ORIENTED_EDGE('',*,*,#127,.F.);
#225 = ORIENTED_EDGE('',*,*,#226,.F.);
#226 = EDGE_CURVE('',#147,#128,#227,.T.);
#227 = LINE('',#228,#229);
#228 = CARTESIAN_POINT('',(112.2,-32.51472917326,11.6));
#229 = VECTOR('',#230,1.);
#230 = DIRECTION('',(0.,-1.,0.));
#231 = ORIENTED_EDGE('',*,*,#155,.T.);
#232 = PLANE('',#233);
#233 = AXIS2_PLACEMENT_3D('',#234,#235,#236);
#234 = CARTESIAN_POINT('',(112.2,-12.22945834653,6.2));
#235 = DIRECTION('',(1.,0.,0.));
#236 = DIRECTION('',(0.,-1.,0.));
#237 = ADVANCED_FACE('',(#238),#243,.T.);
#238 = FACE_BOUND('',#239,.T.);
#239 = EDGE_LOOP('',(#240,#241,#242));
#240 = ORIENTED_EDGE('',*,*,#137,.T.);
#241 = ORIENTED_EDGE('',*,*,#146,.T.);
#242 = ORIENTED_EDGE('',*,*,#226,.T.);
#243 = PLANE('',#244);
#244 = AXIS2_PLACEMENT_3D('',#245,#246,#247);
#245 = CARTESIAN_POINT('',(113.,-52.8,11.6));
#246 = DIRECTION('',(0.,0.,1.));
#247 = DIRECTION('',(1.,0.,0.));
#248 = ADVANCED_FACE('',(#249,#376),#387,.T.);
#249 = FACE_BOUND('',#250,.T.);
#250 = EDGE_LOOP('',(#251,#261,#270,#278,#287,#295,#304,#312,#320,#328,
    #336,#344,#352,#358,#359,#360,#361,#362,#370));
#251 = ORIENTED_EDGE('',*,*,#252,.T.);
#252 = EDGE_CURVE('',#253,#255,#257,.T.);
#253 = VERTEX_POINT('',#254);
#254 = CARTESIAN_POINT('',(112.22945834653,-65.8,6.3));
#255 = VERTEX_POINT('',#256);
#256 = CARTESIAN_POINT('',(112.37103311439,-65.8,6.3));
#257 = LINE('',#258,#259);
#258 = CARTESIAN_POINT('',(117.59307288834,-65.8,6.3));
#259 = VECTOR('',#260,1.);
#260 = DIRECTION('',(1.,0.,0.));
#261 = ORIENTED_EDGE('',*,*,#262,.F.);
#262 = EDGE_CURVE('',#263,#255,#265,.T.);
#263 = VERTEX_POINT('',#264);
#264 = CARTESIAN_POINT('',(112.95970781992,-67.,6.3));
#265 = CIRCLE('',#266,2.15);
#266 = AXIS2_PLACEMENT_3D('',#267,#268,#269);
#267 = CARTESIAN_POINT('',(114.5,-65.5,6.3));
#268 = DIRECTION('',(0.,0.,-1.));
#269 = DIRECTION('',(1.,0.,0.));
#270 = ORIENTED_EDGE('',*,*,#271,.T.);
#271 = EDGE_CURVE('',#263,#272,#274,.T.);
#272 = VERTEX_POINT('',#273);
#273 = CARTESIAN_POINT('',(112.2,-67.,6.3));
#274 = LINE('',#275,#276);
#275 = CARTESIAN_POINT('',(133.8,-67.,6.3));
#276 = VECTOR('',#277,1.);
#277 = DIRECTION('',(-1.,0.,0.));
#278 = ORIENTED_EDGE('',*,*,#279,.T.);
#279 = EDGE_CURVE('',#272,#280,#282,.T.);
#280 = VERTEX_POINT('',#281);
#281 = CARTESIAN_POINT('',(111.,-65.8,6.3));
#282 = CIRCLE('',#283,1.2);
#283 = AXIS2_PLACEMENT_3D('',#284,#285,#286);
#284 = CARTESIAN_POINT('',(112.2,-65.8,6.3));
#285 = DIRECTION('',(0.,0.,-1.));
#286 = DIRECTION('',(0.,-1.,0.));
#287 = ORIENTED_EDGE('',*,*,#288,.T.);
#288 = EDGE_CURVE('',#280,#289,#291,.T.);
#289 = VERTEX_POINT('',#290);
#290 = CARTESIAN_POINT('',(111.,-12.2,6.3));
#291 = LINE('',#292,#293);
#292 = CARTESIAN_POINT('',(111.,-65.8,6.3));
#293 = VECTOR('',#294,1.);
#294 = DIRECTION('',(0.,1.,0.));
#295 = ORIENTED_EDGE('',*,*,#296,.T.);
#296 = EDGE_CURVE('',#289,#297,#299,.T.);
#297 = VERTEX_POINT('',#298);
#298 = CARTESIAN_POINT('',(112.2,-11.,6.3));
#299 = CIRCLE('',#300,1.2);
#300 = AXIS2_PLACEMENT_3D('',#301,#302,#303);
#301 = CARTESIAN_POINT('',(112.2,-12.2,6.3));
#302 = DIRECTION('',(0.,0.,-1.));
#303 = DIRECTION('',(-1.,5.92E-15,0.));
#304 = ORIENTED_EDGE('',*,*,#305,.T.);
#305 = EDGE_CURVE('',#297,#306,#308,.T.);
#306 = VERTEX_POINT('',#307);
#307 = CARTESIAN_POINT('',(116.3,-11.,6.3));
#308 = LINE('',#309,#310);
#309 = CARTESIAN_POINT('',(112.2,-11.,6.3));
#310 = VECTOR('',#311,1.);
#311 = DIRECTION('',(1.,0.,0.));
#312 = ORIENTED_EDGE('',*,*,#313,.T.);
#313 = EDGE_CURVE('',#306,#314,#316,.T.);
#314 = VERTEX_POINT('',#315);
#315 = CARTESIAN_POINT('',(116.3,-11.4,6.3));
#316 = LINE('',#317,#318);
#317 = CARTESIAN_POINT('',(116.3,-29.54893884022,6.3));
#318 = VECTOR('',#319,1.);
#319 = DIRECTION('',(0.,-1.,0.));
#320 = ORIENTED_EDGE('',*,*,#321,.F.);
#321 = EDGE_CURVE('',#322,#314,#324,.T.);
#322 = VERTEX_POINT('',#323);
#323 = CARTESIAN_POINT('',(113.,-11.4,6.3));
#324 = LINE('',#325,#326);
#325 = CARTESIAN_POINT('',(117.97834371508,-11.4,6.3));
#326 = VECTOR('',#327,1.);
#327 = DIRECTION('',(1.,0.,0.));
#328 = ORIENTED_EDGE('',*,*,#329,.T.);
#329 = EDGE_CURVE('',#322,#330,#332,.T.);
#330 = VERTEX_POINT('',#331);
#331 = CARTESIAN_POINT('',(113.,-12.2,6.3));
#332 = LINE('',#333,#334);
#333 = CARTESIAN_POINT('',(113.,-43.59893884022,6.3));
#334 = VECTOR('',#335,1.);
#335 = DIRECTION('',(0.,-1.,0.));
#336 = ORIENTED_EDGE('',*,*,#337,.T.);
#337 = EDGE_CURVE('',#330,#338,#340,.T.);
#338 = VERTEX_POINT('',#339);
#339 = CARTESIAN_POINT('',(112.22945834653,-12.2,6.3));
#340 = LINE('',#341,#342);
#341 = CARTESIAN_POINT('',(127.76361454181,-12.2,6.3));
#342 = VECTOR('',#343,1.);
#343 = DIRECTION('',(-1.,0.,0.));
#344 = ORIENTED_EDGE('',*,*,#345,.T.);
#345 = EDGE_CURVE('',#338,#346,#348,.T.);
#346 = VERTEX_POINT('',#347);
#347 = CARTESIAN_POINT('',(112.20137942877,-12.20137942877,6.3));
#348 = LINE('',#349,#350);
#349 = CARTESIAN_POINT('',(116.92104599053,-11.96951707863,6.3));
#350 = VECTOR('',#351,1.);
#351 = DIRECTION('',(-0.998795456205,-4.906767432741E-02,0.));
#352 = ORIENTED_EDGE('',*,*,#353,.T.);
#353 = EDGE_CURVE('',#346,#188,#354,.T.);
#354 = LINE('',#355,#356);
#355 = CARTESIAN_POINT('',(111.55524740483,-25.35369892353,6.3));
#356 = VECTOR('',#357,1.);
#357 = DIRECTION('',(-4.906767432758E-02,-0.998795456205,0.));
#358 = ORIENTED_EDGE('',*,*,#187,.T.);
#359 = ORIENTED_EDGE('',*,*,#163,.F.);
#360 = ORIENTED_EDGE('',*,*,#172,.F.);
#361 = ORIENTED_EDGE('',*,*,#219,.T.);
#362 = ORIENTED_EDGE('',*,*,#363,.T.);
#363 = EDGE_CURVE('',#212,#364,#366,.T.);
#364 = VERTEX_POINT('',#365);
#365 = CARTESIAN_POINT('',(112.20137942877,-65.79862057122,6.3));
#366 = LINE('',#367,#368);
#367 = CARTESIAN_POINT('',(111.55935453561,-52.72990364414,6.3));
#368 = VECTOR('',#369,1.);
#369 = DIRECTION('',(4.906767432757E-02,-0.998795456205,0.));
#370 = ORIENTED_EDGE('',*,*,#371,.T.);
#371 = EDGE_CURVE('',#364,#253,#372,.T.);
#372 = LINE('',#373,#374);
#373 = CARTESIAN_POINT('',(116.91180337682,-66.03002886087,6.3));
#374 = VECTOR('',#375,1.);
#375 = DIRECTION('',(0.998795456205,-4.906767432757E-02,0.));
#376 = FACE_BOUND('',#377,.T.);
#377 = EDGE_LOOP('',(#378));
#378 = ORIENTED_EDGE('',*,*,#379,.F.);
#379 = EDGE_CURVE('',#380,#380,#382,.T.);
#380 = VERTEX_POINT('',#381);
#381 = CARTESIAN_POINT('',(114.6,-52.8,6.3));
#382 = CIRCLE('',#383,1.6);
#383 = AXIS2_PLACEMENT_3D('',#384,#385,#386);
#384 = CARTESIAN_POINT('',(113.,-52.8,6.3));
#385 = DIRECTION('',(0.,0.,-1.));
#386 = DIRECTION('',(1.,0.,0.));
#387 = PLANE('',#388);
#388 = AXIS2_PLACEMENT_3D('',#389,#390,#391);
#389 = CARTESIAN_POINT('',(115.73647631947,-46.10224167393,6.3));
#390 = DIRECTION('',(-0.,-0.,-1.));
#391 = DIRECTION('',(-1.,0.,0.));
#392 = ADVANCED_FACE('',(#393),#411,.T.);
#393 = FACE_BOUND('',#394,.T.);
#394 = EDGE_LOOP('',(#395,#396,#397,#405));
#395 = ORIENTED_EDGE('',*,*,#363,.F.);
#396 = ORIENTED_EDGE('',*,*,#211,.T.);
#397 = ORIENTED_EDGE('',*,*,#398,.T.);
#398 = EDGE_CURVE('',#204,#399,#401,.T.);
#399 = VERTEX_POINT('',#400);
#400 = CARTESIAN_POINT('',(112.20137942877,-65.79862057122,12.19));
#401 = LINE('',#402,#403);
#402 = CARTESIAN_POINT('',(112.2,-65.77054165346,12.19));
#403 = VECTOR('',#404,1.);
#404 = DIRECTION('',(4.906767432757E-02,-0.998795456205,0.));
#405 = ORIENTED_EDGE('',*,*,#406,.F.);
#406 = EDGE_CURVE('',#364,#399,#407,.T.);
#407 = LINE('',#408,#409);
#408 = CARTESIAN_POINT('',(112.20137942877,-65.79862057122,6.2));
#409 = VECTOR('',#410,1.);
#410 = DIRECTION('',(0.,0.,1.));
#411 = PLANE('',#412);
#412 = AXIS2_PLACEMENT_3D('',#413,#414,#415);
#413 = CARTESIAN_POINT('',(112.2,-65.77054165346,6.2));
#414 = DIRECTION('',(0.998795456205,4.906767432757E-02,0.));
#415 = DIRECTION('',(4.906767432757E-02,-0.998795456205,0.));
#416 = ADVANCED_FACE('',(#417,#611),#645,.F.);
#417 = FACE_BOUND('',#418,.F.);
#418 = EDGE_LOOP('',(#419,#420,#421,#429,#437,#445,#453,#461,#469,#477,
    #485,#493,#501,#509,#517,#525,#533,#541,#549,#557,#565,#573,#581,
    #589,#597,#605));
#419 = ORIENTED_EDGE('',*,*,#203,.T.);
#420 = ORIENTED_EDGE('',*,*,#398,.T.);
#421 = ORIENTED_EDGE('',*,*,#422,.T.);
#422 = EDGE_CURVE('',#399,#423,#425,.T.);
#423 = VERTEX_POINT('',#424);
#424 = CARTESIAN_POINT('',(112.22945834653,-65.8,12.19));
#425 = LINE('',#426,#427);
#426 = CARTESIAN_POINT('',(112.20137942877,-65.79862057122,12.19));
#427 = VECTOR('',#428,1.);
#428 = DIRECTION('',(0.998795456205,-4.906767432757E-02,0.));
#429 = ORIENTED_EDGE('',*,*,#430,.T.);
#430 = EDGE_CURVE('',#423,#431,#433,.T.);
#431 = VERTEX_POINT('',#432);
#432 = CARTESIAN_POINT('',(133.77054165346,-65.8,12.19));
#433 = LINE('',#434,#435);
#434 = CARTESIAN_POINT('',(112.22945834653,-65.8,12.19));
#435 = VECTOR('',#436,1.);
#436 = DIRECTION('',(1.,0.,0.));
#437 = ORIENTED_EDGE('',*,*,#438,.T.);
#438 = EDGE_CURVE('',#431,#439,#441,.T.);
#439 = VERTEX_POINT('',#440);
#440 = CARTESIAN_POINT('',(133.79862057122,-65.79862057122,12.19));
#441 = LINE('',#442,#443);
#442 = CARTESIAN_POINT('',(133.77054165346,-65.8,12.19));
#443 = VECTOR('',#444,1.);
#444 = DIRECTION('',(0.998795456205,4.906767432757E-02,0.));
#445 = ORIENTED_EDGE('',*,*,#446,.T.);
#446 = EDGE_CURVE('',#439,#447,#449,.T.);
#447 = VERTEX_POINT('',#448);
#448 = CARTESIAN_POINT('',(133.8,-65.77054165346,12.19));
#449 = LINE('',#450,#451);
#450 = CARTESIAN_POINT('',(133.79862057122,-65.79862057122,12.19));
#451 = VECTOR('',#452,1.);
#452 = DIRECTION('',(4.906767432734E-02,0.998795456205,0.));
#453 = ORIENTED_EDGE('',*,*,#454,.T.);
#454 = EDGE_CURVE('',#447,#455,#457,.T.);
#455 = VERTEX_POINT('',#456);
#456 = CARTESIAN_POINT('',(133.8,-13.42945834653,12.19));
#457 = LINE('',#458,#459);
#458 = CARTESIAN_POINT('',(133.8,-65.77054165346,12.19));
#459 = VECTOR('',#460,1.);
#460 = DIRECTION('',(0.,1.,0.));
#461 = ORIENTED_EDGE('',*,*,#462,.T.);
#462 = EDGE_CURVE('',#455,#463,#465,.T.);
#463 = VERTEX_POINT('',#464);
#464 = CARTESIAN_POINT('',(133.79278144488,-13.28252128159,12.19));
#465 = LINE('',#466,#467);
#466 = CARTESIAN_POINT('',(133.8,-13.42945834653,12.19));
#467 = VECTOR('',#468,1.);
#468 = DIRECTION('',(-4.906767432747E-02,0.998795456205,0.));
#469 = ORIENTED_EDGE('',*,*,#470,.T.);
#470 = EDGE_CURVE('',#463,#471,#473,.T.);
#471 = VERTEX_POINT('',#472);
#472 = CARTESIAN_POINT('',(133.77552294818,-13.16617394746,12.19));
#473 = LINE('',#474,#475);
#474 = CARTESIAN_POINT('',(133.79278144488,-13.28252128159,12.19));
#475 = VECTOR('',#476,1.);
#476 = DIRECTION('',(-0.146730474455,0.989176509965,0.));
#477 = ORIENTED_EDGE('',*,*,#478,.T.);
#478 = EDGE_CURVE('',#471,#479,#481,.T.);
#479 = VERTEX_POINT('',#480);
#480 = CARTESIAN_POINT('',(133.74694352287,-13.05207848605,12.19));
#481 = LINE('',#482,#483);
#482 = CARTESIAN_POINT('',(133.77552294818,-13.16617394746,12.19));
#483 = VECTOR('',#484,1.);
#484 = DIRECTION('',(-0.242980179903,0.970031253195,0.));
#485 = ORIENTED_EDGE('',*,*,#486,.T.);
#486 = EDGE_CURVE('',#479,#487,#489,.T.);
#487 = VERTEX_POINT('',#488);
#488 = CARTESIAN_POINT('',(133.70731840446,-12.941333699,12.19));
#489 = LINE('',#490,#491);
#490 = CARTESIAN_POINT('',(133.74694352287,-13.05207848605,12.19));
#491 = VECTOR('',#492,1.);
#492 = DIRECTION('',(-0.336889853392,0.941544065183,0.));
#493 = ORIENTED_EDGE('',*,*,#494,.T.);
#494 = EDGE_CURVE('',#487,#495,#497,.T.);
#495 = VERTEX_POINT('',#496);
#496 = CARTESIAN_POINT('',(133.6570292045,-12.83500611917,12.19));
#497 = LINE('',#498,#499);
#498 = CARTESIAN_POINT('',(133.70731840446,-12.941333699,12.19));
#499 = VECTOR('',#500,1.);
#500 = DIRECTION('',(-0.42755509343,0.903989293123,0.));
#501 = ORIENTED_EDGE('',*,*,#502,.T.);
#502 = EDGE_CURVE('',#495,#503,#505,.T.);
#503 = VERTEX_POINT('',#504);
#504 = CARTESIAN_POINT('',(133.59656023546,-12.73411973926,12.19));
#505 = LINE('',#506,#507);
#506 = CARTESIAN_POINT('',(133.6570292045,-12.83500611917,12.19));
#507 = VECTOR('',#508,1.);
#508 = DIRECTION('',(-0.514102744193,0.85772861,0.));
#509 = ORIENTED_EDGE('',*,*,#510,.T.);
#510 = EDGE_CURVE('',#503,#511,#513,.T.);
#511 = VERTEX_POINT('',#512);
#512 = CARTESIAN_POINT('',(133.52649384658,-12.63964615027,12.19));
#513 = LINE('',#514,#515);
#514 = CARTESIAN_POINT('',(133.59656023546,-12.73411973926,12.19));
#515 = VECTOR('',#516,1.);
#516 = DIRECTION('',(-0.595699304492,0.803207531481,0.));
#517 = ORIENTED_EDGE('',*,*,#518,.T.);
#518 = EDGE_CURVE('',#511,#519,#521,.T.);
#519 = VERTEX_POINT('',#520);
#520 = CARTESIAN_POINT('',(133.44750481548,-12.55249518451,12.19));
#521 = LINE('',#522,#523);
#522 = CARTESIAN_POINT('',(133.52649384658,-12.63964615027,12.19));
#523 = VECTOR('',#524,1.);
#524 = DIRECTION('',(-0.671558954847,0.740951125355,0.));
#525 = ORIENTED_EDGE('',*,*,#526,.T.);
#526 = EDGE_CURVE('',#519,#527,#529,.T.);
#527 = VERTEX_POINT('',#528);
#528 = CARTESIAN_POINT('',(133.36035384972,-12.47350615341,12.19));
#529 = LINE('',#530,#531);
#530 = CARTESIAN_POINT('',(133.44750481548,-12.55249518451,12.19));
#531 = VECTOR('',#532,1.);
#532 = DIRECTION('',(-0.740951125355,0.671558954847,0.));
#533 = ORIENTED_EDGE('',*,*,#534,.T.);
#534 = EDGE_CURVE('',#527,#535,#537,.T.);
#535 = VERTEX_POINT('',#536);
#536 = CARTESIAN_POINT('',(133.26588026073,-12.40343976453,12.19));
#537 = LINE('',#538,#539);
#538 = CARTESIAN_POINT('',(133.36035384972,-12.47350615341,12.19));
#539 = VECTOR('',#540,1.);
#540 = DIRECTION('',(-0.803207531481,0.595699304492,0.));
#541 = ORIENTED_EDGE('',*,*,#542,.T.);
#542 = EDGE_CURVE('',#535,#543,#545,.T.);
#543 = VERTEX_POINT('',#544);
#544 = CARTESIAN_POINT('',(133.16499388083,-12.3429707955,12.19));
#545 = LINE('',#546,#547);
#546 = CARTESIAN_POINT('',(133.26588026073,-12.40343976453,12.19));
#547 = VECTOR('',#548,1.);
#548 = DIRECTION('',(-0.85772861,0.514102744193,0.));
#549 = ORIENTED_EDGE('',*,*,#550,.T.);
#550 = EDGE_CURVE('',#543,#551,#553,.T.);
#551 = VERTEX_POINT('',#552);
#552 = CARTESIAN_POINT('',(133.05866630099,-12.29268159553,12.19));
#553 = LINE('',#554,#555);
#554 = CARTESIAN_POINT('',(133.16499388083,-12.3429707955,12.19));
#555 = VECTOR('',#556,1.);
#556 = DIRECTION('',(-0.903989293123,0.42755509343,0.));
#557 = ORIENTED_EDGE('',*,*,#558,.T.);
#558 = EDGE_CURVE('',#551,#559,#561,.T.);
#559 = VERTEX_POINT('',#560);
#560 = CARTESIAN_POINT('',(132.94792151395,-12.25305647712,12.19));
#561 = LINE('',#562,#563);
#562 = CARTESIAN_POINT('',(133.05866630099,-12.29268159553,12.19));
#563 = VECTOR('',#564,1.);
#564 = DIRECTION('',(-0.941544065183,0.336889853392,0.));
#565 = ORIENTED_EDGE('',*,*,#566,.T.);
#566 = EDGE_CURVE('',#559,#567,#569,.T.);
#567 = VERTEX_POINT('',#568);
#568 = CARTESIAN_POINT('',(132.83382605253,-12.22447705182,12.19));
#569 = LINE('',#570,#571);
#570 = CARTESIAN_POINT('',(132.94792151395,-12.25305647712,12.19));
#571 = VECTOR('',#572,1.);
#572 = DIRECTION('',(-0.970031253195,0.242980179903,0.));
#573 = ORIENTED_EDGE('',*,*,#574,.T.);
#574 = EDGE_CURVE('',#567,#575,#577,.T.);
#575 = VERTEX_POINT('',#576);
#576 = CARTESIAN_POINT('',(132.7174787184,-12.20721855511,12.19));
#577 = LINE('',#578,#579);
#578 = CARTESIAN_POINT('',(132.83382605253,-12.22447705182,12.19));
#579 = VECTOR('',#580,1.);
#580 = DIRECTION('',(-0.989176509965,0.146730474455,0.));
#581 = ORIENTED_EDGE('',*,*,#582,.T.);
#582 = EDGE_CURVE('',#575,#583,#585,.T.);
#583 = VERTEX_POINT('',#584);
#584 = CARTESIAN_POINT('',(132.57054165346,-12.2,12.19));
#585 = LINE('',#586,#587);
#586 = CARTESIAN_POINT('',(132.7174787184,-12.20721855511,12.19));
#587 = VECTOR('',#588,1.);
#588 = DIRECTION('',(-0.998795456205,4.906767432741E-02,0.));
#589 = ORIENTED_EDGE('',*,*,#590,.T.);
#590 = EDGE_CURVE('',#583,#591,#593,.T.);
#591 = VERTEX_POINT('',#592);
#592 = CARTESIAN_POINT('',(112.22945834653,-12.2,12.19));
#593 = LINE('',#594,#595);
#594 = CARTESIAN_POINT('',(132.57054165346,-12.2,12.19));
#595 = VECTOR('',#596,1.);
#596 = DIRECTION('',(-1.,0.,0.));
#597 = ORIENTED_EDGE('',*,*,#598,.T.);
#598 = EDGE_CURVE('',#591,#599,#601,.T.);
#599 = VERTEX_POINT('',#600);
#600 = CARTESIAN_POINT('',(112.20137942877,-12.20137942877,12.19));
#601 = LINE('',#602,#603);
#602 = CARTESIAN_POINT('',(112.22945834653,-12.2,12.19));
#603 = VECTOR('',#604,1.);
#604 = DIRECTION('',(-0.998795456205,-4.906767432741E-02,0.));
#605 = ORIENTED_EDGE('',*,*,#606,.T.);
#606 = EDGE_CURVE('',#599,#196,#607,.T.);
#607 = LINE('',#608,#609);
#608 = CARTESIAN_POINT('',(112.20137942877,-12.20137942877,12.19));
#609 = VECTOR('',#610,1.);
#610 = DIRECTION('',(-4.906767432758E-02,-0.998795456205,0.));
#611 = FACE_BOUND('',#612,.F.);
#612 = EDGE_LOOP('',(#613,#623,#631,#639));
#613 = ORIENTED_EDGE('',*,*,#614,.T.);
#614 = EDGE_CURVE('',#615,#617,#619,.T.);
#615 = VERTEX_POINT('',#616);
#616 = CARTESIAN_POINT('',(130.95,-53.,12.19));
#617 = VERTEX_POINT('',#618);
#618 = CARTESIAN_POINT('',(115.05,-53.,12.19));
#619 = LINE('',#620,#621);
#620 = CARTESIAN_POINT('',(119.00608769591,-53.,12.19));
#621 = VECTOR('',#622,1.);
#622 = DIRECTION('',(-1.,0.,0.));
#623 = ORIENTED_EDGE('',*,*,#624,.T.);
#624 = EDGE_CURVE('',#617,#625,#627,.T.);
#625 = VERTEX_POINT('',#626);
#626 = CARTESIAN_POINT('',(115.05,-15.1,12.19));
#627 = LINE('',#628,#629);
#628 = CARTESIAN_POINT('',(115.05,-46.04641870115,12.19));
#629 = VECTOR('',#630,1.);
#630 = DIRECTION('',(0.,1.,0.));
#631 = ORIENTED_EDGE('',*,*,#632,.F.);
#632 = EDGE_CURVE('',#633,#625,#635,.T.);
#633 = VERTEX_POINT('',#634);
#634 = CARTESIAN_POINT('',(130.95,-15.1,12.19));
#635 = LINE('',#636,#637);
#636 = CARTESIAN_POINT('',(119.00608769591,-15.1,12.19));
#637 = VECTOR('',#638,1.);
#638 = DIRECTION('',(-1.,0.,0.));
#639 = ORIENTED_EDGE('',*,*,#640,.F.);
#640 = EDGE_CURVE('',#615,#633,#641,.T.);
#641 = LINE('',#642,#643);
#642 = CARTESIAN_POINT('',(130.95,-46.04641870115,12.19));
#643 = VECTOR('',#644,1.);
#644 = DIRECTION('',(0.,1.,0.));
#645 = PLANE('',#646);
#646 = AXIS2_PLACEMENT_3D('',#647,#648,#649);
#647 = CARTESIAN_POINT('',(122.96217539183,-39.0928374023,12.19));
#648 = DIRECTION('',(0.,0.,1.));
#649 = DIRECTION('',(1.,0.,0.));
#650 = ADVANCED_FACE('',(#651),#662,.T.);
#651 = FACE_BOUND('',#652,.T.);
#652 = EDGE_LOOP('',(#653,#654,#660,#661));
#653 = ORIENTED_EDGE('',*,*,#353,.F.);
#654 = ORIENTED_EDGE('',*,*,#655,.T.);
#655 = EDGE_CURVE('',#346,#599,#656,.T.);
#656 = LINE('',#657,#658);
#657 = CARTESIAN_POINT('',(112.20137942877,-12.20137942877,6.2));
#658 = VECTOR('',#659,1.);
#659 = DIRECTION('',(0.,0.,1.));
#660 = ORIENTED_EDGE('',*,*,#606,.T.);
#661 = ORIENTED_EDGE('',*,*,#195,.F.);
#662 = PLANE('',#663);
#663 = AXIS2_PLACEMENT_3D('',#664,#665,#666);
#664 = CARTESIAN_POINT('',(112.20137942877,-12.20137942877,6.2));
#665 = DIRECTION('',(0.998795456205,-4.906767432758E-02,0.));
#666 = DIRECTION('',(-4.906767432758E-02,-0.998795456205,0.));
#667 = ADVANCED_FACE('',(#668),#780,.T.);
#668 = FACE_BOUND('',#669,.T.);
#669 = EDGE_LOOP('',(#670,#671,#677,#678,#686,#694,#702,#710,#718,#726,
    #734,#742,#750,#758,#766,#774));
#670 = ORIENTED_EDGE('',*,*,#252,.F.);
#671 = ORIENTED_EDGE('',*,*,#672,.T.);
#672 = EDGE_CURVE('',#253,#423,#673,.T.);
#673 = LINE('',#674,#675);
#674 = CARTESIAN_POINT('',(112.22945834653,-65.8,6.2));
#675 = VECTOR('',#676,1.);
#676 = DIRECTION('',(0.,0.,1.));
#677 = ORIENTED_EDGE('',*,*,#430,.T.);
#678 = ORIENTED_EDGE('',*,*,#679,.F.);
#679 = EDGE_CURVE('',#680,#431,#682,.T.);
#680 = VERTEX_POINT('',#681);
#681 = CARTESIAN_POINT('',(133.77054165346,-65.8,6.3));
#682 = LINE('',#683,#684);
#683 = CARTESIAN_POINT('',(133.77054165346,-65.8,6.2));
#684 = VECTOR('',#685,1.);
#685 = DIRECTION('',(0.,0.,1.));
#686 = ORIENTED_EDGE('',*,*,#687,.F.);
#687 = EDGE_CURVE('',#688,#680,#690,.T.);
#688 = VERTEX_POINT('',#689);
#689 = CARTESIAN_POINT('',(132.63285513502,-65.8,6.3));
#690 = LINE('',#691,#692);
#691 = CARTESIAN_POINT('',(117.59307288834,-65.8,6.3));
#692 = VECTOR('',#693,1.);
#693 = DIRECTION('',(1.,0.,0.));
#694 = ORIENTED_EDGE('',*,*,#695,.F.);
#695 = EDGE_CURVE('',#696,#688,#698,.T.);
#696 = VERTEX_POINT('',#697);
#697 = CARTESIAN_POINT('',(132.63285513502,-65.8,6.75));
#698 = LINE('',#699,#700);
#699 = CARTESIAN_POINT('',(132.63285513502,-65.8,5.3));
#700 = VECTOR('',#701,1.);
#701 = DIRECTION('',(-0.,-0.,-1.));
#702 = ORIENTED_EDGE('',*,*,#703,.F.);
#703 = EDGE_CURVE('',#704,#696,#706,.T.);
#704 = VERTEX_POINT('',#705);
#705 = CARTESIAN_POINT('',(128.56714486497,-65.8,6.75));
#706 = LINE('',#707,#708);
#707 = CARTESIAN_POINT('',(121.41472917326,-65.8,6.75));
#708 = VECTOR('',#709,1.);
#709 = DIRECTION('',(1.,0.,0.));
#710 = ORIENTED_EDGE('',*,*,#711,.T.);
#711 = EDGE_CURVE('',#704,#712,#714,.T.);
#712 = VERTEX_POINT('',#713);
#713 = CARTESIAN_POINT('',(128.56714486497,-65.8,6.3));
#714 = LINE('',#715,#716);
#715 = CARTESIAN_POINT('',(128.56714486497,-65.8,5.3));
#716 = VECTOR('',#717,1.);
#717 = DIRECTION('',(-0.,-0.,-1.));
#718 = ORIENTED_EDGE('',*,*,#719,.F.);
#719 = EDGE_CURVE('',#720,#712,#722,.T.);
#720 = VERTEX_POINT('',#721);
#721 = CARTESIAN_POINT('',(124.28744747806,-65.8,6.3));
#722 = LINE('',#723,#724);
#723 = CARTESIAN_POINT('',(117.59307288834,-65.8,6.3));
#724 = VECTOR('',#725,1.);
#725 = DIRECTION('',(1.,0.,0.));
#726 = ORIENTED_EDGE('',*,*,#727,.F.);
#727 = EDGE_CURVE('',#728,#720,#730,.T.);
#728 = VERTEX_POINT('',#729);
#729 = CARTESIAN_POINT('',(124.28744747806,-65.8,11.6));
#730 = LINE('',#731,#732);
#731 = CARTESIAN_POINT('',(124.28744747806,-65.8,6.3));
#732 = VECTOR('',#733,1.);
#733 = DIRECTION('',(-0.,-0.,-1.));
#734 = ORIENTED_EDGE('',*,*,#735,.F.);
#735 = EDGE_CURVE('',#736,#728,#738,.T.);
#736 = VERTEX_POINT('',#737);
#737 = CARTESIAN_POINT('',(121.31255252193,-65.8,11.6));
#738 = LINE('',#739,#740);
#739 = CARTESIAN_POINT('',(117.51472917326,-65.8,11.6));
#740 = VECTOR('',#741,1.);
#741 = DIRECTION('',(1.,0.,0.));
#742 = ORIENTED_EDGE('',*,*,#743,.T.);
#743 = EDGE_CURVE('',#736,#744,#746,.T.);
#744 = VERTEX_POINT('',#745);
#745 = CARTESIAN_POINT('',(121.31255252193,-65.8,6.3));
#746 = LINE('',#747,#748);
#747 = CARTESIAN_POINT('',(121.31255252193,-65.8,6.3));
#748 = VECTOR('',#749,1.);
#749 = DIRECTION('',(-0.,-0.,-1.));
#750 = ORIENTED_EDGE('',*,*,#751,.F.);
#751 = EDGE_CURVE('',#752,#744,#754,.T.);
#752 = VERTEX_POINT('',#753);
#753 = CARTESIAN_POINT('',(116.6289668856,-65.8,6.3));
#754 = LINE('',#755,#756);
#755 = CARTESIAN_POINT('',(117.59307288834,-65.8,6.3));
#756 = VECTOR('',#757,1.);
#757 = DIRECTION('',(1.,0.,0.));
#758 = ORIENTED_EDGE('',*,*,#759,.F.);
#759 = EDGE_CURVE('',#760,#752,#762,.T.);
#760 = VERTEX_POINT('',#761);
#761 = CARTESIAN_POINT('',(116.6289668856,-65.8,6.75));
#762 = LINE('',#763,#764);
#763 = CARTESIAN_POINT('',(116.6289668856,-65.8,5.3));
#764 = VECTOR('',#765,1.);
#765 = DIRECTION('',(-0.,-0.,-1.));
#766 = ORIENTED_EDGE('',*,*,#767,.F.);
#767 = EDGE_CURVE('',#768,#760,#770,.T.);
#768 = VERTEX_POINT('',#769);
#769 = CARTESIAN_POINT('',(112.37103311439,-65.8,6.75));
#770 = LINE('',#771,#772);
#771 = CARTESIAN_POINT('',(113.36472917326,-65.8,6.75));
#772 = VECTOR('',#773,1.);
#773 = DIRECTION('',(1.,0.,0.));
#774 = ORIENTED_EDGE('',*,*,#775,.T.);
#775 = EDGE_CURVE('',#768,#255,#776,.T.);
#776 = LINE('',#777,#778);
#777 = CARTESIAN_POINT('',(112.37103311439,-65.8,5.3));
#778 = VECTOR('',#779,1.);
#779 = DIRECTION('',(-0.,-0.,-1.));
#780 = PLANE('',#781);
#781 = AXIS2_PLACEMENT_3D('',#782,#783,#784);
#782 = CARTESIAN_POINT('',(112.22945834653,-65.8,6.2));
#783 = DIRECTION('',(0.,1.,0.));
#784 = DIRECTION('',(1.,0.,0.));
#785 = ADVANCED_FACE('',(#786),#792,.T.);
#786 = FACE_BOUND('',#787,.T.);
#787 = EDGE_LOOP('',(#788,#789,#790,#791));
#788 = ORIENTED_EDGE('',*,*,#371,.F.);
#789 = ORIENTED_EDGE('',*,*,#406,.T.);
#790 = ORIENTED_EDGE('',*,*,#422,.T.);
#791 = ORIENTED_EDGE('',*,*,#672,.F.);
#792 = PLANE('',#793);
#793 = AXIS2_PLACEMENT_3D('',#794,#795,#796);
#794 = CARTESIAN_POINT('',(112.20137942877,-65.79862057122,6.2));
#795 = DIRECTION('',(4.906767432757E-02,0.998795456205,0.));
#796 = DIRECTION('',(0.998795456205,-4.906767432757E-02,0.));
#797 = ADVANCED_FACE('',(#798),#809,.T.);
#798 = FACE_BOUND('',#799,.T.);
#799 = EDGE_LOOP('',(#800,#801,#807,#808));
#800 = ORIENTED_EDGE('',*,*,#345,.F.);
#801 = ORIENTED_EDGE('',*,*,#802,.T.);
#802 = EDGE_CURVE('',#338,#591,#803,.T.);
#803 = LINE('',#804,#805);
#804 = CARTESIAN_POINT('',(112.22945834653,-12.2,6.2));
#805 = VECTOR('',#806,1.);
#806 = DIRECTION('',(0.,0.,1.));
#807 = ORIENTED_EDGE('',*,*,#598,.T.);
#808 = ORIENTED_EDGE('',*,*,#655,.F.);
#809 = PLANE('',#810);
#810 = AXIS2_PLACEMENT_3D('',#811,#812,#813);
#811 = CARTESIAN_POINT('',(112.22945834653,-12.2,6.2));
#812 = DIRECTION('',(4.906767432741E-02,-0.998795456205,0.));
#813 = DIRECTION('',(-0.998795456205,-4.906767432741E-02,0.));
#814 = ADVANCED_FACE('',(#815),#842,.T.);
#815 = FACE_BOUND('',#816,.T.);
#816 = EDGE_LOOP('',(#817,#827,#833,#834,#835,#836));
#817 = ORIENTED_EDGE('',*,*,#818,.F.);
#818 = EDGE_CURVE('',#819,#821,#823,.T.);
#819 = VERTEX_POINT('',#820);
#820 = CARTESIAN_POINT('',(132.57054165346,-12.2,12.1));
#821 = VERTEX_POINT('',#822);
#822 = CARTESIAN_POINT('',(113.,-12.2,12.1));
#823 = LINE('',#824,#825);
#824 = CARTESIAN_POINT('',(122.78527082673,-12.2,12.1));
#825 = VECTOR('',#826,1.);
#826 = DIRECTION('',(-1.,0.,0.));
#827 = ORIENTED_EDGE('',*,*,#828,.T.);
#828 = EDGE_CURVE('',#819,#583,#829,.T.);
#829 = LINE('',#830,#831);
#830 = CARTESIAN_POINT('',(132.57054165346,-12.2,6.2));
#831 = VECTOR('',#832,1.);
#832 = DIRECTION('',(0.,0.,1.));
#833 = ORIENTED_EDGE('',*,*,#590,.T.);
#834 = ORIENTED_EDGE('',*,*,#802,.F.);
#835 = ORIENTED_EDGE('',*,*,#337,.F.);
#836 = ORIENTED_EDGE('',*,*,#837,.T.);
#837 = EDGE_CURVE('',#330,#821,#838,.T.);
#838 = LINE('',#839,#840);
#839 = CARTESIAN_POINT('',(113.,-12.2,5.9));
#840 = VECTOR('',#841,1.);
#841 = DIRECTION('',(0.,0.,1.));
#842 = PLANE('',#843);
#843 = AXIS2_PLACEMENT_3D('',#844,#845,#846);
#844 = CARTESIAN_POINT('',(132.57054165346,-12.2,6.2));
#845 = DIRECTION('',(0.,-1.,0.));
#846 = DIRECTION('',(-1.,0.,0.));
#847 = ADVANCED_FACE('',(#848),#866,.T.);
#848 = FACE_BOUND('',#849,.T.);
#849 = EDGE_LOOP('',(#850,#858,#859,#860));
#850 = ORIENTED_EDGE('',*,*,#851,.F.);
#851 = EDGE_CURVE('',#821,#852,#854,.T.);
#852 = VERTEX_POINT('',#853);
#853 = CARTESIAN_POINT('',(113.,-11.4,12.1));
#854 = LINE('',#855,#856);
#855 = CARTESIAN_POINT('',(113.,-48.1,12.1));
#856 = VECTOR('',#857,1.);
#857 = DIRECTION('',(0.,1.,0.));
#858 = ORIENTED_EDGE('',*,*,#837,.F.);
#859 = ORIENTED_EDGE('',*,*,#329,.F.);
#860 = ORIENTED_EDGE('',*,*,#861,.T.);
#861 = EDGE_CURVE('',#322,#852,#862,.T.);
#862 = LINE('',#863,#864);
#863 = CARTESIAN_POINT('',(113.,-11.4,5.6));
#864 = VECTOR('',#865,1.);
#865 = DIRECTION('',(0.,0.,1.));
#866 = PLANE('',#867);
#867 = AXIS2_PLACEMENT_3D('',#868,#869,#870);
#868 = CARTESIAN_POINT('',(113.,-48.1,5.6));
#869 = DIRECTION('',(1.,0.,0.));
#870 = DIRECTION('',(0.,0.,1.));
#871 = ADVANCED_FACE('',(#872),#922,.F.);
#872 = FACE_BOUND('',#873,.F.);
#873 = EDGE_LOOP('',(#874,#884,#892,#900,#908,#914,#915,#916));
#874 = ORIENTED_EDGE('',*,*,#875,.F.);
#875 = EDGE_CURVE('',#876,#878,#880,.T.);
#876 = VERTEX_POINT('',#877);
#877 = CARTESIAN_POINT('',(132.6,-11.4,6.3));
#878 = VERTEX_POINT('',#879);
#879 = CARTESIAN_POINT('',(132.6,-11.4,12.1));
#880 = LINE('',#881,#882);
#881 = CARTESIAN_POINT('',(132.6,-11.4,5.6));
#882 = VECTOR('',#883,1.);
#883 = DIRECTION('',(0.,0.,1.));
#884 = ORIENTED_EDGE('',*,*,#885,.F.);
#885 = EDGE_CURVE('',#886,#876,#888,.T.);
#886 = VERTEX_POINT('',#887);
#887 = CARTESIAN_POINT('',(129.3,-11.4,6.3));
#888 = LINE('',#889,#890);
#889 = CARTESIAN_POINT('',(117.97834371508,-11.4,6.3));
#890 = VECTOR('',#891,1.);
#891 = DIRECTION('',(1.,0.,0.));
#892 = ORIENTED_EDGE('',*,*,#893,.T.);
#893 = EDGE_CURVE('',#886,#894,#896,.T.);
#894 = VERTEX_POINT('',#895);
#895 = CARTESIAN_POINT('',(129.3,-11.4,11.8));
#896 = LINE('',#897,#898);
#897 = CARTESIAN_POINT('',(129.3,-11.4,5.9));
#898 = VECTOR('',#899,1.);
#899 = DIRECTION('',(0.,0.,1.));
#900 = ORIENTED_EDGE('',*,*,#901,.T.);
#901 = EDGE_CURVE('',#894,#902,#904,.T.);
#902 = VERTEX_POINT('',#903);
#903 = CARTESIAN_POINT('',(116.3,-11.4,11.8));
#904 = LINE('',#905,#906);
#905 = CARTESIAN_POINT('',(114.65,-11.4,11.8));
#906 = VECTOR('',#907,1.);
#907 = DIRECTION('',(-1.,0.,0.));
#908 = ORIENTED_EDGE('',*,*,#909,.F.);
#909 = EDGE_CURVE('',#314,#902,#910,.T.);
#910 = LINE('',#911,#912);
#911 = CARTESIAN_POINT('',(116.3,-11.4,5.9));
#912 = VECTOR('',#913,1.);
#913 = DIRECTION('',(0.,0.,1.));
#914 = ORIENTED_EDGE('',*,*,#321,.F.);
#915 = ORIENTED_EDGE('',*,*,#861,.T.);
#916 = ORIENTED_EDGE('',*,*,#917,.T.);
#917 = EDGE_CURVE('',#852,#878,#918,.T.);
#918 = LINE('',#919,#920);
#919 = CARTESIAN_POINT('',(113.,-11.4,12.1));
#920 = VECTOR('',#921,1.);
#921 = DIRECTION('',(1.,0.,0.));
#922 = PLANE('',#923);
#923 = AXIS2_PLACEMENT_3D('',#924,#925,#926);
#924 = CARTESIAN_POINT('',(113.,-11.4,5.6));
#925 = DIRECTION('',(0.,1.,0.));
#926 = DIRECTION('',(0.,0.,1.));
#927 = ADVANCED_FACE('',(#928),#946,.T.);
#928 = FACE_BOUND('',#929,.T.);
#929 = EDGE_LOOP('',(#930,#938,#939,#940));
#930 = ORIENTED_EDGE('',*,*,#931,.F.);
#931 = EDGE_CURVE('',#902,#932,#934,.T.);
#932 = VERTEX_POINT('',#933);
#933 = CARTESIAN_POINT('',(116.3,-11.,11.8));
#934 = LINE('',#935,#936);
#935 = CARTESIAN_POINT('',(116.3,-20.,11.8));
#936 = VECTOR('',#937,1.);
#937 = DIRECTION('',(0.,1.,0.));
#938 = ORIENTED_EDGE('',*,*,#909,.F.);
#939 = ORIENTED_EDGE('',*,*,#313,.F.);
#940 = ORIENTED_EDGE('',*,*,#941,.F.);
#941 = EDGE_CURVE('',#932,#306,#942,.T.);
#942 = LINE('',#943,#944);
#943 = CARTESIAN_POINT('',(116.3,-11.,6.25));
#944 = VECTOR('',#945,1.);
#945 = DIRECTION('',(0.,0.,-1.));
#946 = PLANE('',#947);
#947 = AXIS2_PLACEMENT_3D('',#948,#949,#950);
#948 = CARTESIAN_POINT('',(116.3,-20.,6.2));
#949 = DIRECTION('',(1.,0.,0.));
#950 = DIRECTION('',(0.,0.,1.));
#951 = ADVANCED_FACE('',(#952),#1002,.T.);
#952 = FACE_BOUND('',#953,.T.);
#953 = EDGE_LOOP('',(#954,#955,#963,#971,#979,#987,#995,#1001));
#954 = ORIENTED_EDGE('',*,*,#305,.F.);
#955 = ORIENTED_EDGE('',*,*,#956,.T.);
#956 = EDGE_CURVE('',#297,#957,#959,.T.);
#957 = VERTEX_POINT('',#958);
#958 = CARTESIAN_POINT('',(112.2,-11.,13.59));
#959 = LINE('',#960,#961);
#960 = CARTESIAN_POINT('',(112.2,-11.,6.3));
#961 = VECTOR('',#962,1.);
#962 = DIRECTION('',(0.,0.,1.));
#963 = ORIENTED_EDGE('',*,*,#964,.T.);
#964 = EDGE_CURVE('',#957,#965,#967,.T.);
#965 = VERTEX_POINT('',#966);
#966 = CARTESIAN_POINT('',(132.6,-11.,13.59));
#967 = LINE('',#968,#969);
#968 = CARTESIAN_POINT('',(112.2,-11.,13.59));
#969 = VECTOR('',#970,1.);
#970 = DIRECTION('',(1.,0.,0.));
#971 = ORIENTED_EDGE('',*,*,#972,.F.);
#972 = EDGE_CURVE('',#973,#965,#975,.T.);
#973 = VERTEX_POINT('',#974);
#974 = CARTESIAN_POINT('',(132.6,-11.,6.3));
#975 = LINE('',#976,#977);
#976 = CARTESIAN_POINT('',(132.6,-11.,6.3));
#977 = VECTOR('',#978,1.);
#978 = DIRECTION('',(0.,0.,1.));
#979 = ORIENTED_EDGE('',*,*,#980,.F.);
#980 = EDGE_CURVE('',#981,#973,#983,.T.);
#981 = VERTEX_POINT('',#982);
#982 = CARTESIAN_POINT('',(129.3,-11.,6.3));
#983 = LINE('',#984,#985);
#984 = CARTESIAN_POINT('',(112.2,-11.,6.3));
#985 = VECTOR('',#986,1.);
#986 = DIRECTION('',(1.,0.,0.));
#987 = ORIENTED_EDGE('',*,*,#988,.F.);
#988 = EDGE_CURVE('',#989,#981,#991,.T.);
#989 = VERTEX_POINT('',#990);
#990 = CARTESIAN_POINT('',(129.3,-11.,11.8));
#991 = LINE('',#992,#993);
#992 = CARTESIAN_POINT('',(129.3,-11.,6.25));
#993 = VECTOR('',#994,1.);
#994 = DIRECTION('',(0.,0.,-1.));
#995 = ORIENTED_EDGE('',*,*,#996,.F.);
#996 = EDGE_CURVE('',#932,#989,#997,.T.);
#997 = LINE('',#998,#999);
#998 = CARTESIAN_POINT('',(114.25,-11.,11.8));
#999 = VECTOR('',#1000,1.);
#1000 = DIRECTION('',(1.,0.,0.));
#1001 = ORIENTED_EDGE('',*,*,#941,.T.);
#1002 = PLANE('',#1003);
#1003 = AXIS2_PLACEMENT_3D('',#1004,#1005,#1006);
#1004 = CARTESIAN_POINT('',(112.2,-11.,6.3));
#1005 = DIRECTION('',(0.,1.,0.));
#1006 = DIRECTION('',(1.,0.,0.));
#1007 = ADVANCED_FACE('',(#1008),#1027,.T.);
#1008 = FACE_BOUND('',#1009,.T.);
#1009 = EDGE_LOOP('',(#1010,#1018,#1025,#1026));
#1010 = ORIENTED_EDGE('',*,*,#1011,.T.);
#1011 = EDGE_CURVE('',#289,#1012,#1014,.T.);
#1012 = VERTEX_POINT('',#1013);
#1013 = CARTESIAN_POINT('',(111.,-12.2,13.59));
#1014 = LINE('',#1015,#1016);
#1015 = CARTESIAN_POINT('',(111.,-12.2,6.3));
#1016 = VECTOR('',#1017,1.);
#1017 = DIRECTION('',(0.,0.,1.));
#1018 = ORIENTED_EDGE('',*,*,#1019,.T.);
#1019 = EDGE_CURVE('',#1012,#957,#1020,.T.);
#1020 = CIRCLE('',#1021,1.2);
#1021 = AXIS2_PLACEMENT_3D('',#1022,#1023,#1024);
#1022 = CARTESIAN_POINT('',(112.2,-12.2,13.59));
#1023 = DIRECTION('',(0.,0.,-1.));
#1024 = DIRECTION('',(-1.,5.92E-15,0.));
#1025 = ORIENTED_EDGE('',*,*,#956,.F.);
#1026 = ORIENTED_EDGE('',*,*,#296,.F.);
#1027 = CYLINDRICAL_SURFACE('',#1028,1.2);
#1028 = AXIS2_PLACEMENT_3D('',#1029,#1030,#1031);
#1029 = CARTESIAN_POINT('',(112.2,-12.2,6.3));
#1030 = DIRECTION('',(0.,0.,-1.));
#1031 = DIRECTION('',(-1.,5.92E-15,0.));
#1032 = ADVANCED_FACE('',(#1033),#1051,.T.);
#1033 = FACE_BOUND('',#1034,.T.);
#1034 = EDGE_LOOP('',(#1035,#1043,#1049,#1050));
#1035 = ORIENTED_EDGE('',*,*,#1036,.T.);
#1036 = EDGE_CURVE('',#280,#1037,#1039,.T.);
#1037 = VERTEX_POINT('',#1038);
#1038 = CARTESIAN_POINT('',(111.,-65.8,13.59));
#1039 = LINE('',#1040,#1041);
#1040 = CARTESIAN_POINT('',(111.,-65.8,6.3));
#1041 = VECTOR('',#1042,1.);
#1042 = DIRECTION('',(0.,0.,1.));
#1043 = ORIENTED_EDGE('',*,*,#1044,.T.);
#1044 = EDGE_CURVE('',#1037,#1012,#1045,.T.);
#1045 = LINE('',#1046,#1047);
#1046 = CARTESIAN_POINT('',(111.,-65.8,13.59));
#1047 = VECTOR('',#1048,1.);
#1048 = DIRECTION('',(0.,1.,0.));
#1049 = ORIENTED_EDGE('',*,*,#1011,.F.);
#1050 = ORIENTED_EDGE('',*,*,#288,.F.);
#1051 = PLANE('',#1052);
#1052 = AXIS2_PLACEMENT_3D('',#1053,#1054,#1055);
#1053 = CARTESIAN_POINT('',(111.,-65.8,6.3));
#1054 = DIRECTION('',(-1.,0.,0.));
#1055 = DIRECTION('',(0.,1.,0.));
#1056 = ADVANCED_FACE('',(#1057),#1076,.T.);
#1057 = FACE_BOUND('',#1058,.T.);
#1058 = EDGE_LOOP('',(#1059,#1067,#1074,#1075));
#1059 = ORIENTED_EDGE('',*,*,#1060,.T.);
#1060 = EDGE_CURVE('',#272,#1061,#1063,.T.);
#1061 = VERTEX_POINT('',#1062);
#1062 = CARTESIAN_POINT('',(112.2,-67.,13.59));
#1063 = LINE('',#1064,#1065);
#1064 = CARTESIAN_POINT('',(112.2,-67.,6.3));
#1065 = VECTOR('',#1066,1.);
#1066 = DIRECTION('',(0.,0.,1.));
#1067 = ORIENTED_EDGE('',*,*,#1068,.T.);
#1068 = EDGE_CURVE('',#1061,#1037,#1069,.T.);
#1069 = CIRCLE('',#1070,1.2);
#1070 = AXIS2_PLACEMENT_3D('',#1071,#1072,#1073);
#1071 = CARTESIAN_POINT('',(112.2,-65.8,13.59));
#1072 = DIRECTION('',(0.,0.,-1.));
#1073 = DIRECTION('',(0.,-1.,0.));
#1074 = ORIENTED_EDGE('',*,*,#1036,.F.);
#1075 = ORIENTED_EDGE('',*,*,#279,.F.);
#1076 = CYLINDRICAL_SURFACE('',#1077,1.2);
#1077 = AXIS2_PLACEMENT_3D('',#1078,#1079,#1080);
#1078 = CARTESIAN_POINT('',(112.2,-65.8,6.3));
#1079 = DIRECTION('',(0.,0.,-1.));
#1080 = DIRECTION('',(0.,-1.,0.));
#1081 = ADVANCED_FACE('',(#1082),#1164,.T.);
#1082 = FACE_BOUND('',#1083,.T.);
#1083 = EDGE_LOOP('',(#1084,#1094,#1102,#1108,#1109,#1110,#1118,#1126,
    #1134,#1142,#1150,#1158));
#1084 = ORIENTED_EDGE('',*,*,#1085,.F.);
#1085 = EDGE_CURVE('',#1086,#1088,#1090,.T.);
#1086 = VERTEX_POINT('',#1087);
#1087 = CARTESIAN_POINT('',(133.8,-67.,6.3));
#1088 = VERTEX_POINT('',#1089);
#1089 = CARTESIAN_POINT('',(132.69105236663,-67.,6.3));
#1090 = LINE('',#1091,#1092);
#1091 = CARTESIAN_POINT('',(133.8,-67.,6.3));
#1092 = VECTOR('',#1093,1.);
#1093 = DIRECTION('',(-1.,0.,0.));
#1094 = ORIENTED_EDGE('',*,*,#1095,.T.);
#1095 = EDGE_CURVE('',#1086,#1096,#1098,.T.);
#1096 = VERTEX_POINT('',#1097);
#1097 = CARTESIAN_POINT('',(133.8,-67.,13.59));
#1098 = LINE('',#1099,#1100);
#1099 = CARTESIAN_POINT('',(133.8,-67.,6.3));
#1100 = VECTOR('',#1101,1.);
#1101 = DIRECTION('',(0.,0.,1.));
#1102 = ORIENTED_EDGE('',*,*,#1103,.T.);
#1103 = EDGE_CURVE('',#1096,#1061,#1104,.T.);
#1104 = LINE('',#1105,#1106);
#1105 = CARTESIAN_POINT('',(133.8,-67.,13.59));
#1106 = VECTOR('',#1107,1.);
#1107 = DIRECTION('',(-1.,0.,0.));
#1108 = ORIENTED_EDGE('',*,*,#1060,.F.);
#1109 = ORIENTED_EDGE('',*,*,#271,.F.);
#1110 = ORIENTED_EDGE('',*,*,#1111,.F.);
#1111 = EDGE_CURVE('',#1112,#263,#1114,.T.);
#1112 = VERTEX_POINT('',#1113);
#1113 = CARTESIAN_POINT('',(112.95970781992,-67.,6.75));
#1114 = LINE('',#1115,#1116);
#1115 = CARTESIAN_POINT('',(112.95970781992,-67.,5.3));
#1116 = VECTOR('',#1117,1.);
#1117 = DIRECTION('',(-0.,-0.,-1.));
#1118 = ORIENTED_EDGE('',*,*,#1119,.F.);
#1119 = EDGE_CURVE('',#1120,#1112,#1122,.T.);
#1120 = VERTEX_POINT('',#1121);
#1121 = CARTESIAN_POINT('',(116.04029218007,-67.,6.75));
#1122 = LINE('',#1123,#1124);
#1123 = CARTESIAN_POINT('',(124.15,-67.,6.75));
#1124 = VECTOR('',#1125,1.);
#1125 = DIRECTION('',(-1.,0.,0.));
#1126 = ORIENTED_EDGE('',*,*,#1127,.T.);
#1127 = EDGE_CURVE('',#1120,#1128,#1130,.T.);
#1128 = VERTEX_POINT('',#1129);
#1129 = CARTESIAN_POINT('',(116.04029218007,-67.,6.3));
#1130 = LINE('',#1131,#1132);
#1131 = CARTESIAN_POINT('',(116.04029218007,-67.,5.3));
#1132 = VECTOR('',#1133,1.);
#1133 = DIRECTION('',(-0.,-0.,-1.));
#1134 = ORIENTED_EDGE('',*,*,#1135,.F.);
#1135 = EDGE_CURVE('',#1136,#1128,#1138,.T.);
#1136 = VERTEX_POINT('',#1137);
#1137 = CARTESIAN_POINT('',(128.50894763336,-67.,6.3));
#1138 = LINE('',#1139,#1140);
#1139 = CARTESIAN_POINT('',(133.8,-67.,6.3));
#1140 = VECTOR('',#1141,1.);
#1141 = DIRECTION('',(-1.,0.,0.));
#1142 = ORIENTED_EDGE('',*,*,#1143,.F.);
#1143 = EDGE_CURVE('',#1144,#1136,#1146,.T.);
#1144 = VERTEX_POINT('',#1145);
#1145 = CARTESIAN_POINT('',(128.50894763336,-67.,6.75));
#1146 = LINE('',#1147,#1148);
#1147 = CARTESIAN_POINT('',(128.50894763336,-67.,5.3));
#1148 = VECTOR('',#1149,1.);
#1149 = DIRECTION('',(-0.,-0.,-1.));
#1150 = ORIENTED_EDGE('',*,*,#1151,.F.);
#1151 = EDGE_CURVE('',#1152,#1144,#1154,.T.);
#1152 = VERTEX_POINT('',#1153);
#1153 = CARTESIAN_POINT('',(132.69105236663,-67.,6.75));
#1154 = LINE('',#1155,#1156);
#1155 = CARTESIAN_POINT('',(132.2,-67.,6.75));
#1156 = VECTOR('',#1157,1.);
#1157 = DIRECTION('',(-1.,0.,0.));
#1158 = ORIENTED_EDGE('',*,*,#1159,.T.);
#1159 = EDGE_CURVE('',#1152,#1088,#1160,.T.);
#1160 = LINE('',#1161,#1162);
#1161 = CARTESIAN_POINT('',(132.69105236663,-67.,5.3));
#1162 = VECTOR('',#1163,1.);
#1163 = DIRECTION('',(-0.,-0.,-1.));
#1164 = PLANE('',#1165);
#1165 = AXIS2_PLACEMENT_3D('',#1166,#1167,#1168);
#1166 = CARTESIAN_POINT('',(133.8,-67.,6.3));
#1167 = DIRECTION('',(0.,-1.,0.));
#1168 = DIRECTION('',(-1.,0.,0.));
#1169 = ADVANCED_FACE('',(#1170),#1182,.F.);
#1170 = FACE_BOUND('',#1171,.T.);
#1171 = EDGE_LOOP('',(#1172,#1173,#1180,#1181));
#1172 = ORIENTED_EDGE('',*,*,#775,.F.);
#1173 = ORIENTED_EDGE('',*,*,#1174,.T.);
#1174 = EDGE_CURVE('',#768,#1112,#1175,.T.);
#1175 = CIRCLE('',#1176,2.15);
#1176 = AXIS2_PLACEMENT_3D('',#1177,#1178,#1179);
#1177 = CARTESIAN_POINT('',(114.5,-65.5,6.75));
#1178 = DIRECTION('',(0.,0.,1.));
#1179 = DIRECTION('',(1.,0.,0.));
#1180 = ORIENTED_EDGE('',*,*,#1111,.T.);
#1181 = ORIENTED_EDGE('',*,*,#262,.T.);
#1182 = CYLINDRICAL_SURFACE('',#1183,2.15);
#1183 = AXIS2_PLACEMENT_3D('',#1184,#1185,#1186);
#1184 = CARTESIAN_POINT('',(114.5,-65.5,5.3));
#1185 = DIRECTION('',(-0.,-0.,-1.));
#1186 = DIRECTION('',(1.,0.,0.));
#1187 = ADVANCED_FACE('',(#1188),#1207,.F.);
#1188 = FACE_BOUND('',#1189,.T.);
#1189 = EDGE_LOOP('',(#1190,#1191,#1199,#1206));
#1190 = ORIENTED_EDGE('',*,*,#379,.T.);
#1191 = ORIENTED_EDGE('',*,*,#1192,.T.);
#1192 = EDGE_CURVE('',#380,#1193,#1195,.T.);
#1193 = VERTEX_POINT('',#1194);
#1194 = CARTESIAN_POINT('',(114.6,-52.8,6.8));
#1195 = LINE('',#1196,#1197);
#1196 = CARTESIAN_POINT('',(114.6,-52.8,6.2));
#1197 = VECTOR('',#1198,1.);
#1198 = DIRECTION('',(0.,0.,1.));
#1199 = ORIENTED_EDGE('',*,*,#1200,.T.);
#1200 = EDGE_CURVE('',#1193,#1193,#1201,.T.);
#1201 = CIRCLE('',#1202,1.6);
#1202 = AXIS2_PLACEMENT_3D('',#1203,#1204,#1205);
#1203 = CARTESIAN_POINT('',(113.,-52.8,6.8));
#1204 = DIRECTION('',(0.,0.,1.));
#1205 = DIRECTION('',(1.,0.,0.));
#1206 = ORIENTED_EDGE('',*,*,#1192,.F.);
#1207 = CYLINDRICAL_SURFACE('',#1208,1.6);
#1208 = AXIS2_PLACEMENT_3D('',#1209,#1210,#1211);
#1209 = CARTESIAN_POINT('',(113.,-52.8,6.2));
#1210 = DIRECTION('',(-0.,-0.,-1.));
#1211 = DIRECTION('',(1.,0.,0.));
#1212 = ADVANCED_FACE('',(#1213),#1247,.T.);
#1213 = FACE_BOUND('',#1214,.T.);
#1214 = EDGE_LOOP('',(#1215,#1225,#1231,#1232,#1233,#1241));
#1215 = ORIENTED_EDGE('',*,*,#1216,.F.);
#1216 = EDGE_CURVE('',#1217,#1219,#1221,.T.);
#1217 = VERTEX_POINT('',#1218);
#1218 = CARTESIAN_POINT('',(132.7174787184,-12.20721855511,6.3));
#1219 = VERTEX_POINT('',#1220);
#1220 = CARTESIAN_POINT('',(132.6,-12.20144719576,6.3));
#1221 = LINE('',#1222,#1223);
#1222 = CARTESIAN_POINT('',(128.50776967103,-12.00040881117,6.3));
#1223 = VECTOR('',#1224,1.);
#1224 = DIRECTION('',(-0.998795456205,4.906767432741E-02,0.));
#1225 = ORIENTED_EDGE('',*,*,#1226,.T.);
#1226 = EDGE_CURVE('',#1217,#575,#1227,.T.);
#1227 = LINE('',#1228,#1229);
#1228 = CARTESIAN_POINT('',(132.7174787184,-12.20721855511,6.2));
#1229 = VECTOR('',#1230,1.);
#1230 = DIRECTION('',(0.,0.,1.));
#1231 = ORIENTED_EDGE('',*,*,#582,.T.);
#1232 = ORIENTED_EDGE('',*,*,#828,.F.);
#1233 = ORIENTED_EDGE('',*,*,#1234,.F.);
#1234 = EDGE_CURVE('',#1235,#819,#1237,.T.);
#1235 = VERTEX_POINT('',#1236);
#1236 = CARTESIAN_POINT('',(132.6,-12.20144719576,12.1));
#1237 = LINE('',#1238,#1239);
#1238 = CARTESIAN_POINT('',(123.76200257046,-11.76726422378,12.1));
#1239 = VECTOR('',#1240,1.);
#1240 = DIRECTION('',(-0.998795456205,4.906767432741E-02,0.));
#1241 = ORIENTED_EDGE('',*,*,#1242,.F.);
#1242 = EDGE_CURVE('',#1219,#1235,#1243,.T.);
#1243 = LINE('',#1244,#1245);
#1244 = CARTESIAN_POINT('',(132.6,-12.20144719576,5.9));
#1245 = VECTOR('',#1246,1.);
#1246 = DIRECTION('',(0.,0.,1.));
#1247 = PLANE('',#1248);
#1248 = AXIS2_PLACEMENT_3D('',#1249,#1250,#1251);
#1249 = CARTESIAN_POINT('',(132.7174787184,-12.20721855511,6.2));
#1250 = DIRECTION('',(-4.906767432741E-02,-0.998795456205,0.));
#1251 = DIRECTION('',(-0.998795456205,4.906767432741E-02,0.));
#1252 = ADVANCED_FACE('',(#1253),#1271,.T.);
#1253 = FACE_BOUND('',#1254,.T.);
#1254 = EDGE_LOOP('',(#1255,#1263,#1264,#1265));
#1255 = ORIENTED_EDGE('',*,*,#1256,.F.);
#1256 = EDGE_CURVE('',#680,#1257,#1259,.T.);
#1257 = VERTEX_POINT('',#1258);
#1258 = CARTESIAN_POINT('',(133.79862057122,-65.79862057122,6.3));
#1259 = LINE('',#1260,#1261);
#1260 = CARTESIAN_POINT('',(129.03094887539,-66.03284126237,6.3));
#1261 = VECTOR('',#1262,1.);
#1262 = DIRECTION('',(0.998795456205,4.906767432757E-02,0.));
#1263 = ORIENTED_EDGE('',*,*,#679,.T.);
#1264 = ORIENTED_EDGE('',*,*,#438,.T.);
#1265 = ORIENTED_EDGE('',*,*,#1266,.F.);
#1266 = EDGE_CURVE('',#1257,#439,#1267,.T.);
#1267 = LINE('',#1268,#1269);
#1268 = CARTESIAN_POINT('',(133.79862057122,-65.79862057122,6.2));
#1269 = VECTOR('',#1270,1.);
#1270 = DIRECTION('',(0.,0.,1.));
#1271 = PLANE('',#1272);
#1272 = AXIS2_PLACEMENT_3D('',#1273,#1274,#1275);
#1273 = CARTESIAN_POINT('',(133.77054165346,-65.8,6.2));
#1274 = DIRECTION('',(-4.906767432757E-02,0.998795456205,0.));
#1275 = DIRECTION('',(0.998795456205,4.906767432757E-02,0.));
#1276 = ADVANCED_FACE('',(#1277),#1295,.T.);
#1277 = FACE_BOUND('',#1278,.T.);
#1278 = EDGE_LOOP('',(#1279,#1287,#1293,#1294));
#1279 = ORIENTED_EDGE('',*,*,#1280,.F.);
#1280 = EDGE_CURVE('',#1281,#1217,#1283,.T.);
#1281 = VERTEX_POINT('',#1282);
#1282 = CARTESIAN_POINT('',(132.83382605253,-12.22447705182,6.3));
#1283 = LINE('',#1284,#1285);
#1284 = CARTESIAN_POINT('',(129.95181741665,-11.79697145472,6.3));
#1285 = VECTOR('',#1286,1.);
#1286 = DIRECTION('',(-0.989176509965,0.146730474455,0.));
#1287 = ORIENTED_EDGE('',*,*,#1288,.T.);
#1288 = EDGE_CURVE('',#1281,#567,#1289,.T.);
#1289 = LINE('',#1290,#1291);
#1290 = CARTESIAN_POINT('',(132.83382605253,-12.22447705182,6.2));
#1291 = VECTOR('',#1292,1.);
#1292 = DIRECTION('',(0.,0.,1.));
#1293 = ORIENTED_EDGE('',*,*,#574,.T.);
#1294 = ORIENTED_EDGE('',*,*,#1226,.F.);
#1295 = PLANE('',#1296);
#1296 = AXIS2_PLACEMENT_3D('',#1297,#1298,#1299);
#1297 = CARTESIAN_POINT('',(132.83382605253,-12.22447705182,6.2));
#1298 = DIRECTION('',(-0.146730474455,-0.989176509965,0.));
#1299 = DIRECTION('',(-0.989176509965,0.146730474455,0.));
#1300 = ADVANCED_FACE('',(#1301),#1319,.T.);
#1301 = FACE_BOUND('',#1302,.T.);
#1302 = EDGE_LOOP('',(#1303,#1311,#1312,#1313));
#1303 = ORIENTED_EDGE('',*,*,#1304,.F.);
#1304 = EDGE_CURVE('',#1257,#1305,#1307,.T.);
#1305 = VERTEX_POINT('',#1306);
#1306 = CARTESIAN_POINT('',(133.8,-65.77054165346,6.3));
#1307 = LINE('',#1308,#1309);
#1308 = CARTESIAN_POINT('',(134.43985146906,-52.74606579013,6.3));
#1309 = VECTOR('',#1310,1.);
#1310 = DIRECTION('',(4.906767432734E-02,0.998795456205,0.));
#1311 = ORIENTED_EDGE('',*,*,#1266,.T.);
#1312 = ORIENTED_EDGE('',*,*,#446,.T.);
#1313 = ORIENTED_EDGE('',*,*,#1314,.F.);
#1314 = EDGE_CURVE('',#1305,#447,#1315,.T.);
#1315 = LINE('',#1316,#1317);
#1316 = CARTESIAN_POINT('',(133.8,-65.77054165346,6.2));
#1317 = VECTOR('',#1318,1.);
#1318 = DIRECTION('',(0.,0.,1.));
#1319 = PLANE('',#1320);
#1320 = AXIS2_PLACEMENT_3D('',#1321,#1322,#1323);
#1321 = CARTESIAN_POINT('',(133.79862057122,-65.79862057122,6.2));
#1322 = DIRECTION('',(-0.998795456205,4.906767432734E-02,0.));
#1323 = DIRECTION('',(4.906767432734E-02,0.998795456205,0.));
#1324 = ADVANCED_FACE('',(#1325),#1343,.T.);
#1325 = FACE_BOUND('',#1326,.T.);
#1326 = EDGE_LOOP('',(#1327,#1335,#1341,#1342));
#1327 = ORIENTED_EDGE('',*,*,#1328,.F.);
#1328 = EDGE_CURVE('',#1329,#1281,#1331,.T.);
#1329 = VERTEX_POINT('',#1330);
#1330 = CARTESIAN_POINT('',(132.94792151395,-12.25305647712,6.3));
#1331 = LINE('',#1332,#1333);
#1332 = CARTESIAN_POINT('',(131.41088282309,-11.86804832775,6.3));
#1333 = VECTOR('',#1334,1.);
#1334 = DIRECTION('',(-0.970031253195,0.242980179903,0.));
#1335 = ORIENTED_EDGE('',*,*,#1336,.T.);
#1336 = EDGE_CURVE('',#1329,#559,#1337,.T.);
#1337 = LINE('',#1338,#1339);
#1338 = CARTESIAN_POINT('',(132.94792151395,-12.25305647712,6.2));
#1339 = VECTOR('',#1340,1.);
#1340 = DIRECTION('',(0.,0.,1.));
#1341 = ORIENTED_EDGE('',*,*,#566,.T.);
#1342 = ORIENTED_EDGE('',*,*,#1288,.F.);
#1343 = PLANE('',#1344);
#1344 = AXIS2_PLACEMENT_3D('',#1345,#1346,#1347);
#1345 = CARTESIAN_POINT('',(132.94792151395,-12.25305647712,6.2));
#1346 = DIRECTION('',(-0.242980179903,-0.970031253195,0.));
#1347 = DIRECTION('',(-0.970031253195,0.242980179903,0.));
#1348 = ADVANCED_FACE('',(#1349),#1431,.T.);
#1349 = FACE_BOUND('',#1350,.T.);
#1350 = EDGE_LOOP('',(#1351,#1359,#1360,#1361,#1369,#1377,#1385,#1393,
    #1401,#1409,#1417,#1425));
#1351 = ORIENTED_EDGE('',*,*,#1352,.F.);
#1352 = EDGE_CURVE('',#1305,#1353,#1355,.T.);
#1353 = VERTEX_POINT('',#1354);
#1354 = CARTESIAN_POINT('',(133.8,-63.9,6.3));
#1355 = LINE('',#1356,#1357);
#1356 = CARTESIAN_POINT('',(133.8,-52.43420966695,6.3));
#1357 = VECTOR('',#1358,1.);
#1358 = DIRECTION('',(0.,1.,0.));
#1359 = ORIENTED_EDGE('',*,*,#1314,.T.);
#1360 = ORIENTED_EDGE('',*,*,#454,.T.);
#1361 = ORIENTED_EDGE('',*,*,#1362,.F.);
#1362 = EDGE_CURVE('',#1363,#455,#1365,.T.);
#1363 = VERTEX_POINT('',#1364);
#1364 = CARTESIAN_POINT('',(133.8,-13.42945834653,6.3));
#1365 = LINE('',#1366,#1367);
#1366 = CARTESIAN_POINT('',(133.8,-13.42945834653,6.2));
#1367 = VECTOR('',#1368,1.);
#1368 = DIRECTION('',(0.,0.,1.));
#1369 = ORIENTED_EDGE('',*,*,#1370,.F.);
#1370 = EDGE_CURVE('',#1371,#1363,#1373,.T.);
#1371 = VERTEX_POINT('',#1372);
#1372 = CARTESIAN_POINT('',(133.8,-51.13191726823,6.3));
#1373 = LINE('',#1374,#1375);
#1374 = CARTESIAN_POINT('',(133.8,-52.43420966695,6.3));
#1375 = VECTOR('',#1376,1.);
#1376 = DIRECTION('',(0.,1.,0.));
#1377 = ORIENTED_EDGE('',*,*,#1378,.F.);
#1378 = EDGE_CURVE('',#1379,#1371,#1381,.T.);
#1379 = VERTEX_POINT('',#1380);
#1380 = CARTESIAN_POINT('',(133.8,-51.13191726823,11.6));
#1381 = LINE('',#1382,#1383);
#1382 = CARTESIAN_POINT('',(133.8,-51.13191726823,6.3));
#1383 = VECTOR('',#1384,1.);
#1384 = DIRECTION('',(-0.,-0.,-1.));
#1385 = ORIENTED_EDGE('',*,*,#1386,.F.);
#1386 = EDGE_CURVE('',#1387,#1379,#1389,.T.);
#1387 = VERTEX_POINT('',#1388);
#1388 = CARTESIAN_POINT('',(133.8,-54.46808273176,11.6));
#1389 = LINE('',#1390,#1391);
#1390 = CARTESIAN_POINT('',(133.8,-59.28527082673,11.6));
#1391 = VECTOR('',#1392,1.);
#1392 = DIRECTION('',(0.,1.,0.));
#1393 = ORIENTED_EDGE('',*,*,#1394,.T.);
#1394 = EDGE_CURVE('',#1387,#1395,#1397,.T.);
#1395 = VERTEX_POINT('',#1396);
#1396 = CARTESIAN_POINT('',(133.8,-54.46808273176,6.3));
#1397 = LINE('',#1398,#1399);
#1398 = CARTESIAN_POINT('',(133.8,-54.46808273176,6.3));
#1399 = VECTOR('',#1400,1.);
#1400 = DIRECTION('',(-0.,-0.,-1.));
#1401 = ORIENTED_EDGE('',*,*,#1402,.F.);
#1402 = EDGE_CURVE('',#1403,#1395,#1405,.T.);
#1403 = VERTEX_POINT('',#1404);
#1404 = CARTESIAN_POINT('',(133.8,-55.4,6.3));
#1405 = LINE('',#1406,#1407);
#1406 = CARTESIAN_POINT('',(133.8,-52.43420966695,6.3));
#1407 = VECTOR('',#1408,1.);
#1408 = DIRECTION('',(0.,1.,0.));
#1409 = ORIENTED_EDGE('',*,*,#1410,.F.);
#1410 = EDGE_CURVE('',#1411,#1403,#1413,.T.);
#1411 = VERTEX_POINT('',#1412);
#1412 = CARTESIAN_POINT('',(133.8,-55.4,9.2));
#1413 = LINE('',#1414,#1415);
#1414 = CARTESIAN_POINT('',(133.8,-55.4,5.65));
#1415 = VECTOR('',#1416,1.);
#1416 = DIRECTION('',(0.,0.,-1.));
#1417 = ORIENTED_EDGE('',*,*,#1418,.F.);
#1418 = EDGE_CURVE('',#1419,#1411,#1421,.T.);
#1419 = VERTEX_POINT('',#1420);
#1420 = CARTESIAN_POINT('',(133.8,-63.9,9.2));
#1421 = LINE('',#1422,#1423);
#1422 = CARTESIAN_POINT('',(133.8,-64.83527082673,9.2));
#1423 = VECTOR('',#1424,1.);
#1424 = DIRECTION('',(0.,1.,0.));
#1425 = ORIENTED_EDGE('',*,*,#1426,.T.);
#1426 = EDGE_CURVE('',#1419,#1353,#1427,.T.);
#1427 = LINE('',#1428,#1429);
#1428 = CARTESIAN_POINT('',(133.8,-63.9,5.65));
#1429 = VECTOR('',#1430,1.);
#1430 = DIRECTION('',(0.,0.,-1.));
#1431 = PLANE('',#1432);
#1432 = AXIS2_PLACEMENT_3D('',#1433,#1434,#1435);
#1433 = CARTESIAN_POINT('',(133.8,-65.77054165346,6.2));
#1434 = DIRECTION('',(-1.,0.,0.));
#1435 = DIRECTION('',(0.,1.,0.));
#1436 = ADVANCED_FACE('',(#1437),#1455,.T.);
#1437 = FACE_BOUND('',#1438,.T.);
#1438 = EDGE_LOOP('',(#1439,#1447,#1453,#1454));
#1439 = ORIENTED_EDGE('',*,*,#1440,.F.);
#1440 = EDGE_CURVE('',#1441,#1329,#1443,.T.);
#1441 = VERTEX_POINT('',#1442);
#1442 = CARTESIAN_POINT('',(133.05866630099,-12.29268159553,6.3));
#1443 = LINE('',#1444,#1445);
#1444 = CARTESIAN_POINT('',(132.83219686082,-12.21164953413,6.3));
#1445 = VECTOR('',#1446,1.);
#1446 = DIRECTION('',(-0.941544065183,0.336889853392,0.));
#1447 = ORIENTED_EDGE('',*,*,#1448,.T.);
#1448 = EDGE_CURVE('',#1441,#551,#1449,.T.);
#1449 = LINE('',#1450,#1451);
#1450 = CARTESIAN_POINT('',(133.05866630099,-12.29268159553,6.2));
#1451 = VECTOR('',#1452,1.);
#1452 = DIRECTION('',(0.,0.,1.));
#1453 = ORIENTED_EDGE('',*,*,#558,.T.);
#1454 = ORIENTED_EDGE('',*,*,#1336,.F.);
#1455 = PLANE('',#1456);
#1456 = AXIS2_PLACEMENT_3D('',#1457,#1458,#1459);
#1457 = CARTESIAN_POINT('',(133.05866630099,-12.29268159553,6.2));
#1458 = DIRECTION('',(-0.336889853392,-0.941544065183,0.));
#1459 = DIRECTION('',(-0.941544065183,0.336889853392,0.));
#1460 = ADVANCED_FACE('',(#1461),#1479,.T.);
#1461 = FACE_BOUND('',#1462,.T.);
#1462 = EDGE_LOOP('',(#1463,#1471,#1472,#1473));
#1463 = ORIENTED_EDGE('',*,*,#1464,.F.);
#1464 = EDGE_CURVE('',#1363,#1465,#1467,.T.);
#1465 = VERTEX_POINT('',#1466);
#1466 = CARTESIAN_POINT('',(133.79278144488,-13.28252128159,6.3));
#1467 = LINE('',#1468,#1469);
#1468 = CARTESIAN_POINT('',(134.41593288652,-25.96706027729,6.3));
#1469 = VECTOR('',#1470,1.);
#1470 = DIRECTION('',(-4.906767432747E-02,0.998795456205,0.));
#1471 = ORIENTED_EDGE('',*,*,#1362,.T.);
#1472 = ORIENTED_EDGE('',*,*,#462,.T.);
#1473 = ORIENTED_EDGE('',*,*,#1474,.F.);
#1474 = EDGE_CURVE('',#1465,#463,#1475,.T.);
#1475 = LINE('',#1476,#1477);
#1476 = CARTESIAN_POINT('',(133.79278144488,-13.28252128159,6.2));
#1477 = VECTOR('',#1478,1.);
#1478 = DIRECTION('',(0.,0.,1.));
#1479 = PLANE('',#1480);
#1480 = AXIS2_PLACEMENT_3D('',#1481,#1482,#1483);
#1481 = CARTESIAN_POINT('',(133.8,-13.42945834653,6.2));
#1482 = DIRECTION('',(-0.998795456205,-4.906767432747E-02,0.));
#1483 = DIRECTION('',(-4.906767432747E-02,0.998795456205,0.));
#1484 = ADVANCED_FACE('',(#1485),#1503,.T.);
#1485 = FACE_BOUND('',#1486,.T.);
#1486 = EDGE_LOOP('',(#1487,#1495,#1501,#1502));
#1487 = ORIENTED_EDGE('',*,*,#1488,.F.);
#1488 = EDGE_CURVE('',#1489,#1441,#1491,.T.);
#1489 = VERTEX_POINT('',#1490);
#1490 = CARTESIAN_POINT('',(133.16499388083,-12.3429707955,6.3));
#1491 = LINE('',#1492,#1493);
#1492 = CARTESIAN_POINT('',(134.16435267962,-12.8156323058,6.3));
#1493 = VECTOR('',#1494,1.);
#1494 = DIRECTION('',(-0.903989293123,0.42755509343,0.));
#1495 = ORIENTED_EDGE('',*,*,#1496,.T.);
#1496 = EDGE_CURVE('',#1489,#543,#1497,.T.);
#1497 = LINE('',#1498,#1499);
#1498 = CARTESIAN_POINT('',(133.16499388083,-12.3429707955,6.2));
#1499 = VECTOR('',#1500,1.);
#1500 = DIRECTION('',(0.,0.,1.));
#1501 = ORIENTED_EDGE('',*,*,#550,.T.);
#1502 = ORIENTED_EDGE('',*,*,#1448,.F.);
#1503 = PLANE('',#1504);
#1504 = AXIS2_PLACEMENT_3D('',#1505,#1506,#1507);
#1505 = CARTESIAN_POINT('',(133.16499388083,-12.3429707955,6.2));
#1506 = DIRECTION('',(-0.42755509343,-0.903989293123,0.));
#1507 = DIRECTION('',(-0.903989293123,0.42755509343,0.));
#1508 = ADVANCED_FACE('',(#1509),#1527,.T.);
#1509 = FACE_BOUND('',#1510,.T.);
#1510 = EDGE_LOOP('',(#1511,#1519,#1520,#1521));
#1511 = ORIENTED_EDGE('',*,*,#1512,.F.);
#1512 = EDGE_CURVE('',#1465,#1513,#1515,.T.);
#1513 = VERTEX_POINT('',#1514);
#1514 = CARTESIAN_POINT('',(133.77552294818,-13.16617394746,6.3));
#1515 = LINE('',#1516,#1517);
#1516 = CARTESIAN_POINT('',(135.54958240243,-25.12591132271,6.3));
#1517 = VECTOR('',#1518,1.);
#1518 = DIRECTION('',(-0.146730474455,0.989176509965,0.));
#1519 = ORIENTED_EDGE('',*,*,#1474,.T.);
#1520 = ORIENTED_EDGE('',*,*,#470,.T.);
#1521 = ORIENTED_EDGE('',*,*,#1522,.F.);
#1522 = EDGE_CURVE('',#1513,#471,#1523,.T.);
#1523 = LINE('',#1524,#1525);
#1524 = CARTESIAN_POINT('',(133.77552294818,-13.16617394746,6.2));
#1525 = VECTOR('',#1526,1.);
#1526 = DIRECTION('',(0.,0.,1.));
#1527 = PLANE('',#1528);
#1528 = AXIS2_PLACEMENT_3D('',#1529,#1530,#1531);
#1529 = CARTESIAN_POINT('',(133.79278144488,-13.28252128159,6.2));
#1530 = DIRECTION('',(-0.989176509965,-0.146730474455,0.));
#1531 = DIRECTION('',(-0.146730474455,0.989176509965,0.));
#1532 = ADVANCED_FACE('',(#1533),#1551,.T.);
#1533 = FACE_BOUND('',#1534,.T.);
#1534 = EDGE_LOOP('',(#1535,#1543,#1549,#1550));
#1535 = ORIENTED_EDGE('',*,*,#1536,.F.);
#1536 = EDGE_CURVE('',#1537,#1489,#1539,.T.);
#1537 = VERTEX_POINT('',#1538);
#1538 = CARTESIAN_POINT('',(133.26588026073,-12.40343976453,6.3));
#1539 = LINE('',#1540,#1541);
#1540 = CARTESIAN_POINT('',(135.35925019764,-13.65815741838,6.3));
#1541 = VECTOR('',#1542,1.);
#1542 = DIRECTION('',(-0.85772861,0.514102744193,0.));
#1543 = ORIENTED_EDGE('',*,*,#1544,.T.);
#1544 = EDGE_CURVE('',#1537,#535,#1545,.T.);
#1545 = LINE('',#1546,#1547);
#1546 = CARTESIAN_POINT('',(133.26588026073,-12.40343976453,6.2));
#1547 = VECTOR('',#1548,1.);
#1548 = DIRECTION('',(0.,0.,1.));
#1549 = ORIENTED_EDGE('',*,*,#542,.T.);
#1550 = ORIENTED_EDGE('',*,*,#1496,.F.);
#1551 = PLANE('',#1552);
#1552 = AXIS2_PLACEMENT_3D('',#1553,#1554,#1555);
#1553 = CARTESIAN_POINT('',(133.26588026073,-12.40343976453,6.2));
#1554 = DIRECTION('',(-0.514102744193,-0.85772861,0.));
#1555 = DIRECTION('',(-0.85772861,0.514102744193,0.));
#1556 = ADVANCED_FACE('',(#1557),#1575,.T.);
#1557 = FACE_BOUND('',#1558,.T.);
#1558 = EDGE_LOOP('',(#1559,#1567,#1568,#1569));
#1559 = ORIENTED_EDGE('',*,*,#1560,.F.);
#1560 = EDGE_CURVE('',#1513,#1561,#1563,.T.);
#1561 = VERTEX_POINT('',#1562);
#1562 = CARTESIAN_POINT('',(133.74694352287,-13.05207848605,6.3));
#1563 = LINE('',#1564,#1565);
#1564 = CARTESIAN_POINT('',(136.51218447339,-24.09153917657,6.3));
#1565 = VECTOR('',#1566,1.);
#1566 = DIRECTION('',(-0.242980179903,0.970031253195,0.));
#1567 = ORIENTED_EDGE('',*,*,#1522,.T.);
#1568 = ORIENTED_EDGE('',*,*,#478,.T.);
#1569 = ORIENTED_EDGE('',*,*,#1570,.F.);
#1570 = EDGE_CURVE('',#1561,#479,#1571,.T.);
#1571 = LINE('',#1572,#1573);
#1572 = CARTESIAN_POINT('',(133.74694352287,-13.05207848605,6.2));
#1573 = VECTOR('',#1574,1.);
#1574 = DIRECTION('',(0.,0.,1.));
#1575 = PLANE('',#1576);
#1576 = AXIS2_PLACEMENT_3D('',#1577,#1578,#1579);
#1577 = CARTESIAN_POINT('',(133.77552294818,-13.16617394746,6.2));
#1578 = DIRECTION('',(-0.970031253195,-0.242980179903,0.));
#1579 = DIRECTION('',(-0.242980179903,0.970031253195,0.));
#1580 = ADVANCED_FACE('',(#1581),#1599,.T.);
#1581 = FACE_BOUND('',#1582,.T.);
#1582 = EDGE_LOOP('',(#1583,#1591,#1597,#1598));
#1583 = ORIENTED_EDGE('',*,*,#1584,.F.);
#1584 = EDGE_CURVE('',#1585,#1537,#1587,.T.);
#1585 = VERTEX_POINT('',#1586);
#1586 = CARTESIAN_POINT('',(133.36035384972,-12.47350615341,6.3));
#1587 = LINE('',#1588,#1589);
#1588 = CARTESIAN_POINT('',(136.37391476455,-14.70851525212,6.3));
#1589 = VECTOR('',#1590,1.);
#1590 = DIRECTION('',(-0.803207531481,0.595699304492,0.));
#1591 = ORIENTED_EDGE('',*,*,#1592,.T.);
#1592 = EDGE_CURVE('',#1585,#527,#1593,.T.);
#1593 = LINE('',#1594,#1595);
#1594 = CARTESIAN_POINT('',(133.36035384972,-12.47350615341,6.2));
#1595 = VECTOR('',#1596,1.);
#1596 = DIRECTION('',(0.,0.,1.));
#1597 = ORIENTED_EDGE('',*,*,#534,.T.);
#1598 = ORIENTED_EDGE('',*,*,#1544,.F.);
#1599 = PLANE('',#1600);
#1600 = AXIS2_PLACEMENT_3D('',#1601,#1602,#1603);
#1601 = CARTESIAN_POINT('',(133.36035384972,-12.47350615341,6.2));
#1602 = DIRECTION('',(-0.595699304492,-0.803207531481,0.));
#1603 = DIRECTION('',(-0.803207531481,0.595699304492,0.));
#1604 = ADVANCED_FACE('',(#1605),#1623,.T.);
#1605 = FACE_BOUND('',#1606,.T.);
#1606 = EDGE_LOOP('',(#1607,#1615,#1616,#1617));
#1607 = ORIENTED_EDGE('',*,*,#1608,.F.);
#1608 = EDGE_CURVE('',#1561,#1609,#1611,.T.);
#1609 = VERTEX_POINT('',#1610);
#1610 = CARTESIAN_POINT('',(133.70731840446,-12.941333699,6.3));
#1611 = LINE('',#1612,#1613);
#1612 = CARTESIAN_POINT('',(137.26544471063,-22.8856305456,6.3));
#1613 = VECTOR('',#1614,1.);
#1614 = DIRECTION('',(-0.336889853392,0.941544065183,0.));
#1615 = ORIENTED_EDGE('',*,*,#1570,.T.);
#1616 = ORIENTED_EDGE('',*,*,#486,.T.);
#1617 = ORIENTED_EDGE('',*,*,#1618,.F.);
#1618 = EDGE_CURVE('',#1609,#487,#1619,.T.);
#1619 = LINE('',#1620,#1621);
#1620 = CARTESIAN_POINT('',(133.70731840446,-12.941333699,6.2));
#1621 = VECTOR('',#1622,1.);
#1622 = DIRECTION('',(0.,0.,1.));
#1623 = PLANE('',#1624);
#1624 = AXIS2_PLACEMENT_3D('',#1625,#1626,#1627);
#1625 = CARTESIAN_POINT('',(133.74694352287,-13.05207848605,6.2));
#1626 = DIRECTION('',(-0.941544065183,-0.336889853392,0.));
#1627 = DIRECTION('',(-0.336889853392,0.941544065183,0.));
#1628 = ADVANCED_FACE('',(#1629),#1647,.T.);
#1629 = FACE_BOUND('',#1630,.T.);
#1630 = EDGE_LOOP('',(#1631,#1639,#1645,#1646));
#1631 = ORIENTED_EDGE('',*,*,#1632,.F.);
#1632 = EDGE_CURVE('',#1633,#1585,#1635,.T.);
#1633 = VERTEX_POINT('',#1634);
#1634 = CARTESIAN_POINT('',(133.44750481548,-12.55249518451,6.3));
#1635 = LINE('',#1636,#1637);
#1636 = CARTESIAN_POINT('',(137.1721202951,-15.92828988015,6.3));
#1637 = VECTOR('',#1638,1.);
#1638 = DIRECTION('',(-0.740951125355,0.671558954847,0.));
#1639 = ORIENTED_EDGE('',*,*,#1640,.T.);
#1640 = EDGE_CURVE('',#1633,#519,#1641,.T.);
#1641 = LINE('',#1642,#1643);
#1642 = CARTESIAN_POINT('',(133.44750481548,-12.55249518451,6.2));
#1643 = VECTOR('',#1644,1.);
#1644 = DIRECTION('',(0.,0.,1.));
#1645 = ORIENTED_EDGE('',*,*,#526,.T.);
#1646 = ORIENTED_EDGE('',*,*,#1592,.F.);
#1647 = PLANE('',#1648);
#1648 = AXIS2_PLACEMENT_3D('',#1649,#1650,#1651);
#1649 = CARTESIAN_POINT('',(133.44750481548,-12.55249518451,6.2));
#1650 = DIRECTION('',(-0.671558954847,-0.740951125355,0.));
#1651 = DIRECTION('',(-0.740951125355,0.671558954847,0.));
#1652 = ADVANCED_FACE('',(#1653),#1671,.T.);
#1653 = FACE_BOUND('',#1654,.T.);
#1654 = EDGE_LOOP('',(#1655,#1663,#1664,#1665));
#1655 = ORIENTED_EDGE('',*,*,#1656,.F.);
#1656 = EDGE_CURVE('',#1609,#1657,#1659,.T.);
#1657 = VERTEX_POINT('',#1658);
#1658 = CARTESIAN_POINT('',(133.6570292045,-12.83500611917,6.3));
#1659 = LINE('',#1660,#1661);
#1660 = CARTESIAN_POINT('',(137.77951316392,-21.5512661232,6.3));
#1661 = VECTOR('',#1662,1.);
#1662 = DIRECTION('',(-0.42755509343,0.903989293123,0.));
#1663 = ORIENTED_EDGE('',*,*,#1618,.T.);
#1664 = ORIENTED_EDGE('',*,*,#494,.T.);
#1665 = ORIENTED_EDGE('',*,*,#1666,.F.);
#1666 = EDGE_CURVE('',#1657,#495,#1667,.T.);
#1667 = LINE('',#1668,#1669);
#1668 = CARTESIAN_POINT('',(133.6570292045,-12.83500611917,6.2));
#1669 = VECTOR('',#1670,1.);
#1670 = DIRECTION('',(0.,0.,1.));
#1671 = PLANE('',#1672);
#1672 = AXIS2_PLACEMENT_3D('',#1673,#1674,#1675);
#1673 = CARTESIAN_POINT('',(133.70731840446,-12.941333699,6.2));
#1674 = DIRECTION('',(-0.903989293123,-0.42755509343,0.));
#1675 = DIRECTION('',(-0.42755509343,0.903989293123,0.));
#1676 = ADVANCED_FACE('',(#1677),#1695,.T.);
#1677 = FACE_BOUND('',#1678,.T.);
#1678 = EDGE_LOOP('',(#1679,#1687,#1693,#1694));
#1679 = ORIENTED_EDGE('',*,*,#1680,.F.);
#1680 = EDGE_CURVE('',#1681,#1633,#1683,.T.);
#1681 = VERTEX_POINT('',#1682);
#1682 = CARTESIAN_POINT('',(133.52649384658,-12.63964615027,6.3));
#1683 = LINE('',#1684,#1685);
#1684 = CARTESIAN_POINT('',(137.72575477056,-17.27281660363,6.3));
#1685 = VECTOR('',#1686,1.);
#1686 = DIRECTION('',(-0.671558954847,0.740951125355,0.));
#1687 = ORIENTED_EDGE('',*,*,#1688,.T.);
#1688 = EDGE_CURVE('',#1681,#511,#1689,.T.);
#1689 = LINE('',#1690,#1691);
#1690 = CARTESIAN_POINT('',(133.52649384658,-12.63964615027,6.2));
#1691 = VECTOR('',#1692,1.);
#1692 = DIRECTION('',(0.,0.,1.));
#1693 = ORIENTED_EDGE('',*,*,#518,.T.);
#1694 = ORIENTED_EDGE('',*,*,#1640,.F.);
#1695 = PLANE('',#1696);
#1696 = AXIS2_PLACEMENT_3D('',#1697,#1698,#1699);
#1697 = CARTESIAN_POINT('',(133.52649384658,-12.63964615027,6.2));
#1698 = DIRECTION('',(-0.740951125355,-0.671558954847,0.));
#1699 = DIRECTION('',(-0.671558954847,0.740951125355,0.));
#1700 = ADVANCED_FACE('',(#1701),#1719,.T.);
#1701 = FACE_BOUND('',#1702,.T.);
#1702 = EDGE_LOOP('',(#1703,#1711,#1712,#1713));
#1703 = ORIENTED_EDGE('',*,*,#1704,.F.);
#1704 = EDGE_CURVE('',#1657,#1705,#1707,.T.);
#1705 = VERTEX_POINT('',#1706);
#1706 = CARTESIAN_POINT('',(133.59656023546,-12.73411973926,6.3));
#1707 = LINE('',#1708,#1709);
#1708 = CARTESIAN_POINT('',(138.03341653293,-20.13656726126,6.3));
#1709 = VECTOR('',#1710,1.);
#1710 = DIRECTION('',(-0.514102744193,0.85772861,0.));
#1711 = ORIENTED_EDGE('',*,*,#1666,.T.);
#1712 = ORIENTED_EDGE('',*,*,#502,.T.);
#1713 = ORIENTED_EDGE('',*,*,#1714,.F.);
#1714 = EDGE_CURVE('',#1705,#503,#1715,.T.);
#1715 = LINE('',#1716,#1717);
#1716 = CARTESIAN_POINT('',(133.59656023546,-12.73411973926,6.2));
#1717 = VECTOR('',#1718,1.);
#1718 = DIRECTION('',(0.,0.,1.));
#1719 = PLANE('',#1720);
#1720 = AXIS2_PLACEMENT_3D('',#1721,#1722,#1723);
#1721 = CARTESIAN_POINT('',(133.6570292045,-12.83500611917,6.2));
#1722 = DIRECTION('',(-0.85772861,-0.514102744193,0.));
#1723 = DIRECTION('',(-0.514102744193,0.85772861,0.));
#1724 = ADVANCED_FACE('',(#1725),#1736,.T.);
#1725 = FACE_BOUND('',#1726,.T.);
#1726 = EDGE_LOOP('',(#1727,#1733,#1734,#1735));
#1727 = ORIENTED_EDGE('',*,*,#1728,.F.);
#1728 = EDGE_CURVE('',#1705,#1681,#1729,.T.);
#1729 = LINE('',#1730,#1731);
#1730 = CARTESIAN_POINT('',(138.01587588881,-18.69287710224,6.3));
#1731 = VECTOR('',#1732,1.);
#1732 = DIRECTION('',(-0.595699304492,0.803207531481,0.));
#1733 = ORIENTED_EDGE('',*,*,#1714,.T.);
#1734 = ORIENTED_EDGE('',*,*,#510,.T.);
#1735 = ORIENTED_EDGE('',*,*,#1688,.F.);
#1736 = PLANE('',#1737);
#1737 = AXIS2_PLACEMENT_3D('',#1738,#1739,#1740);
#1738 = CARTESIAN_POINT('',(133.59656023546,-12.73411973926,6.2));
#1739 = DIRECTION('',(-0.803207531481,-0.595699304492,0.));
#1740 = DIRECTION('',(-0.595699304492,0.803207531481,0.));
#1741 = ADVANCED_FACE('',(#1742),#1767,.T.);
#1742 = FACE_BOUND('',#1743,.T.);
#1743 = EDGE_LOOP('',(#1744,#1752,#1753,#1761));
#1744 = ORIENTED_EDGE('',*,*,#1745,.F.);
#1745 = EDGE_CURVE('',#615,#1746,#1748,.T.);
#1746 = VERTEX_POINT('',#1747);
#1747 = CARTESIAN_POINT('',(130.95,-53.,12.725));
#1748 = LINE('',#1749,#1750);
#1749 = CARTESIAN_POINT('',(130.95,-53.,10.9));
#1750 = VECTOR('',#1751,1.);
#1751 = DIRECTION('',(0.,0.,1.));
#1752 = ORIENTED_EDGE('',*,*,#614,.T.);
#1753 = ORIENTED_EDGE('',*,*,#1754,.T.);
#1754 = EDGE_CURVE('',#617,#1755,#1757,.T.);
#1755 = VERTEX_POINT('',#1756);
#1756 = CARTESIAN_POINT('',(115.05,-53.,12.725));
#1757 = LINE('',#1758,#1759);
#1758 = CARTESIAN_POINT('',(115.05,-53.,10.9));
#1759 = VECTOR('',#1760,1.);
#1760 = DIRECTION('',(0.,0.,1.));
#1761 = ORIENTED_EDGE('',*,*,#1762,.T.);
#1762 = EDGE_CURVE('',#1755,#1746,#1763,.T.);
#1763 = LINE('',#1764,#1765);
#1764 = CARTESIAN_POINT('',(115.05,-53.,12.725));
#1765 = VECTOR('',#1766,1.);
#1766 = DIRECTION('',(1.,0.,0.));
#1767 = PLANE('',#1768);
#1768 = AXIS2_PLACEMENT_3D('',#1769,#1770,#1771);
#1769 = CARTESIAN_POINT('',(115.05,-53.,10.9));
#1770 = DIRECTION('',(0.,1.,0.));
#1771 = DIRECTION('',(0.,0.,1.));
#1772 = ADVANCED_FACE('',(#1773),#1785,.F.);
#1773 = FACE_BOUND('',#1774,.F.);
#1774 = EDGE_LOOP('',(#1775,#1776,#1777,#1778));
#1775 = ORIENTED_EDGE('',*,*,#767,.F.);
#1776 = ORIENTED_EDGE('',*,*,#1174,.T.);
#1777 = ORIENTED_EDGE('',*,*,#1119,.F.);
#1778 = ORIENTED_EDGE('',*,*,#1779,.T.);
#1779 = EDGE_CURVE('',#1120,#760,#1780,.T.);
#1780 = CIRCLE('',#1781,2.15);
#1781 = AXIS2_PLACEMENT_3D('',#1782,#1783,#1784);
#1782 = CARTESIAN_POINT('',(114.5,-65.5,6.75));
#1783 = DIRECTION('',(0.,0.,1.));
#1784 = DIRECTION('',(1.,0.,0.));
#1785 = PLANE('',#1786);
#1786 = AXIS2_PLACEMENT_3D('',#1787,#1788,#1789);
#1787 = CARTESIAN_POINT('',(114.5,-65.5,6.75));
#1788 = DIRECTION('',(0.,0.,1.));
#1789 = DIRECTION('',(1.,0.,0.));
#1790 = ADVANCED_FACE('',(#1791),#1803,.F.);
#1791 = FACE_BOUND('',#1792,.T.);
#1792 = EDGE_LOOP('',(#1793,#1794,#1795,#1802));
#1793 = ORIENTED_EDGE('',*,*,#1779,.T.);
#1794 = ORIENTED_EDGE('',*,*,#759,.T.);
#1795 = ORIENTED_EDGE('',*,*,#1796,.T.);
#1796 = EDGE_CURVE('',#752,#1128,#1797,.T.);
#1797 = CIRCLE('',#1798,2.15);
#1798 = AXIS2_PLACEMENT_3D('',#1799,#1800,#1801);
#1799 = CARTESIAN_POINT('',(114.5,-65.5,6.3));
#1800 = DIRECTION('',(0.,0.,-1.));
#1801 = DIRECTION('',(1.,0.,0.));
#1802 = ORIENTED_EDGE('',*,*,#1127,.F.);
#1803 = CYLINDRICAL_SURFACE('',#1804,2.15);
#1804 = AXIS2_PLACEMENT_3D('',#1805,#1806,#1807);
#1805 = CARTESIAN_POINT('',(114.5,-65.5,5.3));
#1806 = DIRECTION('',(-0.,-0.,-1.));
#1807 = DIRECTION('',(1.,0.,0.));
#1808 = ADVANCED_FACE('',(#1809,#1838),#1849,.T.);
#1809 = FACE_BOUND('',#1810,.T.);
#1810 = EDGE_LOOP('',(#1811,#1820,#1821,#1828,#1829,#1830,#1831));
#1811 = ORIENTED_EDGE('',*,*,#1812,.F.);
#1812 = EDGE_CURVE('',#720,#1813,#1815,.T.);
#1813 = VERTEX_POINT('',#1814);
#1814 = CARTESIAN_POINT('',(124.65,-64.7,6.3));
#1815 = CIRCLE('',#1816,1.85);
#1816 = AXIS2_PLACEMENT_3D('',#1817,#1818,#1819);
#1817 = CARTESIAN_POINT('',(122.8,-64.7,6.3));
#1818 = DIRECTION('',(0.,0.,1.));
#1819 = DIRECTION('',(1.,0.,0.));
#1820 = ORIENTED_EDGE('',*,*,#719,.T.);
#1821 = ORIENTED_EDGE('',*,*,#1822,.F.);
#1822 = EDGE_CURVE('',#1136,#712,#1823,.T.);
#1823 = CIRCLE('',#1824,2.15);
#1824 = AXIS2_PLACEMENT_3D('',#1825,#1826,#1827);
#1825 = CARTESIAN_POINT('',(130.6,-66.5,6.3));
#1826 = DIRECTION('',(0.,0.,-1.));
#1827 = DIRECTION('',(1.,0.,0.));
#1828 = ORIENTED_EDGE('',*,*,#1135,.T.);
#1829 = ORIENTED_EDGE('',*,*,#1796,.F.);
#1830 = ORIENTED_EDGE('',*,*,#751,.T.);
#1831 = ORIENTED_EDGE('',*,*,#1832,.F.);
#1832 = EDGE_CURVE('',#1813,#744,#1833,.T.);
#1833 = CIRCLE('',#1834,1.85);
#1834 = AXIS2_PLACEMENT_3D('',#1835,#1836,#1837);
#1835 = CARTESIAN_POINT('',(122.8,-64.7,6.3));
#1836 = DIRECTION('',(0.,0.,1.));
#1837 = DIRECTION('',(1.,0.,0.));
#1838 = FACE_BOUND('',#1839,.T.);
#1839 = EDGE_LOOP('',(#1840));
#1840 = ORIENTED_EDGE('',*,*,#1841,.F.);
#1841 = EDGE_CURVE('',#1842,#1842,#1844,.T.);
#1842 = VERTEX_POINT('',#1843);
#1843 = CARTESIAN_POINT('',(124.4,-64.7,6.3));
#1844 = CIRCLE('',#1845,1.6);
#1845 = AXIS2_PLACEMENT_3D('',#1846,#1847,#1848);
#1846 = CARTESIAN_POINT('',(122.8,-64.7,6.3));
#1847 = DIRECTION('',(0.,0.,-1.));
#1848 = DIRECTION('',(1.,0.,0.));
#1849 = PLANE('',#1850);
#1850 = AXIS2_PLACEMENT_3D('',#1851,#1852,#1853);
#1851 = CARTESIAN_POINT('',(115.73647631947,-46.10224167393,6.3));
#1852 = DIRECTION('',(-0.,-0.,-1.));
#1853 = DIRECTION('',(-1.,0.,0.));
#1854 = ADVANCED_FACE('',(#1855),#1877,.T.);
#1855 = FACE_BOUND('',#1856,.F.);
#1856 = EDGE_LOOP('',(#1857,#1858,#1867,#1874,#1875,#1876));
#1857 = ORIENTED_EDGE('',*,*,#727,.F.);
#1858 = ORIENTED_EDGE('',*,*,#1859,.T.);
#1859 = EDGE_CURVE('',#728,#1860,#1862,.T.);
#1860 = VERTEX_POINT('',#1861);
#1861 = CARTESIAN_POINT('',(124.65,-64.7,11.6));
#1862 = CIRCLE('',#1863,1.85);
#1863 = AXIS2_PLACEMENT_3D('',#1864,#1865,#1866);
#1864 = CARTESIAN_POINT('',(122.8,-64.7,11.6));
#1865 = DIRECTION('',(0.,0.,1.));
#1866 = DIRECTION('',(1.,0.,0.));
#1867 = ORIENTED_EDGE('',*,*,#1868,.T.);
#1868 = EDGE_CURVE('',#1860,#736,#1869,.T.);
#1869 = CIRCLE('',#1870,1.85);
#1870 = AXIS2_PLACEMENT_3D('',#1871,#1872,#1873);
#1871 = CARTESIAN_POINT('',(122.8,-64.7,11.6));
#1872 = DIRECTION('',(0.,0.,1.));
#1873 = DIRECTION('',(1.,0.,0.));
#1874 = ORIENTED_EDGE('',*,*,#743,.T.);
#1875 = ORIENTED_EDGE('',*,*,#1832,.F.);
#1876 = ORIENTED_EDGE('',*,*,#1812,.F.);
#1877 = CYLINDRICAL_SURFACE('',#1878,1.85);
#1878 = AXIS2_PLACEMENT_3D('',#1879,#1880,#1881);
#1879 = CARTESIAN_POINT('',(122.8,-64.7,6.3));
#1880 = DIRECTION('',(-0.,-0.,-1.));
#1881 = DIRECTION('',(1.,0.,0.));
#1882 = ADVANCED_FACE('',(#1883),#1888,.T.);
#1883 = FACE_BOUND('',#1884,.T.);
#1884 = EDGE_LOOP('',(#1885,#1886,#1887));
#1885 = ORIENTED_EDGE('',*,*,#1859,.T.);
#1886 = ORIENTED_EDGE('',*,*,#1868,.T.);
#1887 = ORIENTED_EDGE('',*,*,#735,.T.);
#1888 = PLANE('',#1889);
#1889 = AXIS2_PLACEMENT_3D('',#1890,#1891,#1892);
#1890 = CARTESIAN_POINT('',(122.8,-64.7,11.6));
#1891 = DIRECTION('',(0.,0.,1.));
#1892 = DIRECTION('',(1.,0.,0.));
#1893 = ADVANCED_FACE('',(#1894),#1906,.F.);
#1894 = FACE_BOUND('',#1895,.T.);
#1895 = EDGE_LOOP('',(#1896,#1897,#1904,#1905));
#1896 = ORIENTED_EDGE('',*,*,#711,.F.);
#1897 = ORIENTED_EDGE('',*,*,#1898,.T.);
#1898 = EDGE_CURVE('',#704,#1144,#1899,.T.);
#1899 = CIRCLE('',#1900,2.15);
#1900 = AXIS2_PLACEMENT_3D('',#1901,#1902,#1903);
#1901 = CARTESIAN_POINT('',(130.6,-66.5,6.75));
#1902 = DIRECTION('',(0.,0.,1.));
#1903 = DIRECTION('',(1.,0.,0.));
#1904 = ORIENTED_EDGE('',*,*,#1143,.T.);
#1905 = ORIENTED_EDGE('',*,*,#1822,.T.);
#1906 = CYLINDRICAL_SURFACE('',#1907,2.15);
#1907 = AXIS2_PLACEMENT_3D('',#1908,#1909,#1910);
#1908 = CARTESIAN_POINT('',(130.6,-66.5,5.3));
#1909 = DIRECTION('',(-0.,-0.,-1.));
#1910 = DIRECTION('',(1.,0.,0.));
#1911 = ADVANCED_FACE('',(#1912),#1933,.F.);
#1912 = FACE_BOUND('',#1913,.F.);
#1913 = EDGE_LOOP('',(#1914,#1923,#1930,#1931,#1932));
#1914 = ORIENTED_EDGE('',*,*,#1915,.T.);
#1915 = EDGE_CURVE('',#1152,#1916,#1918,.T.);
#1916 = VERTEX_POINT('',#1917);
#1917 = CARTESIAN_POINT('',(132.75,-66.5,6.75));
#1918 = CIRCLE('',#1919,2.15);
#1919 = AXIS2_PLACEMENT_3D('',#1920,#1921,#1922);
#1920 = CARTESIAN_POINT('',(130.6,-66.5,6.75));
#1921 = DIRECTION('',(0.,0.,1.));
#1922 = DIRECTION('',(1.,0.,0.));
#1923 = ORIENTED_EDGE('',*,*,#1924,.T.);
#1924 = EDGE_CURVE('',#1916,#696,#1925,.T.);
#1925 = CIRCLE('',#1926,2.15);
#1926 = AXIS2_PLACEMENT_3D('',#1927,#1928,#1929);
#1927 = CARTESIAN_POINT('',(130.6,-66.5,6.75));
#1928 = DIRECTION('',(0.,0.,1.));
#1929 = DIRECTION('',(1.,0.,0.));
#1930 = ORIENTED_EDGE('',*,*,#703,.F.);
#1931 = ORIENTED_EDGE('',*,*,#1898,.T.);
#1932 = ORIENTED_EDGE('',*,*,#1151,.F.);
#1933 = PLANE('',#1934);
#1934 = AXIS2_PLACEMENT_3D('',#1935,#1936,#1937);
#1935 = CARTESIAN_POINT('',(130.6,-66.5,6.75));
#1936 = DIRECTION('',(0.,0.,1.));
#1937 = DIRECTION('',(1.,0.,0.));
#1938 = ADVANCED_FACE('',(#1939),#1961,.F.);
#1939 = FACE_BOUND('',#1940,.T.);
#1940 = EDGE_LOOP('',(#1941,#1950,#1951,#1952,#1953,#1954));
#1941 = ORIENTED_EDGE('',*,*,#1942,.T.);
#1942 = EDGE_CURVE('',#1943,#1088,#1945,.T.);
#1943 = VERTEX_POINT('',#1944);
#1944 = CARTESIAN_POINT('',(132.75,-66.5,6.3));
#1945 = CIRCLE('',#1946,2.15);
#1946 = AXIS2_PLACEMENT_3D('',#1947,#1948,#1949);
#1947 = CARTESIAN_POINT('',(130.6,-66.5,6.3));
#1948 = DIRECTION('',(0.,0.,-1.));
#1949 = DIRECTION('',(1.,0.,0.));
#1950 = ORIENTED_EDGE('',*,*,#1159,.F.);
#1951 = ORIENTED_EDGE('',*,*,#1915,.T.);
#1952 = ORIENTED_EDGE('',*,*,#1924,.T.);
#1953 = ORIENTED_EDGE('',*,*,#695,.T.);
#1954 = ORIENTED_EDGE('',*,*,#1955,.T.);
#1955 = EDGE_CURVE('',#688,#1943,#1956,.T.);
#1956 = CIRCLE('',#1957,2.15);
#1957 = AXIS2_PLACEMENT_3D('',#1958,#1959,#1960);
#1958 = CARTESIAN_POINT('',(130.6,-66.5,6.3));
#1959 = DIRECTION('',(0.,0.,-1.));
#1960 = DIRECTION('',(1.,0.,0.));
#1961 = CYLINDRICAL_SURFACE('',#1962,2.15);
#1962 = AXIS2_PLACEMENT_3D('',#1963,#1964,#1965);
#1963 = CARTESIAN_POINT('',(130.6,-66.5,5.3));
#1964 = DIRECTION('',(-0.,-0.,-1.));
#1965 = DIRECTION('',(1.,0.,0.));
#1966 = ADVANCED_FACE('',(#1967),#1999,.T.);
#1967 = FACE_BOUND('',#1968,.T.);
#1968 = EDGE_LOOP('',(#1969,#1970,#1971,#1972,#1973,#1974,#1982,#1990,
    #1997,#1998));
#1969 = ORIENTED_EDGE('',*,*,#1955,.F.);
#1970 = ORIENTED_EDGE('',*,*,#687,.T.);
#1971 = ORIENTED_EDGE('',*,*,#1256,.T.);
#1972 = ORIENTED_EDGE('',*,*,#1304,.T.);
#1973 = ORIENTED_EDGE('',*,*,#1352,.T.);
#1974 = ORIENTED_EDGE('',*,*,#1975,.T.);
#1975 = EDGE_CURVE('',#1353,#1976,#1978,.T.);
#1976 = VERTEX_POINT('',#1977);
#1977 = CARTESIAN_POINT('',(135.,-63.9,6.3));
#1978 = LINE('',#1979,#1980);
#1979 = CARTESIAN_POINT('',(125.62834371508,-63.9,6.3));
#1980 = VECTOR('',#1981,1.);
#1981 = DIRECTION('',(1.,0.,0.));
#1982 = ORIENTED_EDGE('',*,*,#1983,.T.);
#1983 = EDGE_CURVE('',#1976,#1984,#1986,.T.);
#1984 = VERTEX_POINT('',#1985);
#1985 = CARTESIAN_POINT('',(135.,-65.8,6.3));
#1986 = LINE('',#1987,#1988);
#1987 = CARTESIAN_POINT('',(135.,-13.4,6.3));
#1988 = VECTOR('',#1989,1.);
#1989 = DIRECTION('',(0.,-1.,0.));
#1990 = ORIENTED_EDGE('',*,*,#1991,.T.);
#1991 = EDGE_CURVE('',#1984,#1086,#1992,.T.);
#1992 = CIRCLE('',#1993,1.2);
#1993 = AXIS2_PLACEMENT_3D('',#1994,#1995,#1996);
#1994 = CARTESIAN_POINT('',(133.8,-65.8,6.3));
#1995 = DIRECTION('',(0.,0.,-1.));
#1996 = DIRECTION('',(1.,0.,0.));
#1997 = ORIENTED_EDGE('',*,*,#1085,.T.);
#1998 = ORIENTED_EDGE('',*,*,#1942,.F.);
#1999 = PLANE('',#2000);
#2000 = AXIS2_PLACEMENT_3D('',#2001,#2002,#2003);
#2001 = CARTESIAN_POINT('',(115.73647631947,-46.10224167393,6.3));
#2002 = DIRECTION('',(-0.,-0.,-1.));
#2003 = DIRECTION('',(-1.,0.,0.));
#2004 = ADVANCED_FACE('',(#2005),#2017,.F.);
#2005 = FACE_BOUND('',#2006,.F.);
#2006 = EDGE_LOOP('',(#2007,#2008,#2009,#2010,#2016));
#2007 = ORIENTED_EDGE('',*,*,#851,.F.);
#2008 = ORIENTED_EDGE('',*,*,#818,.F.);
#2009 = ORIENTED_EDGE('',*,*,#1234,.F.);
#2010 = ORIENTED_EDGE('',*,*,#2011,.T.);
#2011 = EDGE_CURVE('',#1235,#878,#2012,.T.);
#2012 = LINE('',#2013,#2014);
#2013 = CARTESIAN_POINT('',(132.6,-48.1,12.1));
#2014 = VECTOR('',#2015,1.);
#2015 = DIRECTION('',(0.,1.,0.));
#2016 = ORIENTED_EDGE('',*,*,#917,.F.);
#2017 = PLANE('',#2018);
#2018 = AXIS2_PLACEMENT_3D('',#2019,#2020,#2021);
#2019 = CARTESIAN_POINT('',(113.,-48.1,12.1));
#2020 = DIRECTION('',(0.,0.,1.));
#2021 = DIRECTION('',(1.,0.,0.));
#2022 = ADVANCED_FACE('',(#2023),#2034,.F.);
#2023 = FACE_BOUND('',#2024,.F.);
#2024 = EDGE_LOOP('',(#2025,#2026,#2027,#2033));
#2025 = ORIENTED_EDGE('',*,*,#2011,.F.);
#2026 = ORIENTED_EDGE('',*,*,#1242,.F.);
#2027 = ORIENTED_EDGE('',*,*,#2028,.F.);
#2028 = EDGE_CURVE('',#876,#1219,#2029,.T.);
#2029 = LINE('',#2030,#2031);
#2030 = CARTESIAN_POINT('',(132.6,-43.59893884022,6.3));
#2031 = VECTOR('',#2032,1.);
#2032 = DIRECTION('',(0.,-1.,0.));
#2033 = ORIENTED_EDGE('',*,*,#875,.T.);
#2034 = PLANE('',#2035);
#2035 = AXIS2_PLACEMENT_3D('',#2036,#2037,#2038);
#2036 = CARTESIAN_POINT('',(132.6,-48.1,5.6));
#2037 = DIRECTION('',(1.,0.,0.));
#2038 = DIRECTION('',(0.,0.,1.));
#2039 = ADVANCED_FACE('',(#2040),#2051,.F.);
#2040 = FACE_BOUND('',#2041,.F.);
#2041 = EDGE_LOOP('',(#2042,#2043,#2044,#2050));
#2042 = ORIENTED_EDGE('',*,*,#931,.F.);
#2043 = ORIENTED_EDGE('',*,*,#901,.F.);
#2044 = ORIENTED_EDGE('',*,*,#2045,.T.);
#2045 = EDGE_CURVE('',#894,#989,#2046,.T.);
#2046 = LINE('',#2047,#2048);
#2047 = CARTESIAN_POINT('',(129.3,-20.,11.8));
#2048 = VECTOR('',#2049,1.);
#2049 = DIRECTION('',(0.,1.,0.));
#2050 = ORIENTED_EDGE('',*,*,#996,.F.);
#2051 = PLANE('',#2052);
#2052 = AXIS2_PLACEMENT_3D('',#2053,#2054,#2055);
#2053 = CARTESIAN_POINT('',(116.3,-20.,11.8));
#2054 = DIRECTION('',(0.,0.,1.));
#2055 = DIRECTION('',(1.,0.,0.));
#2056 = ADVANCED_FACE('',(#2057),#2068,.F.);
#2057 = FACE_BOUND('',#2058,.F.);
#2058 = EDGE_LOOP('',(#2059,#2060,#2061,#2067));
#2059 = ORIENTED_EDGE('',*,*,#2045,.F.);
#2060 = ORIENTED_EDGE('',*,*,#893,.F.);
#2061 = ORIENTED_EDGE('',*,*,#2062,.F.);
#2062 = EDGE_CURVE('',#981,#886,#2063,.T.);
#2063 = LINE('',#2064,#2065);
#2064 = CARTESIAN_POINT('',(129.3,-29.54893884022,6.3));
#2065 = VECTOR('',#2066,1.);
#2066 = DIRECTION('',(0.,-1.,0.));
#2067 = ORIENTED_EDGE('',*,*,#988,.F.);
#2068 = PLANE('',#2069);
#2069 = AXIS2_PLACEMENT_3D('',#2070,#2071,#2072);
#2070 = CARTESIAN_POINT('',(129.3,-20.,6.2));
#2071 = DIRECTION('',(1.,0.,0.));
#2072 = DIRECTION('',(0.,0.,1.));
#2073 = ADVANCED_FACE('',(#2074,#2128),#2139,.T.);
#2074 = FACE_BOUND('',#2075,.T.);
#2075 = EDGE_LOOP('',(#2076,#2085,#2093,#2099,#2100,#2107,#2108,#2109,
    #2110,#2111,#2112,#2113,#2114,#2115,#2116,#2117,#2118,#2119,#2120,
    #2121,#2122,#2123,#2124,#2125,#2126,#2127));
#2076 = ORIENTED_EDGE('',*,*,#2077,.T.);
#2077 = EDGE_CURVE('',#973,#2078,#2080,.T.);
#2078 = VERTEX_POINT('',#2079);
#2079 = CARTESIAN_POINT('',(135.,-13.4,6.3));
#2080 = CIRCLE('',#2081,2.4);
#2081 = AXIS2_PLACEMENT_3D('',#2082,#2083,#2084);
#2082 = CARTESIAN_POINT('',(132.6,-13.4,6.3));
#2083 = DIRECTION('',(0.,0.,-1.));
#2084 = DIRECTION('',(0.,1.,0.));
#2085 = ORIENTED_EDGE('',*,*,#2086,.T.);
#2086 = EDGE_CURVE('',#2078,#2087,#2089,.T.);
#2087 = VERTEX_POINT('',#2088);
#2088 = CARTESIAN_POINT('',(135.,-55.4,6.3));
#2089 = LINE('',#2090,#2091);
#2090 = CARTESIAN_POINT('',(135.,-13.4,6.3));
#2091 = VECTOR('',#2092,1.);
#2092 = DIRECTION('',(0.,-1.,0.));
#2093 = ORIENTED_EDGE('',*,*,#2094,.F.);
#2094 = EDGE_CURVE('',#1403,#2087,#2095,.T.);
#2095 = LINE('',#2096,#2097);
#2096 = CARTESIAN_POINT('',(125.62834371508,-55.4,6.3));
#2097 = VECTOR('',#2098,1.);
#2098 = DIRECTION('',(1.,0.,0.));
#2099 = ORIENTED_EDGE('',*,*,#1402,.T.);
#2100 = ORIENTED_EDGE('',*,*,#2101,.F.);
#2101 = EDGE_CURVE('',#1371,#1395,#2102,.T.);
#2102 = CIRCLE('',#2103,1.85);
#2103 = AXIS2_PLACEMENT_3D('',#2104,#2105,#2106);
#2104 = CARTESIAN_POINT('',(133.,-52.8,6.3));
#2105 = DIRECTION('',(0.,0.,1.));
#2106 = DIRECTION('',(1.,0.,0.));
#2107 = ORIENTED_EDGE('',*,*,#1370,.T.);
#2108 = ORIENTED_EDGE('',*,*,#1464,.T.);
#2109 = ORIENTED_EDGE('',*,*,#1512,.T.);
#2110 = ORIENTED_EDGE('',*,*,#1560,.T.);
#2111 = ORIENTED_EDGE('',*,*,#1608,.T.);
#2112 = ORIENTED_EDGE('',*,*,#1656,.T.);
#2113 = ORIENTED_EDGE('',*,*,#1704,.T.);
#2114 = ORIENTED_EDGE('',*,*,#1728,.T.);
#2115 = ORIENTED_EDGE('',*,*,#1680,.T.);
#2116 = ORIENTED_EDGE('',*,*,#1632,.T.);
#2117 = ORIENTED_EDGE('',*,*,#1584,.T.);
#2118 = ORIENTED_EDGE('',*,*,#1536,.T.);
#2119 = ORIENTED_EDGE('',*,*,#1488,.T.);
#2120 = ORIENTED_EDGE('',*,*,#1440,.T.);
#2121 = ORIENTED_EDGE('',*,*,#1328,.T.);
#2122 = ORIENTED_EDGE('',*,*,#1280,.T.);
#2123 = ORIENTED_EDGE('',*,*,#1216,.T.);
#2124 = ORIENTED_EDGE('',*,*,#2028,.F.);
#2125 = ORIENTED_EDGE('',*,*,#885,.F.);
#2126 = ORIENTED_EDGE('',*,*,#2062,.F.);
#2127 = ORIENTED_EDGE('',*,*,#980,.T.);
#2128 = FACE_BOUND('',#2129,.T.);
#2129 = EDGE_LOOP('',(#2130));
#2130 = ORIENTED_EDGE('',*,*,#2131,.F.);
#2131 = EDGE_CURVE('',#2132,#2132,#2134,.T.);
#2132 = VERTEX_POINT('',#2133);
#2133 = CARTESIAN_POINT('',(134.6,-52.8,6.3));
#2134 = CIRCLE('',#2135,1.6);
#2135 = AXIS2_PLACEMENT_3D('',#2136,#2137,#2138);
#2136 = CARTESIAN_POINT('',(133.,-52.8,6.3));
#2137 = DIRECTION('',(0.,0.,-1.));
#2138 = DIRECTION('',(1.,0.,0.));
#2139 = PLANE('',#2140);
#2140 = AXIS2_PLACEMENT_3D('',#2141,#2142,#2143);
#2141 = CARTESIAN_POINT('',(133.99038742451,-32.3036335587,6.3));
#2142 = DIRECTION('',(-0.,-0.,-1.));
#2143 = DIRECTION('',(-1.,0.,0.));
#2144 = ADVANCED_FACE('',(#2145),#2164,.T.);
#2145 = FACE_BOUND('',#2146,.T.);
#2146 = EDGE_LOOP('',(#2147,#2148,#2157,#2163));
#2147 = ORIENTED_EDGE('',*,*,#972,.T.);
#2148 = ORIENTED_EDGE('',*,*,#2149,.T.);
#2149 = EDGE_CURVE('',#965,#2150,#2152,.T.);
#2150 = VERTEX_POINT('',#2151);
#2151 = CARTESIAN_POINT('',(135.,-13.4,13.59));
#2152 = CIRCLE('',#2153,2.4);
#2153 = AXIS2_PLACEMENT_3D('',#2154,#2155,#2156);
#2154 = CARTESIAN_POINT('',(132.6,-13.4,13.59));
#2155 = DIRECTION('',(0.,0.,-1.));
#2156 = DIRECTION('',(0.,1.,0.));
#2157 = ORIENTED_EDGE('',*,*,#2158,.F.);
#2158 = EDGE_CURVE('',#2078,#2150,#2159,.T.);
#2159 = LINE('',#2160,#2161);
#2160 = CARTESIAN_POINT('',(135.,-13.4,6.3));
#2161 = VECTOR('',#2162,1.);
#2162 = DIRECTION('',(0.,0.,1.));
#2163 = ORIENTED_EDGE('',*,*,#2077,.F.);
#2164 = CYLINDRICAL_SURFACE('',#2165,2.4);
#2165 = AXIS2_PLACEMENT_3D('',#2166,#2167,#2168);
#2166 = CARTESIAN_POINT('',(132.6,-13.4,6.3));
#2167 = DIRECTION('',(0.,0.,-1.));
#2168 = DIRECTION('',(0.,1.,0.));
#2169 = ADVANCED_FACE('',(#2170,#2193,#2360,#2414,#2475,#2495),#2549,.F.
  );
#2170 = FACE_BOUND('',#2171,.F.);
#2171 = EDGE_LOOP('',(#2172,#2173,#2174,#2182,#2189,#2190,#2191,#2192));
#2172 = ORIENTED_EDGE('',*,*,#964,.T.);
#2173 = ORIENTED_EDGE('',*,*,#2149,.T.);
#2174 = ORIENTED_EDGE('',*,*,#2175,.T.);
#2175 = EDGE_CURVE('',#2150,#2176,#2178,.T.);
#2176 = VERTEX_POINT('',#2177);
#2177 = CARTESIAN_POINT('',(135.,-65.8,13.59));
#2178 = LINE('',#2179,#2180);
#2179 = CARTESIAN_POINT('',(135.,-13.4,13.59));
#2180 = VECTOR('',#2181,1.);
#2181 = DIRECTION('',(0.,-1.,0.));
#2182 = ORIENTED_EDGE('',*,*,#2183,.T.);
#2183 = EDGE_CURVE('',#2176,#1096,#2184,.T.);
#2184 = CIRCLE('',#2185,1.2);
#2185 = AXIS2_PLACEMENT_3D('',#2186,#2187,#2188);
#2186 = CARTESIAN_POINT('',(133.8,-65.8,13.59));
#2187 = DIRECTION('',(0.,0.,-1.));
#2188 = DIRECTION('',(1.,0.,0.));
#2189 = ORIENTED_EDGE('',*,*,#1103,.T.);
#2190 = ORIENTED_EDGE('',*,*,#1068,.T.);
#2191 = ORIENTED_EDGE('',*,*,#1044,.T.);
#2192 = ORIENTED_EDGE('',*,*,#1019,.T.);
#2193 = FACE_BOUND('',#2194,.F.);
#2194 = EDGE_LOOP('',(#2195,#2205,#2214,#2223,#2232,#2240,#2303,#2311,
    #2319,#2327));
#2195 = ORIENTED_EDGE('',*,*,#2196,.F.);
#2196 = EDGE_CURVE('',#2197,#2199,#2201,.T.);
#2197 = VERTEX_POINT('',#2198);
#2198 = CARTESIAN_POINT('',(127.9078059588,-60.50085998278,13.59));
#2199 = VERTEX_POINT('',#2200);
#2200 = CARTESIAN_POINT('',(131.44470279516,-63.84553416499,13.59));
#2201 = LINE('',#2202,#2203);
#2202 = CARTESIAN_POINT('',(108.64249801387,-42.28257964355,13.59));
#2203 = VECTOR('',#2204,1.);
#2204 = DIRECTION('',(0.726574967353,-0.687087197389,0.));
#2205 = ORIENTED_EDGE('',*,*,#2206,.F.);
#2206 = EDGE_CURVE('',#2207,#2197,#2209,.T.);
#2207 = VERTEX_POINT('',#2208);
#2208 = CARTESIAN_POINT('',(128.3,-58.5,13.59));
#2209 = CIRCLE('',#2210,5.3);
#2210 = AXIS2_PLACEMENT_3D('',#2211,#2212,#2213);
#2211 = CARTESIAN_POINT('',(123.,-58.5,13.59));
#2212 = DIRECTION('',(0.,0.,-1.));
#2213 = DIRECTION('',(1.,-2.68E-15,0.));
#2214 = ORIENTED_EDGE('',*,*,#2215,.F.);
#2215 = EDGE_CURVE('',#2216,#2207,#2218,.T.);
#2216 = VERTEX_POINT('',#2217);
#2217 = CARTESIAN_POINT('',(117.7,-58.5,13.59));
#2218 = CIRCLE('',#2219,5.3);
#2219 = AXIS2_PLACEMENT_3D('',#2220,#2221,#2222);
#2220 = CARTESIAN_POINT('',(123.,-58.5,13.59));
#2221 = DIRECTION('',(0.,0.,-1.));
#2222 = DIRECTION('',(-1.,2.68E-15,0.));
#2223 = ORIENTED_EDGE('',*,*,#2224,.F.);
#2224 = EDGE_CURVE('',#2225,#2216,#2227,.T.);
#2225 = VERTEX_POINT('',#2226);
#2226 = CARTESIAN_POINT('',(118.09219404119,-60.50085998278,13.59));
#2227 = CIRCLE('',#2228,5.3);
#2228 = AXIS2_PLACEMENT_3D('',#2229,#2230,#2231);
#2229 = CARTESIAN_POINT('',(123.,-58.5,13.59));
#2230 = DIRECTION('',(0.,0.,-1.));
#2231 = DIRECTION('',(1.,-2.68E-15,0.));
#2232 = ORIENTED_EDGE('',*,*,#2233,.F.);
#2233 = EDGE_CURVE('',#2234,#2225,#2236,.T.);
#2234 = VERTEX_POINT('',#2235);
#2235 = CARTESIAN_POINT('',(115.12434588197,-63.30741204639,13.59));
#2236 = LINE('',#2237,#2238);
#2237 = CARTESIAN_POINT('',(70.585584030612,-105.4255890145,13.59));
#2238 = VECTOR('',#2239,1.);
#2239 = DIRECTION('',(0.726574967353,0.687087197389,0.));
#2240 = ORIENTED_EDGE('',*,*,#2241,.T.);
#2241 = EDGE_CURVE('',#2234,#2242,#2244,.T.);
#2242 = VERTEX_POINT('',#2243);
#2243 = CARTESIAN_POINT('',(112.2,-63.8,13.59));
#2244 = B_SPLINE_CURVE_WITH_KNOTS('',8,(#2245,#2246,#2247,#2248,#2249,
    #2250,#2251,#2252,#2253,#2254,#2255,#2256,#2257,#2258,#2259,#2260,
    #2261,#2262,#2263,#2264,#2265,#2266,#2267,#2268,#2269,#2270,#2271,
    #2272,#2273,#2274,#2275,#2276,#2277,#2278,#2279,#2280,#2281,#2282,
    #2283,#2284,#2285,#2286,#2287,#2288,#2289,#2290,#2291,#2292,#2293,
    #2294,#2295,#2296,#2297,#2298,#2299,#2300,#2301,#2302),
  .UNSPECIFIED.,.F.,.F.,(9,7,7,7,7,7,7,7,9),(0.,6.341096436888E-02,
    0.345163470709,0.398817080559,0.431592966488,0.487412274425,
    0.65441582177,0.788221339778,1.),.UNSPECIFIED.);
#2245 = CARTESIAN_POINT('',(126.,-64.3,13.59));
#2246 = CARTESIAN_POINT('',(125.89075727459,-64.31747883606,13.59));
#2247 = CARTESIAN_POINT('',(125.78132468682,-64.33374637088,13.59));
#2248 = CARTESIAN_POINT('',(125.67171650889,-64.34878899339,13.59));
#2249 = CARTESIAN_POINT('',(125.56194752048,-64.36259506359,13.59));
#2250 = CARTESIAN_POINT('',(125.45203303703,-64.37515515525,13.59));
#2251 = CARTESIAN_POINT('',(125.34198893793,-64.38646229861,13.59));
#2252 = CARTESIAN_POINT('',(125.23183169486,-64.39651222309,13.59));
#2253 = CARTESIAN_POINT('',(124.63169242412,-64.44436612653,13.59));
#2254 = CARTESIAN_POINT('',(124.13960628071,-64.45860578318,13.59));
#2255 = CARTESIAN_POINT('',(123.64736079749,-64.44780802014,13.59));
#2256 = CARTESIAN_POINT('',(123.1564207961,-64.41312710645,13.59));
#2257 = CARTESIAN_POINT('',(122.66768269348,-64.35712361422,13.59));
#2258 = CARTESIAN_POINT('',(122.18149874516,-64.28366925592,13.59));
#2259 = CARTESIAN_POINT('',(121.69774727765,-64.19733844716,13.59));
#2260 = CARTESIAN_POINT('',(121.1241216483,-64.08493750581,13.59));
#2261 = CARTESIAN_POINT('',(121.03241929484,-64.06666172206,13.59));
#2262 = CARTESIAN_POINT('',(120.94076972183,-64.04812329486,13.59));
#2263 = CARTESIAN_POINT('',(120.84916707646,-64.02935513563,13.59));
#2264 = CARTESIAN_POINT('',(120.75760517666,-64.01039026764,13.59));
#2265 = CARTESIAN_POINT('',(120.66607751105,-63.99126182601,13.59));
#2266 = CARTESIAN_POINT('',(120.57457723895,-63.97200305772,13.59));
#2267 = CARTESIAN_POINT('',(120.42721391163,-63.94082330079,13.59));
#2268 = CARTESIAN_POINT('',(120.37133823623,-63.92896306096,13.59));
#2269 = CARTESIAN_POINT('',(120.3154685582,-63.91707418159,13.59));
#2270 = CARTESIAN_POINT('',(120.25960326725,-63.90516422335,13.59));
#2271 = CARTESIAN_POINT('',(120.20374074884,-63.89324072809,13.59));
#2272 = CARTESIAN_POINT('',(120.14787938413,-63.88131121888,13.59));
#2273 = CARTESIAN_POINT('',(120.09201755004,-63.86938319996,13.59));
#2274 = CARTESIAN_POINT('',(119.9410139801,-63.83716530836,13.59));
#2275 = CARTESIAN_POINT('',(119.84586844591,-63.81689240378,13.59));
#2276 = CARTESIAN_POINT('',(119.75070884074,-63.79668251944,13.59));
#2277 = CARTESIAN_POINT('',(119.65552730373,-63.77657230664,13.59));
#2278 = CARTESIAN_POINT('',(119.56031628901,-63.75659799162,13.59));
#2279 = CARTESIAN_POINT('',(119.46506856575,-63.73679537559,13.59));
#2280 = CARTESIAN_POINT('',(119.36977721812,-63.71719983468,13.59));
#2281 = CARTESIAN_POINT('',(118.9891870197,-63.63994331589,13.59));
#2282 = CARTESIAN_POINT('',(118.70349245574,-63.58420668997,13.59));
#2283 = CARTESIAN_POINT('',(118.41717181054,-63.53156556678,13.59));
#2284 = CARTESIAN_POINT('',(118.13010103831,-63.48290680988,13.59));
#2285 = CARTESIAN_POINT('',(117.84221671603,-63.43904722018,13.59));
#2286 = CARTESIAN_POINT('',(117.55351990839,-63.40071032226,13.59));
#2287 = CARTESIAN_POINT('',(117.26407937219,-63.36850773832,13.59));
#2288 = CARTESIAN_POINT('',(116.74164587526,-63.3224280316,13.59));
#2289 = CARTESIAN_POINT('',(116.50886004274,-63.30617977829,13.59));
#2290 = CARTESIAN_POINT('',(116.2757588283,-63.2944321609,13.59));
#2291 = CARTESIAN_POINT('',(116.04243556791,-63.28738248425,13.59));
#2292 = CARTESIAN_POINT('',(115.80899480921,-63.28517309805,13.59));
#2293 = CARTESIAN_POINT('',(115.57555233814,-63.28789269838,13.59));
#2294 = CARTESIAN_POINT('',(115.34223513056,-63.29557942,13.59));
#2295 = CARTESIAN_POINT('',(114.74031869027,-63.32824145839,13.59));
#2296 = CARTESIAN_POINT('',(114.37206629238,-63.3606835505,13.59));
#2297 = CARTESIAN_POINT('',(114.00496821161,-63.40552864907,13.59));
#2298 = CARTESIAN_POINT('',(113.63947398444,-63.46246963139,13.59));
#2299 = CARTESIAN_POINT('',(113.27595432938,-63.5310128589,13.59));
#2300 = CARTESIAN_POINT('',(112.91471339842,-63.61055528191,13.59));
#2301 = CARTESIAN_POINT('',(112.55599745807,-63.70044138884,13.59));
#2302 = CARTESIAN_POINT('',(112.2,-63.8,13.59));
#2303 = ORIENTED_EDGE('',*,*,#2304,.F.);
#2304 = EDGE_CURVE('',#2305,#2242,#2307,.T.);
#2305 = VERTEX_POINT('',#2306);
#2306 = CARTESIAN_POINT('',(112.2,-65.8,13.59));
#2307 = LINE('',#2308,#2309);
#2308 = CARTESIAN_POINT('',(112.2,-92.9,13.59));
#2309 = VECTOR('',#2310,1.);
#2310 = DIRECTION('',(0.,1.,0.));
#2311 = ORIENTED_EDGE('',*,*,#2312,.F.);
#2312 = EDGE_CURVE('',#2313,#2305,#2315,.T.);
#2313 = VERTEX_POINT('',#2314);
#2314 = CARTESIAN_POINT('',(133.8,-65.8,13.59));
#2315 = LINE('',#2316,#2317);
#2316 = CARTESIAN_POINT('',(66.9,-65.8,13.59));
#2317 = VECTOR('',#2318,1.);
#2318 = DIRECTION('',(-1.,0.,0.));
#2319 = ORIENTED_EDGE('',*,*,#2320,.F.);
#2320 = EDGE_CURVE('',#2321,#2313,#2323,.T.);
#2321 = VERTEX_POINT('',#2322);
#2322 = CARTESIAN_POINT('',(133.8,-64.35,13.59));
#2323 = LINE('',#2324,#2325);
#2324 = CARTESIAN_POINT('',(133.8,-92.175,13.59));
#2325 = VECTOR('',#2326,1.);
#2326 = DIRECTION('',(0.,-1.,0.));
#2327 = ORIENTED_EDGE('',*,*,#2328,.T.);
#2328 = EDGE_CURVE('',#2321,#2199,#2329,.T.);
#2329 = B_SPLINE_CURVE_WITH_KNOTS('',8,(#2330,#2331,#2332,#2333,#2334,
    #2335,#2336,#2337,#2338,#2339,#2340,#2341,#2342,#2343,#2344,#2345,
    #2346,#2347,#2348,#2349,#2350,#2351,#2352,#2353,#2354,#2355,#2356,
    #2357,#2358,#2359),.UNSPECIFIED.,.F.,.F.,(9,7,7,7,9),(0.,
    0.284252917587,0.478358624134,0.707910713619,1.),.UNSPECIFIED.);
#2330 = CARTESIAN_POINT('',(133.8,-64.35,13.59));
#2331 = CARTESIAN_POINT('',(133.53251923362,-64.2664122605,13.59));
#2332 = CARTESIAN_POINT('',(133.26375287511,-64.18733195325,13.59));
#2333 = CARTESIAN_POINT('',(132.9935351717,-64.11372769565,13.59));
#2334 = CARTESIAN_POINT('',(132.72173873537,-64.04669835974,13.59));
#2335 = CARTESIAN_POINT('',(132.44828494063,-63.98741360358,13.59));
#2336 = CARTESIAN_POINT('',(132.17317459573,-63.9369157684,13.59));
#2337 = CARTESIAN_POINT('',(131.89659314008,-63.89572829562,13.59));
#2338 = CARTESIAN_POINT('',(131.42930942442,-63.84214283114,13.59));
#2339 = CARTESIAN_POINT('',(131.2391769046,-63.82475555986,13.59));
#2340 = CARTESIAN_POINT('',(131.04863996814,-63.81173578154,13.59));
#2341 = CARTESIAN_POINT('',(130.85780400124,-63.80298044937,13.59));
#2342 = CARTESIAN_POINT('',(130.66676554833,-63.79828164671,13.59));
#2343 = CARTESIAN_POINT('',(130.47561188344,-63.7973635459,13.59));
#2344 = CARTESIAN_POINT('',(130.28441938057,-63.79992306351,13.59));
#2345 = CARTESIAN_POINT('',(129.86717480142,-63.81242336182,13.59));
#2346 = CARTESIAN_POINT('',(129.64112803025,-63.82362740393,13.59));
#2347 = CARTESIAN_POINT('',(129.41517227218,-63.83874965304,13.59));
#2348 = CARTESIAN_POINT('',(129.18934991808,-63.85727676871,13.59));
#2349 = CARTESIAN_POINT('',(128.96368641748,-63.87873526861,13.59));
#2350 = CARTESIAN_POINT('',(128.73819049924,-63.90271299709,13.59));
#2351 = CARTESIAN_POINT('',(128.51285335296,-63.92886161536,13.59));
#2352 = CARTESIAN_POINT('',(128.00108684506,-63.99253173005,13.59));
#2353 = CARTESIAN_POINT('',(127.71476687435,-64.03120827356,13.59));
#2354 = CARTESIAN_POINT('',(127.42864523324,-64.07229036005,13.59));
#2355 = CARTESIAN_POINT('',(127.14269048912,-64.11529317931,13.59));
#2356 = CARTESIAN_POINT('',(126.85687602241,-64.15983668209,13.59));
#2357 = CARTESIAN_POINT('',(126.57117581418,-64.205620905,13.59));
#2358 = CARTESIAN_POINT('',(126.28556140143,-64.25240643309,13.59));
#2359 = CARTESIAN_POINT('',(126.,-64.3,13.59));
#2360 = FACE_BOUND('',#2361,.F.);
#2361 = EDGE_LOOP('',(#2362,#2372,#2381,#2390,#2398,#2407));
#2362 = ORIENTED_EDGE('',*,*,#2363,.F.);
#2363 = EDGE_CURVE('',#2364,#2366,#2368,.T.);
#2364 = VERTEX_POINT('',#2365);
#2365 = CARTESIAN_POINT('',(134.2,-20.45,13.59));
#2366 = VERTEX_POINT('',#2367);
#2367 = CARTESIAN_POINT('',(134.2,-46.55,13.59));
#2368 = LINE('',#2369,#2370);
#2369 = CARTESIAN_POINT('',(134.2,-70.225,13.59));
#2370 = VECTOR('',#2371,1.);
#2371 = DIRECTION('',(0.,-1.,0.));
#2372 = ORIENTED_EDGE('',*,*,#2373,.F.);
#2373 = EDGE_CURVE('',#2374,#2364,#2376,.T.);
#2374 = VERTEX_POINT('',#2375);
#2375 = CARTESIAN_POINT('',(133.75,-20.,13.59));
#2376 = CIRCLE('',#2377,0.45);
#2377 = AXIS2_PLACEMENT_3D('',#2378,#2379,#2380);
#2378 = CARTESIAN_POINT('',(133.75,-20.45,13.59));
#2379 = DIRECTION('',(0.,0.,-1.));
#2380 = DIRECTION('',(-6.316E-14,1.,0.));
#2381 = ORIENTED_EDGE('',*,*,#2382,.F.);
#2382 = EDGE_CURVE('',#2383,#2374,#2385,.T.);
#2383 = VERTEX_POINT('',#2384);
#2384 = CARTESIAN_POINT('',(133.3,-20.45,13.59));
#2385 = CIRCLE('',#2386,0.45);
#2386 = AXIS2_PLACEMENT_3D('',#2387,#2388,#2389);
#2387 = CARTESIAN_POINT('',(133.75,-20.45,13.59));
#2388 = DIRECTION('',(0.,0.,-1.));
#2389 = DIRECTION('',(-1.,-7.105E-14,-0.));
#2390 = ORIENTED_EDGE('',*,*,#2391,.F.);
#2391 = EDGE_CURVE('',#2392,#2383,#2394,.T.);
#2392 = VERTEX_POINT('',#2393);
#2393 = CARTESIAN_POINT('',(133.3,-46.55,13.59));
#2394 = LINE('',#2395,#2396);
#2395 = CARTESIAN_POINT('',(133.3,-83.275,13.59));
#2396 = VECTOR('',#2397,1.);
#2397 = DIRECTION('',(0.,1.,0.));
#2398 = ORIENTED_EDGE('',*,*,#2399,.F.);
#2399 = EDGE_CURVE('',#2400,#2392,#2402,.T.);
#2400 = VERTEX_POINT('',#2401);
#2401 = CARTESIAN_POINT('',(133.75,-47.,13.59));
#2402 = CIRCLE('',#2403,0.45);
#2403 = AXIS2_PLACEMENT_3D('',#2404,#2405,#2406);
#2404 = CARTESIAN_POINT('',(133.75,-46.55,13.59));
#2405 = DIRECTION('',(0.,0.,-1.));
#2406 = DIRECTION('',(6.316E-14,-1.,0.));
#2407 = ORIENTED_EDGE('',*,*,#2408,.F.);
#2408 = EDGE_CURVE('',#2366,#2400,#2409,.T.);
#2409 = CIRCLE('',#2410,0.45);
#2410 = AXIS2_PLACEMENT_3D('',#2411,#2412,#2413);
#2411 = CARTESIAN_POINT('',(133.75,-46.55,13.59));
#2412 = DIRECTION('',(0.,0.,-1.));
#2413 = DIRECTION('',(1.,7.895E-14,0.));
#2414 = FACE_BOUND('',#2415,.F.);
#2415 = EDGE_LOOP('',(#2416,#2417,#2426,#2434,#2443,#2451,#2460,#2468));
#2416 = ORIENTED_EDGE('',*,*,#105,.F.);
#2417 = ORIENTED_EDGE('',*,*,#2418,.F.);
#2418 = EDGE_CURVE('',#2419,#98,#2421,.T.);
#2419 = VERTEX_POINT('',#2420);
#2420 = CARTESIAN_POINT('',(113.65,-18.55,13.59));
#2421 = CIRCLE('',#2422,2.4);
#2422 = AXIS2_PLACEMENT_3D('',#2423,#2424,#2425);
#2423 = CARTESIAN_POINT('',(116.05,-18.55,13.59));
#2424 = DIRECTION('',(0.,0.,-1.));
#2425 = DIRECTION('',(-1.,-5.92E-15,-0.));
#2426 = ORIENTED_EDGE('',*,*,#2427,.F.);
#2427 = EDGE_CURVE('',#2428,#2419,#2430,.T.);
#2428 = VERTEX_POINT('',#2429);
#2429 = CARTESIAN_POINT('',(113.65,-49.05,13.59));
#2430 = LINE('',#2431,#2432);
#2431 = CARTESIAN_POINT('',(113.65,-84.525,13.59));
#2432 = VECTOR('',#2433,1.);
#2433 = DIRECTION('',(0.,1.,0.));
#2434 = ORIENTED_EDGE('',*,*,#2435,.F.);
#2435 = EDGE_CURVE('',#2436,#2428,#2438,.T.);
#2436 = VERTEX_POINT('',#2437);
#2437 = CARTESIAN_POINT('',(116.05,-51.45,13.59));
#2438 = CIRCLE('',#2439,2.4);
#2439 = AXIS2_PLACEMENT_3D('',#2440,#2441,#2442);
#2440 = CARTESIAN_POINT('',(116.05,-49.05,13.59));
#2441 = DIRECTION('',(0.,0.,-1.));
#2442 = DIRECTION('',(0.,-1.,0.));
#2443 = ORIENTED_EDGE('',*,*,#2444,.F.);
#2444 = EDGE_CURVE('',#2445,#2436,#2447,.T.);
#2445 = VERTEX_POINT('',#2446);
#2446 = CARTESIAN_POINT('',(129.95,-51.45,13.59));
#2447 = LINE('',#2448,#2449);
#2448 = CARTESIAN_POINT('',(64.975,-51.45,13.59));
#2449 = VECTOR('',#2450,1.);
#2450 = DIRECTION('',(-1.,0.,0.));
#2451 = ORIENTED_EDGE('',*,*,#2452,.F.);
#2452 = EDGE_CURVE('',#2453,#2445,#2455,.T.);
#2453 = VERTEX_POINT('',#2454);
#2454 = CARTESIAN_POINT('',(132.35,-49.05,13.59));
#2455 = CIRCLE('',#2456,2.4);
#2456 = AXIS2_PLACEMENT_3D('',#2457,#2458,#2459);
#2457 = CARTESIAN_POINT('',(129.95,-49.05,13.59));
#2458 = DIRECTION('',(0.,0.,-1.));
#2459 = DIRECTION('',(1.,8.88E-15,0.));
#2460 = ORIENTED_EDGE('',*,*,#2461,.F.);
#2461 = EDGE_CURVE('',#2462,#2453,#2464,.T.);
#2462 = VERTEX_POINT('',#2463);
#2463 = CARTESIAN_POINT('',(132.35,-18.55,13.59));
#2464 = LINE('',#2465,#2466);
#2465 = CARTESIAN_POINT('',(132.35,-69.275,13.59));
#2466 = VECTOR('',#2467,1.);
#2467 = DIRECTION('',(0.,-1.,0.));
#2468 = ORIENTED_EDGE('',*,*,#2469,.F.);
#2469 = EDGE_CURVE('',#106,#2462,#2470,.T.);
#2470 = CIRCLE('',#2471,2.4);
#2471 = AXIS2_PLACEMENT_3D('',#2472,#2473,#2474);
#2472 = CARTESIAN_POINT('',(129.95,-18.55,13.59));
#2473 = DIRECTION('',(0.,0.,-1.));
#2474 = DIRECTION('',(-1.184E-14,1.,0.));
#2475 = FACE_BOUND('',#2476,.F.);
#2476 = EDGE_LOOP('',(#2477,#2488));
#2477 = ORIENTED_EDGE('',*,*,#2478,.F.);
#2478 = EDGE_CURVE('',#2479,#2481,#2483,.T.);
#2479 = VERTEX_POINT('',#2480);
#2480 = CARTESIAN_POINT('',(124.8,-13.6,13.59));
#2481 = VERTEX_POINT('',#2482);
#2482 = CARTESIAN_POINT('',(121.2,-13.6,13.59));
#2483 = CIRCLE('',#2484,1.8);
#2484 = AXIS2_PLACEMENT_3D('',#2485,#2486,#2487);
#2485 = CARTESIAN_POINT('',(123.,-13.6,13.59));
#2486 = DIRECTION('',(0.,0.,-1.));
#2487 = DIRECTION('',(1.,-1.97E-15,0.));
#2488 = ORIENTED_EDGE('',*,*,#2489,.F.);
#2489 = EDGE_CURVE('',#2481,#2479,#2490,.T.);
#2490 = CIRCLE('',#2491,1.8);
#2491 = AXIS2_PLACEMENT_3D('',#2492,#2493,#2494);
#2492 = CARTESIAN_POINT('',(123.,-13.6,13.59));
#2493 = DIRECTION('',(0.,0.,-1.));
#2494 = DIRECTION('',(-1.,2.96E-15,0.));
#2495 = FACE_BOUND('',#2496,.F.);
#2496 = EDGE_LOOP('',(#2497,#2507,#2516,#2525,#2533,#2542));
#2497 = ORIENTED_EDGE('',*,*,#2498,.F.);
#2498 = EDGE_CURVE('',#2499,#2501,#2503,.T.);
#2499 = VERTEX_POINT('',#2500);
#2500 = CARTESIAN_POINT('',(112.7,-20.45,13.59));
#2501 = VERTEX_POINT('',#2502);
#2502 = CARTESIAN_POINT('',(112.7,-46.55,13.59));
#2503 = LINE('',#2504,#2505);
#2504 = CARTESIAN_POINT('',(112.7,-70.225,13.59));
#2505 = VECTOR('',#2506,1.);
#2506 = DIRECTION('',(0.,-1.,0.));
#2507 = ORIENTED_EDGE('',*,*,#2508,.F.);
#2508 = EDGE_CURVE('',#2509,#2499,#2511,.T.);
#2509 = VERTEX_POINT('',#2510);
#2510 = CARTESIAN_POINT('',(112.25,-20.,13.59));
#2511 = CIRCLE('',#2512,0.45);
#2512 = AXIS2_PLACEMENT_3D('',#2513,#2514,#2515);
#2513 = CARTESIAN_POINT('',(112.25,-20.45,13.59));
#2514 = DIRECTION('',(0.,0.,-1.));
#2515 = DIRECTION('',(0.,1.,0.));
#2516 = ORIENTED_EDGE('',*,*,#2517,.F.);
#2517 = EDGE_CURVE('',#2518,#2509,#2520,.T.);
#2518 = VERTEX_POINT('',#2519);
#2519 = CARTESIAN_POINT('',(111.8,-20.45,13.59));
#2520 = CIRCLE('',#2521,0.45);
#2521 = AXIS2_PLACEMENT_3D('',#2522,#2523,#2524);
#2522 = CARTESIAN_POINT('',(112.25,-20.45,13.59));
#2523 = DIRECTION('',(0.,0.,-1.));
#2524 = DIRECTION('',(-1.,3.158E-14,0.));
#2525 = ORIENTED_EDGE('',*,*,#2526,.F.);
#2526 = EDGE_CURVE('',#2527,#2518,#2529,.T.);
#2527 = VERTEX_POINT('',#2528);
#2528 = CARTESIAN_POINT('',(111.8,-46.55,13.59));
#2529 = LINE('',#2530,#2531);
#2530 = CARTESIAN_POINT('',(111.8,-83.275,13.59));
#2531 = VECTOR('',#2532,1.);
#2532 = DIRECTION('',(0.,1.,0.));
#2533 = ORIENTED_EDGE('',*,*,#2534,.F.);
#2534 = EDGE_CURVE('',#2535,#2527,#2537,.T.);
#2535 = VERTEX_POINT('',#2536);
#2536 = CARTESIAN_POINT('',(112.25,-47.,13.59));
#2537 = CIRCLE('',#2538,0.45);
#2538 = AXIS2_PLACEMENT_3D('',#2539,#2540,#2541);
#2539 = CARTESIAN_POINT('',(112.25,-46.55,13.59));
#2540 = DIRECTION('',(0.,0.,-1.));
#2541 = DIRECTION('',(0.,-1.,0.));
#2542 = ORIENTED_EDGE('',*,*,#2543,.F.);
#2543 = EDGE_CURVE('',#2501,#2535,#2544,.T.);
#2544 = CIRCLE('',#2545,0.45);
#2545 = AXIS2_PLACEMENT_3D('',#2546,#2547,#2548);
#2546 = CARTESIAN_POINT('',(112.25,-46.55,13.59));
#2547 = DIRECTION('',(0.,0.,-1.));
#2548 = DIRECTION('',(1.,-1.579E-14,0.));
#2549 = PLANE('',#2550);
#2550 = AXIS2_PLACEMENT_3D('',#2551,#2552,#2553);
#2551 = CARTESIAN_POINT('',(122.95668743016,-39.09787768044,13.59));
#2552 = DIRECTION('',(-0.,-0.,-1.));
#2553 = DIRECTION('',(-1.,0.,0.));
#2554 = ADVANCED_FACE('',(#2555),#2566,.T.);
#2555 = FACE_BOUND('',#2556,.T.);
#2556 = EDGE_LOOP('',(#2557,#2563,#2564,#2565));
#2557 = ORIENTED_EDGE('',*,*,#2558,.T.);
#2558 = EDGE_CURVE('',#1984,#2176,#2559,.T.);
#2559 = LINE('',#2560,#2561);
#2560 = CARTESIAN_POINT('',(135.,-65.8,6.3));
#2561 = VECTOR('',#2562,1.);
#2562 = DIRECTION('',(0.,0.,1.));
#2563 = ORIENTED_EDGE('',*,*,#2183,.T.);
#2564 = ORIENTED_EDGE('',*,*,#1095,.F.);
#2565 = ORIENTED_EDGE('',*,*,#1991,.F.);
#2566 = CYLINDRICAL_SURFACE('',#2567,1.2);
#2567 = AXIS2_PLACEMENT_3D('',#2568,#2569,#2570);
#2568 = CARTESIAN_POINT('',(133.8,-65.8,6.3));
#2569 = DIRECTION('',(0.,0.,-1.));
#2570 = DIRECTION('',(1.,0.,0.));
#2571 = ADVANCED_FACE('',(#2572),#2575,.F.);
#2572 = FACE_BOUND('',#2573,.T.);
#2573 = EDGE_LOOP('',(#2574));
#2574 = ORIENTED_EDGE('',*,*,#1200,.F.);
#2575 = PLANE('',#2576);
#2576 = AXIS2_PLACEMENT_3D('',#2577,#2578,#2579);
#2577 = CARTESIAN_POINT('',(113.,-52.8,6.8));
#2578 = DIRECTION('',(0.,0.,1.));
#2579 = DIRECTION('',(1.,0.,0.));
#2580 = ADVANCED_FACE('',(#2581),#2599,.T.);
#2581 = FACE_BOUND('',#2582,.T.);
#2582 = EDGE_LOOP('',(#2583,#2591,#2597,#2598));
#2583 = ORIENTED_EDGE('',*,*,#2584,.T.);
#2584 = EDGE_CURVE('',#1419,#2585,#2587,.T.);
#2585 = VERTEX_POINT('',#2586);
#2586 = CARTESIAN_POINT('',(135.,-63.9,9.2));
#2587 = LINE('',#2588,#2589);
#2588 = CARTESIAN_POINT('',(128.3,-63.9,9.2));
#2589 = VECTOR('',#2590,1.);
#2590 = DIRECTION('',(1.,0.,0.));
#2591 = ORIENTED_EDGE('',*,*,#2592,.F.);
#2592 = EDGE_CURVE('',#1976,#2585,#2593,.T.);
#2593 = LINE('',#2594,#2595);
#2594 = CARTESIAN_POINT('',(135.,-63.9,5.7));
#2595 = VECTOR('',#2596,1.);
#2596 = DIRECTION('',(0.,0.,1.));
#2597 = ORIENTED_EDGE('',*,*,#1975,.F.);
#2598 = ORIENTED_EDGE('',*,*,#1426,.F.);
#2599 = PLANE('',#2600);
#2600 = AXIS2_PLACEMENT_3D('',#2601,#2602,#2603);
#2601 = CARTESIAN_POINT('',(128.3,-63.9,5.1));
#2602 = DIRECTION('',(0.,1.,0.));
#2603 = DIRECTION('',(0.,0.,1.));
#2604 = ADVANCED_FACE('',(#2605),#2623,.F.);
#2605 = FACE_BOUND('',#2606,.F.);
#2606 = EDGE_LOOP('',(#2607,#2615,#2616,#2617));
#2607 = ORIENTED_EDGE('',*,*,#2608,.F.);
#2608 = EDGE_CURVE('',#1411,#2609,#2611,.T.);
#2609 = VERTEX_POINT('',#2610);
#2610 = CARTESIAN_POINT('',(135.,-55.4,9.2));
#2611 = LINE('',#2612,#2613);
#2612 = CARTESIAN_POINT('',(128.3,-55.4,9.2));
#2613 = VECTOR('',#2614,1.);
#2614 = DIRECTION('',(1.,0.,0.));
#2615 = ORIENTED_EDGE('',*,*,#1418,.F.);
#2616 = ORIENTED_EDGE('',*,*,#2584,.T.);
#2617 = ORIENTED_EDGE('',*,*,#2618,.F.);
#2618 = EDGE_CURVE('',#2609,#2585,#2619,.T.);
#2619 = LINE('',#2620,#2621);
#2620 = CARTESIAN_POINT('',(135.,-38.65,9.2));
#2621 = VECTOR('',#2622,1.);
#2622 = DIRECTION('',(0.,-1.,0.));
#2623 = PLANE('',#2624);
#2624 = AXIS2_PLACEMENT_3D('',#2625,#2626,#2627);
#2625 = CARTESIAN_POINT('',(128.3,-63.9,9.2));
#2626 = DIRECTION('',(0.,0.,1.));
#2627 = DIRECTION('',(1.,0.,0.));
#2628 = ADVANCED_FACE('',(#2629),#2640,.F.);
#2629 = FACE_BOUND('',#2630,.F.);
#2630 = EDGE_LOOP('',(#2631,#2632,#2638,#2639));
#2631 = ORIENTED_EDGE('',*,*,#2608,.T.);
#2632 = ORIENTED_EDGE('',*,*,#2633,.F.);
#2633 = EDGE_CURVE('',#2087,#2609,#2634,.T.);
#2634 = LINE('',#2635,#2636);
#2635 = CARTESIAN_POINT('',(135.,-55.4,5.7));
#2636 = VECTOR('',#2637,1.);
#2637 = DIRECTION('',(0.,0.,1.));
#2638 = ORIENTED_EDGE('',*,*,#2094,.F.);
#2639 = ORIENTED_EDGE('',*,*,#1410,.F.);
#2640 = PLANE('',#2641);
#2641 = AXIS2_PLACEMENT_3D('',#2642,#2643,#2644);
#2642 = CARTESIAN_POINT('',(128.3,-55.4,5.1));
#2643 = DIRECTION('',(0.,1.,0.));
#2644 = DIRECTION('',(0.,0.,1.));
#2645 = ADVANCED_FACE('',(#2646),#2658,.T.);
#2646 = FACE_BOUND('',#2647,.F.);
#2647 = EDGE_LOOP('',(#2648,#2649,#2650,#2657));
#2648 = ORIENTED_EDGE('',*,*,#2101,.F.);
#2649 = ORIENTED_EDGE('',*,*,#1378,.F.);
#2650 = ORIENTED_EDGE('',*,*,#2651,.T.);
#2651 = EDGE_CURVE('',#1379,#1387,#2652,.T.);
#2652 = CIRCLE('',#2653,1.85);
#2653 = AXIS2_PLACEMENT_3D('',#2654,#2655,#2656);
#2654 = CARTESIAN_POINT('',(133.,-52.8,11.6));
#2655 = DIRECTION('',(0.,0.,1.));
#2656 = DIRECTION('',(1.,0.,0.));
#2657 = ORIENTED_EDGE('',*,*,#1394,.T.);
#2658 = CYLINDRICAL_SURFACE('',#2659,1.85);
#2659 = AXIS2_PLACEMENT_3D('',#2660,#2661,#2662);
#2660 = CARTESIAN_POINT('',(133.,-52.8,6.3));
#2661 = DIRECTION('',(-0.,-0.,-1.));
#2662 = DIRECTION('',(1.,0.,0.));
#2663 = ADVANCED_FACE('',(#2664),#2668,.T.);
#2664 = FACE_BOUND('',#2665,.T.);
#2665 = EDGE_LOOP('',(#2666,#2667));
#2666 = ORIENTED_EDGE('',*,*,#1386,.T.);
#2667 = ORIENTED_EDGE('',*,*,#2651,.T.);
#2668 = PLANE('',#2669);
#2669 = AXIS2_PLACEMENT_3D('',#2670,#2671,#2672);
#2670 = CARTESIAN_POINT('',(133.,-52.8,11.6));
#2671 = DIRECTION('',(0.,0.,1.));
#2672 = DIRECTION('',(1.,0.,0.));
#2673 = ADVANCED_FACE('',(#2674),#2749,.F.);
#2674 = FACE_BOUND('',#2675,.F.);
#2675 = EDGE_LOOP('',(#2676,#2684,#2685,#2693,#2702,#2710,#2718,#2726,
    #2734,#2742));
#2676 = ORIENTED_EDGE('',*,*,#2677,.F.);
#2677 = EDGE_CURVE('',#1755,#2678,#2680,.T.);
#2678 = VERTEX_POINT('',#2679);
#2679 = CARTESIAN_POINT('',(115.05,-51.23174242292,12.725));
#2680 = LINE('',#2681,#2682);
#2681 = CARTESIAN_POINT('',(115.05,-53.,12.725));
#2682 = VECTOR('',#2683,1.);
#2683 = DIRECTION('',(0.,1.,0.));
#2684 = ORIENTED_EDGE('',*,*,#1762,.T.);
#2685 = ORIENTED_EDGE('',*,*,#2686,.T.);
#2686 = EDGE_CURVE('',#1746,#2687,#2689,.T.);
#2687 = VERTEX_POINT('',#2688);
#2688 = CARTESIAN_POINT('',(130.95,-51.23174242292,12.725));
#2689 = LINE('',#2690,#2691);
#2690 = CARTESIAN_POINT('',(130.95,-53.,12.725));
#2691 = VECTOR('',#2692,1.);
#2692 = DIRECTION('',(0.,1.,0.));
#2693 = ORIENTED_EDGE('',*,*,#2694,.T.);
#2694 = EDGE_CURVE('',#2687,#2695,#2697,.T.);
#2695 = VERTEX_POINT('',#2696);
#2696 = CARTESIAN_POINT('',(129.95,-51.45,12.725));
#2697 = CIRCLE('',#2698,2.4);
#2698 = AXIS2_PLACEMENT_3D('',#2699,#2700,#2701);
#2699 = CARTESIAN_POINT('',(129.95,-49.05,12.725));
#2700 = DIRECTION('',(0.,0.,-1.));
#2701 = DIRECTION('',(1.,8.88E-15,0.));
#2702 = ORIENTED_EDGE('',*,*,#2703,.T.);
#2703 = EDGE_CURVE('',#2695,#2704,#2706,.T.);
#2704 = VERTEX_POINT('',#2705);
#2705 = CARTESIAN_POINT('',(129.85,-51.45,12.725));
#2706 = LINE('',#2707,#2708);
#2707 = CARTESIAN_POINT('',(122.5,-51.45,12.725));
#2708 = VECTOR('',#2709,1.);
#2709 = DIRECTION('',(-1.,0.,0.));
#2710 = ORIENTED_EDGE('',*,*,#2711,.F.);
#2711 = EDGE_CURVE('',#2712,#2704,#2714,.T.);
#2712 = VERTEX_POINT('',#2713);
#2713 = CARTESIAN_POINT('',(129.85,-52.6,12.725));
#2714 = LINE('',#2715,#2716);
#2715 = CARTESIAN_POINT('',(129.85,-52.8,12.725));
#2716 = VECTOR('',#2717,1.);
#2717 = DIRECTION('',(0.,1.,0.));
#2718 = ORIENTED_EDGE('',*,*,#2719,.T.);
#2719 = EDGE_CURVE('',#2712,#2720,#2722,.T.);
#2720 = VERTEX_POINT('',#2721);
#2721 = CARTESIAN_POINT('',(116.15,-52.6,12.725));
#2722 = LINE('',#2723,#2724);
#2723 = CARTESIAN_POINT('',(115.6,-52.6,12.725));
#2724 = VECTOR('',#2725,1.);
#2725 = DIRECTION('',(-1.,0.,0.));
#2726 = ORIENTED_EDGE('',*,*,#2727,.T.);
#2727 = EDGE_CURVE('',#2720,#2728,#2730,.T.);
#2728 = VERTEX_POINT('',#2729);
#2729 = CARTESIAN_POINT('',(116.15,-51.45,12.725));
#2730 = LINE('',#2731,#2732);
#2731 = CARTESIAN_POINT('',(116.15,-52.8,12.725));
#2732 = VECTOR('',#2733,1.);
#2733 = DIRECTION('',(0.,1.,0.));
#2734 = ORIENTED_EDGE('',*,*,#2735,.T.);
#2735 = EDGE_CURVE('',#2728,#2736,#2738,.T.);
#2736 = VERTEX_POINT('',#2737);
#2737 = CARTESIAN_POINT('',(116.05,-51.45,12.725));
#2738 = LINE('',#2739,#2740);
#2739 = CARTESIAN_POINT('',(122.5,-51.45,12.725));
#2740 = VECTOR('',#2741,1.);
#2741 = DIRECTION('',(-1.,0.,0.));
#2742 = ORIENTED_EDGE('',*,*,#2743,.T.);
#2743 = EDGE_CURVE('',#2736,#2678,#2744,.T.);
#2744 = CIRCLE('',#2745,2.4);
#2745 = AXIS2_PLACEMENT_3D('',#2746,#2747,#2748);
#2746 = CARTESIAN_POINT('',(116.05,-49.05,12.725));
#2747 = DIRECTION('',(0.,0.,-1.));
#2748 = DIRECTION('',(0.,-1.,0.));
#2749 = PLANE('',#2750);
#2750 = AXIS2_PLACEMENT_3D('',#2751,#2752,#2753);
#2751 = CARTESIAN_POINT('',(115.05,-53.,12.725));
#2752 = DIRECTION('',(0.,0.,1.));
#2753 = DIRECTION('',(1.,0.,0.));
#2754 = ADVANCED_FACE('',(#2755),#2774,.F.);
#2755 = FACE_BOUND('',#2756,.T.);
#2756 = EDGE_LOOP('',(#2757,#2758,#2766,#2773));
#2757 = ORIENTED_EDGE('',*,*,#1841,.T.);
#2758 = ORIENTED_EDGE('',*,*,#2759,.T.);
#2759 = EDGE_CURVE('',#1842,#2760,#2762,.T.);
#2760 = VERTEX_POINT('',#2761);
#2761 = CARTESIAN_POINT('',(124.4,-64.7,6.8));
#2762 = LINE('',#2763,#2764);
#2763 = CARTESIAN_POINT('',(124.4,-64.7,6.2));
#2764 = VECTOR('',#2765,1.);
#2765 = DIRECTION('',(0.,0.,1.));
#2766 = ORIENTED_EDGE('',*,*,#2767,.T.);
#2767 = EDGE_CURVE('',#2760,#2760,#2768,.T.);
#2768 = CIRCLE('',#2769,1.6);
#2769 = AXIS2_PLACEMENT_3D('',#2770,#2771,#2772);
#2770 = CARTESIAN_POINT('',(122.8,-64.7,6.8));
#2771 = DIRECTION('',(0.,0.,1.));
#2772 = DIRECTION('',(1.,0.,0.));
#2773 = ORIENTED_EDGE('',*,*,#2759,.F.);
#2774 = CYLINDRICAL_SURFACE('',#2775,1.6);
#2775 = AXIS2_PLACEMENT_3D('',#2776,#2777,#2778);
#2776 = CARTESIAN_POINT('',(122.8,-64.7,6.2));
#2777 = DIRECTION('',(-0.,-0.,-1.));
#2778 = DIRECTION('',(1.,0.,0.));
#2779 = ADVANCED_FACE('',(#2780),#2790,.T.);
#2780 = FACE_BOUND('',#2781,.T.);
#2781 = EDGE_LOOP('',(#2782,#2783,#2784,#2785,#2786,#2787,#2788,#2789));
#2782 = ORIENTED_EDGE('',*,*,#2086,.F.);
#2783 = ORIENTED_EDGE('',*,*,#2158,.T.);
#2784 = ORIENTED_EDGE('',*,*,#2175,.T.);
#2785 = ORIENTED_EDGE('',*,*,#2558,.F.);
#2786 = ORIENTED_EDGE('',*,*,#1983,.F.);
#2787 = ORIENTED_EDGE('',*,*,#2592,.T.);
#2788 = ORIENTED_EDGE('',*,*,#2618,.F.);
#2789 = ORIENTED_EDGE('',*,*,#2633,.F.);
#2790 = PLANE('',#2791);
#2791 = AXIS2_PLACEMENT_3D('',#2792,#2793,#2794);
#2792 = CARTESIAN_POINT('',(135.,-13.4,6.3));
#2793 = DIRECTION('',(1.,0.,0.));
#2794 = DIRECTION('',(0.,-1.,0.));
#2795 = ADVANCED_FACE('',(#2796),#2815,.F.);
#2796 = FACE_BOUND('',#2797,.T.);
#2797 = EDGE_LOOP('',(#2798,#2799,#2807,#2814));
#2798 = ORIENTED_EDGE('',*,*,#2131,.T.);
#2799 = ORIENTED_EDGE('',*,*,#2800,.T.);
#2800 = EDGE_CURVE('',#2132,#2801,#2803,.T.);
#2801 = VERTEX_POINT('',#2802);
#2802 = CARTESIAN_POINT('',(134.6,-52.8,6.8));
#2803 = LINE('',#2804,#2805);
#2804 = CARTESIAN_POINT('',(134.6,-52.8,6.2));
#2805 = VECTOR('',#2806,1.);
#2806 = DIRECTION('',(0.,0.,1.));
#2807 = ORIENTED_EDGE('',*,*,#2808,.T.);
#2808 = EDGE_CURVE('',#2801,#2801,#2809,.T.);
#2809 = CIRCLE('',#2810,1.6);
#2810 = AXIS2_PLACEMENT_3D('',#2811,#2812,#2813);
#2811 = CARTESIAN_POINT('',(133.,-52.8,6.8));
#2812 = DIRECTION('',(0.,0.,1.));
#2813 = DIRECTION('',(1.,0.,0.));
#2814 = ORIENTED_EDGE('',*,*,#2800,.F.);
#2815 = CYLINDRICAL_SURFACE('',#2816,1.6);
#2816 = AXIS2_PLACEMENT_3D('',#2817,#2818,#2819);
#2817 = CARTESIAN_POINT('',(133.,-52.8,6.2));
#2818 = DIRECTION('',(-0.,-0.,-1.));
#2819 = DIRECTION('',(1.,0.,0.));
#2820 = ADVANCED_FACE('',(#2821),#2846,.F.);
#2821 = FACE_BOUND('',#2822,.F.);
#2822 = EDGE_LOOP('',(#2823,#2833,#2839,#2840));
#2823 = ORIENTED_EDGE('',*,*,#2824,.F.);
#2824 = EDGE_CURVE('',#2825,#2827,#2829,.T.);
#2825 = VERTEX_POINT('',#2826);
#2826 = CARTESIAN_POINT('',(127.9078059588,-60.50085998278,13.19));
#2827 = VERTEX_POINT('',#2828);
#2828 = CARTESIAN_POINT('',(131.44470279516,-63.84553416499,13.19));
#2829 = LINE('',#2830,#2831);
#2830 = CARTESIAN_POINT('',(108.64249801387,-42.28257964355,13.19));
#2831 = VECTOR('',#2832,1.);
#2832 = DIRECTION('',(0.726574967353,-0.687087197389,0.));
#2833 = ORIENTED_EDGE('',*,*,#2834,.T.);
#2834 = EDGE_CURVE('',#2825,#2197,#2835,.T.);
#2835 = LINE('',#2836,#2837);
#2836 = CARTESIAN_POINT('',(127.9078059588,-60.50085998278,0.));
#2837 = VECTOR('',#2838,1.);
#2838 = DIRECTION('',(0.,0.,1.));
#2839 = ORIENTED_EDGE('',*,*,#2196,.T.);
#2840 = ORIENTED_EDGE('',*,*,#2841,.F.);
#2841 = EDGE_CURVE('',#2827,#2199,#2842,.T.);
#2842 = LINE('',#2843,#2844);
#2843 = CARTESIAN_POINT('',(131.44470279516,-63.84553416499,0.));
#2844 = VECTOR('',#2845,1.);
#2845 = DIRECTION('',(0.,0.,1.));
#2846 = PLANE('',#2847);
#2847 = AXIS2_PLACEMENT_3D('',#2848,#2849,#2850);
#2848 = CARTESIAN_POINT('',(127.19796927044,-59.8296013753,0.));
#2849 = DIRECTION('',(0.687087197389,0.726574967353,0.));
#2850 = DIRECTION('',(0.726574967353,-0.687087197389,0.));
#2851 = ADVANCED_FACE('',(#2852),#2897,.F.);
#2852 = FACE_BOUND('',#2853,.F.);
#2853 = EDGE_LOOP('',(#2854,#2862,#2895,#2896));
#2854 = ORIENTED_EDGE('',*,*,#2855,.F.);
#2855 = EDGE_CURVE('',#2856,#2321,#2858,.T.);
#2856 = VERTEX_POINT('',#2857);
#2857 = CARTESIAN_POINT('',(133.8,-64.35,13.19));
#2858 = LINE('',#2859,#2860);
#2859 = CARTESIAN_POINT('',(133.8,-64.35,0.));
#2860 = VECTOR('',#2861,1.);
#2861 = DIRECTION('',(0.,0.,1.));
#2862 = ORIENTED_EDGE('',*,*,#2863,.T.);
#2863 = EDGE_CURVE('',#2856,#2827,#2864,.T.);
#2864 = B_SPLINE_CURVE_WITH_KNOTS('',8,(#2865,#2866,#2867,#2868,#2869,
    #2870,#2871,#2872,#2873,#2874,#2875,#2876,#2877,#2878,#2879,#2880,
    #2881,#2882,#2883,#2884,#2885,#2886,#2887,#2888,#2889,#2890,#2891,
    #2892,#2893,#2894),.UNSPECIFIED.,.F.,.F.,(9,7,7,7,9),(0.,
    0.284252917587,0.478358624134,0.707910713619,1.),.UNSPECIFIED.);
#2865 = CARTESIAN_POINT('',(133.8,-64.35,13.19));
#2866 = CARTESIAN_POINT('',(133.53251923362,-64.2664122605,13.19));
#2867 = CARTESIAN_POINT('',(133.26375287511,-64.18733195325,13.19));
#2868 = CARTESIAN_POINT('',(132.9935351717,-64.11372769565,13.19));
#2869 = CARTESIAN_POINT('',(132.72173873537,-64.04669835974,13.19));
#2870 = CARTESIAN_POINT('',(132.44828494063,-63.98741360358,13.19));
#2871 = CARTESIAN_POINT('',(132.17317459573,-63.9369157684,13.19));
#2872 = CARTESIAN_POINT('',(131.89659314008,-63.89572829562,13.19));
#2873 = CARTESIAN_POINT('',(131.42930942442,-63.84214283114,13.19));
#2874 = CARTESIAN_POINT('',(131.2391769046,-63.82475555986,13.19));
#2875 = CARTESIAN_POINT('',(131.04863996814,-63.81173578154,13.19));
#2876 = CARTESIAN_POINT('',(130.85780400124,-63.80298044937,13.19));
#2877 = CARTESIAN_POINT('',(130.66676554833,-63.79828164671,13.19));
#2878 = CARTESIAN_POINT('',(130.47561188344,-63.7973635459,13.19));
#2879 = CARTESIAN_POINT('',(130.28441938057,-63.79992306351,13.19));
#2880 = CARTESIAN_POINT('',(129.86717480142,-63.81242336182,13.19));
#2881 = CARTESIAN_POINT('',(129.64112803025,-63.82362740393,13.19));
#2882 = CARTESIAN_POINT('',(129.41517227218,-63.83874965304,13.19));
#2883 = CARTESIAN_POINT('',(129.18934991808,-63.85727676871,13.19));
#2884 = CARTESIAN_POINT('',(128.96368641748,-63.87873526861,13.19));
#2885 = CARTESIAN_POINT('',(128.73819049924,-63.90271299709,13.19));
#2886 = CARTESIAN_POINT('',(128.51285335296,-63.92886161536,13.19));
#2887 = CARTESIAN_POINT('',(128.00108684506,-63.99253173005,13.19));
#2888 = CARTESIAN_POINT('',(127.71476687435,-64.03120827356,13.19));
#2889 = CARTESIAN_POINT('',(127.42864523324,-64.07229036005,13.19));
#2890 = CARTESIAN_POINT('',(127.14269048912,-64.11529317931,13.19));
#2891 = CARTESIAN_POINT('',(126.85687602241,-64.15983668209,13.19));
#2892 = CARTESIAN_POINT('',(126.57117581418,-64.205620905,13.19));
#2893 = CARTESIAN_POINT('',(126.28556140143,-64.25240643309,13.19));
#2894 = CARTESIAN_POINT('',(126.,-64.3,13.19));
#2895 = ORIENTED_EDGE('',*,*,#2841,.T.);
#2896 = ORIENTED_EDGE('',*,*,#2328,.F.);
#2897 = SURFACE_OF_LINEAR_EXTRUSION('',#2898,#2903);
#2898 = B_SPLINE_CURVE_WITH_KNOTS('',3,(#2899,#2900,#2901,#2902),
  .UNSPECIFIED.,.F.,.F.,(4,4),(0.,1.),.PIECEWISE_BEZIER_KNOTS.);
#2899 = CARTESIAN_POINT('',(126.,-64.3,0.));
#2900 = CARTESIAN_POINT('',(129.9,-63.65,0.));
#2901 = CARTESIAN_POINT('',(131.4,-63.6,0.));
#2902 = CARTESIAN_POINT('',(133.8,-64.35,0.));
#2903 = VECTOR('',#2904,1.);
#2904 = DIRECTION('',(-0.,-0.,-1.));
#2905 = ADVANCED_FACE('',(#2906),#2924,.F.);
#2906 = FACE_BOUND('',#2907,.F.);
#2907 = EDGE_LOOP('',(#2908,#2916,#2917,#2918));
#2908 = ORIENTED_EDGE('',*,*,#2909,.F.);
#2909 = EDGE_CURVE('',#2856,#2910,#2912,.T.);
#2910 = VERTEX_POINT('',#2911);
#2911 = CARTESIAN_POINT('',(133.8,-65.8,13.19));
#2912 = LINE('',#2913,#2914);
#2913 = CARTESIAN_POINT('',(133.8,-92.175,13.19));
#2914 = VECTOR('',#2915,1.);
#2915 = DIRECTION('',(0.,-1.,0.));
#2916 = ORIENTED_EDGE('',*,*,#2855,.T.);
#2917 = ORIENTED_EDGE('',*,*,#2320,.T.);
#2918 = ORIENTED_EDGE('',*,*,#2919,.F.);
#2919 = EDGE_CURVE('',#2910,#2313,#2920,.T.);
#2920 = LINE('',#2921,#2922);
#2921 = CARTESIAN_POINT('',(133.8,-65.8,0.));
#2922 = VECTOR('',#2923,1.);
#2923 = DIRECTION('',(0.,0.,1.));
#2924 = PLANE('',#2925);
#2925 = AXIS2_PLACEMENT_3D('',#2926,#2927,#2928);
#2926 = CARTESIAN_POINT('',(133.8,-64.35,0.));
#2927 = DIRECTION('',(1.,0.,0.));
#2928 = DIRECTION('',(0.,-1.,0.));
#2929 = ADVANCED_FACE('',(#2930),#2948,.F.);
#2930 = FACE_BOUND('',#2931,.F.);
#2931 = EDGE_LOOP('',(#2932,#2940,#2941,#2942));
#2932 = ORIENTED_EDGE('',*,*,#2933,.F.);
#2933 = EDGE_CURVE('',#2910,#2934,#2936,.T.);
#2934 = VERTEX_POINT('',#2935);
#2935 = CARTESIAN_POINT('',(112.2,-65.8,13.19));
#2936 = LINE('',#2937,#2938);
#2937 = CARTESIAN_POINT('',(66.9,-65.8,13.19));
#2938 = VECTOR('',#2939,1.);
#2939 = DIRECTION('',(-1.,0.,0.));
#2940 = ORIENTED_EDGE('',*,*,#2919,.T.);
#2941 = ORIENTED_EDGE('',*,*,#2312,.T.);
#2942 = ORIENTED_EDGE('',*,*,#2943,.F.);
#2943 = EDGE_CURVE('',#2934,#2305,#2944,.T.);
#2944 = LINE('',#2945,#2946);
#2945 = CARTESIAN_POINT('',(112.2,-65.8,0.));
#2946 = VECTOR('',#2947,1.);
#2947 = DIRECTION('',(0.,0.,1.));
#2948 = PLANE('',#2949);
#2949 = AXIS2_PLACEMENT_3D('',#2950,#2951,#2952);
#2950 = CARTESIAN_POINT('',(133.8,-65.8,0.));
#2951 = DIRECTION('',(0.,-1.,0.));
#2952 = DIRECTION('',(-1.,0.,0.));
#2953 = ADVANCED_FACE('',(#2954),#2972,.F.);
#2954 = FACE_BOUND('',#2955,.F.);
#2955 = EDGE_LOOP('',(#2956,#2964,#2965,#2966));
#2956 = ORIENTED_EDGE('',*,*,#2957,.F.);
#2957 = EDGE_CURVE('',#2934,#2958,#2960,.T.);
#2958 = VERTEX_POINT('',#2959);
#2959 = CARTESIAN_POINT('',(112.2,-63.8,13.19));
#2960 = LINE('',#2961,#2962);
#2961 = CARTESIAN_POINT('',(112.2,-92.9,13.19));
#2962 = VECTOR('',#2963,1.);
#2963 = DIRECTION('',(0.,1.,0.));
#2964 = ORIENTED_EDGE('',*,*,#2943,.T.);
#2965 = ORIENTED_EDGE('',*,*,#2304,.T.);
#2966 = ORIENTED_EDGE('',*,*,#2967,.F.);
#2967 = EDGE_CURVE('',#2958,#2242,#2968,.T.);
#2968 = LINE('',#2969,#2970);
#2969 = CARTESIAN_POINT('',(112.2,-63.8,0.));
#2970 = VECTOR('',#2971,1.);
#2971 = DIRECTION('',(0.,0.,1.));
#2972 = PLANE('',#2973);
#2973 = AXIS2_PLACEMENT_3D('',#2974,#2975,#2976);
#2974 = CARTESIAN_POINT('',(112.2,-65.8,0.));
#2975 = DIRECTION('',(-1.,0.,0.));
#2976 = DIRECTION('',(0.,1.,0.));
#2977 = ADVANCED_FACE('',(#2978),#3051,.F.);
#2978 = FACE_BOUND('',#2979,.F.);
#2979 = EDGE_LOOP('',(#2980,#2988,#3049,#3050));
#2980 = ORIENTED_EDGE('',*,*,#2981,.F.);
#2981 = EDGE_CURVE('',#2982,#2234,#2984,.T.);
#2982 = VERTEX_POINT('',#2983);
#2983 = CARTESIAN_POINT('',(115.12434588197,-63.30741204639,13.19));
#2984 = LINE('',#2985,#2986);
#2985 = CARTESIAN_POINT('',(115.12434588197,-63.30741204639,0.));
#2986 = VECTOR('',#2987,1.);
#2987 = DIRECTION('',(0.,0.,1.));
#2988 = ORIENTED_EDGE('',*,*,#2989,.T.);
#2989 = EDGE_CURVE('',#2982,#2958,#2990,.T.);
#2990 = B_SPLINE_CURVE_WITH_KNOTS('',8,(#2991,#2992,#2993,#2994,#2995,
    #2996,#2997,#2998,#2999,#3000,#3001,#3002,#3003,#3004,#3005,#3006,
    #3007,#3008,#3009,#3010,#3011,#3012,#3013,#3014,#3015,#3016,#3017,
    #3018,#3019,#3020,#3021,#3022,#3023,#3024,#3025,#3026,#3027,#3028,
    #3029,#3030,#3031,#3032,#3033,#3034,#3035,#3036,#3037,#3038,#3039,
    #3040,#3041,#3042,#3043,#3044,#3045,#3046,#3047,#3048),
  .UNSPECIFIED.,.F.,.F.,(9,7,7,7,7,7,7,7,9),(0.,6.341096436888E-02,
    0.345163470709,0.398817080559,0.431592966488,0.487412274425,
    0.65441582177,0.788221339778,1.),.UNSPECIFIED.);
#2991 = CARTESIAN_POINT('',(126.,-64.3,13.19));
#2992 = CARTESIAN_POINT('',(125.89075727459,-64.31747883606,13.19));
#2993 = CARTESIAN_POINT('',(125.78132468682,-64.33374637088,13.19));
#2994 = CARTESIAN_POINT('',(125.67171650889,-64.34878899339,13.19));
#2995 = CARTESIAN_POINT('',(125.56194752048,-64.36259506359,13.19));
#2996 = CARTESIAN_POINT('',(125.45203303703,-64.37515515525,13.19));
#2997 = CARTESIAN_POINT('',(125.34198893793,-64.38646229861,13.19));
#2998 = CARTESIAN_POINT('',(125.23183169486,-64.39651222309,13.19));
#2999 = CARTESIAN_POINT('',(124.63169242412,-64.44436612653,13.19));
#3000 = CARTESIAN_POINT('',(124.13960628071,-64.45860578318,13.19));
#3001 = CARTESIAN_POINT('',(123.64736079749,-64.44780802014,13.19));
#3002 = CARTESIAN_POINT('',(123.1564207961,-64.41312710645,13.19));
#3003 = CARTESIAN_POINT('',(122.66768269348,-64.35712361422,13.19));
#3004 = CARTESIAN_POINT('',(122.18149874516,-64.28366925592,13.19));
#3005 = CARTESIAN_POINT('',(121.69774727765,-64.19733844716,13.19));
#3006 = CARTESIAN_POINT('',(121.1241216483,-64.08493750581,13.19));
#3007 = CARTESIAN_POINT('',(121.03241929484,-64.06666172206,13.19));
#3008 = CARTESIAN_POINT('',(120.94076972183,-64.04812329486,13.19));
#3009 = CARTESIAN_POINT('',(120.84916707646,-64.02935513563,13.19));
#3010 = CARTESIAN_POINT('',(120.75760517666,-64.01039026764,13.19));
#3011 = CARTESIAN_POINT('',(120.66607751105,-63.99126182601,13.19));
#3012 = CARTESIAN_POINT('',(120.57457723895,-63.97200305772,13.19));
#3013 = CARTESIAN_POINT('',(120.42721391163,-63.94082330079,13.19));
#3014 = CARTESIAN_POINT('',(120.37133823623,-63.92896306096,13.19));
#3015 = CARTESIAN_POINT('',(120.3154685582,-63.91707418159,13.19));
#3016 = CARTESIAN_POINT('',(120.25960326725,-63.90516422335,13.19));
#3017 = CARTESIAN_POINT('',(120.20374074884,-63.89324072809,13.19));
#3018 = CARTESIAN_POINT('',(120.14787938413,-63.88131121888,13.19));
#3019 = CARTESIAN_POINT('',(120.09201755004,-63.86938319996,13.19));
#3020 = CARTESIAN_POINT('',(119.9410139801,-63.83716530836,13.19));
#3021 = CARTESIAN_POINT('',(119.84586844591,-63.81689240378,13.19));
#3022 = CARTESIAN_POINT('',(119.75070884074,-63.79668251944,13.19));
#3023 = CARTESIAN_POINT('',(119.65552730373,-63.77657230664,13.19));
#3024 = CARTESIAN_POINT('',(119.56031628901,-63.75659799162,13.19));
#3025 = CARTESIAN_POINT('',(119.46506856575,-63.73679537559,13.19));
#3026 = CARTESIAN_POINT('',(119.36977721812,-63.71719983468,13.19));
#3027 = CARTESIAN_POINT('',(118.9891870197,-63.63994331589,13.19));
#3028 = CARTESIAN_POINT('',(118.70349245574,-63.58420668997,13.19));
#3029 = CARTESIAN_POINT('',(118.41717181054,-63.53156556678,13.19));
#3030 = CARTESIAN_POINT('',(118.13010103831,-63.48290680988,13.19));
#3031 = CARTESIAN_POINT('',(117.84221671603,-63.43904722018,13.19));
#3032 = CARTESIAN_POINT('',(117.55351990839,-63.40071032226,13.19));
#3033 = CARTESIAN_POINT('',(117.26407937219,-63.36850773832,13.19));
#3034 = CARTESIAN_POINT('',(116.74164587526,-63.3224280316,13.19));
#3035 = CARTESIAN_POINT('',(116.50886004274,-63.30617977829,13.19));
#3036 = CARTESIAN_POINT('',(116.2757588283,-63.2944321609,13.19));
#3037 = CARTESIAN_POINT('',(116.04243556791,-63.28738248425,13.19));
#3038 = CARTESIAN_POINT('',(115.80899480921,-63.28517309805,13.19));
#3039 = CARTESIAN_POINT('',(115.57555233814,-63.28789269838,13.19));
#3040 = CARTESIAN_POINT('',(115.34223513056,-63.29557942,13.19));
#3041 = CARTESIAN_POINT('',(114.74031869027,-63.32824145839,13.19));
#3042 = CARTESIAN_POINT('',(114.37206629238,-63.3606835505,13.19));
#3043 = CARTESIAN_POINT('',(114.00496821161,-63.40552864907,13.19));
#3044 = CARTESIAN_POINT('',(113.63947398444,-63.46246963139,13.19));
#3045 = CARTESIAN_POINT('',(113.27595432938,-63.5310128589,13.19));
#3046 = CARTESIAN_POINT('',(112.91471339842,-63.61055528191,13.19));
#3047 = CARTESIAN_POINT('',(112.55599745807,-63.70044138884,13.19));
#3048 = CARTESIAN_POINT('',(112.2,-63.8,13.19));
#3049 = ORIENTED_EDGE('',*,*,#2967,.T.);
#3050 = ORIENTED_EDGE('',*,*,#2241,.F.);
#3051 = SURFACE_OF_LINEAR_EXTRUSION('',#3052,#3057);
#3052 = B_SPLINE_CURVE_WITH_KNOTS('',3,(#3053,#3054,#3055,#3056),
  .UNSPECIFIED.,.F.,.F.,(4,4),(0.,1.),.PIECEWISE_BEZIER_KNOTS.);
#3053 = CARTESIAN_POINT('',(112.2,-63.8,0.));
#3054 = CARTESIAN_POINT('',(118.1,-62.15,0.));
#3055 = CARTESIAN_POINT('',(121.,-65.1,0.));
#3056 = CARTESIAN_POINT('',(126.,-64.3,0.));
#3057 = VECTOR('',#3058,1.);
#3058 = DIRECTION('',(-0.,-0.,-1.));
#3059 = ADVANCED_FACE('',(#3060),#3078,.F.);
#3060 = FACE_BOUND('',#3061,.F.);
#3061 = EDGE_LOOP('',(#3062,#3070,#3071,#3072));
#3062 = ORIENTED_EDGE('',*,*,#3063,.F.);
#3063 = EDGE_CURVE('',#2982,#3064,#3066,.T.);
#3064 = VERTEX_POINT('',#3065);
#3065 = CARTESIAN_POINT('',(118.09219404119,-60.50085998278,13.19));
#3066 = LINE('',#3067,#3068);
#3067 = CARTESIAN_POINT('',(70.585584030612,-105.4255890145,13.19));
#3068 = VECTOR('',#3069,1.);
#3069 = DIRECTION('',(0.726574967353,0.687087197389,0.));
#3070 = ORIENTED_EDGE('',*,*,#2981,.T.);
#3071 = ORIENTED_EDGE('',*,*,#2233,.T.);
#3072 = ORIENTED_EDGE('',*,*,#3073,.F.);
#3073 = EDGE_CURVE('',#3064,#2225,#3074,.T.);
#3074 = LINE('',#3075,#3076);
#3075 = CARTESIAN_POINT('',(118.09219404119,-60.50085998278,0.));
#3076 = VECTOR('',#3077,1.);
#3077 = DIRECTION('',(0.,0.,1.));
#3078 = PLANE('',#3079);
#3079 = AXIS2_PLACEMENT_3D('',#3080,#3081,#3082);
#3080 = CARTESIAN_POINT('',(115.12434588197,-63.30741204639,0.));
#3081 = DIRECTION('',(-0.687087197389,0.726574967353,0.));
#3082 = DIRECTION('',(0.726574967353,0.687087197389,0.));
#3083 = ADVANCED_FACE('',(#3084),#3116,.F.);
#3084 = FACE_BOUND('',#3085,.F.);
#3085 = EDGE_LOOP('',(#3086,#3087,#3088,#3097,#3106,#3113,#3114,#3115));
#3086 = ORIENTED_EDGE('',*,*,#2206,.T.);
#3087 = ORIENTED_EDGE('',*,*,#2834,.F.);
#3088 = ORIENTED_EDGE('',*,*,#3089,.F.);
#3089 = EDGE_CURVE('',#3090,#2825,#3092,.T.);
#3090 = VERTEX_POINT('',#3091);
#3091 = CARTESIAN_POINT('',(128.3,-58.5,13.19));
#3092 = CIRCLE('',#3093,5.3);
#3093 = AXIS2_PLACEMENT_3D('',#3094,#3095,#3096);
#3094 = CARTESIAN_POINT('',(123.,-58.5,13.19));
#3095 = DIRECTION('',(0.,0.,-1.));
#3096 = DIRECTION('',(1.,-2.68E-15,0.));
#3097 = ORIENTED_EDGE('',*,*,#3098,.F.);
#3098 = EDGE_CURVE('',#3099,#3090,#3101,.T.);
#3099 = VERTEX_POINT('',#3100);
#3100 = CARTESIAN_POINT('',(117.7,-58.5,13.19));
#3101 = CIRCLE('',#3102,5.3);
#3102 = AXIS2_PLACEMENT_3D('',#3103,#3104,#3105);
#3103 = CARTESIAN_POINT('',(123.,-58.5,13.19));
#3104 = DIRECTION('',(0.,0.,-1.));
#3105 = DIRECTION('',(-1.,2.68E-15,0.));
#3106 = ORIENTED_EDGE('',*,*,#3107,.F.);
#3107 = EDGE_CURVE('',#3064,#3099,#3108,.T.);
#3108 = CIRCLE('',#3109,5.3);
#3109 = AXIS2_PLACEMENT_3D('',#3110,#3111,#3112);
#3110 = CARTESIAN_POINT('',(123.,-58.5,13.19));
#3111 = DIRECTION('',(0.,0.,-1.));
#3112 = DIRECTION('',(1.,-2.68E-15,0.));
#3113 = ORIENTED_EDGE('',*,*,#3073,.T.);
#3114 = ORIENTED_EDGE('',*,*,#2224,.T.);
#3115 = ORIENTED_EDGE('',*,*,#2215,.T.);
#3116 = CYLINDRICAL_SURFACE('',#3117,5.3);
#3117 = AXIS2_PLACEMENT_3D('',#3118,#3119,#3120);
#3118 = CARTESIAN_POINT('',(123.,-58.5,0.));
#3119 = DIRECTION('',(0.,0.,-1.));
#3120 = DIRECTION('',(1.,-2.68E-15,0.));
#3121 = ADVANCED_FACE('',(#3122),#3147,.F.);
#3122 = FACE_BOUND('',#3123,.F.);
#3123 = EDGE_LOOP('',(#3124,#3134,#3140,#3141));
#3124 = ORIENTED_EDGE('',*,*,#3125,.F.);
#3125 = EDGE_CURVE('',#3126,#3128,#3130,.T.);
#3126 = VERTEX_POINT('',#3127);
#3127 = CARTESIAN_POINT('',(134.2,-20.45,13.19));
#3128 = VERTEX_POINT('',#3129);
#3129 = CARTESIAN_POINT('',(134.2,-46.55,13.19));
#3130 = LINE('',#3131,#3132);
#3131 = CARTESIAN_POINT('',(134.2,-70.225,13.19));
#3132 = VECTOR('',#3133,1.);
#3133 = DIRECTION('',(0.,-1.,0.));
#3134 = ORIENTED_EDGE('',*,*,#3135,.T.);
#3135 = EDGE_CURVE('',#3126,#2364,#3136,.T.);
#3136 = LINE('',#3137,#3138);
#3137 = CARTESIAN_POINT('',(134.2,-20.45,0.));
#3138 = VECTOR('',#3139,1.);
#3139 = DIRECTION('',(0.,0.,1.));
#3140 = ORIENTED_EDGE('',*,*,#2363,.T.);
#3141 = ORIENTED_EDGE('',*,*,#3142,.F.);
#3142 = EDGE_CURVE('',#3128,#2366,#3143,.T.);
#3143 = LINE('',#3144,#3145);
#3144 = CARTESIAN_POINT('',(134.2,-46.55,0.));
#3145 = VECTOR('',#3146,1.);
#3146 = DIRECTION('',(0.,0.,1.));
#3147 = PLANE('',#3148);
#3148 = AXIS2_PLACEMENT_3D('',#3149,#3150,#3151);
#3149 = CARTESIAN_POINT('',(134.2,-20.45,0.));
#3150 = DIRECTION('',(1.,0.,0.));
#3151 = DIRECTION('',(0.,-1.,0.));
#3152 = ADVANCED_FACE('',(#3153),#3182,.F.);
#3153 = FACE_BOUND('',#3154,.F.);
#3154 = EDGE_LOOP('',(#3155,#3156,#3164,#3173,#3180,#3181));
#3155 = ORIENTED_EDGE('',*,*,#2399,.T.);
#3156 = ORIENTED_EDGE('',*,*,#3157,.F.);
#3157 = EDGE_CURVE('',#3158,#2392,#3160,.T.);
#3158 = VERTEX_POINT('',#3159);
#3159 = CARTESIAN_POINT('',(133.3,-46.55,13.19));
#3160 = LINE('',#3161,#3162);
#3161 = CARTESIAN_POINT('',(133.3,-46.55,0.));
#3162 = VECTOR('',#3163,1.);
#3163 = DIRECTION('',(0.,0.,1.));
#3164 = ORIENTED_EDGE('',*,*,#3165,.F.);
#3165 = EDGE_CURVE('',#3166,#3158,#3168,.T.);
#3166 = VERTEX_POINT('',#3167);
#3167 = CARTESIAN_POINT('',(133.75,-47.,13.19));
#3168 = CIRCLE('',#3169,0.45);
#3169 = AXIS2_PLACEMENT_3D('',#3170,#3171,#3172);
#3170 = CARTESIAN_POINT('',(133.75,-46.55,13.19));
#3171 = DIRECTION('',(0.,0.,-1.));
#3172 = DIRECTION('',(6.316E-14,-1.,0.));
#3173 = ORIENTED_EDGE('',*,*,#3174,.F.);
#3174 = EDGE_CURVE('',#3128,#3166,#3175,.T.);
#3175 = CIRCLE('',#3176,0.45);
#3176 = AXIS2_PLACEMENT_3D('',#3177,#3178,#3179);
#3177 = CARTESIAN_POINT('',(133.75,-46.55,13.19));
#3178 = DIRECTION('',(0.,0.,-1.));
#3179 = DIRECTION('',(1.,7.895E-14,0.));
#3180 = ORIENTED_EDGE('',*,*,#3142,.T.);
#3181 = ORIENTED_EDGE('',*,*,#2408,.T.);
#3182 = CYLINDRICAL_SURFACE('',#3183,0.45);
#3183 = AXIS2_PLACEMENT_3D('',#3184,#3185,#3186);
#3184 = CARTESIAN_POINT('',(133.75,-46.55,0.));
#3185 = DIRECTION('',(0.,0.,-1.));
#3186 = DIRECTION('',(1.,7.895E-14,0.));
#3187 = ADVANCED_FACE('',(#3188),#3206,.F.);
#3188 = FACE_BOUND('',#3189,.F.);
#3189 = EDGE_LOOP('',(#3190,#3198,#3199,#3200));
#3190 = ORIENTED_EDGE('',*,*,#3191,.F.);
#3191 = EDGE_CURVE('',#3158,#3192,#3194,.T.);
#3192 = VERTEX_POINT('',#3193);
#3193 = CARTESIAN_POINT('',(133.3,-20.45,13.19));
#3194 = LINE('',#3195,#3196);
#3195 = CARTESIAN_POINT('',(133.3,-83.275,13.19));
#3196 = VECTOR('',#3197,1.);
#3197 = DIRECTION('',(0.,1.,0.));
#3198 = ORIENTED_EDGE('',*,*,#3157,.T.);
#3199 = ORIENTED_EDGE('',*,*,#2391,.T.);
#3200 = ORIENTED_EDGE('',*,*,#3201,.F.);
#3201 = EDGE_CURVE('',#3192,#2383,#3202,.T.);
#3202 = LINE('',#3203,#3204);
#3203 = CARTESIAN_POINT('',(133.3,-20.45,0.));
#3204 = VECTOR('',#3205,1.);
#3205 = DIRECTION('',(0.,0.,1.));
#3206 = PLANE('',#3207);
#3207 = AXIS2_PLACEMENT_3D('',#3208,#3209,#3210);
#3208 = CARTESIAN_POINT('',(133.3,-46.55,0.));
#3209 = DIRECTION('',(-1.,0.,0.));
#3210 = DIRECTION('',(0.,1.,0.));
#3211 = ADVANCED_FACE('',(#3212),#3234,.F.);
#3212 = FACE_BOUND('',#3213,.F.);
#3213 = EDGE_LOOP('',(#3214,#3215,#3216,#3217,#3218,#3227));
#3214 = ORIENTED_EDGE('',*,*,#3201,.T.);
#3215 = ORIENTED_EDGE('',*,*,#2382,.T.);
#3216 = ORIENTED_EDGE('',*,*,#2373,.T.);
#3217 = ORIENTED_EDGE('',*,*,#3135,.F.);
#3218 = ORIENTED_EDGE('',*,*,#3219,.F.);
#3219 = EDGE_CURVE('',#3220,#3126,#3222,.T.);
#3220 = VERTEX_POINT('',#3221);
#3221 = CARTESIAN_POINT('',(133.75,-20.,13.19));
#3222 = CIRCLE('',#3223,0.45);
#3223 = AXIS2_PLACEMENT_3D('',#3224,#3225,#3226);
#3224 = CARTESIAN_POINT('',(133.75,-20.45,13.19));
#3225 = DIRECTION('',(0.,0.,-1.));
#3226 = DIRECTION('',(-6.316E-14,1.,0.));
#3227 = ORIENTED_EDGE('',*,*,#3228,.F.);
#3228 = EDGE_CURVE('',#3192,#3220,#3229,.T.);
#3229 = CIRCLE('',#3230,0.45);
#3230 = AXIS2_PLACEMENT_3D('',#3231,#3232,#3233);
#3231 = CARTESIAN_POINT('',(133.75,-20.45,13.19));
#3232 = DIRECTION('',(0.,0.,-1.));
#3233 = DIRECTION('',(-1.,-7.105E-14,-0.));
#3234 = CYLINDRICAL_SURFACE('',#3235,0.45);
#3235 = AXIS2_PLACEMENT_3D('',#3236,#3237,#3238);
#3236 = CARTESIAN_POINT('',(133.75,-20.45,0.));
#3237 = DIRECTION('',(0.,0.,-1.));
#3238 = DIRECTION('',(-6.316E-14,1.,0.));
#3239 = ADVANCED_FACE('',(#3240),#3268,.F.);
#3240 = FACE_BOUND('',#3241,.F.);
#3241 = EDGE_LOOP('',(#3242,#3243,#3244,#3245,#3253,#3262));
#3242 = ORIENTED_EDGE('',*,*,#48,.F.);
#3243 = ORIENTED_EDGE('',*,*,#113,.T.);
#3244 = ORIENTED_EDGE('',*,*,#2469,.T.);
#3245 = ORIENTED_EDGE('',*,*,#3246,.F.);
#3246 = EDGE_CURVE('',#3247,#2462,#3249,.T.);
#3247 = VERTEX_POINT('',#3248);
#3248 = CARTESIAN_POINT('',(132.35,-18.55,13.19));
#3249 = LINE('',#3250,#3251);
#3250 = CARTESIAN_POINT('',(132.35,-18.55,0.));
#3251 = VECTOR('',#3252,1.);
#3252 = DIRECTION('',(0.,0.,1.));
#3253 = ORIENTED_EDGE('',*,*,#3254,.F.);
#3254 = EDGE_CURVE('',#3255,#3247,#3257,.T.);
#3255 = VERTEX_POINT('',#3256);
#3256 = CARTESIAN_POINT('',(130.95,-16.36825757707,13.19));
#3257 = CIRCLE('',#3258,2.4);
#3258 = AXIS2_PLACEMENT_3D('',#3259,#3260,#3261);
#3259 = CARTESIAN_POINT('',(129.95,-18.55,13.19));
#3260 = DIRECTION('',(0.,0.,-1.));
#3261 = DIRECTION('',(-1.184E-14,1.,0.));
#3262 = ORIENTED_EDGE('',*,*,#3263,.T.);
#3263 = EDGE_CURVE('',#3255,#49,#3264,.T.);
#3264 = LINE('',#3265,#3266);
#3265 = CARTESIAN_POINT('',(130.95,-16.36825757707,0.));
#3266 = VECTOR('',#3267,1.);
#3267 = DIRECTION('',(0.,0.,-1.));
#3268 = CYLINDRICAL_SURFACE('',#3269,2.4);
#3269 = AXIS2_PLACEMENT_3D('',#3270,#3271,#3272);
#3270 = CARTESIAN_POINT('',(129.95,-18.55,0.));
#3271 = DIRECTION('',(0.,0.,-1.));
#3272 = DIRECTION('',(-1.184E-14,1.,0.));
#3273 = ADVANCED_FACE('',(#3274),#3292,.F.);
#3274 = FACE_BOUND('',#3275,.F.);
#3275 = EDGE_LOOP('',(#3276,#3284,#3285,#3286));
#3276 = ORIENTED_EDGE('',*,*,#3277,.F.);
#3277 = EDGE_CURVE('',#3247,#3278,#3280,.T.);
#3278 = VERTEX_POINT('',#3279);
#3279 = CARTESIAN_POINT('',(132.35,-49.05,13.19));
#3280 = LINE('',#3281,#3282);
#3281 = CARTESIAN_POINT('',(132.35,-69.275,13.19));
#3282 = VECTOR('',#3283,1.);
#3283 = DIRECTION('',(0.,-1.,0.));
#3284 = ORIENTED_EDGE('',*,*,#3246,.T.);
#3285 = ORIENTED_EDGE('',*,*,#2461,.T.);
#3286 = ORIENTED_EDGE('',*,*,#3287,.F.);
#3287 = EDGE_CURVE('',#3278,#2453,#3288,.T.);
#3288 = LINE('',#3289,#3290);
#3289 = CARTESIAN_POINT('',(132.35,-49.05,0.));
#3290 = VECTOR('',#3291,1.);
#3291 = DIRECTION('',(0.,0.,1.));
#3292 = PLANE('',#3293);
#3293 = AXIS2_PLACEMENT_3D('',#3294,#3295,#3296);
#3294 = CARTESIAN_POINT('',(132.35,-18.55,0.));
#3295 = DIRECTION('',(1.,0.,0.));
#3296 = DIRECTION('',(0.,-1.,0.));
#3297 = ADVANCED_FACE('',(#3298),#3324,.F.);
#3298 = FACE_BOUND('',#3299,.F.);
#3299 = EDGE_LOOP('',(#3300,#3309,#3310,#3311,#3317,#3318));
#3300 = ORIENTED_EDGE('',*,*,#3301,.F.);
#3301 = EDGE_CURVE('',#3278,#3302,#3304,.T.);
#3302 = VERTEX_POINT('',#3303);
#3303 = CARTESIAN_POINT('',(130.95,-51.23174242292,13.19));
#3304 = CIRCLE('',#3305,2.4);
#3305 = AXIS2_PLACEMENT_3D('',#3306,#3307,#3308);
#3306 = CARTESIAN_POINT('',(129.95,-49.05,13.19));
#3307 = DIRECTION('',(0.,0.,-1.));
#3308 = DIRECTION('',(1.,8.88E-15,0.));
#3309 = ORIENTED_EDGE('',*,*,#3287,.T.);
#3310 = ORIENTED_EDGE('',*,*,#2452,.T.);
#3311 = ORIENTED_EDGE('',*,*,#3312,.F.);
#3312 = EDGE_CURVE('',#2695,#2445,#3313,.T.);
#3313 = LINE('',#3314,#3315);
#3314 = CARTESIAN_POINT('',(129.95,-51.45,0.));
#3315 = VECTOR('',#3316,1.);
#3316 = DIRECTION('',(0.,0.,1.));
#3317 = ORIENTED_EDGE('',*,*,#2694,.F.);
#3318 = ORIENTED_EDGE('',*,*,#3319,.F.);
#3319 = EDGE_CURVE('',#3302,#2687,#3320,.T.);
#3320 = LINE('',#3321,#3322);
#3321 = CARTESIAN_POINT('',(130.95,-51.23174242292,0.));
#3322 = VECTOR('',#3323,1.);
#3323 = DIRECTION('',(0.,0.,-1.));
#3324 = CYLINDRICAL_SURFACE('',#3325,2.4);
#3325 = AXIS2_PLACEMENT_3D('',#3326,#3327,#3328);
#3326 = CARTESIAN_POINT('',(129.95,-49.05,0.));
#3327 = DIRECTION('',(0.,0.,-1.));
#3328 = DIRECTION('',(1.,8.88E-15,0.));
#3329 = ADVANCED_FACE('',(#3330),#3364,.F.);
#3330 = FACE_BOUND('',#3331,.F.);
#3331 = EDGE_LOOP('',(#3332,#3333,#3334,#3335,#3341,#3342,#3350,#3358));
#3332 = ORIENTED_EDGE('',*,*,#2703,.F.);
#3333 = ORIENTED_EDGE('',*,*,#3312,.T.);
#3334 = ORIENTED_EDGE('',*,*,#2444,.T.);
#3335 = ORIENTED_EDGE('',*,*,#3336,.F.);
#3336 = EDGE_CURVE('',#2736,#2436,#3337,.T.);
#3337 = LINE('',#3338,#3339);
#3338 = CARTESIAN_POINT('',(116.05,-51.45,0.));
#3339 = VECTOR('',#3340,1.);
#3340 = DIRECTION('',(0.,0.,1.));
#3341 = ORIENTED_EDGE('',*,*,#2735,.F.);
#3342 = ORIENTED_EDGE('',*,*,#3343,.T.);
#3343 = EDGE_CURVE('',#2728,#3344,#3346,.T.);
#3344 = VERTEX_POINT('',#3345);
#3345 = CARTESIAN_POINT('',(116.15,-51.45,13.19));
#3346 = LINE('',#3347,#3348);
#3347 = CARTESIAN_POINT('',(116.15,-51.45,0.));
#3348 = VECTOR('',#3349,1.);
#3349 = DIRECTION('',(0.,0.,1.));
#3350 = ORIENTED_EDGE('',*,*,#3351,.F.);
#3351 = EDGE_CURVE('',#3352,#3344,#3354,.T.);
#3352 = VERTEX_POINT('',#3353);
#3353 = CARTESIAN_POINT('',(129.85,-51.45,13.19));
#3354 = LINE('',#3355,#3356);
#3355 = CARTESIAN_POINT('',(64.975,-51.45,13.19));
#3356 = VECTOR('',#3357,1.);
#3357 = DIRECTION('',(-1.,0.,0.));
#3358 = ORIENTED_EDGE('',*,*,#3359,.F.);
#3359 = EDGE_CURVE('',#2704,#3352,#3360,.T.);
#3360 = LINE('',#3361,#3362);
#3361 = CARTESIAN_POINT('',(129.85,-51.45,0.));
#3362 = VECTOR('',#3363,1.);
#3363 = DIRECTION('',(0.,0.,1.));
#3364 = PLANE('',#3365);
#3365 = AXIS2_PLACEMENT_3D('',#3366,#3367,#3368);
#3366 = CARTESIAN_POINT('',(129.95,-51.45,0.));
#3367 = DIRECTION('',(0.,-1.,0.));
#3368 = DIRECTION('',(-1.,0.,0.));
#3369 = ADVANCED_FACE('',(#3370),#3398,.F.);
#3370 = FACE_BOUND('',#3371,.F.);
#3371 = EDGE_LOOP('',(#3372,#3373,#3374,#3375,#3383,#3392));
#3372 = ORIENTED_EDGE('',*,*,#2743,.F.);
#3373 = ORIENTED_EDGE('',*,*,#3336,.T.);
#3374 = ORIENTED_EDGE('',*,*,#2435,.T.);
#3375 = ORIENTED_EDGE('',*,*,#3376,.F.);
#3376 = EDGE_CURVE('',#3377,#2428,#3379,.T.);
#3377 = VERTEX_POINT('',#3378);
#3378 = CARTESIAN_POINT('',(113.65,-49.05,13.19));
#3379 = LINE('',#3380,#3381);
#3380 = CARTESIAN_POINT('',(113.65,-49.05,0.));
#3381 = VECTOR('',#3382,1.);
#3382 = DIRECTION('',(0.,0.,1.));
#3383 = ORIENTED_EDGE('',*,*,#3384,.F.);
#3384 = EDGE_CURVE('',#3385,#3377,#3387,.T.);
#3385 = VERTEX_POINT('',#3386);
#3386 = CARTESIAN_POINT('',(115.05,-51.23174242292,13.19));
#3387 = CIRCLE('',#3388,2.4);
#3388 = AXIS2_PLACEMENT_3D('',#3389,#3390,#3391);
#3389 = CARTESIAN_POINT('',(116.05,-49.05,13.19));
#3390 = DIRECTION('',(0.,0.,-1.));
#3391 = DIRECTION('',(0.,-1.,0.));
#3392 = ORIENTED_EDGE('',*,*,#3393,.T.);
#3393 = EDGE_CURVE('',#3385,#2678,#3394,.T.);
#3394 = LINE('',#3395,#3396);
#3395 = CARTESIAN_POINT('',(115.05,-51.23174242292,0.));
#3396 = VECTOR('',#3397,1.);
#3397 = DIRECTION('',(0.,0.,-1.));
#3398 = CYLINDRICAL_SURFACE('',#3399,2.4);
#3399 = AXIS2_PLACEMENT_3D('',#3400,#3401,#3402);
#3400 = CARTESIAN_POINT('',(116.05,-49.05,0.));
#3401 = DIRECTION('',(0.,0.,-1.));
#3402 = DIRECTION('',(0.,-1.,0.));
#3403 = ADVANCED_FACE('',(#3404),#3422,.F.);
#3404 = FACE_BOUND('',#3405,.F.);
#3405 = EDGE_LOOP('',(#3406,#3414,#3415,#3416));
#3406 = ORIENTED_EDGE('',*,*,#3407,.F.);
#3407 = EDGE_CURVE('',#3377,#3408,#3410,.T.);
#3408 = VERTEX_POINT('',#3409);
#3409 = CARTESIAN_POINT('',(113.65,-18.55,13.19));
#3410 = LINE('',#3411,#3412);
#3411 = CARTESIAN_POINT('',(113.65,-84.525,13.19));
#3412 = VECTOR('',#3413,1.);
#3413 = DIRECTION('',(0.,1.,0.));
#3414 = ORIENTED_EDGE('',*,*,#3376,.T.);
#3415 = ORIENTED_EDGE('',*,*,#2427,.T.);
#3416 = ORIENTED_EDGE('',*,*,#3417,.F.);
#3417 = EDGE_CURVE('',#3408,#2419,#3418,.T.);
#3418 = LINE('',#3419,#3420);
#3419 = CARTESIAN_POINT('',(113.65,-18.55,0.));
#3420 = VECTOR('',#3421,1.);
#3421 = DIRECTION('',(0.,0.,1.));
#3422 = PLANE('',#3423);
#3423 = AXIS2_PLACEMENT_3D('',#3424,#3425,#3426);
#3424 = CARTESIAN_POINT('',(113.65,-49.05,0.));
#3425 = DIRECTION('',(-1.,0.,0.));
#3426 = DIRECTION('',(0.,1.,0.));
#3427 = ADVANCED_FACE('',(#3428),#3449,.F.);
#3428 = FACE_BOUND('',#3429,.F.);
#3429 = EDGE_LOOP('',(#3430,#3439,#3440,#3441,#3442,#3443));
#3430 = ORIENTED_EDGE('',*,*,#3431,.F.);
#3431 = EDGE_CURVE('',#3408,#3432,#3434,.T.);
#3432 = VERTEX_POINT('',#3433);
#3433 = CARTESIAN_POINT('',(115.05,-16.36825757707,13.19));
#3434 = CIRCLE('',#3435,2.4);
#3435 = AXIS2_PLACEMENT_3D('',#3436,#3437,#3438);
#3436 = CARTESIAN_POINT('',(116.05,-18.55,13.19));
#3437 = DIRECTION('',(0.,0.,-1.));
#3438 = DIRECTION('',(-1.,-5.92E-15,-0.));
#3439 = ORIENTED_EDGE('',*,*,#3417,.T.);
#3440 = ORIENTED_EDGE('',*,*,#2418,.T.);
#3441 = ORIENTED_EDGE('',*,*,#97,.F.);
#3442 = ORIENTED_EDGE('',*,*,#31,.F.);
#3443 = ORIENTED_EDGE('',*,*,#3444,.F.);
#3444 = EDGE_CURVE('',#3432,#22,#3445,.T.);
#3445 = LINE('',#3446,#3447);
#3446 = CARTESIAN_POINT('',(115.05,-16.36825757707,0.));
#3447 = VECTOR('',#3448,1.);
#3448 = DIRECTION('',(0.,0.,-1.));
#3449 = CYLINDRICAL_SURFACE('',#3450,2.4);
#3450 = AXIS2_PLACEMENT_3D('',#3451,#3452,#3453);
#3451 = CARTESIAN_POINT('',(116.05,-18.55,0.));
#3452 = DIRECTION('',(0.,0.,-1.));
#3453 = DIRECTION('',(-1.,-5.92E-15,-0.));
#3454 = ADVANCED_FACE('',(#3455),#3507,.F.);
#3455 = FACE_BOUND('',#3456,.F.);
#3456 = EDGE_LOOP('',(#3457,#3468,#3474,#3475,#3483,#3492,#3499,#3504,
    #3505,#3506));
#3457 = ORIENTED_EDGE('',*,*,#3458,.F.);
#3458 = EDGE_CURVE('',#3459,#3461,#3463,.T.);
#3459 = VERTEX_POINT('',#3460);
#3460 = CARTESIAN_POINT('',(122.00501256289,-15.1,13.19));
#3461 = VERTEX_POINT('',#3462);
#3462 = CARTESIAN_POINT('',(121.2,-13.6,13.19));
#3463 = CIRCLE('',#3464,1.8);
#3464 = AXIS2_PLACEMENT_3D('',#3465,#3466,#3467);
#3465 = CARTESIAN_POINT('',(123.,-13.6,13.19));
#3466 = DIRECTION('',(0.,0.,-1.));
#3467 = DIRECTION('',(1.,-1.97E-15,0.));
#3468 = ORIENTED_EDGE('',*,*,#3469,.T.);
#3469 = EDGE_CURVE('',#3459,#74,#3470,.T.);
#3470 = LINE('',#3471,#3472);
#3471 = CARTESIAN_POINT('',(122.00501256289,-15.1,0.));
#3472 = VECTOR('',#3473,1.);
#3473 = DIRECTION('',(0.,0.,-1.));
#3474 = ORIENTED_EDGE('',*,*,#73,.F.);
#3475 = ORIENTED_EDGE('',*,*,#3476,.F.);
#3476 = EDGE_CURVE('',#3477,#66,#3479,.T.);
#3477 = VERTEX_POINT('',#3478);
#3478 = CARTESIAN_POINT('',(123.9949874371,-15.1,13.19));
#3479 = LINE('',#3480,#3481);
#3480 = CARTESIAN_POINT('',(123.9949874371,-15.1,0.));
#3481 = VECTOR('',#3482,1.);
#3482 = DIRECTION('',(0.,0.,-1.));
#3483 = ORIENTED_EDGE('',*,*,#3484,.F.);
#3484 = EDGE_CURVE('',#3485,#3477,#3487,.T.);
#3485 = VERTEX_POINT('',#3486);
#3486 = CARTESIAN_POINT('',(124.8,-13.6,13.19));
#3487 = CIRCLE('',#3488,1.8);
#3488 = AXIS2_PLACEMENT_3D('',#3489,#3490,#3491);
#3489 = CARTESIAN_POINT('',(123.,-13.6,13.19));
#3490 = DIRECTION('',(0.,0.,-1.));
#3491 = DIRECTION('',(1.,-1.97E-15,0.));
#3492 = ORIENTED_EDGE('',*,*,#3493,.F.);
#3493 = EDGE_CURVE('',#3461,#3485,#3494,.T.);
#3494 = CIRCLE('',#3495,1.8);
#3495 = AXIS2_PLACEMENT_3D('',#3496,#3497,#3498);
#3496 = CARTESIAN_POINT('',(123.,-13.6,13.19));
#3497 = DIRECTION('',(0.,0.,-1.));
#3498 = DIRECTION('',(-1.,2.96E-15,0.));
#3499 = ORIENTED_EDGE('',*,*,#3500,.F.);
#3500 = EDGE_CURVE('',#2481,#3461,#3501,.T.);
#3501 = B_SPLINE_CURVE_WITH_KNOTS('',1,(#3502,#3503),.UNSPECIFIED.,.F.,
  .F.,(2,2),(-13.59,-13.19),.PIECEWISE_BEZIER_KNOTS.);
#3502 = CARTESIAN_POINT('',(121.2,-13.6,13.59));
#3503 = CARTESIAN_POINT('',(121.2,-13.6,13.19));
#3504 = ORIENTED_EDGE('',*,*,#2489,.T.);
#3505 = ORIENTED_EDGE('',*,*,#2478,.T.);
#3506 = ORIENTED_EDGE('',*,*,#3500,.T.);
#3507 = CYLINDRICAL_SURFACE('',#3508,1.8);
#3508 = AXIS2_PLACEMENT_3D('',#3509,#3510,#3511);
#3509 = CARTESIAN_POINT('',(123.,-13.6,0.));
#3510 = DIRECTION('',(0.,0.,-1.));
#3511 = DIRECTION('',(-1.,2.96E-15,0.));
#3512 = ADVANCED_FACE('',(#3513),#3538,.F.);
#3513 = FACE_BOUND('',#3514,.F.);
#3514 = EDGE_LOOP('',(#3515,#3525,#3531,#3532));
#3515 = ORIENTED_EDGE('',*,*,#3516,.F.);
#3516 = EDGE_CURVE('',#3517,#3519,#3521,.T.);
#3517 = VERTEX_POINT('',#3518);
#3518 = CARTESIAN_POINT('',(112.7,-20.45,13.19));
#3519 = VERTEX_POINT('',#3520);
#3520 = CARTESIAN_POINT('',(112.7,-46.55,13.19));
#3521 = LINE('',#3522,#3523);
#3522 = CARTESIAN_POINT('',(112.7,-70.225,13.19));
#3523 = VECTOR('',#3524,1.);
#3524 = DIRECTION('',(0.,-1.,0.));
#3525 = ORIENTED_EDGE('',*,*,#3526,.T.);
#3526 = EDGE_CURVE('',#3517,#2499,#3527,.T.);
#3527 = LINE('',#3528,#3529);
#3528 = CARTESIAN_POINT('',(112.7,-20.45,0.));
#3529 = VECTOR('',#3530,1.);
#3530 = DIRECTION('',(0.,0.,1.));
#3531 = ORIENTED_EDGE('',*,*,#2498,.T.);
#3532 = ORIENTED_EDGE('',*,*,#3533,.F.);
#3533 = EDGE_CURVE('',#3519,#2501,#3534,.T.);
#3534 = LINE('',#3535,#3536);
#3535 = CARTESIAN_POINT('',(112.7,-46.55,0.));
#3536 = VECTOR('',#3537,1.);
#3537 = DIRECTION('',(0.,0.,1.));
#3538 = PLANE('',#3539);
#3539 = AXIS2_PLACEMENT_3D('',#3540,#3541,#3542);
#3540 = CARTESIAN_POINT('',(112.7,-20.45,0.));
#3541 = DIRECTION('',(1.,0.,0.));
#3542 = DIRECTION('',(0.,-1.,0.));
#3543 = ADVANCED_FACE('',(#3544),#3573,.F.);
#3544 = FACE_BOUND('',#3545,.F.);
#3545 = EDGE_LOOP('',(#3546,#3547,#3555,#3564,#3571,#3572));
#3546 = ORIENTED_EDGE('',*,*,#2534,.T.);
#3547 = ORIENTED_EDGE('',*,*,#3548,.F.);
#3548 = EDGE_CURVE('',#3549,#2527,#3551,.T.);
#3549 = VERTEX_POINT('',#3550);
#3550 = CARTESIAN_POINT('',(111.8,-46.55,13.19));
#3551 = LINE('',#3552,#3553);
#3552 = CARTESIAN_POINT('',(111.8,-46.55,0.));
#3553 = VECTOR('',#3554,1.);
#3554 = DIRECTION('',(0.,0.,1.));
#3555 = ORIENTED_EDGE('',*,*,#3556,.F.);
#3556 = EDGE_CURVE('',#3557,#3549,#3559,.T.);
#3557 = VERTEX_POINT('',#3558);
#3558 = CARTESIAN_POINT('',(112.25,-47.,13.19));
#3559 = CIRCLE('',#3560,0.45);
#3560 = AXIS2_PLACEMENT_3D('',#3561,#3562,#3563);
#3561 = CARTESIAN_POINT('',(112.25,-46.55,13.19));
#3562 = DIRECTION('',(0.,0.,-1.));
#3563 = DIRECTION('',(0.,-1.,0.));
#3564 = ORIENTED_EDGE('',*,*,#3565,.F.);
#3565 = EDGE_CURVE('',#3519,#3557,#3566,.T.);
#3566 = CIRCLE('',#3567,0.45);
#3567 = AXIS2_PLACEMENT_3D('',#3568,#3569,#3570);
#3568 = CARTESIAN_POINT('',(112.25,-46.55,13.19));
#3569 = DIRECTION('',(0.,0.,-1.));
#3570 = DIRECTION('',(1.,-1.579E-14,0.));
#3571 = ORIENTED_EDGE('',*,*,#3533,.T.);
#3572 = ORIENTED_EDGE('',*,*,#2543,.T.);
#3573 = CYLINDRICAL_SURFACE('',#3574,0.45);
#3574 = AXIS2_PLACEMENT_3D('',#3575,#3576,#3577);
#3575 = CARTESIAN_POINT('',(112.25,-46.55,0.));
#3576 = DIRECTION('',(0.,0.,-1.));
#3577 = DIRECTION('',(1.,-1.579E-14,0.));
#3578 = ADVANCED_FACE('',(#3579),#3597,.F.);
#3579 = FACE_BOUND('',#3580,.F.);
#3580 = EDGE_LOOP('',(#3581,#3589,#3590,#3591));
#3581 = ORIENTED_EDGE('',*,*,#3582,.F.);
#3582 = EDGE_CURVE('',#3549,#3583,#3585,.T.);
#3583 = VERTEX_POINT('',#3584);
#3584 = CARTESIAN_POINT('',(111.8,-20.45,13.19));
#3585 = LINE('',#3586,#3587);
#3586 = CARTESIAN_POINT('',(111.8,-83.275,13.19));
#3587 = VECTOR('',#3588,1.);
#3588 = DIRECTION('',(0.,1.,0.));
#3589 = ORIENTED_EDGE('',*,*,#3548,.T.);
#3590 = ORIENTED_EDGE('',*,*,#2526,.T.);
#3591 = ORIENTED_EDGE('',*,*,#3592,.F.);
#3592 = EDGE_CURVE('',#3583,#2518,#3593,.T.);
#3593 = LINE('',#3594,#3595);
#3594 = CARTESIAN_POINT('',(111.8,-20.45,0.));
#3595 = VECTOR('',#3596,1.);
#3596 = DIRECTION('',(0.,0.,1.));
#3597 = PLANE('',#3598);
#3598 = AXIS2_PLACEMENT_3D('',#3599,#3600,#3601);
#3599 = CARTESIAN_POINT('',(111.8,-46.55,0.));
#3600 = DIRECTION('',(-1.,0.,0.));
#3601 = DIRECTION('',(0.,1.,0.));
#3602 = ADVANCED_FACE('',(#3603),#3625,.F.);
#3603 = FACE_BOUND('',#3604,.F.);
#3604 = EDGE_LOOP('',(#3605,#3606,#3607,#3608,#3609,#3618));
#3605 = ORIENTED_EDGE('',*,*,#3592,.T.);
#3606 = ORIENTED_EDGE('',*,*,#2517,.T.);
#3607 = ORIENTED_EDGE('',*,*,#2508,.T.);
#3608 = ORIENTED_EDGE('',*,*,#3526,.F.);
#3609 = ORIENTED_EDGE('',*,*,#3610,.F.);
#3610 = EDGE_CURVE('',#3611,#3517,#3613,.T.);
#3611 = VERTEX_POINT('',#3612);
#3612 = CARTESIAN_POINT('',(112.25,-20.,13.19));
#3613 = CIRCLE('',#3614,0.45);
#3614 = AXIS2_PLACEMENT_3D('',#3615,#3616,#3617);
#3615 = CARTESIAN_POINT('',(112.25,-20.45,13.19));
#3616 = DIRECTION('',(0.,0.,-1.));
#3617 = DIRECTION('',(0.,1.,0.));
#3618 = ORIENTED_EDGE('',*,*,#3619,.F.);
#3619 = EDGE_CURVE('',#3583,#3611,#3620,.T.);
#3620 = CIRCLE('',#3621,0.45);
#3621 = AXIS2_PLACEMENT_3D('',#3622,#3623,#3624);
#3622 = CARTESIAN_POINT('',(112.25,-20.45,13.19));
#3623 = DIRECTION('',(0.,0.,-1.));
#3624 = DIRECTION('',(-1.,3.158E-14,0.));
#3625 = CYLINDRICAL_SURFACE('',#3626,0.45);
#3626 = AXIS2_PLACEMENT_3D('',#3627,#3628,#3629);
#3627 = CARTESIAN_POINT('',(112.25,-20.45,0.));
#3628 = DIRECTION('',(0.,0.,-1.));
#3629 = DIRECTION('',(0.,1.,0.));
#3630 = ADVANCED_FACE('',(#3631),#3649,.T.);
#3631 = FACE_BOUND('',#3632,.T.);
#3632 = EDGE_LOOP('',(#3633,#3641,#3642,#3643));
#3633 = ORIENTED_EDGE('',*,*,#3634,.F.);
#3634 = EDGE_CURVE('',#2720,#3635,#3637,.T.);
#3635 = VERTEX_POINT('',#3636);
#3636 = CARTESIAN_POINT('',(116.15,-52.6,13.19));
#3637 = LINE('',#3638,#3639);
#3638 = CARTESIAN_POINT('',(116.15,-52.6,10.9));
#3639 = VECTOR('',#3640,1.);
#3640 = DIRECTION('',(0.,0.,1.));
#3641 = ORIENTED_EDGE('',*,*,#2727,.T.);
#3642 = ORIENTED_EDGE('',*,*,#3343,.T.);
#3643 = ORIENTED_EDGE('',*,*,#3644,.F.);
#3644 = EDGE_CURVE('',#3635,#3344,#3645,.T.);
#3645 = LINE('',#3646,#3647);
#3646 = CARTESIAN_POINT('',(116.15,-52.6,13.19));
#3647 = VECTOR('',#3648,1.);
#3648 = DIRECTION('',(0.,1.,0.));
#3649 = PLANE('',#3650);
#3650 = AXIS2_PLACEMENT_3D('',#3651,#3652,#3653);
#3651 = CARTESIAN_POINT('',(116.15,-52.6,10.9));
#3652 = DIRECTION('',(1.,0.,0.));
#3653 = DIRECTION('',(0.,0.,1.));
#3654 = ADVANCED_FACE('',(#3655),#3673,.T.);
#3655 = FACE_BOUND('',#3656,.T.);
#3656 = EDGE_LOOP('',(#3657,#3658,#3659,#3667));
#3657 = ORIENTED_EDGE('',*,*,#2719,.T.);
#3658 = ORIENTED_EDGE('',*,*,#3634,.T.);
#3659 = ORIENTED_EDGE('',*,*,#3660,.T.);
#3660 = EDGE_CURVE('',#3635,#3661,#3663,.T.);
#3661 = VERTEX_POINT('',#3662);
#3662 = CARTESIAN_POINT('',(129.85,-52.6,13.19));
#3663 = LINE('',#3664,#3665);
#3664 = CARTESIAN_POINT('',(116.15,-52.6,13.19));
#3665 = VECTOR('',#3666,1.);
#3666 = DIRECTION('',(1.,0.,0.));
#3667 = ORIENTED_EDGE('',*,*,#3668,.F.);
#3668 = EDGE_CURVE('',#2712,#3661,#3669,.T.);
#3669 = LINE('',#3670,#3671);
#3670 = CARTESIAN_POINT('',(129.85,-52.6,10.9));
#3671 = VECTOR('',#3672,1.);
#3672 = DIRECTION('',(0.,0.,1.));
#3673 = PLANE('',#3674);
#3674 = AXIS2_PLACEMENT_3D('',#3675,#3676,#3677);
#3675 = CARTESIAN_POINT('',(116.15,-52.6,10.9));
#3676 = DIRECTION('',(0.,1.,0.));
#3677 = DIRECTION('',(0.,0.,1.));
#3678 = ADVANCED_FACE('',(#3679),#3690,.F.);
#3679 = FACE_BOUND('',#3680,.F.);
#3680 = EDGE_LOOP('',(#3681,#3682,#3683,#3684));
#3681 = ORIENTED_EDGE('',*,*,#3668,.F.);
#3682 = ORIENTED_EDGE('',*,*,#2711,.T.);
#3683 = ORIENTED_EDGE('',*,*,#3359,.T.);
#3684 = ORIENTED_EDGE('',*,*,#3685,.F.);
#3685 = EDGE_CURVE('',#3661,#3352,#3686,.T.);
#3686 = LINE('',#3687,#3688);
#3687 = CARTESIAN_POINT('',(129.85,-52.6,13.19));
#3688 = VECTOR('',#3689,1.);
#3689 = DIRECTION('',(0.,1.,0.));
#3690 = PLANE('',#3691);
#3691 = AXIS2_PLACEMENT_3D('',#3692,#3693,#3694);
#3692 = CARTESIAN_POINT('',(129.85,-52.6,10.9));
#3693 = DIRECTION('',(1.,0.,0.));
#3694 = DIRECTION('',(0.,0.,1.));
#3695 = ADVANCED_FACE('',(#3696),#3707,.T.);
#3696 = FACE_BOUND('',#3697,.T.);
#3697 = EDGE_LOOP('',(#3698,#3704,#3705,#3706));
#3698 = ORIENTED_EDGE('',*,*,#3699,.F.);
#3699 = EDGE_CURVE('',#3302,#3255,#3700,.T.);
#3700 = LINE('',#3701,#3702);
#3701 = CARTESIAN_POINT('',(130.95,-86.5,13.19));
#3702 = VECTOR('',#3703,1.);
#3703 = DIRECTION('',(0.,1.,0.));
#3704 = ORIENTED_EDGE('',*,*,#3301,.F.);
#3705 = ORIENTED_EDGE('',*,*,#3277,.F.);
#3706 = ORIENTED_EDGE('',*,*,#3254,.F.);
#3707 = PLANE('',#3708);
#3708 = AXIS2_PLACEMENT_3D('',#3709,#3710,#3711);
#3709 = CARTESIAN_POINT('',(0.,-120.,13.19));
#3710 = DIRECTION('',(0.,0.,1.));
#3711 = DIRECTION('',(1.,0.,0.));
#3712 = ADVANCED_FACE('',(#3713),#3724,.T.);
#3713 = FACE_BOUND('',#3714,.T.);
#3714 = EDGE_LOOP('',(#3715,#3721,#3722,#3723));
#3715 = ORIENTED_EDGE('',*,*,#3716,.F.);
#3716 = EDGE_CURVE('',#3477,#3459,#3717,.T.);
#3717 = LINE('',#3718,#3719);
#3718 = CARTESIAN_POINT('',(57.525,-15.1,13.19));
#3719 = VECTOR('',#3720,1.);
#3720 = DIRECTION('',(-1.,0.,0.));
#3721 = ORIENTED_EDGE('',*,*,#3484,.F.);
#3722 = ORIENTED_EDGE('',*,*,#3493,.F.);
#3723 = ORIENTED_EDGE('',*,*,#3458,.F.);
#3724 = PLANE('',#3725);
#3725 = AXIS2_PLACEMENT_3D('',#3726,#3727,#3728);
#3726 = CARTESIAN_POINT('',(0.,-120.,13.19));
#3727 = DIRECTION('',(0.,0.,1.));
#3728 = DIRECTION('',(1.,0.,0.));
#3729 = ADVANCED_FACE('',(#3730),#3741,.T.);
#3730 = FACE_BOUND('',#3731,.T.);
#3731 = EDGE_LOOP('',(#3732,#3733,#3739,#3740));
#3732 = ORIENTED_EDGE('',*,*,#3384,.F.);
#3733 = ORIENTED_EDGE('',*,*,#3734,.T.);
#3734 = EDGE_CURVE('',#3385,#3432,#3735,.T.);
#3735 = LINE('',#3736,#3737);
#3736 = CARTESIAN_POINT('',(115.05,-86.5,13.19));
#3737 = VECTOR('',#3738,1.);
#3738 = DIRECTION('',(0.,1.,0.));
#3739 = ORIENTED_EDGE('',*,*,#3431,.F.);
#3740 = ORIENTED_EDGE('',*,*,#3407,.F.);
#3741 = PLANE('',#3742);
#3742 = AXIS2_PLACEMENT_3D('',#3743,#3744,#3745);
#3743 = CARTESIAN_POINT('',(0.,-120.,13.19));
#3744 = DIRECTION('',(0.,0.,1.));
#3745 = DIRECTION('',(1.,0.,0.));
#3746 = ADVANCED_FACE('',(#3747),#3750,.F.);
#3747 = FACE_BOUND('',#3748,.T.);
#3748 = EDGE_LOOP('',(#3749));
#3749 = ORIENTED_EDGE('',*,*,#2767,.F.);
#3750 = PLANE('',#3751);
#3751 = AXIS2_PLACEMENT_3D('',#3752,#3753,#3754);
#3752 = CARTESIAN_POINT('',(122.8,-64.7,6.8));
#3753 = DIRECTION('',(0.,0.,1.));
#3754 = DIRECTION('',(1.,0.,0.));
#3755 = ADVANCED_FACE('',(#3756),#3759,.F.);
#3756 = FACE_BOUND('',#3757,.T.);
#3757 = EDGE_LOOP('',(#3758));
#3758 = ORIENTED_EDGE('',*,*,#2808,.F.);
#3759 = PLANE('',#3760);
#3760 = AXIS2_PLACEMENT_3D('',#3761,#3762,#3763);
#3761 = CARTESIAN_POINT('',(133.,-52.8,6.8));
#3762 = DIRECTION('',(0.,0.,1.));
#3763 = DIRECTION('',(1.,0.,0.));
#3764 = ADVANCED_FACE('',(#3765,#3777),#3835,.F.);
#3765 = FACE_BOUND('',#3766,.F.);
#3766 = EDGE_LOOP('',(#3767,#3768,#3769,#3770,#3771,#3772,#3773,#3774,
    #3775,#3776));
#3767 = ORIENTED_EDGE('',*,*,#2824,.T.);
#3768 = ORIENTED_EDGE('',*,*,#2863,.F.);
#3769 = ORIENTED_EDGE('',*,*,#2909,.T.);
#3770 = ORIENTED_EDGE('',*,*,#2933,.T.);
#3771 = ORIENTED_EDGE('',*,*,#2957,.T.);
#3772 = ORIENTED_EDGE('',*,*,#2989,.F.);
#3773 = ORIENTED_EDGE('',*,*,#3063,.T.);
#3774 = ORIENTED_EDGE('',*,*,#3107,.T.);
#3775 = ORIENTED_EDGE('',*,*,#3098,.T.);
#3776 = ORIENTED_EDGE('',*,*,#3089,.T.);
#3777 = FACE_BOUND('',#3778,.F.);
#3778 = EDGE_LOOP('',(#3779,#3789,#3797,#3805,#3813,#3821,#3829));
#3779 = ORIENTED_EDGE('',*,*,#3780,.F.);
#3780 = EDGE_CURVE('',#3781,#3783,#3785,.T.);
#3781 = VERTEX_POINT('',#3782);
#3782 = CARTESIAN_POINT('',(123.,-60.1,13.19));
#3783 = VERTEX_POINT('',#3784);
#3784 = CARTESIAN_POINT('',(121.5,-59.3,13.19));
#3785 = LINE('',#3786,#3787);
#3786 = CARTESIAN_POINT('',(87.555363321799,-41.19619377162,13.19));
#3787 = VECTOR('',#3788,1.);
#3788 = DIRECTION('',(-0.882352941176,0.470588235294,0.));
#3789 = ORIENTED_EDGE('',*,*,#3790,.F.);
#3790 = EDGE_CURVE('',#3791,#3781,#3793,.T.);
#3791 = VERTEX_POINT('',#3792);
#3792 = CARTESIAN_POINT('',(124.5,-59.3,13.19));
#3793 = LINE('',#3794,#3795);
#3794 = CARTESIAN_POINT('',(63.43339100346,-91.86885813148,13.19));
#3795 = VECTOR('',#3796,1.);
#3796 = DIRECTION('',(-0.882352941176,-0.470588235294,0.));
#3797 = ORIENTED_EDGE('',*,*,#3798,.F.);
#3798 = EDGE_CURVE('',#3799,#3791,#3801,.T.);
#3799 = VERTEX_POINT('',#3800);
#3800 = CARTESIAN_POINT('',(127.2,-59.83,13.19));
#3801 = LINE('',#3802,#3803);
#3802 = CARTESIAN_POINT('',(71.645171350142,-48.92479289465,13.19));
#3803 = VECTOR('',#3804,1.);
#3804 = DIRECTION('',(-0.981273361413,0.1926203265,0.));
#3805 = ORIENTED_EDGE('',*,*,#3806,.F.);
#3806 = EDGE_CURVE('',#3807,#3799,#3809,.T.);
#3807 = VERTEX_POINT('',#3808);
#3808 = CARTESIAN_POINT('',(124.1,-56.9,13.19));
#3809 = LINE('',#3810,#3811);
#3810 = CARTESIAN_POINT('',(107.07699630116,-40.81051585884,13.19));
#3811 = VECTOR('',#3812,1.);
#3812 = DIRECTION('',(0.726753040378,-0.686898841389,0.));
#3813 = ORIENTED_EDGE('',*,*,#3814,.F.);
#3814 = EDGE_CURVE('',#3815,#3807,#3817,.T.);
#3815 = VERTEX_POINT('',#3816);
#3816 = CARTESIAN_POINT('',(121.9,-56.9,13.19));
#3817 = LINE('',#3818,#3819);
#3818 = CARTESIAN_POINT('',(60.95,-56.9,13.19));
#3819 = VECTOR('',#3820,1.);
#3820 = DIRECTION('',(1.,0.,0.));
#3821 = ORIENTED_EDGE('',*,*,#3822,.F.);
#3822 = EDGE_CURVE('',#3823,#3815,#3825,.T.);
#3823 = VERTEX_POINT('',#3824);
#3824 = CARTESIAN_POINT('',(118.8,-59.83,13.19));
#3825 = LINE('',#3826,#3827);
#3826 = CARTESIAN_POINT('',(72.408095949964,-103.6778318924,13.19));
#3827 = VECTOR('',#3828,1.);
#3828 = DIRECTION('',(0.726753040378,0.686898841389,0.));
#3829 = ORIENTED_EDGE('',*,*,#3830,.F.);
#3830 = EDGE_CURVE('',#3783,#3823,#3831,.T.);
#3831 = LINE('',#3832,#3833);
#3832 = CARTESIAN_POINT('',(55.918447242099,-72.17341591173,13.19));
#3833 = VECTOR('',#3834,1.);
#3834 = DIRECTION('',(-0.981273361413,-0.1926203265,0.));
#3835 = PLANE('',#3836);
#3836 = AXIS2_PLACEMENT_3D('',#3837,#3838,#3839);
#3837 = CARTESIAN_POINT('',(122.93127160121,-61.78962374487,13.19));
#3838 = DIRECTION('',(-0.,-0.,-1.));
#3839 = DIRECTION('',(-1.,0.,0.));
#3840 = ADVANCED_FACE('',(#3841),#3849,.T.);
#3841 = FACE_BOUND('',#3842,.T.);
#3842 = EDGE_LOOP('',(#3843,#3844,#3845,#3846,#3847,#3848));
#3843 = ORIENTED_EDGE('',*,*,#3219,.F.);
#3844 = ORIENTED_EDGE('',*,*,#3228,.F.);
#3845 = ORIENTED_EDGE('',*,*,#3191,.F.);
#3846 = ORIENTED_EDGE('',*,*,#3165,.F.);
#3847 = ORIENTED_EDGE('',*,*,#3174,.F.);
#3848 = ORIENTED_EDGE('',*,*,#3125,.F.);
#3849 = PLANE('',#3850);
#3850 = AXIS2_PLACEMENT_3D('',#3851,#3852,#3853);
#3851 = CARTESIAN_POINT('',(0.,-120.,13.19));
#3852 = DIRECTION('',(0.,0.,1.));
#3853 = DIRECTION('',(1.,0.,0.));
#3854 = ADVANCED_FACE('',(#3855),#3861,.F.);
#3855 = FACE_BOUND('',#3856,.F.);
#3856 = EDGE_LOOP('',(#3857,#3858,#3859,#3860));
#3857 = ORIENTED_EDGE('',*,*,#3644,.F.);
#3858 = ORIENTED_EDGE('',*,*,#3660,.T.);
#3859 = ORIENTED_EDGE('',*,*,#3685,.T.);
#3860 = ORIENTED_EDGE('',*,*,#3351,.T.);
#3861 = PLANE('',#3862);
#3862 = AXIS2_PLACEMENT_3D('',#3863,#3864,#3865);
#3863 = CARTESIAN_POINT('',(116.15,-52.6,13.19));
#3864 = DIRECTION('',(0.,0.,1.));
#3865 = DIRECTION('',(1.,0.,0.));
#3866 = ADVANCED_FACE('',(#3867),#3875,.T.);
#3867 = FACE_BOUND('',#3868,.T.);
#3868 = EDGE_LOOP('',(#3869,#3870,#3871,#3872,#3873,#3874));
#3869 = ORIENTED_EDGE('',*,*,#3610,.F.);
#3870 = ORIENTED_EDGE('',*,*,#3619,.F.);
#3871 = ORIENTED_EDGE('',*,*,#3582,.F.);
#3872 = ORIENTED_EDGE('',*,*,#3556,.F.);
#3873 = ORIENTED_EDGE('',*,*,#3565,.F.);
#3874 = ORIENTED_EDGE('',*,*,#3516,.F.);
#3875 = PLANE('',#3876);
#3876 = AXIS2_PLACEMENT_3D('',#3877,#3878,#3879);
#3877 = CARTESIAN_POINT('',(0.,-120.,13.19));
#3878 = DIRECTION('',(0.,0.,1.));
#3879 = DIRECTION('',(1.,0.,0.));
#3880 = ADVANCED_FACE('',(#3881),#3906,.T.);
#3881 = FACE_BOUND('',#3882,.T.);
#3882 = EDGE_LOOP('',(#3883,#3884,#3892,#3900));
#3883 = ORIENTED_EDGE('',*,*,#3780,.F.);
#3884 = ORIENTED_EDGE('',*,*,#3885,.T.);
#3885 = EDGE_CURVE('',#3781,#3886,#3888,.T.);
#3886 = VERTEX_POINT('',#3887);
#3887 = CARTESIAN_POINT('',(123.,-60.1,13.59));
#3888 = LINE('',#3889,#3890);
#3889 = CARTESIAN_POINT('',(123.,-60.1,0.));
#3890 = VECTOR('',#3891,1.);
#3891 = DIRECTION('',(0.,0.,1.));
#3892 = ORIENTED_EDGE('',*,*,#3893,.T.);
#3893 = EDGE_CURVE('',#3886,#3894,#3896,.T.);
#3894 = VERTEX_POINT('',#3895);
#3895 = CARTESIAN_POINT('',(121.5,-59.3,13.59));
#3896 = LINE('',#3897,#3898);
#3897 = CARTESIAN_POINT('',(87.555363321799,-41.19619377162,13.59));
#3898 = VECTOR('',#3899,1.);
#3899 = DIRECTION('',(-0.882352941176,0.470588235294,0.));
#3900 = ORIENTED_EDGE('',*,*,#3901,.F.);
#3901 = EDGE_CURVE('',#3783,#3894,#3902,.T.);
#3902 = LINE('',#3903,#3904);
#3903 = CARTESIAN_POINT('',(121.5,-59.3,0.));
#3904 = VECTOR('',#3905,1.);
#3905 = DIRECTION('',(0.,0.,1.));
#3906 = PLANE('',#3907);
#3907 = AXIS2_PLACEMENT_3D('',#3908,#3909,#3910);
#3908 = CARTESIAN_POINT('',(123.,-60.1,0.));
#3909 = DIRECTION('',(-0.470588235294,-0.882352941176,0.));
#3910 = DIRECTION('',(-0.882352941176,0.470588235294,0.));
#3911 = ADVANCED_FACE('',(#3912),#3930,.T.);
#3912 = FACE_BOUND('',#3913,.T.);
#3913 = EDGE_LOOP('',(#3914,#3915,#3923,#3929));
#3914 = ORIENTED_EDGE('',*,*,#3790,.F.);
#3915 = ORIENTED_EDGE('',*,*,#3916,.T.);
#3916 = EDGE_CURVE('',#3791,#3917,#3919,.T.);
#3917 = VERTEX_POINT('',#3918);
#3918 = CARTESIAN_POINT('',(124.5,-59.3,13.59));
#3919 = LINE('',#3920,#3921);
#3920 = CARTESIAN_POINT('',(124.5,-59.3,0.));
#3921 = VECTOR('',#3922,1.);
#3922 = DIRECTION('',(0.,0.,1.));
#3923 = ORIENTED_EDGE('',*,*,#3924,.T.);
#3924 = EDGE_CURVE('',#3917,#3886,#3925,.T.);
#3925 = LINE('',#3926,#3927);
#3926 = CARTESIAN_POINT('',(63.43339100346,-91.86885813148,13.59));
#3927 = VECTOR('',#3928,1.);
#3928 = DIRECTION('',(-0.882352941176,-0.470588235294,0.));
#3929 = ORIENTED_EDGE('',*,*,#3885,.F.);
#3930 = PLANE('',#3931);
#3931 = AXIS2_PLACEMENT_3D('',#3932,#3933,#3934);
#3932 = CARTESIAN_POINT('',(124.5,-59.3,0.));
#3933 = DIRECTION('',(0.470588235294,-0.882352941176,0.));
#3934 = DIRECTION('',(-0.882352941176,-0.470588235294,0.));
#3935 = ADVANCED_FACE('',(#3936),#3954,.F.);
#3936 = FACE_BOUND('',#3937,.F.);
#3937 = EDGE_LOOP('',(#3938,#3939,#3940,#3948));
#3938 = ORIENTED_EDGE('',*,*,#3798,.T.);
#3939 = ORIENTED_EDGE('',*,*,#3916,.T.);
#3940 = ORIENTED_EDGE('',*,*,#3941,.F.);
#3941 = EDGE_CURVE('',#3942,#3917,#3944,.T.);
#3942 = VERTEX_POINT('',#3943);
#3943 = CARTESIAN_POINT('',(127.2,-59.83,13.59));
#3944 = LINE('',#3945,#3946);
#3945 = CARTESIAN_POINT('',(71.646186714922,-48.924992207,13.59));
#3946 = VECTOR('',#3947,1.);
#3947 = DIRECTION('',(-0.981273361413,0.1926203265,0.));
#3948 = ORIENTED_EDGE('',*,*,#3949,.F.);
#3949 = EDGE_CURVE('',#3799,#3942,#3950,.T.);
#3950 = LINE('',#3951,#3952);
#3951 = CARTESIAN_POINT('',(127.2,-59.83,0.));
#3952 = VECTOR('',#3953,1.);
#3953 = DIRECTION('',(0.,0.,1.));
#3954 = PLANE('',#3955);
#3955 = AXIS2_PLACEMENT_3D('',#3956,#3957,#3958);
#3956 = CARTESIAN_POINT('',(125.85,-59.565,13.39));
#3957 = DIRECTION('',(0.1926203265,0.981273361413,0.));
#3958 = DIRECTION('',(0.981273361413,-0.1926203265,0.));
#3959 = ADVANCED_FACE('',(#3960),#3978,.T.);
#3960 = FACE_BOUND('',#3961,.T.);
#3961 = EDGE_LOOP('',(#3962,#3963,#3971,#3977));
#3962 = ORIENTED_EDGE('',*,*,#3806,.F.);
#3963 = ORIENTED_EDGE('',*,*,#3964,.T.);
#3964 = EDGE_CURVE('',#3807,#3965,#3967,.T.);
#3965 = VERTEX_POINT('',#3966);
#3966 = CARTESIAN_POINT('',(124.1,-56.9,13.59));
#3967 = LINE('',#3968,#3969);
#3968 = CARTESIAN_POINT('',(124.1,-56.9,0.));
#3969 = VECTOR('',#3970,1.);
#3970 = DIRECTION('',(0.,0.,1.));
#3971 = ORIENTED_EDGE('',*,*,#3972,.T.);
#3972 = EDGE_CURVE('',#3965,#3942,#3973,.T.);
#3973 = LINE('',#3974,#3975);
#3974 = CARTESIAN_POINT('',(107.07699630116,-40.81051585884,13.59));
#3975 = VECTOR('',#3976,1.);
#3976 = DIRECTION('',(0.726753040378,-0.686898841389,0.));
#3977 = ORIENTED_EDGE('',*,*,#3949,.F.);
#3978 = PLANE('',#3979);
#3979 = AXIS2_PLACEMENT_3D('',#3980,#3981,#3982);
#3980 = CARTESIAN_POINT('',(124.1,-56.9,0.));
#3981 = DIRECTION('',(0.686898841389,0.726753040378,0.));
#3982 = DIRECTION('',(0.726753040378,-0.686898841389,0.));
#3983 = ADVANCED_FACE('',(#3984),#4002,.T.);
#3984 = FACE_BOUND('',#3985,.T.);
#3985 = EDGE_LOOP('',(#3986,#3987,#3995,#4001));
#3986 = ORIENTED_EDGE('',*,*,#3814,.F.);
#3987 = ORIENTED_EDGE('',*,*,#3988,.T.);
#3988 = EDGE_CURVE('',#3815,#3989,#3991,.T.);
#3989 = VERTEX_POINT('',#3990);
#3990 = CARTESIAN_POINT('',(121.9,-56.9,13.59));
#3991 = LINE('',#3992,#3993);
#3992 = CARTESIAN_POINT('',(121.9,-56.9,0.));
#3993 = VECTOR('',#3994,1.);
#3994 = DIRECTION('',(0.,0.,1.));
#3995 = ORIENTED_EDGE('',*,*,#3996,.T.);
#3996 = EDGE_CURVE('',#3989,#3965,#3997,.T.);
#3997 = LINE('',#3998,#3999);
#3998 = CARTESIAN_POINT('',(60.95,-56.9,13.59));
#3999 = VECTOR('',#4000,1.);
#4000 = DIRECTION('',(1.,0.,0.));
#4001 = ORIENTED_EDGE('',*,*,#3964,.F.);
#4002 = PLANE('',#4003);
#4003 = AXIS2_PLACEMENT_3D('',#4004,#4005,#4006);
#4004 = CARTESIAN_POINT('',(121.9,-56.9,0.));
#4005 = DIRECTION('',(0.,1.,0.));
#4006 = DIRECTION('',(1.,0.,0.));
#4007 = ADVANCED_FACE('',(#4008),#4026,.T.);
#4008 = FACE_BOUND('',#4009,.T.);
#4009 = EDGE_LOOP('',(#4010,#4011,#4019,#4025));
#4010 = ORIENTED_EDGE('',*,*,#3822,.F.);
#4011 = ORIENTED_EDGE('',*,*,#4012,.T.);
#4012 = EDGE_CURVE('',#3823,#4013,#4015,.T.);
#4013 = VERTEX_POINT('',#4014);
#4014 = CARTESIAN_POINT('',(118.8,-59.83,13.59));
#4015 = LINE('',#4016,#4017);
#4016 = CARTESIAN_POINT('',(118.8,-59.83,0.));
#4017 = VECTOR('',#4018,1.);
#4018 = DIRECTION('',(0.,0.,1.));
#4019 = ORIENTED_EDGE('',*,*,#4020,.T.);
#4020 = EDGE_CURVE('',#4013,#3989,#4021,.T.);
#4021 = LINE('',#4022,#4023);
#4022 = CARTESIAN_POINT('',(72.408095949964,-103.6778318924,13.59));
#4023 = VECTOR('',#4024,1.);
#4024 = DIRECTION('',(0.726753040378,0.686898841389,0.));
#4025 = ORIENTED_EDGE('',*,*,#3988,.F.);
#4026 = PLANE('',#4027);
#4027 = AXIS2_PLACEMENT_3D('',#4028,#4029,#4030);
#4028 = CARTESIAN_POINT('',(118.8,-59.83,0.));
#4029 = DIRECTION('',(-0.686898841389,0.726753040378,0.));
#4030 = DIRECTION('',(0.726753040378,0.686898841389,0.));
#4031 = ADVANCED_FACE('',(#4032),#4043,.F.);
#4032 = FACE_BOUND('',#4033,.F.);
#4033 = EDGE_LOOP('',(#4034,#4035,#4036,#4042));
#4034 = ORIENTED_EDGE('',*,*,#3830,.T.);
#4035 = ORIENTED_EDGE('',*,*,#4012,.T.);
#4036 = ORIENTED_EDGE('',*,*,#4037,.F.);
#4037 = EDGE_CURVE('',#3894,#4013,#4038,.T.);
#4038 = LINE('',#4039,#4040);
#4039 = CARTESIAN_POINT('',(57.26743187732,-71.90861522408,13.59));
#4040 = VECTOR('',#4041,1.);
#4041 = DIRECTION('',(-0.981273361413,-0.1926203265,0.));
#4042 = ORIENTED_EDGE('',*,*,#3901,.F.);
#4043 = PLANE('',#4044);
#4044 = AXIS2_PLACEMENT_3D('',#4045,#4046,#4047);
#4045 = CARTESIAN_POINT('',(120.15,-59.565,13.39));
#4046 = DIRECTION('',(-0.1926203265,0.981273361413,0.));
#4047 = DIRECTION('',(0.981273361413,0.1926203265,0.));
#4048 = ADVANCED_FACE('',(#4049),#4058,.F.);
#4049 = FACE_BOUND('',#4050,.F.);
#4050 = EDGE_LOOP('',(#4051,#4052,#4053,#4054,#4055,#4056,#4057));
#4051 = ORIENTED_EDGE('',*,*,#3924,.T.);
#4052 = ORIENTED_EDGE('',*,*,#3893,.T.);
#4053 = ORIENTED_EDGE('',*,*,#4037,.T.);
#4054 = ORIENTED_EDGE('',*,*,#4020,.T.);
#4055 = ORIENTED_EDGE('',*,*,#3996,.T.);
#4056 = ORIENTED_EDGE('',*,*,#3972,.T.);
#4057 = ORIENTED_EDGE('',*,*,#3941,.T.);
#4058 = PLANE('',#4059);
#4059 = AXIS2_PLACEMENT_3D('',#4060,#4061,#4062);
#4060 = CARTESIAN_POINT('',(122.95668743016,-39.09787768044,13.59));
#4061 = DIRECTION('',(-0.,-0.,-1.));
#4062 = DIRECTION('',(-1.,0.,0.));
#4063 = ADVANCED_FACE('',(#4064),#4079,.T.);
#4064 = FACE_BOUND('',#4065,.T.);
#4065 = EDGE_LOOP('',(#4066,#4067,#4068,#4069,#4070,#4071,#4072,#4078));
#4066 = ORIENTED_EDGE('',*,*,#1745,.T.);
#4067 = ORIENTED_EDGE('',*,*,#2686,.T.);
#4068 = ORIENTED_EDGE('',*,*,#3319,.F.);
#4069 = ORIENTED_EDGE('',*,*,#3699,.T.);
#4070 = ORIENTED_EDGE('',*,*,#3263,.T.);
#4071 = ORIENTED_EDGE('',*,*,#57,.T.);
#4072 = ORIENTED_EDGE('',*,*,#4073,.F.);
#4073 = EDGE_CURVE('',#633,#58,#4074,.T.);
#4074 = LINE('',#4075,#4076);
#4075 = CARTESIAN_POINT('',(130.95,-15.1,10.9));
#4076 = VECTOR('',#4077,1.);
#4077 = DIRECTION('',(0.,0.,1.));
#4078 = ORIENTED_EDGE('',*,*,#640,.F.);
#4079 = PLANE('',#4080);
#4080 = AXIS2_PLACEMENT_3D('',#4081,#4082,#4083);
#4081 = CARTESIAN_POINT('',(130.95,-34.04701156812,12.671851162639));
#4082 = DIRECTION('',(-1.,-0.,-0.));
#4083 = DIRECTION('',(0.,0.,-1.));
#4084 = ADVANCED_FACE('',(#4085),#4100,.T.);
#4085 = FACE_BOUND('',#4086,.T.);
#4086 = EDGE_LOOP('',(#4087,#4088,#4089,#4090,#4091,#4092,#4093,#4099));
#4087 = ORIENTED_EDGE('',*,*,#4073,.T.);
#4088 = ORIENTED_EDGE('',*,*,#65,.F.);
#4089 = ORIENTED_EDGE('',*,*,#3476,.F.);
#4090 = ORIENTED_EDGE('',*,*,#3716,.T.);
#4091 = ORIENTED_EDGE('',*,*,#3469,.T.);
#4092 = ORIENTED_EDGE('',*,*,#82,.F.);
#4093 = ORIENTED_EDGE('',*,*,#4094,.F.);
#4094 = EDGE_CURVE('',#625,#24,#4095,.T.);
#4095 = LINE('',#4096,#4097);
#4096 = CARTESIAN_POINT('',(115.05,-15.1,10.9));
#4097 = VECTOR('',#4098,1.);
#4098 = DIRECTION('',(0.,0.,1.));
#4099 = ORIENTED_EDGE('',*,*,#632,.F.);
#4100 = PLANE('',#4101);
#4101 = AXIS2_PLACEMENT_3D('',#4102,#4103,#4104);
#4102 = CARTESIAN_POINT('',(123.,-15.1,12.498634269719));
#4103 = DIRECTION('',(0.,-1.,1.4E-15));
#4104 = DIRECTION('',(0.,-1.4E-15,-1.));
#4105 = ADVANCED_FACE('',(#4106),#4116,.T.);
#4106 = FACE_BOUND('',#4107,.T.);
#4107 = EDGE_LOOP('',(#4108,#4109,#4110,#4111,#4112,#4113,#4114,#4115));
#4108 = ORIENTED_EDGE('',*,*,#1754,.F.);
#4109 = ORIENTED_EDGE('',*,*,#624,.T.);
#4110 = ORIENTED_EDGE('',*,*,#4094,.T.);
#4111 = ORIENTED_EDGE('',*,*,#21,.F.);
#4112 = ORIENTED_EDGE('',*,*,#3444,.F.);
#4113 = ORIENTED_EDGE('',*,*,#3734,.F.);
#4114 = ORIENTED_EDGE('',*,*,#3393,.T.);
#4115 = ORIENTED_EDGE('',*,*,#2677,.F.);
#4116 = PLANE('',#4117);
#4117 = AXIS2_PLACEMENT_3D('',#4118,#4119,#4120);
#4118 = CARTESIAN_POINT('',(115.05,-34.04701156812,12.671851162639));
#4119 = DIRECTION('',(1.,0.,0.));
#4120 = DIRECTION('',(0.,0.,1.));
#4121 = ORIENTED_CLOSED_SHELL('',*,#4122,.F.);
#4122 = CLOSED_SHELL('',(#4123,#4156,#4165));
#4123 = ADVANCED_FACE('',(#4124),#4151,.T.);
#4124 = FACE_BOUND('',#4125,.F.);
#4125 = EDGE_LOOP('',(#4126,#4136,#4143,#4144));
#4126 = ORIENTED_EDGE('',*,*,#4127,.T.);
#4127 = EDGE_CURVE('',#4128,#4130,#4132,.T.);
#4128 = VERTEX_POINT('',#4129);
#4129 = CARTESIAN_POINT('',(123.9,-64.7,7.));
#4130 = VERTEX_POINT('',#4131);
#4131 = CARTESIAN_POINT('',(123.9,-64.7,11.2));
#4132 = LINE('',#4133,#4134);
#4133 = CARTESIAN_POINT('',(123.9,-64.7,7.));
#4134 = VECTOR('',#4135,1.);
#4135 = DIRECTION('',(0.,0.,1.));
#4136 = ORIENTED_EDGE('',*,*,#4137,.T.);
#4137 = EDGE_CURVE('',#4130,#4130,#4138,.T.);
#4138 = CIRCLE('',#4139,1.1);
#4139 = AXIS2_PLACEMENT_3D('',#4140,#4141,#4142);
#4140 = CARTESIAN_POINT('',(122.8,-64.7,11.2));
#4141 = DIRECTION('',(0.,0.,1.));
#4142 = DIRECTION('',(1.,0.,0.));
#4143 = ORIENTED_EDGE('',*,*,#4127,.F.);
#4144 = ORIENTED_EDGE('',*,*,#4145,.F.);
#4145 = EDGE_CURVE('',#4128,#4128,#4146,.T.);
#4146 = CIRCLE('',#4147,1.1);
#4147 = AXIS2_PLACEMENT_3D('',#4148,#4149,#4150);
#4148 = CARTESIAN_POINT('',(122.8,-64.7,7.));
#4149 = DIRECTION('',(0.,0.,1.));
#4150 = DIRECTION('',(1.,0.,0.));
#4151 = CYLINDRICAL_SURFACE('',#4152,1.1);
#4152 = AXIS2_PLACEMENT_3D('',#4153,#4154,#4155);
#4153 = CARTESIAN_POINT('',(122.8,-64.7,7.));
#4154 = DIRECTION('',(-0.,-0.,-1.));
#4155 = DIRECTION('',(1.,0.,0.));
#4156 = ADVANCED_FACE('',(#4157),#4160,.F.);
#4157 = FACE_BOUND('',#4158,.T.);
#4158 = EDGE_LOOP('',(#4159));
#4159 = ORIENTED_EDGE('',*,*,#4145,.F.);
#4160 = PLANE('',#4161);
#4161 = AXIS2_PLACEMENT_3D('',#4162,#4163,#4164);
#4162 = CARTESIAN_POINT('',(122.8,-64.7,7.));
#4163 = DIRECTION('',(0.,0.,1.));
#4164 = DIRECTION('',(1.,0.,0.));
#4165 = ADVANCED_FACE('',(#4166),#4169,.T.);
#4166 = FACE_BOUND('',#4167,.F.);
#4167 = EDGE_LOOP('',(#4168));
#4168 = ORIENTED_EDGE('',*,*,#4137,.F.);
#4169 = PLANE('',#4170);
#4170 = AXIS2_PLACEMENT_3D('',#4171,#4172,#4173);
#4171 = CARTESIAN_POINT('',(122.8,-64.7,11.2));
#4172 = DIRECTION('',(0.,0.,1.));
#4173 = DIRECTION('',(1.,0.,0.));
#4174 = ORIENTED_CLOSED_SHELL('',*,#4175,.F.);
#4175 = CLOSED_SHELL('',(#4176,#4209,#4218));
#4176 = ADVANCED_FACE('',(#4177),#4204,.T.);
#4177 = FACE_BOUND('',#4178,.F.);
#4178 = EDGE_LOOP('',(#4179,#4189,#4196,#4197));
#4179 = ORIENTED_EDGE('',*,*,#4180,.T.);
#4180 = EDGE_CURVE('',#4181,#4183,#4185,.T.);
#4181 = VERTEX_POINT('',#4182);
#4182 = CARTESIAN_POINT('',(114.1,-52.8,7.));
#4183 = VERTEX_POINT('',#4184);
#4184 = CARTESIAN_POINT('',(114.1,-52.8,11.2));
#4185 = LINE('',#4186,#4187);
#4186 = CARTESIAN_POINT('',(114.1,-52.8,7.));
#4187 = VECTOR('',#4188,1.);
#4188 = DIRECTION('',(0.,0.,1.));
#4189 = ORIENTED_EDGE('',*,*,#4190,.T.);
#4190 = EDGE_CURVE('',#4183,#4183,#4191,.T.);
#4191 = CIRCLE('',#4192,1.1);
#4192 = AXIS2_PLACEMENT_3D('',#4193,#4194,#4195);
#4193 = CARTESIAN_POINT('',(113.,-52.8,11.2));
#4194 = DIRECTION('',(0.,0.,1.));
#4195 = DIRECTION('',(1.,0.,0.));
#4196 = ORIENTED_EDGE('',*,*,#4180,.F.);
#4197 = ORIENTED_EDGE('',*,*,#4198,.F.);
#4198 = EDGE_CURVE('',#4181,#4181,#4199,.T.);
#4199 = CIRCLE('',#4200,1.1);
#4200 = AXIS2_PLACEMENT_3D('',#4201,#4202,#4203);
#4201 = CARTESIAN_POINT('',(113.,-52.8,7.));
#4202 = DIRECTION('',(0.,0.,1.));
#4203 = DIRECTION('',(1.,0.,0.));
#4204 = CYLINDRICAL_SURFACE('',#4205,1.1);
#4205 = AXIS2_PLACEMENT_3D('',#4206,#4207,#4208);
#4206 = CARTESIAN_POINT('',(113.,-52.8,7.));
#4207 = DIRECTION('',(-0.,-0.,-1.));
#4208 = DIRECTION('',(1.,0.,0.));
#4209 = ADVANCED_FACE('',(#4210),#4213,.F.);
#4210 = FACE_BOUND('',#4211,.T.);
#4211 = EDGE_LOOP('',(#4212));
#4212 = ORIENTED_EDGE('',*,*,#4198,.F.);
#4213 = PLANE('',#4214);
#4214 = AXIS2_PLACEMENT_3D('',#4215,#4216,#4217);
#4215 = CARTESIAN_POINT('',(113.,-52.8,7.));
#4216 = DIRECTION('',(0.,0.,1.));
#4217 = DIRECTION('',(1.,0.,0.));
#4218 = ADVANCED_FACE('',(#4219),#4222,.T.);
#4219 = FACE_BOUND('',#4220,.F.);
#4220 = EDGE_LOOP('',(#4221));
#4221 = ORIENTED_EDGE('',*,*,#4190,.F.);
#4222 = PLANE('',#4223);
#4223 = AXIS2_PLACEMENT_3D('',#4224,#4225,#4226);
#4224 = CARTESIAN_POINT('',(113.,-52.8,11.2));
#4225 = DIRECTION('',(0.,0.,1.));
#4226 = DIRECTION('',(1.,0.,0.));
#4227 = ORIENTED_CLOSED_SHELL('',*,#4228,.F.);
#4228 = CLOSED_SHELL('',(#4229,#4262,#4271));
#4229 = ADVANCED_FACE('',(#4230),#4257,.T.);
#4230 = FACE_BOUND('',#4231,.F.);
#4231 = EDGE_LOOP('',(#4232,#4242,#4249,#4250));
#4232 = ORIENTED_EDGE('',*,*,#4233,.T.);
#4233 = EDGE_CURVE('',#4234,#4236,#4238,.T.);
#4234 = VERTEX_POINT('',#4235);
#4235 = CARTESIAN_POINT('',(134.1,-52.8,7.));
#4236 = VERTEX_POINT('',#4237);
#4237 = CARTESIAN_POINT('',(134.1,-52.8,11.2));
#4238 = LINE('',#4239,#4240);
#4239 = CARTESIAN_POINT('',(134.1,-52.8,7.));
#4240 = VECTOR('',#4241,1.);
#4241 = DIRECTION('',(0.,0.,1.));
#4242 = ORIENTED_EDGE('',*,*,#4243,.T.);
#4243 = EDGE_CURVE('',#4236,#4236,#4244,.T.);
#4244 = CIRCLE('',#4245,1.1);
#4245 = AXIS2_PLACEMENT_3D('',#4246,#4247,#4248);
#4246 = CARTESIAN_POINT('',(133.,-52.8,11.2));
#4247 = DIRECTION('',(0.,0.,1.));
#4248 = DIRECTION('',(1.,0.,0.));
#4249 = ORIENTED_EDGE('',*,*,#4233,.F.);
#4250 = ORIENTED_EDGE('',*,*,#4251,.F.);
#4251 = EDGE_CURVE('',#4234,#4234,#4252,.T.);
#4252 = CIRCLE('',#4253,1.1);
#4253 = AXIS2_PLACEMENT_3D('',#4254,#4255,#4256);
#4254 = CARTESIAN_POINT('',(133.,-52.8,7.));
#4255 = DIRECTION('',(0.,0.,1.));
#4256 = DIRECTION('',(1.,0.,0.));
#4257 = CYLINDRICAL_SURFACE('',#4258,1.1);
#4258 = AXIS2_PLACEMENT_3D('',#4259,#4260,#4261);
#4259 = CARTESIAN_POINT('',(133.,-52.8,7.));
#4260 = DIRECTION('',(-0.,-0.,-1.));
#4261 = DIRECTION('',(1.,0.,0.));
#4262 = ADVANCED_FACE('',(#4263),#4266,.F.);
#4263 = FACE_BOUND('',#4264,.T.);
#4264 = EDGE_LOOP('',(#4265));
#4265 = ORIENTED_EDGE('',*,*,#4251,.F.);
#4266 = PLANE('',#4267);
#4267 = AXIS2_PLACEMENT_3D('',#4268,#4269,#4270);
#4268 = CARTESIAN_POINT('',(133.,-52.8,7.));
#4269 = DIRECTION('',(0.,0.,1.));
#4270 = DIRECTION('',(1.,0.,0.));
#4271 = ADVANCED_FACE('',(#4272),#4275,.T.);
#4272 = FACE_BOUND('',#4273,.F.);
#4273 = EDGE_LOOP('',(#4274));
#4274 = ORIENTED_EDGE('',*,*,#4243,.F.);
#4275 = PLANE('',#4276);
#4276 = AXIS2_PLACEMENT_3D('',#4277,#4278,#4279);
#4277 = CARTESIAN_POINT('',(133.,-52.8,11.2));
#4278 = DIRECTION('',(0.,0.,1.));
#4279 = DIRECTION('',(1.,0.,0.));
#4280 = ( GEOMETRIC_REPRESENTATION_CONTEXT(3) 
GLOBAL_UNCERTAINTY_ASSIGNED_CONTEXT((#4284)) 
GLOBAL_UNIT_ASSIGNED_CONTEXT((#4281,#4282,#4283)) REPRESENTATION_CONTEXT
('Context #1','3D Context with UNIT and UNCERTAINTY') );
#4281 = ( LENGTH_UNIT() NAMED_UNIT(*) SI_UNIT(.MILLI.,.METRE.) );
#4282 = ( NAMED_UNIT(*) PLANE_ANGLE_UNIT() SI_UNIT($,.RADIAN.) );
#4283 = ( NAMED_UNIT(*) SI_UNIT($,.STERADIAN.) SOLID_ANGLE_UNIT() );
#4284 = UNCERTAINTY_MEASURE_WITH_UNIT(LENGTH_MEASURE(5.E-05),#4281,
  'distance_accuracy_value','confusion accuracy');
#4285 = PRODUCT_RELATED_PRODUCT_CATEGORY('part',$,(#7));
ENDSEC;
END-ISO-10303-21;
