ISO-10303-21;
HEADER;
FILE_DESCRIPTION(('FreeCAD Model'),'2;1');
FILE_NAME('Open CASCADE Shape Model','2026-09-28T17:28:41',('FreeCAD'),(
    'FreeCAD'),'Open CASCADE STEP processor 7.8','FreeCAD','Unknown');
FILE_SCHEMA(('AUTOMOTIVE_DESIGN { 1 0 10303 214 1 1 1 1 }'));
ENDSEC;
DATA;
#1 = APPLICATION_PROTOCOL_DEFINITION('international standard',
  'automotive_design',2000,#2);
#2 = APPLICATION_CONTEXT(
  'core data for automotive mechanical design processes');
#3 = SHAPE_DEFINITION_REPRESENTATION(#4,#10);
#4 = PRODUCT_DEFINITION_SHAPE('','',#5);
#5 = PRODUCT_DEFINITION('design','',#6,#9);
#6 = PRODUCT_DEFINITION_FORMATION('','',#7);
#7 = PRODUCT('Open CASCADE STEP translator 7.8 131',
  'Open CASCADE STEP translator 7.8 131','',(#8));
#8 = PRODUCT_CONTEXT('',#2,'mechanical');
#9 = PRODUCT_DEFINITION_CONTEXT('part definition',#2,'design');
#10 = ADVANCED_BREP_SHAPE_REPRESENTATION('',(#11,#15),#4595);
#11 = AXIS2_PLACEMENT_3D('',#12,#13,#14);
#12 = CARTESIAN_POINT('',(0.,0.,0.));
#13 = DIRECTION('',(0.,0.,1.));
#14 = DIRECTION('',(1.,0.,-0.));
#15 = BREP_WITH_VOIDS('',#16,(#4436,#4489,#4542));
#16 = CLOSED_SHELL('',(#17,#153,#184,#418,#442,#593,#618,#643,#668,#730,
    #758,#769,#804,#830,#855,#913,#930,#975,#992,#1004,#1021,#1054,#1094
    ,#1118,#1142,#1223,#1247,#1271,#1295,#1319,#1343,#1367,#1391,#1415,
    #1439,#1463,#1487,#1511,#1528,#1559,#1583,#1607,#1624,#1663,#1688,
    #1712,#1737,#1793,#1817,#1873,#1890,#1908,#1933,#1958,#1982,#2038,
    #2056,#2066,#2084,#2101,#2177,#2194,#2206,#2234,#2245,#2323,#2755,
    #2772,#2784,#2796,#2805,#2814,#2839,#2870,#2894,#2918,#2942,#2966,
    #2990,#3014,#3031,#3063,#3087,#3112,#3136,#3170,#3194,#3228,#3245,
    #3276,#3311,#3335,#3363,#3394,#3429,#3453,#3481,#3512,#3547,#3571,
    #3599,#3630,#3665,#3689,#3717,#3748,#3783,#3807,#3835,#3867,#3891,
    #3916,#3940,#3965,#3989,#4014,#4031,#4040,#4126,#4144,#4158,#4172,
    #4186,#4200,#4214,#4300,#4322,#4339,#4356,#4373,#4390,#4407,#4424));
#17 = ADVANCED_FACE('',(#18),#148,.F.);
#18 = FACE_BOUND('',#19,.F.);
#19 = EDGE_LOOP('',(#20,#30,#38,#46,#54,#62,#70,#78,#86,#94,#102,#110,
    #118,#126,#134,#142));
#20 = ORIENTED_EDGE('',*,*,#21,.F.);
#21 = EDGE_CURVE('',#22,#24,#26,.T.);
#22 = VERTEX_POINT('',#23);
#23 = CARTESIAN_POINT('',(26.229458346531,-65.8,6.3));
#24 = VERTEX_POINT('',#25);
#25 = CARTESIAN_POINT('',(26.229458346531,-65.8,12.19));
#26 = LINE('',#27,#28);
#27 = CARTESIAN_POINT('',(26.229458346531,-65.8,6.2));
#28 = VECTOR('',#29,1.);
#29 = DIRECTION('',(0.,0.,1.));
#30 = ORIENTED_EDGE('',*,*,#31,.T.);
#31 = EDGE_CURVE('',#22,#32,#34,.T.);
#32 = VERTEX_POINT('',#33);
#33 = CARTESIAN_POINT('',(27.367144864974,-65.8,6.3));
#34 = LINE('',#35,#36);
#35 = CARTESIAN_POINT('',(42.406927111653,-65.8,6.3));
#36 = VECTOR('',#37,1.);
#37 = DIRECTION('',(1.,0.,0.));
#38 = ORIENTED_EDGE('',*,*,#39,.F.);
#39 = EDGE_CURVE('',#40,#32,#42,.T.);
#40 = VERTEX_POINT('',#41);
#41 = CARTESIAN_POINT('',(27.367144864974,-65.8,6.75));
#42 = LINE('',#43,#44);
#43 = CARTESIAN_POINT('',(27.367144864974,-65.8,5.3));
#44 = VECTOR('',#45,1.);
#45 = DIRECTION('',(-0.,-0.,-1.));
#46 = ORIENTED_EDGE('',*,*,#47,.F.);
#47 = EDGE_CURVE('',#48,#40,#50,.T.);
#48 = VERTEX_POINT('',#49);
#49 = CARTESIAN_POINT('',(31.432855135026,-65.8,6.75));
#50 = LINE('',#51,#52);
#51 = CARTESIAN_POINT('',(38.585270826735,-65.8,6.75));
#52 = VECTOR('',#53,1.);
#53 = DIRECTION('',(-1.,0.,0.));
#54 = ORIENTED_EDGE('',*,*,#55,.T.);
#55 = EDGE_CURVE('',#48,#56,#58,.T.);
#56 = VERTEX_POINT('',#57);
#57 = CARTESIAN_POINT('',(31.432855135026,-65.8,6.3));
#58 = LINE('',#59,#60);
#59 = CARTESIAN_POINT('',(31.432855135026,-65.8,5.3));
#60 = VECTOR('',#61,1.);
#61 = DIRECTION('',(-0.,-0.,-1.));
#62 = ORIENTED_EDGE('',*,*,#63,.T.);
#63 = EDGE_CURVE('',#56,#64,#66,.T.);
#64 = VERTEX_POINT('',#65);
#65 = CARTESIAN_POINT('',(35.712552521936,-65.8,6.3));
#66 = LINE('',#67,#68);
#67 = CARTESIAN_POINT('',(42.406927111653,-65.8,6.3));
#68 = VECTOR('',#69,1.);
#69 = DIRECTION('',(1.,0.,0.));
#70 = ORIENTED_EDGE('',*,*,#71,.F.);
#71 = EDGE_CURVE('',#72,#64,#74,.T.);
#72 = VERTEX_POINT('',#73);
#73 = CARTESIAN_POINT('',(35.712552521936,-65.8,11.6));
#74 = LINE('',#75,#76);
#75 = CARTESIAN_POINT('',(35.712552521936,-65.8,6.3));
#76 = VECTOR('',#77,1.);
#77 = DIRECTION('',(-0.,-0.,-1.));
#78 = ORIENTED_EDGE('',*,*,#79,.F.);
#79 = EDGE_CURVE('',#80,#72,#82,.T.);
#80 = VERTEX_POINT('',#81);
#81 = CARTESIAN_POINT('',(38.687447478064,-65.8,11.6));
#82 = LINE('',#83,#84);
#83 = CARTESIAN_POINT('',(42.485270826735,-65.8,11.6));
#84 = VECTOR('',#85,1.);
#85 = DIRECTION('',(-1.,0.,0.));
#86 = ORIENTED_EDGE('',*,*,#87,.T.);
#87 = EDGE_CURVE('',#80,#88,#90,.T.);
#88 = VERTEX_POINT('',#89);
#89 = CARTESIAN_POINT('',(38.687447478064,-65.8,6.3));
#90 = LINE('',#91,#92);
#91 = CARTESIAN_POINT('',(38.687447478064,-65.8,6.3));
#92 = VECTOR('',#93,1.);
#93 = DIRECTION('',(-0.,-0.,-1.));
#94 = ORIENTED_EDGE('',*,*,#95,.T.);
#95 = EDGE_CURVE('',#88,#96,#98,.T.);
#96 = VERTEX_POINT('',#97);
#97 = CARTESIAN_POINT('',(43.371033114396,-65.8,6.3));
#98 = LINE('',#99,#100);
#99 = CARTESIAN_POINT('',(42.406927111653,-65.8,6.3));
#100 = VECTOR('',#101,1.);
#101 = DIRECTION('',(1.,0.,0.));
#102 = ORIENTED_EDGE('',*,*,#103,.F.);
#103 = EDGE_CURVE('',#104,#96,#106,.T.);
#104 = VERTEX_POINT('',#105);
#105 = CARTESIAN_POINT('',(43.371033114396,-65.8,6.75));
#106 = LINE('',#107,#108);
#107 = CARTESIAN_POINT('',(43.371033114396,-65.8,5.3));
#108 = VECTOR('',#109,1.);
#109 = DIRECTION('',(-0.,-0.,-1.));
#110 = ORIENTED_EDGE('',*,*,#111,.F.);
#111 = EDGE_CURVE('',#112,#104,#114,.T.);
#112 = VERTEX_POINT('',#113);
#113 = CARTESIAN_POINT('',(47.628966885604,-65.8,6.75));
#114 = LINE('',#115,#116);
#115 = CARTESIAN_POINT('',(46.635270826735,-65.8,6.75));
#116 = VECTOR('',#117,1.);
#117 = DIRECTION('',(-1.,0.,0.));
#118 = ORIENTED_EDGE('',*,*,#119,.T.);
#119 = EDGE_CURVE('',#112,#120,#122,.T.);
#120 = VERTEX_POINT('',#121);
#121 = CARTESIAN_POINT('',(47.628966885604,-65.8,6.3));
#122 = LINE('',#123,#124);
#123 = CARTESIAN_POINT('',(47.628966885604,-65.8,5.3));
#124 = VECTOR('',#125,1.);
#125 = DIRECTION('',(-0.,-0.,-1.));
#126 = ORIENTED_EDGE('',*,*,#127,.T.);
#127 = EDGE_CURVE('',#120,#128,#130,.T.);
#128 = VERTEX_POINT('',#129);
#129 = CARTESIAN_POINT('',(47.770541653469,-65.8,6.3));
#130 = LINE('',#131,#132);
#131 = CARTESIAN_POINT('',(42.406927111653,-65.8,6.3));
#132 = VECTOR('',#133,1.);
#133 = DIRECTION('',(1.,0.,0.));
#134 = ORIENTED_EDGE('',*,*,#135,.T.);
#135 = EDGE_CURVE('',#128,#136,#138,.T.);
#136 = VERTEX_POINT('',#137);
#137 = CARTESIAN_POINT('',(47.770541653469,-65.8,12.19));
#138 = LINE('',#139,#140);
#139 = CARTESIAN_POINT('',(47.770541653469,-65.8,6.2));
#140 = VECTOR('',#141,1.);
#141 = DIRECTION('',(0.,0.,1.));
#142 = ORIENTED_EDGE('',*,*,#143,.T.);
#143 = EDGE_CURVE('',#136,#24,#144,.T.);
#144 = LINE('',#145,#146);
#145 = CARTESIAN_POINT('',(47.770541653469,-65.8,12.19));
#146 = VECTOR('',#147,1.);
#147 = DIRECTION('',(-1.,0.,0.));
#148 = PLANE('',#149);
#149 = AXIS2_PLACEMENT_3D('',#150,#151,#152);
#150 = CARTESIAN_POINT('',(47.770541653469,-65.8,6.2));
#151 = DIRECTION('',(0.,-1.,0.));
#152 = DIRECTION('',(-1.,0.,0.));
#153 = ADVANCED_FACE('',(#154),#179,.F.);
#154 = FACE_BOUND('',#155,.F.);
#155 = EDGE_LOOP('',(#156,#164,#165,#173));
#156 = ORIENTED_EDGE('',*,*,#157,.T.);
#157 = EDGE_CURVE('',#158,#22,#160,.T.);
#158 = VERTEX_POINT('',#159);
#159 = CARTESIAN_POINT('',(26.201379428774,-65.79862057122,6.3));
#160 = LINE('',#161,#162);
#161 = CARTESIAN_POINT('',(30.969051124605,-66.03284126237,6.3));
#162 = VECTOR('',#163,1.);
#163 = DIRECTION('',(0.998795456205,-4.906767432757E-02,0.));
#164 = ORIENTED_EDGE('',*,*,#21,.T.);
#165 = ORIENTED_EDGE('',*,*,#166,.T.);
#166 = EDGE_CURVE('',#24,#167,#169,.T.);
#167 = VERTEX_POINT('',#168);
#168 = CARTESIAN_POINT('',(26.201379428774,-65.79862057122,12.19));
#169 = LINE('',#170,#171);
#170 = CARTESIAN_POINT('',(26.229458346531,-65.8,12.19));
#171 = VECTOR('',#172,1.);
#172 = DIRECTION('',(-0.998795456205,4.906767432757E-02,0.));
#173 = ORIENTED_EDGE('',*,*,#174,.F.);
#174 = EDGE_CURVE('',#158,#167,#175,.T.);
#175 = LINE('',#176,#177);
#176 = CARTESIAN_POINT('',(26.201379428774,-65.79862057122,6.2));
#177 = VECTOR('',#178,1.);
#178 = DIRECTION('',(0.,0.,1.));
#179 = PLANE('',#180);
#180 = AXIS2_PLACEMENT_3D('',#181,#182,#183);
#181 = CARTESIAN_POINT('',(26.229458346531,-65.8,6.2));
#182 = DIRECTION('',(-4.906767432757E-02,-0.998795456205,0.));
#183 = DIRECTION('',(-0.998795456205,4.906767432757E-02,0.));
#184 = ADVANCED_FACE('',(#185,#379),#413,.F.);
#185 = FACE_BOUND('',#186,.F.);
#186 = EDGE_LOOP('',(#187,#197,#205,#213,#221,#229,#237,#245,#253,#261,
    #269,#277,#285,#293,#301,#309,#317,#325,#333,#341,#349,#357,#363,
    #364,#365,#373));
#187 = ORIENTED_EDGE('',*,*,#188,.F.);
#188 = EDGE_CURVE('',#189,#191,#193,.T.);
#189 = VERTEX_POINT('',#190);
#190 = CARTESIAN_POINT('',(47.8,-12.22945834653,12.19));
#191 = VERTEX_POINT('',#192);
#192 = CARTESIAN_POINT('',(47.8,-65.77054165346,12.19));
#193 = LINE('',#194,#195);
#194 = CARTESIAN_POINT('',(47.8,-12.22945834653,12.19));
#195 = VECTOR('',#196,1.);
#196 = DIRECTION('',(0.,-1.,0.));
#197 = ORIENTED_EDGE('',*,*,#198,.F.);
#198 = EDGE_CURVE('',#199,#189,#201,.T.);
#199 = VERTEX_POINT('',#200);
#200 = CARTESIAN_POINT('',(47.798620571226,-12.20137942877,12.19));
#201 = LINE('',#202,#203);
#202 = CARTESIAN_POINT('',(47.798620571226,-12.20137942877,12.19));
#203 = VECTOR('',#204,1.);
#204 = DIRECTION('',(4.906767432758E-02,-0.998795456205,0.));
#205 = ORIENTED_EDGE('',*,*,#206,.F.);
#206 = EDGE_CURVE('',#207,#199,#209,.T.);
#207 = VERTEX_POINT('',#208);
#208 = CARTESIAN_POINT('',(47.770541653469,-12.2,12.19));
#209 = LINE('',#210,#211);
#210 = CARTESIAN_POINT('',(47.770541653469,-12.2,12.19));
#211 = VECTOR('',#212,1.);
#212 = DIRECTION('',(0.998795456205,-4.906767432741E-02,0.));
#213 = ORIENTED_EDGE('',*,*,#214,.F.);
#214 = EDGE_CURVE('',#215,#207,#217,.T.);
#215 = VERTEX_POINT('',#216);
#216 = CARTESIAN_POINT('',(27.429458346531,-12.2,12.19));
#217 = LINE('',#218,#219);
#218 = CARTESIAN_POINT('',(27.429458346531,-12.2,12.19));
#219 = VECTOR('',#220,1.);
#220 = DIRECTION('',(1.,0.,0.));
#221 = ORIENTED_EDGE('',*,*,#222,.F.);
#222 = EDGE_CURVE('',#223,#215,#225,.T.);
#223 = VERTEX_POINT('',#224);
#224 = CARTESIAN_POINT('',(27.282521281595,-12.20721855511,12.19));
#225 = LINE('',#226,#227);
#226 = CARTESIAN_POINT('',(27.282521281595,-12.20721855511,12.19));
#227 = VECTOR('',#228,1.);
#228 = DIRECTION('',(0.998795456205,4.906767432741E-02,0.));
#229 = ORIENTED_EDGE('',*,*,#230,.F.);
#230 = EDGE_CURVE('',#231,#223,#233,.T.);
#231 = VERTEX_POINT('',#232);
#232 = CARTESIAN_POINT('',(27.166173947468,-12.22447705182,12.19));
#233 = LINE('',#234,#235);
#234 = CARTESIAN_POINT('',(27.166173947468,-12.22447705182,12.19));
#235 = VECTOR('',#236,1.);
#236 = DIRECTION('',(0.989176509965,0.146730474455,0.));
#237 = ORIENTED_EDGE('',*,*,#238,.F.);
#238 = EDGE_CURVE('',#239,#231,#241,.T.);
#239 = VERTEX_POINT('',#240);
#240 = CARTESIAN_POINT('',(27.05207848605,-12.25305647712,12.19));
#241 = LINE('',#242,#243);
#242 = CARTESIAN_POINT('',(27.05207848605,-12.25305647712,12.19));
#243 = VECTOR('',#244,1.);
#244 = DIRECTION('',(0.970031253195,0.242980179903,0.));
#245 = ORIENTED_EDGE('',*,*,#246,.F.);
#246 = EDGE_CURVE('',#247,#239,#249,.T.);
#247 = VERTEX_POINT('',#248);
#248 = CARTESIAN_POINT('',(26.941333699004,-12.29268159553,12.19));
#249 = LINE('',#250,#251);
#250 = CARTESIAN_POINT('',(26.941333699004,-12.29268159553,12.19));
#251 = VECTOR('',#252,1.);
#252 = DIRECTION('',(0.941544065183,0.336889853392,0.));
#253 = ORIENTED_EDGE('',*,*,#254,.F.);
#254 = EDGE_CURVE('',#255,#247,#257,.T.);
#255 = VERTEX_POINT('',#256);
#256 = CARTESIAN_POINT('',(26.83500611917,-12.3429707955,12.19));
#257 = LINE('',#258,#259);
#258 = CARTESIAN_POINT('',(26.83500611917,-12.3429707955,12.19));
#259 = VECTOR('',#260,1.);
#260 = DIRECTION('',(0.903989293123,0.42755509343,0.));
#261 = ORIENTED_EDGE('',*,*,#262,.F.);
#262 = EDGE_CURVE('',#263,#255,#265,.T.);
#263 = VERTEX_POINT('',#264);
#264 = CARTESIAN_POINT('',(26.734119739265,-12.40343976453,12.19));
#265 = LINE('',#266,#267);
#266 = CARTESIAN_POINT('',(26.734119739265,-12.40343976453,12.19));
#267 = VECTOR('',#268,1.);
#268 = DIRECTION('',(0.85772861,0.514102744193,0.));
#269 = ORIENTED_EDGE('',*,*,#270,.F.);
#270 = EDGE_CURVE('',#271,#263,#273,.T.);
#271 = VERTEX_POINT('',#272);
#272 = CARTESIAN_POINT('',(26.639646150277,-12.47350615341,12.19));
#273 = LINE('',#274,#275);
#274 = CARTESIAN_POINT('',(26.639646150277,-12.47350615341,12.19));
#275 = VECTOR('',#276,1.);
#276 = DIRECTION('',(0.803207531481,0.595699304492,0.));
#277 = ORIENTED_EDGE('',*,*,#278,.F.);
#278 = EDGE_CURVE('',#279,#271,#281,.T.);
#279 = VERTEX_POINT('',#280);
#280 = CARTESIAN_POINT('',(26.552495184515,-12.55249518451,12.19));
#281 = LINE('',#282,#283);
#282 = CARTESIAN_POINT('',(26.552495184515,-12.55249518451,12.19));
#283 = VECTOR('',#284,1.);
#284 = DIRECTION('',(0.740951125355,0.671558954847,0.));
#285 = ORIENTED_EDGE('',*,*,#286,.F.);
#286 = EDGE_CURVE('',#287,#279,#289,.T.);
#287 = VERTEX_POINT('',#288);
#288 = CARTESIAN_POINT('',(26.473506153419,-12.63964615027,12.19));
#289 = LINE('',#290,#291);
#290 = CARTESIAN_POINT('',(26.473506153419,-12.63964615027,12.19));
#291 = VECTOR('',#292,1.);
#292 = DIRECTION('',(0.671558954847,0.740951125355,0.));
#293 = ORIENTED_EDGE('',*,*,#294,.F.);
#294 = EDGE_CURVE('',#295,#287,#297,.T.);
#295 = VERTEX_POINT('',#296);
#296 = CARTESIAN_POINT('',(26.403439764538,-12.73411973926,12.19));
#297 = LINE('',#298,#299);
#298 = CARTESIAN_POINT('',(26.403439764538,-12.73411973926,12.19));
#299 = VECTOR('',#300,1.);
#300 = DIRECTION('',(0.595699304492,0.803207531481,0.));
#301 = ORIENTED_EDGE('',*,*,#302,.F.);
#302 = EDGE_CURVE('',#303,#295,#305,.T.);
#303 = VERTEX_POINT('',#304);
#304 = CARTESIAN_POINT('',(26.3429707955,-12.83500611917,12.19));
#305 = LINE('',#306,#307);
#306 = CARTESIAN_POINT('',(26.3429707955,-12.83500611917,12.19));
#307 = VECTOR('',#308,1.);
#308 = DIRECTION('',(0.514102744193,0.85772861,0.));
#309 = ORIENTED_EDGE('',*,*,#310,.F.);
#310 = EDGE_CURVE('',#311,#303,#313,.T.);
#311 = VERTEX_POINT('',#312);
#312 = CARTESIAN_POINT('',(26.292681595533,-12.941333699,12.19));
#313 = LINE('',#314,#315);
#314 = CARTESIAN_POINT('',(26.292681595533,-12.941333699,12.19));
#315 = VECTOR('',#316,1.);
#316 = DIRECTION('',(0.42755509343,0.903989293123,0.));
#317 = ORIENTED_EDGE('',*,*,#318,.F.);
#318 = EDGE_CURVE('',#319,#311,#321,.T.);
#319 = VERTEX_POINT('',#320);
#320 = CARTESIAN_POINT('',(26.253056477122,-13.05207848605,12.19));
#321 = LINE('',#322,#323);
#322 = CARTESIAN_POINT('',(26.253056477122,-13.05207848605,12.19));
#323 = VECTOR('',#324,1.);
#324 = DIRECTION('',(0.336889853392,0.941544065183,0.));
#325 = ORIENTED_EDGE('',*,*,#326,.F.);
#326 = EDGE_CURVE('',#327,#319,#329,.T.);
#327 = VERTEX_POINT('',#328);
#328 = CARTESIAN_POINT('',(26.22447705182,-13.16617394746,12.19));
#329 = LINE('',#330,#331);
#330 = CARTESIAN_POINT('',(26.22447705182,-13.16617394746,12.19));
#331 = VECTOR('',#332,1.);
#332 = DIRECTION('',(0.242980179903,0.970031253195,0.));
#333 = ORIENTED_EDGE('',*,*,#334,.F.);
#334 = EDGE_CURVE('',#335,#327,#337,.T.);
#335 = VERTEX_POINT('',#336);
#336 = CARTESIAN_POINT('',(26.207218555115,-13.28252128159,12.19));
#337 = LINE('',#338,#339);
#338 = CARTESIAN_POINT('',(26.207218555115,-13.28252128159,12.19));
#339 = VECTOR('',#340,1.);
#340 = DIRECTION('',(0.146730474455,0.989176509965,0.));
#341 = ORIENTED_EDGE('',*,*,#342,.F.);
#342 = EDGE_CURVE('',#343,#335,#345,.T.);
#343 = VERTEX_POINT('',#344);
#344 = CARTESIAN_POINT('',(26.2,-13.42945834653,12.19));
#345 = LINE('',#346,#347);
#346 = CARTESIAN_POINT('',(26.2,-13.42945834653,12.19));
#347 = VECTOR('',#348,1.);
#348 = DIRECTION('',(4.906767432747E-02,0.998795456205,0.));
#349 = ORIENTED_EDGE('',*,*,#350,.F.);
#350 = EDGE_CURVE('',#351,#343,#353,.T.);
#351 = VERTEX_POINT('',#352);
#352 = CARTESIAN_POINT('',(26.2,-65.77054165346,12.19));
#353 = LINE('',#354,#355);
#354 = CARTESIAN_POINT('',(26.2,-65.77054165346,12.19));
#355 = VECTOR('',#356,1.);
#356 = DIRECTION('',(0.,1.,0.));
#357 = ORIENTED_EDGE('',*,*,#358,.F.);
#358 = EDGE_CURVE('',#167,#351,#359,.T.);
#359 = LINE('',#360,#361);
#360 = CARTESIAN_POINT('',(26.201379428774,-65.79862057122,12.19));
#361 = VECTOR('',#362,1.);
#362 = DIRECTION('',(-4.906767432734E-02,0.998795456205,0.));
#363 = ORIENTED_EDGE('',*,*,#166,.F.);
#364 = ORIENTED_EDGE('',*,*,#143,.F.);
#365 = ORIENTED_EDGE('',*,*,#366,.F.);
#366 = EDGE_CURVE('',#367,#136,#369,.T.);
#367 = VERTEX_POINT('',#368);
#368 = CARTESIAN_POINT('',(47.798620571226,-65.79862057122,12.19));
#369 = LINE('',#370,#371);
#370 = CARTESIAN_POINT('',(47.798620571226,-65.79862057122,12.19));
#371 = VECTOR('',#372,1.);
#372 = DIRECTION('',(-0.998795456205,-4.906767432757E-02,0.));
#373 = ORIENTED_EDGE('',*,*,#374,.F.);
#374 = EDGE_CURVE('',#191,#367,#375,.T.);
#375 = LINE('',#376,#377);
#376 = CARTESIAN_POINT('',(47.8,-65.77054165346,12.19));
#377 = VECTOR('',#378,1.);
#378 = DIRECTION('',(-4.906767432757E-02,-0.998795456205,0.));
#379 = FACE_BOUND('',#380,.F.);
#380 = EDGE_LOOP('',(#381,#391,#399,#407));
#381 = ORIENTED_EDGE('',*,*,#382,.T.);
#382 = EDGE_CURVE('',#383,#385,#387,.T.);
#383 = VERTEX_POINT('',#384);
#384 = CARTESIAN_POINT('',(45.15,-53.,12.19));
#385 = VERTEX_POINT('',#386);
#386 = CARTESIAN_POINT('',(29.25,-53.,12.19));
#387 = LINE('',#388,#389);
#388 = CARTESIAN_POINT('',(33.143912304081,-53.,12.19));
#389 = VECTOR('',#390,1.);
#390 = DIRECTION('',(-1.,0.,0.));
#391 = ORIENTED_EDGE('',*,*,#392,.T.);
#392 = EDGE_CURVE('',#385,#393,#395,.T.);
#393 = VERTEX_POINT('',#394);
#394 = CARTESIAN_POINT('',(29.25,-15.1,12.19));
#395 = LINE('',#396,#397);
#396 = CARTESIAN_POINT('',(29.25,-46.04641870115,12.19));
#397 = VECTOR('',#398,1.);
#398 = DIRECTION('',(0.,1.,0.));
#399 = ORIENTED_EDGE('',*,*,#400,.F.);
#400 = EDGE_CURVE('',#401,#393,#403,.T.);
#401 = VERTEX_POINT('',#402);
#402 = CARTESIAN_POINT('',(45.15,-15.1,12.19));
#403 = LINE('',#404,#405);
#404 = CARTESIAN_POINT('',(33.143912304081,-15.1,12.19));
#405 = VECTOR('',#406,1.);
#406 = DIRECTION('',(-1.,0.,0.));
#407 = ORIENTED_EDGE('',*,*,#408,.F.);
#408 = EDGE_CURVE('',#383,#401,#409,.T.);
#409 = LINE('',#410,#411);
#410 = CARTESIAN_POINT('',(45.15,-46.04641870115,12.19));
#411 = VECTOR('',#412,1.);
#412 = DIRECTION('',(0.,1.,0.));
#413 = PLANE('',#414);
#414 = AXIS2_PLACEMENT_3D('',#415,#416,#417);
#415 = CARTESIAN_POINT('',(37.037824608163,-39.0928374023,12.19));
#416 = DIRECTION('',(0.,0.,1.));
#417 = DIRECTION('',(1.,0.,0.));
#418 = ADVANCED_FACE('',(#419),#437,.F.);
#419 = FACE_BOUND('',#420,.F.);
#420 = EDGE_LOOP('',(#421,#429,#435,#436));
#421 = ORIENTED_EDGE('',*,*,#422,.T.);
#422 = EDGE_CURVE('',#128,#423,#425,.T.);
#423 = VERTEX_POINT('',#424);
#424 = CARTESIAN_POINT('',(47.798620571226,-65.79862057122,6.3));
#425 = LINE('',#426,#427);
#426 = CARTESIAN_POINT('',(43.088196623178,-66.03002886087,6.3));
#427 = VECTOR('',#428,1.);
#428 = DIRECTION('',(0.998795456205,4.906767432757E-02,0.));
#429 = ORIENTED_EDGE('',*,*,#430,.T.);
#430 = EDGE_CURVE('',#423,#367,#431,.T.);
#431 = LINE('',#432,#433);
#432 = CARTESIAN_POINT('',(47.798620571226,-65.79862057122,6.2));
#433 = VECTOR('',#434,1.);
#434 = DIRECTION('',(0.,0.,1.));
#435 = ORIENTED_EDGE('',*,*,#366,.T.);
#436 = ORIENTED_EDGE('',*,*,#135,.F.);
#437 = PLANE('',#438);
#438 = AXIS2_PLACEMENT_3D('',#439,#440,#441);
#439 = CARTESIAN_POINT('',(47.798620571226,-65.79862057122,6.2));
#440 = DIRECTION('',(4.906767432757E-02,-0.998795456205,0.));
#441 = DIRECTION('',(-0.998795456205,-4.906767432757E-02,0.));
#442 = ADVANCED_FACE('',(#443,#577),#588,.T.);
#443 = FACE_BOUND('',#444,.T.);
#444 = EDGE_LOOP('',(#445,#454,#455,#456,#464,#472,#481,#489,#497,#505,
    #513,#521,#529,#537,#545,#554,#562,#571));
#445 = ORIENTED_EDGE('',*,*,#446,.F.);
#446 = EDGE_CURVE('',#120,#447,#449,.T.);
#447 = VERTEX_POINT('',#448);
#448 = CARTESIAN_POINT('',(47.040292180075,-67.,6.3));
#449 = CIRCLE('',#450,2.15);
#450 = AXIS2_PLACEMENT_3D('',#451,#452,#453);
#451 = CARTESIAN_POINT('',(45.5,-65.5,6.3));
#452 = DIRECTION('',(0.,0.,-1.));
#453 = DIRECTION('',(1.,0.,0.));
#454 = ORIENTED_EDGE('',*,*,#127,.T.);
#455 = ORIENTED_EDGE('',*,*,#422,.T.);
#456 = ORIENTED_EDGE('',*,*,#457,.T.);
#457 = EDGE_CURVE('',#423,#458,#460,.T.);
#458 = VERTEX_POINT('',#459);
#459 = CARTESIAN_POINT('',(47.8,-65.77054165346,6.3));
#460 = LINE('',#461,#462);
#461 = CARTESIAN_POINT('',(48.440645464384,-52.72990364414,6.3));
#462 = VECTOR('',#463,1.);
#463 = DIRECTION('',(4.906767432757E-02,0.998795456205,0.));
#464 = ORIENTED_EDGE('',*,*,#465,.T.);
#465 = EDGE_CURVE('',#458,#466,#468,.T.);
#466 = VERTEX_POINT('',#467);
#467 = CARTESIAN_POINT('',(47.8,-54.46808273176,6.3));
#468 = LINE('',#469,#470);
#469 = CARTESIAN_POINT('',(47.8,-25.66366801349,6.3));
#470 = VECTOR('',#471,1.);
#471 = DIRECTION('',(0.,1.,0.));
#472 = ORIENTED_EDGE('',*,*,#473,.F.);
#473 = EDGE_CURVE('',#474,#466,#476,.T.);
#474 = VERTEX_POINT('',#475);
#475 = CARTESIAN_POINT('',(47.8,-51.13191726823,6.3));
#476 = CIRCLE('',#477,1.85);
#477 = AXIS2_PLACEMENT_3D('',#478,#479,#480);
#478 = CARTESIAN_POINT('',(47.,-52.8,6.3));
#479 = DIRECTION('',(0.,0.,1.));
#480 = DIRECTION('',(1.,0.,0.));
#481 = ORIENTED_EDGE('',*,*,#482,.T.);
#482 = EDGE_CURVE('',#474,#483,#485,.T.);
#483 = VERTEX_POINT('',#484);
#484 = CARTESIAN_POINT('',(47.8,-12.22945834653,6.3));
#485 = LINE('',#486,#487);
#486 = CARTESIAN_POINT('',(47.8,-25.66366801349,6.3));
#487 = VECTOR('',#488,1.);
#488 = DIRECTION('',(0.,1.,0.));
#489 = ORIENTED_EDGE('',*,*,#490,.T.);
#490 = EDGE_CURVE('',#483,#491,#493,.T.);
#491 = VERTEX_POINT('',#492);
#492 = CARTESIAN_POINT('',(47.798620571226,-12.20137942877,6.3));
#493 = LINE('',#494,#495);
#494 = CARTESIAN_POINT('',(48.444752595167,-25.35369892353,6.3));
#495 = VECTOR('',#496,1.);
#496 = DIRECTION('',(-4.906767432758E-02,0.998795456205,0.));
#497 = ORIENTED_EDGE('',*,*,#498,.T.);
#498 = EDGE_CURVE('',#491,#499,#501,.T.);
#499 = VERTEX_POINT('',#500);
#500 = CARTESIAN_POINT('',(47.770541653469,-12.2,6.3));
#501 = LINE('',#502,#503);
#502 = CARTESIAN_POINT('',(43.078954009468,-11.96951707863,6.3));
#503 = VECTOR('',#504,1.);
#504 = DIRECTION('',(-0.998795456205,4.906767432741E-02,0.));
#505 = ORIENTED_EDGE('',*,*,#506,.T.);
#506 = EDGE_CURVE('',#499,#507,#509,.T.);
#507 = VERTEX_POINT('',#508);
#508 = CARTESIAN_POINT('',(47.,-12.2,6.3));
#509 = LINE('',#510,#511);
#510 = CARTESIAN_POINT('',(32.236385458184,-12.2,6.3));
#511 = VECTOR('',#512,1.);
#512 = DIRECTION('',(-1.,0.,0.));
#513 = ORIENTED_EDGE('',*,*,#514,.T.);
#514 = EDGE_CURVE('',#507,#515,#517,.T.);
#515 = VERTEX_POINT('',#516);
#516 = CARTESIAN_POINT('',(47.,-11.4,6.3));
#517 = LINE('',#518,#519);
#518 = CARTESIAN_POINT('',(47.,-43.59893884022,6.3));
#519 = VECTOR('',#520,1.);
#520 = DIRECTION('',(0.,1.,0.));
#521 = ORIENTED_EDGE('',*,*,#522,.T.);
#522 = EDGE_CURVE('',#515,#523,#525,.T.);
#523 = VERTEX_POINT('',#524);
#524 = CARTESIAN_POINT('',(43.7,-11.4,6.3));
#525 = LINE('',#526,#527);
#526 = CARTESIAN_POINT('',(32.221656284918,-11.4,6.3));
#527 = VECTOR('',#528,1.);
#528 = DIRECTION('',(-1.,0.,0.));
#529 = ORIENTED_EDGE('',*,*,#530,.T.);
#530 = EDGE_CURVE('',#523,#531,#533,.T.);
#531 = VERTEX_POINT('',#532);
#532 = CARTESIAN_POINT('',(43.7,-11.,6.3));
#533 = LINE('',#534,#535);
#534 = CARTESIAN_POINT('',(43.7,-29.54893884022,6.3));
#535 = VECTOR('',#536,1.);
#536 = DIRECTION('',(0.,1.,0.));
#537 = ORIENTED_EDGE('',*,*,#538,.F.);
#538 = EDGE_CURVE('',#539,#531,#541,.T.);
#539 = VERTEX_POINT('',#540);
#540 = CARTESIAN_POINT('',(47.8,-11.,6.3));
#541 = LINE('',#542,#543);
#542 = CARTESIAN_POINT('',(47.8,-11.,6.3));
#543 = VECTOR('',#544,1.);
#544 = DIRECTION('',(-1.,0.,0.));
#545 = ORIENTED_EDGE('',*,*,#546,.F.);
#546 = EDGE_CURVE('',#547,#539,#549,.T.);
#547 = VERTEX_POINT('',#548);
#548 = CARTESIAN_POINT('',(49.,-12.2,6.3));
#549 = CIRCLE('',#550,1.2);
#550 = AXIS2_PLACEMENT_3D('',#551,#552,#553);
#551 = CARTESIAN_POINT('',(47.8,-12.2,6.3));
#552 = DIRECTION('',(0.,-0.,1.));
#553 = DIRECTION('',(1.,7.4E-15,0.));
#554 = ORIENTED_EDGE('',*,*,#555,.F.);
#555 = EDGE_CURVE('',#556,#547,#558,.T.);
#556 = VERTEX_POINT('',#557);
#557 = CARTESIAN_POINT('',(49.,-65.8,6.3));
#558 = LINE('',#559,#560);
#559 = CARTESIAN_POINT('',(49.,-65.8,6.3));
#560 = VECTOR('',#561,1.);
#561 = DIRECTION('',(0.,1.,0.));
#562 = ORIENTED_EDGE('',*,*,#563,.F.);
#563 = EDGE_CURVE('',#564,#556,#566,.T.);
#564 = VERTEX_POINT('',#565);
#565 = CARTESIAN_POINT('',(47.8,-67.,6.3));
#566 = CIRCLE('',#567,1.2);
#567 = AXIS2_PLACEMENT_3D('',#568,#569,#570);
#568 = CARTESIAN_POINT('',(47.8,-65.8,6.3));
#569 = DIRECTION('',(-0.,0.,1.));
#570 = DIRECTION('',(5.92E-15,-1.,0.));
#571 = ORIENTED_EDGE('',*,*,#572,.F.);
#572 = EDGE_CURVE('',#447,#564,#573,.T.);
#573 = LINE('',#574,#575);
#574 = CARTESIAN_POINT('',(26.2,-67.,6.3));
#575 = VECTOR('',#576,1.);
#576 = DIRECTION('',(1.,0.,0.));
#577 = FACE_BOUND('',#578,.T.);
#578 = EDGE_LOOP('',(#579));
#579 = ORIENTED_EDGE('',*,*,#580,.F.);
#580 = EDGE_CURVE('',#581,#581,#583,.T.);
#581 = VERTEX_POINT('',#582);
#582 = CARTESIAN_POINT('',(48.6,-52.8,6.3));
#583 = CIRCLE('',#584,1.6);
#584 = AXIS2_PLACEMENT_3D('',#585,#586,#587);
#585 = CARTESIAN_POINT('',(47.,-52.8,6.3));
#586 = DIRECTION('',(0.,0.,-1.));
#587 = DIRECTION('',(1.,0.,0.));
#588 = PLANE('',#589);
#589 = AXIS2_PLACEMENT_3D('',#590,#591,#592);
#590 = CARTESIAN_POINT('',(44.267066577077,-46.08685620723,6.3));
#591 = DIRECTION('',(-0.,-0.,-1.));
#592 = DIRECTION('',(-1.,0.,0.));
#593 = ADVANCED_FACE('',(#594),#613,.F.);
#594 = FACE_BOUND('',#595,.T.);
#595 = EDGE_LOOP('',(#596,#605,#606,#607));
#596 = ORIENTED_EDGE('',*,*,#597,.T.);
#597 = EDGE_CURVE('',#598,#112,#600,.T.);
#598 = VERTEX_POINT('',#599);
#599 = CARTESIAN_POINT('',(47.040292180075,-67.,6.75));
#600 = CIRCLE('',#601,2.15);
#601 = AXIS2_PLACEMENT_3D('',#602,#603,#604);
#602 = CARTESIAN_POINT('',(45.5,-65.5,6.75));
#603 = DIRECTION('',(0.,0.,1.));
#604 = DIRECTION('',(1.,0.,0.));
#605 = ORIENTED_EDGE('',*,*,#119,.T.);
#606 = ORIENTED_EDGE('',*,*,#446,.T.);
#607 = ORIENTED_EDGE('',*,*,#608,.F.);
#608 = EDGE_CURVE('',#598,#447,#609,.T.);
#609 = LINE('',#610,#611);
#610 = CARTESIAN_POINT('',(47.040292180075,-67.,5.3));
#611 = VECTOR('',#612,1.);
#612 = DIRECTION('',(-0.,-0.,-1.));
#613 = CYLINDRICAL_SURFACE('',#614,2.15);
#614 = AXIS2_PLACEMENT_3D('',#615,#616,#617);
#615 = CARTESIAN_POINT('',(45.5,-65.5,5.3));
#616 = DIRECTION('',(-0.,-0.,-1.));
#617 = DIRECTION('',(1.,0.,0.));
#618 = ADVANCED_FACE('',(#619),#638,.F.);
#619 = FACE_BOUND('',#620,.F.);
#620 = EDGE_LOOP('',(#621,#622,#631,#637));
#621 = ORIENTED_EDGE('',*,*,#111,.T.);
#622 = ORIENTED_EDGE('',*,*,#623,.T.);
#623 = EDGE_CURVE('',#104,#624,#626,.T.);
#624 = VERTEX_POINT('',#625);
#625 = CARTESIAN_POINT('',(43.959707819925,-67.,6.75));
#626 = CIRCLE('',#627,2.15);
#627 = AXIS2_PLACEMENT_3D('',#628,#629,#630);
#628 = CARTESIAN_POINT('',(45.5,-65.5,6.75));
#629 = DIRECTION('',(0.,0.,1.));
#630 = DIRECTION('',(1.,0.,0.));
#631 = ORIENTED_EDGE('',*,*,#632,.T.);
#632 = EDGE_CURVE('',#624,#598,#633,.T.);
#633 = LINE('',#634,#635);
#634 = CARTESIAN_POINT('',(35.85,-67.,6.75));
#635 = VECTOR('',#636,1.);
#636 = DIRECTION('',(1.,0.,0.));
#637 = ORIENTED_EDGE('',*,*,#597,.T.);
#638 = PLANE('',#639);
#639 = AXIS2_PLACEMENT_3D('',#640,#641,#642);
#640 = CARTESIAN_POINT('',(45.5,-65.5,6.75));
#641 = DIRECTION('',(0.,0.,1.));
#642 = DIRECTION('',(1.,0.,0.));
#643 = ADVANCED_FACE('',(#644),#663,.F.);
#644 = FACE_BOUND('',#645,.T.);
#645 = EDGE_LOOP('',(#646,#647,#648,#656));
#646 = ORIENTED_EDGE('',*,*,#103,.F.);
#647 = ORIENTED_EDGE('',*,*,#623,.T.);
#648 = ORIENTED_EDGE('',*,*,#649,.T.);
#649 = EDGE_CURVE('',#624,#650,#652,.T.);
#650 = VERTEX_POINT('',#651);
#651 = CARTESIAN_POINT('',(43.959707819925,-67.,6.3));
#652 = LINE('',#653,#654);
#653 = CARTESIAN_POINT('',(43.959707819925,-67.,5.3));
#654 = VECTOR('',#655,1.);
#655 = DIRECTION('',(-0.,-0.,-1.));
#656 = ORIENTED_EDGE('',*,*,#657,.T.);
#657 = EDGE_CURVE('',#650,#96,#658,.T.);
#658 = CIRCLE('',#659,2.15);
#659 = AXIS2_PLACEMENT_3D('',#660,#661,#662);
#660 = CARTESIAN_POINT('',(45.5,-65.5,6.3));
#661 = DIRECTION('',(0.,0.,-1.));
#662 = DIRECTION('',(1.,0.,0.));
#663 = CYLINDRICAL_SURFACE('',#664,2.15);
#664 = AXIS2_PLACEMENT_3D('',#665,#666,#667);
#665 = CARTESIAN_POINT('',(45.5,-65.5,5.3));
#666 = DIRECTION('',(-0.,-0.,-1.));
#667 = DIRECTION('',(1.,0.,0.));
#668 = ADVANCED_FACE('',(#669,#714),#725,.T.);
#669 = FACE_BOUND('',#670,.T.);
#670 = EDGE_LOOP('',(#671,#680,#681,#682,#690,#699,#706,#707));
#671 = ORIENTED_EDGE('',*,*,#672,.F.);
#672 = EDGE_CURVE('',#88,#673,#675,.T.);
#673 = VERTEX_POINT('',#674);
#674 = CARTESIAN_POINT('',(39.05,-64.7,6.3));
#675 = CIRCLE('',#676,1.85);
#676 = AXIS2_PLACEMENT_3D('',#677,#678,#679);
#677 = CARTESIAN_POINT('',(37.2,-64.7,6.3));
#678 = DIRECTION('',(0.,0.,1.));
#679 = DIRECTION('',(1.,0.,0.));
#680 = ORIENTED_EDGE('',*,*,#95,.T.);
#681 = ORIENTED_EDGE('',*,*,#657,.F.);
#682 = ORIENTED_EDGE('',*,*,#683,.F.);
#683 = EDGE_CURVE('',#684,#650,#686,.T.);
#684 = VERTEX_POINT('',#685);
#685 = CARTESIAN_POINT('',(31.491052366633,-67.,6.3));
#686 = LINE('',#687,#688);
#687 = CARTESIAN_POINT('',(26.2,-67.,6.3));
#688 = VECTOR('',#689,1.);
#689 = DIRECTION('',(1.,0.,0.));
#690 = ORIENTED_EDGE('',*,*,#691,.F.);
#691 = EDGE_CURVE('',#692,#684,#694,.T.);
#692 = VERTEX_POINT('',#693);
#693 = CARTESIAN_POINT('',(31.55,-66.5,6.3));
#694 = CIRCLE('',#695,2.15);
#695 = AXIS2_PLACEMENT_3D('',#696,#697,#698);
#696 = CARTESIAN_POINT('',(29.4,-66.5,6.3));
#697 = DIRECTION('',(0.,0.,-1.));
#698 = DIRECTION('',(1.,0.,0.));
#699 = ORIENTED_EDGE('',*,*,#700,.F.);
#700 = EDGE_CURVE('',#56,#692,#701,.T.);
#701 = CIRCLE('',#702,2.15);
#702 = AXIS2_PLACEMENT_3D('',#703,#704,#705);
#703 = CARTESIAN_POINT('',(29.4,-66.5,6.3));
#704 = DIRECTION('',(0.,0.,-1.));
#705 = DIRECTION('',(1.,0.,0.));
#706 = ORIENTED_EDGE('',*,*,#63,.T.);
#707 = ORIENTED_EDGE('',*,*,#708,.F.);
#708 = EDGE_CURVE('',#673,#64,#709,.T.);
#709 = CIRCLE('',#710,1.85);
#710 = AXIS2_PLACEMENT_3D('',#711,#712,#713);
#711 = CARTESIAN_POINT('',(37.2,-64.7,6.3));
#712 = DIRECTION('',(0.,0.,1.));
#713 = DIRECTION('',(1.,0.,0.));
#714 = FACE_BOUND('',#715,.T.);
#715 = EDGE_LOOP('',(#716));
#716 = ORIENTED_EDGE('',*,*,#717,.F.);
#717 = EDGE_CURVE('',#718,#718,#720,.T.);
#718 = VERTEX_POINT('',#719);
#719 = CARTESIAN_POINT('',(38.8,-64.7,6.3));
#720 = CIRCLE('',#721,1.6);
#721 = AXIS2_PLACEMENT_3D('',#722,#723,#724);
#722 = CARTESIAN_POINT('',(37.2,-64.7,6.3));
#723 = DIRECTION('',(0.,0.,-1.));
#724 = DIRECTION('',(1.,0.,0.));
#725 = PLANE('',#726);
#726 = AXIS2_PLACEMENT_3D('',#727,#728,#729);
#727 = CARTESIAN_POINT('',(44.267066577077,-46.08685620723,6.3));
#728 = DIRECTION('',(-0.,-0.,-1.));
#729 = DIRECTION('',(-1.,0.,0.));
#730 = ADVANCED_FACE('',(#731),#753,.T.);
#731 = FACE_BOUND('',#732,.F.);
#732 = EDGE_LOOP('',(#733,#734,#743,#750,#751,#752));
#733 = ORIENTED_EDGE('',*,*,#87,.F.);
#734 = ORIENTED_EDGE('',*,*,#735,.T.);
#735 = EDGE_CURVE('',#80,#736,#738,.T.);
#736 = VERTEX_POINT('',#737);
#737 = CARTESIAN_POINT('',(39.05,-64.7,11.6));
#738 = CIRCLE('',#739,1.85);
#739 = AXIS2_PLACEMENT_3D('',#740,#741,#742);
#740 = CARTESIAN_POINT('',(37.2,-64.7,11.6));
#741 = DIRECTION('',(0.,0.,1.));
#742 = DIRECTION('',(1.,0.,0.));
#743 = ORIENTED_EDGE('',*,*,#744,.T.);
#744 = EDGE_CURVE('',#736,#72,#745,.T.);
#745 = CIRCLE('',#746,1.85);
#746 = AXIS2_PLACEMENT_3D('',#747,#748,#749);
#747 = CARTESIAN_POINT('',(37.2,-64.7,11.6));
#748 = DIRECTION('',(0.,0.,1.));
#749 = DIRECTION('',(1.,0.,0.));
#750 = ORIENTED_EDGE('',*,*,#71,.T.);
#751 = ORIENTED_EDGE('',*,*,#708,.F.);
#752 = ORIENTED_EDGE('',*,*,#672,.F.);
#753 = CYLINDRICAL_SURFACE('',#754,1.85);
#754 = AXIS2_PLACEMENT_3D('',#755,#756,#757);
#755 = CARTESIAN_POINT('',(37.2,-64.7,6.3));
#756 = DIRECTION('',(-0.,-0.,-1.));
#757 = DIRECTION('',(1.,0.,0.));
#758 = ADVANCED_FACE('',(#759),#764,.T.);
#759 = FACE_BOUND('',#760,.T.);
#760 = EDGE_LOOP('',(#761,#762,#763));
#761 = ORIENTED_EDGE('',*,*,#735,.T.);
#762 = ORIENTED_EDGE('',*,*,#744,.T.);
#763 = ORIENTED_EDGE('',*,*,#79,.F.);
#764 = PLANE('',#765);
#765 = AXIS2_PLACEMENT_3D('',#766,#767,#768);
#766 = CARTESIAN_POINT('',(37.2,-64.7,11.6));
#767 = DIRECTION('',(0.,0.,1.));
#768 = DIRECTION('',(1.,0.,0.));
#769 = ADVANCED_FACE('',(#770),#799,.F.);
#770 = FACE_BOUND('',#771,.T.);
#771 = EDGE_LOOP('',(#772,#773,#781,#790,#797,#798));
#772 = ORIENTED_EDGE('',*,*,#691,.T.);
#773 = ORIENTED_EDGE('',*,*,#774,.F.);
#774 = EDGE_CURVE('',#775,#684,#777,.T.);
#775 = VERTEX_POINT('',#776);
#776 = CARTESIAN_POINT('',(31.491052366633,-67.,6.75));
#777 = LINE('',#778,#779);
#778 = CARTESIAN_POINT('',(31.491052366633,-67.,5.3));
#779 = VECTOR('',#780,1.);
#780 = DIRECTION('',(-0.,-0.,-1.));
#781 = ORIENTED_EDGE('',*,*,#782,.T.);
#782 = EDGE_CURVE('',#775,#783,#785,.T.);
#783 = VERTEX_POINT('',#784);
#784 = CARTESIAN_POINT('',(31.55,-66.5,6.75));
#785 = CIRCLE('',#786,2.15);
#786 = AXIS2_PLACEMENT_3D('',#787,#788,#789);
#787 = CARTESIAN_POINT('',(29.4,-66.5,6.75));
#788 = DIRECTION('',(0.,0.,1.));
#789 = DIRECTION('',(1.,0.,0.));
#790 = ORIENTED_EDGE('',*,*,#791,.T.);
#791 = EDGE_CURVE('',#783,#48,#792,.T.);
#792 = CIRCLE('',#793,2.15);
#793 = AXIS2_PLACEMENT_3D('',#794,#795,#796);
#794 = CARTESIAN_POINT('',(29.4,-66.5,6.75));
#795 = DIRECTION('',(0.,0.,1.));
#796 = DIRECTION('',(1.,0.,0.));
#797 = ORIENTED_EDGE('',*,*,#55,.T.);
#798 = ORIENTED_EDGE('',*,*,#700,.T.);
#799 = CYLINDRICAL_SURFACE('',#800,2.15);
#800 = AXIS2_PLACEMENT_3D('',#801,#802,#803);
#801 = CARTESIAN_POINT('',(29.4,-66.5,5.3));
#802 = DIRECTION('',(-0.,-0.,-1.));
#803 = DIRECTION('',(1.,0.,0.));
#804 = ADVANCED_FACE('',(#805),#825,.F.);
#805 = FACE_BOUND('',#806,.F.);
#806 = EDGE_LOOP('',(#807,#808,#809,#810,#819));
#807 = ORIENTED_EDGE('',*,*,#782,.T.);
#808 = ORIENTED_EDGE('',*,*,#791,.T.);
#809 = ORIENTED_EDGE('',*,*,#47,.T.);
#810 = ORIENTED_EDGE('',*,*,#811,.T.);
#811 = EDGE_CURVE('',#40,#812,#814,.T.);
#812 = VERTEX_POINT('',#813);
#813 = CARTESIAN_POINT('',(27.308947633367,-67.,6.75));
#814 = CIRCLE('',#815,2.15);
#815 = AXIS2_PLACEMENT_3D('',#816,#817,#818);
#816 = CARTESIAN_POINT('',(29.4,-66.5,6.75));
#817 = DIRECTION('',(0.,0.,1.));
#818 = DIRECTION('',(1.,0.,0.));
#819 = ORIENTED_EDGE('',*,*,#820,.T.);
#820 = EDGE_CURVE('',#812,#775,#821,.T.);
#821 = LINE('',#822,#823);
#822 = CARTESIAN_POINT('',(27.8,-67.,6.75));
#823 = VECTOR('',#824,1.);
#824 = DIRECTION('',(1.,0.,0.));
#825 = PLANE('',#826);
#826 = AXIS2_PLACEMENT_3D('',#827,#828,#829);
#827 = CARTESIAN_POINT('',(29.4,-66.5,6.75));
#828 = DIRECTION('',(0.,0.,1.));
#829 = DIRECTION('',(1.,0.,0.));
#830 = ADVANCED_FACE('',(#831),#850,.F.);
#831 = FACE_BOUND('',#832,.T.);
#832 = EDGE_LOOP('',(#833,#834,#835,#843));
#833 = ORIENTED_EDGE('',*,*,#39,.F.);
#834 = ORIENTED_EDGE('',*,*,#811,.T.);
#835 = ORIENTED_EDGE('',*,*,#836,.T.);
#836 = EDGE_CURVE('',#812,#837,#839,.T.);
#837 = VERTEX_POINT('',#838);
#838 = CARTESIAN_POINT('',(27.308947633367,-67.,6.3));
#839 = LINE('',#840,#841);
#840 = CARTESIAN_POINT('',(27.308947633367,-67.,5.3));
#841 = VECTOR('',#842,1.);
#842 = DIRECTION('',(-0.,-0.,-1.));
#843 = ORIENTED_EDGE('',*,*,#844,.T.);
#844 = EDGE_CURVE('',#837,#32,#845,.T.);
#845 = CIRCLE('',#846,2.15);
#846 = AXIS2_PLACEMENT_3D('',#847,#848,#849);
#847 = CARTESIAN_POINT('',(29.4,-66.5,6.3));
#848 = DIRECTION('',(0.,0.,-1.));
#849 = DIRECTION('',(1.,0.,0.));
#850 = CYLINDRICAL_SURFACE('',#851,2.15);
#851 = AXIS2_PLACEMENT_3D('',#852,#853,#854);
#852 = CARTESIAN_POINT('',(29.4,-66.5,5.3));
#853 = DIRECTION('',(-0.,-0.,-1.));
#854 = DIRECTION('',(1.,0.,0.));
#855 = ADVANCED_FACE('',(#856),#908,.T.);
#856 = FACE_BOUND('',#857,.T.);
#857 = EDGE_LOOP('',(#858,#859,#860,#868,#877,#885,#893,#901,#907));
#858 = ORIENTED_EDGE('',*,*,#31,.T.);
#859 = ORIENTED_EDGE('',*,*,#844,.F.);
#860 = ORIENTED_EDGE('',*,*,#861,.F.);
#861 = EDGE_CURVE('',#862,#837,#864,.T.);
#862 = VERTEX_POINT('',#863);
#863 = CARTESIAN_POINT('',(26.2,-67.,6.3));
#864 = LINE('',#865,#866);
#865 = CARTESIAN_POINT('',(26.2,-67.,6.3));
#866 = VECTOR('',#867,1.);
#867 = DIRECTION('',(1.,0.,0.));
#868 = ORIENTED_EDGE('',*,*,#869,.F.);
#869 = EDGE_CURVE('',#870,#862,#872,.T.);
#870 = VERTEX_POINT('',#871);
#871 = CARTESIAN_POINT('',(25.,-65.8,6.3));
#872 = CIRCLE('',#873,1.2);
#873 = AXIS2_PLACEMENT_3D('',#874,#875,#876);
#874 = CARTESIAN_POINT('',(26.2,-65.8,6.3));
#875 = DIRECTION('',(0.,0.,1.));
#876 = DIRECTION('',(-1.,3.553E-14,0.));
#877 = ORIENTED_EDGE('',*,*,#878,.F.);
#878 = EDGE_CURVE('',#879,#870,#881,.T.);
#879 = VERTEX_POINT('',#880);
#880 = CARTESIAN_POINT('',(25.,-63.9,6.3));
#881 = LINE('',#882,#883);
#882 = CARTESIAN_POINT('',(25.,-13.4,6.3));
#883 = VECTOR('',#884,1.);
#884 = DIRECTION('',(0.,-1.,0.));
#885 = ORIENTED_EDGE('',*,*,#886,.F.);
#886 = EDGE_CURVE('',#887,#879,#889,.T.);
#887 = VERTEX_POINT('',#888);
#888 = CARTESIAN_POINT('',(26.2,-63.9,6.3));
#889 = LINE('',#890,#891);
#890 = CARTESIAN_POINT('',(28.521656284918,-63.9,6.3));
#891 = VECTOR('',#892,1.);
#892 = DIRECTION('',(-1.,0.,0.));
#893 = ORIENTED_EDGE('',*,*,#894,.T.);
#894 = EDGE_CURVE('',#887,#895,#897,.T.);
#895 = VERTEX_POINT('',#896);
#896 = CARTESIAN_POINT('',(26.2,-65.77054165346,6.3));
#897 = LINE('',#898,#899);
#898 = CARTESIAN_POINT('',(26.2,-52.43420966695,6.3));
#899 = VECTOR('',#900,1.);
#900 = DIRECTION('',(0.,-1.,0.));
#901 = ORIENTED_EDGE('',*,*,#902,.T.);
#902 = EDGE_CURVE('',#895,#158,#903,.T.);
#903 = LINE('',#904,#905);
#904 = CARTESIAN_POINT('',(25.560148530937,-52.74606579013,6.3));
#905 = VECTOR('',#906,1.);
#906 = DIRECTION('',(4.906767432734E-02,-0.998795456205,0.));
#907 = ORIENTED_EDGE('',*,*,#157,.T.);
#908 = PLANE('',#909);
#909 = AXIS2_PLACEMENT_3D('',#910,#911,#912);
#910 = CARTESIAN_POINT('',(44.267066577077,-46.08685620723,6.3));
#911 = DIRECTION('',(-0.,-0.,-1.));
#912 = DIRECTION('',(-1.,0.,0.));
#913 = ADVANCED_FACE('',(#914),#925,.F.);
#914 = FACE_BOUND('',#915,.F.);
#915 = EDGE_LOOP('',(#916,#917,#918,#919));
#916 = ORIENTED_EDGE('',*,*,#902,.T.);
#917 = ORIENTED_EDGE('',*,*,#174,.T.);
#918 = ORIENTED_EDGE('',*,*,#358,.T.);
#919 = ORIENTED_EDGE('',*,*,#920,.F.);
#920 = EDGE_CURVE('',#895,#351,#921,.T.);
#921 = LINE('',#922,#923);
#922 = CARTESIAN_POINT('',(26.2,-65.77054165346,6.2));
#923 = VECTOR('',#924,1.);
#924 = DIRECTION('',(0.,0.,1.));
#925 = PLANE('',#926);
#926 = AXIS2_PLACEMENT_3D('',#927,#928,#929);
#927 = CARTESIAN_POINT('',(26.201379428774,-65.79862057122,6.2));
#928 = DIRECTION('',(-0.998795456205,-4.906767432734E-02,0.));
#929 = DIRECTION('',(-4.906767432734E-02,0.998795456205,0.));
#930 = ADVANCED_FACE('',(#931),#970,.F.);
#931 = FACE_BOUND('',#932,.F.);
#932 = EDGE_LOOP('',(#933,#939,#940,#948,#956,#962,#963,#969));
#933 = ORIENTED_EDGE('',*,*,#934,.F.);
#934 = EDGE_CURVE('',#458,#191,#935,.T.);
#935 = LINE('',#936,#937);
#936 = CARTESIAN_POINT('',(47.8,-65.77054165346,6.2));
#937 = VECTOR('',#938,1.);
#938 = DIRECTION('',(0.,0.,1.));
#939 = ORIENTED_EDGE('',*,*,#465,.T.);
#940 = ORIENTED_EDGE('',*,*,#941,.F.);
#941 = EDGE_CURVE('',#942,#466,#944,.T.);
#942 = VERTEX_POINT('',#943);
#943 = CARTESIAN_POINT('',(47.8,-54.46808273176,11.6));
#944 = LINE('',#945,#946);
#945 = CARTESIAN_POINT('',(47.8,-54.46808273176,6.3));
#946 = VECTOR('',#947,1.);
#947 = DIRECTION('',(-0.,-0.,-1.));
#948 = ORIENTED_EDGE('',*,*,#949,.F.);
#949 = EDGE_CURVE('',#950,#942,#952,.T.);
#950 = VERTEX_POINT('',#951);
#951 = CARTESIAN_POINT('',(47.8,-51.13191726823,11.6));
#952 = LINE('',#953,#954);
#953 = CARTESIAN_POINT('',(47.8,-32.51472917326,11.6));
#954 = VECTOR('',#955,1.);
#955 = DIRECTION('',(0.,-1.,0.));
#956 = ORIENTED_EDGE('',*,*,#957,.T.);
#957 = EDGE_CURVE('',#950,#474,#958,.T.);
#958 = LINE('',#959,#960);
#959 = CARTESIAN_POINT('',(47.8,-51.13191726823,6.3));
#960 = VECTOR('',#961,1.);
#961 = DIRECTION('',(-0.,-0.,-1.));
#962 = ORIENTED_EDGE('',*,*,#482,.T.);
#963 = ORIENTED_EDGE('',*,*,#964,.T.);
#964 = EDGE_CURVE('',#483,#189,#965,.T.);
#965 = LINE('',#966,#967);
#966 = CARTESIAN_POINT('',(47.8,-12.22945834653,6.2));
#967 = VECTOR('',#968,1.);
#968 = DIRECTION('',(0.,0.,1.));
#969 = ORIENTED_EDGE('',*,*,#188,.T.);
#970 = PLANE('',#971);
#971 = AXIS2_PLACEMENT_3D('',#972,#973,#974);
#972 = CARTESIAN_POINT('',(47.8,-12.22945834653,6.2));
#973 = DIRECTION('',(1.,0.,0.));
#974 = DIRECTION('',(0.,-1.,0.));
#975 = ADVANCED_FACE('',(#976),#987,.F.);
#976 = FACE_BOUND('',#977,.F.);
#977 = EDGE_LOOP('',(#978,#979,#985,#986));
#978 = ORIENTED_EDGE('',*,*,#490,.T.);
#979 = ORIENTED_EDGE('',*,*,#980,.T.);
#980 = EDGE_CURVE('',#491,#199,#981,.T.);
#981 = LINE('',#982,#983);
#982 = CARTESIAN_POINT('',(47.798620571226,-12.20137942877,6.2));
#983 = VECTOR('',#984,1.);
#984 = DIRECTION('',(0.,0.,1.));
#985 = ORIENTED_EDGE('',*,*,#198,.T.);
#986 = ORIENTED_EDGE('',*,*,#964,.F.);
#987 = PLANE('',#988);
#988 = AXIS2_PLACEMENT_3D('',#989,#990,#991);
#989 = CARTESIAN_POINT('',(47.798620571226,-12.20137942877,6.2));
#990 = DIRECTION('',(0.998795456205,4.906767432758E-02,0.));
#991 = DIRECTION('',(4.906767432758E-02,-0.998795456205,0.));
#992 = ADVANCED_FACE('',(#993),#999,.F.);
#993 = FACE_BOUND('',#994,.F.);
#994 = EDGE_LOOP('',(#995,#996,#997,#998));
#995 = ORIENTED_EDGE('',*,*,#457,.T.);
#996 = ORIENTED_EDGE('',*,*,#934,.T.);
#997 = ORIENTED_EDGE('',*,*,#374,.T.);
#998 = ORIENTED_EDGE('',*,*,#430,.F.);
#999 = PLANE('',#1000);
#1000 = AXIS2_PLACEMENT_3D('',#1001,#1002,#1003);
#1001 = CARTESIAN_POINT('',(47.8,-65.77054165346,6.2));
#1002 = DIRECTION('',(0.998795456205,-4.906767432757E-02,0.));
#1003 = DIRECTION('',(-4.906767432757E-02,-0.998795456205,0.));
#1004 = ADVANCED_FACE('',(#1005),#1016,.F.);
#1005 = FACE_BOUND('',#1006,.F.);
#1006 = EDGE_LOOP('',(#1007,#1008,#1014,#1015));
#1007 = ORIENTED_EDGE('',*,*,#498,.T.);
#1008 = ORIENTED_EDGE('',*,*,#1009,.T.);
#1009 = EDGE_CURVE('',#499,#207,#1010,.T.);
#1010 = LINE('',#1011,#1012);
#1011 = CARTESIAN_POINT('',(47.770541653469,-12.2,6.2));
#1012 = VECTOR('',#1013,1.);
#1013 = DIRECTION('',(0.,0.,1.));
#1014 = ORIENTED_EDGE('',*,*,#206,.T.);
#1015 = ORIENTED_EDGE('',*,*,#980,.F.);
#1016 = PLANE('',#1017);
#1017 = AXIS2_PLACEMENT_3D('',#1018,#1019,#1020);
#1018 = CARTESIAN_POINT('',(47.770541653469,-12.2,6.2));
#1019 = DIRECTION('',(4.906767432741E-02,0.998795456205,0.));
#1020 = DIRECTION('',(0.998795456205,-4.906767432741E-02,0.));
#1021 = ADVANCED_FACE('',(#1022),#1049,.F.);
#1022 = FACE_BOUND('',#1023,.F.);
#1023 = EDGE_LOOP('',(#1024,#1025,#1026,#1034,#1042,#1048));
#1024 = ORIENTED_EDGE('',*,*,#1009,.F.);
#1025 = ORIENTED_EDGE('',*,*,#506,.T.);
#1026 = ORIENTED_EDGE('',*,*,#1027,.F.);
#1027 = EDGE_CURVE('',#1028,#507,#1030,.T.);
#1028 = VERTEX_POINT('',#1029);
#1029 = CARTESIAN_POINT('',(47.,-12.2,12.1));
#1030 = LINE('',#1031,#1032);
#1031 = CARTESIAN_POINT('',(47.,-12.2,5.9));
#1032 = VECTOR('',#1033,1.);
#1033 = DIRECTION('',(0.,0.,-1.));
#1034 = ORIENTED_EDGE('',*,*,#1035,.F.);
#1035 = EDGE_CURVE('',#1036,#1028,#1038,.T.);
#1036 = VERTEX_POINT('',#1037);
#1037 = CARTESIAN_POINT('',(27.429458346531,-12.2,12.1));
#1038 = LINE('',#1039,#1040);
#1039 = CARTESIAN_POINT('',(27.414729173265,-12.2,12.1));
#1040 = VECTOR('',#1041,1.);
#1041 = DIRECTION('',(1.,0.,0.));
#1042 = ORIENTED_EDGE('',*,*,#1043,.T.);
#1043 = EDGE_CURVE('',#1036,#215,#1044,.T.);
#1044 = LINE('',#1045,#1046);
#1045 = CARTESIAN_POINT('',(27.429458346531,-12.2,6.2));
#1046 = VECTOR('',#1047,1.);
#1047 = DIRECTION('',(0.,0.,1.));
#1048 = ORIENTED_EDGE('',*,*,#214,.T.);
#1049 = PLANE('',#1050);
#1050 = AXIS2_PLACEMENT_3D('',#1051,#1052,#1053);
#1051 = CARTESIAN_POINT('',(27.429458346531,-12.2,6.2));
#1052 = DIRECTION('',(0.,1.,0.));
#1053 = DIRECTION('',(1.,0.,0.));
#1054 = ADVANCED_FACE('',(#1055),#1089,.F.);
#1055 = FACE_BOUND('',#1056,.F.);
#1056 = EDGE_LOOP('',(#1057,#1067,#1075,#1081,#1082,#1083));
#1057 = ORIENTED_EDGE('',*,*,#1058,.T.);
#1058 = EDGE_CURVE('',#1059,#1061,#1063,.T.);
#1059 = VERTEX_POINT('',#1060);
#1060 = CARTESIAN_POINT('',(27.4,-12.20144719576,12.1));
#1061 = VERTEX_POINT('',#1062);
#1062 = CARTESIAN_POINT('',(27.4,-12.20144719576,6.3));
#1063 = LINE('',#1064,#1065);
#1064 = CARTESIAN_POINT('',(27.4,-12.20144719576,5.9));
#1065 = VECTOR('',#1066,1.);
#1066 = DIRECTION('',(0.,0.,-1.));
#1067 = ORIENTED_EDGE('',*,*,#1068,.T.);
#1068 = EDGE_CURVE('',#1061,#1069,#1071,.T.);
#1069 = VERTEX_POINT('',#1070);
#1070 = CARTESIAN_POINT('',(27.282521281595,-12.20721855511,6.3));
#1071 = LINE('',#1072,#1073);
#1072 = CARTESIAN_POINT('',(31.492230328968,-12.00040881117,6.3));
#1073 = VECTOR('',#1074,1.);
#1074 = DIRECTION('',(-0.998795456205,-4.906767432741E-02,0.));
#1075 = ORIENTED_EDGE('',*,*,#1076,.T.);
#1076 = EDGE_CURVE('',#1069,#223,#1077,.T.);
#1077 = LINE('',#1078,#1079);
#1078 = CARTESIAN_POINT('',(27.282521281595,-12.20721855511,6.2));
#1079 = VECTOR('',#1080,1.);
#1080 = DIRECTION('',(0.,0.,1.));
#1081 = ORIENTED_EDGE('',*,*,#222,.T.);
#1082 = ORIENTED_EDGE('',*,*,#1043,.F.);
#1083 = ORIENTED_EDGE('',*,*,#1084,.F.);
#1084 = EDGE_CURVE('',#1059,#1036,#1085,.T.);
#1085 = LINE('',#1086,#1087);
#1086 = CARTESIAN_POINT('',(26.461592268837,-12.24754821139,12.1));
#1087 = VECTOR('',#1088,1.);
#1088 = DIRECTION('',(0.998795456205,4.906767432741E-02,0.));
#1089 = PLANE('',#1090);
#1090 = AXIS2_PLACEMENT_3D('',#1091,#1092,#1093);
#1091 = CARTESIAN_POINT('',(27.282521281595,-12.20721855511,6.2));
#1092 = DIRECTION('',(-4.906767432741E-02,0.998795456205,0.));
#1093 = DIRECTION('',(0.998795456205,4.906767432741E-02,0.));
#1094 = ADVANCED_FACE('',(#1095),#1113,.F.);
#1095 = FACE_BOUND('',#1096,.F.);
#1096 = EDGE_LOOP('',(#1097,#1105,#1111,#1112));
#1097 = ORIENTED_EDGE('',*,*,#1098,.T.);
#1098 = EDGE_CURVE('',#1069,#1099,#1101,.T.);
#1099 = VERTEX_POINT('',#1100);
#1100 = CARTESIAN_POINT('',(27.166173947468,-12.22447705182,6.3));
#1101 = LINE('',#1102,#1103);
#1102 = CARTESIAN_POINT('',(30.048182583348,-11.79697145472,6.3));
#1103 = VECTOR('',#1104,1.);
#1104 = DIRECTION('',(-0.989176509965,-0.146730474455,0.));
#1105 = ORIENTED_EDGE('',*,*,#1106,.T.);
#1106 = EDGE_CURVE('',#1099,#231,#1107,.T.);
#1107 = LINE('',#1108,#1109);
#1108 = CARTESIAN_POINT('',(27.166173947468,-12.22447705182,6.2));
#1109 = VECTOR('',#1110,1.);
#1110 = DIRECTION('',(0.,0.,1.));
#1111 = ORIENTED_EDGE('',*,*,#230,.T.);
#1112 = ORIENTED_EDGE('',*,*,#1076,.F.);
#1113 = PLANE('',#1114);
#1114 = AXIS2_PLACEMENT_3D('',#1115,#1116,#1117);
#1115 = CARTESIAN_POINT('',(27.166173947468,-12.22447705182,6.2));
#1116 = DIRECTION('',(-0.146730474455,0.989176509965,0.));
#1117 = DIRECTION('',(0.989176509965,0.146730474455,0.));
#1118 = ADVANCED_FACE('',(#1119),#1137,.F.);
#1119 = FACE_BOUND('',#1120,.F.);
#1120 = EDGE_LOOP('',(#1121,#1129,#1135,#1136));
#1121 = ORIENTED_EDGE('',*,*,#1122,.T.);
#1122 = EDGE_CURVE('',#1099,#1123,#1125,.T.);
#1123 = VERTEX_POINT('',#1124);
#1124 = CARTESIAN_POINT('',(27.05207848605,-12.25305647712,6.3));
#1125 = LINE('',#1126,#1127);
#1126 = CARTESIAN_POINT('',(28.589117176909,-11.86804832775,6.3));
#1127 = VECTOR('',#1128,1.);
#1128 = DIRECTION('',(-0.970031253195,-0.242980179903,0.));
#1129 = ORIENTED_EDGE('',*,*,#1130,.T.);
#1130 = EDGE_CURVE('',#1123,#239,#1131,.T.);
#1131 = LINE('',#1132,#1133);
#1132 = CARTESIAN_POINT('',(27.05207848605,-12.25305647712,6.2));
#1133 = VECTOR('',#1134,1.);
#1134 = DIRECTION('',(0.,0.,1.));
#1135 = ORIENTED_EDGE('',*,*,#238,.T.);
#1136 = ORIENTED_EDGE('',*,*,#1106,.F.);
#1137 = PLANE('',#1138);
#1138 = AXIS2_PLACEMENT_3D('',#1139,#1140,#1141);
#1139 = CARTESIAN_POINT('',(27.05207848605,-12.25305647712,6.2));
#1140 = DIRECTION('',(-0.242980179903,0.970031253195,0.));
#1141 = DIRECTION('',(0.970031253195,0.242980179903,0.));
#1142 = ADVANCED_FACE('',(#1143),#1218,.F.);
#1143 = FACE_BOUND('',#1144,.F.);
#1144 = EDGE_LOOP('',(#1145,#1153,#1161,#1169,#1177,#1185,#1193,#1201,
    #1209,#1215,#1216,#1217));
#1145 = ORIENTED_EDGE('',*,*,#1146,.F.);
#1146 = EDGE_CURVE('',#1147,#343,#1149,.T.);
#1147 = VERTEX_POINT('',#1148);
#1148 = CARTESIAN_POINT('',(26.2,-13.42945834653,6.3));
#1149 = LINE('',#1150,#1151);
#1150 = CARTESIAN_POINT('',(26.2,-13.42945834653,6.2));
#1151 = VECTOR('',#1152,1.);
#1152 = DIRECTION('',(0.,0.,1.));
#1153 = ORIENTED_EDGE('',*,*,#1154,.T.);
#1154 = EDGE_CURVE('',#1147,#1155,#1157,.T.);
#1155 = VERTEX_POINT('',#1156);
#1156 = CARTESIAN_POINT('',(26.2,-51.13191726823,6.3));
#1157 = LINE('',#1158,#1159);
#1158 = CARTESIAN_POINT('',(26.2,-52.43420966695,6.3));
#1159 = VECTOR('',#1160,1.);
#1160 = DIRECTION('',(0.,-1.,0.));
#1161 = ORIENTED_EDGE('',*,*,#1162,.F.);
#1162 = EDGE_CURVE('',#1163,#1155,#1165,.T.);
#1163 = VERTEX_POINT('',#1164);
#1164 = CARTESIAN_POINT('',(26.2,-51.13191726823,11.6));
#1165 = LINE('',#1166,#1167);
#1166 = CARTESIAN_POINT('',(26.2,-51.13191726823,6.3));
#1167 = VECTOR('',#1168,1.);
#1168 = DIRECTION('',(-0.,-0.,-1.));
#1169 = ORIENTED_EDGE('',*,*,#1170,.F.);
#1170 = EDGE_CURVE('',#1171,#1163,#1173,.T.);
#1171 = VERTEX_POINT('',#1172);
#1172 = CARTESIAN_POINT('',(26.2,-54.46808273176,11.6));
#1173 = LINE('',#1174,#1175);
#1174 = CARTESIAN_POINT('',(26.2,-59.28527082673,11.6));
#1175 = VECTOR('',#1176,1.);
#1176 = DIRECTION('',(0.,1.,0.));
#1177 = ORIENTED_EDGE('',*,*,#1178,.T.);
#1178 = EDGE_CURVE('',#1171,#1179,#1181,.T.);
#1179 = VERTEX_POINT('',#1180);
#1180 = CARTESIAN_POINT('',(26.2,-54.46808273176,6.3));
#1181 = LINE('',#1182,#1183);
#1182 = CARTESIAN_POINT('',(26.2,-54.46808273176,6.3));
#1183 = VECTOR('',#1184,1.);
#1184 = DIRECTION('',(-0.,-0.,-1.));
#1185 = ORIENTED_EDGE('',*,*,#1186,.T.);
#1186 = EDGE_CURVE('',#1179,#1187,#1189,.T.);
#1187 = VERTEX_POINT('',#1188);
#1188 = CARTESIAN_POINT('',(26.2,-55.4,6.3));
#1189 = LINE('',#1190,#1191);
#1190 = CARTESIAN_POINT('',(26.2,-52.43420966695,6.3));
#1191 = VECTOR('',#1192,1.);
#1192 = DIRECTION('',(0.,-1.,0.));
#1193 = ORIENTED_EDGE('',*,*,#1194,.F.);
#1194 = EDGE_CURVE('',#1195,#1187,#1197,.T.);
#1195 = VERTEX_POINT('',#1196);
#1196 = CARTESIAN_POINT('',(26.2,-55.4,9.2));
#1197 = LINE('',#1198,#1199);
#1198 = CARTESIAN_POINT('',(26.2,-55.4,5.65));
#1199 = VECTOR('',#1200,1.);
#1200 = DIRECTION('',(0.,0.,-1.));
#1201 = ORIENTED_EDGE('',*,*,#1202,.F.);
#1202 = EDGE_CURVE('',#1203,#1195,#1205,.T.);
#1203 = VERTEX_POINT('',#1204);
#1204 = CARTESIAN_POINT('',(26.2,-63.9,9.2));
#1205 = LINE('',#1206,#1207);
#1206 = CARTESIAN_POINT('',(26.2,-64.83527082673,9.2));
#1207 = VECTOR('',#1208,1.);
#1208 = DIRECTION('',(0.,1.,0.));
#1209 = ORIENTED_EDGE('',*,*,#1210,.T.);
#1210 = EDGE_CURVE('',#1203,#887,#1211,.T.);
#1211 = LINE('',#1212,#1213);
#1212 = CARTESIAN_POINT('',(26.2,-63.9,5.65));
#1213 = VECTOR('',#1214,1.);
#1214 = DIRECTION('',(0.,0.,-1.));
#1215 = ORIENTED_EDGE('',*,*,#894,.T.);
#1216 = ORIENTED_EDGE('',*,*,#920,.T.);
#1217 = ORIENTED_EDGE('',*,*,#350,.T.);
#1218 = PLANE('',#1219);
#1219 = AXIS2_PLACEMENT_3D('',#1220,#1221,#1222);
#1220 = CARTESIAN_POINT('',(26.2,-65.77054165346,6.2));
#1221 = DIRECTION('',(-1.,0.,0.));
#1222 = DIRECTION('',(0.,1.,0.));
#1223 = ADVANCED_FACE('',(#1224),#1242,.F.);
#1224 = FACE_BOUND('',#1225,.F.);
#1225 = EDGE_LOOP('',(#1226,#1234,#1240,#1241));
#1226 = ORIENTED_EDGE('',*,*,#1227,.T.);
#1227 = EDGE_CURVE('',#1123,#1228,#1230,.T.);
#1228 = VERTEX_POINT('',#1229);
#1229 = CARTESIAN_POINT('',(26.941333699004,-12.29268159553,6.3));
#1230 = LINE('',#1231,#1232);
#1231 = CARTESIAN_POINT('',(27.167803139174,-12.21164953413,6.3));
#1232 = VECTOR('',#1233,1.);
#1233 = DIRECTION('',(-0.941544065183,-0.336889853392,0.));
#1234 = ORIENTED_EDGE('',*,*,#1235,.T.);
#1235 = EDGE_CURVE('',#1228,#247,#1236,.T.);
#1236 = LINE('',#1237,#1238);
#1237 = CARTESIAN_POINT('',(26.941333699004,-12.29268159553,6.2));
#1238 = VECTOR('',#1239,1.);
#1239 = DIRECTION('',(0.,0.,1.));
#1240 = ORIENTED_EDGE('',*,*,#246,.T.);
#1241 = ORIENTED_EDGE('',*,*,#1130,.F.);
#1242 = PLANE('',#1243);
#1243 = AXIS2_PLACEMENT_3D('',#1244,#1245,#1246);
#1244 = CARTESIAN_POINT('',(26.941333699004,-12.29268159553,6.2));
#1245 = DIRECTION('',(-0.336889853392,0.941544065183,0.));
#1246 = DIRECTION('',(0.941544065183,0.336889853392,0.));
#1247 = ADVANCED_FACE('',(#1248),#1266,.F.);
#1248 = FACE_BOUND('',#1249,.F.);
#1249 = EDGE_LOOP('',(#1250,#1258,#1259,#1260));
#1250 = ORIENTED_EDGE('',*,*,#1251,.T.);
#1251 = EDGE_CURVE('',#1252,#1147,#1254,.T.);
#1252 = VERTEX_POINT('',#1253);
#1253 = CARTESIAN_POINT('',(26.207218555115,-13.28252128159,6.3));
#1254 = LINE('',#1255,#1256);
#1255 = CARTESIAN_POINT('',(25.584067113477,-25.96706027729,6.3));
#1256 = VECTOR('',#1257,1.);
#1257 = DIRECTION('',(-4.906767432747E-02,-0.998795456205,0.));
#1258 = ORIENTED_EDGE('',*,*,#1146,.T.);
#1259 = ORIENTED_EDGE('',*,*,#342,.T.);
#1260 = ORIENTED_EDGE('',*,*,#1261,.F.);
#1261 = EDGE_CURVE('',#1252,#335,#1262,.T.);
#1262 = LINE('',#1263,#1264);
#1263 = CARTESIAN_POINT('',(26.207218555115,-13.28252128159,6.2));
#1264 = VECTOR('',#1265,1.);
#1265 = DIRECTION('',(0.,0.,1.));
#1266 = PLANE('',#1267);
#1267 = AXIS2_PLACEMENT_3D('',#1268,#1269,#1270);
#1268 = CARTESIAN_POINT('',(26.2,-13.42945834653,6.2));
#1269 = DIRECTION('',(-0.998795456205,4.906767432747E-02,0.));
#1270 = DIRECTION('',(4.906767432747E-02,0.998795456205,0.));
#1271 = ADVANCED_FACE('',(#1272),#1290,.F.);
#1272 = FACE_BOUND('',#1273,.F.);
#1273 = EDGE_LOOP('',(#1274,#1282,#1288,#1289));
#1274 = ORIENTED_EDGE('',*,*,#1275,.T.);
#1275 = EDGE_CURVE('',#1228,#1276,#1278,.T.);
#1276 = VERTEX_POINT('',#1277);
#1277 = CARTESIAN_POINT('',(26.83500611917,-12.3429707955,6.3));
#1278 = LINE('',#1279,#1280);
#1279 = CARTESIAN_POINT('',(25.83564732038,-12.8156323058,6.3));
#1280 = VECTOR('',#1281,1.);
#1281 = DIRECTION('',(-0.903989293123,-0.42755509343,0.));
#1282 = ORIENTED_EDGE('',*,*,#1283,.T.);
#1283 = EDGE_CURVE('',#1276,#255,#1284,.T.);
#1284 = LINE('',#1285,#1286);
#1285 = CARTESIAN_POINT('',(26.83500611917,-12.3429707955,6.2));
#1286 = VECTOR('',#1287,1.);
#1287 = DIRECTION('',(0.,0.,1.));
#1288 = ORIENTED_EDGE('',*,*,#254,.T.);
#1289 = ORIENTED_EDGE('',*,*,#1235,.F.);
#1290 = PLANE('',#1291);
#1291 = AXIS2_PLACEMENT_3D('',#1292,#1293,#1294);
#1292 = CARTESIAN_POINT('',(26.83500611917,-12.3429707955,6.2));
#1293 = DIRECTION('',(-0.42755509343,0.903989293123,0.));
#1294 = DIRECTION('',(0.903989293123,0.42755509343,0.));
#1295 = ADVANCED_FACE('',(#1296),#1314,.F.);
#1296 = FACE_BOUND('',#1297,.F.);
#1297 = EDGE_LOOP('',(#1298,#1306,#1307,#1308));
#1298 = ORIENTED_EDGE('',*,*,#1299,.T.);
#1299 = EDGE_CURVE('',#1300,#1252,#1302,.T.);
#1300 = VERTEX_POINT('',#1301);
#1301 = CARTESIAN_POINT('',(26.22447705182,-13.16617394746,6.3));
#1302 = LINE('',#1303,#1304);
#1303 = CARTESIAN_POINT('',(24.450417597565,-25.12591132271,6.3));
#1304 = VECTOR('',#1305,1.);
#1305 = DIRECTION('',(-0.146730474455,-0.989176509965,0.));
#1306 = ORIENTED_EDGE('',*,*,#1261,.T.);
#1307 = ORIENTED_EDGE('',*,*,#334,.T.);
#1308 = ORIENTED_EDGE('',*,*,#1309,.F.);
#1309 = EDGE_CURVE('',#1300,#327,#1310,.T.);
#1310 = LINE('',#1311,#1312);
#1311 = CARTESIAN_POINT('',(26.22447705182,-13.16617394746,6.2));
#1312 = VECTOR('',#1313,1.);
#1313 = DIRECTION('',(0.,0.,1.));
#1314 = PLANE('',#1315);
#1315 = AXIS2_PLACEMENT_3D('',#1316,#1317,#1318);
#1316 = CARTESIAN_POINT('',(26.207218555115,-13.28252128159,6.2));
#1317 = DIRECTION('',(-0.989176509965,0.146730474455,0.));
#1318 = DIRECTION('',(0.146730474455,0.989176509965,0.));
#1319 = ADVANCED_FACE('',(#1320),#1338,.F.);
#1320 = FACE_BOUND('',#1321,.F.);
#1321 = EDGE_LOOP('',(#1322,#1330,#1336,#1337));
#1322 = ORIENTED_EDGE('',*,*,#1323,.T.);
#1323 = EDGE_CURVE('',#1276,#1324,#1326,.T.);
#1324 = VERTEX_POINT('',#1325);
#1325 = CARTESIAN_POINT('',(26.734119739265,-12.40343976453,6.3));
#1326 = LINE('',#1327,#1328);
#1327 = CARTESIAN_POINT('',(24.640749802352,-13.65815741838,6.3));
#1328 = VECTOR('',#1329,1.);
#1329 = DIRECTION('',(-0.85772861,-0.514102744193,0.));
#1330 = ORIENTED_EDGE('',*,*,#1331,.T.);
#1331 = EDGE_CURVE('',#1324,#263,#1332,.T.);
#1332 = LINE('',#1333,#1334);
#1333 = CARTESIAN_POINT('',(26.734119739265,-12.40343976453,6.2));
#1334 = VECTOR('',#1335,1.);
#1335 = DIRECTION('',(0.,0.,1.));
#1336 = ORIENTED_EDGE('',*,*,#262,.T.);
#1337 = ORIENTED_EDGE('',*,*,#1283,.F.);
#1338 = PLANE('',#1339);
#1339 = AXIS2_PLACEMENT_3D('',#1340,#1341,#1342);
#1340 = CARTESIAN_POINT('',(26.734119739265,-12.40343976453,6.2));
#1341 = DIRECTION('',(-0.514102744193,0.85772861,0.));
#1342 = DIRECTION('',(0.85772861,0.514102744193,0.));
#1343 = ADVANCED_FACE('',(#1344),#1362,.F.);
#1344 = FACE_BOUND('',#1345,.F.);
#1345 = EDGE_LOOP('',(#1346,#1354,#1355,#1356));
#1346 = ORIENTED_EDGE('',*,*,#1347,.T.);
#1347 = EDGE_CURVE('',#1348,#1300,#1350,.T.);
#1348 = VERTEX_POINT('',#1349);
#1349 = CARTESIAN_POINT('',(26.253056477122,-13.05207848605,6.3));
#1350 = LINE('',#1351,#1352);
#1351 = CARTESIAN_POINT('',(23.487815526601,-24.09153917657,6.3));
#1352 = VECTOR('',#1353,1.);
#1353 = DIRECTION('',(-0.242980179903,-0.970031253195,0.));
#1354 = ORIENTED_EDGE('',*,*,#1309,.T.);
#1355 = ORIENTED_EDGE('',*,*,#326,.T.);
#1356 = ORIENTED_EDGE('',*,*,#1357,.F.);
#1357 = EDGE_CURVE('',#1348,#319,#1358,.T.);
#1358 = LINE('',#1359,#1360);
#1359 = CARTESIAN_POINT('',(26.253056477122,-13.05207848605,6.2));
#1360 = VECTOR('',#1361,1.);
#1361 = DIRECTION('',(0.,0.,1.));
#1362 = PLANE('',#1363);
#1363 = AXIS2_PLACEMENT_3D('',#1364,#1365,#1366);
#1364 = CARTESIAN_POINT('',(26.22447705182,-13.16617394746,6.2));
#1365 = DIRECTION('',(-0.970031253195,0.242980179903,0.));
#1366 = DIRECTION('',(0.242980179903,0.970031253195,0.));
#1367 = ADVANCED_FACE('',(#1368),#1386,.F.);
#1368 = FACE_BOUND('',#1369,.F.);
#1369 = EDGE_LOOP('',(#1370,#1378,#1384,#1385));
#1370 = ORIENTED_EDGE('',*,*,#1371,.T.);
#1371 = EDGE_CURVE('',#1324,#1372,#1374,.T.);
#1372 = VERTEX_POINT('',#1373);
#1373 = CARTESIAN_POINT('',(26.639646150277,-12.47350615341,6.3));
#1374 = LINE('',#1375,#1376);
#1375 = CARTESIAN_POINT('',(23.62608523545,-14.70851525212,6.3));
#1376 = VECTOR('',#1377,1.);
#1377 = DIRECTION('',(-0.803207531481,-0.595699304492,0.));
#1378 = ORIENTED_EDGE('',*,*,#1379,.T.);
#1379 = EDGE_CURVE('',#1372,#271,#1380,.T.);
#1380 = LINE('',#1381,#1382);
#1381 = CARTESIAN_POINT('',(26.639646150277,-12.47350615341,6.2));
#1382 = VECTOR('',#1383,1.);
#1383 = DIRECTION('',(0.,0.,1.));
#1384 = ORIENTED_EDGE('',*,*,#270,.T.);
#1385 = ORIENTED_EDGE('',*,*,#1331,.F.);
#1386 = PLANE('',#1387);
#1387 = AXIS2_PLACEMENT_3D('',#1388,#1389,#1390);
#1388 = CARTESIAN_POINT('',(26.639646150277,-12.47350615341,6.2));
#1389 = DIRECTION('',(-0.595699304492,0.803207531481,0.));
#1390 = DIRECTION('',(0.803207531481,0.595699304492,0.));
#1391 = ADVANCED_FACE('',(#1392),#1410,.F.);
#1392 = FACE_BOUND('',#1393,.F.);
#1393 = EDGE_LOOP('',(#1394,#1402,#1403,#1404));
#1394 = ORIENTED_EDGE('',*,*,#1395,.T.);
#1395 = EDGE_CURVE('',#1396,#1348,#1398,.T.);
#1396 = VERTEX_POINT('',#1397);
#1397 = CARTESIAN_POINT('',(26.292681595533,-12.941333699,6.3));
#1398 = LINE('',#1399,#1400);
#1399 = CARTESIAN_POINT('',(22.734555289369,-22.8856305456,6.3));
#1400 = VECTOR('',#1401,1.);
#1401 = DIRECTION('',(-0.336889853392,-0.941544065183,0.));
#1402 = ORIENTED_EDGE('',*,*,#1357,.T.);
#1403 = ORIENTED_EDGE('',*,*,#318,.T.);
#1404 = ORIENTED_EDGE('',*,*,#1405,.F.);
#1405 = EDGE_CURVE('',#1396,#311,#1406,.T.);
#1406 = LINE('',#1407,#1408);
#1407 = CARTESIAN_POINT('',(26.292681595533,-12.941333699,6.2));
#1408 = VECTOR('',#1409,1.);
#1409 = DIRECTION('',(0.,0.,1.));
#1410 = PLANE('',#1411);
#1411 = AXIS2_PLACEMENT_3D('',#1412,#1413,#1414);
#1412 = CARTESIAN_POINT('',(26.253056477122,-13.05207848605,6.2));
#1413 = DIRECTION('',(-0.941544065183,0.336889853392,0.));
#1414 = DIRECTION('',(0.336889853392,0.941544065183,0.));
#1415 = ADVANCED_FACE('',(#1416),#1434,.F.);
#1416 = FACE_BOUND('',#1417,.F.);
#1417 = EDGE_LOOP('',(#1418,#1426,#1432,#1433));
#1418 = ORIENTED_EDGE('',*,*,#1419,.T.);
#1419 = EDGE_CURVE('',#1372,#1420,#1422,.T.);
#1420 = VERTEX_POINT('',#1421);
#1421 = CARTESIAN_POINT('',(26.552495184515,-12.55249518451,6.3));
#1422 = LINE('',#1423,#1424);
#1423 = CARTESIAN_POINT('',(22.827879704896,-15.92828988015,6.3));
#1424 = VECTOR('',#1425,1.);
#1425 = DIRECTION('',(-0.740951125355,-0.671558954847,0.));
#1426 = ORIENTED_EDGE('',*,*,#1427,.T.);
#1427 = EDGE_CURVE('',#1420,#279,#1428,.T.);
#1428 = LINE('',#1429,#1430);
#1429 = CARTESIAN_POINT('',(26.552495184515,-12.55249518451,6.2));
#1430 = VECTOR('',#1431,1.);
#1431 = DIRECTION('',(0.,0.,1.));
#1432 = ORIENTED_EDGE('',*,*,#278,.T.);
#1433 = ORIENTED_EDGE('',*,*,#1379,.F.);
#1434 = PLANE('',#1435);
#1435 = AXIS2_PLACEMENT_3D('',#1436,#1437,#1438);
#1436 = CARTESIAN_POINT('',(26.552495184515,-12.55249518451,6.2));
#1437 = DIRECTION('',(-0.671558954847,0.740951125355,0.));
#1438 = DIRECTION('',(0.740951125355,0.671558954847,0.));
#1439 = ADVANCED_FACE('',(#1440),#1458,.F.);
#1440 = FACE_BOUND('',#1441,.F.);
#1441 = EDGE_LOOP('',(#1442,#1450,#1451,#1452));
#1442 = ORIENTED_EDGE('',*,*,#1443,.T.);
#1443 = EDGE_CURVE('',#1444,#1396,#1446,.T.);
#1444 = VERTEX_POINT('',#1445);
#1445 = CARTESIAN_POINT('',(26.3429707955,-12.83500611917,6.3));
#1446 = LINE('',#1447,#1448);
#1447 = CARTESIAN_POINT('',(22.220486836079,-21.5512661232,6.3));
#1448 = VECTOR('',#1449,1.);
#1449 = DIRECTION('',(-0.42755509343,-0.903989293123,0.));
#1450 = ORIENTED_EDGE('',*,*,#1405,.T.);
#1451 = ORIENTED_EDGE('',*,*,#310,.T.);
#1452 = ORIENTED_EDGE('',*,*,#1453,.F.);
#1453 = EDGE_CURVE('',#1444,#303,#1454,.T.);
#1454 = LINE('',#1455,#1456);
#1455 = CARTESIAN_POINT('',(26.3429707955,-12.83500611917,6.2));
#1456 = VECTOR('',#1457,1.);
#1457 = DIRECTION('',(0.,0.,1.));
#1458 = PLANE('',#1459);
#1459 = AXIS2_PLACEMENT_3D('',#1460,#1461,#1462);
#1460 = CARTESIAN_POINT('',(26.292681595533,-12.941333699,6.2));
#1461 = DIRECTION('',(-0.903989293123,0.42755509343,0.));
#1462 = DIRECTION('',(0.42755509343,0.903989293123,0.));
#1463 = ADVANCED_FACE('',(#1464),#1482,.F.);
#1464 = FACE_BOUND('',#1465,.F.);
#1465 = EDGE_LOOP('',(#1466,#1474,#1480,#1481));
#1466 = ORIENTED_EDGE('',*,*,#1467,.T.);
#1467 = EDGE_CURVE('',#1420,#1468,#1470,.T.);
#1468 = VERTEX_POINT('',#1469);
#1469 = CARTESIAN_POINT('',(26.473506153419,-12.63964615027,6.3));
#1470 = LINE('',#1471,#1472);
#1471 = CARTESIAN_POINT('',(22.274245229434,-17.27281660363,6.3));
#1472 = VECTOR('',#1473,1.);
#1473 = DIRECTION('',(-0.671558954847,-0.740951125355,0.));
#1474 = ORIENTED_EDGE('',*,*,#1475,.T.);
#1475 = EDGE_CURVE('',#1468,#287,#1476,.T.);
#1476 = LINE('',#1477,#1478);
#1477 = CARTESIAN_POINT('',(26.473506153419,-12.63964615027,6.2));
#1478 = VECTOR('',#1479,1.);
#1479 = DIRECTION('',(0.,0.,1.));
#1480 = ORIENTED_EDGE('',*,*,#286,.T.);
#1481 = ORIENTED_EDGE('',*,*,#1427,.F.);
#1482 = PLANE('',#1483);
#1483 = AXIS2_PLACEMENT_3D('',#1484,#1485,#1486);
#1484 = CARTESIAN_POINT('',(26.473506153419,-12.63964615027,6.2));
#1485 = DIRECTION('',(-0.740951125355,0.671558954847,0.));
#1486 = DIRECTION('',(0.671558954847,0.740951125355,0.));
#1487 = ADVANCED_FACE('',(#1488),#1506,.F.);
#1488 = FACE_BOUND('',#1489,.F.);
#1489 = EDGE_LOOP('',(#1490,#1498,#1499,#1500));
#1490 = ORIENTED_EDGE('',*,*,#1491,.T.);
#1491 = EDGE_CURVE('',#1492,#1444,#1494,.T.);
#1492 = VERTEX_POINT('',#1493);
#1493 = CARTESIAN_POINT('',(26.403439764538,-12.73411973926,6.3));
#1494 = LINE('',#1495,#1496);
#1495 = CARTESIAN_POINT('',(21.966583467063,-20.13656726126,6.3));
#1496 = VECTOR('',#1497,1.);
#1497 = DIRECTION('',(-0.514102744193,-0.85772861,0.));
#1498 = ORIENTED_EDGE('',*,*,#1453,.T.);
#1499 = ORIENTED_EDGE('',*,*,#302,.T.);
#1500 = ORIENTED_EDGE('',*,*,#1501,.F.);
#1501 = EDGE_CURVE('',#1492,#295,#1502,.T.);
#1502 = LINE('',#1503,#1504);
#1503 = CARTESIAN_POINT('',(26.403439764538,-12.73411973926,6.2));
#1504 = VECTOR('',#1505,1.);
#1505 = DIRECTION('',(0.,0.,1.));
#1506 = PLANE('',#1507);
#1507 = AXIS2_PLACEMENT_3D('',#1508,#1509,#1510);
#1508 = CARTESIAN_POINT('',(26.3429707955,-12.83500611917,6.2));
#1509 = DIRECTION('',(-0.85772861,0.514102744193,0.));
#1510 = DIRECTION('',(0.514102744193,0.85772861,0.));
#1511 = ADVANCED_FACE('',(#1512),#1523,.F.);
#1512 = FACE_BOUND('',#1513,.F.);
#1513 = EDGE_LOOP('',(#1514,#1520,#1521,#1522));
#1514 = ORIENTED_EDGE('',*,*,#1515,.T.);
#1515 = EDGE_CURVE('',#1468,#1492,#1516,.T.);
#1516 = LINE('',#1517,#1518);
#1517 = CARTESIAN_POINT('',(21.984124111184,-18.69287710224,6.3));
#1518 = VECTOR('',#1519,1.);
#1519 = DIRECTION('',(-0.595699304492,-0.803207531481,0.));
#1520 = ORIENTED_EDGE('',*,*,#1501,.T.);
#1521 = ORIENTED_EDGE('',*,*,#294,.T.);
#1522 = ORIENTED_EDGE('',*,*,#1475,.F.);
#1523 = PLANE('',#1524);
#1524 = AXIS2_PLACEMENT_3D('',#1525,#1526,#1527);
#1525 = CARTESIAN_POINT('',(26.403439764538,-12.73411973926,6.2));
#1526 = DIRECTION('',(-0.803207531481,0.595699304492,0.));
#1527 = DIRECTION('',(0.595699304492,0.803207531481,0.));
#1528 = ADVANCED_FACE('',(#1529),#1554,.T.);
#1529 = FACE_BOUND('',#1530,.T.);
#1530 = EDGE_LOOP('',(#1531,#1539,#1540,#1548));
#1531 = ORIENTED_EDGE('',*,*,#1532,.F.);
#1532 = EDGE_CURVE('',#383,#1533,#1535,.T.);
#1533 = VERTEX_POINT('',#1534);
#1534 = CARTESIAN_POINT('',(45.15,-53.,12.725));
#1535 = LINE('',#1536,#1537);
#1536 = CARTESIAN_POINT('',(45.15,-53.,10.9));
#1537 = VECTOR('',#1538,1.);
#1538 = DIRECTION('',(0.,0.,1.));
#1539 = ORIENTED_EDGE('',*,*,#382,.T.);
#1540 = ORIENTED_EDGE('',*,*,#1541,.T.);
#1541 = EDGE_CURVE('',#385,#1542,#1544,.T.);
#1542 = VERTEX_POINT('',#1543);
#1543 = CARTESIAN_POINT('',(29.25,-53.,12.725));
#1544 = LINE('',#1545,#1546);
#1545 = CARTESIAN_POINT('',(29.25,-53.,10.9));
#1546 = VECTOR('',#1547,1.);
#1547 = DIRECTION('',(0.,0.,1.));
#1548 = ORIENTED_EDGE('',*,*,#1549,.T.);
#1549 = EDGE_CURVE('',#1542,#1533,#1550,.T.);
#1550 = LINE('',#1551,#1552);
#1551 = CARTESIAN_POINT('',(29.25,-53.,12.725));
#1552 = VECTOR('',#1553,1.);
#1553 = DIRECTION('',(1.,0.,0.));
#1554 = PLANE('',#1555);
#1555 = AXIS2_PLACEMENT_3D('',#1556,#1557,#1558);
#1556 = CARTESIAN_POINT('',(29.25,-53.,10.9));
#1557 = DIRECTION('',(0.,1.,0.));
#1558 = DIRECTION('',(0.,0.,1.));
#1559 = ADVANCED_FACE('',(#1560),#1578,.F.);
#1560 = FACE_BOUND('',#1561,.F.);
#1561 = EDGE_LOOP('',(#1562,#1563,#1564,#1572));
#1562 = ORIENTED_EDGE('',*,*,#1532,.F.);
#1563 = ORIENTED_EDGE('',*,*,#408,.T.);
#1564 = ORIENTED_EDGE('',*,*,#1565,.T.);
#1565 = EDGE_CURVE('',#401,#1566,#1568,.T.);
#1566 = VERTEX_POINT('',#1567);
#1567 = CARTESIAN_POINT('',(45.15,-15.1,12.725));
#1568 = LINE('',#1569,#1570);
#1569 = CARTESIAN_POINT('',(45.15,-15.1,10.9));
#1570 = VECTOR('',#1571,1.);
#1571 = DIRECTION('',(0.,0.,1.));
#1572 = ORIENTED_EDGE('',*,*,#1573,.F.);
#1573 = EDGE_CURVE('',#1533,#1566,#1574,.T.);
#1574 = LINE('',#1575,#1576);
#1575 = CARTESIAN_POINT('',(45.15,-53.,12.725));
#1576 = VECTOR('',#1577,1.);
#1577 = DIRECTION('',(0.,1.,0.));
#1578 = PLANE('',#1579);
#1579 = AXIS2_PLACEMENT_3D('',#1580,#1581,#1582);
#1580 = CARTESIAN_POINT('',(45.15,-53.,10.9));
#1581 = DIRECTION('',(1.,0.,0.));
#1582 = DIRECTION('',(0.,0.,1.));
#1583 = ADVANCED_FACE('',(#1584),#1602,.F.);
#1584 = FACE_BOUND('',#1585,.F.);
#1585 = EDGE_LOOP('',(#1586,#1587,#1588,#1596));
#1586 = ORIENTED_EDGE('',*,*,#1565,.F.);
#1587 = ORIENTED_EDGE('',*,*,#400,.T.);
#1588 = ORIENTED_EDGE('',*,*,#1589,.T.);
#1589 = EDGE_CURVE('',#393,#1590,#1592,.T.);
#1590 = VERTEX_POINT('',#1591);
#1591 = CARTESIAN_POINT('',(29.25,-15.1,12.725));
#1592 = LINE('',#1593,#1594);
#1593 = CARTESIAN_POINT('',(29.25,-15.1,10.9));
#1594 = VECTOR('',#1595,1.);
#1595 = DIRECTION('',(0.,0.,1.));
#1596 = ORIENTED_EDGE('',*,*,#1597,.T.);
#1597 = EDGE_CURVE('',#1590,#1566,#1598,.T.);
#1598 = LINE('',#1599,#1600);
#1599 = CARTESIAN_POINT('',(29.25,-15.1,12.725));
#1600 = VECTOR('',#1601,1.);
#1601 = DIRECTION('',(1.,0.,0.));
#1602 = PLANE('',#1603);
#1603 = AXIS2_PLACEMENT_3D('',#1604,#1605,#1606);
#1604 = CARTESIAN_POINT('',(29.25,-15.1,10.9));
#1605 = DIRECTION('',(0.,1.,0.));
#1606 = DIRECTION('',(0.,0.,1.));
#1607 = ADVANCED_FACE('',(#1608),#1619,.T.);
#1608 = FACE_BOUND('',#1609,.T.);
#1609 = EDGE_LOOP('',(#1610,#1611,#1612,#1613));
#1610 = ORIENTED_EDGE('',*,*,#1541,.F.);
#1611 = ORIENTED_EDGE('',*,*,#392,.T.);
#1612 = ORIENTED_EDGE('',*,*,#1589,.T.);
#1613 = ORIENTED_EDGE('',*,*,#1614,.F.);
#1614 = EDGE_CURVE('',#1542,#1590,#1615,.T.);
#1615 = LINE('',#1616,#1617);
#1616 = CARTESIAN_POINT('',(29.25,-53.,12.725));
#1617 = VECTOR('',#1618,1.);
#1618 = DIRECTION('',(0.,1.,0.));
#1619 = PLANE('',#1620);
#1620 = AXIS2_PLACEMENT_3D('',#1621,#1622,#1623);
#1621 = CARTESIAN_POINT('',(29.25,-53.,10.9));
#1622 = DIRECTION('',(1.,0.,0.));
#1623 = DIRECTION('',(0.,0.,1.));
#1624 = ADVANCED_FACE('',(#1625),#1658,.F.);
#1625 = FACE_BOUND('',#1626,.F.);
#1626 = EDGE_LOOP('',(#1627,#1628,#1636,#1644,#1650,#1651,#1652,#1653,
    #1654,#1655,#1656,#1657));
#1627 = ORIENTED_EDGE('',*,*,#861,.F.);
#1628 = ORIENTED_EDGE('',*,*,#1629,.T.);
#1629 = EDGE_CURVE('',#862,#1630,#1632,.T.);
#1630 = VERTEX_POINT('',#1631);
#1631 = CARTESIAN_POINT('',(26.2,-67.,13.39));
#1632 = LINE('',#1633,#1634);
#1633 = CARTESIAN_POINT('',(26.2,-67.,6.3));
#1634 = VECTOR('',#1635,1.);
#1635 = DIRECTION('',(0.,0.,1.));
#1636 = ORIENTED_EDGE('',*,*,#1637,.T.);
#1637 = EDGE_CURVE('',#1630,#1638,#1640,.T.);
#1638 = VERTEX_POINT('',#1639);
#1639 = CARTESIAN_POINT('',(47.8,-67.,13.39));
#1640 = LINE('',#1641,#1642);
#1641 = CARTESIAN_POINT('',(26.2,-67.,13.39));
#1642 = VECTOR('',#1643,1.);
#1643 = DIRECTION('',(1.,0.,0.));
#1644 = ORIENTED_EDGE('',*,*,#1645,.F.);
#1645 = EDGE_CURVE('',#564,#1638,#1646,.T.);
#1646 = LINE('',#1647,#1648);
#1647 = CARTESIAN_POINT('',(47.8,-67.,6.3));
#1648 = VECTOR('',#1649,1.);
#1649 = DIRECTION('',(0.,0.,1.));
#1650 = ORIENTED_EDGE('',*,*,#572,.F.);
#1651 = ORIENTED_EDGE('',*,*,#608,.F.);
#1652 = ORIENTED_EDGE('',*,*,#632,.F.);
#1653 = ORIENTED_EDGE('',*,*,#649,.T.);
#1654 = ORIENTED_EDGE('',*,*,#683,.F.);
#1655 = ORIENTED_EDGE('',*,*,#774,.F.);
#1656 = ORIENTED_EDGE('',*,*,#820,.F.);
#1657 = ORIENTED_EDGE('',*,*,#836,.T.);
#1658 = PLANE('',#1659);
#1659 = AXIS2_PLACEMENT_3D('',#1660,#1661,#1662);
#1660 = CARTESIAN_POINT('',(26.2,-67.,6.3));
#1661 = DIRECTION('',(0.,1.,0.));
#1662 = DIRECTION('',(1.,0.,0.));
#1663 = ADVANCED_FACE('',(#1664),#1683,.T.);
#1664 = FACE_BOUND('',#1665,.F.);
#1665 = EDGE_LOOP('',(#1666,#1667,#1676,#1682));
#1666 = ORIENTED_EDGE('',*,*,#1645,.T.);
#1667 = ORIENTED_EDGE('',*,*,#1668,.T.);
#1668 = EDGE_CURVE('',#1638,#1669,#1671,.T.);
#1669 = VERTEX_POINT('',#1670);
#1670 = CARTESIAN_POINT('',(49.,-65.8,13.39));
#1671 = CIRCLE('',#1672,1.2);
#1672 = AXIS2_PLACEMENT_3D('',#1673,#1674,#1675);
#1673 = CARTESIAN_POINT('',(47.8,-65.8,13.39));
#1674 = DIRECTION('',(-0.,0.,1.));
#1675 = DIRECTION('',(5.92E-15,-1.,0.));
#1676 = ORIENTED_EDGE('',*,*,#1677,.F.);
#1677 = EDGE_CURVE('',#556,#1669,#1678,.T.);
#1678 = LINE('',#1679,#1680);
#1679 = CARTESIAN_POINT('',(49.,-65.8,6.3));
#1680 = VECTOR('',#1681,1.);
#1681 = DIRECTION('',(0.,0.,1.));
#1682 = ORIENTED_EDGE('',*,*,#563,.F.);
#1683 = CYLINDRICAL_SURFACE('',#1684,1.2);
#1684 = AXIS2_PLACEMENT_3D('',#1685,#1686,#1687);
#1685 = CARTESIAN_POINT('',(47.8,-65.8,6.3));
#1686 = DIRECTION('',(0.,0.,-1.));
#1687 = DIRECTION('',(5.92E-15,-1.,0.));
#1688 = ADVANCED_FACE('',(#1689),#1707,.F.);
#1689 = FACE_BOUND('',#1690,.F.);
#1690 = EDGE_LOOP('',(#1691,#1692,#1700,#1706));
#1691 = ORIENTED_EDGE('',*,*,#1677,.T.);
#1692 = ORIENTED_EDGE('',*,*,#1693,.T.);
#1693 = EDGE_CURVE('',#1669,#1694,#1696,.T.);
#1694 = VERTEX_POINT('',#1695);
#1695 = CARTESIAN_POINT('',(49.,-12.2,13.39));
#1696 = LINE('',#1697,#1698);
#1697 = CARTESIAN_POINT('',(49.,-65.8,13.39));
#1698 = VECTOR('',#1699,1.);
#1699 = DIRECTION('',(0.,1.,0.));
#1700 = ORIENTED_EDGE('',*,*,#1701,.F.);
#1701 = EDGE_CURVE('',#547,#1694,#1702,.T.);
#1702 = LINE('',#1703,#1704);
#1703 = CARTESIAN_POINT('',(49.,-12.2,6.3));
#1704 = VECTOR('',#1705,1.);
#1705 = DIRECTION('',(0.,0.,1.));
#1706 = ORIENTED_EDGE('',*,*,#555,.F.);
#1707 = PLANE('',#1708);
#1708 = AXIS2_PLACEMENT_3D('',#1709,#1710,#1711);
#1709 = CARTESIAN_POINT('',(49.,-65.8,6.3));
#1710 = DIRECTION('',(-1.,0.,0.));
#1711 = DIRECTION('',(0.,1.,0.));
#1712 = ADVANCED_FACE('',(#1713),#1732,.T.);
#1713 = FACE_BOUND('',#1714,.F.);
#1714 = EDGE_LOOP('',(#1715,#1716,#1725,#1731));
#1715 = ORIENTED_EDGE('',*,*,#1701,.T.);
#1716 = ORIENTED_EDGE('',*,*,#1717,.T.);
#1717 = EDGE_CURVE('',#1694,#1718,#1720,.T.);
#1718 = VERTEX_POINT('',#1719);
#1719 = CARTESIAN_POINT('',(47.8,-11.,13.39));
#1720 = CIRCLE('',#1721,1.2);
#1721 = AXIS2_PLACEMENT_3D('',#1722,#1723,#1724);
#1722 = CARTESIAN_POINT('',(47.8,-12.2,13.39));
#1723 = DIRECTION('',(0.,-0.,1.));
#1724 = DIRECTION('',(1.,7.4E-15,0.));
#1725 = ORIENTED_EDGE('',*,*,#1726,.F.);
#1726 = EDGE_CURVE('',#539,#1718,#1727,.T.);
#1727 = LINE('',#1728,#1729);
#1728 = CARTESIAN_POINT('',(47.8,-11.,6.3));
#1729 = VECTOR('',#1730,1.);
#1730 = DIRECTION('',(0.,0.,1.));
#1731 = ORIENTED_EDGE('',*,*,#546,.F.);
#1732 = CYLINDRICAL_SURFACE('',#1733,1.2);
#1733 = AXIS2_PLACEMENT_3D('',#1734,#1735,#1736);
#1734 = CARTESIAN_POINT('',(47.8,-12.2,6.3));
#1735 = DIRECTION('',(0.,0.,-1.));
#1736 = DIRECTION('',(1.,7.4E-15,0.));
#1737 = ADVANCED_FACE('',(#1738),#1788,.F.);
#1738 = FACE_BOUND('',#1739,.F.);
#1739 = EDGE_LOOP('',(#1740,#1741,#1742,#1750,#1758,#1766,#1774,#1782));
#1740 = ORIENTED_EDGE('',*,*,#538,.F.);
#1741 = ORIENTED_EDGE('',*,*,#1726,.T.);
#1742 = ORIENTED_EDGE('',*,*,#1743,.T.);
#1743 = EDGE_CURVE('',#1718,#1744,#1746,.T.);
#1744 = VERTEX_POINT('',#1745);
#1745 = CARTESIAN_POINT('',(27.4,-11.,13.39));
#1746 = LINE('',#1747,#1748);
#1747 = CARTESIAN_POINT('',(47.8,-11.,13.39));
#1748 = VECTOR('',#1749,1.);
#1749 = DIRECTION('',(-1.,0.,0.));
#1750 = ORIENTED_EDGE('',*,*,#1751,.F.);
#1751 = EDGE_CURVE('',#1752,#1744,#1754,.T.);
#1752 = VERTEX_POINT('',#1753);
#1753 = CARTESIAN_POINT('',(27.4,-11.,6.3));
#1754 = LINE('',#1755,#1756);
#1755 = CARTESIAN_POINT('',(27.4,-11.,6.3));
#1756 = VECTOR('',#1757,1.);
#1757 = DIRECTION('',(0.,0.,1.));
#1758 = ORIENTED_EDGE('',*,*,#1759,.F.);
#1759 = EDGE_CURVE('',#1760,#1752,#1762,.T.);
#1760 = VERTEX_POINT('',#1761);
#1761 = CARTESIAN_POINT('',(30.7,-11.,6.3));
#1762 = LINE('',#1763,#1764);
#1763 = CARTESIAN_POINT('',(47.8,-11.,6.3));
#1764 = VECTOR('',#1765,1.);
#1765 = DIRECTION('',(-1.,0.,0.));
#1766 = ORIENTED_EDGE('',*,*,#1767,.T.);
#1767 = EDGE_CURVE('',#1760,#1768,#1770,.T.);
#1768 = VERTEX_POINT('',#1769);
#1769 = CARTESIAN_POINT('',(30.7,-11.,11.8));
#1770 = LINE('',#1771,#1772);
#1771 = CARTESIAN_POINT('',(30.7,-11.,6.25));
#1772 = VECTOR('',#1773,1.);
#1773 = DIRECTION('',(0.,0.,1.));
#1774 = ORIENTED_EDGE('',*,*,#1775,.F.);
#1775 = EDGE_CURVE('',#1776,#1768,#1778,.T.);
#1776 = VERTEX_POINT('',#1777);
#1777 = CARTESIAN_POINT('',(43.7,-11.,11.8));
#1778 = LINE('',#1779,#1780);
#1779 = CARTESIAN_POINT('',(39.25,-11.,11.8));
#1780 = VECTOR('',#1781,1.);
#1781 = DIRECTION('',(-1.,0.,0.));
#1782 = ORIENTED_EDGE('',*,*,#1783,.F.);
#1783 = EDGE_CURVE('',#531,#1776,#1784,.T.);
#1784 = LINE('',#1785,#1786);
#1785 = CARTESIAN_POINT('',(43.7,-11.,6.25));
#1786 = VECTOR('',#1787,1.);
#1787 = DIRECTION('',(0.,0.,1.));
#1788 = PLANE('',#1789);
#1789 = AXIS2_PLACEMENT_3D('',#1790,#1791,#1792);
#1790 = CARTESIAN_POINT('',(47.8,-11.,6.3));
#1791 = DIRECTION('',(0.,-1.,0.));
#1792 = DIRECTION('',(-1.,0.,0.));
#1793 = ADVANCED_FACE('',(#1794),#1812,.F.);
#1794 = FACE_BOUND('',#1795,.F.);
#1795 = EDGE_LOOP('',(#1796,#1804,#1810,#1811));
#1796 = ORIENTED_EDGE('',*,*,#1797,.F.);
#1797 = EDGE_CURVE('',#1798,#1776,#1800,.T.);
#1798 = VERTEX_POINT('',#1799);
#1799 = CARTESIAN_POINT('',(43.7,-11.4,11.8));
#1800 = LINE('',#1801,#1802);
#1801 = CARTESIAN_POINT('',(43.7,-20.,11.8));
#1802 = VECTOR('',#1803,1.);
#1803 = DIRECTION('',(0.,1.,0.));
#1804 = ORIENTED_EDGE('',*,*,#1805,.F.);
#1805 = EDGE_CURVE('',#523,#1798,#1806,.T.);
#1806 = LINE('',#1807,#1808);
#1807 = CARTESIAN_POINT('',(43.7,-11.4,5.9));
#1808 = VECTOR('',#1809,1.);
#1809 = DIRECTION('',(0.,0.,1.));
#1810 = ORIENTED_EDGE('',*,*,#530,.T.);
#1811 = ORIENTED_EDGE('',*,*,#1783,.T.);
#1812 = PLANE('',#1813);
#1813 = AXIS2_PLACEMENT_3D('',#1814,#1815,#1816);
#1814 = CARTESIAN_POINT('',(43.7,-20.,6.2));
#1815 = DIRECTION('',(1.,0.,0.));
#1816 = DIRECTION('',(0.,0.,1.));
#1817 = ADVANCED_FACE('',(#1818),#1868,.F.);
#1818 = FACE_BOUND('',#1819,.F.);
#1819 = EDGE_LOOP('',(#1820,#1828,#1829,#1830,#1838,#1846,#1854,#1862));
#1820 = ORIENTED_EDGE('',*,*,#1821,.F.);
#1821 = EDGE_CURVE('',#515,#1822,#1824,.T.);
#1822 = VERTEX_POINT('',#1823);
#1823 = CARTESIAN_POINT('',(47.,-11.4,12.1));
#1824 = LINE('',#1825,#1826);
#1825 = CARTESIAN_POINT('',(47.,-11.4,5.6));
#1826 = VECTOR('',#1827,1.);
#1827 = DIRECTION('',(0.,0.,1.));
#1828 = ORIENTED_EDGE('',*,*,#522,.T.);
#1829 = ORIENTED_EDGE('',*,*,#1805,.T.);
#1830 = ORIENTED_EDGE('',*,*,#1831,.T.);
#1831 = EDGE_CURVE('',#1798,#1832,#1834,.T.);
#1832 = VERTEX_POINT('',#1833);
#1833 = CARTESIAN_POINT('',(30.7,-11.4,11.8));
#1834 = LINE('',#1835,#1836);
#1835 = CARTESIAN_POINT('',(29.05,-11.4,11.8));
#1836 = VECTOR('',#1837,1.);
#1837 = DIRECTION('',(-1.,0.,0.));
#1838 = ORIENTED_EDGE('',*,*,#1839,.F.);
#1839 = EDGE_CURVE('',#1840,#1832,#1842,.T.);
#1840 = VERTEX_POINT('',#1841);
#1841 = CARTESIAN_POINT('',(30.7,-11.4,6.3));
#1842 = LINE('',#1843,#1844);
#1843 = CARTESIAN_POINT('',(30.7,-11.4,5.9));
#1844 = VECTOR('',#1845,1.);
#1845 = DIRECTION('',(0.,0.,1.));
#1846 = ORIENTED_EDGE('',*,*,#1847,.T.);
#1847 = EDGE_CURVE('',#1840,#1848,#1850,.T.);
#1848 = VERTEX_POINT('',#1849);
#1849 = CARTESIAN_POINT('',(27.4,-11.4,6.3));
#1850 = LINE('',#1851,#1852);
#1851 = CARTESIAN_POINT('',(32.221656284918,-11.4,6.3));
#1852 = VECTOR('',#1853,1.);
#1853 = DIRECTION('',(-1.,0.,0.));
#1854 = ORIENTED_EDGE('',*,*,#1855,.T.);
#1855 = EDGE_CURVE('',#1848,#1856,#1858,.T.);
#1856 = VERTEX_POINT('',#1857);
#1857 = CARTESIAN_POINT('',(27.4,-11.4,12.1));
#1858 = LINE('',#1859,#1860);
#1859 = CARTESIAN_POINT('',(27.4,-11.4,5.6));
#1860 = VECTOR('',#1861,1.);
#1861 = DIRECTION('',(0.,0.,1.));
#1862 = ORIENTED_EDGE('',*,*,#1863,.T.);
#1863 = EDGE_CURVE('',#1856,#1822,#1864,.T.);
#1864 = LINE('',#1865,#1866);
#1865 = CARTESIAN_POINT('',(27.4,-11.4,12.1));
#1866 = VECTOR('',#1867,1.);
#1867 = DIRECTION('',(1.,0.,0.));
#1868 = PLANE('',#1869);
#1869 = AXIS2_PLACEMENT_3D('',#1870,#1871,#1872);
#1870 = CARTESIAN_POINT('',(27.4,-11.4,5.6));
#1871 = DIRECTION('',(0.,1.,0.));
#1872 = DIRECTION('',(0.,0.,1.));
#1873 = ADVANCED_FACE('',(#1874),#1885,.F.);
#1874 = FACE_BOUND('',#1875,.F.);
#1875 = EDGE_LOOP('',(#1876,#1882,#1883,#1884));
#1876 = ORIENTED_EDGE('',*,*,#1877,.F.);
#1877 = EDGE_CURVE('',#1028,#1822,#1878,.T.);
#1878 = LINE('',#1879,#1880);
#1879 = CARTESIAN_POINT('',(47.,-48.1,12.1));
#1880 = VECTOR('',#1881,1.);
#1881 = DIRECTION('',(0.,1.,0.));
#1882 = ORIENTED_EDGE('',*,*,#1027,.T.);
#1883 = ORIENTED_EDGE('',*,*,#514,.T.);
#1884 = ORIENTED_EDGE('',*,*,#1821,.T.);
#1885 = PLANE('',#1886);
#1886 = AXIS2_PLACEMENT_3D('',#1887,#1888,#1889);
#1887 = CARTESIAN_POINT('',(47.,-48.1,5.6));
#1888 = DIRECTION('',(1.,0.,0.));
#1889 = DIRECTION('',(0.,0.,1.));
#1890 = ADVANCED_FACE('',(#1891),#1903,.T.);
#1891 = FACE_BOUND('',#1892,.F.);
#1892 = EDGE_LOOP('',(#1893,#1894,#1895,#1902));
#1893 = ORIENTED_EDGE('',*,*,#473,.F.);
#1894 = ORIENTED_EDGE('',*,*,#957,.F.);
#1895 = ORIENTED_EDGE('',*,*,#1896,.T.);
#1896 = EDGE_CURVE('',#950,#942,#1897,.T.);
#1897 = CIRCLE('',#1898,1.85);
#1898 = AXIS2_PLACEMENT_3D('',#1899,#1900,#1901);
#1899 = CARTESIAN_POINT('',(47.,-52.8,11.6));
#1900 = DIRECTION('',(0.,0.,1.));
#1901 = DIRECTION('',(1.,0.,0.));
#1902 = ORIENTED_EDGE('',*,*,#941,.T.);
#1903 = CYLINDRICAL_SURFACE('',#1904,1.85);
#1904 = AXIS2_PLACEMENT_3D('',#1905,#1906,#1907);
#1905 = CARTESIAN_POINT('',(47.,-52.8,6.3));
#1906 = DIRECTION('',(-0.,-0.,-1.));
#1907 = DIRECTION('',(1.,0.,0.));
#1908 = ADVANCED_FACE('',(#1909),#1928,.F.);
#1909 = FACE_BOUND('',#1910,.T.);
#1910 = EDGE_LOOP('',(#1911,#1912,#1920,#1927));
#1911 = ORIENTED_EDGE('',*,*,#580,.T.);
#1912 = ORIENTED_EDGE('',*,*,#1913,.T.);
#1913 = EDGE_CURVE('',#581,#1914,#1916,.T.);
#1914 = VERTEX_POINT('',#1915);
#1915 = CARTESIAN_POINT('',(48.6,-52.8,6.8));
#1916 = LINE('',#1917,#1918);
#1917 = CARTESIAN_POINT('',(48.6,-52.8,6.2));
#1918 = VECTOR('',#1919,1.);
#1919 = DIRECTION('',(0.,0.,1.));
#1920 = ORIENTED_EDGE('',*,*,#1921,.T.);
#1921 = EDGE_CURVE('',#1914,#1914,#1922,.T.);
#1922 = CIRCLE('',#1923,1.6);
#1923 = AXIS2_PLACEMENT_3D('',#1924,#1925,#1926);
#1924 = CARTESIAN_POINT('',(47.,-52.8,6.8));
#1925 = DIRECTION('',(0.,0.,1.));
#1926 = DIRECTION('',(1.,0.,0.));
#1927 = ORIENTED_EDGE('',*,*,#1913,.F.);
#1928 = CYLINDRICAL_SURFACE('',#1929,1.6);
#1929 = AXIS2_PLACEMENT_3D('',#1930,#1931,#1932);
#1930 = CARTESIAN_POINT('',(47.,-52.8,6.2));
#1931 = DIRECTION('',(-0.,-0.,-1.));
#1932 = DIRECTION('',(1.,0.,0.));
#1933 = ADVANCED_FACE('',(#1934),#1953,.F.);
#1934 = FACE_BOUND('',#1935,.T.);
#1935 = EDGE_LOOP('',(#1936,#1937,#1945,#1952));
#1936 = ORIENTED_EDGE('',*,*,#717,.T.);
#1937 = ORIENTED_EDGE('',*,*,#1938,.T.);
#1938 = EDGE_CURVE('',#718,#1939,#1941,.T.);
#1939 = VERTEX_POINT('',#1940);
#1940 = CARTESIAN_POINT('',(38.8,-64.7,6.8));
#1941 = LINE('',#1942,#1943);
#1942 = CARTESIAN_POINT('',(38.8,-64.7,6.2));
#1943 = VECTOR('',#1944,1.);
#1944 = DIRECTION('',(0.,0.,1.));
#1945 = ORIENTED_EDGE('',*,*,#1946,.T.);
#1946 = EDGE_CURVE('',#1939,#1939,#1947,.T.);
#1947 = CIRCLE('',#1948,1.6);
#1948 = AXIS2_PLACEMENT_3D('',#1949,#1950,#1951);
#1949 = CARTESIAN_POINT('',(37.2,-64.7,6.8));
#1950 = DIRECTION('',(0.,0.,1.));
#1951 = DIRECTION('',(1.,0.,0.));
#1952 = ORIENTED_EDGE('',*,*,#1938,.F.);
#1953 = CYLINDRICAL_SURFACE('',#1954,1.6);
#1954 = AXIS2_PLACEMENT_3D('',#1955,#1956,#1957);
#1955 = CARTESIAN_POINT('',(37.2,-64.7,6.2));
#1956 = DIRECTION('',(-0.,-0.,-1.));
#1957 = DIRECTION('',(1.,0.,0.));
#1958 = ADVANCED_FACE('',(#1959),#1977,.T.);
#1959 = FACE_BOUND('',#1960,.T.);
#1960 = EDGE_LOOP('',(#1961,#1969,#1970,#1971));
#1961 = ORIENTED_EDGE('',*,*,#1962,.T.);
#1962 = EDGE_CURVE('',#1963,#1203,#1965,.T.);
#1963 = VERTEX_POINT('',#1964);
#1964 = CARTESIAN_POINT('',(25.,-63.9,9.2));
#1965 = LINE('',#1966,#1967);
#1966 = CARTESIAN_POINT('',(20.,-63.9,9.2));
#1967 = VECTOR('',#1968,1.);
#1968 = DIRECTION('',(1.,0.,0.));
#1969 = ORIENTED_EDGE('',*,*,#1210,.T.);
#1970 = ORIENTED_EDGE('',*,*,#886,.T.);
#1971 = ORIENTED_EDGE('',*,*,#1972,.T.);
#1972 = EDGE_CURVE('',#879,#1963,#1973,.T.);
#1973 = LINE('',#1974,#1975);
#1974 = CARTESIAN_POINT('',(25.,-63.9,5.7));
#1975 = VECTOR('',#1976,1.);
#1976 = DIRECTION('',(0.,0.,1.));
#1977 = PLANE('',#1978);
#1978 = AXIS2_PLACEMENT_3D('',#1979,#1980,#1981);
#1979 = CARTESIAN_POINT('',(20.,-63.9,5.1));
#1980 = DIRECTION('',(0.,1.,0.));
#1981 = DIRECTION('',(0.,0.,1.));
#1982 = ADVANCED_FACE('',(#1983),#2033,.F.);
#1983 = FACE_BOUND('',#1984,.F.);
#1984 = EDGE_LOOP('',(#1985,#1995,#2003,#2011,#2017,#2018,#2019,#2027));
#1985 = ORIENTED_EDGE('',*,*,#1986,.F.);
#1986 = EDGE_CURVE('',#1987,#1989,#1991,.T.);
#1987 = VERTEX_POINT('',#1988);
#1988 = CARTESIAN_POINT('',(25.,-13.4,6.3));
#1989 = VERTEX_POINT('',#1990);
#1990 = CARTESIAN_POINT('',(25.,-55.4,6.3));
#1991 = LINE('',#1992,#1993);
#1992 = CARTESIAN_POINT('',(25.,-13.4,6.3));
#1993 = VECTOR('',#1994,1.);
#1994 = DIRECTION('',(0.,-1.,0.));
#1995 = ORIENTED_EDGE('',*,*,#1996,.T.);
#1996 = EDGE_CURVE('',#1987,#1997,#1999,.T.);
#1997 = VERTEX_POINT('',#1998);
#1998 = CARTESIAN_POINT('',(25.,-13.4,13.39));
#1999 = LINE('',#2000,#2001);
#2000 = CARTESIAN_POINT('',(25.,-13.4,6.3));
#2001 = VECTOR('',#2002,1.);
#2002 = DIRECTION('',(0.,0.,1.));
#2003 = ORIENTED_EDGE('',*,*,#2004,.T.);
#2004 = EDGE_CURVE('',#1997,#2005,#2007,.T.);
#2005 = VERTEX_POINT('',#2006);
#2006 = CARTESIAN_POINT('',(25.,-65.8,13.39));
#2007 = LINE('',#2008,#2009);
#2008 = CARTESIAN_POINT('',(25.,-13.4,13.39));
#2009 = VECTOR('',#2010,1.);
#2010 = DIRECTION('',(0.,-1.,0.));
#2011 = ORIENTED_EDGE('',*,*,#2012,.F.);
#2012 = EDGE_CURVE('',#870,#2005,#2013,.T.);
#2013 = LINE('',#2014,#2015);
#2014 = CARTESIAN_POINT('',(25.,-65.8,6.3));
#2015 = VECTOR('',#2016,1.);
#2016 = DIRECTION('',(0.,0.,1.));
#2017 = ORIENTED_EDGE('',*,*,#878,.F.);
#2018 = ORIENTED_EDGE('',*,*,#1972,.T.);
#2019 = ORIENTED_EDGE('',*,*,#2020,.F.);
#2020 = EDGE_CURVE('',#2021,#1963,#2023,.T.);
#2021 = VERTEX_POINT('',#2022);
#2022 = CARTESIAN_POINT('',(25.,-55.4,9.2));
#2023 = LINE('',#2024,#2025);
#2024 = CARTESIAN_POINT('',(25.,-38.65,9.2));
#2025 = VECTOR('',#2026,1.);
#2026 = DIRECTION('',(0.,-1.,0.));
#2027 = ORIENTED_EDGE('',*,*,#2028,.F.);
#2028 = EDGE_CURVE('',#1989,#2021,#2029,.T.);
#2029 = LINE('',#2030,#2031);
#2030 = CARTESIAN_POINT('',(25.,-55.4,5.7));
#2031 = VECTOR('',#2032,1.);
#2032 = DIRECTION('',(0.,0.,1.));
#2033 = PLANE('',#2034);
#2034 = AXIS2_PLACEMENT_3D('',#2035,#2036,#2037);
#2035 = CARTESIAN_POINT('',(25.,-13.4,6.3));
#2036 = DIRECTION('',(1.,0.,0.));
#2037 = DIRECTION('',(0.,-1.,0.));
#2038 = ADVANCED_FACE('',(#2039),#2051,.T.);
#2039 = FACE_BOUND('',#2040,.F.);
#2040 = EDGE_LOOP('',(#2041,#2042,#2049,#2050));
#2041 = ORIENTED_EDGE('',*,*,#2012,.T.);
#2042 = ORIENTED_EDGE('',*,*,#2043,.T.);
#2043 = EDGE_CURVE('',#2005,#1630,#2044,.T.);
#2044 = CIRCLE('',#2045,1.2);
#2045 = AXIS2_PLACEMENT_3D('',#2046,#2047,#2048);
#2046 = CARTESIAN_POINT('',(26.2,-65.8,13.39));
#2047 = DIRECTION('',(0.,0.,1.));
#2048 = DIRECTION('',(-1.,3.553E-14,0.));
#2049 = ORIENTED_EDGE('',*,*,#1629,.F.);
#2050 = ORIENTED_EDGE('',*,*,#869,.F.);
#2051 = CYLINDRICAL_SURFACE('',#2052,1.2);
#2052 = AXIS2_PLACEMENT_3D('',#2053,#2054,#2055);
#2053 = CARTESIAN_POINT('',(26.2,-65.8,6.3));
#2054 = DIRECTION('',(-0.,-0.,-1.));
#2055 = DIRECTION('',(-1.,3.553E-14,0.));
#2056 = ADVANCED_FACE('',(#2057),#2061,.T.);
#2057 = FACE_BOUND('',#2058,.T.);
#2058 = EDGE_LOOP('',(#2059,#2060));
#2059 = ORIENTED_EDGE('',*,*,#949,.F.);
#2060 = ORIENTED_EDGE('',*,*,#1896,.T.);
#2061 = PLANE('',#2062);
#2062 = AXIS2_PLACEMENT_3D('',#2063,#2064,#2065);
#2063 = CARTESIAN_POINT('',(47.,-52.8,11.6));
#2064 = DIRECTION('',(0.,0.,1.));
#2065 = DIRECTION('',(1.,0.,0.));
#2066 = ADVANCED_FACE('',(#2067),#2079,.F.);
#2067 = FACE_BOUND('',#2068,.F.);
#2068 = EDGE_LOOP('',(#2069,#2075,#2076,#2077,#2078));
#2069 = ORIENTED_EDGE('',*,*,#2070,.F.);
#2070 = EDGE_CURVE('',#1059,#1856,#2071,.T.);
#2071 = LINE('',#2072,#2073);
#2072 = CARTESIAN_POINT('',(27.4,-48.1,12.1));
#2073 = VECTOR('',#2074,1.);
#2074 = DIRECTION('',(0.,1.,0.));
#2075 = ORIENTED_EDGE('',*,*,#1084,.T.);
#2076 = ORIENTED_EDGE('',*,*,#1035,.T.);
#2077 = ORIENTED_EDGE('',*,*,#1877,.T.);
#2078 = ORIENTED_EDGE('',*,*,#1863,.F.);
#2079 = PLANE('',#2080);
#2080 = AXIS2_PLACEMENT_3D('',#2081,#2082,#2083);
#2081 = CARTESIAN_POINT('',(27.4,-48.1,12.1));
#2082 = DIRECTION('',(0.,0.,1.));
#2083 = DIRECTION('',(1.,0.,0.));
#2084 = ADVANCED_FACE('',(#2085),#2096,.T.);
#2085 = FACE_BOUND('',#2086,.T.);
#2086 = EDGE_LOOP('',(#2087,#2088,#2089,#2095));
#2087 = ORIENTED_EDGE('',*,*,#2070,.F.);
#2088 = ORIENTED_EDGE('',*,*,#1058,.T.);
#2089 = ORIENTED_EDGE('',*,*,#2090,.T.);
#2090 = EDGE_CURVE('',#1061,#1848,#2091,.T.);
#2091 = LINE('',#2092,#2093);
#2092 = CARTESIAN_POINT('',(27.4,-43.59893884022,6.3));
#2093 = VECTOR('',#2094,1.);
#2094 = DIRECTION('',(0.,1.,0.));
#2095 = ORIENTED_EDGE('',*,*,#1855,.T.);
#2096 = PLANE('',#2097);
#2097 = AXIS2_PLACEMENT_3D('',#2098,#2099,#2100);
#2098 = CARTESIAN_POINT('',(27.4,-48.1,5.6));
#2099 = DIRECTION('',(1.,0.,0.));
#2100 = DIRECTION('',(0.,0.,1.));
#2101 = ADVANCED_FACE('',(#2102,#2161),#2172,.T.);
#2102 = FACE_BOUND('',#2103,.T.);
#2103 = EDGE_LOOP('',(#2104,#2113,#2114,#2120,#2121,#2128,#2129,#2135,
    #2136,#2137,#2138,#2139,#2140,#2141,#2142,#2143,#2144,#2145,#2146,
    #2147,#2148,#2149,#2150,#2151,#2152,#2153,#2154));
#2104 = ORIENTED_EDGE('',*,*,#2105,.F.);
#2105 = EDGE_CURVE('',#1179,#2106,#2108,.T.);
#2106 = VERTEX_POINT('',#2107);
#2107 = CARTESIAN_POINT('',(28.85,-52.8,6.3));
#2108 = CIRCLE('',#2109,1.85);
#2109 = AXIS2_PLACEMENT_3D('',#2110,#2111,#2112);
#2110 = CARTESIAN_POINT('',(27.,-52.8,6.3));
#2111 = DIRECTION('',(0.,0.,1.));
#2112 = DIRECTION('',(1.,0.,0.));
#2113 = ORIENTED_EDGE('',*,*,#1186,.T.);
#2114 = ORIENTED_EDGE('',*,*,#2115,.T.);
#2115 = EDGE_CURVE('',#1187,#1989,#2116,.T.);
#2116 = LINE('',#2117,#2118);
#2117 = CARTESIAN_POINT('',(28.521656284918,-55.4,6.3));
#2118 = VECTOR('',#2119,1.);
#2119 = DIRECTION('',(-1.,0.,0.));
#2120 = ORIENTED_EDGE('',*,*,#1986,.F.);
#2121 = ORIENTED_EDGE('',*,*,#2122,.F.);
#2122 = EDGE_CURVE('',#1752,#1987,#2123,.T.);
#2123 = CIRCLE('',#2124,2.4);
#2124 = AXIS2_PLACEMENT_3D('',#2125,#2126,#2127);
#2125 = CARTESIAN_POINT('',(27.4,-13.4,6.3));
#2126 = DIRECTION('',(0.,0.,1.));
#2127 = DIRECTION('',(-5.92E-15,1.,0.));
#2128 = ORIENTED_EDGE('',*,*,#1759,.F.);
#2129 = ORIENTED_EDGE('',*,*,#2130,.F.);
#2130 = EDGE_CURVE('',#1840,#1760,#2131,.T.);
#2131 = LINE('',#2132,#2133);
#2132 = CARTESIAN_POINT('',(30.7,-29.54893884022,6.3));
#2133 = VECTOR('',#2134,1.);
#2134 = DIRECTION('',(0.,1.,0.));
#2135 = ORIENTED_EDGE('',*,*,#1847,.T.);
#2136 = ORIENTED_EDGE('',*,*,#2090,.F.);
#2137 = ORIENTED_EDGE('',*,*,#1068,.T.);
#2138 = ORIENTED_EDGE('',*,*,#1098,.T.);
#2139 = ORIENTED_EDGE('',*,*,#1122,.T.);
#2140 = ORIENTED_EDGE('',*,*,#1227,.T.);
#2141 = ORIENTED_EDGE('',*,*,#1275,.T.);
#2142 = ORIENTED_EDGE('',*,*,#1323,.T.);
#2143 = ORIENTED_EDGE('',*,*,#1371,.T.);
#2144 = ORIENTED_EDGE('',*,*,#1419,.T.);
#2145 = ORIENTED_EDGE('',*,*,#1467,.T.);
#2146 = ORIENTED_EDGE('',*,*,#1515,.T.);
#2147 = ORIENTED_EDGE('',*,*,#1491,.T.);
#2148 = ORIENTED_EDGE('',*,*,#1443,.T.);
#2149 = ORIENTED_EDGE('',*,*,#1395,.T.);
#2150 = ORIENTED_EDGE('',*,*,#1347,.T.);
#2151 = ORIENTED_EDGE('',*,*,#1299,.T.);
#2152 = ORIENTED_EDGE('',*,*,#1251,.T.);
#2153 = ORIENTED_EDGE('',*,*,#1154,.T.);
#2154 = ORIENTED_EDGE('',*,*,#2155,.F.);
#2155 = EDGE_CURVE('',#2106,#1155,#2156,.T.);
#2156 = CIRCLE('',#2157,1.85);
#2157 = AXIS2_PLACEMENT_3D('',#2158,#2159,#2160);
#2158 = CARTESIAN_POINT('',(27.,-52.8,6.3));
#2159 = DIRECTION('',(0.,0.,1.));
#2160 = DIRECTION('',(1.,0.,0.));
#2161 = FACE_BOUND('',#2162,.T.);
#2162 = EDGE_LOOP('',(#2163));
#2163 = ORIENTED_EDGE('',*,*,#2164,.F.);
#2164 = EDGE_CURVE('',#2165,#2165,#2167,.T.);
#2165 = VERTEX_POINT('',#2166);
#2166 = CARTESIAN_POINT('',(28.6,-52.8,6.3));
#2167 = CIRCLE('',#2168,1.6);
#2168 = AXIS2_PLACEMENT_3D('',#2169,#2170,#2171);
#2169 = CARTESIAN_POINT('',(27.,-52.8,6.3));
#2170 = DIRECTION('',(0.,0.,-1.));
#2171 = DIRECTION('',(1.,0.,0.));
#2172 = PLANE('',#2173);
#2173 = AXIS2_PLACEMENT_3D('',#2174,#2175,#2176);
#2174 = CARTESIAN_POINT('',(26.023308360703,-32.38563708432,6.3));
#2175 = DIRECTION('',(-0.,-0.,-1.));
#2176 = DIRECTION('',(-1.,0.,0.));
#2177 = ADVANCED_FACE('',(#2178),#2189,.F.);
#2178 = FACE_BOUND('',#2179,.F.);
#2179 = EDGE_LOOP('',(#2180,#2186,#2187,#2188));
#2180 = ORIENTED_EDGE('',*,*,#2181,.F.);
#2181 = EDGE_CURVE('',#2021,#1195,#2182,.T.);
#2182 = LINE('',#2183,#2184);
#2183 = CARTESIAN_POINT('',(20.,-55.4,9.2));
#2184 = VECTOR('',#2185,1.);
#2185 = DIRECTION('',(1.,0.,0.));
#2186 = ORIENTED_EDGE('',*,*,#2020,.T.);
#2187 = ORIENTED_EDGE('',*,*,#1962,.T.);
#2188 = ORIENTED_EDGE('',*,*,#1202,.T.);
#2189 = PLANE('',#2190);
#2190 = AXIS2_PLACEMENT_3D('',#2191,#2192,#2193);
#2191 = CARTESIAN_POINT('',(20.,-63.9,9.2));
#2192 = DIRECTION('',(0.,0.,1.));
#2193 = DIRECTION('',(1.,0.,0.));
#2194 = ADVANCED_FACE('',(#2195),#2201,.F.);
#2195 = FACE_BOUND('',#2196,.F.);
#2196 = EDGE_LOOP('',(#2197,#2198,#2199,#2200));
#2197 = ORIENTED_EDGE('',*,*,#2181,.T.);
#2198 = ORIENTED_EDGE('',*,*,#1194,.T.);
#2199 = ORIENTED_EDGE('',*,*,#2115,.T.);
#2200 = ORIENTED_EDGE('',*,*,#2028,.T.);
#2201 = PLANE('',#2202);
#2202 = AXIS2_PLACEMENT_3D('',#2203,#2204,#2205);
#2203 = CARTESIAN_POINT('',(20.,-55.4,5.1));
#2204 = DIRECTION('',(0.,1.,0.));
#2205 = DIRECTION('',(0.,0.,1.));
#2206 = ADVANCED_FACE('',(#2207),#2229,.T.);
#2207 = FACE_BOUND('',#2208,.F.);
#2208 = EDGE_LOOP('',(#2209,#2210,#2219,#2226,#2227,#2228));
#2209 = ORIENTED_EDGE('',*,*,#1178,.F.);
#2210 = ORIENTED_EDGE('',*,*,#2211,.T.);
#2211 = EDGE_CURVE('',#1171,#2212,#2214,.T.);
#2212 = VERTEX_POINT('',#2213);
#2213 = CARTESIAN_POINT('',(28.85,-52.8,11.6));
#2214 = CIRCLE('',#2215,1.85);
#2215 = AXIS2_PLACEMENT_3D('',#2216,#2217,#2218);
#2216 = CARTESIAN_POINT('',(27.,-52.8,11.6));
#2217 = DIRECTION('',(0.,0.,1.));
#2218 = DIRECTION('',(1.,0.,0.));
#2219 = ORIENTED_EDGE('',*,*,#2220,.T.);
#2220 = EDGE_CURVE('',#2212,#1163,#2221,.T.);
#2221 = CIRCLE('',#2222,1.85);
#2222 = AXIS2_PLACEMENT_3D('',#2223,#2224,#2225);
#2223 = CARTESIAN_POINT('',(27.,-52.8,11.6));
#2224 = DIRECTION('',(0.,0.,1.));
#2225 = DIRECTION('',(1.,0.,0.));
#2226 = ORIENTED_EDGE('',*,*,#1162,.T.);
#2227 = ORIENTED_EDGE('',*,*,#2155,.F.);
#2228 = ORIENTED_EDGE('',*,*,#2105,.F.);
#2229 = CYLINDRICAL_SURFACE('',#2230,1.85);
#2230 = AXIS2_PLACEMENT_3D('',#2231,#2232,#2233);
#2231 = CARTESIAN_POINT('',(27.,-52.8,6.3));
#2232 = DIRECTION('',(-0.,-0.,-1.));
#2233 = DIRECTION('',(1.,0.,0.));
#2234 = ADVANCED_FACE('',(#2235),#2240,.T.);
#2235 = FACE_BOUND('',#2236,.T.);
#2236 = EDGE_LOOP('',(#2237,#2238,#2239));
#2237 = ORIENTED_EDGE('',*,*,#2211,.T.);
#2238 = ORIENTED_EDGE('',*,*,#2220,.T.);
#2239 = ORIENTED_EDGE('',*,*,#1170,.F.);
#2240 = PLANE('',#2241);
#2241 = AXIS2_PLACEMENT_3D('',#2242,#2243,#2244);
#2242 = CARTESIAN_POINT('',(27.,-52.8,11.6));
#2243 = DIRECTION('',(0.,0.,1.));
#2244 = DIRECTION('',(1.,0.,0.));
#2245 = ADVANCED_FACE('',(#2246,#2252),#2318,.F.);
#2246 = FACE_BOUND('',#2247,.F.);
#2247 = EDGE_LOOP('',(#2248,#2249,#2250,#2251));
#2248 = ORIENTED_EDGE('',*,*,#1614,.F.);
#2249 = ORIENTED_EDGE('',*,*,#1549,.T.);
#2250 = ORIENTED_EDGE('',*,*,#1573,.T.);
#2251 = ORIENTED_EDGE('',*,*,#1597,.F.);
#2252 = FACE_BOUND('',#2253,.F.);
#2253 = EDGE_LOOP('',(#2254,#2264,#2272,#2280,#2288,#2296,#2304,#2312));
#2254 = ORIENTED_EDGE('',*,*,#2255,.F.);
#2255 = EDGE_CURVE('',#2256,#2258,#2260,.T.);
#2256 = VERTEX_POINT('',#2257);
#2257 = CARTESIAN_POINT('',(44.05,-52.6,12.725));
#2258 = VERTEX_POINT('',#2259);
#2259 = CARTESIAN_POINT('',(44.05,-49.45,12.725));
#2260 = LINE('',#2261,#2262);
#2261 = CARTESIAN_POINT('',(44.05,-52.8,12.725));
#2262 = VECTOR('',#2263,1.);
#2263 = DIRECTION('',(0.,1.,0.));
#2264 = ORIENTED_EDGE('',*,*,#2265,.T.);
#2265 = EDGE_CURVE('',#2256,#2266,#2268,.T.);
#2266 = VERTEX_POINT('',#2267);
#2267 = CARTESIAN_POINT('',(30.35,-52.6,12.725));
#2268 = LINE('',#2269,#2270);
#2269 = CARTESIAN_POINT('',(29.8,-52.6,12.725));
#2270 = VECTOR('',#2271,1.);
#2271 = DIRECTION('',(-1.,0.,0.));
#2272 = ORIENTED_EDGE('',*,*,#2273,.T.);
#2273 = EDGE_CURVE('',#2266,#2274,#2276,.T.);
#2274 = VERTEX_POINT('',#2275);
#2275 = CARTESIAN_POINT('',(30.35,-49.45,12.725));
#2276 = LINE('',#2277,#2278);
#2277 = CARTESIAN_POINT('',(30.35,-52.8,12.725));
#2278 = VECTOR('',#2279,1.);
#2279 = DIRECTION('',(0.,1.,0.));
#2280 = ORIENTED_EDGE('',*,*,#2281,.T.);
#2281 = EDGE_CURVE('',#2274,#2282,#2284,.T.);
#2282 = VERTEX_POINT('',#2283);
#2283 = CARTESIAN_POINT('',(29.95,-49.45,12.725));
#2284 = LINE('',#2285,#2286);
#2285 = CARTESIAN_POINT('',(29.6,-49.45,12.725));
#2286 = VECTOR('',#2287,1.);
#2287 = DIRECTION('',(-1.,0.,0.));
#2288 = ORIENTED_EDGE('',*,*,#2289,.T.);
#2289 = EDGE_CURVE('',#2282,#2290,#2292,.T.);
#2290 = VERTEX_POINT('',#2291);
#2291 = CARTESIAN_POINT('',(29.95,-18.35,12.725));
#2292 = LINE('',#2293,#2294);
#2293 = CARTESIAN_POINT('',(29.95,-51.225,12.725));
#2294 = VECTOR('',#2295,1.);
#2295 = DIRECTION('',(0.,1.,0.));
#2296 = ORIENTED_EDGE('',*,*,#2297,.F.);
#2297 = EDGE_CURVE('',#2298,#2290,#2300,.T.);
#2298 = VERTEX_POINT('',#2299);
#2299 = CARTESIAN_POINT('',(44.45,-18.35,12.725));
#2300 = LINE('',#2301,#2302);
#2301 = CARTESIAN_POINT('',(29.6,-18.35,12.725));
#2302 = VECTOR('',#2303,1.);
#2303 = DIRECTION('',(-1.,0.,0.));
#2304 = ORIENTED_EDGE('',*,*,#2305,.F.);
#2305 = EDGE_CURVE('',#2306,#2298,#2308,.T.);
#2306 = VERTEX_POINT('',#2307);
#2307 = CARTESIAN_POINT('',(44.45,-49.45,12.725));
#2308 = LINE('',#2309,#2310);
#2309 = CARTESIAN_POINT('',(44.45,-51.225,12.725));
#2310 = VECTOR('',#2311,1.);
#2311 = DIRECTION('',(0.,1.,0.));
#2312 = ORIENTED_EDGE('',*,*,#2313,.T.);
#2313 = EDGE_CURVE('',#2306,#2258,#2314,.T.);
#2314 = LINE('',#2315,#2316);
#2315 = CARTESIAN_POINT('',(29.6,-49.45,12.725));
#2316 = VECTOR('',#2317,1.);
#2317 = DIRECTION('',(-1.,0.,0.));
#2318 = PLANE('',#2319);
#2319 = AXIS2_PLACEMENT_3D('',#2320,#2321,#2322);
#2320 = CARTESIAN_POINT('',(29.25,-53.,12.725));
#2321 = DIRECTION('',(0.,0.,1.));
#2322 = DIRECTION('',(1.,0.,0.));
#2323 = ADVANCED_FACE('',(#2324,#2340,#2410,#2464,#2518,#2572,#2626,
    #2680),#2750,.T.);
#2324 = FACE_BOUND('',#2325,.T.);
#2325 = EDGE_LOOP('',(#2326,#2327,#2328,#2335,#2336,#2337,#2338,#2339));
#2326 = ORIENTED_EDGE('',*,*,#1717,.T.);
#2327 = ORIENTED_EDGE('',*,*,#1743,.T.);
#2328 = ORIENTED_EDGE('',*,*,#2329,.T.);
#2329 = EDGE_CURVE('',#1744,#1997,#2330,.T.);
#2330 = CIRCLE('',#2331,2.4);
#2331 = AXIS2_PLACEMENT_3D('',#2332,#2333,#2334);
#2332 = CARTESIAN_POINT('',(27.4,-13.4,13.39));
#2333 = DIRECTION('',(0.,0.,1.));
#2334 = DIRECTION('',(-5.92E-15,1.,0.));
#2335 = ORIENTED_EDGE('',*,*,#2004,.T.);
#2336 = ORIENTED_EDGE('',*,*,#2043,.T.);
#2337 = ORIENTED_EDGE('',*,*,#1637,.T.);
#2338 = ORIENTED_EDGE('',*,*,#1668,.T.);
#2339 = ORIENTED_EDGE('',*,*,#1693,.T.);
#2340 = FACE_BOUND('',#2341,.T.);
#2341 = EDGE_LOOP('',(#2342,#2353,#2361,#2370,#2378,#2387,#2395,#2404));
#2342 = ORIENTED_EDGE('',*,*,#2343,.F.);
#2343 = EDGE_CURVE('',#2344,#2346,#2348,.T.);
#2344 = VERTEX_POINT('',#2345);
#2345 = CARTESIAN_POINT('',(33.,-55.7,13.39));
#2346 = VERTEX_POINT('',#2347);
#2347 = CARTESIAN_POINT('',(32.,-54.7,13.39));
#2348 = CIRCLE('',#2349,1.);
#2349 = AXIS2_PLACEMENT_3D('',#2350,#2351,#2352);
#2350 = CARTESIAN_POINT('',(32.,-55.7,13.39));
#2351 = DIRECTION('',(-0.,0.,1.));
#2352 = DIRECTION('',(1.,-1.421E-14,0.));
#2353 = ORIENTED_EDGE('',*,*,#2354,.F.);
#2354 = EDGE_CURVE('',#2355,#2344,#2357,.T.);
#2355 = VERTEX_POINT('',#2356);
#2356 = CARTESIAN_POINT('',(33.,-64.9,13.39));
#2357 = LINE('',#2358,#2359);
#2358 = CARTESIAN_POINT('',(33.,-64.9,13.39));
#2359 = VECTOR('',#2360,1.);
#2360 = DIRECTION('',(0.,1.,0.));
#2361 = ORIENTED_EDGE('',*,*,#2362,.F.);
#2362 = EDGE_CURVE('',#2363,#2355,#2365,.T.);
#2363 = VERTEX_POINT('',#2364);
#2364 = CARTESIAN_POINT('',(32.,-65.9,13.39));
#2365 = CIRCLE('',#2366,1.);
#2366 = AXIS2_PLACEMENT_3D('',#2367,#2368,#2369);
#2367 = CARTESIAN_POINT('',(32.,-64.9,13.39));
#2368 = DIRECTION('',(0.,0.,1.));
#2369 = DIRECTION('',(-2.132E-14,-1.,0.));
#2370 = ORIENTED_EDGE('',*,*,#2371,.F.);
#2371 = EDGE_CURVE('',#2372,#2363,#2374,.T.);
#2372 = VERTEX_POINT('',#2373);
#2373 = CARTESIAN_POINT('',(28.5,-65.9,13.39));
#2374 = LINE('',#2375,#2376);
#2375 = CARTESIAN_POINT('',(28.5,-65.9,13.39));
#2376 = VECTOR('',#2377,1.);
#2377 = DIRECTION('',(1.,0.,0.));
#2378 = ORIENTED_EDGE('',*,*,#2379,.F.);
#2379 = EDGE_CURVE('',#2380,#2372,#2382,.T.);
#2380 = VERTEX_POINT('',#2381);
#2381 = CARTESIAN_POINT('',(27.5,-64.9,13.39));
#2382 = CIRCLE('',#2383,1.);
#2383 = AXIS2_PLACEMENT_3D('',#2384,#2385,#2386);
#2384 = CARTESIAN_POINT('',(28.5,-64.9,13.39));
#2385 = DIRECTION('',(0.,0.,1.));
#2386 = DIRECTION('',(-1.,1.421E-14,0.));
#2387 = ORIENTED_EDGE('',*,*,#2388,.F.);
#2388 = EDGE_CURVE('',#2389,#2380,#2391,.T.);
#2389 = VERTEX_POINT('',#2390);
#2390 = CARTESIAN_POINT('',(27.5,-55.7,13.39));
#2391 = LINE('',#2392,#2393);
#2392 = CARTESIAN_POINT('',(27.5,-55.7,13.39));
#2393 = VECTOR('',#2394,1.);
#2394 = DIRECTION('',(0.,-1.,0.));
#2395 = ORIENTED_EDGE('',*,*,#2396,.F.);
#2396 = EDGE_CURVE('',#2397,#2389,#2399,.T.);
#2397 = VERTEX_POINT('',#2398);
#2398 = CARTESIAN_POINT('',(28.5,-54.7,13.39));
#2399 = CIRCLE('',#2400,1.);
#2400 = AXIS2_PLACEMENT_3D('',#2401,#2402,#2403);
#2401 = CARTESIAN_POINT('',(28.5,-55.7,13.39));
#2402 = DIRECTION('',(0.,-0.,1.));
#2403 = DIRECTION('',(7.11E-15,1.,0.));
#2404 = ORIENTED_EDGE('',*,*,#2405,.F.);
#2405 = EDGE_CURVE('',#2346,#2397,#2406,.T.);
#2406 = LINE('',#2407,#2408);
#2407 = CARTESIAN_POINT('',(32.,-54.7,13.39));
#2408 = VECTOR('',#2409,1.);
#2409 = DIRECTION('',(-1.,0.,0.));
#2410 = FACE_BOUND('',#2411,.T.);
#2411 = EDGE_LOOP('',(#2412,#2422,#2431,#2440,#2448,#2457));
#2412 = ORIENTED_EDGE('',*,*,#2413,.F.);
#2413 = EDGE_CURVE('',#2414,#2416,#2418,.T.);
#2414 = VERTEX_POINT('',#2415);
#2415 = CARTESIAN_POINT('',(45.5,-63.6,13.39));
#2416 = VERTEX_POINT('',#2417);
#2417 = CARTESIAN_POINT('',(36.,-63.6,13.39));
#2418 = LINE('',#2419,#2420);
#2419 = CARTESIAN_POINT('',(45.5,-63.6,13.39));
#2420 = VECTOR('',#2421,1.);
#2421 = DIRECTION('',(-1.,0.,0.));
#2422 = ORIENTED_EDGE('',*,*,#2423,.F.);
#2423 = EDGE_CURVE('',#2424,#2414,#2426,.T.);
#2424 = VERTEX_POINT('',#2425);
#2425 = CARTESIAN_POINT('',(46.,-64.1,13.39));
#2426 = CIRCLE('',#2427,0.5);
#2427 = AXIS2_PLACEMENT_3D('',#2428,#2429,#2430);
#2428 = CARTESIAN_POINT('',(45.5,-64.1,13.39));
#2429 = DIRECTION('',(-0.,0.,1.));
#2430 = DIRECTION('',(1.,-2.842E-14,0.));
#2431 = ORIENTED_EDGE('',*,*,#2432,.F.);
#2432 = EDGE_CURVE('',#2433,#2424,#2435,.T.);
#2433 = VERTEX_POINT('',#2434);
#2434 = CARTESIAN_POINT('',(45.5,-64.6,13.39));
#2435 = CIRCLE('',#2436,0.5);
#2436 = AXIS2_PLACEMENT_3D('',#2437,#2438,#2439);
#2437 = CARTESIAN_POINT('',(45.5,-64.1,13.39));
#2438 = DIRECTION('',(0.,0.,1.));
#2439 = DIRECTION('',(-1.421E-14,-1.,0.));
#2440 = ORIENTED_EDGE('',*,*,#2441,.F.);
#2441 = EDGE_CURVE('',#2442,#2433,#2444,.T.);
#2442 = VERTEX_POINT('',#2443);
#2443 = CARTESIAN_POINT('',(36.,-64.6,13.39));
#2444 = LINE('',#2445,#2446);
#2445 = CARTESIAN_POINT('',(36.,-64.6,13.39));
#2446 = VECTOR('',#2447,1.);
#2447 = DIRECTION('',(1.,0.,0.));
#2448 = ORIENTED_EDGE('',*,*,#2449,.F.);
#2449 = EDGE_CURVE('',#2450,#2442,#2452,.T.);
#2450 = VERTEX_POINT('',#2451);
#2451 = CARTESIAN_POINT('',(35.5,-64.1,13.39));
#2452 = CIRCLE('',#2453,0.5);
#2453 = AXIS2_PLACEMENT_3D('',#2454,#2455,#2456);
#2454 = CARTESIAN_POINT('',(36.,-64.1,13.39));
#2455 = DIRECTION('',(0.,0.,1.));
#2456 = DIRECTION('',(-1.,2.842E-14,0.));
#2457 = ORIENTED_EDGE('',*,*,#2458,.F.);
#2458 = EDGE_CURVE('',#2416,#2450,#2459,.T.);
#2459 = CIRCLE('',#2460,0.5);
#2460 = AXIS2_PLACEMENT_3D('',#2461,#2462,#2463);
#2461 = CARTESIAN_POINT('',(36.,-64.1,13.39));
#2462 = DIRECTION('',(0.,-0.,1.));
#2463 = DIRECTION('',(1.421E-14,1.,0.));
#2464 = FACE_BOUND('',#2465,.T.);
#2465 = EDGE_LOOP('',(#2466,#2476,#2485,#2494,#2502,#2511));
#2466 = ORIENTED_EDGE('',*,*,#2467,.F.);
#2467 = EDGE_CURVE('',#2468,#2470,#2472,.T.);
#2468 = VERTEX_POINT('',#2469);
#2469 = CARTESIAN_POINT('',(45.5,-61.4,13.39));
#2470 = VERTEX_POINT('',#2471);
#2471 = CARTESIAN_POINT('',(36.,-61.4,13.39));
#2472 = LINE('',#2473,#2474);
#2473 = CARTESIAN_POINT('',(45.5,-61.4,13.39));
#2474 = VECTOR('',#2475,1.);
#2475 = DIRECTION('',(-1.,0.,0.));
#2476 = ORIENTED_EDGE('',*,*,#2477,.F.);
#2477 = EDGE_CURVE('',#2478,#2468,#2480,.T.);
#2478 = VERTEX_POINT('',#2479);
#2479 = CARTESIAN_POINT('',(46.,-61.9,13.39));
#2480 = CIRCLE('',#2481,0.5);
#2481 = AXIS2_PLACEMENT_3D('',#2482,#2483,#2484);
#2482 = CARTESIAN_POINT('',(45.5,-61.9,13.39));
#2483 = DIRECTION('',(-0.,0.,1.));
#2484 = DIRECTION('',(1.,-1.421E-14,0.));
#2485 = ORIENTED_EDGE('',*,*,#2486,.F.);
#2486 = EDGE_CURVE('',#2487,#2478,#2489,.T.);
#2487 = VERTEX_POINT('',#2488);
#2488 = CARTESIAN_POINT('',(45.5,-62.4,13.39));
#2489 = CIRCLE('',#2490,0.5);
#2490 = AXIS2_PLACEMENT_3D('',#2491,#2492,#2493);
#2491 = CARTESIAN_POINT('',(45.5,-61.9,13.39));
#2492 = DIRECTION('',(0.,0.,1.));
#2493 = DIRECTION('',(-1.421E-14,-1.,0.));
#2494 = ORIENTED_EDGE('',*,*,#2495,.F.);
#2495 = EDGE_CURVE('',#2496,#2487,#2498,.T.);
#2496 = VERTEX_POINT('',#2497);
#2497 = CARTESIAN_POINT('',(36.,-62.4,13.39));
#2498 = LINE('',#2499,#2500);
#2499 = CARTESIAN_POINT('',(36.,-62.4,13.39));
#2500 = VECTOR('',#2501,1.);
#2501 = DIRECTION('',(1.,0.,0.));
#2502 = ORIENTED_EDGE('',*,*,#2503,.F.);
#2503 = EDGE_CURVE('',#2504,#2496,#2506,.T.);
#2504 = VERTEX_POINT('',#2505);
#2505 = CARTESIAN_POINT('',(35.5,-61.9,13.39));
#2506 = CIRCLE('',#2507,0.5);
#2507 = AXIS2_PLACEMENT_3D('',#2508,#2509,#2510);
#2508 = CARTESIAN_POINT('',(36.,-61.9,13.39));
#2509 = DIRECTION('',(0.,0.,1.));
#2510 = DIRECTION('',(-1.,1.421E-14,0.));
#2511 = ORIENTED_EDGE('',*,*,#2512,.F.);
#2512 = EDGE_CURVE('',#2470,#2504,#2513,.T.);
#2513 = CIRCLE('',#2514,0.5);
#2514 = AXIS2_PLACEMENT_3D('',#2515,#2516,#2517);
#2515 = CARTESIAN_POINT('',(36.,-61.9,13.39));
#2516 = DIRECTION('',(0.,-0.,1.));
#2517 = DIRECTION('',(1.421E-14,1.,0.));
#2518 = FACE_BOUND('',#2519,.T.);
#2519 = EDGE_LOOP('',(#2520,#2530,#2539,#2548,#2556,#2565));
#2520 = ORIENTED_EDGE('',*,*,#2521,.F.);
#2521 = EDGE_CURVE('',#2522,#2524,#2526,.T.);
#2522 = VERTEX_POINT('',#2523);
#2523 = CARTESIAN_POINT('',(45.5,-59.2,13.39));
#2524 = VERTEX_POINT('',#2525);
#2525 = CARTESIAN_POINT('',(36.,-59.2,13.39));
#2526 = LINE('',#2527,#2528);
#2527 = CARTESIAN_POINT('',(45.5,-59.2,13.39));
#2528 = VECTOR('',#2529,1.);
#2529 = DIRECTION('',(-1.,0.,0.));
#2530 = ORIENTED_EDGE('',*,*,#2531,.F.);
#2531 = EDGE_CURVE('',#2532,#2522,#2534,.T.);
#2532 = VERTEX_POINT('',#2533);
#2533 = CARTESIAN_POINT('',(46.,-59.7,13.39));
#2534 = CIRCLE('',#2535,0.5);
#2535 = AXIS2_PLACEMENT_3D('',#2536,#2537,#2538);
#2536 = CARTESIAN_POINT('',(45.5,-59.7,13.39));
#2537 = DIRECTION('',(-0.,0.,1.));
#2538 = DIRECTION('',(1.,-1.421E-14,0.));
#2539 = ORIENTED_EDGE('',*,*,#2540,.F.);
#2540 = EDGE_CURVE('',#2541,#2532,#2543,.T.);
#2541 = VERTEX_POINT('',#2542);
#2542 = CARTESIAN_POINT('',(45.5,-60.2,13.39));
#2543 = CIRCLE('',#2544,0.5);
#2544 = AXIS2_PLACEMENT_3D('',#2545,#2546,#2547);
#2545 = CARTESIAN_POINT('',(45.5,-59.7,13.39));
#2546 = DIRECTION('',(0.,0.,1.));
#2547 = DIRECTION('',(-1.421E-14,-1.,0.));
#2548 = ORIENTED_EDGE('',*,*,#2549,.F.);
#2549 = EDGE_CURVE('',#2550,#2541,#2552,.T.);
#2550 = VERTEX_POINT('',#2551);
#2551 = CARTESIAN_POINT('',(36.,-60.2,13.39));
#2552 = LINE('',#2553,#2554);
#2553 = CARTESIAN_POINT('',(36.,-60.2,13.39));
#2554 = VECTOR('',#2555,1.);
#2555 = DIRECTION('',(1.,0.,0.));
#2556 = ORIENTED_EDGE('',*,*,#2557,.F.);
#2557 = EDGE_CURVE('',#2558,#2550,#2560,.T.);
#2558 = VERTEX_POINT('',#2559);
#2559 = CARTESIAN_POINT('',(35.5,-59.7,13.39));
#2560 = CIRCLE('',#2561,0.5);
#2561 = AXIS2_PLACEMENT_3D('',#2562,#2563,#2564);
#2562 = CARTESIAN_POINT('',(36.,-59.7,13.39));
#2563 = DIRECTION('',(0.,0.,1.));
#2564 = DIRECTION('',(-1.,1.421E-14,0.));
#2565 = ORIENTED_EDGE('',*,*,#2566,.F.);
#2566 = EDGE_CURVE('',#2524,#2558,#2567,.T.);
#2567 = CIRCLE('',#2568,0.5);
#2568 = AXIS2_PLACEMENT_3D('',#2569,#2570,#2571);
#2569 = CARTESIAN_POINT('',(36.,-59.7,13.39));
#2570 = DIRECTION('',(0.,-0.,1.));
#2571 = DIRECTION('',(1.421E-14,1.,0.));
#2572 = FACE_BOUND('',#2573,.T.);
#2573 = EDGE_LOOP('',(#2574,#2584,#2593,#2602,#2610,#2619));
#2574 = ORIENTED_EDGE('',*,*,#2575,.F.);
#2575 = EDGE_CURVE('',#2576,#2578,#2580,.T.);
#2576 = VERTEX_POINT('',#2577);
#2577 = CARTESIAN_POINT('',(45.5,-57.,13.39));
#2578 = VERTEX_POINT('',#2579);
#2579 = CARTESIAN_POINT('',(36.,-57.,13.39));
#2580 = LINE('',#2581,#2582);
#2581 = CARTESIAN_POINT('',(45.5,-57.,13.39));
#2582 = VECTOR('',#2583,1.);
#2583 = DIRECTION('',(-1.,0.,0.));
#2584 = ORIENTED_EDGE('',*,*,#2585,.F.);
#2585 = EDGE_CURVE('',#2586,#2576,#2588,.T.);
#2586 = VERTEX_POINT('',#2587);
#2587 = CARTESIAN_POINT('',(46.,-57.5,13.39));
#2588 = CIRCLE('',#2589,0.5);
#2589 = AXIS2_PLACEMENT_3D('',#2590,#2591,#2592);
#2590 = CARTESIAN_POINT('',(45.5,-57.5,13.39));
#2591 = DIRECTION('',(-0.,0.,1.));
#2592 = DIRECTION('',(1.,-1.421E-14,0.));
#2593 = ORIENTED_EDGE('',*,*,#2594,.F.);
#2594 = EDGE_CURVE('',#2595,#2586,#2597,.T.);
#2595 = VERTEX_POINT('',#2596);
#2596 = CARTESIAN_POINT('',(45.5,-58.,13.39));
#2597 = CIRCLE('',#2598,0.5);
#2598 = AXIS2_PLACEMENT_3D('',#2599,#2600,#2601);
#2599 = CARTESIAN_POINT('',(45.5,-57.5,13.39));
#2600 = DIRECTION('',(0.,0.,1.));
#2601 = DIRECTION('',(-1.421E-14,-1.,0.));
#2602 = ORIENTED_EDGE('',*,*,#2603,.F.);
#2603 = EDGE_CURVE('',#2604,#2595,#2606,.T.);
#2604 = VERTEX_POINT('',#2605);
#2605 = CARTESIAN_POINT('',(36.,-58.,13.39));
#2606 = LINE('',#2607,#2608);
#2607 = CARTESIAN_POINT('',(36.,-58.,13.39));
#2608 = VECTOR('',#2609,1.);
#2609 = DIRECTION('',(1.,0.,0.));
#2610 = ORIENTED_EDGE('',*,*,#2611,.F.);
#2611 = EDGE_CURVE('',#2612,#2604,#2614,.T.);
#2612 = VERTEX_POINT('',#2613);
#2613 = CARTESIAN_POINT('',(35.5,-57.5,13.39));
#2614 = CIRCLE('',#2615,0.5);
#2615 = AXIS2_PLACEMENT_3D('',#2616,#2617,#2618);
#2616 = CARTESIAN_POINT('',(36.,-57.5,13.39));
#2617 = DIRECTION('',(0.,0.,1.));
#2618 = DIRECTION('',(-1.,1.421E-14,0.));
#2619 = ORIENTED_EDGE('',*,*,#2620,.F.);
#2620 = EDGE_CURVE('',#2578,#2612,#2621,.T.);
#2621 = CIRCLE('',#2622,0.5);
#2622 = AXIS2_PLACEMENT_3D('',#2623,#2624,#2625);
#2623 = CARTESIAN_POINT('',(36.,-57.5,13.39));
#2624 = DIRECTION('',(0.,-0.,1.));
#2625 = DIRECTION('',(1.421E-14,1.,0.));
#2626 = FACE_BOUND('',#2627,.T.);
#2627 = EDGE_LOOP('',(#2628,#2638,#2647,#2656,#2664,#2673));
#2628 = ORIENTED_EDGE('',*,*,#2629,.F.);
#2629 = EDGE_CURVE('',#2630,#2632,#2634,.T.);
#2630 = VERTEX_POINT('',#2631);
#2631 = CARTESIAN_POINT('',(45.5,-54.8,13.39));
#2632 = VERTEX_POINT('',#2633);
#2633 = CARTESIAN_POINT('',(36.,-54.8,13.39));
#2634 = LINE('',#2635,#2636);
#2635 = CARTESIAN_POINT('',(45.5,-54.8,13.39));
#2636 = VECTOR('',#2637,1.);
#2637 = DIRECTION('',(-1.,0.,0.));
#2638 = ORIENTED_EDGE('',*,*,#2639,.F.);
#2639 = EDGE_CURVE('',#2640,#2630,#2642,.T.);
#2640 = VERTEX_POINT('',#2641);
#2641 = CARTESIAN_POINT('',(46.,-55.3,13.39));
#2642 = CIRCLE('',#2643,0.5);
#2643 = AXIS2_PLACEMENT_3D('',#2644,#2645,#2646);
#2644 = CARTESIAN_POINT('',(45.5,-55.3,13.39));
#2645 = DIRECTION('',(-0.,0.,1.));
#2646 = DIRECTION('',(1.,-1.421E-14,0.));
#2647 = ORIENTED_EDGE('',*,*,#2648,.F.);
#2648 = EDGE_CURVE('',#2649,#2640,#2651,.T.);
#2649 = VERTEX_POINT('',#2650);
#2650 = CARTESIAN_POINT('',(45.5,-55.8,13.39));
#2651 = CIRCLE('',#2652,0.5);
#2652 = AXIS2_PLACEMENT_3D('',#2653,#2654,#2655);
#2653 = CARTESIAN_POINT('',(45.5,-55.3,13.39));
#2654 = DIRECTION('',(0.,0.,1.));
#2655 = DIRECTION('',(-1.421E-14,-1.,0.));
#2656 = ORIENTED_EDGE('',*,*,#2657,.F.);
#2657 = EDGE_CURVE('',#2658,#2649,#2660,.T.);
#2658 = VERTEX_POINT('',#2659);
#2659 = CARTESIAN_POINT('',(36.,-55.8,13.39));
#2660 = LINE('',#2661,#2662);
#2661 = CARTESIAN_POINT('',(36.,-55.8,13.39));
#2662 = VECTOR('',#2663,1.);
#2663 = DIRECTION('',(1.,0.,0.));
#2664 = ORIENTED_EDGE('',*,*,#2665,.F.);
#2665 = EDGE_CURVE('',#2666,#2658,#2668,.T.);
#2666 = VERTEX_POINT('',#2667);
#2667 = CARTESIAN_POINT('',(35.5,-55.3,13.39));
#2668 = CIRCLE('',#2669,0.5);
#2669 = AXIS2_PLACEMENT_3D('',#2670,#2671,#2672);
#2670 = CARTESIAN_POINT('',(36.,-55.3,13.39));
#2671 = DIRECTION('',(0.,0.,1.));
#2672 = DIRECTION('',(-1.,1.421E-14,0.));
#2673 = ORIENTED_EDGE('',*,*,#2674,.F.);
#2674 = EDGE_CURVE('',#2632,#2666,#2675,.T.);
#2675 = CIRCLE('',#2676,0.5);
#2676 = AXIS2_PLACEMENT_3D('',#2677,#2678,#2679);
#2677 = CARTESIAN_POINT('',(36.,-55.3,13.39));
#2678 = DIRECTION('',(0.,-0.,1.));
#2679 = DIRECTION('',(1.421E-14,1.,0.));
#2680 = FACE_BOUND('',#2681,.T.);
#2681 = EDGE_LOOP('',(#2682,#2693,#2701,#2710,#2718,#2727,#2735,#2744));
#2682 = ORIENTED_EDGE('',*,*,#2683,.F.);
#2683 = EDGE_CURVE('',#2684,#2686,#2688,.T.);
#2684 = VERTEX_POINT('',#2685);
#2685 = CARTESIAN_POINT('',(47.8,-13.3,13.39));
#2686 = VERTEX_POINT('',#2687);
#2687 = CARTESIAN_POINT('',(46.7,-12.2,13.39));
#2688 = CIRCLE('',#2689,1.1);
#2689 = AXIS2_PLACEMENT_3D('',#2690,#2691,#2692);
#2690 = CARTESIAN_POINT('',(46.7,-13.3,13.39));
#2691 = DIRECTION('',(0.,0.,1.));
#2692 = DIRECTION('',(1.,0.,0.));
#2693 = ORIENTED_EDGE('',*,*,#2694,.F.);
#2694 = EDGE_CURVE('',#2695,#2684,#2697,.T.);
#2695 = VERTEX_POINT('',#2696);
#2696 = CARTESIAN_POINT('',(47.8,-53.,13.39));
#2697 = LINE('',#2698,#2699);
#2698 = CARTESIAN_POINT('',(47.8,-53.,13.39));
#2699 = VECTOR('',#2700,1.);
#2700 = DIRECTION('',(0.,1.,0.));
#2701 = ORIENTED_EDGE('',*,*,#2702,.F.);
#2702 = EDGE_CURVE('',#2703,#2695,#2705,.T.);
#2703 = VERTEX_POINT('',#2704);
#2704 = CARTESIAN_POINT('',(46.7,-54.1,13.39));
#2705 = CIRCLE('',#2706,1.1);
#2706 = AXIS2_PLACEMENT_3D('',#2707,#2708,#2709);
#2707 = CARTESIAN_POINT('',(46.7,-53.,13.39));
#2708 = DIRECTION('',(-0.,0.,1.));
#2709 = DIRECTION('',(6.46E-15,-1.,0.));
#2710 = ORIENTED_EDGE('',*,*,#2711,.F.);
#2711 = EDGE_CURVE('',#2712,#2703,#2714,.T.);
#2712 = VERTEX_POINT('',#2713);
#2713 = CARTESIAN_POINT('',(27.3,-54.1,13.39));
#2714 = LINE('',#2715,#2716);
#2715 = CARTESIAN_POINT('',(27.3,-54.1,13.39));
#2716 = VECTOR('',#2717,1.);
#2717 = DIRECTION('',(1.,0.,0.));
#2718 = ORIENTED_EDGE('',*,*,#2719,.F.);
#2719 = EDGE_CURVE('',#2720,#2712,#2722,.T.);
#2720 = VERTEX_POINT('',#2721);
#2721 = CARTESIAN_POINT('',(26.2,-53.,13.39));
#2722 = CIRCLE('',#2723,1.1);
#2723 = AXIS2_PLACEMENT_3D('',#2724,#2725,#2726);
#2724 = CARTESIAN_POINT('',(27.3,-53.,13.39));
#2725 = DIRECTION('',(0.,0.,1.));
#2726 = DIRECTION('',(-1.,0.,0.));
#2727 = ORIENTED_EDGE('',*,*,#2728,.F.);
#2728 = EDGE_CURVE('',#2729,#2720,#2731,.T.);
#2729 = VERTEX_POINT('',#2730);
#2730 = CARTESIAN_POINT('',(26.2,-13.3,13.39));
#2731 = LINE('',#2732,#2733);
#2732 = CARTESIAN_POINT('',(26.2,-13.3,13.39));
#2733 = VECTOR('',#2734,1.);
#2734 = DIRECTION('',(0.,-1.,0.));
#2735 = ORIENTED_EDGE('',*,*,#2736,.F.);
#2736 = EDGE_CURVE('',#2737,#2729,#2739,.T.);
#2737 = VERTEX_POINT('',#2738);
#2738 = CARTESIAN_POINT('',(27.3,-12.2,13.39));
#2739 = CIRCLE('',#2740,1.1);
#2740 = AXIS2_PLACEMENT_3D('',#2741,#2742,#2743);
#2741 = CARTESIAN_POINT('',(27.3,-13.3,13.39));
#2742 = DIRECTION('',(0.,0.,1.));
#2743 = DIRECTION('',(-3.23E-15,1.,0.));
#2744 = ORIENTED_EDGE('',*,*,#2745,.F.);
#2745 = EDGE_CURVE('',#2686,#2737,#2746,.T.);
#2746 = LINE('',#2747,#2748);
#2747 = CARTESIAN_POINT('',(46.7,-12.2,13.39));
#2748 = VECTOR('',#2749,1.);
#2749 = DIRECTION('',(-1.,0.,0.));
#2750 = PLANE('',#2751);
#2751 = AXIS2_PLACEMENT_3D('',#2752,#2753,#2754);
#2752 = CARTESIAN_POINT('',(37.043312569837,-39.09787768044,13.39));
#2753 = DIRECTION('',(0.,0.,1.));
#2754 = DIRECTION('',(1.,0.,0.));
#2755 = ADVANCED_FACE('',(#2756),#2767,.F.);
#2756 = FACE_BOUND('',#2757,.F.);
#2757 = EDGE_LOOP('',(#2758,#2764,#2765,#2766));
#2758 = ORIENTED_EDGE('',*,*,#2759,.F.);
#2759 = EDGE_CURVE('',#1832,#1768,#2760,.T.);
#2760 = LINE('',#2761,#2762);
#2761 = CARTESIAN_POINT('',(30.7,-20.,11.8));
#2762 = VECTOR('',#2763,1.);
#2763 = DIRECTION('',(0.,1.,0.));
#2764 = ORIENTED_EDGE('',*,*,#1831,.F.);
#2765 = ORIENTED_EDGE('',*,*,#1797,.T.);
#2766 = ORIENTED_EDGE('',*,*,#1775,.T.);
#2767 = PLANE('',#2768);
#2768 = AXIS2_PLACEMENT_3D('',#2769,#2770,#2771);
#2769 = CARTESIAN_POINT('',(30.7,-20.,11.8));
#2770 = DIRECTION('',(0.,0.,1.));
#2771 = DIRECTION('',(1.,0.,0.));
#2772 = ADVANCED_FACE('',(#2773),#2779,.T.);
#2773 = FACE_BOUND('',#2774,.T.);
#2774 = EDGE_LOOP('',(#2775,#2776,#2777,#2778));
#2775 = ORIENTED_EDGE('',*,*,#2759,.F.);
#2776 = ORIENTED_EDGE('',*,*,#1839,.F.);
#2777 = ORIENTED_EDGE('',*,*,#2130,.T.);
#2778 = ORIENTED_EDGE('',*,*,#1767,.T.);
#2779 = PLANE('',#2780);
#2780 = AXIS2_PLACEMENT_3D('',#2781,#2782,#2783);
#2781 = CARTESIAN_POINT('',(30.7,-20.,6.2));
#2782 = DIRECTION('',(1.,0.,0.));
#2783 = DIRECTION('',(0.,0.,1.));
#2784 = ADVANCED_FACE('',(#2785),#2791,.T.);
#2785 = FACE_BOUND('',#2786,.F.);
#2786 = EDGE_LOOP('',(#2787,#2788,#2789,#2790));
#2787 = ORIENTED_EDGE('',*,*,#1751,.T.);
#2788 = ORIENTED_EDGE('',*,*,#2329,.T.);
#2789 = ORIENTED_EDGE('',*,*,#1996,.F.);
#2790 = ORIENTED_EDGE('',*,*,#2122,.F.);
#2791 = CYLINDRICAL_SURFACE('',#2792,2.4);
#2792 = AXIS2_PLACEMENT_3D('',#2793,#2794,#2795);
#2793 = CARTESIAN_POINT('',(27.4,-13.4,6.3));
#2794 = DIRECTION('',(-0.,-0.,-1.));
#2795 = DIRECTION('',(-5.92E-15,1.,0.));
#2796 = ADVANCED_FACE('',(#2797),#2800,.F.);
#2797 = FACE_BOUND('',#2798,.T.);
#2798 = EDGE_LOOP('',(#2799));
#2799 = ORIENTED_EDGE('',*,*,#1921,.F.);
#2800 = PLANE('',#2801);
#2801 = AXIS2_PLACEMENT_3D('',#2802,#2803,#2804);
#2802 = CARTESIAN_POINT('',(47.,-52.8,6.8));
#2803 = DIRECTION('',(0.,0.,1.));
#2804 = DIRECTION('',(1.,0.,0.));
#2805 = ADVANCED_FACE('',(#2806),#2809,.F.);
#2806 = FACE_BOUND('',#2807,.T.);
#2807 = EDGE_LOOP('',(#2808));
#2808 = ORIENTED_EDGE('',*,*,#1946,.F.);
#2809 = PLANE('',#2810);
#2810 = AXIS2_PLACEMENT_3D('',#2811,#2812,#2813);
#2811 = CARTESIAN_POINT('',(37.2,-64.7,6.8));
#2812 = DIRECTION('',(0.,0.,1.));
#2813 = DIRECTION('',(1.,0.,0.));
#2814 = ADVANCED_FACE('',(#2815),#2834,.F.);
#2815 = FACE_BOUND('',#2816,.T.);
#2816 = EDGE_LOOP('',(#2817,#2818,#2826,#2833));
#2817 = ORIENTED_EDGE('',*,*,#2164,.T.);
#2818 = ORIENTED_EDGE('',*,*,#2819,.T.);
#2819 = EDGE_CURVE('',#2165,#2820,#2822,.T.);
#2820 = VERTEX_POINT('',#2821);
#2821 = CARTESIAN_POINT('',(28.6,-52.8,6.8));
#2822 = LINE('',#2823,#2824);
#2823 = CARTESIAN_POINT('',(28.6,-52.8,6.2));
#2824 = VECTOR('',#2825,1.);
#2825 = DIRECTION('',(0.,0.,1.));
#2826 = ORIENTED_EDGE('',*,*,#2827,.T.);
#2827 = EDGE_CURVE('',#2820,#2820,#2828,.T.);
#2828 = CIRCLE('',#2829,1.6);
#2829 = AXIS2_PLACEMENT_3D('',#2830,#2831,#2832);
#2830 = CARTESIAN_POINT('',(27.,-52.8,6.8));
#2831 = DIRECTION('',(0.,0.,1.));
#2832 = DIRECTION('',(1.,0.,0.));
#2833 = ORIENTED_EDGE('',*,*,#2819,.F.);
#2834 = CYLINDRICAL_SURFACE('',#2835,1.6);
#2835 = AXIS2_PLACEMENT_3D('',#2836,#2837,#2838);
#2836 = CARTESIAN_POINT('',(27.,-52.8,6.2));
#2837 = DIRECTION('',(-0.,-0.,-1.));
#2838 = DIRECTION('',(1.,0.,0.));
#2839 = ADVANCED_FACE('',(#2840),#2865,.F.);
#2840 = FACE_BOUND('',#2841,.F.);
#2841 = EDGE_LOOP('',(#2842,#2850,#2851,#2859));
#2842 = ORIENTED_EDGE('',*,*,#2843,.F.);
#2843 = EDGE_CURVE('',#2256,#2844,#2846,.T.);
#2844 = VERTEX_POINT('',#2845);
#2845 = CARTESIAN_POINT('',(44.05,-52.6,13.39));
#2846 = LINE('',#2847,#2848);
#2847 = CARTESIAN_POINT('',(44.05,-52.6,10.9));
#2848 = VECTOR('',#2849,1.);
#2849 = DIRECTION('',(0.,0.,1.));
#2850 = ORIENTED_EDGE('',*,*,#2255,.T.);
#2851 = ORIENTED_EDGE('',*,*,#2852,.T.);
#2852 = EDGE_CURVE('',#2258,#2853,#2855,.T.);
#2853 = VERTEX_POINT('',#2854);
#2854 = CARTESIAN_POINT('',(44.05,-49.45,13.39));
#2855 = LINE('',#2856,#2857);
#2856 = CARTESIAN_POINT('',(44.05,-49.45,11.645));
#2857 = VECTOR('',#2858,1.);
#2858 = DIRECTION('',(0.,0.,1.));
#2859 = ORIENTED_EDGE('',*,*,#2860,.F.);
#2860 = EDGE_CURVE('',#2844,#2853,#2861,.T.);
#2861 = LINE('',#2862,#2863);
#2862 = CARTESIAN_POINT('',(44.05,-45.84893884022,13.39));
#2863 = VECTOR('',#2864,1.);
#2864 = DIRECTION('',(0.,1.,0.));
#2865 = PLANE('',#2866);
#2866 = AXIS2_PLACEMENT_3D('',#2867,#2868,#2869);
#2867 = CARTESIAN_POINT('',(44.05,-52.6,10.9));
#2868 = DIRECTION('',(1.,0.,0.));
#2869 = DIRECTION('',(0.,0.,1.));
#2870 = ADVANCED_FACE('',(#2871),#2889,.T.);
#2871 = FACE_BOUND('',#2872,.T.);
#2872 = EDGE_LOOP('',(#2873,#2881,#2882,#2883));
#2873 = ORIENTED_EDGE('',*,*,#2874,.F.);
#2874 = EDGE_CURVE('',#2306,#2875,#2877,.T.);
#2875 = VERTEX_POINT('',#2876);
#2876 = CARTESIAN_POINT('',(44.45,-49.45,13.39));
#2877 = LINE('',#2878,#2879);
#2878 = CARTESIAN_POINT('',(44.45,-49.45,12.39));
#2879 = VECTOR('',#2880,1.);
#2880 = DIRECTION('',(0.,0.,1.));
#2881 = ORIENTED_EDGE('',*,*,#2313,.T.);
#2882 = ORIENTED_EDGE('',*,*,#2852,.T.);
#2883 = ORIENTED_EDGE('',*,*,#2884,.F.);
#2884 = EDGE_CURVE('',#2875,#2853,#2885,.T.);
#2885 = LINE('',#2886,#2887);
#2886 = CARTESIAN_POINT('',(33.496656284918,-49.45,13.39));
#2887 = VECTOR('',#2888,1.);
#2888 = DIRECTION('',(-1.,0.,0.));
#2889 = PLANE('',#2890);
#2890 = AXIS2_PLACEMENT_3D('',#2891,#2892,#2893);
#2891 = CARTESIAN_POINT('',(29.95,-49.45,12.39));
#2892 = DIRECTION('',(0.,1.,0.));
#2893 = DIRECTION('',(0.,0.,1.));
#2894 = ADVANCED_FACE('',(#2895),#2913,.F.);
#2895 = FACE_BOUND('',#2896,.F.);
#2896 = EDGE_LOOP('',(#2897,#2898,#2899,#2907));
#2897 = ORIENTED_EDGE('',*,*,#2874,.F.);
#2898 = ORIENTED_EDGE('',*,*,#2305,.T.);
#2899 = ORIENTED_EDGE('',*,*,#2900,.T.);
#2900 = EDGE_CURVE('',#2298,#2901,#2903,.T.);
#2901 = VERTEX_POINT('',#2902);
#2902 = CARTESIAN_POINT('',(44.45,-18.35,13.39));
#2903 = LINE('',#2904,#2905);
#2904 = CARTESIAN_POINT('',(44.45,-18.35,12.39));
#2905 = VECTOR('',#2906,1.);
#2906 = DIRECTION('',(0.,0.,1.));
#2907 = ORIENTED_EDGE('',*,*,#2908,.F.);
#2908 = EDGE_CURVE('',#2875,#2901,#2909,.T.);
#2909 = LINE('',#2910,#2911);
#2910 = CARTESIAN_POINT('',(44.45,-44.27393884022,13.39));
#2911 = VECTOR('',#2912,1.);
#2912 = DIRECTION('',(0.,1.,0.));
#2913 = PLANE('',#2914);
#2914 = AXIS2_PLACEMENT_3D('',#2915,#2916,#2917);
#2915 = CARTESIAN_POINT('',(44.45,-49.45,12.39));
#2916 = DIRECTION('',(1.,0.,0.));
#2917 = DIRECTION('',(0.,0.,1.));
#2918 = ADVANCED_FACE('',(#2919),#2937,.F.);
#2919 = FACE_BOUND('',#2920,.F.);
#2920 = EDGE_LOOP('',(#2921,#2922,#2923,#2931));
#2921 = ORIENTED_EDGE('',*,*,#2900,.F.);
#2922 = ORIENTED_EDGE('',*,*,#2297,.T.);
#2923 = ORIENTED_EDGE('',*,*,#2924,.T.);
#2924 = EDGE_CURVE('',#2290,#2925,#2927,.T.);
#2925 = VERTEX_POINT('',#2926);
#2926 = CARTESIAN_POINT('',(29.95,-18.35,13.39));
#2927 = LINE('',#2928,#2929);
#2928 = CARTESIAN_POINT('',(29.95,-18.35,12.39));
#2929 = VECTOR('',#2930,1.);
#2930 = DIRECTION('',(0.,0.,1.));
#2931 = ORIENTED_EDGE('',*,*,#2932,.F.);
#2932 = EDGE_CURVE('',#2901,#2925,#2933,.T.);
#2933 = LINE('',#2934,#2935);
#2934 = CARTESIAN_POINT('',(33.496656284918,-18.35,13.39));
#2935 = VECTOR('',#2936,1.);
#2936 = DIRECTION('',(-1.,0.,0.));
#2937 = PLANE('',#2938);
#2938 = AXIS2_PLACEMENT_3D('',#2939,#2940,#2941);
#2939 = CARTESIAN_POINT('',(29.95,-18.35,12.39));
#2940 = DIRECTION('',(0.,1.,0.));
#2941 = DIRECTION('',(0.,0.,1.));
#2942 = ADVANCED_FACE('',(#2943),#2961,.T.);
#2943 = FACE_BOUND('',#2944,.T.);
#2944 = EDGE_LOOP('',(#2945,#2953,#2954,#2955));
#2945 = ORIENTED_EDGE('',*,*,#2946,.F.);
#2946 = EDGE_CURVE('',#2282,#2947,#2949,.T.);
#2947 = VERTEX_POINT('',#2948);
#2948 = CARTESIAN_POINT('',(29.95,-49.45,13.39));
#2949 = LINE('',#2950,#2951);
#2950 = CARTESIAN_POINT('',(29.95,-49.45,12.39));
#2951 = VECTOR('',#2952,1.);
#2952 = DIRECTION('',(0.,0.,1.));
#2953 = ORIENTED_EDGE('',*,*,#2289,.T.);
#2954 = ORIENTED_EDGE('',*,*,#2924,.T.);
#2955 = ORIENTED_EDGE('',*,*,#2956,.F.);
#2956 = EDGE_CURVE('',#2947,#2925,#2957,.T.);
#2957 = LINE('',#2958,#2959);
#2958 = CARTESIAN_POINT('',(29.95,-44.27393884022,13.39));
#2959 = VECTOR('',#2960,1.);
#2960 = DIRECTION('',(0.,1.,0.));
#2961 = PLANE('',#2962);
#2962 = AXIS2_PLACEMENT_3D('',#2963,#2964,#2965);
#2963 = CARTESIAN_POINT('',(29.95,-49.45,12.39));
#2964 = DIRECTION('',(1.,0.,0.));
#2965 = DIRECTION('',(0.,0.,1.));
#2966 = ADVANCED_FACE('',(#2967),#2985,.T.);
#2967 = FACE_BOUND('',#2968,.T.);
#2968 = EDGE_LOOP('',(#2969,#2970,#2971,#2979));
#2969 = ORIENTED_EDGE('',*,*,#2281,.T.);
#2970 = ORIENTED_EDGE('',*,*,#2946,.T.);
#2971 = ORIENTED_EDGE('',*,*,#2972,.F.);
#2972 = EDGE_CURVE('',#2973,#2947,#2975,.T.);
#2973 = VERTEX_POINT('',#2974);
#2974 = CARTESIAN_POINT('',(30.35,-49.45,13.39));
#2975 = LINE('',#2976,#2977);
#2976 = CARTESIAN_POINT('',(33.496656284918,-49.45,13.39));
#2977 = VECTOR('',#2978,1.);
#2978 = DIRECTION('',(-1.,0.,0.));
#2979 = ORIENTED_EDGE('',*,*,#2980,.F.);
#2980 = EDGE_CURVE('',#2274,#2973,#2981,.T.);
#2981 = LINE('',#2982,#2983);
#2982 = CARTESIAN_POINT('',(30.35,-49.45,11.645));
#2983 = VECTOR('',#2984,1.);
#2984 = DIRECTION('',(0.,0.,1.));
#2985 = PLANE('',#2986);
#2986 = AXIS2_PLACEMENT_3D('',#2987,#2988,#2989);
#2987 = CARTESIAN_POINT('',(29.95,-49.45,12.39));
#2988 = DIRECTION('',(0.,1.,0.));
#2989 = DIRECTION('',(0.,0.,1.));
#2990 = ADVANCED_FACE('',(#2991),#3009,.T.);
#2991 = FACE_BOUND('',#2992,.T.);
#2992 = EDGE_LOOP('',(#2993,#3001,#3002,#3003));
#2993 = ORIENTED_EDGE('',*,*,#2994,.F.);
#2994 = EDGE_CURVE('',#2266,#2995,#2997,.T.);
#2995 = VERTEX_POINT('',#2996);
#2996 = CARTESIAN_POINT('',(30.35,-52.6,13.39));
#2997 = LINE('',#2998,#2999);
#2998 = CARTESIAN_POINT('',(30.35,-52.6,10.9));
#2999 = VECTOR('',#3000,1.);
#3000 = DIRECTION('',(0.,0.,1.));
#3001 = ORIENTED_EDGE('',*,*,#2273,.T.);
#3002 = ORIENTED_EDGE('',*,*,#2980,.T.);
#3003 = ORIENTED_EDGE('',*,*,#3004,.F.);
#3004 = EDGE_CURVE('',#2995,#2973,#3005,.T.);
#3005 = LINE('',#3006,#3007);
#3006 = CARTESIAN_POINT('',(30.35,-45.84893884022,13.39));
#3007 = VECTOR('',#3008,1.);
#3008 = DIRECTION('',(0.,1.,0.));
#3009 = PLANE('',#3010);
#3010 = AXIS2_PLACEMENT_3D('',#3011,#3012,#3013);
#3011 = CARTESIAN_POINT('',(30.35,-52.6,10.9));
#3012 = DIRECTION('',(1.,0.,0.));
#3013 = DIRECTION('',(0.,0.,1.));
#3014 = ADVANCED_FACE('',(#3015),#3026,.T.);
#3015 = FACE_BOUND('',#3016,.T.);
#3016 = EDGE_LOOP('',(#3017,#3018,#3019,#3020));
#3017 = ORIENTED_EDGE('',*,*,#2843,.F.);
#3018 = ORIENTED_EDGE('',*,*,#2265,.T.);
#3019 = ORIENTED_EDGE('',*,*,#2994,.T.);
#3020 = ORIENTED_EDGE('',*,*,#3021,.F.);
#3021 = EDGE_CURVE('',#2844,#2995,#3022,.T.);
#3022 = LINE('',#3023,#3024);
#3023 = CARTESIAN_POINT('',(33.696656284918,-52.6,13.39));
#3024 = VECTOR('',#3025,1.);
#3025 = DIRECTION('',(-1.,0.,0.));
#3026 = PLANE('',#3027);
#3027 = AXIS2_PLACEMENT_3D('',#3028,#3029,#3030);
#3028 = CARTESIAN_POINT('',(30.35,-52.6,10.9));
#3029 = DIRECTION('',(0.,1.,0.));
#3030 = DIRECTION('',(0.,0.,1.));
#3031 = ADVANCED_FACE('',(#3032),#3058,.F.);
#3032 = FACE_BOUND('',#3033,.T.);
#3033 = EDGE_LOOP('',(#3034,#3042,#3043,#3051));
#3034 = ORIENTED_EDGE('',*,*,#3035,.T.);
#3035 = EDGE_CURVE('',#3036,#2344,#3038,.T.);
#3036 = VERTEX_POINT('',#3037);
#3037 = CARTESIAN_POINT('',(33.,-55.7,12.99));
#3038 = LINE('',#3039,#3040);
#3039 = CARTESIAN_POINT('',(33.,-55.7,12.99));
#3040 = VECTOR('',#3041,1.);
#3041 = DIRECTION('',(0.,0.,1.));
#3042 = ORIENTED_EDGE('',*,*,#2343,.T.);
#3043 = ORIENTED_EDGE('',*,*,#3044,.F.);
#3044 = EDGE_CURVE('',#3045,#2346,#3047,.T.);
#3045 = VERTEX_POINT('',#3046);
#3046 = CARTESIAN_POINT('',(32.,-54.7,12.99));
#3047 = LINE('',#3048,#3049);
#3048 = CARTESIAN_POINT('',(32.,-54.7,12.99));
#3049 = VECTOR('',#3050,1.);
#3050 = DIRECTION('',(0.,0.,1.));
#3051 = ORIENTED_EDGE('',*,*,#3052,.F.);
#3052 = EDGE_CURVE('',#3036,#3045,#3053,.T.);
#3053 = CIRCLE('',#3054,1.);
#3054 = AXIS2_PLACEMENT_3D('',#3055,#3056,#3057);
#3055 = CARTESIAN_POINT('',(32.,-55.7,12.99));
#3056 = DIRECTION('',(-0.,0.,1.));
#3057 = DIRECTION('',(1.,-1.421E-14,0.));
#3058 = CYLINDRICAL_SURFACE('',#3059,1.);
#3059 = AXIS2_PLACEMENT_3D('',#3060,#3061,#3062);
#3060 = CARTESIAN_POINT('',(32.,-55.7,12.99));
#3061 = DIRECTION('',(0.,0.,-1.));
#3062 = DIRECTION('',(1.,-1.421E-14,0.));
#3063 = ADVANCED_FACE('',(#3064),#3082,.T.);
#3064 = FACE_BOUND('',#3065,.T.);
#3065 = EDGE_LOOP('',(#3066,#3067,#3068,#3076));
#3066 = ORIENTED_EDGE('',*,*,#3044,.T.);
#3067 = ORIENTED_EDGE('',*,*,#2405,.T.);
#3068 = ORIENTED_EDGE('',*,*,#3069,.F.);
#3069 = EDGE_CURVE('',#3070,#2397,#3072,.T.);
#3070 = VERTEX_POINT('',#3071);
#3071 = CARTESIAN_POINT('',(28.5,-54.7,12.99));
#3072 = LINE('',#3073,#3074);
#3073 = CARTESIAN_POINT('',(28.5,-54.7,12.99));
#3074 = VECTOR('',#3075,1.);
#3075 = DIRECTION('',(0.,0.,1.));
#3076 = ORIENTED_EDGE('',*,*,#3077,.F.);
#3077 = EDGE_CURVE('',#3045,#3070,#3078,.T.);
#3078 = LINE('',#3079,#3080);
#3079 = CARTESIAN_POINT('',(32.,-54.7,12.99));
#3080 = VECTOR('',#3081,1.);
#3081 = DIRECTION('',(-1.,0.,0.));
#3082 = PLANE('',#3083);
#3083 = AXIS2_PLACEMENT_3D('',#3084,#3085,#3086);
#3084 = CARTESIAN_POINT('',(32.,-54.7,12.99));
#3085 = DIRECTION('',(0.,-1.,0.));
#3086 = DIRECTION('',(-1.,0.,0.));
#3087 = ADVANCED_FACE('',(#3088),#3107,.F.);
#3088 = FACE_BOUND('',#3089,.T.);
#3089 = EDGE_LOOP('',(#3090,#3091,#3092,#3100));
#3090 = ORIENTED_EDGE('',*,*,#3069,.T.);
#3091 = ORIENTED_EDGE('',*,*,#2396,.T.);
#3092 = ORIENTED_EDGE('',*,*,#3093,.F.);
#3093 = EDGE_CURVE('',#3094,#2389,#3096,.T.);
#3094 = VERTEX_POINT('',#3095);
#3095 = CARTESIAN_POINT('',(27.5,-55.7,12.99));
#3096 = LINE('',#3097,#3098);
#3097 = CARTESIAN_POINT('',(27.5,-55.7,12.99));
#3098 = VECTOR('',#3099,1.);
#3099 = DIRECTION('',(0.,0.,1.));
#3100 = ORIENTED_EDGE('',*,*,#3101,.F.);
#3101 = EDGE_CURVE('',#3070,#3094,#3102,.T.);
#3102 = CIRCLE('',#3103,1.);
#3103 = AXIS2_PLACEMENT_3D('',#3104,#3105,#3106);
#3104 = CARTESIAN_POINT('',(28.5,-55.7,12.99));
#3105 = DIRECTION('',(0.,-0.,1.));
#3106 = DIRECTION('',(7.11E-15,1.,0.));
#3107 = CYLINDRICAL_SURFACE('',#3108,1.);
#3108 = AXIS2_PLACEMENT_3D('',#3109,#3110,#3111);
#3109 = CARTESIAN_POINT('',(28.5,-55.7,12.99));
#3110 = DIRECTION('',(0.,0.,-1.));
#3111 = DIRECTION('',(7.11E-15,1.,0.));
#3112 = ADVANCED_FACE('',(#3113),#3131,.T.);
#3113 = FACE_BOUND('',#3114,.T.);
#3114 = EDGE_LOOP('',(#3115,#3116,#3117,#3125));
#3115 = ORIENTED_EDGE('',*,*,#3093,.T.);
#3116 = ORIENTED_EDGE('',*,*,#2388,.T.);
#3117 = ORIENTED_EDGE('',*,*,#3118,.F.);
#3118 = EDGE_CURVE('',#3119,#2380,#3121,.T.);
#3119 = VERTEX_POINT('',#3120);
#3120 = CARTESIAN_POINT('',(27.5,-64.9,12.99));
#3121 = LINE('',#3122,#3123);
#3122 = CARTESIAN_POINT('',(27.5,-64.9,12.99));
#3123 = VECTOR('',#3124,1.);
#3124 = DIRECTION('',(0.,0.,1.));
#3125 = ORIENTED_EDGE('',*,*,#3126,.F.);
#3126 = EDGE_CURVE('',#3094,#3119,#3127,.T.);
#3127 = LINE('',#3128,#3129);
#3128 = CARTESIAN_POINT('',(27.5,-55.7,12.99));
#3129 = VECTOR('',#3130,1.);
#3130 = DIRECTION('',(0.,-1.,0.));
#3131 = PLANE('',#3132);
#3132 = AXIS2_PLACEMENT_3D('',#3133,#3134,#3135);
#3133 = CARTESIAN_POINT('',(27.5,-55.7,12.99));
#3134 = DIRECTION('',(1.,0.,0.));
#3135 = DIRECTION('',(0.,-1.,0.));
#3136 = ADVANCED_FACE('',(#3137),#3165,.F.);
#3137 = FACE_BOUND('',#3138,.T.);
#3138 = EDGE_LOOP('',(#3139,#3140,#3141,#3149,#3158));
#3139 = ORIENTED_EDGE('',*,*,#3118,.T.);
#3140 = ORIENTED_EDGE('',*,*,#2379,.T.);
#3141 = ORIENTED_EDGE('',*,*,#3142,.F.);
#3142 = EDGE_CURVE('',#3143,#2372,#3145,.T.);
#3143 = VERTEX_POINT('',#3144);
#3144 = CARTESIAN_POINT('',(28.5,-65.9,12.99));
#3145 = LINE('',#3146,#3147);
#3146 = CARTESIAN_POINT('',(28.5,-65.9,12.99));
#3147 = VECTOR('',#3148,1.);
#3148 = DIRECTION('',(0.,0.,1.));
#3149 = ORIENTED_EDGE('',*,*,#3150,.F.);
#3150 = EDGE_CURVE('',#3151,#3143,#3153,.T.);
#3151 = VERTEX_POINT('',#3152);
#3152 = CARTESIAN_POINT('',(28.064110105646,-65.8,12.99));
#3153 = CIRCLE('',#3154,1.);
#3154 = AXIS2_PLACEMENT_3D('',#3155,#3156,#3157);
#3155 = CARTESIAN_POINT('',(28.5,-64.9,12.99));
#3156 = DIRECTION('',(0.,0.,1.));
#3157 = DIRECTION('',(-1.,1.421E-14,0.));
#3158 = ORIENTED_EDGE('',*,*,#3159,.F.);
#3159 = EDGE_CURVE('',#3119,#3151,#3160,.T.);
#3160 = CIRCLE('',#3161,1.);
#3161 = AXIS2_PLACEMENT_3D('',#3162,#3163,#3164);
#3162 = CARTESIAN_POINT('',(28.5,-64.9,12.99));
#3163 = DIRECTION('',(0.,0.,1.));
#3164 = DIRECTION('',(-1.,1.421E-14,0.));
#3165 = CYLINDRICAL_SURFACE('',#3166,1.);
#3166 = AXIS2_PLACEMENT_3D('',#3167,#3168,#3169);
#3167 = CARTESIAN_POINT('',(28.5,-64.9,12.99));
#3168 = DIRECTION('',(-0.,-0.,-1.));
#3169 = DIRECTION('',(-1.,1.421E-14,0.));
#3170 = ADVANCED_FACE('',(#3171),#3189,.T.);
#3171 = FACE_BOUND('',#3172,.T.);
#3172 = EDGE_LOOP('',(#3173,#3174,#3175,#3183));
#3173 = ORIENTED_EDGE('',*,*,#3142,.T.);
#3174 = ORIENTED_EDGE('',*,*,#2371,.T.);
#3175 = ORIENTED_EDGE('',*,*,#3176,.F.);
#3176 = EDGE_CURVE('',#3177,#2363,#3179,.T.);
#3177 = VERTEX_POINT('',#3178);
#3178 = CARTESIAN_POINT('',(32.,-65.9,12.99));
#3179 = LINE('',#3180,#3181);
#3180 = CARTESIAN_POINT('',(32.,-65.9,12.99));
#3181 = VECTOR('',#3182,1.);
#3182 = DIRECTION('',(0.,0.,1.));
#3183 = ORIENTED_EDGE('',*,*,#3184,.F.);
#3184 = EDGE_CURVE('',#3143,#3177,#3185,.T.);
#3185 = LINE('',#3186,#3187);
#3186 = CARTESIAN_POINT('',(28.5,-65.9,12.99));
#3187 = VECTOR('',#3188,1.);
#3188 = DIRECTION('',(1.,0.,0.));
#3189 = PLANE('',#3190);
#3190 = AXIS2_PLACEMENT_3D('',#3191,#3192,#3193);
#3191 = CARTESIAN_POINT('',(28.5,-65.9,12.99));
#3192 = DIRECTION('',(0.,1.,0.));
#3193 = DIRECTION('',(1.,0.,0.));
#3194 = ADVANCED_FACE('',(#3195),#3223,.F.);
#3195 = FACE_BOUND('',#3196,.T.);
#3196 = EDGE_LOOP('',(#3197,#3198,#3199,#3207,#3216));
#3197 = ORIENTED_EDGE('',*,*,#3176,.T.);
#3198 = ORIENTED_EDGE('',*,*,#2362,.T.);
#3199 = ORIENTED_EDGE('',*,*,#3200,.F.);
#3200 = EDGE_CURVE('',#3201,#2355,#3203,.T.);
#3201 = VERTEX_POINT('',#3202);
#3202 = CARTESIAN_POINT('',(33.,-64.9,12.99));
#3203 = LINE('',#3204,#3205);
#3204 = CARTESIAN_POINT('',(33.,-64.9,12.99));
#3205 = VECTOR('',#3206,1.);
#3206 = DIRECTION('',(0.,0.,1.));
#3207 = ORIENTED_EDGE('',*,*,#3208,.F.);
#3208 = EDGE_CURVE('',#3209,#3201,#3211,.T.);
#3209 = VERTEX_POINT('',#3210);
#3210 = CARTESIAN_POINT('',(32.435889894354,-65.8,12.99));
#3211 = CIRCLE('',#3212,1.);
#3212 = AXIS2_PLACEMENT_3D('',#3213,#3214,#3215);
#3213 = CARTESIAN_POINT('',(32.,-64.9,12.99));
#3214 = DIRECTION('',(0.,0.,1.));
#3215 = DIRECTION('',(-2.132E-14,-1.,0.));
#3216 = ORIENTED_EDGE('',*,*,#3217,.F.);
#3217 = EDGE_CURVE('',#3177,#3209,#3218,.T.);
#3218 = CIRCLE('',#3219,1.);
#3219 = AXIS2_PLACEMENT_3D('',#3220,#3221,#3222);
#3220 = CARTESIAN_POINT('',(32.,-64.9,12.99));
#3221 = DIRECTION('',(0.,0.,1.));
#3222 = DIRECTION('',(-2.132E-14,-1.,0.));
#3223 = CYLINDRICAL_SURFACE('',#3224,1.);
#3224 = AXIS2_PLACEMENT_3D('',#3225,#3226,#3227);
#3225 = CARTESIAN_POINT('',(32.,-64.9,12.99));
#3226 = DIRECTION('',(-0.,-0.,-1.));
#3227 = DIRECTION('',(-2.132E-14,-1.,0.));
#3228 = ADVANCED_FACE('',(#3229),#3240,.T.);
#3229 = FACE_BOUND('',#3230,.T.);
#3230 = EDGE_LOOP('',(#3231,#3232,#3233,#3234));
#3231 = ORIENTED_EDGE('',*,*,#3200,.T.);
#3232 = ORIENTED_EDGE('',*,*,#2354,.T.);
#3233 = ORIENTED_EDGE('',*,*,#3035,.F.);
#3234 = ORIENTED_EDGE('',*,*,#3235,.F.);
#3235 = EDGE_CURVE('',#3201,#3036,#3236,.T.);
#3236 = LINE('',#3237,#3238);
#3237 = CARTESIAN_POINT('',(33.,-64.9,12.99));
#3238 = VECTOR('',#3239,1.);
#3239 = DIRECTION('',(0.,1.,0.));
#3240 = PLANE('',#3241);
#3241 = AXIS2_PLACEMENT_3D('',#3242,#3243,#3244);
#3242 = CARTESIAN_POINT('',(33.,-64.9,12.99));
#3243 = DIRECTION('',(-1.,0.,0.));
#3244 = DIRECTION('',(0.,1.,0.));
#3245 = ADVANCED_FACE('',(#3246),#3271,.T.);
#3246 = FACE_BOUND('',#3247,.T.);
#3247 = EDGE_LOOP('',(#3248,#3256,#3257,#3265));
#3248 = ORIENTED_EDGE('',*,*,#3249,.T.);
#3249 = EDGE_CURVE('',#3250,#2414,#3252,.T.);
#3250 = VERTEX_POINT('',#3251);
#3251 = CARTESIAN_POINT('',(45.5,-63.6,12.99));
#3252 = LINE('',#3253,#3254);
#3253 = CARTESIAN_POINT('',(45.5,-63.6,12.99));
#3254 = VECTOR('',#3255,1.);
#3255 = DIRECTION('',(0.,0.,1.));
#3256 = ORIENTED_EDGE('',*,*,#2413,.T.);
#3257 = ORIENTED_EDGE('',*,*,#3258,.F.);
#3258 = EDGE_CURVE('',#3259,#2416,#3261,.T.);
#3259 = VERTEX_POINT('',#3260);
#3260 = CARTESIAN_POINT('',(36.,-63.6,12.99));
#3261 = LINE('',#3262,#3263);
#3262 = CARTESIAN_POINT('',(36.,-63.6,12.99));
#3263 = VECTOR('',#3264,1.);
#3264 = DIRECTION('',(0.,0.,1.));
#3265 = ORIENTED_EDGE('',*,*,#3266,.F.);
#3266 = EDGE_CURVE('',#3250,#3259,#3267,.T.);
#3267 = LINE('',#3268,#3269);
#3268 = CARTESIAN_POINT('',(45.5,-63.6,12.99));
#3269 = VECTOR('',#3270,1.);
#3270 = DIRECTION('',(-1.,0.,0.));
#3271 = PLANE('',#3272);
#3272 = AXIS2_PLACEMENT_3D('',#3273,#3274,#3275);
#3273 = CARTESIAN_POINT('',(45.5,-63.6,12.99));
#3274 = DIRECTION('',(0.,-1.,0.));
#3275 = DIRECTION('',(-1.,0.,0.));
#3276 = ADVANCED_FACE('',(#3277),#3306,.F.);
#3277 = FACE_BOUND('',#3278,.T.);
#3278 = EDGE_LOOP('',(#3279,#3287,#3296,#3303,#3304,#3305));
#3279 = ORIENTED_EDGE('',*,*,#3280,.F.);
#3280 = EDGE_CURVE('',#3281,#2442,#3283,.T.);
#3281 = VERTEX_POINT('',#3282);
#3282 = CARTESIAN_POINT('',(36.,-64.6,12.99));
#3283 = LINE('',#3284,#3285);
#3284 = CARTESIAN_POINT('',(36.,-64.6,12.99));
#3285 = VECTOR('',#3286,1.);
#3286 = DIRECTION('',(0.,0.,1.));
#3287 = ORIENTED_EDGE('',*,*,#3288,.F.);
#3288 = EDGE_CURVE('',#3289,#3281,#3291,.T.);
#3289 = VERTEX_POINT('',#3290);
#3290 = CARTESIAN_POINT('',(35.5,-64.1,12.99));
#3291 = CIRCLE('',#3292,0.5);
#3292 = AXIS2_PLACEMENT_3D('',#3293,#3294,#3295);
#3293 = CARTESIAN_POINT('',(36.,-64.1,12.99));
#3294 = DIRECTION('',(0.,0.,1.));
#3295 = DIRECTION('',(-1.,2.842E-14,0.));
#3296 = ORIENTED_EDGE('',*,*,#3297,.F.);
#3297 = EDGE_CURVE('',#3259,#3289,#3298,.T.);
#3298 = CIRCLE('',#3299,0.5);
#3299 = AXIS2_PLACEMENT_3D('',#3300,#3301,#3302);
#3300 = CARTESIAN_POINT('',(36.,-64.1,12.99));
#3301 = DIRECTION('',(0.,-0.,1.));
#3302 = DIRECTION('',(1.421E-14,1.,0.));
#3303 = ORIENTED_EDGE('',*,*,#3258,.T.);
#3304 = ORIENTED_EDGE('',*,*,#2458,.T.);
#3305 = ORIENTED_EDGE('',*,*,#2449,.T.);
#3306 = CYLINDRICAL_SURFACE('',#3307,0.5);
#3307 = AXIS2_PLACEMENT_3D('',#3308,#3309,#3310);
#3308 = CARTESIAN_POINT('',(36.,-64.1,12.99));
#3309 = DIRECTION('',(0.,0.,-1.));
#3310 = DIRECTION('',(1.421E-14,1.,0.));
#3311 = ADVANCED_FACE('',(#3312),#3330,.T.);
#3312 = FACE_BOUND('',#3313,.T.);
#3313 = EDGE_LOOP('',(#3314,#3315,#3316,#3324));
#3314 = ORIENTED_EDGE('',*,*,#3280,.T.);
#3315 = ORIENTED_EDGE('',*,*,#2441,.T.);
#3316 = ORIENTED_EDGE('',*,*,#3317,.F.);
#3317 = EDGE_CURVE('',#3318,#2433,#3320,.T.);
#3318 = VERTEX_POINT('',#3319);
#3319 = CARTESIAN_POINT('',(45.5,-64.6,12.99));
#3320 = LINE('',#3321,#3322);
#3321 = CARTESIAN_POINT('',(45.5,-64.6,12.99));
#3322 = VECTOR('',#3323,1.);
#3323 = DIRECTION('',(0.,0.,1.));
#3324 = ORIENTED_EDGE('',*,*,#3325,.F.);
#3325 = EDGE_CURVE('',#3281,#3318,#3326,.T.);
#3326 = LINE('',#3327,#3328);
#3327 = CARTESIAN_POINT('',(36.,-64.6,12.99));
#3328 = VECTOR('',#3329,1.);
#3329 = DIRECTION('',(1.,0.,0.));
#3330 = PLANE('',#3331);
#3331 = AXIS2_PLACEMENT_3D('',#3332,#3333,#3334);
#3332 = CARTESIAN_POINT('',(36.,-64.6,12.99));
#3333 = DIRECTION('',(0.,1.,0.));
#3334 = DIRECTION('',(1.,0.,0.));
#3335 = ADVANCED_FACE('',(#3336),#3358,.F.);
#3336 = FACE_BOUND('',#3337,.T.);
#3337 = EDGE_LOOP('',(#3338,#3339,#3348,#3355,#3356,#3357));
#3338 = ORIENTED_EDGE('',*,*,#3249,.F.);
#3339 = ORIENTED_EDGE('',*,*,#3340,.F.);
#3340 = EDGE_CURVE('',#3341,#3250,#3343,.T.);
#3341 = VERTEX_POINT('',#3342);
#3342 = CARTESIAN_POINT('',(46.,-64.1,12.99));
#3343 = CIRCLE('',#3344,0.5);
#3344 = AXIS2_PLACEMENT_3D('',#3345,#3346,#3347);
#3345 = CARTESIAN_POINT('',(45.5,-64.1,12.99));
#3346 = DIRECTION('',(-0.,0.,1.));
#3347 = DIRECTION('',(1.,-2.842E-14,0.));
#3348 = ORIENTED_EDGE('',*,*,#3349,.F.);
#3349 = EDGE_CURVE('',#3318,#3341,#3350,.T.);
#3350 = CIRCLE('',#3351,0.5);
#3351 = AXIS2_PLACEMENT_3D('',#3352,#3353,#3354);
#3352 = CARTESIAN_POINT('',(45.5,-64.1,12.99));
#3353 = DIRECTION('',(0.,0.,1.));
#3354 = DIRECTION('',(-1.421E-14,-1.,0.));
#3355 = ORIENTED_EDGE('',*,*,#3317,.T.);
#3356 = ORIENTED_EDGE('',*,*,#2432,.T.);
#3357 = ORIENTED_EDGE('',*,*,#2423,.T.);
#3358 = CYLINDRICAL_SURFACE('',#3359,0.5);
#3359 = AXIS2_PLACEMENT_3D('',#3360,#3361,#3362);
#3360 = CARTESIAN_POINT('',(45.5,-64.1,12.99));
#3361 = DIRECTION('',(-0.,-0.,-1.));
#3362 = DIRECTION('',(-1.421E-14,-1.,0.));
#3363 = ADVANCED_FACE('',(#3364),#3389,.T.);
#3364 = FACE_BOUND('',#3365,.T.);
#3365 = EDGE_LOOP('',(#3366,#3374,#3375,#3383));
#3366 = ORIENTED_EDGE('',*,*,#3367,.T.);
#3367 = EDGE_CURVE('',#3368,#2468,#3370,.T.);
#3368 = VERTEX_POINT('',#3369);
#3369 = CARTESIAN_POINT('',(45.5,-61.4,12.99));
#3370 = LINE('',#3371,#3372);
#3371 = CARTESIAN_POINT('',(45.5,-61.4,12.99));
#3372 = VECTOR('',#3373,1.);
#3373 = DIRECTION('',(0.,0.,1.));
#3374 = ORIENTED_EDGE('',*,*,#2467,.T.);
#3375 = ORIENTED_EDGE('',*,*,#3376,.F.);
#3376 = EDGE_CURVE('',#3377,#2470,#3379,.T.);
#3377 = VERTEX_POINT('',#3378);
#3378 = CARTESIAN_POINT('',(36.,-61.4,12.99));
#3379 = LINE('',#3380,#3381);
#3380 = CARTESIAN_POINT('',(36.,-61.4,12.99));
#3381 = VECTOR('',#3382,1.);
#3382 = DIRECTION('',(0.,0.,1.));
#3383 = ORIENTED_EDGE('',*,*,#3384,.F.);
#3384 = EDGE_CURVE('',#3368,#3377,#3385,.T.);
#3385 = LINE('',#3386,#3387);
#3386 = CARTESIAN_POINT('',(45.5,-61.4,12.99));
#3387 = VECTOR('',#3388,1.);
#3388 = DIRECTION('',(-1.,0.,0.));
#3389 = PLANE('',#3390);
#3390 = AXIS2_PLACEMENT_3D('',#3391,#3392,#3393);
#3391 = CARTESIAN_POINT('',(45.5,-61.4,12.99));
#3392 = DIRECTION('',(0.,-1.,0.));
#3393 = DIRECTION('',(-1.,0.,0.));
#3394 = ADVANCED_FACE('',(#3395),#3424,.F.);
#3395 = FACE_BOUND('',#3396,.T.);
#3396 = EDGE_LOOP('',(#3397,#3405,#3414,#3421,#3422,#3423));
#3397 = ORIENTED_EDGE('',*,*,#3398,.F.);
#3398 = EDGE_CURVE('',#3399,#2496,#3401,.T.);
#3399 = VERTEX_POINT('',#3400);
#3400 = CARTESIAN_POINT('',(36.,-62.4,12.99));
#3401 = LINE('',#3402,#3403);
#3402 = CARTESIAN_POINT('',(36.,-62.4,12.99));
#3403 = VECTOR('',#3404,1.);
#3404 = DIRECTION('',(0.,0.,1.));
#3405 = ORIENTED_EDGE('',*,*,#3406,.F.);
#3406 = EDGE_CURVE('',#3407,#3399,#3409,.T.);
#3407 = VERTEX_POINT('',#3408);
#3408 = CARTESIAN_POINT('',(35.5,-61.9,12.99));
#3409 = CIRCLE('',#3410,0.5);
#3410 = AXIS2_PLACEMENT_3D('',#3411,#3412,#3413);
#3411 = CARTESIAN_POINT('',(36.,-61.9,12.99));
#3412 = DIRECTION('',(0.,0.,1.));
#3413 = DIRECTION('',(-1.,1.421E-14,0.));
#3414 = ORIENTED_EDGE('',*,*,#3415,.F.);
#3415 = EDGE_CURVE('',#3377,#3407,#3416,.T.);
#3416 = CIRCLE('',#3417,0.5);
#3417 = AXIS2_PLACEMENT_3D('',#3418,#3419,#3420);
#3418 = CARTESIAN_POINT('',(36.,-61.9,12.99));
#3419 = DIRECTION('',(0.,-0.,1.));
#3420 = DIRECTION('',(1.421E-14,1.,0.));
#3421 = ORIENTED_EDGE('',*,*,#3376,.T.);
#3422 = ORIENTED_EDGE('',*,*,#2512,.T.);
#3423 = ORIENTED_EDGE('',*,*,#2503,.T.);
#3424 = CYLINDRICAL_SURFACE('',#3425,0.5);
#3425 = AXIS2_PLACEMENT_3D('',#3426,#3427,#3428);
#3426 = CARTESIAN_POINT('',(36.,-61.9,12.99));
#3427 = DIRECTION('',(0.,0.,-1.));
#3428 = DIRECTION('',(1.421E-14,1.,0.));
#3429 = ADVANCED_FACE('',(#3430),#3448,.T.);
#3430 = FACE_BOUND('',#3431,.T.);
#3431 = EDGE_LOOP('',(#3432,#3433,#3434,#3442));
#3432 = ORIENTED_EDGE('',*,*,#3398,.T.);
#3433 = ORIENTED_EDGE('',*,*,#2495,.T.);
#3434 = ORIENTED_EDGE('',*,*,#3435,.F.);
#3435 = EDGE_CURVE('',#3436,#2487,#3438,.T.);
#3436 = VERTEX_POINT('',#3437);
#3437 = CARTESIAN_POINT('',(45.5,-62.4,12.99));
#3438 = LINE('',#3439,#3440);
#3439 = CARTESIAN_POINT('',(45.5,-62.4,12.99));
#3440 = VECTOR('',#3441,1.);
#3441 = DIRECTION('',(0.,0.,1.));
#3442 = ORIENTED_EDGE('',*,*,#3443,.F.);
#3443 = EDGE_CURVE('',#3399,#3436,#3444,.T.);
#3444 = LINE('',#3445,#3446);
#3445 = CARTESIAN_POINT('',(36.,-62.4,12.99));
#3446 = VECTOR('',#3447,1.);
#3447 = DIRECTION('',(1.,0.,0.));
#3448 = PLANE('',#3449);
#3449 = AXIS2_PLACEMENT_3D('',#3450,#3451,#3452);
#3450 = CARTESIAN_POINT('',(36.,-62.4,12.99));
#3451 = DIRECTION('',(0.,1.,0.));
#3452 = DIRECTION('',(1.,0.,0.));
#3453 = ADVANCED_FACE('',(#3454),#3476,.F.);
#3454 = FACE_BOUND('',#3455,.T.);
#3455 = EDGE_LOOP('',(#3456,#3457,#3466,#3473,#3474,#3475));
#3456 = ORIENTED_EDGE('',*,*,#3367,.F.);
#3457 = ORIENTED_EDGE('',*,*,#3458,.F.);
#3458 = EDGE_CURVE('',#3459,#3368,#3461,.T.);
#3459 = VERTEX_POINT('',#3460);
#3460 = CARTESIAN_POINT('',(46.,-61.9,12.99));
#3461 = CIRCLE('',#3462,0.5);
#3462 = AXIS2_PLACEMENT_3D('',#3463,#3464,#3465);
#3463 = CARTESIAN_POINT('',(45.5,-61.9,12.99));
#3464 = DIRECTION('',(-0.,0.,1.));
#3465 = DIRECTION('',(1.,-1.421E-14,0.));
#3466 = ORIENTED_EDGE('',*,*,#3467,.F.);
#3467 = EDGE_CURVE('',#3436,#3459,#3468,.T.);
#3468 = CIRCLE('',#3469,0.5);
#3469 = AXIS2_PLACEMENT_3D('',#3470,#3471,#3472);
#3470 = CARTESIAN_POINT('',(45.5,-61.9,12.99));
#3471 = DIRECTION('',(0.,0.,1.));
#3472 = DIRECTION('',(-1.421E-14,-1.,0.));
#3473 = ORIENTED_EDGE('',*,*,#3435,.T.);
#3474 = ORIENTED_EDGE('',*,*,#2486,.T.);
#3475 = ORIENTED_EDGE('',*,*,#2477,.T.);
#3476 = CYLINDRICAL_SURFACE('',#3477,0.5);
#3477 = AXIS2_PLACEMENT_3D('',#3478,#3479,#3480);
#3478 = CARTESIAN_POINT('',(45.5,-61.9,12.99));
#3479 = DIRECTION('',(-0.,-0.,-1.));
#3480 = DIRECTION('',(-1.421E-14,-1.,0.));
#3481 = ADVANCED_FACE('',(#3482),#3507,.T.);
#3482 = FACE_BOUND('',#3483,.T.);
#3483 = EDGE_LOOP('',(#3484,#3492,#3493,#3501));
#3484 = ORIENTED_EDGE('',*,*,#3485,.T.);
#3485 = EDGE_CURVE('',#3486,#2522,#3488,.T.);
#3486 = VERTEX_POINT('',#3487);
#3487 = CARTESIAN_POINT('',(45.5,-59.2,12.99));
#3488 = LINE('',#3489,#3490);
#3489 = CARTESIAN_POINT('',(45.5,-59.2,12.99));
#3490 = VECTOR('',#3491,1.);
#3491 = DIRECTION('',(0.,0.,1.));
#3492 = ORIENTED_EDGE('',*,*,#2521,.T.);
#3493 = ORIENTED_EDGE('',*,*,#3494,.F.);
#3494 = EDGE_CURVE('',#3495,#2524,#3497,.T.);
#3495 = VERTEX_POINT('',#3496);
#3496 = CARTESIAN_POINT('',(36.,-59.2,12.99));
#3497 = LINE('',#3498,#3499);
#3498 = CARTESIAN_POINT('',(36.,-59.2,12.99));
#3499 = VECTOR('',#3500,1.);
#3500 = DIRECTION('',(0.,0.,1.));
#3501 = ORIENTED_EDGE('',*,*,#3502,.F.);
#3502 = EDGE_CURVE('',#3486,#3495,#3503,.T.);
#3503 = LINE('',#3504,#3505);
#3504 = CARTESIAN_POINT('',(45.5,-59.2,12.99));
#3505 = VECTOR('',#3506,1.);
#3506 = DIRECTION('',(-1.,0.,0.));
#3507 = PLANE('',#3508);
#3508 = AXIS2_PLACEMENT_3D('',#3509,#3510,#3511);
#3509 = CARTESIAN_POINT('',(45.5,-59.2,12.99));
#3510 = DIRECTION('',(0.,-1.,0.));
#3511 = DIRECTION('',(-1.,0.,0.));
#3512 = ADVANCED_FACE('',(#3513),#3542,.F.);
#3513 = FACE_BOUND('',#3514,.T.);
#3514 = EDGE_LOOP('',(#3515,#3523,#3532,#3539,#3540,#3541));
#3515 = ORIENTED_EDGE('',*,*,#3516,.F.);
#3516 = EDGE_CURVE('',#3517,#2550,#3519,.T.);
#3517 = VERTEX_POINT('',#3518);
#3518 = CARTESIAN_POINT('',(36.,-60.2,12.99));
#3519 = LINE('',#3520,#3521);
#3520 = CARTESIAN_POINT('',(36.,-60.2,12.99));
#3521 = VECTOR('',#3522,1.);
#3522 = DIRECTION('',(0.,0.,1.));
#3523 = ORIENTED_EDGE('',*,*,#3524,.F.);
#3524 = EDGE_CURVE('',#3525,#3517,#3527,.T.);
#3525 = VERTEX_POINT('',#3526);
#3526 = CARTESIAN_POINT('',(35.5,-59.7,12.99));
#3527 = CIRCLE('',#3528,0.5);
#3528 = AXIS2_PLACEMENT_3D('',#3529,#3530,#3531);
#3529 = CARTESIAN_POINT('',(36.,-59.7,12.99));
#3530 = DIRECTION('',(0.,0.,1.));
#3531 = DIRECTION('',(-1.,1.421E-14,0.));
#3532 = ORIENTED_EDGE('',*,*,#3533,.F.);
#3533 = EDGE_CURVE('',#3495,#3525,#3534,.T.);
#3534 = CIRCLE('',#3535,0.5);
#3535 = AXIS2_PLACEMENT_3D('',#3536,#3537,#3538);
#3536 = CARTESIAN_POINT('',(36.,-59.7,12.99));
#3537 = DIRECTION('',(0.,-0.,1.));
#3538 = DIRECTION('',(1.421E-14,1.,0.));
#3539 = ORIENTED_EDGE('',*,*,#3494,.T.);
#3540 = ORIENTED_EDGE('',*,*,#2566,.T.);
#3541 = ORIENTED_EDGE('',*,*,#2557,.T.);
#3542 = CYLINDRICAL_SURFACE('',#3543,0.5);
#3543 = AXIS2_PLACEMENT_3D('',#3544,#3545,#3546);
#3544 = CARTESIAN_POINT('',(36.,-59.7,12.99));
#3545 = DIRECTION('',(0.,0.,-1.));
#3546 = DIRECTION('',(1.421E-14,1.,0.));
#3547 = ADVANCED_FACE('',(#3548),#3566,.T.);
#3548 = FACE_BOUND('',#3549,.T.);
#3549 = EDGE_LOOP('',(#3550,#3551,#3552,#3560));
#3550 = ORIENTED_EDGE('',*,*,#3516,.T.);
#3551 = ORIENTED_EDGE('',*,*,#2549,.T.);
#3552 = ORIENTED_EDGE('',*,*,#3553,.F.);
#3553 = EDGE_CURVE('',#3554,#2541,#3556,.T.);
#3554 = VERTEX_POINT('',#3555);
#3555 = CARTESIAN_POINT('',(45.5,-60.2,12.99));
#3556 = LINE('',#3557,#3558);
#3557 = CARTESIAN_POINT('',(45.5,-60.2,12.99));
#3558 = VECTOR('',#3559,1.);
#3559 = DIRECTION('',(0.,0.,1.));
#3560 = ORIENTED_EDGE('',*,*,#3561,.F.);
#3561 = EDGE_CURVE('',#3517,#3554,#3562,.T.);
#3562 = LINE('',#3563,#3564);
#3563 = CARTESIAN_POINT('',(36.,-60.2,12.99));
#3564 = VECTOR('',#3565,1.);
#3565 = DIRECTION('',(1.,0.,0.));
#3566 = PLANE('',#3567);
#3567 = AXIS2_PLACEMENT_3D('',#3568,#3569,#3570);
#3568 = CARTESIAN_POINT('',(36.,-60.2,12.99));
#3569 = DIRECTION('',(0.,1.,0.));
#3570 = DIRECTION('',(1.,0.,0.));
#3571 = ADVANCED_FACE('',(#3572),#3594,.F.);
#3572 = FACE_BOUND('',#3573,.T.);
#3573 = EDGE_LOOP('',(#3574,#3575,#3584,#3591,#3592,#3593));
#3574 = ORIENTED_EDGE('',*,*,#3485,.F.);
#3575 = ORIENTED_EDGE('',*,*,#3576,.F.);
#3576 = EDGE_CURVE('',#3577,#3486,#3579,.T.);
#3577 = VERTEX_POINT('',#3578);
#3578 = CARTESIAN_POINT('',(46.,-59.7,12.99));
#3579 = CIRCLE('',#3580,0.5);
#3580 = AXIS2_PLACEMENT_3D('',#3581,#3582,#3583);
#3581 = CARTESIAN_POINT('',(45.5,-59.7,12.99));
#3582 = DIRECTION('',(-0.,0.,1.));
#3583 = DIRECTION('',(1.,-1.421E-14,0.));
#3584 = ORIENTED_EDGE('',*,*,#3585,.F.);
#3585 = EDGE_CURVE('',#3554,#3577,#3586,.T.);
#3586 = CIRCLE('',#3587,0.5);
#3587 = AXIS2_PLACEMENT_3D('',#3588,#3589,#3590);
#3588 = CARTESIAN_POINT('',(45.5,-59.7,12.99));
#3589 = DIRECTION('',(0.,0.,1.));
#3590 = DIRECTION('',(-1.421E-14,-1.,0.));
#3591 = ORIENTED_EDGE('',*,*,#3553,.T.);
#3592 = ORIENTED_EDGE('',*,*,#2540,.T.);
#3593 = ORIENTED_EDGE('',*,*,#2531,.T.);
#3594 = CYLINDRICAL_SURFACE('',#3595,0.5);
#3595 = AXIS2_PLACEMENT_3D('',#3596,#3597,#3598);
#3596 = CARTESIAN_POINT('',(45.5,-59.7,12.99));
#3597 = DIRECTION('',(-0.,-0.,-1.));
#3598 = DIRECTION('',(-1.421E-14,-1.,0.));
#3599 = ADVANCED_FACE('',(#3600),#3625,.T.);
#3600 = FACE_BOUND('',#3601,.T.);
#3601 = EDGE_LOOP('',(#3602,#3610,#3611,#3619));
#3602 = ORIENTED_EDGE('',*,*,#3603,.T.);
#3603 = EDGE_CURVE('',#3604,#2576,#3606,.T.);
#3604 = VERTEX_POINT('',#3605);
#3605 = CARTESIAN_POINT('',(45.5,-57.,12.99));
#3606 = LINE('',#3607,#3608);
#3607 = CARTESIAN_POINT('',(45.5,-57.,12.99));
#3608 = VECTOR('',#3609,1.);
#3609 = DIRECTION('',(0.,0.,1.));
#3610 = ORIENTED_EDGE('',*,*,#2575,.T.);
#3611 = ORIENTED_EDGE('',*,*,#3612,.F.);
#3612 = EDGE_CURVE('',#3613,#2578,#3615,.T.);
#3613 = VERTEX_POINT('',#3614);
#3614 = CARTESIAN_POINT('',(36.,-57.,12.99));
#3615 = LINE('',#3616,#3617);
#3616 = CARTESIAN_POINT('',(36.,-57.,12.99));
#3617 = VECTOR('',#3618,1.);
#3618 = DIRECTION('',(0.,0.,1.));
#3619 = ORIENTED_EDGE('',*,*,#3620,.F.);
#3620 = EDGE_CURVE('',#3604,#3613,#3621,.T.);
#3621 = LINE('',#3622,#3623);
#3622 = CARTESIAN_POINT('',(45.5,-57.,12.99));
#3623 = VECTOR('',#3624,1.);
#3624 = DIRECTION('',(-1.,0.,0.));
#3625 = PLANE('',#3626);
#3626 = AXIS2_PLACEMENT_3D('',#3627,#3628,#3629);
#3627 = CARTESIAN_POINT('',(45.5,-57.,12.99));
#3628 = DIRECTION('',(0.,-1.,0.));
#3629 = DIRECTION('',(-1.,0.,0.));
#3630 = ADVANCED_FACE('',(#3631),#3660,.F.);
#3631 = FACE_BOUND('',#3632,.T.);
#3632 = EDGE_LOOP('',(#3633,#3641,#3650,#3657,#3658,#3659));
#3633 = ORIENTED_EDGE('',*,*,#3634,.F.);
#3634 = EDGE_CURVE('',#3635,#2604,#3637,.T.);
#3635 = VERTEX_POINT('',#3636);
#3636 = CARTESIAN_POINT('',(36.,-58.,12.99));
#3637 = LINE('',#3638,#3639);
#3638 = CARTESIAN_POINT('',(36.,-58.,12.99));
#3639 = VECTOR('',#3640,1.);
#3640 = DIRECTION('',(0.,0.,1.));
#3641 = ORIENTED_EDGE('',*,*,#3642,.F.);
#3642 = EDGE_CURVE('',#3643,#3635,#3645,.T.);
#3643 = VERTEX_POINT('',#3644);
#3644 = CARTESIAN_POINT('',(35.5,-57.5,12.99));
#3645 = CIRCLE('',#3646,0.5);
#3646 = AXIS2_PLACEMENT_3D('',#3647,#3648,#3649);
#3647 = CARTESIAN_POINT('',(36.,-57.5,12.99));
#3648 = DIRECTION('',(0.,0.,1.));
#3649 = DIRECTION('',(-1.,1.421E-14,0.));
#3650 = ORIENTED_EDGE('',*,*,#3651,.F.);
#3651 = EDGE_CURVE('',#3613,#3643,#3652,.T.);
#3652 = CIRCLE('',#3653,0.5);
#3653 = AXIS2_PLACEMENT_3D('',#3654,#3655,#3656);
#3654 = CARTESIAN_POINT('',(36.,-57.5,12.99));
#3655 = DIRECTION('',(0.,-0.,1.));
#3656 = DIRECTION('',(1.421E-14,1.,0.));
#3657 = ORIENTED_EDGE('',*,*,#3612,.T.);
#3658 = ORIENTED_EDGE('',*,*,#2620,.T.);
#3659 = ORIENTED_EDGE('',*,*,#2611,.T.);
#3660 = CYLINDRICAL_SURFACE('',#3661,0.5);
#3661 = AXIS2_PLACEMENT_3D('',#3662,#3663,#3664);
#3662 = CARTESIAN_POINT('',(36.,-57.5,12.99));
#3663 = DIRECTION('',(0.,0.,-1.));
#3664 = DIRECTION('',(1.421E-14,1.,0.));
#3665 = ADVANCED_FACE('',(#3666),#3684,.T.);
#3666 = FACE_BOUND('',#3667,.T.);
#3667 = EDGE_LOOP('',(#3668,#3669,#3670,#3678));
#3668 = ORIENTED_EDGE('',*,*,#3634,.T.);
#3669 = ORIENTED_EDGE('',*,*,#2603,.T.);
#3670 = ORIENTED_EDGE('',*,*,#3671,.F.);
#3671 = EDGE_CURVE('',#3672,#2595,#3674,.T.);
#3672 = VERTEX_POINT('',#3673);
#3673 = CARTESIAN_POINT('',(45.5,-58.,12.99));
#3674 = LINE('',#3675,#3676);
#3675 = CARTESIAN_POINT('',(45.5,-58.,12.99));
#3676 = VECTOR('',#3677,1.);
#3677 = DIRECTION('',(0.,0.,1.));
#3678 = ORIENTED_EDGE('',*,*,#3679,.F.);
#3679 = EDGE_CURVE('',#3635,#3672,#3680,.T.);
#3680 = LINE('',#3681,#3682);
#3681 = CARTESIAN_POINT('',(36.,-58.,12.99));
#3682 = VECTOR('',#3683,1.);
#3683 = DIRECTION('',(1.,0.,0.));
#3684 = PLANE('',#3685);
#3685 = AXIS2_PLACEMENT_3D('',#3686,#3687,#3688);
#3686 = CARTESIAN_POINT('',(36.,-58.,12.99));
#3687 = DIRECTION('',(0.,1.,0.));
#3688 = DIRECTION('',(1.,0.,0.));
#3689 = ADVANCED_FACE('',(#3690),#3712,.F.);
#3690 = FACE_BOUND('',#3691,.T.);
#3691 = EDGE_LOOP('',(#3692,#3693,#3702,#3709,#3710,#3711));
#3692 = ORIENTED_EDGE('',*,*,#3603,.F.);
#3693 = ORIENTED_EDGE('',*,*,#3694,.F.);
#3694 = EDGE_CURVE('',#3695,#3604,#3697,.T.);
#3695 = VERTEX_POINT('',#3696);
#3696 = CARTESIAN_POINT('',(46.,-57.5,12.99));
#3697 = CIRCLE('',#3698,0.5);
#3698 = AXIS2_PLACEMENT_3D('',#3699,#3700,#3701);
#3699 = CARTESIAN_POINT('',(45.5,-57.5,12.99));
#3700 = DIRECTION('',(-0.,0.,1.));
#3701 = DIRECTION('',(1.,-1.421E-14,0.));
#3702 = ORIENTED_EDGE('',*,*,#3703,.F.);
#3703 = EDGE_CURVE('',#3672,#3695,#3704,.T.);
#3704 = CIRCLE('',#3705,0.5);
#3705 = AXIS2_PLACEMENT_3D('',#3706,#3707,#3708);
#3706 = CARTESIAN_POINT('',(45.5,-57.5,12.99));
#3707 = DIRECTION('',(0.,0.,1.));
#3708 = DIRECTION('',(-1.421E-14,-1.,0.));
#3709 = ORIENTED_EDGE('',*,*,#3671,.T.);
#3710 = ORIENTED_EDGE('',*,*,#2594,.T.);
#3711 = ORIENTED_EDGE('',*,*,#2585,.T.);
#3712 = CYLINDRICAL_SURFACE('',#3713,0.5);
#3713 = AXIS2_PLACEMENT_3D('',#3714,#3715,#3716);
#3714 = CARTESIAN_POINT('',(45.5,-57.5,12.99));
#3715 = DIRECTION('',(-0.,-0.,-1.));
#3716 = DIRECTION('',(-1.421E-14,-1.,0.));
#3717 = ADVANCED_FACE('',(#3718),#3743,.T.);
#3718 = FACE_BOUND('',#3719,.T.);
#3719 = EDGE_LOOP('',(#3720,#3728,#3729,#3737));
#3720 = ORIENTED_EDGE('',*,*,#3721,.T.);
#3721 = EDGE_CURVE('',#3722,#2630,#3724,.T.);
#3722 = VERTEX_POINT('',#3723);
#3723 = CARTESIAN_POINT('',(45.5,-54.8,12.99));
#3724 = LINE('',#3725,#3726);
#3725 = CARTESIAN_POINT('',(45.5,-54.8,12.99));
#3726 = VECTOR('',#3727,1.);
#3727 = DIRECTION('',(0.,0.,1.));
#3728 = ORIENTED_EDGE('',*,*,#2629,.T.);
#3729 = ORIENTED_EDGE('',*,*,#3730,.F.);
#3730 = EDGE_CURVE('',#3731,#2632,#3733,.T.);
#3731 = VERTEX_POINT('',#3732);
#3732 = CARTESIAN_POINT('',(36.,-54.8,12.99));
#3733 = LINE('',#3734,#3735);
#3734 = CARTESIAN_POINT('',(36.,-54.8,12.99));
#3735 = VECTOR('',#3736,1.);
#3736 = DIRECTION('',(0.,0.,1.));
#3737 = ORIENTED_EDGE('',*,*,#3738,.F.);
#3738 = EDGE_CURVE('',#3722,#3731,#3739,.T.);
#3739 = LINE('',#3740,#3741);
#3740 = CARTESIAN_POINT('',(45.5,-54.8,12.99));
#3741 = VECTOR('',#3742,1.);
#3742 = DIRECTION('',(-1.,0.,0.));
#3743 = PLANE('',#3744);
#3744 = AXIS2_PLACEMENT_3D('',#3745,#3746,#3747);
#3745 = CARTESIAN_POINT('',(45.5,-54.8,12.99));
#3746 = DIRECTION('',(0.,-1.,0.));
#3747 = DIRECTION('',(-1.,0.,0.));
#3748 = ADVANCED_FACE('',(#3749),#3778,.F.);
#3749 = FACE_BOUND('',#3750,.T.);
#3750 = EDGE_LOOP('',(#3751,#3759,#3768,#3775,#3776,#3777));
#3751 = ORIENTED_EDGE('',*,*,#3752,.F.);
#3752 = EDGE_CURVE('',#3753,#2658,#3755,.T.);
#3753 = VERTEX_POINT('',#3754);
#3754 = CARTESIAN_POINT('',(36.,-55.8,12.99));
#3755 = LINE('',#3756,#3757);
#3756 = CARTESIAN_POINT('',(36.,-55.8,12.99));
#3757 = VECTOR('',#3758,1.);
#3758 = DIRECTION('',(0.,0.,1.));
#3759 = ORIENTED_EDGE('',*,*,#3760,.F.);
#3760 = EDGE_CURVE('',#3761,#3753,#3763,.T.);
#3761 = VERTEX_POINT('',#3762);
#3762 = CARTESIAN_POINT('',(35.5,-55.3,12.99));
#3763 = CIRCLE('',#3764,0.5);
#3764 = AXIS2_PLACEMENT_3D('',#3765,#3766,#3767);
#3765 = CARTESIAN_POINT('',(36.,-55.3,12.99));
#3766 = DIRECTION('',(0.,0.,1.));
#3767 = DIRECTION('',(-1.,1.421E-14,0.));
#3768 = ORIENTED_EDGE('',*,*,#3769,.F.);
#3769 = EDGE_CURVE('',#3731,#3761,#3770,.T.);
#3770 = CIRCLE('',#3771,0.5);
#3771 = AXIS2_PLACEMENT_3D('',#3772,#3773,#3774);
#3772 = CARTESIAN_POINT('',(36.,-55.3,12.99));
#3773 = DIRECTION('',(0.,-0.,1.));
#3774 = DIRECTION('',(1.421E-14,1.,0.));
#3775 = ORIENTED_EDGE('',*,*,#3730,.T.);
#3776 = ORIENTED_EDGE('',*,*,#2674,.T.);
#3777 = ORIENTED_EDGE('',*,*,#2665,.T.);
#3778 = CYLINDRICAL_SURFACE('',#3779,0.5);
#3779 = AXIS2_PLACEMENT_3D('',#3780,#3781,#3782);
#3780 = CARTESIAN_POINT('',(36.,-55.3,12.99));
#3781 = DIRECTION('',(0.,0.,-1.));
#3782 = DIRECTION('',(1.421E-14,1.,0.));
#3783 = ADVANCED_FACE('',(#3784),#3802,.T.);
#3784 = FACE_BOUND('',#3785,.T.);
#3785 = EDGE_LOOP('',(#3786,#3787,#3788,#3796));
#3786 = ORIENTED_EDGE('',*,*,#3752,.T.);
#3787 = ORIENTED_EDGE('',*,*,#2657,.T.);
#3788 = ORIENTED_EDGE('',*,*,#3789,.F.);
#3789 = EDGE_CURVE('',#3790,#2649,#3792,.T.);
#3790 = VERTEX_POINT('',#3791);
#3791 = CARTESIAN_POINT('',(45.5,-55.8,12.99));
#3792 = LINE('',#3793,#3794);
#3793 = CARTESIAN_POINT('',(45.5,-55.8,12.99));
#3794 = VECTOR('',#3795,1.);
#3795 = DIRECTION('',(0.,0.,1.));
#3796 = ORIENTED_EDGE('',*,*,#3797,.F.);
#3797 = EDGE_CURVE('',#3753,#3790,#3798,.T.);
#3798 = LINE('',#3799,#3800);
#3799 = CARTESIAN_POINT('',(36.,-55.8,12.99));
#3800 = VECTOR('',#3801,1.);
#3801 = DIRECTION('',(1.,0.,0.));
#3802 = PLANE('',#3803);
#3803 = AXIS2_PLACEMENT_3D('',#3804,#3805,#3806);
#3804 = CARTESIAN_POINT('',(36.,-55.8,12.99));
#3805 = DIRECTION('',(0.,1.,0.));
#3806 = DIRECTION('',(1.,0.,0.));
#3807 = ADVANCED_FACE('',(#3808),#3830,.F.);
#3808 = FACE_BOUND('',#3809,.T.);
#3809 = EDGE_LOOP('',(#3810,#3811,#3820,#3827,#3828,#3829));
#3810 = ORIENTED_EDGE('',*,*,#3721,.F.);
#3811 = ORIENTED_EDGE('',*,*,#3812,.F.);
#3812 = EDGE_CURVE('',#3813,#3722,#3815,.T.);
#3813 = VERTEX_POINT('',#3814);
#3814 = CARTESIAN_POINT('',(46.,-55.3,12.99));
#3815 = CIRCLE('',#3816,0.5);
#3816 = AXIS2_PLACEMENT_3D('',#3817,#3818,#3819);
#3817 = CARTESIAN_POINT('',(45.5,-55.3,12.99));
#3818 = DIRECTION('',(-0.,0.,1.));
#3819 = DIRECTION('',(1.,-1.421E-14,0.));
#3820 = ORIENTED_EDGE('',*,*,#3821,.F.);
#3821 = EDGE_CURVE('',#3790,#3813,#3822,.T.);
#3822 = CIRCLE('',#3823,0.5);
#3823 = AXIS2_PLACEMENT_3D('',#3824,#3825,#3826);
#3824 = CARTESIAN_POINT('',(45.5,-55.3,12.99));
#3825 = DIRECTION('',(0.,0.,1.));
#3826 = DIRECTION('',(-1.421E-14,-1.,0.));
#3827 = ORIENTED_EDGE('',*,*,#3789,.T.);
#3828 = ORIENTED_EDGE('',*,*,#2648,.T.);
#3829 = ORIENTED_EDGE('',*,*,#2639,.T.);
#3830 = CYLINDRICAL_SURFACE('',#3831,0.5);
#3831 = AXIS2_PLACEMENT_3D('',#3832,#3833,#3834);
#3832 = CARTESIAN_POINT('',(45.5,-55.3,12.99));
#3833 = DIRECTION('',(-0.,-0.,-1.));
#3834 = DIRECTION('',(-1.421E-14,-1.,0.));
#3835 = ADVANCED_FACE('',(#3836),#3862,.F.);
#3836 = FACE_BOUND('',#3837,.T.);
#3837 = EDGE_LOOP('',(#3838,#3846,#3847,#3855));
#3838 = ORIENTED_EDGE('',*,*,#3839,.T.);
#3839 = EDGE_CURVE('',#3840,#2684,#3842,.T.);
#3840 = VERTEX_POINT('',#3841);
#3841 = CARTESIAN_POINT('',(47.8,-13.3,12.99));
#3842 = LINE('',#3843,#3844);
#3843 = CARTESIAN_POINT('',(47.8,-13.3,12.99));
#3844 = VECTOR('',#3845,1.);
#3845 = DIRECTION('',(0.,0.,1.));
#3846 = ORIENTED_EDGE('',*,*,#2683,.T.);
#3847 = ORIENTED_EDGE('',*,*,#3848,.F.);
#3848 = EDGE_CURVE('',#3849,#2686,#3851,.T.);
#3849 = VERTEX_POINT('',#3850);
#3850 = CARTESIAN_POINT('',(46.7,-12.2,12.99));
#3851 = LINE('',#3852,#3853);
#3852 = CARTESIAN_POINT('',(46.7,-12.2,12.99));
#3853 = VECTOR('',#3854,1.);
#3854 = DIRECTION('',(0.,0.,1.));
#3855 = ORIENTED_EDGE('',*,*,#3856,.F.);
#3856 = EDGE_CURVE('',#3840,#3849,#3857,.T.);
#3857 = CIRCLE('',#3858,1.1);
#3858 = AXIS2_PLACEMENT_3D('',#3859,#3860,#3861);
#3859 = CARTESIAN_POINT('',(46.7,-13.3,12.99));
#3860 = DIRECTION('',(0.,0.,1.));
#3861 = DIRECTION('',(1.,0.,0.));
#3862 = CYLINDRICAL_SURFACE('',#3863,1.1);
#3863 = AXIS2_PLACEMENT_3D('',#3864,#3865,#3866);
#3864 = CARTESIAN_POINT('',(46.7,-13.3,12.99));
#3865 = DIRECTION('',(-0.,-0.,-1.));
#3866 = DIRECTION('',(1.,0.,0.));
#3867 = ADVANCED_FACE('',(#3868),#3886,.T.);
#3868 = FACE_BOUND('',#3869,.T.);
#3869 = EDGE_LOOP('',(#3870,#3871,#3872,#3880));
#3870 = ORIENTED_EDGE('',*,*,#3848,.T.);
#3871 = ORIENTED_EDGE('',*,*,#2745,.T.);
#3872 = ORIENTED_EDGE('',*,*,#3873,.F.);
#3873 = EDGE_CURVE('',#3874,#2737,#3876,.T.);
#3874 = VERTEX_POINT('',#3875);
#3875 = CARTESIAN_POINT('',(27.3,-12.2,12.99));
#3876 = LINE('',#3877,#3878);
#3877 = CARTESIAN_POINT('',(27.3,-12.2,12.99));
#3878 = VECTOR('',#3879,1.);
#3879 = DIRECTION('',(0.,0.,1.));
#3880 = ORIENTED_EDGE('',*,*,#3881,.F.);
#3881 = EDGE_CURVE('',#3849,#3874,#3882,.T.);
#3882 = LINE('',#3883,#3884);
#3883 = CARTESIAN_POINT('',(46.7,-12.2,12.99));
#3884 = VECTOR('',#3885,1.);
#3885 = DIRECTION('',(-1.,0.,0.));
#3886 = PLANE('',#3887);
#3887 = AXIS2_PLACEMENT_3D('',#3888,#3889,#3890);
#3888 = CARTESIAN_POINT('',(46.7,-12.2,12.99));
#3889 = DIRECTION('',(0.,-1.,0.));
#3890 = DIRECTION('',(-1.,0.,0.));
#3891 = ADVANCED_FACE('',(#3892),#3911,.F.);
#3892 = FACE_BOUND('',#3893,.T.);
#3893 = EDGE_LOOP('',(#3894,#3895,#3896,#3904));
#3894 = ORIENTED_EDGE('',*,*,#3873,.T.);
#3895 = ORIENTED_EDGE('',*,*,#2736,.T.);
#3896 = ORIENTED_EDGE('',*,*,#3897,.F.);
#3897 = EDGE_CURVE('',#3898,#2729,#3900,.T.);
#3898 = VERTEX_POINT('',#3899);
#3899 = CARTESIAN_POINT('',(26.2,-13.3,12.99));
#3900 = LINE('',#3901,#3902);
#3901 = CARTESIAN_POINT('',(26.2,-13.3,12.99));
#3902 = VECTOR('',#3903,1.);
#3903 = DIRECTION('',(0.,0.,1.));
#3904 = ORIENTED_EDGE('',*,*,#3905,.F.);
#3905 = EDGE_CURVE('',#3874,#3898,#3906,.T.);
#3906 = CIRCLE('',#3907,1.1);
#3907 = AXIS2_PLACEMENT_3D('',#3908,#3909,#3910);
#3908 = CARTESIAN_POINT('',(27.3,-13.3,12.99));
#3909 = DIRECTION('',(0.,0.,1.));
#3910 = DIRECTION('',(-3.23E-15,1.,0.));
#3911 = CYLINDRICAL_SURFACE('',#3912,1.1);
#3912 = AXIS2_PLACEMENT_3D('',#3913,#3914,#3915);
#3913 = CARTESIAN_POINT('',(27.3,-13.3,12.99));
#3914 = DIRECTION('',(-0.,-0.,-1.));
#3915 = DIRECTION('',(-3.23E-15,1.,0.));
#3916 = ADVANCED_FACE('',(#3917),#3935,.T.);
#3917 = FACE_BOUND('',#3918,.T.);
#3918 = EDGE_LOOP('',(#3919,#3920,#3921,#3929));
#3919 = ORIENTED_EDGE('',*,*,#3897,.T.);
#3920 = ORIENTED_EDGE('',*,*,#2728,.T.);
#3921 = ORIENTED_EDGE('',*,*,#3922,.F.);
#3922 = EDGE_CURVE('',#3923,#2720,#3925,.T.);
#3923 = VERTEX_POINT('',#3924);
#3924 = CARTESIAN_POINT('',(26.2,-53.,12.99));
#3925 = LINE('',#3926,#3927);
#3926 = CARTESIAN_POINT('',(26.2,-53.,12.99));
#3927 = VECTOR('',#3928,1.);
#3928 = DIRECTION('',(0.,0.,1.));
#3929 = ORIENTED_EDGE('',*,*,#3930,.F.);
#3930 = EDGE_CURVE('',#3898,#3923,#3931,.T.);
#3931 = LINE('',#3932,#3933);
#3932 = CARTESIAN_POINT('',(26.2,-13.3,12.99));
#3933 = VECTOR('',#3934,1.);
#3934 = DIRECTION('',(0.,-1.,0.));
#3935 = PLANE('',#3936);
#3936 = AXIS2_PLACEMENT_3D('',#3937,#3938,#3939);
#3937 = CARTESIAN_POINT('',(26.2,-13.3,12.99));
#3938 = DIRECTION('',(1.,0.,0.));
#3939 = DIRECTION('',(0.,-1.,0.));
#3940 = ADVANCED_FACE('',(#3941),#3960,.F.);
#3941 = FACE_BOUND('',#3942,.T.);
#3942 = EDGE_LOOP('',(#3943,#3944,#3945,#3953));
#3943 = ORIENTED_EDGE('',*,*,#3922,.T.);
#3944 = ORIENTED_EDGE('',*,*,#2719,.T.);
#3945 = ORIENTED_EDGE('',*,*,#3946,.F.);
#3946 = EDGE_CURVE('',#3947,#2712,#3949,.T.);
#3947 = VERTEX_POINT('',#3948);
#3948 = CARTESIAN_POINT('',(27.3,-54.1,12.99));
#3949 = LINE('',#3950,#3951);
#3950 = CARTESIAN_POINT('',(27.3,-54.1,12.99));
#3951 = VECTOR('',#3952,1.);
#3952 = DIRECTION('',(0.,0.,1.));
#3953 = ORIENTED_EDGE('',*,*,#3954,.F.);
#3954 = EDGE_CURVE('',#3923,#3947,#3955,.T.);
#3955 = CIRCLE('',#3956,1.1);
#3956 = AXIS2_PLACEMENT_3D('',#3957,#3958,#3959);
#3957 = CARTESIAN_POINT('',(27.3,-53.,12.99));
#3958 = DIRECTION('',(0.,0.,1.));
#3959 = DIRECTION('',(-1.,0.,0.));
#3960 = CYLINDRICAL_SURFACE('',#3961,1.1);
#3961 = AXIS2_PLACEMENT_3D('',#3962,#3963,#3964);
#3962 = CARTESIAN_POINT('',(27.3,-53.,12.99));
#3963 = DIRECTION('',(-0.,-0.,-1.));
#3964 = DIRECTION('',(-1.,0.,0.));
#3965 = ADVANCED_FACE('',(#3966),#3984,.T.);
#3966 = FACE_BOUND('',#3967,.T.);
#3967 = EDGE_LOOP('',(#3968,#3969,#3970,#3978));
#3968 = ORIENTED_EDGE('',*,*,#3946,.T.);
#3969 = ORIENTED_EDGE('',*,*,#2711,.T.);
#3970 = ORIENTED_EDGE('',*,*,#3971,.F.);
#3971 = EDGE_CURVE('',#3972,#2703,#3974,.T.);
#3972 = VERTEX_POINT('',#3973);
#3973 = CARTESIAN_POINT('',(46.7,-54.1,12.99));
#3974 = LINE('',#3975,#3976);
#3975 = CARTESIAN_POINT('',(46.7,-54.1,12.99));
#3976 = VECTOR('',#3977,1.);
#3977 = DIRECTION('',(0.,0.,1.));
#3978 = ORIENTED_EDGE('',*,*,#3979,.F.);
#3979 = EDGE_CURVE('',#3947,#3972,#3980,.T.);
#3980 = LINE('',#3981,#3982);
#3981 = CARTESIAN_POINT('',(27.3,-54.1,12.99));
#3982 = VECTOR('',#3983,1.);
#3983 = DIRECTION('',(1.,0.,0.));
#3984 = PLANE('',#3985);
#3985 = AXIS2_PLACEMENT_3D('',#3986,#3987,#3988);
#3986 = CARTESIAN_POINT('',(27.3,-54.1,12.99));
#3987 = DIRECTION('',(0.,1.,0.));
#3988 = DIRECTION('',(1.,0.,0.));
#3989 = ADVANCED_FACE('',(#3990),#4009,.F.);
#3990 = FACE_BOUND('',#3991,.T.);
#3991 = EDGE_LOOP('',(#3992,#3993,#3994,#4002));
#3992 = ORIENTED_EDGE('',*,*,#3971,.T.);
#3993 = ORIENTED_EDGE('',*,*,#2702,.T.);
#3994 = ORIENTED_EDGE('',*,*,#3995,.F.);
#3995 = EDGE_CURVE('',#3996,#2695,#3998,.T.);
#3996 = VERTEX_POINT('',#3997);
#3997 = CARTESIAN_POINT('',(47.8,-53.,12.99));
#3998 = LINE('',#3999,#4000);
#3999 = CARTESIAN_POINT('',(47.8,-53.,12.99));
#4000 = VECTOR('',#4001,1.);
#4001 = DIRECTION('',(0.,0.,1.));
#4002 = ORIENTED_EDGE('',*,*,#4003,.F.);
#4003 = EDGE_CURVE('',#3972,#3996,#4004,.T.);
#4004 = CIRCLE('',#4005,1.1);
#4005 = AXIS2_PLACEMENT_3D('',#4006,#4007,#4008);
#4006 = CARTESIAN_POINT('',(46.7,-53.,12.99));
#4007 = DIRECTION('',(-0.,0.,1.));
#4008 = DIRECTION('',(6.46E-15,-1.,0.));
#4009 = CYLINDRICAL_SURFACE('',#4010,1.1);
#4010 = AXIS2_PLACEMENT_3D('',#4011,#4012,#4013);
#4011 = CARTESIAN_POINT('',(46.7,-53.,12.99));
#4012 = DIRECTION('',(0.,0.,-1.));
#4013 = DIRECTION('',(6.46E-15,-1.,0.));
#4014 = ADVANCED_FACE('',(#4015),#4026,.T.);
#4015 = FACE_BOUND('',#4016,.T.);
#4016 = EDGE_LOOP('',(#4017,#4018,#4019,#4020));
#4017 = ORIENTED_EDGE('',*,*,#3995,.T.);
#4018 = ORIENTED_EDGE('',*,*,#2694,.T.);
#4019 = ORIENTED_EDGE('',*,*,#3839,.F.);
#4020 = ORIENTED_EDGE('',*,*,#4021,.F.);
#4021 = EDGE_CURVE('',#3996,#3840,#4022,.T.);
#4022 = LINE('',#4023,#4024);
#4023 = CARTESIAN_POINT('',(47.8,-53.,12.99));
#4024 = VECTOR('',#4025,1.);
#4025 = DIRECTION('',(0.,1.,0.));
#4026 = PLANE('',#4027);
#4027 = AXIS2_PLACEMENT_3D('',#4028,#4029,#4030);
#4028 = CARTESIAN_POINT('',(47.8,-53.,12.99));
#4029 = DIRECTION('',(-1.,0.,0.));
#4030 = DIRECTION('',(0.,1.,0.));
#4031 = ADVANCED_FACE('',(#4032),#4035,.F.);
#4032 = FACE_BOUND('',#4033,.T.);
#4033 = EDGE_LOOP('',(#4034));
#4034 = ORIENTED_EDGE('',*,*,#2827,.F.);
#4035 = PLANE('',#4036);
#4036 = AXIS2_PLACEMENT_3D('',#4037,#4038,#4039);
#4037 = CARTESIAN_POINT('',(27.,-52.8,6.8));
#4038 = DIRECTION('',(0.,0.,1.));
#4039 = DIRECTION('',(1.,0.,0.));
#4040 = ADVANCED_FACE('',(#4041,#4111),#4121,.T.);
#4041 = FACE_BOUND('',#4042,.T.);
#4042 = EDGE_LOOP('',(#4043,#4054,#4062,#4071,#4079,#4088,#4096,#4105));
#4043 = ORIENTED_EDGE('',*,*,#4044,.T.);
#4044 = EDGE_CURVE('',#4045,#4047,#4049,.T.);
#4045 = VERTEX_POINT('',#4046);
#4046 = CARTESIAN_POINT('',(45.55,-14.95,13.39));
#4047 = VERTEX_POINT('',#4048);
#4048 = CARTESIAN_POINT('',(45.25,-14.65,13.39));
#4049 = CIRCLE('',#4050,0.3);
#4050 = AXIS2_PLACEMENT_3D('',#4051,#4052,#4053);
#4051 = CARTESIAN_POINT('',(45.25,-14.95,13.39));
#4052 = DIRECTION('',(0.,-0.,1.));
#4053 = DIRECTION('',(1.,5.92E-15,0.));
#4054 = ORIENTED_EDGE('',*,*,#4055,.T.);
#4055 = EDGE_CURVE('',#4047,#4056,#4058,.T.);
#4056 = VERTEX_POINT('',#4057);
#4057 = CARTESIAN_POINT('',(29.15,-14.65,13.39));
#4058 = LINE('',#4059,#4060);
#4059 = CARTESIAN_POINT('',(45.25,-14.65,13.39));
#4060 = VECTOR('',#4061,1.);
#4061 = DIRECTION('',(-1.,0.,0.));
#4062 = ORIENTED_EDGE('',*,*,#4063,.T.);
#4063 = EDGE_CURVE('',#4056,#4064,#4066,.T.);
#4064 = VERTEX_POINT('',#4065);
#4065 = CARTESIAN_POINT('',(28.85,-14.95,13.39));
#4066 = CIRCLE('',#4067,0.3);
#4067 = AXIS2_PLACEMENT_3D('',#4068,#4069,#4070);
#4068 = CARTESIAN_POINT('',(29.15,-14.95,13.39));
#4069 = DIRECTION('',(0.,-0.,1.));
#4070 = DIRECTION('',(1.1842E-13,1.,0.));
#4071 = ORIENTED_EDGE('',*,*,#4072,.T.);
#4072 = EDGE_CURVE('',#4064,#4073,#4075,.T.);
#4073 = VERTEX_POINT('',#4074);
#4074 = CARTESIAN_POINT('',(28.85,-52.95,13.39));
#4075 = LINE('',#4076,#4077);
#4076 = CARTESIAN_POINT('',(28.85,-14.95,13.39));
#4077 = VECTOR('',#4078,1.);
#4078 = DIRECTION('',(0.,-1.,0.));
#4079 = ORIENTED_EDGE('',*,*,#4080,.T.);
#4080 = EDGE_CURVE('',#4073,#4081,#4083,.T.);
#4081 = VERTEX_POINT('',#4082);
#4082 = CARTESIAN_POINT('',(29.15,-53.25,13.39));
#4083 = CIRCLE('',#4084,0.3);
#4084 = AXIS2_PLACEMENT_3D('',#4085,#4086,#4087);
#4085 = CARTESIAN_POINT('',(29.15,-52.95,13.39));
#4086 = DIRECTION('',(0.,0.,1.));
#4087 = DIRECTION('',(-1.,4.737E-14,0.));
#4088 = ORIENTED_EDGE('',*,*,#4089,.T.);
#4089 = EDGE_CURVE('',#4081,#4090,#4092,.T.);
#4090 = VERTEX_POINT('',#4091);
#4091 = CARTESIAN_POINT('',(45.25,-53.25,13.39));
#4092 = LINE('',#4093,#4094);
#4093 = CARTESIAN_POINT('',(29.15,-53.25,13.39));
#4094 = VECTOR('',#4095,1.);
#4095 = DIRECTION('',(1.,0.,0.));
#4096 = ORIENTED_EDGE('',*,*,#4097,.T.);
#4097 = EDGE_CURVE('',#4090,#4098,#4100,.T.);
#4098 = VERTEX_POINT('',#4099);
#4099 = CARTESIAN_POINT('',(45.55,-52.95,13.39));
#4100 = CIRCLE('',#4101,0.3);
#4101 = AXIS2_PLACEMENT_3D('',#4102,#4103,#4104);
#4102 = CARTESIAN_POINT('',(45.25,-52.95,13.39));
#4103 = DIRECTION('',(-0.,0.,1.));
#4104 = DIRECTION('',(2.368E-14,-1.,0.));
#4105 = ORIENTED_EDGE('',*,*,#4106,.T.);
#4106 = EDGE_CURVE('',#4098,#4045,#4107,.T.);
#4107 = LINE('',#4108,#4109);
#4108 = CARTESIAN_POINT('',(45.55,-52.95,13.39));
#4109 = VECTOR('',#4110,1.);
#4110 = DIRECTION('',(0.,1.,0.));
#4111 = FACE_BOUND('',#4112,.T.);
#4112 = EDGE_LOOP('',(#4113,#4114,#4115,#4116,#4117,#4118,#4119,#4120));
#4113 = ORIENTED_EDGE('',*,*,#2860,.F.);
#4114 = ORIENTED_EDGE('',*,*,#3021,.T.);
#4115 = ORIENTED_EDGE('',*,*,#3004,.T.);
#4116 = ORIENTED_EDGE('',*,*,#2972,.T.);
#4117 = ORIENTED_EDGE('',*,*,#2956,.T.);
#4118 = ORIENTED_EDGE('',*,*,#2932,.F.);
#4119 = ORIENTED_EDGE('',*,*,#2908,.F.);
#4120 = ORIENTED_EDGE('',*,*,#2884,.T.);
#4121 = PLANE('',#4122);
#4122 = AXIS2_PLACEMENT_3D('',#4123,#4124,#4125);
#4123 = CARTESIAN_POINT('',(37.043312569837,-39.09787768044,13.39));
#4124 = DIRECTION('',(0.,0.,1.));
#4125 = DIRECTION('',(1.,0.,0.));
#4126 = ADVANCED_FACE('',(#4127),#4139,.F.);
#4127 = FACE_BOUND('',#4128,.F.);
#4128 = EDGE_LOOP('',(#4129,#4130,#4131,#4132,#4133,#4134,#4135,#4136,
    #4137,#4138));
#4129 = ORIENTED_EDGE('',*,*,#3052,.F.);
#4130 = ORIENTED_EDGE('',*,*,#3235,.F.);
#4131 = ORIENTED_EDGE('',*,*,#3208,.F.);
#4132 = ORIENTED_EDGE('',*,*,#3217,.F.);
#4133 = ORIENTED_EDGE('',*,*,#3184,.F.);
#4134 = ORIENTED_EDGE('',*,*,#3150,.F.);
#4135 = ORIENTED_EDGE('',*,*,#3159,.F.);
#4136 = ORIENTED_EDGE('',*,*,#3126,.F.);
#4137 = ORIENTED_EDGE('',*,*,#3101,.F.);
#4138 = ORIENTED_EDGE('',*,*,#3077,.F.);
#4139 = PLANE('',#4140);
#4140 = AXIS2_PLACEMENT_3D('',#4141,#4142,#4143);
#4141 = CARTESIAN_POINT('',(30.25,-60.3046471161,12.99));
#4142 = DIRECTION('',(-0.,-0.,-1.));
#4143 = DIRECTION('',(-1.,0.,0.));
#4144 = ADVANCED_FACE('',(#4145),#4153,.T.);
#4145 = FACE_BOUND('',#4146,.T.);
#4146 = EDGE_LOOP('',(#4147,#4148,#4149,#4150,#4151,#4152));
#4147 = ORIENTED_EDGE('',*,*,#3266,.T.);
#4148 = ORIENTED_EDGE('',*,*,#3297,.T.);
#4149 = ORIENTED_EDGE('',*,*,#3288,.T.);
#4150 = ORIENTED_EDGE('',*,*,#3325,.T.);
#4151 = ORIENTED_EDGE('',*,*,#3349,.T.);
#4152 = ORIENTED_EDGE('',*,*,#3340,.T.);
#4153 = PLANE('',#4154);
#4154 = AXIS2_PLACEMENT_3D('',#4155,#4156,#4157);
#4155 = CARTESIAN_POINT('',(40.75,-64.1,12.99));
#4156 = DIRECTION('',(0.,0.,1.));
#4157 = DIRECTION('',(1.,0.,0.));
#4158 = ADVANCED_FACE('',(#4159),#4167,.T.);
#4159 = FACE_BOUND('',#4160,.T.);
#4160 = EDGE_LOOP('',(#4161,#4162,#4163,#4164,#4165,#4166));
#4161 = ORIENTED_EDGE('',*,*,#3384,.T.);
#4162 = ORIENTED_EDGE('',*,*,#3415,.T.);
#4163 = ORIENTED_EDGE('',*,*,#3406,.T.);
#4164 = ORIENTED_EDGE('',*,*,#3443,.T.);
#4165 = ORIENTED_EDGE('',*,*,#3467,.T.);
#4166 = ORIENTED_EDGE('',*,*,#3458,.T.);
#4167 = PLANE('',#4168);
#4168 = AXIS2_PLACEMENT_3D('',#4169,#4170,#4171);
#4169 = CARTESIAN_POINT('',(40.75,-61.9,12.99));
#4170 = DIRECTION('',(0.,0.,1.));
#4171 = DIRECTION('',(1.,0.,0.));
#4172 = ADVANCED_FACE('',(#4173),#4181,.T.);
#4173 = FACE_BOUND('',#4174,.T.);
#4174 = EDGE_LOOP('',(#4175,#4176,#4177,#4178,#4179,#4180));
#4175 = ORIENTED_EDGE('',*,*,#3502,.T.);
#4176 = ORIENTED_EDGE('',*,*,#3533,.T.);
#4177 = ORIENTED_EDGE('',*,*,#3524,.T.);
#4178 = ORIENTED_EDGE('',*,*,#3561,.T.);
#4179 = ORIENTED_EDGE('',*,*,#3585,.T.);
#4180 = ORIENTED_EDGE('',*,*,#3576,.T.);
#4181 = PLANE('',#4182);
#4182 = AXIS2_PLACEMENT_3D('',#4183,#4184,#4185);
#4183 = CARTESIAN_POINT('',(40.75,-59.7,12.99));
#4184 = DIRECTION('',(0.,0.,1.));
#4185 = DIRECTION('',(1.,0.,0.));
#4186 = ADVANCED_FACE('',(#4187),#4195,.T.);
#4187 = FACE_BOUND('',#4188,.T.);
#4188 = EDGE_LOOP('',(#4189,#4190,#4191,#4192,#4193,#4194));
#4189 = ORIENTED_EDGE('',*,*,#3620,.T.);
#4190 = ORIENTED_EDGE('',*,*,#3651,.T.);
#4191 = ORIENTED_EDGE('',*,*,#3642,.T.);
#4192 = ORIENTED_EDGE('',*,*,#3679,.T.);
#4193 = ORIENTED_EDGE('',*,*,#3703,.T.);
#4194 = ORIENTED_EDGE('',*,*,#3694,.T.);
#4195 = PLANE('',#4196);
#4196 = AXIS2_PLACEMENT_3D('',#4197,#4198,#4199);
#4197 = CARTESIAN_POINT('',(40.75,-57.5,12.99));
#4198 = DIRECTION('',(0.,0.,1.));
#4199 = DIRECTION('',(1.,0.,0.));
#4200 = ADVANCED_FACE('',(#4201),#4209,.T.);
#4201 = FACE_BOUND('',#4202,.T.);
#4202 = EDGE_LOOP('',(#4203,#4204,#4205,#4206,#4207,#4208));
#4203 = ORIENTED_EDGE('',*,*,#3738,.T.);
#4204 = ORIENTED_EDGE('',*,*,#3769,.T.);
#4205 = ORIENTED_EDGE('',*,*,#3760,.T.);
#4206 = ORIENTED_EDGE('',*,*,#3797,.T.);
#4207 = ORIENTED_EDGE('',*,*,#3821,.T.);
#4208 = ORIENTED_EDGE('',*,*,#3812,.T.);
#4209 = PLANE('',#4210);
#4210 = AXIS2_PLACEMENT_3D('',#4211,#4212,#4213);
#4211 = CARTESIAN_POINT('',(40.75,-55.3,12.99));
#4212 = DIRECTION('',(0.,0.,1.));
#4213 = DIRECTION('',(1.,0.,0.));
#4214 = ADVANCED_FACE('',(#4215,#4225),#4295,.F.);
#4215 = FACE_BOUND('',#4216,.F.);
#4216 = EDGE_LOOP('',(#4217,#4218,#4219,#4220,#4221,#4222,#4223,#4224));
#4217 = ORIENTED_EDGE('',*,*,#3856,.F.);
#4218 = ORIENTED_EDGE('',*,*,#4021,.F.);
#4219 = ORIENTED_EDGE('',*,*,#4003,.F.);
#4220 = ORIENTED_EDGE('',*,*,#3979,.F.);
#4221 = ORIENTED_EDGE('',*,*,#3954,.F.);
#4222 = ORIENTED_EDGE('',*,*,#3930,.F.);
#4223 = ORIENTED_EDGE('',*,*,#3905,.F.);
#4224 = ORIENTED_EDGE('',*,*,#3881,.F.);
#4225 = FACE_BOUND('',#4226,.F.);
#4226 = EDGE_LOOP('',(#4227,#4237,#4246,#4254,#4263,#4271,#4280,#4288));
#4227 = ORIENTED_EDGE('',*,*,#4228,.T.);
#4228 = EDGE_CURVE('',#4229,#4231,#4233,.T.);
#4229 = VERTEX_POINT('',#4230);
#4230 = CARTESIAN_POINT('',(45.25,-14.65,12.99));
#4231 = VERTEX_POINT('',#4232);
#4232 = CARTESIAN_POINT('',(29.15,-14.65,12.99));
#4233 = LINE('',#4234,#4235);
#4234 = CARTESIAN_POINT('',(45.25,-14.65,12.99));
#4235 = VECTOR('',#4236,1.);
#4236 = DIRECTION('',(-1.,0.,0.));
#4237 = ORIENTED_EDGE('',*,*,#4238,.T.);
#4238 = EDGE_CURVE('',#4231,#4239,#4241,.T.);
#4239 = VERTEX_POINT('',#4240);
#4240 = CARTESIAN_POINT('',(28.85,-14.95,12.99));
#4241 = CIRCLE('',#4242,0.3);
#4242 = AXIS2_PLACEMENT_3D('',#4243,#4244,#4245);
#4243 = CARTESIAN_POINT('',(29.15,-14.95,12.99));
#4244 = DIRECTION('',(0.,-0.,1.));
#4245 = DIRECTION('',(1.1842E-13,1.,0.));
#4246 = ORIENTED_EDGE('',*,*,#4247,.T.);
#4247 = EDGE_CURVE('',#4239,#4248,#4250,.T.);
#4248 = VERTEX_POINT('',#4249);
#4249 = CARTESIAN_POINT('',(28.85,-52.95,12.99));
#4250 = LINE('',#4251,#4252);
#4251 = CARTESIAN_POINT('',(28.85,-14.95,12.99));
#4252 = VECTOR('',#4253,1.);
#4253 = DIRECTION('',(0.,-1.,0.));
#4254 = ORIENTED_EDGE('',*,*,#4255,.T.);
#4255 = EDGE_CURVE('',#4248,#4256,#4258,.T.);
#4256 = VERTEX_POINT('',#4257);
#4257 = CARTESIAN_POINT('',(29.15,-53.25,12.99));
#4258 = CIRCLE('',#4259,0.3);
#4259 = AXIS2_PLACEMENT_3D('',#4260,#4261,#4262);
#4260 = CARTESIAN_POINT('',(29.15,-52.95,12.99));
#4261 = DIRECTION('',(0.,0.,1.));
#4262 = DIRECTION('',(-1.,4.737E-14,0.));
#4263 = ORIENTED_EDGE('',*,*,#4264,.T.);
#4264 = EDGE_CURVE('',#4256,#4265,#4267,.T.);
#4265 = VERTEX_POINT('',#4266);
#4266 = CARTESIAN_POINT('',(45.25,-53.25,12.99));
#4267 = LINE('',#4268,#4269);
#4268 = CARTESIAN_POINT('',(29.15,-53.25,12.99));
#4269 = VECTOR('',#4270,1.);
#4270 = DIRECTION('',(1.,0.,0.));
#4271 = ORIENTED_EDGE('',*,*,#4272,.T.);
#4272 = EDGE_CURVE('',#4265,#4273,#4275,.T.);
#4273 = VERTEX_POINT('',#4274);
#4274 = CARTESIAN_POINT('',(45.55,-52.95,12.99));
#4275 = CIRCLE('',#4276,0.3);
#4276 = AXIS2_PLACEMENT_3D('',#4277,#4278,#4279);
#4277 = CARTESIAN_POINT('',(45.25,-52.95,12.99));
#4278 = DIRECTION('',(-0.,0.,1.));
#4279 = DIRECTION('',(2.368E-14,-1.,0.));
#4280 = ORIENTED_EDGE('',*,*,#4281,.T.);
#4281 = EDGE_CURVE('',#4273,#4282,#4284,.T.);
#4282 = VERTEX_POINT('',#4283);
#4283 = CARTESIAN_POINT('',(45.55,-14.95,12.99));
#4284 = LINE('',#4285,#4286);
#4285 = CARTESIAN_POINT('',(45.55,-52.95,12.99));
#4286 = VECTOR('',#4287,1.);
#4287 = DIRECTION('',(0.,1.,0.));
#4288 = ORIENTED_EDGE('',*,*,#4289,.T.);
#4289 = EDGE_CURVE('',#4282,#4229,#4290,.T.);
#4290 = CIRCLE('',#4291,0.3);
#4291 = AXIS2_PLACEMENT_3D('',#4292,#4293,#4294);
#4292 = CARTESIAN_POINT('',(45.25,-14.95,12.99));
#4293 = DIRECTION('',(0.,-0.,1.));
#4294 = DIRECTION('',(1.,5.92E-15,0.));
#4295 = PLANE('',#4296);
#4296 = AXIS2_PLACEMENT_3D('',#4297,#4298,#4299);
#4297 = CARTESIAN_POINT('',(37.,-33.15,12.99));
#4298 = DIRECTION('',(-0.,-0.,-1.));
#4299 = DIRECTION('',(-1.,0.,0.));
#4300 = ADVANCED_FACE('',(#4301),#4317,.T.);
#4301 = FACE_BOUND('',#4302,.F.);
#4302 = EDGE_LOOP('',(#4303,#4309,#4310,#4316));
#4303 = ORIENTED_EDGE('',*,*,#4304,.T.);
#4304 = EDGE_CURVE('',#4282,#4045,#4305,.T.);
#4305 = LINE('',#4306,#4307);
#4306 = CARTESIAN_POINT('',(45.55,-14.95,12.99));
#4307 = VECTOR('',#4308,1.);
#4308 = DIRECTION('',(0.,0.,1.));
#4309 = ORIENTED_EDGE('',*,*,#4044,.T.);
#4310 = ORIENTED_EDGE('',*,*,#4311,.F.);
#4311 = EDGE_CURVE('',#4229,#4047,#4312,.T.);
#4312 = LINE('',#4313,#4314);
#4313 = CARTESIAN_POINT('',(45.25,-14.65,12.99));
#4314 = VECTOR('',#4315,1.);
#4315 = DIRECTION('',(0.,0.,1.));
#4316 = ORIENTED_EDGE('',*,*,#4289,.F.);
#4317 = CYLINDRICAL_SURFACE('',#4318,0.3);
#4318 = AXIS2_PLACEMENT_3D('',#4319,#4320,#4321);
#4319 = CARTESIAN_POINT('',(45.25,-14.95,12.99));
#4320 = DIRECTION('',(0.,0.,-1.));
#4321 = DIRECTION('',(1.,5.92E-15,0.));
#4322 = ADVANCED_FACE('',(#4323),#4334,.F.);
#4323 = FACE_BOUND('',#4324,.F.);
#4324 = EDGE_LOOP('',(#4325,#4331,#4332,#4333));
#4325 = ORIENTED_EDGE('',*,*,#4326,.T.);
#4326 = EDGE_CURVE('',#4273,#4098,#4327,.T.);
#4327 = LINE('',#4328,#4329);
#4328 = CARTESIAN_POINT('',(45.55,-52.95,12.99));
#4329 = VECTOR('',#4330,1.);
#4330 = DIRECTION('',(0.,0.,1.));
#4331 = ORIENTED_EDGE('',*,*,#4106,.T.);
#4332 = ORIENTED_EDGE('',*,*,#4304,.F.);
#4333 = ORIENTED_EDGE('',*,*,#4281,.F.);
#4334 = PLANE('',#4335);
#4335 = AXIS2_PLACEMENT_3D('',#4336,#4337,#4338);
#4336 = CARTESIAN_POINT('',(45.55,-52.95,12.99));
#4337 = DIRECTION('',(-1.,0.,0.));
#4338 = DIRECTION('',(0.,1.,0.));
#4339 = ADVANCED_FACE('',(#4340),#4351,.T.);
#4340 = FACE_BOUND('',#4341,.F.);
#4341 = EDGE_LOOP('',(#4342,#4348,#4349,#4350));
#4342 = ORIENTED_EDGE('',*,*,#4343,.T.);
#4343 = EDGE_CURVE('',#4265,#4090,#4344,.T.);
#4344 = LINE('',#4345,#4346);
#4345 = CARTESIAN_POINT('',(45.25,-53.25,12.99));
#4346 = VECTOR('',#4347,1.);
#4347 = DIRECTION('',(0.,0.,1.));
#4348 = ORIENTED_EDGE('',*,*,#4097,.T.);
#4349 = ORIENTED_EDGE('',*,*,#4326,.F.);
#4350 = ORIENTED_EDGE('',*,*,#4272,.F.);
#4351 = CYLINDRICAL_SURFACE('',#4352,0.3);
#4352 = AXIS2_PLACEMENT_3D('',#4353,#4354,#4355);
#4353 = CARTESIAN_POINT('',(45.25,-52.95,12.99));
#4354 = DIRECTION('',(0.,0.,-1.));
#4355 = DIRECTION('',(2.368E-14,-1.,0.));
#4356 = ADVANCED_FACE('',(#4357),#4368,.F.);
#4357 = FACE_BOUND('',#4358,.F.);
#4358 = EDGE_LOOP('',(#4359,#4365,#4366,#4367));
#4359 = ORIENTED_EDGE('',*,*,#4360,.T.);
#4360 = EDGE_CURVE('',#4256,#4081,#4361,.T.);
#4361 = LINE('',#4362,#4363);
#4362 = CARTESIAN_POINT('',(29.15,-53.25,12.99));
#4363 = VECTOR('',#4364,1.);
#4364 = DIRECTION('',(0.,0.,1.));
#4365 = ORIENTED_EDGE('',*,*,#4089,.T.);
#4366 = ORIENTED_EDGE('',*,*,#4343,.F.);
#4367 = ORIENTED_EDGE('',*,*,#4264,.F.);
#4368 = PLANE('',#4369);
#4369 = AXIS2_PLACEMENT_3D('',#4370,#4371,#4372);
#4370 = CARTESIAN_POINT('',(29.15,-53.25,12.99));
#4371 = DIRECTION('',(0.,1.,0.));
#4372 = DIRECTION('',(1.,0.,0.));
#4373 = ADVANCED_FACE('',(#4374),#4385,.T.);
#4374 = FACE_BOUND('',#4375,.F.);
#4375 = EDGE_LOOP('',(#4376,#4382,#4383,#4384));
#4376 = ORIENTED_EDGE('',*,*,#4377,.T.);
#4377 = EDGE_CURVE('',#4248,#4073,#4378,.T.);
#4378 = LINE('',#4379,#4380);
#4379 = CARTESIAN_POINT('',(28.85,-52.95,12.99));
#4380 = VECTOR('',#4381,1.);
#4381 = DIRECTION('',(0.,0.,1.));
#4382 = ORIENTED_EDGE('',*,*,#4080,.T.);
#4383 = ORIENTED_EDGE('',*,*,#4360,.F.);
#4384 = ORIENTED_EDGE('',*,*,#4255,.F.);
#4385 = CYLINDRICAL_SURFACE('',#4386,0.3);
#4386 = AXIS2_PLACEMENT_3D('',#4387,#4388,#4389);
#4387 = CARTESIAN_POINT('',(29.15,-52.95,12.99));
#4388 = DIRECTION('',(-0.,-0.,-1.));
#4389 = DIRECTION('',(-1.,4.737E-14,0.));
#4390 = ADVANCED_FACE('',(#4391),#4402,.F.);
#4391 = FACE_BOUND('',#4392,.F.);
#4392 = EDGE_LOOP('',(#4393,#4399,#4400,#4401));
#4393 = ORIENTED_EDGE('',*,*,#4394,.T.);
#4394 = EDGE_CURVE('',#4239,#4064,#4395,.T.);
#4395 = LINE('',#4396,#4397);
#4396 = CARTESIAN_POINT('',(28.85,-14.95,12.99));
#4397 = VECTOR('',#4398,1.);
#4398 = DIRECTION('',(0.,0.,1.));
#4399 = ORIENTED_EDGE('',*,*,#4072,.T.);
#4400 = ORIENTED_EDGE('',*,*,#4377,.F.);
#4401 = ORIENTED_EDGE('',*,*,#4247,.F.);
#4402 = PLANE('',#4403);
#4403 = AXIS2_PLACEMENT_3D('',#4404,#4405,#4406);
#4404 = CARTESIAN_POINT('',(28.85,-14.95,12.99));
#4405 = DIRECTION('',(1.,0.,0.));
#4406 = DIRECTION('',(0.,-1.,0.));
#4407 = ADVANCED_FACE('',(#4408),#4419,.T.);
#4408 = FACE_BOUND('',#4409,.F.);
#4409 = EDGE_LOOP('',(#4410,#4416,#4417,#4418));
#4410 = ORIENTED_EDGE('',*,*,#4411,.T.);
#4411 = EDGE_CURVE('',#4231,#4056,#4412,.T.);
#4412 = LINE('',#4413,#4414);
#4413 = CARTESIAN_POINT('',(29.15,-14.65,12.99));
#4414 = VECTOR('',#4415,1.);
#4415 = DIRECTION('',(0.,0.,1.));
#4416 = ORIENTED_EDGE('',*,*,#4063,.T.);
#4417 = ORIENTED_EDGE('',*,*,#4394,.F.);
#4418 = ORIENTED_EDGE('',*,*,#4238,.F.);
#4419 = CYLINDRICAL_SURFACE('',#4420,0.3);
#4420 = AXIS2_PLACEMENT_3D('',#4421,#4422,#4423);
#4421 = CARTESIAN_POINT('',(29.15,-14.95,12.99));
#4422 = DIRECTION('',(0.,0.,-1.));
#4423 = DIRECTION('',(1.1842E-13,1.,0.));
#4424 = ADVANCED_FACE('',(#4425),#4431,.F.);
#4425 = FACE_BOUND('',#4426,.F.);
#4426 = EDGE_LOOP('',(#4427,#4428,#4429,#4430));
#4427 = ORIENTED_EDGE('',*,*,#4311,.T.);
#4428 = ORIENTED_EDGE('',*,*,#4055,.T.);
#4429 = ORIENTED_EDGE('',*,*,#4411,.F.);
#4430 = ORIENTED_EDGE('',*,*,#4228,.F.);
#4431 = PLANE('',#4432);
#4432 = AXIS2_PLACEMENT_3D('',#4433,#4434,#4435);
#4433 = CARTESIAN_POINT('',(45.25,-14.65,12.99));
#4434 = DIRECTION('',(0.,-1.,0.));
#4435 = DIRECTION('',(-1.,0.,0.));
#4436 = ORIENTED_CLOSED_SHELL('',*,#4437,.F.);
#4437 = CLOSED_SHELL('',(#4438,#4471,#4480));
#4438 = ADVANCED_FACE('',(#4439),#4466,.T.);
#4439 = FACE_BOUND('',#4440,.F.);
#4440 = EDGE_LOOP('',(#4441,#4451,#4458,#4459));
#4441 = ORIENTED_EDGE('',*,*,#4442,.T.);
#4442 = EDGE_CURVE('',#4443,#4445,#4447,.T.);
#4443 = VERTEX_POINT('',#4444);
#4444 = CARTESIAN_POINT('',(38.3,-64.7,7.));
#4445 = VERTEX_POINT('',#4446);
#4446 = CARTESIAN_POINT('',(38.3,-64.7,11.2));
#4447 = LINE('',#4448,#4449);
#4448 = CARTESIAN_POINT('',(38.3,-64.7,7.));
#4449 = VECTOR('',#4450,1.);
#4450 = DIRECTION('',(0.,0.,1.));
#4451 = ORIENTED_EDGE('',*,*,#4452,.T.);
#4452 = EDGE_CURVE('',#4445,#4445,#4453,.T.);
#4453 = CIRCLE('',#4454,1.1);
#4454 = AXIS2_PLACEMENT_3D('',#4455,#4456,#4457);
#4455 = CARTESIAN_POINT('',(37.2,-64.7,11.2));
#4456 = DIRECTION('',(0.,0.,1.));
#4457 = DIRECTION('',(1.,0.,0.));
#4458 = ORIENTED_EDGE('',*,*,#4442,.F.);
#4459 = ORIENTED_EDGE('',*,*,#4460,.F.);
#4460 = EDGE_CURVE('',#4443,#4443,#4461,.T.);
#4461 = CIRCLE('',#4462,1.1);
#4462 = AXIS2_PLACEMENT_3D('',#4463,#4464,#4465);
#4463 = CARTESIAN_POINT('',(37.2,-64.7,7.));
#4464 = DIRECTION('',(0.,0.,1.));
#4465 = DIRECTION('',(1.,0.,0.));
#4466 = CYLINDRICAL_SURFACE('',#4467,1.1);
#4467 = AXIS2_PLACEMENT_3D('',#4468,#4469,#4470);
#4468 = CARTESIAN_POINT('',(37.2,-64.7,7.));
#4469 = DIRECTION('',(-0.,-0.,-1.));
#4470 = DIRECTION('',(1.,0.,0.));
#4471 = ADVANCED_FACE('',(#4472),#4475,.F.);
#4472 = FACE_BOUND('',#4473,.T.);
#4473 = EDGE_LOOP('',(#4474));
#4474 = ORIENTED_EDGE('',*,*,#4460,.F.);
#4475 = PLANE('',#4476);
#4476 = AXIS2_PLACEMENT_3D('',#4477,#4478,#4479);
#4477 = CARTESIAN_POINT('',(37.2,-64.7,7.));
#4478 = DIRECTION('',(0.,0.,1.));
#4479 = DIRECTION('',(1.,0.,0.));
#4480 = ADVANCED_FACE('',(#4481),#4484,.T.);
#4481 = FACE_BOUND('',#4482,.F.);
#4482 = EDGE_LOOP('',(#4483));
#4483 = ORIENTED_EDGE('',*,*,#4452,.F.);
#4484 = PLANE('',#4485);
#4485 = AXIS2_PLACEMENT_3D('',#4486,#4487,#4488);
#4486 = CARTESIAN_POINT('',(37.2,-64.7,11.2));
#4487 = DIRECTION('',(0.,0.,1.));
#4488 = DIRECTION('',(1.,0.,0.));
#4489 = ORIENTED_CLOSED_SHELL('',*,#4490,.F.);
#4490 = CLOSED_SHELL('',(#4491,#4524,#4533));
#4491 = ADVANCED_FACE('',(#4492),#4519,.T.);
#4492 = FACE_BOUND('',#4493,.F.);
#4493 = EDGE_LOOP('',(#4494,#4504,#4511,#4512));
#4494 = ORIENTED_EDGE('',*,*,#4495,.T.);
#4495 = EDGE_CURVE('',#4496,#4498,#4500,.T.);
#4496 = VERTEX_POINT('',#4497);
#4497 = CARTESIAN_POINT('',(28.1,-52.8,7.));
#4498 = VERTEX_POINT('',#4499);
#4499 = CARTESIAN_POINT('',(28.1,-52.8,11.2));
#4500 = LINE('',#4501,#4502);
#4501 = CARTESIAN_POINT('',(28.1,-52.8,7.));
#4502 = VECTOR('',#4503,1.);
#4503 = DIRECTION('',(0.,0.,1.));
#4504 = ORIENTED_EDGE('',*,*,#4505,.T.);
#4505 = EDGE_CURVE('',#4498,#4498,#4506,.T.);
#4506 = CIRCLE('',#4507,1.1);
#4507 = AXIS2_PLACEMENT_3D('',#4508,#4509,#4510);
#4508 = CARTESIAN_POINT('',(27.,-52.8,11.2));
#4509 = DIRECTION('',(0.,0.,1.));
#4510 = DIRECTION('',(1.,0.,0.));
#4511 = ORIENTED_EDGE('',*,*,#4495,.F.);
#4512 = ORIENTED_EDGE('',*,*,#4513,.F.);
#4513 = EDGE_CURVE('',#4496,#4496,#4514,.T.);
#4514 = CIRCLE('',#4515,1.1);
#4515 = AXIS2_PLACEMENT_3D('',#4516,#4517,#4518);
#4516 = CARTESIAN_POINT('',(27.,-52.8,7.));
#4517 = DIRECTION('',(0.,0.,1.));
#4518 = DIRECTION('',(1.,0.,0.));
#4519 = CYLINDRICAL_SURFACE('',#4520,1.1);
#4520 = AXIS2_PLACEMENT_3D('',#4521,#4522,#4523);
#4521 = CARTESIAN_POINT('',(27.,-52.8,7.));
#4522 = DIRECTION('',(-0.,-0.,-1.));
#4523 = DIRECTION('',(1.,0.,0.));
#4524 = ADVANCED_FACE('',(#4525),#4528,.F.);
#4525 = FACE_BOUND('',#4526,.T.);
#4526 = EDGE_LOOP('',(#4527));
#4527 = ORIENTED_EDGE('',*,*,#4513,.F.);
#4528 = PLANE('',#4529);
#4529 = AXIS2_PLACEMENT_3D('',#4530,#4531,#4532);
#4530 = CARTESIAN_POINT('',(27.,-52.8,7.));
#4531 = DIRECTION('',(0.,0.,1.));
#4532 = DIRECTION('',(1.,0.,0.));
#4533 = ADVANCED_FACE('',(#4534),#4537,.T.);
#4534 = FACE_BOUND('',#4535,.F.);
#4535 = EDGE_LOOP('',(#4536));
#4536 = ORIENTED_EDGE('',*,*,#4505,.F.);
#4537 = PLANE('',#4538);
#4538 = AXIS2_PLACEMENT_3D('',#4539,#4540,#4541);
#4539 = CARTESIAN_POINT('',(27.,-52.8,11.2));
#4540 = DIRECTION('',(0.,0.,1.));
#4541 = DIRECTION('',(1.,0.,0.));
#4542 = ORIENTED_CLOSED_SHELL('',*,#4543,.F.);
#4543 = CLOSED_SHELL('',(#4544,#4577,#4586));
#4544 = ADVANCED_FACE('',(#4545),#4572,.T.);
#4545 = FACE_BOUND('',#4546,.F.);
#4546 = EDGE_LOOP('',(#4547,#4557,#4564,#4565));
#4547 = ORIENTED_EDGE('',*,*,#4548,.T.);
#4548 = EDGE_CURVE('',#4549,#4551,#4553,.T.);
#4549 = VERTEX_POINT('',#4550);
#4550 = CARTESIAN_POINT('',(48.1,-52.8,7.));
#4551 = VERTEX_POINT('',#4552);
#4552 = CARTESIAN_POINT('',(48.1,-52.8,11.2));
#4553 = LINE('',#4554,#4555);
#4554 = CARTESIAN_POINT('',(48.1,-52.8,7.));
#4555 = VECTOR('',#4556,1.);
#4556 = DIRECTION('',(0.,0.,1.));
#4557 = ORIENTED_EDGE('',*,*,#4558,.T.);
#4558 = EDGE_CURVE('',#4551,#4551,#4559,.T.);
#4559 = CIRCLE('',#4560,1.1);
#4560 = AXIS2_PLACEMENT_3D('',#4561,#4562,#4563);
#4561 = CARTESIAN_POINT('',(47.,-52.8,11.2));
#4562 = DIRECTION('',(0.,0.,1.));
#4563 = DIRECTION('',(1.,0.,0.));
#4564 = ORIENTED_EDGE('',*,*,#4548,.F.);
#4565 = ORIENTED_EDGE('',*,*,#4566,.F.);
#4566 = EDGE_CURVE('',#4549,#4549,#4567,.T.);
#4567 = CIRCLE('',#4568,1.1);
#4568 = AXIS2_PLACEMENT_3D('',#4569,#4570,#4571);
#4569 = CARTESIAN_POINT('',(47.,-52.8,7.));
#4570 = DIRECTION('',(0.,0.,1.));
#4571 = DIRECTION('',(1.,0.,0.));
#4572 = CYLINDRICAL_SURFACE('',#4573,1.1);
#4573 = AXIS2_PLACEMENT_3D('',#4574,#4575,#4576);
#4574 = CARTESIAN_POINT('',(47.,-52.8,7.));
#4575 = DIRECTION('',(-0.,-0.,-1.));
#4576 = DIRECTION('',(1.,0.,0.));
#4577 = ADVANCED_FACE('',(#4578),#4581,.F.);
#4578 = FACE_BOUND('',#4579,.T.);
#4579 = EDGE_LOOP('',(#4580));
#4580 = ORIENTED_EDGE('',*,*,#4566,.F.);
#4581 = PLANE('',#4582);
#4582 = AXIS2_PLACEMENT_3D('',#4583,#4584,#4585);
#4583 = CARTESIAN_POINT('',(47.,-52.8,7.));
#4584 = DIRECTION('',(0.,0.,1.));
#4585 = DIRECTION('',(1.,0.,0.));
#4586 = ADVANCED_FACE('',(#4587),#4590,.T.);
#4587 = FACE_BOUND('',#4588,.F.);
#4588 = EDGE_LOOP('',(#4589));
#4589 = ORIENTED_EDGE('',*,*,#4558,.F.);
#4590 = PLANE('',#4591);
#4591 = AXIS2_PLACEMENT_3D('',#4592,#4593,#4594);
#4592 = CARTESIAN_POINT('',(47.,-52.8,11.2));
#4593 = DIRECTION('',(0.,0.,1.));
#4594 = DIRECTION('',(1.,0.,0.));
#4595 = ( GEOMETRIC_REPRESENTATION_CONTEXT(3) 
GLOBAL_UNCERTAINTY_ASSIGNED_CONTEXT((#4599)) 
GLOBAL_UNIT_ASSIGNED_CONTEXT((#4596,#4597,#4598)) REPRESENTATION_CONTEXT
('Context #1','3D Context with UNIT and UNCERTAINTY') );
#4596 = ( LENGTH_UNIT() NAMED_UNIT(*) SI_UNIT(.MILLI.,.METRE.) );
#4597 = ( NAMED_UNIT(*) PLANE_ANGLE_UNIT() SI_UNIT($,.RADIAN.) );
#4598 = ( NAMED_UNIT(*) SI_UNIT($,.STERADIAN.) SOLID_ANGLE_UNIT() );
#4599 = UNCERTAINTY_MEASURE_WITH_UNIT(LENGTH_MEASURE(2.E-05),#4596,
  'distance_accuracy_value','confusion accuracy');
#4600 = PRODUCT_RELATED_PRODUCT_CATEGORY('part',$,(#7));
ENDSEC;
END-ISO-10303-21;
