ISO-10303-21;
HEADER;
FILE_DESCRIPTION(('FreeCAD Model'),'2;1');
FILE_NAME('Open CASCADE Shape Model','2026-09-28T16:00:52',('FreeCAD'),(
    'FreeCAD'),'Open CASCADE STEP processor 7.8','FreeCAD','Unknown');
FILE_SCHEMA(('AUTOMOTIVE_DESIGN { 1 0 10303 214 1 1 1 1 }'));
ENDSEC;
DATA;
#1 = APPLICATION_PROTOCOL_DEFINITION('international standard',
  'automotive_design',2000,#2);
#2 = APPLICATION_CONTEXT(
  'core data for automotive mechanical design processes');
#3 = SHAPE_DEFINITION_REPRESENTATION(#4,#10);
#4 = PRODUCT_DEFINITION_SHAPE('','',#5);
#5 = PRODUCT_DEFINITION('design','',#6,#9);
#6 = PRODUCT_DEFINITION_FORMATION('','',#7);
#7 = PRODUCT('Open CASCADE STEP translator 7.8 111',
  'Open CASCADE STEP translator 7.8 111','',(#8));
#8 = PRODUCT_CONTEXT('',#2,'mechanical');
#9 = PRODUCT_DEFINITION_CONTEXT('part definition',#2,'design');
#10 = ADVANCED_BREP_SHAPE_REPRESENTATION('',(#11,#15),#4490);
#11 = AXIS2_PLACEMENT_3D('',#12,#13,#14);
#12 = CARTESIAN_POINT('',(0.,0.,0.));
#13 = DIRECTION('',(0.,0.,1.));
#14 = DIRECTION('',(1.,0.,-0.));
#15 = BREP_WITH_VOIDS('',#16,(#4331,#4384,#4437));
#16 = CLOSED_SHELL('',(#17,#153,#184,#418,#442,#593,#618,#643,#668,#730,
    #758,#769,#804,#830,#855,#913,#930,#975,#992,#1004,#1021,#1054,#1094
    ,#1118,#1142,#1223,#1247,#1271,#1295,#1319,#1343,#1367,#1391,#1415,
    #1439,#1463,#1487,#1511,#1528,#1559,#1583,#1607,#1624,#1663,#1688,
    #1712,#1737,#1793,#1817,#1873,#1890,#1908,#1933,#1958,#1982,#2038,
    #2056,#2066,#2084,#2101,#2177,#2194,#2206,#2234,#2245,#2323,#2854,
    #2871,#2883,#2895,#2904,#2913,#2938,#2960,#2977,#2994,#3011,#3028,
    #3045,#3062,#3074,#3116,#3140,#3165,#3182,#3224,#3248,#3273,#3290,
    #3321,#3349,#3391,#3415,#3440,#3457,#3499,#3523,#3548,#3565,#3590,
    #3621,#3656,#3680,#3708,#3739,#3763,#3787,#3811,#3835,#3859,#3883,
    #3907,#3931,#3955,#3979,#3996,#4028,#4052,#4077,#4094,#4126,#4150,
    #4175,#4192,#4201,#4214,#4227,#4238,#4251,#4264,#4273,#4287,#4307,
    #4319));
#17 = ADVANCED_FACE('',(#18),#148,.F.);
#18 = FACE_BOUND('',#19,.F.);
#19 = EDGE_LOOP('',(#20,#30,#38,#46,#54,#62,#70,#78,#86,#94,#102,#110,
    #118,#126,#134,#142));
#20 = ORIENTED_EDGE('',*,*,#21,.F.);
#21 = EDGE_CURVE('',#22,#24,#26,.T.);
#22 = VERTEX_POINT('',#23);
#23 = CARTESIAN_POINT('',(26.229458346531,-65.8,6.3));
#24 = VERTEX_POINT('',#25);
#25 = CARTESIAN_POINT('',(26.229458346531,-65.8,12.19));
#26 = LINE('',#27,#28);
#27 = CARTESIAN_POINT('',(26.229458346531,-65.8,6.2));
#28 = VECTOR('',#29,1.);
#29 = DIRECTION('',(0.,0.,1.));
#30 = ORIENTED_EDGE('',*,*,#31,.T.);
#31 = EDGE_CURVE('',#22,#32,#34,.T.);
#32 = VERTEX_POINT('',#33);
#33 = CARTESIAN_POINT('',(27.367144864974,-65.8,6.3));
#34 = LINE('',#35,#36);
#35 = CARTESIAN_POINT('',(42.406927111653,-65.8,6.3));
#36 = VECTOR('',#37,1.);
#37 = DIRECTION('',(1.,0.,0.));
#38 = ORIENTED_EDGE('',*,*,#39,.F.);
#39 = EDGE_CURVE('',#40,#32,#42,.T.);
#40 = VERTEX_POINT('',#41);
#41 = CARTESIAN_POINT('',(27.367144864974,-65.8,6.75));
#42 = LINE('',#43,#44);
#43 = CARTESIAN_POINT('',(27.367144864974,-65.8,5.3));
#44 = VECTOR('',#45,1.);
#45 = DIRECTION('',(-0.,-0.,-1.));
#46 = ORIENTED_EDGE('',*,*,#47,.F.);
#47 = EDGE_CURVE('',#48,#40,#50,.T.);
#48 = VERTEX_POINT('',#49);
#49 = CARTESIAN_POINT('',(31.432855135026,-65.8,6.75));
#50 = LINE('',#51,#52);
#51 = CARTESIAN_POINT('',(38.585270826735,-65.8,6.75));
#52 = VECTOR('',#53,1.);
#53 = DIRECTION('',(-1.,0.,0.));
#54 = ORIENTED_EDGE('',*,*,#55,.T.);
#55 = EDGE_CURVE('',#48,#56,#58,.T.);
#56 = VERTEX_POINT('',#57);
#57 = CARTESIAN_POINT('',(31.432855135026,-65.8,6.3));
#58 = LINE('',#59,#60);
#59 = CARTESIAN_POINT('',(31.432855135026,-65.8,5.3));
#60 = VECTOR('',#61,1.);
#61 = DIRECTION('',(-0.,-0.,-1.));
#62 = ORIENTED_EDGE('',*,*,#63,.T.);
#63 = EDGE_CURVE('',#56,#64,#66,.T.);
#64 = VERTEX_POINT('',#65);
#65 = CARTESIAN_POINT('',(35.712552521936,-65.8,6.3));
#66 = LINE('',#67,#68);
#67 = CARTESIAN_POINT('',(42.406927111653,-65.8,6.3));
#68 = VECTOR('',#69,1.);
#69 = DIRECTION('',(1.,0.,0.));
#70 = ORIENTED_EDGE('',*,*,#71,.F.);
#71 = EDGE_CURVE('',#72,#64,#74,.T.);
#72 = VERTEX_POINT('',#73);
#73 = CARTESIAN_POINT('',(35.712552521936,-65.8,11.6));
#74 = LINE('',#75,#76);
#75 = CARTESIAN_POINT('',(35.712552521936,-65.8,6.3));
#76 = VECTOR('',#77,1.);
#77 = DIRECTION('',(-0.,-0.,-1.));
#78 = ORIENTED_EDGE('',*,*,#79,.F.);
#79 = EDGE_CURVE('',#80,#72,#82,.T.);
#80 = VERTEX_POINT('',#81);
#81 = CARTESIAN_POINT('',(38.687447478064,-65.8,11.6));
#82 = LINE('',#83,#84);
#83 = CARTESIAN_POINT('',(42.485270826735,-65.8,11.6));
#84 = VECTOR('',#85,1.);
#85 = DIRECTION('',(-1.,0.,0.));
#86 = ORIENTED_EDGE('',*,*,#87,.T.);
#87 = EDGE_CURVE('',#80,#88,#90,.T.);
#88 = VERTEX_POINT('',#89);
#89 = CARTESIAN_POINT('',(38.687447478064,-65.8,6.3));
#90 = LINE('',#91,#92);
#91 = CARTESIAN_POINT('',(38.687447478064,-65.8,6.3));
#92 = VECTOR('',#93,1.);
#93 = DIRECTION('',(-0.,-0.,-1.));
#94 = ORIENTED_EDGE('',*,*,#95,.T.);
#95 = EDGE_CURVE('',#88,#96,#98,.T.);
#96 = VERTEX_POINT('',#97);
#97 = CARTESIAN_POINT('',(43.371033114396,-65.8,6.3));
#98 = LINE('',#99,#100);
#99 = CARTESIAN_POINT('',(42.406927111653,-65.8,6.3));
#100 = VECTOR('',#101,1.);
#101 = DIRECTION('',(1.,0.,0.));
#102 = ORIENTED_EDGE('',*,*,#103,.F.);
#103 = EDGE_CURVE('',#104,#96,#106,.T.);
#104 = VERTEX_POINT('',#105);
#105 = CARTESIAN_POINT('',(43.371033114396,-65.8,6.75));
#106 = LINE('',#107,#108);
#107 = CARTESIAN_POINT('',(43.371033114396,-65.8,5.3));
#108 = VECTOR('',#109,1.);
#109 = DIRECTION('',(-0.,-0.,-1.));
#110 = ORIENTED_EDGE('',*,*,#111,.F.);
#111 = EDGE_CURVE('',#112,#104,#114,.T.);
#112 = VERTEX_POINT('',#113);
#113 = CARTESIAN_POINT('',(47.628966885604,-65.8,6.75));
#114 = LINE('',#115,#116);
#115 = CARTESIAN_POINT('',(46.635270826735,-65.8,6.75));
#116 = VECTOR('',#117,1.);
#117 = DIRECTION('',(-1.,0.,0.));
#118 = ORIENTED_EDGE('',*,*,#119,.T.);
#119 = EDGE_CURVE('',#112,#120,#122,.T.);
#120 = VERTEX_POINT('',#121);
#121 = CARTESIAN_POINT('',(47.628966885604,-65.8,6.3));
#122 = LINE('',#123,#124);
#123 = CARTESIAN_POINT('',(47.628966885604,-65.8,5.3));
#124 = VECTOR('',#125,1.);
#125 = DIRECTION('',(-0.,-0.,-1.));
#126 = ORIENTED_EDGE('',*,*,#127,.T.);
#127 = EDGE_CURVE('',#120,#128,#130,.T.);
#128 = VERTEX_POINT('',#129);
#129 = CARTESIAN_POINT('',(47.770541653469,-65.8,6.3));
#130 = LINE('',#131,#132);
#131 = CARTESIAN_POINT('',(42.406927111653,-65.8,6.3));
#132 = VECTOR('',#133,1.);
#133 = DIRECTION('',(1.,0.,0.));
#134 = ORIENTED_EDGE('',*,*,#135,.T.);
#135 = EDGE_CURVE('',#128,#136,#138,.T.);
#136 = VERTEX_POINT('',#137);
#137 = CARTESIAN_POINT('',(47.770541653469,-65.8,12.19));
#138 = LINE('',#139,#140);
#139 = CARTESIAN_POINT('',(47.770541653469,-65.8,6.2));
#140 = VECTOR('',#141,1.);
#141 = DIRECTION('',(0.,0.,1.));
#142 = ORIENTED_EDGE('',*,*,#143,.T.);
#143 = EDGE_CURVE('',#136,#24,#144,.T.);
#144 = LINE('',#145,#146);
#145 = CARTESIAN_POINT('',(47.770541653469,-65.8,12.19));
#146 = VECTOR('',#147,1.);
#147 = DIRECTION('',(-1.,0.,0.));
#148 = PLANE('',#149);
#149 = AXIS2_PLACEMENT_3D('',#150,#151,#152);
#150 = CARTESIAN_POINT('',(47.770541653469,-65.8,6.2));
#151 = DIRECTION('',(0.,-1.,0.));
#152 = DIRECTION('',(-1.,0.,0.));
#153 = ADVANCED_FACE('',(#154),#179,.F.);
#154 = FACE_BOUND('',#155,.F.);
#155 = EDGE_LOOP('',(#156,#164,#165,#173));
#156 = ORIENTED_EDGE('',*,*,#157,.T.);
#157 = EDGE_CURVE('',#158,#22,#160,.T.);
#158 = VERTEX_POINT('',#159);
#159 = CARTESIAN_POINT('',(26.201379428774,-65.79862057122,6.3));
#160 = LINE('',#161,#162);
#161 = CARTESIAN_POINT('',(30.969051124605,-66.03284126237,6.3));
#162 = VECTOR('',#163,1.);
#163 = DIRECTION('',(0.998795456205,-4.906767432757E-02,0.));
#164 = ORIENTED_EDGE('',*,*,#21,.T.);
#165 = ORIENTED_EDGE('',*,*,#166,.T.);
#166 = EDGE_CURVE('',#24,#167,#169,.T.);
#167 = VERTEX_POINT('',#168);
#168 = CARTESIAN_POINT('',(26.201379428774,-65.79862057122,12.19));
#169 = LINE('',#170,#171);
#170 = CARTESIAN_POINT('',(26.229458346531,-65.8,12.19));
#171 = VECTOR('',#172,1.);
#172 = DIRECTION('',(-0.998795456205,4.906767432757E-02,0.));
#173 = ORIENTED_EDGE('',*,*,#174,.F.);
#174 = EDGE_CURVE('',#158,#167,#175,.T.);
#175 = LINE('',#176,#177);
#176 = CARTESIAN_POINT('',(26.201379428774,-65.79862057122,6.2));
#177 = VECTOR('',#178,1.);
#178 = DIRECTION('',(0.,0.,1.));
#179 = PLANE('',#180);
#180 = AXIS2_PLACEMENT_3D('',#181,#182,#183);
#181 = CARTESIAN_POINT('',(26.229458346531,-65.8,6.2));
#182 = DIRECTION('',(-4.906767432757E-02,-0.998795456205,0.));
#183 = DIRECTION('',(-0.998795456205,4.906767432757E-02,0.));
#184 = ADVANCED_FACE('',(#185,#379),#413,.F.);
#185 = FACE_BOUND('',#186,.F.);
#186 = EDGE_LOOP('',(#187,#197,#205,#213,#221,#229,#237,#245,#253,#261,
    #269,#277,#285,#293,#301,#309,#317,#325,#333,#341,#349,#357,#363,
    #364,#365,#373));
#187 = ORIENTED_EDGE('',*,*,#188,.F.);
#188 = EDGE_CURVE('',#189,#191,#193,.T.);
#189 = VERTEX_POINT('',#190);
#190 = CARTESIAN_POINT('',(47.8,-12.22945834653,12.19));
#191 = VERTEX_POINT('',#192);
#192 = CARTESIAN_POINT('',(47.8,-65.77054165346,12.19));
#193 = LINE('',#194,#195);
#194 = CARTESIAN_POINT('',(47.8,-12.22945834653,12.19));
#195 = VECTOR('',#196,1.);
#196 = DIRECTION('',(0.,-1.,0.));
#197 = ORIENTED_EDGE('',*,*,#198,.F.);
#198 = EDGE_CURVE('',#199,#189,#201,.T.);
#199 = VERTEX_POINT('',#200);
#200 = CARTESIAN_POINT('',(47.798620571226,-12.20137942877,12.19));
#201 = LINE('',#202,#203);
#202 = CARTESIAN_POINT('',(47.798620571226,-12.20137942877,12.19));
#203 = VECTOR('',#204,1.);
#204 = DIRECTION('',(4.906767432758E-02,-0.998795456205,0.));
#205 = ORIENTED_EDGE('',*,*,#206,.F.);
#206 = EDGE_CURVE('',#207,#199,#209,.T.);
#207 = VERTEX_POINT('',#208);
#208 = CARTESIAN_POINT('',(47.770541653469,-12.2,12.19));
#209 = LINE('',#210,#211);
#210 = CARTESIAN_POINT('',(47.770541653469,-12.2,12.19));
#211 = VECTOR('',#212,1.);
#212 = DIRECTION('',(0.998795456205,-4.906767432741E-02,0.));
#213 = ORIENTED_EDGE('',*,*,#214,.F.);
#214 = EDGE_CURVE('',#215,#207,#217,.T.);
#215 = VERTEX_POINT('',#216);
#216 = CARTESIAN_POINT('',(27.429458346531,-12.2,12.19));
#217 = LINE('',#218,#219);
#218 = CARTESIAN_POINT('',(27.429458346531,-12.2,12.19));
#219 = VECTOR('',#220,1.);
#220 = DIRECTION('',(1.,0.,0.));
#221 = ORIENTED_EDGE('',*,*,#222,.F.);
#222 = EDGE_CURVE('',#223,#215,#225,.T.);
#223 = VERTEX_POINT('',#224);
#224 = CARTESIAN_POINT('',(27.282521281595,-12.20721855511,12.19));
#225 = LINE('',#226,#227);
#226 = CARTESIAN_POINT('',(27.282521281595,-12.20721855511,12.19));
#227 = VECTOR('',#228,1.);
#228 = DIRECTION('',(0.998795456205,4.906767432741E-02,0.));
#229 = ORIENTED_EDGE('',*,*,#230,.F.);
#230 = EDGE_CURVE('',#231,#223,#233,.T.);
#231 = VERTEX_POINT('',#232);
#232 = CARTESIAN_POINT('',(27.166173947468,-12.22447705182,12.19));
#233 = LINE('',#234,#235);
#234 = CARTESIAN_POINT('',(27.166173947468,-12.22447705182,12.19));
#235 = VECTOR('',#236,1.);
#236 = DIRECTION('',(0.989176509965,0.146730474455,0.));
#237 = ORIENTED_EDGE('',*,*,#238,.F.);
#238 = EDGE_CURVE('',#239,#231,#241,.T.);
#239 = VERTEX_POINT('',#240);
#240 = CARTESIAN_POINT('',(27.05207848605,-12.25305647712,12.19));
#241 = LINE('',#242,#243);
#242 = CARTESIAN_POINT('',(27.05207848605,-12.25305647712,12.19));
#243 = VECTOR('',#244,1.);
#244 = DIRECTION('',(0.970031253195,0.242980179903,0.));
#245 = ORIENTED_EDGE('',*,*,#246,.F.);
#246 = EDGE_CURVE('',#247,#239,#249,.T.);
#247 = VERTEX_POINT('',#248);
#248 = CARTESIAN_POINT('',(26.941333699004,-12.29268159553,12.19));
#249 = LINE('',#250,#251);
#250 = CARTESIAN_POINT('',(26.941333699004,-12.29268159553,12.19));
#251 = VECTOR('',#252,1.);
#252 = DIRECTION('',(0.941544065183,0.336889853392,0.));
#253 = ORIENTED_EDGE('',*,*,#254,.F.);
#254 = EDGE_CURVE('',#255,#247,#257,.T.);
#255 = VERTEX_POINT('',#256);
#256 = CARTESIAN_POINT('',(26.83500611917,-12.3429707955,12.19));
#257 = LINE('',#258,#259);
#258 = CARTESIAN_POINT('',(26.83500611917,-12.3429707955,12.19));
#259 = VECTOR('',#260,1.);
#260 = DIRECTION('',(0.903989293123,0.42755509343,0.));
#261 = ORIENTED_EDGE('',*,*,#262,.F.);
#262 = EDGE_CURVE('',#263,#255,#265,.T.);
#263 = VERTEX_POINT('',#264);
#264 = CARTESIAN_POINT('',(26.734119739265,-12.40343976453,12.19));
#265 = LINE('',#266,#267);
#266 = CARTESIAN_POINT('',(26.734119739265,-12.40343976453,12.19));
#267 = VECTOR('',#268,1.);
#268 = DIRECTION('',(0.85772861,0.514102744193,0.));
#269 = ORIENTED_EDGE('',*,*,#270,.F.);
#270 = EDGE_CURVE('',#271,#263,#273,.T.);
#271 = VERTEX_POINT('',#272);
#272 = CARTESIAN_POINT('',(26.639646150277,-12.47350615341,12.19));
#273 = LINE('',#274,#275);
#274 = CARTESIAN_POINT('',(26.639646150277,-12.47350615341,12.19));
#275 = VECTOR('',#276,1.);
#276 = DIRECTION('',(0.803207531481,0.595699304492,0.));
#277 = ORIENTED_EDGE('',*,*,#278,.F.);
#278 = EDGE_CURVE('',#279,#271,#281,.T.);
#279 = VERTEX_POINT('',#280);
#280 = CARTESIAN_POINT('',(26.552495184515,-12.55249518451,12.19));
#281 = LINE('',#282,#283);
#282 = CARTESIAN_POINT('',(26.552495184515,-12.55249518451,12.19));
#283 = VECTOR('',#284,1.);
#284 = DIRECTION('',(0.740951125355,0.671558954847,0.));
#285 = ORIENTED_EDGE('',*,*,#286,.F.);
#286 = EDGE_CURVE('',#287,#279,#289,.T.);
#287 = VERTEX_POINT('',#288);
#288 = CARTESIAN_POINT('',(26.473506153419,-12.63964615027,12.19));
#289 = LINE('',#290,#291);
#290 = CARTESIAN_POINT('',(26.473506153419,-12.63964615027,12.19));
#291 = VECTOR('',#292,1.);
#292 = DIRECTION('',(0.671558954847,0.740951125355,0.));
#293 = ORIENTED_EDGE('',*,*,#294,.F.);
#294 = EDGE_CURVE('',#295,#287,#297,.T.);
#295 = VERTEX_POINT('',#296);
#296 = CARTESIAN_POINT('',(26.403439764538,-12.73411973926,12.19));
#297 = LINE('',#298,#299);
#298 = CARTESIAN_POINT('',(26.403439764538,-12.73411973926,12.19));
#299 = VECTOR('',#300,1.);
#300 = DIRECTION('',(0.595699304492,0.803207531481,0.));
#301 = ORIENTED_EDGE('',*,*,#302,.F.);
#302 = EDGE_CURVE('',#303,#295,#305,.T.);
#303 = VERTEX_POINT('',#304);
#304 = CARTESIAN_POINT('',(26.3429707955,-12.83500611917,12.19));
#305 = LINE('',#306,#307);
#306 = CARTESIAN_POINT('',(26.3429707955,-12.83500611917,12.19));
#307 = VECTOR('',#308,1.);
#308 = DIRECTION('',(0.514102744193,0.85772861,0.));
#309 = ORIENTED_EDGE('',*,*,#310,.F.);
#310 = EDGE_CURVE('',#311,#303,#313,.T.);
#311 = VERTEX_POINT('',#312);
#312 = CARTESIAN_POINT('',(26.292681595533,-12.941333699,12.19));
#313 = LINE('',#314,#315);
#314 = CARTESIAN_POINT('',(26.292681595533,-12.941333699,12.19));
#315 = VECTOR('',#316,1.);
#316 = DIRECTION('',(0.42755509343,0.903989293123,0.));
#317 = ORIENTED_EDGE('',*,*,#318,.F.);
#318 = EDGE_CURVE('',#319,#311,#321,.T.);
#319 = VERTEX_POINT('',#320);
#320 = CARTESIAN_POINT('',(26.253056477122,-13.05207848605,12.19));
#321 = LINE('',#322,#323);
#322 = CARTESIAN_POINT('',(26.253056477122,-13.05207848605,12.19));
#323 = VECTOR('',#324,1.);
#324 = DIRECTION('',(0.336889853392,0.941544065183,0.));
#325 = ORIENTED_EDGE('',*,*,#326,.F.);
#326 = EDGE_CURVE('',#327,#319,#329,.T.);
#327 = VERTEX_POINT('',#328);
#328 = CARTESIAN_POINT('',(26.22447705182,-13.16617394746,12.19));
#329 = LINE('',#330,#331);
#330 = CARTESIAN_POINT('',(26.22447705182,-13.16617394746,12.19));
#331 = VECTOR('',#332,1.);
#332 = DIRECTION('',(0.242980179903,0.970031253195,0.));
#333 = ORIENTED_EDGE('',*,*,#334,.F.);
#334 = EDGE_CURVE('',#335,#327,#337,.T.);
#335 = VERTEX_POINT('',#336);
#336 = CARTESIAN_POINT('',(26.207218555115,-13.28252128159,12.19));
#337 = LINE('',#338,#339);
#338 = CARTESIAN_POINT('',(26.207218555115,-13.28252128159,12.19));
#339 = VECTOR('',#340,1.);
#340 = DIRECTION('',(0.146730474455,0.989176509965,0.));
#341 = ORIENTED_EDGE('',*,*,#342,.F.);
#342 = EDGE_CURVE('',#343,#335,#345,.T.);
#343 = VERTEX_POINT('',#344);
#344 = CARTESIAN_POINT('',(26.2,-13.42945834653,12.19));
#345 = LINE('',#346,#347);
#346 = CARTESIAN_POINT('',(26.2,-13.42945834653,12.19));
#347 = VECTOR('',#348,1.);
#348 = DIRECTION('',(4.906767432747E-02,0.998795456205,0.));
#349 = ORIENTED_EDGE('',*,*,#350,.F.);
#350 = EDGE_CURVE('',#351,#343,#353,.T.);
#351 = VERTEX_POINT('',#352);
#352 = CARTESIAN_POINT('',(26.2,-65.77054165346,12.19));
#353 = LINE('',#354,#355);
#354 = CARTESIAN_POINT('',(26.2,-65.77054165346,12.19));
#355 = VECTOR('',#356,1.);
#356 = DIRECTION('',(0.,1.,0.));
#357 = ORIENTED_EDGE('',*,*,#358,.F.);
#358 = EDGE_CURVE('',#167,#351,#359,.T.);
#359 = LINE('',#360,#361);
#360 = CARTESIAN_POINT('',(26.201379428774,-65.79862057122,12.19));
#361 = VECTOR('',#362,1.);
#362 = DIRECTION('',(-4.906767432734E-02,0.998795456205,0.));
#363 = ORIENTED_EDGE('',*,*,#166,.F.);
#364 = ORIENTED_EDGE('',*,*,#143,.F.);
#365 = ORIENTED_EDGE('',*,*,#366,.F.);
#366 = EDGE_CURVE('',#367,#136,#369,.T.);
#367 = VERTEX_POINT('',#368);
#368 = CARTESIAN_POINT('',(47.798620571226,-65.79862057122,12.19));
#369 = LINE('',#370,#371);
#370 = CARTESIAN_POINT('',(47.798620571226,-65.79862057122,12.19));
#371 = VECTOR('',#372,1.);
#372 = DIRECTION('',(-0.998795456205,-4.906767432757E-02,0.));
#373 = ORIENTED_EDGE('',*,*,#374,.F.);
#374 = EDGE_CURVE('',#191,#367,#375,.T.);
#375 = LINE('',#376,#377);
#376 = CARTESIAN_POINT('',(47.8,-65.77054165346,12.19));
#377 = VECTOR('',#378,1.);
#378 = DIRECTION('',(-4.906767432757E-02,-0.998795456205,0.));
#379 = FACE_BOUND('',#380,.F.);
#380 = EDGE_LOOP('',(#381,#391,#399,#407));
#381 = ORIENTED_EDGE('',*,*,#382,.T.);
#382 = EDGE_CURVE('',#383,#385,#387,.T.);
#383 = VERTEX_POINT('',#384);
#384 = CARTESIAN_POINT('',(45.15,-53.,12.19));
#385 = VERTEX_POINT('',#386);
#386 = CARTESIAN_POINT('',(29.25,-53.,12.19));
#387 = LINE('',#388,#389);
#388 = CARTESIAN_POINT('',(33.143912304081,-53.,12.19));
#389 = VECTOR('',#390,1.);
#390 = DIRECTION('',(-1.,0.,0.));
#391 = ORIENTED_EDGE('',*,*,#392,.T.);
#392 = EDGE_CURVE('',#385,#393,#395,.T.);
#393 = VERTEX_POINT('',#394);
#394 = CARTESIAN_POINT('',(29.25,-15.1,12.19));
#395 = LINE('',#396,#397);
#396 = CARTESIAN_POINT('',(29.25,-46.04641870115,12.19));
#397 = VECTOR('',#398,1.);
#398 = DIRECTION('',(0.,1.,0.));
#399 = ORIENTED_EDGE('',*,*,#400,.F.);
#400 = EDGE_CURVE('',#401,#393,#403,.T.);
#401 = VERTEX_POINT('',#402);
#402 = CARTESIAN_POINT('',(45.15,-15.1,12.19));
#403 = LINE('',#404,#405);
#404 = CARTESIAN_POINT('',(33.143912304081,-15.1,12.19));
#405 = VECTOR('',#406,1.);
#406 = DIRECTION('',(-1.,0.,0.));
#407 = ORIENTED_EDGE('',*,*,#408,.F.);
#408 = EDGE_CURVE('',#383,#401,#409,.T.);
#409 = LINE('',#410,#411);
#410 = CARTESIAN_POINT('',(45.15,-46.04641870115,12.19));
#411 = VECTOR('',#412,1.);
#412 = DIRECTION('',(0.,1.,0.));
#413 = PLANE('',#414);
#414 = AXIS2_PLACEMENT_3D('',#415,#416,#417);
#415 = CARTESIAN_POINT('',(37.037824608163,-39.0928374023,12.19));
#416 = DIRECTION('',(0.,0.,1.));
#417 = DIRECTION('',(1.,0.,0.));
#418 = ADVANCED_FACE('',(#419),#437,.F.);
#419 = FACE_BOUND('',#420,.F.);
#420 = EDGE_LOOP('',(#421,#429,#435,#436));
#421 = ORIENTED_EDGE('',*,*,#422,.T.);
#422 = EDGE_CURVE('',#128,#423,#425,.T.);
#423 = VERTEX_POINT('',#424);
#424 = CARTESIAN_POINT('',(47.798620571226,-65.79862057122,6.3));
#425 = LINE('',#426,#427);
#426 = CARTESIAN_POINT('',(43.088196623178,-66.03002886087,6.3));
#427 = VECTOR('',#428,1.);
#428 = DIRECTION('',(0.998795456205,4.906767432757E-02,0.));
#429 = ORIENTED_EDGE('',*,*,#430,.T.);
#430 = EDGE_CURVE('',#423,#367,#431,.T.);
#431 = LINE('',#432,#433);
#432 = CARTESIAN_POINT('',(47.798620571226,-65.79862057122,6.2));
#433 = VECTOR('',#434,1.);
#434 = DIRECTION('',(0.,0.,1.));
#435 = ORIENTED_EDGE('',*,*,#366,.T.);
#436 = ORIENTED_EDGE('',*,*,#135,.F.);
#437 = PLANE('',#438);
#438 = AXIS2_PLACEMENT_3D('',#439,#440,#441);
#439 = CARTESIAN_POINT('',(47.798620571226,-65.79862057122,6.2));
#440 = DIRECTION('',(4.906767432757E-02,-0.998795456205,0.));
#441 = DIRECTION('',(-0.998795456205,-4.906767432757E-02,0.));
#442 = ADVANCED_FACE('',(#443,#577),#588,.T.);
#443 = FACE_BOUND('',#444,.T.);
#444 = EDGE_LOOP('',(#445,#454,#455,#456,#464,#472,#481,#489,#497,#505,
    #513,#521,#529,#537,#545,#554,#562,#571));
#445 = ORIENTED_EDGE('',*,*,#446,.F.);
#446 = EDGE_CURVE('',#120,#447,#449,.T.);
#447 = VERTEX_POINT('',#448);
#448 = CARTESIAN_POINT('',(47.040292180075,-67.,6.3));
#449 = CIRCLE('',#450,2.15);
#450 = AXIS2_PLACEMENT_3D('',#451,#452,#453);
#451 = CARTESIAN_POINT('',(45.5,-65.5,6.3));
#452 = DIRECTION('',(0.,0.,-1.));
#453 = DIRECTION('',(1.,0.,0.));
#454 = ORIENTED_EDGE('',*,*,#127,.T.);
#455 = ORIENTED_EDGE('',*,*,#422,.T.);
#456 = ORIENTED_EDGE('',*,*,#457,.T.);
#457 = EDGE_CURVE('',#423,#458,#460,.T.);
#458 = VERTEX_POINT('',#459);
#459 = CARTESIAN_POINT('',(47.8,-65.77054165346,6.3));
#460 = LINE('',#461,#462);
#461 = CARTESIAN_POINT('',(48.440645464384,-52.72990364414,6.3));
#462 = VECTOR('',#463,1.);
#463 = DIRECTION('',(4.906767432757E-02,0.998795456205,0.));
#464 = ORIENTED_EDGE('',*,*,#465,.T.);
#465 = EDGE_CURVE('',#458,#466,#468,.T.);
#466 = VERTEX_POINT('',#467);
#467 = CARTESIAN_POINT('',(47.8,-54.46808273176,6.3));
#468 = LINE('',#469,#470);
#469 = CARTESIAN_POINT('',(47.8,-25.66366801349,6.3));
#470 = VECTOR('',#471,1.);
#471 = DIRECTION('',(0.,1.,0.));
#472 = ORIENTED_EDGE('',*,*,#473,.F.);
#473 = EDGE_CURVE('',#474,#466,#476,.T.);
#474 = VERTEX_POINT('',#475);
#475 = CARTESIAN_POINT('',(47.8,-51.13191726823,6.3));
#476 = CIRCLE('',#477,1.85);
#477 = AXIS2_PLACEMENT_3D('',#478,#479,#480);
#478 = CARTESIAN_POINT('',(47.,-52.8,6.3));
#479 = DIRECTION('',(0.,0.,1.));
#480 = DIRECTION('',(1.,0.,0.));
#481 = ORIENTED_EDGE('',*,*,#482,.T.);
#482 = EDGE_CURVE('',#474,#483,#485,.T.);
#483 = VERTEX_POINT('',#484);
#484 = CARTESIAN_POINT('',(47.8,-12.22945834653,6.3));
#485 = LINE('',#486,#487);
#486 = CARTESIAN_POINT('',(47.8,-25.66366801349,6.3));
#487 = VECTOR('',#488,1.);
#488 = DIRECTION('',(0.,1.,0.));
#489 = ORIENTED_EDGE('',*,*,#490,.T.);
#490 = EDGE_CURVE('',#483,#491,#493,.T.);
#491 = VERTEX_POINT('',#492);
#492 = CARTESIAN_POINT('',(47.798620571226,-12.20137942877,6.3));
#493 = LINE('',#494,#495);
#494 = CARTESIAN_POINT('',(48.444752595167,-25.35369892353,6.3));
#495 = VECTOR('',#496,1.);
#496 = DIRECTION('',(-4.906767432758E-02,0.998795456205,0.));
#497 = ORIENTED_EDGE('',*,*,#498,.T.);
#498 = EDGE_CURVE('',#491,#499,#501,.T.);
#499 = VERTEX_POINT('',#500);
#500 = CARTESIAN_POINT('',(47.770541653469,-12.2,6.3));
#501 = LINE('',#502,#503);
#502 = CARTESIAN_POINT('',(43.078954009468,-11.96951707863,6.3));
#503 = VECTOR('',#504,1.);
#504 = DIRECTION('',(-0.998795456205,4.906767432741E-02,0.));
#505 = ORIENTED_EDGE('',*,*,#506,.T.);
#506 = EDGE_CURVE('',#499,#507,#509,.T.);
#507 = VERTEX_POINT('',#508);
#508 = CARTESIAN_POINT('',(47.,-12.2,6.3));
#509 = LINE('',#510,#511);
#510 = CARTESIAN_POINT('',(32.236385458184,-12.2,6.3));
#511 = VECTOR('',#512,1.);
#512 = DIRECTION('',(-1.,0.,0.));
#513 = ORIENTED_EDGE('',*,*,#514,.T.);
#514 = EDGE_CURVE('',#507,#515,#517,.T.);
#515 = VERTEX_POINT('',#516);
#516 = CARTESIAN_POINT('',(47.,-11.4,6.3));
#517 = LINE('',#518,#519);
#518 = CARTESIAN_POINT('',(47.,-43.59893884022,6.3));
#519 = VECTOR('',#520,1.);
#520 = DIRECTION('',(0.,1.,0.));
#521 = ORIENTED_EDGE('',*,*,#522,.T.);
#522 = EDGE_CURVE('',#515,#523,#525,.T.);
#523 = VERTEX_POINT('',#524);
#524 = CARTESIAN_POINT('',(43.7,-11.4,6.3));
#525 = LINE('',#526,#527);
#526 = CARTESIAN_POINT('',(32.221656284918,-11.4,6.3));
#527 = VECTOR('',#528,1.);
#528 = DIRECTION('',(-1.,0.,0.));
#529 = ORIENTED_EDGE('',*,*,#530,.T.);
#530 = EDGE_CURVE('',#523,#531,#533,.T.);
#531 = VERTEX_POINT('',#532);
#532 = CARTESIAN_POINT('',(43.7,-11.,6.3));
#533 = LINE('',#534,#535);
#534 = CARTESIAN_POINT('',(43.7,-29.54893884022,6.3));
#535 = VECTOR('',#536,1.);
#536 = DIRECTION('',(0.,1.,0.));
#537 = ORIENTED_EDGE('',*,*,#538,.F.);
#538 = EDGE_CURVE('',#539,#531,#541,.T.);
#539 = VERTEX_POINT('',#540);
#540 = CARTESIAN_POINT('',(47.8,-11.,6.3));
#541 = LINE('',#542,#543);
#542 = CARTESIAN_POINT('',(47.8,-11.,6.3));
#543 = VECTOR('',#544,1.);
#544 = DIRECTION('',(-1.,0.,0.));
#545 = ORIENTED_EDGE('',*,*,#546,.F.);
#546 = EDGE_CURVE('',#547,#539,#549,.T.);
#547 = VERTEX_POINT('',#548);
#548 = CARTESIAN_POINT('',(49.,-12.2,6.3));
#549 = CIRCLE('',#550,1.2);
#550 = AXIS2_PLACEMENT_3D('',#551,#552,#553);
#551 = CARTESIAN_POINT('',(47.8,-12.2,6.3));
#552 = DIRECTION('',(0.,-0.,1.));
#553 = DIRECTION('',(1.,7.4E-15,0.));
#554 = ORIENTED_EDGE('',*,*,#555,.F.);
#555 = EDGE_CURVE('',#556,#547,#558,.T.);
#556 = VERTEX_POINT('',#557);
#557 = CARTESIAN_POINT('',(49.,-65.8,6.3));
#558 = LINE('',#559,#560);
#559 = CARTESIAN_POINT('',(49.,-65.8,6.3));
#560 = VECTOR('',#561,1.);
#561 = DIRECTION('',(0.,1.,0.));
#562 = ORIENTED_EDGE('',*,*,#563,.F.);
#563 = EDGE_CURVE('',#564,#556,#566,.T.);
#564 = VERTEX_POINT('',#565);
#565 = CARTESIAN_POINT('',(47.8,-67.,6.3));
#566 = CIRCLE('',#567,1.2);
#567 = AXIS2_PLACEMENT_3D('',#568,#569,#570);
#568 = CARTESIAN_POINT('',(47.8,-65.8,6.3));
#569 = DIRECTION('',(-0.,0.,1.));
#570 = DIRECTION('',(5.92E-15,-1.,0.));
#571 = ORIENTED_EDGE('',*,*,#572,.F.);
#572 = EDGE_CURVE('',#447,#564,#573,.T.);
#573 = LINE('',#574,#575);
#574 = CARTESIAN_POINT('',(26.2,-67.,6.3));
#575 = VECTOR('',#576,1.);
#576 = DIRECTION('',(1.,0.,0.));
#577 = FACE_BOUND('',#578,.T.);
#578 = EDGE_LOOP('',(#579));
#579 = ORIENTED_EDGE('',*,*,#580,.F.);
#580 = EDGE_CURVE('',#581,#581,#583,.T.);
#581 = VERTEX_POINT('',#582);
#582 = CARTESIAN_POINT('',(48.6,-52.8,6.3));
#583 = CIRCLE('',#584,1.6);
#584 = AXIS2_PLACEMENT_3D('',#585,#586,#587);
#585 = CARTESIAN_POINT('',(47.,-52.8,6.3));
#586 = DIRECTION('',(0.,0.,-1.));
#587 = DIRECTION('',(1.,0.,0.));
#588 = PLANE('',#589);
#589 = AXIS2_PLACEMENT_3D('',#590,#591,#592);
#590 = CARTESIAN_POINT('',(44.267066577077,-46.08685620723,6.3));
#591 = DIRECTION('',(-0.,-0.,-1.));
#592 = DIRECTION('',(-1.,0.,0.));
#593 = ADVANCED_FACE('',(#594),#613,.F.);
#594 = FACE_BOUND('',#595,.T.);
#595 = EDGE_LOOP('',(#596,#605,#606,#607));
#596 = ORIENTED_EDGE('',*,*,#597,.T.);
#597 = EDGE_CURVE('',#598,#112,#600,.T.);
#598 = VERTEX_POINT('',#599);
#599 = CARTESIAN_POINT('',(47.040292180075,-67.,6.75));
#600 = CIRCLE('',#601,2.15);
#601 = AXIS2_PLACEMENT_3D('',#602,#603,#604);
#602 = CARTESIAN_POINT('',(45.5,-65.5,6.75));
#603 = DIRECTION('',(0.,0.,1.));
#604 = DIRECTION('',(1.,0.,0.));
#605 = ORIENTED_EDGE('',*,*,#119,.T.);
#606 = ORIENTED_EDGE('',*,*,#446,.T.);
#607 = ORIENTED_EDGE('',*,*,#608,.F.);
#608 = EDGE_CURVE('',#598,#447,#609,.T.);
#609 = LINE('',#610,#611);
#610 = CARTESIAN_POINT('',(47.040292180075,-67.,5.3));
#611 = VECTOR('',#612,1.);
#612 = DIRECTION('',(-0.,-0.,-1.));
#613 = CYLINDRICAL_SURFACE('',#614,2.15);
#614 = AXIS2_PLACEMENT_3D('',#615,#616,#617);
#615 = CARTESIAN_POINT('',(45.5,-65.5,5.3));
#616 = DIRECTION('',(-0.,-0.,-1.));
#617 = DIRECTION('',(1.,0.,0.));
#618 = ADVANCED_FACE('',(#619),#638,.F.);
#619 = FACE_BOUND('',#620,.F.);
#620 = EDGE_LOOP('',(#621,#622,#631,#637));
#621 = ORIENTED_EDGE('',*,*,#111,.T.);
#622 = ORIENTED_EDGE('',*,*,#623,.T.);
#623 = EDGE_CURVE('',#104,#624,#626,.T.);
#624 = VERTEX_POINT('',#625);
#625 = CARTESIAN_POINT('',(43.959707819925,-67.,6.75));
#626 = CIRCLE('',#627,2.15);
#627 = AXIS2_PLACEMENT_3D('',#628,#629,#630);
#628 = CARTESIAN_POINT('',(45.5,-65.5,6.75));
#629 = DIRECTION('',(0.,0.,1.));
#630 = DIRECTION('',(1.,0.,0.));
#631 = ORIENTED_EDGE('',*,*,#632,.T.);
#632 = EDGE_CURVE('',#624,#598,#633,.T.);
#633 = LINE('',#634,#635);
#634 = CARTESIAN_POINT('',(35.85,-67.,6.75));
#635 = VECTOR('',#636,1.);
#636 = DIRECTION('',(1.,0.,0.));
#637 = ORIENTED_EDGE('',*,*,#597,.T.);
#638 = PLANE('',#639);
#639 = AXIS2_PLACEMENT_3D('',#640,#641,#642);
#640 = CARTESIAN_POINT('',(45.5,-65.5,6.75));
#641 = DIRECTION('',(0.,0.,1.));
#642 = DIRECTION('',(1.,0.,0.));
#643 = ADVANCED_FACE('',(#644),#663,.F.);
#644 = FACE_BOUND('',#645,.T.);
#645 = EDGE_LOOP('',(#646,#647,#648,#656));
#646 = ORIENTED_EDGE('',*,*,#103,.F.);
#647 = ORIENTED_EDGE('',*,*,#623,.T.);
#648 = ORIENTED_EDGE('',*,*,#649,.T.);
#649 = EDGE_CURVE('',#624,#650,#652,.T.);
#650 = VERTEX_POINT('',#651);
#651 = CARTESIAN_POINT('',(43.959707819925,-67.,6.3));
#652 = LINE('',#653,#654);
#653 = CARTESIAN_POINT('',(43.959707819925,-67.,5.3));
#654 = VECTOR('',#655,1.);
#655 = DIRECTION('',(-0.,-0.,-1.));
#656 = ORIENTED_EDGE('',*,*,#657,.T.);
#657 = EDGE_CURVE('',#650,#96,#658,.T.);
#658 = CIRCLE('',#659,2.15);
#659 = AXIS2_PLACEMENT_3D('',#660,#661,#662);
#660 = CARTESIAN_POINT('',(45.5,-65.5,6.3));
#661 = DIRECTION('',(0.,0.,-1.));
#662 = DIRECTION('',(1.,0.,0.));
#663 = CYLINDRICAL_SURFACE('',#664,2.15);
#664 = AXIS2_PLACEMENT_3D('',#665,#666,#667);
#665 = CARTESIAN_POINT('',(45.5,-65.5,5.3));
#666 = DIRECTION('',(-0.,-0.,-1.));
#667 = DIRECTION('',(1.,0.,0.));
#668 = ADVANCED_FACE('',(#669,#714),#725,.T.);
#669 = FACE_BOUND('',#670,.T.);
#670 = EDGE_LOOP('',(#671,#680,#681,#682,#690,#699,#706,#707));
#671 = ORIENTED_EDGE('',*,*,#672,.F.);
#672 = EDGE_CURVE('',#88,#673,#675,.T.);
#673 = VERTEX_POINT('',#674);
#674 = CARTESIAN_POINT('',(39.05,-64.7,6.3));
#675 = CIRCLE('',#676,1.85);
#676 = AXIS2_PLACEMENT_3D('',#677,#678,#679);
#677 = CARTESIAN_POINT('',(37.2,-64.7,6.3));
#678 = DIRECTION('',(0.,0.,1.));
#679 = DIRECTION('',(1.,0.,0.));
#680 = ORIENTED_EDGE('',*,*,#95,.T.);
#681 = ORIENTED_EDGE('',*,*,#657,.F.);
#682 = ORIENTED_EDGE('',*,*,#683,.F.);
#683 = EDGE_CURVE('',#684,#650,#686,.T.);
#684 = VERTEX_POINT('',#685);
#685 = CARTESIAN_POINT('',(31.491052366633,-67.,6.3));
#686 = LINE('',#687,#688);
#687 = CARTESIAN_POINT('',(26.2,-67.,6.3));
#688 = VECTOR('',#689,1.);
#689 = DIRECTION('',(1.,0.,0.));
#690 = ORIENTED_EDGE('',*,*,#691,.F.);
#691 = EDGE_CURVE('',#692,#684,#694,.T.);
#692 = VERTEX_POINT('',#693);
#693 = CARTESIAN_POINT('',(31.55,-66.5,6.3));
#694 = CIRCLE('',#695,2.15);
#695 = AXIS2_PLACEMENT_3D('',#696,#697,#698);
#696 = CARTESIAN_POINT('',(29.4,-66.5,6.3));
#697 = DIRECTION('',(0.,0.,-1.));
#698 = DIRECTION('',(1.,0.,0.));
#699 = ORIENTED_EDGE('',*,*,#700,.F.);
#700 = EDGE_CURVE('',#56,#692,#701,.T.);
#701 = CIRCLE('',#702,2.15);
#702 = AXIS2_PLACEMENT_3D('',#703,#704,#705);
#703 = CARTESIAN_POINT('',(29.4,-66.5,6.3));
#704 = DIRECTION('',(0.,0.,-1.));
#705 = DIRECTION('',(1.,0.,0.));
#706 = ORIENTED_EDGE('',*,*,#63,.T.);
#707 = ORIENTED_EDGE('',*,*,#708,.F.);
#708 = EDGE_CURVE('',#673,#64,#709,.T.);
#709 = CIRCLE('',#710,1.85);
#710 = AXIS2_PLACEMENT_3D('',#711,#712,#713);
#711 = CARTESIAN_POINT('',(37.2,-64.7,6.3));
#712 = DIRECTION('',(0.,0.,1.));
#713 = DIRECTION('',(1.,0.,0.));
#714 = FACE_BOUND('',#715,.T.);
#715 = EDGE_LOOP('',(#716));
#716 = ORIENTED_EDGE('',*,*,#717,.F.);
#717 = EDGE_CURVE('',#718,#718,#720,.T.);
#718 = VERTEX_POINT('',#719);
#719 = CARTESIAN_POINT('',(38.8,-64.7,6.3));
#720 = CIRCLE('',#721,1.6);
#721 = AXIS2_PLACEMENT_3D('',#722,#723,#724);
#722 = CARTESIAN_POINT('',(37.2,-64.7,6.3));
#723 = DIRECTION('',(0.,0.,-1.));
#724 = DIRECTION('',(1.,0.,0.));
#725 = PLANE('',#726);
#726 = AXIS2_PLACEMENT_3D('',#727,#728,#729);
#727 = CARTESIAN_POINT('',(44.267066577077,-46.08685620723,6.3));
#728 = DIRECTION('',(-0.,-0.,-1.));
#729 = DIRECTION('',(-1.,0.,0.));
#730 = ADVANCED_FACE('',(#731),#753,.T.);
#731 = FACE_BOUND('',#732,.F.);
#732 = EDGE_LOOP('',(#733,#734,#743,#750,#751,#752));
#733 = ORIENTED_EDGE('',*,*,#87,.F.);
#734 = ORIENTED_EDGE('',*,*,#735,.T.);
#735 = EDGE_CURVE('',#80,#736,#738,.T.);
#736 = VERTEX_POINT('',#737);
#737 = CARTESIAN_POINT('',(39.05,-64.7,11.6));
#738 = CIRCLE('',#739,1.85);
#739 = AXIS2_PLACEMENT_3D('',#740,#741,#742);
#740 = CARTESIAN_POINT('',(37.2,-64.7,11.6));
#741 = DIRECTION('',(0.,0.,1.));
#742 = DIRECTION('',(1.,0.,0.));
#743 = ORIENTED_EDGE('',*,*,#744,.T.);
#744 = EDGE_CURVE('',#736,#72,#745,.T.);
#745 = CIRCLE('',#746,1.85);
#746 = AXIS2_PLACEMENT_3D('',#747,#748,#749);
#747 = CARTESIAN_POINT('',(37.2,-64.7,11.6));
#748 = DIRECTION('',(0.,0.,1.));
#749 = DIRECTION('',(1.,0.,0.));
#750 = ORIENTED_EDGE('',*,*,#71,.T.);
#751 = ORIENTED_EDGE('',*,*,#708,.F.);
#752 = ORIENTED_EDGE('',*,*,#672,.F.);
#753 = CYLINDRICAL_SURFACE('',#754,1.85);
#754 = AXIS2_PLACEMENT_3D('',#755,#756,#757);
#755 = CARTESIAN_POINT('',(37.2,-64.7,6.3));
#756 = DIRECTION('',(-0.,-0.,-1.));
#757 = DIRECTION('',(1.,0.,0.));
#758 = ADVANCED_FACE('',(#759),#764,.T.);
#759 = FACE_BOUND('',#760,.T.);
#760 = EDGE_LOOP('',(#761,#762,#763));
#761 = ORIENTED_EDGE('',*,*,#735,.T.);
#762 = ORIENTED_EDGE('',*,*,#744,.T.);
#763 = ORIENTED_EDGE('',*,*,#79,.F.);
#764 = PLANE('',#765);
#765 = AXIS2_PLACEMENT_3D('',#766,#767,#768);
#766 = CARTESIAN_POINT('',(37.2,-64.7,11.6));
#767 = DIRECTION('',(0.,0.,1.));
#768 = DIRECTION('',(1.,0.,0.));
#769 = ADVANCED_FACE('',(#770),#799,.F.);
#770 = FACE_BOUND('',#771,.T.);
#771 = EDGE_LOOP('',(#772,#773,#781,#790,#797,#798));
#772 = ORIENTED_EDGE('',*,*,#691,.T.);
#773 = ORIENTED_EDGE('',*,*,#774,.F.);
#774 = EDGE_CURVE('',#775,#684,#777,.T.);
#775 = VERTEX_POINT('',#776);
#776 = CARTESIAN_POINT('',(31.491052366633,-67.,6.75));
#777 = LINE('',#778,#779);
#778 = CARTESIAN_POINT('',(31.491052366633,-67.,5.3));
#779 = VECTOR('',#780,1.);
#780 = DIRECTION('',(-0.,-0.,-1.));
#781 = ORIENTED_EDGE('',*,*,#782,.T.);
#782 = EDGE_CURVE('',#775,#783,#785,.T.);
#783 = VERTEX_POINT('',#784);
#784 = CARTESIAN_POINT('',(31.55,-66.5,6.75));
#785 = CIRCLE('',#786,2.15);
#786 = AXIS2_PLACEMENT_3D('',#787,#788,#789);
#787 = CARTESIAN_POINT('',(29.4,-66.5,6.75));
#788 = DIRECTION('',(0.,0.,1.));
#789 = DIRECTION('',(1.,0.,0.));
#790 = ORIENTED_EDGE('',*,*,#791,.T.);
#791 = EDGE_CURVE('',#783,#48,#792,.T.);
#792 = CIRCLE('',#793,2.15);
#793 = AXIS2_PLACEMENT_3D('',#794,#795,#796);
#794 = CARTESIAN_POINT('',(29.4,-66.5,6.75));
#795 = DIRECTION('',(0.,0.,1.));
#796 = DIRECTION('',(1.,0.,0.));
#797 = ORIENTED_EDGE('',*,*,#55,.T.);
#798 = ORIENTED_EDGE('',*,*,#700,.T.);
#799 = CYLINDRICAL_SURFACE('',#800,2.15);
#800 = AXIS2_PLACEMENT_3D('',#801,#802,#803);
#801 = CARTESIAN_POINT('',(29.4,-66.5,5.3));
#802 = DIRECTION('',(-0.,-0.,-1.));
#803 = DIRECTION('',(1.,0.,0.));
#804 = ADVANCED_FACE('',(#805),#825,.F.);
#805 = FACE_BOUND('',#806,.F.);
#806 = EDGE_LOOP('',(#807,#808,#809,#810,#819));
#807 = ORIENTED_EDGE('',*,*,#782,.T.);
#808 = ORIENTED_EDGE('',*,*,#791,.T.);
#809 = ORIENTED_EDGE('',*,*,#47,.T.);
#810 = ORIENTED_EDGE('',*,*,#811,.T.);
#811 = EDGE_CURVE('',#40,#812,#814,.T.);
#812 = VERTEX_POINT('',#813);
#813 = CARTESIAN_POINT('',(27.308947633367,-67.,6.75));
#814 = CIRCLE('',#815,2.15);
#815 = AXIS2_PLACEMENT_3D('',#816,#817,#818);
#816 = CARTESIAN_POINT('',(29.4,-66.5,6.75));
#817 = DIRECTION('',(0.,0.,1.));
#818 = DIRECTION('',(1.,0.,0.));
#819 = ORIENTED_EDGE('',*,*,#820,.T.);
#820 = EDGE_CURVE('',#812,#775,#821,.T.);
#821 = LINE('',#822,#823);
#822 = CARTESIAN_POINT('',(27.8,-67.,6.75));
#823 = VECTOR('',#824,1.);
#824 = DIRECTION('',(1.,0.,0.));
#825 = PLANE('',#826);
#826 = AXIS2_PLACEMENT_3D('',#827,#828,#829);
#827 = CARTESIAN_POINT('',(29.4,-66.5,6.75));
#828 = DIRECTION('',(0.,0.,1.));
#829 = DIRECTION('',(1.,0.,0.));
#830 = ADVANCED_FACE('',(#831),#850,.F.);
#831 = FACE_BOUND('',#832,.T.);
#832 = EDGE_LOOP('',(#833,#834,#835,#843));
#833 = ORIENTED_EDGE('',*,*,#39,.F.);
#834 = ORIENTED_EDGE('',*,*,#811,.T.);
#835 = ORIENTED_EDGE('',*,*,#836,.T.);
#836 = EDGE_CURVE('',#812,#837,#839,.T.);
#837 = VERTEX_POINT('',#838);
#838 = CARTESIAN_POINT('',(27.308947633367,-67.,6.3));
#839 = LINE('',#840,#841);
#840 = CARTESIAN_POINT('',(27.308947633367,-67.,5.3));
#841 = VECTOR('',#842,1.);
#842 = DIRECTION('',(-0.,-0.,-1.));
#843 = ORIENTED_EDGE('',*,*,#844,.T.);
#844 = EDGE_CURVE('',#837,#32,#845,.T.);
#845 = CIRCLE('',#846,2.15);
#846 = AXIS2_PLACEMENT_3D('',#847,#848,#849);
#847 = CARTESIAN_POINT('',(29.4,-66.5,6.3));
#848 = DIRECTION('',(0.,0.,-1.));
#849 = DIRECTION('',(1.,0.,0.));
#850 = CYLINDRICAL_SURFACE('',#851,2.15);
#851 = AXIS2_PLACEMENT_3D('',#852,#853,#854);
#852 = CARTESIAN_POINT('',(29.4,-66.5,5.3));
#853 = DIRECTION('',(-0.,-0.,-1.));
#854 = DIRECTION('',(1.,0.,0.));
#855 = ADVANCED_FACE('',(#856),#908,.T.);
#856 = FACE_BOUND('',#857,.T.);
#857 = EDGE_LOOP('',(#858,#859,#860,#868,#877,#885,#893,#901,#907));
#858 = ORIENTED_EDGE('',*,*,#31,.T.);
#859 = ORIENTED_EDGE('',*,*,#844,.F.);
#860 = ORIENTED_EDGE('',*,*,#861,.F.);
#861 = EDGE_CURVE('',#862,#837,#864,.T.);
#862 = VERTEX_POINT('',#863);
#863 = CARTESIAN_POINT('',(26.2,-67.,6.3));
#864 = LINE('',#865,#866);
#865 = CARTESIAN_POINT('',(26.2,-67.,6.3));
#866 = VECTOR('',#867,1.);
#867 = DIRECTION('',(1.,0.,0.));
#868 = ORIENTED_EDGE('',*,*,#869,.F.);
#869 = EDGE_CURVE('',#870,#862,#872,.T.);
#870 = VERTEX_POINT('',#871);
#871 = CARTESIAN_POINT('',(25.,-65.8,6.3));
#872 = CIRCLE('',#873,1.2);
#873 = AXIS2_PLACEMENT_3D('',#874,#875,#876);
#874 = CARTESIAN_POINT('',(26.2,-65.8,6.3));
#875 = DIRECTION('',(0.,0.,1.));
#876 = DIRECTION('',(-1.,3.553E-14,0.));
#877 = ORIENTED_EDGE('',*,*,#878,.F.);
#878 = EDGE_CURVE('',#879,#870,#881,.T.);
#879 = VERTEX_POINT('',#880);
#880 = CARTESIAN_POINT('',(25.,-63.9,6.3));
#881 = LINE('',#882,#883);
#882 = CARTESIAN_POINT('',(25.,-13.4,6.3));
#883 = VECTOR('',#884,1.);
#884 = DIRECTION('',(0.,-1.,0.));
#885 = ORIENTED_EDGE('',*,*,#886,.F.);
#886 = EDGE_CURVE('',#887,#879,#889,.T.);
#887 = VERTEX_POINT('',#888);
#888 = CARTESIAN_POINT('',(26.2,-63.9,6.3));
#889 = LINE('',#890,#891);
#890 = CARTESIAN_POINT('',(28.521656284918,-63.9,6.3));
#891 = VECTOR('',#892,1.);
#892 = DIRECTION('',(-1.,0.,0.));
#893 = ORIENTED_EDGE('',*,*,#894,.T.);
#894 = EDGE_CURVE('',#887,#895,#897,.T.);
#895 = VERTEX_POINT('',#896);
#896 = CARTESIAN_POINT('',(26.2,-65.77054165346,6.3));
#897 = LINE('',#898,#899);
#898 = CARTESIAN_POINT('',(26.2,-52.43420966695,6.3));
#899 = VECTOR('',#900,1.);
#900 = DIRECTION('',(0.,-1.,0.));
#901 = ORIENTED_EDGE('',*,*,#902,.T.);
#902 = EDGE_CURVE('',#895,#158,#903,.T.);
#903 = LINE('',#904,#905);
#904 = CARTESIAN_POINT('',(25.560148530937,-52.74606579013,6.3));
#905 = VECTOR('',#906,1.);
#906 = DIRECTION('',(4.906767432734E-02,-0.998795456205,0.));
#907 = ORIENTED_EDGE('',*,*,#157,.T.);
#908 = PLANE('',#909);
#909 = AXIS2_PLACEMENT_3D('',#910,#911,#912);
#910 = CARTESIAN_POINT('',(44.267066577077,-46.08685620723,6.3));
#911 = DIRECTION('',(-0.,-0.,-1.));
#912 = DIRECTION('',(-1.,0.,0.));
#913 = ADVANCED_FACE('',(#914),#925,.F.);
#914 = FACE_BOUND('',#915,.F.);
#915 = EDGE_LOOP('',(#916,#917,#918,#919));
#916 = ORIENTED_EDGE('',*,*,#902,.T.);
#917 = ORIENTED_EDGE('',*,*,#174,.T.);
#918 = ORIENTED_EDGE('',*,*,#358,.T.);
#919 = ORIENTED_EDGE('',*,*,#920,.F.);
#920 = EDGE_CURVE('',#895,#351,#921,.T.);
#921 = LINE('',#922,#923);
#922 = CARTESIAN_POINT('',(26.2,-65.77054165346,6.2));
#923 = VECTOR('',#924,1.);
#924 = DIRECTION('',(0.,0.,1.));
#925 = PLANE('',#926);
#926 = AXIS2_PLACEMENT_3D('',#927,#928,#929);
#927 = CARTESIAN_POINT('',(26.201379428774,-65.79862057122,6.2));
#928 = DIRECTION('',(-0.998795456205,-4.906767432734E-02,0.));
#929 = DIRECTION('',(-4.906767432734E-02,0.998795456205,0.));
#930 = ADVANCED_FACE('',(#931),#970,.F.);
#931 = FACE_BOUND('',#932,.F.);
#932 = EDGE_LOOP('',(#933,#939,#940,#948,#956,#962,#963,#969));
#933 = ORIENTED_EDGE('',*,*,#934,.F.);
#934 = EDGE_CURVE('',#458,#191,#935,.T.);
#935 = LINE('',#936,#937);
#936 = CARTESIAN_POINT('',(47.8,-65.77054165346,6.2));
#937 = VECTOR('',#938,1.);
#938 = DIRECTION('',(0.,0.,1.));
#939 = ORIENTED_EDGE('',*,*,#465,.T.);
#940 = ORIENTED_EDGE('',*,*,#941,.F.);
#941 = EDGE_CURVE('',#942,#466,#944,.T.);
#942 = VERTEX_POINT('',#943);
#943 = CARTESIAN_POINT('',(47.8,-54.46808273176,11.6));
#944 = LINE('',#945,#946);
#945 = CARTESIAN_POINT('',(47.8,-54.46808273176,6.3));
#946 = VECTOR('',#947,1.);
#947 = DIRECTION('',(-0.,-0.,-1.));
#948 = ORIENTED_EDGE('',*,*,#949,.F.);
#949 = EDGE_CURVE('',#950,#942,#952,.T.);
#950 = VERTEX_POINT('',#951);
#951 = CARTESIAN_POINT('',(47.8,-51.13191726823,11.6));
#952 = LINE('',#953,#954);
#953 = CARTESIAN_POINT('',(47.8,-32.51472917326,11.6));
#954 = VECTOR('',#955,1.);
#955 = DIRECTION('',(0.,-1.,0.));
#956 = ORIENTED_EDGE('',*,*,#957,.T.);
#957 = EDGE_CURVE('',#950,#474,#958,.T.);
#958 = LINE('',#959,#960);
#959 = CARTESIAN_POINT('',(47.8,-51.13191726823,6.3));
#960 = VECTOR('',#961,1.);
#961 = DIRECTION('',(-0.,-0.,-1.));
#962 = ORIENTED_EDGE('',*,*,#482,.T.);
#963 = ORIENTED_EDGE('',*,*,#964,.T.);
#964 = EDGE_CURVE('',#483,#189,#965,.T.);
#965 = LINE('',#966,#967);
#966 = CARTESIAN_POINT('',(47.8,-12.22945834653,6.2));
#967 = VECTOR('',#968,1.);
#968 = DIRECTION('',(0.,0.,1.));
#969 = ORIENTED_EDGE('',*,*,#188,.T.);
#970 = PLANE('',#971);
#971 = AXIS2_PLACEMENT_3D('',#972,#973,#974);
#972 = CARTESIAN_POINT('',(47.8,-12.22945834653,6.2));
#973 = DIRECTION('',(1.,0.,0.));
#974 = DIRECTION('',(0.,-1.,0.));
#975 = ADVANCED_FACE('',(#976),#987,.F.);
#976 = FACE_BOUND('',#977,.F.);
#977 = EDGE_LOOP('',(#978,#979,#985,#986));
#978 = ORIENTED_EDGE('',*,*,#490,.T.);
#979 = ORIENTED_EDGE('',*,*,#980,.T.);
#980 = EDGE_CURVE('',#491,#199,#981,.T.);
#981 = LINE('',#982,#983);
#982 = CARTESIAN_POINT('',(47.798620571226,-12.20137942877,6.2));
#983 = VECTOR('',#984,1.);
#984 = DIRECTION('',(0.,0.,1.));
#985 = ORIENTED_EDGE('',*,*,#198,.T.);
#986 = ORIENTED_EDGE('',*,*,#964,.F.);
#987 = PLANE('',#988);
#988 = AXIS2_PLACEMENT_3D('',#989,#990,#991);
#989 = CARTESIAN_POINT('',(47.798620571226,-12.20137942877,6.2));
#990 = DIRECTION('',(0.998795456205,4.906767432758E-02,0.));
#991 = DIRECTION('',(4.906767432758E-02,-0.998795456205,0.));
#992 = ADVANCED_FACE('',(#993),#999,.F.);
#993 = FACE_BOUND('',#994,.F.);
#994 = EDGE_LOOP('',(#995,#996,#997,#998));
#995 = ORIENTED_EDGE('',*,*,#457,.T.);
#996 = ORIENTED_EDGE('',*,*,#934,.T.);
#997 = ORIENTED_EDGE('',*,*,#374,.T.);
#998 = ORIENTED_EDGE('',*,*,#430,.F.);
#999 = PLANE('',#1000);
#1000 = AXIS2_PLACEMENT_3D('',#1001,#1002,#1003);
#1001 = CARTESIAN_POINT('',(47.8,-65.77054165346,6.2));
#1002 = DIRECTION('',(0.998795456205,-4.906767432757E-02,0.));
#1003 = DIRECTION('',(-4.906767432757E-02,-0.998795456205,0.));
#1004 = ADVANCED_FACE('',(#1005),#1016,.F.);
#1005 = FACE_BOUND('',#1006,.F.);
#1006 = EDGE_LOOP('',(#1007,#1008,#1014,#1015));
#1007 = ORIENTED_EDGE('',*,*,#498,.T.);
#1008 = ORIENTED_EDGE('',*,*,#1009,.T.);
#1009 = EDGE_CURVE('',#499,#207,#1010,.T.);
#1010 = LINE('',#1011,#1012);
#1011 = CARTESIAN_POINT('',(47.770541653469,-12.2,6.2));
#1012 = VECTOR('',#1013,1.);
#1013 = DIRECTION('',(0.,0.,1.));
#1014 = ORIENTED_EDGE('',*,*,#206,.T.);
#1015 = ORIENTED_EDGE('',*,*,#980,.F.);
#1016 = PLANE('',#1017);
#1017 = AXIS2_PLACEMENT_3D('',#1018,#1019,#1020);
#1018 = CARTESIAN_POINT('',(47.770541653469,-12.2,6.2));
#1019 = DIRECTION('',(4.906767432741E-02,0.998795456205,0.));
#1020 = DIRECTION('',(0.998795456205,-4.906767432741E-02,0.));
#1021 = ADVANCED_FACE('',(#1022),#1049,.F.);
#1022 = FACE_BOUND('',#1023,.F.);
#1023 = EDGE_LOOP('',(#1024,#1025,#1026,#1034,#1042,#1048));
#1024 = ORIENTED_EDGE('',*,*,#1009,.F.);
#1025 = ORIENTED_EDGE('',*,*,#506,.T.);
#1026 = ORIENTED_EDGE('',*,*,#1027,.F.);
#1027 = EDGE_CURVE('',#1028,#507,#1030,.T.);
#1028 = VERTEX_POINT('',#1029);
#1029 = CARTESIAN_POINT('',(47.,-12.2,12.1));
#1030 = LINE('',#1031,#1032);
#1031 = CARTESIAN_POINT('',(47.,-12.2,5.9));
#1032 = VECTOR('',#1033,1.);
#1033 = DIRECTION('',(0.,0.,-1.));
#1034 = ORIENTED_EDGE('',*,*,#1035,.F.);
#1035 = EDGE_CURVE('',#1036,#1028,#1038,.T.);
#1036 = VERTEX_POINT('',#1037);
#1037 = CARTESIAN_POINT('',(27.429458346531,-12.2,12.1));
#1038 = LINE('',#1039,#1040);
#1039 = CARTESIAN_POINT('',(27.414729173265,-12.2,12.1));
#1040 = VECTOR('',#1041,1.);
#1041 = DIRECTION('',(1.,0.,0.));
#1042 = ORIENTED_EDGE('',*,*,#1043,.T.);
#1043 = EDGE_CURVE('',#1036,#215,#1044,.T.);
#1044 = LINE('',#1045,#1046);
#1045 = CARTESIAN_POINT('',(27.429458346531,-12.2,6.2));
#1046 = VECTOR('',#1047,1.);
#1047 = DIRECTION('',(0.,0.,1.));
#1048 = ORIENTED_EDGE('',*,*,#214,.T.);
#1049 = PLANE('',#1050);
#1050 = AXIS2_PLACEMENT_3D('',#1051,#1052,#1053);
#1051 = CARTESIAN_POINT('',(27.429458346531,-12.2,6.2));
#1052 = DIRECTION('',(0.,1.,0.));
#1053 = DIRECTION('',(1.,0.,0.));
#1054 = ADVANCED_FACE('',(#1055),#1089,.F.);
#1055 = FACE_BOUND('',#1056,.F.);
#1056 = EDGE_LOOP('',(#1057,#1067,#1075,#1081,#1082,#1083));
#1057 = ORIENTED_EDGE('',*,*,#1058,.T.);
#1058 = EDGE_CURVE('',#1059,#1061,#1063,.T.);
#1059 = VERTEX_POINT('',#1060);
#1060 = CARTESIAN_POINT('',(27.4,-12.20144719576,12.1));
#1061 = VERTEX_POINT('',#1062);
#1062 = CARTESIAN_POINT('',(27.4,-12.20144719576,6.3));
#1063 = LINE('',#1064,#1065);
#1064 = CARTESIAN_POINT('',(27.4,-12.20144719576,5.9));
#1065 = VECTOR('',#1066,1.);
#1066 = DIRECTION('',(0.,0.,-1.));
#1067 = ORIENTED_EDGE('',*,*,#1068,.T.);
#1068 = EDGE_CURVE('',#1061,#1069,#1071,.T.);
#1069 = VERTEX_POINT('',#1070);
#1070 = CARTESIAN_POINT('',(27.282521281595,-12.20721855511,6.3));
#1071 = LINE('',#1072,#1073);
#1072 = CARTESIAN_POINT('',(31.492230328968,-12.00040881117,6.3));
#1073 = VECTOR('',#1074,1.);
#1074 = DIRECTION('',(-0.998795456205,-4.906767432741E-02,0.));
#1075 = ORIENTED_EDGE('',*,*,#1076,.T.);
#1076 = EDGE_CURVE('',#1069,#223,#1077,.T.);
#1077 = LINE('',#1078,#1079);
#1078 = CARTESIAN_POINT('',(27.282521281595,-12.20721855511,6.2));
#1079 = VECTOR('',#1080,1.);
#1080 = DIRECTION('',(0.,0.,1.));
#1081 = ORIENTED_EDGE('',*,*,#222,.T.);
#1082 = ORIENTED_EDGE('',*,*,#1043,.F.);
#1083 = ORIENTED_EDGE('',*,*,#1084,.F.);
#1084 = EDGE_CURVE('',#1059,#1036,#1085,.T.);
#1085 = LINE('',#1086,#1087);
#1086 = CARTESIAN_POINT('',(26.461592268837,-12.24754821139,12.1));
#1087 = VECTOR('',#1088,1.);
#1088 = DIRECTION('',(0.998795456205,4.906767432741E-02,0.));
#1089 = PLANE('',#1090);
#1090 = AXIS2_PLACEMENT_3D('',#1091,#1092,#1093);
#1091 = CARTESIAN_POINT('',(27.282521281595,-12.20721855511,6.2));
#1092 = DIRECTION('',(-4.906767432741E-02,0.998795456205,0.));
#1093 = DIRECTION('',(0.998795456205,4.906767432741E-02,0.));
#1094 = ADVANCED_FACE('',(#1095),#1113,.F.);
#1095 = FACE_BOUND('',#1096,.F.);
#1096 = EDGE_LOOP('',(#1097,#1105,#1111,#1112));
#1097 = ORIENTED_EDGE('',*,*,#1098,.T.);
#1098 = EDGE_CURVE('',#1069,#1099,#1101,.T.);
#1099 = VERTEX_POINT('',#1100);
#1100 = CARTESIAN_POINT('',(27.166173947468,-12.22447705182,6.3));
#1101 = LINE('',#1102,#1103);
#1102 = CARTESIAN_POINT('',(30.048182583348,-11.79697145472,6.3));
#1103 = VECTOR('',#1104,1.);
#1104 = DIRECTION('',(-0.989176509965,-0.146730474455,0.));
#1105 = ORIENTED_EDGE('',*,*,#1106,.T.);
#1106 = EDGE_CURVE('',#1099,#231,#1107,.T.);
#1107 = LINE('',#1108,#1109);
#1108 = CARTESIAN_POINT('',(27.166173947468,-12.22447705182,6.2));
#1109 = VECTOR('',#1110,1.);
#1110 = DIRECTION('',(0.,0.,1.));
#1111 = ORIENTED_EDGE('',*,*,#230,.T.);
#1112 = ORIENTED_EDGE('',*,*,#1076,.F.);
#1113 = PLANE('',#1114);
#1114 = AXIS2_PLACEMENT_3D('',#1115,#1116,#1117);
#1115 = CARTESIAN_POINT('',(27.166173947468,-12.22447705182,6.2));
#1116 = DIRECTION('',(-0.146730474455,0.989176509965,0.));
#1117 = DIRECTION('',(0.989176509965,0.146730474455,0.));
#1118 = ADVANCED_FACE('',(#1119),#1137,.F.);
#1119 = FACE_BOUND('',#1120,.F.);
#1120 = EDGE_LOOP('',(#1121,#1129,#1135,#1136));
#1121 = ORIENTED_EDGE('',*,*,#1122,.T.);
#1122 = EDGE_CURVE('',#1099,#1123,#1125,.T.);
#1123 = VERTEX_POINT('',#1124);
#1124 = CARTESIAN_POINT('',(27.05207848605,-12.25305647712,6.3));
#1125 = LINE('',#1126,#1127);
#1126 = CARTESIAN_POINT('',(28.589117176909,-11.86804832775,6.3));
#1127 = VECTOR('',#1128,1.);
#1128 = DIRECTION('',(-0.970031253195,-0.242980179903,0.));
#1129 = ORIENTED_EDGE('',*,*,#1130,.T.);
#1130 = EDGE_CURVE('',#1123,#239,#1131,.T.);
#1131 = LINE('',#1132,#1133);
#1132 = CARTESIAN_POINT('',(27.05207848605,-12.25305647712,6.2));
#1133 = VECTOR('',#1134,1.);
#1134 = DIRECTION('',(0.,0.,1.));
#1135 = ORIENTED_EDGE('',*,*,#238,.T.);
#1136 = ORIENTED_EDGE('',*,*,#1106,.F.);
#1137 = PLANE('',#1138);
#1138 = AXIS2_PLACEMENT_3D('',#1139,#1140,#1141);
#1139 = CARTESIAN_POINT('',(27.05207848605,-12.25305647712,6.2));
#1140 = DIRECTION('',(-0.242980179903,0.970031253195,0.));
#1141 = DIRECTION('',(0.970031253195,0.242980179903,0.));
#1142 = ADVANCED_FACE('',(#1143),#1218,.F.);
#1143 = FACE_BOUND('',#1144,.F.);
#1144 = EDGE_LOOP('',(#1145,#1153,#1161,#1169,#1177,#1185,#1193,#1201,
    #1209,#1215,#1216,#1217));
#1145 = ORIENTED_EDGE('',*,*,#1146,.F.);
#1146 = EDGE_CURVE('',#1147,#343,#1149,.T.);
#1147 = VERTEX_POINT('',#1148);
#1148 = CARTESIAN_POINT('',(26.2,-13.42945834653,6.3));
#1149 = LINE('',#1150,#1151);
#1150 = CARTESIAN_POINT('',(26.2,-13.42945834653,6.2));
#1151 = VECTOR('',#1152,1.);
#1152 = DIRECTION('',(0.,0.,1.));
#1153 = ORIENTED_EDGE('',*,*,#1154,.T.);
#1154 = EDGE_CURVE('',#1147,#1155,#1157,.T.);
#1155 = VERTEX_POINT('',#1156);
#1156 = CARTESIAN_POINT('',(26.2,-51.13191726823,6.3));
#1157 = LINE('',#1158,#1159);
#1158 = CARTESIAN_POINT('',(26.2,-52.43420966695,6.3));
#1159 = VECTOR('',#1160,1.);
#1160 = DIRECTION('',(0.,-1.,0.));
#1161 = ORIENTED_EDGE('',*,*,#1162,.F.);
#1162 = EDGE_CURVE('',#1163,#1155,#1165,.T.);
#1163 = VERTEX_POINT('',#1164);
#1164 = CARTESIAN_POINT('',(26.2,-51.13191726823,11.6));
#1165 = LINE('',#1166,#1167);
#1166 = CARTESIAN_POINT('',(26.2,-51.13191726823,6.3));
#1167 = VECTOR('',#1168,1.);
#1168 = DIRECTION('',(-0.,-0.,-1.));
#1169 = ORIENTED_EDGE('',*,*,#1170,.F.);
#1170 = EDGE_CURVE('',#1171,#1163,#1173,.T.);
#1171 = VERTEX_POINT('',#1172);
#1172 = CARTESIAN_POINT('',(26.2,-54.46808273176,11.6));
#1173 = LINE('',#1174,#1175);
#1174 = CARTESIAN_POINT('',(26.2,-59.28527082673,11.6));
#1175 = VECTOR('',#1176,1.);
#1176 = DIRECTION('',(0.,1.,0.));
#1177 = ORIENTED_EDGE('',*,*,#1178,.T.);
#1178 = EDGE_CURVE('',#1171,#1179,#1181,.T.);
#1179 = VERTEX_POINT('',#1180);
#1180 = CARTESIAN_POINT('',(26.2,-54.46808273176,6.3));
#1181 = LINE('',#1182,#1183);
#1182 = CARTESIAN_POINT('',(26.2,-54.46808273176,6.3));
#1183 = VECTOR('',#1184,1.);
#1184 = DIRECTION('',(-0.,-0.,-1.));
#1185 = ORIENTED_EDGE('',*,*,#1186,.T.);
#1186 = EDGE_CURVE('',#1179,#1187,#1189,.T.);
#1187 = VERTEX_POINT('',#1188);
#1188 = CARTESIAN_POINT('',(26.2,-55.4,6.3));
#1189 = LINE('',#1190,#1191);
#1190 = CARTESIAN_POINT('',(26.2,-52.43420966695,6.3));
#1191 = VECTOR('',#1192,1.);
#1192 = DIRECTION('',(0.,-1.,0.));
#1193 = ORIENTED_EDGE('',*,*,#1194,.F.);
#1194 = EDGE_CURVE('',#1195,#1187,#1197,.T.);
#1195 = VERTEX_POINT('',#1196);
#1196 = CARTESIAN_POINT('',(26.2,-55.4,9.2));
#1197 = LINE('',#1198,#1199);
#1198 = CARTESIAN_POINT('',(26.2,-55.4,5.65));
#1199 = VECTOR('',#1200,1.);
#1200 = DIRECTION('',(0.,0.,-1.));
#1201 = ORIENTED_EDGE('',*,*,#1202,.F.);
#1202 = EDGE_CURVE('',#1203,#1195,#1205,.T.);
#1203 = VERTEX_POINT('',#1204);
#1204 = CARTESIAN_POINT('',(26.2,-63.9,9.2));
#1205 = LINE('',#1206,#1207);
#1206 = CARTESIAN_POINT('',(26.2,-64.83527082673,9.2));
#1207 = VECTOR('',#1208,1.);
#1208 = DIRECTION('',(0.,1.,0.));
#1209 = ORIENTED_EDGE('',*,*,#1210,.T.);
#1210 = EDGE_CURVE('',#1203,#887,#1211,.T.);
#1211 = LINE('',#1212,#1213);
#1212 = CARTESIAN_POINT('',(26.2,-63.9,5.65));
#1213 = VECTOR('',#1214,1.);
#1214 = DIRECTION('',(0.,0.,-1.));
#1215 = ORIENTED_EDGE('',*,*,#894,.T.);
#1216 = ORIENTED_EDGE('',*,*,#920,.T.);
#1217 = ORIENTED_EDGE('',*,*,#350,.T.);
#1218 = PLANE('',#1219);
#1219 = AXIS2_PLACEMENT_3D('',#1220,#1221,#1222);
#1220 = CARTESIAN_POINT('',(26.2,-65.77054165346,6.2));
#1221 = DIRECTION('',(-1.,0.,0.));
#1222 = DIRECTION('',(0.,1.,0.));
#1223 = ADVANCED_FACE('',(#1224),#1242,.F.);
#1224 = FACE_BOUND('',#1225,.F.);
#1225 = EDGE_LOOP('',(#1226,#1234,#1240,#1241));
#1226 = ORIENTED_EDGE('',*,*,#1227,.T.);
#1227 = EDGE_CURVE('',#1123,#1228,#1230,.T.);
#1228 = VERTEX_POINT('',#1229);
#1229 = CARTESIAN_POINT('',(26.941333699004,-12.29268159553,6.3));
#1230 = LINE('',#1231,#1232);
#1231 = CARTESIAN_POINT('',(27.167803139174,-12.21164953413,6.3));
#1232 = VECTOR('',#1233,1.);
#1233 = DIRECTION('',(-0.941544065183,-0.336889853392,0.));
#1234 = ORIENTED_EDGE('',*,*,#1235,.T.);
#1235 = EDGE_CURVE('',#1228,#247,#1236,.T.);
#1236 = LINE('',#1237,#1238);
#1237 = CARTESIAN_POINT('',(26.941333699004,-12.29268159553,6.2));
#1238 = VECTOR('',#1239,1.);
#1239 = DIRECTION('',(0.,0.,1.));
#1240 = ORIENTED_EDGE('',*,*,#246,.T.);
#1241 = ORIENTED_EDGE('',*,*,#1130,.F.);
#1242 = PLANE('',#1243);
#1243 = AXIS2_PLACEMENT_3D('',#1244,#1245,#1246);
#1244 = CARTESIAN_POINT('',(26.941333699004,-12.29268159553,6.2));
#1245 = DIRECTION('',(-0.336889853392,0.941544065183,0.));
#1246 = DIRECTION('',(0.941544065183,0.336889853392,0.));
#1247 = ADVANCED_FACE('',(#1248),#1266,.F.);
#1248 = FACE_BOUND('',#1249,.F.);
#1249 = EDGE_LOOP('',(#1250,#1258,#1259,#1260));
#1250 = ORIENTED_EDGE('',*,*,#1251,.T.);
#1251 = EDGE_CURVE('',#1252,#1147,#1254,.T.);
#1252 = VERTEX_POINT('',#1253);
#1253 = CARTESIAN_POINT('',(26.207218555115,-13.28252128159,6.3));
#1254 = LINE('',#1255,#1256);
#1255 = CARTESIAN_POINT('',(25.584067113477,-25.96706027729,6.3));
#1256 = VECTOR('',#1257,1.);
#1257 = DIRECTION('',(-4.906767432747E-02,-0.998795456205,0.));
#1258 = ORIENTED_EDGE('',*,*,#1146,.T.);
#1259 = ORIENTED_EDGE('',*,*,#342,.T.);
#1260 = ORIENTED_EDGE('',*,*,#1261,.F.);
#1261 = EDGE_CURVE('',#1252,#335,#1262,.T.);
#1262 = LINE('',#1263,#1264);
#1263 = CARTESIAN_POINT('',(26.207218555115,-13.28252128159,6.2));
#1264 = VECTOR('',#1265,1.);
#1265 = DIRECTION('',(0.,0.,1.));
#1266 = PLANE('',#1267);
#1267 = AXIS2_PLACEMENT_3D('',#1268,#1269,#1270);
#1268 = CARTESIAN_POINT('',(26.2,-13.42945834653,6.2));
#1269 = DIRECTION('',(-0.998795456205,4.906767432747E-02,0.));
#1270 = DIRECTION('',(4.906767432747E-02,0.998795456205,0.));
#1271 = ADVANCED_FACE('',(#1272),#1290,.F.);
#1272 = FACE_BOUND('',#1273,.F.);
#1273 = EDGE_LOOP('',(#1274,#1282,#1288,#1289));
#1274 = ORIENTED_EDGE('',*,*,#1275,.T.);
#1275 = EDGE_CURVE('',#1228,#1276,#1278,.T.);
#1276 = VERTEX_POINT('',#1277);
#1277 = CARTESIAN_POINT('',(26.83500611917,-12.3429707955,6.3));
#1278 = LINE('',#1279,#1280);
#1279 = CARTESIAN_POINT('',(25.83564732038,-12.8156323058,6.3));
#1280 = VECTOR('',#1281,1.);
#1281 = DIRECTION('',(-0.903989293123,-0.42755509343,0.));
#1282 = ORIENTED_EDGE('',*,*,#1283,.T.);
#1283 = EDGE_CURVE('',#1276,#255,#1284,.T.);
#1284 = LINE('',#1285,#1286);
#1285 = CARTESIAN_POINT('',(26.83500611917,-12.3429707955,6.2));
#1286 = VECTOR('',#1287,1.);
#1287 = DIRECTION('',(0.,0.,1.));
#1288 = ORIENTED_EDGE('',*,*,#254,.T.);
#1289 = ORIENTED_EDGE('',*,*,#1235,.F.);
#1290 = PLANE('',#1291);
#1291 = AXIS2_PLACEMENT_3D('',#1292,#1293,#1294);
#1292 = CARTESIAN_POINT('',(26.83500611917,-12.3429707955,6.2));
#1293 = DIRECTION('',(-0.42755509343,0.903989293123,0.));
#1294 = DIRECTION('',(0.903989293123,0.42755509343,0.));
#1295 = ADVANCED_FACE('',(#1296),#1314,.F.);
#1296 = FACE_BOUND('',#1297,.F.);
#1297 = EDGE_LOOP('',(#1298,#1306,#1307,#1308));
#1298 = ORIENTED_EDGE('',*,*,#1299,.T.);
#1299 = EDGE_CURVE('',#1300,#1252,#1302,.T.);
#1300 = VERTEX_POINT('',#1301);
#1301 = CARTESIAN_POINT('',(26.22447705182,-13.16617394746,6.3));
#1302 = LINE('',#1303,#1304);
#1303 = CARTESIAN_POINT('',(24.450417597565,-25.12591132271,6.3));
#1304 = VECTOR('',#1305,1.);
#1305 = DIRECTION('',(-0.146730474455,-0.989176509965,0.));
#1306 = ORIENTED_EDGE('',*,*,#1261,.T.);
#1307 = ORIENTED_EDGE('',*,*,#334,.T.);
#1308 = ORIENTED_EDGE('',*,*,#1309,.F.);
#1309 = EDGE_CURVE('',#1300,#327,#1310,.T.);
#1310 = LINE('',#1311,#1312);
#1311 = CARTESIAN_POINT('',(26.22447705182,-13.16617394746,6.2));
#1312 = VECTOR('',#1313,1.);
#1313 = DIRECTION('',(0.,0.,1.));
#1314 = PLANE('',#1315);
#1315 = AXIS2_PLACEMENT_3D('',#1316,#1317,#1318);
#1316 = CARTESIAN_POINT('',(26.207218555115,-13.28252128159,6.2));
#1317 = DIRECTION('',(-0.989176509965,0.146730474455,0.));
#1318 = DIRECTION('',(0.146730474455,0.989176509965,0.));
#1319 = ADVANCED_FACE('',(#1320),#1338,.F.);
#1320 = FACE_BOUND('',#1321,.F.);
#1321 = EDGE_LOOP('',(#1322,#1330,#1336,#1337));
#1322 = ORIENTED_EDGE('',*,*,#1323,.T.);
#1323 = EDGE_CURVE('',#1276,#1324,#1326,.T.);
#1324 = VERTEX_POINT('',#1325);
#1325 = CARTESIAN_POINT('',(26.734119739265,-12.40343976453,6.3));
#1326 = LINE('',#1327,#1328);
#1327 = CARTESIAN_POINT('',(24.640749802352,-13.65815741838,6.3));
#1328 = VECTOR('',#1329,1.);
#1329 = DIRECTION('',(-0.85772861,-0.514102744193,0.));
#1330 = ORIENTED_EDGE('',*,*,#1331,.T.);
#1331 = EDGE_CURVE('',#1324,#263,#1332,.T.);
#1332 = LINE('',#1333,#1334);
#1333 = CARTESIAN_POINT('',(26.734119739265,-12.40343976453,6.2));
#1334 = VECTOR('',#1335,1.);
#1335 = DIRECTION('',(0.,0.,1.));
#1336 = ORIENTED_EDGE('',*,*,#262,.T.);
#1337 = ORIENTED_EDGE('',*,*,#1283,.F.);
#1338 = PLANE('',#1339);
#1339 = AXIS2_PLACEMENT_3D('',#1340,#1341,#1342);
#1340 = CARTESIAN_POINT('',(26.734119739265,-12.40343976453,6.2));
#1341 = DIRECTION('',(-0.514102744193,0.85772861,0.));
#1342 = DIRECTION('',(0.85772861,0.514102744193,0.));
#1343 = ADVANCED_FACE('',(#1344),#1362,.F.);
#1344 = FACE_BOUND('',#1345,.F.);
#1345 = EDGE_LOOP('',(#1346,#1354,#1355,#1356));
#1346 = ORIENTED_EDGE('',*,*,#1347,.T.);
#1347 = EDGE_CURVE('',#1348,#1300,#1350,.T.);
#1348 = VERTEX_POINT('',#1349);
#1349 = CARTESIAN_POINT('',(26.253056477122,-13.05207848605,6.3));
#1350 = LINE('',#1351,#1352);
#1351 = CARTESIAN_POINT('',(23.487815526601,-24.09153917657,6.3));
#1352 = VECTOR('',#1353,1.);
#1353 = DIRECTION('',(-0.242980179903,-0.970031253195,0.));
#1354 = ORIENTED_EDGE('',*,*,#1309,.T.);
#1355 = ORIENTED_EDGE('',*,*,#326,.T.);
#1356 = ORIENTED_EDGE('',*,*,#1357,.F.);
#1357 = EDGE_CURVE('',#1348,#319,#1358,.T.);
#1358 = LINE('',#1359,#1360);
#1359 = CARTESIAN_POINT('',(26.253056477122,-13.05207848605,6.2));
#1360 = VECTOR('',#1361,1.);
#1361 = DIRECTION('',(0.,0.,1.));
#1362 = PLANE('',#1363);
#1363 = AXIS2_PLACEMENT_3D('',#1364,#1365,#1366);
#1364 = CARTESIAN_POINT('',(26.22447705182,-13.16617394746,6.2));
#1365 = DIRECTION('',(-0.970031253195,0.242980179903,0.));
#1366 = DIRECTION('',(0.242980179903,0.970031253195,0.));
#1367 = ADVANCED_FACE('',(#1368),#1386,.F.);
#1368 = FACE_BOUND('',#1369,.F.);
#1369 = EDGE_LOOP('',(#1370,#1378,#1384,#1385));
#1370 = ORIENTED_EDGE('',*,*,#1371,.T.);
#1371 = EDGE_CURVE('',#1324,#1372,#1374,.T.);
#1372 = VERTEX_POINT('',#1373);
#1373 = CARTESIAN_POINT('',(26.639646150277,-12.47350615341,6.3));
#1374 = LINE('',#1375,#1376);
#1375 = CARTESIAN_POINT('',(23.62608523545,-14.70851525212,6.3));
#1376 = VECTOR('',#1377,1.);
#1377 = DIRECTION('',(-0.803207531481,-0.595699304492,0.));
#1378 = ORIENTED_EDGE('',*,*,#1379,.T.);
#1379 = EDGE_CURVE('',#1372,#271,#1380,.T.);
#1380 = LINE('',#1381,#1382);
#1381 = CARTESIAN_POINT('',(26.639646150277,-12.47350615341,6.2));
#1382 = VECTOR('',#1383,1.);
#1383 = DIRECTION('',(0.,0.,1.));
#1384 = ORIENTED_EDGE('',*,*,#270,.T.);
#1385 = ORIENTED_EDGE('',*,*,#1331,.F.);
#1386 = PLANE('',#1387);
#1387 = AXIS2_PLACEMENT_3D('',#1388,#1389,#1390);
#1388 = CARTESIAN_POINT('',(26.639646150277,-12.47350615341,6.2));
#1389 = DIRECTION('',(-0.595699304492,0.803207531481,0.));
#1390 = DIRECTION('',(0.803207531481,0.595699304492,0.));
#1391 = ADVANCED_FACE('',(#1392),#1410,.F.);
#1392 = FACE_BOUND('',#1393,.F.);
#1393 = EDGE_LOOP('',(#1394,#1402,#1403,#1404));
#1394 = ORIENTED_EDGE('',*,*,#1395,.T.);
#1395 = EDGE_CURVE('',#1396,#1348,#1398,.T.);
#1396 = VERTEX_POINT('',#1397);
#1397 = CARTESIAN_POINT('',(26.292681595533,-12.941333699,6.3));
#1398 = LINE('',#1399,#1400);
#1399 = CARTESIAN_POINT('',(22.734555289369,-22.8856305456,6.3));
#1400 = VECTOR('',#1401,1.);
#1401 = DIRECTION('',(-0.336889853392,-0.941544065183,0.));
#1402 = ORIENTED_EDGE('',*,*,#1357,.T.);
#1403 = ORIENTED_EDGE('',*,*,#318,.T.);
#1404 = ORIENTED_EDGE('',*,*,#1405,.F.);
#1405 = EDGE_CURVE('',#1396,#311,#1406,.T.);
#1406 = LINE('',#1407,#1408);
#1407 = CARTESIAN_POINT('',(26.292681595533,-12.941333699,6.2));
#1408 = VECTOR('',#1409,1.);
#1409 = DIRECTION('',(0.,0.,1.));
#1410 = PLANE('',#1411);
#1411 = AXIS2_PLACEMENT_3D('',#1412,#1413,#1414);
#1412 = CARTESIAN_POINT('',(26.253056477122,-13.05207848605,6.2));
#1413 = DIRECTION('',(-0.941544065183,0.336889853392,0.));
#1414 = DIRECTION('',(0.336889853392,0.941544065183,0.));
#1415 = ADVANCED_FACE('',(#1416),#1434,.F.);
#1416 = FACE_BOUND('',#1417,.F.);
#1417 = EDGE_LOOP('',(#1418,#1426,#1432,#1433));
#1418 = ORIENTED_EDGE('',*,*,#1419,.T.);
#1419 = EDGE_CURVE('',#1372,#1420,#1422,.T.);
#1420 = VERTEX_POINT('',#1421);
#1421 = CARTESIAN_POINT('',(26.552495184515,-12.55249518451,6.3));
#1422 = LINE('',#1423,#1424);
#1423 = CARTESIAN_POINT('',(22.827879704896,-15.92828988015,6.3));
#1424 = VECTOR('',#1425,1.);
#1425 = DIRECTION('',(-0.740951125355,-0.671558954847,0.));
#1426 = ORIENTED_EDGE('',*,*,#1427,.T.);
#1427 = EDGE_CURVE('',#1420,#279,#1428,.T.);
#1428 = LINE('',#1429,#1430);
#1429 = CARTESIAN_POINT('',(26.552495184515,-12.55249518451,6.2));
#1430 = VECTOR('',#1431,1.);
#1431 = DIRECTION('',(0.,0.,1.));
#1432 = ORIENTED_EDGE('',*,*,#278,.T.);
#1433 = ORIENTED_EDGE('',*,*,#1379,.F.);
#1434 = PLANE('',#1435);
#1435 = AXIS2_PLACEMENT_3D('',#1436,#1437,#1438);
#1436 = CARTESIAN_POINT('',(26.552495184515,-12.55249518451,6.2));
#1437 = DIRECTION('',(-0.671558954847,0.740951125355,0.));
#1438 = DIRECTION('',(0.740951125355,0.671558954847,0.));
#1439 = ADVANCED_FACE('',(#1440),#1458,.F.);
#1440 = FACE_BOUND('',#1441,.F.);
#1441 = EDGE_LOOP('',(#1442,#1450,#1451,#1452));
#1442 = ORIENTED_EDGE('',*,*,#1443,.T.);
#1443 = EDGE_CURVE('',#1444,#1396,#1446,.T.);
#1444 = VERTEX_POINT('',#1445);
#1445 = CARTESIAN_POINT('',(26.3429707955,-12.83500611917,6.3));
#1446 = LINE('',#1447,#1448);
#1447 = CARTESIAN_POINT('',(22.220486836079,-21.5512661232,6.3));
#1448 = VECTOR('',#1449,1.);
#1449 = DIRECTION('',(-0.42755509343,-0.903989293123,0.));
#1450 = ORIENTED_EDGE('',*,*,#1405,.T.);
#1451 = ORIENTED_EDGE('',*,*,#310,.T.);
#1452 = ORIENTED_EDGE('',*,*,#1453,.F.);
#1453 = EDGE_CURVE('',#1444,#303,#1454,.T.);
#1454 = LINE('',#1455,#1456);
#1455 = CARTESIAN_POINT('',(26.3429707955,-12.83500611917,6.2));
#1456 = VECTOR('',#1457,1.);
#1457 = DIRECTION('',(0.,0.,1.));
#1458 = PLANE('',#1459);
#1459 = AXIS2_PLACEMENT_3D('',#1460,#1461,#1462);
#1460 = CARTESIAN_POINT('',(26.292681595533,-12.941333699,6.2));
#1461 = DIRECTION('',(-0.903989293123,0.42755509343,0.));
#1462 = DIRECTION('',(0.42755509343,0.903989293123,0.));
#1463 = ADVANCED_FACE('',(#1464),#1482,.F.);
#1464 = FACE_BOUND('',#1465,.F.);
#1465 = EDGE_LOOP('',(#1466,#1474,#1480,#1481));
#1466 = ORIENTED_EDGE('',*,*,#1467,.T.);
#1467 = EDGE_CURVE('',#1420,#1468,#1470,.T.);
#1468 = VERTEX_POINT('',#1469);
#1469 = CARTESIAN_POINT('',(26.473506153419,-12.63964615027,6.3));
#1470 = LINE('',#1471,#1472);
#1471 = CARTESIAN_POINT('',(22.274245229434,-17.27281660363,6.3));
#1472 = VECTOR('',#1473,1.);
#1473 = DIRECTION('',(-0.671558954847,-0.740951125355,0.));
#1474 = ORIENTED_EDGE('',*,*,#1475,.T.);
#1475 = EDGE_CURVE('',#1468,#287,#1476,.T.);
#1476 = LINE('',#1477,#1478);
#1477 = CARTESIAN_POINT('',(26.473506153419,-12.63964615027,6.2));
#1478 = VECTOR('',#1479,1.);
#1479 = DIRECTION('',(0.,0.,1.));
#1480 = ORIENTED_EDGE('',*,*,#286,.T.);
#1481 = ORIENTED_EDGE('',*,*,#1427,.F.);
#1482 = PLANE('',#1483);
#1483 = AXIS2_PLACEMENT_3D('',#1484,#1485,#1486);
#1484 = CARTESIAN_POINT('',(26.473506153419,-12.63964615027,6.2));
#1485 = DIRECTION('',(-0.740951125355,0.671558954847,0.));
#1486 = DIRECTION('',(0.671558954847,0.740951125355,0.));
#1487 = ADVANCED_FACE('',(#1488),#1506,.F.);
#1488 = FACE_BOUND('',#1489,.F.);
#1489 = EDGE_LOOP('',(#1490,#1498,#1499,#1500));
#1490 = ORIENTED_EDGE('',*,*,#1491,.T.);
#1491 = EDGE_CURVE('',#1492,#1444,#1494,.T.);
#1492 = VERTEX_POINT('',#1493);
#1493 = CARTESIAN_POINT('',(26.403439764538,-12.73411973926,6.3));
#1494 = LINE('',#1495,#1496);
#1495 = CARTESIAN_POINT('',(21.966583467063,-20.13656726126,6.3));
#1496 = VECTOR('',#1497,1.);
#1497 = DIRECTION('',(-0.514102744193,-0.85772861,0.));
#1498 = ORIENTED_EDGE('',*,*,#1453,.T.);
#1499 = ORIENTED_EDGE('',*,*,#302,.T.);
#1500 = ORIENTED_EDGE('',*,*,#1501,.F.);
#1501 = EDGE_CURVE('',#1492,#295,#1502,.T.);
#1502 = LINE('',#1503,#1504);
#1503 = CARTESIAN_POINT('',(26.403439764538,-12.73411973926,6.2));
#1504 = VECTOR('',#1505,1.);
#1505 = DIRECTION('',(0.,0.,1.));
#1506 = PLANE('',#1507);
#1507 = AXIS2_PLACEMENT_3D('',#1508,#1509,#1510);
#1508 = CARTESIAN_POINT('',(26.3429707955,-12.83500611917,6.2));
#1509 = DIRECTION('',(-0.85772861,0.514102744193,0.));
#1510 = DIRECTION('',(0.514102744193,0.85772861,0.));
#1511 = ADVANCED_FACE('',(#1512),#1523,.F.);
#1512 = FACE_BOUND('',#1513,.F.);
#1513 = EDGE_LOOP('',(#1514,#1520,#1521,#1522));
#1514 = ORIENTED_EDGE('',*,*,#1515,.T.);
#1515 = EDGE_CURVE('',#1468,#1492,#1516,.T.);
#1516 = LINE('',#1517,#1518);
#1517 = CARTESIAN_POINT('',(21.984124111184,-18.69287710224,6.3));
#1518 = VECTOR('',#1519,1.);
#1519 = DIRECTION('',(-0.595699304492,-0.803207531481,0.));
#1520 = ORIENTED_EDGE('',*,*,#1501,.T.);
#1521 = ORIENTED_EDGE('',*,*,#294,.T.);
#1522 = ORIENTED_EDGE('',*,*,#1475,.F.);
#1523 = PLANE('',#1524);
#1524 = AXIS2_PLACEMENT_3D('',#1525,#1526,#1527);
#1525 = CARTESIAN_POINT('',(26.403439764538,-12.73411973926,6.2));
#1526 = DIRECTION('',(-0.803207531481,0.595699304492,0.));
#1527 = DIRECTION('',(0.595699304492,0.803207531481,0.));
#1528 = ADVANCED_FACE('',(#1529),#1554,.T.);
#1529 = FACE_BOUND('',#1530,.T.);
#1530 = EDGE_LOOP('',(#1531,#1539,#1540,#1548));
#1531 = ORIENTED_EDGE('',*,*,#1532,.F.);
#1532 = EDGE_CURVE('',#383,#1533,#1535,.T.);
#1533 = VERTEX_POINT('',#1534);
#1534 = CARTESIAN_POINT('',(45.15,-53.,12.725));
#1535 = LINE('',#1536,#1537);
#1536 = CARTESIAN_POINT('',(45.15,-53.,10.9));
#1537 = VECTOR('',#1538,1.);
#1538 = DIRECTION('',(0.,0.,1.));
#1539 = ORIENTED_EDGE('',*,*,#382,.T.);
#1540 = ORIENTED_EDGE('',*,*,#1541,.T.);
#1541 = EDGE_CURVE('',#385,#1542,#1544,.T.);
#1542 = VERTEX_POINT('',#1543);
#1543 = CARTESIAN_POINT('',(29.25,-53.,12.725));
#1544 = LINE('',#1545,#1546);
#1545 = CARTESIAN_POINT('',(29.25,-53.,10.9));
#1546 = VECTOR('',#1547,1.);
#1547 = DIRECTION('',(0.,0.,1.));
#1548 = ORIENTED_EDGE('',*,*,#1549,.T.);
#1549 = EDGE_CURVE('',#1542,#1533,#1550,.T.);
#1550 = LINE('',#1551,#1552);
#1551 = CARTESIAN_POINT('',(29.25,-53.,12.725));
#1552 = VECTOR('',#1553,1.);
#1553 = DIRECTION('',(1.,0.,0.));
#1554 = PLANE('',#1555);
#1555 = AXIS2_PLACEMENT_3D('',#1556,#1557,#1558);
#1556 = CARTESIAN_POINT('',(29.25,-53.,10.9));
#1557 = DIRECTION('',(0.,1.,0.));
#1558 = DIRECTION('',(0.,0.,1.));
#1559 = ADVANCED_FACE('',(#1560),#1578,.F.);
#1560 = FACE_BOUND('',#1561,.F.);
#1561 = EDGE_LOOP('',(#1562,#1563,#1564,#1572));
#1562 = ORIENTED_EDGE('',*,*,#1532,.F.);
#1563 = ORIENTED_EDGE('',*,*,#408,.T.);
#1564 = ORIENTED_EDGE('',*,*,#1565,.T.);
#1565 = EDGE_CURVE('',#401,#1566,#1568,.T.);
#1566 = VERTEX_POINT('',#1567);
#1567 = CARTESIAN_POINT('',(45.15,-15.1,12.725));
#1568 = LINE('',#1569,#1570);
#1569 = CARTESIAN_POINT('',(45.15,-15.1,10.9));
#1570 = VECTOR('',#1571,1.);
#1571 = DIRECTION('',(0.,0.,1.));
#1572 = ORIENTED_EDGE('',*,*,#1573,.F.);
#1573 = EDGE_CURVE('',#1533,#1566,#1574,.T.);
#1574 = LINE('',#1575,#1576);
#1575 = CARTESIAN_POINT('',(45.15,-53.,12.725));
#1576 = VECTOR('',#1577,1.);
#1577 = DIRECTION('',(0.,1.,0.));
#1578 = PLANE('',#1579);
#1579 = AXIS2_PLACEMENT_3D('',#1580,#1581,#1582);
#1580 = CARTESIAN_POINT('',(45.15,-53.,10.9));
#1581 = DIRECTION('',(1.,0.,0.));
#1582 = DIRECTION('',(0.,0.,1.));
#1583 = ADVANCED_FACE('',(#1584),#1602,.F.);
#1584 = FACE_BOUND('',#1585,.F.);
#1585 = EDGE_LOOP('',(#1586,#1587,#1588,#1596));
#1586 = ORIENTED_EDGE('',*,*,#1565,.F.);
#1587 = ORIENTED_EDGE('',*,*,#400,.T.);
#1588 = ORIENTED_EDGE('',*,*,#1589,.T.);
#1589 = EDGE_CURVE('',#393,#1590,#1592,.T.);
#1590 = VERTEX_POINT('',#1591);
#1591 = CARTESIAN_POINT('',(29.25,-15.1,12.725));
#1592 = LINE('',#1593,#1594);
#1593 = CARTESIAN_POINT('',(29.25,-15.1,10.9));
#1594 = VECTOR('',#1595,1.);
#1595 = DIRECTION('',(0.,0.,1.));
#1596 = ORIENTED_EDGE('',*,*,#1597,.T.);
#1597 = EDGE_CURVE('',#1590,#1566,#1598,.T.);
#1598 = LINE('',#1599,#1600);
#1599 = CARTESIAN_POINT('',(29.25,-15.1,12.725));
#1600 = VECTOR('',#1601,1.);
#1601 = DIRECTION('',(1.,0.,0.));
#1602 = PLANE('',#1603);
#1603 = AXIS2_PLACEMENT_3D('',#1604,#1605,#1606);
#1604 = CARTESIAN_POINT('',(29.25,-15.1,10.9));
#1605 = DIRECTION('',(0.,1.,0.));
#1606 = DIRECTION('',(0.,0.,1.));
#1607 = ADVANCED_FACE('',(#1608),#1619,.T.);
#1608 = FACE_BOUND('',#1609,.T.);
#1609 = EDGE_LOOP('',(#1610,#1611,#1612,#1613));
#1610 = ORIENTED_EDGE('',*,*,#1541,.F.);
#1611 = ORIENTED_EDGE('',*,*,#392,.T.);
#1612 = ORIENTED_EDGE('',*,*,#1589,.T.);
#1613 = ORIENTED_EDGE('',*,*,#1614,.F.);
#1614 = EDGE_CURVE('',#1542,#1590,#1615,.T.);
#1615 = LINE('',#1616,#1617);
#1616 = CARTESIAN_POINT('',(29.25,-53.,12.725));
#1617 = VECTOR('',#1618,1.);
#1618 = DIRECTION('',(0.,1.,0.));
#1619 = PLANE('',#1620);
#1620 = AXIS2_PLACEMENT_3D('',#1621,#1622,#1623);
#1621 = CARTESIAN_POINT('',(29.25,-53.,10.9));
#1622 = DIRECTION('',(1.,0.,0.));
#1623 = DIRECTION('',(0.,0.,1.));
#1624 = ADVANCED_FACE('',(#1625),#1658,.F.);
#1625 = FACE_BOUND('',#1626,.F.);
#1626 = EDGE_LOOP('',(#1627,#1628,#1636,#1644,#1650,#1651,#1652,#1653,
    #1654,#1655,#1656,#1657));
#1627 = ORIENTED_EDGE('',*,*,#861,.F.);
#1628 = ORIENTED_EDGE('',*,*,#1629,.T.);
#1629 = EDGE_CURVE('',#862,#1630,#1632,.T.);
#1630 = VERTEX_POINT('',#1631);
#1631 = CARTESIAN_POINT('',(26.2,-67.,13.39));
#1632 = LINE('',#1633,#1634);
#1633 = CARTESIAN_POINT('',(26.2,-67.,6.3));
#1634 = VECTOR('',#1635,1.);
#1635 = DIRECTION('',(0.,0.,1.));
#1636 = ORIENTED_EDGE('',*,*,#1637,.T.);
#1637 = EDGE_CURVE('',#1630,#1638,#1640,.T.);
#1638 = VERTEX_POINT('',#1639);
#1639 = CARTESIAN_POINT('',(47.8,-67.,13.39));
#1640 = LINE('',#1641,#1642);
#1641 = CARTESIAN_POINT('',(26.2,-67.,13.39));
#1642 = VECTOR('',#1643,1.);
#1643 = DIRECTION('',(1.,0.,0.));
#1644 = ORIENTED_EDGE('',*,*,#1645,.F.);
#1645 = EDGE_CURVE('',#564,#1638,#1646,.T.);
#1646 = LINE('',#1647,#1648);
#1647 = CARTESIAN_POINT('',(47.8,-67.,6.3));
#1648 = VECTOR('',#1649,1.);
#1649 = DIRECTION('',(0.,0.,1.));
#1650 = ORIENTED_EDGE('',*,*,#572,.F.);
#1651 = ORIENTED_EDGE('',*,*,#608,.F.);
#1652 = ORIENTED_EDGE('',*,*,#632,.F.);
#1653 = ORIENTED_EDGE('',*,*,#649,.T.);
#1654 = ORIENTED_EDGE('',*,*,#683,.F.);
#1655 = ORIENTED_EDGE('',*,*,#774,.F.);
#1656 = ORIENTED_EDGE('',*,*,#820,.F.);
#1657 = ORIENTED_EDGE('',*,*,#836,.T.);
#1658 = PLANE('',#1659);
#1659 = AXIS2_PLACEMENT_3D('',#1660,#1661,#1662);
#1660 = CARTESIAN_POINT('',(26.2,-67.,6.3));
#1661 = DIRECTION('',(0.,1.,0.));
#1662 = DIRECTION('',(1.,0.,0.));
#1663 = ADVANCED_FACE('',(#1664),#1683,.T.);
#1664 = FACE_BOUND('',#1665,.F.);
#1665 = EDGE_LOOP('',(#1666,#1667,#1676,#1682));
#1666 = ORIENTED_EDGE('',*,*,#1645,.T.);
#1667 = ORIENTED_EDGE('',*,*,#1668,.T.);
#1668 = EDGE_CURVE('',#1638,#1669,#1671,.T.);
#1669 = VERTEX_POINT('',#1670);
#1670 = CARTESIAN_POINT('',(49.,-65.8,13.39));
#1671 = CIRCLE('',#1672,1.2);
#1672 = AXIS2_PLACEMENT_3D('',#1673,#1674,#1675);
#1673 = CARTESIAN_POINT('',(47.8,-65.8,13.39));
#1674 = DIRECTION('',(-0.,0.,1.));
#1675 = DIRECTION('',(5.92E-15,-1.,0.));
#1676 = ORIENTED_EDGE('',*,*,#1677,.F.);
#1677 = EDGE_CURVE('',#556,#1669,#1678,.T.);
#1678 = LINE('',#1679,#1680);
#1679 = CARTESIAN_POINT('',(49.,-65.8,6.3));
#1680 = VECTOR('',#1681,1.);
#1681 = DIRECTION('',(0.,0.,1.));
#1682 = ORIENTED_EDGE('',*,*,#563,.F.);
#1683 = CYLINDRICAL_SURFACE('',#1684,1.2);
#1684 = AXIS2_PLACEMENT_3D('',#1685,#1686,#1687);
#1685 = CARTESIAN_POINT('',(47.8,-65.8,6.3));
#1686 = DIRECTION('',(0.,0.,-1.));
#1687 = DIRECTION('',(5.92E-15,-1.,0.));
#1688 = ADVANCED_FACE('',(#1689),#1707,.F.);
#1689 = FACE_BOUND('',#1690,.F.);
#1690 = EDGE_LOOP('',(#1691,#1692,#1700,#1706));
#1691 = ORIENTED_EDGE('',*,*,#1677,.T.);
#1692 = ORIENTED_EDGE('',*,*,#1693,.T.);
#1693 = EDGE_CURVE('',#1669,#1694,#1696,.T.);
#1694 = VERTEX_POINT('',#1695);
#1695 = CARTESIAN_POINT('',(49.,-12.2,13.39));
#1696 = LINE('',#1697,#1698);
#1697 = CARTESIAN_POINT('',(49.,-65.8,13.39));
#1698 = VECTOR('',#1699,1.);
#1699 = DIRECTION('',(0.,1.,0.));
#1700 = ORIENTED_EDGE('',*,*,#1701,.F.);
#1701 = EDGE_CURVE('',#547,#1694,#1702,.T.);
#1702 = LINE('',#1703,#1704);
#1703 = CARTESIAN_POINT('',(49.,-12.2,6.3));
#1704 = VECTOR('',#1705,1.);
#1705 = DIRECTION('',(0.,0.,1.));
#1706 = ORIENTED_EDGE('',*,*,#555,.F.);
#1707 = PLANE('',#1708);
#1708 = AXIS2_PLACEMENT_3D('',#1709,#1710,#1711);
#1709 = CARTESIAN_POINT('',(49.,-65.8,6.3));
#1710 = DIRECTION('',(-1.,0.,0.));
#1711 = DIRECTION('',(0.,1.,0.));
#1712 = ADVANCED_FACE('',(#1713),#1732,.T.);
#1713 = FACE_BOUND('',#1714,.F.);
#1714 = EDGE_LOOP('',(#1715,#1716,#1725,#1731));
#1715 = ORIENTED_EDGE('',*,*,#1701,.T.);
#1716 = ORIENTED_EDGE('',*,*,#1717,.T.);
#1717 = EDGE_CURVE('',#1694,#1718,#1720,.T.);
#1718 = VERTEX_POINT('',#1719);
#1719 = CARTESIAN_POINT('',(47.8,-11.,13.39));
#1720 = CIRCLE('',#1721,1.2);
#1721 = AXIS2_PLACEMENT_3D('',#1722,#1723,#1724);
#1722 = CARTESIAN_POINT('',(47.8,-12.2,13.39));
#1723 = DIRECTION('',(0.,-0.,1.));
#1724 = DIRECTION('',(1.,7.4E-15,0.));
#1725 = ORIENTED_EDGE('',*,*,#1726,.F.);
#1726 = EDGE_CURVE('',#539,#1718,#1727,.T.);
#1727 = LINE('',#1728,#1729);
#1728 = CARTESIAN_POINT('',(47.8,-11.,6.3));
#1729 = VECTOR('',#1730,1.);
#1730 = DIRECTION('',(0.,0.,1.));
#1731 = ORIENTED_EDGE('',*,*,#546,.F.);
#1732 = CYLINDRICAL_SURFACE('',#1733,1.2);
#1733 = AXIS2_PLACEMENT_3D('',#1734,#1735,#1736);
#1734 = CARTESIAN_POINT('',(47.8,-12.2,6.3));
#1735 = DIRECTION('',(0.,0.,-1.));
#1736 = DIRECTION('',(1.,7.4E-15,0.));
#1737 = ADVANCED_FACE('',(#1738),#1788,.F.);
#1738 = FACE_BOUND('',#1739,.F.);
#1739 = EDGE_LOOP('',(#1740,#1741,#1742,#1750,#1758,#1766,#1774,#1782));
#1740 = ORIENTED_EDGE('',*,*,#538,.F.);
#1741 = ORIENTED_EDGE('',*,*,#1726,.T.);
#1742 = ORIENTED_EDGE('',*,*,#1743,.T.);
#1743 = EDGE_CURVE('',#1718,#1744,#1746,.T.);
#1744 = VERTEX_POINT('',#1745);
#1745 = CARTESIAN_POINT('',(27.4,-11.,13.39));
#1746 = LINE('',#1747,#1748);
#1747 = CARTESIAN_POINT('',(47.8,-11.,13.39));
#1748 = VECTOR('',#1749,1.);
#1749 = DIRECTION('',(-1.,0.,0.));
#1750 = ORIENTED_EDGE('',*,*,#1751,.F.);
#1751 = EDGE_CURVE('',#1752,#1744,#1754,.T.);
#1752 = VERTEX_POINT('',#1753);
#1753 = CARTESIAN_POINT('',(27.4,-11.,6.3));
#1754 = LINE('',#1755,#1756);
#1755 = CARTESIAN_POINT('',(27.4,-11.,6.3));
#1756 = VECTOR('',#1757,1.);
#1757 = DIRECTION('',(0.,0.,1.));
#1758 = ORIENTED_EDGE('',*,*,#1759,.F.);
#1759 = EDGE_CURVE('',#1760,#1752,#1762,.T.);
#1760 = VERTEX_POINT('',#1761);
#1761 = CARTESIAN_POINT('',(30.7,-11.,6.3));
#1762 = LINE('',#1763,#1764);
#1763 = CARTESIAN_POINT('',(47.8,-11.,6.3));
#1764 = VECTOR('',#1765,1.);
#1765 = DIRECTION('',(-1.,0.,0.));
#1766 = ORIENTED_EDGE('',*,*,#1767,.T.);
#1767 = EDGE_CURVE('',#1760,#1768,#1770,.T.);
#1768 = VERTEX_POINT('',#1769);
#1769 = CARTESIAN_POINT('',(30.7,-11.,11.8));
#1770 = LINE('',#1771,#1772);
#1771 = CARTESIAN_POINT('',(30.7,-11.,6.25));
#1772 = VECTOR('',#1773,1.);
#1773 = DIRECTION('',(0.,0.,1.));
#1774 = ORIENTED_EDGE('',*,*,#1775,.F.);
#1775 = EDGE_CURVE('',#1776,#1768,#1778,.T.);
#1776 = VERTEX_POINT('',#1777);
#1777 = CARTESIAN_POINT('',(43.7,-11.,11.8));
#1778 = LINE('',#1779,#1780);
#1779 = CARTESIAN_POINT('',(39.25,-11.,11.8));
#1780 = VECTOR('',#1781,1.);
#1781 = DIRECTION('',(-1.,0.,0.));
#1782 = ORIENTED_EDGE('',*,*,#1783,.F.);
#1783 = EDGE_CURVE('',#531,#1776,#1784,.T.);
#1784 = LINE('',#1785,#1786);
#1785 = CARTESIAN_POINT('',(43.7,-11.,6.25));
#1786 = VECTOR('',#1787,1.);
#1787 = DIRECTION('',(0.,0.,1.));
#1788 = PLANE('',#1789);
#1789 = AXIS2_PLACEMENT_3D('',#1790,#1791,#1792);
#1790 = CARTESIAN_POINT('',(47.8,-11.,6.3));
#1791 = DIRECTION('',(0.,-1.,0.));
#1792 = DIRECTION('',(-1.,0.,0.));
#1793 = ADVANCED_FACE('',(#1794),#1812,.F.);
#1794 = FACE_BOUND('',#1795,.F.);
#1795 = EDGE_LOOP('',(#1796,#1804,#1810,#1811));
#1796 = ORIENTED_EDGE('',*,*,#1797,.F.);
#1797 = EDGE_CURVE('',#1798,#1776,#1800,.T.);
#1798 = VERTEX_POINT('',#1799);
#1799 = CARTESIAN_POINT('',(43.7,-11.4,11.8));
#1800 = LINE('',#1801,#1802);
#1801 = CARTESIAN_POINT('',(43.7,-20.,11.8));
#1802 = VECTOR('',#1803,1.);
#1803 = DIRECTION('',(0.,1.,0.));
#1804 = ORIENTED_EDGE('',*,*,#1805,.F.);
#1805 = EDGE_CURVE('',#523,#1798,#1806,.T.);
#1806 = LINE('',#1807,#1808);
#1807 = CARTESIAN_POINT('',(43.7,-11.4,5.9));
#1808 = VECTOR('',#1809,1.);
#1809 = DIRECTION('',(0.,0.,1.));
#1810 = ORIENTED_EDGE('',*,*,#530,.T.);
#1811 = ORIENTED_EDGE('',*,*,#1783,.T.);
#1812 = PLANE('',#1813);
#1813 = AXIS2_PLACEMENT_3D('',#1814,#1815,#1816);
#1814 = CARTESIAN_POINT('',(43.7,-20.,6.2));
#1815 = DIRECTION('',(1.,0.,0.));
#1816 = DIRECTION('',(0.,0.,1.));
#1817 = ADVANCED_FACE('',(#1818),#1868,.F.);
#1818 = FACE_BOUND('',#1819,.F.);
#1819 = EDGE_LOOP('',(#1820,#1828,#1829,#1830,#1838,#1846,#1854,#1862));
#1820 = ORIENTED_EDGE('',*,*,#1821,.F.);
#1821 = EDGE_CURVE('',#515,#1822,#1824,.T.);
#1822 = VERTEX_POINT('',#1823);
#1823 = CARTESIAN_POINT('',(47.,-11.4,12.1));
#1824 = LINE('',#1825,#1826);
#1825 = CARTESIAN_POINT('',(47.,-11.4,5.6));
#1826 = VECTOR('',#1827,1.);
#1827 = DIRECTION('',(0.,0.,1.));
#1828 = ORIENTED_EDGE('',*,*,#522,.T.);
#1829 = ORIENTED_EDGE('',*,*,#1805,.T.);
#1830 = ORIENTED_EDGE('',*,*,#1831,.T.);
#1831 = EDGE_CURVE('',#1798,#1832,#1834,.T.);
#1832 = VERTEX_POINT('',#1833);
#1833 = CARTESIAN_POINT('',(30.7,-11.4,11.8));
#1834 = LINE('',#1835,#1836);
#1835 = CARTESIAN_POINT('',(29.05,-11.4,11.8));
#1836 = VECTOR('',#1837,1.);
#1837 = DIRECTION('',(-1.,0.,0.));
#1838 = ORIENTED_EDGE('',*,*,#1839,.F.);
#1839 = EDGE_CURVE('',#1840,#1832,#1842,.T.);
#1840 = VERTEX_POINT('',#1841);
#1841 = CARTESIAN_POINT('',(30.7,-11.4,6.3));
#1842 = LINE('',#1843,#1844);
#1843 = CARTESIAN_POINT('',(30.7,-11.4,5.9));
#1844 = VECTOR('',#1845,1.);
#1845 = DIRECTION('',(0.,0.,1.));
#1846 = ORIENTED_EDGE('',*,*,#1847,.T.);
#1847 = EDGE_CURVE('',#1840,#1848,#1850,.T.);
#1848 = VERTEX_POINT('',#1849);
#1849 = CARTESIAN_POINT('',(27.4,-11.4,6.3));
#1850 = LINE('',#1851,#1852);
#1851 = CARTESIAN_POINT('',(32.221656284918,-11.4,6.3));
#1852 = VECTOR('',#1853,1.);
#1853 = DIRECTION('',(-1.,0.,0.));
#1854 = ORIENTED_EDGE('',*,*,#1855,.T.);
#1855 = EDGE_CURVE('',#1848,#1856,#1858,.T.);
#1856 = VERTEX_POINT('',#1857);
#1857 = CARTESIAN_POINT('',(27.4,-11.4,12.1));
#1858 = LINE('',#1859,#1860);
#1859 = CARTESIAN_POINT('',(27.4,-11.4,5.6));
#1860 = VECTOR('',#1861,1.);
#1861 = DIRECTION('',(0.,0.,1.));
#1862 = ORIENTED_EDGE('',*,*,#1863,.T.);
#1863 = EDGE_CURVE('',#1856,#1822,#1864,.T.);
#1864 = LINE('',#1865,#1866);
#1865 = CARTESIAN_POINT('',(27.4,-11.4,12.1));
#1866 = VECTOR('',#1867,1.);
#1867 = DIRECTION('',(1.,0.,0.));
#1868 = PLANE('',#1869);
#1869 = AXIS2_PLACEMENT_3D('',#1870,#1871,#1872);
#1870 = CARTESIAN_POINT('',(27.4,-11.4,5.6));
#1871 = DIRECTION('',(0.,1.,0.));
#1872 = DIRECTION('',(0.,0.,1.));
#1873 = ADVANCED_FACE('',(#1874),#1885,.F.);
#1874 = FACE_BOUND('',#1875,.F.);
#1875 = EDGE_LOOP('',(#1876,#1882,#1883,#1884));
#1876 = ORIENTED_EDGE('',*,*,#1877,.F.);
#1877 = EDGE_CURVE('',#1028,#1822,#1878,.T.);
#1878 = LINE('',#1879,#1880);
#1879 = CARTESIAN_POINT('',(47.,-48.1,12.1));
#1880 = VECTOR('',#1881,1.);
#1881 = DIRECTION('',(0.,1.,0.));
#1882 = ORIENTED_EDGE('',*,*,#1027,.T.);
#1883 = ORIENTED_EDGE('',*,*,#514,.T.);
#1884 = ORIENTED_EDGE('',*,*,#1821,.T.);
#1885 = PLANE('',#1886);
#1886 = AXIS2_PLACEMENT_3D('',#1887,#1888,#1889);
#1887 = CARTESIAN_POINT('',(47.,-48.1,5.6));
#1888 = DIRECTION('',(1.,0.,0.));
#1889 = DIRECTION('',(0.,0.,1.));
#1890 = ADVANCED_FACE('',(#1891),#1903,.T.);
#1891 = FACE_BOUND('',#1892,.F.);
#1892 = EDGE_LOOP('',(#1893,#1894,#1895,#1902));
#1893 = ORIENTED_EDGE('',*,*,#473,.F.);
#1894 = ORIENTED_EDGE('',*,*,#957,.F.);
#1895 = ORIENTED_EDGE('',*,*,#1896,.T.);
#1896 = EDGE_CURVE('',#950,#942,#1897,.T.);
#1897 = CIRCLE('',#1898,1.85);
#1898 = AXIS2_PLACEMENT_3D('',#1899,#1900,#1901);
#1899 = CARTESIAN_POINT('',(47.,-52.8,11.6));
#1900 = DIRECTION('',(0.,0.,1.));
#1901 = DIRECTION('',(1.,0.,0.));
#1902 = ORIENTED_EDGE('',*,*,#941,.T.);
#1903 = CYLINDRICAL_SURFACE('',#1904,1.85);
#1904 = AXIS2_PLACEMENT_3D('',#1905,#1906,#1907);
#1905 = CARTESIAN_POINT('',(47.,-52.8,6.3));
#1906 = DIRECTION('',(-0.,-0.,-1.));
#1907 = DIRECTION('',(1.,0.,0.));
#1908 = ADVANCED_FACE('',(#1909),#1928,.F.);
#1909 = FACE_BOUND('',#1910,.T.);
#1910 = EDGE_LOOP('',(#1911,#1912,#1920,#1927));
#1911 = ORIENTED_EDGE('',*,*,#580,.T.);
#1912 = ORIENTED_EDGE('',*,*,#1913,.T.);
#1913 = EDGE_CURVE('',#581,#1914,#1916,.T.);
#1914 = VERTEX_POINT('',#1915);
#1915 = CARTESIAN_POINT('',(48.6,-52.8,6.8));
#1916 = LINE('',#1917,#1918);
#1917 = CARTESIAN_POINT('',(48.6,-52.8,6.2));
#1918 = VECTOR('',#1919,1.);
#1919 = DIRECTION('',(0.,0.,1.));
#1920 = ORIENTED_EDGE('',*,*,#1921,.T.);
#1921 = EDGE_CURVE('',#1914,#1914,#1922,.T.);
#1922 = CIRCLE('',#1923,1.6);
#1923 = AXIS2_PLACEMENT_3D('',#1924,#1925,#1926);
#1924 = CARTESIAN_POINT('',(47.,-52.8,6.8));
#1925 = DIRECTION('',(0.,0.,1.));
#1926 = DIRECTION('',(1.,0.,0.));
#1927 = ORIENTED_EDGE('',*,*,#1913,.F.);
#1928 = CYLINDRICAL_SURFACE('',#1929,1.6);
#1929 = AXIS2_PLACEMENT_3D('',#1930,#1931,#1932);
#1930 = CARTESIAN_POINT('',(47.,-52.8,6.2));
#1931 = DIRECTION('',(-0.,-0.,-1.));
#1932 = DIRECTION('',(1.,0.,0.));
#1933 = ADVANCED_FACE('',(#1934),#1953,.F.);
#1934 = FACE_BOUND('',#1935,.T.);
#1935 = EDGE_LOOP('',(#1936,#1937,#1945,#1952));
#1936 = ORIENTED_EDGE('',*,*,#717,.T.);
#1937 = ORIENTED_EDGE('',*,*,#1938,.T.);
#1938 = EDGE_CURVE('',#718,#1939,#1941,.T.);
#1939 = VERTEX_POINT('',#1940);
#1940 = CARTESIAN_POINT('',(38.8,-64.7,6.8));
#1941 = LINE('',#1942,#1943);
#1942 = CARTESIAN_POINT('',(38.8,-64.7,6.2));
#1943 = VECTOR('',#1944,1.);
#1944 = DIRECTION('',(0.,0.,1.));
#1945 = ORIENTED_EDGE('',*,*,#1946,.T.);
#1946 = EDGE_CURVE('',#1939,#1939,#1947,.T.);
#1947 = CIRCLE('',#1948,1.6);
#1948 = AXIS2_PLACEMENT_3D('',#1949,#1950,#1951);
#1949 = CARTESIAN_POINT('',(37.2,-64.7,6.8));
#1950 = DIRECTION('',(0.,0.,1.));
#1951 = DIRECTION('',(1.,0.,0.));
#1952 = ORIENTED_EDGE('',*,*,#1938,.F.);
#1953 = CYLINDRICAL_SURFACE('',#1954,1.6);
#1954 = AXIS2_PLACEMENT_3D('',#1955,#1956,#1957);
#1955 = CARTESIAN_POINT('',(37.2,-64.7,6.2));
#1956 = DIRECTION('',(-0.,-0.,-1.));
#1957 = DIRECTION('',(1.,0.,0.));
#1958 = ADVANCED_FACE('',(#1959),#1977,.T.);
#1959 = FACE_BOUND('',#1960,.T.);
#1960 = EDGE_LOOP('',(#1961,#1969,#1970,#1971));
#1961 = ORIENTED_EDGE('',*,*,#1962,.T.);
#1962 = EDGE_CURVE('',#1963,#1203,#1965,.T.);
#1963 = VERTEX_POINT('',#1964);
#1964 = CARTESIAN_POINT('',(25.,-63.9,9.2));
#1965 = LINE('',#1966,#1967);
#1966 = CARTESIAN_POINT('',(20.,-63.9,9.2));
#1967 = VECTOR('',#1968,1.);
#1968 = DIRECTION('',(1.,0.,0.));
#1969 = ORIENTED_EDGE('',*,*,#1210,.T.);
#1970 = ORIENTED_EDGE('',*,*,#886,.T.);
#1971 = ORIENTED_EDGE('',*,*,#1972,.T.);
#1972 = EDGE_CURVE('',#879,#1963,#1973,.T.);
#1973 = LINE('',#1974,#1975);
#1974 = CARTESIAN_POINT('',(25.,-63.9,5.7));
#1975 = VECTOR('',#1976,1.);
#1976 = DIRECTION('',(0.,0.,1.));
#1977 = PLANE('',#1978);
#1978 = AXIS2_PLACEMENT_3D('',#1979,#1980,#1981);
#1979 = CARTESIAN_POINT('',(20.,-63.9,5.1));
#1980 = DIRECTION('',(0.,1.,0.));
#1981 = DIRECTION('',(0.,0.,1.));
#1982 = ADVANCED_FACE('',(#1983),#2033,.F.);
#1983 = FACE_BOUND('',#1984,.F.);
#1984 = EDGE_LOOP('',(#1985,#1995,#2003,#2011,#2017,#2018,#2019,#2027));
#1985 = ORIENTED_EDGE('',*,*,#1986,.F.);
#1986 = EDGE_CURVE('',#1987,#1989,#1991,.T.);
#1987 = VERTEX_POINT('',#1988);
#1988 = CARTESIAN_POINT('',(25.,-13.4,6.3));
#1989 = VERTEX_POINT('',#1990);
#1990 = CARTESIAN_POINT('',(25.,-55.4,6.3));
#1991 = LINE('',#1992,#1993);
#1992 = CARTESIAN_POINT('',(25.,-13.4,6.3));
#1993 = VECTOR('',#1994,1.);
#1994 = DIRECTION('',(0.,-1.,0.));
#1995 = ORIENTED_EDGE('',*,*,#1996,.T.);
#1996 = EDGE_CURVE('',#1987,#1997,#1999,.T.);
#1997 = VERTEX_POINT('',#1998);
#1998 = CARTESIAN_POINT('',(25.,-13.4,13.39));
#1999 = LINE('',#2000,#2001);
#2000 = CARTESIAN_POINT('',(25.,-13.4,6.3));
#2001 = VECTOR('',#2002,1.);
#2002 = DIRECTION('',(0.,0.,1.));
#2003 = ORIENTED_EDGE('',*,*,#2004,.T.);
#2004 = EDGE_CURVE('',#1997,#2005,#2007,.T.);
#2005 = VERTEX_POINT('',#2006);
#2006 = CARTESIAN_POINT('',(25.,-65.8,13.39));
#2007 = LINE('',#2008,#2009);
#2008 = CARTESIAN_POINT('',(25.,-13.4,13.39));
#2009 = VECTOR('',#2010,1.);
#2010 = DIRECTION('',(0.,-1.,0.));
#2011 = ORIENTED_EDGE('',*,*,#2012,.F.);
#2012 = EDGE_CURVE('',#870,#2005,#2013,.T.);
#2013 = LINE('',#2014,#2015);
#2014 = CARTESIAN_POINT('',(25.,-65.8,6.3));
#2015 = VECTOR('',#2016,1.);
#2016 = DIRECTION('',(0.,0.,1.));
#2017 = ORIENTED_EDGE('',*,*,#878,.F.);
#2018 = ORIENTED_EDGE('',*,*,#1972,.T.);
#2019 = ORIENTED_EDGE('',*,*,#2020,.F.);
#2020 = EDGE_CURVE('',#2021,#1963,#2023,.T.);
#2021 = VERTEX_POINT('',#2022);
#2022 = CARTESIAN_POINT('',(25.,-55.4,9.2));
#2023 = LINE('',#2024,#2025);
#2024 = CARTESIAN_POINT('',(25.,-38.65,9.2));
#2025 = VECTOR('',#2026,1.);
#2026 = DIRECTION('',(0.,-1.,0.));
#2027 = ORIENTED_EDGE('',*,*,#2028,.F.);
#2028 = EDGE_CURVE('',#1989,#2021,#2029,.T.);
#2029 = LINE('',#2030,#2031);
#2030 = CARTESIAN_POINT('',(25.,-55.4,5.7));
#2031 = VECTOR('',#2032,1.);
#2032 = DIRECTION('',(0.,0.,1.));
#2033 = PLANE('',#2034);
#2034 = AXIS2_PLACEMENT_3D('',#2035,#2036,#2037);
#2035 = CARTESIAN_POINT('',(25.,-13.4,6.3));
#2036 = DIRECTION('',(1.,0.,0.));
#2037 = DIRECTION('',(0.,-1.,0.));
#2038 = ADVANCED_FACE('',(#2039),#2051,.T.);
#2039 = FACE_BOUND('',#2040,.F.);
#2040 = EDGE_LOOP('',(#2041,#2042,#2049,#2050));
#2041 = ORIENTED_EDGE('',*,*,#2012,.T.);
#2042 = ORIENTED_EDGE('',*,*,#2043,.T.);
#2043 = EDGE_CURVE('',#2005,#1630,#2044,.T.);
#2044 = CIRCLE('',#2045,1.2);
#2045 = AXIS2_PLACEMENT_3D('',#2046,#2047,#2048);
#2046 = CARTESIAN_POINT('',(26.2,-65.8,13.39));
#2047 = DIRECTION('',(0.,0.,1.));
#2048 = DIRECTION('',(-1.,3.553E-14,0.));
#2049 = ORIENTED_EDGE('',*,*,#1629,.F.);
#2050 = ORIENTED_EDGE('',*,*,#869,.F.);
#2051 = CYLINDRICAL_SURFACE('',#2052,1.2);
#2052 = AXIS2_PLACEMENT_3D('',#2053,#2054,#2055);
#2053 = CARTESIAN_POINT('',(26.2,-65.8,6.3));
#2054 = DIRECTION('',(-0.,-0.,-1.));
#2055 = DIRECTION('',(-1.,3.553E-14,0.));
#2056 = ADVANCED_FACE('',(#2057),#2061,.T.);
#2057 = FACE_BOUND('',#2058,.T.);
#2058 = EDGE_LOOP('',(#2059,#2060));
#2059 = ORIENTED_EDGE('',*,*,#949,.F.);
#2060 = ORIENTED_EDGE('',*,*,#1896,.T.);
#2061 = PLANE('',#2062);
#2062 = AXIS2_PLACEMENT_3D('',#2063,#2064,#2065);
#2063 = CARTESIAN_POINT('',(47.,-52.8,11.6));
#2064 = DIRECTION('',(0.,0.,1.));
#2065 = DIRECTION('',(1.,0.,0.));
#2066 = ADVANCED_FACE('',(#2067),#2079,.F.);
#2067 = FACE_BOUND('',#2068,.F.);
#2068 = EDGE_LOOP('',(#2069,#2075,#2076,#2077,#2078));
#2069 = ORIENTED_EDGE('',*,*,#2070,.F.);
#2070 = EDGE_CURVE('',#1059,#1856,#2071,.T.);
#2071 = LINE('',#2072,#2073);
#2072 = CARTESIAN_POINT('',(27.4,-48.1,12.1));
#2073 = VECTOR('',#2074,1.);
#2074 = DIRECTION('',(0.,1.,0.));
#2075 = ORIENTED_EDGE('',*,*,#1084,.T.);
#2076 = ORIENTED_EDGE('',*,*,#1035,.T.);
#2077 = ORIENTED_EDGE('',*,*,#1877,.T.);
#2078 = ORIENTED_EDGE('',*,*,#1863,.F.);
#2079 = PLANE('',#2080);
#2080 = AXIS2_PLACEMENT_3D('',#2081,#2082,#2083);
#2081 = CARTESIAN_POINT('',(27.4,-48.1,12.1));
#2082 = DIRECTION('',(0.,0.,1.));
#2083 = DIRECTION('',(1.,0.,0.));
#2084 = ADVANCED_FACE('',(#2085),#2096,.T.);
#2085 = FACE_BOUND('',#2086,.T.);
#2086 = EDGE_LOOP('',(#2087,#2088,#2089,#2095));
#2087 = ORIENTED_EDGE('',*,*,#2070,.F.);
#2088 = ORIENTED_EDGE('',*,*,#1058,.T.);
#2089 = ORIENTED_EDGE('',*,*,#2090,.T.);
#2090 = EDGE_CURVE('',#1061,#1848,#2091,.T.);
#2091 = LINE('',#2092,#2093);
#2092 = CARTESIAN_POINT('',(27.4,-43.59893884022,6.3));
#2093 = VECTOR('',#2094,1.);
#2094 = DIRECTION('',(0.,1.,0.));
#2095 = ORIENTED_EDGE('',*,*,#1855,.T.);
#2096 = PLANE('',#2097);
#2097 = AXIS2_PLACEMENT_3D('',#2098,#2099,#2100);
#2098 = CARTESIAN_POINT('',(27.4,-48.1,5.6));
#2099 = DIRECTION('',(1.,0.,0.));
#2100 = DIRECTION('',(0.,0.,1.));
#2101 = ADVANCED_FACE('',(#2102,#2161),#2172,.T.);
#2102 = FACE_BOUND('',#2103,.T.);
#2103 = EDGE_LOOP('',(#2104,#2113,#2114,#2120,#2121,#2128,#2129,#2135,
    #2136,#2137,#2138,#2139,#2140,#2141,#2142,#2143,#2144,#2145,#2146,
    #2147,#2148,#2149,#2150,#2151,#2152,#2153,#2154));
#2104 = ORIENTED_EDGE('',*,*,#2105,.F.);
#2105 = EDGE_CURVE('',#1179,#2106,#2108,.T.);
#2106 = VERTEX_POINT('',#2107);
#2107 = CARTESIAN_POINT('',(28.85,-52.8,6.3));
#2108 = CIRCLE('',#2109,1.85);
#2109 = AXIS2_PLACEMENT_3D('',#2110,#2111,#2112);
#2110 = CARTESIAN_POINT('',(27.,-52.8,6.3));
#2111 = DIRECTION('',(0.,0.,1.));
#2112 = DIRECTION('',(1.,0.,0.));
#2113 = ORIENTED_EDGE('',*,*,#1186,.T.);
#2114 = ORIENTED_EDGE('',*,*,#2115,.T.);
#2115 = EDGE_CURVE('',#1187,#1989,#2116,.T.);
#2116 = LINE('',#2117,#2118);
#2117 = CARTESIAN_POINT('',(28.521656284918,-55.4,6.3));
#2118 = VECTOR('',#2119,1.);
#2119 = DIRECTION('',(-1.,0.,0.));
#2120 = ORIENTED_EDGE('',*,*,#1986,.F.);
#2121 = ORIENTED_EDGE('',*,*,#2122,.F.);
#2122 = EDGE_CURVE('',#1752,#1987,#2123,.T.);
#2123 = CIRCLE('',#2124,2.4);
#2124 = AXIS2_PLACEMENT_3D('',#2125,#2126,#2127);
#2125 = CARTESIAN_POINT('',(27.4,-13.4,6.3));
#2126 = DIRECTION('',(0.,0.,1.));
#2127 = DIRECTION('',(-5.92E-15,1.,0.));
#2128 = ORIENTED_EDGE('',*,*,#1759,.F.);
#2129 = ORIENTED_EDGE('',*,*,#2130,.F.);
#2130 = EDGE_CURVE('',#1840,#1760,#2131,.T.);
#2131 = LINE('',#2132,#2133);
#2132 = CARTESIAN_POINT('',(30.7,-29.54893884022,6.3));
#2133 = VECTOR('',#2134,1.);
#2134 = DIRECTION('',(0.,1.,0.));
#2135 = ORIENTED_EDGE('',*,*,#1847,.T.);
#2136 = ORIENTED_EDGE('',*,*,#2090,.F.);
#2137 = ORIENTED_EDGE('',*,*,#1068,.T.);
#2138 = ORIENTED_EDGE('',*,*,#1098,.T.);
#2139 = ORIENTED_EDGE('',*,*,#1122,.T.);
#2140 = ORIENTED_EDGE('',*,*,#1227,.T.);
#2141 = ORIENTED_EDGE('',*,*,#1275,.T.);
#2142 = ORIENTED_EDGE('',*,*,#1323,.T.);
#2143 = ORIENTED_EDGE('',*,*,#1371,.T.);
#2144 = ORIENTED_EDGE('',*,*,#1419,.T.);
#2145 = ORIENTED_EDGE('',*,*,#1467,.T.);
#2146 = ORIENTED_EDGE('',*,*,#1515,.T.);
#2147 = ORIENTED_EDGE('',*,*,#1491,.T.);
#2148 = ORIENTED_EDGE('',*,*,#1443,.T.);
#2149 = ORIENTED_EDGE('',*,*,#1395,.T.);
#2150 = ORIENTED_EDGE('',*,*,#1347,.T.);
#2151 = ORIENTED_EDGE('',*,*,#1299,.T.);
#2152 = ORIENTED_EDGE('',*,*,#1251,.T.);
#2153 = ORIENTED_EDGE('',*,*,#1154,.T.);
#2154 = ORIENTED_EDGE('',*,*,#2155,.F.);
#2155 = EDGE_CURVE('',#2106,#1155,#2156,.T.);
#2156 = CIRCLE('',#2157,1.85);
#2157 = AXIS2_PLACEMENT_3D('',#2158,#2159,#2160);
#2158 = CARTESIAN_POINT('',(27.,-52.8,6.3));
#2159 = DIRECTION('',(0.,0.,1.));
#2160 = DIRECTION('',(1.,0.,0.));
#2161 = FACE_BOUND('',#2162,.T.);
#2162 = EDGE_LOOP('',(#2163));
#2163 = ORIENTED_EDGE('',*,*,#2164,.F.);
#2164 = EDGE_CURVE('',#2165,#2165,#2167,.T.);
#2165 = VERTEX_POINT('',#2166);
#2166 = CARTESIAN_POINT('',(28.6,-52.8,6.3));
#2167 = CIRCLE('',#2168,1.6);
#2168 = AXIS2_PLACEMENT_3D('',#2169,#2170,#2171);
#2169 = CARTESIAN_POINT('',(27.,-52.8,6.3));
#2170 = DIRECTION('',(0.,0.,-1.));
#2171 = DIRECTION('',(1.,0.,0.));
#2172 = PLANE('',#2173);
#2173 = AXIS2_PLACEMENT_3D('',#2174,#2175,#2176);
#2174 = CARTESIAN_POINT('',(26.023308360703,-32.38563708432,6.3));
#2175 = DIRECTION('',(-0.,-0.,-1.));
#2176 = DIRECTION('',(-1.,0.,0.));
#2177 = ADVANCED_FACE('',(#2178),#2189,.F.);
#2178 = FACE_BOUND('',#2179,.F.);
#2179 = EDGE_LOOP('',(#2180,#2186,#2187,#2188));
#2180 = ORIENTED_EDGE('',*,*,#2181,.F.);
#2181 = EDGE_CURVE('',#2021,#1195,#2182,.T.);
#2182 = LINE('',#2183,#2184);
#2183 = CARTESIAN_POINT('',(20.,-55.4,9.2));
#2184 = VECTOR('',#2185,1.);
#2185 = DIRECTION('',(1.,0.,0.));
#2186 = ORIENTED_EDGE('',*,*,#2020,.T.);
#2187 = ORIENTED_EDGE('',*,*,#1962,.T.);
#2188 = ORIENTED_EDGE('',*,*,#1202,.T.);
#2189 = PLANE('',#2190);
#2190 = AXIS2_PLACEMENT_3D('',#2191,#2192,#2193);
#2191 = CARTESIAN_POINT('',(20.,-63.9,9.2));
#2192 = DIRECTION('',(0.,0.,1.));
#2193 = DIRECTION('',(1.,0.,0.));
#2194 = ADVANCED_FACE('',(#2195),#2201,.F.);
#2195 = FACE_BOUND('',#2196,.F.);
#2196 = EDGE_LOOP('',(#2197,#2198,#2199,#2200));
#2197 = ORIENTED_EDGE('',*,*,#2181,.T.);
#2198 = ORIENTED_EDGE('',*,*,#1194,.T.);
#2199 = ORIENTED_EDGE('',*,*,#2115,.T.);
#2200 = ORIENTED_EDGE('',*,*,#2028,.T.);
#2201 = PLANE('',#2202);
#2202 = AXIS2_PLACEMENT_3D('',#2203,#2204,#2205);
#2203 = CARTESIAN_POINT('',(20.,-55.4,5.1));
#2204 = DIRECTION('',(0.,1.,0.));
#2205 = DIRECTION('',(0.,0.,1.));
#2206 = ADVANCED_FACE('',(#2207),#2229,.T.);
#2207 = FACE_BOUND('',#2208,.F.);
#2208 = EDGE_LOOP('',(#2209,#2210,#2219,#2226,#2227,#2228));
#2209 = ORIENTED_EDGE('',*,*,#1178,.F.);
#2210 = ORIENTED_EDGE('',*,*,#2211,.T.);
#2211 = EDGE_CURVE('',#1171,#2212,#2214,.T.);
#2212 = VERTEX_POINT('',#2213);
#2213 = CARTESIAN_POINT('',(28.85,-52.8,11.6));
#2214 = CIRCLE('',#2215,1.85);
#2215 = AXIS2_PLACEMENT_3D('',#2216,#2217,#2218);
#2216 = CARTESIAN_POINT('',(27.,-52.8,11.6));
#2217 = DIRECTION('',(0.,0.,1.));
#2218 = DIRECTION('',(1.,0.,0.));
#2219 = ORIENTED_EDGE('',*,*,#2220,.T.);
#2220 = EDGE_CURVE('',#2212,#1163,#2221,.T.);
#2221 = CIRCLE('',#2222,1.85);
#2222 = AXIS2_PLACEMENT_3D('',#2223,#2224,#2225);
#2223 = CARTESIAN_POINT('',(27.,-52.8,11.6));
#2224 = DIRECTION('',(0.,0.,1.));
#2225 = DIRECTION('',(1.,0.,0.));
#2226 = ORIENTED_EDGE('',*,*,#1162,.T.);
#2227 = ORIENTED_EDGE('',*,*,#2155,.F.);
#2228 = ORIENTED_EDGE('',*,*,#2105,.F.);
#2229 = CYLINDRICAL_SURFACE('',#2230,1.85);
#2230 = AXIS2_PLACEMENT_3D('',#2231,#2232,#2233);
#2231 = CARTESIAN_POINT('',(27.,-52.8,6.3));
#2232 = DIRECTION('',(-0.,-0.,-1.));
#2233 = DIRECTION('',(1.,0.,0.));
#2234 = ADVANCED_FACE('',(#2235),#2240,.T.);
#2235 = FACE_BOUND('',#2236,.T.);
#2236 = EDGE_LOOP('',(#2237,#2238,#2239));
#2237 = ORIENTED_EDGE('',*,*,#2211,.T.);
#2238 = ORIENTED_EDGE('',*,*,#2220,.T.);
#2239 = ORIENTED_EDGE('',*,*,#1170,.F.);
#2240 = PLANE('',#2241);
#2241 = AXIS2_PLACEMENT_3D('',#2242,#2243,#2244);
#2242 = CARTESIAN_POINT('',(27.,-52.8,11.6));
#2243 = DIRECTION('',(0.,0.,1.));
#2244 = DIRECTION('',(1.,0.,0.));
#2245 = ADVANCED_FACE('',(#2246,#2252),#2318,.F.);
#2246 = FACE_BOUND('',#2247,.F.);
#2247 = EDGE_LOOP('',(#2248,#2249,#2250,#2251));
#2248 = ORIENTED_EDGE('',*,*,#1614,.F.);
#2249 = ORIENTED_EDGE('',*,*,#1549,.T.);
#2250 = ORIENTED_EDGE('',*,*,#1573,.T.);
#2251 = ORIENTED_EDGE('',*,*,#1597,.F.);
#2252 = FACE_BOUND('',#2253,.F.);
#2253 = EDGE_LOOP('',(#2254,#2264,#2272,#2280,#2288,#2296,#2304,#2312));
#2254 = ORIENTED_EDGE('',*,*,#2255,.F.);
#2255 = EDGE_CURVE('',#2256,#2258,#2260,.T.);
#2256 = VERTEX_POINT('',#2257);
#2257 = CARTESIAN_POINT('',(44.05,-52.6,12.725));
#2258 = VERTEX_POINT('',#2259);
#2259 = CARTESIAN_POINT('',(44.05,-49.45,12.725));
#2260 = LINE('',#2261,#2262);
#2261 = CARTESIAN_POINT('',(44.05,-52.8,12.725));
#2262 = VECTOR('',#2263,1.);
#2263 = DIRECTION('',(0.,1.,0.));
#2264 = ORIENTED_EDGE('',*,*,#2265,.T.);
#2265 = EDGE_CURVE('',#2256,#2266,#2268,.T.);
#2266 = VERTEX_POINT('',#2267);
#2267 = CARTESIAN_POINT('',(30.35,-52.6,12.725));
#2268 = LINE('',#2269,#2270);
#2269 = CARTESIAN_POINT('',(29.8,-52.6,12.725));
#2270 = VECTOR('',#2271,1.);
#2271 = DIRECTION('',(-1.,0.,0.));
#2272 = ORIENTED_EDGE('',*,*,#2273,.T.);
#2273 = EDGE_CURVE('',#2266,#2274,#2276,.T.);
#2274 = VERTEX_POINT('',#2275);
#2275 = CARTESIAN_POINT('',(30.35,-49.45,12.725));
#2276 = LINE('',#2277,#2278);
#2277 = CARTESIAN_POINT('',(30.35,-52.8,12.725));
#2278 = VECTOR('',#2279,1.);
#2279 = DIRECTION('',(0.,1.,0.));
#2280 = ORIENTED_EDGE('',*,*,#2281,.T.);
#2281 = EDGE_CURVE('',#2274,#2282,#2284,.T.);
#2282 = VERTEX_POINT('',#2283);
#2283 = CARTESIAN_POINT('',(29.95,-49.45,12.725));
#2284 = LINE('',#2285,#2286);
#2285 = CARTESIAN_POINT('',(29.6,-49.45,12.725));
#2286 = VECTOR('',#2287,1.);
#2287 = DIRECTION('',(-1.,0.,0.));
#2288 = ORIENTED_EDGE('',*,*,#2289,.T.);
#2289 = EDGE_CURVE('',#2282,#2290,#2292,.T.);
#2290 = VERTEX_POINT('',#2291);
#2291 = CARTESIAN_POINT('',(29.95,-18.35,12.725));
#2292 = LINE('',#2293,#2294);
#2293 = CARTESIAN_POINT('',(29.95,-51.225,12.725));
#2294 = VECTOR('',#2295,1.);
#2295 = DIRECTION('',(0.,1.,0.));
#2296 = ORIENTED_EDGE('',*,*,#2297,.F.);
#2297 = EDGE_CURVE('',#2298,#2290,#2300,.T.);
#2298 = VERTEX_POINT('',#2299);
#2299 = CARTESIAN_POINT('',(44.45,-18.35,12.725));
#2300 = LINE('',#2301,#2302);
#2301 = CARTESIAN_POINT('',(29.6,-18.35,12.725));
#2302 = VECTOR('',#2303,1.);
#2303 = DIRECTION('',(-1.,0.,0.));
#2304 = ORIENTED_EDGE('',*,*,#2305,.F.);
#2305 = EDGE_CURVE('',#2306,#2298,#2308,.T.);
#2306 = VERTEX_POINT('',#2307);
#2307 = CARTESIAN_POINT('',(44.45,-49.45,12.725));
#2308 = LINE('',#2309,#2310);
#2309 = CARTESIAN_POINT('',(44.45,-51.225,12.725));
#2310 = VECTOR('',#2311,1.);
#2311 = DIRECTION('',(0.,1.,0.));
#2312 = ORIENTED_EDGE('',*,*,#2313,.T.);
#2313 = EDGE_CURVE('',#2306,#2258,#2314,.T.);
#2314 = LINE('',#2315,#2316);
#2315 = CARTESIAN_POINT('',(29.6,-49.45,12.725));
#2316 = VECTOR('',#2317,1.);
#2317 = DIRECTION('',(-1.,0.,0.));
#2318 = PLANE('',#2319);
#2319 = AXIS2_PLACEMENT_3D('',#2320,#2321,#2322);
#2320 = CARTESIAN_POINT('',(29.25,-53.,12.725));
#2321 = DIRECTION('',(0.,0.,1.));
#2322 = DIRECTION('',(1.,0.,0.));
#2323 = ADVANCED_FACE('',(#2324,#2340,#2385,#2430,#2458,#2503,#2548,
    #2559,#2613,#2711,#2747,#2813),#2849,.T.);
#2324 = FACE_BOUND('',#2325,.T.);
#2325 = EDGE_LOOP('',(#2326,#2327,#2328,#2335,#2336,#2337,#2338,#2339));
#2326 = ORIENTED_EDGE('',*,*,#1717,.T.);
#2327 = ORIENTED_EDGE('',*,*,#1743,.T.);
#2328 = ORIENTED_EDGE('',*,*,#2329,.T.);
#2329 = EDGE_CURVE('',#1744,#1997,#2330,.T.);
#2330 = CIRCLE('',#2331,2.4);
#2331 = AXIS2_PLACEMENT_3D('',#2332,#2333,#2334);
#2332 = CARTESIAN_POINT('',(27.4,-13.4,13.39));
#2333 = DIRECTION('',(0.,0.,1.));
#2334 = DIRECTION('',(-5.92E-15,1.,0.));
#2335 = ORIENTED_EDGE('',*,*,#2004,.T.);
#2336 = ORIENTED_EDGE('',*,*,#2043,.T.);
#2337 = ORIENTED_EDGE('',*,*,#1637,.T.);
#2338 = ORIENTED_EDGE('',*,*,#1668,.T.);
#2339 = ORIENTED_EDGE('',*,*,#1693,.T.);
#2340 = FACE_BOUND('',#2341,.T.);
#2341 = EDGE_LOOP('',(#2342,#2353,#2361,#2370,#2378));
#2342 = ORIENTED_EDGE('',*,*,#2343,.F.);
#2343 = EDGE_CURVE('',#2344,#2346,#2348,.T.);
#2344 = VERTEX_POINT('',#2345);
#2345 = CARTESIAN_POINT('',(28.90249223595,-63.20124611797,13.39));
#2346 = VERTEX_POINT('',#2347);
#2347 = CARTESIAN_POINT('',(28.95,-63.,13.39));
#2348 = CIRCLE('',#2349,0.45);
#2349 = AXIS2_PLACEMENT_3D('',#2350,#2351,#2352);
#2350 = CARTESIAN_POINT('',(28.5,-63.,13.39));
#2351 = DIRECTION('',(0.,0.,1.));
#2352 = DIRECTION('',(1.,0.,0.));
#2353 = ORIENTED_EDGE('',*,*,#2354,.T.);
#2354 = EDGE_CURVE('',#2344,#2355,#2357,.T.);
#2355 = VERTEX_POINT('',#2356);
#2356 = CARTESIAN_POINT('',(27.90249223595,-65.20124611797,13.39));
#2357 = LINE('',#2358,#2359);
#2358 = CARTESIAN_POINT('',(28.90249223595,-63.20124611797,13.39));
#2359 = VECTOR('',#2360,1.);
#2360 = DIRECTION('',(-0.4472135955,-0.894427191,0.));
#2361 = ORIENTED_EDGE('',*,*,#2362,.F.);
#2362 = EDGE_CURVE('',#2363,#2355,#2365,.T.);
#2363 = VERTEX_POINT('',#2364);
#2364 = CARTESIAN_POINT('',(27.09750776405,-64.79875388202,13.39));
#2365 = CIRCLE('',#2366,0.45);
#2366 = AXIS2_PLACEMENT_3D('',#2367,#2368,#2369);
#2367 = CARTESIAN_POINT('',(27.5,-65.,13.39));
#2368 = DIRECTION('',(0.,0.,1.));
#2369 = DIRECTION('',(1.,0.,0.));
#2370 = ORIENTED_EDGE('',*,*,#2371,.T.);
#2371 = EDGE_CURVE('',#2363,#2372,#2374,.T.);
#2372 = VERTEX_POINT('',#2373);
#2373 = CARTESIAN_POINT('',(28.09750776405,-62.79875388202,13.39));
#2374 = LINE('',#2375,#2376);
#2375 = CARTESIAN_POINT('',(27.09750776405,-64.79875388202,13.39));
#2376 = VECTOR('',#2377,1.);
#2377 = DIRECTION('',(0.4472135955,0.894427191,0.));
#2378 = ORIENTED_EDGE('',*,*,#2379,.F.);
#2379 = EDGE_CURVE('',#2346,#2372,#2380,.T.);
#2380 = CIRCLE('',#2381,0.45);
#2381 = AXIS2_PLACEMENT_3D('',#2382,#2383,#2384);
#2382 = CARTESIAN_POINT('',(28.5,-63.,13.39));
#2383 = DIRECTION('',(0.,0.,1.));
#2384 = DIRECTION('',(1.,0.,0.));
#2385 = FACE_BOUND('',#2386,.T.);
#2386 = EDGE_LOOP('',(#2387,#2398,#2406,#2415,#2423));
#2387 = ORIENTED_EDGE('',*,*,#2388,.F.);
#2388 = EDGE_CURVE('',#2389,#2391,#2393,.T.);
#2389 = VERTEX_POINT('',#2390);
#2390 = CARTESIAN_POINT('',(31.40249223595,-63.20124611797,13.39));
#2391 = VERTEX_POINT('',#2392);
#2392 = CARTESIAN_POINT('',(31.45,-63.,13.39));
#2393 = CIRCLE('',#2394,0.45);
#2394 = AXIS2_PLACEMENT_3D('',#2395,#2396,#2397);
#2395 = CARTESIAN_POINT('',(31.,-63.,13.39));
#2396 = DIRECTION('',(0.,0.,1.));
#2397 = DIRECTION('',(1.,0.,0.));
#2398 = ORIENTED_EDGE('',*,*,#2399,.T.);
#2399 = EDGE_CURVE('',#2389,#2400,#2402,.T.);
#2400 = VERTEX_POINT('',#2401);
#2401 = CARTESIAN_POINT('',(30.40249223595,-65.20124611797,13.39));
#2402 = LINE('',#2403,#2404);
#2403 = CARTESIAN_POINT('',(31.40249223595,-63.20124611797,13.39));
#2404 = VECTOR('',#2405,1.);
#2405 = DIRECTION('',(-0.4472135955,-0.894427191,0.));
#2406 = ORIENTED_EDGE('',*,*,#2407,.F.);
#2407 = EDGE_CURVE('',#2408,#2400,#2410,.T.);
#2408 = VERTEX_POINT('',#2409);
#2409 = CARTESIAN_POINT('',(29.59750776405,-64.79875388202,13.39));
#2410 = CIRCLE('',#2411,0.45);
#2411 = AXIS2_PLACEMENT_3D('',#2412,#2413,#2414);
#2412 = CARTESIAN_POINT('',(30.,-65.,13.39));
#2413 = DIRECTION('',(0.,0.,1.));
#2414 = DIRECTION('',(1.,0.,0.));
#2415 = ORIENTED_EDGE('',*,*,#2416,.T.);
#2416 = EDGE_CURVE('',#2408,#2417,#2419,.T.);
#2417 = VERTEX_POINT('',#2418);
#2418 = CARTESIAN_POINT('',(30.59750776405,-62.79875388202,13.39));
#2419 = LINE('',#2420,#2421);
#2420 = CARTESIAN_POINT('',(29.59750776405,-64.79875388202,13.39));
#2421 = VECTOR('',#2422,1.);
#2422 = DIRECTION('',(0.4472135955,0.894427191,0.));
#2423 = ORIENTED_EDGE('',*,*,#2424,.F.);
#2424 = EDGE_CURVE('',#2391,#2417,#2425,.T.);
#2425 = CIRCLE('',#2426,0.45);
#2426 = AXIS2_PLACEMENT_3D('',#2427,#2428,#2429);
#2427 = CARTESIAN_POINT('',(31.,-63.,13.39));
#2428 = DIRECTION('',(0.,0.,1.));
#2429 = DIRECTION('',(1.,0.,0.));
#2430 = FACE_BOUND('',#2431,.T.);
#2431 = EDGE_LOOP('',(#2432,#2442,#2451));
#2432 = ORIENTED_EDGE('',*,*,#2433,.F.);
#2433 = EDGE_CURVE('',#2434,#2436,#2438,.T.);
#2434 = VERTEX_POINT('',#2435);
#2435 = CARTESIAN_POINT('',(30.49160797831,-53.,13.39));
#2436 = VERTEX_POINT('',#2437);
#2437 = CARTESIAN_POINT('',(29.30839202169,-53.,13.39));
#2438 = LINE('',#2439,#2440);
#2439 = CARTESIAN_POINT('',(33.146656284918,-53.,13.39));
#2440 = VECTOR('',#2441,1.);
#2441 = DIRECTION('',(-1.,0.,0.));
#2442 = ORIENTED_EDGE('',*,*,#2443,.F.);
#2443 = EDGE_CURVE('',#2444,#2434,#2446,.T.);
#2444 = VERTEX_POINT('',#2445);
#2445 = CARTESIAN_POINT('',(31.7,-54.7,13.39));
#2446 = CIRCLE('',#2447,1.8);
#2447 = AXIS2_PLACEMENT_3D('',#2448,#2449,#2450);
#2448 = CARTESIAN_POINT('',(29.9,-54.7,13.39));
#2449 = DIRECTION('',(0.,0.,1.));
#2450 = DIRECTION('',(1.,0.,0.));
#2451 = ORIENTED_EDGE('',*,*,#2452,.F.);
#2452 = EDGE_CURVE('',#2436,#2444,#2453,.T.);
#2453 = CIRCLE('',#2454,1.8);
#2454 = AXIS2_PLACEMENT_3D('',#2455,#2456,#2457);
#2455 = CARTESIAN_POINT('',(29.9,-54.7,13.39));
#2456 = DIRECTION('',(0.,0.,1.));
#2457 = DIRECTION('',(1.,0.,0.));
#2458 = FACE_BOUND('',#2459,.T.);
#2459 = EDGE_LOOP('',(#2460,#2471,#2479,#2488,#2496));
#2460 = ORIENTED_EDGE('',*,*,#2461,.F.);
#2461 = EDGE_CURVE('',#2462,#2464,#2466,.T.);
#2462 = VERTEX_POINT('',#2463);
#2463 = CARTESIAN_POINT('',(33.90249223595,-63.20124611797,13.39));
#2464 = VERTEX_POINT('',#2465);
#2465 = CARTESIAN_POINT('',(33.95,-63.,13.39));
#2466 = CIRCLE('',#2467,0.45);
#2467 = AXIS2_PLACEMENT_3D('',#2468,#2469,#2470);
#2468 = CARTESIAN_POINT('',(33.5,-63.,13.39));
#2469 = DIRECTION('',(0.,0.,1.));
#2470 = DIRECTION('',(1.,0.,0.));
#2471 = ORIENTED_EDGE('',*,*,#2472,.T.);
#2472 = EDGE_CURVE('',#2462,#2473,#2475,.T.);
#2473 = VERTEX_POINT('',#2474);
#2474 = CARTESIAN_POINT('',(32.90249223595,-65.20124611797,13.39));
#2475 = LINE('',#2476,#2477);
#2476 = CARTESIAN_POINT('',(33.90249223595,-63.20124611797,13.39));
#2477 = VECTOR('',#2478,1.);
#2478 = DIRECTION('',(-0.4472135955,-0.894427191,0.));
#2479 = ORIENTED_EDGE('',*,*,#2480,.F.);
#2480 = EDGE_CURVE('',#2481,#2473,#2483,.T.);
#2481 = VERTEX_POINT('',#2482);
#2482 = CARTESIAN_POINT('',(32.09750776405,-64.79875388202,13.39));
#2483 = CIRCLE('',#2484,0.45);
#2484 = AXIS2_PLACEMENT_3D('',#2485,#2486,#2487);
#2485 = CARTESIAN_POINT('',(32.5,-65.,13.39));
#2486 = DIRECTION('',(0.,0.,1.));
#2487 = DIRECTION('',(1.,0.,0.));
#2488 = ORIENTED_EDGE('',*,*,#2489,.T.);
#2489 = EDGE_CURVE('',#2481,#2490,#2492,.T.);
#2490 = VERTEX_POINT('',#2491);
#2491 = CARTESIAN_POINT('',(33.09750776405,-62.79875388202,13.39));
#2492 = LINE('',#2493,#2494);
#2493 = CARTESIAN_POINT('',(32.09750776405,-64.79875388202,13.39));
#2494 = VECTOR('',#2495,1.);
#2495 = DIRECTION('',(0.4472135955,0.894427191,0.));
#2496 = ORIENTED_EDGE('',*,*,#2497,.F.);
#2497 = EDGE_CURVE('',#2464,#2490,#2498,.T.);
#2498 = CIRCLE('',#2499,0.45);
#2499 = AXIS2_PLACEMENT_3D('',#2500,#2501,#2502);
#2500 = CARTESIAN_POINT('',(33.5,-63.,13.39));
#2501 = DIRECTION('',(0.,0.,1.));
#2502 = DIRECTION('',(1.,0.,0.));
#2503 = FACE_BOUND('',#2504,.T.);
#2504 = EDGE_LOOP('',(#2505,#2516,#2524,#2533,#2541));
#2505 = ORIENTED_EDGE('',*,*,#2506,.F.);
#2506 = EDGE_CURVE('',#2507,#2509,#2511,.T.);
#2507 = VERTEX_POINT('',#2508);
#2508 = CARTESIAN_POINT('',(36.40249223595,-63.20124611797,13.39));
#2509 = VERTEX_POINT('',#2510);
#2510 = CARTESIAN_POINT('',(36.45,-63.,13.39));
#2511 = CIRCLE('',#2512,0.45);
#2512 = AXIS2_PLACEMENT_3D('',#2513,#2514,#2515);
#2513 = CARTESIAN_POINT('',(36.,-63.,13.39));
#2514 = DIRECTION('',(0.,0.,1.));
#2515 = DIRECTION('',(1.,0.,0.));
#2516 = ORIENTED_EDGE('',*,*,#2517,.T.);
#2517 = EDGE_CURVE('',#2507,#2518,#2520,.T.);
#2518 = VERTEX_POINT('',#2519);
#2519 = CARTESIAN_POINT('',(35.40249223595,-65.20124611797,13.39));
#2520 = LINE('',#2521,#2522);
#2521 = CARTESIAN_POINT('',(36.40249223595,-63.20124611797,13.39));
#2522 = VECTOR('',#2523,1.);
#2523 = DIRECTION('',(-0.4472135955,-0.894427191,0.));
#2524 = ORIENTED_EDGE('',*,*,#2525,.F.);
#2525 = EDGE_CURVE('',#2526,#2518,#2528,.T.);
#2526 = VERTEX_POINT('',#2527);
#2527 = CARTESIAN_POINT('',(34.59750776405,-64.79875388202,13.39));
#2528 = CIRCLE('',#2529,0.45);
#2529 = AXIS2_PLACEMENT_3D('',#2530,#2531,#2532);
#2530 = CARTESIAN_POINT('',(35.,-65.,13.39));
#2531 = DIRECTION('',(0.,0.,1.));
#2532 = DIRECTION('',(1.,0.,0.));
#2533 = ORIENTED_EDGE('',*,*,#2534,.T.);
#2534 = EDGE_CURVE('',#2526,#2535,#2537,.T.);
#2535 = VERTEX_POINT('',#2536);
#2536 = CARTESIAN_POINT('',(35.59750776405,-62.79875388202,13.39));
#2537 = LINE('',#2538,#2539);
#2538 = CARTESIAN_POINT('',(34.59750776405,-64.79875388202,13.39));
#2539 = VECTOR('',#2540,1.);
#2540 = DIRECTION('',(0.4472135955,0.894427191,0.));
#2541 = ORIENTED_EDGE('',*,*,#2542,.F.);
#2542 = EDGE_CURVE('',#2509,#2535,#2543,.T.);
#2543 = CIRCLE('',#2544,0.45);
#2544 = AXIS2_PLACEMENT_3D('',#2545,#2546,#2547);
#2545 = CARTESIAN_POINT('',(36.,-63.,13.39));
#2546 = DIRECTION('',(0.,0.,1.));
#2547 = DIRECTION('',(1.,0.,0.));
#2548 = FACE_BOUND('',#2549,.T.);
#2549 = EDGE_LOOP('',(#2550));
#2550 = ORIENTED_EDGE('',*,*,#2551,.F.);
#2551 = EDGE_CURVE('',#2552,#2552,#2554,.T.);
#2552 = VERTEX_POINT('',#2553);
#2553 = CARTESIAN_POINT('',(35.1,-58.,13.39));
#2554 = CIRCLE('',#2555,1.8);
#2555 = AXIS2_PLACEMENT_3D('',#2556,#2557,#2558);
#2556 = CARTESIAN_POINT('',(33.3,-58.,13.39));
#2557 = DIRECTION('',(0.,0.,1.));
#2558 = DIRECTION('',(1.,0.,0.));
#2559 = FACE_BOUND('',#2560,.T.);
#2560 = EDGE_LOOP('',(#2561,#2571,#2580,#2589,#2597,#2606));
#2561 = ORIENTED_EDGE('',*,*,#2562,.F.);
#2562 = EDGE_CURVE('',#2563,#2565,#2567,.T.);
#2563 = VERTEX_POINT('',#2564);
#2564 = CARTESIAN_POINT('',(45.3,-63.4,13.39));
#2565 = VERTEX_POINT('',#2566);
#2566 = CARTESIAN_POINT('',(41.5,-63.4,13.39));
#2567 = LINE('',#2568,#2569);
#2568 = CARTESIAN_POINT('',(45.3,-63.4,13.39));
#2569 = VECTOR('',#2570,1.);
#2570 = DIRECTION('',(-1.,0.,0.));
#2571 = ORIENTED_EDGE('',*,*,#2572,.F.);
#2572 = EDGE_CURVE('',#2573,#2563,#2575,.T.);
#2573 = VERTEX_POINT('',#2574);
#2574 = CARTESIAN_POINT('',(45.8,-63.9,13.39));
#2575 = CIRCLE('',#2576,0.5);
#2576 = AXIS2_PLACEMENT_3D('',#2577,#2578,#2579);
#2577 = CARTESIAN_POINT('',(45.3,-63.9,13.39));
#2578 = DIRECTION('',(-0.,0.,1.));
#2579 = DIRECTION('',(1.,-1.421E-14,0.));
#2580 = ORIENTED_EDGE('',*,*,#2581,.F.);
#2581 = EDGE_CURVE('',#2582,#2573,#2584,.T.);
#2582 = VERTEX_POINT('',#2583);
#2583 = CARTESIAN_POINT('',(45.3,-64.4,13.39));
#2584 = CIRCLE('',#2585,0.5);
#2585 = AXIS2_PLACEMENT_3D('',#2586,#2587,#2588);
#2586 = CARTESIAN_POINT('',(45.3,-63.9,13.39));
#2587 = DIRECTION('',(0.,0.,1.));
#2588 = DIRECTION('',(-1.421E-14,-1.,0.));
#2589 = ORIENTED_EDGE('',*,*,#2590,.F.);
#2590 = EDGE_CURVE('',#2591,#2582,#2593,.T.);
#2591 = VERTEX_POINT('',#2592);
#2592 = CARTESIAN_POINT('',(41.5,-64.4,13.39));
#2593 = LINE('',#2594,#2595);
#2594 = CARTESIAN_POINT('',(41.5,-64.4,13.39));
#2595 = VECTOR('',#2596,1.);
#2596 = DIRECTION('',(1.,0.,0.));
#2597 = ORIENTED_EDGE('',*,*,#2598,.F.);
#2598 = EDGE_CURVE('',#2599,#2591,#2601,.T.);
#2599 = VERTEX_POINT('',#2600);
#2600 = CARTESIAN_POINT('',(41.,-63.9,13.39));
#2601 = CIRCLE('',#2602,0.5);
#2602 = AXIS2_PLACEMENT_3D('',#2603,#2604,#2605);
#2603 = CARTESIAN_POINT('',(41.5,-63.9,13.39));
#2604 = DIRECTION('',(0.,0.,1.));
#2605 = DIRECTION('',(-1.,1.421E-14,0.));
#2606 = ORIENTED_EDGE('',*,*,#2607,.F.);
#2607 = EDGE_CURVE('',#2565,#2599,#2608,.T.);
#2608 = CIRCLE('',#2609,0.5);
#2609 = AXIS2_PLACEMENT_3D('',#2610,#2611,#2612);
#2610 = CARTESIAN_POINT('',(41.5,-63.9,13.39));
#2611 = DIRECTION('',(0.,-0.,1.));
#2612 = DIRECTION('',(1.421E-14,1.,0.));
#2613 = FACE_BOUND('',#2614,.T.);
#2614 = EDGE_LOOP('',(#2615,#2625,#2633,#2641,#2649,#2657,#2665,#2673,
    #2681,#2689,#2697,#2705));
#2615 = ORIENTED_EDGE('',*,*,#2616,.F.);
#2616 = EDGE_CURVE('',#2617,#2619,#2621,.T.);
#2617 = VERTEX_POINT('',#2618);
#2618 = CARTESIAN_POINT('',(39.3,-58.5,13.39));
#2619 = VERTEX_POINT('',#2620);
#2620 = CARTESIAN_POINT('',(41.8,-58.5,13.39));
#2621 = LINE('',#2622,#2623);
#2622 = CARTESIAN_POINT('',(39.3,-58.5,13.39));
#2623 = VECTOR('',#2624,1.);
#2624 = DIRECTION('',(1.,0.,0.));
#2625 = ORIENTED_EDGE('',*,*,#2626,.T.);
#2626 = EDGE_CURVE('',#2617,#2627,#2629,.T.);
#2627 = VERTEX_POINT('',#2628);
#2628 = CARTESIAN_POINT('',(39.3,-56.3,13.39));
#2629 = LINE('',#2630,#2631);
#2630 = CARTESIAN_POINT('',(39.3,-58.5,13.39));
#2631 = VECTOR('',#2632,1.);
#2632 = DIRECTION('',(0.,1.,0.));
#2633 = ORIENTED_EDGE('',*,*,#2634,.T.);
#2634 = EDGE_CURVE('',#2627,#2635,#2637,.T.);
#2635 = VERTEX_POINT('',#2636);
#2636 = CARTESIAN_POINT('',(41.8,-56.3,13.39));
#2637 = LINE('',#2638,#2639);
#2638 = CARTESIAN_POINT('',(39.3,-56.3,13.39));
#2639 = VECTOR('',#2640,1.);
#2640 = DIRECTION('',(1.,0.,0.));
#2641 = ORIENTED_EDGE('',*,*,#2642,.T.);
#2642 = EDGE_CURVE('',#2635,#2643,#2645,.T.);
#2643 = VERTEX_POINT('',#2644);
#2644 = CARTESIAN_POINT('',(41.8,-53.8,13.39));
#2645 = LINE('',#2646,#2647);
#2646 = CARTESIAN_POINT('',(41.8,-61.,13.39));
#2647 = VECTOR('',#2648,1.);
#2648 = DIRECTION('',(0.,1.,0.));
#2649 = ORIENTED_EDGE('',*,*,#2650,.T.);
#2650 = EDGE_CURVE('',#2643,#2651,#2653,.T.);
#2651 = VERTEX_POINT('',#2652);
#2652 = CARTESIAN_POINT('',(44.,-53.8,13.39));
#2653 = LINE('',#2654,#2655);
#2654 = CARTESIAN_POINT('',(41.8,-53.8,13.39));
#2655 = VECTOR('',#2656,1.);
#2656 = DIRECTION('',(1.,0.,0.));
#2657 = ORIENTED_EDGE('',*,*,#2658,.F.);
#2658 = EDGE_CURVE('',#2659,#2651,#2661,.T.);
#2659 = VERTEX_POINT('',#2660);
#2660 = CARTESIAN_POINT('',(44.,-56.3,13.39));
#2661 = LINE('',#2662,#2663);
#2662 = CARTESIAN_POINT('',(44.,-61.,13.39));
#2663 = VECTOR('',#2664,1.);
#2664 = DIRECTION('',(0.,1.,0.));
#2665 = ORIENTED_EDGE('',*,*,#2666,.T.);
#2666 = EDGE_CURVE('',#2659,#2667,#2669,.T.);
#2667 = VERTEX_POINT('',#2668);
#2668 = CARTESIAN_POINT('',(46.5,-56.3,13.39));
#2669 = LINE('',#2670,#2671);
#2670 = CARTESIAN_POINT('',(39.3,-56.3,13.39));
#2671 = VECTOR('',#2672,1.);
#2672 = DIRECTION('',(1.,0.,0.));
#2673 = ORIENTED_EDGE('',*,*,#2674,.F.);
#2674 = EDGE_CURVE('',#2675,#2667,#2677,.T.);
#2675 = VERTEX_POINT('',#2676);
#2676 = CARTESIAN_POINT('',(46.5,-58.5,13.39));
#2677 = LINE('',#2678,#2679);
#2678 = CARTESIAN_POINT('',(46.5,-58.5,13.39));
#2679 = VECTOR('',#2680,1.);
#2680 = DIRECTION('',(0.,1.,0.));
#2681 = ORIENTED_EDGE('',*,*,#2682,.F.);
#2682 = EDGE_CURVE('',#2683,#2675,#2685,.T.);
#2683 = VERTEX_POINT('',#2684);
#2684 = CARTESIAN_POINT('',(44.,-58.5,13.39));
#2685 = LINE('',#2686,#2687);
#2686 = CARTESIAN_POINT('',(39.3,-58.5,13.39));
#2687 = VECTOR('',#2688,1.);
#2688 = DIRECTION('',(1.,0.,0.));
#2689 = ORIENTED_EDGE('',*,*,#2690,.F.);
#2690 = EDGE_CURVE('',#2691,#2683,#2693,.T.);
#2691 = VERTEX_POINT('',#2692);
#2692 = CARTESIAN_POINT('',(44.,-61.,13.39));
#2693 = LINE('',#2694,#2695);
#2694 = CARTESIAN_POINT('',(44.,-61.,13.39));
#2695 = VECTOR('',#2696,1.);
#2696 = DIRECTION('',(0.,1.,0.));
#2697 = ORIENTED_EDGE('',*,*,#2698,.F.);
#2698 = EDGE_CURVE('',#2699,#2691,#2701,.T.);
#2699 = VERTEX_POINT('',#2700);
#2700 = CARTESIAN_POINT('',(41.8,-61.,13.39));
#2701 = LINE('',#2702,#2703);
#2702 = CARTESIAN_POINT('',(41.8,-61.,13.39));
#2703 = VECTOR('',#2704,1.);
#2704 = DIRECTION('',(1.,0.,0.));
#2705 = ORIENTED_EDGE('',*,*,#2706,.T.);
#2706 = EDGE_CURVE('',#2699,#2619,#2707,.T.);
#2707 = LINE('',#2708,#2709);
#2708 = CARTESIAN_POINT('',(41.8,-61.,13.39));
#2709 = VECTOR('',#2710,1.);
#2710 = DIRECTION('',(0.,1.,0.));
#2711 = FACE_BOUND('',#2712,.T.);
#2712 = EDGE_LOOP('',(#2713,#2724,#2732,#2741));
#2713 = ORIENTED_EDGE('',*,*,#2714,.F.);
#2714 = EDGE_CURVE('',#2715,#2717,#2719,.T.);
#2715 = VERTEX_POINT('',#2716);
#2716 = CARTESIAN_POINT('',(29.25,-16.83493649053,13.39));
#2717 = VERTEX_POINT('',#2718);
#2718 = CARTESIAN_POINT('',(28.,-19.,13.39));
#2719 = CIRCLE('',#2720,2.5);
#2720 = AXIS2_PLACEMENT_3D('',#2721,#2722,#2723);
#2721 = CARTESIAN_POINT('',(30.5,-19.,13.39));
#2722 = DIRECTION('',(0.,-0.,1.));
#2723 = DIRECTION('',(9.95E-15,1.,0.));
#2724 = ORIENTED_EDGE('',*,*,#2725,.F.);
#2725 = EDGE_CURVE('',#2726,#2715,#2728,.T.);
#2726 = VERTEX_POINT('',#2727);
#2727 = CARTESIAN_POINT('',(29.25,-50.86506350946,13.39));
#2728 = LINE('',#2729,#2730);
#2729 = CARTESIAN_POINT('',(29.25,-46.04893884022,13.39));
#2730 = VECTOR('',#2731,1.);
#2731 = DIRECTION('',(0.,1.,0.));
#2732 = ORIENTED_EDGE('',*,*,#2733,.F.);
#2733 = EDGE_CURVE('',#2734,#2726,#2736,.T.);
#2734 = VERTEX_POINT('',#2735);
#2735 = CARTESIAN_POINT('',(28.,-48.7,13.39));
#2736 = CIRCLE('',#2737,2.5);
#2737 = AXIS2_PLACEMENT_3D('',#2738,#2739,#2740);
#2738 = CARTESIAN_POINT('',(30.5,-48.7,13.39));
#2739 = DIRECTION('',(0.,0.,1.));
#2740 = DIRECTION('',(-1.,8.53E-15,0.));
#2741 = ORIENTED_EDGE('',*,*,#2742,.F.);
#2742 = EDGE_CURVE('',#2717,#2734,#2743,.T.);
#2743 = LINE('',#2744,#2745);
#2744 = CARTESIAN_POINT('',(28.,-19.,13.39));
#2745 = VECTOR('',#2746,1.);
#2746 = DIRECTION('',(0.,-1.,0.));
#2747 = FACE_BOUND('',#2748,.T.);
#2748 = EDGE_LOOP('',(#2749,#2759,#2767,#2775,#2783,#2791,#2799,#2807));
#2749 = ORIENTED_EDGE('',*,*,#2750,.F.);
#2750 = EDGE_CURVE('',#2751,#2753,#2755,.T.);
#2751 = VERTEX_POINT('',#2752);
#2752 = CARTESIAN_POINT('',(44.05,-52.6,13.39));
#2753 = VERTEX_POINT('',#2754);
#2754 = CARTESIAN_POINT('',(44.05,-49.45,13.39));
#2755 = LINE('',#2756,#2757);
#2756 = CARTESIAN_POINT('',(44.05,-45.84893884022,13.39));
#2757 = VECTOR('',#2758,1.);
#2758 = DIRECTION('',(0.,1.,0.));
#2759 = ORIENTED_EDGE('',*,*,#2760,.T.);
#2760 = EDGE_CURVE('',#2751,#2761,#2763,.T.);
#2761 = VERTEX_POINT('',#2762);
#2762 = CARTESIAN_POINT('',(30.35,-52.6,13.39));
#2763 = LINE('',#2764,#2765);
#2764 = CARTESIAN_POINT('',(33.696656284918,-52.6,13.39));
#2765 = VECTOR('',#2766,1.);
#2766 = DIRECTION('',(-1.,0.,0.));
#2767 = ORIENTED_EDGE('',*,*,#2768,.T.);
#2768 = EDGE_CURVE('',#2761,#2769,#2771,.T.);
#2769 = VERTEX_POINT('',#2770);
#2770 = CARTESIAN_POINT('',(30.35,-49.45,13.39));
#2771 = LINE('',#2772,#2773);
#2772 = CARTESIAN_POINT('',(30.35,-45.84893884022,13.39));
#2773 = VECTOR('',#2774,1.);
#2774 = DIRECTION('',(0.,1.,0.));
#2775 = ORIENTED_EDGE('',*,*,#2776,.T.);
#2776 = EDGE_CURVE('',#2769,#2777,#2779,.T.);
#2777 = VERTEX_POINT('',#2778);
#2778 = CARTESIAN_POINT('',(29.95,-49.45,13.39));
#2779 = LINE('',#2780,#2781);
#2780 = CARTESIAN_POINT('',(33.496656284918,-49.45,13.39));
#2781 = VECTOR('',#2782,1.);
#2782 = DIRECTION('',(-1.,0.,0.));
#2783 = ORIENTED_EDGE('',*,*,#2784,.T.);
#2784 = EDGE_CURVE('',#2777,#2785,#2787,.T.);
#2785 = VERTEX_POINT('',#2786);
#2786 = CARTESIAN_POINT('',(29.95,-18.35,13.39));
#2787 = LINE('',#2788,#2789);
#2788 = CARTESIAN_POINT('',(29.95,-44.27393884022,13.39));
#2789 = VECTOR('',#2790,1.);
#2790 = DIRECTION('',(0.,1.,0.));
#2791 = ORIENTED_EDGE('',*,*,#2792,.F.);
#2792 = EDGE_CURVE('',#2793,#2785,#2795,.T.);
#2793 = VERTEX_POINT('',#2794);
#2794 = CARTESIAN_POINT('',(44.45,-18.35,13.39));
#2795 = LINE('',#2796,#2797);
#2796 = CARTESIAN_POINT('',(33.496656284918,-18.35,13.39));
#2797 = VECTOR('',#2798,1.);
#2798 = DIRECTION('',(-1.,0.,0.));
#2799 = ORIENTED_EDGE('',*,*,#2800,.F.);
#2800 = EDGE_CURVE('',#2801,#2793,#2803,.T.);
#2801 = VERTEX_POINT('',#2802);
#2802 = CARTESIAN_POINT('',(44.45,-49.45,13.39));
#2803 = LINE('',#2804,#2805);
#2804 = CARTESIAN_POINT('',(44.45,-44.27393884022,13.39));
#2805 = VECTOR('',#2806,1.);
#2806 = DIRECTION('',(0.,1.,0.));
#2807 = ORIENTED_EDGE('',*,*,#2808,.T.);
#2808 = EDGE_CURVE('',#2801,#2753,#2809,.T.);
#2809 = LINE('',#2810,#2811);
#2810 = CARTESIAN_POINT('',(33.496656284918,-49.45,13.39));
#2811 = VECTOR('',#2812,1.);
#2812 = DIRECTION('',(-1.,0.,0.));
#2813 = FACE_BOUND('',#2814,.T.);
#2814 = EDGE_LOOP('',(#2815,#2826,#2834,#2843));
#2815 = ORIENTED_EDGE('',*,*,#2816,.F.);
#2816 = EDGE_CURVE('',#2817,#2819,#2821,.T.);
#2817 = VERTEX_POINT('',#2818);
#2818 = CARTESIAN_POINT('',(46.4,-19.,13.39));
#2819 = VERTEX_POINT('',#2820);
#2820 = CARTESIAN_POINT('',(45.15,-16.83493649053,13.39));
#2821 = CIRCLE('',#2822,2.5);
#2822 = AXIS2_PLACEMENT_3D('',#2823,#2824,#2825);
#2823 = CARTESIAN_POINT('',(43.9,-19.,13.39));
#2824 = DIRECTION('',(0.,0.,1.));
#2825 = DIRECTION('',(1.,0.,0.));
#2826 = ORIENTED_EDGE('',*,*,#2827,.F.);
#2827 = EDGE_CURVE('',#2828,#2817,#2830,.T.);
#2828 = VERTEX_POINT('',#2829);
#2829 = CARTESIAN_POINT('',(46.4,-48.7,13.39));
#2830 = LINE('',#2831,#2832);
#2831 = CARTESIAN_POINT('',(46.4,-48.7,13.39));
#2832 = VECTOR('',#2833,1.);
#2833 = DIRECTION('',(0.,1.,0.));
#2834 = ORIENTED_EDGE('',*,*,#2835,.F.);
#2835 = EDGE_CURVE('',#2836,#2828,#2838,.T.);
#2836 = VERTEX_POINT('',#2837);
#2837 = CARTESIAN_POINT('',(45.15,-50.86506350946,13.39));
#2838 = CIRCLE('',#2839,2.5);
#2839 = AXIS2_PLACEMENT_3D('',#2840,#2841,#2842);
#2840 = CARTESIAN_POINT('',(43.9,-48.7,13.39));
#2841 = DIRECTION('',(-0.,0.,1.));
#2842 = DIRECTION('',(0.,-1.,0.));
#2843 = ORIENTED_EDGE('',*,*,#2844,.T.);
#2844 = EDGE_CURVE('',#2836,#2819,#2845,.T.);
#2845 = LINE('',#2846,#2847);
#2846 = CARTESIAN_POINT('',(45.15,-46.04893884022,13.39));
#2847 = VECTOR('',#2848,1.);
#2848 = DIRECTION('',(0.,1.,0.));
#2849 = PLANE('',#2850);
#2850 = AXIS2_PLACEMENT_3D('',#2851,#2852,#2853);
#2851 = CARTESIAN_POINT('',(37.043312569837,-39.09787768044,13.39));
#2852 = DIRECTION('',(0.,0.,1.));
#2853 = DIRECTION('',(1.,0.,0.));
#2854 = ADVANCED_FACE('',(#2855),#2866,.F.);
#2855 = FACE_BOUND('',#2856,.F.);
#2856 = EDGE_LOOP('',(#2857,#2863,#2864,#2865));
#2857 = ORIENTED_EDGE('',*,*,#2858,.F.);
#2858 = EDGE_CURVE('',#1832,#1768,#2859,.T.);
#2859 = LINE('',#2860,#2861);
#2860 = CARTESIAN_POINT('',(30.7,-20.,11.8));
#2861 = VECTOR('',#2862,1.);
#2862 = DIRECTION('',(0.,1.,0.));
#2863 = ORIENTED_EDGE('',*,*,#1831,.F.);
#2864 = ORIENTED_EDGE('',*,*,#1797,.T.);
#2865 = ORIENTED_EDGE('',*,*,#1775,.T.);
#2866 = PLANE('',#2867);
#2867 = AXIS2_PLACEMENT_3D('',#2868,#2869,#2870);
#2868 = CARTESIAN_POINT('',(30.7,-20.,11.8));
#2869 = DIRECTION('',(0.,0.,1.));
#2870 = DIRECTION('',(1.,0.,0.));
#2871 = ADVANCED_FACE('',(#2872),#2878,.T.);
#2872 = FACE_BOUND('',#2873,.T.);
#2873 = EDGE_LOOP('',(#2874,#2875,#2876,#2877));
#2874 = ORIENTED_EDGE('',*,*,#2858,.F.);
#2875 = ORIENTED_EDGE('',*,*,#1839,.F.);
#2876 = ORIENTED_EDGE('',*,*,#2130,.T.);
#2877 = ORIENTED_EDGE('',*,*,#1767,.T.);
#2878 = PLANE('',#2879);
#2879 = AXIS2_PLACEMENT_3D('',#2880,#2881,#2882);
#2880 = CARTESIAN_POINT('',(30.7,-20.,6.2));
#2881 = DIRECTION('',(1.,0.,0.));
#2882 = DIRECTION('',(0.,0.,1.));
#2883 = ADVANCED_FACE('',(#2884),#2890,.T.);
#2884 = FACE_BOUND('',#2885,.F.);
#2885 = EDGE_LOOP('',(#2886,#2887,#2888,#2889));
#2886 = ORIENTED_EDGE('',*,*,#1751,.T.);
#2887 = ORIENTED_EDGE('',*,*,#2329,.T.);
#2888 = ORIENTED_EDGE('',*,*,#1996,.F.);
#2889 = ORIENTED_EDGE('',*,*,#2122,.F.);
#2890 = CYLINDRICAL_SURFACE('',#2891,2.4);
#2891 = AXIS2_PLACEMENT_3D('',#2892,#2893,#2894);
#2892 = CARTESIAN_POINT('',(27.4,-13.4,6.3));
#2893 = DIRECTION('',(-0.,-0.,-1.));
#2894 = DIRECTION('',(-5.92E-15,1.,0.));
#2895 = ADVANCED_FACE('',(#2896),#2899,.F.);
#2896 = FACE_BOUND('',#2897,.T.);
#2897 = EDGE_LOOP('',(#2898));
#2898 = ORIENTED_EDGE('',*,*,#1921,.F.);
#2899 = PLANE('',#2900);
#2900 = AXIS2_PLACEMENT_3D('',#2901,#2902,#2903);
#2901 = CARTESIAN_POINT('',(47.,-52.8,6.8));
#2902 = DIRECTION('',(0.,0.,1.));
#2903 = DIRECTION('',(1.,0.,0.));
#2904 = ADVANCED_FACE('',(#2905),#2908,.F.);
#2905 = FACE_BOUND('',#2906,.T.);
#2906 = EDGE_LOOP('',(#2907));
#2907 = ORIENTED_EDGE('',*,*,#1946,.F.);
#2908 = PLANE('',#2909);
#2909 = AXIS2_PLACEMENT_3D('',#2910,#2911,#2912);
#2910 = CARTESIAN_POINT('',(37.2,-64.7,6.8));
#2911 = DIRECTION('',(0.,0.,1.));
#2912 = DIRECTION('',(1.,0.,0.));
#2913 = ADVANCED_FACE('',(#2914),#2933,.F.);
#2914 = FACE_BOUND('',#2915,.T.);
#2915 = EDGE_LOOP('',(#2916,#2917,#2925,#2932));
#2916 = ORIENTED_EDGE('',*,*,#2164,.T.);
#2917 = ORIENTED_EDGE('',*,*,#2918,.T.);
#2918 = EDGE_CURVE('',#2165,#2919,#2921,.T.);
#2919 = VERTEX_POINT('',#2920);
#2920 = CARTESIAN_POINT('',(28.6,-52.8,6.8));
#2921 = LINE('',#2922,#2923);
#2922 = CARTESIAN_POINT('',(28.6,-52.8,6.2));
#2923 = VECTOR('',#2924,1.);
#2924 = DIRECTION('',(0.,0.,1.));
#2925 = ORIENTED_EDGE('',*,*,#2926,.T.);
#2926 = EDGE_CURVE('',#2919,#2919,#2927,.T.);
#2927 = CIRCLE('',#2928,1.6);
#2928 = AXIS2_PLACEMENT_3D('',#2929,#2930,#2931);
#2929 = CARTESIAN_POINT('',(27.,-52.8,6.8));
#2930 = DIRECTION('',(0.,0.,1.));
#2931 = DIRECTION('',(1.,0.,0.));
#2932 = ORIENTED_EDGE('',*,*,#2918,.F.);
#2933 = CYLINDRICAL_SURFACE('',#2934,1.6);
#2934 = AXIS2_PLACEMENT_3D('',#2935,#2936,#2937);
#2935 = CARTESIAN_POINT('',(27.,-52.8,6.2));
#2936 = DIRECTION('',(-0.,-0.,-1.));
#2937 = DIRECTION('',(1.,0.,0.));
#2938 = ADVANCED_FACE('',(#2939),#2955,.F.);
#2939 = FACE_BOUND('',#2940,.F.);
#2940 = EDGE_LOOP('',(#2941,#2947,#2948,#2954));
#2941 = ORIENTED_EDGE('',*,*,#2942,.F.);
#2942 = EDGE_CURVE('',#2256,#2751,#2943,.T.);
#2943 = LINE('',#2944,#2945);
#2944 = CARTESIAN_POINT('',(44.05,-52.6,10.9));
#2945 = VECTOR('',#2946,1.);
#2946 = DIRECTION('',(0.,0.,1.));
#2947 = ORIENTED_EDGE('',*,*,#2255,.T.);
#2948 = ORIENTED_EDGE('',*,*,#2949,.T.);
#2949 = EDGE_CURVE('',#2258,#2753,#2950,.T.);
#2950 = LINE('',#2951,#2952);
#2951 = CARTESIAN_POINT('',(44.05,-49.45,11.645));
#2952 = VECTOR('',#2953,1.);
#2953 = DIRECTION('',(0.,0.,1.));
#2954 = ORIENTED_EDGE('',*,*,#2750,.F.);
#2955 = PLANE('',#2956);
#2956 = AXIS2_PLACEMENT_3D('',#2957,#2958,#2959);
#2957 = CARTESIAN_POINT('',(44.05,-52.6,10.9));
#2958 = DIRECTION('',(1.,0.,0.));
#2959 = DIRECTION('',(0.,0.,1.));
#2960 = ADVANCED_FACE('',(#2961),#2972,.T.);
#2961 = FACE_BOUND('',#2962,.T.);
#2962 = EDGE_LOOP('',(#2963,#2969,#2970,#2971));
#2963 = ORIENTED_EDGE('',*,*,#2964,.F.);
#2964 = EDGE_CURVE('',#2306,#2801,#2965,.T.);
#2965 = LINE('',#2966,#2967);
#2966 = CARTESIAN_POINT('',(44.45,-49.45,12.39));
#2967 = VECTOR('',#2968,1.);
#2968 = DIRECTION('',(0.,0.,1.));
#2969 = ORIENTED_EDGE('',*,*,#2313,.T.);
#2970 = ORIENTED_EDGE('',*,*,#2949,.T.);
#2971 = ORIENTED_EDGE('',*,*,#2808,.F.);
#2972 = PLANE('',#2973);
#2973 = AXIS2_PLACEMENT_3D('',#2974,#2975,#2976);
#2974 = CARTESIAN_POINT('',(29.95,-49.45,12.39));
#2975 = DIRECTION('',(0.,1.,0.));
#2976 = DIRECTION('',(0.,0.,1.));
#2977 = ADVANCED_FACE('',(#2978),#2989,.F.);
#2978 = FACE_BOUND('',#2979,.F.);
#2979 = EDGE_LOOP('',(#2980,#2981,#2982,#2988));
#2980 = ORIENTED_EDGE('',*,*,#2964,.F.);
#2981 = ORIENTED_EDGE('',*,*,#2305,.T.);
#2982 = ORIENTED_EDGE('',*,*,#2983,.T.);
#2983 = EDGE_CURVE('',#2298,#2793,#2984,.T.);
#2984 = LINE('',#2985,#2986);
#2985 = CARTESIAN_POINT('',(44.45,-18.35,12.39));
#2986 = VECTOR('',#2987,1.);
#2987 = DIRECTION('',(0.,0.,1.));
#2988 = ORIENTED_EDGE('',*,*,#2800,.F.);
#2989 = PLANE('',#2990);
#2990 = AXIS2_PLACEMENT_3D('',#2991,#2992,#2993);
#2991 = CARTESIAN_POINT('',(44.45,-49.45,12.39));
#2992 = DIRECTION('',(1.,0.,0.));
#2993 = DIRECTION('',(0.,0.,1.));
#2994 = ADVANCED_FACE('',(#2995),#3006,.F.);
#2995 = FACE_BOUND('',#2996,.F.);
#2996 = EDGE_LOOP('',(#2997,#2998,#2999,#3005));
#2997 = ORIENTED_EDGE('',*,*,#2983,.F.);
#2998 = ORIENTED_EDGE('',*,*,#2297,.T.);
#2999 = ORIENTED_EDGE('',*,*,#3000,.T.);
#3000 = EDGE_CURVE('',#2290,#2785,#3001,.T.);
#3001 = LINE('',#3002,#3003);
#3002 = CARTESIAN_POINT('',(29.95,-18.35,12.39));
#3003 = VECTOR('',#3004,1.);
#3004 = DIRECTION('',(0.,0.,1.));
#3005 = ORIENTED_EDGE('',*,*,#2792,.F.);
#3006 = PLANE('',#3007);
#3007 = AXIS2_PLACEMENT_3D('',#3008,#3009,#3010);
#3008 = CARTESIAN_POINT('',(29.95,-18.35,12.39));
#3009 = DIRECTION('',(0.,1.,0.));
#3010 = DIRECTION('',(0.,0.,1.));
#3011 = ADVANCED_FACE('',(#3012),#3023,.T.);
#3012 = FACE_BOUND('',#3013,.T.);
#3013 = EDGE_LOOP('',(#3014,#3020,#3021,#3022));
#3014 = ORIENTED_EDGE('',*,*,#3015,.F.);
#3015 = EDGE_CURVE('',#2282,#2777,#3016,.T.);
#3016 = LINE('',#3017,#3018);
#3017 = CARTESIAN_POINT('',(29.95,-49.45,12.39));
#3018 = VECTOR('',#3019,1.);
#3019 = DIRECTION('',(0.,0.,1.));
#3020 = ORIENTED_EDGE('',*,*,#2289,.T.);
#3021 = ORIENTED_EDGE('',*,*,#3000,.T.);
#3022 = ORIENTED_EDGE('',*,*,#2784,.F.);
#3023 = PLANE('',#3024);
#3024 = AXIS2_PLACEMENT_3D('',#3025,#3026,#3027);
#3025 = CARTESIAN_POINT('',(29.95,-49.45,12.39));
#3026 = DIRECTION('',(1.,0.,0.));
#3027 = DIRECTION('',(0.,0.,1.));
#3028 = ADVANCED_FACE('',(#3029),#3040,.T.);
#3029 = FACE_BOUND('',#3030,.T.);
#3030 = EDGE_LOOP('',(#3031,#3032,#3033,#3034));
#3031 = ORIENTED_EDGE('',*,*,#2281,.T.);
#3032 = ORIENTED_EDGE('',*,*,#3015,.T.);
#3033 = ORIENTED_EDGE('',*,*,#2776,.F.);
#3034 = ORIENTED_EDGE('',*,*,#3035,.F.);
#3035 = EDGE_CURVE('',#2274,#2769,#3036,.T.);
#3036 = LINE('',#3037,#3038);
#3037 = CARTESIAN_POINT('',(30.35,-49.45,11.645));
#3038 = VECTOR('',#3039,1.);
#3039 = DIRECTION('',(0.,0.,1.));
#3040 = PLANE('',#3041);
#3041 = AXIS2_PLACEMENT_3D('',#3042,#3043,#3044);
#3042 = CARTESIAN_POINT('',(29.95,-49.45,12.39));
#3043 = DIRECTION('',(0.,1.,0.));
#3044 = DIRECTION('',(0.,0.,1.));
#3045 = ADVANCED_FACE('',(#3046),#3057,.T.);
#3046 = FACE_BOUND('',#3047,.T.);
#3047 = EDGE_LOOP('',(#3048,#3054,#3055,#3056));
#3048 = ORIENTED_EDGE('',*,*,#3049,.F.);
#3049 = EDGE_CURVE('',#2266,#2761,#3050,.T.);
#3050 = LINE('',#3051,#3052);
#3051 = CARTESIAN_POINT('',(30.35,-52.6,10.9));
#3052 = VECTOR('',#3053,1.);
#3053 = DIRECTION('',(0.,0.,1.));
#3054 = ORIENTED_EDGE('',*,*,#2273,.T.);
#3055 = ORIENTED_EDGE('',*,*,#3035,.T.);
#3056 = ORIENTED_EDGE('',*,*,#2768,.F.);
#3057 = PLANE('',#3058);
#3058 = AXIS2_PLACEMENT_3D('',#3059,#3060,#3061);
#3059 = CARTESIAN_POINT('',(30.35,-52.6,10.9));
#3060 = DIRECTION('',(1.,0.,0.));
#3061 = DIRECTION('',(0.,0.,1.));
#3062 = ADVANCED_FACE('',(#3063),#3069,.T.);
#3063 = FACE_BOUND('',#3064,.T.);
#3064 = EDGE_LOOP('',(#3065,#3066,#3067,#3068));
#3065 = ORIENTED_EDGE('',*,*,#2942,.F.);
#3066 = ORIENTED_EDGE('',*,*,#2265,.T.);
#3067 = ORIENTED_EDGE('',*,*,#3049,.T.);
#3068 = ORIENTED_EDGE('',*,*,#2760,.F.);
#3069 = PLANE('',#3070);
#3070 = AXIS2_PLACEMENT_3D('',#3071,#3072,#3073);
#3071 = CARTESIAN_POINT('',(30.35,-52.6,10.9));
#3072 = DIRECTION('',(0.,1.,0.));
#3073 = DIRECTION('',(0.,0.,1.));
#3074 = ADVANCED_FACE('',(#3075),#3111,.F.);
#3075 = FACE_BOUND('',#3076,.T.);
#3076 = EDGE_LOOP('',(#3077,#3085,#3094,#3103,#3109,#3110));
#3077 = ORIENTED_EDGE('',*,*,#3078,.F.);
#3078 = EDGE_CURVE('',#3079,#2372,#3081,.T.);
#3079 = VERTEX_POINT('',#3080);
#3080 = CARTESIAN_POINT('',(28.09750776405,-62.79875388202,12.99));
#3081 = LINE('',#3082,#3083);
#3082 = CARTESIAN_POINT('',(28.09750776405,-62.79875388202,12.99));
#3083 = VECTOR('',#3084,1.);
#3084 = DIRECTION('',(0.,0.,1.));
#3085 = ORIENTED_EDGE('',*,*,#3086,.F.);
#3086 = EDGE_CURVE('',#3087,#3079,#3089,.T.);
#3087 = VERTEX_POINT('',#3088);
#3088 = CARTESIAN_POINT('',(28.95,-63.,12.99));
#3089 = CIRCLE('',#3090,0.45);
#3090 = AXIS2_PLACEMENT_3D('',#3091,#3092,#3093);
#3091 = CARTESIAN_POINT('',(28.5,-63.,12.99));
#3092 = DIRECTION('',(0.,0.,1.));
#3093 = DIRECTION('',(1.,0.,0.));
#3094 = ORIENTED_EDGE('',*,*,#3095,.F.);
#3095 = EDGE_CURVE('',#3096,#3087,#3098,.T.);
#3096 = VERTEX_POINT('',#3097);
#3097 = CARTESIAN_POINT('',(28.90249223595,-63.20124611797,12.99));
#3098 = CIRCLE('',#3099,0.45);
#3099 = AXIS2_PLACEMENT_3D('',#3100,#3101,#3102);
#3100 = CARTESIAN_POINT('',(28.5,-63.,12.99));
#3101 = DIRECTION('',(0.,0.,1.));
#3102 = DIRECTION('',(1.,0.,0.));
#3103 = ORIENTED_EDGE('',*,*,#3104,.T.);
#3104 = EDGE_CURVE('',#3096,#2344,#3105,.T.);
#3105 = LINE('',#3106,#3107);
#3106 = CARTESIAN_POINT('',(28.90249223595,-63.20124611797,12.99));
#3107 = VECTOR('',#3108,1.);
#3108 = DIRECTION('',(0.,0.,1.));
#3109 = ORIENTED_EDGE('',*,*,#2343,.T.);
#3110 = ORIENTED_EDGE('',*,*,#2379,.T.);
#3111 = CYLINDRICAL_SURFACE('',#3112,0.45);
#3112 = AXIS2_PLACEMENT_3D('',#3113,#3114,#3115);
#3113 = CARTESIAN_POINT('',(28.5,-63.,12.99));
#3114 = DIRECTION('',(-0.,-0.,-1.));
#3115 = DIRECTION('',(1.,0.,0.));
#3116 = ADVANCED_FACE('',(#3117),#3135,.F.);
#3117 = FACE_BOUND('',#3118,.F.);
#3118 = EDGE_LOOP('',(#3119,#3127,#3128,#3129));
#3119 = ORIENTED_EDGE('',*,*,#3120,.T.);
#3120 = EDGE_CURVE('',#3121,#2363,#3123,.T.);
#3121 = VERTEX_POINT('',#3122);
#3122 = CARTESIAN_POINT('',(27.09750776405,-64.79875388202,12.99));
#3123 = LINE('',#3124,#3125);
#3124 = CARTESIAN_POINT('',(27.09750776405,-64.79875388202,12.99));
#3125 = VECTOR('',#3126,1.);
#3126 = DIRECTION('',(0.,0.,1.));
#3127 = ORIENTED_EDGE('',*,*,#2371,.T.);
#3128 = ORIENTED_EDGE('',*,*,#3078,.F.);
#3129 = ORIENTED_EDGE('',*,*,#3130,.F.);
#3130 = EDGE_CURVE('',#3121,#3079,#3131,.T.);
#3131 = LINE('',#3132,#3133);
#3132 = CARTESIAN_POINT('',(27.09750776405,-64.79875388202,12.99));
#3133 = VECTOR('',#3134,1.);
#3134 = DIRECTION('',(0.4472135955,0.894427191,0.));
#3135 = PLANE('',#3136);
#3136 = AXIS2_PLACEMENT_3D('',#3137,#3138,#3139);
#3137 = CARTESIAN_POINT('',(27.09750776405,-64.79875388202,12.99));
#3138 = DIRECTION('',(-0.894427191,0.4472135955,0.));
#3139 = DIRECTION('',(0.4472135955,0.894427191,0.));
#3140 = ADVANCED_FACE('',(#3141),#3160,.F.);
#3141 = FACE_BOUND('',#3142,.T.);
#3142 = EDGE_LOOP('',(#3143,#3152,#3153,#3154));
#3143 = ORIENTED_EDGE('',*,*,#3144,.F.);
#3144 = EDGE_CURVE('',#3121,#3145,#3147,.T.);
#3145 = VERTEX_POINT('',#3146);
#3146 = CARTESIAN_POINT('',(27.90249223595,-65.20124611797,12.99));
#3147 = CIRCLE('',#3148,0.45);
#3148 = AXIS2_PLACEMENT_3D('',#3149,#3150,#3151);
#3149 = CARTESIAN_POINT('',(27.5,-65.,12.99));
#3150 = DIRECTION('',(0.,0.,1.));
#3151 = DIRECTION('',(1.,0.,0.));
#3152 = ORIENTED_EDGE('',*,*,#3120,.T.);
#3153 = ORIENTED_EDGE('',*,*,#2362,.T.);
#3154 = ORIENTED_EDGE('',*,*,#3155,.F.);
#3155 = EDGE_CURVE('',#3145,#2355,#3156,.T.);
#3156 = LINE('',#3157,#3158);
#3157 = CARTESIAN_POINT('',(27.90249223595,-65.20124611797,12.99));
#3158 = VECTOR('',#3159,1.);
#3159 = DIRECTION('',(0.,0.,1.));
#3160 = CYLINDRICAL_SURFACE('',#3161,0.45);
#3161 = AXIS2_PLACEMENT_3D('',#3162,#3163,#3164);
#3162 = CARTESIAN_POINT('',(27.5,-65.,12.99));
#3163 = DIRECTION('',(-0.,-0.,-1.));
#3164 = DIRECTION('',(1.,0.,0.));
#3165 = ADVANCED_FACE('',(#3166),#3177,.F.);
#3166 = FACE_BOUND('',#3167,.F.);
#3167 = EDGE_LOOP('',(#3168,#3169,#3170,#3171));
#3168 = ORIENTED_EDGE('',*,*,#3104,.T.);
#3169 = ORIENTED_EDGE('',*,*,#2354,.T.);
#3170 = ORIENTED_EDGE('',*,*,#3155,.F.);
#3171 = ORIENTED_EDGE('',*,*,#3172,.F.);
#3172 = EDGE_CURVE('',#3096,#3145,#3173,.T.);
#3173 = LINE('',#3174,#3175);
#3174 = CARTESIAN_POINT('',(28.90249223595,-63.20124611797,12.99));
#3175 = VECTOR('',#3176,1.);
#3176 = DIRECTION('',(-0.4472135955,-0.894427191,0.));
#3177 = PLANE('',#3178);
#3178 = AXIS2_PLACEMENT_3D('',#3179,#3180,#3181);
#3179 = CARTESIAN_POINT('',(28.90249223595,-63.20124611797,12.99));
#3180 = DIRECTION('',(0.894427191,-0.4472135955,0.));
#3181 = DIRECTION('',(-0.4472135955,-0.894427191,0.));
#3182 = ADVANCED_FACE('',(#3183),#3219,.F.);
#3183 = FACE_BOUND('',#3184,.T.);
#3184 = EDGE_LOOP('',(#3185,#3193,#3202,#3211,#3217,#3218));
#3185 = ORIENTED_EDGE('',*,*,#3186,.F.);
#3186 = EDGE_CURVE('',#3187,#2417,#3189,.T.);
#3187 = VERTEX_POINT('',#3188);
#3188 = CARTESIAN_POINT('',(30.59750776405,-62.79875388202,12.99));
#3189 = LINE('',#3190,#3191);
#3190 = CARTESIAN_POINT('',(30.59750776405,-62.79875388202,12.99));
#3191 = VECTOR('',#3192,1.);
#3192 = DIRECTION('',(0.,0.,1.));
#3193 = ORIENTED_EDGE('',*,*,#3194,.F.);
#3194 = EDGE_CURVE('',#3195,#3187,#3197,.T.);
#3195 = VERTEX_POINT('',#3196);
#3196 = CARTESIAN_POINT('',(31.45,-63.,12.99));
#3197 = CIRCLE('',#3198,0.45);
#3198 = AXIS2_PLACEMENT_3D('',#3199,#3200,#3201);
#3199 = CARTESIAN_POINT('',(31.,-63.,12.99));
#3200 = DIRECTION('',(0.,0.,1.));
#3201 = DIRECTION('',(1.,0.,0.));
#3202 = ORIENTED_EDGE('',*,*,#3203,.F.);
#3203 = EDGE_CURVE('',#3204,#3195,#3206,.T.);
#3204 = VERTEX_POINT('',#3205);
#3205 = CARTESIAN_POINT('',(31.40249223595,-63.20124611797,12.99));
#3206 = CIRCLE('',#3207,0.45);
#3207 = AXIS2_PLACEMENT_3D('',#3208,#3209,#3210);
#3208 = CARTESIAN_POINT('',(31.,-63.,12.99));
#3209 = DIRECTION('',(0.,0.,1.));
#3210 = DIRECTION('',(1.,0.,0.));
#3211 = ORIENTED_EDGE('',*,*,#3212,.T.);
#3212 = EDGE_CURVE('',#3204,#2389,#3213,.T.);
#3213 = LINE('',#3214,#3215);
#3214 = CARTESIAN_POINT('',(31.40249223595,-63.20124611797,12.99));
#3215 = VECTOR('',#3216,1.);
#3216 = DIRECTION('',(0.,0.,1.));
#3217 = ORIENTED_EDGE('',*,*,#2388,.T.);
#3218 = ORIENTED_EDGE('',*,*,#2424,.T.);
#3219 = CYLINDRICAL_SURFACE('',#3220,0.45);
#3220 = AXIS2_PLACEMENT_3D('',#3221,#3222,#3223);
#3221 = CARTESIAN_POINT('',(31.,-63.,12.99));
#3222 = DIRECTION('',(-0.,-0.,-1.));
#3223 = DIRECTION('',(1.,0.,0.));
#3224 = ADVANCED_FACE('',(#3225),#3243,.F.);
#3225 = FACE_BOUND('',#3226,.F.);
#3226 = EDGE_LOOP('',(#3227,#3235,#3236,#3237));
#3227 = ORIENTED_EDGE('',*,*,#3228,.T.);
#3228 = EDGE_CURVE('',#3229,#2408,#3231,.T.);
#3229 = VERTEX_POINT('',#3230);
#3230 = CARTESIAN_POINT('',(29.59750776405,-64.79875388202,12.99));
#3231 = LINE('',#3232,#3233);
#3232 = CARTESIAN_POINT('',(29.59750776405,-64.79875388202,12.99));
#3233 = VECTOR('',#3234,1.);
#3234 = DIRECTION('',(0.,0.,1.));
#3235 = ORIENTED_EDGE('',*,*,#2416,.T.);
#3236 = ORIENTED_EDGE('',*,*,#3186,.F.);
#3237 = ORIENTED_EDGE('',*,*,#3238,.F.);
#3238 = EDGE_CURVE('',#3229,#3187,#3239,.T.);
#3239 = LINE('',#3240,#3241);
#3240 = CARTESIAN_POINT('',(29.59750776405,-64.79875388202,12.99));
#3241 = VECTOR('',#3242,1.);
#3242 = DIRECTION('',(0.4472135955,0.894427191,0.));
#3243 = PLANE('',#3244);
#3244 = AXIS2_PLACEMENT_3D('',#3245,#3246,#3247);
#3245 = CARTESIAN_POINT('',(29.59750776405,-64.79875388202,12.99));
#3246 = DIRECTION('',(-0.894427191,0.4472135955,0.));
#3247 = DIRECTION('',(0.4472135955,0.894427191,0.));
#3248 = ADVANCED_FACE('',(#3249),#3268,.F.);
#3249 = FACE_BOUND('',#3250,.T.);
#3250 = EDGE_LOOP('',(#3251,#3260,#3261,#3262));
#3251 = ORIENTED_EDGE('',*,*,#3252,.F.);
#3252 = EDGE_CURVE('',#3229,#3253,#3255,.T.);
#3253 = VERTEX_POINT('',#3254);
#3254 = CARTESIAN_POINT('',(30.40249223595,-65.20124611797,12.99));
#3255 = CIRCLE('',#3256,0.45);
#3256 = AXIS2_PLACEMENT_3D('',#3257,#3258,#3259);
#3257 = CARTESIAN_POINT('',(30.,-65.,12.99));
#3258 = DIRECTION('',(0.,0.,1.));
#3259 = DIRECTION('',(1.,0.,0.));
#3260 = ORIENTED_EDGE('',*,*,#3228,.T.);
#3261 = ORIENTED_EDGE('',*,*,#2407,.T.);
#3262 = ORIENTED_EDGE('',*,*,#3263,.F.);
#3263 = EDGE_CURVE('',#3253,#2400,#3264,.T.);
#3264 = LINE('',#3265,#3266);
#3265 = CARTESIAN_POINT('',(30.40249223595,-65.20124611797,12.99));
#3266 = VECTOR('',#3267,1.);
#3267 = DIRECTION('',(0.,0.,1.));
#3268 = CYLINDRICAL_SURFACE('',#3269,0.45);
#3269 = AXIS2_PLACEMENT_3D('',#3270,#3271,#3272);
#3270 = CARTESIAN_POINT('',(30.,-65.,12.99));
#3271 = DIRECTION('',(-0.,-0.,-1.));
#3272 = DIRECTION('',(1.,0.,0.));
#3273 = ADVANCED_FACE('',(#3274),#3285,.F.);
#3274 = FACE_BOUND('',#3275,.F.);
#3275 = EDGE_LOOP('',(#3276,#3277,#3278,#3279));
#3276 = ORIENTED_EDGE('',*,*,#3212,.T.);
#3277 = ORIENTED_EDGE('',*,*,#2399,.T.);
#3278 = ORIENTED_EDGE('',*,*,#3263,.F.);
#3279 = ORIENTED_EDGE('',*,*,#3280,.F.);
#3280 = EDGE_CURVE('',#3204,#3253,#3281,.T.);
#3281 = LINE('',#3282,#3283);
#3282 = CARTESIAN_POINT('',(31.40249223595,-63.20124611797,12.99));
#3283 = VECTOR('',#3284,1.);
#3284 = DIRECTION('',(-0.4472135955,-0.894427191,0.));
#3285 = PLANE('',#3286);
#3286 = AXIS2_PLACEMENT_3D('',#3287,#3288,#3289);
#3287 = CARTESIAN_POINT('',(31.40249223595,-63.20124611797,12.99));
#3288 = DIRECTION('',(0.894427191,-0.4472135955,0.));
#3289 = DIRECTION('',(-0.4472135955,-0.894427191,0.));
#3290 = ADVANCED_FACE('',(#3291),#3316,.F.);
#3291 = FACE_BOUND('',#3292,.F.);
#3292 = EDGE_LOOP('',(#3293,#3301,#3309,#3315));
#3293 = ORIENTED_EDGE('',*,*,#3294,.T.);
#3294 = EDGE_CURVE('',#2434,#3295,#3297,.T.);
#3295 = VERTEX_POINT('',#3296);
#3296 = CARTESIAN_POINT('',(30.49160797831,-53.,12.99));
#3297 = LINE('',#3298,#3299);
#3298 = CARTESIAN_POINT('',(30.49160797831,-53.,12.99));
#3299 = VECTOR('',#3300,1.);
#3300 = DIRECTION('',(-0.,-0.,-1.));
#3301 = ORIENTED_EDGE('',*,*,#3302,.T.);
#3302 = EDGE_CURVE('',#3295,#3303,#3305,.T.);
#3303 = VERTEX_POINT('',#3304);
#3304 = CARTESIAN_POINT('',(29.30839202169,-53.,12.99));
#3305 = LINE('',#3306,#3307);
#3306 = CARTESIAN_POINT('',(33.143912304081,-53.,12.99));
#3307 = VECTOR('',#3308,1.);
#3308 = DIRECTION('',(-1.,0.,0.));
#3309 = ORIENTED_EDGE('',*,*,#3310,.F.);
#3310 = EDGE_CURVE('',#2436,#3303,#3311,.T.);
#3311 = LINE('',#3312,#3313);
#3312 = CARTESIAN_POINT('',(29.30839202169,-53.,12.99));
#3313 = VECTOR('',#3314,1.);
#3314 = DIRECTION('',(-0.,-0.,-1.));
#3315 = ORIENTED_EDGE('',*,*,#2433,.F.);
#3316 = PLANE('',#3317);
#3317 = AXIS2_PLACEMENT_3D('',#3318,#3319,#3320);
#3318 = CARTESIAN_POINT('',(29.25,-53.,11.7));
#3319 = DIRECTION('',(0.,1.,0.));
#3320 = DIRECTION('',(0.,0.,1.));
#3321 = ADVANCED_FACE('',(#3322),#3344,.F.);
#3322 = FACE_BOUND('',#3323,.T.);
#3323 = EDGE_LOOP('',(#3324,#3325,#3326,#3327,#3328,#3337));
#3324 = ORIENTED_EDGE('',*,*,#3310,.F.);
#3325 = ORIENTED_EDGE('',*,*,#2452,.T.);
#3326 = ORIENTED_EDGE('',*,*,#2443,.T.);
#3327 = ORIENTED_EDGE('',*,*,#3294,.T.);
#3328 = ORIENTED_EDGE('',*,*,#3329,.F.);
#3329 = EDGE_CURVE('',#3330,#3295,#3332,.T.);
#3330 = VERTEX_POINT('',#3331);
#3331 = CARTESIAN_POINT('',(31.7,-54.7,12.99));
#3332 = CIRCLE('',#3333,1.8);
#3333 = AXIS2_PLACEMENT_3D('',#3334,#3335,#3336);
#3334 = CARTESIAN_POINT('',(29.9,-54.7,12.99));
#3335 = DIRECTION('',(0.,0.,1.));
#3336 = DIRECTION('',(1.,0.,0.));
#3337 = ORIENTED_EDGE('',*,*,#3338,.F.);
#3338 = EDGE_CURVE('',#3303,#3330,#3339,.T.);
#3339 = CIRCLE('',#3340,1.8);
#3340 = AXIS2_PLACEMENT_3D('',#3341,#3342,#3343);
#3341 = CARTESIAN_POINT('',(29.9,-54.7,12.99));
#3342 = DIRECTION('',(0.,0.,1.));
#3343 = DIRECTION('',(1.,0.,0.));
#3344 = CYLINDRICAL_SURFACE('',#3345,1.8);
#3345 = AXIS2_PLACEMENT_3D('',#3346,#3347,#3348);
#3346 = CARTESIAN_POINT('',(29.9,-54.7,12.99));
#3347 = DIRECTION('',(-0.,-0.,-1.));
#3348 = DIRECTION('',(1.,0.,0.));
#3349 = ADVANCED_FACE('',(#3350),#3386,.F.);
#3350 = FACE_BOUND('',#3351,.T.);
#3351 = EDGE_LOOP('',(#3352,#3360,#3369,#3378,#3384,#3385));
#3352 = ORIENTED_EDGE('',*,*,#3353,.F.);
#3353 = EDGE_CURVE('',#3354,#2490,#3356,.T.);
#3354 = VERTEX_POINT('',#3355);
#3355 = CARTESIAN_POINT('',(33.09750776405,-62.79875388202,12.99));
#3356 = LINE('',#3357,#3358);
#3357 = CARTESIAN_POINT('',(33.09750776405,-62.79875388202,12.99));
#3358 = VECTOR('',#3359,1.);
#3359 = DIRECTION('',(0.,0.,1.));
#3360 = ORIENTED_EDGE('',*,*,#3361,.F.);
#3361 = EDGE_CURVE('',#3362,#3354,#3364,.T.);
#3362 = VERTEX_POINT('',#3363);
#3363 = CARTESIAN_POINT('',(33.95,-63.,12.99));
#3364 = CIRCLE('',#3365,0.45);
#3365 = AXIS2_PLACEMENT_3D('',#3366,#3367,#3368);
#3366 = CARTESIAN_POINT('',(33.5,-63.,12.99));
#3367 = DIRECTION('',(0.,0.,1.));
#3368 = DIRECTION('',(1.,0.,0.));
#3369 = ORIENTED_EDGE('',*,*,#3370,.F.);
#3370 = EDGE_CURVE('',#3371,#3362,#3373,.T.);
#3371 = VERTEX_POINT('',#3372);
#3372 = CARTESIAN_POINT('',(33.90249223595,-63.20124611797,12.99));
#3373 = CIRCLE('',#3374,0.45);
#3374 = AXIS2_PLACEMENT_3D('',#3375,#3376,#3377);
#3375 = CARTESIAN_POINT('',(33.5,-63.,12.99));
#3376 = DIRECTION('',(0.,0.,1.));
#3377 = DIRECTION('',(1.,0.,0.));
#3378 = ORIENTED_EDGE('',*,*,#3379,.T.);
#3379 = EDGE_CURVE('',#3371,#2462,#3380,.T.);
#3380 = LINE('',#3381,#3382);
#3381 = CARTESIAN_POINT('',(33.90249223595,-63.20124611797,12.99));
#3382 = VECTOR('',#3383,1.);
#3383 = DIRECTION('',(0.,0.,1.));
#3384 = ORIENTED_EDGE('',*,*,#2461,.T.);
#3385 = ORIENTED_EDGE('',*,*,#2497,.T.);
#3386 = CYLINDRICAL_SURFACE('',#3387,0.45);
#3387 = AXIS2_PLACEMENT_3D('',#3388,#3389,#3390);
#3388 = CARTESIAN_POINT('',(33.5,-63.,12.99));
#3389 = DIRECTION('',(-0.,-0.,-1.));
#3390 = DIRECTION('',(1.,0.,0.));
#3391 = ADVANCED_FACE('',(#3392),#3410,.F.);
#3392 = FACE_BOUND('',#3393,.F.);
#3393 = EDGE_LOOP('',(#3394,#3402,#3403,#3404));
#3394 = ORIENTED_EDGE('',*,*,#3395,.T.);
#3395 = EDGE_CURVE('',#3396,#2481,#3398,.T.);
#3396 = VERTEX_POINT('',#3397);
#3397 = CARTESIAN_POINT('',(32.09750776405,-64.79875388202,12.99));
#3398 = LINE('',#3399,#3400);
#3399 = CARTESIAN_POINT('',(32.09750776405,-64.79875388202,12.99));
#3400 = VECTOR('',#3401,1.);
#3401 = DIRECTION('',(0.,0.,1.));
#3402 = ORIENTED_EDGE('',*,*,#2489,.T.);
#3403 = ORIENTED_EDGE('',*,*,#3353,.F.);
#3404 = ORIENTED_EDGE('',*,*,#3405,.F.);
#3405 = EDGE_CURVE('',#3396,#3354,#3406,.T.);
#3406 = LINE('',#3407,#3408);
#3407 = CARTESIAN_POINT('',(32.09750776405,-64.79875388202,12.99));
#3408 = VECTOR('',#3409,1.);
#3409 = DIRECTION('',(0.4472135955,0.894427191,0.));
#3410 = PLANE('',#3411);
#3411 = AXIS2_PLACEMENT_3D('',#3412,#3413,#3414);
#3412 = CARTESIAN_POINT('',(32.09750776405,-64.79875388202,12.99));
#3413 = DIRECTION('',(-0.894427191,0.4472135955,0.));
#3414 = DIRECTION('',(0.4472135955,0.894427191,0.));
#3415 = ADVANCED_FACE('',(#3416),#3435,.F.);
#3416 = FACE_BOUND('',#3417,.T.);
#3417 = EDGE_LOOP('',(#3418,#3427,#3428,#3429));
#3418 = ORIENTED_EDGE('',*,*,#3419,.F.);
#3419 = EDGE_CURVE('',#3396,#3420,#3422,.T.);
#3420 = VERTEX_POINT('',#3421);
#3421 = CARTESIAN_POINT('',(32.90249223595,-65.20124611797,12.99));
#3422 = CIRCLE('',#3423,0.45);
#3423 = AXIS2_PLACEMENT_3D('',#3424,#3425,#3426);
#3424 = CARTESIAN_POINT('',(32.5,-65.,12.99));
#3425 = DIRECTION('',(0.,0.,1.));
#3426 = DIRECTION('',(1.,0.,0.));
#3427 = ORIENTED_EDGE('',*,*,#3395,.T.);
#3428 = ORIENTED_EDGE('',*,*,#2480,.T.);
#3429 = ORIENTED_EDGE('',*,*,#3430,.F.);
#3430 = EDGE_CURVE('',#3420,#2473,#3431,.T.);
#3431 = LINE('',#3432,#3433);
#3432 = CARTESIAN_POINT('',(32.90249223595,-65.20124611797,12.99));
#3433 = VECTOR('',#3434,1.);
#3434 = DIRECTION('',(0.,0.,1.));
#3435 = CYLINDRICAL_SURFACE('',#3436,0.45);
#3436 = AXIS2_PLACEMENT_3D('',#3437,#3438,#3439);
#3437 = CARTESIAN_POINT('',(32.5,-65.,12.99));
#3438 = DIRECTION('',(-0.,-0.,-1.));
#3439 = DIRECTION('',(1.,0.,0.));
#3440 = ADVANCED_FACE('',(#3441),#3452,.F.);
#3441 = FACE_BOUND('',#3442,.F.);
#3442 = EDGE_LOOP('',(#3443,#3444,#3445,#3446));
#3443 = ORIENTED_EDGE('',*,*,#3379,.T.);
#3444 = ORIENTED_EDGE('',*,*,#2472,.T.);
#3445 = ORIENTED_EDGE('',*,*,#3430,.F.);
#3446 = ORIENTED_EDGE('',*,*,#3447,.F.);
#3447 = EDGE_CURVE('',#3371,#3420,#3448,.T.);
#3448 = LINE('',#3449,#3450);
#3449 = CARTESIAN_POINT('',(33.90249223595,-63.20124611797,12.99));
#3450 = VECTOR('',#3451,1.);
#3451 = DIRECTION('',(-0.4472135955,-0.894427191,0.));
#3452 = PLANE('',#3453);
#3453 = AXIS2_PLACEMENT_3D('',#3454,#3455,#3456);
#3454 = CARTESIAN_POINT('',(33.90249223595,-63.20124611797,12.99));
#3455 = DIRECTION('',(0.894427191,-0.4472135955,0.));
#3456 = DIRECTION('',(-0.4472135955,-0.894427191,0.));
#3457 = ADVANCED_FACE('',(#3458),#3494,.F.);
#3458 = FACE_BOUND('',#3459,.T.);
#3459 = EDGE_LOOP('',(#3460,#3468,#3477,#3486,#3492,#3493));
#3460 = ORIENTED_EDGE('',*,*,#3461,.F.);
#3461 = EDGE_CURVE('',#3462,#2535,#3464,.T.);
#3462 = VERTEX_POINT('',#3463);
#3463 = CARTESIAN_POINT('',(35.59750776405,-62.79875388202,12.99));
#3464 = LINE('',#3465,#3466);
#3465 = CARTESIAN_POINT('',(35.59750776405,-62.79875388202,12.99));
#3466 = VECTOR('',#3467,1.);
#3467 = DIRECTION('',(0.,0.,1.));
#3468 = ORIENTED_EDGE('',*,*,#3469,.F.);
#3469 = EDGE_CURVE('',#3470,#3462,#3472,.T.);
#3470 = VERTEX_POINT('',#3471);
#3471 = CARTESIAN_POINT('',(36.45,-63.,12.99));
#3472 = CIRCLE('',#3473,0.45);
#3473 = AXIS2_PLACEMENT_3D('',#3474,#3475,#3476);
#3474 = CARTESIAN_POINT('',(36.,-63.,12.99));
#3475 = DIRECTION('',(0.,0.,1.));
#3476 = DIRECTION('',(1.,0.,0.));
#3477 = ORIENTED_EDGE('',*,*,#3478,.F.);
#3478 = EDGE_CURVE('',#3479,#3470,#3481,.T.);
#3479 = VERTEX_POINT('',#3480);
#3480 = CARTESIAN_POINT('',(36.40249223595,-63.20124611797,12.99));
#3481 = CIRCLE('',#3482,0.45);
#3482 = AXIS2_PLACEMENT_3D('',#3483,#3484,#3485);
#3483 = CARTESIAN_POINT('',(36.,-63.,12.99));
#3484 = DIRECTION('',(0.,0.,1.));
#3485 = DIRECTION('',(1.,0.,0.));
#3486 = ORIENTED_EDGE('',*,*,#3487,.T.);
#3487 = EDGE_CURVE('',#3479,#2507,#3488,.T.);
#3488 = LINE('',#3489,#3490);
#3489 = CARTESIAN_POINT('',(36.40249223595,-63.20124611797,12.99));
#3490 = VECTOR('',#3491,1.);
#3491 = DIRECTION('',(0.,0.,1.));
#3492 = ORIENTED_EDGE('',*,*,#2506,.T.);
#3493 = ORIENTED_EDGE('',*,*,#2542,.T.);
#3494 = CYLINDRICAL_SURFACE('',#3495,0.45);
#3495 = AXIS2_PLACEMENT_3D('',#3496,#3497,#3498);
#3496 = CARTESIAN_POINT('',(36.,-63.,12.99));
#3497 = DIRECTION('',(-0.,-0.,-1.));
#3498 = DIRECTION('',(1.,0.,0.));
#3499 = ADVANCED_FACE('',(#3500),#3518,.F.);
#3500 = FACE_BOUND('',#3501,.F.);
#3501 = EDGE_LOOP('',(#3502,#3510,#3511,#3512));
#3502 = ORIENTED_EDGE('',*,*,#3503,.T.);
#3503 = EDGE_CURVE('',#3504,#2526,#3506,.T.);
#3504 = VERTEX_POINT('',#3505);
#3505 = CARTESIAN_POINT('',(34.59750776405,-64.79875388202,12.99));
#3506 = LINE('',#3507,#3508);
#3507 = CARTESIAN_POINT('',(34.59750776405,-64.79875388202,12.99));
#3508 = VECTOR('',#3509,1.);
#3509 = DIRECTION('',(0.,0.,1.));
#3510 = ORIENTED_EDGE('',*,*,#2534,.T.);
#3511 = ORIENTED_EDGE('',*,*,#3461,.F.);
#3512 = ORIENTED_EDGE('',*,*,#3513,.F.);
#3513 = EDGE_CURVE('',#3504,#3462,#3514,.T.);
#3514 = LINE('',#3515,#3516);
#3515 = CARTESIAN_POINT('',(34.59750776405,-64.79875388202,12.99));
#3516 = VECTOR('',#3517,1.);
#3517 = DIRECTION('',(0.4472135955,0.894427191,0.));
#3518 = PLANE('',#3519);
#3519 = AXIS2_PLACEMENT_3D('',#3520,#3521,#3522);
#3520 = CARTESIAN_POINT('',(34.59750776405,-64.79875388202,12.99));
#3521 = DIRECTION('',(-0.894427191,0.4472135955,0.));
#3522 = DIRECTION('',(0.4472135955,0.894427191,0.));
#3523 = ADVANCED_FACE('',(#3524),#3543,.F.);
#3524 = FACE_BOUND('',#3525,.T.);
#3525 = EDGE_LOOP('',(#3526,#3535,#3536,#3537));
#3526 = ORIENTED_EDGE('',*,*,#3527,.F.);
#3527 = EDGE_CURVE('',#3504,#3528,#3530,.T.);
#3528 = VERTEX_POINT('',#3529);
#3529 = CARTESIAN_POINT('',(35.40249223595,-65.20124611797,12.99));
#3530 = CIRCLE('',#3531,0.45);
#3531 = AXIS2_PLACEMENT_3D('',#3532,#3533,#3534);
#3532 = CARTESIAN_POINT('',(35.,-65.,12.99));
#3533 = DIRECTION('',(0.,0.,1.));
#3534 = DIRECTION('',(1.,0.,0.));
#3535 = ORIENTED_EDGE('',*,*,#3503,.T.);
#3536 = ORIENTED_EDGE('',*,*,#2525,.T.);
#3537 = ORIENTED_EDGE('',*,*,#3538,.F.);
#3538 = EDGE_CURVE('',#3528,#2518,#3539,.T.);
#3539 = LINE('',#3540,#3541);
#3540 = CARTESIAN_POINT('',(35.40249223595,-65.20124611797,12.99));
#3541 = VECTOR('',#3542,1.);
#3542 = DIRECTION('',(0.,0.,1.));
#3543 = CYLINDRICAL_SURFACE('',#3544,0.45);
#3544 = AXIS2_PLACEMENT_3D('',#3545,#3546,#3547);
#3545 = CARTESIAN_POINT('',(35.,-65.,12.99));
#3546 = DIRECTION('',(-0.,-0.,-1.));
#3547 = DIRECTION('',(1.,0.,0.));
#3548 = ADVANCED_FACE('',(#3549),#3560,.F.);
#3549 = FACE_BOUND('',#3550,.F.);
#3550 = EDGE_LOOP('',(#3551,#3552,#3553,#3554));
#3551 = ORIENTED_EDGE('',*,*,#3487,.T.);
#3552 = ORIENTED_EDGE('',*,*,#2517,.T.);
#3553 = ORIENTED_EDGE('',*,*,#3538,.F.);
#3554 = ORIENTED_EDGE('',*,*,#3555,.F.);
#3555 = EDGE_CURVE('',#3479,#3528,#3556,.T.);
#3556 = LINE('',#3557,#3558);
#3557 = CARTESIAN_POINT('',(36.40249223595,-63.20124611797,12.99));
#3558 = VECTOR('',#3559,1.);
#3559 = DIRECTION('',(-0.4472135955,-0.894427191,0.));
#3560 = PLANE('',#3561);
#3561 = AXIS2_PLACEMENT_3D('',#3562,#3563,#3564);
#3562 = CARTESIAN_POINT('',(36.40249223595,-63.20124611797,12.99));
#3563 = DIRECTION('',(0.894427191,-0.4472135955,0.));
#3564 = DIRECTION('',(-0.4472135955,-0.894427191,0.));
#3565 = ADVANCED_FACE('',(#3566),#3585,.F.);
#3566 = FACE_BOUND('',#3567,.T.);
#3567 = EDGE_LOOP('',(#3568,#3576,#3577,#3578));
#3568 = ORIENTED_EDGE('',*,*,#3569,.T.);
#3569 = EDGE_CURVE('',#3570,#2552,#3572,.T.);
#3570 = VERTEX_POINT('',#3571);
#3571 = CARTESIAN_POINT('',(35.1,-58.,12.99));
#3572 = LINE('',#3573,#3574);
#3573 = CARTESIAN_POINT('',(35.1,-58.,12.99));
#3574 = VECTOR('',#3575,1.);
#3575 = DIRECTION('',(0.,0.,1.));
#3576 = ORIENTED_EDGE('',*,*,#2551,.T.);
#3577 = ORIENTED_EDGE('',*,*,#3569,.F.);
#3578 = ORIENTED_EDGE('',*,*,#3579,.F.);
#3579 = EDGE_CURVE('',#3570,#3570,#3580,.T.);
#3580 = CIRCLE('',#3581,1.8);
#3581 = AXIS2_PLACEMENT_3D('',#3582,#3583,#3584);
#3582 = CARTESIAN_POINT('',(33.3,-58.,12.99));
#3583 = DIRECTION('',(0.,0.,1.));
#3584 = DIRECTION('',(1.,0.,0.));
#3585 = CYLINDRICAL_SURFACE('',#3586,1.8);
#3586 = AXIS2_PLACEMENT_3D('',#3587,#3588,#3589);
#3587 = CARTESIAN_POINT('',(33.3,-58.,12.99));
#3588 = DIRECTION('',(-0.,-0.,-1.));
#3589 = DIRECTION('',(1.,0.,0.));
#3590 = ADVANCED_FACE('',(#3591),#3616,.T.);
#3591 = FACE_BOUND('',#3592,.T.);
#3592 = EDGE_LOOP('',(#3593,#3601,#3602,#3610));
#3593 = ORIENTED_EDGE('',*,*,#3594,.T.);
#3594 = EDGE_CURVE('',#3595,#2563,#3597,.T.);
#3595 = VERTEX_POINT('',#3596);
#3596 = CARTESIAN_POINT('',(45.3,-63.4,12.99));
#3597 = LINE('',#3598,#3599);
#3598 = CARTESIAN_POINT('',(45.3,-63.4,12.99));
#3599 = VECTOR('',#3600,1.);
#3600 = DIRECTION('',(0.,0.,1.));
#3601 = ORIENTED_EDGE('',*,*,#2562,.T.);
#3602 = ORIENTED_EDGE('',*,*,#3603,.F.);
#3603 = EDGE_CURVE('',#3604,#2565,#3606,.T.);
#3604 = VERTEX_POINT('',#3605);
#3605 = CARTESIAN_POINT('',(41.5,-63.4,12.99));
#3606 = LINE('',#3607,#3608);
#3607 = CARTESIAN_POINT('',(41.5,-63.4,12.99));
#3608 = VECTOR('',#3609,1.);
#3609 = DIRECTION('',(0.,0.,1.));
#3610 = ORIENTED_EDGE('',*,*,#3611,.F.);
#3611 = EDGE_CURVE('',#3595,#3604,#3612,.T.);
#3612 = LINE('',#3613,#3614);
#3613 = CARTESIAN_POINT('',(45.3,-63.4,12.99));
#3614 = VECTOR('',#3615,1.);
#3615 = DIRECTION('',(-1.,0.,0.));
#3616 = PLANE('',#3617);
#3617 = AXIS2_PLACEMENT_3D('',#3618,#3619,#3620);
#3618 = CARTESIAN_POINT('',(45.3,-63.4,12.99));
#3619 = DIRECTION('',(0.,-1.,0.));
#3620 = DIRECTION('',(-1.,0.,0.));
#3621 = ADVANCED_FACE('',(#3622),#3651,.F.);
#3622 = FACE_BOUND('',#3623,.T.);
#3623 = EDGE_LOOP('',(#3624,#3632,#3641,#3648,#3649,#3650));
#3624 = ORIENTED_EDGE('',*,*,#3625,.F.);
#3625 = EDGE_CURVE('',#3626,#2591,#3628,.T.);
#3626 = VERTEX_POINT('',#3627);
#3627 = CARTESIAN_POINT('',(41.5,-64.4,12.99));
#3628 = LINE('',#3629,#3630);
#3629 = CARTESIAN_POINT('',(41.5,-64.4,12.99));
#3630 = VECTOR('',#3631,1.);
#3631 = DIRECTION('',(0.,0.,1.));
#3632 = ORIENTED_EDGE('',*,*,#3633,.F.);
#3633 = EDGE_CURVE('',#3634,#3626,#3636,.T.);
#3634 = VERTEX_POINT('',#3635);
#3635 = CARTESIAN_POINT('',(41.,-63.9,12.99));
#3636 = CIRCLE('',#3637,0.5);
#3637 = AXIS2_PLACEMENT_3D('',#3638,#3639,#3640);
#3638 = CARTESIAN_POINT('',(41.5,-63.9,12.99));
#3639 = DIRECTION('',(0.,0.,1.));
#3640 = DIRECTION('',(-1.,1.421E-14,0.));
#3641 = ORIENTED_EDGE('',*,*,#3642,.F.);
#3642 = EDGE_CURVE('',#3604,#3634,#3643,.T.);
#3643 = CIRCLE('',#3644,0.5);
#3644 = AXIS2_PLACEMENT_3D('',#3645,#3646,#3647);
#3645 = CARTESIAN_POINT('',(41.5,-63.9,12.99));
#3646 = DIRECTION('',(0.,-0.,1.));
#3647 = DIRECTION('',(1.421E-14,1.,0.));
#3648 = ORIENTED_EDGE('',*,*,#3603,.T.);
#3649 = ORIENTED_EDGE('',*,*,#2607,.T.);
#3650 = ORIENTED_EDGE('',*,*,#2598,.T.);
#3651 = CYLINDRICAL_SURFACE('',#3652,0.5);
#3652 = AXIS2_PLACEMENT_3D('',#3653,#3654,#3655);
#3653 = CARTESIAN_POINT('',(41.5,-63.9,12.99));
#3654 = DIRECTION('',(0.,0.,-1.));
#3655 = DIRECTION('',(1.421E-14,1.,0.));
#3656 = ADVANCED_FACE('',(#3657),#3675,.T.);
#3657 = FACE_BOUND('',#3658,.T.);
#3658 = EDGE_LOOP('',(#3659,#3660,#3661,#3669));
#3659 = ORIENTED_EDGE('',*,*,#3625,.T.);
#3660 = ORIENTED_EDGE('',*,*,#2590,.T.);
#3661 = ORIENTED_EDGE('',*,*,#3662,.F.);
#3662 = EDGE_CURVE('',#3663,#2582,#3665,.T.);
#3663 = VERTEX_POINT('',#3664);
#3664 = CARTESIAN_POINT('',(45.3,-64.4,12.99));
#3665 = LINE('',#3666,#3667);
#3666 = CARTESIAN_POINT('',(45.3,-64.4,12.99));
#3667 = VECTOR('',#3668,1.);
#3668 = DIRECTION('',(0.,0.,1.));
#3669 = ORIENTED_EDGE('',*,*,#3670,.F.);
#3670 = EDGE_CURVE('',#3626,#3663,#3671,.T.);
#3671 = LINE('',#3672,#3673);
#3672 = CARTESIAN_POINT('',(41.5,-64.4,12.99));
#3673 = VECTOR('',#3674,1.);
#3674 = DIRECTION('',(1.,0.,0.));
#3675 = PLANE('',#3676);
#3676 = AXIS2_PLACEMENT_3D('',#3677,#3678,#3679);
#3677 = CARTESIAN_POINT('',(41.5,-64.4,12.99));
#3678 = DIRECTION('',(0.,1.,0.));
#3679 = DIRECTION('',(1.,0.,0.));
#3680 = ADVANCED_FACE('',(#3681),#3703,.F.);
#3681 = FACE_BOUND('',#3682,.T.);
#3682 = EDGE_LOOP('',(#3683,#3684,#3693,#3700,#3701,#3702));
#3683 = ORIENTED_EDGE('',*,*,#3594,.F.);
#3684 = ORIENTED_EDGE('',*,*,#3685,.F.);
#3685 = EDGE_CURVE('',#3686,#3595,#3688,.T.);
#3686 = VERTEX_POINT('',#3687);
#3687 = CARTESIAN_POINT('',(45.8,-63.9,12.99));
#3688 = CIRCLE('',#3689,0.5);
#3689 = AXIS2_PLACEMENT_3D('',#3690,#3691,#3692);
#3690 = CARTESIAN_POINT('',(45.3,-63.9,12.99));
#3691 = DIRECTION('',(-0.,0.,1.));
#3692 = DIRECTION('',(1.,-1.421E-14,0.));
#3693 = ORIENTED_EDGE('',*,*,#3694,.F.);
#3694 = EDGE_CURVE('',#3663,#3686,#3695,.T.);
#3695 = CIRCLE('',#3696,0.5);
#3696 = AXIS2_PLACEMENT_3D('',#3697,#3698,#3699);
#3697 = CARTESIAN_POINT('',(45.3,-63.9,12.99));
#3698 = DIRECTION('',(0.,0.,1.));
#3699 = DIRECTION('',(-1.421E-14,-1.,0.));
#3700 = ORIENTED_EDGE('',*,*,#3662,.T.);
#3701 = ORIENTED_EDGE('',*,*,#2581,.T.);
#3702 = ORIENTED_EDGE('',*,*,#2572,.T.);
#3703 = CYLINDRICAL_SURFACE('',#3704,0.5);
#3704 = AXIS2_PLACEMENT_3D('',#3705,#3706,#3707);
#3705 = CARTESIAN_POINT('',(45.3,-63.9,12.99));
#3706 = DIRECTION('',(-0.,-0.,-1.));
#3707 = DIRECTION('',(-1.421E-14,-1.,0.));
#3708 = ADVANCED_FACE('',(#3709),#3734,.T.);
#3709 = FACE_BOUND('',#3710,.T.);
#3710 = EDGE_LOOP('',(#3711,#3721,#3727,#3728));
#3711 = ORIENTED_EDGE('',*,*,#3712,.F.);
#3712 = EDGE_CURVE('',#3713,#3715,#3717,.T.);
#3713 = VERTEX_POINT('',#3714);
#3714 = CARTESIAN_POINT('',(39.3,-58.5,12.99));
#3715 = VERTEX_POINT('',#3716);
#3716 = CARTESIAN_POINT('',(41.8,-58.5,12.99));
#3717 = LINE('',#3718,#3719);
#3718 = CARTESIAN_POINT('',(39.3,-58.5,12.99));
#3719 = VECTOR('',#3720,1.);
#3720 = DIRECTION('',(1.,0.,0.));
#3721 = ORIENTED_EDGE('',*,*,#3722,.T.);
#3722 = EDGE_CURVE('',#3713,#2617,#3723,.T.);
#3723 = LINE('',#3724,#3725);
#3724 = CARTESIAN_POINT('',(39.3,-58.5,12.99));
#3725 = VECTOR('',#3726,1.);
#3726 = DIRECTION('',(0.,0.,1.));
#3727 = ORIENTED_EDGE('',*,*,#2616,.T.);
#3728 = ORIENTED_EDGE('',*,*,#3729,.T.);
#3729 = EDGE_CURVE('',#2619,#3715,#3730,.T.);
#3730 = LINE('',#3731,#3732);
#3731 = CARTESIAN_POINT('',(41.8,-58.5,12.99));
#3732 = VECTOR('',#3733,1.);
#3733 = DIRECTION('',(0.,0.,-1.));
#3734 = PLANE('',#3735);
#3735 = AXIS2_PLACEMENT_3D('',#3736,#3737,#3738);
#3736 = CARTESIAN_POINT('',(39.3,-58.5,12.99));
#3737 = DIRECTION('',(0.,1.,0.));
#3738 = DIRECTION('',(0.,0.,1.));
#3739 = ADVANCED_FACE('',(#3740),#3758,.T.);
#3740 = FACE_BOUND('',#3741,.T.);
#3741 = EDGE_LOOP('',(#3742,#3743,#3751,#3757));
#3742 = ORIENTED_EDGE('',*,*,#2706,.F.);
#3743 = ORIENTED_EDGE('',*,*,#3744,.F.);
#3744 = EDGE_CURVE('',#3745,#2699,#3747,.T.);
#3745 = VERTEX_POINT('',#3746);
#3746 = CARTESIAN_POINT('',(41.8,-61.,12.99));
#3747 = LINE('',#3748,#3749);
#3748 = CARTESIAN_POINT('',(41.8,-61.,12.99));
#3749 = VECTOR('',#3750,1.);
#3750 = DIRECTION('',(0.,0.,1.));
#3751 = ORIENTED_EDGE('',*,*,#3752,.T.);
#3752 = EDGE_CURVE('',#3745,#3715,#3753,.T.);
#3753 = LINE('',#3754,#3755);
#3754 = CARTESIAN_POINT('',(41.8,-61.,12.99));
#3755 = VECTOR('',#3756,1.);
#3756 = DIRECTION('',(0.,1.,0.));
#3757 = ORIENTED_EDGE('',*,*,#3729,.F.);
#3758 = PLANE('',#3759);
#3759 = AXIS2_PLACEMENT_3D('',#3760,#3761,#3762);
#3760 = CARTESIAN_POINT('',(41.8,-61.,12.99));
#3761 = DIRECTION('',(1.,0.,0.));
#3762 = DIRECTION('',(0.,0.,1.));
#3763 = ADVANCED_FACE('',(#3764),#3782,.T.);
#3764 = FACE_BOUND('',#3765,.T.);
#3765 = EDGE_LOOP('',(#3766,#3774,#3775,#3776));
#3766 = ORIENTED_EDGE('',*,*,#3767,.F.);
#3767 = EDGE_CURVE('',#3745,#3768,#3770,.T.);
#3768 = VERTEX_POINT('',#3769);
#3769 = CARTESIAN_POINT('',(44.,-61.,12.99));
#3770 = LINE('',#3771,#3772);
#3771 = CARTESIAN_POINT('',(41.8,-61.,12.99));
#3772 = VECTOR('',#3773,1.);
#3773 = DIRECTION('',(1.,0.,0.));
#3774 = ORIENTED_EDGE('',*,*,#3744,.T.);
#3775 = ORIENTED_EDGE('',*,*,#2698,.T.);
#3776 = ORIENTED_EDGE('',*,*,#3777,.F.);
#3777 = EDGE_CURVE('',#3768,#2691,#3778,.T.);
#3778 = LINE('',#3779,#3780);
#3779 = CARTESIAN_POINT('',(44.,-61.,12.99));
#3780 = VECTOR('',#3781,1.);
#3781 = DIRECTION('',(0.,0.,1.));
#3782 = PLANE('',#3783);
#3783 = AXIS2_PLACEMENT_3D('',#3784,#3785,#3786);
#3784 = CARTESIAN_POINT('',(41.8,-61.,12.99));
#3785 = DIRECTION('',(0.,1.,0.));
#3786 = DIRECTION('',(0.,0.,1.));
#3787 = ADVANCED_FACE('',(#3788),#3806,.F.);
#3788 = FACE_BOUND('',#3789,.F.);
#3789 = EDGE_LOOP('',(#3790,#3791,#3792,#3800));
#3790 = ORIENTED_EDGE('',*,*,#2690,.F.);
#3791 = ORIENTED_EDGE('',*,*,#3777,.F.);
#3792 = ORIENTED_EDGE('',*,*,#3793,.T.);
#3793 = EDGE_CURVE('',#3768,#3794,#3796,.T.);
#3794 = VERTEX_POINT('',#3795);
#3795 = CARTESIAN_POINT('',(44.,-58.5,12.99));
#3796 = LINE('',#3797,#3798);
#3797 = CARTESIAN_POINT('',(44.,-61.,12.99));
#3798 = VECTOR('',#3799,1.);
#3799 = DIRECTION('',(0.,1.,0.));
#3800 = ORIENTED_EDGE('',*,*,#3801,.F.);
#3801 = EDGE_CURVE('',#2683,#3794,#3802,.T.);
#3802 = LINE('',#3803,#3804);
#3803 = CARTESIAN_POINT('',(44.,-58.5,12.99));
#3804 = VECTOR('',#3805,1.);
#3805 = DIRECTION('',(0.,0.,-1.));
#3806 = PLANE('',#3807);
#3807 = AXIS2_PLACEMENT_3D('',#3808,#3809,#3810);
#3808 = CARTESIAN_POINT('',(44.,-61.,12.99));
#3809 = DIRECTION('',(1.,0.,0.));
#3810 = DIRECTION('',(0.,0.,1.));
#3811 = ADVANCED_FACE('',(#3812),#3830,.T.);
#3812 = FACE_BOUND('',#3813,.T.);
#3813 = EDGE_LOOP('',(#3814,#3822,#3823,#3824));
#3814 = ORIENTED_EDGE('',*,*,#3815,.F.);
#3815 = EDGE_CURVE('',#3794,#3816,#3818,.T.);
#3816 = VERTEX_POINT('',#3817);
#3817 = CARTESIAN_POINT('',(46.5,-58.5,12.99));
#3818 = LINE('',#3819,#3820);
#3819 = CARTESIAN_POINT('',(39.3,-58.5,12.99));
#3820 = VECTOR('',#3821,1.);
#3821 = DIRECTION('',(1.,0.,0.));
#3822 = ORIENTED_EDGE('',*,*,#3801,.F.);
#3823 = ORIENTED_EDGE('',*,*,#2682,.T.);
#3824 = ORIENTED_EDGE('',*,*,#3825,.F.);
#3825 = EDGE_CURVE('',#3816,#2675,#3826,.T.);
#3826 = LINE('',#3827,#3828);
#3827 = CARTESIAN_POINT('',(46.5,-58.5,12.99));
#3828 = VECTOR('',#3829,1.);
#3829 = DIRECTION('',(0.,0.,1.));
#3830 = PLANE('',#3831);
#3831 = AXIS2_PLACEMENT_3D('',#3832,#3833,#3834);
#3832 = CARTESIAN_POINT('',(39.3,-58.5,12.99));
#3833 = DIRECTION('',(0.,1.,0.));
#3834 = DIRECTION('',(0.,0.,1.));
#3835 = ADVANCED_FACE('',(#3836),#3854,.F.);
#3836 = FACE_BOUND('',#3837,.F.);
#3837 = EDGE_LOOP('',(#3838,#3839,#3847,#3853));
#3838 = ORIENTED_EDGE('',*,*,#3825,.F.);
#3839 = ORIENTED_EDGE('',*,*,#3840,.T.);
#3840 = EDGE_CURVE('',#3816,#3841,#3843,.T.);
#3841 = VERTEX_POINT('',#3842);
#3842 = CARTESIAN_POINT('',(46.5,-56.3,12.99));
#3843 = LINE('',#3844,#3845);
#3844 = CARTESIAN_POINT('',(46.5,-58.5,12.99));
#3845 = VECTOR('',#3846,1.);
#3846 = DIRECTION('',(0.,1.,0.));
#3847 = ORIENTED_EDGE('',*,*,#3848,.T.);
#3848 = EDGE_CURVE('',#3841,#2667,#3849,.T.);
#3849 = LINE('',#3850,#3851);
#3850 = CARTESIAN_POINT('',(46.5,-56.3,12.99));
#3851 = VECTOR('',#3852,1.);
#3852 = DIRECTION('',(0.,0.,1.));
#3853 = ORIENTED_EDGE('',*,*,#2674,.F.);
#3854 = PLANE('',#3855);
#3855 = AXIS2_PLACEMENT_3D('',#3856,#3857,#3858);
#3856 = CARTESIAN_POINT('',(46.5,-58.5,12.99));
#3857 = DIRECTION('',(1.,0.,0.));
#3858 = DIRECTION('',(0.,0.,1.));
#3859 = ADVANCED_FACE('',(#3860),#3878,.F.);
#3860 = FACE_BOUND('',#3861,.F.);
#3861 = EDGE_LOOP('',(#3862,#3870,#3876,#3877));
#3862 = ORIENTED_EDGE('',*,*,#3863,.F.);
#3863 = EDGE_CURVE('',#3864,#3841,#3866,.T.);
#3864 = VERTEX_POINT('',#3865);
#3865 = CARTESIAN_POINT('',(44.,-56.3,12.99));
#3866 = LINE('',#3867,#3868);
#3867 = CARTESIAN_POINT('',(39.3,-56.3,12.99));
#3868 = VECTOR('',#3869,1.);
#3869 = DIRECTION('',(1.,0.,0.));
#3870 = ORIENTED_EDGE('',*,*,#3871,.F.);
#3871 = EDGE_CURVE('',#2659,#3864,#3872,.T.);
#3872 = LINE('',#3873,#3874);
#3873 = CARTESIAN_POINT('',(44.,-56.3,12.99));
#3874 = VECTOR('',#3875,1.);
#3875 = DIRECTION('',(0.,0.,-1.));
#3876 = ORIENTED_EDGE('',*,*,#2666,.T.);
#3877 = ORIENTED_EDGE('',*,*,#3848,.F.);
#3878 = PLANE('',#3879);
#3879 = AXIS2_PLACEMENT_3D('',#3880,#3881,#3882);
#3880 = CARTESIAN_POINT('',(39.3,-56.3,12.99));
#3881 = DIRECTION('',(0.,1.,0.));
#3882 = DIRECTION('',(0.,0.,1.));
#3883 = ADVANCED_FACE('',(#3884),#3902,.F.);
#3884 = FACE_BOUND('',#3885,.F.);
#3885 = EDGE_LOOP('',(#3886,#3887,#3888,#3896));
#3886 = ORIENTED_EDGE('',*,*,#2658,.F.);
#3887 = ORIENTED_EDGE('',*,*,#3871,.T.);
#3888 = ORIENTED_EDGE('',*,*,#3889,.T.);
#3889 = EDGE_CURVE('',#3864,#3890,#3892,.T.);
#3890 = VERTEX_POINT('',#3891);
#3891 = CARTESIAN_POINT('',(44.,-53.8,12.99));
#3892 = LINE('',#3893,#3894);
#3893 = CARTESIAN_POINT('',(44.,-61.,12.99));
#3894 = VECTOR('',#3895,1.);
#3895 = DIRECTION('',(0.,1.,0.));
#3896 = ORIENTED_EDGE('',*,*,#3897,.T.);
#3897 = EDGE_CURVE('',#3890,#2651,#3898,.T.);
#3898 = LINE('',#3899,#3900);
#3899 = CARTESIAN_POINT('',(44.,-53.8,12.99));
#3900 = VECTOR('',#3901,1.);
#3901 = DIRECTION('',(0.,0.,1.));
#3902 = PLANE('',#3903);
#3903 = AXIS2_PLACEMENT_3D('',#3904,#3905,#3906);
#3904 = CARTESIAN_POINT('',(44.,-61.,12.99));
#3905 = DIRECTION('',(1.,0.,0.));
#3906 = DIRECTION('',(0.,0.,1.));
#3907 = ADVANCED_FACE('',(#3908),#3926,.F.);
#3908 = FACE_BOUND('',#3909,.F.);
#3909 = EDGE_LOOP('',(#3910,#3918,#3924,#3925));
#3910 = ORIENTED_EDGE('',*,*,#3911,.F.);
#3911 = EDGE_CURVE('',#3912,#3890,#3914,.T.);
#3912 = VERTEX_POINT('',#3913);
#3913 = CARTESIAN_POINT('',(41.8,-53.8,12.99));
#3914 = LINE('',#3915,#3916);
#3915 = CARTESIAN_POINT('',(41.8,-53.8,12.99));
#3916 = VECTOR('',#3917,1.);
#3917 = DIRECTION('',(1.,0.,0.));
#3918 = ORIENTED_EDGE('',*,*,#3919,.T.);
#3919 = EDGE_CURVE('',#3912,#2643,#3920,.T.);
#3920 = LINE('',#3921,#3922);
#3921 = CARTESIAN_POINT('',(41.8,-53.8,12.99));
#3922 = VECTOR('',#3923,1.);
#3923 = DIRECTION('',(0.,0.,1.));
#3924 = ORIENTED_EDGE('',*,*,#2650,.T.);
#3925 = ORIENTED_EDGE('',*,*,#3897,.F.);
#3926 = PLANE('',#3927);
#3927 = AXIS2_PLACEMENT_3D('',#3928,#3929,#3930);
#3928 = CARTESIAN_POINT('',(41.8,-53.8,12.99));
#3929 = DIRECTION('',(0.,1.,0.));
#3930 = DIRECTION('',(0.,0.,1.));
#3931 = ADVANCED_FACE('',(#3932),#3950,.T.);
#3932 = FACE_BOUND('',#3933,.T.);
#3933 = EDGE_LOOP('',(#3934,#3935,#3943,#3949));
#3934 = ORIENTED_EDGE('',*,*,#2642,.F.);
#3935 = ORIENTED_EDGE('',*,*,#3936,.T.);
#3936 = EDGE_CURVE('',#2635,#3937,#3939,.T.);
#3937 = VERTEX_POINT('',#3938);
#3938 = CARTESIAN_POINT('',(41.8,-56.3,12.99));
#3939 = LINE('',#3940,#3941);
#3940 = CARTESIAN_POINT('',(41.8,-56.3,12.99));
#3941 = VECTOR('',#3942,1.);
#3942 = DIRECTION('',(0.,0.,-1.));
#3943 = ORIENTED_EDGE('',*,*,#3944,.T.);
#3944 = EDGE_CURVE('',#3937,#3912,#3945,.T.);
#3945 = LINE('',#3946,#3947);
#3946 = CARTESIAN_POINT('',(41.8,-61.,12.99));
#3947 = VECTOR('',#3948,1.);
#3948 = DIRECTION('',(0.,1.,0.));
#3949 = ORIENTED_EDGE('',*,*,#3919,.T.);
#3950 = PLANE('',#3951);
#3951 = AXIS2_PLACEMENT_3D('',#3952,#3953,#3954);
#3952 = CARTESIAN_POINT('',(41.8,-61.,12.99));
#3953 = DIRECTION('',(1.,0.,0.));
#3954 = DIRECTION('',(0.,0.,1.));
#3955 = ADVANCED_FACE('',(#3956),#3974,.F.);
#3956 = FACE_BOUND('',#3957,.F.);
#3957 = EDGE_LOOP('',(#3958,#3966,#3972,#3973));
#3958 = ORIENTED_EDGE('',*,*,#3959,.F.);
#3959 = EDGE_CURVE('',#3960,#3937,#3962,.T.);
#3960 = VERTEX_POINT('',#3961);
#3961 = CARTESIAN_POINT('',(39.3,-56.3,12.99));
#3962 = LINE('',#3963,#3964);
#3963 = CARTESIAN_POINT('',(39.3,-56.3,12.99));
#3964 = VECTOR('',#3965,1.);
#3965 = DIRECTION('',(1.,0.,0.));
#3966 = ORIENTED_EDGE('',*,*,#3967,.T.);
#3967 = EDGE_CURVE('',#3960,#2627,#3968,.T.);
#3968 = LINE('',#3969,#3970);
#3969 = CARTESIAN_POINT('',(39.3,-56.3,12.99));
#3970 = VECTOR('',#3971,1.);
#3971 = DIRECTION('',(0.,0.,1.));
#3972 = ORIENTED_EDGE('',*,*,#2634,.T.);
#3973 = ORIENTED_EDGE('',*,*,#3936,.T.);
#3974 = PLANE('',#3975);
#3975 = AXIS2_PLACEMENT_3D('',#3976,#3977,#3978);
#3976 = CARTESIAN_POINT('',(39.3,-56.3,12.99));
#3977 = DIRECTION('',(0.,1.,0.));
#3978 = DIRECTION('',(0.,0.,1.));
#3979 = ADVANCED_FACE('',(#3980),#3991,.T.);
#3980 = FACE_BOUND('',#3981,.T.);
#3981 = EDGE_LOOP('',(#3982,#3983,#3989,#3990));
#3982 = ORIENTED_EDGE('',*,*,#3722,.F.);
#3983 = ORIENTED_EDGE('',*,*,#3984,.T.);
#3984 = EDGE_CURVE('',#3713,#3960,#3985,.T.);
#3985 = LINE('',#3986,#3987);
#3986 = CARTESIAN_POINT('',(39.3,-58.5,12.99));
#3987 = VECTOR('',#3988,1.);
#3988 = DIRECTION('',(0.,1.,0.));
#3989 = ORIENTED_EDGE('',*,*,#3967,.T.);
#3990 = ORIENTED_EDGE('',*,*,#2626,.F.);
#3991 = PLANE('',#3992);
#3992 = AXIS2_PLACEMENT_3D('',#3993,#3994,#3995);
#3993 = CARTESIAN_POINT('',(39.3,-58.5,12.99));
#3994 = DIRECTION('',(1.,0.,0.));
#3995 = DIRECTION('',(0.,0.,1.));
#3996 = ADVANCED_FACE('',(#3997),#4023,.F.);
#3997 = FACE_BOUND('',#3998,.T.);
#3998 = EDGE_LOOP('',(#3999,#4010,#4016,#4017));
#3999 = ORIENTED_EDGE('',*,*,#4000,.F.);
#4000 = EDGE_CURVE('',#4001,#4003,#4005,.T.);
#4001 = VERTEX_POINT('',#4002);
#4002 = CARTESIAN_POINT('',(29.25,-16.83493649053,12.99));
#4003 = VERTEX_POINT('',#4004);
#4004 = CARTESIAN_POINT('',(28.,-19.,12.99));
#4005 = CIRCLE('',#4006,2.5);
#4006 = AXIS2_PLACEMENT_3D('',#4007,#4008,#4009);
#4007 = CARTESIAN_POINT('',(30.5,-19.,12.99));
#4008 = DIRECTION('',(0.,-0.,1.));
#4009 = DIRECTION('',(9.95E-15,1.,0.));
#4010 = ORIENTED_EDGE('',*,*,#4011,.F.);
#4011 = EDGE_CURVE('',#2715,#4001,#4012,.T.);
#4012 = LINE('',#4013,#4014);
#4013 = CARTESIAN_POINT('',(29.25,-16.83493649053,12.99));
#4014 = VECTOR('',#4015,1.);
#4015 = DIRECTION('',(0.,0.,-1.));
#4016 = ORIENTED_EDGE('',*,*,#2714,.T.);
#4017 = ORIENTED_EDGE('',*,*,#4018,.F.);
#4018 = EDGE_CURVE('',#4003,#2717,#4019,.T.);
#4019 = LINE('',#4020,#4021);
#4020 = CARTESIAN_POINT('',(28.,-19.,12.99));
#4021 = VECTOR('',#4022,1.);
#4022 = DIRECTION('',(0.,0.,1.));
#4023 = CYLINDRICAL_SURFACE('',#4024,2.5);
#4024 = AXIS2_PLACEMENT_3D('',#4025,#4026,#4027);
#4025 = CARTESIAN_POINT('',(30.5,-19.,12.99));
#4026 = DIRECTION('',(0.,0.,-1.));
#4027 = DIRECTION('',(9.95E-15,1.,0.));
#4028 = ADVANCED_FACE('',(#4029),#4047,.T.);
#4029 = FACE_BOUND('',#4030,.T.);
#4030 = EDGE_LOOP('',(#4031,#4032,#4033,#4041));
#4031 = ORIENTED_EDGE('',*,*,#4018,.T.);
#4032 = ORIENTED_EDGE('',*,*,#2742,.T.);
#4033 = ORIENTED_EDGE('',*,*,#4034,.F.);
#4034 = EDGE_CURVE('',#4035,#2734,#4037,.T.);
#4035 = VERTEX_POINT('',#4036);
#4036 = CARTESIAN_POINT('',(28.,-48.7,12.99));
#4037 = LINE('',#4038,#4039);
#4038 = CARTESIAN_POINT('',(28.,-48.7,12.99));
#4039 = VECTOR('',#4040,1.);
#4040 = DIRECTION('',(0.,0.,1.));
#4041 = ORIENTED_EDGE('',*,*,#4042,.F.);
#4042 = EDGE_CURVE('',#4003,#4035,#4043,.T.);
#4043 = LINE('',#4044,#4045);
#4044 = CARTESIAN_POINT('',(28.,-19.,12.99));
#4045 = VECTOR('',#4046,1.);
#4046 = DIRECTION('',(0.,-1.,0.));
#4047 = PLANE('',#4048);
#4048 = AXIS2_PLACEMENT_3D('',#4049,#4050,#4051);
#4049 = CARTESIAN_POINT('',(28.,-19.,12.99));
#4050 = DIRECTION('',(1.,0.,0.));
#4051 = DIRECTION('',(0.,-1.,0.));
#4052 = ADVANCED_FACE('',(#4053),#4072,.F.);
#4053 = FACE_BOUND('',#4054,.T.);
#4054 = EDGE_LOOP('',(#4055,#4064,#4065,#4066));
#4055 = ORIENTED_EDGE('',*,*,#4056,.F.);
#4056 = EDGE_CURVE('',#4035,#4057,#4059,.T.);
#4057 = VERTEX_POINT('',#4058);
#4058 = CARTESIAN_POINT('',(29.25,-50.86506350946,12.99));
#4059 = CIRCLE('',#4060,2.5);
#4060 = AXIS2_PLACEMENT_3D('',#4061,#4062,#4063);
#4061 = CARTESIAN_POINT('',(30.5,-48.7,12.99));
#4062 = DIRECTION('',(0.,0.,1.));
#4063 = DIRECTION('',(-1.,8.53E-15,0.));
#4064 = ORIENTED_EDGE('',*,*,#4034,.T.);
#4065 = ORIENTED_EDGE('',*,*,#2733,.T.);
#4066 = ORIENTED_EDGE('',*,*,#4067,.T.);
#4067 = EDGE_CURVE('',#2726,#4057,#4068,.T.);
#4068 = LINE('',#4069,#4070);
#4069 = CARTESIAN_POINT('',(29.25,-50.86506350946,12.99));
#4070 = VECTOR('',#4071,1.);
#4071 = DIRECTION('',(-0.,-0.,-1.));
#4072 = CYLINDRICAL_SURFACE('',#4073,2.5);
#4073 = AXIS2_PLACEMENT_3D('',#4074,#4075,#4076);
#4074 = CARTESIAN_POINT('',(30.5,-48.7,12.99));
#4075 = DIRECTION('',(-0.,-0.,-1.));
#4076 = DIRECTION('',(-1.,8.53E-15,0.));
#4077 = ADVANCED_FACE('',(#4078),#4089,.F.);
#4078 = FACE_BOUND('',#4079,.F.);
#4079 = EDGE_LOOP('',(#4080,#4081,#4087,#4088));
#4080 = ORIENTED_EDGE('',*,*,#4067,.T.);
#4081 = ORIENTED_EDGE('',*,*,#4082,.T.);
#4082 = EDGE_CURVE('',#4057,#4001,#4083,.T.);
#4083 = LINE('',#4084,#4085);
#4084 = CARTESIAN_POINT('',(29.25,-46.04641870115,12.99));
#4085 = VECTOR('',#4086,1.);
#4086 = DIRECTION('',(0.,1.,0.));
#4087 = ORIENTED_EDGE('',*,*,#4011,.F.);
#4088 = ORIENTED_EDGE('',*,*,#2725,.F.);
#4089 = PLANE('',#4090);
#4090 = AXIS2_PLACEMENT_3D('',#4091,#4092,#4093);
#4091 = CARTESIAN_POINT('',(29.25,-53.,11.7));
#4092 = DIRECTION('',(1.,0.,0.));
#4093 = DIRECTION('',(0.,0.,1.));
#4094 = ADVANCED_FACE('',(#4095),#4121,.F.);
#4095 = FACE_BOUND('',#4096,.T.);
#4096 = EDGE_LOOP('',(#4097,#4108,#4114,#4115));
#4097 = ORIENTED_EDGE('',*,*,#4098,.F.);
#4098 = EDGE_CURVE('',#4099,#4101,#4103,.T.);
#4099 = VERTEX_POINT('',#4100);
#4100 = CARTESIAN_POINT('',(46.4,-19.,12.99));
#4101 = VERTEX_POINT('',#4102);
#4102 = CARTESIAN_POINT('',(45.15,-16.83493649053,12.99));
#4103 = CIRCLE('',#4104,2.5);
#4104 = AXIS2_PLACEMENT_3D('',#4105,#4106,#4107);
#4105 = CARTESIAN_POINT('',(43.9,-19.,12.99));
#4106 = DIRECTION('',(0.,0.,1.));
#4107 = DIRECTION('',(1.,0.,0.));
#4108 = ORIENTED_EDGE('',*,*,#4109,.T.);
#4109 = EDGE_CURVE('',#4099,#2817,#4110,.T.);
#4110 = LINE('',#4111,#4112);
#4111 = CARTESIAN_POINT('',(46.4,-19.,12.99));
#4112 = VECTOR('',#4113,1.);
#4113 = DIRECTION('',(0.,0.,1.));
#4114 = ORIENTED_EDGE('',*,*,#2816,.T.);
#4115 = ORIENTED_EDGE('',*,*,#4116,.T.);
#4116 = EDGE_CURVE('',#2819,#4101,#4117,.T.);
#4117 = LINE('',#4118,#4119);
#4118 = CARTESIAN_POINT('',(45.15,-16.83493649053,12.99));
#4119 = VECTOR('',#4120,1.);
#4120 = DIRECTION('',(-0.,-0.,-1.));
#4121 = CYLINDRICAL_SURFACE('',#4122,2.5);
#4122 = AXIS2_PLACEMENT_3D('',#4123,#4124,#4125);
#4123 = CARTESIAN_POINT('',(43.9,-19.,12.99));
#4124 = DIRECTION('',(-0.,-0.,-1.));
#4125 = DIRECTION('',(1.,0.,0.));
#4126 = ADVANCED_FACE('',(#4127),#4145,.T.);
#4127 = FACE_BOUND('',#4128,.T.);
#4128 = EDGE_LOOP('',(#4129,#4137,#4143,#4144));
#4129 = ORIENTED_EDGE('',*,*,#4130,.T.);
#4130 = EDGE_CURVE('',#2836,#4131,#4133,.T.);
#4131 = VERTEX_POINT('',#4132);
#4132 = CARTESIAN_POINT('',(45.15,-50.86506350946,12.99));
#4133 = LINE('',#4134,#4135);
#4134 = CARTESIAN_POINT('',(45.15,-50.86506350946,12.99));
#4135 = VECTOR('',#4136,1.);
#4136 = DIRECTION('',(0.,0.,-1.));
#4137 = ORIENTED_EDGE('',*,*,#4138,.T.);
#4138 = EDGE_CURVE('',#4131,#4101,#4139,.T.);
#4139 = LINE('',#4140,#4141);
#4140 = CARTESIAN_POINT('',(45.15,-46.04641870115,12.99));
#4141 = VECTOR('',#4142,1.);
#4142 = DIRECTION('',(0.,1.,0.));
#4143 = ORIENTED_EDGE('',*,*,#4116,.F.);
#4144 = ORIENTED_EDGE('',*,*,#2844,.F.);
#4145 = PLANE('',#4146);
#4146 = AXIS2_PLACEMENT_3D('',#4147,#4148,#4149);
#4147 = CARTESIAN_POINT('',(45.15,-53.,11.7));
#4148 = DIRECTION('',(1.,0.,0.));
#4149 = DIRECTION('',(0.,0.,1.));
#4150 = ADVANCED_FACE('',(#4151),#4170,.F.);
#4151 = FACE_BOUND('',#4152,.T.);
#4152 = EDGE_LOOP('',(#4153,#4162,#4163,#4164));
#4153 = ORIENTED_EDGE('',*,*,#4154,.F.);
#4154 = EDGE_CURVE('',#4131,#4155,#4157,.T.);
#4155 = VERTEX_POINT('',#4156);
#4156 = CARTESIAN_POINT('',(46.4,-48.7,12.99));
#4157 = CIRCLE('',#4158,2.5);
#4158 = AXIS2_PLACEMENT_3D('',#4159,#4160,#4161);
#4159 = CARTESIAN_POINT('',(43.9,-48.7,12.99));
#4160 = DIRECTION('',(-0.,0.,1.));
#4161 = DIRECTION('',(0.,-1.,0.));
#4162 = ORIENTED_EDGE('',*,*,#4130,.F.);
#4163 = ORIENTED_EDGE('',*,*,#2835,.T.);
#4164 = ORIENTED_EDGE('',*,*,#4165,.F.);
#4165 = EDGE_CURVE('',#4155,#2828,#4166,.T.);
#4166 = LINE('',#4167,#4168);
#4167 = CARTESIAN_POINT('',(46.4,-48.7,12.99));
#4168 = VECTOR('',#4169,1.);
#4169 = DIRECTION('',(0.,0.,1.));
#4170 = CYLINDRICAL_SURFACE('',#4171,2.5);
#4171 = AXIS2_PLACEMENT_3D('',#4172,#4173,#4174);
#4172 = CARTESIAN_POINT('',(43.9,-48.7,12.99));
#4173 = DIRECTION('',(0.,0.,-1.));
#4174 = DIRECTION('',(0.,-1.,0.));
#4175 = ADVANCED_FACE('',(#4176),#4187,.T.);
#4176 = FACE_BOUND('',#4177,.T.);
#4177 = EDGE_LOOP('',(#4178,#4179,#4180,#4181));
#4178 = ORIENTED_EDGE('',*,*,#4165,.T.);
#4179 = ORIENTED_EDGE('',*,*,#2827,.T.);
#4180 = ORIENTED_EDGE('',*,*,#4109,.F.);
#4181 = ORIENTED_EDGE('',*,*,#4182,.F.);
#4182 = EDGE_CURVE('',#4155,#4099,#4183,.T.);
#4183 = LINE('',#4184,#4185);
#4184 = CARTESIAN_POINT('',(46.4,-48.7,12.99));
#4185 = VECTOR('',#4186,1.);
#4186 = DIRECTION('',(0.,1.,0.));
#4187 = PLANE('',#4188);
#4188 = AXIS2_PLACEMENT_3D('',#4189,#4190,#4191);
#4189 = CARTESIAN_POINT('',(46.4,-48.7,12.99));
#4190 = DIRECTION('',(-1.,0.,0.));
#4191 = DIRECTION('',(0.,1.,0.));
#4192 = ADVANCED_FACE('',(#4193),#4196,.F.);
#4193 = FACE_BOUND('',#4194,.T.);
#4194 = EDGE_LOOP('',(#4195));
#4195 = ORIENTED_EDGE('',*,*,#2926,.F.);
#4196 = PLANE('',#4197);
#4197 = AXIS2_PLACEMENT_3D('',#4198,#4199,#4200);
#4198 = CARTESIAN_POINT('',(27.,-52.8,6.8));
#4199 = DIRECTION('',(0.,0.,1.));
#4200 = DIRECTION('',(1.,0.,0.));
#4201 = ADVANCED_FACE('',(#4202),#4209,.F.);
#4202 = FACE_BOUND('',#4203,.F.);
#4203 = EDGE_LOOP('',(#4204,#4205,#4206,#4207,#4208));
#4204 = ORIENTED_EDGE('',*,*,#3172,.T.);
#4205 = ORIENTED_EDGE('',*,*,#3144,.F.);
#4206 = ORIENTED_EDGE('',*,*,#3130,.T.);
#4207 = ORIENTED_EDGE('',*,*,#3086,.F.);
#4208 = ORIENTED_EDGE('',*,*,#3095,.F.);
#4209 = PLANE('',#4210);
#4210 = AXIS2_PLACEMENT_3D('',#4211,#4212,#4213);
#4211 = CARTESIAN_POINT('',(28.003762097404,-63.99514847612,12.99));
#4212 = DIRECTION('',(-0.,-0.,-1.));
#4213 = DIRECTION('',(-1.,0.,0.));
#4214 = ADVANCED_FACE('',(#4215),#4222,.F.);
#4215 = FACE_BOUND('',#4216,.F.);
#4216 = EDGE_LOOP('',(#4217,#4218,#4219,#4220,#4221));
#4217 = ORIENTED_EDGE('',*,*,#3280,.T.);
#4218 = ORIENTED_EDGE('',*,*,#3252,.F.);
#4219 = ORIENTED_EDGE('',*,*,#3238,.T.);
#4220 = ORIENTED_EDGE('',*,*,#3194,.F.);
#4221 = ORIENTED_EDGE('',*,*,#3203,.F.);
#4222 = PLANE('',#4223);
#4223 = AXIS2_PLACEMENT_3D('',#4224,#4225,#4226);
#4224 = CARTESIAN_POINT('',(30.503762097404,-63.99514847612,12.99));
#4225 = DIRECTION('',(-0.,-0.,-1.));
#4226 = DIRECTION('',(-1.,0.,0.));
#4227 = ADVANCED_FACE('',(#4228),#4233,.T.);
#4228 = FACE_BOUND('',#4229,.T.);
#4229 = EDGE_LOOP('',(#4230,#4231,#4232));
#4230 = ORIENTED_EDGE('',*,*,#3338,.T.);
#4231 = ORIENTED_EDGE('',*,*,#3329,.T.);
#4232 = ORIENTED_EDGE('',*,*,#3302,.T.);
#4233 = PLANE('',#4234);
#4234 = AXIS2_PLACEMENT_3D('',#4235,#4236,#4237);
#4235 = CARTESIAN_POINT('',(29.9,-54.7,12.99));
#4236 = DIRECTION('',(0.,0.,1.));
#4237 = DIRECTION('',(1.,0.,0.));
#4238 = ADVANCED_FACE('',(#4239),#4246,.F.);
#4239 = FACE_BOUND('',#4240,.F.);
#4240 = EDGE_LOOP('',(#4241,#4242,#4243,#4244,#4245));
#4241 = ORIENTED_EDGE('',*,*,#3447,.T.);
#4242 = ORIENTED_EDGE('',*,*,#3419,.F.);
#4243 = ORIENTED_EDGE('',*,*,#3405,.T.);
#4244 = ORIENTED_EDGE('',*,*,#3361,.F.);
#4245 = ORIENTED_EDGE('',*,*,#3370,.F.);
#4246 = PLANE('',#4247);
#4247 = AXIS2_PLACEMENT_3D('',#4248,#4249,#4250);
#4248 = CARTESIAN_POINT('',(33.003762097404,-63.99514847612,12.99));
#4249 = DIRECTION('',(-0.,-0.,-1.));
#4250 = DIRECTION('',(-1.,0.,0.));
#4251 = ADVANCED_FACE('',(#4252),#4259,.F.);
#4252 = FACE_BOUND('',#4253,.F.);
#4253 = EDGE_LOOP('',(#4254,#4255,#4256,#4257,#4258));
#4254 = ORIENTED_EDGE('',*,*,#3555,.T.);
#4255 = ORIENTED_EDGE('',*,*,#3527,.F.);
#4256 = ORIENTED_EDGE('',*,*,#3513,.T.);
#4257 = ORIENTED_EDGE('',*,*,#3469,.F.);
#4258 = ORIENTED_EDGE('',*,*,#3478,.F.);
#4259 = PLANE('',#4260);
#4260 = AXIS2_PLACEMENT_3D('',#4261,#4262,#4263);
#4261 = CARTESIAN_POINT('',(35.503762097404,-63.99514847612,12.99));
#4262 = DIRECTION('',(-0.,-0.,-1.));
#4263 = DIRECTION('',(-1.,0.,0.));
#4264 = ADVANCED_FACE('',(#4265),#4268,.T.);
#4265 = FACE_BOUND('',#4266,.F.);
#4266 = EDGE_LOOP('',(#4267));
#4267 = ORIENTED_EDGE('',*,*,#3579,.F.);
#4268 = PLANE('',#4269);
#4269 = AXIS2_PLACEMENT_3D('',#4270,#4271,#4272);
#4270 = CARTESIAN_POINT('',(33.3,-58.,12.99));
#4271 = DIRECTION('',(0.,0.,1.));
#4272 = DIRECTION('',(1.,0.,0.));
#4273 = ADVANCED_FACE('',(#4274),#4282,.T.);
#4274 = FACE_BOUND('',#4275,.T.);
#4275 = EDGE_LOOP('',(#4276,#4277,#4278,#4279,#4280,#4281));
#4276 = ORIENTED_EDGE('',*,*,#3611,.T.);
#4277 = ORIENTED_EDGE('',*,*,#3642,.T.);
#4278 = ORIENTED_EDGE('',*,*,#3633,.T.);
#4279 = ORIENTED_EDGE('',*,*,#3670,.T.);
#4280 = ORIENTED_EDGE('',*,*,#3694,.T.);
#4281 = ORIENTED_EDGE('',*,*,#3685,.T.);
#4282 = PLANE('',#4283);
#4283 = AXIS2_PLACEMENT_3D('',#4284,#4285,#4286);
#4284 = CARTESIAN_POINT('',(43.4,-63.9,12.99));
#4285 = DIRECTION('',(0.,0.,1.));
#4286 = DIRECTION('',(1.,0.,0.));
#4287 = ADVANCED_FACE('',(#4288),#4302,.F.);
#4288 = FACE_BOUND('',#4289,.F.);
#4289 = EDGE_LOOP('',(#4290,#4291,#4292,#4293,#4294,#4295,#4296,#4297,
    #4298,#4299,#4300,#4301));
#4290 = ORIENTED_EDGE('',*,*,#3959,.T.);
#4291 = ORIENTED_EDGE('',*,*,#3944,.T.);
#4292 = ORIENTED_EDGE('',*,*,#3911,.T.);
#4293 = ORIENTED_EDGE('',*,*,#3889,.F.);
#4294 = ORIENTED_EDGE('',*,*,#3863,.T.);
#4295 = ORIENTED_EDGE('',*,*,#3840,.F.);
#4296 = ORIENTED_EDGE('',*,*,#3815,.F.);
#4297 = ORIENTED_EDGE('',*,*,#3793,.F.);
#4298 = ORIENTED_EDGE('',*,*,#3767,.F.);
#4299 = ORIENTED_EDGE('',*,*,#3752,.T.);
#4300 = ORIENTED_EDGE('',*,*,#3712,.F.);
#4301 = ORIENTED_EDGE('',*,*,#3984,.T.);
#4302 = PLANE('',#4303);
#4303 = AXIS2_PLACEMENT_3D('',#4304,#4305,#4306);
#4304 = CARTESIAN_POINT('',(42.9,-57.4,12.99));
#4305 = DIRECTION('',(-0.,-0.,-1.));
#4306 = DIRECTION('',(-1.,0.,0.));
#4307 = ADVANCED_FACE('',(#4308),#4314,.T.);
#4308 = FACE_BOUND('',#4309,.T.);
#4309 = EDGE_LOOP('',(#4310,#4311,#4312,#4313));
#4310 = ORIENTED_EDGE('',*,*,#4082,.T.);
#4311 = ORIENTED_EDGE('',*,*,#4000,.T.);
#4312 = ORIENTED_EDGE('',*,*,#4042,.T.);
#4313 = ORIENTED_EDGE('',*,*,#4056,.T.);
#4314 = PLANE('',#4315);
#4315 = AXIS2_PLACEMENT_3D('',#4316,#4317,#4318);
#4316 = CARTESIAN_POINT('',(37.2,-33.85,12.99));
#4317 = DIRECTION('',(0.,0.,1.));
#4318 = DIRECTION('',(1.,0.,0.));
#4319 = ADVANCED_FACE('',(#4320),#4326,.T.);
#4320 = FACE_BOUND('',#4321,.T.);
#4321 = EDGE_LOOP('',(#4322,#4323,#4324,#4325));
#4322 = ORIENTED_EDGE('',*,*,#4098,.T.);
#4323 = ORIENTED_EDGE('',*,*,#4138,.F.);
#4324 = ORIENTED_EDGE('',*,*,#4154,.T.);
#4325 = ORIENTED_EDGE('',*,*,#4182,.T.);
#4326 = PLANE('',#4327);
#4327 = AXIS2_PLACEMENT_3D('',#4328,#4329,#4330);
#4328 = CARTESIAN_POINT('',(37.2,-33.85,12.99));
#4329 = DIRECTION('',(0.,0.,1.));
#4330 = DIRECTION('',(1.,0.,0.));
#4331 = ORIENTED_CLOSED_SHELL('',*,#4332,.F.);
#4332 = CLOSED_SHELL('',(#4333,#4366,#4375));
#4333 = ADVANCED_FACE('',(#4334),#4361,.T.);
#4334 = FACE_BOUND('',#4335,.F.);
#4335 = EDGE_LOOP('',(#4336,#4346,#4353,#4354));
#4336 = ORIENTED_EDGE('',*,*,#4337,.T.);
#4337 = EDGE_CURVE('',#4338,#4340,#4342,.T.);
#4338 = VERTEX_POINT('',#4339);
#4339 = CARTESIAN_POINT('',(38.3,-64.7,7.));
#4340 = VERTEX_POINT('',#4341);
#4341 = CARTESIAN_POINT('',(38.3,-64.7,11.2));
#4342 = LINE('',#4343,#4344);
#4343 = CARTESIAN_POINT('',(38.3,-64.7,7.));
#4344 = VECTOR('',#4345,1.);
#4345 = DIRECTION('',(0.,0.,1.));
#4346 = ORIENTED_EDGE('',*,*,#4347,.T.);
#4347 = EDGE_CURVE('',#4340,#4340,#4348,.T.);
#4348 = CIRCLE('',#4349,1.1);
#4349 = AXIS2_PLACEMENT_3D('',#4350,#4351,#4352);
#4350 = CARTESIAN_POINT('',(37.2,-64.7,11.2));
#4351 = DIRECTION('',(0.,0.,1.));
#4352 = DIRECTION('',(1.,0.,0.));
#4353 = ORIENTED_EDGE('',*,*,#4337,.F.);
#4354 = ORIENTED_EDGE('',*,*,#4355,.F.);
#4355 = EDGE_CURVE('',#4338,#4338,#4356,.T.);
#4356 = CIRCLE('',#4357,1.1);
#4357 = AXIS2_PLACEMENT_3D('',#4358,#4359,#4360);
#4358 = CARTESIAN_POINT('',(37.2,-64.7,7.));
#4359 = DIRECTION('',(0.,0.,1.));
#4360 = DIRECTION('',(1.,0.,0.));
#4361 = CYLINDRICAL_SURFACE('',#4362,1.1);
#4362 = AXIS2_PLACEMENT_3D('',#4363,#4364,#4365);
#4363 = CARTESIAN_POINT('',(37.2,-64.7,7.));
#4364 = DIRECTION('',(-0.,-0.,-1.));
#4365 = DIRECTION('',(1.,0.,0.));
#4366 = ADVANCED_FACE('',(#4367),#4370,.F.);
#4367 = FACE_BOUND('',#4368,.T.);
#4368 = EDGE_LOOP('',(#4369));
#4369 = ORIENTED_EDGE('',*,*,#4355,.F.);
#4370 = PLANE('',#4371);
#4371 = AXIS2_PLACEMENT_3D('',#4372,#4373,#4374);
#4372 = CARTESIAN_POINT('',(37.2,-64.7,7.));
#4373 = DIRECTION('',(0.,0.,1.));
#4374 = DIRECTION('',(1.,0.,0.));
#4375 = ADVANCED_FACE('',(#4376),#4379,.T.);
#4376 = FACE_BOUND('',#4377,.F.);
#4377 = EDGE_LOOP('',(#4378));
#4378 = ORIENTED_EDGE('',*,*,#4347,.F.);
#4379 = PLANE('',#4380);
#4380 = AXIS2_PLACEMENT_3D('',#4381,#4382,#4383);
#4381 = CARTESIAN_POINT('',(37.2,-64.7,11.2));
#4382 = DIRECTION('',(0.,0.,1.));
#4383 = DIRECTION('',(1.,0.,0.));
#4384 = ORIENTED_CLOSED_SHELL('',*,#4385,.F.);
#4385 = CLOSED_SHELL('',(#4386,#4419,#4428));
#4386 = ADVANCED_FACE('',(#4387),#4414,.T.);
#4387 = FACE_BOUND('',#4388,.F.);
#4388 = EDGE_LOOP('',(#4389,#4399,#4406,#4407));
#4389 = ORIENTED_EDGE('',*,*,#4390,.T.);
#4390 = EDGE_CURVE('',#4391,#4393,#4395,.T.);
#4391 = VERTEX_POINT('',#4392);
#4392 = CARTESIAN_POINT('',(28.1,-52.8,7.));
#4393 = VERTEX_POINT('',#4394);
#4394 = CARTESIAN_POINT('',(28.1,-52.8,11.2));
#4395 = LINE('',#4396,#4397);
#4396 = CARTESIAN_POINT('',(28.1,-52.8,7.));
#4397 = VECTOR('',#4398,1.);
#4398 = DIRECTION('',(0.,0.,1.));
#4399 = ORIENTED_EDGE('',*,*,#4400,.T.);
#4400 = EDGE_CURVE('',#4393,#4393,#4401,.T.);
#4401 = CIRCLE('',#4402,1.1);
#4402 = AXIS2_PLACEMENT_3D('',#4403,#4404,#4405);
#4403 = CARTESIAN_POINT('',(27.,-52.8,11.2));
#4404 = DIRECTION('',(0.,0.,1.));
#4405 = DIRECTION('',(1.,0.,0.));
#4406 = ORIENTED_EDGE('',*,*,#4390,.F.);
#4407 = ORIENTED_EDGE('',*,*,#4408,.F.);
#4408 = EDGE_CURVE('',#4391,#4391,#4409,.T.);
#4409 = CIRCLE('',#4410,1.1);
#4410 = AXIS2_PLACEMENT_3D('',#4411,#4412,#4413);
#4411 = CARTESIAN_POINT('',(27.,-52.8,7.));
#4412 = DIRECTION('',(0.,0.,1.));
#4413 = DIRECTION('',(1.,0.,0.));
#4414 = CYLINDRICAL_SURFACE('',#4415,1.1);
#4415 = AXIS2_PLACEMENT_3D('',#4416,#4417,#4418);
#4416 = CARTESIAN_POINT('',(27.,-52.8,7.));
#4417 = DIRECTION('',(-0.,-0.,-1.));
#4418 = DIRECTION('',(1.,0.,0.));
#4419 = ADVANCED_FACE('',(#4420),#4423,.F.);
#4420 = FACE_BOUND('',#4421,.T.);
#4421 = EDGE_LOOP('',(#4422));
#4422 = ORIENTED_EDGE('',*,*,#4408,.F.);
#4423 = PLANE('',#4424);
#4424 = AXIS2_PLACEMENT_3D('',#4425,#4426,#4427);
#4425 = CARTESIAN_POINT('',(27.,-52.8,7.));
#4426 = DIRECTION('',(0.,0.,1.));
#4427 = DIRECTION('',(1.,0.,0.));
#4428 = ADVANCED_FACE('',(#4429),#4432,.T.);
#4429 = FACE_BOUND('',#4430,.F.);
#4430 = EDGE_LOOP('',(#4431));
#4431 = ORIENTED_EDGE('',*,*,#4400,.F.);
#4432 = PLANE('',#4433);
#4433 = AXIS2_PLACEMENT_3D('',#4434,#4435,#4436);
#4434 = CARTESIAN_POINT('',(27.,-52.8,11.2));
#4435 = DIRECTION('',(0.,0.,1.));
#4436 = DIRECTION('',(1.,0.,0.));
#4437 = ORIENTED_CLOSED_SHELL('',*,#4438,.F.);
#4438 = CLOSED_SHELL('',(#4439,#4472,#4481));
#4439 = ADVANCED_FACE('',(#4440),#4467,.T.);
#4440 = FACE_BOUND('',#4441,.F.);
#4441 = EDGE_LOOP('',(#4442,#4452,#4459,#4460));
#4442 = ORIENTED_EDGE('',*,*,#4443,.T.);
#4443 = EDGE_CURVE('',#4444,#4446,#4448,.T.);
#4444 = VERTEX_POINT('',#4445);
#4445 = CARTESIAN_POINT('',(48.1,-52.8,7.));
#4446 = VERTEX_POINT('',#4447);
#4447 = CARTESIAN_POINT('',(48.1,-52.8,11.2));
#4448 = LINE('',#4449,#4450);
#4449 = CARTESIAN_POINT('',(48.1,-52.8,7.));
#4450 = VECTOR('',#4451,1.);
#4451 = DIRECTION('',(0.,0.,1.));
#4452 = ORIENTED_EDGE('',*,*,#4453,.T.);
#4453 = EDGE_CURVE('',#4446,#4446,#4454,.T.);
#4454 = CIRCLE('',#4455,1.1);
#4455 = AXIS2_PLACEMENT_3D('',#4456,#4457,#4458);
#4456 = CARTESIAN_POINT('',(47.,-52.8,11.2));
#4457 = DIRECTION('',(0.,0.,1.));
#4458 = DIRECTION('',(1.,0.,0.));
#4459 = ORIENTED_EDGE('',*,*,#4443,.F.);
#4460 = ORIENTED_EDGE('',*,*,#4461,.F.);
#4461 = EDGE_CURVE('',#4444,#4444,#4462,.T.);
#4462 = CIRCLE('',#4463,1.1);
#4463 = AXIS2_PLACEMENT_3D('',#4464,#4465,#4466);
#4464 = CARTESIAN_POINT('',(47.,-52.8,7.));
#4465 = DIRECTION('',(0.,0.,1.));
#4466 = DIRECTION('',(1.,0.,0.));
#4467 = CYLINDRICAL_SURFACE('',#4468,1.1);
#4468 = AXIS2_PLACEMENT_3D('',#4469,#4470,#4471);
#4469 = CARTESIAN_POINT('',(47.,-52.8,7.));
#4470 = DIRECTION('',(-0.,-0.,-1.));
#4471 = DIRECTION('',(1.,0.,0.));
#4472 = ADVANCED_FACE('',(#4473),#4476,.F.);
#4473 = FACE_BOUND('',#4474,.T.);
#4474 = EDGE_LOOP('',(#4475));
#4475 = ORIENTED_EDGE('',*,*,#4461,.F.);
#4476 = PLANE('',#4477);
#4477 = AXIS2_PLACEMENT_3D('',#4478,#4479,#4480);
#4478 = CARTESIAN_POINT('',(47.,-52.8,7.));
#4479 = DIRECTION('',(0.,0.,1.));
#4480 = DIRECTION('',(1.,0.,0.));
#4481 = ADVANCED_FACE('',(#4482),#4485,.T.);
#4482 = FACE_BOUND('',#4483,.F.);
#4483 = EDGE_LOOP('',(#4484));
#4484 = ORIENTED_EDGE('',*,*,#4453,.F.);
#4485 = PLANE('',#4486);
#4486 = AXIS2_PLACEMENT_3D('',#4487,#4488,#4489);
#4487 = CARTESIAN_POINT('',(47.,-52.8,11.2));
#4488 = DIRECTION('',(0.,0.,1.));
#4489 = DIRECTION('',(1.,0.,0.));
#4490 = ( GEOMETRIC_REPRESENTATION_CONTEXT(3) 
GLOBAL_UNCERTAINTY_ASSIGNED_CONTEXT((#4494)) 
GLOBAL_UNIT_ASSIGNED_CONTEXT((#4491,#4492,#4493)) REPRESENTATION_CONTEXT
('Context #1','3D Context with UNIT and UNCERTAINTY') );
#4491 = ( LENGTH_UNIT() NAMED_UNIT(*) SI_UNIT(.MILLI.,.METRE.) );
#4492 = ( NAMED_UNIT(*) PLANE_ANGLE_UNIT() SI_UNIT($,.RADIAN.) );
#4493 = ( NAMED_UNIT(*) SI_UNIT($,.STERADIAN.) SOLID_ANGLE_UNIT() );
#4494 = UNCERTAINTY_MEASURE_WITH_UNIT(LENGTH_MEASURE(2.E-05),#4491,
  'distance_accuracy_value','confusion accuracy');
#4495 = PRODUCT_RELATED_PRODUCT_CATEGORY('part',$,(#7));
ENDSEC;
END-ISO-10303-21;
