ISO-10303-21;
HEADER;
FILE_DESCRIPTION(('FreeCAD Model'),'2;1');
FILE_NAME('Open CASCADE Shape Model','2026-09-29T08:45:19',('FreeCAD'),(
    'FreeCAD'),'Open CASCADE STEP processor 7.8','FreeCAD','Unknown');
FILE_SCHEMA(('AUTOMOTIVE_DESIGN { 1 0 10303 214 1 1 1 1 }'));
ENDSEC;
DATA;
#1 = APPLICATION_PROTOCOL_DEFINITION('international standard',
  'automotive_design',2000,#2);
#2 = APPLICATION_CONTEXT(
  'core data for automotive mechanical design processes');
#3 = SHAPE_DEFINITION_REPRESENTATION(#4,#10);
#4 = PRODUCT_DEFINITION_SHAPE('','',#5);
#5 = PRODUCT_DEFINITION('design','',#6,#9);
#6 = PRODUCT_DEFINITION_FORMATION('','',#7);
#7 = PRODUCT('Open CASCADE STEP translator 7.8 86',
  'Open CASCADE STEP translator 7.8 86','',(#8));
#8 = PRODUCT_CONTEXT('',#2,'mechanical');
#9 = PRODUCT_DEFINITION_CONTEXT('part definition',#2,'design');
#10 = ADVANCED_BREP_SHAPE_REPRESENTATION('',(#11,#15),#3385);
#11 = AXIS2_PLACEMENT_3D('',#12,#13,#14);
#12 = CARTESIAN_POINT('',(0.,0.,0.));
#13 = DIRECTION('',(0.,0.,1.));
#14 = DIRECTION('',(1.,0.,-0.));
#15 = BREP_WITH_VOIDS('',#16,(#3226,#3279,#3332));
#16 = CLOSED_SHELL('',(#17,#121,#194,#219,#253,#288,#351,#376,#401,#426,
    #576,#601,#834,#851,#913,#937,#961,#1049,#1073,#1115,#1143,#1168,
    #1185,#1202,#1251,#1275,#1331,#1355,#1395,#1419,#1443,#1490,#1508,
    #1532,#1549,#1574,#1592,#1623,#1648,#1672,#1697,#1721,#1746,#1770,
    #1788,#1819,#1843,#1867,#1884,#1915,#1943,#1967,#1995,#2023,#2047,
    #2075,#2092,#2270,#2281,#2305,#2322,#2339,#2514,#2542,#2553,#2562,
    #2579,#2591,#2616,#2633,#2652,#2662,#2671,#2687,#2767,#2783,#2800,
    #2817,#2834,#2851,#2868,#2885,#2902,#2919,#2936,#2953,#2970,#2987,
    #3004,#3016,#3038,#3055,#3072,#3084,#3109,#3140,#3164,#3188,#3205,
    #3214));
#17 = ADVANCED_FACE('',(#18),#116,.F.);
#18 = FACE_BOUND('',#19,.F.);
#19 = EDGE_LOOP('',(#20,#30,#38,#46,#54,#62,#70,#78,#86,#94,#102,#110));
#20 = ORIENTED_EDGE('',*,*,#21,.F.);
#21 = EDGE_CURVE('',#22,#24,#26,.T.);
#22 = VERTEX_POINT('',#23);
#23 = CARTESIAN_POINT('',(26.2,-67.,6.3));
#24 = VERTEX_POINT('',#25);
#25 = CARTESIAN_POINT('',(27.308947633367,-67.,6.3));
#26 = LINE('',#27,#28);
#27 = CARTESIAN_POINT('',(26.2,-67.,6.3));
#28 = VECTOR('',#29,1.);
#29 = DIRECTION('',(1.,0.,0.));
#30 = ORIENTED_EDGE('',*,*,#31,.T.);
#31 = EDGE_CURVE('',#22,#32,#34,.T.);
#32 = VERTEX_POINT('',#33);
#33 = CARTESIAN_POINT('',(26.2,-67.,13.59));
#34 = LINE('',#35,#36);
#35 = CARTESIAN_POINT('',(26.2,-67.,6.3));
#36 = VECTOR('',#37,1.);
#37 = DIRECTION('',(0.,0.,1.));
#38 = ORIENTED_EDGE('',*,*,#39,.T.);
#39 = EDGE_CURVE('',#32,#40,#42,.T.);
#40 = VERTEX_POINT('',#41);
#41 = CARTESIAN_POINT('',(47.8,-67.,13.59));
#42 = LINE('',#43,#44);
#43 = CARTESIAN_POINT('',(26.2,-67.,13.59));
#44 = VECTOR('',#45,1.);
#45 = DIRECTION('',(1.,0.,0.));
#46 = ORIENTED_EDGE('',*,*,#47,.F.);
#47 = EDGE_CURVE('',#48,#40,#50,.T.);
#48 = VERTEX_POINT('',#49);
#49 = CARTESIAN_POINT('',(47.8,-67.,6.3));
#50 = LINE('',#51,#52);
#51 = CARTESIAN_POINT('',(47.8,-67.,6.3));
#52 = VECTOR('',#53,1.);
#53 = DIRECTION('',(0.,0.,1.));
#54 = ORIENTED_EDGE('',*,*,#55,.F.);
#55 = EDGE_CURVE('',#56,#48,#58,.T.);
#56 = VERTEX_POINT('',#57);
#57 = CARTESIAN_POINT('',(47.040292180075,-67.,6.3));
#58 = LINE('',#59,#60);
#59 = CARTESIAN_POINT('',(26.2,-67.,6.3));
#60 = VECTOR('',#61,1.);
#61 = DIRECTION('',(1.,0.,0.));
#62 = ORIENTED_EDGE('',*,*,#63,.F.);
#63 = EDGE_CURVE('',#64,#56,#66,.T.);
#64 = VERTEX_POINT('',#65);
#65 = CARTESIAN_POINT('',(47.040292180075,-67.,6.75));
#66 = LINE('',#67,#68);
#67 = CARTESIAN_POINT('',(47.040292180075,-67.,5.3));
#68 = VECTOR('',#69,1.);
#69 = DIRECTION('',(-0.,-0.,-1.));
#70 = ORIENTED_EDGE('',*,*,#71,.F.);
#71 = EDGE_CURVE('',#72,#64,#74,.T.);
#72 = VERTEX_POINT('',#73);
#73 = CARTESIAN_POINT('',(43.959707819925,-67.,6.75));
#74 = LINE('',#75,#76);
#75 = CARTESIAN_POINT('',(35.85,-67.,6.75));
#76 = VECTOR('',#77,1.);
#77 = DIRECTION('',(1.,0.,0.));
#78 = ORIENTED_EDGE('',*,*,#79,.T.);
#79 = EDGE_CURVE('',#72,#80,#82,.T.);
#80 = VERTEX_POINT('',#81);
#81 = CARTESIAN_POINT('',(43.959707819925,-67.,6.3));
#82 = LINE('',#83,#84);
#83 = CARTESIAN_POINT('',(43.959707819925,-67.,5.3));
#84 = VECTOR('',#85,1.);
#85 = DIRECTION('',(-0.,-0.,-1.));
#86 = ORIENTED_EDGE('',*,*,#87,.F.);
#87 = EDGE_CURVE('',#88,#80,#90,.T.);
#88 = VERTEX_POINT('',#89);
#89 = CARTESIAN_POINT('',(31.491052366633,-67.,6.3));
#90 = LINE('',#91,#92);
#91 = CARTESIAN_POINT('',(26.2,-67.,6.3));
#92 = VECTOR('',#93,1.);
#93 = DIRECTION('',(1.,0.,0.));
#94 = ORIENTED_EDGE('',*,*,#95,.F.);
#95 = EDGE_CURVE('',#96,#88,#98,.T.);
#96 = VERTEX_POINT('',#97);
#97 = CARTESIAN_POINT('',(31.491052366633,-67.,6.75));
#98 = LINE('',#99,#100);
#99 = CARTESIAN_POINT('',(31.491052366633,-67.,5.3));
#100 = VECTOR('',#101,1.);
#101 = DIRECTION('',(-0.,-0.,-1.));
#102 = ORIENTED_EDGE('',*,*,#103,.F.);
#103 = EDGE_CURVE('',#104,#96,#106,.T.);
#104 = VERTEX_POINT('',#105);
#105 = CARTESIAN_POINT('',(27.308947633367,-67.,6.75));
#106 = LINE('',#107,#108);
#107 = CARTESIAN_POINT('',(27.8,-67.,6.75));
#108 = VECTOR('',#109,1.);
#109 = DIRECTION('',(1.,0.,0.));
#110 = ORIENTED_EDGE('',*,*,#111,.T.);
#111 = EDGE_CURVE('',#104,#24,#112,.T.);
#112 = LINE('',#113,#114);
#113 = CARTESIAN_POINT('',(27.308947633367,-67.,5.3));
#114 = VECTOR('',#115,1.);
#115 = DIRECTION('',(-0.,-0.,-1.));
#116 = PLANE('',#117);
#117 = AXIS2_PLACEMENT_3D('',#118,#119,#120);
#118 = CARTESIAN_POINT('',(26.2,-67.,6.3));
#119 = DIRECTION('',(0.,1.,0.));
#120 = DIRECTION('',(1.,0.,0.));
#121 = ADVANCED_FACE('',(#122),#189,.T.);
#122 = FACE_BOUND('',#123,.T.);
#123 = EDGE_LOOP('',(#124,#134,#141,#142,#151,#159,#167,#175,#183));
#124 = ORIENTED_EDGE('',*,*,#125,.T.);
#125 = EDGE_CURVE('',#126,#128,#130,.T.);
#126 = VERTEX_POINT('',#127);
#127 = CARTESIAN_POINT('',(26.229458346531,-65.8,6.3));
#128 = VERTEX_POINT('',#129);
#129 = CARTESIAN_POINT('',(27.367144864974,-65.8,6.3));
#130 = LINE('',#131,#132);
#131 = CARTESIAN_POINT('',(42.406927111653,-65.8,6.3));
#132 = VECTOR('',#133,1.);
#133 = DIRECTION('',(1.,0.,0.));
#134 = ORIENTED_EDGE('',*,*,#135,.F.);
#135 = EDGE_CURVE('',#24,#128,#136,.T.);
#136 = CIRCLE('',#137,2.15);
#137 = AXIS2_PLACEMENT_3D('',#138,#139,#140);
#138 = CARTESIAN_POINT('',(29.4,-66.5,6.3));
#139 = DIRECTION('',(0.,0.,-1.));
#140 = DIRECTION('',(1.,0.,0.));
#141 = ORIENTED_EDGE('',*,*,#21,.F.);
#142 = ORIENTED_EDGE('',*,*,#143,.F.);
#143 = EDGE_CURVE('',#144,#22,#146,.T.);
#144 = VERTEX_POINT('',#145);
#145 = CARTESIAN_POINT('',(25.,-65.8,6.3));
#146 = CIRCLE('',#147,1.2);
#147 = AXIS2_PLACEMENT_3D('',#148,#149,#150);
#148 = CARTESIAN_POINT('',(26.2,-65.8,6.3));
#149 = DIRECTION('',(0.,0.,1.));
#150 = DIRECTION('',(-1.,0.,0.));
#151 = ORIENTED_EDGE('',*,*,#152,.F.);
#152 = EDGE_CURVE('',#153,#144,#155,.T.);
#153 = VERTEX_POINT('',#154);
#154 = CARTESIAN_POINT('',(25.,-63.9,6.3));
#155 = LINE('',#156,#157);
#156 = CARTESIAN_POINT('',(25.,-13.4,6.3));
#157 = VECTOR('',#158,1.);
#158 = DIRECTION('',(0.,-1.,0.));
#159 = ORIENTED_EDGE('',*,*,#160,.F.);
#160 = EDGE_CURVE('',#161,#153,#163,.T.);
#161 = VERTEX_POINT('',#162);
#162 = CARTESIAN_POINT('',(26.2,-63.9,6.3));
#163 = LINE('',#164,#165);
#164 = CARTESIAN_POINT('',(28.521656284918,-63.9,6.3));
#165 = VECTOR('',#166,1.);
#166 = DIRECTION('',(-1.,0.,0.));
#167 = ORIENTED_EDGE('',*,*,#168,.T.);
#168 = EDGE_CURVE('',#161,#169,#171,.T.);
#169 = VERTEX_POINT('',#170);
#170 = CARTESIAN_POINT('',(26.2,-65.77054165346,6.3));
#171 = LINE('',#172,#173);
#172 = CARTESIAN_POINT('',(26.2,-52.43420966695,6.3));
#173 = VECTOR('',#174,1.);
#174 = DIRECTION('',(0.,-1.,0.));
#175 = ORIENTED_EDGE('',*,*,#176,.T.);
#176 = EDGE_CURVE('',#169,#177,#179,.T.);
#177 = VERTEX_POINT('',#178);
#178 = CARTESIAN_POINT('',(26.201379428774,-65.79862057122,6.3));
#179 = LINE('',#180,#181);
#180 = CARTESIAN_POINT('',(25.560148530937,-52.74606579013,6.3));
#181 = VECTOR('',#182,1.);
#182 = DIRECTION('',(4.906767432734E-02,-0.998795456205,0.));
#183 = ORIENTED_EDGE('',*,*,#184,.T.);
#184 = EDGE_CURVE('',#177,#126,#185,.T.);
#185 = LINE('',#186,#187);
#186 = CARTESIAN_POINT('',(30.969051124605,-66.03284126237,6.3));
#187 = VECTOR('',#188,1.);
#188 = DIRECTION('',(0.998795456205,-4.906767432757E-02,0.));
#189 = PLANE('',#190);
#190 = AXIS2_PLACEMENT_3D('',#191,#192,#193);
#191 = CARTESIAN_POINT('',(44.267066577077,-46.08685620723,6.3));
#192 = DIRECTION('',(-0.,-0.,-1.));
#193 = DIRECTION('',(-1.,0.,0.));
#194 = ADVANCED_FACE('',(#195),#214,.F.);
#195 = FACE_BOUND('',#196,.T.);
#196 = EDGE_LOOP('',(#197,#205,#212,#213));
#197 = ORIENTED_EDGE('',*,*,#198,.F.);
#198 = EDGE_CURVE('',#199,#128,#201,.T.);
#199 = VERTEX_POINT('',#200);
#200 = CARTESIAN_POINT('',(27.367144864974,-65.8,6.75));
#201 = LINE('',#202,#203);
#202 = CARTESIAN_POINT('',(27.367144864974,-65.8,5.3));
#203 = VECTOR('',#204,1.);
#204 = DIRECTION('',(-0.,-0.,-1.));
#205 = ORIENTED_EDGE('',*,*,#206,.T.);
#206 = EDGE_CURVE('',#199,#104,#207,.T.);
#207 = CIRCLE('',#208,2.15);
#208 = AXIS2_PLACEMENT_3D('',#209,#210,#211);
#209 = CARTESIAN_POINT('',(29.4,-66.5,6.75));
#210 = DIRECTION('',(0.,0.,1.));
#211 = DIRECTION('',(1.,0.,0.));
#212 = ORIENTED_EDGE('',*,*,#111,.T.);
#213 = ORIENTED_EDGE('',*,*,#135,.T.);
#214 = CYLINDRICAL_SURFACE('',#215,2.15);
#215 = AXIS2_PLACEMENT_3D('',#216,#217,#218);
#216 = CARTESIAN_POINT('',(29.4,-66.5,5.3));
#217 = DIRECTION('',(-0.,-0.,-1.));
#218 = DIRECTION('',(1.,0.,0.));
#219 = ADVANCED_FACE('',(#220),#248,.F.);
#220 = FACE_BOUND('',#221,.F.);
#221 = EDGE_LOOP('',(#222,#231,#240,#246,#247));
#222 = ORIENTED_EDGE('',*,*,#223,.T.);
#223 = EDGE_CURVE('',#96,#224,#226,.T.);
#224 = VERTEX_POINT('',#225);
#225 = CARTESIAN_POINT('',(31.55,-66.5,6.75));
#226 = CIRCLE('',#227,2.15);
#227 = AXIS2_PLACEMENT_3D('',#228,#229,#230);
#228 = CARTESIAN_POINT('',(29.4,-66.5,6.75));
#229 = DIRECTION('',(0.,0.,1.));
#230 = DIRECTION('',(1.,0.,0.));
#231 = ORIENTED_EDGE('',*,*,#232,.T.);
#232 = EDGE_CURVE('',#224,#233,#235,.T.);
#233 = VERTEX_POINT('',#234);
#234 = CARTESIAN_POINT('',(31.432855135026,-65.8,6.75));
#235 = CIRCLE('',#236,2.15);
#236 = AXIS2_PLACEMENT_3D('',#237,#238,#239);
#237 = CARTESIAN_POINT('',(29.4,-66.5,6.75));
#238 = DIRECTION('',(0.,0.,1.));
#239 = DIRECTION('',(1.,0.,0.));
#240 = ORIENTED_EDGE('',*,*,#241,.T.);
#241 = EDGE_CURVE('',#233,#199,#242,.T.);
#242 = LINE('',#243,#244);
#243 = CARTESIAN_POINT('',(38.585270826735,-65.8,6.75));
#244 = VECTOR('',#245,1.);
#245 = DIRECTION('',(-1.,0.,0.));
#246 = ORIENTED_EDGE('',*,*,#206,.T.);
#247 = ORIENTED_EDGE('',*,*,#103,.T.);
#248 = PLANE('',#249);
#249 = AXIS2_PLACEMENT_3D('',#250,#251,#252);
#250 = CARTESIAN_POINT('',(29.4,-66.5,6.75));
#251 = DIRECTION('',(0.,0.,1.));
#252 = DIRECTION('',(1.,0.,0.));
#253 = ADVANCED_FACE('',(#254),#283,.F.);
#254 = FACE_BOUND('',#255,.T.);
#255 = EDGE_LOOP('',(#256,#257,#265,#274,#281,#282));
#256 = ORIENTED_EDGE('',*,*,#232,.T.);
#257 = ORIENTED_EDGE('',*,*,#258,.T.);
#258 = EDGE_CURVE('',#233,#259,#261,.T.);
#259 = VERTEX_POINT('',#260);
#260 = CARTESIAN_POINT('',(31.432855135026,-65.8,6.3));
#261 = LINE('',#262,#263);
#262 = CARTESIAN_POINT('',(31.432855135026,-65.8,5.3));
#263 = VECTOR('',#264,1.);
#264 = DIRECTION('',(-0.,-0.,-1.));
#265 = ORIENTED_EDGE('',*,*,#266,.T.);
#266 = EDGE_CURVE('',#259,#267,#269,.T.);
#267 = VERTEX_POINT('',#268);
#268 = CARTESIAN_POINT('',(31.55,-66.5,6.3));
#269 = CIRCLE('',#270,2.15);
#270 = AXIS2_PLACEMENT_3D('',#271,#272,#273);
#271 = CARTESIAN_POINT('',(29.4,-66.5,6.3));
#272 = DIRECTION('',(0.,0.,-1.));
#273 = DIRECTION('',(1.,0.,0.));
#274 = ORIENTED_EDGE('',*,*,#275,.T.);
#275 = EDGE_CURVE('',#267,#88,#276,.T.);
#276 = CIRCLE('',#277,2.15);
#277 = AXIS2_PLACEMENT_3D('',#278,#279,#280);
#278 = CARTESIAN_POINT('',(29.4,-66.5,6.3));
#279 = DIRECTION('',(0.,0.,-1.));
#280 = DIRECTION('',(1.,0.,0.));
#281 = ORIENTED_EDGE('',*,*,#95,.F.);
#282 = ORIENTED_EDGE('',*,*,#223,.T.);
#283 = CYLINDRICAL_SURFACE('',#284,2.15);
#284 = AXIS2_PLACEMENT_3D('',#285,#286,#287);
#285 = CARTESIAN_POINT('',(29.4,-66.5,5.3));
#286 = DIRECTION('',(-0.,-0.,-1.));
#287 = DIRECTION('',(1.,0.,0.));
#288 = ADVANCED_FACE('',(#289,#335),#346,.T.);
#289 = FACE_BOUND('',#290,.T.);
#290 = EDGE_LOOP('',(#291,#302,#310,#317,#318,#319,#320,#328));
#291 = ORIENTED_EDGE('',*,*,#292,.F.);
#292 = EDGE_CURVE('',#293,#295,#297,.T.);
#293 = VERTEX_POINT('',#294);
#294 = CARTESIAN_POINT('',(38.687447478064,-65.8,6.3));
#295 = VERTEX_POINT('',#296);
#296 = CARTESIAN_POINT('',(39.05,-64.7,6.3));
#297 = CIRCLE('',#298,1.85);
#298 = AXIS2_PLACEMENT_3D('',#299,#300,#301);
#299 = CARTESIAN_POINT('',(37.2,-64.7,6.3));
#300 = DIRECTION('',(0.,0.,1.));
#301 = DIRECTION('',(1.,0.,0.));
#302 = ORIENTED_EDGE('',*,*,#303,.T.);
#303 = EDGE_CURVE('',#293,#304,#306,.T.);
#304 = VERTEX_POINT('',#305);
#305 = CARTESIAN_POINT('',(43.371033114396,-65.8,6.3));
#306 = LINE('',#307,#308);
#307 = CARTESIAN_POINT('',(42.406927111653,-65.8,6.3));
#308 = VECTOR('',#309,1.);
#309 = DIRECTION('',(1.,0.,0.));
#310 = ORIENTED_EDGE('',*,*,#311,.F.);
#311 = EDGE_CURVE('',#80,#304,#312,.T.);
#312 = CIRCLE('',#313,2.15);
#313 = AXIS2_PLACEMENT_3D('',#314,#315,#316);
#314 = CARTESIAN_POINT('',(45.5,-65.5,6.3));
#315 = DIRECTION('',(0.,0.,-1.));
#316 = DIRECTION('',(1.,0.,0.));
#317 = ORIENTED_EDGE('',*,*,#87,.F.);
#318 = ORIENTED_EDGE('',*,*,#275,.F.);
#319 = ORIENTED_EDGE('',*,*,#266,.F.);
#320 = ORIENTED_EDGE('',*,*,#321,.T.);
#321 = EDGE_CURVE('',#259,#322,#324,.T.);
#322 = VERTEX_POINT('',#323);
#323 = CARTESIAN_POINT('',(35.712552521936,-65.8,6.3));
#324 = LINE('',#325,#326);
#325 = CARTESIAN_POINT('',(42.406927111653,-65.8,6.3));
#326 = VECTOR('',#327,1.);
#327 = DIRECTION('',(1.,0.,0.));
#328 = ORIENTED_EDGE('',*,*,#329,.F.);
#329 = EDGE_CURVE('',#295,#322,#330,.T.);
#330 = CIRCLE('',#331,1.85);
#331 = AXIS2_PLACEMENT_3D('',#332,#333,#334);
#332 = CARTESIAN_POINT('',(37.2,-64.7,6.3));
#333 = DIRECTION('',(0.,0.,1.));
#334 = DIRECTION('',(1.,0.,0.));
#335 = FACE_BOUND('',#336,.T.);
#336 = EDGE_LOOP('',(#337));
#337 = ORIENTED_EDGE('',*,*,#338,.F.);
#338 = EDGE_CURVE('',#339,#339,#341,.T.);
#339 = VERTEX_POINT('',#340);
#340 = CARTESIAN_POINT('',(38.8,-64.7,6.3));
#341 = CIRCLE('',#342,1.6);
#342 = AXIS2_PLACEMENT_3D('',#343,#344,#345);
#343 = CARTESIAN_POINT('',(37.2,-64.7,6.3));
#344 = DIRECTION('',(0.,0.,-1.));
#345 = DIRECTION('',(1.,0.,0.));
#346 = PLANE('',#347);
#347 = AXIS2_PLACEMENT_3D('',#348,#349,#350);
#348 = CARTESIAN_POINT('',(44.267066577077,-46.08685620723,6.3));
#349 = DIRECTION('',(-0.,-0.,-1.));
#350 = DIRECTION('',(-1.,0.,0.));
#351 = ADVANCED_FACE('',(#352),#371,.F.);
#352 = FACE_BOUND('',#353,.T.);
#353 = EDGE_LOOP('',(#354,#362,#369,#370));
#354 = ORIENTED_EDGE('',*,*,#355,.F.);
#355 = EDGE_CURVE('',#356,#304,#358,.T.);
#356 = VERTEX_POINT('',#357);
#357 = CARTESIAN_POINT('',(43.371033114396,-65.8,6.75));
#358 = LINE('',#359,#360);
#359 = CARTESIAN_POINT('',(43.371033114396,-65.8,5.3));
#360 = VECTOR('',#361,1.);
#361 = DIRECTION('',(-0.,-0.,-1.));
#362 = ORIENTED_EDGE('',*,*,#363,.T.);
#363 = EDGE_CURVE('',#356,#72,#364,.T.);
#364 = CIRCLE('',#365,2.15);
#365 = AXIS2_PLACEMENT_3D('',#366,#367,#368);
#366 = CARTESIAN_POINT('',(45.5,-65.5,6.75));
#367 = DIRECTION('',(0.,0.,1.));
#368 = DIRECTION('',(1.,0.,0.));
#369 = ORIENTED_EDGE('',*,*,#79,.T.);
#370 = ORIENTED_EDGE('',*,*,#311,.T.);
#371 = CYLINDRICAL_SURFACE('',#372,2.15);
#372 = AXIS2_PLACEMENT_3D('',#373,#374,#375);
#373 = CARTESIAN_POINT('',(45.5,-65.5,5.3));
#374 = DIRECTION('',(-0.,-0.,-1.));
#375 = DIRECTION('',(1.,0.,0.));
#376 = ADVANCED_FACE('',(#377),#396,.F.);
#377 = FACE_BOUND('',#378,.F.);
#378 = EDGE_LOOP('',(#379,#387,#388,#389));
#379 = ORIENTED_EDGE('',*,*,#380,.T.);
#380 = EDGE_CURVE('',#381,#356,#383,.T.);
#381 = VERTEX_POINT('',#382);
#382 = CARTESIAN_POINT('',(47.628966885604,-65.8,6.75));
#383 = LINE('',#384,#385);
#384 = CARTESIAN_POINT('',(46.635270826735,-65.8,6.75));
#385 = VECTOR('',#386,1.);
#386 = DIRECTION('',(-1.,0.,0.));
#387 = ORIENTED_EDGE('',*,*,#363,.T.);
#388 = ORIENTED_EDGE('',*,*,#71,.T.);
#389 = ORIENTED_EDGE('',*,*,#390,.T.);
#390 = EDGE_CURVE('',#64,#381,#391,.T.);
#391 = CIRCLE('',#392,2.15);
#392 = AXIS2_PLACEMENT_3D('',#393,#394,#395);
#393 = CARTESIAN_POINT('',(45.5,-65.5,6.75));
#394 = DIRECTION('',(0.,0.,1.));
#395 = DIRECTION('',(1.,0.,0.));
#396 = PLANE('',#397);
#397 = AXIS2_PLACEMENT_3D('',#398,#399,#400);
#398 = CARTESIAN_POINT('',(45.5,-65.5,6.75));
#399 = DIRECTION('',(0.,0.,1.));
#400 = DIRECTION('',(1.,0.,0.));
#401 = ADVANCED_FACE('',(#402),#421,.F.);
#402 = FACE_BOUND('',#403,.T.);
#403 = EDGE_LOOP('',(#404,#405,#413,#420));
#404 = ORIENTED_EDGE('',*,*,#390,.T.);
#405 = ORIENTED_EDGE('',*,*,#406,.T.);
#406 = EDGE_CURVE('',#381,#407,#409,.T.);
#407 = VERTEX_POINT('',#408);
#408 = CARTESIAN_POINT('',(47.628966885604,-65.8,6.3));
#409 = LINE('',#410,#411);
#410 = CARTESIAN_POINT('',(47.628966885604,-65.8,5.3));
#411 = VECTOR('',#412,1.);
#412 = DIRECTION('',(-0.,-0.,-1.));
#413 = ORIENTED_EDGE('',*,*,#414,.T.);
#414 = EDGE_CURVE('',#407,#56,#415,.T.);
#415 = CIRCLE('',#416,2.15);
#416 = AXIS2_PLACEMENT_3D('',#417,#418,#419);
#417 = CARTESIAN_POINT('',(45.5,-65.5,6.3));
#418 = DIRECTION('',(0.,0.,-1.));
#419 = DIRECTION('',(1.,0.,0.));
#420 = ORIENTED_EDGE('',*,*,#63,.F.);
#421 = CYLINDRICAL_SURFACE('',#422,2.15);
#422 = AXIS2_PLACEMENT_3D('',#423,#424,#425);
#423 = CARTESIAN_POINT('',(45.5,-65.5,5.3));
#424 = DIRECTION('',(-0.,-0.,-1.));
#425 = DIRECTION('',(1.,0.,0.));
#426 = ADVANCED_FACE('',(#427,#560),#571,.T.);
#427 = FACE_BOUND('',#428,.T.);
#428 = EDGE_LOOP('',(#429,#430,#438,#446,#454,#462,#471,#479,#487,#495,
    #503,#511,#519,#527,#535,#544,#552,#559));
#429 = ORIENTED_EDGE('',*,*,#414,.F.);
#430 = ORIENTED_EDGE('',*,*,#431,.T.);
#431 = EDGE_CURVE('',#407,#432,#434,.T.);
#432 = VERTEX_POINT('',#433);
#433 = CARTESIAN_POINT('',(47.770541653469,-65.8,6.3));
#434 = LINE('',#435,#436);
#435 = CARTESIAN_POINT('',(42.406927111653,-65.8,6.3));
#436 = VECTOR('',#437,1.);
#437 = DIRECTION('',(1.,0.,0.));
#438 = ORIENTED_EDGE('',*,*,#439,.T.);
#439 = EDGE_CURVE('',#432,#440,#442,.T.);
#440 = VERTEX_POINT('',#441);
#441 = CARTESIAN_POINT('',(47.798620571226,-65.79862057122,6.3));
#442 = LINE('',#443,#444);
#443 = CARTESIAN_POINT('',(43.088196623178,-66.03002886087,6.3));
#444 = VECTOR('',#445,1.);
#445 = DIRECTION('',(0.998795456205,4.906767432757E-02,0.));
#446 = ORIENTED_EDGE('',*,*,#447,.T.);
#447 = EDGE_CURVE('',#440,#448,#450,.T.);
#448 = VERTEX_POINT('',#449);
#449 = CARTESIAN_POINT('',(47.8,-65.77054165346,6.3));
#450 = LINE('',#451,#452);
#451 = CARTESIAN_POINT('',(48.440645464384,-52.72990364414,6.3));
#452 = VECTOR('',#453,1.);
#453 = DIRECTION('',(4.906767432757E-02,0.998795456205,0.));
#454 = ORIENTED_EDGE('',*,*,#455,.T.);
#455 = EDGE_CURVE('',#448,#456,#458,.T.);
#456 = VERTEX_POINT('',#457);
#457 = CARTESIAN_POINT('',(47.8,-54.46808273176,6.3));
#458 = LINE('',#459,#460);
#459 = CARTESIAN_POINT('',(47.8,-25.66366801349,6.3));
#460 = VECTOR('',#461,1.);
#461 = DIRECTION('',(0.,1.,0.));
#462 = ORIENTED_EDGE('',*,*,#463,.F.);
#463 = EDGE_CURVE('',#464,#456,#466,.T.);
#464 = VERTEX_POINT('',#465);
#465 = CARTESIAN_POINT('',(47.8,-51.13191726823,6.3));
#466 = CIRCLE('',#467,1.85);
#467 = AXIS2_PLACEMENT_3D('',#468,#469,#470);
#468 = CARTESIAN_POINT('',(47.,-52.8,6.3));
#469 = DIRECTION('',(0.,0.,1.));
#470 = DIRECTION('',(1.,0.,0.));
#471 = ORIENTED_EDGE('',*,*,#472,.T.);
#472 = EDGE_CURVE('',#464,#473,#475,.T.);
#473 = VERTEX_POINT('',#474);
#474 = CARTESIAN_POINT('',(47.8,-12.22945834653,6.3));
#475 = LINE('',#476,#477);
#476 = CARTESIAN_POINT('',(47.8,-25.66366801349,6.3));
#477 = VECTOR('',#478,1.);
#478 = DIRECTION('',(0.,1.,0.));
#479 = ORIENTED_EDGE('',*,*,#480,.T.);
#480 = EDGE_CURVE('',#473,#481,#483,.T.);
#481 = VERTEX_POINT('',#482);
#482 = CARTESIAN_POINT('',(47.798620571226,-12.20137942877,6.3));
#483 = LINE('',#484,#485);
#484 = CARTESIAN_POINT('',(48.444752595167,-25.35369892353,6.3));
#485 = VECTOR('',#486,1.);
#486 = DIRECTION('',(-4.906767432758E-02,0.998795456205,0.));
#487 = ORIENTED_EDGE('',*,*,#488,.T.);
#488 = EDGE_CURVE('',#481,#489,#491,.T.);
#489 = VERTEX_POINT('',#490);
#490 = CARTESIAN_POINT('',(47.770541653469,-12.2,6.3));
#491 = LINE('',#492,#493);
#492 = CARTESIAN_POINT('',(43.078954009468,-11.96951707863,6.3));
#493 = VECTOR('',#494,1.);
#494 = DIRECTION('',(-0.998795456205,4.906767432741E-02,0.));
#495 = ORIENTED_EDGE('',*,*,#496,.T.);
#496 = EDGE_CURVE('',#489,#497,#499,.T.);
#497 = VERTEX_POINT('',#498);
#498 = CARTESIAN_POINT('',(47.,-12.2,6.3));
#499 = LINE('',#500,#501);
#500 = CARTESIAN_POINT('',(32.236385458184,-12.2,6.3));
#501 = VECTOR('',#502,1.);
#502 = DIRECTION('',(-1.,0.,0.));
#503 = ORIENTED_EDGE('',*,*,#504,.T.);
#504 = EDGE_CURVE('',#497,#505,#507,.T.);
#505 = VERTEX_POINT('',#506);
#506 = CARTESIAN_POINT('',(47.,-11.4,6.3));
#507 = LINE('',#508,#509);
#508 = CARTESIAN_POINT('',(47.,-43.59893884022,6.3));
#509 = VECTOR('',#510,1.);
#510 = DIRECTION('',(0.,1.,0.));
#511 = ORIENTED_EDGE('',*,*,#512,.T.);
#512 = EDGE_CURVE('',#505,#513,#515,.T.);
#513 = VERTEX_POINT('',#514);
#514 = CARTESIAN_POINT('',(43.7,-11.4,6.3));
#515 = LINE('',#516,#517);
#516 = CARTESIAN_POINT('',(32.221656284918,-11.4,6.3));
#517 = VECTOR('',#518,1.);
#518 = DIRECTION('',(-1.,0.,0.));
#519 = ORIENTED_EDGE('',*,*,#520,.T.);
#520 = EDGE_CURVE('',#513,#521,#523,.T.);
#521 = VERTEX_POINT('',#522);
#522 = CARTESIAN_POINT('',(43.7,-11.,6.3));
#523 = LINE('',#524,#525);
#524 = CARTESIAN_POINT('',(43.7,-29.54893884022,6.3));
#525 = VECTOR('',#526,1.);
#526 = DIRECTION('',(0.,1.,0.));
#527 = ORIENTED_EDGE('',*,*,#528,.F.);
#528 = EDGE_CURVE('',#529,#521,#531,.T.);
#529 = VERTEX_POINT('',#530);
#530 = CARTESIAN_POINT('',(47.8,-11.,6.3));
#531 = LINE('',#532,#533);
#532 = CARTESIAN_POINT('',(47.8,-11.,6.3));
#533 = VECTOR('',#534,1.);
#534 = DIRECTION('',(-1.,0.,0.));
#535 = ORIENTED_EDGE('',*,*,#536,.F.);
#536 = EDGE_CURVE('',#537,#529,#539,.T.);
#537 = VERTEX_POINT('',#538);
#538 = CARTESIAN_POINT('',(49.,-12.2,6.3));
#539 = CIRCLE('',#540,1.2);
#540 = AXIS2_PLACEMENT_3D('',#541,#542,#543);
#541 = CARTESIAN_POINT('',(47.8,-12.2,6.3));
#542 = DIRECTION('',(-0.,0.,1.));
#543 = DIRECTION('',(1.,-4.44E-15,0.));
#544 = ORIENTED_EDGE('',*,*,#545,.F.);
#545 = EDGE_CURVE('',#546,#537,#548,.T.);
#546 = VERTEX_POINT('',#547);
#547 = CARTESIAN_POINT('',(49.,-65.8,6.3));
#548 = LINE('',#549,#550);
#549 = CARTESIAN_POINT('',(49.,-65.8,6.3));
#550 = VECTOR('',#551,1.);
#551 = DIRECTION('',(0.,1.,0.));
#552 = ORIENTED_EDGE('',*,*,#553,.F.);
#553 = EDGE_CURVE('',#48,#546,#554,.T.);
#554 = CIRCLE('',#555,1.2);
#555 = AXIS2_PLACEMENT_3D('',#556,#557,#558);
#556 = CARTESIAN_POINT('',(47.8,-65.8,6.3));
#557 = DIRECTION('',(0.,0.,1.));
#558 = DIRECTION('',(-5.92E-15,-1.,0.));
#559 = ORIENTED_EDGE('',*,*,#55,.F.);
#560 = FACE_BOUND('',#561,.T.);
#561 = EDGE_LOOP('',(#562));
#562 = ORIENTED_EDGE('',*,*,#563,.F.);
#563 = EDGE_CURVE('',#564,#564,#566,.T.);
#564 = VERTEX_POINT('',#565);
#565 = CARTESIAN_POINT('',(48.6,-52.8,6.3));
#566 = CIRCLE('',#567,1.6);
#567 = AXIS2_PLACEMENT_3D('',#568,#569,#570);
#568 = CARTESIAN_POINT('',(47.,-52.8,6.3));
#569 = DIRECTION('',(0.,0.,-1.));
#570 = DIRECTION('',(1.,0.,0.));
#571 = PLANE('',#572);
#572 = AXIS2_PLACEMENT_3D('',#573,#574,#575);
#573 = CARTESIAN_POINT('',(44.267066577077,-46.08685620723,6.3));
#574 = DIRECTION('',(-0.,-0.,-1.));
#575 = DIRECTION('',(-1.,0.,0.));
#576 = ADVANCED_FACE('',(#577),#596,.T.);
#577 = FACE_BOUND('',#578,.F.);
#578 = EDGE_LOOP('',(#579,#580,#589,#595));
#579 = ORIENTED_EDGE('',*,*,#47,.T.);
#580 = ORIENTED_EDGE('',*,*,#581,.T.);
#581 = EDGE_CURVE('',#40,#582,#584,.T.);
#582 = VERTEX_POINT('',#583);
#583 = CARTESIAN_POINT('',(49.,-65.8,13.59));
#584 = CIRCLE('',#585,1.2);
#585 = AXIS2_PLACEMENT_3D('',#586,#587,#588);
#586 = CARTESIAN_POINT('',(47.8,-65.8,13.59));
#587 = DIRECTION('',(0.,0.,1.));
#588 = DIRECTION('',(-5.92E-15,-1.,0.));
#589 = ORIENTED_EDGE('',*,*,#590,.F.);
#590 = EDGE_CURVE('',#546,#582,#591,.T.);
#591 = LINE('',#592,#593);
#592 = CARTESIAN_POINT('',(49.,-65.8,6.3));
#593 = VECTOR('',#594,1.);
#594 = DIRECTION('',(0.,0.,1.));
#595 = ORIENTED_EDGE('',*,*,#553,.F.);
#596 = CYLINDRICAL_SURFACE('',#597,1.2);
#597 = AXIS2_PLACEMENT_3D('',#598,#599,#600);
#598 = CARTESIAN_POINT('',(47.8,-65.8,6.3));
#599 = DIRECTION('',(-0.,-0.,-1.));
#600 = DIRECTION('',(-5.92E-15,-1.,0.));
#601 = ADVANCED_FACE('',(#602,#655,#725,#759),#829,.T.);
#602 = FACE_BOUND('',#603,.T.);
#603 = EDGE_LOOP('',(#604,#614,#623,#631,#638,#639,#640,#648));
#604 = ORIENTED_EDGE('',*,*,#605,.T.);
#605 = EDGE_CURVE('',#606,#608,#610,.T.);
#606 = VERTEX_POINT('',#607);
#607 = CARTESIAN_POINT('',(47.8,-11.,13.59));
#608 = VERTEX_POINT('',#609);
#609 = CARTESIAN_POINT('',(27.4,-11.,13.59));
#610 = LINE('',#611,#612);
#611 = CARTESIAN_POINT('',(47.8,-11.,13.59));
#612 = VECTOR('',#613,1.);
#613 = DIRECTION('',(-1.,0.,0.));
#614 = ORIENTED_EDGE('',*,*,#615,.T.);
#615 = EDGE_CURVE('',#608,#616,#618,.T.);
#616 = VERTEX_POINT('',#617);
#617 = CARTESIAN_POINT('',(25.,-13.4,13.59));
#618 = CIRCLE('',#619,2.4);
#619 = AXIS2_PLACEMENT_3D('',#620,#621,#622);
#620 = CARTESIAN_POINT('',(27.4,-13.4,13.59));
#621 = DIRECTION('',(0.,-0.,1.));
#622 = DIRECTION('',(0.,1.,0.));
#623 = ORIENTED_EDGE('',*,*,#624,.T.);
#624 = EDGE_CURVE('',#616,#625,#627,.T.);
#625 = VERTEX_POINT('',#626);
#626 = CARTESIAN_POINT('',(25.,-65.8,13.59));
#627 = LINE('',#628,#629);
#628 = CARTESIAN_POINT('',(25.,-13.4,13.59));
#629 = VECTOR('',#630,1.);
#630 = DIRECTION('',(0.,-1.,0.));
#631 = ORIENTED_EDGE('',*,*,#632,.T.);
#632 = EDGE_CURVE('',#625,#32,#633,.T.);
#633 = CIRCLE('',#634,1.2);
#634 = AXIS2_PLACEMENT_3D('',#635,#636,#637);
#635 = CARTESIAN_POINT('',(26.2,-65.8,13.59));
#636 = DIRECTION('',(0.,0.,1.));
#637 = DIRECTION('',(-1.,0.,0.));
#638 = ORIENTED_EDGE('',*,*,#39,.T.);
#639 = ORIENTED_EDGE('',*,*,#581,.T.);
#640 = ORIENTED_EDGE('',*,*,#641,.T.);
#641 = EDGE_CURVE('',#582,#642,#644,.T.);
#642 = VERTEX_POINT('',#643);
#643 = CARTESIAN_POINT('',(49.,-12.2,13.59));
#644 = LINE('',#645,#646);
#645 = CARTESIAN_POINT('',(49.,-65.8,13.59));
#646 = VECTOR('',#647,1.);
#647 = DIRECTION('',(0.,1.,0.));
#648 = ORIENTED_EDGE('',*,*,#649,.T.);
#649 = EDGE_CURVE('',#642,#606,#650,.T.);
#650 = CIRCLE('',#651,1.2);
#651 = AXIS2_PLACEMENT_3D('',#652,#653,#654);
#652 = CARTESIAN_POINT('',(47.8,-12.2,13.59));
#653 = DIRECTION('',(-0.,0.,1.));
#654 = DIRECTION('',(1.,-4.44E-15,0.));
#655 = FACE_BOUND('',#656,.T.);
#656 = EDGE_LOOP('',(#657,#667,#676,#684,#693,#701,#710,#718));
#657 = ORIENTED_EDGE('',*,*,#658,.F.);
#658 = EDGE_CURVE('',#659,#661,#663,.T.);
#659 = VERTEX_POINT('',#660);
#660 = CARTESIAN_POINT('',(38.5,-56.1,13.59));
#661 = VERTEX_POINT('',#662);
#662 = CARTESIAN_POINT('',(30.6,-56.1,13.59));
#663 = LINE('',#664,#665);
#664 = CARTESIAN_POINT('',(38.5,-56.1,13.59));
#665 = VECTOR('',#666,1.);
#666 = DIRECTION('',(-1.,0.,0.));
#667 = ORIENTED_EDGE('',*,*,#668,.F.);
#668 = EDGE_CURVE('',#669,#659,#671,.T.);
#669 = VERTEX_POINT('',#670);
#670 = CARTESIAN_POINT('',(41.5,-59.1,13.59));
#671 = CIRCLE('',#672,3.);
#672 = AXIS2_PLACEMENT_3D('',#673,#674,#675);
#673 = CARTESIAN_POINT('',(38.5,-59.1,13.59));
#674 = DIRECTION('',(-0.,0.,1.));
#675 = DIRECTION('',(1.,-2.37E-15,0.));
#676 = ORIENTED_EDGE('',*,*,#677,.F.);
#677 = EDGE_CURVE('',#678,#669,#680,.T.);
#678 = VERTEX_POINT('',#679);
#679 = CARTESIAN_POINT('',(41.5,-62.4,13.59));
#680 = LINE('',#681,#682);
#681 = CARTESIAN_POINT('',(41.5,-62.4,13.59));
#682 = VECTOR('',#683,1.);
#683 = DIRECTION('',(0.,1.,0.));
#684 = ORIENTED_EDGE('',*,*,#685,.F.);
#685 = EDGE_CURVE('',#686,#678,#688,.T.);
#686 = VERTEX_POINT('',#687);
#687 = CARTESIAN_POINT('',(38.5,-65.4,13.59));
#688 = CIRCLE('',#689,3.);
#689 = AXIS2_PLACEMENT_3D('',#690,#691,#692);
#690 = CARTESIAN_POINT('',(38.5,-62.4,13.59));
#691 = DIRECTION('',(0.,0.,1.));
#692 = DIRECTION('',(-2.37E-15,-1.,0.));
#693 = ORIENTED_EDGE('',*,*,#694,.F.);
#694 = EDGE_CURVE('',#695,#686,#697,.T.);
#695 = VERTEX_POINT('',#696);
#696 = CARTESIAN_POINT('',(30.6,-65.4,13.59));
#697 = LINE('',#698,#699);
#698 = CARTESIAN_POINT('',(30.6,-65.4,13.59));
#699 = VECTOR('',#700,1.);
#700 = DIRECTION('',(1.,0.,0.));
#701 = ORIENTED_EDGE('',*,*,#702,.F.);
#702 = EDGE_CURVE('',#703,#695,#705,.T.);
#703 = VERTEX_POINT('',#704);
#704 = CARTESIAN_POINT('',(27.6,-62.4,13.59));
#705 = CIRCLE('',#706,3.);
#706 = AXIS2_PLACEMENT_3D('',#707,#708,#709);
#707 = CARTESIAN_POINT('',(30.6,-62.4,13.59));
#708 = DIRECTION('',(0.,0.,1.));
#709 = DIRECTION('',(-1.,-4.74E-15,0.));
#710 = ORIENTED_EDGE('',*,*,#711,.F.);
#711 = EDGE_CURVE('',#712,#703,#714,.T.);
#712 = VERTEX_POINT('',#713);
#713 = CARTESIAN_POINT('',(27.6,-59.1,13.59));
#714 = LINE('',#715,#716);
#715 = CARTESIAN_POINT('',(27.6,-59.1,13.59));
#716 = VECTOR('',#717,1.);
#717 = DIRECTION('',(0.,-1.,0.));
#718 = ORIENTED_EDGE('',*,*,#719,.F.);
#719 = EDGE_CURVE('',#661,#712,#720,.T.);
#720 = CIRCLE('',#721,3.);
#721 = AXIS2_PLACEMENT_3D('',#722,#723,#724);
#722 = CARTESIAN_POINT('',(30.6,-59.1,13.59));
#723 = DIRECTION('',(0.,0.,1.));
#724 = DIRECTION('',(-4.74E-15,1.,0.));
#725 = FACE_BOUND('',#726,.T.);
#726 = EDGE_LOOP('',(#727,#737,#745,#753));
#727 = ORIENTED_EDGE('',*,*,#728,.T.);
#728 = EDGE_CURVE('',#729,#731,#733,.T.);
#729 = VERTEX_POINT('',#730);
#730 = CARTESIAN_POINT('',(43.95,-49.05,13.59));
#731 = VERTEX_POINT('',#732);
#732 = CARTESIAN_POINT('',(30.05,-49.05,13.59));
#733 = LINE('',#734,#735);
#734 = CARTESIAN_POINT('',(33.546656284918,-49.05,13.59));
#735 = VECTOR('',#736,1.);
#736 = DIRECTION('',(-1.,0.,0.));
#737 = ORIENTED_EDGE('',*,*,#738,.T.);
#738 = EDGE_CURVE('',#731,#739,#741,.T.);
#739 = VERTEX_POINT('',#740);
#740 = CARTESIAN_POINT('',(30.05,-18.55,13.59));
#741 = LINE('',#742,#743);
#742 = CARTESIAN_POINT('',(30.05,-44.07393884022,13.59));
#743 = VECTOR('',#744,1.);
#744 = DIRECTION('',(0.,1.,0.));
#745 = ORIENTED_EDGE('',*,*,#746,.F.);
#746 = EDGE_CURVE('',#747,#739,#749,.T.);
#747 = VERTEX_POINT('',#748);
#748 = CARTESIAN_POINT('',(43.95,-18.55,13.59));
#749 = LINE('',#750,#751);
#750 = CARTESIAN_POINT('',(33.546656284918,-18.55,13.59));
#751 = VECTOR('',#752,1.);
#752 = DIRECTION('',(-1.,0.,0.));
#753 = ORIENTED_EDGE('',*,*,#754,.F.);
#754 = EDGE_CURVE('',#729,#747,#755,.T.);
#755 = LINE('',#756,#757);
#756 = CARTESIAN_POINT('',(43.95,-44.07393884022,13.59));
#757 = VECTOR('',#758,1.);
#758 = DIRECTION('',(0.,1.,0.));
#759 = FACE_BOUND('',#760,.T.);
#760 = EDGE_LOOP('',(#761,#771,#779,#788,#796,#805,#814,#822));
#761 = ORIENTED_EDGE('',*,*,#762,.F.);
#762 = EDGE_CURVE('',#763,#765,#767,.T.);
#763 = VERTEX_POINT('',#764);
#764 = CARTESIAN_POINT('',(47.65,-12.4,13.59));
#765 = VERTEX_POINT('',#766);
#766 = CARTESIAN_POINT('',(27.2,-12.4,13.59));
#767 = LINE('',#768,#769);
#768 = CARTESIAN_POINT('',(47.65,-12.4,13.59));
#769 = VECTOR('',#770,1.);
#770 = DIRECTION('',(-1.,0.,0.));
#771 = ORIENTED_EDGE('',*,*,#772,.F.);
#772 = EDGE_CURVE('',#773,#763,#775,.T.);
#773 = VERTEX_POINT('',#774);
#774 = CARTESIAN_POINT('',(47.65,-43.,13.59));
#775 = LINE('',#776,#777);
#776 = CARTESIAN_POINT('',(47.65,-43.,13.59));
#777 = VECTOR('',#778,1.);
#778 = DIRECTION('',(0.,1.,0.));
#779 = ORIENTED_EDGE('',*,*,#780,.F.);
#780 = EDGE_CURVE('',#781,#773,#783,.T.);
#781 = VERTEX_POINT('',#782);
#782 = CARTESIAN_POINT('',(43.7,-61.4,13.59));
#783 = B_SPLINE_CURVE_WITH_KNOTS('',3,(#784,#785,#786,#787),
  .UNSPECIFIED.,.F.,.F.,(4,4),(0.,1.),.PIECEWISE_BEZIER_KNOTS.);
#784 = CARTESIAN_POINT('',(43.7,-61.4,13.59));
#785 = CARTESIAN_POINT('',(47.5,-58.,13.59));
#786 = CARTESIAN_POINT('',(47.65,-51.,13.59));
#787 = CARTESIAN_POINT('',(47.65,-43.,13.59));
#788 = ORIENTED_EDGE('',*,*,#789,.F.);
#789 = EDGE_CURVE('',#790,#781,#792,.T.);
#790 = VERTEX_POINT('',#791);
#791 = CARTESIAN_POINT('',(42.2,-60.6,13.59));
#792 = LINE('',#793,#794);
#793 = CARTESIAN_POINT('',(42.2,-60.6,13.59));
#794 = VECTOR('',#795,1.);
#795 = DIRECTION('',(0.882352941176,-0.470588235294,0.));
#796 = ORIENTED_EDGE('',*,*,#797,.F.);
#797 = EDGE_CURVE('',#798,#790,#800,.T.);
#798 = VERTEX_POINT('',#799);
#799 = CARTESIAN_POINT('',(45.9,-50.,13.59));
#800 = B_SPLINE_CURVE_WITH_KNOTS('',3,(#801,#802,#803,#804),
  .UNSPECIFIED.,.F.,.F.,(4,4),(0.,1.),.PIECEWISE_BEZIER_KNOTS.);
#801 = CARTESIAN_POINT('',(45.9,-50.,13.59));
#802 = CARTESIAN_POINT('',(45.8,-56.,13.59));
#803 = CARTESIAN_POINT('',(42.6,-59.5,13.59));
#804 = CARTESIAN_POINT('',(42.2,-60.6,13.59));
#805 = ORIENTED_EDGE('',*,*,#806,.F.);
#806 = EDGE_CURVE('',#807,#798,#809,.T.);
#807 = VERTEX_POINT('',#808);
#808 = CARTESIAN_POINT('',(45.85,-14.3,13.59));
#809 = B_SPLINE_CURVE_WITH_KNOTS('',3,(#810,#811,#812,#813),
  .UNSPECIFIED.,.F.,.F.,(4,4),(0.,1.),.PIECEWISE_BEZIER_KNOTS.);
#810 = CARTESIAN_POINT('',(45.85,-14.3,13.59));
#811 = CARTESIAN_POINT('',(46.2,-24.,13.59));
#812 = CARTESIAN_POINT('',(46.1,-39.,13.59));
#813 = CARTESIAN_POINT('',(45.9,-50.,13.59));
#814 = ORIENTED_EDGE('',*,*,#815,.F.);
#815 = EDGE_CURVE('',#816,#807,#818,.T.);
#816 = VERTEX_POINT('',#817);
#817 = CARTESIAN_POINT('',(36.,-14.3,13.59));
#818 = LINE('',#819,#820);
#819 = CARTESIAN_POINT('',(36.,-14.3,13.59));
#820 = VECTOR('',#821,1.);
#821 = DIRECTION('',(1.,0.,0.));
#822 = ORIENTED_EDGE('',*,*,#823,.F.);
#823 = EDGE_CURVE('',#765,#816,#824,.T.);
#824 = B_SPLINE_CURVE_WITH_KNOTS('',3,(#825,#826,#827,#828),
  .UNSPECIFIED.,.F.,.F.,(4,4),(0.,1.),.PIECEWISE_BEZIER_KNOTS.);
#825 = CARTESIAN_POINT('',(27.2,-12.4,13.59));
#826 = CARTESIAN_POINT('',(27.4,-14.3,13.59));
#827 = CARTESIAN_POINT('',(31.,-14.3,13.59));
#828 = CARTESIAN_POINT('',(36.,-14.3,13.59));
#829 = PLANE('',#830);
#830 = AXIS2_PLACEMENT_3D('',#831,#832,#833);
#831 = CARTESIAN_POINT('',(37.043312569837,-39.09787768044,13.59));
#832 = DIRECTION('',(0.,0.,1.));
#833 = DIRECTION('',(1.,0.,0.));
#834 = ADVANCED_FACE('',(#835),#846,.T.);
#835 = FACE_BOUND('',#836,.F.);
#836 = EDGE_LOOP('',(#837,#843,#844,#845));
#837 = ORIENTED_EDGE('',*,*,#838,.T.);
#838 = EDGE_CURVE('',#144,#625,#839,.T.);
#839 = LINE('',#840,#841);
#840 = CARTESIAN_POINT('',(25.,-65.8,6.3));
#841 = VECTOR('',#842,1.);
#842 = DIRECTION('',(0.,0.,1.));
#843 = ORIENTED_EDGE('',*,*,#632,.T.);
#844 = ORIENTED_EDGE('',*,*,#31,.F.);
#845 = ORIENTED_EDGE('',*,*,#143,.F.);
#846 = CYLINDRICAL_SURFACE('',#847,1.2);
#847 = AXIS2_PLACEMENT_3D('',#848,#849,#850);
#848 = CARTESIAN_POINT('',(26.2,-65.8,6.3));
#849 = DIRECTION('',(-0.,-0.,-1.));
#850 = DIRECTION('',(-1.,0.,0.));
#851 = ADVANCED_FACE('',(#852),#908,.F.);
#852 = FACE_BOUND('',#853,.F.);
#853 = EDGE_LOOP('',(#854,#862,#863,#864,#865,#866,#867,#875,#883,#889,
    #890,#891,#892,#893,#894,#902));
#854 = ORIENTED_EDGE('',*,*,#855,.F.);
#855 = EDGE_CURVE('',#126,#856,#858,.T.);
#856 = VERTEX_POINT('',#857);
#857 = CARTESIAN_POINT('',(26.229458346531,-65.8,12.19));
#858 = LINE('',#859,#860);
#859 = CARTESIAN_POINT('',(26.229458346531,-65.8,6.2));
#860 = VECTOR('',#861,1.);
#861 = DIRECTION('',(0.,0.,1.));
#862 = ORIENTED_EDGE('',*,*,#125,.T.);
#863 = ORIENTED_EDGE('',*,*,#198,.F.);
#864 = ORIENTED_EDGE('',*,*,#241,.F.);
#865 = ORIENTED_EDGE('',*,*,#258,.T.);
#866 = ORIENTED_EDGE('',*,*,#321,.T.);
#867 = ORIENTED_EDGE('',*,*,#868,.F.);
#868 = EDGE_CURVE('',#869,#322,#871,.T.);
#869 = VERTEX_POINT('',#870);
#870 = CARTESIAN_POINT('',(35.712552521936,-65.8,11.6));
#871 = LINE('',#872,#873);
#872 = CARTESIAN_POINT('',(35.712552521936,-65.8,6.3));
#873 = VECTOR('',#874,1.);
#874 = DIRECTION('',(-0.,-0.,-1.));
#875 = ORIENTED_EDGE('',*,*,#876,.F.);
#876 = EDGE_CURVE('',#877,#869,#879,.T.);
#877 = VERTEX_POINT('',#878);
#878 = CARTESIAN_POINT('',(38.687447478064,-65.8,11.6));
#879 = LINE('',#880,#881);
#880 = CARTESIAN_POINT('',(42.485270826735,-65.8,11.6));
#881 = VECTOR('',#882,1.);
#882 = DIRECTION('',(-1.,0.,0.));
#883 = ORIENTED_EDGE('',*,*,#884,.T.);
#884 = EDGE_CURVE('',#877,#293,#885,.T.);
#885 = LINE('',#886,#887);
#886 = CARTESIAN_POINT('',(38.687447478064,-65.8,6.3));
#887 = VECTOR('',#888,1.);
#888 = DIRECTION('',(-0.,-0.,-1.));
#889 = ORIENTED_EDGE('',*,*,#303,.T.);
#890 = ORIENTED_EDGE('',*,*,#355,.F.);
#891 = ORIENTED_EDGE('',*,*,#380,.F.);
#892 = ORIENTED_EDGE('',*,*,#406,.T.);
#893 = ORIENTED_EDGE('',*,*,#431,.T.);
#894 = ORIENTED_EDGE('',*,*,#895,.T.);
#895 = EDGE_CURVE('',#432,#896,#898,.T.);
#896 = VERTEX_POINT('',#897);
#897 = CARTESIAN_POINT('',(47.770541653469,-65.8,12.19));
#898 = LINE('',#899,#900);
#899 = CARTESIAN_POINT('',(47.770541653469,-65.8,6.2));
#900 = VECTOR('',#901,1.);
#901 = DIRECTION('',(0.,0.,1.));
#902 = ORIENTED_EDGE('',*,*,#903,.T.);
#903 = EDGE_CURVE('',#896,#856,#904,.T.);
#904 = LINE('',#905,#906);
#905 = CARTESIAN_POINT('',(47.770541653469,-65.8,12.19));
#906 = VECTOR('',#907,1.);
#907 = DIRECTION('',(-1.,0.,0.));
#908 = PLANE('',#909);
#909 = AXIS2_PLACEMENT_3D('',#910,#911,#912);
#910 = CARTESIAN_POINT('',(47.770541653469,-65.8,6.2));
#911 = DIRECTION('',(0.,-1.,0.));
#912 = DIRECTION('',(-1.,0.,0.));
#913 = ADVANCED_FACE('',(#914),#932,.F.);
#914 = FACE_BOUND('',#915,.F.);
#915 = EDGE_LOOP('',(#916,#917,#918,#926));
#916 = ORIENTED_EDGE('',*,*,#184,.T.);
#917 = ORIENTED_EDGE('',*,*,#855,.T.);
#918 = ORIENTED_EDGE('',*,*,#919,.T.);
#919 = EDGE_CURVE('',#856,#920,#922,.T.);
#920 = VERTEX_POINT('',#921);
#921 = CARTESIAN_POINT('',(26.201379428774,-65.79862057122,12.19));
#922 = LINE('',#923,#924);
#923 = CARTESIAN_POINT('',(26.229458346531,-65.8,12.19));
#924 = VECTOR('',#925,1.);
#925 = DIRECTION('',(-0.998795456205,4.906767432757E-02,0.));
#926 = ORIENTED_EDGE('',*,*,#927,.F.);
#927 = EDGE_CURVE('',#177,#920,#928,.T.);
#928 = LINE('',#929,#930);
#929 = CARTESIAN_POINT('',(26.201379428774,-65.79862057122,6.2));
#930 = VECTOR('',#931,1.);
#931 = DIRECTION('',(0.,0.,1.));
#932 = PLANE('',#933);
#933 = AXIS2_PLACEMENT_3D('',#934,#935,#936);
#934 = CARTESIAN_POINT('',(26.229458346531,-65.8,6.2));
#935 = DIRECTION('',(-4.906767432757E-02,-0.998795456205,0.));
#936 = DIRECTION('',(-0.998795456205,4.906767432757E-02,0.));
#937 = ADVANCED_FACE('',(#938),#956,.F.);
#938 = FACE_BOUND('',#939,.F.);
#939 = EDGE_LOOP('',(#940,#941,#942,#950));
#940 = ORIENTED_EDGE('',*,*,#176,.T.);
#941 = ORIENTED_EDGE('',*,*,#927,.T.);
#942 = ORIENTED_EDGE('',*,*,#943,.T.);
#943 = EDGE_CURVE('',#920,#944,#946,.T.);
#944 = VERTEX_POINT('',#945);
#945 = CARTESIAN_POINT('',(26.2,-65.77054165346,12.19));
#946 = LINE('',#947,#948);
#947 = CARTESIAN_POINT('',(26.201379428774,-65.79862057122,12.19));
#948 = VECTOR('',#949,1.);
#949 = DIRECTION('',(-4.906767432734E-02,0.998795456205,0.));
#950 = ORIENTED_EDGE('',*,*,#951,.F.);
#951 = EDGE_CURVE('',#169,#944,#952,.T.);
#952 = LINE('',#953,#954);
#953 = CARTESIAN_POINT('',(26.2,-65.77054165346,6.2));
#954 = VECTOR('',#955,1.);
#955 = DIRECTION('',(0.,0.,1.));
#956 = PLANE('',#957);
#957 = AXIS2_PLACEMENT_3D('',#958,#959,#960);
#958 = CARTESIAN_POINT('',(26.201379428774,-65.79862057122,6.2));
#959 = DIRECTION('',(-0.998795456205,-4.906767432734E-02,0.));
#960 = DIRECTION('',(-4.906767432734E-02,0.998795456205,0.));
#961 = ADVANCED_FACE('',(#962),#1044,.F.);
#962 = FACE_BOUND('',#963,.F.);
#963 = EDGE_LOOP('',(#964,#974,#982,#990,#998,#1006,#1014,#1022,#1030,
    #1036,#1037,#1038));
#964 = ORIENTED_EDGE('',*,*,#965,.F.);
#965 = EDGE_CURVE('',#966,#968,#970,.T.);
#966 = VERTEX_POINT('',#967);
#967 = CARTESIAN_POINT('',(26.2,-13.42945834653,6.3));
#968 = VERTEX_POINT('',#969);
#969 = CARTESIAN_POINT('',(26.2,-13.42945834653,12.19));
#970 = LINE('',#971,#972);
#971 = CARTESIAN_POINT('',(26.2,-13.42945834653,6.2));
#972 = VECTOR('',#973,1.);
#973 = DIRECTION('',(0.,0.,1.));
#974 = ORIENTED_EDGE('',*,*,#975,.T.);
#975 = EDGE_CURVE('',#966,#976,#978,.T.);
#976 = VERTEX_POINT('',#977);
#977 = CARTESIAN_POINT('',(26.2,-51.13191726823,6.3));
#978 = LINE('',#979,#980);
#979 = CARTESIAN_POINT('',(26.2,-52.43420966695,6.3));
#980 = VECTOR('',#981,1.);
#981 = DIRECTION('',(0.,-1.,0.));
#982 = ORIENTED_EDGE('',*,*,#983,.F.);
#983 = EDGE_CURVE('',#984,#976,#986,.T.);
#984 = VERTEX_POINT('',#985);
#985 = CARTESIAN_POINT('',(26.2,-51.13191726823,11.6));
#986 = LINE('',#987,#988);
#987 = CARTESIAN_POINT('',(26.2,-51.13191726823,6.3));
#988 = VECTOR('',#989,1.);
#989 = DIRECTION('',(-0.,-0.,-1.));
#990 = ORIENTED_EDGE('',*,*,#991,.F.);
#991 = EDGE_CURVE('',#992,#984,#994,.T.);
#992 = VERTEX_POINT('',#993);
#993 = CARTESIAN_POINT('',(26.2,-54.46808273176,11.6));
#994 = LINE('',#995,#996);
#995 = CARTESIAN_POINT('',(26.2,-59.28527082673,11.6));
#996 = VECTOR('',#997,1.);
#997 = DIRECTION('',(0.,1.,0.));
#998 = ORIENTED_EDGE('',*,*,#999,.T.);
#999 = EDGE_CURVE('',#992,#1000,#1002,.T.);
#1000 = VERTEX_POINT('',#1001);
#1001 = CARTESIAN_POINT('',(26.2,-54.46808273176,6.3));
#1002 = LINE('',#1003,#1004);
#1003 = CARTESIAN_POINT('',(26.2,-54.46808273176,6.3));
#1004 = VECTOR('',#1005,1.);
#1005 = DIRECTION('',(-0.,-0.,-1.));
#1006 = ORIENTED_EDGE('',*,*,#1007,.T.);
#1007 = EDGE_CURVE('',#1000,#1008,#1010,.T.);
#1008 = VERTEX_POINT('',#1009);
#1009 = CARTESIAN_POINT('',(26.2,-55.4,6.3));
#1010 = LINE('',#1011,#1012);
#1011 = CARTESIAN_POINT('',(26.2,-52.43420966695,6.3));
#1012 = VECTOR('',#1013,1.);
#1013 = DIRECTION('',(0.,-1.,0.));
#1014 = ORIENTED_EDGE('',*,*,#1015,.F.);
#1015 = EDGE_CURVE('',#1016,#1008,#1018,.T.);
#1016 = VERTEX_POINT('',#1017);
#1017 = CARTESIAN_POINT('',(26.2,-55.4,9.2));
#1018 = LINE('',#1019,#1020);
#1019 = CARTESIAN_POINT('',(26.2,-55.4,5.65));
#1020 = VECTOR('',#1021,1.);
#1021 = DIRECTION('',(0.,0.,-1.));
#1022 = ORIENTED_EDGE('',*,*,#1023,.F.);
#1023 = EDGE_CURVE('',#1024,#1016,#1026,.T.);
#1024 = VERTEX_POINT('',#1025);
#1025 = CARTESIAN_POINT('',(26.2,-63.9,9.2));
#1026 = LINE('',#1027,#1028);
#1027 = CARTESIAN_POINT('',(26.2,-64.83527082673,9.2));
#1028 = VECTOR('',#1029,1.);
#1029 = DIRECTION('',(0.,1.,0.));
#1030 = ORIENTED_EDGE('',*,*,#1031,.T.);
#1031 = EDGE_CURVE('',#1024,#161,#1032,.T.);
#1032 = LINE('',#1033,#1034);
#1033 = CARTESIAN_POINT('',(26.2,-63.9,5.65));
#1034 = VECTOR('',#1035,1.);
#1035 = DIRECTION('',(0.,0.,-1.));
#1036 = ORIENTED_EDGE('',*,*,#168,.T.);
#1037 = ORIENTED_EDGE('',*,*,#951,.T.);
#1038 = ORIENTED_EDGE('',*,*,#1039,.T.);
#1039 = EDGE_CURVE('',#944,#968,#1040,.T.);
#1040 = LINE('',#1041,#1042);
#1041 = CARTESIAN_POINT('',(26.2,-65.77054165346,12.19));
#1042 = VECTOR('',#1043,1.);
#1043 = DIRECTION('',(0.,1.,0.));
#1044 = PLANE('',#1045);
#1045 = AXIS2_PLACEMENT_3D('',#1046,#1047,#1048);
#1046 = CARTESIAN_POINT('',(26.2,-65.77054165346,6.2));
#1047 = DIRECTION('',(-1.,0.,0.));
#1048 = DIRECTION('',(0.,1.,0.));
#1049 = ADVANCED_FACE('',(#1050),#1068,.T.);
#1050 = FACE_BOUND('',#1051,.T.);
#1051 = EDGE_LOOP('',(#1052,#1060,#1061,#1062));
#1052 = ORIENTED_EDGE('',*,*,#1053,.T.);
#1053 = EDGE_CURVE('',#1054,#1024,#1056,.T.);
#1054 = VERTEX_POINT('',#1055);
#1055 = CARTESIAN_POINT('',(25.,-63.9,9.2));
#1056 = LINE('',#1057,#1058);
#1057 = CARTESIAN_POINT('',(20.,-63.9,9.2));
#1058 = VECTOR('',#1059,1.);
#1059 = DIRECTION('',(1.,0.,0.));
#1060 = ORIENTED_EDGE('',*,*,#1031,.T.);
#1061 = ORIENTED_EDGE('',*,*,#160,.T.);
#1062 = ORIENTED_EDGE('',*,*,#1063,.T.);
#1063 = EDGE_CURVE('',#153,#1054,#1064,.T.);
#1064 = LINE('',#1065,#1066);
#1065 = CARTESIAN_POINT('',(25.,-63.9,5.7));
#1066 = VECTOR('',#1067,1.);
#1067 = DIRECTION('',(0.,0.,1.));
#1068 = PLANE('',#1069);
#1069 = AXIS2_PLACEMENT_3D('',#1070,#1071,#1072);
#1070 = CARTESIAN_POINT('',(20.,-63.9,5.1));
#1071 = DIRECTION('',(0.,1.,0.));
#1072 = DIRECTION('',(0.,0.,1.));
#1073 = ADVANCED_FACE('',(#1074),#1110,.F.);
#1074 = FACE_BOUND('',#1075,.F.);
#1075 = EDGE_LOOP('',(#1076,#1086,#1092,#1093,#1094,#1095,#1096,#1104));
#1076 = ORIENTED_EDGE('',*,*,#1077,.F.);
#1077 = EDGE_CURVE('',#1078,#1080,#1082,.T.);
#1078 = VERTEX_POINT('',#1079);
#1079 = CARTESIAN_POINT('',(25.,-13.4,6.3));
#1080 = VERTEX_POINT('',#1081);
#1081 = CARTESIAN_POINT('',(25.,-55.4,6.3));
#1082 = LINE('',#1083,#1084);
#1083 = CARTESIAN_POINT('',(25.,-13.4,6.3));
#1084 = VECTOR('',#1085,1.);
#1085 = DIRECTION('',(0.,-1.,0.));
#1086 = ORIENTED_EDGE('',*,*,#1087,.T.);
#1087 = EDGE_CURVE('',#1078,#616,#1088,.T.);
#1088 = LINE('',#1089,#1090);
#1089 = CARTESIAN_POINT('',(25.,-13.4,6.3));
#1090 = VECTOR('',#1091,1.);
#1091 = DIRECTION('',(0.,0.,1.));
#1092 = ORIENTED_EDGE('',*,*,#624,.T.);
#1093 = ORIENTED_EDGE('',*,*,#838,.F.);
#1094 = ORIENTED_EDGE('',*,*,#152,.F.);
#1095 = ORIENTED_EDGE('',*,*,#1063,.T.);
#1096 = ORIENTED_EDGE('',*,*,#1097,.F.);
#1097 = EDGE_CURVE('',#1098,#1054,#1100,.T.);
#1098 = VERTEX_POINT('',#1099);
#1099 = CARTESIAN_POINT('',(25.,-55.4,9.2));
#1100 = LINE('',#1101,#1102);
#1101 = CARTESIAN_POINT('',(25.,-38.65,9.2));
#1102 = VECTOR('',#1103,1.);
#1103 = DIRECTION('',(0.,-1.,0.));
#1104 = ORIENTED_EDGE('',*,*,#1105,.F.);
#1105 = EDGE_CURVE('',#1080,#1098,#1106,.T.);
#1106 = LINE('',#1107,#1108);
#1107 = CARTESIAN_POINT('',(25.,-55.4,5.7));
#1108 = VECTOR('',#1109,1.);
#1109 = DIRECTION('',(0.,0.,1.));
#1110 = PLANE('',#1111);
#1111 = AXIS2_PLACEMENT_3D('',#1112,#1113,#1114);
#1112 = CARTESIAN_POINT('',(25.,-13.4,6.3));
#1113 = DIRECTION('',(1.,0.,0.));
#1114 = DIRECTION('',(0.,-1.,0.));
#1115 = ADVANCED_FACE('',(#1116),#1138,.T.);
#1116 = FACE_BOUND('',#1117,.F.);
#1117 = EDGE_LOOP('',(#1118,#1119,#1128,#1135,#1136,#1137));
#1118 = ORIENTED_EDGE('',*,*,#884,.F.);
#1119 = ORIENTED_EDGE('',*,*,#1120,.T.);
#1120 = EDGE_CURVE('',#877,#1121,#1123,.T.);
#1121 = VERTEX_POINT('',#1122);
#1122 = CARTESIAN_POINT('',(39.05,-64.7,11.6));
#1123 = CIRCLE('',#1124,1.85);
#1124 = AXIS2_PLACEMENT_3D('',#1125,#1126,#1127);
#1125 = CARTESIAN_POINT('',(37.2,-64.7,11.6));
#1126 = DIRECTION('',(0.,0.,1.));
#1127 = DIRECTION('',(1.,0.,0.));
#1128 = ORIENTED_EDGE('',*,*,#1129,.T.);
#1129 = EDGE_CURVE('',#1121,#869,#1130,.T.);
#1130 = CIRCLE('',#1131,1.85);
#1131 = AXIS2_PLACEMENT_3D('',#1132,#1133,#1134);
#1132 = CARTESIAN_POINT('',(37.2,-64.7,11.6));
#1133 = DIRECTION('',(0.,0.,1.));
#1134 = DIRECTION('',(1.,0.,0.));
#1135 = ORIENTED_EDGE('',*,*,#868,.T.);
#1136 = ORIENTED_EDGE('',*,*,#329,.F.);
#1137 = ORIENTED_EDGE('',*,*,#292,.F.);
#1138 = CYLINDRICAL_SURFACE('',#1139,1.85);
#1139 = AXIS2_PLACEMENT_3D('',#1140,#1141,#1142);
#1140 = CARTESIAN_POINT('',(37.2,-64.7,6.3));
#1141 = DIRECTION('',(-0.,-0.,-1.));
#1142 = DIRECTION('',(1.,0.,0.));
#1143 = ADVANCED_FACE('',(#1144),#1163,.F.);
#1144 = FACE_BOUND('',#1145,.T.);
#1145 = EDGE_LOOP('',(#1146,#1147,#1155,#1162));
#1146 = ORIENTED_EDGE('',*,*,#338,.T.);
#1147 = ORIENTED_EDGE('',*,*,#1148,.T.);
#1148 = EDGE_CURVE('',#339,#1149,#1151,.T.);
#1149 = VERTEX_POINT('',#1150);
#1150 = CARTESIAN_POINT('',(38.8,-64.7,6.8));
#1151 = LINE('',#1152,#1153);
#1152 = CARTESIAN_POINT('',(38.8,-64.7,6.2));
#1153 = VECTOR('',#1154,1.);
#1154 = DIRECTION('',(0.,0.,1.));
#1155 = ORIENTED_EDGE('',*,*,#1156,.T.);
#1156 = EDGE_CURVE('',#1149,#1149,#1157,.T.);
#1157 = CIRCLE('',#1158,1.6);
#1158 = AXIS2_PLACEMENT_3D('',#1159,#1160,#1161);
#1159 = CARTESIAN_POINT('',(37.2,-64.7,6.8));
#1160 = DIRECTION('',(0.,0.,1.));
#1161 = DIRECTION('',(1.,0.,0.));
#1162 = ORIENTED_EDGE('',*,*,#1148,.F.);
#1163 = CYLINDRICAL_SURFACE('',#1164,1.6);
#1164 = AXIS2_PLACEMENT_3D('',#1165,#1166,#1167);
#1165 = CARTESIAN_POINT('',(37.2,-64.7,6.2));
#1166 = DIRECTION('',(-0.,-0.,-1.));
#1167 = DIRECTION('',(1.,0.,0.));
#1168 = ADVANCED_FACE('',(#1169),#1180,.F.);
#1169 = FACE_BOUND('',#1170,.F.);
#1170 = EDGE_LOOP('',(#1171,#1172,#1173,#1179));
#1171 = ORIENTED_EDGE('',*,*,#590,.T.);
#1172 = ORIENTED_EDGE('',*,*,#641,.T.);
#1173 = ORIENTED_EDGE('',*,*,#1174,.F.);
#1174 = EDGE_CURVE('',#537,#642,#1175,.T.);
#1175 = LINE('',#1176,#1177);
#1176 = CARTESIAN_POINT('',(49.,-12.2,6.3));
#1177 = VECTOR('',#1178,1.);
#1178 = DIRECTION('',(0.,0.,1.));
#1179 = ORIENTED_EDGE('',*,*,#545,.F.);
#1180 = PLANE('',#1181);
#1181 = AXIS2_PLACEMENT_3D('',#1182,#1183,#1184);
#1182 = CARTESIAN_POINT('',(49.,-65.8,6.3));
#1183 = DIRECTION('',(-1.,0.,0.));
#1184 = DIRECTION('',(0.,1.,0.));
#1185 = ADVANCED_FACE('',(#1186),#1197,.T.);
#1186 = FACE_BOUND('',#1187,.F.);
#1187 = EDGE_LOOP('',(#1188,#1189,#1190,#1196));
#1188 = ORIENTED_EDGE('',*,*,#1174,.T.);
#1189 = ORIENTED_EDGE('',*,*,#649,.T.);
#1190 = ORIENTED_EDGE('',*,*,#1191,.F.);
#1191 = EDGE_CURVE('',#529,#606,#1192,.T.);
#1192 = LINE('',#1193,#1194);
#1193 = CARTESIAN_POINT('',(47.8,-11.,6.3));
#1194 = VECTOR('',#1195,1.);
#1195 = DIRECTION('',(0.,0.,1.));
#1196 = ORIENTED_EDGE('',*,*,#536,.F.);
#1197 = CYLINDRICAL_SURFACE('',#1198,1.2);
#1198 = AXIS2_PLACEMENT_3D('',#1199,#1200,#1201);
#1199 = CARTESIAN_POINT('',(47.8,-12.2,6.3));
#1200 = DIRECTION('',(0.,0.,-1.));
#1201 = DIRECTION('',(1.,-4.44E-15,0.));
#1202 = ADVANCED_FACE('',(#1203),#1246,.F.);
#1203 = FACE_BOUND('',#1204,.F.);
#1204 = EDGE_LOOP('',(#1205,#1206,#1207,#1208,#1216,#1224,#1232,#1240));
#1205 = ORIENTED_EDGE('',*,*,#528,.F.);
#1206 = ORIENTED_EDGE('',*,*,#1191,.T.);
#1207 = ORIENTED_EDGE('',*,*,#605,.T.);
#1208 = ORIENTED_EDGE('',*,*,#1209,.F.);
#1209 = EDGE_CURVE('',#1210,#608,#1212,.T.);
#1210 = VERTEX_POINT('',#1211);
#1211 = CARTESIAN_POINT('',(27.4,-11.,6.3));
#1212 = LINE('',#1213,#1214);
#1213 = CARTESIAN_POINT('',(27.4,-11.,6.3));
#1214 = VECTOR('',#1215,1.);
#1215 = DIRECTION('',(0.,0.,1.));
#1216 = ORIENTED_EDGE('',*,*,#1217,.F.);
#1217 = EDGE_CURVE('',#1218,#1210,#1220,.T.);
#1218 = VERTEX_POINT('',#1219);
#1219 = CARTESIAN_POINT('',(30.7,-11.,6.3));
#1220 = LINE('',#1221,#1222);
#1221 = CARTESIAN_POINT('',(47.8,-11.,6.3));
#1222 = VECTOR('',#1223,1.);
#1223 = DIRECTION('',(-1.,0.,0.));
#1224 = ORIENTED_EDGE('',*,*,#1225,.T.);
#1225 = EDGE_CURVE('',#1218,#1226,#1228,.T.);
#1226 = VERTEX_POINT('',#1227);
#1227 = CARTESIAN_POINT('',(30.7,-11.,11.8));
#1228 = LINE('',#1229,#1230);
#1229 = CARTESIAN_POINT('',(30.7,-11.,6.25));
#1230 = VECTOR('',#1231,1.);
#1231 = DIRECTION('',(0.,0.,1.));
#1232 = ORIENTED_EDGE('',*,*,#1233,.F.);
#1233 = EDGE_CURVE('',#1234,#1226,#1236,.T.);
#1234 = VERTEX_POINT('',#1235);
#1235 = CARTESIAN_POINT('',(43.7,-11.,11.8));
#1236 = LINE('',#1237,#1238);
#1237 = CARTESIAN_POINT('',(39.25,-11.,11.8));
#1238 = VECTOR('',#1239,1.);
#1239 = DIRECTION('',(-1.,0.,0.));
#1240 = ORIENTED_EDGE('',*,*,#1241,.F.);
#1241 = EDGE_CURVE('',#521,#1234,#1242,.T.);
#1242 = LINE('',#1243,#1244);
#1243 = CARTESIAN_POINT('',(43.7,-11.,6.25));
#1244 = VECTOR('',#1245,1.);
#1245 = DIRECTION('',(0.,0.,1.));
#1246 = PLANE('',#1247);
#1247 = AXIS2_PLACEMENT_3D('',#1248,#1249,#1250);
#1248 = CARTESIAN_POINT('',(47.8,-11.,6.3));
#1249 = DIRECTION('',(0.,-1.,0.));
#1250 = DIRECTION('',(-1.,0.,0.));
#1251 = ADVANCED_FACE('',(#1252),#1270,.F.);
#1252 = FACE_BOUND('',#1253,.F.);
#1253 = EDGE_LOOP('',(#1254,#1262,#1268,#1269));
#1254 = ORIENTED_EDGE('',*,*,#1255,.F.);
#1255 = EDGE_CURVE('',#1256,#1234,#1258,.T.);
#1256 = VERTEX_POINT('',#1257);
#1257 = CARTESIAN_POINT('',(43.7,-11.4,11.8));
#1258 = LINE('',#1259,#1260);
#1259 = CARTESIAN_POINT('',(43.7,-20.,11.8));
#1260 = VECTOR('',#1261,1.);
#1261 = DIRECTION('',(0.,1.,0.));
#1262 = ORIENTED_EDGE('',*,*,#1263,.F.);
#1263 = EDGE_CURVE('',#513,#1256,#1264,.T.);
#1264 = LINE('',#1265,#1266);
#1265 = CARTESIAN_POINT('',(43.7,-11.4,5.9));
#1266 = VECTOR('',#1267,1.);
#1267 = DIRECTION('',(0.,0.,1.));
#1268 = ORIENTED_EDGE('',*,*,#520,.T.);
#1269 = ORIENTED_EDGE('',*,*,#1241,.T.);
#1270 = PLANE('',#1271);
#1271 = AXIS2_PLACEMENT_3D('',#1272,#1273,#1274);
#1272 = CARTESIAN_POINT('',(43.7,-20.,6.2));
#1273 = DIRECTION('',(1.,0.,0.));
#1274 = DIRECTION('',(0.,0.,1.));
#1275 = ADVANCED_FACE('',(#1276),#1326,.F.);
#1276 = FACE_BOUND('',#1277,.F.);
#1277 = EDGE_LOOP('',(#1278,#1286,#1287,#1288,#1296,#1304,#1312,#1320));
#1278 = ORIENTED_EDGE('',*,*,#1279,.F.);
#1279 = EDGE_CURVE('',#505,#1280,#1282,.T.);
#1280 = VERTEX_POINT('',#1281);
#1281 = CARTESIAN_POINT('',(47.,-11.4,12.1));
#1282 = LINE('',#1283,#1284);
#1283 = CARTESIAN_POINT('',(47.,-11.4,5.6));
#1284 = VECTOR('',#1285,1.);
#1285 = DIRECTION('',(0.,0.,1.));
#1286 = ORIENTED_EDGE('',*,*,#512,.T.);
#1287 = ORIENTED_EDGE('',*,*,#1263,.T.);
#1288 = ORIENTED_EDGE('',*,*,#1289,.T.);
#1289 = EDGE_CURVE('',#1256,#1290,#1292,.T.);
#1290 = VERTEX_POINT('',#1291);
#1291 = CARTESIAN_POINT('',(30.7,-11.4,11.8));
#1292 = LINE('',#1293,#1294);
#1293 = CARTESIAN_POINT('',(29.05,-11.4,11.8));
#1294 = VECTOR('',#1295,1.);
#1295 = DIRECTION('',(-1.,0.,0.));
#1296 = ORIENTED_EDGE('',*,*,#1297,.F.);
#1297 = EDGE_CURVE('',#1298,#1290,#1300,.T.);
#1298 = VERTEX_POINT('',#1299);
#1299 = CARTESIAN_POINT('',(30.7,-11.4,6.3));
#1300 = LINE('',#1301,#1302);
#1301 = CARTESIAN_POINT('',(30.7,-11.4,5.9));
#1302 = VECTOR('',#1303,1.);
#1303 = DIRECTION('',(0.,0.,1.));
#1304 = ORIENTED_EDGE('',*,*,#1305,.T.);
#1305 = EDGE_CURVE('',#1298,#1306,#1308,.T.);
#1306 = VERTEX_POINT('',#1307);
#1307 = CARTESIAN_POINT('',(27.4,-11.4,6.3));
#1308 = LINE('',#1309,#1310);
#1309 = CARTESIAN_POINT('',(32.221656284918,-11.4,6.3));
#1310 = VECTOR('',#1311,1.);
#1311 = DIRECTION('',(-1.,0.,0.));
#1312 = ORIENTED_EDGE('',*,*,#1313,.T.);
#1313 = EDGE_CURVE('',#1306,#1314,#1316,.T.);
#1314 = VERTEX_POINT('',#1315);
#1315 = CARTESIAN_POINT('',(27.4,-11.4,12.1));
#1316 = LINE('',#1317,#1318);
#1317 = CARTESIAN_POINT('',(27.4,-11.4,5.6));
#1318 = VECTOR('',#1319,1.);
#1319 = DIRECTION('',(0.,0.,1.));
#1320 = ORIENTED_EDGE('',*,*,#1321,.T.);
#1321 = EDGE_CURVE('',#1314,#1280,#1322,.T.);
#1322 = LINE('',#1323,#1324);
#1323 = CARTESIAN_POINT('',(27.4,-11.4,12.1));
#1324 = VECTOR('',#1325,1.);
#1325 = DIRECTION('',(1.,0.,0.));
#1326 = PLANE('',#1327);
#1327 = AXIS2_PLACEMENT_3D('',#1328,#1329,#1330);
#1328 = CARTESIAN_POINT('',(27.4,-11.4,5.6));
#1329 = DIRECTION('',(0.,1.,0.));
#1330 = DIRECTION('',(0.,0.,1.));
#1331 = ADVANCED_FACE('',(#1332),#1350,.F.);
#1332 = FACE_BOUND('',#1333,.F.);
#1333 = EDGE_LOOP('',(#1334,#1342,#1348,#1349));
#1334 = ORIENTED_EDGE('',*,*,#1335,.F.);
#1335 = EDGE_CURVE('',#1336,#1280,#1338,.T.);
#1336 = VERTEX_POINT('',#1337);
#1337 = CARTESIAN_POINT('',(47.,-12.2,12.1));
#1338 = LINE('',#1339,#1340);
#1339 = CARTESIAN_POINT('',(47.,-48.1,12.1));
#1340 = VECTOR('',#1341,1.);
#1341 = DIRECTION('',(0.,1.,0.));
#1342 = ORIENTED_EDGE('',*,*,#1343,.T.);
#1343 = EDGE_CURVE('',#1336,#497,#1344,.T.);
#1344 = LINE('',#1345,#1346);
#1345 = CARTESIAN_POINT('',(47.,-12.2,5.9));
#1346 = VECTOR('',#1347,1.);
#1347 = DIRECTION('',(0.,0.,-1.));
#1348 = ORIENTED_EDGE('',*,*,#504,.T.);
#1349 = ORIENTED_EDGE('',*,*,#1279,.T.);
#1350 = PLANE('',#1351);
#1351 = AXIS2_PLACEMENT_3D('',#1352,#1353,#1354);
#1352 = CARTESIAN_POINT('',(47.,-48.1,5.6));
#1353 = DIRECTION('',(1.,0.,0.));
#1354 = DIRECTION('',(0.,0.,1.));
#1355 = ADVANCED_FACE('',(#1356),#1390,.F.);
#1356 = FACE_BOUND('',#1357,.F.);
#1357 = EDGE_LOOP('',(#1358,#1366,#1367,#1368,#1376,#1384));
#1358 = ORIENTED_EDGE('',*,*,#1359,.F.);
#1359 = EDGE_CURVE('',#489,#1360,#1362,.T.);
#1360 = VERTEX_POINT('',#1361);
#1361 = CARTESIAN_POINT('',(47.770541653469,-12.2,12.19));
#1362 = LINE('',#1363,#1364);
#1363 = CARTESIAN_POINT('',(47.770541653469,-12.2,6.2));
#1364 = VECTOR('',#1365,1.);
#1365 = DIRECTION('',(0.,0.,1.));
#1366 = ORIENTED_EDGE('',*,*,#496,.T.);
#1367 = ORIENTED_EDGE('',*,*,#1343,.F.);
#1368 = ORIENTED_EDGE('',*,*,#1369,.F.);
#1369 = EDGE_CURVE('',#1370,#1336,#1372,.T.);
#1370 = VERTEX_POINT('',#1371);
#1371 = CARTESIAN_POINT('',(27.429458346531,-12.2,12.1));
#1372 = LINE('',#1373,#1374);
#1373 = CARTESIAN_POINT('',(27.414729173265,-12.2,12.1));
#1374 = VECTOR('',#1375,1.);
#1375 = DIRECTION('',(1.,0.,0.));
#1376 = ORIENTED_EDGE('',*,*,#1377,.T.);
#1377 = EDGE_CURVE('',#1370,#1378,#1380,.T.);
#1378 = VERTEX_POINT('',#1379);
#1379 = CARTESIAN_POINT('',(27.429458346531,-12.2,12.19));
#1380 = LINE('',#1381,#1382);
#1381 = CARTESIAN_POINT('',(27.429458346531,-12.2,6.2));
#1382 = VECTOR('',#1383,1.);
#1383 = DIRECTION('',(0.,0.,1.));
#1384 = ORIENTED_EDGE('',*,*,#1385,.T.);
#1385 = EDGE_CURVE('',#1378,#1360,#1386,.T.);
#1386 = LINE('',#1387,#1388);
#1387 = CARTESIAN_POINT('',(27.429458346531,-12.2,12.19));
#1388 = VECTOR('',#1389,1.);
#1389 = DIRECTION('',(1.,0.,0.));
#1390 = PLANE('',#1391);
#1391 = AXIS2_PLACEMENT_3D('',#1392,#1393,#1394);
#1392 = CARTESIAN_POINT('',(27.429458346531,-12.2,6.2));
#1393 = DIRECTION('',(0.,1.,0.));
#1394 = DIRECTION('',(1.,0.,0.));
#1395 = ADVANCED_FACE('',(#1396),#1414,.F.);
#1396 = FACE_BOUND('',#1397,.F.);
#1397 = EDGE_LOOP('',(#1398,#1399,#1400,#1408));
#1398 = ORIENTED_EDGE('',*,*,#488,.T.);
#1399 = ORIENTED_EDGE('',*,*,#1359,.T.);
#1400 = ORIENTED_EDGE('',*,*,#1401,.T.);
#1401 = EDGE_CURVE('',#1360,#1402,#1404,.T.);
#1402 = VERTEX_POINT('',#1403);
#1403 = CARTESIAN_POINT('',(47.798620571226,-12.20137942877,12.19));
#1404 = LINE('',#1405,#1406);
#1405 = CARTESIAN_POINT('',(47.770541653469,-12.2,12.19));
#1406 = VECTOR('',#1407,1.);
#1407 = DIRECTION('',(0.998795456205,-4.906767432741E-02,0.));
#1408 = ORIENTED_EDGE('',*,*,#1409,.F.);
#1409 = EDGE_CURVE('',#481,#1402,#1410,.T.);
#1410 = LINE('',#1411,#1412);
#1411 = CARTESIAN_POINT('',(47.798620571226,-12.20137942877,6.2));
#1412 = VECTOR('',#1413,1.);
#1413 = DIRECTION('',(0.,0.,1.));
#1414 = PLANE('',#1415);
#1415 = AXIS2_PLACEMENT_3D('',#1416,#1417,#1418);
#1416 = CARTESIAN_POINT('',(47.770541653469,-12.2,6.2));
#1417 = DIRECTION('',(4.906767432741E-02,0.998795456205,0.));
#1418 = DIRECTION('',(0.998795456205,-4.906767432741E-02,0.));
#1419 = ADVANCED_FACE('',(#1420),#1438,.F.);
#1420 = FACE_BOUND('',#1421,.F.);
#1421 = EDGE_LOOP('',(#1422,#1423,#1424,#1432));
#1422 = ORIENTED_EDGE('',*,*,#480,.T.);
#1423 = ORIENTED_EDGE('',*,*,#1409,.T.);
#1424 = ORIENTED_EDGE('',*,*,#1425,.T.);
#1425 = EDGE_CURVE('',#1402,#1426,#1428,.T.);
#1426 = VERTEX_POINT('',#1427);
#1427 = CARTESIAN_POINT('',(47.8,-12.22945834653,12.19));
#1428 = LINE('',#1429,#1430);
#1429 = CARTESIAN_POINT('',(47.798620571226,-12.20137942877,12.19));
#1430 = VECTOR('',#1431,1.);
#1431 = DIRECTION('',(4.906767432758E-02,-0.998795456205,0.));
#1432 = ORIENTED_EDGE('',*,*,#1433,.F.);
#1433 = EDGE_CURVE('',#473,#1426,#1434,.T.);
#1434 = LINE('',#1435,#1436);
#1435 = CARTESIAN_POINT('',(47.8,-12.22945834653,6.2));
#1436 = VECTOR('',#1437,1.);
#1437 = DIRECTION('',(0.,0.,1.));
#1438 = PLANE('',#1439);
#1439 = AXIS2_PLACEMENT_3D('',#1440,#1441,#1442);
#1440 = CARTESIAN_POINT('',(47.798620571226,-12.20137942877,6.2));
#1441 = DIRECTION('',(0.998795456205,4.906767432758E-02,0.));
#1442 = DIRECTION('',(4.906767432758E-02,-0.998795456205,0.));
#1443 = ADVANCED_FACE('',(#1444),#1485,.F.);
#1444 = FACE_BOUND('',#1445,.F.);
#1445 = EDGE_LOOP('',(#1446,#1454,#1455,#1463,#1471,#1477,#1478,#1479));
#1446 = ORIENTED_EDGE('',*,*,#1447,.F.);
#1447 = EDGE_CURVE('',#448,#1448,#1450,.T.);
#1448 = VERTEX_POINT('',#1449);
#1449 = CARTESIAN_POINT('',(47.8,-65.77054165346,12.19));
#1450 = LINE('',#1451,#1452);
#1451 = CARTESIAN_POINT('',(47.8,-65.77054165346,6.2));
#1452 = VECTOR('',#1453,1.);
#1453 = DIRECTION('',(0.,0.,1.));
#1454 = ORIENTED_EDGE('',*,*,#455,.T.);
#1455 = ORIENTED_EDGE('',*,*,#1456,.F.);
#1456 = EDGE_CURVE('',#1457,#456,#1459,.T.);
#1457 = VERTEX_POINT('',#1458);
#1458 = CARTESIAN_POINT('',(47.8,-54.46808273176,11.6));
#1459 = LINE('',#1460,#1461);
#1460 = CARTESIAN_POINT('',(47.8,-54.46808273176,6.3));
#1461 = VECTOR('',#1462,1.);
#1462 = DIRECTION('',(-0.,-0.,-1.));
#1463 = ORIENTED_EDGE('',*,*,#1464,.F.);
#1464 = EDGE_CURVE('',#1465,#1457,#1467,.T.);
#1465 = VERTEX_POINT('',#1466);
#1466 = CARTESIAN_POINT('',(47.8,-51.13191726823,11.6));
#1467 = LINE('',#1468,#1469);
#1468 = CARTESIAN_POINT('',(47.8,-32.51472917326,11.6));
#1469 = VECTOR('',#1470,1.);
#1470 = DIRECTION('',(0.,-1.,0.));
#1471 = ORIENTED_EDGE('',*,*,#1472,.T.);
#1472 = EDGE_CURVE('',#1465,#464,#1473,.T.);
#1473 = LINE('',#1474,#1475);
#1474 = CARTESIAN_POINT('',(47.8,-51.13191726823,6.3));
#1475 = VECTOR('',#1476,1.);
#1476 = DIRECTION('',(-0.,-0.,-1.));
#1477 = ORIENTED_EDGE('',*,*,#472,.T.);
#1478 = ORIENTED_EDGE('',*,*,#1433,.T.);
#1479 = ORIENTED_EDGE('',*,*,#1480,.T.);
#1480 = EDGE_CURVE('',#1426,#1448,#1481,.T.);
#1481 = LINE('',#1482,#1483);
#1482 = CARTESIAN_POINT('',(47.8,-12.22945834653,12.19));
#1483 = VECTOR('',#1484,1.);
#1484 = DIRECTION('',(0.,-1.,0.));
#1485 = PLANE('',#1486);
#1486 = AXIS2_PLACEMENT_3D('',#1487,#1488,#1489);
#1487 = CARTESIAN_POINT('',(47.8,-12.22945834653,6.2));
#1488 = DIRECTION('',(1.,0.,0.));
#1489 = DIRECTION('',(0.,-1.,0.));
#1490 = ADVANCED_FACE('',(#1491),#1503,.T.);
#1491 = FACE_BOUND('',#1492,.F.);
#1492 = EDGE_LOOP('',(#1493,#1494,#1495,#1502));
#1493 = ORIENTED_EDGE('',*,*,#463,.F.);
#1494 = ORIENTED_EDGE('',*,*,#1472,.F.);
#1495 = ORIENTED_EDGE('',*,*,#1496,.T.);
#1496 = EDGE_CURVE('',#1465,#1457,#1497,.T.);
#1497 = CIRCLE('',#1498,1.85);
#1498 = AXIS2_PLACEMENT_3D('',#1499,#1500,#1501);
#1499 = CARTESIAN_POINT('',(47.,-52.8,11.6));
#1500 = DIRECTION('',(0.,0.,1.));
#1501 = DIRECTION('',(1.,0.,0.));
#1502 = ORIENTED_EDGE('',*,*,#1456,.T.);
#1503 = CYLINDRICAL_SURFACE('',#1504,1.85);
#1504 = AXIS2_PLACEMENT_3D('',#1505,#1506,#1507);
#1505 = CARTESIAN_POINT('',(47.,-52.8,6.3));
#1506 = DIRECTION('',(-0.,-0.,-1.));
#1507 = DIRECTION('',(1.,0.,0.));
#1508 = ADVANCED_FACE('',(#1509),#1527,.F.);
#1509 = FACE_BOUND('',#1510,.F.);
#1510 = EDGE_LOOP('',(#1511,#1512,#1513,#1521));
#1511 = ORIENTED_EDGE('',*,*,#447,.T.);
#1512 = ORIENTED_EDGE('',*,*,#1447,.T.);
#1513 = ORIENTED_EDGE('',*,*,#1514,.T.);
#1514 = EDGE_CURVE('',#1448,#1515,#1517,.T.);
#1515 = VERTEX_POINT('',#1516);
#1516 = CARTESIAN_POINT('',(47.798620571226,-65.79862057122,12.19));
#1517 = LINE('',#1518,#1519);
#1518 = CARTESIAN_POINT('',(47.8,-65.77054165346,12.19));
#1519 = VECTOR('',#1520,1.);
#1520 = DIRECTION('',(-4.906767432757E-02,-0.998795456205,0.));
#1521 = ORIENTED_EDGE('',*,*,#1522,.F.);
#1522 = EDGE_CURVE('',#440,#1515,#1523,.T.);
#1523 = LINE('',#1524,#1525);
#1524 = CARTESIAN_POINT('',(47.798620571226,-65.79862057122,6.2));
#1525 = VECTOR('',#1526,1.);
#1526 = DIRECTION('',(0.,0.,1.));
#1527 = PLANE('',#1528);
#1528 = AXIS2_PLACEMENT_3D('',#1529,#1530,#1531);
#1529 = CARTESIAN_POINT('',(47.8,-65.77054165346,6.2));
#1530 = DIRECTION('',(0.998795456205,-4.906767432757E-02,0.));
#1531 = DIRECTION('',(-4.906767432757E-02,-0.998795456205,0.));
#1532 = ADVANCED_FACE('',(#1533),#1544,.F.);
#1533 = FACE_BOUND('',#1534,.F.);
#1534 = EDGE_LOOP('',(#1535,#1536,#1537,#1543));
#1535 = ORIENTED_EDGE('',*,*,#439,.T.);
#1536 = ORIENTED_EDGE('',*,*,#1522,.T.);
#1537 = ORIENTED_EDGE('',*,*,#1538,.T.);
#1538 = EDGE_CURVE('',#1515,#896,#1539,.T.);
#1539 = LINE('',#1540,#1541);
#1540 = CARTESIAN_POINT('',(47.798620571226,-65.79862057122,12.19));
#1541 = VECTOR('',#1542,1.);
#1542 = DIRECTION('',(-0.998795456205,-4.906767432757E-02,0.));
#1543 = ORIENTED_EDGE('',*,*,#895,.F.);
#1544 = PLANE('',#1545);
#1545 = AXIS2_PLACEMENT_3D('',#1546,#1547,#1548);
#1546 = CARTESIAN_POINT('',(47.798620571226,-65.79862057122,6.2));
#1547 = DIRECTION('',(4.906767432757E-02,-0.998795456205,0.));
#1548 = DIRECTION('',(-0.998795456205,-4.906767432757E-02,0.));
#1549 = ADVANCED_FACE('',(#1550),#1569,.F.);
#1550 = FACE_BOUND('',#1551,.T.);
#1551 = EDGE_LOOP('',(#1552,#1553,#1561,#1568));
#1552 = ORIENTED_EDGE('',*,*,#563,.T.);
#1553 = ORIENTED_EDGE('',*,*,#1554,.T.);
#1554 = EDGE_CURVE('',#564,#1555,#1557,.T.);
#1555 = VERTEX_POINT('',#1556);
#1556 = CARTESIAN_POINT('',(48.6,-52.8,6.8));
#1557 = LINE('',#1558,#1559);
#1558 = CARTESIAN_POINT('',(48.6,-52.8,6.2));
#1559 = VECTOR('',#1560,1.);
#1560 = DIRECTION('',(0.,0.,1.));
#1561 = ORIENTED_EDGE('',*,*,#1562,.T.);
#1562 = EDGE_CURVE('',#1555,#1555,#1563,.T.);
#1563 = CIRCLE('',#1564,1.6);
#1564 = AXIS2_PLACEMENT_3D('',#1565,#1566,#1567);
#1565 = CARTESIAN_POINT('',(47.,-52.8,6.8));
#1566 = DIRECTION('',(0.,0.,1.));
#1567 = DIRECTION('',(1.,0.,0.));
#1568 = ORIENTED_EDGE('',*,*,#1554,.F.);
#1569 = CYLINDRICAL_SURFACE('',#1570,1.6);
#1570 = AXIS2_PLACEMENT_3D('',#1571,#1572,#1573);
#1571 = CARTESIAN_POINT('',(47.,-52.8,6.2));
#1572 = DIRECTION('',(-0.,-0.,-1.));
#1573 = DIRECTION('',(1.,0.,0.));
#1574 = ADVANCED_FACE('',(#1575),#1587,.T.);
#1575 = FACE_BOUND('',#1576,.F.);
#1576 = EDGE_LOOP('',(#1577,#1578,#1579,#1580));
#1577 = ORIENTED_EDGE('',*,*,#1209,.T.);
#1578 = ORIENTED_EDGE('',*,*,#615,.T.);
#1579 = ORIENTED_EDGE('',*,*,#1087,.F.);
#1580 = ORIENTED_EDGE('',*,*,#1581,.F.);
#1581 = EDGE_CURVE('',#1210,#1078,#1582,.T.);
#1582 = CIRCLE('',#1583,2.4);
#1583 = AXIS2_PLACEMENT_3D('',#1584,#1585,#1586);
#1584 = CARTESIAN_POINT('',(27.4,-13.4,6.3));
#1585 = DIRECTION('',(0.,-0.,1.));
#1586 = DIRECTION('',(0.,1.,0.));
#1587 = CYLINDRICAL_SURFACE('',#1588,2.4);
#1588 = AXIS2_PLACEMENT_3D('',#1589,#1590,#1591);
#1589 = CARTESIAN_POINT('',(27.4,-13.4,6.3));
#1590 = DIRECTION('',(0.,0.,-1.));
#1591 = DIRECTION('',(0.,1.,0.));
#1592 = ADVANCED_FACE('',(#1593),#1618,.T.);
#1593 = FACE_BOUND('',#1594,.T.);
#1594 = EDGE_LOOP('',(#1595,#1603,#1604,#1612));
#1595 = ORIENTED_EDGE('',*,*,#1596,.T.);
#1596 = EDGE_CURVE('',#1597,#659,#1599,.T.);
#1597 = VERTEX_POINT('',#1598);
#1598 = CARTESIAN_POINT('',(38.5,-56.1,13.19));
#1599 = LINE('',#1600,#1601);
#1600 = CARTESIAN_POINT('',(38.5,-56.1,13.19));
#1601 = VECTOR('',#1602,1.);
#1602 = DIRECTION('',(0.,0.,1.));
#1603 = ORIENTED_EDGE('',*,*,#658,.T.);
#1604 = ORIENTED_EDGE('',*,*,#1605,.F.);
#1605 = EDGE_CURVE('',#1606,#661,#1608,.T.);
#1606 = VERTEX_POINT('',#1607);
#1607 = CARTESIAN_POINT('',(30.6,-56.1,13.19));
#1608 = LINE('',#1609,#1610);
#1609 = CARTESIAN_POINT('',(30.6,-56.1,13.19));
#1610 = VECTOR('',#1611,1.);
#1611 = DIRECTION('',(0.,0.,1.));
#1612 = ORIENTED_EDGE('',*,*,#1613,.F.);
#1613 = EDGE_CURVE('',#1597,#1606,#1614,.T.);
#1614 = LINE('',#1615,#1616);
#1615 = CARTESIAN_POINT('',(38.5,-56.1,13.19));
#1616 = VECTOR('',#1617,1.);
#1617 = DIRECTION('',(-1.,0.,0.));
#1618 = PLANE('',#1619);
#1619 = AXIS2_PLACEMENT_3D('',#1620,#1621,#1622);
#1620 = CARTESIAN_POINT('',(38.5,-56.1,13.19));
#1621 = DIRECTION('',(0.,-1.,0.));
#1622 = DIRECTION('',(-1.,0.,0.));
#1623 = ADVANCED_FACE('',(#1624),#1643,.F.);
#1624 = FACE_BOUND('',#1625,.T.);
#1625 = EDGE_LOOP('',(#1626,#1627,#1628,#1636));
#1626 = ORIENTED_EDGE('',*,*,#1605,.T.);
#1627 = ORIENTED_EDGE('',*,*,#719,.T.);
#1628 = ORIENTED_EDGE('',*,*,#1629,.F.);
#1629 = EDGE_CURVE('',#1630,#712,#1632,.T.);
#1630 = VERTEX_POINT('',#1631);
#1631 = CARTESIAN_POINT('',(27.6,-59.1,13.19));
#1632 = LINE('',#1633,#1634);
#1633 = CARTESIAN_POINT('',(27.6,-59.1,13.19));
#1634 = VECTOR('',#1635,1.);
#1635 = DIRECTION('',(0.,0.,1.));
#1636 = ORIENTED_EDGE('',*,*,#1637,.F.);
#1637 = EDGE_CURVE('',#1606,#1630,#1638,.T.);
#1638 = CIRCLE('',#1639,3.);
#1639 = AXIS2_PLACEMENT_3D('',#1640,#1641,#1642);
#1640 = CARTESIAN_POINT('',(30.6,-59.1,13.19));
#1641 = DIRECTION('',(0.,0.,1.));
#1642 = DIRECTION('',(-4.74E-15,1.,0.));
#1643 = CYLINDRICAL_SURFACE('',#1644,3.);
#1644 = AXIS2_PLACEMENT_3D('',#1645,#1646,#1647);
#1645 = CARTESIAN_POINT('',(30.6,-59.1,13.19));
#1646 = DIRECTION('',(-0.,-0.,-1.));
#1647 = DIRECTION('',(-4.74E-15,1.,0.));
#1648 = ADVANCED_FACE('',(#1649),#1667,.T.);
#1649 = FACE_BOUND('',#1650,.T.);
#1650 = EDGE_LOOP('',(#1651,#1652,#1653,#1661));
#1651 = ORIENTED_EDGE('',*,*,#1629,.T.);
#1652 = ORIENTED_EDGE('',*,*,#711,.T.);
#1653 = ORIENTED_EDGE('',*,*,#1654,.F.);
#1654 = EDGE_CURVE('',#1655,#703,#1657,.T.);
#1655 = VERTEX_POINT('',#1656);
#1656 = CARTESIAN_POINT('',(27.6,-62.4,13.19));
#1657 = LINE('',#1658,#1659);
#1658 = CARTESIAN_POINT('',(27.6,-62.4,13.19));
#1659 = VECTOR('',#1660,1.);
#1660 = DIRECTION('',(0.,0.,1.));
#1661 = ORIENTED_EDGE('',*,*,#1662,.F.);
#1662 = EDGE_CURVE('',#1630,#1655,#1663,.T.);
#1663 = LINE('',#1664,#1665);
#1664 = CARTESIAN_POINT('',(27.6,-59.1,13.19));
#1665 = VECTOR('',#1666,1.);
#1666 = DIRECTION('',(0.,-1.,0.));
#1667 = PLANE('',#1668);
#1668 = AXIS2_PLACEMENT_3D('',#1669,#1670,#1671);
#1669 = CARTESIAN_POINT('',(27.6,-59.1,13.19));
#1670 = DIRECTION('',(1.,0.,0.));
#1671 = DIRECTION('',(0.,-1.,0.));
#1672 = ADVANCED_FACE('',(#1673),#1692,.F.);
#1673 = FACE_BOUND('',#1674,.T.);
#1674 = EDGE_LOOP('',(#1675,#1676,#1677,#1685));
#1675 = ORIENTED_EDGE('',*,*,#1654,.T.);
#1676 = ORIENTED_EDGE('',*,*,#702,.T.);
#1677 = ORIENTED_EDGE('',*,*,#1678,.F.);
#1678 = EDGE_CURVE('',#1679,#695,#1681,.T.);
#1679 = VERTEX_POINT('',#1680);
#1680 = CARTESIAN_POINT('',(30.6,-65.4,13.19));
#1681 = LINE('',#1682,#1683);
#1682 = CARTESIAN_POINT('',(30.6,-65.4,13.19));
#1683 = VECTOR('',#1684,1.);
#1684 = DIRECTION('',(0.,0.,1.));
#1685 = ORIENTED_EDGE('',*,*,#1686,.F.);
#1686 = EDGE_CURVE('',#1655,#1679,#1687,.T.);
#1687 = CIRCLE('',#1688,3.);
#1688 = AXIS2_PLACEMENT_3D('',#1689,#1690,#1691);
#1689 = CARTESIAN_POINT('',(30.6,-62.4,13.19));
#1690 = DIRECTION('',(0.,0.,1.));
#1691 = DIRECTION('',(-1.,-4.74E-15,0.));
#1692 = CYLINDRICAL_SURFACE('',#1693,3.);
#1693 = AXIS2_PLACEMENT_3D('',#1694,#1695,#1696);
#1694 = CARTESIAN_POINT('',(30.6,-62.4,13.19));
#1695 = DIRECTION('',(-0.,-0.,-1.));
#1696 = DIRECTION('',(-1.,-4.74E-15,0.));
#1697 = ADVANCED_FACE('',(#1698),#1716,.T.);
#1698 = FACE_BOUND('',#1699,.T.);
#1699 = EDGE_LOOP('',(#1700,#1701,#1702,#1710));
#1700 = ORIENTED_EDGE('',*,*,#1678,.T.);
#1701 = ORIENTED_EDGE('',*,*,#694,.T.);
#1702 = ORIENTED_EDGE('',*,*,#1703,.F.);
#1703 = EDGE_CURVE('',#1704,#686,#1706,.T.);
#1704 = VERTEX_POINT('',#1705);
#1705 = CARTESIAN_POINT('',(38.5,-65.4,13.19));
#1706 = LINE('',#1707,#1708);
#1707 = CARTESIAN_POINT('',(38.5,-65.4,13.19));
#1708 = VECTOR('',#1709,1.);
#1709 = DIRECTION('',(0.,0.,1.));
#1710 = ORIENTED_EDGE('',*,*,#1711,.F.);
#1711 = EDGE_CURVE('',#1679,#1704,#1712,.T.);
#1712 = LINE('',#1713,#1714);
#1713 = CARTESIAN_POINT('',(30.6,-65.4,13.19));
#1714 = VECTOR('',#1715,1.);
#1715 = DIRECTION('',(1.,0.,0.));
#1716 = PLANE('',#1717);
#1717 = AXIS2_PLACEMENT_3D('',#1718,#1719,#1720);
#1718 = CARTESIAN_POINT('',(30.6,-65.4,13.19));
#1719 = DIRECTION('',(0.,1.,0.));
#1720 = DIRECTION('',(1.,0.,0.));
#1721 = ADVANCED_FACE('',(#1722),#1741,.F.);
#1722 = FACE_BOUND('',#1723,.T.);
#1723 = EDGE_LOOP('',(#1724,#1725,#1726,#1734));
#1724 = ORIENTED_EDGE('',*,*,#1703,.T.);
#1725 = ORIENTED_EDGE('',*,*,#685,.T.);
#1726 = ORIENTED_EDGE('',*,*,#1727,.F.);
#1727 = EDGE_CURVE('',#1728,#678,#1730,.T.);
#1728 = VERTEX_POINT('',#1729);
#1729 = CARTESIAN_POINT('',(41.5,-62.4,13.19));
#1730 = LINE('',#1731,#1732);
#1731 = CARTESIAN_POINT('',(41.5,-62.4,13.19));
#1732 = VECTOR('',#1733,1.);
#1733 = DIRECTION('',(0.,0.,1.));
#1734 = ORIENTED_EDGE('',*,*,#1735,.F.);
#1735 = EDGE_CURVE('',#1704,#1728,#1736,.T.);
#1736 = CIRCLE('',#1737,3.);
#1737 = AXIS2_PLACEMENT_3D('',#1738,#1739,#1740);
#1738 = CARTESIAN_POINT('',(38.5,-62.4,13.19));
#1739 = DIRECTION('',(0.,0.,1.));
#1740 = DIRECTION('',(-2.37E-15,-1.,0.));
#1741 = CYLINDRICAL_SURFACE('',#1742,3.);
#1742 = AXIS2_PLACEMENT_3D('',#1743,#1744,#1745);
#1743 = CARTESIAN_POINT('',(38.5,-62.4,13.19));
#1744 = DIRECTION('',(-0.,-0.,-1.));
#1745 = DIRECTION('',(-2.37E-15,-1.,0.));
#1746 = ADVANCED_FACE('',(#1747),#1765,.T.);
#1747 = FACE_BOUND('',#1748,.T.);
#1748 = EDGE_LOOP('',(#1749,#1750,#1751,#1759));
#1749 = ORIENTED_EDGE('',*,*,#1727,.T.);
#1750 = ORIENTED_EDGE('',*,*,#677,.T.);
#1751 = ORIENTED_EDGE('',*,*,#1752,.F.);
#1752 = EDGE_CURVE('',#1753,#669,#1755,.T.);
#1753 = VERTEX_POINT('',#1754);
#1754 = CARTESIAN_POINT('',(41.5,-59.1,13.19));
#1755 = LINE('',#1756,#1757);
#1756 = CARTESIAN_POINT('',(41.5,-59.1,13.19));
#1757 = VECTOR('',#1758,1.);
#1758 = DIRECTION('',(0.,0.,1.));
#1759 = ORIENTED_EDGE('',*,*,#1760,.F.);
#1760 = EDGE_CURVE('',#1728,#1753,#1761,.T.);
#1761 = LINE('',#1762,#1763);
#1762 = CARTESIAN_POINT('',(41.5,-62.4,13.19));
#1763 = VECTOR('',#1764,1.);
#1764 = DIRECTION('',(0.,1.,0.));
#1765 = PLANE('',#1766);
#1766 = AXIS2_PLACEMENT_3D('',#1767,#1768,#1769);
#1767 = CARTESIAN_POINT('',(41.5,-62.4,13.19));
#1768 = DIRECTION('',(-1.,0.,0.));
#1769 = DIRECTION('',(0.,1.,0.));
#1770 = ADVANCED_FACE('',(#1771),#1783,.F.);
#1771 = FACE_BOUND('',#1772,.T.);
#1772 = EDGE_LOOP('',(#1773,#1774,#1775,#1776));
#1773 = ORIENTED_EDGE('',*,*,#1752,.T.);
#1774 = ORIENTED_EDGE('',*,*,#668,.T.);
#1775 = ORIENTED_EDGE('',*,*,#1596,.F.);
#1776 = ORIENTED_EDGE('',*,*,#1777,.F.);
#1777 = EDGE_CURVE('',#1753,#1597,#1778,.T.);
#1778 = CIRCLE('',#1779,3.);
#1779 = AXIS2_PLACEMENT_3D('',#1780,#1781,#1782);
#1780 = CARTESIAN_POINT('',(38.5,-59.1,13.19));
#1781 = DIRECTION('',(-0.,0.,1.));
#1782 = DIRECTION('',(1.,-2.37E-15,0.));
#1783 = CYLINDRICAL_SURFACE('',#1784,3.);
#1784 = AXIS2_PLACEMENT_3D('',#1785,#1786,#1787);
#1785 = CARTESIAN_POINT('',(38.5,-59.1,13.19));
#1786 = DIRECTION('',(0.,0.,-1.));
#1787 = DIRECTION('',(1.,-2.37E-15,0.));
#1788 = ADVANCED_FACE('',(#1789),#1814,.T.);
#1789 = FACE_BOUND('',#1790,.T.);
#1790 = EDGE_LOOP('',(#1791,#1799,#1807,#1813));
#1791 = ORIENTED_EDGE('',*,*,#1792,.F.);
#1792 = EDGE_CURVE('',#1793,#729,#1795,.T.);
#1793 = VERTEX_POINT('',#1794);
#1794 = CARTESIAN_POINT('',(43.95,-49.05,12.725));
#1795 = LINE('',#1796,#1797);
#1796 = CARTESIAN_POINT('',(43.95,-49.05,12.39));
#1797 = VECTOR('',#1798,1.);
#1798 = DIRECTION('',(0.,0.,1.));
#1799 = ORIENTED_EDGE('',*,*,#1800,.T.);
#1800 = EDGE_CURVE('',#1793,#1801,#1803,.T.);
#1801 = VERTEX_POINT('',#1802);
#1802 = CARTESIAN_POINT('',(30.05,-49.05,12.725));
#1803 = LINE('',#1804,#1805);
#1804 = CARTESIAN_POINT('',(29.55,-49.05,12.725));
#1805 = VECTOR('',#1806,1.);
#1806 = DIRECTION('',(-1.,0.,0.));
#1807 = ORIENTED_EDGE('',*,*,#1808,.T.);
#1808 = EDGE_CURVE('',#1801,#731,#1809,.T.);
#1809 = LINE('',#1810,#1811);
#1810 = CARTESIAN_POINT('',(30.05,-49.05,12.39));
#1811 = VECTOR('',#1812,1.);
#1812 = DIRECTION('',(0.,0.,1.));
#1813 = ORIENTED_EDGE('',*,*,#728,.F.);
#1814 = PLANE('',#1815);
#1815 = AXIS2_PLACEMENT_3D('',#1816,#1817,#1818);
#1816 = CARTESIAN_POINT('',(30.05,-49.05,12.39));
#1817 = DIRECTION('',(0.,1.,0.));
#1818 = DIRECTION('',(0.,0.,1.));
#1819 = ADVANCED_FACE('',(#1820),#1838,.F.);
#1820 = FACE_BOUND('',#1821,.F.);
#1821 = EDGE_LOOP('',(#1822,#1823,#1831,#1837));
#1822 = ORIENTED_EDGE('',*,*,#1792,.F.);
#1823 = ORIENTED_EDGE('',*,*,#1824,.T.);
#1824 = EDGE_CURVE('',#1793,#1825,#1827,.T.);
#1825 = VERTEX_POINT('',#1826);
#1826 = CARTESIAN_POINT('',(43.95,-18.55,12.725));
#1827 = LINE('',#1828,#1829);
#1828 = CARTESIAN_POINT('',(43.95,-51.025,12.725));
#1829 = VECTOR('',#1830,1.);
#1830 = DIRECTION('',(0.,1.,0.));
#1831 = ORIENTED_EDGE('',*,*,#1832,.T.);
#1832 = EDGE_CURVE('',#1825,#747,#1833,.T.);
#1833 = LINE('',#1834,#1835);
#1834 = CARTESIAN_POINT('',(43.95,-18.55,12.39));
#1835 = VECTOR('',#1836,1.);
#1836 = DIRECTION('',(0.,0.,1.));
#1837 = ORIENTED_EDGE('',*,*,#754,.F.);
#1838 = PLANE('',#1839);
#1839 = AXIS2_PLACEMENT_3D('',#1840,#1841,#1842);
#1840 = CARTESIAN_POINT('',(43.95,-49.05,12.39));
#1841 = DIRECTION('',(1.,0.,0.));
#1842 = DIRECTION('',(0.,0.,1.));
#1843 = ADVANCED_FACE('',(#1844),#1862,.T.);
#1844 = FACE_BOUND('',#1845,.T.);
#1845 = EDGE_LOOP('',(#1846,#1847,#1855,#1861));
#1846 = ORIENTED_EDGE('',*,*,#1808,.F.);
#1847 = ORIENTED_EDGE('',*,*,#1848,.T.);
#1848 = EDGE_CURVE('',#1801,#1849,#1851,.T.);
#1849 = VERTEX_POINT('',#1850);
#1850 = CARTESIAN_POINT('',(30.05,-18.55,12.725));
#1851 = LINE('',#1852,#1853);
#1852 = CARTESIAN_POINT('',(30.05,-51.025,12.725));
#1853 = VECTOR('',#1854,1.);
#1854 = DIRECTION('',(0.,1.,0.));
#1855 = ORIENTED_EDGE('',*,*,#1856,.T.);
#1856 = EDGE_CURVE('',#1849,#739,#1857,.T.);
#1857 = LINE('',#1858,#1859);
#1858 = CARTESIAN_POINT('',(30.05,-18.55,12.39));
#1859 = VECTOR('',#1860,1.);
#1860 = DIRECTION('',(0.,0.,1.));
#1861 = ORIENTED_EDGE('',*,*,#738,.F.);
#1862 = PLANE('',#1863);
#1863 = AXIS2_PLACEMENT_3D('',#1864,#1865,#1866);
#1864 = CARTESIAN_POINT('',(30.05,-49.05,12.39));
#1865 = DIRECTION('',(1.,0.,0.));
#1866 = DIRECTION('',(0.,0.,1.));
#1867 = ADVANCED_FACE('',(#1868),#1879,.F.);
#1868 = FACE_BOUND('',#1869,.F.);
#1869 = EDGE_LOOP('',(#1870,#1871,#1877,#1878));
#1870 = ORIENTED_EDGE('',*,*,#1832,.F.);
#1871 = ORIENTED_EDGE('',*,*,#1872,.T.);
#1872 = EDGE_CURVE('',#1825,#1849,#1873,.T.);
#1873 = LINE('',#1874,#1875);
#1874 = CARTESIAN_POINT('',(29.55,-18.55,12.725));
#1875 = VECTOR('',#1876,1.);
#1876 = DIRECTION('',(-1.,0.,0.));
#1877 = ORIENTED_EDGE('',*,*,#1856,.T.);
#1878 = ORIENTED_EDGE('',*,*,#746,.F.);
#1879 = PLANE('',#1880);
#1880 = AXIS2_PLACEMENT_3D('',#1881,#1882,#1883);
#1881 = CARTESIAN_POINT('',(30.05,-18.55,12.39));
#1882 = DIRECTION('',(0.,1.,0.));
#1883 = DIRECTION('',(0.,0.,1.));
#1884 = ADVANCED_FACE('',(#1885),#1910,.T.);
#1885 = FACE_BOUND('',#1886,.T.);
#1886 = EDGE_LOOP('',(#1887,#1895,#1896,#1904));
#1887 = ORIENTED_EDGE('',*,*,#1888,.T.);
#1888 = EDGE_CURVE('',#1889,#763,#1891,.T.);
#1889 = VERTEX_POINT('',#1890);
#1890 = CARTESIAN_POINT('',(47.65,-12.4,13.19));
#1891 = LINE('',#1892,#1893);
#1892 = CARTESIAN_POINT('',(47.65,-12.4,13.19));
#1893 = VECTOR('',#1894,1.);
#1894 = DIRECTION('',(0.,0.,1.));
#1895 = ORIENTED_EDGE('',*,*,#762,.T.);
#1896 = ORIENTED_EDGE('',*,*,#1897,.F.);
#1897 = EDGE_CURVE('',#1898,#765,#1900,.T.);
#1898 = VERTEX_POINT('',#1899);
#1899 = CARTESIAN_POINT('',(27.2,-12.4,13.19));
#1900 = LINE('',#1901,#1902);
#1901 = CARTESIAN_POINT('',(27.2,-12.4,13.19));
#1902 = VECTOR('',#1903,1.);
#1903 = DIRECTION('',(0.,0.,1.));
#1904 = ORIENTED_EDGE('',*,*,#1905,.F.);
#1905 = EDGE_CURVE('',#1889,#1898,#1906,.T.);
#1906 = LINE('',#1907,#1908);
#1907 = CARTESIAN_POINT('',(47.65,-12.4,13.19));
#1908 = VECTOR('',#1909,1.);
#1909 = DIRECTION('',(-1.,0.,0.));
#1910 = PLANE('',#1911);
#1911 = AXIS2_PLACEMENT_3D('',#1912,#1913,#1914);
#1912 = CARTESIAN_POINT('',(47.65,-12.4,13.19));
#1913 = DIRECTION('',(0.,-1.,0.));
#1914 = DIRECTION('',(-1.,0.,0.));
#1915 = ADVANCED_FACE('',(#1916),#1935,.T.);
#1916 = FACE_BOUND('',#1917,.T.);
#1917 = EDGE_LOOP('',(#1918,#1919,#1920,#1928));
#1918 = ORIENTED_EDGE('',*,*,#1897,.T.);
#1919 = ORIENTED_EDGE('',*,*,#823,.T.);
#1920 = ORIENTED_EDGE('',*,*,#1921,.F.);
#1921 = EDGE_CURVE('',#1922,#816,#1924,.T.);
#1922 = VERTEX_POINT('',#1923);
#1923 = CARTESIAN_POINT('',(36.,-14.3,13.19));
#1924 = LINE('',#1925,#1926);
#1925 = CARTESIAN_POINT('',(36.,-14.3,13.19));
#1926 = VECTOR('',#1927,1.);
#1927 = DIRECTION('',(0.,0.,1.));
#1928 = ORIENTED_EDGE('',*,*,#1929,.F.);
#1929 = EDGE_CURVE('',#1898,#1922,#1930,.T.);
#1930 = B_SPLINE_CURVE_WITH_KNOTS('',3,(#1931,#1932,#1933,#1934),
  .UNSPECIFIED.,.F.,.F.,(4,4),(0.,1.),.PIECEWISE_BEZIER_KNOTS.);
#1931 = CARTESIAN_POINT('',(27.2,-12.4,13.19));
#1932 = CARTESIAN_POINT('',(27.4,-14.3,13.19));
#1933 = CARTESIAN_POINT('',(31.,-14.3,13.19));
#1934 = CARTESIAN_POINT('',(36.,-14.3,13.19));
#1935 = SURFACE_OF_LINEAR_EXTRUSION('',#1936,#1941);
#1936 = B_SPLINE_CURVE_WITH_KNOTS('',3,(#1937,#1938,#1939,#1940),
  .UNSPECIFIED.,.F.,.F.,(4,4),(0.,1.),.PIECEWISE_BEZIER_KNOTS.);
#1937 = CARTESIAN_POINT('',(27.2,-12.4,13.19));
#1938 = CARTESIAN_POINT('',(27.4,-14.3,13.19));
#1939 = CARTESIAN_POINT('',(31.,-14.3,13.19));
#1940 = CARTESIAN_POINT('',(36.,-14.3,13.19));
#1941 = VECTOR('',#1942,1.);
#1942 = DIRECTION('',(-0.,-0.,-1.));
#1943 = ADVANCED_FACE('',(#1944),#1962,.T.);
#1944 = FACE_BOUND('',#1945,.T.);
#1945 = EDGE_LOOP('',(#1946,#1947,#1948,#1956));
#1946 = ORIENTED_EDGE('',*,*,#1921,.T.);
#1947 = ORIENTED_EDGE('',*,*,#815,.T.);
#1948 = ORIENTED_EDGE('',*,*,#1949,.F.);
#1949 = EDGE_CURVE('',#1950,#807,#1952,.T.);
#1950 = VERTEX_POINT('',#1951);
#1951 = CARTESIAN_POINT('',(45.85,-14.3,13.19));
#1952 = LINE('',#1953,#1954);
#1953 = CARTESIAN_POINT('',(45.85,-14.3,13.19));
#1954 = VECTOR('',#1955,1.);
#1955 = DIRECTION('',(0.,0.,1.));
#1956 = ORIENTED_EDGE('',*,*,#1957,.F.);
#1957 = EDGE_CURVE('',#1922,#1950,#1958,.T.);
#1958 = LINE('',#1959,#1960);
#1959 = CARTESIAN_POINT('',(36.,-14.3,13.19));
#1960 = VECTOR('',#1961,1.);
#1961 = DIRECTION('',(1.,0.,0.));
#1962 = PLANE('',#1963);
#1963 = AXIS2_PLACEMENT_3D('',#1964,#1965,#1966);
#1964 = CARTESIAN_POINT('',(36.,-14.3,13.19));
#1965 = DIRECTION('',(0.,1.,0.));
#1966 = DIRECTION('',(1.,0.,0.));
#1967 = ADVANCED_FACE('',(#1968),#1987,.T.);
#1968 = FACE_BOUND('',#1969,.T.);
#1969 = EDGE_LOOP('',(#1970,#1971,#1972,#1980));
#1970 = ORIENTED_EDGE('',*,*,#1949,.T.);
#1971 = ORIENTED_EDGE('',*,*,#806,.T.);
#1972 = ORIENTED_EDGE('',*,*,#1973,.F.);
#1973 = EDGE_CURVE('',#1974,#798,#1976,.T.);
#1974 = VERTEX_POINT('',#1975);
#1975 = CARTESIAN_POINT('',(45.9,-50.,13.19));
#1976 = LINE('',#1977,#1978);
#1977 = CARTESIAN_POINT('',(45.9,-50.,13.19));
#1978 = VECTOR('',#1979,1.);
#1979 = DIRECTION('',(0.,0.,1.));
#1980 = ORIENTED_EDGE('',*,*,#1981,.F.);
#1981 = EDGE_CURVE('',#1950,#1974,#1982,.T.);
#1982 = B_SPLINE_CURVE_WITH_KNOTS('',3,(#1983,#1984,#1985,#1986),
  .UNSPECIFIED.,.F.,.F.,(4,4),(0.,1.),.PIECEWISE_BEZIER_KNOTS.);
#1983 = CARTESIAN_POINT('',(45.85,-14.3,13.19));
#1984 = CARTESIAN_POINT('',(46.2,-24.,13.19));
#1985 = CARTESIAN_POINT('',(46.1,-39.,13.19));
#1986 = CARTESIAN_POINT('',(45.9,-50.,13.19));
#1987 = SURFACE_OF_LINEAR_EXTRUSION('',#1988,#1993);
#1988 = B_SPLINE_CURVE_WITH_KNOTS('',3,(#1989,#1990,#1991,#1992),
  .UNSPECIFIED.,.F.,.F.,(4,4),(0.,1.),.PIECEWISE_BEZIER_KNOTS.);
#1989 = CARTESIAN_POINT('',(45.85,-14.3,13.19));
#1990 = CARTESIAN_POINT('',(46.2,-24.,13.19));
#1991 = CARTESIAN_POINT('',(46.1,-39.,13.19));
#1992 = CARTESIAN_POINT('',(45.9,-50.,13.19));
#1993 = VECTOR('',#1994,1.);
#1994 = DIRECTION('',(-0.,-0.,-1.));
#1995 = ADVANCED_FACE('',(#1996),#2015,.T.);
#1996 = FACE_BOUND('',#1997,.T.);
#1997 = EDGE_LOOP('',(#1998,#1999,#2000,#2008));
#1998 = ORIENTED_EDGE('',*,*,#1973,.T.);
#1999 = ORIENTED_EDGE('',*,*,#797,.T.);
#2000 = ORIENTED_EDGE('',*,*,#2001,.F.);
#2001 = EDGE_CURVE('',#2002,#790,#2004,.T.);
#2002 = VERTEX_POINT('',#2003);
#2003 = CARTESIAN_POINT('',(42.2,-60.6,13.19));
#2004 = LINE('',#2005,#2006);
#2005 = CARTESIAN_POINT('',(42.2,-60.6,13.19));
#2006 = VECTOR('',#2007,1.);
#2007 = DIRECTION('',(0.,0.,1.));
#2008 = ORIENTED_EDGE('',*,*,#2009,.F.);
#2009 = EDGE_CURVE('',#1974,#2002,#2010,.T.);
#2010 = B_SPLINE_CURVE_WITH_KNOTS('',3,(#2011,#2012,#2013,#2014),
  .UNSPECIFIED.,.F.,.F.,(4,4),(0.,1.),.PIECEWISE_BEZIER_KNOTS.);
#2011 = CARTESIAN_POINT('',(45.9,-50.,13.19));
#2012 = CARTESIAN_POINT('',(45.8,-56.,13.19));
#2013 = CARTESIAN_POINT('',(42.6,-59.5,13.19));
#2014 = CARTESIAN_POINT('',(42.2,-60.6,13.19));
#2015 = SURFACE_OF_LINEAR_EXTRUSION('',#2016,#2021);
#2016 = B_SPLINE_CURVE_WITH_KNOTS('',3,(#2017,#2018,#2019,#2020),
  .UNSPECIFIED.,.F.,.F.,(4,4),(0.,1.),.PIECEWISE_BEZIER_KNOTS.);
#2017 = CARTESIAN_POINT('',(45.9,-50.,13.19));
#2018 = CARTESIAN_POINT('',(45.8,-56.,13.19));
#2019 = CARTESIAN_POINT('',(42.6,-59.5,13.19));
#2020 = CARTESIAN_POINT('',(42.2,-60.6,13.19));
#2021 = VECTOR('',#2022,1.);
#2022 = DIRECTION('',(-0.,-0.,-1.));
#2023 = ADVANCED_FACE('',(#2024),#2042,.T.);
#2024 = FACE_BOUND('',#2025,.T.);
#2025 = EDGE_LOOP('',(#2026,#2027,#2028,#2036));
#2026 = ORIENTED_EDGE('',*,*,#2001,.T.);
#2027 = ORIENTED_EDGE('',*,*,#789,.T.);
#2028 = ORIENTED_EDGE('',*,*,#2029,.F.);
#2029 = EDGE_CURVE('',#2030,#781,#2032,.T.);
#2030 = VERTEX_POINT('',#2031);
#2031 = CARTESIAN_POINT('',(43.7,-61.4,13.19));
#2032 = LINE('',#2033,#2034);
#2033 = CARTESIAN_POINT('',(43.7,-61.4,13.19));
#2034 = VECTOR('',#2035,1.);
#2035 = DIRECTION('',(0.,0.,1.));
#2036 = ORIENTED_EDGE('',*,*,#2037,.F.);
#2037 = EDGE_CURVE('',#2002,#2030,#2038,.T.);
#2038 = LINE('',#2039,#2040);
#2039 = CARTESIAN_POINT('',(42.2,-60.6,13.19));
#2040 = VECTOR('',#2041,1.);
#2041 = DIRECTION('',(0.882352941176,-0.470588235294,0.));
#2042 = PLANE('',#2043);
#2043 = AXIS2_PLACEMENT_3D('',#2044,#2045,#2046);
#2044 = CARTESIAN_POINT('',(42.2,-60.6,13.19));
#2045 = DIRECTION('',(0.470588235294,0.882352941176,0.));
#2046 = DIRECTION('',(0.882352941176,-0.470588235294,0.));
#2047 = ADVANCED_FACE('',(#2048),#2067,.T.);
#2048 = FACE_BOUND('',#2049,.T.);
#2049 = EDGE_LOOP('',(#2050,#2051,#2052,#2060));
#2050 = ORIENTED_EDGE('',*,*,#2029,.T.);
#2051 = ORIENTED_EDGE('',*,*,#780,.T.);
#2052 = ORIENTED_EDGE('',*,*,#2053,.F.);
#2053 = EDGE_CURVE('',#2054,#773,#2056,.T.);
#2054 = VERTEX_POINT('',#2055);
#2055 = CARTESIAN_POINT('',(47.65,-43.,13.19));
#2056 = LINE('',#2057,#2058);
#2057 = CARTESIAN_POINT('',(47.65,-43.,13.19));
#2058 = VECTOR('',#2059,1.);
#2059 = DIRECTION('',(0.,0.,1.));
#2060 = ORIENTED_EDGE('',*,*,#2061,.F.);
#2061 = EDGE_CURVE('',#2030,#2054,#2062,.T.);
#2062 = B_SPLINE_CURVE_WITH_KNOTS('',3,(#2063,#2064,#2065,#2066),
  .UNSPECIFIED.,.F.,.F.,(4,4),(0.,1.),.PIECEWISE_BEZIER_KNOTS.);
#2063 = CARTESIAN_POINT('',(43.7,-61.4,13.19));
#2064 = CARTESIAN_POINT('',(47.5,-58.,13.19));
#2065 = CARTESIAN_POINT('',(47.65,-51.,13.19));
#2066 = CARTESIAN_POINT('',(47.65,-43.,13.19));
#2067 = SURFACE_OF_LINEAR_EXTRUSION('',#2068,#2073);
#2068 = B_SPLINE_CURVE_WITH_KNOTS('',3,(#2069,#2070,#2071,#2072),
  .UNSPECIFIED.,.F.,.F.,(4,4),(0.,1.),.PIECEWISE_BEZIER_KNOTS.);
#2069 = CARTESIAN_POINT('',(43.7,-61.4,13.19));
#2070 = CARTESIAN_POINT('',(47.5,-58.,13.19));
#2071 = CARTESIAN_POINT('',(47.65,-51.,13.19));
#2072 = CARTESIAN_POINT('',(47.65,-43.,13.19));
#2073 = VECTOR('',#2074,1.);
#2074 = DIRECTION('',(-0.,-0.,-1.));
#2075 = ADVANCED_FACE('',(#2076),#2087,.T.);
#2076 = FACE_BOUND('',#2077,.T.);
#2077 = EDGE_LOOP('',(#2078,#2079,#2080,#2081));
#2078 = ORIENTED_EDGE('',*,*,#2053,.T.);
#2079 = ORIENTED_EDGE('',*,*,#772,.T.);
#2080 = ORIENTED_EDGE('',*,*,#1888,.F.);
#2081 = ORIENTED_EDGE('',*,*,#2082,.F.);
#2082 = EDGE_CURVE('',#2054,#1889,#2083,.T.);
#2083 = LINE('',#2084,#2085);
#2084 = CARTESIAN_POINT('',(47.65,-43.,13.19));
#2085 = VECTOR('',#2086,1.);
#2086 = DIRECTION('',(0.,1.,0.));
#2087 = PLANE('',#2088);
#2088 = AXIS2_PLACEMENT_3D('',#2089,#2090,#2091);
#2089 = CARTESIAN_POINT('',(47.65,-43.,13.19));
#2090 = DIRECTION('',(-1.,0.,0.));
#2091 = DIRECTION('',(0.,1.,0.));
#2092 = ADVANCED_FACE('',(#2093,#2231),#2265,.F.);
#2093 = FACE_BOUND('',#2094,.F.);
#2094 = EDGE_LOOP('',(#2095,#2096,#2097,#2098,#2099,#2107,#2115,#2123,
    #2131,#2139,#2147,#2155,#2163,#2171,#2179,#2187,#2195,#2203,#2211,
    #2219,#2225,#2226,#2227,#2228,#2229,#2230));
#2095 = ORIENTED_EDGE('',*,*,#1480,.F.);
#2096 = ORIENTED_EDGE('',*,*,#1425,.F.);
#2097 = ORIENTED_EDGE('',*,*,#1401,.F.);
#2098 = ORIENTED_EDGE('',*,*,#1385,.F.);
#2099 = ORIENTED_EDGE('',*,*,#2100,.F.);
#2100 = EDGE_CURVE('',#2101,#1378,#2103,.T.);
#2101 = VERTEX_POINT('',#2102);
#2102 = CARTESIAN_POINT('',(27.282521281595,-12.20721855511,12.19));
#2103 = LINE('',#2104,#2105);
#2104 = CARTESIAN_POINT('',(27.282521281595,-12.20721855511,12.19));
#2105 = VECTOR('',#2106,1.);
#2106 = DIRECTION('',(0.998795456205,4.906767432741E-02,0.));
#2107 = ORIENTED_EDGE('',*,*,#2108,.F.);
#2108 = EDGE_CURVE('',#2109,#2101,#2111,.T.);
#2109 = VERTEX_POINT('',#2110);
#2110 = CARTESIAN_POINT('',(27.166173947468,-12.22447705182,12.19));
#2111 = LINE('',#2112,#2113);
#2112 = CARTESIAN_POINT('',(27.166173947468,-12.22447705182,12.19));
#2113 = VECTOR('',#2114,1.);
#2114 = DIRECTION('',(0.989176509965,0.146730474455,0.));
#2115 = ORIENTED_EDGE('',*,*,#2116,.F.);
#2116 = EDGE_CURVE('',#2117,#2109,#2119,.T.);
#2117 = VERTEX_POINT('',#2118);
#2118 = CARTESIAN_POINT('',(27.05207848605,-12.25305647712,12.19));
#2119 = LINE('',#2120,#2121);
#2120 = CARTESIAN_POINT('',(27.05207848605,-12.25305647712,12.19));
#2121 = VECTOR('',#2122,1.);
#2122 = DIRECTION('',(0.970031253195,0.242980179903,0.));
#2123 = ORIENTED_EDGE('',*,*,#2124,.F.);
#2124 = EDGE_CURVE('',#2125,#2117,#2127,.T.);
#2125 = VERTEX_POINT('',#2126);
#2126 = CARTESIAN_POINT('',(26.941333699004,-12.29268159553,12.19));
#2127 = LINE('',#2128,#2129);
#2128 = CARTESIAN_POINT('',(26.941333699004,-12.29268159553,12.19));
#2129 = VECTOR('',#2130,1.);
#2130 = DIRECTION('',(0.941544065183,0.336889853392,0.));
#2131 = ORIENTED_EDGE('',*,*,#2132,.F.);
#2132 = EDGE_CURVE('',#2133,#2125,#2135,.T.);
#2133 = VERTEX_POINT('',#2134);
#2134 = CARTESIAN_POINT('',(26.83500611917,-12.3429707955,12.19));
#2135 = LINE('',#2136,#2137);
#2136 = CARTESIAN_POINT('',(26.83500611917,-12.3429707955,12.19));
#2137 = VECTOR('',#2138,1.);
#2138 = DIRECTION('',(0.903989293123,0.42755509343,0.));
#2139 = ORIENTED_EDGE('',*,*,#2140,.F.);
#2140 = EDGE_CURVE('',#2141,#2133,#2143,.T.);
#2141 = VERTEX_POINT('',#2142);
#2142 = CARTESIAN_POINT('',(26.734119739265,-12.40343976453,12.19));
#2143 = LINE('',#2144,#2145);
#2144 = CARTESIAN_POINT('',(26.734119739265,-12.40343976453,12.19));
#2145 = VECTOR('',#2146,1.);
#2146 = DIRECTION('',(0.85772861,0.514102744193,0.));
#2147 = ORIENTED_EDGE('',*,*,#2148,.F.);
#2148 = EDGE_CURVE('',#2149,#2141,#2151,.T.);
#2149 = VERTEX_POINT('',#2150);
#2150 = CARTESIAN_POINT('',(26.639646150277,-12.47350615341,12.19));
#2151 = LINE('',#2152,#2153);
#2152 = CARTESIAN_POINT('',(26.639646150277,-12.47350615341,12.19));
#2153 = VECTOR('',#2154,1.);
#2154 = DIRECTION('',(0.803207531481,0.595699304492,0.));
#2155 = ORIENTED_EDGE('',*,*,#2156,.F.);
#2156 = EDGE_CURVE('',#2157,#2149,#2159,.T.);
#2157 = VERTEX_POINT('',#2158);
#2158 = CARTESIAN_POINT('',(26.552495184515,-12.55249518451,12.19));
#2159 = LINE('',#2160,#2161);
#2160 = CARTESIAN_POINT('',(26.552495184515,-12.55249518451,12.19));
#2161 = VECTOR('',#2162,1.);
#2162 = DIRECTION('',(0.740951125355,0.671558954847,0.));
#2163 = ORIENTED_EDGE('',*,*,#2164,.F.);
#2164 = EDGE_CURVE('',#2165,#2157,#2167,.T.);
#2165 = VERTEX_POINT('',#2166);
#2166 = CARTESIAN_POINT('',(26.473506153419,-12.63964615027,12.19));
#2167 = LINE('',#2168,#2169);
#2168 = CARTESIAN_POINT('',(26.473506153419,-12.63964615027,12.19));
#2169 = VECTOR('',#2170,1.);
#2170 = DIRECTION('',(0.671558954847,0.740951125355,0.));
#2171 = ORIENTED_EDGE('',*,*,#2172,.F.);
#2172 = EDGE_CURVE('',#2173,#2165,#2175,.T.);
#2173 = VERTEX_POINT('',#2174);
#2174 = CARTESIAN_POINT('',(26.403439764538,-12.73411973926,12.19));
#2175 = LINE('',#2176,#2177);
#2176 = CARTESIAN_POINT('',(26.403439764538,-12.73411973926,12.19));
#2177 = VECTOR('',#2178,1.);
#2178 = DIRECTION('',(0.595699304492,0.803207531481,0.));
#2179 = ORIENTED_EDGE('',*,*,#2180,.F.);
#2180 = EDGE_CURVE('',#2181,#2173,#2183,.T.);
#2181 = VERTEX_POINT('',#2182);
#2182 = CARTESIAN_POINT('',(26.3429707955,-12.83500611917,12.19));
#2183 = LINE('',#2184,#2185);
#2184 = CARTESIAN_POINT('',(26.3429707955,-12.83500611917,12.19));
#2185 = VECTOR('',#2186,1.);
#2186 = DIRECTION('',(0.514102744193,0.85772861,0.));
#2187 = ORIENTED_EDGE('',*,*,#2188,.F.);
#2188 = EDGE_CURVE('',#2189,#2181,#2191,.T.);
#2189 = VERTEX_POINT('',#2190);
#2190 = CARTESIAN_POINT('',(26.292681595533,-12.941333699,12.19));
#2191 = LINE('',#2192,#2193);
#2192 = CARTESIAN_POINT('',(26.292681595533,-12.941333699,12.19));
#2193 = VECTOR('',#2194,1.);
#2194 = DIRECTION('',(0.42755509343,0.903989293123,0.));
#2195 = ORIENTED_EDGE('',*,*,#2196,.F.);
#2196 = EDGE_CURVE('',#2197,#2189,#2199,.T.);
#2197 = VERTEX_POINT('',#2198);
#2198 = CARTESIAN_POINT('',(26.253056477122,-13.05207848605,12.19));
#2199 = LINE('',#2200,#2201);
#2200 = CARTESIAN_POINT('',(26.253056477122,-13.05207848605,12.19));
#2201 = VECTOR('',#2202,1.);
#2202 = DIRECTION('',(0.336889853392,0.941544065183,0.));
#2203 = ORIENTED_EDGE('',*,*,#2204,.F.);
#2204 = EDGE_CURVE('',#2205,#2197,#2207,.T.);
#2205 = VERTEX_POINT('',#2206);
#2206 = CARTESIAN_POINT('',(26.22447705182,-13.16617394746,12.19));
#2207 = LINE('',#2208,#2209);
#2208 = CARTESIAN_POINT('',(26.22447705182,-13.16617394746,12.19));
#2209 = VECTOR('',#2210,1.);
#2210 = DIRECTION('',(0.242980179903,0.970031253195,0.));
#2211 = ORIENTED_EDGE('',*,*,#2212,.F.);
#2212 = EDGE_CURVE('',#2213,#2205,#2215,.T.);
#2213 = VERTEX_POINT('',#2214);
#2214 = CARTESIAN_POINT('',(26.207218555115,-13.28252128159,12.19));
#2215 = LINE('',#2216,#2217);
#2216 = CARTESIAN_POINT('',(26.207218555115,-13.28252128159,12.19));
#2217 = VECTOR('',#2218,1.);
#2218 = DIRECTION('',(0.146730474455,0.989176509965,0.));
#2219 = ORIENTED_EDGE('',*,*,#2220,.F.);
#2220 = EDGE_CURVE('',#968,#2213,#2221,.T.);
#2221 = LINE('',#2222,#2223);
#2222 = CARTESIAN_POINT('',(26.2,-13.42945834653,12.19));
#2223 = VECTOR('',#2224,1.);
#2224 = DIRECTION('',(4.906767432747E-02,0.998795456205,0.));
#2225 = ORIENTED_EDGE('',*,*,#1039,.F.);
#2226 = ORIENTED_EDGE('',*,*,#943,.F.);
#2227 = ORIENTED_EDGE('',*,*,#919,.F.);
#2228 = ORIENTED_EDGE('',*,*,#903,.F.);
#2229 = ORIENTED_EDGE('',*,*,#1538,.F.);
#2230 = ORIENTED_EDGE('',*,*,#1514,.F.);
#2231 = FACE_BOUND('',#2232,.F.);
#2232 = EDGE_LOOP('',(#2233,#2243,#2251,#2259));
#2233 = ORIENTED_EDGE('',*,*,#2234,.T.);
#2234 = EDGE_CURVE('',#2235,#2237,#2239,.T.);
#2235 = VERTEX_POINT('',#2236);
#2236 = CARTESIAN_POINT('',(44.95,-53.,12.19));
#2237 = VERTEX_POINT('',#2238);
#2238 = CARTESIAN_POINT('',(29.05,-53.,12.19));
#2239 = LINE('',#2240,#2241);
#2240 = CARTESIAN_POINT('',(33.043912304081,-53.,12.19));
#2241 = VECTOR('',#2242,1.);
#2242 = DIRECTION('',(-1.,0.,0.));
#2243 = ORIENTED_EDGE('',*,*,#2244,.T.);
#2244 = EDGE_CURVE('',#2237,#2245,#2247,.T.);
#2245 = VERTEX_POINT('',#2246);
#2246 = CARTESIAN_POINT('',(29.05,-15.1,12.19));
#2247 = LINE('',#2248,#2249);
#2248 = CARTESIAN_POINT('',(29.05,-46.04641870115,12.19));
#2249 = VECTOR('',#2250,1.);
#2250 = DIRECTION('',(0.,1.,0.));
#2251 = ORIENTED_EDGE('',*,*,#2252,.F.);
#2252 = EDGE_CURVE('',#2253,#2245,#2255,.T.);
#2253 = VERTEX_POINT('',#2254);
#2254 = CARTESIAN_POINT('',(44.95,-15.1,12.19));
#2255 = LINE('',#2256,#2257);
#2256 = CARTESIAN_POINT('',(33.043912304081,-15.1,12.19));
#2257 = VECTOR('',#2258,1.);
#2258 = DIRECTION('',(-1.,0.,0.));
#2259 = ORIENTED_EDGE('',*,*,#2260,.F.);
#2260 = EDGE_CURVE('',#2235,#2253,#2261,.T.);
#2261 = LINE('',#2262,#2263);
#2262 = CARTESIAN_POINT('',(44.95,-46.04641870115,12.19));
#2263 = VECTOR('',#2264,1.);
#2264 = DIRECTION('',(0.,1.,0.));
#2265 = PLANE('',#2266);
#2266 = AXIS2_PLACEMENT_3D('',#2267,#2268,#2269);
#2267 = CARTESIAN_POINT('',(37.037824608163,-39.0928374023,12.19));
#2268 = DIRECTION('',(0.,0.,1.));
#2269 = DIRECTION('',(1.,0.,0.));
#2270 = ADVANCED_FACE('',(#2271),#2276,.T.);
#2271 = FACE_BOUND('',#2272,.T.);
#2272 = EDGE_LOOP('',(#2273,#2274,#2275));
#2273 = ORIENTED_EDGE('',*,*,#1120,.T.);
#2274 = ORIENTED_EDGE('',*,*,#1129,.T.);
#2275 = ORIENTED_EDGE('',*,*,#876,.F.);
#2276 = PLANE('',#2277);
#2277 = AXIS2_PLACEMENT_3D('',#2278,#2279,#2280);
#2278 = CARTESIAN_POINT('',(37.2,-64.7,11.6));
#2279 = DIRECTION('',(0.,0.,1.));
#2280 = DIRECTION('',(1.,0.,0.));
#2281 = ADVANCED_FACE('',(#2282),#2300,.F.);
#2282 = FACE_BOUND('',#2283,.F.);
#2283 = EDGE_LOOP('',(#2284,#2292,#2293,#2294));
#2284 = ORIENTED_EDGE('',*,*,#2285,.T.);
#2285 = EDGE_CURVE('',#2286,#966,#2288,.T.);
#2286 = VERTEX_POINT('',#2287);
#2287 = CARTESIAN_POINT('',(26.207218555115,-13.28252128159,6.3));
#2288 = LINE('',#2289,#2290);
#2289 = CARTESIAN_POINT('',(25.584067113477,-25.96706027729,6.3));
#2290 = VECTOR('',#2291,1.);
#2291 = DIRECTION('',(-4.906767432747E-02,-0.998795456205,0.));
#2292 = ORIENTED_EDGE('',*,*,#965,.T.);
#2293 = ORIENTED_EDGE('',*,*,#2220,.T.);
#2294 = ORIENTED_EDGE('',*,*,#2295,.F.);
#2295 = EDGE_CURVE('',#2286,#2213,#2296,.T.);
#2296 = LINE('',#2297,#2298);
#2297 = CARTESIAN_POINT('',(26.207218555115,-13.28252128159,6.2));
#2298 = VECTOR('',#2299,1.);
#2299 = DIRECTION('',(0.,0.,1.));
#2300 = PLANE('',#2301);
#2301 = AXIS2_PLACEMENT_3D('',#2302,#2303,#2304);
#2302 = CARTESIAN_POINT('',(26.2,-13.42945834653,6.2));
#2303 = DIRECTION('',(-0.998795456205,4.906767432747E-02,0.));
#2304 = DIRECTION('',(4.906767432747E-02,0.998795456205,0.));
#2305 = ADVANCED_FACE('',(#2306),#2317,.F.);
#2306 = FACE_BOUND('',#2307,.F.);
#2307 = EDGE_LOOP('',(#2308,#2314,#2315,#2316));
#2308 = ORIENTED_EDGE('',*,*,#2309,.F.);
#2309 = EDGE_CURVE('',#1098,#1016,#2310,.T.);
#2310 = LINE('',#2311,#2312);
#2311 = CARTESIAN_POINT('',(20.,-55.4,9.2));
#2312 = VECTOR('',#2313,1.);
#2313 = DIRECTION('',(1.,0.,0.));
#2314 = ORIENTED_EDGE('',*,*,#1097,.T.);
#2315 = ORIENTED_EDGE('',*,*,#1053,.T.);
#2316 = ORIENTED_EDGE('',*,*,#1023,.T.);
#2317 = PLANE('',#2318);
#2318 = AXIS2_PLACEMENT_3D('',#2319,#2320,#2321);
#2319 = CARTESIAN_POINT('',(20.,-63.9,9.2));
#2320 = DIRECTION('',(0.,0.,1.));
#2321 = DIRECTION('',(1.,0.,0.));
#2322 = ADVANCED_FACE('',(#2323),#2334,.F.);
#2323 = FACE_BOUND('',#2324,.F.);
#2324 = EDGE_LOOP('',(#2325,#2326,#2327,#2333));
#2325 = ORIENTED_EDGE('',*,*,#2309,.T.);
#2326 = ORIENTED_EDGE('',*,*,#1015,.T.);
#2327 = ORIENTED_EDGE('',*,*,#2328,.T.);
#2328 = EDGE_CURVE('',#1008,#1080,#2329,.T.);
#2329 = LINE('',#2330,#2331);
#2330 = CARTESIAN_POINT('',(28.521656284918,-55.4,6.3));
#2331 = VECTOR('',#2332,1.);
#2332 = DIRECTION('',(-1.,0.,0.));
#2333 = ORIENTED_EDGE('',*,*,#1105,.T.);
#2334 = PLANE('',#2335);
#2335 = AXIS2_PLACEMENT_3D('',#2336,#2337,#2338);
#2336 = CARTESIAN_POINT('',(20.,-55.4,5.1));
#2337 = DIRECTION('',(0.,1.,0.));
#2338 = DIRECTION('',(0.,0.,1.));
#2339 = ADVANCED_FACE('',(#2340,#2498),#2509,.T.);
#2340 = FACE_BOUND('',#2341,.T.);
#2341 = EDGE_LOOP('',(#2342,#2351,#2352,#2353,#2354,#2355,#2356,#2362,
    #2363,#2371,#2379,#2387,#2395,#2403,#2411,#2419,#2427,#2435,#2443,
    #2451,#2459,#2467,#2475,#2483,#2489,#2490,#2491));
#2342 = ORIENTED_EDGE('',*,*,#2343,.F.);
#2343 = EDGE_CURVE('',#1000,#2344,#2346,.T.);
#2344 = VERTEX_POINT('',#2345);
#2345 = CARTESIAN_POINT('',(28.85,-52.8,6.3));
#2346 = CIRCLE('',#2347,1.85);
#2347 = AXIS2_PLACEMENT_3D('',#2348,#2349,#2350);
#2348 = CARTESIAN_POINT('',(27.,-52.8,6.3));
#2349 = DIRECTION('',(0.,0.,1.));
#2350 = DIRECTION('',(1.,0.,0.));
#2351 = ORIENTED_EDGE('',*,*,#1007,.T.);
#2352 = ORIENTED_EDGE('',*,*,#2328,.T.);
#2353 = ORIENTED_EDGE('',*,*,#1077,.F.);
#2354 = ORIENTED_EDGE('',*,*,#1581,.F.);
#2355 = ORIENTED_EDGE('',*,*,#1217,.F.);
#2356 = ORIENTED_EDGE('',*,*,#2357,.F.);
#2357 = EDGE_CURVE('',#1298,#1218,#2358,.T.);
#2358 = LINE('',#2359,#2360);
#2359 = CARTESIAN_POINT('',(30.7,-29.54893884022,6.3));
#2360 = VECTOR('',#2361,1.);
#2361 = DIRECTION('',(0.,1.,0.));
#2362 = ORIENTED_EDGE('',*,*,#1305,.T.);
#2363 = ORIENTED_EDGE('',*,*,#2364,.F.);
#2364 = EDGE_CURVE('',#2365,#1306,#2367,.T.);
#2365 = VERTEX_POINT('',#2366);
#2366 = CARTESIAN_POINT('',(27.4,-12.20144719576,6.3));
#2367 = LINE('',#2368,#2369);
#2368 = CARTESIAN_POINT('',(27.4,-43.59893884022,6.3));
#2369 = VECTOR('',#2370,1.);
#2370 = DIRECTION('',(0.,1.,0.));
#2371 = ORIENTED_EDGE('',*,*,#2372,.T.);
#2372 = EDGE_CURVE('',#2365,#2373,#2375,.T.);
#2373 = VERTEX_POINT('',#2374);
#2374 = CARTESIAN_POINT('',(27.282521281595,-12.20721855511,6.3));
#2375 = LINE('',#2376,#2377);
#2376 = CARTESIAN_POINT('',(31.492230328968,-12.00040881117,6.3));
#2377 = VECTOR('',#2378,1.);
#2378 = DIRECTION('',(-0.998795456205,-4.906767432741E-02,0.));
#2379 = ORIENTED_EDGE('',*,*,#2380,.T.);
#2380 = EDGE_CURVE('',#2373,#2381,#2383,.T.);
#2381 = VERTEX_POINT('',#2382);
#2382 = CARTESIAN_POINT('',(27.166173947468,-12.22447705182,6.3));
#2383 = LINE('',#2384,#2385);
#2384 = CARTESIAN_POINT('',(30.048182583348,-11.79697145472,6.3));
#2385 = VECTOR('',#2386,1.);
#2386 = DIRECTION('',(-0.989176509965,-0.146730474455,0.));
#2387 = ORIENTED_EDGE('',*,*,#2388,.T.);
#2388 = EDGE_CURVE('',#2381,#2389,#2391,.T.);
#2389 = VERTEX_POINT('',#2390);
#2390 = CARTESIAN_POINT('',(27.05207848605,-12.25305647712,6.3));
#2391 = LINE('',#2392,#2393);
#2392 = CARTESIAN_POINT('',(28.589117176909,-11.86804832775,6.3));
#2393 = VECTOR('',#2394,1.);
#2394 = DIRECTION('',(-0.970031253195,-0.242980179903,0.));
#2395 = ORIENTED_EDGE('',*,*,#2396,.T.);
#2396 = EDGE_CURVE('',#2389,#2397,#2399,.T.);
#2397 = VERTEX_POINT('',#2398);
#2398 = CARTESIAN_POINT('',(26.941333699004,-12.29268159553,6.3));
#2399 = LINE('',#2400,#2401);
#2400 = CARTESIAN_POINT('',(27.167803139174,-12.21164953413,6.3));
#2401 = VECTOR('',#2402,1.);
#2402 = DIRECTION('',(-0.941544065183,-0.336889853392,0.));
#2403 = ORIENTED_EDGE('',*,*,#2404,.T.);
#2404 = EDGE_CURVE('',#2397,#2405,#2407,.T.);
#2405 = VERTEX_POINT('',#2406);
#2406 = CARTESIAN_POINT('',(26.83500611917,-12.3429707955,6.3));
#2407 = LINE('',#2408,#2409);
#2408 = CARTESIAN_POINT('',(25.83564732038,-12.8156323058,6.3));
#2409 = VECTOR('',#2410,1.);
#2410 = DIRECTION('',(-0.903989293123,-0.42755509343,0.));
#2411 = ORIENTED_EDGE('',*,*,#2412,.T.);
#2412 = EDGE_CURVE('',#2405,#2413,#2415,.T.);
#2413 = VERTEX_POINT('',#2414);
#2414 = CARTESIAN_POINT('',(26.734119739265,-12.40343976453,6.3));
#2415 = LINE('',#2416,#2417);
#2416 = CARTESIAN_POINT('',(24.640749802352,-13.65815741838,6.3));
#2417 = VECTOR('',#2418,1.);
#2418 = DIRECTION('',(-0.85772861,-0.514102744193,0.));
#2419 = ORIENTED_EDGE('',*,*,#2420,.T.);
#2420 = EDGE_CURVE('',#2413,#2421,#2423,.T.);
#2421 = VERTEX_POINT('',#2422);
#2422 = CARTESIAN_POINT('',(26.639646150277,-12.47350615341,6.3));
#2423 = LINE('',#2424,#2425);
#2424 = CARTESIAN_POINT('',(23.62608523545,-14.70851525212,6.3));
#2425 = VECTOR('',#2426,1.);
#2426 = DIRECTION('',(-0.803207531481,-0.595699304492,0.));
#2427 = ORIENTED_EDGE('',*,*,#2428,.T.);
#2428 = EDGE_CURVE('',#2421,#2429,#2431,.T.);
#2429 = VERTEX_POINT('',#2430);
#2430 = CARTESIAN_POINT('',(26.552495184515,-12.55249518451,6.3));
#2431 = LINE('',#2432,#2433);
#2432 = CARTESIAN_POINT('',(22.827879704896,-15.92828988015,6.3));
#2433 = VECTOR('',#2434,1.);
#2434 = DIRECTION('',(-0.740951125355,-0.671558954847,0.));
#2435 = ORIENTED_EDGE('',*,*,#2436,.T.);
#2436 = EDGE_CURVE('',#2429,#2437,#2439,.T.);
#2437 = VERTEX_POINT('',#2438);
#2438 = CARTESIAN_POINT('',(26.473506153419,-12.63964615027,6.3));
#2439 = LINE('',#2440,#2441);
#2440 = CARTESIAN_POINT('',(22.274245229434,-17.27281660363,6.3));
#2441 = VECTOR('',#2442,1.);
#2442 = DIRECTION('',(-0.671558954847,-0.740951125355,0.));
#2443 = ORIENTED_EDGE('',*,*,#2444,.T.);
#2444 = EDGE_CURVE('',#2437,#2445,#2447,.T.);
#2445 = VERTEX_POINT('',#2446);
#2446 = CARTESIAN_POINT('',(26.403439764538,-12.73411973926,6.3));
#2447 = LINE('',#2448,#2449);
#2448 = CARTESIAN_POINT('',(21.984124111184,-18.69287710224,6.3));
#2449 = VECTOR('',#2450,1.);
#2450 = DIRECTION('',(-0.595699304492,-0.803207531481,0.));
#2451 = ORIENTED_EDGE('',*,*,#2452,.T.);
#2452 = EDGE_CURVE('',#2445,#2453,#2455,.T.);
#2453 = VERTEX_POINT('',#2454);
#2454 = CARTESIAN_POINT('',(26.3429707955,-12.83500611917,6.3));
#2455 = LINE('',#2456,#2457);
#2456 = CARTESIAN_POINT('',(21.966583467063,-20.13656726126,6.3));
#2457 = VECTOR('',#2458,1.);
#2458 = DIRECTION('',(-0.514102744193,-0.85772861,0.));
#2459 = ORIENTED_EDGE('',*,*,#2460,.T.);
#2460 = EDGE_CURVE('',#2453,#2461,#2463,.T.);
#2461 = VERTEX_POINT('',#2462);
#2462 = CARTESIAN_POINT('',(26.292681595533,-12.941333699,6.3));
#2463 = LINE('',#2464,#2465);
#2464 = CARTESIAN_POINT('',(22.220486836079,-21.5512661232,6.3));
#2465 = VECTOR('',#2466,1.);
#2466 = DIRECTION('',(-0.42755509343,-0.903989293123,0.));
#2467 = ORIENTED_EDGE('',*,*,#2468,.T.);
#2468 = EDGE_CURVE('',#2461,#2469,#2471,.T.);
#2469 = VERTEX_POINT('',#2470);
#2470 = CARTESIAN_POINT('',(26.253056477122,-13.05207848605,6.3));
#2471 = LINE('',#2472,#2473);
#2472 = CARTESIAN_POINT('',(22.734555289369,-22.8856305456,6.3));
#2473 = VECTOR('',#2474,1.);
#2474 = DIRECTION('',(-0.336889853392,-0.941544065183,0.));
#2475 = ORIENTED_EDGE('',*,*,#2476,.T.);
#2476 = EDGE_CURVE('',#2469,#2477,#2479,.T.);
#2477 = VERTEX_POINT('',#2478);
#2478 = CARTESIAN_POINT('',(26.22447705182,-13.16617394746,6.3));
#2479 = LINE('',#2480,#2481);
#2480 = CARTESIAN_POINT('',(23.487815526601,-24.09153917657,6.3));
#2481 = VECTOR('',#2482,1.);
#2482 = DIRECTION('',(-0.242980179903,-0.970031253195,0.));
#2483 = ORIENTED_EDGE('',*,*,#2484,.T.);
#2484 = EDGE_CURVE('',#2477,#2286,#2485,.T.);
#2485 = LINE('',#2486,#2487);
#2486 = CARTESIAN_POINT('',(24.450417597565,-25.12591132271,6.3));
#2487 = VECTOR('',#2488,1.);
#2488 = DIRECTION('',(-0.146730474455,-0.989176509965,0.));
#2489 = ORIENTED_EDGE('',*,*,#2285,.T.);
#2490 = ORIENTED_EDGE('',*,*,#975,.T.);
#2491 = ORIENTED_EDGE('',*,*,#2492,.F.);
#2492 = EDGE_CURVE('',#2344,#976,#2493,.T.);
#2493 = CIRCLE('',#2494,1.85);
#2494 = AXIS2_PLACEMENT_3D('',#2495,#2496,#2497);
#2495 = CARTESIAN_POINT('',(27.,-52.8,6.3));
#2496 = DIRECTION('',(0.,0.,1.));
#2497 = DIRECTION('',(1.,0.,0.));
#2498 = FACE_BOUND('',#2499,.T.);
#2499 = EDGE_LOOP('',(#2500));
#2500 = ORIENTED_EDGE('',*,*,#2501,.F.);
#2501 = EDGE_CURVE('',#2502,#2502,#2504,.T.);
#2502 = VERTEX_POINT('',#2503);
#2503 = CARTESIAN_POINT('',(28.6,-52.8,6.3));
#2504 = CIRCLE('',#2505,1.6);
#2505 = AXIS2_PLACEMENT_3D('',#2506,#2507,#2508);
#2506 = CARTESIAN_POINT('',(27.,-52.8,6.3));
#2507 = DIRECTION('',(0.,0.,-1.));
#2508 = DIRECTION('',(1.,0.,0.));
#2509 = PLANE('',#2510);
#2510 = AXIS2_PLACEMENT_3D('',#2511,#2512,#2513);
#2511 = CARTESIAN_POINT('',(26.023308360703,-32.38563708432,6.3));
#2512 = DIRECTION('',(-0.,-0.,-1.));
#2513 = DIRECTION('',(-1.,0.,0.));
#2514 = ADVANCED_FACE('',(#2515),#2537,.T.);
#2515 = FACE_BOUND('',#2516,.F.);
#2516 = EDGE_LOOP('',(#2517,#2518,#2527,#2534,#2535,#2536));
#2517 = ORIENTED_EDGE('',*,*,#999,.F.);
#2518 = ORIENTED_EDGE('',*,*,#2519,.T.);
#2519 = EDGE_CURVE('',#992,#2520,#2522,.T.);
#2520 = VERTEX_POINT('',#2521);
#2521 = CARTESIAN_POINT('',(28.85,-52.8,11.6));
#2522 = CIRCLE('',#2523,1.85);
#2523 = AXIS2_PLACEMENT_3D('',#2524,#2525,#2526);
#2524 = CARTESIAN_POINT('',(27.,-52.8,11.6));
#2525 = DIRECTION('',(0.,0.,1.));
#2526 = DIRECTION('',(1.,0.,0.));
#2527 = ORIENTED_EDGE('',*,*,#2528,.T.);
#2528 = EDGE_CURVE('',#2520,#984,#2529,.T.);
#2529 = CIRCLE('',#2530,1.85);
#2530 = AXIS2_PLACEMENT_3D('',#2531,#2532,#2533);
#2531 = CARTESIAN_POINT('',(27.,-52.8,11.6));
#2532 = DIRECTION('',(0.,0.,1.));
#2533 = DIRECTION('',(1.,0.,0.));
#2534 = ORIENTED_EDGE('',*,*,#983,.T.);
#2535 = ORIENTED_EDGE('',*,*,#2492,.F.);
#2536 = ORIENTED_EDGE('',*,*,#2343,.F.);
#2537 = CYLINDRICAL_SURFACE('',#2538,1.85);
#2538 = AXIS2_PLACEMENT_3D('',#2539,#2540,#2541);
#2539 = CARTESIAN_POINT('',(27.,-52.8,6.3));
#2540 = DIRECTION('',(-0.,-0.,-1.));
#2541 = DIRECTION('',(1.,0.,0.));
#2542 = ADVANCED_FACE('',(#2543),#2548,.T.);
#2543 = FACE_BOUND('',#2544,.T.);
#2544 = EDGE_LOOP('',(#2545,#2546,#2547));
#2545 = ORIENTED_EDGE('',*,*,#2519,.T.);
#2546 = ORIENTED_EDGE('',*,*,#2528,.T.);
#2547 = ORIENTED_EDGE('',*,*,#991,.F.);
#2548 = PLANE('',#2549);
#2549 = AXIS2_PLACEMENT_3D('',#2550,#2551,#2552);
#2550 = CARTESIAN_POINT('',(27.,-52.8,11.6));
#2551 = DIRECTION('',(0.,0.,1.));
#2552 = DIRECTION('',(1.,0.,0.));
#2553 = ADVANCED_FACE('',(#2554),#2557,.F.);
#2554 = FACE_BOUND('',#2555,.T.);
#2555 = EDGE_LOOP('',(#2556));
#2556 = ORIENTED_EDGE('',*,*,#1156,.F.);
#2557 = PLANE('',#2558);
#2558 = AXIS2_PLACEMENT_3D('',#2559,#2560,#2561);
#2559 = CARTESIAN_POINT('',(37.2,-64.7,6.8));
#2560 = DIRECTION('',(0.,0.,1.));
#2561 = DIRECTION('',(1.,0.,0.));
#2562 = ADVANCED_FACE('',(#2563),#2574,.F.);
#2563 = FACE_BOUND('',#2564,.F.);
#2564 = EDGE_LOOP('',(#2565,#2571,#2572,#2573));
#2565 = ORIENTED_EDGE('',*,*,#2566,.F.);
#2566 = EDGE_CURVE('',#1290,#1226,#2567,.T.);
#2567 = LINE('',#2568,#2569);
#2568 = CARTESIAN_POINT('',(30.7,-20.,11.8));
#2569 = VECTOR('',#2570,1.);
#2570 = DIRECTION('',(0.,1.,0.));
#2571 = ORIENTED_EDGE('',*,*,#1289,.F.);
#2572 = ORIENTED_EDGE('',*,*,#1255,.T.);
#2573 = ORIENTED_EDGE('',*,*,#1233,.T.);
#2574 = PLANE('',#2575);
#2575 = AXIS2_PLACEMENT_3D('',#2576,#2577,#2578);
#2576 = CARTESIAN_POINT('',(30.7,-20.,11.8));
#2577 = DIRECTION('',(0.,0.,1.));
#2578 = DIRECTION('',(1.,0.,0.));
#2579 = ADVANCED_FACE('',(#2580),#2586,.T.);
#2580 = FACE_BOUND('',#2581,.T.);
#2581 = EDGE_LOOP('',(#2582,#2583,#2584,#2585));
#2582 = ORIENTED_EDGE('',*,*,#2566,.F.);
#2583 = ORIENTED_EDGE('',*,*,#1297,.F.);
#2584 = ORIENTED_EDGE('',*,*,#2357,.T.);
#2585 = ORIENTED_EDGE('',*,*,#1225,.T.);
#2586 = PLANE('',#2587);
#2587 = AXIS2_PLACEMENT_3D('',#2588,#2589,#2590);
#2588 = CARTESIAN_POINT('',(30.7,-20.,6.2));
#2589 = DIRECTION('',(1.,0.,0.));
#2590 = DIRECTION('',(0.,0.,1.));
#2591 = ADVANCED_FACE('',(#2592),#2611,.F.);
#2592 = FACE_BOUND('',#2593,.F.);
#2593 = EDGE_LOOP('',(#2594,#2602,#2608,#2609,#2610));
#2594 = ORIENTED_EDGE('',*,*,#2595,.F.);
#2595 = EDGE_CURVE('',#2596,#1314,#2598,.T.);
#2596 = VERTEX_POINT('',#2597);
#2597 = CARTESIAN_POINT('',(27.4,-12.20144719576,12.1));
#2598 = LINE('',#2599,#2600);
#2599 = CARTESIAN_POINT('',(27.4,-48.1,12.1));
#2600 = VECTOR('',#2601,1.);
#2601 = DIRECTION('',(0.,1.,0.));
#2602 = ORIENTED_EDGE('',*,*,#2603,.T.);
#2603 = EDGE_CURVE('',#2596,#1370,#2604,.T.);
#2604 = LINE('',#2605,#2606);
#2605 = CARTESIAN_POINT('',(26.461592268837,-12.24754821139,12.1));
#2606 = VECTOR('',#2607,1.);
#2607 = DIRECTION('',(0.998795456205,4.906767432741E-02,0.));
#2608 = ORIENTED_EDGE('',*,*,#1369,.T.);
#2609 = ORIENTED_EDGE('',*,*,#1335,.T.);
#2610 = ORIENTED_EDGE('',*,*,#1321,.F.);
#2611 = PLANE('',#2612);
#2612 = AXIS2_PLACEMENT_3D('',#2613,#2614,#2615);
#2613 = CARTESIAN_POINT('',(27.4,-48.1,12.1));
#2614 = DIRECTION('',(0.,0.,1.));
#2615 = DIRECTION('',(1.,0.,0.));
#2616 = ADVANCED_FACE('',(#2617),#2628,.T.);
#2617 = FACE_BOUND('',#2618,.T.);
#2618 = EDGE_LOOP('',(#2619,#2620,#2626,#2627));
#2619 = ORIENTED_EDGE('',*,*,#2595,.F.);
#2620 = ORIENTED_EDGE('',*,*,#2621,.T.);
#2621 = EDGE_CURVE('',#2596,#2365,#2622,.T.);
#2622 = LINE('',#2623,#2624);
#2623 = CARTESIAN_POINT('',(27.4,-12.20144719576,5.9));
#2624 = VECTOR('',#2625,1.);
#2625 = DIRECTION('',(0.,0.,-1.));
#2626 = ORIENTED_EDGE('',*,*,#2364,.T.);
#2627 = ORIENTED_EDGE('',*,*,#1313,.T.);
#2628 = PLANE('',#2629);
#2629 = AXIS2_PLACEMENT_3D('',#2630,#2631,#2632);
#2630 = CARTESIAN_POINT('',(27.4,-48.1,5.6));
#2631 = DIRECTION('',(1.,0.,0.));
#2632 = DIRECTION('',(0.,0.,1.));
#2633 = ADVANCED_FACE('',(#2634),#2647,.F.);
#2634 = FACE_BOUND('',#2635,.F.);
#2635 = EDGE_LOOP('',(#2636,#2637,#2638,#2644,#2645,#2646));
#2636 = ORIENTED_EDGE('',*,*,#2621,.T.);
#2637 = ORIENTED_EDGE('',*,*,#2372,.T.);
#2638 = ORIENTED_EDGE('',*,*,#2639,.T.);
#2639 = EDGE_CURVE('',#2373,#2101,#2640,.T.);
#2640 = LINE('',#2641,#2642);
#2641 = CARTESIAN_POINT('',(27.282521281595,-12.20721855511,6.2));
#2642 = VECTOR('',#2643,1.);
#2643 = DIRECTION('',(0.,0.,1.));
#2644 = ORIENTED_EDGE('',*,*,#2100,.T.);
#2645 = ORIENTED_EDGE('',*,*,#1377,.F.);
#2646 = ORIENTED_EDGE('',*,*,#2603,.F.);
#2647 = PLANE('',#2648);
#2648 = AXIS2_PLACEMENT_3D('',#2649,#2650,#2651);
#2649 = CARTESIAN_POINT('',(27.282521281595,-12.20721855511,6.2));
#2650 = DIRECTION('',(-4.906767432741E-02,0.998795456205,0.));
#2651 = DIRECTION('',(0.998795456205,4.906767432741E-02,0.));
#2652 = ADVANCED_FACE('',(#2653),#2657,.T.);
#2653 = FACE_BOUND('',#2654,.T.);
#2654 = EDGE_LOOP('',(#2655,#2656));
#2655 = ORIENTED_EDGE('',*,*,#1464,.F.);
#2656 = ORIENTED_EDGE('',*,*,#1496,.T.);
#2657 = PLANE('',#2658);
#2658 = AXIS2_PLACEMENT_3D('',#2659,#2660,#2661);
#2659 = CARTESIAN_POINT('',(47.,-52.8,11.6));
#2660 = DIRECTION('',(0.,0.,1.));
#2661 = DIRECTION('',(1.,0.,0.));
#2662 = ADVANCED_FACE('',(#2663),#2666,.F.);
#2663 = FACE_BOUND('',#2664,.T.);
#2664 = EDGE_LOOP('',(#2665));
#2665 = ORIENTED_EDGE('',*,*,#1562,.F.);
#2666 = PLANE('',#2667);
#2667 = AXIS2_PLACEMENT_3D('',#2668,#2669,#2670);
#2668 = CARTESIAN_POINT('',(47.,-52.8,6.8));
#2669 = DIRECTION('',(0.,0.,1.));
#2670 = DIRECTION('',(1.,0.,0.));
#2671 = ADVANCED_FACE('',(#2672),#2682,.F.);
#2672 = FACE_BOUND('',#2673,.F.);
#2673 = EDGE_LOOP('',(#2674,#2675,#2676,#2677,#2678,#2679,#2680,#2681));
#2674 = ORIENTED_EDGE('',*,*,#1613,.F.);
#2675 = ORIENTED_EDGE('',*,*,#1777,.F.);
#2676 = ORIENTED_EDGE('',*,*,#1760,.F.);
#2677 = ORIENTED_EDGE('',*,*,#1735,.F.);
#2678 = ORIENTED_EDGE('',*,*,#1711,.F.);
#2679 = ORIENTED_EDGE('',*,*,#1686,.F.);
#2680 = ORIENTED_EDGE('',*,*,#1662,.F.);
#2681 = ORIENTED_EDGE('',*,*,#1637,.F.);
#2682 = PLANE('',#2683);
#2683 = AXIS2_PLACEMENT_3D('',#2684,#2685,#2686);
#2684 = CARTESIAN_POINT('',(34.55,-60.75,13.19));
#2685 = DIRECTION('',(-0.,-0.,-1.));
#2686 = DIRECTION('',(-1.,0.,0.));
#2687 = ADVANCED_FACE('',(#2688,#2722,#2756),#2762,.F.);
#2688 = FACE_BOUND('',#2689,.F.);
#2689 = EDGE_LOOP('',(#2690,#2700,#2708,#2716));
#2690 = ORIENTED_EDGE('',*,*,#2691,.F.);
#2691 = EDGE_CURVE('',#2692,#2694,#2696,.T.);
#2692 = VERTEX_POINT('',#2693);
#2693 = CARTESIAN_POINT('',(29.05,-53.,12.725));
#2694 = VERTEX_POINT('',#2695);
#2695 = CARTESIAN_POINT('',(29.05,-15.1,12.725));
#2696 = LINE('',#2697,#2698);
#2697 = CARTESIAN_POINT('',(29.05,-53.,12.725));
#2698 = VECTOR('',#2699,1.);
#2699 = DIRECTION('',(0.,1.,0.));
#2700 = ORIENTED_EDGE('',*,*,#2701,.T.);
#2701 = EDGE_CURVE('',#2692,#2702,#2704,.T.);
#2702 = VERTEX_POINT('',#2703);
#2703 = CARTESIAN_POINT('',(44.95,-53.,12.725));
#2704 = LINE('',#2705,#2706);
#2705 = CARTESIAN_POINT('',(29.05,-53.,12.725));
#2706 = VECTOR('',#2707,1.);
#2707 = DIRECTION('',(1.,0.,0.));
#2708 = ORIENTED_EDGE('',*,*,#2709,.T.);
#2709 = EDGE_CURVE('',#2702,#2710,#2712,.T.);
#2710 = VERTEX_POINT('',#2711);
#2711 = CARTESIAN_POINT('',(44.95,-15.1,12.725));
#2712 = LINE('',#2713,#2714);
#2713 = CARTESIAN_POINT('',(44.95,-53.,12.725));
#2714 = VECTOR('',#2715,1.);
#2715 = DIRECTION('',(0.,1.,0.));
#2716 = ORIENTED_EDGE('',*,*,#2717,.F.);
#2717 = EDGE_CURVE('',#2694,#2710,#2718,.T.);
#2718 = LINE('',#2719,#2720);
#2719 = CARTESIAN_POINT('',(29.05,-15.1,12.725));
#2720 = VECTOR('',#2721,1.);
#2721 = DIRECTION('',(1.,0.,0.));
#2722 = FACE_BOUND('',#2723,.F.);
#2723 = EDGE_LOOP('',(#2724,#2734,#2742,#2750));
#2724 = ORIENTED_EDGE('',*,*,#2725,.T.);
#2725 = EDGE_CURVE('',#2726,#2728,#2730,.T.);
#2726 = VERTEX_POINT('',#2727);
#2727 = CARTESIAN_POINT('',(43.85,-52.6,12.725));
#2728 = VERTEX_POINT('',#2729);
#2729 = CARTESIAN_POINT('',(30.15,-52.6,12.725));
#2730 = LINE('',#2731,#2732);
#2731 = CARTESIAN_POINT('',(29.6,-52.6,12.725));
#2732 = VECTOR('',#2733,1.);
#2733 = DIRECTION('',(-1.,0.,0.));
#2734 = ORIENTED_EDGE('',*,*,#2735,.T.);
#2735 = EDGE_CURVE('',#2728,#2736,#2738,.T.);
#2736 = VERTEX_POINT('',#2737);
#2737 = CARTESIAN_POINT('',(30.15,-49.1,12.725));
#2738 = LINE('',#2739,#2740);
#2739 = CARTESIAN_POINT('',(30.15,-52.8,12.725));
#2740 = VECTOR('',#2741,1.);
#2741 = DIRECTION('',(0.,1.,0.));
#2742 = ORIENTED_EDGE('',*,*,#2743,.F.);
#2743 = EDGE_CURVE('',#2744,#2736,#2746,.T.);
#2744 = VERTEX_POINT('',#2745);
#2745 = CARTESIAN_POINT('',(43.85,-49.1,12.725));
#2746 = LINE('',#2747,#2748);
#2747 = CARTESIAN_POINT('',(29.6,-49.1,12.725));
#2748 = VECTOR('',#2749,1.);
#2749 = DIRECTION('',(-1.,0.,0.));
#2750 = ORIENTED_EDGE('',*,*,#2751,.F.);
#2751 = EDGE_CURVE('',#2726,#2744,#2752,.T.);
#2752 = LINE('',#2753,#2754);
#2753 = CARTESIAN_POINT('',(43.85,-52.8,12.725));
#2754 = VECTOR('',#2755,1.);
#2755 = DIRECTION('',(0.,1.,0.));
#2756 = FACE_BOUND('',#2757,.F.);
#2757 = EDGE_LOOP('',(#2758,#2759,#2760,#2761));
#2758 = ORIENTED_EDGE('',*,*,#1800,.T.);
#2759 = ORIENTED_EDGE('',*,*,#1848,.T.);
#2760 = ORIENTED_EDGE('',*,*,#1872,.F.);
#2761 = ORIENTED_EDGE('',*,*,#1824,.F.);
#2762 = PLANE('',#2763);
#2763 = AXIS2_PLACEMENT_3D('',#2764,#2765,#2766);
#2764 = CARTESIAN_POINT('',(29.05,-53.,12.725));
#2765 = DIRECTION('',(0.,0.,1.));
#2766 = DIRECTION('',(1.,0.,0.));
#2767 = ADVANCED_FACE('',(#2768),#2778,.T.);
#2768 = FACE_BOUND('',#2769,.T.);
#2769 = EDGE_LOOP('',(#2770,#2771,#2772,#2773,#2774,#2775,#2776,#2777));
#2770 = ORIENTED_EDGE('',*,*,#1905,.T.);
#2771 = ORIENTED_EDGE('',*,*,#1929,.T.);
#2772 = ORIENTED_EDGE('',*,*,#1957,.T.);
#2773 = ORIENTED_EDGE('',*,*,#1981,.T.);
#2774 = ORIENTED_EDGE('',*,*,#2009,.T.);
#2775 = ORIENTED_EDGE('',*,*,#2037,.T.);
#2776 = ORIENTED_EDGE('',*,*,#2061,.T.);
#2777 = ORIENTED_EDGE('',*,*,#2082,.T.);
#2778 = PLANE('',#2779);
#2779 = AXIS2_PLACEMENT_3D('',#2780,#2781,#2782);
#2780 = CARTESIAN_POINT('',(43.669795747436,-30.83067694217,13.19));
#2781 = DIRECTION('',(0.,0.,1.));
#2782 = DIRECTION('',(1.,0.,0.));
#2783 = ADVANCED_FACE('',(#2784),#2795,.F.);
#2784 = FACE_BOUND('',#2785,.F.);
#2785 = EDGE_LOOP('',(#2786,#2787,#2793,#2794));
#2786 = ORIENTED_EDGE('',*,*,#2380,.T.);
#2787 = ORIENTED_EDGE('',*,*,#2788,.T.);
#2788 = EDGE_CURVE('',#2381,#2109,#2789,.T.);
#2789 = LINE('',#2790,#2791);
#2790 = CARTESIAN_POINT('',(27.166173947468,-12.22447705182,6.2));
#2791 = VECTOR('',#2792,1.);
#2792 = DIRECTION('',(0.,0.,1.));
#2793 = ORIENTED_EDGE('',*,*,#2108,.T.);
#2794 = ORIENTED_EDGE('',*,*,#2639,.F.);
#2795 = PLANE('',#2796);
#2796 = AXIS2_PLACEMENT_3D('',#2797,#2798,#2799);
#2797 = CARTESIAN_POINT('',(27.166173947468,-12.22447705182,6.2));
#2798 = DIRECTION('',(-0.146730474455,0.989176509965,0.));
#2799 = DIRECTION('',(0.989176509965,0.146730474455,0.));
#2800 = ADVANCED_FACE('',(#2801),#2812,.F.);
#2801 = FACE_BOUND('',#2802,.F.);
#2802 = EDGE_LOOP('',(#2803,#2804,#2810,#2811));
#2803 = ORIENTED_EDGE('',*,*,#2388,.T.);
#2804 = ORIENTED_EDGE('',*,*,#2805,.T.);
#2805 = EDGE_CURVE('',#2389,#2117,#2806,.T.);
#2806 = LINE('',#2807,#2808);
#2807 = CARTESIAN_POINT('',(27.05207848605,-12.25305647712,6.2));
#2808 = VECTOR('',#2809,1.);
#2809 = DIRECTION('',(0.,0.,1.));
#2810 = ORIENTED_EDGE('',*,*,#2116,.T.);
#2811 = ORIENTED_EDGE('',*,*,#2788,.F.);
#2812 = PLANE('',#2813);
#2813 = AXIS2_PLACEMENT_3D('',#2814,#2815,#2816);
#2814 = CARTESIAN_POINT('',(27.05207848605,-12.25305647712,6.2));
#2815 = DIRECTION('',(-0.242980179903,0.970031253195,0.));
#2816 = DIRECTION('',(0.970031253195,0.242980179903,0.));
#2817 = ADVANCED_FACE('',(#2818),#2829,.F.);
#2818 = FACE_BOUND('',#2819,.F.);
#2819 = EDGE_LOOP('',(#2820,#2821,#2827,#2828));
#2820 = ORIENTED_EDGE('',*,*,#2396,.T.);
#2821 = ORIENTED_EDGE('',*,*,#2822,.T.);
#2822 = EDGE_CURVE('',#2397,#2125,#2823,.T.);
#2823 = LINE('',#2824,#2825);
#2824 = CARTESIAN_POINT('',(26.941333699004,-12.29268159553,6.2));
#2825 = VECTOR('',#2826,1.);
#2826 = DIRECTION('',(0.,0.,1.));
#2827 = ORIENTED_EDGE('',*,*,#2124,.T.);
#2828 = ORIENTED_EDGE('',*,*,#2805,.F.);
#2829 = PLANE('',#2830);
#2830 = AXIS2_PLACEMENT_3D('',#2831,#2832,#2833);
#2831 = CARTESIAN_POINT('',(26.941333699004,-12.29268159553,6.2));
#2832 = DIRECTION('',(-0.336889853392,0.941544065183,0.));
#2833 = DIRECTION('',(0.941544065183,0.336889853392,0.));
#2834 = ADVANCED_FACE('',(#2835),#2846,.F.);
#2835 = FACE_BOUND('',#2836,.F.);
#2836 = EDGE_LOOP('',(#2837,#2838,#2844,#2845));
#2837 = ORIENTED_EDGE('',*,*,#2404,.T.);
#2838 = ORIENTED_EDGE('',*,*,#2839,.T.);
#2839 = EDGE_CURVE('',#2405,#2133,#2840,.T.);
#2840 = LINE('',#2841,#2842);
#2841 = CARTESIAN_POINT('',(26.83500611917,-12.3429707955,6.2));
#2842 = VECTOR('',#2843,1.);
#2843 = DIRECTION('',(0.,0.,1.));
#2844 = ORIENTED_EDGE('',*,*,#2132,.T.);
#2845 = ORIENTED_EDGE('',*,*,#2822,.F.);
#2846 = PLANE('',#2847);
#2847 = AXIS2_PLACEMENT_3D('',#2848,#2849,#2850);
#2848 = CARTESIAN_POINT('',(26.83500611917,-12.3429707955,6.2));
#2849 = DIRECTION('',(-0.42755509343,0.903989293123,0.));
#2850 = DIRECTION('',(0.903989293123,0.42755509343,0.));
#2851 = ADVANCED_FACE('',(#2852),#2863,.F.);
#2852 = FACE_BOUND('',#2853,.F.);
#2853 = EDGE_LOOP('',(#2854,#2855,#2856,#2857));
#2854 = ORIENTED_EDGE('',*,*,#2484,.T.);
#2855 = ORIENTED_EDGE('',*,*,#2295,.T.);
#2856 = ORIENTED_EDGE('',*,*,#2212,.T.);
#2857 = ORIENTED_EDGE('',*,*,#2858,.F.);
#2858 = EDGE_CURVE('',#2477,#2205,#2859,.T.);
#2859 = LINE('',#2860,#2861);
#2860 = CARTESIAN_POINT('',(26.22447705182,-13.16617394746,6.2));
#2861 = VECTOR('',#2862,1.);
#2862 = DIRECTION('',(0.,0.,1.));
#2863 = PLANE('',#2864);
#2864 = AXIS2_PLACEMENT_3D('',#2865,#2866,#2867);
#2865 = CARTESIAN_POINT('',(26.207218555115,-13.28252128159,6.2));
#2866 = DIRECTION('',(-0.989176509965,0.146730474455,0.));
#2867 = DIRECTION('',(0.146730474455,0.989176509965,0.));
#2868 = ADVANCED_FACE('',(#2869),#2880,.F.);
#2869 = FACE_BOUND('',#2870,.F.);
#2870 = EDGE_LOOP('',(#2871,#2872,#2878,#2879));
#2871 = ORIENTED_EDGE('',*,*,#2412,.T.);
#2872 = ORIENTED_EDGE('',*,*,#2873,.T.);
#2873 = EDGE_CURVE('',#2413,#2141,#2874,.T.);
#2874 = LINE('',#2875,#2876);
#2875 = CARTESIAN_POINT('',(26.734119739265,-12.40343976453,6.2));
#2876 = VECTOR('',#2877,1.);
#2877 = DIRECTION('',(0.,0.,1.));
#2878 = ORIENTED_EDGE('',*,*,#2140,.T.);
#2879 = ORIENTED_EDGE('',*,*,#2839,.F.);
#2880 = PLANE('',#2881);
#2881 = AXIS2_PLACEMENT_3D('',#2882,#2883,#2884);
#2882 = CARTESIAN_POINT('',(26.734119739265,-12.40343976453,6.2));
#2883 = DIRECTION('',(-0.514102744193,0.85772861,0.));
#2884 = DIRECTION('',(0.85772861,0.514102744193,0.));
#2885 = ADVANCED_FACE('',(#2886),#2897,.F.);
#2886 = FACE_BOUND('',#2887,.F.);
#2887 = EDGE_LOOP('',(#2888,#2889,#2890,#2891));
#2888 = ORIENTED_EDGE('',*,*,#2476,.T.);
#2889 = ORIENTED_EDGE('',*,*,#2858,.T.);
#2890 = ORIENTED_EDGE('',*,*,#2204,.T.);
#2891 = ORIENTED_EDGE('',*,*,#2892,.F.);
#2892 = EDGE_CURVE('',#2469,#2197,#2893,.T.);
#2893 = LINE('',#2894,#2895);
#2894 = CARTESIAN_POINT('',(26.253056477122,-13.05207848605,6.2));
#2895 = VECTOR('',#2896,1.);
#2896 = DIRECTION('',(0.,0.,1.));
#2897 = PLANE('',#2898);
#2898 = AXIS2_PLACEMENT_3D('',#2899,#2900,#2901);
#2899 = CARTESIAN_POINT('',(26.22447705182,-13.16617394746,6.2));
#2900 = DIRECTION('',(-0.970031253195,0.242980179903,0.));
#2901 = DIRECTION('',(0.242980179903,0.970031253195,0.));
#2902 = ADVANCED_FACE('',(#2903),#2914,.F.);
#2903 = FACE_BOUND('',#2904,.F.);
#2904 = EDGE_LOOP('',(#2905,#2906,#2912,#2913));
#2905 = ORIENTED_EDGE('',*,*,#2420,.T.);
#2906 = ORIENTED_EDGE('',*,*,#2907,.T.);
#2907 = EDGE_CURVE('',#2421,#2149,#2908,.T.);
#2908 = LINE('',#2909,#2910);
#2909 = CARTESIAN_POINT('',(26.639646150277,-12.47350615341,6.2));
#2910 = VECTOR('',#2911,1.);
#2911 = DIRECTION('',(0.,0.,1.));
#2912 = ORIENTED_EDGE('',*,*,#2148,.T.);
#2913 = ORIENTED_EDGE('',*,*,#2873,.F.);
#2914 = PLANE('',#2915);
#2915 = AXIS2_PLACEMENT_3D('',#2916,#2917,#2918);
#2916 = CARTESIAN_POINT('',(26.639646150277,-12.47350615341,6.2));
#2917 = DIRECTION('',(-0.595699304492,0.803207531481,0.));
#2918 = DIRECTION('',(0.803207531481,0.595699304492,0.));
#2919 = ADVANCED_FACE('',(#2920),#2931,.F.);
#2920 = FACE_BOUND('',#2921,.F.);
#2921 = EDGE_LOOP('',(#2922,#2923,#2924,#2925));
#2922 = ORIENTED_EDGE('',*,*,#2468,.T.);
#2923 = ORIENTED_EDGE('',*,*,#2892,.T.);
#2924 = ORIENTED_EDGE('',*,*,#2196,.T.);
#2925 = ORIENTED_EDGE('',*,*,#2926,.F.);
#2926 = EDGE_CURVE('',#2461,#2189,#2927,.T.);
#2927 = LINE('',#2928,#2929);
#2928 = CARTESIAN_POINT('',(26.292681595533,-12.941333699,6.2));
#2929 = VECTOR('',#2930,1.);
#2930 = DIRECTION('',(0.,0.,1.));
#2931 = PLANE('',#2932);
#2932 = AXIS2_PLACEMENT_3D('',#2933,#2934,#2935);
#2933 = CARTESIAN_POINT('',(26.253056477122,-13.05207848605,6.2));
#2934 = DIRECTION('',(-0.941544065183,0.336889853392,0.));
#2935 = DIRECTION('',(0.336889853392,0.941544065183,0.));
#2936 = ADVANCED_FACE('',(#2937),#2948,.F.);
#2937 = FACE_BOUND('',#2938,.F.);
#2938 = EDGE_LOOP('',(#2939,#2940,#2946,#2947));
#2939 = ORIENTED_EDGE('',*,*,#2428,.T.);
#2940 = ORIENTED_EDGE('',*,*,#2941,.T.);
#2941 = EDGE_CURVE('',#2429,#2157,#2942,.T.);
#2942 = LINE('',#2943,#2944);
#2943 = CARTESIAN_POINT('',(26.552495184515,-12.55249518451,6.2));
#2944 = VECTOR('',#2945,1.);
#2945 = DIRECTION('',(0.,0.,1.));
#2946 = ORIENTED_EDGE('',*,*,#2156,.T.);
#2947 = ORIENTED_EDGE('',*,*,#2907,.F.);
#2948 = PLANE('',#2949);
#2949 = AXIS2_PLACEMENT_3D('',#2950,#2951,#2952);
#2950 = CARTESIAN_POINT('',(26.552495184515,-12.55249518451,6.2));
#2951 = DIRECTION('',(-0.671558954847,0.740951125355,0.));
#2952 = DIRECTION('',(0.740951125355,0.671558954847,0.));
#2953 = ADVANCED_FACE('',(#2954),#2965,.F.);
#2954 = FACE_BOUND('',#2955,.F.);
#2955 = EDGE_LOOP('',(#2956,#2957,#2958,#2959));
#2956 = ORIENTED_EDGE('',*,*,#2460,.T.);
#2957 = ORIENTED_EDGE('',*,*,#2926,.T.);
#2958 = ORIENTED_EDGE('',*,*,#2188,.T.);
#2959 = ORIENTED_EDGE('',*,*,#2960,.F.);
#2960 = EDGE_CURVE('',#2453,#2181,#2961,.T.);
#2961 = LINE('',#2962,#2963);
#2962 = CARTESIAN_POINT('',(26.3429707955,-12.83500611917,6.2));
#2963 = VECTOR('',#2964,1.);
#2964 = DIRECTION('',(0.,0.,1.));
#2965 = PLANE('',#2966);
#2966 = AXIS2_PLACEMENT_3D('',#2967,#2968,#2969);
#2967 = CARTESIAN_POINT('',(26.292681595533,-12.941333699,6.2));
#2968 = DIRECTION('',(-0.903989293123,0.42755509343,0.));
#2969 = DIRECTION('',(0.42755509343,0.903989293123,0.));
#2970 = ADVANCED_FACE('',(#2971),#2982,.F.);
#2971 = FACE_BOUND('',#2972,.F.);
#2972 = EDGE_LOOP('',(#2973,#2974,#2980,#2981));
#2973 = ORIENTED_EDGE('',*,*,#2436,.T.);
#2974 = ORIENTED_EDGE('',*,*,#2975,.T.);
#2975 = EDGE_CURVE('',#2437,#2165,#2976,.T.);
#2976 = LINE('',#2977,#2978);
#2977 = CARTESIAN_POINT('',(26.473506153419,-12.63964615027,6.2));
#2978 = VECTOR('',#2979,1.);
#2979 = DIRECTION('',(0.,0.,1.));
#2980 = ORIENTED_EDGE('',*,*,#2164,.T.);
#2981 = ORIENTED_EDGE('',*,*,#2941,.F.);
#2982 = PLANE('',#2983);
#2983 = AXIS2_PLACEMENT_3D('',#2984,#2985,#2986);
#2984 = CARTESIAN_POINT('',(26.473506153419,-12.63964615027,6.2));
#2985 = DIRECTION('',(-0.740951125355,0.671558954847,0.));
#2986 = DIRECTION('',(0.671558954847,0.740951125355,0.));
#2987 = ADVANCED_FACE('',(#2988),#2999,.F.);
#2988 = FACE_BOUND('',#2989,.F.);
#2989 = EDGE_LOOP('',(#2990,#2991,#2992,#2993));
#2990 = ORIENTED_EDGE('',*,*,#2452,.T.);
#2991 = ORIENTED_EDGE('',*,*,#2960,.T.);
#2992 = ORIENTED_EDGE('',*,*,#2180,.T.);
#2993 = ORIENTED_EDGE('',*,*,#2994,.F.);
#2994 = EDGE_CURVE('',#2445,#2173,#2995,.T.);
#2995 = LINE('',#2996,#2997);
#2996 = CARTESIAN_POINT('',(26.403439764538,-12.73411973926,6.2));
#2997 = VECTOR('',#2998,1.);
#2998 = DIRECTION('',(0.,0.,1.));
#2999 = PLANE('',#3000);
#3000 = AXIS2_PLACEMENT_3D('',#3001,#3002,#3003);
#3001 = CARTESIAN_POINT('',(26.3429707955,-12.83500611917,6.2));
#3002 = DIRECTION('',(-0.85772861,0.514102744193,0.));
#3003 = DIRECTION('',(0.514102744193,0.85772861,0.));
#3004 = ADVANCED_FACE('',(#3005),#3011,.F.);
#3005 = FACE_BOUND('',#3006,.F.);
#3006 = EDGE_LOOP('',(#3007,#3008,#3009,#3010));
#3007 = ORIENTED_EDGE('',*,*,#2444,.T.);
#3008 = ORIENTED_EDGE('',*,*,#2994,.T.);
#3009 = ORIENTED_EDGE('',*,*,#2172,.T.);
#3010 = ORIENTED_EDGE('',*,*,#2975,.F.);
#3011 = PLANE('',#3012);
#3012 = AXIS2_PLACEMENT_3D('',#3013,#3014,#3015);
#3013 = CARTESIAN_POINT('',(26.403439764538,-12.73411973926,6.2));
#3014 = DIRECTION('',(-0.803207531481,0.595699304492,0.));
#3015 = DIRECTION('',(0.595699304492,0.803207531481,0.));
#3016 = ADVANCED_FACE('',(#3017),#3033,.T.);
#3017 = FACE_BOUND('',#3018,.T.);
#3018 = EDGE_LOOP('',(#3019,#3025,#3026,#3032));
#3019 = ORIENTED_EDGE('',*,*,#3020,.F.);
#3020 = EDGE_CURVE('',#2235,#2702,#3021,.T.);
#3021 = LINE('',#3022,#3023);
#3022 = CARTESIAN_POINT('',(44.95,-53.,10.9));
#3023 = VECTOR('',#3024,1.);
#3024 = DIRECTION('',(0.,0.,1.));
#3025 = ORIENTED_EDGE('',*,*,#2234,.T.);
#3026 = ORIENTED_EDGE('',*,*,#3027,.T.);
#3027 = EDGE_CURVE('',#2237,#2692,#3028,.T.);
#3028 = LINE('',#3029,#3030);
#3029 = CARTESIAN_POINT('',(29.05,-53.,10.9));
#3030 = VECTOR('',#3031,1.);
#3031 = DIRECTION('',(0.,0.,1.));
#3032 = ORIENTED_EDGE('',*,*,#2701,.T.);
#3033 = PLANE('',#3034);
#3034 = AXIS2_PLACEMENT_3D('',#3035,#3036,#3037);
#3035 = CARTESIAN_POINT('',(29.05,-53.,10.9));
#3036 = DIRECTION('',(0.,1.,0.));
#3037 = DIRECTION('',(0.,0.,1.));
#3038 = ADVANCED_FACE('',(#3039),#3050,.F.);
#3039 = FACE_BOUND('',#3040,.F.);
#3040 = EDGE_LOOP('',(#3041,#3042,#3043,#3049));
#3041 = ORIENTED_EDGE('',*,*,#3020,.F.);
#3042 = ORIENTED_EDGE('',*,*,#2260,.T.);
#3043 = ORIENTED_EDGE('',*,*,#3044,.T.);
#3044 = EDGE_CURVE('',#2253,#2710,#3045,.T.);
#3045 = LINE('',#3046,#3047);
#3046 = CARTESIAN_POINT('',(44.95,-15.1,10.9));
#3047 = VECTOR('',#3048,1.);
#3048 = DIRECTION('',(0.,0.,1.));
#3049 = ORIENTED_EDGE('',*,*,#2709,.F.);
#3050 = PLANE('',#3051);
#3051 = AXIS2_PLACEMENT_3D('',#3052,#3053,#3054);
#3052 = CARTESIAN_POINT('',(44.95,-53.,10.9));
#3053 = DIRECTION('',(1.,0.,0.));
#3054 = DIRECTION('',(0.,0.,1.));
#3055 = ADVANCED_FACE('',(#3056),#3067,.F.);
#3056 = FACE_BOUND('',#3057,.F.);
#3057 = EDGE_LOOP('',(#3058,#3059,#3060,#3066));
#3058 = ORIENTED_EDGE('',*,*,#3044,.F.);
#3059 = ORIENTED_EDGE('',*,*,#2252,.T.);
#3060 = ORIENTED_EDGE('',*,*,#3061,.T.);
#3061 = EDGE_CURVE('',#2245,#2694,#3062,.T.);
#3062 = LINE('',#3063,#3064);
#3063 = CARTESIAN_POINT('',(29.05,-15.1,10.9));
#3064 = VECTOR('',#3065,1.);
#3065 = DIRECTION('',(0.,0.,1.));
#3066 = ORIENTED_EDGE('',*,*,#2717,.T.);
#3067 = PLANE('',#3068);
#3068 = AXIS2_PLACEMENT_3D('',#3069,#3070,#3071);
#3069 = CARTESIAN_POINT('',(29.05,-15.1,10.9));
#3070 = DIRECTION('',(0.,1.,0.));
#3071 = DIRECTION('',(0.,0.,1.));
#3072 = ADVANCED_FACE('',(#3073),#3079,.T.);
#3073 = FACE_BOUND('',#3074,.T.);
#3074 = EDGE_LOOP('',(#3075,#3076,#3077,#3078));
#3075 = ORIENTED_EDGE('',*,*,#3027,.F.);
#3076 = ORIENTED_EDGE('',*,*,#2244,.T.);
#3077 = ORIENTED_EDGE('',*,*,#3061,.T.);
#3078 = ORIENTED_EDGE('',*,*,#2691,.F.);
#3079 = PLANE('',#3080);
#3080 = AXIS2_PLACEMENT_3D('',#3081,#3082,#3083);
#3081 = CARTESIAN_POINT('',(29.05,-53.,10.9));
#3082 = DIRECTION('',(1.,0.,0.));
#3083 = DIRECTION('',(0.,0.,1.));
#3084 = ADVANCED_FACE('',(#3085),#3104,.F.);
#3085 = FACE_BOUND('',#3086,.T.);
#3086 = EDGE_LOOP('',(#3087,#3088,#3096,#3103));
#3087 = ORIENTED_EDGE('',*,*,#2501,.T.);
#3088 = ORIENTED_EDGE('',*,*,#3089,.T.);
#3089 = EDGE_CURVE('',#2502,#3090,#3092,.T.);
#3090 = VERTEX_POINT('',#3091);
#3091 = CARTESIAN_POINT('',(28.6,-52.8,6.8));
#3092 = LINE('',#3093,#3094);
#3093 = CARTESIAN_POINT('',(28.6,-52.8,6.2));
#3094 = VECTOR('',#3095,1.);
#3095 = DIRECTION('',(0.,0.,1.));
#3096 = ORIENTED_EDGE('',*,*,#3097,.T.);
#3097 = EDGE_CURVE('',#3090,#3090,#3098,.T.);
#3098 = CIRCLE('',#3099,1.6);
#3099 = AXIS2_PLACEMENT_3D('',#3100,#3101,#3102);
#3100 = CARTESIAN_POINT('',(27.,-52.8,6.8));
#3101 = DIRECTION('',(0.,0.,1.));
#3102 = DIRECTION('',(1.,0.,0.));
#3103 = ORIENTED_EDGE('',*,*,#3089,.F.);
#3104 = CYLINDRICAL_SURFACE('',#3105,1.6);
#3105 = AXIS2_PLACEMENT_3D('',#3106,#3107,#3108);
#3106 = CARTESIAN_POINT('',(27.,-52.8,6.2));
#3107 = DIRECTION('',(-0.,-0.,-1.));
#3108 = DIRECTION('',(1.,0.,0.));
#3109 = ADVANCED_FACE('',(#3110),#3135,.T.);
#3110 = FACE_BOUND('',#3111,.T.);
#3111 = EDGE_LOOP('',(#3112,#3113,#3121,#3129));
#3112 = ORIENTED_EDGE('',*,*,#2725,.T.);
#3113 = ORIENTED_EDGE('',*,*,#3114,.T.);
#3114 = EDGE_CURVE('',#2728,#3115,#3117,.T.);
#3115 = VERTEX_POINT('',#3116);
#3116 = CARTESIAN_POINT('',(30.15,-52.6,13.19));
#3117 = LINE('',#3118,#3119);
#3118 = CARTESIAN_POINT('',(30.15,-52.6,10.9));
#3119 = VECTOR('',#3120,1.);
#3120 = DIRECTION('',(0.,0.,1.));
#3121 = ORIENTED_EDGE('',*,*,#3122,.T.);
#3122 = EDGE_CURVE('',#3115,#3123,#3125,.T.);
#3123 = VERTEX_POINT('',#3124);
#3124 = CARTESIAN_POINT('',(43.85,-52.6,13.19));
#3125 = LINE('',#3126,#3127);
#3126 = CARTESIAN_POINT('',(30.15,-52.6,13.19));
#3127 = VECTOR('',#3128,1.);
#3128 = DIRECTION('',(1.,0.,0.));
#3129 = ORIENTED_EDGE('',*,*,#3130,.F.);
#3130 = EDGE_CURVE('',#2726,#3123,#3131,.T.);
#3131 = LINE('',#3132,#3133);
#3132 = CARTESIAN_POINT('',(43.85,-52.6,10.9));
#3133 = VECTOR('',#3134,1.);
#3134 = DIRECTION('',(0.,0.,1.));
#3135 = PLANE('',#3136);
#3136 = AXIS2_PLACEMENT_3D('',#3137,#3138,#3139);
#3137 = CARTESIAN_POINT('',(30.15,-52.6,10.9));
#3138 = DIRECTION('',(0.,1.,0.));
#3139 = DIRECTION('',(0.,0.,1.));
#3140 = ADVANCED_FACE('',(#3141),#3159,.F.);
#3141 = FACE_BOUND('',#3142,.F.);
#3142 = EDGE_LOOP('',(#3143,#3144,#3145,#3153));
#3143 = ORIENTED_EDGE('',*,*,#3130,.F.);
#3144 = ORIENTED_EDGE('',*,*,#2751,.T.);
#3145 = ORIENTED_EDGE('',*,*,#3146,.T.);
#3146 = EDGE_CURVE('',#2744,#3147,#3149,.T.);
#3147 = VERTEX_POINT('',#3148);
#3148 = CARTESIAN_POINT('',(43.85,-49.1,13.19));
#3149 = LINE('',#3150,#3151);
#3150 = CARTESIAN_POINT('',(43.85,-49.1,10.9));
#3151 = VECTOR('',#3152,1.);
#3152 = DIRECTION('',(0.,0.,1.));
#3153 = ORIENTED_EDGE('',*,*,#3154,.F.);
#3154 = EDGE_CURVE('',#3123,#3147,#3155,.T.);
#3155 = LINE('',#3156,#3157);
#3156 = CARTESIAN_POINT('',(43.85,-52.6,13.19));
#3157 = VECTOR('',#3158,1.);
#3158 = DIRECTION('',(0.,1.,0.));
#3159 = PLANE('',#3160);
#3160 = AXIS2_PLACEMENT_3D('',#3161,#3162,#3163);
#3161 = CARTESIAN_POINT('',(43.85,-52.6,10.9));
#3162 = DIRECTION('',(1.,0.,0.));
#3163 = DIRECTION('',(0.,0.,1.));
#3164 = ADVANCED_FACE('',(#3165),#3183,.T.);
#3165 = FACE_BOUND('',#3166,.T.);
#3166 = EDGE_LOOP('',(#3167,#3168,#3169,#3177));
#3167 = ORIENTED_EDGE('',*,*,#3114,.F.);
#3168 = ORIENTED_EDGE('',*,*,#2735,.T.);
#3169 = ORIENTED_EDGE('',*,*,#3170,.T.);
#3170 = EDGE_CURVE('',#2736,#3171,#3173,.T.);
#3171 = VERTEX_POINT('',#3172);
#3172 = CARTESIAN_POINT('',(30.15,-49.1,13.19));
#3173 = LINE('',#3174,#3175);
#3174 = CARTESIAN_POINT('',(30.15,-49.1,10.9));
#3175 = VECTOR('',#3176,1.);
#3176 = DIRECTION('',(0.,0.,1.));
#3177 = ORIENTED_EDGE('',*,*,#3178,.F.);
#3178 = EDGE_CURVE('',#3115,#3171,#3179,.T.);
#3179 = LINE('',#3180,#3181);
#3180 = CARTESIAN_POINT('',(30.15,-52.6,13.19));
#3181 = VECTOR('',#3182,1.);
#3182 = DIRECTION('',(0.,1.,0.));
#3183 = PLANE('',#3184);
#3184 = AXIS2_PLACEMENT_3D('',#3185,#3186,#3187);
#3185 = CARTESIAN_POINT('',(30.15,-52.6,10.9));
#3186 = DIRECTION('',(1.,0.,0.));
#3187 = DIRECTION('',(0.,0.,1.));
#3188 = ADVANCED_FACE('',(#3189),#3200,.F.);
#3189 = FACE_BOUND('',#3190,.F.);
#3190 = EDGE_LOOP('',(#3191,#3192,#3193,#3199));
#3191 = ORIENTED_EDGE('',*,*,#2743,.T.);
#3192 = ORIENTED_EDGE('',*,*,#3170,.T.);
#3193 = ORIENTED_EDGE('',*,*,#3194,.T.);
#3194 = EDGE_CURVE('',#3171,#3147,#3195,.T.);
#3195 = LINE('',#3196,#3197);
#3196 = CARTESIAN_POINT('',(30.15,-49.1,13.19));
#3197 = VECTOR('',#3198,1.);
#3198 = DIRECTION('',(1.,0.,0.));
#3199 = ORIENTED_EDGE('',*,*,#3146,.F.);
#3200 = PLANE('',#3201);
#3201 = AXIS2_PLACEMENT_3D('',#3202,#3203,#3204);
#3202 = CARTESIAN_POINT('',(30.15,-49.1,10.9));
#3203 = DIRECTION('',(0.,1.,0.));
#3204 = DIRECTION('',(0.,0.,1.));
#3205 = ADVANCED_FACE('',(#3206),#3209,.F.);
#3206 = FACE_BOUND('',#3207,.T.);
#3207 = EDGE_LOOP('',(#3208));
#3208 = ORIENTED_EDGE('',*,*,#3097,.F.);
#3209 = PLANE('',#3210);
#3210 = AXIS2_PLACEMENT_3D('',#3211,#3212,#3213);
#3211 = CARTESIAN_POINT('',(27.,-52.8,6.8));
#3212 = DIRECTION('',(0.,0.,1.));
#3213 = DIRECTION('',(1.,0.,0.));
#3214 = ADVANCED_FACE('',(#3215),#3221,.F.);
#3215 = FACE_BOUND('',#3216,.F.);
#3216 = EDGE_LOOP('',(#3217,#3218,#3219,#3220));
#3217 = ORIENTED_EDGE('',*,*,#3178,.F.);
#3218 = ORIENTED_EDGE('',*,*,#3122,.T.);
#3219 = ORIENTED_EDGE('',*,*,#3154,.T.);
#3220 = ORIENTED_EDGE('',*,*,#3194,.F.);
#3221 = PLANE('',#3222);
#3222 = AXIS2_PLACEMENT_3D('',#3223,#3224,#3225);
#3223 = CARTESIAN_POINT('',(30.15,-52.6,13.19));
#3224 = DIRECTION('',(0.,0.,1.));
#3225 = DIRECTION('',(1.,0.,0.));
#3226 = ORIENTED_CLOSED_SHELL('',*,#3227,.F.);
#3227 = CLOSED_SHELL('',(#3228,#3261,#3270));
#3228 = ADVANCED_FACE('',(#3229),#3256,.T.);
#3229 = FACE_BOUND('',#3230,.F.);
#3230 = EDGE_LOOP('',(#3231,#3241,#3248,#3249));
#3231 = ORIENTED_EDGE('',*,*,#3232,.T.);
#3232 = EDGE_CURVE('',#3233,#3235,#3237,.T.);
#3233 = VERTEX_POINT('',#3234);
#3234 = CARTESIAN_POINT('',(38.3,-64.7,7.));
#3235 = VERTEX_POINT('',#3236);
#3236 = CARTESIAN_POINT('',(38.3,-64.7,11.2));
#3237 = LINE('',#3238,#3239);
#3238 = CARTESIAN_POINT('',(38.3,-64.7,7.));
#3239 = VECTOR('',#3240,1.);
#3240 = DIRECTION('',(0.,0.,1.));
#3241 = ORIENTED_EDGE('',*,*,#3242,.T.);
#3242 = EDGE_CURVE('',#3235,#3235,#3243,.T.);
#3243 = CIRCLE('',#3244,1.1);
#3244 = AXIS2_PLACEMENT_3D('',#3245,#3246,#3247);
#3245 = CARTESIAN_POINT('',(37.2,-64.7,11.2));
#3246 = DIRECTION('',(0.,0.,1.));
#3247 = DIRECTION('',(1.,0.,0.));
#3248 = ORIENTED_EDGE('',*,*,#3232,.F.);
#3249 = ORIENTED_EDGE('',*,*,#3250,.F.);
#3250 = EDGE_CURVE('',#3233,#3233,#3251,.T.);
#3251 = CIRCLE('',#3252,1.1);
#3252 = AXIS2_PLACEMENT_3D('',#3253,#3254,#3255);
#3253 = CARTESIAN_POINT('',(37.2,-64.7,7.));
#3254 = DIRECTION('',(0.,0.,1.));
#3255 = DIRECTION('',(1.,0.,0.));
#3256 = CYLINDRICAL_SURFACE('',#3257,1.1);
#3257 = AXIS2_PLACEMENT_3D('',#3258,#3259,#3260);
#3258 = CARTESIAN_POINT('',(37.2,-64.7,7.));
#3259 = DIRECTION('',(-0.,-0.,-1.));
#3260 = DIRECTION('',(1.,0.,0.));
#3261 = ADVANCED_FACE('',(#3262),#3265,.F.);
#3262 = FACE_BOUND('',#3263,.T.);
#3263 = EDGE_LOOP('',(#3264));
#3264 = ORIENTED_EDGE('',*,*,#3250,.F.);
#3265 = PLANE('',#3266);
#3266 = AXIS2_PLACEMENT_3D('',#3267,#3268,#3269);
#3267 = CARTESIAN_POINT('',(37.2,-64.7,7.));
#3268 = DIRECTION('',(0.,0.,1.));
#3269 = DIRECTION('',(1.,0.,0.));
#3270 = ADVANCED_FACE('',(#3271),#3274,.T.);
#3271 = FACE_BOUND('',#3272,.F.);
#3272 = EDGE_LOOP('',(#3273));
#3273 = ORIENTED_EDGE('',*,*,#3242,.F.);
#3274 = PLANE('',#3275);
#3275 = AXIS2_PLACEMENT_3D('',#3276,#3277,#3278);
#3276 = CARTESIAN_POINT('',(37.2,-64.7,11.2));
#3277 = DIRECTION('',(0.,0.,1.));
#3278 = DIRECTION('',(1.,0.,0.));
#3279 = ORIENTED_CLOSED_SHELL('',*,#3280,.F.);
#3280 = CLOSED_SHELL('',(#3281,#3314,#3323));
#3281 = ADVANCED_FACE('',(#3282),#3309,.T.);
#3282 = FACE_BOUND('',#3283,.F.);
#3283 = EDGE_LOOP('',(#3284,#3294,#3301,#3302));
#3284 = ORIENTED_EDGE('',*,*,#3285,.T.);
#3285 = EDGE_CURVE('',#3286,#3288,#3290,.T.);
#3286 = VERTEX_POINT('',#3287);
#3287 = CARTESIAN_POINT('',(28.1,-52.8,7.));
#3288 = VERTEX_POINT('',#3289);
#3289 = CARTESIAN_POINT('',(28.1,-52.8,11.2));
#3290 = LINE('',#3291,#3292);
#3291 = CARTESIAN_POINT('',(28.1,-52.8,7.));
#3292 = VECTOR('',#3293,1.);
#3293 = DIRECTION('',(0.,0.,1.));
#3294 = ORIENTED_EDGE('',*,*,#3295,.T.);
#3295 = EDGE_CURVE('',#3288,#3288,#3296,.T.);
#3296 = CIRCLE('',#3297,1.1);
#3297 = AXIS2_PLACEMENT_3D('',#3298,#3299,#3300);
#3298 = CARTESIAN_POINT('',(27.,-52.8,11.2));
#3299 = DIRECTION('',(0.,0.,1.));
#3300 = DIRECTION('',(1.,0.,0.));
#3301 = ORIENTED_EDGE('',*,*,#3285,.F.);
#3302 = ORIENTED_EDGE('',*,*,#3303,.F.);
#3303 = EDGE_CURVE('',#3286,#3286,#3304,.T.);
#3304 = CIRCLE('',#3305,1.1);
#3305 = AXIS2_PLACEMENT_3D('',#3306,#3307,#3308);
#3306 = CARTESIAN_POINT('',(27.,-52.8,7.));
#3307 = DIRECTION('',(0.,0.,1.));
#3308 = DIRECTION('',(1.,0.,0.));
#3309 = CYLINDRICAL_SURFACE('',#3310,1.1);
#3310 = AXIS2_PLACEMENT_3D('',#3311,#3312,#3313);
#3311 = CARTESIAN_POINT('',(27.,-52.8,7.));
#3312 = DIRECTION('',(-0.,-0.,-1.));
#3313 = DIRECTION('',(1.,0.,0.));
#3314 = ADVANCED_FACE('',(#3315),#3318,.F.);
#3315 = FACE_BOUND('',#3316,.T.);
#3316 = EDGE_LOOP('',(#3317));
#3317 = ORIENTED_EDGE('',*,*,#3303,.F.);
#3318 = PLANE('',#3319);
#3319 = AXIS2_PLACEMENT_3D('',#3320,#3321,#3322);
#3320 = CARTESIAN_POINT('',(27.,-52.8,7.));
#3321 = DIRECTION('',(0.,0.,1.));
#3322 = DIRECTION('',(1.,0.,0.));
#3323 = ADVANCED_FACE('',(#3324),#3327,.T.);
#3324 = FACE_BOUND('',#3325,.F.);
#3325 = EDGE_LOOP('',(#3326));
#3326 = ORIENTED_EDGE('',*,*,#3295,.F.);
#3327 = PLANE('',#3328);
#3328 = AXIS2_PLACEMENT_3D('',#3329,#3330,#3331);
#3329 = CARTESIAN_POINT('',(27.,-52.8,11.2));
#3330 = DIRECTION('',(0.,0.,1.));
#3331 = DIRECTION('',(1.,0.,0.));
#3332 = ORIENTED_CLOSED_SHELL('',*,#3333,.F.);
#3333 = CLOSED_SHELL('',(#3334,#3367,#3376));
#3334 = ADVANCED_FACE('',(#3335),#3362,.T.);
#3335 = FACE_BOUND('',#3336,.F.);
#3336 = EDGE_LOOP('',(#3337,#3347,#3354,#3355));
#3337 = ORIENTED_EDGE('',*,*,#3338,.T.);
#3338 = EDGE_CURVE('',#3339,#3341,#3343,.T.);
#3339 = VERTEX_POINT('',#3340);
#3340 = CARTESIAN_POINT('',(48.1,-52.8,7.));
#3341 = VERTEX_POINT('',#3342);
#3342 = CARTESIAN_POINT('',(48.1,-52.8,11.2));
#3343 = LINE('',#3344,#3345);
#3344 = CARTESIAN_POINT('',(48.1,-52.8,7.));
#3345 = VECTOR('',#3346,1.);
#3346 = DIRECTION('',(0.,0.,1.));
#3347 = ORIENTED_EDGE('',*,*,#3348,.T.);
#3348 = EDGE_CURVE('',#3341,#3341,#3349,.T.);
#3349 = CIRCLE('',#3350,1.1);
#3350 = AXIS2_PLACEMENT_3D('',#3351,#3352,#3353);
#3351 = CARTESIAN_POINT('',(47.,-52.8,11.2));
#3352 = DIRECTION('',(0.,0.,1.));
#3353 = DIRECTION('',(1.,0.,0.));
#3354 = ORIENTED_EDGE('',*,*,#3338,.F.);
#3355 = ORIENTED_EDGE('',*,*,#3356,.F.);
#3356 = EDGE_CURVE('',#3339,#3339,#3357,.T.);
#3357 = CIRCLE('',#3358,1.1);
#3358 = AXIS2_PLACEMENT_3D('',#3359,#3360,#3361);
#3359 = CARTESIAN_POINT('',(47.,-52.8,7.));
#3360 = DIRECTION('',(0.,0.,1.));
#3361 = DIRECTION('',(1.,0.,0.));
#3362 = CYLINDRICAL_SURFACE('',#3363,1.1);
#3363 = AXIS2_PLACEMENT_3D('',#3364,#3365,#3366);
#3364 = CARTESIAN_POINT('',(47.,-52.8,7.));
#3365 = DIRECTION('',(-0.,-0.,-1.));
#3366 = DIRECTION('',(1.,0.,0.));
#3367 = ADVANCED_FACE('',(#3368),#3371,.F.);
#3368 = FACE_BOUND('',#3369,.T.);
#3369 = EDGE_LOOP('',(#3370));
#3370 = ORIENTED_EDGE('',*,*,#3356,.F.);
#3371 = PLANE('',#3372);
#3372 = AXIS2_PLACEMENT_3D('',#3373,#3374,#3375);
#3373 = CARTESIAN_POINT('',(47.,-52.8,7.));
#3374 = DIRECTION('',(0.,0.,1.));
#3375 = DIRECTION('',(1.,0.,0.));
#3376 = ADVANCED_FACE('',(#3377),#3380,.T.);
#3377 = FACE_BOUND('',#3378,.F.);
#3378 = EDGE_LOOP('',(#3379));
#3379 = ORIENTED_EDGE('',*,*,#3348,.F.);
#3380 = PLANE('',#3381);
#3381 = AXIS2_PLACEMENT_3D('',#3382,#3383,#3384);
#3382 = CARTESIAN_POINT('',(47.,-52.8,11.2));
#3383 = DIRECTION('',(0.,0.,1.));
#3384 = DIRECTION('',(1.,0.,0.));
#3385 = ( GEOMETRIC_REPRESENTATION_CONTEXT(3) 
GLOBAL_UNCERTAINTY_ASSIGNED_CONTEXT((#3389)) 
GLOBAL_UNIT_ASSIGNED_CONTEXT((#3386,#3387,#3388)) REPRESENTATION_CONTEXT
('Context #1','3D Context with UNIT and UNCERTAINTY') );
#3386 = ( LENGTH_UNIT() NAMED_UNIT(*) SI_UNIT(.MILLI.,.METRE.) );
#3387 = ( NAMED_UNIT(*) PLANE_ANGLE_UNIT() SI_UNIT($,.RADIAN.) );
#3388 = ( NAMED_UNIT(*) SI_UNIT($,.STERADIAN.) SOLID_ANGLE_UNIT() );
#3389 = UNCERTAINTY_MEASURE_WITH_UNIT(LENGTH_MEASURE(2.E-05),#3386,
  'distance_accuracy_value','confusion accuracy');
#3390 = PRODUCT_RELATED_PRODUCT_CATEGORY('part',$,(#7));
ENDSEC;
END-ISO-10303-21;
