ISO-10303-21;
HEADER;
FILE_DESCRIPTION(('FreeCAD Model'),'2;1');
FILE_NAME('Open CASCADE Shape Model','2026-09-28T16:00:49',('FreeCAD'),(
    'FreeCAD'),'Open CASCADE STEP processor 7.8','FreeCAD','Unknown');
FILE_SCHEMA(('AUTOMOTIVE_DESIGN { 1 0 10303 214 1 1 1 1 }'));
ENDSEC;
DATA;
#1 = APPLICATION_PROTOCOL_DEFINITION('international standard',
  'automotive_design',2000,#2);
#2 = APPLICATION_CONTEXT(
  'core data for automotive mechanical design processes');
#3 = SHAPE_DEFINITION_REPRESENTATION(#4,#10);
#4 = PRODUCT_DEFINITION_SHAPE('','',#5);
#5 = PRODUCT_DEFINITION('design','',#6,#9);
#6 = PRODUCT_DEFINITION_FORMATION('','',#7);
#7 = PRODUCT('Open CASCADE STEP translator 7.8 106',
  'Open CASCADE STEP translator 7.8 106','',(#8));
#8 = PRODUCT_CONTEXT('',#2,'mechanical');
#9 = PRODUCT_DEFINITION_CONTEXT('part definition',#2,'design');
#10 = ADVANCED_BREP_SHAPE_REPRESENTATION('',(#11,#15),#3935);
#11 = AXIS2_PLACEMENT_3D('',#12,#13,#14);
#12 = CARTESIAN_POINT('',(0.,0.,0.));
#13 = DIRECTION('',(0.,0.,1.));
#14 = DIRECTION('',(1.,0.,-0.));
#15 = BREP_WITH_VOIDS('',#16,(#3776,#3829,#3882));
#16 = CLOSED_SHELL('',(#17,#153,#184,#418,#442,#593,#618,#643,#668,#730,
    #758,#769,#804,#830,#855,#913,#930,#975,#992,#1004,#1021,#1054,#1094
    ,#1118,#1142,#1223,#1247,#1271,#1295,#1319,#1343,#1367,#1391,#1415,
    #1439,#1463,#1487,#1511,#1528,#1559,#1583,#1607,#1624,#1663,#1688,
    #1712,#1737,#1793,#1817,#1873,#1890,#1908,#1933,#1958,#1982,#2038,
    #2056,#2066,#2084,#2101,#2177,#2194,#2206,#2234,#2245,#2323,#2693,
    #2710,#2722,#2734,#2743,#2752,#2777,#2799,#2816,#2833,#2850,#2867,
    #2884,#2901,#2913,#2944,#2968,#2992,#3009,#3034,#3059,#3084,#3109,
    #3140,#3168,#3199,#3223,#3247,#3264,#3296,#3320,#3345,#3362,#3394,
    #3418,#3443,#3460,#3491,#3516,#3540,#3565,#3589,#3614,#3638,#3656,
    #3665,#3677,#3686,#3695,#3704,#3713,#3724,#3736,#3748,#3760));
#17 = ADVANCED_FACE('',(#18),#148,.F.);
#18 = FACE_BOUND('',#19,.F.);
#19 = EDGE_LOOP('',(#20,#30,#38,#46,#54,#62,#70,#78,#86,#94,#102,#110,
    #118,#126,#134,#142));
#20 = ORIENTED_EDGE('',*,*,#21,.F.);
#21 = EDGE_CURVE('',#22,#24,#26,.T.);
#22 = VERTEX_POINT('',#23);
#23 = CARTESIAN_POINT('',(26.229458346531,-65.8,6.3));
#24 = VERTEX_POINT('',#25);
#25 = CARTESIAN_POINT('',(26.229458346531,-65.8,12.19));
#26 = LINE('',#27,#28);
#27 = CARTESIAN_POINT('',(26.229458346531,-65.8,6.2));
#28 = VECTOR('',#29,1.);
#29 = DIRECTION('',(0.,0.,1.));
#30 = ORIENTED_EDGE('',*,*,#31,.T.);
#31 = EDGE_CURVE('',#22,#32,#34,.T.);
#32 = VERTEX_POINT('',#33);
#33 = CARTESIAN_POINT('',(27.367144864974,-65.8,6.3));
#34 = LINE('',#35,#36);
#35 = CARTESIAN_POINT('',(42.406927111653,-65.8,6.3));
#36 = VECTOR('',#37,1.);
#37 = DIRECTION('',(1.,0.,0.));
#38 = ORIENTED_EDGE('',*,*,#39,.F.);
#39 = EDGE_CURVE('',#40,#32,#42,.T.);
#40 = VERTEX_POINT('',#41);
#41 = CARTESIAN_POINT('',(27.367144864974,-65.8,6.75));
#42 = LINE('',#43,#44);
#43 = CARTESIAN_POINT('',(27.367144864974,-65.8,5.3));
#44 = VECTOR('',#45,1.);
#45 = DIRECTION('',(-0.,-0.,-1.));
#46 = ORIENTED_EDGE('',*,*,#47,.F.);
#47 = EDGE_CURVE('',#48,#40,#50,.T.);
#48 = VERTEX_POINT('',#49);
#49 = CARTESIAN_POINT('',(31.432855135026,-65.8,6.75));
#50 = LINE('',#51,#52);
#51 = CARTESIAN_POINT('',(38.585270826735,-65.8,6.75));
#52 = VECTOR('',#53,1.);
#53 = DIRECTION('',(-1.,0.,0.));
#54 = ORIENTED_EDGE('',*,*,#55,.T.);
#55 = EDGE_CURVE('',#48,#56,#58,.T.);
#56 = VERTEX_POINT('',#57);
#57 = CARTESIAN_POINT('',(31.432855135026,-65.8,6.3));
#58 = LINE('',#59,#60);
#59 = CARTESIAN_POINT('',(31.432855135026,-65.8,5.3));
#60 = VECTOR('',#61,1.);
#61 = DIRECTION('',(-0.,-0.,-1.));
#62 = ORIENTED_EDGE('',*,*,#63,.T.);
#63 = EDGE_CURVE('',#56,#64,#66,.T.);
#64 = VERTEX_POINT('',#65);
#65 = CARTESIAN_POINT('',(35.712552521936,-65.8,6.3));
#66 = LINE('',#67,#68);
#67 = CARTESIAN_POINT('',(42.406927111653,-65.8,6.3));
#68 = VECTOR('',#69,1.);
#69 = DIRECTION('',(1.,0.,0.));
#70 = ORIENTED_EDGE('',*,*,#71,.F.);
#71 = EDGE_CURVE('',#72,#64,#74,.T.);
#72 = VERTEX_POINT('',#73);
#73 = CARTESIAN_POINT('',(35.712552521936,-65.8,11.6));
#74 = LINE('',#75,#76);
#75 = CARTESIAN_POINT('',(35.712552521936,-65.8,6.3));
#76 = VECTOR('',#77,1.);
#77 = DIRECTION('',(-0.,-0.,-1.));
#78 = ORIENTED_EDGE('',*,*,#79,.F.);
#79 = EDGE_CURVE('',#80,#72,#82,.T.);
#80 = VERTEX_POINT('',#81);
#81 = CARTESIAN_POINT('',(38.687447478064,-65.8,11.6));
#82 = LINE('',#83,#84);
#83 = CARTESIAN_POINT('',(42.485270826735,-65.8,11.6));
#84 = VECTOR('',#85,1.);
#85 = DIRECTION('',(-1.,0.,0.));
#86 = ORIENTED_EDGE('',*,*,#87,.T.);
#87 = EDGE_CURVE('',#80,#88,#90,.T.);
#88 = VERTEX_POINT('',#89);
#89 = CARTESIAN_POINT('',(38.687447478064,-65.8,6.3));
#90 = LINE('',#91,#92);
#91 = CARTESIAN_POINT('',(38.687447478064,-65.8,6.3));
#92 = VECTOR('',#93,1.);
#93 = DIRECTION('',(-0.,-0.,-1.));
#94 = ORIENTED_EDGE('',*,*,#95,.T.);
#95 = EDGE_CURVE('',#88,#96,#98,.T.);
#96 = VERTEX_POINT('',#97);
#97 = CARTESIAN_POINT('',(43.371033114396,-65.8,6.3));
#98 = LINE('',#99,#100);
#99 = CARTESIAN_POINT('',(42.406927111653,-65.8,6.3));
#100 = VECTOR('',#101,1.);
#101 = DIRECTION('',(1.,0.,0.));
#102 = ORIENTED_EDGE('',*,*,#103,.F.);
#103 = EDGE_CURVE('',#104,#96,#106,.T.);
#104 = VERTEX_POINT('',#105);
#105 = CARTESIAN_POINT('',(43.371033114396,-65.8,6.75));
#106 = LINE('',#107,#108);
#107 = CARTESIAN_POINT('',(43.371033114396,-65.8,5.3));
#108 = VECTOR('',#109,1.);
#109 = DIRECTION('',(-0.,-0.,-1.));
#110 = ORIENTED_EDGE('',*,*,#111,.F.);
#111 = EDGE_CURVE('',#112,#104,#114,.T.);
#112 = VERTEX_POINT('',#113);
#113 = CARTESIAN_POINT('',(47.628966885604,-65.8,6.75));
#114 = LINE('',#115,#116);
#115 = CARTESIAN_POINT('',(46.635270826735,-65.8,6.75));
#116 = VECTOR('',#117,1.);
#117 = DIRECTION('',(-1.,0.,0.));
#118 = ORIENTED_EDGE('',*,*,#119,.T.);
#119 = EDGE_CURVE('',#112,#120,#122,.T.);
#120 = VERTEX_POINT('',#121);
#121 = CARTESIAN_POINT('',(47.628966885604,-65.8,6.3));
#122 = LINE('',#123,#124);
#123 = CARTESIAN_POINT('',(47.628966885604,-65.8,5.3));
#124 = VECTOR('',#125,1.);
#125 = DIRECTION('',(-0.,-0.,-1.));
#126 = ORIENTED_EDGE('',*,*,#127,.T.);
#127 = EDGE_CURVE('',#120,#128,#130,.T.);
#128 = VERTEX_POINT('',#129);
#129 = CARTESIAN_POINT('',(47.770541653469,-65.8,6.3));
#130 = LINE('',#131,#132);
#131 = CARTESIAN_POINT('',(42.406927111653,-65.8,6.3));
#132 = VECTOR('',#133,1.);
#133 = DIRECTION('',(1.,0.,0.));
#134 = ORIENTED_EDGE('',*,*,#135,.T.);
#135 = EDGE_CURVE('',#128,#136,#138,.T.);
#136 = VERTEX_POINT('',#137);
#137 = CARTESIAN_POINT('',(47.770541653469,-65.8,12.19));
#138 = LINE('',#139,#140);
#139 = CARTESIAN_POINT('',(47.770541653469,-65.8,6.2));
#140 = VECTOR('',#141,1.);
#141 = DIRECTION('',(0.,0.,1.));
#142 = ORIENTED_EDGE('',*,*,#143,.T.);
#143 = EDGE_CURVE('',#136,#24,#144,.T.);
#144 = LINE('',#145,#146);
#145 = CARTESIAN_POINT('',(47.770541653469,-65.8,12.19));
#146 = VECTOR('',#147,1.);
#147 = DIRECTION('',(-1.,0.,0.));
#148 = PLANE('',#149);
#149 = AXIS2_PLACEMENT_3D('',#150,#151,#152);
#150 = CARTESIAN_POINT('',(47.770541653469,-65.8,6.2));
#151 = DIRECTION('',(0.,-1.,0.));
#152 = DIRECTION('',(-1.,0.,0.));
#153 = ADVANCED_FACE('',(#154),#179,.F.);
#154 = FACE_BOUND('',#155,.F.);
#155 = EDGE_LOOP('',(#156,#164,#165,#173));
#156 = ORIENTED_EDGE('',*,*,#157,.T.);
#157 = EDGE_CURVE('',#158,#22,#160,.T.);
#158 = VERTEX_POINT('',#159);
#159 = CARTESIAN_POINT('',(26.201379428774,-65.79862057122,6.3));
#160 = LINE('',#161,#162);
#161 = CARTESIAN_POINT('',(30.969051124605,-66.03284126237,6.3));
#162 = VECTOR('',#163,1.);
#163 = DIRECTION('',(0.998795456205,-4.906767432757E-02,0.));
#164 = ORIENTED_EDGE('',*,*,#21,.T.);
#165 = ORIENTED_EDGE('',*,*,#166,.T.);
#166 = EDGE_CURVE('',#24,#167,#169,.T.);
#167 = VERTEX_POINT('',#168);
#168 = CARTESIAN_POINT('',(26.201379428774,-65.79862057122,12.19));
#169 = LINE('',#170,#171);
#170 = CARTESIAN_POINT('',(26.229458346531,-65.8,12.19));
#171 = VECTOR('',#172,1.);
#172 = DIRECTION('',(-0.998795456205,4.906767432757E-02,0.));
#173 = ORIENTED_EDGE('',*,*,#174,.F.);
#174 = EDGE_CURVE('',#158,#167,#175,.T.);
#175 = LINE('',#176,#177);
#176 = CARTESIAN_POINT('',(26.201379428774,-65.79862057122,6.2));
#177 = VECTOR('',#178,1.);
#178 = DIRECTION('',(0.,0.,1.));
#179 = PLANE('',#180);
#180 = AXIS2_PLACEMENT_3D('',#181,#182,#183);
#181 = CARTESIAN_POINT('',(26.229458346531,-65.8,6.2));
#182 = DIRECTION('',(-4.906767432757E-02,-0.998795456205,0.));
#183 = DIRECTION('',(-0.998795456205,4.906767432757E-02,0.));
#184 = ADVANCED_FACE('',(#185,#379),#413,.F.);
#185 = FACE_BOUND('',#186,.F.);
#186 = EDGE_LOOP('',(#187,#197,#205,#213,#221,#229,#237,#245,#253,#261,
    #269,#277,#285,#293,#301,#309,#317,#325,#333,#341,#349,#357,#363,
    #364,#365,#373));
#187 = ORIENTED_EDGE('',*,*,#188,.F.);
#188 = EDGE_CURVE('',#189,#191,#193,.T.);
#189 = VERTEX_POINT('',#190);
#190 = CARTESIAN_POINT('',(47.8,-12.22945834653,12.19));
#191 = VERTEX_POINT('',#192);
#192 = CARTESIAN_POINT('',(47.8,-65.77054165346,12.19));
#193 = LINE('',#194,#195);
#194 = CARTESIAN_POINT('',(47.8,-12.22945834653,12.19));
#195 = VECTOR('',#196,1.);
#196 = DIRECTION('',(0.,-1.,0.));
#197 = ORIENTED_EDGE('',*,*,#198,.F.);
#198 = EDGE_CURVE('',#199,#189,#201,.T.);
#199 = VERTEX_POINT('',#200);
#200 = CARTESIAN_POINT('',(47.798620571226,-12.20137942877,12.19));
#201 = LINE('',#202,#203);
#202 = CARTESIAN_POINT('',(47.798620571226,-12.20137942877,12.19));
#203 = VECTOR('',#204,1.);
#204 = DIRECTION('',(4.906767432758E-02,-0.998795456205,0.));
#205 = ORIENTED_EDGE('',*,*,#206,.F.);
#206 = EDGE_CURVE('',#207,#199,#209,.T.);
#207 = VERTEX_POINT('',#208);
#208 = CARTESIAN_POINT('',(47.770541653469,-12.2,12.19));
#209 = LINE('',#210,#211);
#210 = CARTESIAN_POINT('',(47.770541653469,-12.2,12.19));
#211 = VECTOR('',#212,1.);
#212 = DIRECTION('',(0.998795456205,-4.906767432741E-02,0.));
#213 = ORIENTED_EDGE('',*,*,#214,.F.);
#214 = EDGE_CURVE('',#215,#207,#217,.T.);
#215 = VERTEX_POINT('',#216);
#216 = CARTESIAN_POINT('',(27.429458346531,-12.2,12.19));
#217 = LINE('',#218,#219);
#218 = CARTESIAN_POINT('',(27.429458346531,-12.2,12.19));
#219 = VECTOR('',#220,1.);
#220 = DIRECTION('',(1.,0.,0.));
#221 = ORIENTED_EDGE('',*,*,#222,.F.);
#222 = EDGE_CURVE('',#223,#215,#225,.T.);
#223 = VERTEX_POINT('',#224);
#224 = CARTESIAN_POINT('',(27.282521281595,-12.20721855511,12.19));
#225 = LINE('',#226,#227);
#226 = CARTESIAN_POINT('',(27.282521281595,-12.20721855511,12.19));
#227 = VECTOR('',#228,1.);
#228 = DIRECTION('',(0.998795456205,4.906767432741E-02,0.));
#229 = ORIENTED_EDGE('',*,*,#230,.F.);
#230 = EDGE_CURVE('',#231,#223,#233,.T.);
#231 = VERTEX_POINT('',#232);
#232 = CARTESIAN_POINT('',(27.166173947468,-12.22447705182,12.19));
#233 = LINE('',#234,#235);
#234 = CARTESIAN_POINT('',(27.166173947468,-12.22447705182,12.19));
#235 = VECTOR('',#236,1.);
#236 = DIRECTION('',(0.989176509965,0.146730474455,0.));
#237 = ORIENTED_EDGE('',*,*,#238,.F.);
#238 = EDGE_CURVE('',#239,#231,#241,.T.);
#239 = VERTEX_POINT('',#240);
#240 = CARTESIAN_POINT('',(27.05207848605,-12.25305647712,12.19));
#241 = LINE('',#242,#243);
#242 = CARTESIAN_POINT('',(27.05207848605,-12.25305647712,12.19));
#243 = VECTOR('',#244,1.);
#244 = DIRECTION('',(0.970031253195,0.242980179903,0.));
#245 = ORIENTED_EDGE('',*,*,#246,.F.);
#246 = EDGE_CURVE('',#247,#239,#249,.T.);
#247 = VERTEX_POINT('',#248);
#248 = CARTESIAN_POINT('',(26.941333699004,-12.29268159553,12.19));
#249 = LINE('',#250,#251);
#250 = CARTESIAN_POINT('',(26.941333699004,-12.29268159553,12.19));
#251 = VECTOR('',#252,1.);
#252 = DIRECTION('',(0.941544065183,0.336889853392,0.));
#253 = ORIENTED_EDGE('',*,*,#254,.F.);
#254 = EDGE_CURVE('',#255,#247,#257,.T.);
#255 = VERTEX_POINT('',#256);
#256 = CARTESIAN_POINT('',(26.83500611917,-12.3429707955,12.19));
#257 = LINE('',#258,#259);
#258 = CARTESIAN_POINT('',(26.83500611917,-12.3429707955,12.19));
#259 = VECTOR('',#260,1.);
#260 = DIRECTION('',(0.903989293123,0.42755509343,0.));
#261 = ORIENTED_EDGE('',*,*,#262,.F.);
#262 = EDGE_CURVE('',#263,#255,#265,.T.);
#263 = VERTEX_POINT('',#264);
#264 = CARTESIAN_POINT('',(26.734119739265,-12.40343976453,12.19));
#265 = LINE('',#266,#267);
#266 = CARTESIAN_POINT('',(26.734119739265,-12.40343976453,12.19));
#267 = VECTOR('',#268,1.);
#268 = DIRECTION('',(0.85772861,0.514102744193,0.));
#269 = ORIENTED_EDGE('',*,*,#270,.F.);
#270 = EDGE_CURVE('',#271,#263,#273,.T.);
#271 = VERTEX_POINT('',#272);
#272 = CARTESIAN_POINT('',(26.639646150277,-12.47350615341,12.19));
#273 = LINE('',#274,#275);
#274 = CARTESIAN_POINT('',(26.639646150277,-12.47350615341,12.19));
#275 = VECTOR('',#276,1.);
#276 = DIRECTION('',(0.803207531481,0.595699304492,0.));
#277 = ORIENTED_EDGE('',*,*,#278,.F.);
#278 = EDGE_CURVE('',#279,#271,#281,.T.);
#279 = VERTEX_POINT('',#280);
#280 = CARTESIAN_POINT('',(26.552495184515,-12.55249518451,12.19));
#281 = LINE('',#282,#283);
#282 = CARTESIAN_POINT('',(26.552495184515,-12.55249518451,12.19));
#283 = VECTOR('',#284,1.);
#284 = DIRECTION('',(0.740951125355,0.671558954847,0.));
#285 = ORIENTED_EDGE('',*,*,#286,.F.);
#286 = EDGE_CURVE('',#287,#279,#289,.T.);
#287 = VERTEX_POINT('',#288);
#288 = CARTESIAN_POINT('',(26.473506153419,-12.63964615027,12.19));
#289 = LINE('',#290,#291);
#290 = CARTESIAN_POINT('',(26.473506153419,-12.63964615027,12.19));
#291 = VECTOR('',#292,1.);
#292 = DIRECTION('',(0.671558954847,0.740951125355,0.));
#293 = ORIENTED_EDGE('',*,*,#294,.F.);
#294 = EDGE_CURVE('',#295,#287,#297,.T.);
#295 = VERTEX_POINT('',#296);
#296 = CARTESIAN_POINT('',(26.403439764538,-12.73411973926,12.19));
#297 = LINE('',#298,#299);
#298 = CARTESIAN_POINT('',(26.403439764538,-12.73411973926,12.19));
#299 = VECTOR('',#300,1.);
#300 = DIRECTION('',(0.595699304492,0.803207531481,0.));
#301 = ORIENTED_EDGE('',*,*,#302,.F.);
#302 = EDGE_CURVE('',#303,#295,#305,.T.);
#303 = VERTEX_POINT('',#304);
#304 = CARTESIAN_POINT('',(26.3429707955,-12.83500611917,12.19));
#305 = LINE('',#306,#307);
#306 = CARTESIAN_POINT('',(26.3429707955,-12.83500611917,12.19));
#307 = VECTOR('',#308,1.);
#308 = DIRECTION('',(0.514102744193,0.85772861,0.));
#309 = ORIENTED_EDGE('',*,*,#310,.F.);
#310 = EDGE_CURVE('',#311,#303,#313,.T.);
#311 = VERTEX_POINT('',#312);
#312 = CARTESIAN_POINT('',(26.292681595533,-12.941333699,12.19));
#313 = LINE('',#314,#315);
#314 = CARTESIAN_POINT('',(26.292681595533,-12.941333699,12.19));
#315 = VECTOR('',#316,1.);
#316 = DIRECTION('',(0.42755509343,0.903989293123,0.));
#317 = ORIENTED_EDGE('',*,*,#318,.F.);
#318 = EDGE_CURVE('',#319,#311,#321,.T.);
#319 = VERTEX_POINT('',#320);
#320 = CARTESIAN_POINT('',(26.253056477122,-13.05207848605,12.19));
#321 = LINE('',#322,#323);
#322 = CARTESIAN_POINT('',(26.253056477122,-13.05207848605,12.19));
#323 = VECTOR('',#324,1.);
#324 = DIRECTION('',(0.336889853392,0.941544065183,0.));
#325 = ORIENTED_EDGE('',*,*,#326,.F.);
#326 = EDGE_CURVE('',#327,#319,#329,.T.);
#327 = VERTEX_POINT('',#328);
#328 = CARTESIAN_POINT('',(26.22447705182,-13.16617394746,12.19));
#329 = LINE('',#330,#331);
#330 = CARTESIAN_POINT('',(26.22447705182,-13.16617394746,12.19));
#331 = VECTOR('',#332,1.);
#332 = DIRECTION('',(0.242980179903,0.970031253195,0.));
#333 = ORIENTED_EDGE('',*,*,#334,.F.);
#334 = EDGE_CURVE('',#335,#327,#337,.T.);
#335 = VERTEX_POINT('',#336);
#336 = CARTESIAN_POINT('',(26.207218555115,-13.28252128159,12.19));
#337 = LINE('',#338,#339);
#338 = CARTESIAN_POINT('',(26.207218555115,-13.28252128159,12.19));
#339 = VECTOR('',#340,1.);
#340 = DIRECTION('',(0.146730474455,0.989176509965,0.));
#341 = ORIENTED_EDGE('',*,*,#342,.F.);
#342 = EDGE_CURVE('',#343,#335,#345,.T.);
#343 = VERTEX_POINT('',#344);
#344 = CARTESIAN_POINT('',(26.2,-13.42945834653,12.19));
#345 = LINE('',#346,#347);
#346 = CARTESIAN_POINT('',(26.2,-13.42945834653,12.19));
#347 = VECTOR('',#348,1.);
#348 = DIRECTION('',(4.906767432747E-02,0.998795456205,0.));
#349 = ORIENTED_EDGE('',*,*,#350,.F.);
#350 = EDGE_CURVE('',#351,#343,#353,.T.);
#351 = VERTEX_POINT('',#352);
#352 = CARTESIAN_POINT('',(26.2,-65.77054165346,12.19));
#353 = LINE('',#354,#355);
#354 = CARTESIAN_POINT('',(26.2,-65.77054165346,12.19));
#355 = VECTOR('',#356,1.);
#356 = DIRECTION('',(0.,1.,0.));
#357 = ORIENTED_EDGE('',*,*,#358,.F.);
#358 = EDGE_CURVE('',#167,#351,#359,.T.);
#359 = LINE('',#360,#361);
#360 = CARTESIAN_POINT('',(26.201379428774,-65.79862057122,12.19));
#361 = VECTOR('',#362,1.);
#362 = DIRECTION('',(-4.906767432734E-02,0.998795456205,0.));
#363 = ORIENTED_EDGE('',*,*,#166,.F.);
#364 = ORIENTED_EDGE('',*,*,#143,.F.);
#365 = ORIENTED_EDGE('',*,*,#366,.F.);
#366 = EDGE_CURVE('',#367,#136,#369,.T.);
#367 = VERTEX_POINT('',#368);
#368 = CARTESIAN_POINT('',(47.798620571226,-65.79862057122,12.19));
#369 = LINE('',#370,#371);
#370 = CARTESIAN_POINT('',(47.798620571226,-65.79862057122,12.19));
#371 = VECTOR('',#372,1.);
#372 = DIRECTION('',(-0.998795456205,-4.906767432757E-02,0.));
#373 = ORIENTED_EDGE('',*,*,#374,.F.);
#374 = EDGE_CURVE('',#191,#367,#375,.T.);
#375 = LINE('',#376,#377);
#376 = CARTESIAN_POINT('',(47.8,-65.77054165346,12.19));
#377 = VECTOR('',#378,1.);
#378 = DIRECTION('',(-4.906767432757E-02,-0.998795456205,0.));
#379 = FACE_BOUND('',#380,.F.);
#380 = EDGE_LOOP('',(#381,#391,#399,#407));
#381 = ORIENTED_EDGE('',*,*,#382,.T.);
#382 = EDGE_CURVE('',#383,#385,#387,.T.);
#383 = VERTEX_POINT('',#384);
#384 = CARTESIAN_POINT('',(45.15,-53.,12.19));
#385 = VERTEX_POINT('',#386);
#386 = CARTESIAN_POINT('',(29.25,-53.,12.19));
#387 = LINE('',#388,#389);
#388 = CARTESIAN_POINT('',(33.143912304081,-53.,12.19));
#389 = VECTOR('',#390,1.);
#390 = DIRECTION('',(-1.,0.,0.));
#391 = ORIENTED_EDGE('',*,*,#392,.T.);
#392 = EDGE_CURVE('',#385,#393,#395,.T.);
#393 = VERTEX_POINT('',#394);
#394 = CARTESIAN_POINT('',(29.25,-15.1,12.19));
#395 = LINE('',#396,#397);
#396 = CARTESIAN_POINT('',(29.25,-46.04641870115,12.19));
#397 = VECTOR('',#398,1.);
#398 = DIRECTION('',(0.,1.,0.));
#399 = ORIENTED_EDGE('',*,*,#400,.F.);
#400 = EDGE_CURVE('',#401,#393,#403,.T.);
#401 = VERTEX_POINT('',#402);
#402 = CARTESIAN_POINT('',(45.15,-15.1,12.19));
#403 = LINE('',#404,#405);
#404 = CARTESIAN_POINT('',(33.143912304081,-15.1,12.19));
#405 = VECTOR('',#406,1.);
#406 = DIRECTION('',(-1.,0.,0.));
#407 = ORIENTED_EDGE('',*,*,#408,.F.);
#408 = EDGE_CURVE('',#383,#401,#409,.T.);
#409 = LINE('',#410,#411);
#410 = CARTESIAN_POINT('',(45.15,-46.04641870115,12.19));
#411 = VECTOR('',#412,1.);
#412 = DIRECTION('',(0.,1.,0.));
#413 = PLANE('',#414);
#414 = AXIS2_PLACEMENT_3D('',#415,#416,#417);
#415 = CARTESIAN_POINT('',(37.037824608163,-39.0928374023,12.19));
#416 = DIRECTION('',(0.,0.,1.));
#417 = DIRECTION('',(1.,0.,0.));
#418 = ADVANCED_FACE('',(#419),#437,.F.);
#419 = FACE_BOUND('',#420,.F.);
#420 = EDGE_LOOP('',(#421,#429,#435,#436));
#421 = ORIENTED_EDGE('',*,*,#422,.T.);
#422 = EDGE_CURVE('',#128,#423,#425,.T.);
#423 = VERTEX_POINT('',#424);
#424 = CARTESIAN_POINT('',(47.798620571226,-65.79862057122,6.3));
#425 = LINE('',#426,#427);
#426 = CARTESIAN_POINT('',(43.088196623178,-66.03002886087,6.3));
#427 = VECTOR('',#428,1.);
#428 = DIRECTION('',(0.998795456205,4.906767432757E-02,0.));
#429 = ORIENTED_EDGE('',*,*,#430,.T.);
#430 = EDGE_CURVE('',#423,#367,#431,.T.);
#431 = LINE('',#432,#433);
#432 = CARTESIAN_POINT('',(47.798620571226,-65.79862057122,6.2));
#433 = VECTOR('',#434,1.);
#434 = DIRECTION('',(0.,0.,1.));
#435 = ORIENTED_EDGE('',*,*,#366,.T.);
#436 = ORIENTED_EDGE('',*,*,#135,.F.);
#437 = PLANE('',#438);
#438 = AXIS2_PLACEMENT_3D('',#439,#440,#441);
#439 = CARTESIAN_POINT('',(47.798620571226,-65.79862057122,6.2));
#440 = DIRECTION('',(4.906767432757E-02,-0.998795456205,0.));
#441 = DIRECTION('',(-0.998795456205,-4.906767432757E-02,0.));
#442 = ADVANCED_FACE('',(#443,#577),#588,.T.);
#443 = FACE_BOUND('',#444,.T.);
#444 = EDGE_LOOP('',(#445,#454,#455,#456,#464,#472,#481,#489,#497,#505,
    #513,#521,#529,#537,#545,#554,#562,#571));
#445 = ORIENTED_EDGE('',*,*,#446,.F.);
#446 = EDGE_CURVE('',#120,#447,#449,.T.);
#447 = VERTEX_POINT('',#448);
#448 = CARTESIAN_POINT('',(47.040292180075,-67.,6.3));
#449 = CIRCLE('',#450,2.15);
#450 = AXIS2_PLACEMENT_3D('',#451,#452,#453);
#451 = CARTESIAN_POINT('',(45.5,-65.5,6.3));
#452 = DIRECTION('',(0.,0.,-1.));
#453 = DIRECTION('',(1.,0.,0.));
#454 = ORIENTED_EDGE('',*,*,#127,.T.);
#455 = ORIENTED_EDGE('',*,*,#422,.T.);
#456 = ORIENTED_EDGE('',*,*,#457,.T.);
#457 = EDGE_CURVE('',#423,#458,#460,.T.);
#458 = VERTEX_POINT('',#459);
#459 = CARTESIAN_POINT('',(47.8,-65.77054165346,6.3));
#460 = LINE('',#461,#462);
#461 = CARTESIAN_POINT('',(48.440645464384,-52.72990364414,6.3));
#462 = VECTOR('',#463,1.);
#463 = DIRECTION('',(4.906767432757E-02,0.998795456205,0.));
#464 = ORIENTED_EDGE('',*,*,#465,.T.);
#465 = EDGE_CURVE('',#458,#466,#468,.T.);
#466 = VERTEX_POINT('',#467);
#467 = CARTESIAN_POINT('',(47.8,-54.46808273176,6.3));
#468 = LINE('',#469,#470);
#469 = CARTESIAN_POINT('',(47.8,-25.66366801349,6.3));
#470 = VECTOR('',#471,1.);
#471 = DIRECTION('',(0.,1.,0.));
#472 = ORIENTED_EDGE('',*,*,#473,.F.);
#473 = EDGE_CURVE('',#474,#466,#476,.T.);
#474 = VERTEX_POINT('',#475);
#475 = CARTESIAN_POINT('',(47.8,-51.13191726823,6.3));
#476 = CIRCLE('',#477,1.85);
#477 = AXIS2_PLACEMENT_3D('',#478,#479,#480);
#478 = CARTESIAN_POINT('',(47.,-52.8,6.3));
#479 = DIRECTION('',(0.,0.,1.));
#480 = DIRECTION('',(1.,0.,0.));
#481 = ORIENTED_EDGE('',*,*,#482,.T.);
#482 = EDGE_CURVE('',#474,#483,#485,.T.);
#483 = VERTEX_POINT('',#484);
#484 = CARTESIAN_POINT('',(47.8,-12.22945834653,6.3));
#485 = LINE('',#486,#487);
#486 = CARTESIAN_POINT('',(47.8,-25.66366801349,6.3));
#487 = VECTOR('',#488,1.);
#488 = DIRECTION('',(0.,1.,0.));
#489 = ORIENTED_EDGE('',*,*,#490,.T.);
#490 = EDGE_CURVE('',#483,#491,#493,.T.);
#491 = VERTEX_POINT('',#492);
#492 = CARTESIAN_POINT('',(47.798620571226,-12.20137942877,6.3));
#493 = LINE('',#494,#495);
#494 = CARTESIAN_POINT('',(48.444752595167,-25.35369892353,6.3));
#495 = VECTOR('',#496,1.);
#496 = DIRECTION('',(-4.906767432758E-02,0.998795456205,0.));
#497 = ORIENTED_EDGE('',*,*,#498,.T.);
#498 = EDGE_CURVE('',#491,#499,#501,.T.);
#499 = VERTEX_POINT('',#500);
#500 = CARTESIAN_POINT('',(47.770541653469,-12.2,6.3));
#501 = LINE('',#502,#503);
#502 = CARTESIAN_POINT('',(43.078954009468,-11.96951707863,6.3));
#503 = VECTOR('',#504,1.);
#504 = DIRECTION('',(-0.998795456205,4.906767432741E-02,0.));
#505 = ORIENTED_EDGE('',*,*,#506,.T.);
#506 = EDGE_CURVE('',#499,#507,#509,.T.);
#507 = VERTEX_POINT('',#508);
#508 = CARTESIAN_POINT('',(47.,-12.2,6.3));
#509 = LINE('',#510,#511);
#510 = CARTESIAN_POINT('',(32.236385458184,-12.2,6.3));
#511 = VECTOR('',#512,1.);
#512 = DIRECTION('',(-1.,0.,0.));
#513 = ORIENTED_EDGE('',*,*,#514,.T.);
#514 = EDGE_CURVE('',#507,#515,#517,.T.);
#515 = VERTEX_POINT('',#516);
#516 = CARTESIAN_POINT('',(47.,-11.4,6.3));
#517 = LINE('',#518,#519);
#518 = CARTESIAN_POINT('',(47.,-43.59893884022,6.3));
#519 = VECTOR('',#520,1.);
#520 = DIRECTION('',(0.,1.,0.));
#521 = ORIENTED_EDGE('',*,*,#522,.T.);
#522 = EDGE_CURVE('',#515,#523,#525,.T.);
#523 = VERTEX_POINT('',#524);
#524 = CARTESIAN_POINT('',(43.7,-11.4,6.3));
#525 = LINE('',#526,#527);
#526 = CARTESIAN_POINT('',(32.221656284918,-11.4,6.3));
#527 = VECTOR('',#528,1.);
#528 = DIRECTION('',(-1.,0.,0.));
#529 = ORIENTED_EDGE('',*,*,#530,.T.);
#530 = EDGE_CURVE('',#523,#531,#533,.T.);
#531 = VERTEX_POINT('',#532);
#532 = CARTESIAN_POINT('',(43.7,-11.,6.3));
#533 = LINE('',#534,#535);
#534 = CARTESIAN_POINT('',(43.7,-29.54893884022,6.3));
#535 = VECTOR('',#536,1.);
#536 = DIRECTION('',(0.,1.,0.));
#537 = ORIENTED_EDGE('',*,*,#538,.F.);
#538 = EDGE_CURVE('',#539,#531,#541,.T.);
#539 = VERTEX_POINT('',#540);
#540 = CARTESIAN_POINT('',(47.8,-11.,6.3));
#541 = LINE('',#542,#543);
#542 = CARTESIAN_POINT('',(47.8,-11.,6.3));
#543 = VECTOR('',#544,1.);
#544 = DIRECTION('',(-1.,0.,0.));
#545 = ORIENTED_EDGE('',*,*,#546,.F.);
#546 = EDGE_CURVE('',#547,#539,#549,.T.);
#547 = VERTEX_POINT('',#548);
#548 = CARTESIAN_POINT('',(49.,-12.2,6.3));
#549 = CIRCLE('',#550,1.2);
#550 = AXIS2_PLACEMENT_3D('',#551,#552,#553);
#551 = CARTESIAN_POINT('',(47.8,-12.2,6.3));
#552 = DIRECTION('',(0.,-0.,1.));
#553 = DIRECTION('',(1.,7.4E-15,0.));
#554 = ORIENTED_EDGE('',*,*,#555,.F.);
#555 = EDGE_CURVE('',#556,#547,#558,.T.);
#556 = VERTEX_POINT('',#557);
#557 = CARTESIAN_POINT('',(49.,-65.8,6.3));
#558 = LINE('',#559,#560);
#559 = CARTESIAN_POINT('',(49.,-65.8,6.3));
#560 = VECTOR('',#561,1.);
#561 = DIRECTION('',(0.,1.,0.));
#562 = ORIENTED_EDGE('',*,*,#563,.F.);
#563 = EDGE_CURVE('',#564,#556,#566,.T.);
#564 = VERTEX_POINT('',#565);
#565 = CARTESIAN_POINT('',(47.8,-67.,6.3));
#566 = CIRCLE('',#567,1.2);
#567 = AXIS2_PLACEMENT_3D('',#568,#569,#570);
#568 = CARTESIAN_POINT('',(47.8,-65.8,6.3));
#569 = DIRECTION('',(-0.,0.,1.));
#570 = DIRECTION('',(5.92E-15,-1.,0.));
#571 = ORIENTED_EDGE('',*,*,#572,.F.);
#572 = EDGE_CURVE('',#447,#564,#573,.T.);
#573 = LINE('',#574,#575);
#574 = CARTESIAN_POINT('',(26.2,-67.,6.3));
#575 = VECTOR('',#576,1.);
#576 = DIRECTION('',(1.,0.,0.));
#577 = FACE_BOUND('',#578,.T.);
#578 = EDGE_LOOP('',(#579));
#579 = ORIENTED_EDGE('',*,*,#580,.F.);
#580 = EDGE_CURVE('',#581,#581,#583,.T.);
#581 = VERTEX_POINT('',#582);
#582 = CARTESIAN_POINT('',(48.6,-52.8,6.3));
#583 = CIRCLE('',#584,1.6);
#584 = AXIS2_PLACEMENT_3D('',#585,#586,#587);
#585 = CARTESIAN_POINT('',(47.,-52.8,6.3));
#586 = DIRECTION('',(0.,0.,-1.));
#587 = DIRECTION('',(1.,0.,0.));
#588 = PLANE('',#589);
#589 = AXIS2_PLACEMENT_3D('',#590,#591,#592);
#590 = CARTESIAN_POINT('',(44.267066577077,-46.08685620723,6.3));
#591 = DIRECTION('',(-0.,-0.,-1.));
#592 = DIRECTION('',(-1.,0.,0.));
#593 = ADVANCED_FACE('',(#594),#613,.F.);
#594 = FACE_BOUND('',#595,.T.);
#595 = EDGE_LOOP('',(#596,#605,#606,#607));
#596 = ORIENTED_EDGE('',*,*,#597,.T.);
#597 = EDGE_CURVE('',#598,#112,#600,.T.);
#598 = VERTEX_POINT('',#599);
#599 = CARTESIAN_POINT('',(47.040292180075,-67.,6.75));
#600 = CIRCLE('',#601,2.15);
#601 = AXIS2_PLACEMENT_3D('',#602,#603,#604);
#602 = CARTESIAN_POINT('',(45.5,-65.5,6.75));
#603 = DIRECTION('',(0.,0.,1.));
#604 = DIRECTION('',(1.,0.,0.));
#605 = ORIENTED_EDGE('',*,*,#119,.T.);
#606 = ORIENTED_EDGE('',*,*,#446,.T.);
#607 = ORIENTED_EDGE('',*,*,#608,.F.);
#608 = EDGE_CURVE('',#598,#447,#609,.T.);
#609 = LINE('',#610,#611);
#610 = CARTESIAN_POINT('',(47.040292180075,-67.,5.3));
#611 = VECTOR('',#612,1.);
#612 = DIRECTION('',(-0.,-0.,-1.));
#613 = CYLINDRICAL_SURFACE('',#614,2.15);
#614 = AXIS2_PLACEMENT_3D('',#615,#616,#617);
#615 = CARTESIAN_POINT('',(45.5,-65.5,5.3));
#616 = DIRECTION('',(-0.,-0.,-1.));
#617 = DIRECTION('',(1.,0.,0.));
#618 = ADVANCED_FACE('',(#619),#638,.F.);
#619 = FACE_BOUND('',#620,.F.);
#620 = EDGE_LOOP('',(#621,#622,#631,#637));
#621 = ORIENTED_EDGE('',*,*,#111,.T.);
#622 = ORIENTED_EDGE('',*,*,#623,.T.);
#623 = EDGE_CURVE('',#104,#624,#626,.T.);
#624 = VERTEX_POINT('',#625);
#625 = CARTESIAN_POINT('',(43.959707819925,-67.,6.75));
#626 = CIRCLE('',#627,2.15);
#627 = AXIS2_PLACEMENT_3D('',#628,#629,#630);
#628 = CARTESIAN_POINT('',(45.5,-65.5,6.75));
#629 = DIRECTION('',(0.,0.,1.));
#630 = DIRECTION('',(1.,0.,0.));
#631 = ORIENTED_EDGE('',*,*,#632,.T.);
#632 = EDGE_CURVE('',#624,#598,#633,.T.);
#633 = LINE('',#634,#635);
#634 = CARTESIAN_POINT('',(35.85,-67.,6.75));
#635 = VECTOR('',#636,1.);
#636 = DIRECTION('',(1.,0.,0.));
#637 = ORIENTED_EDGE('',*,*,#597,.T.);
#638 = PLANE('',#639);
#639 = AXIS2_PLACEMENT_3D('',#640,#641,#642);
#640 = CARTESIAN_POINT('',(45.5,-65.5,6.75));
#641 = DIRECTION('',(0.,0.,1.));
#642 = DIRECTION('',(1.,0.,0.));
#643 = ADVANCED_FACE('',(#644),#663,.F.);
#644 = FACE_BOUND('',#645,.T.);
#645 = EDGE_LOOP('',(#646,#647,#648,#656));
#646 = ORIENTED_EDGE('',*,*,#103,.F.);
#647 = ORIENTED_EDGE('',*,*,#623,.T.);
#648 = ORIENTED_EDGE('',*,*,#649,.T.);
#649 = EDGE_CURVE('',#624,#650,#652,.T.);
#650 = VERTEX_POINT('',#651);
#651 = CARTESIAN_POINT('',(43.959707819925,-67.,6.3));
#652 = LINE('',#653,#654);
#653 = CARTESIAN_POINT('',(43.959707819925,-67.,5.3));
#654 = VECTOR('',#655,1.);
#655 = DIRECTION('',(-0.,-0.,-1.));
#656 = ORIENTED_EDGE('',*,*,#657,.T.);
#657 = EDGE_CURVE('',#650,#96,#658,.T.);
#658 = CIRCLE('',#659,2.15);
#659 = AXIS2_PLACEMENT_3D('',#660,#661,#662);
#660 = CARTESIAN_POINT('',(45.5,-65.5,6.3));
#661 = DIRECTION('',(0.,0.,-1.));
#662 = DIRECTION('',(1.,0.,0.));
#663 = CYLINDRICAL_SURFACE('',#664,2.15);
#664 = AXIS2_PLACEMENT_3D('',#665,#666,#667);
#665 = CARTESIAN_POINT('',(45.5,-65.5,5.3));
#666 = DIRECTION('',(-0.,-0.,-1.));
#667 = DIRECTION('',(1.,0.,0.));
#668 = ADVANCED_FACE('',(#669,#714),#725,.T.);
#669 = FACE_BOUND('',#670,.T.);
#670 = EDGE_LOOP('',(#671,#680,#681,#682,#690,#699,#706,#707));
#671 = ORIENTED_EDGE('',*,*,#672,.F.);
#672 = EDGE_CURVE('',#88,#673,#675,.T.);
#673 = VERTEX_POINT('',#674);
#674 = CARTESIAN_POINT('',(39.05,-64.7,6.3));
#675 = CIRCLE('',#676,1.85);
#676 = AXIS2_PLACEMENT_3D('',#677,#678,#679);
#677 = CARTESIAN_POINT('',(37.2,-64.7,6.3));
#678 = DIRECTION('',(0.,0.,1.));
#679 = DIRECTION('',(1.,0.,0.));
#680 = ORIENTED_EDGE('',*,*,#95,.T.);
#681 = ORIENTED_EDGE('',*,*,#657,.F.);
#682 = ORIENTED_EDGE('',*,*,#683,.F.);
#683 = EDGE_CURVE('',#684,#650,#686,.T.);
#684 = VERTEX_POINT('',#685);
#685 = CARTESIAN_POINT('',(31.491052366633,-67.,6.3));
#686 = LINE('',#687,#688);
#687 = CARTESIAN_POINT('',(26.2,-67.,6.3));
#688 = VECTOR('',#689,1.);
#689 = DIRECTION('',(1.,0.,0.));
#690 = ORIENTED_EDGE('',*,*,#691,.F.);
#691 = EDGE_CURVE('',#692,#684,#694,.T.);
#692 = VERTEX_POINT('',#693);
#693 = CARTESIAN_POINT('',(31.55,-66.5,6.3));
#694 = CIRCLE('',#695,2.15);
#695 = AXIS2_PLACEMENT_3D('',#696,#697,#698);
#696 = CARTESIAN_POINT('',(29.4,-66.5,6.3));
#697 = DIRECTION('',(0.,0.,-1.));
#698 = DIRECTION('',(1.,0.,0.));
#699 = ORIENTED_EDGE('',*,*,#700,.F.);
#700 = EDGE_CURVE('',#56,#692,#701,.T.);
#701 = CIRCLE('',#702,2.15);
#702 = AXIS2_PLACEMENT_3D('',#703,#704,#705);
#703 = CARTESIAN_POINT('',(29.4,-66.5,6.3));
#704 = DIRECTION('',(0.,0.,-1.));
#705 = DIRECTION('',(1.,0.,0.));
#706 = ORIENTED_EDGE('',*,*,#63,.T.);
#707 = ORIENTED_EDGE('',*,*,#708,.F.);
#708 = EDGE_CURVE('',#673,#64,#709,.T.);
#709 = CIRCLE('',#710,1.85);
#710 = AXIS2_PLACEMENT_3D('',#711,#712,#713);
#711 = CARTESIAN_POINT('',(37.2,-64.7,6.3));
#712 = DIRECTION('',(0.,0.,1.));
#713 = DIRECTION('',(1.,0.,0.));
#714 = FACE_BOUND('',#715,.T.);
#715 = EDGE_LOOP('',(#716));
#716 = ORIENTED_EDGE('',*,*,#717,.F.);
#717 = EDGE_CURVE('',#718,#718,#720,.T.);
#718 = VERTEX_POINT('',#719);
#719 = CARTESIAN_POINT('',(38.8,-64.7,6.3));
#720 = CIRCLE('',#721,1.6);
#721 = AXIS2_PLACEMENT_3D('',#722,#723,#724);
#722 = CARTESIAN_POINT('',(37.2,-64.7,6.3));
#723 = DIRECTION('',(0.,0.,-1.));
#724 = DIRECTION('',(1.,0.,0.));
#725 = PLANE('',#726);
#726 = AXIS2_PLACEMENT_3D('',#727,#728,#729);
#727 = CARTESIAN_POINT('',(44.267066577077,-46.08685620723,6.3));
#728 = DIRECTION('',(-0.,-0.,-1.));
#729 = DIRECTION('',(-1.,0.,0.));
#730 = ADVANCED_FACE('',(#731),#753,.T.);
#731 = FACE_BOUND('',#732,.F.);
#732 = EDGE_LOOP('',(#733,#734,#743,#750,#751,#752));
#733 = ORIENTED_EDGE('',*,*,#87,.F.);
#734 = ORIENTED_EDGE('',*,*,#735,.T.);
#735 = EDGE_CURVE('',#80,#736,#738,.T.);
#736 = VERTEX_POINT('',#737);
#737 = CARTESIAN_POINT('',(39.05,-64.7,11.6));
#738 = CIRCLE('',#739,1.85);
#739 = AXIS2_PLACEMENT_3D('',#740,#741,#742);
#740 = CARTESIAN_POINT('',(37.2,-64.7,11.6));
#741 = DIRECTION('',(0.,0.,1.));
#742 = DIRECTION('',(1.,0.,0.));
#743 = ORIENTED_EDGE('',*,*,#744,.T.);
#744 = EDGE_CURVE('',#736,#72,#745,.T.);
#745 = CIRCLE('',#746,1.85);
#746 = AXIS2_PLACEMENT_3D('',#747,#748,#749);
#747 = CARTESIAN_POINT('',(37.2,-64.7,11.6));
#748 = DIRECTION('',(0.,0.,1.));
#749 = DIRECTION('',(1.,0.,0.));
#750 = ORIENTED_EDGE('',*,*,#71,.T.);
#751 = ORIENTED_EDGE('',*,*,#708,.F.);
#752 = ORIENTED_EDGE('',*,*,#672,.F.);
#753 = CYLINDRICAL_SURFACE('',#754,1.85);
#754 = AXIS2_PLACEMENT_3D('',#755,#756,#757);
#755 = CARTESIAN_POINT('',(37.2,-64.7,6.3));
#756 = DIRECTION('',(-0.,-0.,-1.));
#757 = DIRECTION('',(1.,0.,0.));
#758 = ADVANCED_FACE('',(#759),#764,.T.);
#759 = FACE_BOUND('',#760,.T.);
#760 = EDGE_LOOP('',(#761,#762,#763));
#761 = ORIENTED_EDGE('',*,*,#735,.T.);
#762 = ORIENTED_EDGE('',*,*,#744,.T.);
#763 = ORIENTED_EDGE('',*,*,#79,.F.);
#764 = PLANE('',#765);
#765 = AXIS2_PLACEMENT_3D('',#766,#767,#768);
#766 = CARTESIAN_POINT('',(37.2,-64.7,11.6));
#767 = DIRECTION('',(0.,0.,1.));
#768 = DIRECTION('',(1.,0.,0.));
#769 = ADVANCED_FACE('',(#770),#799,.F.);
#770 = FACE_BOUND('',#771,.T.);
#771 = EDGE_LOOP('',(#772,#773,#781,#790,#797,#798));
#772 = ORIENTED_EDGE('',*,*,#691,.T.);
#773 = ORIENTED_EDGE('',*,*,#774,.F.);
#774 = EDGE_CURVE('',#775,#684,#777,.T.);
#775 = VERTEX_POINT('',#776);
#776 = CARTESIAN_POINT('',(31.491052366633,-67.,6.75));
#777 = LINE('',#778,#779);
#778 = CARTESIAN_POINT('',(31.491052366633,-67.,5.3));
#779 = VECTOR('',#780,1.);
#780 = DIRECTION('',(-0.,-0.,-1.));
#781 = ORIENTED_EDGE('',*,*,#782,.T.);
#782 = EDGE_CURVE('',#775,#783,#785,.T.);
#783 = VERTEX_POINT('',#784);
#784 = CARTESIAN_POINT('',(31.55,-66.5,6.75));
#785 = CIRCLE('',#786,2.15);
#786 = AXIS2_PLACEMENT_3D('',#787,#788,#789);
#787 = CARTESIAN_POINT('',(29.4,-66.5,6.75));
#788 = DIRECTION('',(0.,0.,1.));
#789 = DIRECTION('',(1.,0.,0.));
#790 = ORIENTED_EDGE('',*,*,#791,.T.);
#791 = EDGE_CURVE('',#783,#48,#792,.T.);
#792 = CIRCLE('',#793,2.15);
#793 = AXIS2_PLACEMENT_3D('',#794,#795,#796);
#794 = CARTESIAN_POINT('',(29.4,-66.5,6.75));
#795 = DIRECTION('',(0.,0.,1.));
#796 = DIRECTION('',(1.,0.,0.));
#797 = ORIENTED_EDGE('',*,*,#55,.T.);
#798 = ORIENTED_EDGE('',*,*,#700,.T.);
#799 = CYLINDRICAL_SURFACE('',#800,2.15);
#800 = AXIS2_PLACEMENT_3D('',#801,#802,#803);
#801 = CARTESIAN_POINT('',(29.4,-66.5,5.3));
#802 = DIRECTION('',(-0.,-0.,-1.));
#803 = DIRECTION('',(1.,0.,0.));
#804 = ADVANCED_FACE('',(#805),#825,.F.);
#805 = FACE_BOUND('',#806,.F.);
#806 = EDGE_LOOP('',(#807,#808,#809,#810,#819));
#807 = ORIENTED_EDGE('',*,*,#782,.T.);
#808 = ORIENTED_EDGE('',*,*,#791,.T.);
#809 = ORIENTED_EDGE('',*,*,#47,.T.);
#810 = ORIENTED_EDGE('',*,*,#811,.T.);
#811 = EDGE_CURVE('',#40,#812,#814,.T.);
#812 = VERTEX_POINT('',#813);
#813 = CARTESIAN_POINT('',(27.308947633367,-67.,6.75));
#814 = CIRCLE('',#815,2.15);
#815 = AXIS2_PLACEMENT_3D('',#816,#817,#818);
#816 = CARTESIAN_POINT('',(29.4,-66.5,6.75));
#817 = DIRECTION('',(0.,0.,1.));
#818 = DIRECTION('',(1.,0.,0.));
#819 = ORIENTED_EDGE('',*,*,#820,.T.);
#820 = EDGE_CURVE('',#812,#775,#821,.T.);
#821 = LINE('',#822,#823);
#822 = CARTESIAN_POINT('',(27.8,-67.,6.75));
#823 = VECTOR('',#824,1.);
#824 = DIRECTION('',(1.,0.,0.));
#825 = PLANE('',#826);
#826 = AXIS2_PLACEMENT_3D('',#827,#828,#829);
#827 = CARTESIAN_POINT('',(29.4,-66.5,6.75));
#828 = DIRECTION('',(0.,0.,1.));
#829 = DIRECTION('',(1.,0.,0.));
#830 = ADVANCED_FACE('',(#831),#850,.F.);
#831 = FACE_BOUND('',#832,.T.);
#832 = EDGE_LOOP('',(#833,#834,#835,#843));
#833 = ORIENTED_EDGE('',*,*,#39,.F.);
#834 = ORIENTED_EDGE('',*,*,#811,.T.);
#835 = ORIENTED_EDGE('',*,*,#836,.T.);
#836 = EDGE_CURVE('',#812,#837,#839,.T.);
#837 = VERTEX_POINT('',#838);
#838 = CARTESIAN_POINT('',(27.308947633367,-67.,6.3));
#839 = LINE('',#840,#841);
#840 = CARTESIAN_POINT('',(27.308947633367,-67.,5.3));
#841 = VECTOR('',#842,1.);
#842 = DIRECTION('',(-0.,-0.,-1.));
#843 = ORIENTED_EDGE('',*,*,#844,.T.);
#844 = EDGE_CURVE('',#837,#32,#845,.T.);
#845 = CIRCLE('',#846,2.15);
#846 = AXIS2_PLACEMENT_3D('',#847,#848,#849);
#847 = CARTESIAN_POINT('',(29.4,-66.5,6.3));
#848 = DIRECTION('',(0.,0.,-1.));
#849 = DIRECTION('',(1.,0.,0.));
#850 = CYLINDRICAL_SURFACE('',#851,2.15);
#851 = AXIS2_PLACEMENT_3D('',#852,#853,#854);
#852 = CARTESIAN_POINT('',(29.4,-66.5,5.3));
#853 = DIRECTION('',(-0.,-0.,-1.));
#854 = DIRECTION('',(1.,0.,0.));
#855 = ADVANCED_FACE('',(#856),#908,.T.);
#856 = FACE_BOUND('',#857,.T.);
#857 = EDGE_LOOP('',(#858,#859,#860,#868,#877,#885,#893,#901,#907));
#858 = ORIENTED_EDGE('',*,*,#31,.T.);
#859 = ORIENTED_EDGE('',*,*,#844,.F.);
#860 = ORIENTED_EDGE('',*,*,#861,.F.);
#861 = EDGE_CURVE('',#862,#837,#864,.T.);
#862 = VERTEX_POINT('',#863);
#863 = CARTESIAN_POINT('',(26.2,-67.,6.3));
#864 = LINE('',#865,#866);
#865 = CARTESIAN_POINT('',(26.2,-67.,6.3));
#866 = VECTOR('',#867,1.);
#867 = DIRECTION('',(1.,0.,0.));
#868 = ORIENTED_EDGE('',*,*,#869,.F.);
#869 = EDGE_CURVE('',#870,#862,#872,.T.);
#870 = VERTEX_POINT('',#871);
#871 = CARTESIAN_POINT('',(25.,-65.8,6.3));
#872 = CIRCLE('',#873,1.2);
#873 = AXIS2_PLACEMENT_3D('',#874,#875,#876);
#874 = CARTESIAN_POINT('',(26.2,-65.8,6.3));
#875 = DIRECTION('',(0.,0.,1.));
#876 = DIRECTION('',(-1.,3.553E-14,0.));
#877 = ORIENTED_EDGE('',*,*,#878,.F.);
#878 = EDGE_CURVE('',#879,#870,#881,.T.);
#879 = VERTEX_POINT('',#880);
#880 = CARTESIAN_POINT('',(25.,-63.9,6.3));
#881 = LINE('',#882,#883);
#882 = CARTESIAN_POINT('',(25.,-13.4,6.3));
#883 = VECTOR('',#884,1.);
#884 = DIRECTION('',(0.,-1.,0.));
#885 = ORIENTED_EDGE('',*,*,#886,.F.);
#886 = EDGE_CURVE('',#887,#879,#889,.T.);
#887 = VERTEX_POINT('',#888);
#888 = CARTESIAN_POINT('',(26.2,-63.9,6.3));
#889 = LINE('',#890,#891);
#890 = CARTESIAN_POINT('',(28.521656284918,-63.9,6.3));
#891 = VECTOR('',#892,1.);
#892 = DIRECTION('',(-1.,0.,0.));
#893 = ORIENTED_EDGE('',*,*,#894,.T.);
#894 = EDGE_CURVE('',#887,#895,#897,.T.);
#895 = VERTEX_POINT('',#896);
#896 = CARTESIAN_POINT('',(26.2,-65.77054165346,6.3));
#897 = LINE('',#898,#899);
#898 = CARTESIAN_POINT('',(26.2,-52.43420966695,6.3));
#899 = VECTOR('',#900,1.);
#900 = DIRECTION('',(0.,-1.,0.));
#901 = ORIENTED_EDGE('',*,*,#902,.T.);
#902 = EDGE_CURVE('',#895,#158,#903,.T.);
#903 = LINE('',#904,#905);
#904 = CARTESIAN_POINT('',(25.560148530937,-52.74606579013,6.3));
#905 = VECTOR('',#906,1.);
#906 = DIRECTION('',(4.906767432734E-02,-0.998795456205,0.));
#907 = ORIENTED_EDGE('',*,*,#157,.T.);
#908 = PLANE('',#909);
#909 = AXIS2_PLACEMENT_3D('',#910,#911,#912);
#910 = CARTESIAN_POINT('',(44.267066577077,-46.08685620723,6.3));
#911 = DIRECTION('',(-0.,-0.,-1.));
#912 = DIRECTION('',(-1.,0.,0.));
#913 = ADVANCED_FACE('',(#914),#925,.F.);
#914 = FACE_BOUND('',#915,.F.);
#915 = EDGE_LOOP('',(#916,#917,#918,#919));
#916 = ORIENTED_EDGE('',*,*,#902,.T.);
#917 = ORIENTED_EDGE('',*,*,#174,.T.);
#918 = ORIENTED_EDGE('',*,*,#358,.T.);
#919 = ORIENTED_EDGE('',*,*,#920,.F.);
#920 = EDGE_CURVE('',#895,#351,#921,.T.);
#921 = LINE('',#922,#923);
#922 = CARTESIAN_POINT('',(26.2,-65.77054165346,6.2));
#923 = VECTOR('',#924,1.);
#924 = DIRECTION('',(0.,0.,1.));
#925 = PLANE('',#926);
#926 = AXIS2_PLACEMENT_3D('',#927,#928,#929);
#927 = CARTESIAN_POINT('',(26.201379428774,-65.79862057122,6.2));
#928 = DIRECTION('',(-0.998795456205,-4.906767432734E-02,0.));
#929 = DIRECTION('',(-4.906767432734E-02,0.998795456205,0.));
#930 = ADVANCED_FACE('',(#931),#970,.F.);
#931 = FACE_BOUND('',#932,.F.);
#932 = EDGE_LOOP('',(#933,#939,#940,#948,#956,#962,#963,#969));
#933 = ORIENTED_EDGE('',*,*,#934,.F.);
#934 = EDGE_CURVE('',#458,#191,#935,.T.);
#935 = LINE('',#936,#937);
#936 = CARTESIAN_POINT('',(47.8,-65.77054165346,6.2));
#937 = VECTOR('',#938,1.);
#938 = DIRECTION('',(0.,0.,1.));
#939 = ORIENTED_EDGE('',*,*,#465,.T.);
#940 = ORIENTED_EDGE('',*,*,#941,.F.);
#941 = EDGE_CURVE('',#942,#466,#944,.T.);
#942 = VERTEX_POINT('',#943);
#943 = CARTESIAN_POINT('',(47.8,-54.46808273176,11.6));
#944 = LINE('',#945,#946);
#945 = CARTESIAN_POINT('',(47.8,-54.46808273176,6.3));
#946 = VECTOR('',#947,1.);
#947 = DIRECTION('',(-0.,-0.,-1.));
#948 = ORIENTED_EDGE('',*,*,#949,.F.);
#949 = EDGE_CURVE('',#950,#942,#952,.T.);
#950 = VERTEX_POINT('',#951);
#951 = CARTESIAN_POINT('',(47.8,-51.13191726823,11.6));
#952 = LINE('',#953,#954);
#953 = CARTESIAN_POINT('',(47.8,-32.51472917326,11.6));
#954 = VECTOR('',#955,1.);
#955 = DIRECTION('',(0.,-1.,0.));
#956 = ORIENTED_EDGE('',*,*,#957,.T.);
#957 = EDGE_CURVE('',#950,#474,#958,.T.);
#958 = LINE('',#959,#960);
#959 = CARTESIAN_POINT('',(47.8,-51.13191726823,6.3));
#960 = VECTOR('',#961,1.);
#961 = DIRECTION('',(-0.,-0.,-1.));
#962 = ORIENTED_EDGE('',*,*,#482,.T.);
#963 = ORIENTED_EDGE('',*,*,#964,.T.);
#964 = EDGE_CURVE('',#483,#189,#965,.T.);
#965 = LINE('',#966,#967);
#966 = CARTESIAN_POINT('',(47.8,-12.22945834653,6.2));
#967 = VECTOR('',#968,1.);
#968 = DIRECTION('',(0.,0.,1.));
#969 = ORIENTED_EDGE('',*,*,#188,.T.);
#970 = PLANE('',#971);
#971 = AXIS2_PLACEMENT_3D('',#972,#973,#974);
#972 = CARTESIAN_POINT('',(47.8,-12.22945834653,6.2));
#973 = DIRECTION('',(1.,0.,0.));
#974 = DIRECTION('',(0.,-1.,0.));
#975 = ADVANCED_FACE('',(#976),#987,.F.);
#976 = FACE_BOUND('',#977,.F.);
#977 = EDGE_LOOP('',(#978,#979,#985,#986));
#978 = ORIENTED_EDGE('',*,*,#490,.T.);
#979 = ORIENTED_EDGE('',*,*,#980,.T.);
#980 = EDGE_CURVE('',#491,#199,#981,.T.);
#981 = LINE('',#982,#983);
#982 = CARTESIAN_POINT('',(47.798620571226,-12.20137942877,6.2));
#983 = VECTOR('',#984,1.);
#984 = DIRECTION('',(0.,0.,1.));
#985 = ORIENTED_EDGE('',*,*,#198,.T.);
#986 = ORIENTED_EDGE('',*,*,#964,.F.);
#987 = PLANE('',#988);
#988 = AXIS2_PLACEMENT_3D('',#989,#990,#991);
#989 = CARTESIAN_POINT('',(47.798620571226,-12.20137942877,6.2));
#990 = DIRECTION('',(0.998795456205,4.906767432758E-02,0.));
#991 = DIRECTION('',(4.906767432758E-02,-0.998795456205,0.));
#992 = ADVANCED_FACE('',(#993),#999,.F.);
#993 = FACE_BOUND('',#994,.F.);
#994 = EDGE_LOOP('',(#995,#996,#997,#998));
#995 = ORIENTED_EDGE('',*,*,#457,.T.);
#996 = ORIENTED_EDGE('',*,*,#934,.T.);
#997 = ORIENTED_EDGE('',*,*,#374,.T.);
#998 = ORIENTED_EDGE('',*,*,#430,.F.);
#999 = PLANE('',#1000);
#1000 = AXIS2_PLACEMENT_3D('',#1001,#1002,#1003);
#1001 = CARTESIAN_POINT('',(47.8,-65.77054165346,6.2));
#1002 = DIRECTION('',(0.998795456205,-4.906767432757E-02,0.));
#1003 = DIRECTION('',(-4.906767432757E-02,-0.998795456205,0.));
#1004 = ADVANCED_FACE('',(#1005),#1016,.F.);
#1005 = FACE_BOUND('',#1006,.F.);
#1006 = EDGE_LOOP('',(#1007,#1008,#1014,#1015));
#1007 = ORIENTED_EDGE('',*,*,#498,.T.);
#1008 = ORIENTED_EDGE('',*,*,#1009,.T.);
#1009 = EDGE_CURVE('',#499,#207,#1010,.T.);
#1010 = LINE('',#1011,#1012);
#1011 = CARTESIAN_POINT('',(47.770541653469,-12.2,6.2));
#1012 = VECTOR('',#1013,1.);
#1013 = DIRECTION('',(0.,0.,1.));
#1014 = ORIENTED_EDGE('',*,*,#206,.T.);
#1015 = ORIENTED_EDGE('',*,*,#980,.F.);
#1016 = PLANE('',#1017);
#1017 = AXIS2_PLACEMENT_3D('',#1018,#1019,#1020);
#1018 = CARTESIAN_POINT('',(47.770541653469,-12.2,6.2));
#1019 = DIRECTION('',(4.906767432741E-02,0.998795456205,0.));
#1020 = DIRECTION('',(0.998795456205,-4.906767432741E-02,0.));
#1021 = ADVANCED_FACE('',(#1022),#1049,.F.);
#1022 = FACE_BOUND('',#1023,.F.);
#1023 = EDGE_LOOP('',(#1024,#1025,#1026,#1034,#1042,#1048));
#1024 = ORIENTED_EDGE('',*,*,#1009,.F.);
#1025 = ORIENTED_EDGE('',*,*,#506,.T.);
#1026 = ORIENTED_EDGE('',*,*,#1027,.F.);
#1027 = EDGE_CURVE('',#1028,#507,#1030,.T.);
#1028 = VERTEX_POINT('',#1029);
#1029 = CARTESIAN_POINT('',(47.,-12.2,12.1));
#1030 = LINE('',#1031,#1032);
#1031 = CARTESIAN_POINT('',(47.,-12.2,5.9));
#1032 = VECTOR('',#1033,1.);
#1033 = DIRECTION('',(0.,0.,-1.));
#1034 = ORIENTED_EDGE('',*,*,#1035,.F.);
#1035 = EDGE_CURVE('',#1036,#1028,#1038,.T.);
#1036 = VERTEX_POINT('',#1037);
#1037 = CARTESIAN_POINT('',(27.429458346531,-12.2,12.1));
#1038 = LINE('',#1039,#1040);
#1039 = CARTESIAN_POINT('',(27.414729173265,-12.2,12.1));
#1040 = VECTOR('',#1041,1.);
#1041 = DIRECTION('',(1.,0.,0.));
#1042 = ORIENTED_EDGE('',*,*,#1043,.T.);
#1043 = EDGE_CURVE('',#1036,#215,#1044,.T.);
#1044 = LINE('',#1045,#1046);
#1045 = CARTESIAN_POINT('',(27.429458346531,-12.2,6.2));
#1046 = VECTOR('',#1047,1.);
#1047 = DIRECTION('',(0.,0.,1.));
#1048 = ORIENTED_EDGE('',*,*,#214,.T.);
#1049 = PLANE('',#1050);
#1050 = AXIS2_PLACEMENT_3D('',#1051,#1052,#1053);
#1051 = CARTESIAN_POINT('',(27.429458346531,-12.2,6.2));
#1052 = DIRECTION('',(0.,1.,0.));
#1053 = DIRECTION('',(1.,0.,0.));
#1054 = ADVANCED_FACE('',(#1055),#1089,.F.);
#1055 = FACE_BOUND('',#1056,.F.);
#1056 = EDGE_LOOP('',(#1057,#1067,#1075,#1081,#1082,#1083));
#1057 = ORIENTED_EDGE('',*,*,#1058,.T.);
#1058 = EDGE_CURVE('',#1059,#1061,#1063,.T.);
#1059 = VERTEX_POINT('',#1060);
#1060 = CARTESIAN_POINT('',(27.4,-12.20144719576,12.1));
#1061 = VERTEX_POINT('',#1062);
#1062 = CARTESIAN_POINT('',(27.4,-12.20144719576,6.3));
#1063 = LINE('',#1064,#1065);
#1064 = CARTESIAN_POINT('',(27.4,-12.20144719576,5.9));
#1065 = VECTOR('',#1066,1.);
#1066 = DIRECTION('',(0.,0.,-1.));
#1067 = ORIENTED_EDGE('',*,*,#1068,.T.);
#1068 = EDGE_CURVE('',#1061,#1069,#1071,.T.);
#1069 = VERTEX_POINT('',#1070);
#1070 = CARTESIAN_POINT('',(27.282521281595,-12.20721855511,6.3));
#1071 = LINE('',#1072,#1073);
#1072 = CARTESIAN_POINT('',(31.492230328968,-12.00040881117,6.3));
#1073 = VECTOR('',#1074,1.);
#1074 = DIRECTION('',(-0.998795456205,-4.906767432741E-02,0.));
#1075 = ORIENTED_EDGE('',*,*,#1076,.T.);
#1076 = EDGE_CURVE('',#1069,#223,#1077,.T.);
#1077 = LINE('',#1078,#1079);
#1078 = CARTESIAN_POINT('',(27.282521281595,-12.20721855511,6.2));
#1079 = VECTOR('',#1080,1.);
#1080 = DIRECTION('',(0.,0.,1.));
#1081 = ORIENTED_EDGE('',*,*,#222,.T.);
#1082 = ORIENTED_EDGE('',*,*,#1043,.F.);
#1083 = ORIENTED_EDGE('',*,*,#1084,.F.);
#1084 = EDGE_CURVE('',#1059,#1036,#1085,.T.);
#1085 = LINE('',#1086,#1087);
#1086 = CARTESIAN_POINT('',(26.461592268837,-12.24754821139,12.1));
#1087 = VECTOR('',#1088,1.);
#1088 = DIRECTION('',(0.998795456205,4.906767432741E-02,0.));
#1089 = PLANE('',#1090);
#1090 = AXIS2_PLACEMENT_3D('',#1091,#1092,#1093);
#1091 = CARTESIAN_POINT('',(27.282521281595,-12.20721855511,6.2));
#1092 = DIRECTION('',(-4.906767432741E-02,0.998795456205,0.));
#1093 = DIRECTION('',(0.998795456205,4.906767432741E-02,0.));
#1094 = ADVANCED_FACE('',(#1095),#1113,.F.);
#1095 = FACE_BOUND('',#1096,.F.);
#1096 = EDGE_LOOP('',(#1097,#1105,#1111,#1112));
#1097 = ORIENTED_EDGE('',*,*,#1098,.T.);
#1098 = EDGE_CURVE('',#1069,#1099,#1101,.T.);
#1099 = VERTEX_POINT('',#1100);
#1100 = CARTESIAN_POINT('',(27.166173947468,-12.22447705182,6.3));
#1101 = LINE('',#1102,#1103);
#1102 = CARTESIAN_POINT('',(30.048182583348,-11.79697145472,6.3));
#1103 = VECTOR('',#1104,1.);
#1104 = DIRECTION('',(-0.989176509965,-0.146730474455,0.));
#1105 = ORIENTED_EDGE('',*,*,#1106,.T.);
#1106 = EDGE_CURVE('',#1099,#231,#1107,.T.);
#1107 = LINE('',#1108,#1109);
#1108 = CARTESIAN_POINT('',(27.166173947468,-12.22447705182,6.2));
#1109 = VECTOR('',#1110,1.);
#1110 = DIRECTION('',(0.,0.,1.));
#1111 = ORIENTED_EDGE('',*,*,#230,.T.);
#1112 = ORIENTED_EDGE('',*,*,#1076,.F.);
#1113 = PLANE('',#1114);
#1114 = AXIS2_PLACEMENT_3D('',#1115,#1116,#1117);
#1115 = CARTESIAN_POINT('',(27.166173947468,-12.22447705182,6.2));
#1116 = DIRECTION('',(-0.146730474455,0.989176509965,0.));
#1117 = DIRECTION('',(0.989176509965,0.146730474455,0.));
#1118 = ADVANCED_FACE('',(#1119),#1137,.F.);
#1119 = FACE_BOUND('',#1120,.F.);
#1120 = EDGE_LOOP('',(#1121,#1129,#1135,#1136));
#1121 = ORIENTED_EDGE('',*,*,#1122,.T.);
#1122 = EDGE_CURVE('',#1099,#1123,#1125,.T.);
#1123 = VERTEX_POINT('',#1124);
#1124 = CARTESIAN_POINT('',(27.05207848605,-12.25305647712,6.3));
#1125 = LINE('',#1126,#1127);
#1126 = CARTESIAN_POINT('',(28.589117176909,-11.86804832775,6.3));
#1127 = VECTOR('',#1128,1.);
#1128 = DIRECTION('',(-0.970031253195,-0.242980179903,0.));
#1129 = ORIENTED_EDGE('',*,*,#1130,.T.);
#1130 = EDGE_CURVE('',#1123,#239,#1131,.T.);
#1131 = LINE('',#1132,#1133);
#1132 = CARTESIAN_POINT('',(27.05207848605,-12.25305647712,6.2));
#1133 = VECTOR('',#1134,1.);
#1134 = DIRECTION('',(0.,0.,1.));
#1135 = ORIENTED_EDGE('',*,*,#238,.T.);
#1136 = ORIENTED_EDGE('',*,*,#1106,.F.);
#1137 = PLANE('',#1138);
#1138 = AXIS2_PLACEMENT_3D('',#1139,#1140,#1141);
#1139 = CARTESIAN_POINT('',(27.05207848605,-12.25305647712,6.2));
#1140 = DIRECTION('',(-0.242980179903,0.970031253195,0.));
#1141 = DIRECTION('',(0.970031253195,0.242980179903,0.));
#1142 = ADVANCED_FACE('',(#1143),#1218,.F.);
#1143 = FACE_BOUND('',#1144,.F.);
#1144 = EDGE_LOOP('',(#1145,#1153,#1161,#1169,#1177,#1185,#1193,#1201,
    #1209,#1215,#1216,#1217));
#1145 = ORIENTED_EDGE('',*,*,#1146,.F.);
#1146 = EDGE_CURVE('',#1147,#343,#1149,.T.);
#1147 = VERTEX_POINT('',#1148);
#1148 = CARTESIAN_POINT('',(26.2,-13.42945834653,6.3));
#1149 = LINE('',#1150,#1151);
#1150 = CARTESIAN_POINT('',(26.2,-13.42945834653,6.2));
#1151 = VECTOR('',#1152,1.);
#1152 = DIRECTION('',(0.,0.,1.));
#1153 = ORIENTED_EDGE('',*,*,#1154,.T.);
#1154 = EDGE_CURVE('',#1147,#1155,#1157,.T.);
#1155 = VERTEX_POINT('',#1156);
#1156 = CARTESIAN_POINT('',(26.2,-51.13191726823,6.3));
#1157 = LINE('',#1158,#1159);
#1158 = CARTESIAN_POINT('',(26.2,-52.43420966695,6.3));
#1159 = VECTOR('',#1160,1.);
#1160 = DIRECTION('',(0.,-1.,0.));
#1161 = ORIENTED_EDGE('',*,*,#1162,.F.);
#1162 = EDGE_CURVE('',#1163,#1155,#1165,.T.);
#1163 = VERTEX_POINT('',#1164);
#1164 = CARTESIAN_POINT('',(26.2,-51.13191726823,11.6));
#1165 = LINE('',#1166,#1167);
#1166 = CARTESIAN_POINT('',(26.2,-51.13191726823,6.3));
#1167 = VECTOR('',#1168,1.);
#1168 = DIRECTION('',(-0.,-0.,-1.));
#1169 = ORIENTED_EDGE('',*,*,#1170,.F.);
#1170 = EDGE_CURVE('',#1171,#1163,#1173,.T.);
#1171 = VERTEX_POINT('',#1172);
#1172 = CARTESIAN_POINT('',(26.2,-54.46808273176,11.6));
#1173 = LINE('',#1174,#1175);
#1174 = CARTESIAN_POINT('',(26.2,-59.28527082673,11.6));
#1175 = VECTOR('',#1176,1.);
#1176 = DIRECTION('',(0.,1.,0.));
#1177 = ORIENTED_EDGE('',*,*,#1178,.T.);
#1178 = EDGE_CURVE('',#1171,#1179,#1181,.T.);
#1179 = VERTEX_POINT('',#1180);
#1180 = CARTESIAN_POINT('',(26.2,-54.46808273176,6.3));
#1181 = LINE('',#1182,#1183);
#1182 = CARTESIAN_POINT('',(26.2,-54.46808273176,6.3));
#1183 = VECTOR('',#1184,1.);
#1184 = DIRECTION('',(-0.,-0.,-1.));
#1185 = ORIENTED_EDGE('',*,*,#1186,.T.);
#1186 = EDGE_CURVE('',#1179,#1187,#1189,.T.);
#1187 = VERTEX_POINT('',#1188);
#1188 = CARTESIAN_POINT('',(26.2,-55.4,6.3));
#1189 = LINE('',#1190,#1191);
#1190 = CARTESIAN_POINT('',(26.2,-52.43420966695,6.3));
#1191 = VECTOR('',#1192,1.);
#1192 = DIRECTION('',(0.,-1.,0.));
#1193 = ORIENTED_EDGE('',*,*,#1194,.F.);
#1194 = EDGE_CURVE('',#1195,#1187,#1197,.T.);
#1195 = VERTEX_POINT('',#1196);
#1196 = CARTESIAN_POINT('',(26.2,-55.4,9.2));
#1197 = LINE('',#1198,#1199);
#1198 = CARTESIAN_POINT('',(26.2,-55.4,5.65));
#1199 = VECTOR('',#1200,1.);
#1200 = DIRECTION('',(0.,0.,-1.));
#1201 = ORIENTED_EDGE('',*,*,#1202,.F.);
#1202 = EDGE_CURVE('',#1203,#1195,#1205,.T.);
#1203 = VERTEX_POINT('',#1204);
#1204 = CARTESIAN_POINT('',(26.2,-63.9,9.2));
#1205 = LINE('',#1206,#1207);
#1206 = CARTESIAN_POINT('',(26.2,-64.83527082673,9.2));
#1207 = VECTOR('',#1208,1.);
#1208 = DIRECTION('',(0.,1.,0.));
#1209 = ORIENTED_EDGE('',*,*,#1210,.T.);
#1210 = EDGE_CURVE('',#1203,#887,#1211,.T.);
#1211 = LINE('',#1212,#1213);
#1212 = CARTESIAN_POINT('',(26.2,-63.9,5.65));
#1213 = VECTOR('',#1214,1.);
#1214 = DIRECTION('',(0.,0.,-1.));
#1215 = ORIENTED_EDGE('',*,*,#894,.T.);
#1216 = ORIENTED_EDGE('',*,*,#920,.T.);
#1217 = ORIENTED_EDGE('',*,*,#350,.T.);
#1218 = PLANE('',#1219);
#1219 = AXIS2_PLACEMENT_3D('',#1220,#1221,#1222);
#1220 = CARTESIAN_POINT('',(26.2,-65.77054165346,6.2));
#1221 = DIRECTION('',(-1.,0.,0.));
#1222 = DIRECTION('',(0.,1.,0.));
#1223 = ADVANCED_FACE('',(#1224),#1242,.F.);
#1224 = FACE_BOUND('',#1225,.F.);
#1225 = EDGE_LOOP('',(#1226,#1234,#1240,#1241));
#1226 = ORIENTED_EDGE('',*,*,#1227,.T.);
#1227 = EDGE_CURVE('',#1123,#1228,#1230,.T.);
#1228 = VERTEX_POINT('',#1229);
#1229 = CARTESIAN_POINT('',(26.941333699004,-12.29268159553,6.3));
#1230 = LINE('',#1231,#1232);
#1231 = CARTESIAN_POINT('',(27.167803139174,-12.21164953413,6.3));
#1232 = VECTOR('',#1233,1.);
#1233 = DIRECTION('',(-0.941544065183,-0.336889853392,0.));
#1234 = ORIENTED_EDGE('',*,*,#1235,.T.);
#1235 = EDGE_CURVE('',#1228,#247,#1236,.T.);
#1236 = LINE('',#1237,#1238);
#1237 = CARTESIAN_POINT('',(26.941333699004,-12.29268159553,6.2));
#1238 = VECTOR('',#1239,1.);
#1239 = DIRECTION('',(0.,0.,1.));
#1240 = ORIENTED_EDGE('',*,*,#246,.T.);
#1241 = ORIENTED_EDGE('',*,*,#1130,.F.);
#1242 = PLANE('',#1243);
#1243 = AXIS2_PLACEMENT_3D('',#1244,#1245,#1246);
#1244 = CARTESIAN_POINT('',(26.941333699004,-12.29268159553,6.2));
#1245 = DIRECTION('',(-0.336889853392,0.941544065183,0.));
#1246 = DIRECTION('',(0.941544065183,0.336889853392,0.));
#1247 = ADVANCED_FACE('',(#1248),#1266,.F.);
#1248 = FACE_BOUND('',#1249,.F.);
#1249 = EDGE_LOOP('',(#1250,#1258,#1259,#1260));
#1250 = ORIENTED_EDGE('',*,*,#1251,.T.);
#1251 = EDGE_CURVE('',#1252,#1147,#1254,.T.);
#1252 = VERTEX_POINT('',#1253);
#1253 = CARTESIAN_POINT('',(26.207218555115,-13.28252128159,6.3));
#1254 = LINE('',#1255,#1256);
#1255 = CARTESIAN_POINT('',(25.584067113477,-25.96706027729,6.3));
#1256 = VECTOR('',#1257,1.);
#1257 = DIRECTION('',(-4.906767432747E-02,-0.998795456205,0.));
#1258 = ORIENTED_EDGE('',*,*,#1146,.T.);
#1259 = ORIENTED_EDGE('',*,*,#342,.T.);
#1260 = ORIENTED_EDGE('',*,*,#1261,.F.);
#1261 = EDGE_CURVE('',#1252,#335,#1262,.T.);
#1262 = LINE('',#1263,#1264);
#1263 = CARTESIAN_POINT('',(26.207218555115,-13.28252128159,6.2));
#1264 = VECTOR('',#1265,1.);
#1265 = DIRECTION('',(0.,0.,1.));
#1266 = PLANE('',#1267);
#1267 = AXIS2_PLACEMENT_3D('',#1268,#1269,#1270);
#1268 = CARTESIAN_POINT('',(26.2,-13.42945834653,6.2));
#1269 = DIRECTION('',(-0.998795456205,4.906767432747E-02,0.));
#1270 = DIRECTION('',(4.906767432747E-02,0.998795456205,0.));
#1271 = ADVANCED_FACE('',(#1272),#1290,.F.);
#1272 = FACE_BOUND('',#1273,.F.);
#1273 = EDGE_LOOP('',(#1274,#1282,#1288,#1289));
#1274 = ORIENTED_EDGE('',*,*,#1275,.T.);
#1275 = EDGE_CURVE('',#1228,#1276,#1278,.T.);
#1276 = VERTEX_POINT('',#1277);
#1277 = CARTESIAN_POINT('',(26.83500611917,-12.3429707955,6.3));
#1278 = LINE('',#1279,#1280);
#1279 = CARTESIAN_POINT('',(25.83564732038,-12.8156323058,6.3));
#1280 = VECTOR('',#1281,1.);
#1281 = DIRECTION('',(-0.903989293123,-0.42755509343,0.));
#1282 = ORIENTED_EDGE('',*,*,#1283,.T.);
#1283 = EDGE_CURVE('',#1276,#255,#1284,.T.);
#1284 = LINE('',#1285,#1286);
#1285 = CARTESIAN_POINT('',(26.83500611917,-12.3429707955,6.2));
#1286 = VECTOR('',#1287,1.);
#1287 = DIRECTION('',(0.,0.,1.));
#1288 = ORIENTED_EDGE('',*,*,#254,.T.);
#1289 = ORIENTED_EDGE('',*,*,#1235,.F.);
#1290 = PLANE('',#1291);
#1291 = AXIS2_PLACEMENT_3D('',#1292,#1293,#1294);
#1292 = CARTESIAN_POINT('',(26.83500611917,-12.3429707955,6.2));
#1293 = DIRECTION('',(-0.42755509343,0.903989293123,0.));
#1294 = DIRECTION('',(0.903989293123,0.42755509343,0.));
#1295 = ADVANCED_FACE('',(#1296),#1314,.F.);
#1296 = FACE_BOUND('',#1297,.F.);
#1297 = EDGE_LOOP('',(#1298,#1306,#1307,#1308));
#1298 = ORIENTED_EDGE('',*,*,#1299,.T.);
#1299 = EDGE_CURVE('',#1300,#1252,#1302,.T.);
#1300 = VERTEX_POINT('',#1301);
#1301 = CARTESIAN_POINT('',(26.22447705182,-13.16617394746,6.3));
#1302 = LINE('',#1303,#1304);
#1303 = CARTESIAN_POINT('',(24.450417597565,-25.12591132271,6.3));
#1304 = VECTOR('',#1305,1.);
#1305 = DIRECTION('',(-0.146730474455,-0.989176509965,0.));
#1306 = ORIENTED_EDGE('',*,*,#1261,.T.);
#1307 = ORIENTED_EDGE('',*,*,#334,.T.);
#1308 = ORIENTED_EDGE('',*,*,#1309,.F.);
#1309 = EDGE_CURVE('',#1300,#327,#1310,.T.);
#1310 = LINE('',#1311,#1312);
#1311 = CARTESIAN_POINT('',(26.22447705182,-13.16617394746,6.2));
#1312 = VECTOR('',#1313,1.);
#1313 = DIRECTION('',(0.,0.,1.));
#1314 = PLANE('',#1315);
#1315 = AXIS2_PLACEMENT_3D('',#1316,#1317,#1318);
#1316 = CARTESIAN_POINT('',(26.207218555115,-13.28252128159,6.2));
#1317 = DIRECTION('',(-0.989176509965,0.146730474455,0.));
#1318 = DIRECTION('',(0.146730474455,0.989176509965,0.));
#1319 = ADVANCED_FACE('',(#1320),#1338,.F.);
#1320 = FACE_BOUND('',#1321,.F.);
#1321 = EDGE_LOOP('',(#1322,#1330,#1336,#1337));
#1322 = ORIENTED_EDGE('',*,*,#1323,.T.);
#1323 = EDGE_CURVE('',#1276,#1324,#1326,.T.);
#1324 = VERTEX_POINT('',#1325);
#1325 = CARTESIAN_POINT('',(26.734119739265,-12.40343976453,6.3));
#1326 = LINE('',#1327,#1328);
#1327 = CARTESIAN_POINT('',(24.640749802352,-13.65815741838,6.3));
#1328 = VECTOR('',#1329,1.);
#1329 = DIRECTION('',(-0.85772861,-0.514102744193,0.));
#1330 = ORIENTED_EDGE('',*,*,#1331,.T.);
#1331 = EDGE_CURVE('',#1324,#263,#1332,.T.);
#1332 = LINE('',#1333,#1334);
#1333 = CARTESIAN_POINT('',(26.734119739265,-12.40343976453,6.2));
#1334 = VECTOR('',#1335,1.);
#1335 = DIRECTION('',(0.,0.,1.));
#1336 = ORIENTED_EDGE('',*,*,#262,.T.);
#1337 = ORIENTED_EDGE('',*,*,#1283,.F.);
#1338 = PLANE('',#1339);
#1339 = AXIS2_PLACEMENT_3D('',#1340,#1341,#1342);
#1340 = CARTESIAN_POINT('',(26.734119739265,-12.40343976453,6.2));
#1341 = DIRECTION('',(-0.514102744193,0.85772861,0.));
#1342 = DIRECTION('',(0.85772861,0.514102744193,0.));
#1343 = ADVANCED_FACE('',(#1344),#1362,.F.);
#1344 = FACE_BOUND('',#1345,.F.);
#1345 = EDGE_LOOP('',(#1346,#1354,#1355,#1356));
#1346 = ORIENTED_EDGE('',*,*,#1347,.T.);
#1347 = EDGE_CURVE('',#1348,#1300,#1350,.T.);
#1348 = VERTEX_POINT('',#1349);
#1349 = CARTESIAN_POINT('',(26.253056477122,-13.05207848605,6.3));
#1350 = LINE('',#1351,#1352);
#1351 = CARTESIAN_POINT('',(23.487815526601,-24.09153917657,6.3));
#1352 = VECTOR('',#1353,1.);
#1353 = DIRECTION('',(-0.242980179903,-0.970031253195,0.));
#1354 = ORIENTED_EDGE('',*,*,#1309,.T.);
#1355 = ORIENTED_EDGE('',*,*,#326,.T.);
#1356 = ORIENTED_EDGE('',*,*,#1357,.F.);
#1357 = EDGE_CURVE('',#1348,#319,#1358,.T.);
#1358 = LINE('',#1359,#1360);
#1359 = CARTESIAN_POINT('',(26.253056477122,-13.05207848605,6.2));
#1360 = VECTOR('',#1361,1.);
#1361 = DIRECTION('',(0.,0.,1.));
#1362 = PLANE('',#1363);
#1363 = AXIS2_PLACEMENT_3D('',#1364,#1365,#1366);
#1364 = CARTESIAN_POINT('',(26.22447705182,-13.16617394746,6.2));
#1365 = DIRECTION('',(-0.970031253195,0.242980179903,0.));
#1366 = DIRECTION('',(0.242980179903,0.970031253195,0.));
#1367 = ADVANCED_FACE('',(#1368),#1386,.F.);
#1368 = FACE_BOUND('',#1369,.F.);
#1369 = EDGE_LOOP('',(#1370,#1378,#1384,#1385));
#1370 = ORIENTED_EDGE('',*,*,#1371,.T.);
#1371 = EDGE_CURVE('',#1324,#1372,#1374,.T.);
#1372 = VERTEX_POINT('',#1373);
#1373 = CARTESIAN_POINT('',(26.639646150277,-12.47350615341,6.3));
#1374 = LINE('',#1375,#1376);
#1375 = CARTESIAN_POINT('',(23.62608523545,-14.70851525212,6.3));
#1376 = VECTOR('',#1377,1.);
#1377 = DIRECTION('',(-0.803207531481,-0.595699304492,0.));
#1378 = ORIENTED_EDGE('',*,*,#1379,.T.);
#1379 = EDGE_CURVE('',#1372,#271,#1380,.T.);
#1380 = LINE('',#1381,#1382);
#1381 = CARTESIAN_POINT('',(26.639646150277,-12.47350615341,6.2));
#1382 = VECTOR('',#1383,1.);
#1383 = DIRECTION('',(0.,0.,1.));
#1384 = ORIENTED_EDGE('',*,*,#270,.T.);
#1385 = ORIENTED_EDGE('',*,*,#1331,.F.);
#1386 = PLANE('',#1387);
#1387 = AXIS2_PLACEMENT_3D('',#1388,#1389,#1390);
#1388 = CARTESIAN_POINT('',(26.639646150277,-12.47350615341,6.2));
#1389 = DIRECTION('',(-0.595699304492,0.803207531481,0.));
#1390 = DIRECTION('',(0.803207531481,0.595699304492,0.));
#1391 = ADVANCED_FACE('',(#1392),#1410,.F.);
#1392 = FACE_BOUND('',#1393,.F.);
#1393 = EDGE_LOOP('',(#1394,#1402,#1403,#1404));
#1394 = ORIENTED_EDGE('',*,*,#1395,.T.);
#1395 = EDGE_CURVE('',#1396,#1348,#1398,.T.);
#1396 = VERTEX_POINT('',#1397);
#1397 = CARTESIAN_POINT('',(26.292681595533,-12.941333699,6.3));
#1398 = LINE('',#1399,#1400);
#1399 = CARTESIAN_POINT('',(22.734555289369,-22.8856305456,6.3));
#1400 = VECTOR('',#1401,1.);
#1401 = DIRECTION('',(-0.336889853392,-0.941544065183,0.));
#1402 = ORIENTED_EDGE('',*,*,#1357,.T.);
#1403 = ORIENTED_EDGE('',*,*,#318,.T.);
#1404 = ORIENTED_EDGE('',*,*,#1405,.F.);
#1405 = EDGE_CURVE('',#1396,#311,#1406,.T.);
#1406 = LINE('',#1407,#1408);
#1407 = CARTESIAN_POINT('',(26.292681595533,-12.941333699,6.2));
#1408 = VECTOR('',#1409,1.);
#1409 = DIRECTION('',(0.,0.,1.));
#1410 = PLANE('',#1411);
#1411 = AXIS2_PLACEMENT_3D('',#1412,#1413,#1414);
#1412 = CARTESIAN_POINT('',(26.253056477122,-13.05207848605,6.2));
#1413 = DIRECTION('',(-0.941544065183,0.336889853392,0.));
#1414 = DIRECTION('',(0.336889853392,0.941544065183,0.));
#1415 = ADVANCED_FACE('',(#1416),#1434,.F.);
#1416 = FACE_BOUND('',#1417,.F.);
#1417 = EDGE_LOOP('',(#1418,#1426,#1432,#1433));
#1418 = ORIENTED_EDGE('',*,*,#1419,.T.);
#1419 = EDGE_CURVE('',#1372,#1420,#1422,.T.);
#1420 = VERTEX_POINT('',#1421);
#1421 = CARTESIAN_POINT('',(26.552495184515,-12.55249518451,6.3));
#1422 = LINE('',#1423,#1424);
#1423 = CARTESIAN_POINT('',(22.827879704896,-15.92828988015,6.3));
#1424 = VECTOR('',#1425,1.);
#1425 = DIRECTION('',(-0.740951125355,-0.671558954847,0.));
#1426 = ORIENTED_EDGE('',*,*,#1427,.T.);
#1427 = EDGE_CURVE('',#1420,#279,#1428,.T.);
#1428 = LINE('',#1429,#1430);
#1429 = CARTESIAN_POINT('',(26.552495184515,-12.55249518451,6.2));
#1430 = VECTOR('',#1431,1.);
#1431 = DIRECTION('',(0.,0.,1.));
#1432 = ORIENTED_EDGE('',*,*,#278,.T.);
#1433 = ORIENTED_EDGE('',*,*,#1379,.F.);
#1434 = PLANE('',#1435);
#1435 = AXIS2_PLACEMENT_3D('',#1436,#1437,#1438);
#1436 = CARTESIAN_POINT('',(26.552495184515,-12.55249518451,6.2));
#1437 = DIRECTION('',(-0.671558954847,0.740951125355,0.));
#1438 = DIRECTION('',(0.740951125355,0.671558954847,0.));
#1439 = ADVANCED_FACE('',(#1440),#1458,.F.);
#1440 = FACE_BOUND('',#1441,.F.);
#1441 = EDGE_LOOP('',(#1442,#1450,#1451,#1452));
#1442 = ORIENTED_EDGE('',*,*,#1443,.T.);
#1443 = EDGE_CURVE('',#1444,#1396,#1446,.T.);
#1444 = VERTEX_POINT('',#1445);
#1445 = CARTESIAN_POINT('',(26.3429707955,-12.83500611917,6.3));
#1446 = LINE('',#1447,#1448);
#1447 = CARTESIAN_POINT('',(22.220486836079,-21.5512661232,6.3));
#1448 = VECTOR('',#1449,1.);
#1449 = DIRECTION('',(-0.42755509343,-0.903989293123,0.));
#1450 = ORIENTED_EDGE('',*,*,#1405,.T.);
#1451 = ORIENTED_EDGE('',*,*,#310,.T.);
#1452 = ORIENTED_EDGE('',*,*,#1453,.F.);
#1453 = EDGE_CURVE('',#1444,#303,#1454,.T.);
#1454 = LINE('',#1455,#1456);
#1455 = CARTESIAN_POINT('',(26.3429707955,-12.83500611917,6.2));
#1456 = VECTOR('',#1457,1.);
#1457 = DIRECTION('',(0.,0.,1.));
#1458 = PLANE('',#1459);
#1459 = AXIS2_PLACEMENT_3D('',#1460,#1461,#1462);
#1460 = CARTESIAN_POINT('',(26.292681595533,-12.941333699,6.2));
#1461 = DIRECTION('',(-0.903989293123,0.42755509343,0.));
#1462 = DIRECTION('',(0.42755509343,0.903989293123,0.));
#1463 = ADVANCED_FACE('',(#1464),#1482,.F.);
#1464 = FACE_BOUND('',#1465,.F.);
#1465 = EDGE_LOOP('',(#1466,#1474,#1480,#1481));
#1466 = ORIENTED_EDGE('',*,*,#1467,.T.);
#1467 = EDGE_CURVE('',#1420,#1468,#1470,.T.);
#1468 = VERTEX_POINT('',#1469);
#1469 = CARTESIAN_POINT('',(26.473506153419,-12.63964615027,6.3));
#1470 = LINE('',#1471,#1472);
#1471 = CARTESIAN_POINT('',(22.274245229434,-17.27281660363,6.3));
#1472 = VECTOR('',#1473,1.);
#1473 = DIRECTION('',(-0.671558954847,-0.740951125355,0.));
#1474 = ORIENTED_EDGE('',*,*,#1475,.T.);
#1475 = EDGE_CURVE('',#1468,#287,#1476,.T.);
#1476 = LINE('',#1477,#1478);
#1477 = CARTESIAN_POINT('',(26.473506153419,-12.63964615027,6.2));
#1478 = VECTOR('',#1479,1.);
#1479 = DIRECTION('',(0.,0.,1.));
#1480 = ORIENTED_EDGE('',*,*,#286,.T.);
#1481 = ORIENTED_EDGE('',*,*,#1427,.F.);
#1482 = PLANE('',#1483);
#1483 = AXIS2_PLACEMENT_3D('',#1484,#1485,#1486);
#1484 = CARTESIAN_POINT('',(26.473506153419,-12.63964615027,6.2));
#1485 = DIRECTION('',(-0.740951125355,0.671558954847,0.));
#1486 = DIRECTION('',(0.671558954847,0.740951125355,0.));
#1487 = ADVANCED_FACE('',(#1488),#1506,.F.);
#1488 = FACE_BOUND('',#1489,.F.);
#1489 = EDGE_LOOP('',(#1490,#1498,#1499,#1500));
#1490 = ORIENTED_EDGE('',*,*,#1491,.T.);
#1491 = EDGE_CURVE('',#1492,#1444,#1494,.T.);
#1492 = VERTEX_POINT('',#1493);
#1493 = CARTESIAN_POINT('',(26.403439764538,-12.73411973926,6.3));
#1494 = LINE('',#1495,#1496);
#1495 = CARTESIAN_POINT('',(21.966583467063,-20.13656726126,6.3));
#1496 = VECTOR('',#1497,1.);
#1497 = DIRECTION('',(-0.514102744193,-0.85772861,0.));
#1498 = ORIENTED_EDGE('',*,*,#1453,.T.);
#1499 = ORIENTED_EDGE('',*,*,#302,.T.);
#1500 = ORIENTED_EDGE('',*,*,#1501,.F.);
#1501 = EDGE_CURVE('',#1492,#295,#1502,.T.);
#1502 = LINE('',#1503,#1504);
#1503 = CARTESIAN_POINT('',(26.403439764538,-12.73411973926,6.2));
#1504 = VECTOR('',#1505,1.);
#1505 = DIRECTION('',(0.,0.,1.));
#1506 = PLANE('',#1507);
#1507 = AXIS2_PLACEMENT_3D('',#1508,#1509,#1510);
#1508 = CARTESIAN_POINT('',(26.3429707955,-12.83500611917,6.2));
#1509 = DIRECTION('',(-0.85772861,0.514102744193,0.));
#1510 = DIRECTION('',(0.514102744193,0.85772861,0.));
#1511 = ADVANCED_FACE('',(#1512),#1523,.F.);
#1512 = FACE_BOUND('',#1513,.F.);
#1513 = EDGE_LOOP('',(#1514,#1520,#1521,#1522));
#1514 = ORIENTED_EDGE('',*,*,#1515,.T.);
#1515 = EDGE_CURVE('',#1468,#1492,#1516,.T.);
#1516 = LINE('',#1517,#1518);
#1517 = CARTESIAN_POINT('',(21.984124111184,-18.69287710224,6.3));
#1518 = VECTOR('',#1519,1.);
#1519 = DIRECTION('',(-0.595699304492,-0.803207531481,0.));
#1520 = ORIENTED_EDGE('',*,*,#1501,.T.);
#1521 = ORIENTED_EDGE('',*,*,#294,.T.);
#1522 = ORIENTED_EDGE('',*,*,#1475,.F.);
#1523 = PLANE('',#1524);
#1524 = AXIS2_PLACEMENT_3D('',#1525,#1526,#1527);
#1525 = CARTESIAN_POINT('',(26.403439764538,-12.73411973926,6.2));
#1526 = DIRECTION('',(-0.803207531481,0.595699304492,0.));
#1527 = DIRECTION('',(0.595699304492,0.803207531481,0.));
#1528 = ADVANCED_FACE('',(#1529),#1554,.T.);
#1529 = FACE_BOUND('',#1530,.T.);
#1530 = EDGE_LOOP('',(#1531,#1539,#1540,#1548));
#1531 = ORIENTED_EDGE('',*,*,#1532,.F.);
#1532 = EDGE_CURVE('',#383,#1533,#1535,.T.);
#1533 = VERTEX_POINT('',#1534);
#1534 = CARTESIAN_POINT('',(45.15,-53.,12.725));
#1535 = LINE('',#1536,#1537);
#1536 = CARTESIAN_POINT('',(45.15,-53.,10.9));
#1537 = VECTOR('',#1538,1.);
#1538 = DIRECTION('',(0.,0.,1.));
#1539 = ORIENTED_EDGE('',*,*,#382,.T.);
#1540 = ORIENTED_EDGE('',*,*,#1541,.T.);
#1541 = EDGE_CURVE('',#385,#1542,#1544,.T.);
#1542 = VERTEX_POINT('',#1543);
#1543 = CARTESIAN_POINT('',(29.25,-53.,12.725));
#1544 = LINE('',#1545,#1546);
#1545 = CARTESIAN_POINT('',(29.25,-53.,10.9));
#1546 = VECTOR('',#1547,1.);
#1547 = DIRECTION('',(0.,0.,1.));
#1548 = ORIENTED_EDGE('',*,*,#1549,.T.);
#1549 = EDGE_CURVE('',#1542,#1533,#1550,.T.);
#1550 = LINE('',#1551,#1552);
#1551 = CARTESIAN_POINT('',(29.25,-53.,12.725));
#1552 = VECTOR('',#1553,1.);
#1553 = DIRECTION('',(1.,0.,0.));
#1554 = PLANE('',#1555);
#1555 = AXIS2_PLACEMENT_3D('',#1556,#1557,#1558);
#1556 = CARTESIAN_POINT('',(29.25,-53.,10.9));
#1557 = DIRECTION('',(0.,1.,0.));
#1558 = DIRECTION('',(0.,0.,1.));
#1559 = ADVANCED_FACE('',(#1560),#1578,.F.);
#1560 = FACE_BOUND('',#1561,.F.);
#1561 = EDGE_LOOP('',(#1562,#1563,#1564,#1572));
#1562 = ORIENTED_EDGE('',*,*,#1532,.F.);
#1563 = ORIENTED_EDGE('',*,*,#408,.T.);
#1564 = ORIENTED_EDGE('',*,*,#1565,.T.);
#1565 = EDGE_CURVE('',#401,#1566,#1568,.T.);
#1566 = VERTEX_POINT('',#1567);
#1567 = CARTESIAN_POINT('',(45.15,-15.1,12.725));
#1568 = LINE('',#1569,#1570);
#1569 = CARTESIAN_POINT('',(45.15,-15.1,10.9));
#1570 = VECTOR('',#1571,1.);
#1571 = DIRECTION('',(0.,0.,1.));
#1572 = ORIENTED_EDGE('',*,*,#1573,.F.);
#1573 = EDGE_CURVE('',#1533,#1566,#1574,.T.);
#1574 = LINE('',#1575,#1576);
#1575 = CARTESIAN_POINT('',(45.15,-53.,12.725));
#1576 = VECTOR('',#1577,1.);
#1577 = DIRECTION('',(0.,1.,0.));
#1578 = PLANE('',#1579);
#1579 = AXIS2_PLACEMENT_3D('',#1580,#1581,#1582);
#1580 = CARTESIAN_POINT('',(45.15,-53.,10.9));
#1581 = DIRECTION('',(1.,0.,0.));
#1582 = DIRECTION('',(0.,0.,1.));
#1583 = ADVANCED_FACE('',(#1584),#1602,.F.);
#1584 = FACE_BOUND('',#1585,.F.);
#1585 = EDGE_LOOP('',(#1586,#1587,#1588,#1596));
#1586 = ORIENTED_EDGE('',*,*,#1565,.F.);
#1587 = ORIENTED_EDGE('',*,*,#400,.T.);
#1588 = ORIENTED_EDGE('',*,*,#1589,.T.);
#1589 = EDGE_CURVE('',#393,#1590,#1592,.T.);
#1590 = VERTEX_POINT('',#1591);
#1591 = CARTESIAN_POINT('',(29.25,-15.1,12.725));
#1592 = LINE('',#1593,#1594);
#1593 = CARTESIAN_POINT('',(29.25,-15.1,10.9));
#1594 = VECTOR('',#1595,1.);
#1595 = DIRECTION('',(0.,0.,1.));
#1596 = ORIENTED_EDGE('',*,*,#1597,.T.);
#1597 = EDGE_CURVE('',#1590,#1566,#1598,.T.);
#1598 = LINE('',#1599,#1600);
#1599 = CARTESIAN_POINT('',(29.25,-15.1,12.725));
#1600 = VECTOR('',#1601,1.);
#1601 = DIRECTION('',(1.,0.,0.));
#1602 = PLANE('',#1603);
#1603 = AXIS2_PLACEMENT_3D('',#1604,#1605,#1606);
#1604 = CARTESIAN_POINT('',(29.25,-15.1,10.9));
#1605 = DIRECTION('',(0.,1.,0.));
#1606 = DIRECTION('',(0.,0.,1.));
#1607 = ADVANCED_FACE('',(#1608),#1619,.T.);
#1608 = FACE_BOUND('',#1609,.T.);
#1609 = EDGE_LOOP('',(#1610,#1611,#1612,#1613));
#1610 = ORIENTED_EDGE('',*,*,#1541,.F.);
#1611 = ORIENTED_EDGE('',*,*,#392,.T.);
#1612 = ORIENTED_EDGE('',*,*,#1589,.T.);
#1613 = ORIENTED_EDGE('',*,*,#1614,.F.);
#1614 = EDGE_CURVE('',#1542,#1590,#1615,.T.);
#1615 = LINE('',#1616,#1617);
#1616 = CARTESIAN_POINT('',(29.25,-53.,12.725));
#1617 = VECTOR('',#1618,1.);
#1618 = DIRECTION('',(0.,1.,0.));
#1619 = PLANE('',#1620);
#1620 = AXIS2_PLACEMENT_3D('',#1621,#1622,#1623);
#1621 = CARTESIAN_POINT('',(29.25,-53.,10.9));
#1622 = DIRECTION('',(1.,0.,0.));
#1623 = DIRECTION('',(0.,0.,1.));
#1624 = ADVANCED_FACE('',(#1625),#1658,.F.);
#1625 = FACE_BOUND('',#1626,.F.);
#1626 = EDGE_LOOP('',(#1627,#1628,#1636,#1644,#1650,#1651,#1652,#1653,
    #1654,#1655,#1656,#1657));
#1627 = ORIENTED_EDGE('',*,*,#861,.F.);
#1628 = ORIENTED_EDGE('',*,*,#1629,.T.);
#1629 = EDGE_CURVE('',#862,#1630,#1632,.T.);
#1630 = VERTEX_POINT('',#1631);
#1631 = CARTESIAN_POINT('',(26.2,-67.,13.39));
#1632 = LINE('',#1633,#1634);
#1633 = CARTESIAN_POINT('',(26.2,-67.,6.3));
#1634 = VECTOR('',#1635,1.);
#1635 = DIRECTION('',(0.,0.,1.));
#1636 = ORIENTED_EDGE('',*,*,#1637,.T.);
#1637 = EDGE_CURVE('',#1630,#1638,#1640,.T.);
#1638 = VERTEX_POINT('',#1639);
#1639 = CARTESIAN_POINT('',(47.8,-67.,13.39));
#1640 = LINE('',#1641,#1642);
#1641 = CARTESIAN_POINT('',(26.2,-67.,13.39));
#1642 = VECTOR('',#1643,1.);
#1643 = DIRECTION('',(1.,0.,0.));
#1644 = ORIENTED_EDGE('',*,*,#1645,.F.);
#1645 = EDGE_CURVE('',#564,#1638,#1646,.T.);
#1646 = LINE('',#1647,#1648);
#1647 = CARTESIAN_POINT('',(47.8,-67.,6.3));
#1648 = VECTOR('',#1649,1.);
#1649 = DIRECTION('',(0.,0.,1.));
#1650 = ORIENTED_EDGE('',*,*,#572,.F.);
#1651 = ORIENTED_EDGE('',*,*,#608,.F.);
#1652 = ORIENTED_EDGE('',*,*,#632,.F.);
#1653 = ORIENTED_EDGE('',*,*,#649,.T.);
#1654 = ORIENTED_EDGE('',*,*,#683,.F.);
#1655 = ORIENTED_EDGE('',*,*,#774,.F.);
#1656 = ORIENTED_EDGE('',*,*,#820,.F.);
#1657 = ORIENTED_EDGE('',*,*,#836,.T.);
#1658 = PLANE('',#1659);
#1659 = AXIS2_PLACEMENT_3D('',#1660,#1661,#1662);
#1660 = CARTESIAN_POINT('',(26.2,-67.,6.3));
#1661 = DIRECTION('',(0.,1.,0.));
#1662 = DIRECTION('',(1.,0.,0.));
#1663 = ADVANCED_FACE('',(#1664),#1683,.T.);
#1664 = FACE_BOUND('',#1665,.F.);
#1665 = EDGE_LOOP('',(#1666,#1667,#1676,#1682));
#1666 = ORIENTED_EDGE('',*,*,#1645,.T.);
#1667 = ORIENTED_EDGE('',*,*,#1668,.T.);
#1668 = EDGE_CURVE('',#1638,#1669,#1671,.T.);
#1669 = VERTEX_POINT('',#1670);
#1670 = CARTESIAN_POINT('',(49.,-65.8,13.39));
#1671 = CIRCLE('',#1672,1.2);
#1672 = AXIS2_PLACEMENT_3D('',#1673,#1674,#1675);
#1673 = CARTESIAN_POINT('',(47.8,-65.8,13.39));
#1674 = DIRECTION('',(-0.,0.,1.));
#1675 = DIRECTION('',(5.92E-15,-1.,0.));
#1676 = ORIENTED_EDGE('',*,*,#1677,.F.);
#1677 = EDGE_CURVE('',#556,#1669,#1678,.T.);
#1678 = LINE('',#1679,#1680);
#1679 = CARTESIAN_POINT('',(49.,-65.8,6.3));
#1680 = VECTOR('',#1681,1.);
#1681 = DIRECTION('',(0.,0.,1.));
#1682 = ORIENTED_EDGE('',*,*,#563,.F.);
#1683 = CYLINDRICAL_SURFACE('',#1684,1.2);
#1684 = AXIS2_PLACEMENT_3D('',#1685,#1686,#1687);
#1685 = CARTESIAN_POINT('',(47.8,-65.8,6.3));
#1686 = DIRECTION('',(0.,0.,-1.));
#1687 = DIRECTION('',(5.92E-15,-1.,0.));
#1688 = ADVANCED_FACE('',(#1689),#1707,.F.);
#1689 = FACE_BOUND('',#1690,.F.);
#1690 = EDGE_LOOP('',(#1691,#1692,#1700,#1706));
#1691 = ORIENTED_EDGE('',*,*,#1677,.T.);
#1692 = ORIENTED_EDGE('',*,*,#1693,.T.);
#1693 = EDGE_CURVE('',#1669,#1694,#1696,.T.);
#1694 = VERTEX_POINT('',#1695);
#1695 = CARTESIAN_POINT('',(49.,-12.2,13.39));
#1696 = LINE('',#1697,#1698);
#1697 = CARTESIAN_POINT('',(49.,-65.8,13.39));
#1698 = VECTOR('',#1699,1.);
#1699 = DIRECTION('',(0.,1.,0.));
#1700 = ORIENTED_EDGE('',*,*,#1701,.F.);
#1701 = EDGE_CURVE('',#547,#1694,#1702,.T.);
#1702 = LINE('',#1703,#1704);
#1703 = CARTESIAN_POINT('',(49.,-12.2,6.3));
#1704 = VECTOR('',#1705,1.);
#1705 = DIRECTION('',(0.,0.,1.));
#1706 = ORIENTED_EDGE('',*,*,#555,.F.);
#1707 = PLANE('',#1708);
#1708 = AXIS2_PLACEMENT_3D('',#1709,#1710,#1711);
#1709 = CARTESIAN_POINT('',(49.,-65.8,6.3));
#1710 = DIRECTION('',(-1.,0.,0.));
#1711 = DIRECTION('',(0.,1.,0.));
#1712 = ADVANCED_FACE('',(#1713),#1732,.T.);
#1713 = FACE_BOUND('',#1714,.F.);
#1714 = EDGE_LOOP('',(#1715,#1716,#1725,#1731));
#1715 = ORIENTED_EDGE('',*,*,#1701,.T.);
#1716 = ORIENTED_EDGE('',*,*,#1717,.T.);
#1717 = EDGE_CURVE('',#1694,#1718,#1720,.T.);
#1718 = VERTEX_POINT('',#1719);
#1719 = CARTESIAN_POINT('',(47.8,-11.,13.39));
#1720 = CIRCLE('',#1721,1.2);
#1721 = AXIS2_PLACEMENT_3D('',#1722,#1723,#1724);
#1722 = CARTESIAN_POINT('',(47.8,-12.2,13.39));
#1723 = DIRECTION('',(0.,-0.,1.));
#1724 = DIRECTION('',(1.,7.4E-15,0.));
#1725 = ORIENTED_EDGE('',*,*,#1726,.F.);
#1726 = EDGE_CURVE('',#539,#1718,#1727,.T.);
#1727 = LINE('',#1728,#1729);
#1728 = CARTESIAN_POINT('',(47.8,-11.,6.3));
#1729 = VECTOR('',#1730,1.);
#1730 = DIRECTION('',(0.,0.,1.));
#1731 = ORIENTED_EDGE('',*,*,#546,.F.);
#1732 = CYLINDRICAL_SURFACE('',#1733,1.2);
#1733 = AXIS2_PLACEMENT_3D('',#1734,#1735,#1736);
#1734 = CARTESIAN_POINT('',(47.8,-12.2,6.3));
#1735 = DIRECTION('',(0.,0.,-1.));
#1736 = DIRECTION('',(1.,7.4E-15,0.));
#1737 = ADVANCED_FACE('',(#1738),#1788,.F.);
#1738 = FACE_BOUND('',#1739,.F.);
#1739 = EDGE_LOOP('',(#1740,#1741,#1742,#1750,#1758,#1766,#1774,#1782));
#1740 = ORIENTED_EDGE('',*,*,#538,.F.);
#1741 = ORIENTED_EDGE('',*,*,#1726,.T.);
#1742 = ORIENTED_EDGE('',*,*,#1743,.T.);
#1743 = EDGE_CURVE('',#1718,#1744,#1746,.T.);
#1744 = VERTEX_POINT('',#1745);
#1745 = CARTESIAN_POINT('',(27.4,-11.,13.39));
#1746 = LINE('',#1747,#1748);
#1747 = CARTESIAN_POINT('',(47.8,-11.,13.39));
#1748 = VECTOR('',#1749,1.);
#1749 = DIRECTION('',(-1.,0.,0.));
#1750 = ORIENTED_EDGE('',*,*,#1751,.F.);
#1751 = EDGE_CURVE('',#1752,#1744,#1754,.T.);
#1752 = VERTEX_POINT('',#1753);
#1753 = CARTESIAN_POINT('',(27.4,-11.,6.3));
#1754 = LINE('',#1755,#1756);
#1755 = CARTESIAN_POINT('',(27.4,-11.,6.3));
#1756 = VECTOR('',#1757,1.);
#1757 = DIRECTION('',(0.,0.,1.));
#1758 = ORIENTED_EDGE('',*,*,#1759,.F.);
#1759 = EDGE_CURVE('',#1760,#1752,#1762,.T.);
#1760 = VERTEX_POINT('',#1761);
#1761 = CARTESIAN_POINT('',(30.7,-11.,6.3));
#1762 = LINE('',#1763,#1764);
#1763 = CARTESIAN_POINT('',(47.8,-11.,6.3));
#1764 = VECTOR('',#1765,1.);
#1765 = DIRECTION('',(-1.,0.,0.));
#1766 = ORIENTED_EDGE('',*,*,#1767,.T.);
#1767 = EDGE_CURVE('',#1760,#1768,#1770,.T.);
#1768 = VERTEX_POINT('',#1769);
#1769 = CARTESIAN_POINT('',(30.7,-11.,11.8));
#1770 = LINE('',#1771,#1772);
#1771 = CARTESIAN_POINT('',(30.7,-11.,6.25));
#1772 = VECTOR('',#1773,1.);
#1773 = DIRECTION('',(0.,0.,1.));
#1774 = ORIENTED_EDGE('',*,*,#1775,.F.);
#1775 = EDGE_CURVE('',#1776,#1768,#1778,.T.);
#1776 = VERTEX_POINT('',#1777);
#1777 = CARTESIAN_POINT('',(43.7,-11.,11.8));
#1778 = LINE('',#1779,#1780);
#1779 = CARTESIAN_POINT('',(39.25,-11.,11.8));
#1780 = VECTOR('',#1781,1.);
#1781 = DIRECTION('',(-1.,0.,0.));
#1782 = ORIENTED_EDGE('',*,*,#1783,.F.);
#1783 = EDGE_CURVE('',#531,#1776,#1784,.T.);
#1784 = LINE('',#1785,#1786);
#1785 = CARTESIAN_POINT('',(43.7,-11.,6.25));
#1786 = VECTOR('',#1787,1.);
#1787 = DIRECTION('',(0.,0.,1.));
#1788 = PLANE('',#1789);
#1789 = AXIS2_PLACEMENT_3D('',#1790,#1791,#1792);
#1790 = CARTESIAN_POINT('',(47.8,-11.,6.3));
#1791 = DIRECTION('',(0.,-1.,0.));
#1792 = DIRECTION('',(-1.,0.,0.));
#1793 = ADVANCED_FACE('',(#1794),#1812,.F.);
#1794 = FACE_BOUND('',#1795,.F.);
#1795 = EDGE_LOOP('',(#1796,#1804,#1810,#1811));
#1796 = ORIENTED_EDGE('',*,*,#1797,.F.);
#1797 = EDGE_CURVE('',#1798,#1776,#1800,.T.);
#1798 = VERTEX_POINT('',#1799);
#1799 = CARTESIAN_POINT('',(43.7,-11.4,11.8));
#1800 = LINE('',#1801,#1802);
#1801 = CARTESIAN_POINT('',(43.7,-20.,11.8));
#1802 = VECTOR('',#1803,1.);
#1803 = DIRECTION('',(0.,1.,0.));
#1804 = ORIENTED_EDGE('',*,*,#1805,.F.);
#1805 = EDGE_CURVE('',#523,#1798,#1806,.T.);
#1806 = LINE('',#1807,#1808);
#1807 = CARTESIAN_POINT('',(43.7,-11.4,5.9));
#1808 = VECTOR('',#1809,1.);
#1809 = DIRECTION('',(0.,0.,1.));
#1810 = ORIENTED_EDGE('',*,*,#530,.T.);
#1811 = ORIENTED_EDGE('',*,*,#1783,.T.);
#1812 = PLANE('',#1813);
#1813 = AXIS2_PLACEMENT_3D('',#1814,#1815,#1816);
#1814 = CARTESIAN_POINT('',(43.7,-20.,6.2));
#1815 = DIRECTION('',(1.,0.,0.));
#1816 = DIRECTION('',(0.,0.,1.));
#1817 = ADVANCED_FACE('',(#1818),#1868,.F.);
#1818 = FACE_BOUND('',#1819,.F.);
#1819 = EDGE_LOOP('',(#1820,#1828,#1829,#1830,#1838,#1846,#1854,#1862));
#1820 = ORIENTED_EDGE('',*,*,#1821,.F.);
#1821 = EDGE_CURVE('',#515,#1822,#1824,.T.);
#1822 = VERTEX_POINT('',#1823);
#1823 = CARTESIAN_POINT('',(47.,-11.4,12.1));
#1824 = LINE('',#1825,#1826);
#1825 = CARTESIAN_POINT('',(47.,-11.4,5.6));
#1826 = VECTOR('',#1827,1.);
#1827 = DIRECTION('',(0.,0.,1.));
#1828 = ORIENTED_EDGE('',*,*,#522,.T.);
#1829 = ORIENTED_EDGE('',*,*,#1805,.T.);
#1830 = ORIENTED_EDGE('',*,*,#1831,.T.);
#1831 = EDGE_CURVE('',#1798,#1832,#1834,.T.);
#1832 = VERTEX_POINT('',#1833);
#1833 = CARTESIAN_POINT('',(30.7,-11.4,11.8));
#1834 = LINE('',#1835,#1836);
#1835 = CARTESIAN_POINT('',(29.05,-11.4,11.8));
#1836 = VECTOR('',#1837,1.);
#1837 = DIRECTION('',(-1.,0.,0.));
#1838 = ORIENTED_EDGE('',*,*,#1839,.F.);
#1839 = EDGE_CURVE('',#1840,#1832,#1842,.T.);
#1840 = VERTEX_POINT('',#1841);
#1841 = CARTESIAN_POINT('',(30.7,-11.4,6.3));
#1842 = LINE('',#1843,#1844);
#1843 = CARTESIAN_POINT('',(30.7,-11.4,5.9));
#1844 = VECTOR('',#1845,1.);
#1845 = DIRECTION('',(0.,0.,1.));
#1846 = ORIENTED_EDGE('',*,*,#1847,.T.);
#1847 = EDGE_CURVE('',#1840,#1848,#1850,.T.);
#1848 = VERTEX_POINT('',#1849);
#1849 = CARTESIAN_POINT('',(27.4,-11.4,6.3));
#1850 = LINE('',#1851,#1852);
#1851 = CARTESIAN_POINT('',(32.221656284918,-11.4,6.3));
#1852 = VECTOR('',#1853,1.);
#1853 = DIRECTION('',(-1.,0.,0.));
#1854 = ORIENTED_EDGE('',*,*,#1855,.T.);
#1855 = EDGE_CURVE('',#1848,#1856,#1858,.T.);
#1856 = VERTEX_POINT('',#1857);
#1857 = CARTESIAN_POINT('',(27.4,-11.4,12.1));
#1858 = LINE('',#1859,#1860);
#1859 = CARTESIAN_POINT('',(27.4,-11.4,5.6));
#1860 = VECTOR('',#1861,1.);
#1861 = DIRECTION('',(0.,0.,1.));
#1862 = ORIENTED_EDGE('',*,*,#1863,.T.);
#1863 = EDGE_CURVE('',#1856,#1822,#1864,.T.);
#1864 = LINE('',#1865,#1866);
#1865 = CARTESIAN_POINT('',(27.4,-11.4,12.1));
#1866 = VECTOR('',#1867,1.);
#1867 = DIRECTION('',(1.,0.,0.));
#1868 = PLANE('',#1869);
#1869 = AXIS2_PLACEMENT_3D('',#1870,#1871,#1872);
#1870 = CARTESIAN_POINT('',(27.4,-11.4,5.6));
#1871 = DIRECTION('',(0.,1.,0.));
#1872 = DIRECTION('',(0.,0.,1.));
#1873 = ADVANCED_FACE('',(#1874),#1885,.F.);
#1874 = FACE_BOUND('',#1875,.F.);
#1875 = EDGE_LOOP('',(#1876,#1882,#1883,#1884));
#1876 = ORIENTED_EDGE('',*,*,#1877,.F.);
#1877 = EDGE_CURVE('',#1028,#1822,#1878,.T.);
#1878 = LINE('',#1879,#1880);
#1879 = CARTESIAN_POINT('',(47.,-48.1,12.1));
#1880 = VECTOR('',#1881,1.);
#1881 = DIRECTION('',(0.,1.,0.));
#1882 = ORIENTED_EDGE('',*,*,#1027,.T.);
#1883 = ORIENTED_EDGE('',*,*,#514,.T.);
#1884 = ORIENTED_EDGE('',*,*,#1821,.T.);
#1885 = PLANE('',#1886);
#1886 = AXIS2_PLACEMENT_3D('',#1887,#1888,#1889);
#1887 = CARTESIAN_POINT('',(47.,-48.1,5.6));
#1888 = DIRECTION('',(1.,0.,0.));
#1889 = DIRECTION('',(0.,0.,1.));
#1890 = ADVANCED_FACE('',(#1891),#1903,.T.);
#1891 = FACE_BOUND('',#1892,.F.);
#1892 = EDGE_LOOP('',(#1893,#1894,#1895,#1902));
#1893 = ORIENTED_EDGE('',*,*,#473,.F.);
#1894 = ORIENTED_EDGE('',*,*,#957,.F.);
#1895 = ORIENTED_EDGE('',*,*,#1896,.T.);
#1896 = EDGE_CURVE('',#950,#942,#1897,.T.);
#1897 = CIRCLE('',#1898,1.85);
#1898 = AXIS2_PLACEMENT_3D('',#1899,#1900,#1901);
#1899 = CARTESIAN_POINT('',(47.,-52.8,11.6));
#1900 = DIRECTION('',(0.,0.,1.));
#1901 = DIRECTION('',(1.,0.,0.));
#1902 = ORIENTED_EDGE('',*,*,#941,.T.);
#1903 = CYLINDRICAL_SURFACE('',#1904,1.85);
#1904 = AXIS2_PLACEMENT_3D('',#1905,#1906,#1907);
#1905 = CARTESIAN_POINT('',(47.,-52.8,6.3));
#1906 = DIRECTION('',(-0.,-0.,-1.));
#1907 = DIRECTION('',(1.,0.,0.));
#1908 = ADVANCED_FACE('',(#1909),#1928,.F.);
#1909 = FACE_BOUND('',#1910,.T.);
#1910 = EDGE_LOOP('',(#1911,#1912,#1920,#1927));
#1911 = ORIENTED_EDGE('',*,*,#580,.T.);
#1912 = ORIENTED_EDGE('',*,*,#1913,.T.);
#1913 = EDGE_CURVE('',#581,#1914,#1916,.T.);
#1914 = VERTEX_POINT('',#1915);
#1915 = CARTESIAN_POINT('',(48.6,-52.8,6.8));
#1916 = LINE('',#1917,#1918);
#1917 = CARTESIAN_POINT('',(48.6,-52.8,6.2));
#1918 = VECTOR('',#1919,1.);
#1919 = DIRECTION('',(0.,0.,1.));
#1920 = ORIENTED_EDGE('',*,*,#1921,.T.);
#1921 = EDGE_CURVE('',#1914,#1914,#1922,.T.);
#1922 = CIRCLE('',#1923,1.6);
#1923 = AXIS2_PLACEMENT_3D('',#1924,#1925,#1926);
#1924 = CARTESIAN_POINT('',(47.,-52.8,6.8));
#1925 = DIRECTION('',(0.,0.,1.));
#1926 = DIRECTION('',(1.,0.,0.));
#1927 = ORIENTED_EDGE('',*,*,#1913,.F.);
#1928 = CYLINDRICAL_SURFACE('',#1929,1.6);
#1929 = AXIS2_PLACEMENT_3D('',#1930,#1931,#1932);
#1930 = CARTESIAN_POINT('',(47.,-52.8,6.2));
#1931 = DIRECTION('',(-0.,-0.,-1.));
#1932 = DIRECTION('',(1.,0.,0.));
#1933 = ADVANCED_FACE('',(#1934),#1953,.F.);
#1934 = FACE_BOUND('',#1935,.T.);
#1935 = EDGE_LOOP('',(#1936,#1937,#1945,#1952));
#1936 = ORIENTED_EDGE('',*,*,#717,.T.);
#1937 = ORIENTED_EDGE('',*,*,#1938,.T.);
#1938 = EDGE_CURVE('',#718,#1939,#1941,.T.);
#1939 = VERTEX_POINT('',#1940);
#1940 = CARTESIAN_POINT('',(38.8,-64.7,6.8));
#1941 = LINE('',#1942,#1943);
#1942 = CARTESIAN_POINT('',(38.8,-64.7,6.2));
#1943 = VECTOR('',#1944,1.);
#1944 = DIRECTION('',(0.,0.,1.));
#1945 = ORIENTED_EDGE('',*,*,#1946,.T.);
#1946 = EDGE_CURVE('',#1939,#1939,#1947,.T.);
#1947 = CIRCLE('',#1948,1.6);
#1948 = AXIS2_PLACEMENT_3D('',#1949,#1950,#1951);
#1949 = CARTESIAN_POINT('',(37.2,-64.7,6.8));
#1950 = DIRECTION('',(0.,0.,1.));
#1951 = DIRECTION('',(1.,0.,0.));
#1952 = ORIENTED_EDGE('',*,*,#1938,.F.);
#1953 = CYLINDRICAL_SURFACE('',#1954,1.6);
#1954 = AXIS2_PLACEMENT_3D('',#1955,#1956,#1957);
#1955 = CARTESIAN_POINT('',(37.2,-64.7,6.2));
#1956 = DIRECTION('',(-0.,-0.,-1.));
#1957 = DIRECTION('',(1.,0.,0.));
#1958 = ADVANCED_FACE('',(#1959),#1977,.T.);
#1959 = FACE_BOUND('',#1960,.T.);
#1960 = EDGE_LOOP('',(#1961,#1969,#1970,#1971));
#1961 = ORIENTED_EDGE('',*,*,#1962,.T.);
#1962 = EDGE_CURVE('',#1963,#1203,#1965,.T.);
#1963 = VERTEX_POINT('',#1964);
#1964 = CARTESIAN_POINT('',(25.,-63.9,9.2));
#1965 = LINE('',#1966,#1967);
#1966 = CARTESIAN_POINT('',(20.,-63.9,9.2));
#1967 = VECTOR('',#1968,1.);
#1968 = DIRECTION('',(1.,0.,0.));
#1969 = ORIENTED_EDGE('',*,*,#1210,.T.);
#1970 = ORIENTED_EDGE('',*,*,#886,.T.);
#1971 = ORIENTED_EDGE('',*,*,#1972,.T.);
#1972 = EDGE_CURVE('',#879,#1963,#1973,.T.);
#1973 = LINE('',#1974,#1975);
#1974 = CARTESIAN_POINT('',(25.,-63.9,5.7));
#1975 = VECTOR('',#1976,1.);
#1976 = DIRECTION('',(0.,0.,1.));
#1977 = PLANE('',#1978);
#1978 = AXIS2_PLACEMENT_3D('',#1979,#1980,#1981);
#1979 = CARTESIAN_POINT('',(20.,-63.9,5.1));
#1980 = DIRECTION('',(0.,1.,0.));
#1981 = DIRECTION('',(0.,0.,1.));
#1982 = ADVANCED_FACE('',(#1983),#2033,.F.);
#1983 = FACE_BOUND('',#1984,.F.);
#1984 = EDGE_LOOP('',(#1985,#1995,#2003,#2011,#2017,#2018,#2019,#2027));
#1985 = ORIENTED_EDGE('',*,*,#1986,.F.);
#1986 = EDGE_CURVE('',#1987,#1989,#1991,.T.);
#1987 = VERTEX_POINT('',#1988);
#1988 = CARTESIAN_POINT('',(25.,-13.4,6.3));
#1989 = VERTEX_POINT('',#1990);
#1990 = CARTESIAN_POINT('',(25.,-55.4,6.3));
#1991 = LINE('',#1992,#1993);
#1992 = CARTESIAN_POINT('',(25.,-13.4,6.3));
#1993 = VECTOR('',#1994,1.);
#1994 = DIRECTION('',(0.,-1.,0.));
#1995 = ORIENTED_EDGE('',*,*,#1996,.T.);
#1996 = EDGE_CURVE('',#1987,#1997,#1999,.T.);
#1997 = VERTEX_POINT('',#1998);
#1998 = CARTESIAN_POINT('',(25.,-13.4,13.39));
#1999 = LINE('',#2000,#2001);
#2000 = CARTESIAN_POINT('',(25.,-13.4,6.3));
#2001 = VECTOR('',#2002,1.);
#2002 = DIRECTION('',(0.,0.,1.));
#2003 = ORIENTED_EDGE('',*,*,#2004,.T.);
#2004 = EDGE_CURVE('',#1997,#2005,#2007,.T.);
#2005 = VERTEX_POINT('',#2006);
#2006 = CARTESIAN_POINT('',(25.,-65.8,13.39));
#2007 = LINE('',#2008,#2009);
#2008 = CARTESIAN_POINT('',(25.,-13.4,13.39));
#2009 = VECTOR('',#2010,1.);
#2010 = DIRECTION('',(0.,-1.,0.));
#2011 = ORIENTED_EDGE('',*,*,#2012,.F.);
#2012 = EDGE_CURVE('',#870,#2005,#2013,.T.);
#2013 = LINE('',#2014,#2015);
#2014 = CARTESIAN_POINT('',(25.,-65.8,6.3));
#2015 = VECTOR('',#2016,1.);
#2016 = DIRECTION('',(0.,0.,1.));
#2017 = ORIENTED_EDGE('',*,*,#878,.F.);
#2018 = ORIENTED_EDGE('',*,*,#1972,.T.);
#2019 = ORIENTED_EDGE('',*,*,#2020,.F.);
#2020 = EDGE_CURVE('',#2021,#1963,#2023,.T.);
#2021 = VERTEX_POINT('',#2022);
#2022 = CARTESIAN_POINT('',(25.,-55.4,9.2));
#2023 = LINE('',#2024,#2025);
#2024 = CARTESIAN_POINT('',(25.,-38.65,9.2));
#2025 = VECTOR('',#2026,1.);
#2026 = DIRECTION('',(0.,-1.,0.));
#2027 = ORIENTED_EDGE('',*,*,#2028,.F.);
#2028 = EDGE_CURVE('',#1989,#2021,#2029,.T.);
#2029 = LINE('',#2030,#2031);
#2030 = CARTESIAN_POINT('',(25.,-55.4,5.7));
#2031 = VECTOR('',#2032,1.);
#2032 = DIRECTION('',(0.,0.,1.));
#2033 = PLANE('',#2034);
#2034 = AXIS2_PLACEMENT_3D('',#2035,#2036,#2037);
#2035 = CARTESIAN_POINT('',(25.,-13.4,6.3));
#2036 = DIRECTION('',(1.,0.,0.));
#2037 = DIRECTION('',(0.,-1.,0.));
#2038 = ADVANCED_FACE('',(#2039),#2051,.T.);
#2039 = FACE_BOUND('',#2040,.F.);
#2040 = EDGE_LOOP('',(#2041,#2042,#2049,#2050));
#2041 = ORIENTED_EDGE('',*,*,#2012,.T.);
#2042 = ORIENTED_EDGE('',*,*,#2043,.T.);
#2043 = EDGE_CURVE('',#2005,#1630,#2044,.T.);
#2044 = CIRCLE('',#2045,1.2);
#2045 = AXIS2_PLACEMENT_3D('',#2046,#2047,#2048);
#2046 = CARTESIAN_POINT('',(26.2,-65.8,13.39));
#2047 = DIRECTION('',(0.,0.,1.));
#2048 = DIRECTION('',(-1.,3.553E-14,0.));
#2049 = ORIENTED_EDGE('',*,*,#1629,.F.);
#2050 = ORIENTED_EDGE('',*,*,#869,.F.);
#2051 = CYLINDRICAL_SURFACE('',#2052,1.2);
#2052 = AXIS2_PLACEMENT_3D('',#2053,#2054,#2055);
#2053 = CARTESIAN_POINT('',(26.2,-65.8,6.3));
#2054 = DIRECTION('',(-0.,-0.,-1.));
#2055 = DIRECTION('',(-1.,3.553E-14,0.));
#2056 = ADVANCED_FACE('',(#2057),#2061,.T.);
#2057 = FACE_BOUND('',#2058,.T.);
#2058 = EDGE_LOOP('',(#2059,#2060));
#2059 = ORIENTED_EDGE('',*,*,#949,.F.);
#2060 = ORIENTED_EDGE('',*,*,#1896,.T.);
#2061 = PLANE('',#2062);
#2062 = AXIS2_PLACEMENT_3D('',#2063,#2064,#2065);
#2063 = CARTESIAN_POINT('',(47.,-52.8,11.6));
#2064 = DIRECTION('',(0.,0.,1.));
#2065 = DIRECTION('',(1.,0.,0.));
#2066 = ADVANCED_FACE('',(#2067),#2079,.F.);
#2067 = FACE_BOUND('',#2068,.F.);
#2068 = EDGE_LOOP('',(#2069,#2075,#2076,#2077,#2078));
#2069 = ORIENTED_EDGE('',*,*,#2070,.F.);
#2070 = EDGE_CURVE('',#1059,#1856,#2071,.T.);
#2071 = LINE('',#2072,#2073);
#2072 = CARTESIAN_POINT('',(27.4,-48.1,12.1));
#2073 = VECTOR('',#2074,1.);
#2074 = DIRECTION('',(0.,1.,0.));
#2075 = ORIENTED_EDGE('',*,*,#1084,.T.);
#2076 = ORIENTED_EDGE('',*,*,#1035,.T.);
#2077 = ORIENTED_EDGE('',*,*,#1877,.T.);
#2078 = ORIENTED_EDGE('',*,*,#1863,.F.);
#2079 = PLANE('',#2080);
#2080 = AXIS2_PLACEMENT_3D('',#2081,#2082,#2083);
#2081 = CARTESIAN_POINT('',(27.4,-48.1,12.1));
#2082 = DIRECTION('',(0.,0.,1.));
#2083 = DIRECTION('',(1.,0.,0.));
#2084 = ADVANCED_FACE('',(#2085),#2096,.T.);
#2085 = FACE_BOUND('',#2086,.T.);
#2086 = EDGE_LOOP('',(#2087,#2088,#2089,#2095));
#2087 = ORIENTED_EDGE('',*,*,#2070,.F.);
#2088 = ORIENTED_EDGE('',*,*,#1058,.T.);
#2089 = ORIENTED_EDGE('',*,*,#2090,.T.);
#2090 = EDGE_CURVE('',#1061,#1848,#2091,.T.);
#2091 = LINE('',#2092,#2093);
#2092 = CARTESIAN_POINT('',(27.4,-43.59893884022,6.3));
#2093 = VECTOR('',#2094,1.);
#2094 = DIRECTION('',(0.,1.,0.));
#2095 = ORIENTED_EDGE('',*,*,#1855,.T.);
#2096 = PLANE('',#2097);
#2097 = AXIS2_PLACEMENT_3D('',#2098,#2099,#2100);
#2098 = CARTESIAN_POINT('',(27.4,-48.1,5.6));
#2099 = DIRECTION('',(1.,0.,0.));
#2100 = DIRECTION('',(0.,0.,1.));
#2101 = ADVANCED_FACE('',(#2102,#2161),#2172,.T.);
#2102 = FACE_BOUND('',#2103,.T.);
#2103 = EDGE_LOOP('',(#2104,#2113,#2114,#2120,#2121,#2128,#2129,#2135,
    #2136,#2137,#2138,#2139,#2140,#2141,#2142,#2143,#2144,#2145,#2146,
    #2147,#2148,#2149,#2150,#2151,#2152,#2153,#2154));
#2104 = ORIENTED_EDGE('',*,*,#2105,.F.);
#2105 = EDGE_CURVE('',#1179,#2106,#2108,.T.);
#2106 = VERTEX_POINT('',#2107);
#2107 = CARTESIAN_POINT('',(28.85,-52.8,6.3));
#2108 = CIRCLE('',#2109,1.85);
#2109 = AXIS2_PLACEMENT_3D('',#2110,#2111,#2112);
#2110 = CARTESIAN_POINT('',(27.,-52.8,6.3));
#2111 = DIRECTION('',(0.,0.,1.));
#2112 = DIRECTION('',(1.,0.,0.));
#2113 = ORIENTED_EDGE('',*,*,#1186,.T.);
#2114 = ORIENTED_EDGE('',*,*,#2115,.T.);
#2115 = EDGE_CURVE('',#1187,#1989,#2116,.T.);
#2116 = LINE('',#2117,#2118);
#2117 = CARTESIAN_POINT('',(28.521656284918,-55.4,6.3));
#2118 = VECTOR('',#2119,1.);
#2119 = DIRECTION('',(-1.,0.,0.));
#2120 = ORIENTED_EDGE('',*,*,#1986,.F.);
#2121 = ORIENTED_EDGE('',*,*,#2122,.F.);
#2122 = EDGE_CURVE('',#1752,#1987,#2123,.T.);
#2123 = CIRCLE('',#2124,2.4);
#2124 = AXIS2_PLACEMENT_3D('',#2125,#2126,#2127);
#2125 = CARTESIAN_POINT('',(27.4,-13.4,6.3));
#2126 = DIRECTION('',(0.,0.,1.));
#2127 = DIRECTION('',(-5.92E-15,1.,0.));
#2128 = ORIENTED_EDGE('',*,*,#1759,.F.);
#2129 = ORIENTED_EDGE('',*,*,#2130,.F.);
#2130 = EDGE_CURVE('',#1840,#1760,#2131,.T.);
#2131 = LINE('',#2132,#2133);
#2132 = CARTESIAN_POINT('',(30.7,-29.54893884022,6.3));
#2133 = VECTOR('',#2134,1.);
#2134 = DIRECTION('',(0.,1.,0.));
#2135 = ORIENTED_EDGE('',*,*,#1847,.T.);
#2136 = ORIENTED_EDGE('',*,*,#2090,.F.);
#2137 = ORIENTED_EDGE('',*,*,#1068,.T.);
#2138 = ORIENTED_EDGE('',*,*,#1098,.T.);
#2139 = ORIENTED_EDGE('',*,*,#1122,.T.);
#2140 = ORIENTED_EDGE('',*,*,#1227,.T.);
#2141 = ORIENTED_EDGE('',*,*,#1275,.T.);
#2142 = ORIENTED_EDGE('',*,*,#1323,.T.);
#2143 = ORIENTED_EDGE('',*,*,#1371,.T.);
#2144 = ORIENTED_EDGE('',*,*,#1419,.T.);
#2145 = ORIENTED_EDGE('',*,*,#1467,.T.);
#2146 = ORIENTED_EDGE('',*,*,#1515,.T.);
#2147 = ORIENTED_EDGE('',*,*,#1491,.T.);
#2148 = ORIENTED_EDGE('',*,*,#1443,.T.);
#2149 = ORIENTED_EDGE('',*,*,#1395,.T.);
#2150 = ORIENTED_EDGE('',*,*,#1347,.T.);
#2151 = ORIENTED_EDGE('',*,*,#1299,.T.);
#2152 = ORIENTED_EDGE('',*,*,#1251,.T.);
#2153 = ORIENTED_EDGE('',*,*,#1154,.T.);
#2154 = ORIENTED_EDGE('',*,*,#2155,.F.);
#2155 = EDGE_CURVE('',#2106,#1155,#2156,.T.);
#2156 = CIRCLE('',#2157,1.85);
#2157 = AXIS2_PLACEMENT_3D('',#2158,#2159,#2160);
#2158 = CARTESIAN_POINT('',(27.,-52.8,6.3));
#2159 = DIRECTION('',(0.,0.,1.));
#2160 = DIRECTION('',(1.,0.,0.));
#2161 = FACE_BOUND('',#2162,.T.);
#2162 = EDGE_LOOP('',(#2163));
#2163 = ORIENTED_EDGE('',*,*,#2164,.F.);
#2164 = EDGE_CURVE('',#2165,#2165,#2167,.T.);
#2165 = VERTEX_POINT('',#2166);
#2166 = CARTESIAN_POINT('',(28.6,-52.8,6.3));
#2167 = CIRCLE('',#2168,1.6);
#2168 = AXIS2_PLACEMENT_3D('',#2169,#2170,#2171);
#2169 = CARTESIAN_POINT('',(27.,-52.8,6.3));
#2170 = DIRECTION('',(0.,0.,-1.));
#2171 = DIRECTION('',(1.,0.,0.));
#2172 = PLANE('',#2173);
#2173 = AXIS2_PLACEMENT_3D('',#2174,#2175,#2176);
#2174 = CARTESIAN_POINT('',(26.023308360703,-32.38563708432,6.3));
#2175 = DIRECTION('',(-0.,-0.,-1.));
#2176 = DIRECTION('',(-1.,0.,0.));
#2177 = ADVANCED_FACE('',(#2178),#2189,.F.);
#2178 = FACE_BOUND('',#2179,.F.);
#2179 = EDGE_LOOP('',(#2180,#2186,#2187,#2188));
#2180 = ORIENTED_EDGE('',*,*,#2181,.F.);
#2181 = EDGE_CURVE('',#2021,#1195,#2182,.T.);
#2182 = LINE('',#2183,#2184);
#2183 = CARTESIAN_POINT('',(20.,-55.4,9.2));
#2184 = VECTOR('',#2185,1.);
#2185 = DIRECTION('',(1.,0.,0.));
#2186 = ORIENTED_EDGE('',*,*,#2020,.T.);
#2187 = ORIENTED_EDGE('',*,*,#1962,.T.);
#2188 = ORIENTED_EDGE('',*,*,#1202,.T.);
#2189 = PLANE('',#2190);
#2190 = AXIS2_PLACEMENT_3D('',#2191,#2192,#2193);
#2191 = CARTESIAN_POINT('',(20.,-63.9,9.2));
#2192 = DIRECTION('',(0.,0.,1.));
#2193 = DIRECTION('',(1.,0.,0.));
#2194 = ADVANCED_FACE('',(#2195),#2201,.F.);
#2195 = FACE_BOUND('',#2196,.F.);
#2196 = EDGE_LOOP('',(#2197,#2198,#2199,#2200));
#2197 = ORIENTED_EDGE('',*,*,#2181,.T.);
#2198 = ORIENTED_EDGE('',*,*,#1194,.T.);
#2199 = ORIENTED_EDGE('',*,*,#2115,.T.);
#2200 = ORIENTED_EDGE('',*,*,#2028,.T.);
#2201 = PLANE('',#2202);
#2202 = AXIS2_PLACEMENT_3D('',#2203,#2204,#2205);
#2203 = CARTESIAN_POINT('',(20.,-55.4,5.1));
#2204 = DIRECTION('',(0.,1.,0.));
#2205 = DIRECTION('',(0.,0.,1.));
#2206 = ADVANCED_FACE('',(#2207),#2229,.T.);
#2207 = FACE_BOUND('',#2208,.F.);
#2208 = EDGE_LOOP('',(#2209,#2210,#2219,#2226,#2227,#2228));
#2209 = ORIENTED_EDGE('',*,*,#1178,.F.);
#2210 = ORIENTED_EDGE('',*,*,#2211,.T.);
#2211 = EDGE_CURVE('',#1171,#2212,#2214,.T.);
#2212 = VERTEX_POINT('',#2213);
#2213 = CARTESIAN_POINT('',(28.85,-52.8,11.6));
#2214 = CIRCLE('',#2215,1.85);
#2215 = AXIS2_PLACEMENT_3D('',#2216,#2217,#2218);
#2216 = CARTESIAN_POINT('',(27.,-52.8,11.6));
#2217 = DIRECTION('',(0.,0.,1.));
#2218 = DIRECTION('',(1.,0.,0.));
#2219 = ORIENTED_EDGE('',*,*,#2220,.T.);
#2220 = EDGE_CURVE('',#2212,#1163,#2221,.T.);
#2221 = CIRCLE('',#2222,1.85);
#2222 = AXIS2_PLACEMENT_3D('',#2223,#2224,#2225);
#2223 = CARTESIAN_POINT('',(27.,-52.8,11.6));
#2224 = DIRECTION('',(0.,0.,1.));
#2225 = DIRECTION('',(1.,0.,0.));
#2226 = ORIENTED_EDGE('',*,*,#1162,.T.);
#2227 = ORIENTED_EDGE('',*,*,#2155,.F.);
#2228 = ORIENTED_EDGE('',*,*,#2105,.F.);
#2229 = CYLINDRICAL_SURFACE('',#2230,1.85);
#2230 = AXIS2_PLACEMENT_3D('',#2231,#2232,#2233);
#2231 = CARTESIAN_POINT('',(27.,-52.8,6.3));
#2232 = DIRECTION('',(-0.,-0.,-1.));
#2233 = DIRECTION('',(1.,0.,0.));
#2234 = ADVANCED_FACE('',(#2235),#2240,.T.);
#2235 = FACE_BOUND('',#2236,.T.);
#2236 = EDGE_LOOP('',(#2237,#2238,#2239));
#2237 = ORIENTED_EDGE('',*,*,#2211,.T.);
#2238 = ORIENTED_EDGE('',*,*,#2220,.T.);
#2239 = ORIENTED_EDGE('',*,*,#1170,.F.);
#2240 = PLANE('',#2241);
#2241 = AXIS2_PLACEMENT_3D('',#2242,#2243,#2244);
#2242 = CARTESIAN_POINT('',(27.,-52.8,11.6));
#2243 = DIRECTION('',(0.,0.,1.));
#2244 = DIRECTION('',(1.,0.,0.));
#2245 = ADVANCED_FACE('',(#2246,#2252),#2318,.F.);
#2246 = FACE_BOUND('',#2247,.F.);
#2247 = EDGE_LOOP('',(#2248,#2249,#2250,#2251));
#2248 = ORIENTED_EDGE('',*,*,#1614,.F.);
#2249 = ORIENTED_EDGE('',*,*,#1549,.T.);
#2250 = ORIENTED_EDGE('',*,*,#1573,.T.);
#2251 = ORIENTED_EDGE('',*,*,#1597,.F.);
#2252 = FACE_BOUND('',#2253,.F.);
#2253 = EDGE_LOOP('',(#2254,#2264,#2272,#2280,#2288,#2296,#2304,#2312));
#2254 = ORIENTED_EDGE('',*,*,#2255,.F.);
#2255 = EDGE_CURVE('',#2256,#2258,#2260,.T.);
#2256 = VERTEX_POINT('',#2257);
#2257 = CARTESIAN_POINT('',(44.05,-52.6,12.725));
#2258 = VERTEX_POINT('',#2259);
#2259 = CARTESIAN_POINT('',(44.05,-49.45,12.725));
#2260 = LINE('',#2261,#2262);
#2261 = CARTESIAN_POINT('',(44.05,-52.8,12.725));
#2262 = VECTOR('',#2263,1.);
#2263 = DIRECTION('',(0.,1.,0.));
#2264 = ORIENTED_EDGE('',*,*,#2265,.T.);
#2265 = EDGE_CURVE('',#2256,#2266,#2268,.T.);
#2266 = VERTEX_POINT('',#2267);
#2267 = CARTESIAN_POINT('',(30.35,-52.6,12.725));
#2268 = LINE('',#2269,#2270);
#2269 = CARTESIAN_POINT('',(29.8,-52.6,12.725));
#2270 = VECTOR('',#2271,1.);
#2271 = DIRECTION('',(-1.,0.,0.));
#2272 = ORIENTED_EDGE('',*,*,#2273,.T.);
#2273 = EDGE_CURVE('',#2266,#2274,#2276,.T.);
#2274 = VERTEX_POINT('',#2275);
#2275 = CARTESIAN_POINT('',(30.35,-49.45,12.725));
#2276 = LINE('',#2277,#2278);
#2277 = CARTESIAN_POINT('',(30.35,-52.8,12.725));
#2278 = VECTOR('',#2279,1.);
#2279 = DIRECTION('',(0.,1.,0.));
#2280 = ORIENTED_EDGE('',*,*,#2281,.T.);
#2281 = EDGE_CURVE('',#2274,#2282,#2284,.T.);
#2282 = VERTEX_POINT('',#2283);
#2283 = CARTESIAN_POINT('',(29.95,-49.45,12.725));
#2284 = LINE('',#2285,#2286);
#2285 = CARTESIAN_POINT('',(29.6,-49.45,12.725));
#2286 = VECTOR('',#2287,1.);
#2287 = DIRECTION('',(-1.,0.,0.));
#2288 = ORIENTED_EDGE('',*,*,#2289,.T.);
#2289 = EDGE_CURVE('',#2282,#2290,#2292,.T.);
#2290 = VERTEX_POINT('',#2291);
#2291 = CARTESIAN_POINT('',(29.95,-18.35,12.725));
#2292 = LINE('',#2293,#2294);
#2293 = CARTESIAN_POINT('',(29.95,-51.225,12.725));
#2294 = VECTOR('',#2295,1.);
#2295 = DIRECTION('',(0.,1.,0.));
#2296 = ORIENTED_EDGE('',*,*,#2297,.F.);
#2297 = EDGE_CURVE('',#2298,#2290,#2300,.T.);
#2298 = VERTEX_POINT('',#2299);
#2299 = CARTESIAN_POINT('',(44.45,-18.35,12.725));
#2300 = LINE('',#2301,#2302);
#2301 = CARTESIAN_POINT('',(29.6,-18.35,12.725));
#2302 = VECTOR('',#2303,1.);
#2303 = DIRECTION('',(-1.,0.,0.));
#2304 = ORIENTED_EDGE('',*,*,#2305,.F.);
#2305 = EDGE_CURVE('',#2306,#2298,#2308,.T.);
#2306 = VERTEX_POINT('',#2307);
#2307 = CARTESIAN_POINT('',(44.45,-49.45,12.725));
#2308 = LINE('',#2309,#2310);
#2309 = CARTESIAN_POINT('',(44.45,-51.225,12.725));
#2310 = VECTOR('',#2311,1.);
#2311 = DIRECTION('',(0.,1.,0.));
#2312 = ORIENTED_EDGE('',*,*,#2313,.T.);
#2313 = EDGE_CURVE('',#2306,#2258,#2314,.T.);
#2314 = LINE('',#2315,#2316);
#2315 = CARTESIAN_POINT('',(29.6,-49.45,12.725));
#2316 = VECTOR('',#2317,1.);
#2317 = DIRECTION('',(-1.,0.,0.));
#2318 = PLANE('',#2319);
#2319 = AXIS2_PLACEMENT_3D('',#2320,#2321,#2322);
#2320 = CARTESIAN_POINT('',(29.25,-53.,12.725));
#2321 = DIRECTION('',(0.,0.,1.));
#2322 = DIRECTION('',(1.,0.,0.));
#2323 = ADVANCED_FACE('',(#2324,#2340,#2374,#2385,#2396,#2407,#2418,
    #2446,#2480,#2516,#2582,#2618),#2688,.T.);
#2324 = FACE_BOUND('',#2325,.T.);
#2325 = EDGE_LOOP('',(#2326,#2327,#2328,#2335,#2336,#2337,#2338,#2339));
#2326 = ORIENTED_EDGE('',*,*,#1717,.T.);
#2327 = ORIENTED_EDGE('',*,*,#1743,.T.);
#2328 = ORIENTED_EDGE('',*,*,#2329,.T.);
#2329 = EDGE_CURVE('',#1744,#1997,#2330,.T.);
#2330 = CIRCLE('',#2331,2.4);
#2331 = AXIS2_PLACEMENT_3D('',#2332,#2333,#2334);
#2332 = CARTESIAN_POINT('',(27.4,-13.4,13.39));
#2333 = DIRECTION('',(0.,0.,1.));
#2334 = DIRECTION('',(-5.92E-15,1.,0.));
#2335 = ORIENTED_EDGE('',*,*,#2004,.T.);
#2336 = ORIENTED_EDGE('',*,*,#2043,.T.);
#2337 = ORIENTED_EDGE('',*,*,#1637,.T.);
#2338 = ORIENTED_EDGE('',*,*,#1668,.T.);
#2339 = ORIENTED_EDGE('',*,*,#1693,.T.);
#2340 = FACE_BOUND('',#2341,.T.);
#2341 = EDGE_LOOP('',(#2342,#2352,#2360,#2368));
#2342 = ORIENTED_EDGE('',*,*,#2343,.F.);
#2343 = EDGE_CURVE('',#2344,#2346,#2348,.T.);
#2344 = VERTEX_POINT('',#2345);
#2345 = CARTESIAN_POINT('',(29.9,-58.6,13.39));
#2346 = VERTEX_POINT('',#2347);
#2347 = CARTESIAN_POINT('',(28.2,-56.9,13.39));
#2348 = LINE('',#2349,#2350);
#2349 = CARTESIAN_POINT('',(29.9,-58.6,13.39));
#2350 = VECTOR('',#2351,1.);
#2351 = DIRECTION('',(-0.707106781187,0.707106781187,0.));
#2352 = ORIENTED_EDGE('',*,*,#2353,.F.);
#2353 = EDGE_CURVE('',#2354,#2344,#2356,.T.);
#2354 = VERTEX_POINT('',#2355);
#2355 = CARTESIAN_POINT('',(28.2,-60.3,13.39));
#2356 = LINE('',#2357,#2358);
#2357 = CARTESIAN_POINT('',(28.2,-60.3,13.39));
#2358 = VECTOR('',#2359,1.);
#2359 = DIRECTION('',(0.707106781187,0.707106781187,0.));
#2360 = ORIENTED_EDGE('',*,*,#2361,.F.);
#2361 = EDGE_CURVE('',#2362,#2354,#2364,.T.);
#2362 = VERTEX_POINT('',#2363);
#2363 = CARTESIAN_POINT('',(26.5,-58.6,13.39));
#2364 = LINE('',#2365,#2366);
#2365 = CARTESIAN_POINT('',(26.5,-58.6,13.39));
#2366 = VECTOR('',#2367,1.);
#2367 = DIRECTION('',(0.707106781187,-0.707106781187,0.));
#2368 = ORIENTED_EDGE('',*,*,#2369,.F.);
#2369 = EDGE_CURVE('',#2346,#2362,#2370,.T.);
#2370 = LINE('',#2371,#2372);
#2371 = CARTESIAN_POINT('',(28.2,-56.9,13.39));
#2372 = VECTOR('',#2373,1.);
#2373 = DIRECTION('',(-0.707106781187,-0.707106781187,0.));
#2374 = FACE_BOUND('',#2375,.T.);
#2375 = EDGE_LOOP('',(#2376));
#2376 = ORIENTED_EDGE('',*,*,#2377,.F.);
#2377 = EDGE_CURVE('',#2378,#2378,#2380,.T.);
#2378 = VERTEX_POINT('',#2379);
#2379 = CARTESIAN_POINT('',(35.1,-58.65,13.39));
#2380 = CIRCLE('',#2381,2.1);
#2381 = AXIS2_PLACEMENT_3D('',#2382,#2383,#2384);
#2382 = CARTESIAN_POINT('',(33.,-58.65,13.39));
#2383 = DIRECTION('',(0.,0.,1.));
#2384 = DIRECTION('',(1.,0.,0.));
#2385 = FACE_BOUND('',#2386,.T.);
#2386 = EDGE_LOOP('',(#2387));
#2387 = ORIENTED_EDGE('',*,*,#2388,.F.);
#2388 = EDGE_CURVE('',#2389,#2389,#2391,.T.);
#2389 = VERTEX_POINT('',#2390);
#2390 = CARTESIAN_POINT('',(39.1,-62.6,13.39));
#2391 = CIRCLE('',#2392,2.1);
#2392 = AXIS2_PLACEMENT_3D('',#2393,#2394,#2395);
#2393 = CARTESIAN_POINT('',(37.,-62.6,13.39));
#2394 = DIRECTION('',(0.,0.,1.));
#2395 = DIRECTION('',(1.,0.,0.));
#2396 = FACE_BOUND('',#2397,.T.);
#2397 = EDGE_LOOP('',(#2398));
#2398 = ORIENTED_EDGE('',*,*,#2399,.F.);
#2399 = EDGE_CURVE('',#2400,#2400,#2402,.T.);
#2400 = VERTEX_POINT('',#2401);
#2401 = CARTESIAN_POINT('',(38.55,-58.65,13.39));
#2402 = CIRCLE('',#2403,1.55);
#2403 = AXIS2_PLACEMENT_3D('',#2404,#2405,#2406);
#2404 = CARTESIAN_POINT('',(37.,-58.65,13.39));
#2405 = DIRECTION('',(0.,0.,1.));
#2406 = DIRECTION('',(1.,0.,0.));
#2407 = FACE_BOUND('',#2408,.T.);
#2408 = EDGE_LOOP('',(#2409));
#2409 = ORIENTED_EDGE('',*,*,#2410,.F.);
#2410 = EDGE_CURVE('',#2411,#2411,#2413,.T.);
#2411 = VERTEX_POINT('',#2412);
#2412 = CARTESIAN_POINT('',(43.1,-58.65,13.39));
#2413 = CIRCLE('',#2414,2.1);
#2414 = AXIS2_PLACEMENT_3D('',#2415,#2416,#2417);
#2415 = CARTESIAN_POINT('',(41.,-58.65,13.39));
#2416 = DIRECTION('',(0.,0.,1.));
#2417 = DIRECTION('',(1.,0.,0.));
#2418 = FACE_BOUND('',#2419,.T.);
#2419 = EDGE_LOOP('',(#2420,#2430,#2439));
#2420 = ORIENTED_EDGE('',*,*,#2421,.F.);
#2421 = EDGE_CURVE('',#2422,#2424,#2426,.T.);
#2422 = VERTEX_POINT('',#2423);
#2423 = CARTESIAN_POINT('',(38.232882800594,-53.,13.39));
#2424 = VERTEX_POINT('',#2425);
#2425 = CARTESIAN_POINT('',(35.767117199406,-53.,13.39));
#2426 = LINE('',#2427,#2428);
#2427 = CARTESIAN_POINT('',(33.146656284918,-53.,13.39));
#2428 = VECTOR('',#2429,1.);
#2429 = DIRECTION('',(-1.,0.,0.));
#2430 = ORIENTED_EDGE('',*,*,#2431,.F.);
#2431 = EDGE_CURVE('',#2432,#2422,#2434,.T.);
#2432 = VERTEX_POINT('',#2433);
#2433 = CARTESIAN_POINT('',(39.1,-54.7,13.39));
#2434 = CIRCLE('',#2435,2.1);
#2435 = AXIS2_PLACEMENT_3D('',#2436,#2437,#2438);
#2436 = CARTESIAN_POINT('',(37.,-54.7,13.39));
#2437 = DIRECTION('',(0.,0.,1.));
#2438 = DIRECTION('',(1.,0.,0.));
#2439 = ORIENTED_EDGE('',*,*,#2440,.F.);
#2440 = EDGE_CURVE('',#2424,#2432,#2441,.T.);
#2441 = CIRCLE('',#2442,2.1);
#2442 = AXIS2_PLACEMENT_3D('',#2443,#2444,#2445);
#2443 = CARTESIAN_POINT('',(37.,-54.7,13.39));
#2444 = DIRECTION('',(0.,0.,1.));
#2445 = DIRECTION('',(1.,0.,0.));
#2446 = FACE_BOUND('',#2447,.T.);
#2447 = EDGE_LOOP('',(#2448,#2458,#2466,#2474));
#2448 = ORIENTED_EDGE('',*,*,#2449,.F.);
#2449 = EDGE_CURVE('',#2450,#2452,#2454,.T.);
#2450 = VERTEX_POINT('',#2451);
#2451 = CARTESIAN_POINT('',(47.5,-58.6,13.39));
#2452 = VERTEX_POINT('',#2453);
#2453 = CARTESIAN_POINT('',(45.8,-56.9,13.39));
#2454 = LINE('',#2455,#2456);
#2455 = CARTESIAN_POINT('',(47.5,-58.6,13.39));
#2456 = VECTOR('',#2457,1.);
#2457 = DIRECTION('',(-0.707106781187,0.707106781187,0.));
#2458 = ORIENTED_EDGE('',*,*,#2459,.F.);
#2459 = EDGE_CURVE('',#2460,#2450,#2462,.T.);
#2460 = VERTEX_POINT('',#2461);
#2461 = CARTESIAN_POINT('',(45.8,-60.3,13.39));
#2462 = LINE('',#2463,#2464);
#2463 = CARTESIAN_POINT('',(45.8,-60.3,13.39));
#2464 = VECTOR('',#2465,1.);
#2465 = DIRECTION('',(0.707106781187,0.707106781187,0.));
#2466 = ORIENTED_EDGE('',*,*,#2467,.F.);
#2467 = EDGE_CURVE('',#2468,#2460,#2470,.T.);
#2468 = VERTEX_POINT('',#2469);
#2469 = CARTESIAN_POINT('',(44.1,-58.6,13.39));
#2470 = LINE('',#2471,#2472);
#2471 = CARTESIAN_POINT('',(44.1,-58.6,13.39));
#2472 = VECTOR('',#2473,1.);
#2473 = DIRECTION('',(0.707106781187,-0.707106781187,0.));
#2474 = ORIENTED_EDGE('',*,*,#2475,.F.);
#2475 = EDGE_CURVE('',#2452,#2468,#2476,.T.);
#2476 = LINE('',#2477,#2478);
#2477 = CARTESIAN_POINT('',(45.8,-56.9,13.39));
#2478 = VECTOR('',#2479,1.);
#2479 = DIRECTION('',(-0.707106781187,-0.707106781187,0.));
#2480 = FACE_BOUND('',#2481,.T.);
#2481 = EDGE_LOOP('',(#2482,#2493,#2501,#2510));
#2482 = ORIENTED_EDGE('',*,*,#2483,.F.);
#2483 = EDGE_CURVE('',#2484,#2486,#2488,.T.);
#2484 = VERTEX_POINT('',#2485);
#2485 = CARTESIAN_POINT('',(29.25,-16.5387505004,13.39));
#2486 = VERTEX_POINT('',#2487);
#2487 = CARTESIAN_POINT('',(28.,-18.1,13.39));
#2488 = CIRCLE('',#2489,1.6);
#2489 = AXIS2_PLACEMENT_3D('',#2490,#2491,#2492);
#2490 = CARTESIAN_POINT('',(29.6,-18.1,13.39));
#2491 = DIRECTION('',(0.,-0.,1.));
#2492 = DIRECTION('',(0.,1.,0.));
#2493 = ORIENTED_EDGE('',*,*,#2494,.F.);
#2494 = EDGE_CURVE('',#2495,#2484,#2497,.T.);
#2495 = VERTEX_POINT('',#2496);
#2496 = CARTESIAN_POINT('',(29.25,-51.1612494996,13.39));
#2497 = LINE('',#2498,#2499);
#2498 = CARTESIAN_POINT('',(29.25,-46.04893884022,13.39));
#2499 = VECTOR('',#2500,1.);
#2500 = DIRECTION('',(0.,1.,0.));
#2501 = ORIENTED_EDGE('',*,*,#2502,.F.);
#2502 = EDGE_CURVE('',#2503,#2495,#2505,.T.);
#2503 = VERTEX_POINT('',#2504);
#2504 = CARTESIAN_POINT('',(28.,-49.6,13.39));
#2505 = CIRCLE('',#2506,1.6);
#2506 = AXIS2_PLACEMENT_3D('',#2507,#2508,#2509);
#2507 = CARTESIAN_POINT('',(29.6,-49.6,13.39));
#2508 = DIRECTION('',(0.,0.,1.));
#2509 = DIRECTION('',(-1.,8.88E-15,0.));
#2510 = ORIENTED_EDGE('',*,*,#2511,.F.);
#2511 = EDGE_CURVE('',#2486,#2503,#2512,.T.);
#2512 = LINE('',#2513,#2514);
#2513 = CARTESIAN_POINT('',(28.,-18.1,13.39));
#2514 = VECTOR('',#2515,1.);
#2515 = DIRECTION('',(0.,-1.,0.));
#2516 = FACE_BOUND('',#2517,.T.);
#2517 = EDGE_LOOP('',(#2518,#2528,#2536,#2544,#2552,#2560,#2568,#2576));
#2518 = ORIENTED_EDGE('',*,*,#2519,.F.);
#2519 = EDGE_CURVE('',#2520,#2522,#2524,.T.);
#2520 = VERTEX_POINT('',#2521);
#2521 = CARTESIAN_POINT('',(44.05,-52.6,13.39));
#2522 = VERTEX_POINT('',#2523);
#2523 = CARTESIAN_POINT('',(44.05,-49.45,13.39));
#2524 = LINE('',#2525,#2526);
#2525 = CARTESIAN_POINT('',(44.05,-45.84893884022,13.39));
#2526 = VECTOR('',#2527,1.);
#2527 = DIRECTION('',(0.,1.,0.));
#2528 = ORIENTED_EDGE('',*,*,#2529,.T.);
#2529 = EDGE_CURVE('',#2520,#2530,#2532,.T.);
#2530 = VERTEX_POINT('',#2531);
#2531 = CARTESIAN_POINT('',(30.35,-52.6,13.39));
#2532 = LINE('',#2533,#2534);
#2533 = CARTESIAN_POINT('',(33.696656284918,-52.6,13.39));
#2534 = VECTOR('',#2535,1.);
#2535 = DIRECTION('',(-1.,0.,0.));
#2536 = ORIENTED_EDGE('',*,*,#2537,.T.);
#2537 = EDGE_CURVE('',#2530,#2538,#2540,.T.);
#2538 = VERTEX_POINT('',#2539);
#2539 = CARTESIAN_POINT('',(30.35,-49.45,13.39));
#2540 = LINE('',#2541,#2542);
#2541 = CARTESIAN_POINT('',(30.35,-45.84893884022,13.39));
#2542 = VECTOR('',#2543,1.);
#2543 = DIRECTION('',(0.,1.,0.));
#2544 = ORIENTED_EDGE('',*,*,#2545,.T.);
#2545 = EDGE_CURVE('',#2538,#2546,#2548,.T.);
#2546 = VERTEX_POINT('',#2547);
#2547 = CARTESIAN_POINT('',(29.95,-49.45,13.39));
#2548 = LINE('',#2549,#2550);
#2549 = CARTESIAN_POINT('',(33.496656284918,-49.45,13.39));
#2550 = VECTOR('',#2551,1.);
#2551 = DIRECTION('',(-1.,0.,0.));
#2552 = ORIENTED_EDGE('',*,*,#2553,.T.);
#2553 = EDGE_CURVE('',#2546,#2554,#2556,.T.);
#2554 = VERTEX_POINT('',#2555);
#2555 = CARTESIAN_POINT('',(29.95,-18.35,13.39));
#2556 = LINE('',#2557,#2558);
#2557 = CARTESIAN_POINT('',(29.95,-44.27393884022,13.39));
#2558 = VECTOR('',#2559,1.);
#2559 = DIRECTION('',(0.,1.,0.));
#2560 = ORIENTED_EDGE('',*,*,#2561,.F.);
#2561 = EDGE_CURVE('',#2562,#2554,#2564,.T.);
#2562 = VERTEX_POINT('',#2563);
#2563 = CARTESIAN_POINT('',(44.45,-18.35,13.39));
#2564 = LINE('',#2565,#2566);
#2565 = CARTESIAN_POINT('',(33.496656284918,-18.35,13.39));
#2566 = VECTOR('',#2567,1.);
#2567 = DIRECTION('',(-1.,0.,0.));
#2568 = ORIENTED_EDGE('',*,*,#2569,.F.);
#2569 = EDGE_CURVE('',#2570,#2562,#2572,.T.);
#2570 = VERTEX_POINT('',#2571);
#2571 = CARTESIAN_POINT('',(44.45,-49.45,13.39));
#2572 = LINE('',#2573,#2574);
#2573 = CARTESIAN_POINT('',(44.45,-44.27393884022,13.39));
#2574 = VECTOR('',#2575,1.);
#2575 = DIRECTION('',(0.,1.,0.));
#2576 = ORIENTED_EDGE('',*,*,#2577,.T.);
#2577 = EDGE_CURVE('',#2570,#2522,#2578,.T.);
#2578 = LINE('',#2579,#2580);
#2579 = CARTESIAN_POINT('',(33.496656284918,-49.45,13.39));
#2580 = VECTOR('',#2581,1.);
#2581 = DIRECTION('',(-1.,0.,0.));
#2582 = FACE_BOUND('',#2583,.T.);
#2583 = EDGE_LOOP('',(#2584,#2595,#2603,#2612));
#2584 = ORIENTED_EDGE('',*,*,#2585,.F.);
#2585 = EDGE_CURVE('',#2586,#2588,#2590,.T.);
#2586 = VERTEX_POINT('',#2587);
#2587 = CARTESIAN_POINT('',(46.4,-18.1,13.39));
#2588 = VERTEX_POINT('',#2589);
#2589 = CARTESIAN_POINT('',(45.15,-16.5387505004,13.39));
#2590 = CIRCLE('',#2591,1.6);
#2591 = AXIS2_PLACEMENT_3D('',#2592,#2593,#2594);
#2592 = CARTESIAN_POINT('',(44.8,-18.1,13.39));
#2593 = DIRECTION('',(-0.,0.,1.));
#2594 = DIRECTION('',(1.,-2.22E-15,0.));
#2595 = ORIENTED_EDGE('',*,*,#2596,.F.);
#2596 = EDGE_CURVE('',#2597,#2586,#2599,.T.);
#2597 = VERTEX_POINT('',#2598);
#2598 = CARTESIAN_POINT('',(46.4,-49.6,13.39));
#2599 = LINE('',#2600,#2601);
#2600 = CARTESIAN_POINT('',(46.4,-49.6,13.39));
#2601 = VECTOR('',#2602,1.);
#2602 = DIRECTION('',(0.,1.,0.));
#2603 = ORIENTED_EDGE('',*,*,#2604,.F.);
#2604 = EDGE_CURVE('',#2605,#2597,#2607,.T.);
#2605 = VERTEX_POINT('',#2606);
#2606 = CARTESIAN_POINT('',(45.15,-51.1612494996,13.39));
#2607 = CIRCLE('',#2608,1.6);
#2608 = AXIS2_PLACEMENT_3D('',#2609,#2610,#2611);
#2609 = CARTESIAN_POINT('',(44.8,-49.6,13.39));
#2610 = DIRECTION('',(0.,0.,1.));
#2611 = DIRECTION('',(-4.44E-15,-1.,0.));
#2612 = ORIENTED_EDGE('',*,*,#2613,.T.);
#2613 = EDGE_CURVE('',#2605,#2588,#2614,.T.);
#2614 = LINE('',#2615,#2616);
#2615 = CARTESIAN_POINT('',(45.15,-46.04893884022,13.39));
#2616 = VECTOR('',#2617,1.);
#2617 = DIRECTION('',(0.,1.,0.));
#2618 = FACE_BOUND('',#2619,.T.);
#2619 = EDGE_LOOP('',(#2620,#2630,#2639,#2647,#2656,#2664,#2673,#2681));
#2620 = ORIENTED_EDGE('',*,*,#2621,.F.);
#2621 = EDGE_CURVE('',#2622,#2624,#2626,.T.);
#2622 = VERTEX_POINT('',#2623);
#2623 = CARTESIAN_POINT('',(46.5,-13.,13.39));
#2624 = VERTEX_POINT('',#2625);
#2625 = CARTESIAN_POINT('',(27.5,-13.,13.39));
#2626 = LINE('',#2627,#2628);
#2627 = CARTESIAN_POINT('',(46.5,-13.,13.39));
#2628 = VECTOR('',#2629,1.);
#2629 = DIRECTION('',(-1.,0.,0.));
#2630 = ORIENTED_EDGE('',*,*,#2631,.F.);
#2631 = EDGE_CURVE('',#2632,#2622,#2634,.T.);
#2632 = VERTEX_POINT('',#2633);
#2633 = CARTESIAN_POINT('',(47.,-13.5,13.39));
#2634 = CIRCLE('',#2635,0.5);
#2635 = AXIS2_PLACEMENT_3D('',#2636,#2637,#2638);
#2636 = CARTESIAN_POINT('',(46.5,-13.5,13.39));
#2637 = DIRECTION('',(-0.,0.,1.));
#2638 = DIRECTION('',(1.,-7.11E-15,0.));
#2639 = ORIENTED_EDGE('',*,*,#2640,.F.);
#2640 = EDGE_CURVE('',#2641,#2632,#2643,.T.);
#2641 = VERTEX_POINT('',#2642);
#2642 = CARTESIAN_POINT('',(47.,-13.7,13.39));
#2643 = LINE('',#2644,#2645);
#2644 = CARTESIAN_POINT('',(47.,-13.7,13.39));
#2645 = VECTOR('',#2646,1.);
#2646 = DIRECTION('',(0.,1.,0.));
#2647 = ORIENTED_EDGE('',*,*,#2648,.F.);
#2648 = EDGE_CURVE('',#2649,#2641,#2651,.T.);
#2649 = VERTEX_POINT('',#2650);
#2650 = CARTESIAN_POINT('',(46.5,-14.2,13.39));
#2651 = CIRCLE('',#2652,0.5);
#2652 = AXIS2_PLACEMENT_3D('',#2653,#2654,#2655);
#2653 = CARTESIAN_POINT('',(46.5,-13.7,13.39));
#2654 = DIRECTION('',(0.,0.,1.));
#2655 = DIRECTION('',(-1.421E-14,-1.,0.));
#2656 = ORIENTED_EDGE('',*,*,#2657,.F.);
#2657 = EDGE_CURVE('',#2658,#2649,#2660,.T.);
#2658 = VERTEX_POINT('',#2659);
#2659 = CARTESIAN_POINT('',(27.5,-14.2,13.39));
#2660 = LINE('',#2661,#2662);
#2661 = CARTESIAN_POINT('',(27.5,-14.2,13.39));
#2662 = VECTOR('',#2663,1.);
#2663 = DIRECTION('',(1.,0.,0.));
#2664 = ORIENTED_EDGE('',*,*,#2665,.F.);
#2665 = EDGE_CURVE('',#2666,#2658,#2668,.T.);
#2666 = VERTEX_POINT('',#2667);
#2667 = CARTESIAN_POINT('',(27.,-13.7,13.39));
#2668 = CIRCLE('',#2669,0.5);
#2669 = AXIS2_PLACEMENT_3D('',#2670,#2671,#2672);
#2670 = CARTESIAN_POINT('',(27.5,-13.7,13.39));
#2671 = DIRECTION('',(0.,0.,1.));
#2672 = DIRECTION('',(-1.,7.11E-15,0.));
#2673 = ORIENTED_EDGE('',*,*,#2674,.F.);
#2674 = EDGE_CURVE('',#2675,#2666,#2677,.T.);
#2675 = VERTEX_POINT('',#2676);
#2676 = CARTESIAN_POINT('',(27.,-13.5,13.39));
#2677 = LINE('',#2678,#2679);
#2678 = CARTESIAN_POINT('',(27.,-13.5,13.39));
#2679 = VECTOR('',#2680,1.);
#2680 = DIRECTION('',(0.,-1.,0.));
#2681 = ORIENTED_EDGE('',*,*,#2682,.F.);
#2682 = EDGE_CURVE('',#2624,#2675,#2683,.T.);
#2683 = CIRCLE('',#2684,0.5);
#2684 = AXIS2_PLACEMENT_3D('',#2685,#2686,#2687);
#2685 = CARTESIAN_POINT('',(27.5,-13.5,13.39));
#2686 = DIRECTION('',(0.,-0.,1.));
#2687 = DIRECTION('',(7.11E-15,1.,0.));
#2688 = PLANE('',#2689);
#2689 = AXIS2_PLACEMENT_3D('',#2690,#2691,#2692);
#2690 = CARTESIAN_POINT('',(37.043312569837,-39.09787768044,13.39));
#2691 = DIRECTION('',(0.,0.,1.));
#2692 = DIRECTION('',(1.,0.,0.));
#2693 = ADVANCED_FACE('',(#2694),#2705,.F.);
#2694 = FACE_BOUND('',#2695,.F.);
#2695 = EDGE_LOOP('',(#2696,#2702,#2703,#2704));
#2696 = ORIENTED_EDGE('',*,*,#2697,.F.);
#2697 = EDGE_CURVE('',#1832,#1768,#2698,.T.);
#2698 = LINE('',#2699,#2700);
#2699 = CARTESIAN_POINT('',(30.7,-20.,11.8));
#2700 = VECTOR('',#2701,1.);
#2701 = DIRECTION('',(0.,1.,0.));
#2702 = ORIENTED_EDGE('',*,*,#1831,.F.);
#2703 = ORIENTED_EDGE('',*,*,#1797,.T.);
#2704 = ORIENTED_EDGE('',*,*,#1775,.T.);
#2705 = PLANE('',#2706);
#2706 = AXIS2_PLACEMENT_3D('',#2707,#2708,#2709);
#2707 = CARTESIAN_POINT('',(30.7,-20.,11.8));
#2708 = DIRECTION('',(0.,0.,1.));
#2709 = DIRECTION('',(1.,0.,0.));
#2710 = ADVANCED_FACE('',(#2711),#2717,.T.);
#2711 = FACE_BOUND('',#2712,.T.);
#2712 = EDGE_LOOP('',(#2713,#2714,#2715,#2716));
#2713 = ORIENTED_EDGE('',*,*,#2697,.F.);
#2714 = ORIENTED_EDGE('',*,*,#1839,.F.);
#2715 = ORIENTED_EDGE('',*,*,#2130,.T.);
#2716 = ORIENTED_EDGE('',*,*,#1767,.T.);
#2717 = PLANE('',#2718);
#2718 = AXIS2_PLACEMENT_3D('',#2719,#2720,#2721);
#2719 = CARTESIAN_POINT('',(30.7,-20.,6.2));
#2720 = DIRECTION('',(1.,0.,0.));
#2721 = DIRECTION('',(0.,0.,1.));
#2722 = ADVANCED_FACE('',(#2723),#2729,.T.);
#2723 = FACE_BOUND('',#2724,.F.);
#2724 = EDGE_LOOP('',(#2725,#2726,#2727,#2728));
#2725 = ORIENTED_EDGE('',*,*,#1751,.T.);
#2726 = ORIENTED_EDGE('',*,*,#2329,.T.);
#2727 = ORIENTED_EDGE('',*,*,#1996,.F.);
#2728 = ORIENTED_EDGE('',*,*,#2122,.F.);
#2729 = CYLINDRICAL_SURFACE('',#2730,2.4);
#2730 = AXIS2_PLACEMENT_3D('',#2731,#2732,#2733);
#2731 = CARTESIAN_POINT('',(27.4,-13.4,6.3));
#2732 = DIRECTION('',(-0.,-0.,-1.));
#2733 = DIRECTION('',(-5.92E-15,1.,0.));
#2734 = ADVANCED_FACE('',(#2735),#2738,.F.);
#2735 = FACE_BOUND('',#2736,.T.);
#2736 = EDGE_LOOP('',(#2737));
#2737 = ORIENTED_EDGE('',*,*,#1921,.F.);
#2738 = PLANE('',#2739);
#2739 = AXIS2_PLACEMENT_3D('',#2740,#2741,#2742);
#2740 = CARTESIAN_POINT('',(47.,-52.8,6.8));
#2741 = DIRECTION('',(0.,0.,1.));
#2742 = DIRECTION('',(1.,0.,0.));
#2743 = ADVANCED_FACE('',(#2744),#2747,.F.);
#2744 = FACE_BOUND('',#2745,.T.);
#2745 = EDGE_LOOP('',(#2746));
#2746 = ORIENTED_EDGE('',*,*,#1946,.F.);
#2747 = PLANE('',#2748);
#2748 = AXIS2_PLACEMENT_3D('',#2749,#2750,#2751);
#2749 = CARTESIAN_POINT('',(37.2,-64.7,6.8));
#2750 = DIRECTION('',(0.,0.,1.));
#2751 = DIRECTION('',(1.,0.,0.));
#2752 = ADVANCED_FACE('',(#2753),#2772,.F.);
#2753 = FACE_BOUND('',#2754,.T.);
#2754 = EDGE_LOOP('',(#2755,#2756,#2764,#2771));
#2755 = ORIENTED_EDGE('',*,*,#2164,.T.);
#2756 = ORIENTED_EDGE('',*,*,#2757,.T.);
#2757 = EDGE_CURVE('',#2165,#2758,#2760,.T.);
#2758 = VERTEX_POINT('',#2759);
#2759 = CARTESIAN_POINT('',(28.6,-52.8,6.8));
#2760 = LINE('',#2761,#2762);
#2761 = CARTESIAN_POINT('',(28.6,-52.8,6.2));
#2762 = VECTOR('',#2763,1.);
#2763 = DIRECTION('',(0.,0.,1.));
#2764 = ORIENTED_EDGE('',*,*,#2765,.T.);
#2765 = EDGE_CURVE('',#2758,#2758,#2766,.T.);
#2766 = CIRCLE('',#2767,1.6);
#2767 = AXIS2_PLACEMENT_3D('',#2768,#2769,#2770);
#2768 = CARTESIAN_POINT('',(27.,-52.8,6.8));
#2769 = DIRECTION('',(0.,0.,1.));
#2770 = DIRECTION('',(1.,0.,0.));
#2771 = ORIENTED_EDGE('',*,*,#2757,.F.);
#2772 = CYLINDRICAL_SURFACE('',#2773,1.6);
#2773 = AXIS2_PLACEMENT_3D('',#2774,#2775,#2776);
#2774 = CARTESIAN_POINT('',(27.,-52.8,6.2));
#2775 = DIRECTION('',(-0.,-0.,-1.));
#2776 = DIRECTION('',(1.,0.,0.));
#2777 = ADVANCED_FACE('',(#2778),#2794,.F.);
#2778 = FACE_BOUND('',#2779,.F.);
#2779 = EDGE_LOOP('',(#2780,#2786,#2787,#2793));
#2780 = ORIENTED_EDGE('',*,*,#2781,.F.);
#2781 = EDGE_CURVE('',#2256,#2520,#2782,.T.);
#2782 = LINE('',#2783,#2784);
#2783 = CARTESIAN_POINT('',(44.05,-52.6,10.9));
#2784 = VECTOR('',#2785,1.);
#2785 = DIRECTION('',(0.,0.,1.));
#2786 = ORIENTED_EDGE('',*,*,#2255,.T.);
#2787 = ORIENTED_EDGE('',*,*,#2788,.T.);
#2788 = EDGE_CURVE('',#2258,#2522,#2789,.T.);
#2789 = LINE('',#2790,#2791);
#2790 = CARTESIAN_POINT('',(44.05,-49.45,11.645));
#2791 = VECTOR('',#2792,1.);
#2792 = DIRECTION('',(0.,0.,1.));
#2793 = ORIENTED_EDGE('',*,*,#2519,.F.);
#2794 = PLANE('',#2795);
#2795 = AXIS2_PLACEMENT_3D('',#2796,#2797,#2798);
#2796 = CARTESIAN_POINT('',(44.05,-52.6,10.9));
#2797 = DIRECTION('',(1.,0.,0.));
#2798 = DIRECTION('',(0.,0.,1.));
#2799 = ADVANCED_FACE('',(#2800),#2811,.T.);
#2800 = FACE_BOUND('',#2801,.T.);
#2801 = EDGE_LOOP('',(#2802,#2808,#2809,#2810));
#2802 = ORIENTED_EDGE('',*,*,#2803,.F.);
#2803 = EDGE_CURVE('',#2306,#2570,#2804,.T.);
#2804 = LINE('',#2805,#2806);
#2805 = CARTESIAN_POINT('',(44.45,-49.45,12.39));
#2806 = VECTOR('',#2807,1.);
#2807 = DIRECTION('',(0.,0.,1.));
#2808 = ORIENTED_EDGE('',*,*,#2313,.T.);
#2809 = ORIENTED_EDGE('',*,*,#2788,.T.);
#2810 = ORIENTED_EDGE('',*,*,#2577,.F.);
#2811 = PLANE('',#2812);
#2812 = AXIS2_PLACEMENT_3D('',#2813,#2814,#2815);
#2813 = CARTESIAN_POINT('',(29.95,-49.45,12.39));
#2814 = DIRECTION('',(0.,1.,0.));
#2815 = DIRECTION('',(0.,0.,1.));
#2816 = ADVANCED_FACE('',(#2817),#2828,.F.);
#2817 = FACE_BOUND('',#2818,.F.);
#2818 = EDGE_LOOP('',(#2819,#2820,#2821,#2827));
#2819 = ORIENTED_EDGE('',*,*,#2803,.F.);
#2820 = ORIENTED_EDGE('',*,*,#2305,.T.);
#2821 = ORIENTED_EDGE('',*,*,#2822,.T.);
#2822 = EDGE_CURVE('',#2298,#2562,#2823,.T.);
#2823 = LINE('',#2824,#2825);
#2824 = CARTESIAN_POINT('',(44.45,-18.35,12.39));
#2825 = VECTOR('',#2826,1.);
#2826 = DIRECTION('',(0.,0.,1.));
#2827 = ORIENTED_EDGE('',*,*,#2569,.F.);
#2828 = PLANE('',#2829);
#2829 = AXIS2_PLACEMENT_3D('',#2830,#2831,#2832);
#2830 = CARTESIAN_POINT('',(44.45,-49.45,12.39));
#2831 = DIRECTION('',(1.,0.,0.));
#2832 = DIRECTION('',(0.,0.,1.));
#2833 = ADVANCED_FACE('',(#2834),#2845,.F.);
#2834 = FACE_BOUND('',#2835,.F.);
#2835 = EDGE_LOOP('',(#2836,#2837,#2838,#2844));
#2836 = ORIENTED_EDGE('',*,*,#2822,.F.);
#2837 = ORIENTED_EDGE('',*,*,#2297,.T.);
#2838 = ORIENTED_EDGE('',*,*,#2839,.T.);
#2839 = EDGE_CURVE('',#2290,#2554,#2840,.T.);
#2840 = LINE('',#2841,#2842);
#2841 = CARTESIAN_POINT('',(29.95,-18.35,12.39));
#2842 = VECTOR('',#2843,1.);
#2843 = DIRECTION('',(0.,0.,1.));
#2844 = ORIENTED_EDGE('',*,*,#2561,.F.);
#2845 = PLANE('',#2846);
#2846 = AXIS2_PLACEMENT_3D('',#2847,#2848,#2849);
#2847 = CARTESIAN_POINT('',(29.95,-18.35,12.39));
#2848 = DIRECTION('',(0.,1.,0.));
#2849 = DIRECTION('',(0.,0.,1.));
#2850 = ADVANCED_FACE('',(#2851),#2862,.T.);
#2851 = FACE_BOUND('',#2852,.T.);
#2852 = EDGE_LOOP('',(#2853,#2859,#2860,#2861));
#2853 = ORIENTED_EDGE('',*,*,#2854,.F.);
#2854 = EDGE_CURVE('',#2282,#2546,#2855,.T.);
#2855 = LINE('',#2856,#2857);
#2856 = CARTESIAN_POINT('',(29.95,-49.45,12.39));
#2857 = VECTOR('',#2858,1.);
#2858 = DIRECTION('',(0.,0.,1.));
#2859 = ORIENTED_EDGE('',*,*,#2289,.T.);
#2860 = ORIENTED_EDGE('',*,*,#2839,.T.);
#2861 = ORIENTED_EDGE('',*,*,#2553,.F.);
#2862 = PLANE('',#2863);
#2863 = AXIS2_PLACEMENT_3D('',#2864,#2865,#2866);
#2864 = CARTESIAN_POINT('',(29.95,-49.45,12.39));
#2865 = DIRECTION('',(1.,0.,0.));
#2866 = DIRECTION('',(0.,0.,1.));
#2867 = ADVANCED_FACE('',(#2868),#2879,.T.);
#2868 = FACE_BOUND('',#2869,.T.);
#2869 = EDGE_LOOP('',(#2870,#2871,#2872,#2873));
#2870 = ORIENTED_EDGE('',*,*,#2281,.T.);
#2871 = ORIENTED_EDGE('',*,*,#2854,.T.);
#2872 = ORIENTED_EDGE('',*,*,#2545,.F.);
#2873 = ORIENTED_EDGE('',*,*,#2874,.F.);
#2874 = EDGE_CURVE('',#2274,#2538,#2875,.T.);
#2875 = LINE('',#2876,#2877);
#2876 = CARTESIAN_POINT('',(30.35,-49.45,11.645));
#2877 = VECTOR('',#2878,1.);
#2878 = DIRECTION('',(0.,0.,1.));
#2879 = PLANE('',#2880);
#2880 = AXIS2_PLACEMENT_3D('',#2881,#2882,#2883);
#2881 = CARTESIAN_POINT('',(29.95,-49.45,12.39));
#2882 = DIRECTION('',(0.,1.,0.));
#2883 = DIRECTION('',(0.,0.,1.));
#2884 = ADVANCED_FACE('',(#2885),#2896,.T.);
#2885 = FACE_BOUND('',#2886,.T.);
#2886 = EDGE_LOOP('',(#2887,#2893,#2894,#2895));
#2887 = ORIENTED_EDGE('',*,*,#2888,.F.);
#2888 = EDGE_CURVE('',#2266,#2530,#2889,.T.);
#2889 = LINE('',#2890,#2891);
#2890 = CARTESIAN_POINT('',(30.35,-52.6,10.9));
#2891 = VECTOR('',#2892,1.);
#2892 = DIRECTION('',(0.,0.,1.));
#2893 = ORIENTED_EDGE('',*,*,#2273,.T.);
#2894 = ORIENTED_EDGE('',*,*,#2874,.T.);
#2895 = ORIENTED_EDGE('',*,*,#2537,.F.);
#2896 = PLANE('',#2897);
#2897 = AXIS2_PLACEMENT_3D('',#2898,#2899,#2900);
#2898 = CARTESIAN_POINT('',(30.35,-52.6,10.9));
#2899 = DIRECTION('',(1.,0.,0.));
#2900 = DIRECTION('',(0.,0.,1.));
#2901 = ADVANCED_FACE('',(#2902),#2908,.T.);
#2902 = FACE_BOUND('',#2903,.T.);
#2903 = EDGE_LOOP('',(#2904,#2905,#2906,#2907));
#2904 = ORIENTED_EDGE('',*,*,#2781,.F.);
#2905 = ORIENTED_EDGE('',*,*,#2265,.T.);
#2906 = ORIENTED_EDGE('',*,*,#2888,.T.);
#2907 = ORIENTED_EDGE('',*,*,#2529,.F.);
#2908 = PLANE('',#2909);
#2909 = AXIS2_PLACEMENT_3D('',#2910,#2911,#2912);
#2910 = CARTESIAN_POINT('',(30.35,-52.6,10.9));
#2911 = DIRECTION('',(0.,1.,0.));
#2912 = DIRECTION('',(0.,0.,1.));
#2913 = ADVANCED_FACE('',(#2914),#2939,.T.);
#2914 = FACE_BOUND('',#2915,.T.);
#2915 = EDGE_LOOP('',(#2916,#2924,#2925,#2933));
#2916 = ORIENTED_EDGE('',*,*,#2917,.T.);
#2917 = EDGE_CURVE('',#2918,#2344,#2920,.T.);
#2918 = VERTEX_POINT('',#2919);
#2919 = CARTESIAN_POINT('',(29.9,-58.6,12.99));
#2920 = LINE('',#2921,#2922);
#2921 = CARTESIAN_POINT('',(29.9,-58.6,12.99));
#2922 = VECTOR('',#2923,1.);
#2923 = DIRECTION('',(0.,0.,1.));
#2924 = ORIENTED_EDGE('',*,*,#2343,.T.);
#2925 = ORIENTED_EDGE('',*,*,#2926,.F.);
#2926 = EDGE_CURVE('',#2927,#2346,#2929,.T.);
#2927 = VERTEX_POINT('',#2928);
#2928 = CARTESIAN_POINT('',(28.2,-56.9,12.99));
#2929 = LINE('',#2930,#2931);
#2930 = CARTESIAN_POINT('',(28.2,-56.9,12.99));
#2931 = VECTOR('',#2932,1.);
#2932 = DIRECTION('',(0.,0.,1.));
#2933 = ORIENTED_EDGE('',*,*,#2934,.F.);
#2934 = EDGE_CURVE('',#2918,#2927,#2935,.T.);
#2935 = LINE('',#2936,#2937);
#2936 = CARTESIAN_POINT('',(29.9,-58.6,12.99));
#2937 = VECTOR('',#2938,1.);
#2938 = DIRECTION('',(-0.707106781187,0.707106781187,0.));
#2939 = PLANE('',#2940);
#2940 = AXIS2_PLACEMENT_3D('',#2941,#2942,#2943);
#2941 = CARTESIAN_POINT('',(29.9,-58.6,12.99));
#2942 = DIRECTION('',(-0.707106781187,-0.707106781187,0.));
#2943 = DIRECTION('',(-0.707106781187,0.707106781187,0.));
#2944 = ADVANCED_FACE('',(#2945),#2963,.T.);
#2945 = FACE_BOUND('',#2946,.T.);
#2946 = EDGE_LOOP('',(#2947,#2948,#2949,#2957));
#2947 = ORIENTED_EDGE('',*,*,#2926,.T.);
#2948 = ORIENTED_EDGE('',*,*,#2369,.T.);
#2949 = ORIENTED_EDGE('',*,*,#2950,.F.);
#2950 = EDGE_CURVE('',#2951,#2362,#2953,.T.);
#2951 = VERTEX_POINT('',#2952);
#2952 = CARTESIAN_POINT('',(26.5,-58.6,12.99));
#2953 = LINE('',#2954,#2955);
#2954 = CARTESIAN_POINT('',(26.5,-58.6,12.99));
#2955 = VECTOR('',#2956,1.);
#2956 = DIRECTION('',(0.,0.,1.));
#2957 = ORIENTED_EDGE('',*,*,#2958,.F.);
#2958 = EDGE_CURVE('',#2927,#2951,#2959,.T.);
#2959 = LINE('',#2960,#2961);
#2960 = CARTESIAN_POINT('',(28.2,-56.9,12.99));
#2961 = VECTOR('',#2962,1.);
#2962 = DIRECTION('',(-0.707106781187,-0.707106781187,0.));
#2963 = PLANE('',#2964);
#2964 = AXIS2_PLACEMENT_3D('',#2965,#2966,#2967);
#2965 = CARTESIAN_POINT('',(28.2,-56.9,12.99));
#2966 = DIRECTION('',(0.707106781187,-0.707106781187,0.));
#2967 = DIRECTION('',(-0.707106781187,-0.707106781187,0.));
#2968 = ADVANCED_FACE('',(#2969),#2987,.T.);
#2969 = FACE_BOUND('',#2970,.T.);
#2970 = EDGE_LOOP('',(#2971,#2972,#2973,#2981));
#2971 = ORIENTED_EDGE('',*,*,#2950,.T.);
#2972 = ORIENTED_EDGE('',*,*,#2361,.T.);
#2973 = ORIENTED_EDGE('',*,*,#2974,.F.);
#2974 = EDGE_CURVE('',#2975,#2354,#2977,.T.);
#2975 = VERTEX_POINT('',#2976);
#2976 = CARTESIAN_POINT('',(28.2,-60.3,12.99));
#2977 = LINE('',#2978,#2979);
#2978 = CARTESIAN_POINT('',(28.2,-60.3,12.99));
#2979 = VECTOR('',#2980,1.);
#2980 = DIRECTION('',(0.,0.,1.));
#2981 = ORIENTED_EDGE('',*,*,#2982,.F.);
#2982 = EDGE_CURVE('',#2951,#2975,#2983,.T.);
#2983 = LINE('',#2984,#2985);
#2984 = CARTESIAN_POINT('',(26.5,-58.6,12.99));
#2985 = VECTOR('',#2986,1.);
#2986 = DIRECTION('',(0.707106781187,-0.707106781187,0.));
#2987 = PLANE('',#2988);
#2988 = AXIS2_PLACEMENT_3D('',#2989,#2990,#2991);
#2989 = CARTESIAN_POINT('',(26.5,-58.6,12.99));
#2990 = DIRECTION('',(0.707106781187,0.707106781187,0.));
#2991 = DIRECTION('',(0.707106781187,-0.707106781187,0.));
#2992 = ADVANCED_FACE('',(#2993),#3004,.T.);
#2993 = FACE_BOUND('',#2994,.T.);
#2994 = EDGE_LOOP('',(#2995,#2996,#2997,#2998));
#2995 = ORIENTED_EDGE('',*,*,#2974,.T.);
#2996 = ORIENTED_EDGE('',*,*,#2353,.T.);
#2997 = ORIENTED_EDGE('',*,*,#2917,.F.);
#2998 = ORIENTED_EDGE('',*,*,#2999,.F.);
#2999 = EDGE_CURVE('',#2975,#2918,#3000,.T.);
#3000 = LINE('',#3001,#3002);
#3001 = CARTESIAN_POINT('',(28.2,-60.3,12.99));
#3002 = VECTOR('',#3003,1.);
#3003 = DIRECTION('',(0.707106781187,0.707106781187,0.));
#3004 = PLANE('',#3005);
#3005 = AXIS2_PLACEMENT_3D('',#3006,#3007,#3008);
#3006 = CARTESIAN_POINT('',(28.2,-60.3,12.99));
#3007 = DIRECTION('',(-0.707106781187,0.707106781187,0.));
#3008 = DIRECTION('',(0.707106781187,0.707106781187,0.));
#3009 = ADVANCED_FACE('',(#3010),#3029,.F.);
#3010 = FACE_BOUND('',#3011,.T.);
#3011 = EDGE_LOOP('',(#3012,#3020,#3021,#3022));
#3012 = ORIENTED_EDGE('',*,*,#3013,.T.);
#3013 = EDGE_CURVE('',#3014,#2378,#3016,.T.);
#3014 = VERTEX_POINT('',#3015);
#3015 = CARTESIAN_POINT('',(35.1,-58.65,12.99));
#3016 = LINE('',#3017,#3018);
#3017 = CARTESIAN_POINT('',(35.1,-58.65,12.99));
#3018 = VECTOR('',#3019,1.);
#3019 = DIRECTION('',(0.,0.,1.));
#3020 = ORIENTED_EDGE('',*,*,#2377,.T.);
#3021 = ORIENTED_EDGE('',*,*,#3013,.F.);
#3022 = ORIENTED_EDGE('',*,*,#3023,.F.);
#3023 = EDGE_CURVE('',#3014,#3014,#3024,.T.);
#3024 = CIRCLE('',#3025,2.1);
#3025 = AXIS2_PLACEMENT_3D('',#3026,#3027,#3028);
#3026 = CARTESIAN_POINT('',(33.,-58.65,12.99));
#3027 = DIRECTION('',(0.,0.,1.));
#3028 = DIRECTION('',(1.,0.,0.));
#3029 = CYLINDRICAL_SURFACE('',#3030,2.1);
#3030 = AXIS2_PLACEMENT_3D('',#3031,#3032,#3033);
#3031 = CARTESIAN_POINT('',(33.,-58.65,12.99));
#3032 = DIRECTION('',(-0.,-0.,-1.));
#3033 = DIRECTION('',(1.,0.,0.));
#3034 = ADVANCED_FACE('',(#3035),#3054,.F.);
#3035 = FACE_BOUND('',#3036,.T.);
#3036 = EDGE_LOOP('',(#3037,#3045,#3046,#3047));
#3037 = ORIENTED_EDGE('',*,*,#3038,.T.);
#3038 = EDGE_CURVE('',#3039,#2389,#3041,.T.);
#3039 = VERTEX_POINT('',#3040);
#3040 = CARTESIAN_POINT('',(39.1,-62.6,12.99));
#3041 = LINE('',#3042,#3043);
#3042 = CARTESIAN_POINT('',(39.1,-62.6,12.99));
#3043 = VECTOR('',#3044,1.);
#3044 = DIRECTION('',(0.,0.,1.));
#3045 = ORIENTED_EDGE('',*,*,#2388,.T.);
#3046 = ORIENTED_EDGE('',*,*,#3038,.F.);
#3047 = ORIENTED_EDGE('',*,*,#3048,.F.);
#3048 = EDGE_CURVE('',#3039,#3039,#3049,.T.);
#3049 = CIRCLE('',#3050,2.1);
#3050 = AXIS2_PLACEMENT_3D('',#3051,#3052,#3053);
#3051 = CARTESIAN_POINT('',(37.,-62.6,12.99));
#3052 = DIRECTION('',(0.,0.,1.));
#3053 = DIRECTION('',(1.,0.,0.));
#3054 = CYLINDRICAL_SURFACE('',#3055,2.1);
#3055 = AXIS2_PLACEMENT_3D('',#3056,#3057,#3058);
#3056 = CARTESIAN_POINT('',(37.,-62.6,12.99));
#3057 = DIRECTION('',(-0.,-0.,-1.));
#3058 = DIRECTION('',(1.,0.,0.));
#3059 = ADVANCED_FACE('',(#3060),#3079,.F.);
#3060 = FACE_BOUND('',#3061,.T.);
#3061 = EDGE_LOOP('',(#3062,#3070,#3071,#3072));
#3062 = ORIENTED_EDGE('',*,*,#3063,.T.);
#3063 = EDGE_CURVE('',#3064,#2400,#3066,.T.);
#3064 = VERTEX_POINT('',#3065);
#3065 = CARTESIAN_POINT('',(38.55,-58.65,12.99));
#3066 = LINE('',#3067,#3068);
#3067 = CARTESIAN_POINT('',(38.55,-58.65,12.99));
#3068 = VECTOR('',#3069,1.);
#3069 = DIRECTION('',(0.,0.,1.));
#3070 = ORIENTED_EDGE('',*,*,#2399,.T.);
#3071 = ORIENTED_EDGE('',*,*,#3063,.F.);
#3072 = ORIENTED_EDGE('',*,*,#3073,.F.);
#3073 = EDGE_CURVE('',#3064,#3064,#3074,.T.);
#3074 = CIRCLE('',#3075,1.55);
#3075 = AXIS2_PLACEMENT_3D('',#3076,#3077,#3078);
#3076 = CARTESIAN_POINT('',(37.,-58.65,12.99));
#3077 = DIRECTION('',(0.,0.,1.));
#3078 = DIRECTION('',(1.,0.,0.));
#3079 = CYLINDRICAL_SURFACE('',#3080,1.55);
#3080 = AXIS2_PLACEMENT_3D('',#3081,#3082,#3083);
#3081 = CARTESIAN_POINT('',(37.,-58.65,12.99));
#3082 = DIRECTION('',(-0.,-0.,-1.));
#3083 = DIRECTION('',(1.,0.,0.));
#3084 = ADVANCED_FACE('',(#3085),#3104,.F.);
#3085 = FACE_BOUND('',#3086,.T.);
#3086 = EDGE_LOOP('',(#3087,#3095,#3096,#3097));
#3087 = ORIENTED_EDGE('',*,*,#3088,.T.);
#3088 = EDGE_CURVE('',#3089,#2411,#3091,.T.);
#3089 = VERTEX_POINT('',#3090);
#3090 = CARTESIAN_POINT('',(43.1,-58.65,12.99));
#3091 = LINE('',#3092,#3093);
#3092 = CARTESIAN_POINT('',(43.1,-58.65,12.99));
#3093 = VECTOR('',#3094,1.);
#3094 = DIRECTION('',(0.,0.,1.));
#3095 = ORIENTED_EDGE('',*,*,#2410,.T.);
#3096 = ORIENTED_EDGE('',*,*,#3088,.F.);
#3097 = ORIENTED_EDGE('',*,*,#3098,.F.);
#3098 = EDGE_CURVE('',#3089,#3089,#3099,.T.);
#3099 = CIRCLE('',#3100,2.1);
#3100 = AXIS2_PLACEMENT_3D('',#3101,#3102,#3103);
#3101 = CARTESIAN_POINT('',(41.,-58.65,12.99));
#3102 = DIRECTION('',(0.,0.,1.));
#3103 = DIRECTION('',(1.,0.,0.));
#3104 = CYLINDRICAL_SURFACE('',#3105,2.1);
#3105 = AXIS2_PLACEMENT_3D('',#3106,#3107,#3108);
#3106 = CARTESIAN_POINT('',(41.,-58.65,12.99));
#3107 = DIRECTION('',(-0.,-0.,-1.));
#3108 = DIRECTION('',(1.,0.,0.));
#3109 = ADVANCED_FACE('',(#3110),#3135,.F.);
#3110 = FACE_BOUND('',#3111,.F.);
#3111 = EDGE_LOOP('',(#3112,#3120,#3128,#3134));
#3112 = ORIENTED_EDGE('',*,*,#3113,.T.);
#3113 = EDGE_CURVE('',#2422,#3114,#3116,.T.);
#3114 = VERTEX_POINT('',#3115);
#3115 = CARTESIAN_POINT('',(38.232882800594,-53.,12.99));
#3116 = LINE('',#3117,#3118);
#3117 = CARTESIAN_POINT('',(38.232882800594,-53.,12.99));
#3118 = VECTOR('',#3119,1.);
#3119 = DIRECTION('',(-0.,-0.,-1.));
#3120 = ORIENTED_EDGE('',*,*,#3121,.T.);
#3121 = EDGE_CURVE('',#3114,#3122,#3124,.T.);
#3122 = VERTEX_POINT('',#3123);
#3123 = CARTESIAN_POINT('',(35.767117199406,-53.,12.99));
#3124 = LINE('',#3125,#3126);
#3125 = CARTESIAN_POINT('',(33.143912304081,-53.,12.99));
#3126 = VECTOR('',#3127,1.);
#3127 = DIRECTION('',(-1.,0.,0.));
#3128 = ORIENTED_EDGE('',*,*,#3129,.F.);
#3129 = EDGE_CURVE('',#2424,#3122,#3130,.T.);
#3130 = LINE('',#3131,#3132);
#3131 = CARTESIAN_POINT('',(35.767117199406,-53.,12.99));
#3132 = VECTOR('',#3133,1.);
#3133 = DIRECTION('',(-0.,-0.,-1.));
#3134 = ORIENTED_EDGE('',*,*,#2421,.F.);
#3135 = PLANE('',#3136);
#3136 = AXIS2_PLACEMENT_3D('',#3137,#3138,#3139);
#3137 = CARTESIAN_POINT('',(29.25,-53.,11.7));
#3138 = DIRECTION('',(0.,1.,0.));
#3139 = DIRECTION('',(0.,0.,1.));
#3140 = ADVANCED_FACE('',(#3141),#3163,.F.);
#3141 = FACE_BOUND('',#3142,.T.);
#3142 = EDGE_LOOP('',(#3143,#3144,#3145,#3146,#3147,#3156));
#3143 = ORIENTED_EDGE('',*,*,#3129,.F.);
#3144 = ORIENTED_EDGE('',*,*,#2440,.T.);
#3145 = ORIENTED_EDGE('',*,*,#2431,.T.);
#3146 = ORIENTED_EDGE('',*,*,#3113,.T.);
#3147 = ORIENTED_EDGE('',*,*,#3148,.F.);
#3148 = EDGE_CURVE('',#3149,#3114,#3151,.T.);
#3149 = VERTEX_POINT('',#3150);
#3150 = CARTESIAN_POINT('',(39.1,-54.7,12.99));
#3151 = CIRCLE('',#3152,2.1);
#3152 = AXIS2_PLACEMENT_3D('',#3153,#3154,#3155);
#3153 = CARTESIAN_POINT('',(37.,-54.7,12.99));
#3154 = DIRECTION('',(0.,0.,1.));
#3155 = DIRECTION('',(1.,0.,0.));
#3156 = ORIENTED_EDGE('',*,*,#3157,.F.);
#3157 = EDGE_CURVE('',#3122,#3149,#3158,.T.);
#3158 = CIRCLE('',#3159,2.1);
#3159 = AXIS2_PLACEMENT_3D('',#3160,#3161,#3162);
#3160 = CARTESIAN_POINT('',(37.,-54.7,12.99));
#3161 = DIRECTION('',(0.,0.,1.));
#3162 = DIRECTION('',(1.,0.,0.));
#3163 = CYLINDRICAL_SURFACE('',#3164,2.1);
#3164 = AXIS2_PLACEMENT_3D('',#3165,#3166,#3167);
#3165 = CARTESIAN_POINT('',(37.,-54.7,12.99));
#3166 = DIRECTION('',(-0.,-0.,-1.));
#3167 = DIRECTION('',(1.,0.,0.));
#3168 = ADVANCED_FACE('',(#3169),#3194,.T.);
#3169 = FACE_BOUND('',#3170,.T.);
#3170 = EDGE_LOOP('',(#3171,#3179,#3180,#3188));
#3171 = ORIENTED_EDGE('',*,*,#3172,.T.);
#3172 = EDGE_CURVE('',#3173,#2450,#3175,.T.);
#3173 = VERTEX_POINT('',#3174);
#3174 = CARTESIAN_POINT('',(47.5,-58.6,12.99));
#3175 = LINE('',#3176,#3177);
#3176 = CARTESIAN_POINT('',(47.5,-58.6,12.99));
#3177 = VECTOR('',#3178,1.);
#3178 = DIRECTION('',(0.,0.,1.));
#3179 = ORIENTED_EDGE('',*,*,#2449,.T.);
#3180 = ORIENTED_EDGE('',*,*,#3181,.F.);
#3181 = EDGE_CURVE('',#3182,#2452,#3184,.T.);
#3182 = VERTEX_POINT('',#3183);
#3183 = CARTESIAN_POINT('',(45.8,-56.9,12.99));
#3184 = LINE('',#3185,#3186);
#3185 = CARTESIAN_POINT('',(45.8,-56.9,12.99));
#3186 = VECTOR('',#3187,1.);
#3187 = DIRECTION('',(0.,0.,1.));
#3188 = ORIENTED_EDGE('',*,*,#3189,.F.);
#3189 = EDGE_CURVE('',#3173,#3182,#3190,.T.);
#3190 = LINE('',#3191,#3192);
#3191 = CARTESIAN_POINT('',(47.5,-58.6,12.99));
#3192 = VECTOR('',#3193,1.);
#3193 = DIRECTION('',(-0.707106781187,0.707106781187,0.));
#3194 = PLANE('',#3195);
#3195 = AXIS2_PLACEMENT_3D('',#3196,#3197,#3198);
#3196 = CARTESIAN_POINT('',(47.5,-58.6,12.99));
#3197 = DIRECTION('',(-0.707106781187,-0.707106781187,0.));
#3198 = DIRECTION('',(-0.707106781187,0.707106781187,0.));
#3199 = ADVANCED_FACE('',(#3200),#3218,.T.);
#3200 = FACE_BOUND('',#3201,.T.);
#3201 = EDGE_LOOP('',(#3202,#3203,#3204,#3212));
#3202 = ORIENTED_EDGE('',*,*,#3181,.T.);
#3203 = ORIENTED_EDGE('',*,*,#2475,.T.);
#3204 = ORIENTED_EDGE('',*,*,#3205,.F.);
#3205 = EDGE_CURVE('',#3206,#2468,#3208,.T.);
#3206 = VERTEX_POINT('',#3207);
#3207 = CARTESIAN_POINT('',(44.1,-58.6,12.99));
#3208 = LINE('',#3209,#3210);
#3209 = CARTESIAN_POINT('',(44.1,-58.6,12.99));
#3210 = VECTOR('',#3211,1.);
#3211 = DIRECTION('',(0.,0.,1.));
#3212 = ORIENTED_EDGE('',*,*,#3213,.F.);
#3213 = EDGE_CURVE('',#3182,#3206,#3214,.T.);
#3214 = LINE('',#3215,#3216);
#3215 = CARTESIAN_POINT('',(45.8,-56.9,12.99));
#3216 = VECTOR('',#3217,1.);
#3217 = DIRECTION('',(-0.707106781187,-0.707106781187,0.));
#3218 = PLANE('',#3219);
#3219 = AXIS2_PLACEMENT_3D('',#3220,#3221,#3222);
#3220 = CARTESIAN_POINT('',(45.8,-56.9,12.99));
#3221 = DIRECTION('',(0.707106781187,-0.707106781187,0.));
#3222 = DIRECTION('',(-0.707106781187,-0.707106781187,0.));
#3223 = ADVANCED_FACE('',(#3224),#3242,.T.);
#3224 = FACE_BOUND('',#3225,.T.);
#3225 = EDGE_LOOP('',(#3226,#3227,#3228,#3236));
#3226 = ORIENTED_EDGE('',*,*,#3205,.T.);
#3227 = ORIENTED_EDGE('',*,*,#2467,.T.);
#3228 = ORIENTED_EDGE('',*,*,#3229,.F.);
#3229 = EDGE_CURVE('',#3230,#2460,#3232,.T.);
#3230 = VERTEX_POINT('',#3231);
#3231 = CARTESIAN_POINT('',(45.8,-60.3,12.99));
#3232 = LINE('',#3233,#3234);
#3233 = CARTESIAN_POINT('',(45.8,-60.3,12.99));
#3234 = VECTOR('',#3235,1.);
#3235 = DIRECTION('',(0.,0.,1.));
#3236 = ORIENTED_EDGE('',*,*,#3237,.F.);
#3237 = EDGE_CURVE('',#3206,#3230,#3238,.T.);
#3238 = LINE('',#3239,#3240);
#3239 = CARTESIAN_POINT('',(44.1,-58.6,12.99));
#3240 = VECTOR('',#3241,1.);
#3241 = DIRECTION('',(0.707106781187,-0.707106781187,0.));
#3242 = PLANE('',#3243);
#3243 = AXIS2_PLACEMENT_3D('',#3244,#3245,#3246);
#3244 = CARTESIAN_POINT('',(44.1,-58.6,12.99));
#3245 = DIRECTION('',(0.707106781187,0.707106781187,0.));
#3246 = DIRECTION('',(0.707106781187,-0.707106781187,0.));
#3247 = ADVANCED_FACE('',(#3248),#3259,.T.);
#3248 = FACE_BOUND('',#3249,.T.);
#3249 = EDGE_LOOP('',(#3250,#3251,#3252,#3253));
#3250 = ORIENTED_EDGE('',*,*,#3229,.T.);
#3251 = ORIENTED_EDGE('',*,*,#2459,.T.);
#3252 = ORIENTED_EDGE('',*,*,#3172,.F.);
#3253 = ORIENTED_EDGE('',*,*,#3254,.F.);
#3254 = EDGE_CURVE('',#3230,#3173,#3255,.T.);
#3255 = LINE('',#3256,#3257);
#3256 = CARTESIAN_POINT('',(45.8,-60.3,12.99));
#3257 = VECTOR('',#3258,1.);
#3258 = DIRECTION('',(0.707106781187,0.707106781187,0.));
#3259 = PLANE('',#3260);
#3260 = AXIS2_PLACEMENT_3D('',#3261,#3262,#3263);
#3261 = CARTESIAN_POINT('',(45.8,-60.3,12.99));
#3262 = DIRECTION('',(-0.707106781187,0.707106781187,0.));
#3263 = DIRECTION('',(0.707106781187,0.707106781187,0.));
#3264 = ADVANCED_FACE('',(#3265),#3291,.F.);
#3265 = FACE_BOUND('',#3266,.T.);
#3266 = EDGE_LOOP('',(#3267,#3278,#3284,#3285));
#3267 = ORIENTED_EDGE('',*,*,#3268,.F.);
#3268 = EDGE_CURVE('',#3269,#3271,#3273,.T.);
#3269 = VERTEX_POINT('',#3270);
#3270 = CARTESIAN_POINT('',(29.25,-16.5387505004,12.99));
#3271 = VERTEX_POINT('',#3272);
#3272 = CARTESIAN_POINT('',(28.,-18.1,12.99));
#3273 = CIRCLE('',#3274,1.6);
#3274 = AXIS2_PLACEMENT_3D('',#3275,#3276,#3277);
#3275 = CARTESIAN_POINT('',(29.6,-18.1,12.99));
#3276 = DIRECTION('',(0.,-0.,1.));
#3277 = DIRECTION('',(0.,1.,0.));
#3278 = ORIENTED_EDGE('',*,*,#3279,.F.);
#3279 = EDGE_CURVE('',#2484,#3269,#3280,.T.);
#3280 = LINE('',#3281,#3282);
#3281 = CARTESIAN_POINT('',(29.25,-16.5387505004,12.99));
#3282 = VECTOR('',#3283,1.);
#3283 = DIRECTION('',(0.,0.,-1.));
#3284 = ORIENTED_EDGE('',*,*,#2483,.T.);
#3285 = ORIENTED_EDGE('',*,*,#3286,.F.);
#3286 = EDGE_CURVE('',#3271,#2486,#3287,.T.);
#3287 = LINE('',#3288,#3289);
#3288 = CARTESIAN_POINT('',(28.,-18.1,12.99));
#3289 = VECTOR('',#3290,1.);
#3290 = DIRECTION('',(0.,0.,1.));
#3291 = CYLINDRICAL_SURFACE('',#3292,1.6);
#3292 = AXIS2_PLACEMENT_3D('',#3293,#3294,#3295);
#3293 = CARTESIAN_POINT('',(29.6,-18.1,12.99));
#3294 = DIRECTION('',(0.,0.,-1.));
#3295 = DIRECTION('',(0.,1.,0.));
#3296 = ADVANCED_FACE('',(#3297),#3315,.T.);
#3297 = FACE_BOUND('',#3298,.T.);
#3298 = EDGE_LOOP('',(#3299,#3300,#3301,#3309));
#3299 = ORIENTED_EDGE('',*,*,#3286,.T.);
#3300 = ORIENTED_EDGE('',*,*,#2511,.T.);
#3301 = ORIENTED_EDGE('',*,*,#3302,.F.);
#3302 = EDGE_CURVE('',#3303,#2503,#3305,.T.);
#3303 = VERTEX_POINT('',#3304);
#3304 = CARTESIAN_POINT('',(28.,-49.6,12.99));
#3305 = LINE('',#3306,#3307);
#3306 = CARTESIAN_POINT('',(28.,-49.6,12.99));
#3307 = VECTOR('',#3308,1.);
#3308 = DIRECTION('',(0.,0.,1.));
#3309 = ORIENTED_EDGE('',*,*,#3310,.F.);
#3310 = EDGE_CURVE('',#3271,#3303,#3311,.T.);
#3311 = LINE('',#3312,#3313);
#3312 = CARTESIAN_POINT('',(28.,-18.1,12.99));
#3313 = VECTOR('',#3314,1.);
#3314 = DIRECTION('',(0.,-1.,0.));
#3315 = PLANE('',#3316);
#3316 = AXIS2_PLACEMENT_3D('',#3317,#3318,#3319);
#3317 = CARTESIAN_POINT('',(28.,-18.1,12.99));
#3318 = DIRECTION('',(1.,0.,0.));
#3319 = DIRECTION('',(0.,-1.,0.));
#3320 = ADVANCED_FACE('',(#3321),#3340,.F.);
#3321 = FACE_BOUND('',#3322,.T.);
#3322 = EDGE_LOOP('',(#3323,#3332,#3333,#3334));
#3323 = ORIENTED_EDGE('',*,*,#3324,.F.);
#3324 = EDGE_CURVE('',#3303,#3325,#3327,.T.);
#3325 = VERTEX_POINT('',#3326);
#3326 = CARTESIAN_POINT('',(29.25,-51.1612494996,12.99));
#3327 = CIRCLE('',#3328,1.6);
#3328 = AXIS2_PLACEMENT_3D('',#3329,#3330,#3331);
#3329 = CARTESIAN_POINT('',(29.6,-49.6,12.99));
#3330 = DIRECTION('',(0.,0.,1.));
#3331 = DIRECTION('',(-1.,8.88E-15,0.));
#3332 = ORIENTED_EDGE('',*,*,#3302,.T.);
#3333 = ORIENTED_EDGE('',*,*,#2502,.T.);
#3334 = ORIENTED_EDGE('',*,*,#3335,.T.);
#3335 = EDGE_CURVE('',#2495,#3325,#3336,.T.);
#3336 = LINE('',#3337,#3338);
#3337 = CARTESIAN_POINT('',(29.25,-51.1612494996,12.99));
#3338 = VECTOR('',#3339,1.);
#3339 = DIRECTION('',(-0.,-0.,-1.));
#3340 = CYLINDRICAL_SURFACE('',#3341,1.6);
#3341 = AXIS2_PLACEMENT_3D('',#3342,#3343,#3344);
#3342 = CARTESIAN_POINT('',(29.6,-49.6,12.99));
#3343 = DIRECTION('',(-0.,-0.,-1.));
#3344 = DIRECTION('',(-1.,8.88E-15,0.));
#3345 = ADVANCED_FACE('',(#3346),#3357,.F.);
#3346 = FACE_BOUND('',#3347,.F.);
#3347 = EDGE_LOOP('',(#3348,#3349,#3355,#3356));
#3348 = ORIENTED_EDGE('',*,*,#3335,.T.);
#3349 = ORIENTED_EDGE('',*,*,#3350,.T.);
#3350 = EDGE_CURVE('',#3325,#3269,#3351,.T.);
#3351 = LINE('',#3352,#3353);
#3352 = CARTESIAN_POINT('',(29.25,-46.04641870115,12.99));
#3353 = VECTOR('',#3354,1.);
#3354 = DIRECTION('',(0.,1.,0.));
#3355 = ORIENTED_EDGE('',*,*,#3279,.F.);
#3356 = ORIENTED_EDGE('',*,*,#2494,.F.);
#3357 = PLANE('',#3358);
#3358 = AXIS2_PLACEMENT_3D('',#3359,#3360,#3361);
#3359 = CARTESIAN_POINT('',(29.25,-53.,11.7));
#3360 = DIRECTION('',(1.,0.,0.));
#3361 = DIRECTION('',(0.,0.,1.));
#3362 = ADVANCED_FACE('',(#3363),#3389,.F.);
#3363 = FACE_BOUND('',#3364,.T.);
#3364 = EDGE_LOOP('',(#3365,#3376,#3382,#3383));
#3365 = ORIENTED_EDGE('',*,*,#3366,.F.);
#3366 = EDGE_CURVE('',#3367,#3369,#3371,.T.);
#3367 = VERTEX_POINT('',#3368);
#3368 = CARTESIAN_POINT('',(46.4,-18.1,12.99));
#3369 = VERTEX_POINT('',#3370);
#3370 = CARTESIAN_POINT('',(45.15,-16.5387505004,12.99));
#3371 = CIRCLE('',#3372,1.6);
#3372 = AXIS2_PLACEMENT_3D('',#3373,#3374,#3375);
#3373 = CARTESIAN_POINT('',(44.8,-18.1,12.99));
#3374 = DIRECTION('',(-0.,0.,1.));
#3375 = DIRECTION('',(1.,-2.22E-15,0.));
#3376 = ORIENTED_EDGE('',*,*,#3377,.T.);
#3377 = EDGE_CURVE('',#3367,#2586,#3378,.T.);
#3378 = LINE('',#3379,#3380);
#3379 = CARTESIAN_POINT('',(46.4,-18.1,12.99));
#3380 = VECTOR('',#3381,1.);
#3381 = DIRECTION('',(0.,0.,1.));
#3382 = ORIENTED_EDGE('',*,*,#2585,.T.);
#3383 = ORIENTED_EDGE('',*,*,#3384,.T.);
#3384 = EDGE_CURVE('',#2588,#3369,#3385,.T.);
#3385 = LINE('',#3386,#3387);
#3386 = CARTESIAN_POINT('',(45.15,-16.5387505004,12.99));
#3387 = VECTOR('',#3388,1.);
#3388 = DIRECTION('',(0.,0.,-1.));
#3389 = CYLINDRICAL_SURFACE('',#3390,1.6);
#3390 = AXIS2_PLACEMENT_3D('',#3391,#3392,#3393);
#3391 = CARTESIAN_POINT('',(44.8,-18.1,12.99));
#3392 = DIRECTION('',(0.,0.,-1.));
#3393 = DIRECTION('',(1.,-2.22E-15,0.));
#3394 = ADVANCED_FACE('',(#3395),#3413,.T.);
#3395 = FACE_BOUND('',#3396,.T.);
#3396 = EDGE_LOOP('',(#3397,#3405,#3411,#3412));
#3397 = ORIENTED_EDGE('',*,*,#3398,.T.);
#3398 = EDGE_CURVE('',#2605,#3399,#3401,.T.);
#3399 = VERTEX_POINT('',#3400);
#3400 = CARTESIAN_POINT('',(45.15,-51.1612494996,12.99));
#3401 = LINE('',#3402,#3403);
#3402 = CARTESIAN_POINT('',(45.15,-51.1612494996,12.99));
#3403 = VECTOR('',#3404,1.);
#3404 = DIRECTION('',(-0.,-0.,-1.));
#3405 = ORIENTED_EDGE('',*,*,#3406,.T.);
#3406 = EDGE_CURVE('',#3399,#3369,#3407,.T.);
#3407 = LINE('',#3408,#3409);
#3408 = CARTESIAN_POINT('',(45.15,-46.04641870115,12.99));
#3409 = VECTOR('',#3410,1.);
#3410 = DIRECTION('',(0.,1.,0.));
#3411 = ORIENTED_EDGE('',*,*,#3384,.F.);
#3412 = ORIENTED_EDGE('',*,*,#2613,.F.);
#3413 = PLANE('',#3414);
#3414 = AXIS2_PLACEMENT_3D('',#3415,#3416,#3417);
#3415 = CARTESIAN_POINT('',(45.15,-53.,11.7));
#3416 = DIRECTION('',(1.,0.,0.));
#3417 = DIRECTION('',(0.,0.,1.));
#3418 = ADVANCED_FACE('',(#3419),#3438,.F.);
#3419 = FACE_BOUND('',#3420,.T.);
#3420 = EDGE_LOOP('',(#3421,#3430,#3431,#3432));
#3421 = ORIENTED_EDGE('',*,*,#3422,.F.);
#3422 = EDGE_CURVE('',#3399,#3423,#3425,.T.);
#3423 = VERTEX_POINT('',#3424);
#3424 = CARTESIAN_POINT('',(46.4,-49.6,12.99));
#3425 = CIRCLE('',#3426,1.6);
#3426 = AXIS2_PLACEMENT_3D('',#3427,#3428,#3429);
#3427 = CARTESIAN_POINT('',(44.8,-49.6,12.99));
#3428 = DIRECTION('',(0.,0.,1.));
#3429 = DIRECTION('',(-4.44E-15,-1.,0.));
#3430 = ORIENTED_EDGE('',*,*,#3398,.F.);
#3431 = ORIENTED_EDGE('',*,*,#2604,.T.);
#3432 = ORIENTED_EDGE('',*,*,#3433,.F.);
#3433 = EDGE_CURVE('',#3423,#2597,#3434,.T.);
#3434 = LINE('',#3435,#3436);
#3435 = CARTESIAN_POINT('',(46.4,-49.6,12.99));
#3436 = VECTOR('',#3437,1.);
#3437 = DIRECTION('',(0.,0.,1.));
#3438 = CYLINDRICAL_SURFACE('',#3439,1.6);
#3439 = AXIS2_PLACEMENT_3D('',#3440,#3441,#3442);
#3440 = CARTESIAN_POINT('',(44.8,-49.6,12.99));
#3441 = DIRECTION('',(-0.,-0.,-1.));
#3442 = DIRECTION('',(-4.44E-15,-1.,0.));
#3443 = ADVANCED_FACE('',(#3444),#3455,.T.);
#3444 = FACE_BOUND('',#3445,.T.);
#3445 = EDGE_LOOP('',(#3446,#3447,#3448,#3449));
#3446 = ORIENTED_EDGE('',*,*,#3433,.T.);
#3447 = ORIENTED_EDGE('',*,*,#2596,.T.);
#3448 = ORIENTED_EDGE('',*,*,#3377,.F.);
#3449 = ORIENTED_EDGE('',*,*,#3450,.F.);
#3450 = EDGE_CURVE('',#3423,#3367,#3451,.T.);
#3451 = LINE('',#3452,#3453);
#3452 = CARTESIAN_POINT('',(46.4,-49.6,12.99));
#3453 = VECTOR('',#3454,1.);
#3454 = DIRECTION('',(0.,1.,0.));
#3455 = PLANE('',#3456);
#3456 = AXIS2_PLACEMENT_3D('',#3457,#3458,#3459);
#3457 = CARTESIAN_POINT('',(46.4,-49.6,12.99));
#3458 = DIRECTION('',(-1.,0.,0.));
#3459 = DIRECTION('',(0.,1.,0.));
#3460 = ADVANCED_FACE('',(#3461),#3486,.T.);
#3461 = FACE_BOUND('',#3462,.T.);
#3462 = EDGE_LOOP('',(#3463,#3471,#3472,#3480));
#3463 = ORIENTED_EDGE('',*,*,#3464,.T.);
#3464 = EDGE_CURVE('',#3465,#2622,#3467,.T.);
#3465 = VERTEX_POINT('',#3466);
#3466 = CARTESIAN_POINT('',(46.5,-13.,12.99));
#3467 = LINE('',#3468,#3469);
#3468 = CARTESIAN_POINT('',(46.5,-13.,12.99));
#3469 = VECTOR('',#3470,1.);
#3470 = DIRECTION('',(0.,0.,1.));
#3471 = ORIENTED_EDGE('',*,*,#2621,.T.);
#3472 = ORIENTED_EDGE('',*,*,#3473,.F.);
#3473 = EDGE_CURVE('',#3474,#2624,#3476,.T.);
#3474 = VERTEX_POINT('',#3475);
#3475 = CARTESIAN_POINT('',(27.5,-13.,12.99));
#3476 = LINE('',#3477,#3478);
#3477 = CARTESIAN_POINT('',(27.5,-13.,12.99));
#3478 = VECTOR('',#3479,1.);
#3479 = DIRECTION('',(0.,0.,1.));
#3480 = ORIENTED_EDGE('',*,*,#3481,.F.);
#3481 = EDGE_CURVE('',#3465,#3474,#3482,.T.);
#3482 = LINE('',#3483,#3484);
#3483 = CARTESIAN_POINT('',(46.5,-13.,12.99));
#3484 = VECTOR('',#3485,1.);
#3485 = DIRECTION('',(-1.,0.,0.));
#3486 = PLANE('',#3487);
#3487 = AXIS2_PLACEMENT_3D('',#3488,#3489,#3490);
#3488 = CARTESIAN_POINT('',(46.5,-13.,12.99));
#3489 = DIRECTION('',(0.,-1.,0.));
#3490 = DIRECTION('',(-1.,0.,0.));
#3491 = ADVANCED_FACE('',(#3492),#3511,.F.);
#3492 = FACE_BOUND('',#3493,.T.);
#3493 = EDGE_LOOP('',(#3494,#3495,#3496,#3504));
#3494 = ORIENTED_EDGE('',*,*,#3473,.T.);
#3495 = ORIENTED_EDGE('',*,*,#2682,.T.);
#3496 = ORIENTED_EDGE('',*,*,#3497,.F.);
#3497 = EDGE_CURVE('',#3498,#2675,#3500,.T.);
#3498 = VERTEX_POINT('',#3499);
#3499 = CARTESIAN_POINT('',(27.,-13.5,12.99));
#3500 = LINE('',#3501,#3502);
#3501 = CARTESIAN_POINT('',(27.,-13.5,12.99));
#3502 = VECTOR('',#3503,1.);
#3503 = DIRECTION('',(0.,0.,1.));
#3504 = ORIENTED_EDGE('',*,*,#3505,.F.);
#3505 = EDGE_CURVE('',#3474,#3498,#3506,.T.);
#3506 = CIRCLE('',#3507,0.5);
#3507 = AXIS2_PLACEMENT_3D('',#3508,#3509,#3510);
#3508 = CARTESIAN_POINT('',(27.5,-13.5,12.99));
#3509 = DIRECTION('',(0.,-0.,1.));
#3510 = DIRECTION('',(7.11E-15,1.,0.));
#3511 = CYLINDRICAL_SURFACE('',#3512,0.5);
#3512 = AXIS2_PLACEMENT_3D('',#3513,#3514,#3515);
#3513 = CARTESIAN_POINT('',(27.5,-13.5,12.99));
#3514 = DIRECTION('',(0.,0.,-1.));
#3515 = DIRECTION('',(7.11E-15,1.,0.));
#3516 = ADVANCED_FACE('',(#3517),#3535,.T.);
#3517 = FACE_BOUND('',#3518,.T.);
#3518 = EDGE_LOOP('',(#3519,#3520,#3521,#3529));
#3519 = ORIENTED_EDGE('',*,*,#3497,.T.);
#3520 = ORIENTED_EDGE('',*,*,#2674,.T.);
#3521 = ORIENTED_EDGE('',*,*,#3522,.F.);
#3522 = EDGE_CURVE('',#3523,#2666,#3525,.T.);
#3523 = VERTEX_POINT('',#3524);
#3524 = CARTESIAN_POINT('',(27.,-13.7,12.99));
#3525 = LINE('',#3526,#3527);
#3526 = CARTESIAN_POINT('',(27.,-13.7,12.99));
#3527 = VECTOR('',#3528,1.);
#3528 = DIRECTION('',(0.,0.,1.));
#3529 = ORIENTED_EDGE('',*,*,#3530,.F.);
#3530 = EDGE_CURVE('',#3498,#3523,#3531,.T.);
#3531 = LINE('',#3532,#3533);
#3532 = CARTESIAN_POINT('',(27.,-13.5,12.99));
#3533 = VECTOR('',#3534,1.);
#3534 = DIRECTION('',(0.,-1.,0.));
#3535 = PLANE('',#3536);
#3536 = AXIS2_PLACEMENT_3D('',#3537,#3538,#3539);
#3537 = CARTESIAN_POINT('',(27.,-13.5,12.99));
#3538 = DIRECTION('',(1.,0.,0.));
#3539 = DIRECTION('',(0.,-1.,0.));
#3540 = ADVANCED_FACE('',(#3541),#3560,.F.);
#3541 = FACE_BOUND('',#3542,.T.);
#3542 = EDGE_LOOP('',(#3543,#3544,#3545,#3553));
#3543 = ORIENTED_EDGE('',*,*,#3522,.T.);
#3544 = ORIENTED_EDGE('',*,*,#2665,.T.);
#3545 = ORIENTED_EDGE('',*,*,#3546,.F.);
#3546 = EDGE_CURVE('',#3547,#2658,#3549,.T.);
#3547 = VERTEX_POINT('',#3548);
#3548 = CARTESIAN_POINT('',(27.5,-14.2,12.99));
#3549 = LINE('',#3550,#3551);
#3550 = CARTESIAN_POINT('',(27.5,-14.2,12.99));
#3551 = VECTOR('',#3552,1.);
#3552 = DIRECTION('',(0.,0.,1.));
#3553 = ORIENTED_EDGE('',*,*,#3554,.F.);
#3554 = EDGE_CURVE('',#3523,#3547,#3555,.T.);
#3555 = CIRCLE('',#3556,0.5);
#3556 = AXIS2_PLACEMENT_3D('',#3557,#3558,#3559);
#3557 = CARTESIAN_POINT('',(27.5,-13.7,12.99));
#3558 = DIRECTION('',(0.,0.,1.));
#3559 = DIRECTION('',(-1.,7.11E-15,0.));
#3560 = CYLINDRICAL_SURFACE('',#3561,0.5);
#3561 = AXIS2_PLACEMENT_3D('',#3562,#3563,#3564);
#3562 = CARTESIAN_POINT('',(27.5,-13.7,12.99));
#3563 = DIRECTION('',(-0.,-0.,-1.));
#3564 = DIRECTION('',(-1.,7.11E-15,0.));
#3565 = ADVANCED_FACE('',(#3566),#3584,.T.);
#3566 = FACE_BOUND('',#3567,.T.);
#3567 = EDGE_LOOP('',(#3568,#3569,#3570,#3578));
#3568 = ORIENTED_EDGE('',*,*,#3546,.T.);
#3569 = ORIENTED_EDGE('',*,*,#2657,.T.);
#3570 = ORIENTED_EDGE('',*,*,#3571,.F.);
#3571 = EDGE_CURVE('',#3572,#2649,#3574,.T.);
#3572 = VERTEX_POINT('',#3573);
#3573 = CARTESIAN_POINT('',(46.5,-14.2,12.99));
#3574 = LINE('',#3575,#3576);
#3575 = CARTESIAN_POINT('',(46.5,-14.2,12.99));
#3576 = VECTOR('',#3577,1.);
#3577 = DIRECTION('',(0.,0.,1.));
#3578 = ORIENTED_EDGE('',*,*,#3579,.F.);
#3579 = EDGE_CURVE('',#3547,#3572,#3580,.T.);
#3580 = LINE('',#3581,#3582);
#3581 = CARTESIAN_POINT('',(27.5,-14.2,12.99));
#3582 = VECTOR('',#3583,1.);
#3583 = DIRECTION('',(1.,0.,0.));
#3584 = PLANE('',#3585);
#3585 = AXIS2_PLACEMENT_3D('',#3586,#3587,#3588);
#3586 = CARTESIAN_POINT('',(27.5,-14.2,12.99));
#3587 = DIRECTION('',(0.,1.,0.));
#3588 = DIRECTION('',(1.,0.,0.));
#3589 = ADVANCED_FACE('',(#3590),#3609,.F.);
#3590 = FACE_BOUND('',#3591,.T.);
#3591 = EDGE_LOOP('',(#3592,#3593,#3594,#3602));
#3592 = ORIENTED_EDGE('',*,*,#3571,.T.);
#3593 = ORIENTED_EDGE('',*,*,#2648,.T.);
#3594 = ORIENTED_EDGE('',*,*,#3595,.F.);
#3595 = EDGE_CURVE('',#3596,#2641,#3598,.T.);
#3596 = VERTEX_POINT('',#3597);
#3597 = CARTESIAN_POINT('',(47.,-13.7,12.99));
#3598 = LINE('',#3599,#3600);
#3599 = CARTESIAN_POINT('',(47.,-13.7,12.99));
#3600 = VECTOR('',#3601,1.);
#3601 = DIRECTION('',(0.,0.,1.));
#3602 = ORIENTED_EDGE('',*,*,#3603,.F.);
#3603 = EDGE_CURVE('',#3572,#3596,#3604,.T.);
#3604 = CIRCLE('',#3605,0.5);
#3605 = AXIS2_PLACEMENT_3D('',#3606,#3607,#3608);
#3606 = CARTESIAN_POINT('',(46.5,-13.7,12.99));
#3607 = DIRECTION('',(0.,0.,1.));
#3608 = DIRECTION('',(-1.421E-14,-1.,0.));
#3609 = CYLINDRICAL_SURFACE('',#3610,0.5);
#3610 = AXIS2_PLACEMENT_3D('',#3611,#3612,#3613);
#3611 = CARTESIAN_POINT('',(46.5,-13.7,12.99));
#3612 = DIRECTION('',(-0.,-0.,-1.));
#3613 = DIRECTION('',(-1.421E-14,-1.,0.));
#3614 = ADVANCED_FACE('',(#3615),#3633,.T.);
#3615 = FACE_BOUND('',#3616,.T.);
#3616 = EDGE_LOOP('',(#3617,#3618,#3619,#3627));
#3617 = ORIENTED_EDGE('',*,*,#3595,.T.);
#3618 = ORIENTED_EDGE('',*,*,#2640,.T.);
#3619 = ORIENTED_EDGE('',*,*,#3620,.F.);
#3620 = EDGE_CURVE('',#3621,#2632,#3623,.T.);
#3621 = VERTEX_POINT('',#3622);
#3622 = CARTESIAN_POINT('',(47.,-13.5,12.99));
#3623 = LINE('',#3624,#3625);
#3624 = CARTESIAN_POINT('',(47.,-13.5,12.99));
#3625 = VECTOR('',#3626,1.);
#3626 = DIRECTION('',(0.,0.,1.));
#3627 = ORIENTED_EDGE('',*,*,#3628,.F.);
#3628 = EDGE_CURVE('',#3596,#3621,#3629,.T.);
#3629 = LINE('',#3630,#3631);
#3630 = CARTESIAN_POINT('',(47.,-13.7,12.99));
#3631 = VECTOR('',#3632,1.);
#3632 = DIRECTION('',(0.,1.,0.));
#3633 = PLANE('',#3634);
#3634 = AXIS2_PLACEMENT_3D('',#3635,#3636,#3637);
#3635 = CARTESIAN_POINT('',(47.,-13.7,12.99));
#3636 = DIRECTION('',(-1.,0.,0.));
#3637 = DIRECTION('',(0.,1.,0.));
#3638 = ADVANCED_FACE('',(#3639),#3651,.F.);
#3639 = FACE_BOUND('',#3640,.T.);
#3640 = EDGE_LOOP('',(#3641,#3642,#3643,#3644));
#3641 = ORIENTED_EDGE('',*,*,#3620,.T.);
#3642 = ORIENTED_EDGE('',*,*,#2631,.T.);
#3643 = ORIENTED_EDGE('',*,*,#3464,.F.);
#3644 = ORIENTED_EDGE('',*,*,#3645,.F.);
#3645 = EDGE_CURVE('',#3621,#3465,#3646,.T.);
#3646 = CIRCLE('',#3647,0.5);
#3647 = AXIS2_PLACEMENT_3D('',#3648,#3649,#3650);
#3648 = CARTESIAN_POINT('',(46.5,-13.5,12.99));
#3649 = DIRECTION('',(-0.,0.,1.));
#3650 = DIRECTION('',(1.,-7.11E-15,0.));
#3651 = CYLINDRICAL_SURFACE('',#3652,0.5);
#3652 = AXIS2_PLACEMENT_3D('',#3653,#3654,#3655);
#3653 = CARTESIAN_POINT('',(46.5,-13.5,12.99));
#3654 = DIRECTION('',(0.,0.,-1.));
#3655 = DIRECTION('',(1.,-7.11E-15,0.));
#3656 = ADVANCED_FACE('',(#3657),#3660,.F.);
#3657 = FACE_BOUND('',#3658,.T.);
#3658 = EDGE_LOOP('',(#3659));
#3659 = ORIENTED_EDGE('',*,*,#2765,.F.);
#3660 = PLANE('',#3661);
#3661 = AXIS2_PLACEMENT_3D('',#3662,#3663,#3664);
#3662 = CARTESIAN_POINT('',(27.,-52.8,6.8));
#3663 = DIRECTION('',(0.,0.,1.));
#3664 = DIRECTION('',(1.,0.,0.));
#3665 = ADVANCED_FACE('',(#3666),#3672,.T.);
#3666 = FACE_BOUND('',#3667,.T.);
#3667 = EDGE_LOOP('',(#3668,#3669,#3670,#3671));
#3668 = ORIENTED_EDGE('',*,*,#2934,.T.);
#3669 = ORIENTED_EDGE('',*,*,#2958,.T.);
#3670 = ORIENTED_EDGE('',*,*,#2982,.T.);
#3671 = ORIENTED_EDGE('',*,*,#2999,.T.);
#3672 = PLANE('',#3673);
#3673 = AXIS2_PLACEMENT_3D('',#3674,#3675,#3676);
#3674 = CARTESIAN_POINT('',(28.2,-58.6,12.99));
#3675 = DIRECTION('',(0.,0.,1.));
#3676 = DIRECTION('',(1.,0.,0.));
#3677 = ADVANCED_FACE('',(#3678),#3681,.T.);
#3678 = FACE_BOUND('',#3679,.F.);
#3679 = EDGE_LOOP('',(#3680));
#3680 = ORIENTED_EDGE('',*,*,#3023,.F.);
#3681 = PLANE('',#3682);
#3682 = AXIS2_PLACEMENT_3D('',#3683,#3684,#3685);
#3683 = CARTESIAN_POINT('',(33.,-58.65,12.99));
#3684 = DIRECTION('',(0.,0.,1.));
#3685 = DIRECTION('',(1.,0.,0.));
#3686 = ADVANCED_FACE('',(#3687),#3690,.T.);
#3687 = FACE_BOUND('',#3688,.F.);
#3688 = EDGE_LOOP('',(#3689));
#3689 = ORIENTED_EDGE('',*,*,#3048,.F.);
#3690 = PLANE('',#3691);
#3691 = AXIS2_PLACEMENT_3D('',#3692,#3693,#3694);
#3692 = CARTESIAN_POINT('',(37.,-62.6,12.99));
#3693 = DIRECTION('',(0.,0.,1.));
#3694 = DIRECTION('',(1.,0.,0.));
#3695 = ADVANCED_FACE('',(#3696),#3699,.T.);
#3696 = FACE_BOUND('',#3697,.F.);
#3697 = EDGE_LOOP('',(#3698));
#3698 = ORIENTED_EDGE('',*,*,#3073,.F.);
#3699 = PLANE('',#3700);
#3700 = AXIS2_PLACEMENT_3D('',#3701,#3702,#3703);
#3701 = CARTESIAN_POINT('',(37.,-58.65,12.99));
#3702 = DIRECTION('',(0.,0.,1.));
#3703 = DIRECTION('',(1.,0.,0.));
#3704 = ADVANCED_FACE('',(#3705),#3708,.T.);
#3705 = FACE_BOUND('',#3706,.F.);
#3706 = EDGE_LOOP('',(#3707));
#3707 = ORIENTED_EDGE('',*,*,#3098,.F.);
#3708 = PLANE('',#3709);
#3709 = AXIS2_PLACEMENT_3D('',#3710,#3711,#3712);
#3710 = CARTESIAN_POINT('',(41.,-58.65,12.99));
#3711 = DIRECTION('',(0.,0.,1.));
#3712 = DIRECTION('',(1.,0.,0.));
#3713 = ADVANCED_FACE('',(#3714),#3719,.T.);
#3714 = FACE_BOUND('',#3715,.T.);
#3715 = EDGE_LOOP('',(#3716,#3717,#3718));
#3716 = ORIENTED_EDGE('',*,*,#3157,.T.);
#3717 = ORIENTED_EDGE('',*,*,#3148,.T.);
#3718 = ORIENTED_EDGE('',*,*,#3121,.T.);
#3719 = PLANE('',#3720);
#3720 = AXIS2_PLACEMENT_3D('',#3721,#3722,#3723);
#3721 = CARTESIAN_POINT('',(37.,-54.7,12.99));
#3722 = DIRECTION('',(0.,0.,1.));
#3723 = DIRECTION('',(1.,0.,0.));
#3724 = ADVANCED_FACE('',(#3725),#3731,.T.);
#3725 = FACE_BOUND('',#3726,.T.);
#3726 = EDGE_LOOP('',(#3727,#3728,#3729,#3730));
#3727 = ORIENTED_EDGE('',*,*,#3189,.T.);
#3728 = ORIENTED_EDGE('',*,*,#3213,.T.);
#3729 = ORIENTED_EDGE('',*,*,#3237,.T.);
#3730 = ORIENTED_EDGE('',*,*,#3254,.T.);
#3731 = PLANE('',#3732);
#3732 = AXIS2_PLACEMENT_3D('',#3733,#3734,#3735);
#3733 = CARTESIAN_POINT('',(45.8,-58.6,12.99));
#3734 = DIRECTION('',(0.,0.,1.));
#3735 = DIRECTION('',(1.,0.,0.));
#3736 = ADVANCED_FACE('',(#3737),#3743,.T.);
#3737 = FACE_BOUND('',#3738,.T.);
#3738 = EDGE_LOOP('',(#3739,#3740,#3741,#3742));
#3739 = ORIENTED_EDGE('',*,*,#3350,.T.);
#3740 = ORIENTED_EDGE('',*,*,#3268,.T.);
#3741 = ORIENTED_EDGE('',*,*,#3310,.T.);
#3742 = ORIENTED_EDGE('',*,*,#3324,.T.);
#3743 = PLANE('',#3744);
#3744 = AXIS2_PLACEMENT_3D('',#3745,#3746,#3747);
#3745 = CARTESIAN_POINT('',(37.2,-33.85,12.99));
#3746 = DIRECTION('',(0.,0.,1.));
#3747 = DIRECTION('',(1.,0.,0.));
#3748 = ADVANCED_FACE('',(#3749),#3755,.T.);
#3749 = FACE_BOUND('',#3750,.T.);
#3750 = EDGE_LOOP('',(#3751,#3752,#3753,#3754));
#3751 = ORIENTED_EDGE('',*,*,#3366,.T.);
#3752 = ORIENTED_EDGE('',*,*,#3406,.F.);
#3753 = ORIENTED_EDGE('',*,*,#3422,.T.);
#3754 = ORIENTED_EDGE('',*,*,#3450,.T.);
#3755 = PLANE('',#3756);
#3756 = AXIS2_PLACEMENT_3D('',#3757,#3758,#3759);
#3757 = CARTESIAN_POINT('',(37.2,-33.85,12.99));
#3758 = DIRECTION('',(0.,0.,1.));
#3759 = DIRECTION('',(1.,0.,0.));
#3760 = ADVANCED_FACE('',(#3761),#3771,.T.);
#3761 = FACE_BOUND('',#3762,.T.);
#3762 = EDGE_LOOP('',(#3763,#3764,#3765,#3766,#3767,#3768,#3769,#3770));
#3763 = ORIENTED_EDGE('',*,*,#3481,.T.);
#3764 = ORIENTED_EDGE('',*,*,#3505,.T.);
#3765 = ORIENTED_EDGE('',*,*,#3530,.T.);
#3766 = ORIENTED_EDGE('',*,*,#3554,.T.);
#3767 = ORIENTED_EDGE('',*,*,#3579,.T.);
#3768 = ORIENTED_EDGE('',*,*,#3603,.T.);
#3769 = ORIENTED_EDGE('',*,*,#3628,.T.);
#3770 = ORIENTED_EDGE('',*,*,#3645,.T.);
#3771 = PLANE('',#3772);
#3772 = AXIS2_PLACEMENT_3D('',#3773,#3774,#3775);
#3773 = CARTESIAN_POINT('',(37.,-13.6,12.99));
#3774 = DIRECTION('',(0.,0.,1.));
#3775 = DIRECTION('',(1.,0.,0.));
#3776 = ORIENTED_CLOSED_SHELL('',*,#3777,.F.);
#3777 = CLOSED_SHELL('',(#3778,#3811,#3820));
#3778 = ADVANCED_FACE('',(#3779),#3806,.T.);
#3779 = FACE_BOUND('',#3780,.F.);
#3780 = EDGE_LOOP('',(#3781,#3791,#3798,#3799));
#3781 = ORIENTED_EDGE('',*,*,#3782,.T.);
#3782 = EDGE_CURVE('',#3783,#3785,#3787,.T.);
#3783 = VERTEX_POINT('',#3784);
#3784 = CARTESIAN_POINT('',(38.3,-64.7,7.));
#3785 = VERTEX_POINT('',#3786);
#3786 = CARTESIAN_POINT('',(38.3,-64.7,11.2));
#3787 = LINE('',#3788,#3789);
#3788 = CARTESIAN_POINT('',(38.3,-64.7,7.));
#3789 = VECTOR('',#3790,1.);
#3790 = DIRECTION('',(0.,0.,1.));
#3791 = ORIENTED_EDGE('',*,*,#3792,.T.);
#3792 = EDGE_CURVE('',#3785,#3785,#3793,.T.);
#3793 = CIRCLE('',#3794,1.1);
#3794 = AXIS2_PLACEMENT_3D('',#3795,#3796,#3797);
#3795 = CARTESIAN_POINT('',(37.2,-64.7,11.2));
#3796 = DIRECTION('',(0.,0.,1.));
#3797 = DIRECTION('',(1.,0.,0.));
#3798 = ORIENTED_EDGE('',*,*,#3782,.F.);
#3799 = ORIENTED_EDGE('',*,*,#3800,.F.);
#3800 = EDGE_CURVE('',#3783,#3783,#3801,.T.);
#3801 = CIRCLE('',#3802,1.1);
#3802 = AXIS2_PLACEMENT_3D('',#3803,#3804,#3805);
#3803 = CARTESIAN_POINT('',(37.2,-64.7,7.));
#3804 = DIRECTION('',(0.,0.,1.));
#3805 = DIRECTION('',(1.,0.,0.));
#3806 = CYLINDRICAL_SURFACE('',#3807,1.1);
#3807 = AXIS2_PLACEMENT_3D('',#3808,#3809,#3810);
#3808 = CARTESIAN_POINT('',(37.2,-64.7,7.));
#3809 = DIRECTION('',(-0.,-0.,-1.));
#3810 = DIRECTION('',(1.,0.,0.));
#3811 = ADVANCED_FACE('',(#3812),#3815,.F.);
#3812 = FACE_BOUND('',#3813,.T.);
#3813 = EDGE_LOOP('',(#3814));
#3814 = ORIENTED_EDGE('',*,*,#3800,.F.);
#3815 = PLANE('',#3816);
#3816 = AXIS2_PLACEMENT_3D('',#3817,#3818,#3819);
#3817 = CARTESIAN_POINT('',(37.2,-64.7,7.));
#3818 = DIRECTION('',(0.,0.,1.));
#3819 = DIRECTION('',(1.,0.,0.));
#3820 = ADVANCED_FACE('',(#3821),#3824,.T.);
#3821 = FACE_BOUND('',#3822,.F.);
#3822 = EDGE_LOOP('',(#3823));
#3823 = ORIENTED_EDGE('',*,*,#3792,.F.);
#3824 = PLANE('',#3825);
#3825 = AXIS2_PLACEMENT_3D('',#3826,#3827,#3828);
#3826 = CARTESIAN_POINT('',(37.2,-64.7,11.2));
#3827 = DIRECTION('',(0.,0.,1.));
#3828 = DIRECTION('',(1.,0.,0.));
#3829 = ORIENTED_CLOSED_SHELL('',*,#3830,.F.);
#3830 = CLOSED_SHELL('',(#3831,#3864,#3873));
#3831 = ADVANCED_FACE('',(#3832),#3859,.T.);
#3832 = FACE_BOUND('',#3833,.F.);
#3833 = EDGE_LOOP('',(#3834,#3844,#3851,#3852));
#3834 = ORIENTED_EDGE('',*,*,#3835,.T.);
#3835 = EDGE_CURVE('',#3836,#3838,#3840,.T.);
#3836 = VERTEX_POINT('',#3837);
#3837 = CARTESIAN_POINT('',(28.1,-52.8,7.));
#3838 = VERTEX_POINT('',#3839);
#3839 = CARTESIAN_POINT('',(28.1,-52.8,11.2));
#3840 = LINE('',#3841,#3842);
#3841 = CARTESIAN_POINT('',(28.1,-52.8,7.));
#3842 = VECTOR('',#3843,1.);
#3843 = DIRECTION('',(0.,0.,1.));
#3844 = ORIENTED_EDGE('',*,*,#3845,.T.);
#3845 = EDGE_CURVE('',#3838,#3838,#3846,.T.);
#3846 = CIRCLE('',#3847,1.1);
#3847 = AXIS2_PLACEMENT_3D('',#3848,#3849,#3850);
#3848 = CARTESIAN_POINT('',(27.,-52.8,11.2));
#3849 = DIRECTION('',(0.,0.,1.));
#3850 = DIRECTION('',(1.,0.,0.));
#3851 = ORIENTED_EDGE('',*,*,#3835,.F.);
#3852 = ORIENTED_EDGE('',*,*,#3853,.F.);
#3853 = EDGE_CURVE('',#3836,#3836,#3854,.T.);
#3854 = CIRCLE('',#3855,1.1);
#3855 = AXIS2_PLACEMENT_3D('',#3856,#3857,#3858);
#3856 = CARTESIAN_POINT('',(27.,-52.8,7.));
#3857 = DIRECTION('',(0.,0.,1.));
#3858 = DIRECTION('',(1.,0.,0.));
#3859 = CYLINDRICAL_SURFACE('',#3860,1.1);
#3860 = AXIS2_PLACEMENT_3D('',#3861,#3862,#3863);
#3861 = CARTESIAN_POINT('',(27.,-52.8,7.));
#3862 = DIRECTION('',(-0.,-0.,-1.));
#3863 = DIRECTION('',(1.,0.,0.));
#3864 = ADVANCED_FACE('',(#3865),#3868,.F.);
#3865 = FACE_BOUND('',#3866,.T.);
#3866 = EDGE_LOOP('',(#3867));
#3867 = ORIENTED_EDGE('',*,*,#3853,.F.);
#3868 = PLANE('',#3869);
#3869 = AXIS2_PLACEMENT_3D('',#3870,#3871,#3872);
#3870 = CARTESIAN_POINT('',(27.,-52.8,7.));
#3871 = DIRECTION('',(0.,0.,1.));
#3872 = DIRECTION('',(1.,0.,0.));
#3873 = ADVANCED_FACE('',(#3874),#3877,.T.);
#3874 = FACE_BOUND('',#3875,.F.);
#3875 = EDGE_LOOP('',(#3876));
#3876 = ORIENTED_EDGE('',*,*,#3845,.F.);
#3877 = PLANE('',#3878);
#3878 = AXIS2_PLACEMENT_3D('',#3879,#3880,#3881);
#3879 = CARTESIAN_POINT('',(27.,-52.8,11.2));
#3880 = DIRECTION('',(0.,0.,1.));
#3881 = DIRECTION('',(1.,0.,0.));
#3882 = ORIENTED_CLOSED_SHELL('',*,#3883,.F.);
#3883 = CLOSED_SHELL('',(#3884,#3917,#3926));
#3884 = ADVANCED_FACE('',(#3885),#3912,.T.);
#3885 = FACE_BOUND('',#3886,.F.);
#3886 = EDGE_LOOP('',(#3887,#3897,#3904,#3905));
#3887 = ORIENTED_EDGE('',*,*,#3888,.T.);
#3888 = EDGE_CURVE('',#3889,#3891,#3893,.T.);
#3889 = VERTEX_POINT('',#3890);
#3890 = CARTESIAN_POINT('',(48.1,-52.8,7.));
#3891 = VERTEX_POINT('',#3892);
#3892 = CARTESIAN_POINT('',(48.1,-52.8,11.2));
#3893 = LINE('',#3894,#3895);
#3894 = CARTESIAN_POINT('',(48.1,-52.8,7.));
#3895 = VECTOR('',#3896,1.);
#3896 = DIRECTION('',(0.,0.,1.));
#3897 = ORIENTED_EDGE('',*,*,#3898,.T.);
#3898 = EDGE_CURVE('',#3891,#3891,#3899,.T.);
#3899 = CIRCLE('',#3900,1.1);
#3900 = AXIS2_PLACEMENT_3D('',#3901,#3902,#3903);
#3901 = CARTESIAN_POINT('',(47.,-52.8,11.2));
#3902 = DIRECTION('',(0.,0.,1.));
#3903 = DIRECTION('',(1.,0.,0.));
#3904 = ORIENTED_EDGE('',*,*,#3888,.F.);
#3905 = ORIENTED_EDGE('',*,*,#3906,.F.);
#3906 = EDGE_CURVE('',#3889,#3889,#3907,.T.);
#3907 = CIRCLE('',#3908,1.1);
#3908 = AXIS2_PLACEMENT_3D('',#3909,#3910,#3911);
#3909 = CARTESIAN_POINT('',(47.,-52.8,7.));
#3910 = DIRECTION('',(0.,0.,1.));
#3911 = DIRECTION('',(1.,0.,0.));
#3912 = CYLINDRICAL_SURFACE('',#3913,1.1);
#3913 = AXIS2_PLACEMENT_3D('',#3914,#3915,#3916);
#3914 = CARTESIAN_POINT('',(47.,-52.8,7.));
#3915 = DIRECTION('',(-0.,-0.,-1.));
#3916 = DIRECTION('',(1.,0.,0.));
#3917 = ADVANCED_FACE('',(#3918),#3921,.F.);
#3918 = FACE_BOUND('',#3919,.T.);
#3919 = EDGE_LOOP('',(#3920));
#3920 = ORIENTED_EDGE('',*,*,#3906,.F.);
#3921 = PLANE('',#3922);
#3922 = AXIS2_PLACEMENT_3D('',#3923,#3924,#3925);
#3923 = CARTESIAN_POINT('',(47.,-52.8,7.));
#3924 = DIRECTION('',(0.,0.,1.));
#3925 = DIRECTION('',(1.,0.,0.));
#3926 = ADVANCED_FACE('',(#3927),#3930,.T.);
#3927 = FACE_BOUND('',#3928,.F.);
#3928 = EDGE_LOOP('',(#3929));
#3929 = ORIENTED_EDGE('',*,*,#3898,.F.);
#3930 = PLANE('',#3931);
#3931 = AXIS2_PLACEMENT_3D('',#3932,#3933,#3934);
#3932 = CARTESIAN_POINT('',(47.,-52.8,11.2));
#3933 = DIRECTION('',(0.,0.,1.));
#3934 = DIRECTION('',(1.,0.,0.));
#3935 = ( GEOMETRIC_REPRESENTATION_CONTEXT(3) 
GLOBAL_UNCERTAINTY_ASSIGNED_CONTEXT((#3939)) 
GLOBAL_UNIT_ASSIGNED_CONTEXT((#3936,#3937,#3938)) REPRESENTATION_CONTEXT
('Context #1','3D Context with UNIT and UNCERTAINTY') );
#3936 = ( LENGTH_UNIT() NAMED_UNIT(*) SI_UNIT(.MILLI.,.METRE.) );
#3937 = ( NAMED_UNIT(*) PLANE_ANGLE_UNIT() SI_UNIT($,.RADIAN.) );
#3938 = ( NAMED_UNIT(*) SI_UNIT($,.STERADIAN.) SOLID_ANGLE_UNIT() );
#3939 = UNCERTAINTY_MEASURE_WITH_UNIT(LENGTH_MEASURE(2.E-05),#3936,
  'distance_accuracy_value','confusion accuracy');
#3940 = PRODUCT_RELATED_PRODUCT_CATEGORY('part',$,(#7));
ENDSEC;
END-ISO-10303-21;
