ISO-10303-21;
HEADER;
FILE_DESCRIPTION(('FreeCAD Model'),'2;1');
FILE_NAME('Open CASCADE Shape Model','2026-10-07T22:42:05',('FreeCAD'),(
    'FreeCAD'),'Open CASCADE STEP processor 7.8','FreeCAD','Unknown');
FILE_SCHEMA(('AUTOMOTIVE_DESIGN { 1 0 10303 214 1 1 1 1 }'));
ENDSEC;
DATA;
#1 = APPLICATION_PROTOCOL_DEFINITION('international standard',
  'automotive_design',2000,#2);
#2 = APPLICATION_CONTEXT(
  'core data for automotive mechanical design processes');
#3 = SHAPE_DEFINITION_REPRESENTATION(#4,#10);
#4 = PRODUCT_DEFINITION_SHAPE('','',#5);
#5 = PRODUCT_DEFINITION('design','',#6,#9);
#6 = PRODUCT_DEFINITION_FORMATION('','',#7);
#7 = PRODUCT('Open CASCADE STEP translator 7.8 145',
  'Open CASCADE STEP translator 7.8 145','',(#8));
#8 = PRODUCT_CONTEXT('',#2,'mechanical');
#9 = PRODUCT_DEFINITION_CONTEXT('part definition',#2,'design');
#10 = ADVANCED_BREP_SHAPE_REPRESENTATION('',(#11,#15),#3669);
#11 = AXIS2_PLACEMENT_3D('',#12,#13,#14);
#12 = CARTESIAN_POINT('',(0.,0.,0.));
#13 = DIRECTION('',(0.,0.,1.));
#14 = DIRECTION('',(1.,0.,-0.));
#15 = BREP_WITH_VOIDS('',#16,(#3510,#3563,#3616));
#16 = CLOSED_SHELL('',(#17,#121,#194,#219,#253,#288,#351,#376,#401,#426,
    #576,#601,#1025,#1042,#1104,#1128,#1152,#1240,#1264,#1306,#1334,
    #1359,#1376,#1393,#1442,#1466,#1522,#1546,#1586,#1610,#1634,#1681,
    #1699,#1723,#1740,#1765,#1783,#1848,#1966,#1981,#1995,#2045,#2055,
    #2069,#2247,#2258,#2282,#2299,#2316,#2491,#2519,#2530,#2539,#2556,
    #2568,#2593,#2610,#2629,#2639,#2648,#2665,#2696,#2720,#2744,#2761,
    #2778,#2795,#2812,#2829,#2846,#2863,#2880,#2897,#2914,#2931,#2948,
    #2965,#2982,#2994,#3025,#3065,#3105,#3138,#3163,#3259,#3296,#3318,
    #3328,#3337,#3368,#3392,#3416,#3440,#3464,#3481,#3498));
#17 = ADVANCED_FACE('',(#18),#116,.F.);
#18 = FACE_BOUND('',#19,.F.);
#19 = EDGE_LOOP('',(#20,#30,#38,#46,#54,#62,#70,#78,#86,#94,#102,#110));
#20 = ORIENTED_EDGE('',*,*,#21,.F.);
#21 = EDGE_CURVE('',#22,#24,#26,.T.);
#22 = VERTEX_POINT('',#23);
#23 = CARTESIAN_POINT('',(26.2,-67.,6.3));
#24 = VERTEX_POINT('',#25);
#25 = CARTESIAN_POINT('',(27.308947633367,-67.,6.3));
#26 = LINE('',#27,#28);
#27 = CARTESIAN_POINT('',(26.2,-67.,6.3));
#28 = VECTOR('',#29,1.);
#29 = DIRECTION('',(1.,0.,0.));
#30 = ORIENTED_EDGE('',*,*,#31,.T.);
#31 = EDGE_CURVE('',#22,#32,#34,.T.);
#32 = VERTEX_POINT('',#33);
#33 = CARTESIAN_POINT('',(26.2,-67.,13.59));
#34 = LINE('',#35,#36);
#35 = CARTESIAN_POINT('',(26.2,-67.,6.3));
#36 = VECTOR('',#37,1.);
#37 = DIRECTION('',(0.,0.,1.));
#38 = ORIENTED_EDGE('',*,*,#39,.T.);
#39 = EDGE_CURVE('',#32,#40,#42,.T.);
#40 = VERTEX_POINT('',#41);
#41 = CARTESIAN_POINT('',(47.8,-67.,13.59));
#42 = LINE('',#43,#44);
#43 = CARTESIAN_POINT('',(26.2,-67.,13.59));
#44 = VECTOR('',#45,1.);
#45 = DIRECTION('',(1.,0.,0.));
#46 = ORIENTED_EDGE('',*,*,#47,.F.);
#47 = EDGE_CURVE('',#48,#40,#50,.T.);
#48 = VERTEX_POINT('',#49);
#49 = CARTESIAN_POINT('',(47.8,-67.,6.3));
#50 = LINE('',#51,#52);
#51 = CARTESIAN_POINT('',(47.8,-67.,6.3));
#52 = VECTOR('',#53,1.);
#53 = DIRECTION('',(0.,0.,1.));
#54 = ORIENTED_EDGE('',*,*,#55,.F.);
#55 = EDGE_CURVE('',#56,#48,#58,.T.);
#56 = VERTEX_POINT('',#57);
#57 = CARTESIAN_POINT('',(47.040292180075,-67.,6.3));
#58 = LINE('',#59,#60);
#59 = CARTESIAN_POINT('',(26.2,-67.,6.3));
#60 = VECTOR('',#61,1.);
#61 = DIRECTION('',(1.,0.,0.));
#62 = ORIENTED_EDGE('',*,*,#63,.F.);
#63 = EDGE_CURVE('',#64,#56,#66,.T.);
#64 = VERTEX_POINT('',#65);
#65 = CARTESIAN_POINT('',(47.040292180075,-67.,6.75));
#66 = LINE('',#67,#68);
#67 = CARTESIAN_POINT('',(47.040292180075,-67.,5.3));
#68 = VECTOR('',#69,1.);
#69 = DIRECTION('',(-0.,-0.,-1.));
#70 = ORIENTED_EDGE('',*,*,#71,.F.);
#71 = EDGE_CURVE('',#72,#64,#74,.T.);
#72 = VERTEX_POINT('',#73);
#73 = CARTESIAN_POINT('',(43.959707819925,-67.,6.75));
#74 = LINE('',#75,#76);
#75 = CARTESIAN_POINT('',(35.85,-67.,6.75));
#76 = VECTOR('',#77,1.);
#77 = DIRECTION('',(1.,0.,0.));
#78 = ORIENTED_EDGE('',*,*,#79,.T.);
#79 = EDGE_CURVE('',#72,#80,#82,.T.);
#80 = VERTEX_POINT('',#81);
#81 = CARTESIAN_POINT('',(43.959707819925,-67.,6.3));
#82 = LINE('',#83,#84);
#83 = CARTESIAN_POINT('',(43.959707819925,-67.,5.3));
#84 = VECTOR('',#85,1.);
#85 = DIRECTION('',(-0.,-0.,-1.));
#86 = ORIENTED_EDGE('',*,*,#87,.F.);
#87 = EDGE_CURVE('',#88,#80,#90,.T.);
#88 = VERTEX_POINT('',#89);
#89 = CARTESIAN_POINT('',(31.491052366633,-67.,6.3));
#90 = LINE('',#91,#92);
#91 = CARTESIAN_POINT('',(26.2,-67.,6.3));
#92 = VECTOR('',#93,1.);
#93 = DIRECTION('',(1.,0.,0.));
#94 = ORIENTED_EDGE('',*,*,#95,.F.);
#95 = EDGE_CURVE('',#96,#88,#98,.T.);
#96 = VERTEX_POINT('',#97);
#97 = CARTESIAN_POINT('',(31.491052366633,-67.,6.75));
#98 = LINE('',#99,#100);
#99 = CARTESIAN_POINT('',(31.491052366633,-67.,5.3));
#100 = VECTOR('',#101,1.);
#101 = DIRECTION('',(-0.,-0.,-1.));
#102 = ORIENTED_EDGE('',*,*,#103,.F.);
#103 = EDGE_CURVE('',#104,#96,#106,.T.);
#104 = VERTEX_POINT('',#105);
#105 = CARTESIAN_POINT('',(27.308947633367,-67.,6.75));
#106 = LINE('',#107,#108);
#107 = CARTESIAN_POINT('',(27.8,-67.,6.75));
#108 = VECTOR('',#109,1.);
#109 = DIRECTION('',(1.,0.,0.));
#110 = ORIENTED_EDGE('',*,*,#111,.T.);
#111 = EDGE_CURVE('',#104,#24,#112,.T.);
#112 = LINE('',#113,#114);
#113 = CARTESIAN_POINT('',(27.308947633367,-67.,5.3));
#114 = VECTOR('',#115,1.);
#115 = DIRECTION('',(-0.,-0.,-1.));
#116 = PLANE('',#117);
#117 = AXIS2_PLACEMENT_3D('',#118,#119,#120);
#118 = CARTESIAN_POINT('',(26.2,-67.,6.3));
#119 = DIRECTION('',(0.,1.,0.));
#120 = DIRECTION('',(1.,0.,0.));
#121 = ADVANCED_FACE('',(#122),#189,.T.);
#122 = FACE_BOUND('',#123,.T.);
#123 = EDGE_LOOP('',(#124,#134,#141,#142,#151,#159,#167,#175,#183));
#124 = ORIENTED_EDGE('',*,*,#125,.T.);
#125 = EDGE_CURVE('',#126,#128,#130,.T.);
#126 = VERTEX_POINT('',#127);
#127 = CARTESIAN_POINT('',(26.229458346531,-65.8,6.3));
#128 = VERTEX_POINT('',#129);
#129 = CARTESIAN_POINT('',(27.367144864974,-65.8,6.3));
#130 = LINE('',#131,#132);
#131 = CARTESIAN_POINT('',(42.406927111653,-65.8,6.3));
#132 = VECTOR('',#133,1.);
#133 = DIRECTION('',(1.,0.,0.));
#134 = ORIENTED_EDGE('',*,*,#135,.F.);
#135 = EDGE_CURVE('',#24,#128,#136,.T.);
#136 = CIRCLE('',#137,2.15);
#137 = AXIS2_PLACEMENT_3D('',#138,#139,#140);
#138 = CARTESIAN_POINT('',(29.4,-66.5,6.3));
#139 = DIRECTION('',(0.,0.,-1.));
#140 = DIRECTION('',(1.,0.,0.));
#141 = ORIENTED_EDGE('',*,*,#21,.F.);
#142 = ORIENTED_EDGE('',*,*,#143,.F.);
#143 = EDGE_CURVE('',#144,#22,#146,.T.);
#144 = VERTEX_POINT('',#145);
#145 = CARTESIAN_POINT('',(25.,-65.8,6.3));
#146 = CIRCLE('',#147,1.2);
#147 = AXIS2_PLACEMENT_3D('',#148,#149,#150);
#148 = CARTESIAN_POINT('',(26.2,-65.8,6.3));
#149 = DIRECTION('',(0.,0.,1.));
#150 = DIRECTION('',(-1.,0.,0.));
#151 = ORIENTED_EDGE('',*,*,#152,.F.);
#152 = EDGE_CURVE('',#153,#144,#155,.T.);
#153 = VERTEX_POINT('',#154);
#154 = CARTESIAN_POINT('',(25.,-63.9,6.3));
#155 = LINE('',#156,#157);
#156 = CARTESIAN_POINT('',(25.,-13.4,6.3));
#157 = VECTOR('',#158,1.);
#158 = DIRECTION('',(0.,-1.,0.));
#159 = ORIENTED_EDGE('',*,*,#160,.F.);
#160 = EDGE_CURVE('',#161,#153,#163,.T.);
#161 = VERTEX_POINT('',#162);
#162 = CARTESIAN_POINT('',(26.2,-63.9,6.3));
#163 = LINE('',#164,#165);
#164 = CARTESIAN_POINT('',(28.521656284918,-63.9,6.3));
#165 = VECTOR('',#166,1.);
#166 = DIRECTION('',(-1.,0.,0.));
#167 = ORIENTED_EDGE('',*,*,#168,.T.);
#168 = EDGE_CURVE('',#161,#169,#171,.T.);
#169 = VERTEX_POINT('',#170);
#170 = CARTESIAN_POINT('',(26.2,-65.77054165346,6.3));
#171 = LINE('',#172,#173);
#172 = CARTESIAN_POINT('',(26.2,-52.43420966695,6.3));
#173 = VECTOR('',#174,1.);
#174 = DIRECTION('',(0.,-1.,0.));
#175 = ORIENTED_EDGE('',*,*,#176,.T.);
#176 = EDGE_CURVE('',#169,#177,#179,.T.);
#177 = VERTEX_POINT('',#178);
#178 = CARTESIAN_POINT('',(26.201379428774,-65.79862057122,6.3));
#179 = LINE('',#180,#181);
#180 = CARTESIAN_POINT('',(25.560148530937,-52.74606579013,6.3));
#181 = VECTOR('',#182,1.);
#182 = DIRECTION('',(4.906767432734E-02,-0.998795456205,0.));
#183 = ORIENTED_EDGE('',*,*,#184,.T.);
#184 = EDGE_CURVE('',#177,#126,#185,.T.);
#185 = LINE('',#186,#187);
#186 = CARTESIAN_POINT('',(30.969051124605,-66.03284126237,6.3));
#187 = VECTOR('',#188,1.);
#188 = DIRECTION('',(0.998795456205,-4.906767432757E-02,0.));
#189 = PLANE('',#190);
#190 = AXIS2_PLACEMENT_3D('',#191,#192,#193);
#191 = CARTESIAN_POINT('',(44.267066577077,-46.08685620723,6.3));
#192 = DIRECTION('',(-0.,-0.,-1.));
#193 = DIRECTION('',(-1.,0.,0.));
#194 = ADVANCED_FACE('',(#195),#214,.F.);
#195 = FACE_BOUND('',#196,.T.);
#196 = EDGE_LOOP('',(#197,#205,#212,#213));
#197 = ORIENTED_EDGE('',*,*,#198,.F.);
#198 = EDGE_CURVE('',#199,#128,#201,.T.);
#199 = VERTEX_POINT('',#200);
#200 = CARTESIAN_POINT('',(27.367144864974,-65.8,6.75));
#201 = LINE('',#202,#203);
#202 = CARTESIAN_POINT('',(27.367144864974,-65.8,5.3));
#203 = VECTOR('',#204,1.);
#204 = DIRECTION('',(-0.,-0.,-1.));
#205 = ORIENTED_EDGE('',*,*,#206,.T.);
#206 = EDGE_CURVE('',#199,#104,#207,.T.);
#207 = CIRCLE('',#208,2.15);
#208 = AXIS2_PLACEMENT_3D('',#209,#210,#211);
#209 = CARTESIAN_POINT('',(29.4,-66.5,6.75));
#210 = DIRECTION('',(0.,0.,1.));
#211 = DIRECTION('',(1.,0.,0.));
#212 = ORIENTED_EDGE('',*,*,#111,.T.);
#213 = ORIENTED_EDGE('',*,*,#135,.T.);
#214 = CYLINDRICAL_SURFACE('',#215,2.15);
#215 = AXIS2_PLACEMENT_3D('',#216,#217,#218);
#216 = CARTESIAN_POINT('',(29.4,-66.5,5.3));
#217 = DIRECTION('',(-0.,-0.,-1.));
#218 = DIRECTION('',(1.,0.,0.));
#219 = ADVANCED_FACE('',(#220),#248,.F.);
#220 = FACE_BOUND('',#221,.F.);
#221 = EDGE_LOOP('',(#222,#231,#240,#246,#247));
#222 = ORIENTED_EDGE('',*,*,#223,.T.);
#223 = EDGE_CURVE('',#96,#224,#226,.T.);
#224 = VERTEX_POINT('',#225);
#225 = CARTESIAN_POINT('',(31.55,-66.5,6.75));
#226 = CIRCLE('',#227,2.15);
#227 = AXIS2_PLACEMENT_3D('',#228,#229,#230);
#228 = CARTESIAN_POINT('',(29.4,-66.5,6.75));
#229 = DIRECTION('',(0.,0.,1.));
#230 = DIRECTION('',(1.,0.,0.));
#231 = ORIENTED_EDGE('',*,*,#232,.T.);
#232 = EDGE_CURVE('',#224,#233,#235,.T.);
#233 = VERTEX_POINT('',#234);
#234 = CARTESIAN_POINT('',(31.432855135026,-65.8,6.75));
#235 = CIRCLE('',#236,2.15);
#236 = AXIS2_PLACEMENT_3D('',#237,#238,#239);
#237 = CARTESIAN_POINT('',(29.4,-66.5,6.75));
#238 = DIRECTION('',(0.,0.,1.));
#239 = DIRECTION('',(1.,0.,0.));
#240 = ORIENTED_EDGE('',*,*,#241,.T.);
#241 = EDGE_CURVE('',#233,#199,#242,.T.);
#242 = LINE('',#243,#244);
#243 = CARTESIAN_POINT('',(38.585270826735,-65.8,6.75));
#244 = VECTOR('',#245,1.);
#245 = DIRECTION('',(-1.,0.,0.));
#246 = ORIENTED_EDGE('',*,*,#206,.T.);
#247 = ORIENTED_EDGE('',*,*,#103,.T.);
#248 = PLANE('',#249);
#249 = AXIS2_PLACEMENT_3D('',#250,#251,#252);
#250 = CARTESIAN_POINT('',(29.4,-66.5,6.75));
#251 = DIRECTION('',(0.,0.,1.));
#252 = DIRECTION('',(1.,0.,0.));
#253 = ADVANCED_FACE('',(#254),#283,.F.);
#254 = FACE_BOUND('',#255,.T.);
#255 = EDGE_LOOP('',(#256,#257,#265,#274,#281,#282));
#256 = ORIENTED_EDGE('',*,*,#232,.T.);
#257 = ORIENTED_EDGE('',*,*,#258,.T.);
#258 = EDGE_CURVE('',#233,#259,#261,.T.);
#259 = VERTEX_POINT('',#260);
#260 = CARTESIAN_POINT('',(31.432855135026,-65.8,6.3));
#261 = LINE('',#262,#263);
#262 = CARTESIAN_POINT('',(31.432855135026,-65.8,5.3));
#263 = VECTOR('',#264,1.);
#264 = DIRECTION('',(-0.,-0.,-1.));
#265 = ORIENTED_EDGE('',*,*,#266,.T.);
#266 = EDGE_CURVE('',#259,#267,#269,.T.);
#267 = VERTEX_POINT('',#268);
#268 = CARTESIAN_POINT('',(31.55,-66.5,6.3));
#269 = CIRCLE('',#270,2.15);
#270 = AXIS2_PLACEMENT_3D('',#271,#272,#273);
#271 = CARTESIAN_POINT('',(29.4,-66.5,6.3));
#272 = DIRECTION('',(0.,0.,-1.));
#273 = DIRECTION('',(1.,0.,0.));
#274 = ORIENTED_EDGE('',*,*,#275,.T.);
#275 = EDGE_CURVE('',#267,#88,#276,.T.);
#276 = CIRCLE('',#277,2.15);
#277 = AXIS2_PLACEMENT_3D('',#278,#279,#280);
#278 = CARTESIAN_POINT('',(29.4,-66.5,6.3));
#279 = DIRECTION('',(0.,0.,-1.));
#280 = DIRECTION('',(1.,0.,0.));
#281 = ORIENTED_EDGE('',*,*,#95,.F.);
#282 = ORIENTED_EDGE('',*,*,#223,.T.);
#283 = CYLINDRICAL_SURFACE('',#284,2.15);
#284 = AXIS2_PLACEMENT_3D('',#285,#286,#287);
#285 = CARTESIAN_POINT('',(29.4,-66.5,5.3));
#286 = DIRECTION('',(-0.,-0.,-1.));
#287 = DIRECTION('',(1.,0.,0.));
#288 = ADVANCED_FACE('',(#289,#335),#346,.T.);
#289 = FACE_BOUND('',#290,.T.);
#290 = EDGE_LOOP('',(#291,#302,#310,#317,#318,#319,#320,#328));
#291 = ORIENTED_EDGE('',*,*,#292,.F.);
#292 = EDGE_CURVE('',#293,#295,#297,.T.);
#293 = VERTEX_POINT('',#294);
#294 = CARTESIAN_POINT('',(38.687447478064,-65.8,6.3));
#295 = VERTEX_POINT('',#296);
#296 = CARTESIAN_POINT('',(39.05,-64.7,6.3));
#297 = CIRCLE('',#298,1.85);
#298 = AXIS2_PLACEMENT_3D('',#299,#300,#301);
#299 = CARTESIAN_POINT('',(37.2,-64.7,6.3));
#300 = DIRECTION('',(0.,0.,1.));
#301 = DIRECTION('',(1.,0.,0.));
#302 = ORIENTED_EDGE('',*,*,#303,.T.);
#303 = EDGE_CURVE('',#293,#304,#306,.T.);
#304 = VERTEX_POINT('',#305);
#305 = CARTESIAN_POINT('',(43.371033114396,-65.8,6.3));
#306 = LINE('',#307,#308);
#307 = CARTESIAN_POINT('',(42.406927111653,-65.8,6.3));
#308 = VECTOR('',#309,1.);
#309 = DIRECTION('',(1.,0.,0.));
#310 = ORIENTED_EDGE('',*,*,#311,.F.);
#311 = EDGE_CURVE('',#80,#304,#312,.T.);
#312 = CIRCLE('',#313,2.15);
#313 = AXIS2_PLACEMENT_3D('',#314,#315,#316);
#314 = CARTESIAN_POINT('',(45.5,-65.5,6.3));
#315 = DIRECTION('',(0.,0.,-1.));
#316 = DIRECTION('',(1.,0.,0.));
#317 = ORIENTED_EDGE('',*,*,#87,.F.);
#318 = ORIENTED_EDGE('',*,*,#275,.F.);
#319 = ORIENTED_EDGE('',*,*,#266,.F.);
#320 = ORIENTED_EDGE('',*,*,#321,.T.);
#321 = EDGE_CURVE('',#259,#322,#324,.T.);
#322 = VERTEX_POINT('',#323);
#323 = CARTESIAN_POINT('',(35.712552521936,-65.8,6.3));
#324 = LINE('',#325,#326);
#325 = CARTESIAN_POINT('',(42.406927111653,-65.8,6.3));
#326 = VECTOR('',#327,1.);
#327 = DIRECTION('',(1.,0.,0.));
#328 = ORIENTED_EDGE('',*,*,#329,.F.);
#329 = EDGE_CURVE('',#295,#322,#330,.T.);
#330 = CIRCLE('',#331,1.85);
#331 = AXIS2_PLACEMENT_3D('',#332,#333,#334);
#332 = CARTESIAN_POINT('',(37.2,-64.7,6.3));
#333 = DIRECTION('',(0.,0.,1.));
#334 = DIRECTION('',(1.,0.,0.));
#335 = FACE_BOUND('',#336,.T.);
#336 = EDGE_LOOP('',(#337));
#337 = ORIENTED_EDGE('',*,*,#338,.F.);
#338 = EDGE_CURVE('',#339,#339,#341,.T.);
#339 = VERTEX_POINT('',#340);
#340 = CARTESIAN_POINT('',(38.8,-64.7,6.3));
#341 = CIRCLE('',#342,1.6);
#342 = AXIS2_PLACEMENT_3D('',#343,#344,#345);
#343 = CARTESIAN_POINT('',(37.2,-64.7,6.3));
#344 = DIRECTION('',(0.,0.,-1.));
#345 = DIRECTION('',(1.,0.,0.));
#346 = PLANE('',#347);
#347 = AXIS2_PLACEMENT_3D('',#348,#349,#350);
#348 = CARTESIAN_POINT('',(44.267066577077,-46.08685620723,6.3));
#349 = DIRECTION('',(-0.,-0.,-1.));
#350 = DIRECTION('',(-1.,0.,0.));
#351 = ADVANCED_FACE('',(#352),#371,.F.);
#352 = FACE_BOUND('',#353,.T.);
#353 = EDGE_LOOP('',(#354,#362,#369,#370));
#354 = ORIENTED_EDGE('',*,*,#355,.F.);
#355 = EDGE_CURVE('',#356,#304,#358,.T.);
#356 = VERTEX_POINT('',#357);
#357 = CARTESIAN_POINT('',(43.371033114396,-65.8,6.75));
#358 = LINE('',#359,#360);
#359 = CARTESIAN_POINT('',(43.371033114396,-65.8,5.3));
#360 = VECTOR('',#361,1.);
#361 = DIRECTION('',(-0.,-0.,-1.));
#362 = ORIENTED_EDGE('',*,*,#363,.T.);
#363 = EDGE_CURVE('',#356,#72,#364,.T.);
#364 = CIRCLE('',#365,2.15);
#365 = AXIS2_PLACEMENT_3D('',#366,#367,#368);
#366 = CARTESIAN_POINT('',(45.5,-65.5,6.75));
#367 = DIRECTION('',(0.,0.,1.));
#368 = DIRECTION('',(1.,0.,0.));
#369 = ORIENTED_EDGE('',*,*,#79,.T.);
#370 = ORIENTED_EDGE('',*,*,#311,.T.);
#371 = CYLINDRICAL_SURFACE('',#372,2.15);
#372 = AXIS2_PLACEMENT_3D('',#373,#374,#375);
#373 = CARTESIAN_POINT('',(45.5,-65.5,5.3));
#374 = DIRECTION('',(-0.,-0.,-1.));
#375 = DIRECTION('',(1.,0.,0.));
#376 = ADVANCED_FACE('',(#377),#396,.F.);
#377 = FACE_BOUND('',#378,.F.);
#378 = EDGE_LOOP('',(#379,#387,#388,#389));
#379 = ORIENTED_EDGE('',*,*,#380,.T.);
#380 = EDGE_CURVE('',#381,#356,#383,.T.);
#381 = VERTEX_POINT('',#382);
#382 = CARTESIAN_POINT('',(47.628966885604,-65.8,6.75));
#383 = LINE('',#384,#385);
#384 = CARTESIAN_POINT('',(46.635270826735,-65.8,6.75));
#385 = VECTOR('',#386,1.);
#386 = DIRECTION('',(-1.,0.,0.));
#387 = ORIENTED_EDGE('',*,*,#363,.T.);
#388 = ORIENTED_EDGE('',*,*,#71,.T.);
#389 = ORIENTED_EDGE('',*,*,#390,.T.);
#390 = EDGE_CURVE('',#64,#381,#391,.T.);
#391 = CIRCLE('',#392,2.15);
#392 = AXIS2_PLACEMENT_3D('',#393,#394,#395);
#393 = CARTESIAN_POINT('',(45.5,-65.5,6.75));
#394 = DIRECTION('',(0.,0.,1.));
#395 = DIRECTION('',(1.,0.,0.));
#396 = PLANE('',#397);
#397 = AXIS2_PLACEMENT_3D('',#398,#399,#400);
#398 = CARTESIAN_POINT('',(45.5,-65.5,6.75));
#399 = DIRECTION('',(0.,0.,1.));
#400 = DIRECTION('',(1.,0.,0.));
#401 = ADVANCED_FACE('',(#402),#421,.F.);
#402 = FACE_BOUND('',#403,.T.);
#403 = EDGE_LOOP('',(#404,#405,#413,#420));
#404 = ORIENTED_EDGE('',*,*,#390,.T.);
#405 = ORIENTED_EDGE('',*,*,#406,.T.);
#406 = EDGE_CURVE('',#381,#407,#409,.T.);
#407 = VERTEX_POINT('',#408);
#408 = CARTESIAN_POINT('',(47.628966885604,-65.8,6.3));
#409 = LINE('',#410,#411);
#410 = CARTESIAN_POINT('',(47.628966885604,-65.8,5.3));
#411 = VECTOR('',#412,1.);
#412 = DIRECTION('',(-0.,-0.,-1.));
#413 = ORIENTED_EDGE('',*,*,#414,.T.);
#414 = EDGE_CURVE('',#407,#56,#415,.T.);
#415 = CIRCLE('',#416,2.15);
#416 = AXIS2_PLACEMENT_3D('',#417,#418,#419);
#417 = CARTESIAN_POINT('',(45.5,-65.5,6.3));
#418 = DIRECTION('',(0.,0.,-1.));
#419 = DIRECTION('',(1.,0.,0.));
#420 = ORIENTED_EDGE('',*,*,#63,.F.);
#421 = CYLINDRICAL_SURFACE('',#422,2.15);
#422 = AXIS2_PLACEMENT_3D('',#423,#424,#425);
#423 = CARTESIAN_POINT('',(45.5,-65.5,5.3));
#424 = DIRECTION('',(-0.,-0.,-1.));
#425 = DIRECTION('',(1.,0.,0.));
#426 = ADVANCED_FACE('',(#427,#560),#571,.T.);
#427 = FACE_BOUND('',#428,.T.);
#428 = EDGE_LOOP('',(#429,#430,#438,#446,#454,#462,#471,#479,#487,#495,
    #503,#511,#519,#527,#535,#544,#552,#559));
#429 = ORIENTED_EDGE('',*,*,#414,.F.);
#430 = ORIENTED_EDGE('',*,*,#431,.T.);
#431 = EDGE_CURVE('',#407,#432,#434,.T.);
#432 = VERTEX_POINT('',#433);
#433 = CARTESIAN_POINT('',(47.770541653469,-65.8,6.3));
#434 = LINE('',#435,#436);
#435 = CARTESIAN_POINT('',(42.406927111653,-65.8,6.3));
#436 = VECTOR('',#437,1.);
#437 = DIRECTION('',(1.,0.,0.));
#438 = ORIENTED_EDGE('',*,*,#439,.T.);
#439 = EDGE_CURVE('',#432,#440,#442,.T.);
#440 = VERTEX_POINT('',#441);
#441 = CARTESIAN_POINT('',(47.798620571226,-65.79862057122,6.3));
#442 = LINE('',#443,#444);
#443 = CARTESIAN_POINT('',(43.088196623178,-66.03002886087,6.3));
#444 = VECTOR('',#445,1.);
#445 = DIRECTION('',(0.998795456205,4.906767432757E-02,0.));
#446 = ORIENTED_EDGE('',*,*,#447,.T.);
#447 = EDGE_CURVE('',#440,#448,#450,.T.);
#448 = VERTEX_POINT('',#449);
#449 = CARTESIAN_POINT('',(47.8,-65.77054165346,6.3));
#450 = LINE('',#451,#452);
#451 = CARTESIAN_POINT('',(48.440645464384,-52.72990364414,6.3));
#452 = VECTOR('',#453,1.);
#453 = DIRECTION('',(4.906767432757E-02,0.998795456205,0.));
#454 = ORIENTED_EDGE('',*,*,#455,.T.);
#455 = EDGE_CURVE('',#448,#456,#458,.T.);
#456 = VERTEX_POINT('',#457);
#457 = CARTESIAN_POINT('',(47.8,-54.46808273176,6.3));
#458 = LINE('',#459,#460);
#459 = CARTESIAN_POINT('',(47.8,-25.66366801349,6.3));
#460 = VECTOR('',#461,1.);
#461 = DIRECTION('',(0.,1.,0.));
#462 = ORIENTED_EDGE('',*,*,#463,.F.);
#463 = EDGE_CURVE('',#464,#456,#466,.T.);
#464 = VERTEX_POINT('',#465);
#465 = CARTESIAN_POINT('',(47.8,-51.13191726823,6.3));
#466 = CIRCLE('',#467,1.85);
#467 = AXIS2_PLACEMENT_3D('',#468,#469,#470);
#468 = CARTESIAN_POINT('',(47.,-52.8,6.3));
#469 = DIRECTION('',(0.,0.,1.));
#470 = DIRECTION('',(1.,0.,0.));
#471 = ORIENTED_EDGE('',*,*,#472,.T.);
#472 = EDGE_CURVE('',#464,#473,#475,.T.);
#473 = VERTEX_POINT('',#474);
#474 = CARTESIAN_POINT('',(47.8,-12.22945834653,6.3));
#475 = LINE('',#476,#477);
#476 = CARTESIAN_POINT('',(47.8,-25.66366801349,6.3));
#477 = VECTOR('',#478,1.);
#478 = DIRECTION('',(0.,1.,0.));
#479 = ORIENTED_EDGE('',*,*,#480,.T.);
#480 = EDGE_CURVE('',#473,#481,#483,.T.);
#481 = VERTEX_POINT('',#482);
#482 = CARTESIAN_POINT('',(47.798620571226,-12.20137942877,6.3));
#483 = LINE('',#484,#485);
#484 = CARTESIAN_POINT('',(48.444752595167,-25.35369892353,6.3));
#485 = VECTOR('',#486,1.);
#486 = DIRECTION('',(-4.906767432758E-02,0.998795456205,0.));
#487 = ORIENTED_EDGE('',*,*,#488,.T.);
#488 = EDGE_CURVE('',#481,#489,#491,.T.);
#489 = VERTEX_POINT('',#490);
#490 = CARTESIAN_POINT('',(47.770541653469,-12.2,6.3));
#491 = LINE('',#492,#493);
#492 = CARTESIAN_POINT('',(43.078954009468,-11.96951707863,6.3));
#493 = VECTOR('',#494,1.);
#494 = DIRECTION('',(-0.998795456205,4.906767432741E-02,0.));
#495 = ORIENTED_EDGE('',*,*,#496,.T.);
#496 = EDGE_CURVE('',#489,#497,#499,.T.);
#497 = VERTEX_POINT('',#498);
#498 = CARTESIAN_POINT('',(47.,-12.2,6.3));
#499 = LINE('',#500,#501);
#500 = CARTESIAN_POINT('',(32.236385458184,-12.2,6.3));
#501 = VECTOR('',#502,1.);
#502 = DIRECTION('',(-1.,0.,0.));
#503 = ORIENTED_EDGE('',*,*,#504,.T.);
#504 = EDGE_CURVE('',#497,#505,#507,.T.);
#505 = VERTEX_POINT('',#506);
#506 = CARTESIAN_POINT('',(47.,-11.4,6.3));
#507 = LINE('',#508,#509);
#508 = CARTESIAN_POINT('',(47.,-43.59893884022,6.3));
#509 = VECTOR('',#510,1.);
#510 = DIRECTION('',(0.,1.,0.));
#511 = ORIENTED_EDGE('',*,*,#512,.T.);
#512 = EDGE_CURVE('',#505,#513,#515,.T.);
#513 = VERTEX_POINT('',#514);
#514 = CARTESIAN_POINT('',(43.7,-11.4,6.3));
#515 = LINE('',#516,#517);
#516 = CARTESIAN_POINT('',(32.221656284918,-11.4,6.3));
#517 = VECTOR('',#518,1.);
#518 = DIRECTION('',(-1.,0.,0.));
#519 = ORIENTED_EDGE('',*,*,#520,.T.);
#520 = EDGE_CURVE('',#513,#521,#523,.T.);
#521 = VERTEX_POINT('',#522);
#522 = CARTESIAN_POINT('',(43.7,-11.,6.3));
#523 = LINE('',#524,#525);
#524 = CARTESIAN_POINT('',(43.7,-29.54893884022,6.3));
#525 = VECTOR('',#526,1.);
#526 = DIRECTION('',(0.,1.,0.));
#527 = ORIENTED_EDGE('',*,*,#528,.F.);
#528 = EDGE_CURVE('',#529,#521,#531,.T.);
#529 = VERTEX_POINT('',#530);
#530 = CARTESIAN_POINT('',(47.8,-11.,6.3));
#531 = LINE('',#532,#533);
#532 = CARTESIAN_POINT('',(47.8,-11.,6.3));
#533 = VECTOR('',#534,1.);
#534 = DIRECTION('',(-1.,0.,0.));
#535 = ORIENTED_EDGE('',*,*,#536,.F.);
#536 = EDGE_CURVE('',#537,#529,#539,.T.);
#537 = VERTEX_POINT('',#538);
#538 = CARTESIAN_POINT('',(49.,-12.2,6.3));
#539 = CIRCLE('',#540,1.2);
#540 = AXIS2_PLACEMENT_3D('',#541,#542,#543);
#541 = CARTESIAN_POINT('',(47.8,-12.2,6.3));
#542 = DIRECTION('',(-0.,0.,1.));
#543 = DIRECTION('',(1.,-4.44E-15,0.));
#544 = ORIENTED_EDGE('',*,*,#545,.F.);
#545 = EDGE_CURVE('',#546,#537,#548,.T.);
#546 = VERTEX_POINT('',#547);
#547 = CARTESIAN_POINT('',(49.,-65.8,6.3));
#548 = LINE('',#549,#550);
#549 = CARTESIAN_POINT('',(49.,-65.8,6.3));
#550 = VECTOR('',#551,1.);
#551 = DIRECTION('',(0.,1.,0.));
#552 = ORIENTED_EDGE('',*,*,#553,.F.);
#553 = EDGE_CURVE('',#48,#546,#554,.T.);
#554 = CIRCLE('',#555,1.2);
#555 = AXIS2_PLACEMENT_3D('',#556,#557,#558);
#556 = CARTESIAN_POINT('',(47.8,-65.8,6.3));
#557 = DIRECTION('',(0.,0.,1.));
#558 = DIRECTION('',(-5.92E-15,-1.,0.));
#559 = ORIENTED_EDGE('',*,*,#55,.F.);
#560 = FACE_BOUND('',#561,.T.);
#561 = EDGE_LOOP('',(#562));
#562 = ORIENTED_EDGE('',*,*,#563,.F.);
#563 = EDGE_CURVE('',#564,#564,#566,.T.);
#564 = VERTEX_POINT('',#565);
#565 = CARTESIAN_POINT('',(48.6,-52.8,6.3));
#566 = CIRCLE('',#567,1.6);
#567 = AXIS2_PLACEMENT_3D('',#568,#569,#570);
#568 = CARTESIAN_POINT('',(47.,-52.8,6.3));
#569 = DIRECTION('',(0.,0.,-1.));
#570 = DIRECTION('',(1.,0.,0.));
#571 = PLANE('',#572);
#572 = AXIS2_PLACEMENT_3D('',#573,#574,#575);
#573 = CARTESIAN_POINT('',(44.267066577077,-46.08685620723,6.3));
#574 = DIRECTION('',(-0.,-0.,-1.));
#575 = DIRECTION('',(-1.,0.,0.));
#576 = ADVANCED_FACE('',(#577),#596,.T.);
#577 = FACE_BOUND('',#578,.F.);
#578 = EDGE_LOOP('',(#579,#580,#589,#595));
#579 = ORIENTED_EDGE('',*,*,#47,.T.);
#580 = ORIENTED_EDGE('',*,*,#581,.T.);
#581 = EDGE_CURVE('',#40,#582,#584,.T.);
#582 = VERTEX_POINT('',#583);
#583 = CARTESIAN_POINT('',(49.,-65.8,13.59));
#584 = CIRCLE('',#585,1.2);
#585 = AXIS2_PLACEMENT_3D('',#586,#587,#588);
#586 = CARTESIAN_POINT('',(47.8,-65.8,13.59));
#587 = DIRECTION('',(0.,0.,1.));
#588 = DIRECTION('',(-5.92E-15,-1.,0.));
#589 = ORIENTED_EDGE('',*,*,#590,.F.);
#590 = EDGE_CURVE('',#546,#582,#591,.T.);
#591 = LINE('',#592,#593);
#592 = CARTESIAN_POINT('',(49.,-65.8,6.3));
#593 = VECTOR('',#594,1.);
#594 = DIRECTION('',(0.,0.,1.));
#595 = ORIENTED_EDGE('',*,*,#553,.F.);
#596 = CYLINDRICAL_SURFACE('',#597,1.2);
#597 = AXIS2_PLACEMENT_3D('',#598,#599,#600);
#598 = CARTESIAN_POINT('',(47.8,-65.8,6.3));
#599 = DIRECTION('',(-0.,-0.,-1.));
#600 = DIRECTION('',(-5.92E-15,-1.,0.));
#601 = ADVANCED_FACE('',(#602,#655,#822,#876,#946,#966),#1020,.T.);
#602 = FACE_BOUND('',#603,.T.);
#603 = EDGE_LOOP('',(#604,#614,#623,#631,#638,#639,#640,#648));
#604 = ORIENTED_EDGE('',*,*,#605,.T.);
#605 = EDGE_CURVE('',#606,#608,#610,.T.);
#606 = VERTEX_POINT('',#607);
#607 = CARTESIAN_POINT('',(47.8,-11.,13.59));
#608 = VERTEX_POINT('',#609);
#609 = CARTESIAN_POINT('',(27.4,-11.,13.59));
#610 = LINE('',#611,#612);
#611 = CARTESIAN_POINT('',(47.8,-11.,13.59));
#612 = VECTOR('',#613,1.);
#613 = DIRECTION('',(-1.,0.,0.));
#614 = ORIENTED_EDGE('',*,*,#615,.T.);
#615 = EDGE_CURVE('',#608,#616,#618,.T.);
#616 = VERTEX_POINT('',#617);
#617 = CARTESIAN_POINT('',(25.,-13.4,13.59));
#618 = CIRCLE('',#619,2.4);
#619 = AXIS2_PLACEMENT_3D('',#620,#621,#622);
#620 = CARTESIAN_POINT('',(27.4,-13.4,13.59));
#621 = DIRECTION('',(0.,-0.,1.));
#622 = DIRECTION('',(0.,1.,0.));
#623 = ORIENTED_EDGE('',*,*,#624,.T.);
#624 = EDGE_CURVE('',#616,#625,#627,.T.);
#625 = VERTEX_POINT('',#626);
#626 = CARTESIAN_POINT('',(25.,-65.8,13.59));
#627 = LINE('',#628,#629);
#628 = CARTESIAN_POINT('',(25.,-13.4,13.59));
#629 = VECTOR('',#630,1.);
#630 = DIRECTION('',(0.,-1.,0.));
#631 = ORIENTED_EDGE('',*,*,#632,.T.);
#632 = EDGE_CURVE('',#625,#32,#633,.T.);
#633 = CIRCLE('',#634,1.2);
#634 = AXIS2_PLACEMENT_3D('',#635,#636,#637);
#635 = CARTESIAN_POINT('',(26.2,-65.8,13.59));
#636 = DIRECTION('',(0.,0.,1.));
#637 = DIRECTION('',(-1.,0.,0.));
#638 = ORIENTED_EDGE('',*,*,#39,.T.);
#639 = ORIENTED_EDGE('',*,*,#581,.T.);
#640 = ORIENTED_EDGE('',*,*,#641,.T.);
#641 = EDGE_CURVE('',#582,#642,#644,.T.);
#642 = VERTEX_POINT('',#643);
#643 = CARTESIAN_POINT('',(49.,-12.2,13.59));
#644 = LINE('',#645,#646);
#645 = CARTESIAN_POINT('',(49.,-65.8,13.59));
#646 = VECTOR('',#647,1.);
#647 = DIRECTION('',(0.,1.,0.));
#648 = ORIENTED_EDGE('',*,*,#649,.T.);
#649 = EDGE_CURVE('',#642,#606,#650,.T.);
#650 = CIRCLE('',#651,1.2);
#651 = AXIS2_PLACEMENT_3D('',#652,#653,#654);
#652 = CARTESIAN_POINT('',(47.8,-12.2,13.59));
#653 = DIRECTION('',(-0.,0.,1.));
#654 = DIRECTION('',(1.,-4.44E-15,0.));
#655 = FACE_BOUND('',#656,.T.);
#656 = EDGE_LOOP('',(#657,#668,#676,#711,#719,#727,#735,#798,#806,#815)
  );
#657 = ORIENTED_EDGE('',*,*,#658,.T.);
#658 = EDGE_CURVE('',#659,#661,#663,.T.);
#659 = VERTEX_POINT('',#660);
#660 = CARTESIAN_POINT('',(42.3,-58.5,13.59));
#661 = VERTEX_POINT('',#662);
#662 = CARTESIAN_POINT('',(41.907805958806,-60.50085998278,13.59));
#663 = CIRCLE('',#664,5.3);
#664 = AXIS2_PLACEMENT_3D('',#665,#666,#667);
#665 = CARTESIAN_POINT('',(37.,-58.5,13.59));
#666 = DIRECTION('',(0.,0.,-1.));
#667 = DIRECTION('',(1.,0.,0.));
#668 = ORIENTED_EDGE('',*,*,#669,.T.);
#669 = EDGE_CURVE('',#661,#670,#672,.T.);
#670 = VERTEX_POINT('',#671);
#671 = CARTESIAN_POINT('',(45.444702795165,-63.84553416499,13.59));
#672 = LINE('',#673,#674);
#673 = CARTESIAN_POINT('',(45.342678890819,-63.74905503805,13.59));
#674 = VECTOR('',#675,1.);
#675 = DIRECTION('',(0.726574967353,-0.687087197389,0.));
#676 = ORIENTED_EDGE('',*,*,#677,.F.);
#677 = EDGE_CURVE('',#678,#670,#680,.T.);
#678 = VERTEX_POINT('',#679);
#679 = CARTESIAN_POINT('',(47.8,-64.35,13.59));
#680 = B_SPLINE_CURVE_WITH_KNOTS('',8,(#681,#682,#683,#684,#685,#686,
    #687,#688,#689,#690,#691,#692,#693,#694,#695,#696,#697,#698,#699,
    #700,#701,#702,#703,#704,#705,#706,#707,#708,#709,#710),
  .UNSPECIFIED.,.F.,.F.,(9,7,7,7,9),(0.,0.28425291759,0.478358624137,
    0.707910713621,1.),.UNSPECIFIED.);
#681 = CARTESIAN_POINT('',(47.8,-64.35,13.59));
#682 = CARTESIAN_POINT('',(47.532519233627,-64.2664122605,13.59));
#683 = CARTESIAN_POINT('',(47.263752875101,-64.18733195324,13.59));
#684 = CARTESIAN_POINT('',(46.99353517174,-64.11372769566,13.59));
#685 = CARTESIAN_POINT('',(46.721738735323,-64.04669835974,13.59));
#686 = CARTESIAN_POINT('',(46.448284940677,-63.98741360359,13.59));
#687 = CARTESIAN_POINT('',(46.173174595719,-63.9369157684,13.59));
#688 = CARTESIAN_POINT('',(45.896593140092,-63.89572829562,13.59));
#689 = CARTESIAN_POINT('',(45.429309424419,-63.84214283114,13.59));
#690 = CARTESIAN_POINT('',(45.23917690461,-63.82475555986,13.59));
#691 = CARTESIAN_POINT('',(45.048639968137,-63.81173578153,13.59));
#692 = CARTESIAN_POINT('',(44.857804001248,-63.80298044937,13.59));
#693 = CARTESIAN_POINT('',(44.666765548338,-63.79828164671,13.59));
#694 = CARTESIAN_POINT('',(44.475611883445,-63.7973635459,13.59));
#695 = CARTESIAN_POINT('',(44.284419380579,-63.79992306351,13.59));
#696 = CARTESIAN_POINT('',(43.867174801421,-63.81242336182,13.59));
#697 = CARTESIAN_POINT('',(43.641128030255,-63.82362740393,13.59));
#698 = CARTESIAN_POINT('',(43.415172272184,-63.83874965304,13.59));
#699 = CARTESIAN_POINT('',(43.18934991808,-63.85727676871,13.59));
#700 = CARTESIAN_POINT('',(42.963686417482,-63.87873526861,13.59));
#701 = CARTESIAN_POINT('',(42.738190499248,-63.90271299709,13.59));
#702 = CARTESIAN_POINT('',(42.512853352961,-63.92886161536,13.59));
#703 = CARTESIAN_POINT('',(42.001086845065,-63.99253173005,13.59));
#704 = CARTESIAN_POINT('',(41.71476687435,-64.03120827356,13.59));
#705 = CARTESIAN_POINT('',(41.428645233246,-64.07229036005,13.59));
#706 = CARTESIAN_POINT('',(41.142690489126,-64.11529317931,13.59));
#707 = CARTESIAN_POINT('',(40.856876022413,-64.15983668209,13.59));
#708 = CARTESIAN_POINT('',(40.571175814183,-64.205620905,13.59));
#709 = CARTESIAN_POINT('',(40.285561401436,-64.25240643309,13.59));
#710 = CARTESIAN_POINT('',(40.,-64.3,13.59));
#711 = ORIENTED_EDGE('',*,*,#712,.T.);
#712 = EDGE_CURVE('',#678,#713,#715,.T.);
#713 = VERTEX_POINT('',#714);
#714 = CARTESIAN_POINT('',(47.8,-65.8,13.59));
#715 = LINE('',#716,#717);
#716 = CARTESIAN_POINT('',(47.8,-92.175,13.59));
#717 = VECTOR('',#718,1.);
#718 = DIRECTION('',(0.,-1.,0.));
#719 = ORIENTED_EDGE('',*,*,#720,.T.);
#720 = EDGE_CURVE('',#713,#721,#723,.T.);
#721 = VERTEX_POINT('',#722);
#722 = CARTESIAN_POINT('',(26.2,-65.8,13.59));
#723 = LINE('',#724,#725);
#724 = CARTESIAN_POINT('',(23.9,-65.8,13.59));
#725 = VECTOR('',#726,1.);
#726 = DIRECTION('',(-1.,0.,0.));
#727 = ORIENTED_EDGE('',*,*,#728,.T.);
#728 = EDGE_CURVE('',#721,#729,#731,.T.);
#729 = VERTEX_POINT('',#730);
#730 = CARTESIAN_POINT('',(26.2,-63.8,13.59));
#731 = LINE('',#732,#733);
#732 = CARTESIAN_POINT('',(26.2,-92.9,13.59));
#733 = VECTOR('',#734,1.);
#734 = DIRECTION('',(0.,1.,0.));
#735 = ORIENTED_EDGE('',*,*,#736,.F.);
#736 = EDGE_CURVE('',#737,#729,#739,.T.);
#737 = VERTEX_POINT('',#738);
#738 = CARTESIAN_POINT('',(29.12434588197,-63.30741204639,13.59));
#739 = B_SPLINE_CURVE_WITH_KNOTS('',8,(#740,#741,#742,#743,#744,#745,
    #746,#747,#748,#749,#750,#751,#752,#753,#754,#755,#756,#757,#758,
    #759,#760,#761,#762,#763,#764,#765,#766,#767,#768,#769,#770,#771,
    #772,#773,#774,#775,#776,#777,#778,#779,#780,#781,#782,#783,#784,
    #785,#786,#787,#788,#789,#790,#791,#792,#793,#794,#795,#796,#797),
  .UNSPECIFIED.,.F.,.F.,(9,7,7,7,7,7,7,7,9),(0.,6.341096436717E-02,
    0.345163470705,0.398817080555,0.431592966484,0.487412274422,
    0.654415821767,0.788221339776,1.),.UNSPECIFIED.);
#740 = CARTESIAN_POINT('',(40.,-64.3,13.59));
#741 = CARTESIAN_POINT('',(39.890757274596,-64.31747883606,13.59));
#742 = CARTESIAN_POINT('',(39.781324686821,-64.33374637088,13.59));
#743 = CARTESIAN_POINT('',(39.67171650889,-64.34878899339,13.59));
#744 = CARTESIAN_POINT('',(39.561947520487,-64.36259506359,13.59));
#745 = CARTESIAN_POINT('',(39.452033037032,-64.37515515525,13.59));
#746 = CARTESIAN_POINT('',(39.341988937937,-64.38646229861,13.59));
#747 = CARTESIAN_POINT('',(39.231831694866,-64.39651222309,13.59));
#748 = CARTESIAN_POINT('',(38.631692424119,-64.44436612653,13.59));
#749 = CARTESIAN_POINT('',(38.13960628075,-64.45860578318,13.59));
#750 = CARTESIAN_POINT('',(37.64736079741,-64.44780802014,13.59));
#751 = CARTESIAN_POINT('',(37.156420796214,-64.41312710646,13.59));
#752 = CARTESIAN_POINT('',(36.667682693402,-64.35712361422,13.59));
#753 = CARTESIAN_POINT('',(36.181498745202,-64.28366925593,13.59));
#754 = CARTESIAN_POINT('',(35.697747277649,-64.19733844716,13.59));
#755 = CARTESIAN_POINT('',(35.124121648301,-64.08493750581,13.59));
#756 = CARTESIAN_POINT('',(35.032419294845,-64.06666172206,13.59));
#757 = CARTESIAN_POINT('',(34.940769721831,-64.04812329486,13.59));
#758 = CARTESIAN_POINT('',(34.849167076467,-64.02935513563,13.59));
#759 = CARTESIAN_POINT('',(34.757605176666,-64.01039026764,13.59));
#760 = CARTESIAN_POINT('',(34.66607751105,-63.99126182601,13.59));
#761 = CARTESIAN_POINT('',(34.57457723895,-63.97200305772,13.59));
#762 = CARTESIAN_POINT('',(34.427213911634,-63.94082330079,13.59));
#763 = CARTESIAN_POINT('',(34.371338236238,-63.92896306096,13.59));
#764 = CARTESIAN_POINT('',(34.315468558207,-63.91707418159,13.59));
#765 = CARTESIAN_POINT('',(34.259603267259,-63.90516422335,13.59));
#766 = CARTESIAN_POINT('',(34.203740748843,-63.89324072809,13.59));
#767 = CARTESIAN_POINT('',(34.147879384137,-63.88131121888,13.59));
#768 = CARTESIAN_POINT('',(34.092017550045,-63.86938319996,13.59));
#769 = CARTESIAN_POINT('',(33.941013980101,-63.83716530836,13.59));
#770 = CARTESIAN_POINT('',(33.845868445912,-63.81689240378,13.59));
#771 = CARTESIAN_POINT('',(33.750708840746,-63.79668251944,13.59));
#772 = CARTESIAN_POINT('',(33.655527303734,-63.77657230664,13.59));
#773 = CARTESIAN_POINT('',(33.560316289018,-63.75659799162,13.59));
#774 = CARTESIAN_POINT('',(33.465068565756,-63.73679537559,13.59));
#775 = CARTESIAN_POINT('',(33.369777218121,-63.71719983468,13.59));
#776 = CARTESIAN_POINT('',(32.989187019708,-63.63994331589,13.59));
#777 = CARTESIAN_POINT('',(32.703492455749,-63.58420668997,13.59));
#778 = CARTESIAN_POINT('',(32.417171810543,-63.53156556678,13.59));
#779 = CARTESIAN_POINT('',(32.130101038314,-63.48290680988,13.59));
#780 = CARTESIAN_POINT('',(31.84221671603,-63.43904722018,13.59));
#781 = CARTESIAN_POINT('',(31.553519908393,-63.40071032226,13.59));
#782 = CARTESIAN_POINT('',(31.264079372191,-63.36850773832,13.59));
#783 = CARTESIAN_POINT('',(30.741645875269,-63.3224280316,13.59));
#784 = CARTESIAN_POINT('',(30.508860042748,-63.30617977829,13.59));
#785 = CARTESIAN_POINT('',(30.275758828305,-63.2944321609,13.59));
#786 = CARTESIAN_POINT('',(30.04243556791,-63.28738248425,13.59));
#787 = CARTESIAN_POINT('',(29.808994809211,-63.28517309805,13.59));
#788 = CARTESIAN_POINT('',(29.575552338146,-63.28789269838,13.59));
#789 = CARTESIAN_POINT('',(29.342235130568,-63.29557942,13.59));
#790 = CARTESIAN_POINT('',(28.740318690273,-63.32824145839,13.59));
#791 = CARTESIAN_POINT('',(28.372066292389,-63.3606835505,13.59));
#792 = CARTESIAN_POINT('',(28.004968211613,-63.40552864907,13.59));
#793 = CARTESIAN_POINT('',(27.639473984441,-63.46246963139,13.59));
#794 = CARTESIAN_POINT('',(27.275954329382,-63.5310128589,13.59));
#795 = CARTESIAN_POINT('',(26.914713398424,-63.61055528191,13.59));
#796 = CARTESIAN_POINT('',(26.555997458075,-63.70044138884,13.59));
#797 = CARTESIAN_POINT('',(26.2,-63.8,13.59));
#798 = ORIENTED_EDGE('',*,*,#799,.T.);
#799 = EDGE_CURVE('',#737,#800,#802,.T.);
#800 = VERTEX_POINT('',#801);
#801 = CARTESIAN_POINT('',(32.092194041194,-60.50085998278,13.59));
#802 = LINE('',#803,#804);
#803 = CARTESIAN_POINT('',(7.285764907554,-83.95911362003,13.59));
#804 = VECTOR('',#805,1.);
#805 = DIRECTION('',(0.726574967353,0.687087197389,0.));
#806 = ORIENTED_EDGE('',*,*,#807,.T.);
#807 = EDGE_CURVE('',#800,#808,#810,.T.);
#808 = VERTEX_POINT('',#809);
#809 = CARTESIAN_POINT('',(31.7,-58.5,13.59));
#810 = CIRCLE('',#811,5.3);
#811 = AXIS2_PLACEMENT_3D('',#812,#813,#814);
#812 = CARTESIAN_POINT('',(37.,-58.5,13.59));
#813 = DIRECTION('',(0.,0.,-1.));
#814 = DIRECTION('',(1.,0.,0.));
#815 = ORIENTED_EDGE('',*,*,#816,.T.);
#816 = EDGE_CURVE('',#808,#659,#817,.T.);
#817 = CIRCLE('',#818,5.3);
#818 = AXIS2_PLACEMENT_3D('',#819,#820,#821);
#819 = CARTESIAN_POINT('',(37.,-58.5,13.59));
#820 = DIRECTION('',(0.,0.,-1.));
#821 = DIRECTION('',(-1.,0.,0.));
#822 = FACE_BOUND('',#823,.T.);
#823 = EDGE_LOOP('',(#824,#835,#843,#852,#861,#869));
#824 = ORIENTED_EDGE('',*,*,#825,.T.);
#825 = EDGE_CURVE('',#826,#828,#830,.T.);
#826 = VERTEX_POINT('',#827);
#827 = CARTESIAN_POINT('',(26.25,-20.,13.59));
#828 = VERTEX_POINT('',#829);
#829 = CARTESIAN_POINT('',(26.7,-20.45,13.59));
#830 = CIRCLE('',#831,0.45);
#831 = AXIS2_PLACEMENT_3D('',#832,#833,#834);
#832 = CARTESIAN_POINT('',(26.25,-20.45,13.59));
#833 = DIRECTION('',(0.,0.,-1.));
#834 = DIRECTION('',(0.,1.,0.));
#835 = ORIENTED_EDGE('',*,*,#836,.T.);
#836 = EDGE_CURVE('',#828,#837,#839,.T.);
#837 = VERTEX_POINT('',#838);
#838 = CARTESIAN_POINT('',(26.7,-46.55,13.59));
#839 = LINE('',#840,#841);
#840 = CARTESIAN_POINT('',(26.7,-70.225,13.59));
#841 = VECTOR('',#842,1.);
#842 = DIRECTION('',(0.,-1.,0.));
#843 = ORIENTED_EDGE('',*,*,#844,.T.);
#844 = EDGE_CURVE('',#837,#845,#847,.T.);
#845 = VERTEX_POINT('',#846);
#846 = CARTESIAN_POINT('',(26.25,-47.,13.59));
#847 = CIRCLE('',#848,0.45);
#848 = AXIS2_PLACEMENT_3D('',#849,#850,#851);
#849 = CARTESIAN_POINT('',(26.25,-46.55,13.59));
#850 = DIRECTION('',(0.,0.,-1.));
#851 = DIRECTION('',(1.,1.579E-14,0.));
#852 = ORIENTED_EDGE('',*,*,#853,.T.);
#853 = EDGE_CURVE('',#845,#854,#856,.T.);
#854 = VERTEX_POINT('',#855);
#855 = CARTESIAN_POINT('',(25.8,-46.55,13.59));
#856 = CIRCLE('',#857,0.45);
#857 = AXIS2_PLACEMENT_3D('',#858,#859,#860);
#858 = CARTESIAN_POINT('',(26.25,-46.55,13.59));
#859 = DIRECTION('',(0.,0.,-1.));
#860 = DIRECTION('',(7.89E-15,-1.,0.));
#861 = ORIENTED_EDGE('',*,*,#862,.T.);
#862 = EDGE_CURVE('',#854,#863,#865,.T.);
#863 = VERTEX_POINT('',#864);
#864 = CARTESIAN_POINT('',(25.8,-20.45,13.59));
#865 = LINE('',#866,#867);
#866 = CARTESIAN_POINT('',(25.8,-83.275,13.59));
#867 = VECTOR('',#868,1.);
#868 = DIRECTION('',(0.,1.,0.));
#869 = ORIENTED_EDGE('',*,*,#870,.T.);
#870 = EDGE_CURVE('',#863,#826,#871,.T.);
#871 = CIRCLE('',#872,0.45);
#872 = AXIS2_PLACEMENT_3D('',#873,#874,#875);
#873 = CARTESIAN_POINT('',(26.25,-20.45,13.59));
#874 = DIRECTION('',(0.,0.,-1.));
#875 = DIRECTION('',(-1.,-7.89E-15,-0.));
#876 = FACE_BOUND('',#877,.T.);
#877 = EDGE_LOOP('',(#878,#889,#897,#906,#914,#923,#931,#940));
#878 = ORIENTED_EDGE('',*,*,#879,.T.);
#879 = EDGE_CURVE('',#880,#882,#884,.T.);
#880 = VERTEX_POINT('',#881);
#881 = CARTESIAN_POINT('',(27.65,-18.55,13.59));
#882 = VERTEX_POINT('',#883);
#883 = CARTESIAN_POINT('',(30.05,-16.15,13.59));
#884 = CIRCLE('',#885,2.4);
#885 = AXIS2_PLACEMENT_3D('',#886,#887,#888);
#886 = CARTESIAN_POINT('',(30.05,-18.55,13.59));
#887 = DIRECTION('',(0.,0.,-1.));
#888 = DIRECTION('',(-1.,0.,0.));
#889 = ORIENTED_EDGE('',*,*,#890,.T.);
#890 = EDGE_CURVE('',#882,#891,#893,.T.);
#891 = VERTEX_POINT('',#892);
#892 = CARTESIAN_POINT('',(43.95,-16.15,13.59));
#893 = LINE('',#894,#895);
#894 = CARTESIAN_POINT('',(15.025,-16.15,13.59));
#895 = VECTOR('',#896,1.);
#896 = DIRECTION('',(1.,0.,0.));
#897 = ORIENTED_EDGE('',*,*,#898,.T.);
#898 = EDGE_CURVE('',#891,#899,#901,.T.);
#899 = VERTEX_POINT('',#900);
#900 = CARTESIAN_POINT('',(46.35,-18.55,13.59));
#901 = CIRCLE('',#902,2.4);
#902 = AXIS2_PLACEMENT_3D('',#903,#904,#905);
#903 = CARTESIAN_POINT('',(43.95,-18.55,13.59));
#904 = DIRECTION('',(0.,0.,-1.));
#905 = DIRECTION('',(0.,1.,0.));
#906 = ORIENTED_EDGE('',*,*,#907,.T.);
#907 = EDGE_CURVE('',#899,#908,#910,.T.);
#908 = VERTEX_POINT('',#909);
#909 = CARTESIAN_POINT('',(46.35,-49.05,13.59));
#910 = LINE('',#911,#912);
#911 = CARTESIAN_POINT('',(46.35,-69.275,13.59));
#912 = VECTOR('',#913,1.);
#913 = DIRECTION('',(0.,-1.,0.));
#914 = ORIENTED_EDGE('',*,*,#915,.T.);
#915 = EDGE_CURVE('',#908,#916,#918,.T.);
#916 = VERTEX_POINT('',#917);
#917 = CARTESIAN_POINT('',(43.95,-51.45,13.59));
#918 = CIRCLE('',#919,2.4);
#919 = AXIS2_PLACEMENT_3D('',#920,#921,#922);
#920 = CARTESIAN_POINT('',(43.95,-49.05,13.59));
#921 = DIRECTION('',(0.,0.,-1.));
#922 = DIRECTION('',(1.,0.,0.));
#923 = ORIENTED_EDGE('',*,*,#924,.T.);
#924 = EDGE_CURVE('',#916,#925,#927,.T.);
#925 = VERTEX_POINT('',#926);
#926 = CARTESIAN_POINT('',(30.05,-51.45,13.59));
#927 = LINE('',#928,#929);
#928 = CARTESIAN_POINT('',(21.975,-51.45,13.59));
#929 = VECTOR('',#930,1.);
#930 = DIRECTION('',(-1.,0.,0.));
#931 = ORIENTED_EDGE('',*,*,#932,.T.);
#932 = EDGE_CURVE('',#925,#933,#935,.T.);
#933 = VERTEX_POINT('',#934);
#934 = CARTESIAN_POINT('',(27.65,-49.05,13.59));
#935 = CIRCLE('',#936,2.4);
#936 = AXIS2_PLACEMENT_3D('',#937,#938,#939);
#937 = CARTESIAN_POINT('',(30.05,-49.05,13.59));
#938 = DIRECTION('',(0.,0.,-1.));
#939 = DIRECTION('',(-1.48E-15,-1.,-0.));
#940 = ORIENTED_EDGE('',*,*,#941,.T.);
#941 = EDGE_CURVE('',#933,#880,#942,.T.);
#942 = LINE('',#943,#944);
#943 = CARTESIAN_POINT('',(27.65,-84.525,13.59));
#944 = VECTOR('',#945,1.);
#945 = DIRECTION('',(0.,1.,0.));
#946 = FACE_BOUND('',#947,.T.);
#947 = EDGE_LOOP('',(#948,#959));
#948 = ORIENTED_EDGE('',*,*,#949,.T.);
#949 = EDGE_CURVE('',#950,#952,#954,.T.);
#950 = VERTEX_POINT('',#951);
#951 = CARTESIAN_POINT('',(35.2,-13.6,13.59));
#952 = VERTEX_POINT('',#953);
#953 = CARTESIAN_POINT('',(38.8,-13.6,13.59));
#954 = CIRCLE('',#955,1.8);
#955 = AXIS2_PLACEMENT_3D('',#956,#957,#958);
#956 = CARTESIAN_POINT('',(37.,-13.6,13.59));
#957 = DIRECTION('',(0.,0.,-1.));
#958 = DIRECTION('',(-1.,-9.9E-16,-0.));
#959 = ORIENTED_EDGE('',*,*,#960,.T.);
#960 = EDGE_CURVE('',#952,#950,#961,.T.);
#961 = CIRCLE('',#962,1.8);
#962 = AXIS2_PLACEMENT_3D('',#963,#964,#965);
#963 = CARTESIAN_POINT('',(37.,-13.6,13.59));
#964 = DIRECTION('',(0.,0.,-1.));
#965 = DIRECTION('',(1.,1.97E-15,0.));
#966 = FACE_BOUND('',#967,.T.);
#967 = EDGE_LOOP('',(#968,#979,#987,#996,#1005,#1013));
#968 = ORIENTED_EDGE('',*,*,#969,.T.);
#969 = EDGE_CURVE('',#970,#972,#974,.T.);
#970 = VERTEX_POINT('',#971);
#971 = CARTESIAN_POINT('',(47.75,-20.,13.59));
#972 = VERTEX_POINT('',#973);
#973 = CARTESIAN_POINT('',(48.2,-20.45,13.59));
#974 = CIRCLE('',#975,0.45);
#975 = AXIS2_PLACEMENT_3D('',#976,#977,#978);
#976 = CARTESIAN_POINT('',(47.75,-20.45,13.59));
#977 = DIRECTION('',(0.,0.,-1.));
#978 = DIRECTION('',(0.,1.,0.));
#979 = ORIENTED_EDGE('',*,*,#980,.T.);
#980 = EDGE_CURVE('',#972,#981,#983,.T.);
#981 = VERTEX_POINT('',#982);
#982 = CARTESIAN_POINT('',(48.2,-46.55,13.59));
#983 = LINE('',#984,#985);
#984 = CARTESIAN_POINT('',(48.2,-70.225,13.59));
#985 = VECTOR('',#986,1.);
#986 = DIRECTION('',(0.,-1.,0.));
#987 = ORIENTED_EDGE('',*,*,#988,.T.);
#988 = EDGE_CURVE('',#981,#989,#991,.T.);
#989 = VERTEX_POINT('',#990);
#990 = CARTESIAN_POINT('',(47.75,-47.,13.59));
#991 = CIRCLE('',#992,0.45);
#992 = AXIS2_PLACEMENT_3D('',#993,#994,#995);
#993 = CARTESIAN_POINT('',(47.75,-46.55,13.59));
#994 = DIRECTION('',(0.,0.,-1.));
#995 = DIRECTION('',(1.,1.579E-14,0.));
#996 = ORIENTED_EDGE('',*,*,#997,.T.);
#997 = EDGE_CURVE('',#989,#998,#1000,.T.);
#998 = VERTEX_POINT('',#999);
#999 = CARTESIAN_POINT('',(47.3,-46.55,13.59));
#1000 = CIRCLE('',#1001,0.45);
#1001 = AXIS2_PLACEMENT_3D('',#1002,#1003,#1004);
#1002 = CARTESIAN_POINT('',(47.75,-46.55,13.59));
#1003 = DIRECTION('',(0.,0.,-1.));
#1004 = DIRECTION('',(1.579E-14,-1.,0.));
#1005 = ORIENTED_EDGE('',*,*,#1006,.T.);
#1006 = EDGE_CURVE('',#998,#1007,#1009,.T.);
#1007 = VERTEX_POINT('',#1008);
#1008 = CARTESIAN_POINT('',(47.3,-20.45,13.59));
#1009 = LINE('',#1010,#1011);
#1010 = CARTESIAN_POINT('',(47.3,-83.275,13.59));
#1011 = VECTOR('',#1012,1.);
#1012 = DIRECTION('',(0.,1.,0.));
#1013 = ORIENTED_EDGE('',*,*,#1014,.T.);
#1014 = EDGE_CURVE('',#1007,#970,#1015,.T.);
#1015 = CIRCLE('',#1016,0.45);
#1016 = AXIS2_PLACEMENT_3D('',#1017,#1018,#1019);
#1017 = CARTESIAN_POINT('',(47.75,-20.45,13.59));
#1018 = DIRECTION('',(0.,0.,-1.));
#1019 = DIRECTION('',(-1.,0.,0.));
#1020 = PLANE('',#1021);
#1021 = AXIS2_PLACEMENT_3D('',#1022,#1023,#1024);
#1022 = CARTESIAN_POINT('',(37.043312569837,-39.09787768044,13.59));
#1023 = DIRECTION('',(0.,0.,1.));
#1024 = DIRECTION('',(1.,0.,0.));
#1025 = ADVANCED_FACE('',(#1026),#1037,.T.);
#1026 = FACE_BOUND('',#1027,.F.);
#1027 = EDGE_LOOP('',(#1028,#1034,#1035,#1036));
#1028 = ORIENTED_EDGE('',*,*,#1029,.T.);
#1029 = EDGE_CURVE('',#144,#625,#1030,.T.);
#1030 = LINE('',#1031,#1032);
#1031 = CARTESIAN_POINT('',(25.,-65.8,6.3));
#1032 = VECTOR('',#1033,1.);
#1033 = DIRECTION('',(0.,0.,1.));
#1034 = ORIENTED_EDGE('',*,*,#632,.T.);
#1035 = ORIENTED_EDGE('',*,*,#31,.F.);
#1036 = ORIENTED_EDGE('',*,*,#143,.F.);
#1037 = CYLINDRICAL_SURFACE('',#1038,1.2);
#1038 = AXIS2_PLACEMENT_3D('',#1039,#1040,#1041);
#1039 = CARTESIAN_POINT('',(26.2,-65.8,6.3));
#1040 = DIRECTION('',(-0.,-0.,-1.));
#1041 = DIRECTION('',(-1.,0.,0.));
#1042 = ADVANCED_FACE('',(#1043),#1099,.F.);
#1043 = FACE_BOUND('',#1044,.F.);
#1044 = EDGE_LOOP('',(#1045,#1053,#1054,#1055,#1056,#1057,#1058,#1066,
    #1074,#1080,#1081,#1082,#1083,#1084,#1085,#1093));
#1045 = ORIENTED_EDGE('',*,*,#1046,.F.);
#1046 = EDGE_CURVE('',#126,#1047,#1049,.T.);
#1047 = VERTEX_POINT('',#1048);
#1048 = CARTESIAN_POINT('',(26.229458346531,-65.8,12.19));
#1049 = LINE('',#1050,#1051);
#1050 = CARTESIAN_POINT('',(26.229458346531,-65.8,6.2));
#1051 = VECTOR('',#1052,1.);
#1052 = DIRECTION('',(0.,0.,1.));
#1053 = ORIENTED_EDGE('',*,*,#125,.T.);
#1054 = ORIENTED_EDGE('',*,*,#198,.F.);
#1055 = ORIENTED_EDGE('',*,*,#241,.F.);
#1056 = ORIENTED_EDGE('',*,*,#258,.T.);
#1057 = ORIENTED_EDGE('',*,*,#321,.T.);
#1058 = ORIENTED_EDGE('',*,*,#1059,.F.);
#1059 = EDGE_CURVE('',#1060,#322,#1062,.T.);
#1060 = VERTEX_POINT('',#1061);
#1061 = CARTESIAN_POINT('',(35.712552521936,-65.8,11.6));
#1062 = LINE('',#1063,#1064);
#1063 = CARTESIAN_POINT('',(35.712552521936,-65.8,6.3));
#1064 = VECTOR('',#1065,1.);
#1065 = DIRECTION('',(-0.,-0.,-1.));
#1066 = ORIENTED_EDGE('',*,*,#1067,.F.);
#1067 = EDGE_CURVE('',#1068,#1060,#1070,.T.);
#1068 = VERTEX_POINT('',#1069);
#1069 = CARTESIAN_POINT('',(38.687447478064,-65.8,11.6));
#1070 = LINE('',#1071,#1072);
#1071 = CARTESIAN_POINT('',(42.485270826735,-65.8,11.6));
#1072 = VECTOR('',#1073,1.);
#1073 = DIRECTION('',(-1.,0.,0.));
#1074 = ORIENTED_EDGE('',*,*,#1075,.T.);
#1075 = EDGE_CURVE('',#1068,#293,#1076,.T.);
#1076 = LINE('',#1077,#1078);
#1077 = CARTESIAN_POINT('',(38.687447478064,-65.8,6.3));
#1078 = VECTOR('',#1079,1.);
#1079 = DIRECTION('',(-0.,-0.,-1.));
#1080 = ORIENTED_EDGE('',*,*,#303,.T.);
#1081 = ORIENTED_EDGE('',*,*,#355,.F.);
#1082 = ORIENTED_EDGE('',*,*,#380,.F.);
#1083 = ORIENTED_EDGE('',*,*,#406,.T.);
#1084 = ORIENTED_EDGE('',*,*,#431,.T.);
#1085 = ORIENTED_EDGE('',*,*,#1086,.T.);
#1086 = EDGE_CURVE('',#432,#1087,#1089,.T.);
#1087 = VERTEX_POINT('',#1088);
#1088 = CARTESIAN_POINT('',(47.770541653469,-65.8,12.19));
#1089 = LINE('',#1090,#1091);
#1090 = CARTESIAN_POINT('',(47.770541653469,-65.8,6.2));
#1091 = VECTOR('',#1092,1.);
#1092 = DIRECTION('',(0.,0.,1.));
#1093 = ORIENTED_EDGE('',*,*,#1094,.T.);
#1094 = EDGE_CURVE('',#1087,#1047,#1095,.T.);
#1095 = LINE('',#1096,#1097);
#1096 = CARTESIAN_POINT('',(47.770541653469,-65.8,12.19));
#1097 = VECTOR('',#1098,1.);
#1098 = DIRECTION('',(-1.,0.,0.));
#1099 = PLANE('',#1100);
#1100 = AXIS2_PLACEMENT_3D('',#1101,#1102,#1103);
#1101 = CARTESIAN_POINT('',(47.770541653469,-65.8,6.2));
#1102 = DIRECTION('',(0.,-1.,0.));
#1103 = DIRECTION('',(-1.,0.,0.));
#1104 = ADVANCED_FACE('',(#1105),#1123,.F.);
#1105 = FACE_BOUND('',#1106,.F.);
#1106 = EDGE_LOOP('',(#1107,#1108,#1109,#1117));
#1107 = ORIENTED_EDGE('',*,*,#184,.T.);
#1108 = ORIENTED_EDGE('',*,*,#1046,.T.);
#1109 = ORIENTED_EDGE('',*,*,#1110,.T.);
#1110 = EDGE_CURVE('',#1047,#1111,#1113,.T.);
#1111 = VERTEX_POINT('',#1112);
#1112 = CARTESIAN_POINT('',(26.201379428774,-65.79862057122,12.19));
#1113 = LINE('',#1114,#1115);
#1114 = CARTESIAN_POINT('',(26.229458346531,-65.8,12.19));
#1115 = VECTOR('',#1116,1.);
#1116 = DIRECTION('',(-0.998795456205,4.906767432757E-02,0.));
#1117 = ORIENTED_EDGE('',*,*,#1118,.F.);
#1118 = EDGE_CURVE('',#177,#1111,#1119,.T.);
#1119 = LINE('',#1120,#1121);
#1120 = CARTESIAN_POINT('',(26.201379428774,-65.79862057122,6.2));
#1121 = VECTOR('',#1122,1.);
#1122 = DIRECTION('',(0.,0.,1.));
#1123 = PLANE('',#1124);
#1124 = AXIS2_PLACEMENT_3D('',#1125,#1126,#1127);
#1125 = CARTESIAN_POINT('',(26.229458346531,-65.8,6.2));
#1126 = DIRECTION('',(-4.906767432757E-02,-0.998795456205,0.));
#1127 = DIRECTION('',(-0.998795456205,4.906767432757E-02,0.));
#1128 = ADVANCED_FACE('',(#1129),#1147,.F.);
#1129 = FACE_BOUND('',#1130,.F.);
#1130 = EDGE_LOOP('',(#1131,#1132,#1133,#1141));
#1131 = ORIENTED_EDGE('',*,*,#176,.T.);
#1132 = ORIENTED_EDGE('',*,*,#1118,.T.);
#1133 = ORIENTED_EDGE('',*,*,#1134,.T.);
#1134 = EDGE_CURVE('',#1111,#1135,#1137,.T.);
#1135 = VERTEX_POINT('',#1136);
#1136 = CARTESIAN_POINT('',(26.2,-65.77054165346,12.19));
#1137 = LINE('',#1138,#1139);
#1138 = CARTESIAN_POINT('',(26.201379428774,-65.79862057122,12.19));
#1139 = VECTOR('',#1140,1.);
#1140 = DIRECTION('',(-4.906767432734E-02,0.998795456205,0.));
#1141 = ORIENTED_EDGE('',*,*,#1142,.F.);
#1142 = EDGE_CURVE('',#169,#1135,#1143,.T.);
#1143 = LINE('',#1144,#1145);
#1144 = CARTESIAN_POINT('',(26.2,-65.77054165346,6.2));
#1145 = VECTOR('',#1146,1.);
#1146 = DIRECTION('',(0.,0.,1.));
#1147 = PLANE('',#1148);
#1148 = AXIS2_PLACEMENT_3D('',#1149,#1150,#1151);
#1149 = CARTESIAN_POINT('',(26.201379428774,-65.79862057122,6.2));
#1150 = DIRECTION('',(-0.998795456205,-4.906767432734E-02,0.));
#1151 = DIRECTION('',(-4.906767432734E-02,0.998795456205,0.));
#1152 = ADVANCED_FACE('',(#1153),#1235,.F.);
#1153 = FACE_BOUND('',#1154,.F.);
#1154 = EDGE_LOOP('',(#1155,#1165,#1173,#1181,#1189,#1197,#1205,#1213,
    #1221,#1227,#1228,#1229));
#1155 = ORIENTED_EDGE('',*,*,#1156,.F.);
#1156 = EDGE_CURVE('',#1157,#1159,#1161,.T.);
#1157 = VERTEX_POINT('',#1158);
#1158 = CARTESIAN_POINT('',(26.2,-13.42945834653,6.3));
#1159 = VERTEX_POINT('',#1160);
#1160 = CARTESIAN_POINT('',(26.2,-13.42945834653,12.19));
#1161 = LINE('',#1162,#1163);
#1162 = CARTESIAN_POINT('',(26.2,-13.42945834653,6.2));
#1163 = VECTOR('',#1164,1.);
#1164 = DIRECTION('',(0.,0.,1.));
#1165 = ORIENTED_EDGE('',*,*,#1166,.T.);
#1166 = EDGE_CURVE('',#1157,#1167,#1169,.T.);
#1167 = VERTEX_POINT('',#1168);
#1168 = CARTESIAN_POINT('',(26.2,-51.13191726823,6.3));
#1169 = LINE('',#1170,#1171);
#1170 = CARTESIAN_POINT('',(26.2,-52.43420966695,6.3));
#1171 = VECTOR('',#1172,1.);
#1172 = DIRECTION('',(0.,-1.,0.));
#1173 = ORIENTED_EDGE('',*,*,#1174,.F.);
#1174 = EDGE_CURVE('',#1175,#1167,#1177,.T.);
#1175 = VERTEX_POINT('',#1176);
#1176 = CARTESIAN_POINT('',(26.2,-51.13191726823,11.6));
#1177 = LINE('',#1178,#1179);
#1178 = CARTESIAN_POINT('',(26.2,-51.13191726823,6.3));
#1179 = VECTOR('',#1180,1.);
#1180 = DIRECTION('',(-0.,-0.,-1.));
#1181 = ORIENTED_EDGE('',*,*,#1182,.F.);
#1182 = EDGE_CURVE('',#1183,#1175,#1185,.T.);
#1183 = VERTEX_POINT('',#1184);
#1184 = CARTESIAN_POINT('',(26.2,-54.46808273176,11.6));
#1185 = LINE('',#1186,#1187);
#1186 = CARTESIAN_POINT('',(26.2,-59.28527082673,11.6));
#1187 = VECTOR('',#1188,1.);
#1188 = DIRECTION('',(0.,1.,0.));
#1189 = ORIENTED_EDGE('',*,*,#1190,.T.);
#1190 = EDGE_CURVE('',#1183,#1191,#1193,.T.);
#1191 = VERTEX_POINT('',#1192);
#1192 = CARTESIAN_POINT('',(26.2,-54.46808273176,6.3));
#1193 = LINE('',#1194,#1195);
#1194 = CARTESIAN_POINT('',(26.2,-54.46808273176,6.3));
#1195 = VECTOR('',#1196,1.);
#1196 = DIRECTION('',(-0.,-0.,-1.));
#1197 = ORIENTED_EDGE('',*,*,#1198,.T.);
#1198 = EDGE_CURVE('',#1191,#1199,#1201,.T.);
#1199 = VERTEX_POINT('',#1200);
#1200 = CARTESIAN_POINT('',(26.2,-55.4,6.3));
#1201 = LINE('',#1202,#1203);
#1202 = CARTESIAN_POINT('',(26.2,-52.43420966695,6.3));
#1203 = VECTOR('',#1204,1.);
#1204 = DIRECTION('',(0.,-1.,0.));
#1205 = ORIENTED_EDGE('',*,*,#1206,.F.);
#1206 = EDGE_CURVE('',#1207,#1199,#1209,.T.);
#1207 = VERTEX_POINT('',#1208);
#1208 = CARTESIAN_POINT('',(26.2,-55.4,9.2));
#1209 = LINE('',#1210,#1211);
#1210 = CARTESIAN_POINT('',(26.2,-55.4,5.65));
#1211 = VECTOR('',#1212,1.);
#1212 = DIRECTION('',(0.,0.,-1.));
#1213 = ORIENTED_EDGE('',*,*,#1214,.F.);
#1214 = EDGE_CURVE('',#1215,#1207,#1217,.T.);
#1215 = VERTEX_POINT('',#1216);
#1216 = CARTESIAN_POINT('',(26.2,-63.9,9.2));
#1217 = LINE('',#1218,#1219);
#1218 = CARTESIAN_POINT('',(26.2,-64.83527082673,9.2));
#1219 = VECTOR('',#1220,1.);
#1220 = DIRECTION('',(0.,1.,0.));
#1221 = ORIENTED_EDGE('',*,*,#1222,.T.);
#1222 = EDGE_CURVE('',#1215,#161,#1223,.T.);
#1223 = LINE('',#1224,#1225);
#1224 = CARTESIAN_POINT('',(26.2,-63.9,5.65));
#1225 = VECTOR('',#1226,1.);
#1226 = DIRECTION('',(0.,0.,-1.));
#1227 = ORIENTED_EDGE('',*,*,#168,.T.);
#1228 = ORIENTED_EDGE('',*,*,#1142,.T.);
#1229 = ORIENTED_EDGE('',*,*,#1230,.T.);
#1230 = EDGE_CURVE('',#1135,#1159,#1231,.T.);
#1231 = LINE('',#1232,#1233);
#1232 = CARTESIAN_POINT('',(26.2,-65.77054165346,12.19));
#1233 = VECTOR('',#1234,1.);
#1234 = DIRECTION('',(0.,1.,0.));
#1235 = PLANE('',#1236);
#1236 = AXIS2_PLACEMENT_3D('',#1237,#1238,#1239);
#1237 = CARTESIAN_POINT('',(26.2,-65.77054165346,6.2));
#1238 = DIRECTION('',(-1.,0.,0.));
#1239 = DIRECTION('',(0.,1.,0.));
#1240 = ADVANCED_FACE('',(#1241),#1259,.T.);
#1241 = FACE_BOUND('',#1242,.T.);
#1242 = EDGE_LOOP('',(#1243,#1251,#1252,#1253));
#1243 = ORIENTED_EDGE('',*,*,#1244,.T.);
#1244 = EDGE_CURVE('',#1245,#1215,#1247,.T.);
#1245 = VERTEX_POINT('',#1246);
#1246 = CARTESIAN_POINT('',(25.,-63.9,9.2));
#1247 = LINE('',#1248,#1249);
#1248 = CARTESIAN_POINT('',(20.,-63.9,9.2));
#1249 = VECTOR('',#1250,1.);
#1250 = DIRECTION('',(1.,0.,0.));
#1251 = ORIENTED_EDGE('',*,*,#1222,.T.);
#1252 = ORIENTED_EDGE('',*,*,#160,.T.);
#1253 = ORIENTED_EDGE('',*,*,#1254,.T.);
#1254 = EDGE_CURVE('',#153,#1245,#1255,.T.);
#1255 = LINE('',#1256,#1257);
#1256 = CARTESIAN_POINT('',(25.,-63.9,5.7));
#1257 = VECTOR('',#1258,1.);
#1258 = DIRECTION('',(0.,0.,1.));
#1259 = PLANE('',#1260);
#1260 = AXIS2_PLACEMENT_3D('',#1261,#1262,#1263);
#1261 = CARTESIAN_POINT('',(20.,-63.9,5.1));
#1262 = DIRECTION('',(0.,1.,0.));
#1263 = DIRECTION('',(0.,0.,1.));
#1264 = ADVANCED_FACE('',(#1265),#1301,.F.);
#1265 = FACE_BOUND('',#1266,.F.);
#1266 = EDGE_LOOP('',(#1267,#1277,#1283,#1284,#1285,#1286,#1287,#1295));
#1267 = ORIENTED_EDGE('',*,*,#1268,.F.);
#1268 = EDGE_CURVE('',#1269,#1271,#1273,.T.);
#1269 = VERTEX_POINT('',#1270);
#1270 = CARTESIAN_POINT('',(25.,-13.4,6.3));
#1271 = VERTEX_POINT('',#1272);
#1272 = CARTESIAN_POINT('',(25.,-55.4,6.3));
#1273 = LINE('',#1274,#1275);
#1274 = CARTESIAN_POINT('',(25.,-13.4,6.3));
#1275 = VECTOR('',#1276,1.);
#1276 = DIRECTION('',(0.,-1.,0.));
#1277 = ORIENTED_EDGE('',*,*,#1278,.T.);
#1278 = EDGE_CURVE('',#1269,#616,#1279,.T.);
#1279 = LINE('',#1280,#1281);
#1280 = CARTESIAN_POINT('',(25.,-13.4,6.3));
#1281 = VECTOR('',#1282,1.);
#1282 = DIRECTION('',(0.,0.,1.));
#1283 = ORIENTED_EDGE('',*,*,#624,.T.);
#1284 = ORIENTED_EDGE('',*,*,#1029,.F.);
#1285 = ORIENTED_EDGE('',*,*,#152,.F.);
#1286 = ORIENTED_EDGE('',*,*,#1254,.T.);
#1287 = ORIENTED_EDGE('',*,*,#1288,.F.);
#1288 = EDGE_CURVE('',#1289,#1245,#1291,.T.);
#1289 = VERTEX_POINT('',#1290);
#1290 = CARTESIAN_POINT('',(25.,-55.4,9.2));
#1291 = LINE('',#1292,#1293);
#1292 = CARTESIAN_POINT('',(25.,-38.65,9.2));
#1293 = VECTOR('',#1294,1.);
#1294 = DIRECTION('',(0.,-1.,0.));
#1295 = ORIENTED_EDGE('',*,*,#1296,.F.);
#1296 = EDGE_CURVE('',#1271,#1289,#1297,.T.);
#1297 = LINE('',#1298,#1299);
#1298 = CARTESIAN_POINT('',(25.,-55.4,5.7));
#1299 = VECTOR('',#1300,1.);
#1300 = DIRECTION('',(0.,0.,1.));
#1301 = PLANE('',#1302);
#1302 = AXIS2_PLACEMENT_3D('',#1303,#1304,#1305);
#1303 = CARTESIAN_POINT('',(25.,-13.4,6.3));
#1304 = DIRECTION('',(1.,0.,0.));
#1305 = DIRECTION('',(0.,-1.,0.));
#1306 = ADVANCED_FACE('',(#1307),#1329,.T.);
#1307 = FACE_BOUND('',#1308,.F.);
#1308 = EDGE_LOOP('',(#1309,#1310,#1319,#1326,#1327,#1328));
#1309 = ORIENTED_EDGE('',*,*,#1075,.F.);
#1310 = ORIENTED_EDGE('',*,*,#1311,.T.);
#1311 = EDGE_CURVE('',#1068,#1312,#1314,.T.);
#1312 = VERTEX_POINT('',#1313);
#1313 = CARTESIAN_POINT('',(39.05,-64.7,11.6));
#1314 = CIRCLE('',#1315,1.85);
#1315 = AXIS2_PLACEMENT_3D('',#1316,#1317,#1318);
#1316 = CARTESIAN_POINT('',(37.2,-64.7,11.6));
#1317 = DIRECTION('',(0.,0.,1.));
#1318 = DIRECTION('',(1.,0.,0.));
#1319 = ORIENTED_EDGE('',*,*,#1320,.T.);
#1320 = EDGE_CURVE('',#1312,#1060,#1321,.T.);
#1321 = CIRCLE('',#1322,1.85);
#1322 = AXIS2_PLACEMENT_3D('',#1323,#1324,#1325);
#1323 = CARTESIAN_POINT('',(37.2,-64.7,11.6));
#1324 = DIRECTION('',(0.,0.,1.));
#1325 = DIRECTION('',(1.,0.,0.));
#1326 = ORIENTED_EDGE('',*,*,#1059,.T.);
#1327 = ORIENTED_EDGE('',*,*,#329,.F.);
#1328 = ORIENTED_EDGE('',*,*,#292,.F.);
#1329 = CYLINDRICAL_SURFACE('',#1330,1.85);
#1330 = AXIS2_PLACEMENT_3D('',#1331,#1332,#1333);
#1331 = CARTESIAN_POINT('',(37.2,-64.7,6.3));
#1332 = DIRECTION('',(-0.,-0.,-1.));
#1333 = DIRECTION('',(1.,0.,0.));
#1334 = ADVANCED_FACE('',(#1335),#1354,.F.);
#1335 = FACE_BOUND('',#1336,.T.);
#1336 = EDGE_LOOP('',(#1337,#1338,#1346,#1353));
#1337 = ORIENTED_EDGE('',*,*,#338,.T.);
#1338 = ORIENTED_EDGE('',*,*,#1339,.T.);
#1339 = EDGE_CURVE('',#339,#1340,#1342,.T.);
#1340 = VERTEX_POINT('',#1341);
#1341 = CARTESIAN_POINT('',(38.8,-64.7,6.8));
#1342 = LINE('',#1343,#1344);
#1343 = CARTESIAN_POINT('',(38.8,-64.7,6.2));
#1344 = VECTOR('',#1345,1.);
#1345 = DIRECTION('',(0.,0.,1.));
#1346 = ORIENTED_EDGE('',*,*,#1347,.T.);
#1347 = EDGE_CURVE('',#1340,#1340,#1348,.T.);
#1348 = CIRCLE('',#1349,1.6);
#1349 = AXIS2_PLACEMENT_3D('',#1350,#1351,#1352);
#1350 = CARTESIAN_POINT('',(37.2,-64.7,6.8));
#1351 = DIRECTION('',(0.,0.,1.));
#1352 = DIRECTION('',(1.,0.,0.));
#1353 = ORIENTED_EDGE('',*,*,#1339,.F.);
#1354 = CYLINDRICAL_SURFACE('',#1355,1.6);
#1355 = AXIS2_PLACEMENT_3D('',#1356,#1357,#1358);
#1356 = CARTESIAN_POINT('',(37.2,-64.7,6.2));
#1357 = DIRECTION('',(-0.,-0.,-1.));
#1358 = DIRECTION('',(1.,0.,0.));
#1359 = ADVANCED_FACE('',(#1360),#1371,.F.);
#1360 = FACE_BOUND('',#1361,.F.);
#1361 = EDGE_LOOP('',(#1362,#1363,#1364,#1370));
#1362 = ORIENTED_EDGE('',*,*,#590,.T.);
#1363 = ORIENTED_EDGE('',*,*,#641,.T.);
#1364 = ORIENTED_EDGE('',*,*,#1365,.F.);
#1365 = EDGE_CURVE('',#537,#642,#1366,.T.);
#1366 = LINE('',#1367,#1368);
#1367 = CARTESIAN_POINT('',(49.,-12.2,6.3));
#1368 = VECTOR('',#1369,1.);
#1369 = DIRECTION('',(0.,0.,1.));
#1370 = ORIENTED_EDGE('',*,*,#545,.F.);
#1371 = PLANE('',#1372);
#1372 = AXIS2_PLACEMENT_3D('',#1373,#1374,#1375);
#1373 = CARTESIAN_POINT('',(49.,-65.8,6.3));
#1374 = DIRECTION('',(-1.,0.,0.));
#1375 = DIRECTION('',(0.,1.,0.));
#1376 = ADVANCED_FACE('',(#1377),#1388,.T.);
#1377 = FACE_BOUND('',#1378,.F.);
#1378 = EDGE_LOOP('',(#1379,#1380,#1381,#1387));
#1379 = ORIENTED_EDGE('',*,*,#1365,.T.);
#1380 = ORIENTED_EDGE('',*,*,#649,.T.);
#1381 = ORIENTED_EDGE('',*,*,#1382,.F.);
#1382 = EDGE_CURVE('',#529,#606,#1383,.T.);
#1383 = LINE('',#1384,#1385);
#1384 = CARTESIAN_POINT('',(47.8,-11.,6.3));
#1385 = VECTOR('',#1386,1.);
#1386 = DIRECTION('',(0.,0.,1.));
#1387 = ORIENTED_EDGE('',*,*,#536,.F.);
#1388 = CYLINDRICAL_SURFACE('',#1389,1.2);
#1389 = AXIS2_PLACEMENT_3D('',#1390,#1391,#1392);
#1390 = CARTESIAN_POINT('',(47.8,-12.2,6.3));
#1391 = DIRECTION('',(0.,0.,-1.));
#1392 = DIRECTION('',(1.,-4.44E-15,0.));
#1393 = ADVANCED_FACE('',(#1394),#1437,.F.);
#1394 = FACE_BOUND('',#1395,.F.);
#1395 = EDGE_LOOP('',(#1396,#1397,#1398,#1399,#1407,#1415,#1423,#1431));
#1396 = ORIENTED_EDGE('',*,*,#528,.F.);
#1397 = ORIENTED_EDGE('',*,*,#1382,.T.);
#1398 = ORIENTED_EDGE('',*,*,#605,.T.);
#1399 = ORIENTED_EDGE('',*,*,#1400,.F.);
#1400 = EDGE_CURVE('',#1401,#608,#1403,.T.);
#1401 = VERTEX_POINT('',#1402);
#1402 = CARTESIAN_POINT('',(27.4,-11.,6.3));
#1403 = LINE('',#1404,#1405);
#1404 = CARTESIAN_POINT('',(27.4,-11.,6.3));
#1405 = VECTOR('',#1406,1.);
#1406 = DIRECTION('',(0.,0.,1.));
#1407 = ORIENTED_EDGE('',*,*,#1408,.F.);
#1408 = EDGE_CURVE('',#1409,#1401,#1411,.T.);
#1409 = VERTEX_POINT('',#1410);
#1410 = CARTESIAN_POINT('',(30.7,-11.,6.3));
#1411 = LINE('',#1412,#1413);
#1412 = CARTESIAN_POINT('',(47.8,-11.,6.3));
#1413 = VECTOR('',#1414,1.);
#1414 = DIRECTION('',(-1.,0.,0.));
#1415 = ORIENTED_EDGE('',*,*,#1416,.T.);
#1416 = EDGE_CURVE('',#1409,#1417,#1419,.T.);
#1417 = VERTEX_POINT('',#1418);
#1418 = CARTESIAN_POINT('',(30.7,-11.,11.8));
#1419 = LINE('',#1420,#1421);
#1420 = CARTESIAN_POINT('',(30.7,-11.,6.25));
#1421 = VECTOR('',#1422,1.);
#1422 = DIRECTION('',(0.,0.,1.));
#1423 = ORIENTED_EDGE('',*,*,#1424,.F.);
#1424 = EDGE_CURVE('',#1425,#1417,#1427,.T.);
#1425 = VERTEX_POINT('',#1426);
#1426 = CARTESIAN_POINT('',(43.7,-11.,11.8));
#1427 = LINE('',#1428,#1429);
#1428 = CARTESIAN_POINT('',(39.25,-11.,11.8));
#1429 = VECTOR('',#1430,1.);
#1430 = DIRECTION('',(-1.,0.,0.));
#1431 = ORIENTED_EDGE('',*,*,#1432,.F.);
#1432 = EDGE_CURVE('',#521,#1425,#1433,.T.);
#1433 = LINE('',#1434,#1435);
#1434 = CARTESIAN_POINT('',(43.7,-11.,6.25));
#1435 = VECTOR('',#1436,1.);
#1436 = DIRECTION('',(0.,0.,1.));
#1437 = PLANE('',#1438);
#1438 = AXIS2_PLACEMENT_3D('',#1439,#1440,#1441);
#1439 = CARTESIAN_POINT('',(47.8,-11.,6.3));
#1440 = DIRECTION('',(0.,-1.,0.));
#1441 = DIRECTION('',(-1.,0.,0.));
#1442 = ADVANCED_FACE('',(#1443),#1461,.F.);
#1443 = FACE_BOUND('',#1444,.F.);
#1444 = EDGE_LOOP('',(#1445,#1453,#1459,#1460));
#1445 = ORIENTED_EDGE('',*,*,#1446,.F.);
#1446 = EDGE_CURVE('',#1447,#1425,#1449,.T.);
#1447 = VERTEX_POINT('',#1448);
#1448 = CARTESIAN_POINT('',(43.7,-11.4,11.8));
#1449 = LINE('',#1450,#1451);
#1450 = CARTESIAN_POINT('',(43.7,-20.,11.8));
#1451 = VECTOR('',#1452,1.);
#1452 = DIRECTION('',(0.,1.,0.));
#1453 = ORIENTED_EDGE('',*,*,#1454,.F.);
#1454 = EDGE_CURVE('',#513,#1447,#1455,.T.);
#1455 = LINE('',#1456,#1457);
#1456 = CARTESIAN_POINT('',(43.7,-11.4,5.9));
#1457 = VECTOR('',#1458,1.);
#1458 = DIRECTION('',(0.,0.,1.));
#1459 = ORIENTED_EDGE('',*,*,#520,.T.);
#1460 = ORIENTED_EDGE('',*,*,#1432,.T.);
#1461 = PLANE('',#1462);
#1462 = AXIS2_PLACEMENT_3D('',#1463,#1464,#1465);
#1463 = CARTESIAN_POINT('',(43.7,-20.,6.2));
#1464 = DIRECTION('',(1.,0.,0.));
#1465 = DIRECTION('',(0.,0.,1.));
#1466 = ADVANCED_FACE('',(#1467),#1517,.F.);
#1467 = FACE_BOUND('',#1468,.F.);
#1468 = EDGE_LOOP('',(#1469,#1477,#1478,#1479,#1487,#1495,#1503,#1511));
#1469 = ORIENTED_EDGE('',*,*,#1470,.F.);
#1470 = EDGE_CURVE('',#505,#1471,#1473,.T.);
#1471 = VERTEX_POINT('',#1472);
#1472 = CARTESIAN_POINT('',(47.,-11.4,12.1));
#1473 = LINE('',#1474,#1475);
#1474 = CARTESIAN_POINT('',(47.,-11.4,5.6));
#1475 = VECTOR('',#1476,1.);
#1476 = DIRECTION('',(0.,0.,1.));
#1477 = ORIENTED_EDGE('',*,*,#512,.T.);
#1478 = ORIENTED_EDGE('',*,*,#1454,.T.);
#1479 = ORIENTED_EDGE('',*,*,#1480,.T.);
#1480 = EDGE_CURVE('',#1447,#1481,#1483,.T.);
#1481 = VERTEX_POINT('',#1482);
#1482 = CARTESIAN_POINT('',(30.7,-11.4,11.8));
#1483 = LINE('',#1484,#1485);
#1484 = CARTESIAN_POINT('',(29.05,-11.4,11.8));
#1485 = VECTOR('',#1486,1.);
#1486 = DIRECTION('',(-1.,0.,0.));
#1487 = ORIENTED_EDGE('',*,*,#1488,.F.);
#1488 = EDGE_CURVE('',#1489,#1481,#1491,.T.);
#1489 = VERTEX_POINT('',#1490);
#1490 = CARTESIAN_POINT('',(30.7,-11.4,6.3));
#1491 = LINE('',#1492,#1493);
#1492 = CARTESIAN_POINT('',(30.7,-11.4,5.9));
#1493 = VECTOR('',#1494,1.);
#1494 = DIRECTION('',(0.,0.,1.));
#1495 = ORIENTED_EDGE('',*,*,#1496,.T.);
#1496 = EDGE_CURVE('',#1489,#1497,#1499,.T.);
#1497 = VERTEX_POINT('',#1498);
#1498 = CARTESIAN_POINT('',(27.4,-11.4,6.3));
#1499 = LINE('',#1500,#1501);
#1500 = CARTESIAN_POINT('',(32.221656284918,-11.4,6.3));
#1501 = VECTOR('',#1502,1.);
#1502 = DIRECTION('',(-1.,0.,0.));
#1503 = ORIENTED_EDGE('',*,*,#1504,.T.);
#1504 = EDGE_CURVE('',#1497,#1505,#1507,.T.);
#1505 = VERTEX_POINT('',#1506);
#1506 = CARTESIAN_POINT('',(27.4,-11.4,12.1));
#1507 = LINE('',#1508,#1509);
#1508 = CARTESIAN_POINT('',(27.4,-11.4,5.6));
#1509 = VECTOR('',#1510,1.);
#1510 = DIRECTION('',(0.,0.,1.));
#1511 = ORIENTED_EDGE('',*,*,#1512,.T.);
#1512 = EDGE_CURVE('',#1505,#1471,#1513,.T.);
#1513 = LINE('',#1514,#1515);
#1514 = CARTESIAN_POINT('',(27.4,-11.4,12.1));
#1515 = VECTOR('',#1516,1.);
#1516 = DIRECTION('',(1.,0.,0.));
#1517 = PLANE('',#1518);
#1518 = AXIS2_PLACEMENT_3D('',#1519,#1520,#1521);
#1519 = CARTESIAN_POINT('',(27.4,-11.4,5.6));
#1520 = DIRECTION('',(0.,1.,0.));
#1521 = DIRECTION('',(0.,0.,1.));
#1522 = ADVANCED_FACE('',(#1523),#1541,.F.);
#1523 = FACE_BOUND('',#1524,.F.);
#1524 = EDGE_LOOP('',(#1525,#1533,#1539,#1540));
#1525 = ORIENTED_EDGE('',*,*,#1526,.F.);
#1526 = EDGE_CURVE('',#1527,#1471,#1529,.T.);
#1527 = VERTEX_POINT('',#1528);
#1528 = CARTESIAN_POINT('',(47.,-12.2,12.1));
#1529 = LINE('',#1530,#1531);
#1530 = CARTESIAN_POINT('',(47.,-48.1,12.1));
#1531 = VECTOR('',#1532,1.);
#1532 = DIRECTION('',(0.,1.,0.));
#1533 = ORIENTED_EDGE('',*,*,#1534,.T.);
#1534 = EDGE_CURVE('',#1527,#497,#1535,.T.);
#1535 = LINE('',#1536,#1537);
#1536 = CARTESIAN_POINT('',(47.,-12.2,5.9));
#1537 = VECTOR('',#1538,1.);
#1538 = DIRECTION('',(0.,0.,-1.));
#1539 = ORIENTED_EDGE('',*,*,#504,.T.);
#1540 = ORIENTED_EDGE('',*,*,#1470,.T.);
#1541 = PLANE('',#1542);
#1542 = AXIS2_PLACEMENT_3D('',#1543,#1544,#1545);
#1543 = CARTESIAN_POINT('',(47.,-48.1,5.6));
#1544 = DIRECTION('',(1.,0.,0.));
#1545 = DIRECTION('',(0.,0.,1.));
#1546 = ADVANCED_FACE('',(#1547),#1581,.F.);
#1547 = FACE_BOUND('',#1548,.F.);
#1548 = EDGE_LOOP('',(#1549,#1557,#1558,#1559,#1567,#1575));
#1549 = ORIENTED_EDGE('',*,*,#1550,.F.);
#1550 = EDGE_CURVE('',#489,#1551,#1553,.T.);
#1551 = VERTEX_POINT('',#1552);
#1552 = CARTESIAN_POINT('',(47.770541653469,-12.2,12.19));
#1553 = LINE('',#1554,#1555);
#1554 = CARTESIAN_POINT('',(47.770541653469,-12.2,6.2));
#1555 = VECTOR('',#1556,1.);
#1556 = DIRECTION('',(0.,0.,1.));
#1557 = ORIENTED_EDGE('',*,*,#496,.T.);
#1558 = ORIENTED_EDGE('',*,*,#1534,.F.);
#1559 = ORIENTED_EDGE('',*,*,#1560,.F.);
#1560 = EDGE_CURVE('',#1561,#1527,#1563,.T.);
#1561 = VERTEX_POINT('',#1562);
#1562 = CARTESIAN_POINT('',(27.429458346531,-12.2,12.1));
#1563 = LINE('',#1564,#1565);
#1564 = CARTESIAN_POINT('',(27.414729173265,-12.2,12.1));
#1565 = VECTOR('',#1566,1.);
#1566 = DIRECTION('',(1.,0.,0.));
#1567 = ORIENTED_EDGE('',*,*,#1568,.T.);
#1568 = EDGE_CURVE('',#1561,#1569,#1571,.T.);
#1569 = VERTEX_POINT('',#1570);
#1570 = CARTESIAN_POINT('',(27.429458346531,-12.2,12.19));
#1571 = LINE('',#1572,#1573);
#1572 = CARTESIAN_POINT('',(27.429458346531,-12.2,6.2));
#1573 = VECTOR('',#1574,1.);
#1574 = DIRECTION('',(0.,0.,1.));
#1575 = ORIENTED_EDGE('',*,*,#1576,.T.);
#1576 = EDGE_CURVE('',#1569,#1551,#1577,.T.);
#1577 = LINE('',#1578,#1579);
#1578 = CARTESIAN_POINT('',(27.429458346531,-12.2,12.19));
#1579 = VECTOR('',#1580,1.);
#1580 = DIRECTION('',(1.,0.,0.));
#1581 = PLANE('',#1582);
#1582 = AXIS2_PLACEMENT_3D('',#1583,#1584,#1585);
#1583 = CARTESIAN_POINT('',(27.429458346531,-12.2,6.2));
#1584 = DIRECTION('',(0.,1.,0.));
#1585 = DIRECTION('',(1.,0.,0.));
#1586 = ADVANCED_FACE('',(#1587),#1605,.F.);
#1587 = FACE_BOUND('',#1588,.F.);
#1588 = EDGE_LOOP('',(#1589,#1590,#1591,#1599));
#1589 = ORIENTED_EDGE('',*,*,#488,.T.);
#1590 = ORIENTED_EDGE('',*,*,#1550,.T.);
#1591 = ORIENTED_EDGE('',*,*,#1592,.T.);
#1592 = EDGE_CURVE('',#1551,#1593,#1595,.T.);
#1593 = VERTEX_POINT('',#1594);
#1594 = CARTESIAN_POINT('',(47.798620571226,-12.20137942877,12.19));
#1595 = LINE('',#1596,#1597);
#1596 = CARTESIAN_POINT('',(47.770541653469,-12.2,12.19));
#1597 = VECTOR('',#1598,1.);
#1598 = DIRECTION('',(0.998795456205,-4.906767432741E-02,0.));
#1599 = ORIENTED_EDGE('',*,*,#1600,.F.);
#1600 = EDGE_CURVE('',#481,#1593,#1601,.T.);
#1601 = LINE('',#1602,#1603);
#1602 = CARTESIAN_POINT('',(47.798620571226,-12.20137942877,6.2));
#1603 = VECTOR('',#1604,1.);
#1604 = DIRECTION('',(0.,0.,1.));
#1605 = PLANE('',#1606);
#1606 = AXIS2_PLACEMENT_3D('',#1607,#1608,#1609);
#1607 = CARTESIAN_POINT('',(47.770541653469,-12.2,6.2));
#1608 = DIRECTION('',(4.906767432741E-02,0.998795456205,0.));
#1609 = DIRECTION('',(0.998795456205,-4.906767432741E-02,0.));
#1610 = ADVANCED_FACE('',(#1611),#1629,.F.);
#1611 = FACE_BOUND('',#1612,.F.);
#1612 = EDGE_LOOP('',(#1613,#1614,#1615,#1623));
#1613 = ORIENTED_EDGE('',*,*,#480,.T.);
#1614 = ORIENTED_EDGE('',*,*,#1600,.T.);
#1615 = ORIENTED_EDGE('',*,*,#1616,.T.);
#1616 = EDGE_CURVE('',#1593,#1617,#1619,.T.);
#1617 = VERTEX_POINT('',#1618);
#1618 = CARTESIAN_POINT('',(47.8,-12.22945834653,12.19));
#1619 = LINE('',#1620,#1621);
#1620 = CARTESIAN_POINT('',(47.798620571226,-12.20137942877,12.19));
#1621 = VECTOR('',#1622,1.);
#1622 = DIRECTION('',(4.906767432758E-02,-0.998795456205,0.));
#1623 = ORIENTED_EDGE('',*,*,#1624,.F.);
#1624 = EDGE_CURVE('',#473,#1617,#1625,.T.);
#1625 = LINE('',#1626,#1627);
#1626 = CARTESIAN_POINT('',(47.8,-12.22945834653,6.2));
#1627 = VECTOR('',#1628,1.);
#1628 = DIRECTION('',(0.,0.,1.));
#1629 = PLANE('',#1630);
#1630 = AXIS2_PLACEMENT_3D('',#1631,#1632,#1633);
#1631 = CARTESIAN_POINT('',(47.798620571226,-12.20137942877,6.2));
#1632 = DIRECTION('',(0.998795456205,4.906767432758E-02,0.));
#1633 = DIRECTION('',(4.906767432758E-02,-0.998795456205,0.));
#1634 = ADVANCED_FACE('',(#1635),#1676,.F.);
#1635 = FACE_BOUND('',#1636,.F.);
#1636 = EDGE_LOOP('',(#1637,#1645,#1646,#1654,#1662,#1668,#1669,#1670));
#1637 = ORIENTED_EDGE('',*,*,#1638,.F.);
#1638 = EDGE_CURVE('',#448,#1639,#1641,.T.);
#1639 = VERTEX_POINT('',#1640);
#1640 = CARTESIAN_POINT('',(47.8,-65.77054165346,12.19));
#1641 = LINE('',#1642,#1643);
#1642 = CARTESIAN_POINT('',(47.8,-65.77054165346,6.2));
#1643 = VECTOR('',#1644,1.);
#1644 = DIRECTION('',(0.,0.,1.));
#1645 = ORIENTED_EDGE('',*,*,#455,.T.);
#1646 = ORIENTED_EDGE('',*,*,#1647,.F.);
#1647 = EDGE_CURVE('',#1648,#456,#1650,.T.);
#1648 = VERTEX_POINT('',#1649);
#1649 = CARTESIAN_POINT('',(47.8,-54.46808273176,11.6));
#1650 = LINE('',#1651,#1652);
#1651 = CARTESIAN_POINT('',(47.8,-54.46808273176,6.3));
#1652 = VECTOR('',#1653,1.);
#1653 = DIRECTION('',(-0.,-0.,-1.));
#1654 = ORIENTED_EDGE('',*,*,#1655,.F.);
#1655 = EDGE_CURVE('',#1656,#1648,#1658,.T.);
#1656 = VERTEX_POINT('',#1657);
#1657 = CARTESIAN_POINT('',(47.8,-51.13191726823,11.6));
#1658 = LINE('',#1659,#1660);
#1659 = CARTESIAN_POINT('',(47.8,-32.51472917326,11.6));
#1660 = VECTOR('',#1661,1.);
#1661 = DIRECTION('',(0.,-1.,0.));
#1662 = ORIENTED_EDGE('',*,*,#1663,.T.);
#1663 = EDGE_CURVE('',#1656,#464,#1664,.T.);
#1664 = LINE('',#1665,#1666);
#1665 = CARTESIAN_POINT('',(47.8,-51.13191726823,6.3));
#1666 = VECTOR('',#1667,1.);
#1667 = DIRECTION('',(-0.,-0.,-1.));
#1668 = ORIENTED_EDGE('',*,*,#472,.T.);
#1669 = ORIENTED_EDGE('',*,*,#1624,.T.);
#1670 = ORIENTED_EDGE('',*,*,#1671,.T.);
#1671 = EDGE_CURVE('',#1617,#1639,#1672,.T.);
#1672 = LINE('',#1673,#1674);
#1673 = CARTESIAN_POINT('',(47.8,-12.22945834653,12.19));
#1674 = VECTOR('',#1675,1.);
#1675 = DIRECTION('',(0.,-1.,0.));
#1676 = PLANE('',#1677);
#1677 = AXIS2_PLACEMENT_3D('',#1678,#1679,#1680);
#1678 = CARTESIAN_POINT('',(47.8,-12.22945834653,6.2));
#1679 = DIRECTION('',(1.,0.,0.));
#1680 = DIRECTION('',(0.,-1.,0.));
#1681 = ADVANCED_FACE('',(#1682),#1694,.T.);
#1682 = FACE_BOUND('',#1683,.F.);
#1683 = EDGE_LOOP('',(#1684,#1685,#1686,#1693));
#1684 = ORIENTED_EDGE('',*,*,#463,.F.);
#1685 = ORIENTED_EDGE('',*,*,#1663,.F.);
#1686 = ORIENTED_EDGE('',*,*,#1687,.T.);
#1687 = EDGE_CURVE('',#1656,#1648,#1688,.T.);
#1688 = CIRCLE('',#1689,1.85);
#1689 = AXIS2_PLACEMENT_3D('',#1690,#1691,#1692);
#1690 = CARTESIAN_POINT('',(47.,-52.8,11.6));
#1691 = DIRECTION('',(0.,0.,1.));
#1692 = DIRECTION('',(1.,0.,0.));
#1693 = ORIENTED_EDGE('',*,*,#1647,.T.);
#1694 = CYLINDRICAL_SURFACE('',#1695,1.85);
#1695 = AXIS2_PLACEMENT_3D('',#1696,#1697,#1698);
#1696 = CARTESIAN_POINT('',(47.,-52.8,6.3));
#1697 = DIRECTION('',(-0.,-0.,-1.));
#1698 = DIRECTION('',(1.,0.,0.));
#1699 = ADVANCED_FACE('',(#1700),#1718,.F.);
#1700 = FACE_BOUND('',#1701,.F.);
#1701 = EDGE_LOOP('',(#1702,#1703,#1704,#1712));
#1702 = ORIENTED_EDGE('',*,*,#447,.T.);
#1703 = ORIENTED_EDGE('',*,*,#1638,.T.);
#1704 = ORIENTED_EDGE('',*,*,#1705,.T.);
#1705 = EDGE_CURVE('',#1639,#1706,#1708,.T.);
#1706 = VERTEX_POINT('',#1707);
#1707 = CARTESIAN_POINT('',(47.798620571226,-65.79862057122,12.19));
#1708 = LINE('',#1709,#1710);
#1709 = CARTESIAN_POINT('',(47.8,-65.77054165346,12.19));
#1710 = VECTOR('',#1711,1.);
#1711 = DIRECTION('',(-4.906767432757E-02,-0.998795456205,0.));
#1712 = ORIENTED_EDGE('',*,*,#1713,.F.);
#1713 = EDGE_CURVE('',#440,#1706,#1714,.T.);
#1714 = LINE('',#1715,#1716);
#1715 = CARTESIAN_POINT('',(47.798620571226,-65.79862057122,6.2));
#1716 = VECTOR('',#1717,1.);
#1717 = DIRECTION('',(0.,0.,1.));
#1718 = PLANE('',#1719);
#1719 = AXIS2_PLACEMENT_3D('',#1720,#1721,#1722);
#1720 = CARTESIAN_POINT('',(47.8,-65.77054165346,6.2));
#1721 = DIRECTION('',(0.998795456205,-4.906767432757E-02,0.));
#1722 = DIRECTION('',(-4.906767432757E-02,-0.998795456205,0.));
#1723 = ADVANCED_FACE('',(#1724),#1735,.F.);
#1724 = FACE_BOUND('',#1725,.F.);
#1725 = EDGE_LOOP('',(#1726,#1727,#1728,#1734));
#1726 = ORIENTED_EDGE('',*,*,#439,.T.);
#1727 = ORIENTED_EDGE('',*,*,#1713,.T.);
#1728 = ORIENTED_EDGE('',*,*,#1729,.T.);
#1729 = EDGE_CURVE('',#1706,#1087,#1730,.T.);
#1730 = LINE('',#1731,#1732);
#1731 = CARTESIAN_POINT('',(47.798620571226,-65.79862057122,12.19));
#1732 = VECTOR('',#1733,1.);
#1733 = DIRECTION('',(-0.998795456205,-4.906767432757E-02,0.));
#1734 = ORIENTED_EDGE('',*,*,#1086,.F.);
#1735 = PLANE('',#1736);
#1736 = AXIS2_PLACEMENT_3D('',#1737,#1738,#1739);
#1737 = CARTESIAN_POINT('',(47.798620571226,-65.79862057122,6.2));
#1738 = DIRECTION('',(4.906767432757E-02,-0.998795456205,0.));
#1739 = DIRECTION('',(-0.998795456205,-4.906767432757E-02,0.));
#1740 = ADVANCED_FACE('',(#1741),#1760,.F.);
#1741 = FACE_BOUND('',#1742,.T.);
#1742 = EDGE_LOOP('',(#1743,#1744,#1752,#1759));
#1743 = ORIENTED_EDGE('',*,*,#563,.T.);
#1744 = ORIENTED_EDGE('',*,*,#1745,.T.);
#1745 = EDGE_CURVE('',#564,#1746,#1748,.T.);
#1746 = VERTEX_POINT('',#1747);
#1747 = CARTESIAN_POINT('',(48.6,-52.8,6.8));
#1748 = LINE('',#1749,#1750);
#1749 = CARTESIAN_POINT('',(48.6,-52.8,6.2));
#1750 = VECTOR('',#1751,1.);
#1751 = DIRECTION('',(0.,0.,1.));
#1752 = ORIENTED_EDGE('',*,*,#1753,.T.);
#1753 = EDGE_CURVE('',#1746,#1746,#1754,.T.);
#1754 = CIRCLE('',#1755,1.6);
#1755 = AXIS2_PLACEMENT_3D('',#1756,#1757,#1758);
#1756 = CARTESIAN_POINT('',(47.,-52.8,6.8));
#1757 = DIRECTION('',(0.,0.,1.));
#1758 = DIRECTION('',(1.,0.,0.));
#1759 = ORIENTED_EDGE('',*,*,#1745,.F.);
#1760 = CYLINDRICAL_SURFACE('',#1761,1.6);
#1761 = AXIS2_PLACEMENT_3D('',#1762,#1763,#1764);
#1762 = CARTESIAN_POINT('',(47.,-52.8,6.2));
#1763 = DIRECTION('',(-0.,-0.,-1.));
#1764 = DIRECTION('',(1.,0.,0.));
#1765 = ADVANCED_FACE('',(#1766),#1778,.T.);
#1766 = FACE_BOUND('',#1767,.F.);
#1767 = EDGE_LOOP('',(#1768,#1769,#1770,#1771));
#1768 = ORIENTED_EDGE('',*,*,#1400,.T.);
#1769 = ORIENTED_EDGE('',*,*,#615,.T.);
#1770 = ORIENTED_EDGE('',*,*,#1278,.F.);
#1771 = ORIENTED_EDGE('',*,*,#1772,.F.);
#1772 = EDGE_CURVE('',#1401,#1269,#1773,.T.);
#1773 = CIRCLE('',#1774,2.4);
#1774 = AXIS2_PLACEMENT_3D('',#1775,#1776,#1777);
#1775 = CARTESIAN_POINT('',(27.4,-13.4,6.3));
#1776 = DIRECTION('',(0.,-0.,1.));
#1777 = DIRECTION('',(0.,1.,0.));
#1778 = CYLINDRICAL_SURFACE('',#1779,2.4);
#1779 = AXIS2_PLACEMENT_3D('',#1780,#1781,#1782);
#1780 = CARTESIAN_POINT('',(27.4,-13.4,6.3));
#1781 = DIRECTION('',(0.,0.,-1.));
#1782 = DIRECTION('',(0.,1.,0.));
#1783 = ADVANCED_FACE('',(#1784),#1843,.T.);
#1784 = FACE_BOUND('',#1785,.T.);
#1785 = EDGE_LOOP('',(#1786,#1787,#1795,#1803,#1811,#1819,#1827,#1835,
    #1841,#1842));
#1786 = ORIENTED_EDGE('',*,*,#807,.F.);
#1787 = ORIENTED_EDGE('',*,*,#1788,.T.);
#1788 = EDGE_CURVE('',#800,#1789,#1791,.T.);
#1789 = VERTEX_POINT('',#1790);
#1790 = CARTESIAN_POINT('',(32.802030729558,-59.8296013753,13.59));
#1791 = LINE('',#1792,#1793);
#1792 = CARTESIAN_POINT('',(7.285764907554,-83.95911362003,13.59));
#1793 = VECTOR('',#1794,1.);
#1794 = DIRECTION('',(0.726574967353,0.687087197389,0.));
#1795 = ORIENTED_EDGE('',*,*,#1796,.T.);
#1796 = EDGE_CURVE('',#1789,#1797,#1799,.T.);
#1797 = VERTEX_POINT('',#1798);
#1798 = CARTESIAN_POINT('',(32.8,-59.83,13.59));
#1799 = LINE('',#1800,#1801);
#1800 = CARTESIAN_POINT('',(12.672020499544,-63.78104782786,13.59));
#1801 = VECTOR('',#1802,1.);
#1802 = DIRECTION('',(-0.981273361413,-0.1926203265,0.));
#1803 = ORIENTED_EDGE('',*,*,#1804,.T.);
#1804 = EDGE_CURVE('',#1797,#1805,#1807,.T.);
#1805 = VERTEX_POINT('',#1806);
#1806 = CARTESIAN_POINT('',(35.9,-56.9,13.59));
#1807 = LINE('',#1808,#1809);
#1808 = CARTESIAN_POINT('',(9.119405162985,-82.21198157175,13.59));
#1809 = VECTOR('',#1810,1.);
#1810 = DIRECTION('',(0.726753040378,0.686898841389,0.));
#1811 = ORIENTED_EDGE('',*,*,#1812,.T.);
#1812 = EDGE_CURVE('',#1805,#1813,#1815,.T.);
#1813 = VERTEX_POINT('',#1814);
#1814 = CARTESIAN_POINT('',(38.1,-56.9,13.59));
#1815 = LINE('',#1816,#1817);
#1816 = CARTESIAN_POINT('',(17.95,-56.9,13.59));
#1817 = VECTOR('',#1818,1.);
#1818 = DIRECTION('',(1.,0.,0.));
#1819 = ORIENTED_EDGE('',*,*,#1820,.T.);
#1820 = EDGE_CURVE('',#1813,#1821,#1823,.T.);
#1821 = VERTEX_POINT('',#1822);
#1822 = CARTESIAN_POINT('',(41.2,-59.83,13.59));
#1823 = LINE('',#1824,#1825);
#1824 = CARTESIAN_POINT('',(43.788305514183,-62.27636617953,13.59));
#1825 = VECTOR('',#1826,1.);
#1826 = DIRECTION('',(0.726753040378,-0.686898841389,0.));
#1827 = ORIENTED_EDGE('',*,*,#1828,.T.);
#1828 = EDGE_CURVE('',#1821,#1829,#1831,.T.);
#1829 = VERTEX_POINT('',#1830);
#1830 = CARTESIAN_POINT('',(41.197969270442,-59.8296013753,13.59));
#1831 = LINE('',#1832,#1833);
#1832 = CARTESIAN_POINT('',(27.050775337146,-57.05255960321,13.59));
#1833 = VECTOR('',#1834,1.);
#1834 = DIRECTION('',(-0.981273361413,0.1926203265,0.));
#1835 = ORIENTED_EDGE('',*,*,#1836,.T.);
#1836 = EDGE_CURVE('',#1829,#661,#1837,.T.);
#1837 = LINE('',#1838,#1839);
#1838 = CARTESIAN_POINT('',(45.342678890819,-63.74905503805,13.59));
#1839 = VECTOR('',#1840,1.);
#1840 = DIRECTION('',(0.726574967353,-0.687087197389,0.));
#1841 = ORIENTED_EDGE('',*,*,#658,.F.);
#1842 = ORIENTED_EDGE('',*,*,#816,.F.);
#1843 = PLANE('',#1844);
#1844 = AXIS2_PLACEMENT_3D('',#1845,#1846,#1847);
#1845 = CARTESIAN_POINT('',(0.,-120.,13.59));
#1846 = DIRECTION('',(0.,0.,1.));
#1847 = DIRECTION('',(1.,0.,0.));
#1848 = ADVANCED_FACE('',(#1849),#1961,.T.);
#1849 = FACE_BOUND('',#1850,.T.);
#1850 = EDGE_LOOP('',(#1851,#1852,#1860,#1868,#1876,#1882,#1883,#1884,
    #1940,#1960));
#1851 = ORIENTED_EDGE('',*,*,#1836,.F.);
#1852 = ORIENTED_EDGE('',*,*,#1853,.T.);
#1853 = EDGE_CURVE('',#1829,#1854,#1856,.T.);
#1854 = VERTEX_POINT('',#1855);
#1855 = CARTESIAN_POINT('',(38.5,-59.3,13.59));
#1856 = LINE('',#1857,#1858);
#1857 = CARTESIAN_POINT('',(27.050775337146,-57.05255960321,13.59));
#1858 = VECTOR('',#1859,1.);
#1859 = DIRECTION('',(-0.981273361413,0.1926203265,0.));
#1860 = ORIENTED_EDGE('',*,*,#1861,.T.);
#1861 = EDGE_CURVE('',#1854,#1862,#1864,.T.);
#1862 = VERTEX_POINT('',#1863);
#1863 = CARTESIAN_POINT('',(37.,-60.1,13.59));
#1864 = LINE('',#1865,#1866);
#1865 = CARTESIAN_POINT('',(10.910899653979,-74.01418685121,13.59));
#1866 = VECTOR('',#1867,1.);
#1867 = DIRECTION('',(-0.882352941176,-0.470588235294,0.));
#1868 = ORIENTED_EDGE('',*,*,#1869,.T.);
#1869 = EDGE_CURVE('',#1862,#1870,#1872,.T.);
#1870 = VERTEX_POINT('',#1871);
#1871 = CARTESIAN_POINT('',(35.5,-59.3,13.59));
#1872 = LINE('',#1873,#1874);
#1873 = CARTESIAN_POINT('',(35.032871972318,-59.0508650519,13.59));
#1874 = VECTOR('',#1875,1.);
#1875 = DIRECTION('',(-0.882352941176,0.470588235294,0.));
#1876 = ORIENTED_EDGE('',*,*,#1877,.T.);
#1877 = EDGE_CURVE('',#1870,#1789,#1878,.T.);
#1878 = LINE('',#1879,#1880);
#1879 = CARTESIAN_POINT('',(12.672020499544,-63.78104782786,13.59));
#1880 = VECTOR('',#1881,1.);
#1881 = DIRECTION('',(-0.981273361413,-0.1926203265,0.));
#1882 = ORIENTED_EDGE('',*,*,#1788,.F.);
#1883 = ORIENTED_EDGE('',*,*,#799,.F.);
#1884 = ORIENTED_EDGE('',*,*,#1885,.F.);
#1885 = EDGE_CURVE('',#1886,#737,#1888,.T.);
#1886 = VERTEX_POINT('',#1887);
#1887 = CARTESIAN_POINT('',(40.,-64.3,13.59));
#1888 = B_SPLINE_CURVE_WITH_KNOTS('',8,(#1889,#1890,#1891,#1892,#1893,
    #1894,#1895,#1896,#1897,#1898,#1899,#1900,#1901,#1902,#1903,#1904,
    #1905,#1906,#1907,#1908,#1909,#1910,#1911,#1912,#1913,#1914,#1915,
    #1916,#1917,#1918,#1919,#1920,#1921,#1922,#1923,#1924,#1925,#1926,
    #1927,#1928,#1929,#1930,#1931,#1932,#1933,#1934,#1935,#1936,#1937,
    #1938,#1939),.UNSPECIFIED.,.F.,.F.,(9,7,7,7,7,7,7,9),(0.,
    8.036906720292E-02,0.439060195522,0.506316591496,0.566102806709,
    0.621455293804,0.847227800284,1.),.UNSPECIFIED.);
#1889 = CARTESIAN_POINT('',(40.,-64.3,13.59));
#1890 = CARTESIAN_POINT('',(39.890951406666,-64.31744777493,13.59));
#1891 = CARTESIAN_POINT('',(39.781713626799,-64.33368854966,13.59));
#1892 = CARTESIAN_POINT('',(39.672300855168,-64.34870878588,13.59));
#1893 = CARTESIAN_POINT('',(39.562727791049,-64.36249690215,13.59));
#1894 = CARTESIAN_POINT('',(39.453009666265,-64.37504351453,13.59));
#1895 = CARTESIAN_POINT('',(39.34316227322,-64.38634167724,13.59));
#1896 = CARTESIAN_POINT('',(39.233201992933,-64.39638712323,13.59));
#1897 = CARTESIAN_POINT('',(38.631959684915,-64.44441487656,13.59));
#1898 = CARTESIAN_POINT('',(38.138557117188,-64.45869630201,13.59));
#1899 = CARTESIAN_POINT('',(37.644996765253,-64.44780380603,13.59));
#1900 = CARTESIAN_POINT('',(37.152754676808,-64.41290193105,13.59));
#1901 = CARTESIAN_POINT('',(36.66273202471,-64.35657672338,13.59));
#1902 = CARTESIAN_POINT('',(36.175279809435,-64.28273910411,13.59));
#1903 = CARTESIAN_POINT('',(35.690270415062,-64.19600616053,13.59));
#1904 = CARTESIAN_POINT('',(35.116559986801,-64.08342947203,13.59));
#1905 = CARTESIAN_POINT('',(35.026028530029,-64.06536810706,13.59));
#1906 = CARTESIAN_POINT('',(34.935548186222,-64.04705262139,13.59));
#1907 = CARTESIAN_POINT('',(34.845113304765,-64.02851469443,13.59));
#1908 = CARTESIAN_POINT('',(34.75471792408,-64.00978611006,13.59));
#1909 = CARTESIAN_POINT('',(34.664355771627,-63.99089875662,13.59));
#1910 = CARTESIAN_POINT('',(34.574020263906,-63.97188462689,13.59));
#1911 = CARTESIAN_POINT('',(34.403420137453,-63.93578942843,13.59));
#1912 = CARTESIAN_POINT('',(34.323151532757,-63.91872813724,13.59));
#1913 = CARTESIAN_POINT('',(34.24289387647,-63.90161445502,13.59));
#1914 = CARTESIAN_POINT('',(34.162642364845,-63.88447079019,13.59));
#1915 = CARTESIAN_POINT('',(34.08239220629,-63.86731944913,13.59));
#1916 = CARTESIAN_POINT('',(34.002138621362,-63.85018263621,13.59));
#1917 = CARTESIAN_POINT('',(33.921876842771,-63.83308245373,13.59));
#1918 = CARTESIAN_POINT('',(33.767280538139,-63.80026314673,13.59));
#1919 = CARTESIAN_POINT('',(33.692947960573,-63.78453559746,13.59));
#1920 = CARTESIAN_POINT('',(33.61860062944,-63.76887570336,13.59));
#1921 = CARTESIAN_POINT('',(33.544234929998,-63.75330073732,13.59));
#1922 = CARTESIAN_POINT('',(33.469847386009,-63.73782779596,13.59));
#1923 = CARTESIAN_POINT('',(33.395434659732,-63.72247379961,13.59));
#1924 = CARTESIAN_POINT('',(33.320993551929,-63.70725549232,13.59));
#1925 = CARTESIAN_POINT('',(32.942761312372,-63.63073782236,13.59));
#1926 = CARTESIAN_POINT('',(32.638479527738,-63.57181915019,13.59));
#1927 = CARTESIAN_POINT('',(32.333463509961,-63.5165518169,13.59));
#1928 = CARTESIAN_POINT('',(32.027573200035,-63.46599861354,13.59));
#1929 = CARTESIAN_POINT('',(31.720746711456,-63.42112813683,13.59));
#1930 = CARTESIAN_POINT('',(31.413005408641,-63.38278349267,13.59));
#1931 = CARTESIAN_POINT('',(31.104457970251,-63.35165829725,13.59));
#1932 = CARTESIAN_POINT('',(30.586109595498,-63.3124606992,13.59));
#1933 = CARTESIAN_POINT('',(30.376630688238,-63.3001878319,13.59));
#1934 = CARTESIAN_POINT('',(30.166932652983,-63.29162646509,13.59));
#1935 = CARTESIAN_POINT('',(29.95708788456,-63.28690449601,13.59));
#1936 = CARTESIAN_POINT('',(29.747175256034,-63.28611419951,13.59));
#1937 = CARTESIAN_POINT('',(29.537280139461,-63.28931379994,13.59));
#1938 = CARTESIAN_POINT('',(29.327494426637,-63.29652904308,13.59));
#1939 = CARTESIAN_POINT('',(29.117916549856,-63.30775476806,13.59));
#1940 = ORIENTED_EDGE('',*,*,#1941,.F.);
#1941 = EDGE_CURVE('',#670,#1886,#1942,.T.);
#1942 = B_SPLINE_CURVE_WITH_KNOTS('',6,(#1943,#1944,#1945,#1946,#1947,
    #1948,#1949,#1950,#1951,#1952,#1953,#1954,#1955,#1956,#1957,#1958,
    #1959),.UNSPECIFIED.,.F.,.F.,(7,5,5,7),(0.,0.266928276592,
    0.580993113634,1.),.UNSPECIFIED.);
#1943 = CARTESIAN_POINT('',(45.447508783486,-63.84580407599,13.59));
#1944 = CARTESIAN_POINT('',(45.205807965714,-63.82251857477,13.59));
#1945 = CARTESIAN_POINT('',(44.963344374653,-63.8066104865,13.59));
#1946 = CARTESIAN_POINT('',(44.720400611472,-63.79796223691,13.59));
#1947 = CARTESIAN_POINT('',(44.47720744328,-63.79600743997,13.59));
#1948 = CARTESIAN_POINT('',(44.233952739227,-63.79997419208,13.59));
#1949 = CARTESIAN_POINT('',(43.704631519753,-63.81986776807,13.59));
#1950 = CARTESIAN_POINT('',(43.41858943166,-63.83778259996,13.59));
#1951 = CARTESIAN_POINT('',(43.132764643887,-63.86163021113,13.59));
#1952 = CARTESIAN_POINT('',(42.84721943793,-63.8902204932,13.59));
#1953 = CARTESIAN_POINT('',(42.561959466123,-63.92265484384,13.59));
#1954 = CARTESIAN_POINT('',(41.896639311269,-64.00566055628,13.59));
#1955 = CARTESIAN_POINT('',(41.516798752137,-64.05866652441,13.59));
#1956 = CARTESIAN_POINT('',(41.137285694483,-64.11553284594,13.59));
#1957 = CARTESIAN_POINT('',(40.75803215403,-64.17517190249,13.59));
#1958 = CARTESIAN_POINT('',(40.378967198278,-64.23683880028,13.59));
#1959 = CARTESIAN_POINT('',(40.,-64.3,13.59));
#1960 = ORIENTED_EDGE('',*,*,#669,.F.);
#1961 = PLANE('',#1962);
#1962 = AXIS2_PLACEMENT_3D('',#1963,#1964,#1965);
#1963 = CARTESIAN_POINT('',(0.,-120.,13.59));
#1964 = DIRECTION('',(0.,0.,1.));
#1965 = DIRECTION('',(1.,0.,0.));
#1966 = ADVANCED_FACE('',(#1967),#1976,.T.);
#1967 = FACE_BOUND('',#1968,.T.);
#1968 = EDGE_LOOP('',(#1969,#1970,#1971,#1972,#1973,#1974,#1975));
#1969 = ORIENTED_EDGE('',*,*,#728,.F.);
#1970 = ORIENTED_EDGE('',*,*,#720,.F.);
#1971 = ORIENTED_EDGE('',*,*,#712,.F.);
#1972 = ORIENTED_EDGE('',*,*,#677,.T.);
#1973 = ORIENTED_EDGE('',*,*,#1941,.T.);
#1974 = ORIENTED_EDGE('',*,*,#1885,.T.);
#1975 = ORIENTED_EDGE('',*,*,#736,.T.);
#1976 = PLANE('',#1977);
#1977 = AXIS2_PLACEMENT_3D('',#1978,#1979,#1980);
#1978 = CARTESIAN_POINT('',(0.,-120.,13.59));
#1979 = DIRECTION('',(0.,0.,1.));
#1980 = DIRECTION('',(1.,0.,0.));
#1981 = ADVANCED_FACE('',(#1982),#1990,.T.);
#1982 = FACE_BOUND('',#1983,.T.);
#1983 = EDGE_LOOP('',(#1984,#1985,#1986,#1987,#1988,#1989));
#1984 = ORIENTED_EDGE('',*,*,#825,.F.);
#1985 = ORIENTED_EDGE('',*,*,#870,.F.);
#1986 = ORIENTED_EDGE('',*,*,#862,.F.);
#1987 = ORIENTED_EDGE('',*,*,#853,.F.);
#1988 = ORIENTED_EDGE('',*,*,#844,.F.);
#1989 = ORIENTED_EDGE('',*,*,#836,.F.);
#1990 = PLANE('',#1991);
#1991 = AXIS2_PLACEMENT_3D('',#1992,#1993,#1994);
#1992 = CARTESIAN_POINT('',(0.,-120.,13.59));
#1993 = DIRECTION('',(0.,0.,1.));
#1994 = DIRECTION('',(1.,0.,0.));
#1995 = ADVANCED_FACE('',(#1996,#2006),#2040,.T.);
#1996 = FACE_BOUND('',#1997,.T.);
#1997 = EDGE_LOOP('',(#1998,#1999,#2000,#2001,#2002,#2003,#2004,#2005));
#1998 = ORIENTED_EDGE('',*,*,#890,.F.);
#1999 = ORIENTED_EDGE('',*,*,#879,.F.);
#2000 = ORIENTED_EDGE('',*,*,#941,.F.);
#2001 = ORIENTED_EDGE('',*,*,#932,.F.);
#2002 = ORIENTED_EDGE('',*,*,#924,.F.);
#2003 = ORIENTED_EDGE('',*,*,#915,.F.);
#2004 = ORIENTED_EDGE('',*,*,#907,.F.);
#2005 = ORIENTED_EDGE('',*,*,#898,.F.);
#2006 = FACE_BOUND('',#2007,.T.);
#2007 = EDGE_LOOP('',(#2008,#2018,#2026,#2034));
#2008 = ORIENTED_EDGE('',*,*,#2009,.F.);
#2009 = EDGE_CURVE('',#2010,#2012,#2014,.T.);
#2010 = VERTEX_POINT('',#2011);
#2011 = CARTESIAN_POINT('',(43.95,-49.05,13.59));
#2012 = VERTEX_POINT('',#2013);
#2013 = CARTESIAN_POINT('',(43.95,-18.55,13.59));
#2014 = LINE('',#2015,#2016);
#2015 = CARTESIAN_POINT('',(43.95,-44.07393884022,13.59));
#2016 = VECTOR('',#2017,1.);
#2017 = DIRECTION('',(0.,1.,0.));
#2018 = ORIENTED_EDGE('',*,*,#2019,.T.);
#2019 = EDGE_CURVE('',#2010,#2020,#2022,.T.);
#2020 = VERTEX_POINT('',#2021);
#2021 = CARTESIAN_POINT('',(30.05,-49.05,13.59));
#2022 = LINE('',#2023,#2024);
#2023 = CARTESIAN_POINT('',(33.546656284918,-49.05,13.59));
#2024 = VECTOR('',#2025,1.);
#2025 = DIRECTION('',(-1.,0.,0.));
#2026 = ORIENTED_EDGE('',*,*,#2027,.T.);
#2027 = EDGE_CURVE('',#2020,#2028,#2030,.T.);
#2028 = VERTEX_POINT('',#2029);
#2029 = CARTESIAN_POINT('',(30.05,-18.55,13.59));
#2030 = LINE('',#2031,#2032);
#2031 = CARTESIAN_POINT('',(30.05,-44.07393884022,13.59));
#2032 = VECTOR('',#2033,1.);
#2033 = DIRECTION('',(0.,1.,0.));
#2034 = ORIENTED_EDGE('',*,*,#2035,.F.);
#2035 = EDGE_CURVE('',#2012,#2028,#2036,.T.);
#2036 = LINE('',#2037,#2038);
#2037 = CARTESIAN_POINT('',(33.546656284918,-18.55,13.59));
#2038 = VECTOR('',#2039,1.);
#2039 = DIRECTION('',(-1.,0.,0.));
#2040 = PLANE('',#2041);
#2041 = AXIS2_PLACEMENT_3D('',#2042,#2043,#2044);
#2042 = CARTESIAN_POINT('',(0.,-120.,13.59));
#2043 = DIRECTION('',(0.,0.,1.));
#2044 = DIRECTION('',(1.,0.,0.));
#2045 = ADVANCED_FACE('',(#2046),#2050,.T.);
#2046 = FACE_BOUND('',#2047,.T.);
#2047 = EDGE_LOOP('',(#2048,#2049));
#2048 = ORIENTED_EDGE('',*,*,#949,.F.);
#2049 = ORIENTED_EDGE('',*,*,#960,.F.);
#2050 = PLANE('',#2051);
#2051 = AXIS2_PLACEMENT_3D('',#2052,#2053,#2054);
#2052 = CARTESIAN_POINT('',(0.,-120.,13.59));
#2053 = DIRECTION('',(0.,0.,1.));
#2054 = DIRECTION('',(1.,0.,0.));
#2055 = ADVANCED_FACE('',(#2056),#2064,.T.);
#2056 = FACE_BOUND('',#2057,.T.);
#2057 = EDGE_LOOP('',(#2058,#2059,#2060,#2061,#2062,#2063));
#2058 = ORIENTED_EDGE('',*,*,#969,.F.);
#2059 = ORIENTED_EDGE('',*,*,#1014,.F.);
#2060 = ORIENTED_EDGE('',*,*,#1006,.F.);
#2061 = ORIENTED_EDGE('',*,*,#997,.F.);
#2062 = ORIENTED_EDGE('',*,*,#988,.F.);
#2063 = ORIENTED_EDGE('',*,*,#980,.F.);
#2064 = PLANE('',#2065);
#2065 = AXIS2_PLACEMENT_3D('',#2066,#2067,#2068);
#2066 = CARTESIAN_POINT('',(0.,-120.,13.59));
#2067 = DIRECTION('',(0.,0.,1.));
#2068 = DIRECTION('',(1.,0.,0.));
#2069 = ADVANCED_FACE('',(#2070,#2208),#2242,.F.);
#2070 = FACE_BOUND('',#2071,.F.);
#2071 = EDGE_LOOP('',(#2072,#2073,#2074,#2075,#2076,#2084,#2092,#2100,
    #2108,#2116,#2124,#2132,#2140,#2148,#2156,#2164,#2172,#2180,#2188,
    #2196,#2202,#2203,#2204,#2205,#2206,#2207));
#2072 = ORIENTED_EDGE('',*,*,#1671,.F.);
#2073 = ORIENTED_EDGE('',*,*,#1616,.F.);
#2074 = ORIENTED_EDGE('',*,*,#1592,.F.);
#2075 = ORIENTED_EDGE('',*,*,#1576,.F.);
#2076 = ORIENTED_EDGE('',*,*,#2077,.F.);
#2077 = EDGE_CURVE('',#2078,#1569,#2080,.T.);
#2078 = VERTEX_POINT('',#2079);
#2079 = CARTESIAN_POINT('',(27.282521281595,-12.20721855511,12.19));
#2080 = LINE('',#2081,#2082);
#2081 = CARTESIAN_POINT('',(27.282521281595,-12.20721855511,12.19));
#2082 = VECTOR('',#2083,1.);
#2083 = DIRECTION('',(0.998795456205,4.906767432741E-02,0.));
#2084 = ORIENTED_EDGE('',*,*,#2085,.F.);
#2085 = EDGE_CURVE('',#2086,#2078,#2088,.T.);
#2086 = VERTEX_POINT('',#2087);
#2087 = CARTESIAN_POINT('',(27.166173947468,-12.22447705182,12.19));
#2088 = LINE('',#2089,#2090);
#2089 = CARTESIAN_POINT('',(27.166173947468,-12.22447705182,12.19));
#2090 = VECTOR('',#2091,1.);
#2091 = DIRECTION('',(0.989176509965,0.146730474455,0.));
#2092 = ORIENTED_EDGE('',*,*,#2093,.F.);
#2093 = EDGE_CURVE('',#2094,#2086,#2096,.T.);
#2094 = VERTEX_POINT('',#2095);
#2095 = CARTESIAN_POINT('',(27.05207848605,-12.25305647712,12.19));
#2096 = LINE('',#2097,#2098);
#2097 = CARTESIAN_POINT('',(27.05207848605,-12.25305647712,12.19));
#2098 = VECTOR('',#2099,1.);
#2099 = DIRECTION('',(0.970031253195,0.242980179903,0.));
#2100 = ORIENTED_EDGE('',*,*,#2101,.F.);
#2101 = EDGE_CURVE('',#2102,#2094,#2104,.T.);
#2102 = VERTEX_POINT('',#2103);
#2103 = CARTESIAN_POINT('',(26.941333699004,-12.29268159553,12.19));
#2104 = LINE('',#2105,#2106);
#2105 = CARTESIAN_POINT('',(26.941333699004,-12.29268159553,12.19));
#2106 = VECTOR('',#2107,1.);
#2107 = DIRECTION('',(0.941544065183,0.336889853392,0.));
#2108 = ORIENTED_EDGE('',*,*,#2109,.F.);
#2109 = EDGE_CURVE('',#2110,#2102,#2112,.T.);
#2110 = VERTEX_POINT('',#2111);
#2111 = CARTESIAN_POINT('',(26.83500611917,-12.3429707955,12.19));
#2112 = LINE('',#2113,#2114);
#2113 = CARTESIAN_POINT('',(26.83500611917,-12.3429707955,12.19));
#2114 = VECTOR('',#2115,1.);
#2115 = DIRECTION('',(0.903989293123,0.42755509343,0.));
#2116 = ORIENTED_EDGE('',*,*,#2117,.F.);
#2117 = EDGE_CURVE('',#2118,#2110,#2120,.T.);
#2118 = VERTEX_POINT('',#2119);
#2119 = CARTESIAN_POINT('',(26.734119739265,-12.40343976453,12.19));
#2120 = LINE('',#2121,#2122);
#2121 = CARTESIAN_POINT('',(26.734119739265,-12.40343976453,12.19));
#2122 = VECTOR('',#2123,1.);
#2123 = DIRECTION('',(0.85772861,0.514102744193,0.));
#2124 = ORIENTED_EDGE('',*,*,#2125,.F.);
#2125 = EDGE_CURVE('',#2126,#2118,#2128,.T.);
#2126 = VERTEX_POINT('',#2127);
#2127 = CARTESIAN_POINT('',(26.639646150277,-12.47350615341,12.19));
#2128 = LINE('',#2129,#2130);
#2129 = CARTESIAN_POINT('',(26.639646150277,-12.47350615341,12.19));
#2130 = VECTOR('',#2131,1.);
#2131 = DIRECTION('',(0.803207531481,0.595699304492,0.));
#2132 = ORIENTED_EDGE('',*,*,#2133,.F.);
#2133 = EDGE_CURVE('',#2134,#2126,#2136,.T.);
#2134 = VERTEX_POINT('',#2135);
#2135 = CARTESIAN_POINT('',(26.552495184515,-12.55249518451,12.19));
#2136 = LINE('',#2137,#2138);
#2137 = CARTESIAN_POINT('',(26.552495184515,-12.55249518451,12.19));
#2138 = VECTOR('',#2139,1.);
#2139 = DIRECTION('',(0.740951125355,0.671558954847,0.));
#2140 = ORIENTED_EDGE('',*,*,#2141,.F.);
#2141 = EDGE_CURVE('',#2142,#2134,#2144,.T.);
#2142 = VERTEX_POINT('',#2143);
#2143 = CARTESIAN_POINT('',(26.473506153419,-12.63964615027,12.19));
#2144 = LINE('',#2145,#2146);
#2145 = CARTESIAN_POINT('',(26.473506153419,-12.63964615027,12.19));
#2146 = VECTOR('',#2147,1.);
#2147 = DIRECTION('',(0.671558954847,0.740951125355,0.));
#2148 = ORIENTED_EDGE('',*,*,#2149,.F.);
#2149 = EDGE_CURVE('',#2150,#2142,#2152,.T.);
#2150 = VERTEX_POINT('',#2151);
#2151 = CARTESIAN_POINT('',(26.403439764538,-12.73411973926,12.19));
#2152 = LINE('',#2153,#2154);
#2153 = CARTESIAN_POINT('',(26.403439764538,-12.73411973926,12.19));
#2154 = VECTOR('',#2155,1.);
#2155 = DIRECTION('',(0.595699304492,0.803207531481,0.));
#2156 = ORIENTED_EDGE('',*,*,#2157,.F.);
#2157 = EDGE_CURVE('',#2158,#2150,#2160,.T.);
#2158 = VERTEX_POINT('',#2159);
#2159 = CARTESIAN_POINT('',(26.3429707955,-12.83500611917,12.19));
#2160 = LINE('',#2161,#2162);
#2161 = CARTESIAN_POINT('',(26.3429707955,-12.83500611917,12.19));
#2162 = VECTOR('',#2163,1.);
#2163 = DIRECTION('',(0.514102744193,0.85772861,0.));
#2164 = ORIENTED_EDGE('',*,*,#2165,.F.);
#2165 = EDGE_CURVE('',#2166,#2158,#2168,.T.);
#2166 = VERTEX_POINT('',#2167);
#2167 = CARTESIAN_POINT('',(26.292681595533,-12.941333699,12.19));
#2168 = LINE('',#2169,#2170);
#2169 = CARTESIAN_POINT('',(26.292681595533,-12.941333699,12.19));
#2170 = VECTOR('',#2171,1.);
#2171 = DIRECTION('',(0.42755509343,0.903989293123,0.));
#2172 = ORIENTED_EDGE('',*,*,#2173,.F.);
#2173 = EDGE_CURVE('',#2174,#2166,#2176,.T.);
#2174 = VERTEX_POINT('',#2175);
#2175 = CARTESIAN_POINT('',(26.253056477122,-13.05207848605,12.19));
#2176 = LINE('',#2177,#2178);
#2177 = CARTESIAN_POINT('',(26.253056477122,-13.05207848605,12.19));
#2178 = VECTOR('',#2179,1.);
#2179 = DIRECTION('',(0.336889853392,0.941544065183,0.));
#2180 = ORIENTED_EDGE('',*,*,#2181,.F.);
#2181 = EDGE_CURVE('',#2182,#2174,#2184,.T.);
#2182 = VERTEX_POINT('',#2183);
#2183 = CARTESIAN_POINT('',(26.22447705182,-13.16617394746,12.19));
#2184 = LINE('',#2185,#2186);
#2185 = CARTESIAN_POINT('',(26.22447705182,-13.16617394746,12.19));
#2186 = VECTOR('',#2187,1.);
#2187 = DIRECTION('',(0.242980179903,0.970031253195,0.));
#2188 = ORIENTED_EDGE('',*,*,#2189,.F.);
#2189 = EDGE_CURVE('',#2190,#2182,#2192,.T.);
#2190 = VERTEX_POINT('',#2191);
#2191 = CARTESIAN_POINT('',(26.207218555115,-13.28252128159,12.19));
#2192 = LINE('',#2193,#2194);
#2193 = CARTESIAN_POINT('',(26.207218555115,-13.28252128159,12.19));
#2194 = VECTOR('',#2195,1.);
#2195 = DIRECTION('',(0.146730474455,0.989176509965,0.));
#2196 = ORIENTED_EDGE('',*,*,#2197,.F.);
#2197 = EDGE_CURVE('',#1159,#2190,#2198,.T.);
#2198 = LINE('',#2199,#2200);
#2199 = CARTESIAN_POINT('',(26.2,-13.42945834653,12.19));
#2200 = VECTOR('',#2201,1.);
#2201 = DIRECTION('',(4.906767432747E-02,0.998795456205,0.));
#2202 = ORIENTED_EDGE('',*,*,#1230,.F.);
#2203 = ORIENTED_EDGE('',*,*,#1134,.F.);
#2204 = ORIENTED_EDGE('',*,*,#1110,.F.);
#2205 = ORIENTED_EDGE('',*,*,#1094,.F.);
#2206 = ORIENTED_EDGE('',*,*,#1729,.F.);
#2207 = ORIENTED_EDGE('',*,*,#1705,.F.);
#2208 = FACE_BOUND('',#2209,.F.);
#2209 = EDGE_LOOP('',(#2210,#2220,#2228,#2236));
#2210 = ORIENTED_EDGE('',*,*,#2211,.T.);
#2211 = EDGE_CURVE('',#2212,#2214,#2216,.T.);
#2212 = VERTEX_POINT('',#2213);
#2213 = CARTESIAN_POINT('',(44.95,-53.,12.19));
#2214 = VERTEX_POINT('',#2215);
#2215 = CARTESIAN_POINT('',(29.05,-53.,12.19));
#2216 = LINE('',#2217,#2218);
#2217 = CARTESIAN_POINT('',(33.043912304081,-53.,12.19));
#2218 = VECTOR('',#2219,1.);
#2219 = DIRECTION('',(-1.,0.,0.));
#2220 = ORIENTED_EDGE('',*,*,#2221,.T.);
#2221 = EDGE_CURVE('',#2214,#2222,#2224,.T.);
#2222 = VERTEX_POINT('',#2223);
#2223 = CARTESIAN_POINT('',(29.05,-15.1,12.19));
#2224 = LINE('',#2225,#2226);
#2225 = CARTESIAN_POINT('',(29.05,-46.04641870115,12.19));
#2226 = VECTOR('',#2227,1.);
#2227 = DIRECTION('',(0.,1.,0.));
#2228 = ORIENTED_EDGE('',*,*,#2229,.F.);
#2229 = EDGE_CURVE('',#2230,#2222,#2232,.T.);
#2230 = VERTEX_POINT('',#2231);
#2231 = CARTESIAN_POINT('',(44.95,-15.1,12.19));
#2232 = LINE('',#2233,#2234);
#2233 = CARTESIAN_POINT('',(33.043912304081,-15.1,12.19));
#2234 = VECTOR('',#2235,1.);
#2235 = DIRECTION('',(-1.,0.,0.));
#2236 = ORIENTED_EDGE('',*,*,#2237,.F.);
#2237 = EDGE_CURVE('',#2212,#2230,#2238,.T.);
#2238 = LINE('',#2239,#2240);
#2239 = CARTESIAN_POINT('',(44.95,-46.04641870115,12.19));
#2240 = VECTOR('',#2241,1.);
#2241 = DIRECTION('',(0.,1.,0.));
#2242 = PLANE('',#2243);
#2243 = AXIS2_PLACEMENT_3D('',#2244,#2245,#2246);
#2244 = CARTESIAN_POINT('',(37.037824608163,-39.0928374023,12.19));
#2245 = DIRECTION('',(0.,0.,1.));
#2246 = DIRECTION('',(1.,0.,0.));
#2247 = ADVANCED_FACE('',(#2248),#2253,.T.);
#2248 = FACE_BOUND('',#2249,.T.);
#2249 = EDGE_LOOP('',(#2250,#2251,#2252));
#2250 = ORIENTED_EDGE('',*,*,#1311,.T.);
#2251 = ORIENTED_EDGE('',*,*,#1320,.T.);
#2252 = ORIENTED_EDGE('',*,*,#1067,.F.);
#2253 = PLANE('',#2254);
#2254 = AXIS2_PLACEMENT_3D('',#2255,#2256,#2257);
#2255 = CARTESIAN_POINT('',(37.2,-64.7,11.6));
#2256 = DIRECTION('',(0.,0.,1.));
#2257 = DIRECTION('',(1.,0.,0.));
#2258 = ADVANCED_FACE('',(#2259),#2277,.F.);
#2259 = FACE_BOUND('',#2260,.F.);
#2260 = EDGE_LOOP('',(#2261,#2269,#2270,#2271));
#2261 = ORIENTED_EDGE('',*,*,#2262,.T.);
#2262 = EDGE_CURVE('',#2263,#1157,#2265,.T.);
#2263 = VERTEX_POINT('',#2264);
#2264 = CARTESIAN_POINT('',(26.207218555115,-13.28252128159,6.3));
#2265 = LINE('',#2266,#2267);
#2266 = CARTESIAN_POINT('',(25.584067113477,-25.96706027729,6.3));
#2267 = VECTOR('',#2268,1.);
#2268 = DIRECTION('',(-4.906767432747E-02,-0.998795456205,0.));
#2269 = ORIENTED_EDGE('',*,*,#1156,.T.);
#2270 = ORIENTED_EDGE('',*,*,#2197,.T.);
#2271 = ORIENTED_EDGE('',*,*,#2272,.F.);
#2272 = EDGE_CURVE('',#2263,#2190,#2273,.T.);
#2273 = LINE('',#2274,#2275);
#2274 = CARTESIAN_POINT('',(26.207218555115,-13.28252128159,6.2));
#2275 = VECTOR('',#2276,1.);
#2276 = DIRECTION('',(0.,0.,1.));
#2277 = PLANE('',#2278);
#2278 = AXIS2_PLACEMENT_3D('',#2279,#2280,#2281);
#2279 = CARTESIAN_POINT('',(26.2,-13.42945834653,6.2));
#2280 = DIRECTION('',(-0.998795456205,4.906767432747E-02,0.));
#2281 = DIRECTION('',(4.906767432747E-02,0.998795456205,0.));
#2282 = ADVANCED_FACE('',(#2283),#2294,.F.);
#2283 = FACE_BOUND('',#2284,.F.);
#2284 = EDGE_LOOP('',(#2285,#2291,#2292,#2293));
#2285 = ORIENTED_EDGE('',*,*,#2286,.F.);
#2286 = EDGE_CURVE('',#1289,#1207,#2287,.T.);
#2287 = LINE('',#2288,#2289);
#2288 = CARTESIAN_POINT('',(20.,-55.4,9.2));
#2289 = VECTOR('',#2290,1.);
#2290 = DIRECTION('',(1.,0.,0.));
#2291 = ORIENTED_EDGE('',*,*,#1288,.T.);
#2292 = ORIENTED_EDGE('',*,*,#1244,.T.);
#2293 = ORIENTED_EDGE('',*,*,#1214,.T.);
#2294 = PLANE('',#2295);
#2295 = AXIS2_PLACEMENT_3D('',#2296,#2297,#2298);
#2296 = CARTESIAN_POINT('',(20.,-63.9,9.2));
#2297 = DIRECTION('',(0.,0.,1.));
#2298 = DIRECTION('',(1.,0.,0.));
#2299 = ADVANCED_FACE('',(#2300),#2311,.F.);
#2300 = FACE_BOUND('',#2301,.F.);
#2301 = EDGE_LOOP('',(#2302,#2303,#2304,#2310));
#2302 = ORIENTED_EDGE('',*,*,#2286,.T.);
#2303 = ORIENTED_EDGE('',*,*,#1206,.T.);
#2304 = ORIENTED_EDGE('',*,*,#2305,.T.);
#2305 = EDGE_CURVE('',#1199,#1271,#2306,.T.);
#2306 = LINE('',#2307,#2308);
#2307 = CARTESIAN_POINT('',(28.521656284918,-55.4,6.3));
#2308 = VECTOR('',#2309,1.);
#2309 = DIRECTION('',(-1.,0.,0.));
#2310 = ORIENTED_EDGE('',*,*,#1296,.T.);
#2311 = PLANE('',#2312);
#2312 = AXIS2_PLACEMENT_3D('',#2313,#2314,#2315);
#2313 = CARTESIAN_POINT('',(20.,-55.4,5.1));
#2314 = DIRECTION('',(0.,1.,0.));
#2315 = DIRECTION('',(0.,0.,1.));
#2316 = ADVANCED_FACE('',(#2317,#2475),#2486,.T.);
#2317 = FACE_BOUND('',#2318,.T.);
#2318 = EDGE_LOOP('',(#2319,#2328,#2329,#2330,#2331,#2332,#2333,#2339,
    #2340,#2348,#2356,#2364,#2372,#2380,#2388,#2396,#2404,#2412,#2420,
    #2428,#2436,#2444,#2452,#2460,#2466,#2467,#2468));
#2319 = ORIENTED_EDGE('',*,*,#2320,.F.);
#2320 = EDGE_CURVE('',#1191,#2321,#2323,.T.);
#2321 = VERTEX_POINT('',#2322);
#2322 = CARTESIAN_POINT('',(28.85,-52.8,6.3));
#2323 = CIRCLE('',#2324,1.85);
#2324 = AXIS2_PLACEMENT_3D('',#2325,#2326,#2327);
#2325 = CARTESIAN_POINT('',(27.,-52.8,6.3));
#2326 = DIRECTION('',(0.,0.,1.));
#2327 = DIRECTION('',(1.,0.,0.));
#2328 = ORIENTED_EDGE('',*,*,#1198,.T.);
#2329 = ORIENTED_EDGE('',*,*,#2305,.T.);
#2330 = ORIENTED_EDGE('',*,*,#1268,.F.);
#2331 = ORIENTED_EDGE('',*,*,#1772,.F.);
#2332 = ORIENTED_EDGE('',*,*,#1408,.F.);
#2333 = ORIENTED_EDGE('',*,*,#2334,.F.);
#2334 = EDGE_CURVE('',#1489,#1409,#2335,.T.);
#2335 = LINE('',#2336,#2337);
#2336 = CARTESIAN_POINT('',(30.7,-29.54893884022,6.3));
#2337 = VECTOR('',#2338,1.);
#2338 = DIRECTION('',(0.,1.,0.));
#2339 = ORIENTED_EDGE('',*,*,#1496,.T.);
#2340 = ORIENTED_EDGE('',*,*,#2341,.F.);
#2341 = EDGE_CURVE('',#2342,#1497,#2344,.T.);
#2342 = VERTEX_POINT('',#2343);
#2343 = CARTESIAN_POINT('',(27.4,-12.20144719576,6.3));
#2344 = LINE('',#2345,#2346);
#2345 = CARTESIAN_POINT('',(27.4,-43.59893884022,6.3));
#2346 = VECTOR('',#2347,1.);
#2347 = DIRECTION('',(0.,1.,0.));
#2348 = ORIENTED_EDGE('',*,*,#2349,.T.);
#2349 = EDGE_CURVE('',#2342,#2350,#2352,.T.);
#2350 = VERTEX_POINT('',#2351);
#2351 = CARTESIAN_POINT('',(27.282521281595,-12.20721855511,6.3));
#2352 = LINE('',#2353,#2354);
#2353 = CARTESIAN_POINT('',(31.492230328968,-12.00040881117,6.3));
#2354 = VECTOR('',#2355,1.);
#2355 = DIRECTION('',(-0.998795456205,-4.906767432741E-02,0.));
#2356 = ORIENTED_EDGE('',*,*,#2357,.T.);
#2357 = EDGE_CURVE('',#2350,#2358,#2360,.T.);
#2358 = VERTEX_POINT('',#2359);
#2359 = CARTESIAN_POINT('',(27.166173947468,-12.22447705182,6.3));
#2360 = LINE('',#2361,#2362);
#2361 = CARTESIAN_POINT('',(30.048182583348,-11.79697145472,6.3));
#2362 = VECTOR('',#2363,1.);
#2363 = DIRECTION('',(-0.989176509965,-0.146730474455,0.));
#2364 = ORIENTED_EDGE('',*,*,#2365,.T.);
#2365 = EDGE_CURVE('',#2358,#2366,#2368,.T.);
#2366 = VERTEX_POINT('',#2367);
#2367 = CARTESIAN_POINT('',(27.05207848605,-12.25305647712,6.3));
#2368 = LINE('',#2369,#2370);
#2369 = CARTESIAN_POINT('',(28.589117176909,-11.86804832775,6.3));
#2370 = VECTOR('',#2371,1.);
#2371 = DIRECTION('',(-0.970031253195,-0.242980179903,0.));
#2372 = ORIENTED_EDGE('',*,*,#2373,.T.);
#2373 = EDGE_CURVE('',#2366,#2374,#2376,.T.);
#2374 = VERTEX_POINT('',#2375);
#2375 = CARTESIAN_POINT('',(26.941333699004,-12.29268159553,6.3));
#2376 = LINE('',#2377,#2378);
#2377 = CARTESIAN_POINT('',(27.167803139174,-12.21164953413,6.3));
#2378 = VECTOR('',#2379,1.);
#2379 = DIRECTION('',(-0.941544065183,-0.336889853392,0.));
#2380 = ORIENTED_EDGE('',*,*,#2381,.T.);
#2381 = EDGE_CURVE('',#2374,#2382,#2384,.T.);
#2382 = VERTEX_POINT('',#2383);
#2383 = CARTESIAN_POINT('',(26.83500611917,-12.3429707955,6.3));
#2384 = LINE('',#2385,#2386);
#2385 = CARTESIAN_POINT('',(25.83564732038,-12.8156323058,6.3));
#2386 = VECTOR('',#2387,1.);
#2387 = DIRECTION('',(-0.903989293123,-0.42755509343,0.));
#2388 = ORIENTED_EDGE('',*,*,#2389,.T.);
#2389 = EDGE_CURVE('',#2382,#2390,#2392,.T.);
#2390 = VERTEX_POINT('',#2391);
#2391 = CARTESIAN_POINT('',(26.734119739265,-12.40343976453,6.3));
#2392 = LINE('',#2393,#2394);
#2393 = CARTESIAN_POINT('',(24.640749802352,-13.65815741838,6.3));
#2394 = VECTOR('',#2395,1.);
#2395 = DIRECTION('',(-0.85772861,-0.514102744193,0.));
#2396 = ORIENTED_EDGE('',*,*,#2397,.T.);
#2397 = EDGE_CURVE('',#2390,#2398,#2400,.T.);
#2398 = VERTEX_POINT('',#2399);
#2399 = CARTESIAN_POINT('',(26.639646150277,-12.47350615341,6.3));
#2400 = LINE('',#2401,#2402);
#2401 = CARTESIAN_POINT('',(23.62608523545,-14.70851525212,6.3));
#2402 = VECTOR('',#2403,1.);
#2403 = DIRECTION('',(-0.803207531481,-0.595699304492,0.));
#2404 = ORIENTED_EDGE('',*,*,#2405,.T.);
#2405 = EDGE_CURVE('',#2398,#2406,#2408,.T.);
#2406 = VERTEX_POINT('',#2407);
#2407 = CARTESIAN_POINT('',(26.552495184515,-12.55249518451,6.3));
#2408 = LINE('',#2409,#2410);
#2409 = CARTESIAN_POINT('',(22.827879704896,-15.92828988015,6.3));
#2410 = VECTOR('',#2411,1.);
#2411 = DIRECTION('',(-0.740951125355,-0.671558954847,0.));
#2412 = ORIENTED_EDGE('',*,*,#2413,.T.);
#2413 = EDGE_CURVE('',#2406,#2414,#2416,.T.);
#2414 = VERTEX_POINT('',#2415);
#2415 = CARTESIAN_POINT('',(26.473506153419,-12.63964615027,6.3));
#2416 = LINE('',#2417,#2418);
#2417 = CARTESIAN_POINT('',(22.274245229434,-17.27281660363,6.3));
#2418 = VECTOR('',#2419,1.);
#2419 = DIRECTION('',(-0.671558954847,-0.740951125355,0.));
#2420 = ORIENTED_EDGE('',*,*,#2421,.T.);
#2421 = EDGE_CURVE('',#2414,#2422,#2424,.T.);
#2422 = VERTEX_POINT('',#2423);
#2423 = CARTESIAN_POINT('',(26.403439764538,-12.73411973926,6.3));
#2424 = LINE('',#2425,#2426);
#2425 = CARTESIAN_POINT('',(21.984124111184,-18.69287710224,6.3));
#2426 = VECTOR('',#2427,1.);
#2427 = DIRECTION('',(-0.595699304492,-0.803207531481,0.));
#2428 = ORIENTED_EDGE('',*,*,#2429,.T.);
#2429 = EDGE_CURVE('',#2422,#2430,#2432,.T.);
#2430 = VERTEX_POINT('',#2431);
#2431 = CARTESIAN_POINT('',(26.3429707955,-12.83500611917,6.3));
#2432 = LINE('',#2433,#2434);
#2433 = CARTESIAN_POINT('',(21.966583467063,-20.13656726126,6.3));
#2434 = VECTOR('',#2435,1.);
#2435 = DIRECTION('',(-0.514102744193,-0.85772861,0.));
#2436 = ORIENTED_EDGE('',*,*,#2437,.T.);
#2437 = EDGE_CURVE('',#2430,#2438,#2440,.T.);
#2438 = VERTEX_POINT('',#2439);
#2439 = CARTESIAN_POINT('',(26.292681595533,-12.941333699,6.3));
#2440 = LINE('',#2441,#2442);
#2441 = CARTESIAN_POINT('',(22.220486836079,-21.5512661232,6.3));
#2442 = VECTOR('',#2443,1.);
#2443 = DIRECTION('',(-0.42755509343,-0.903989293123,0.));
#2444 = ORIENTED_EDGE('',*,*,#2445,.T.);
#2445 = EDGE_CURVE('',#2438,#2446,#2448,.T.);
#2446 = VERTEX_POINT('',#2447);
#2447 = CARTESIAN_POINT('',(26.253056477122,-13.05207848605,6.3));
#2448 = LINE('',#2449,#2450);
#2449 = CARTESIAN_POINT('',(22.734555289369,-22.8856305456,6.3));
#2450 = VECTOR('',#2451,1.);
#2451 = DIRECTION('',(-0.336889853392,-0.941544065183,0.));
#2452 = ORIENTED_EDGE('',*,*,#2453,.T.);
#2453 = EDGE_CURVE('',#2446,#2454,#2456,.T.);
#2454 = VERTEX_POINT('',#2455);
#2455 = CARTESIAN_POINT('',(26.22447705182,-13.16617394746,6.3));
#2456 = LINE('',#2457,#2458);
#2457 = CARTESIAN_POINT('',(23.487815526601,-24.09153917657,6.3));
#2458 = VECTOR('',#2459,1.);
#2459 = DIRECTION('',(-0.242980179903,-0.970031253195,0.));
#2460 = ORIENTED_EDGE('',*,*,#2461,.T.);
#2461 = EDGE_CURVE('',#2454,#2263,#2462,.T.);
#2462 = LINE('',#2463,#2464);
#2463 = CARTESIAN_POINT('',(24.450417597565,-25.12591132271,6.3));
#2464 = VECTOR('',#2465,1.);
#2465 = DIRECTION('',(-0.146730474455,-0.989176509965,0.));
#2466 = ORIENTED_EDGE('',*,*,#2262,.T.);
#2467 = ORIENTED_EDGE('',*,*,#1166,.T.);
#2468 = ORIENTED_EDGE('',*,*,#2469,.F.);
#2469 = EDGE_CURVE('',#2321,#1167,#2470,.T.);
#2470 = CIRCLE('',#2471,1.85);
#2471 = AXIS2_PLACEMENT_3D('',#2472,#2473,#2474);
#2472 = CARTESIAN_POINT('',(27.,-52.8,6.3));
#2473 = DIRECTION('',(0.,0.,1.));
#2474 = DIRECTION('',(1.,0.,0.));
#2475 = FACE_BOUND('',#2476,.T.);
#2476 = EDGE_LOOP('',(#2477));
#2477 = ORIENTED_EDGE('',*,*,#2478,.F.);
#2478 = EDGE_CURVE('',#2479,#2479,#2481,.T.);
#2479 = VERTEX_POINT('',#2480);
#2480 = CARTESIAN_POINT('',(28.6,-52.8,6.3));
#2481 = CIRCLE('',#2482,1.6);
#2482 = AXIS2_PLACEMENT_3D('',#2483,#2484,#2485);
#2483 = CARTESIAN_POINT('',(27.,-52.8,6.3));
#2484 = DIRECTION('',(0.,0.,-1.));
#2485 = DIRECTION('',(1.,0.,0.));
#2486 = PLANE('',#2487);
#2487 = AXIS2_PLACEMENT_3D('',#2488,#2489,#2490);
#2488 = CARTESIAN_POINT('',(26.023308360703,-32.38563708432,6.3));
#2489 = DIRECTION('',(-0.,-0.,-1.));
#2490 = DIRECTION('',(-1.,0.,0.));
#2491 = ADVANCED_FACE('',(#2492),#2514,.T.);
#2492 = FACE_BOUND('',#2493,.F.);
#2493 = EDGE_LOOP('',(#2494,#2495,#2504,#2511,#2512,#2513));
#2494 = ORIENTED_EDGE('',*,*,#1190,.F.);
#2495 = ORIENTED_EDGE('',*,*,#2496,.T.);
#2496 = EDGE_CURVE('',#1183,#2497,#2499,.T.);
#2497 = VERTEX_POINT('',#2498);
#2498 = CARTESIAN_POINT('',(28.85,-52.8,11.6));
#2499 = CIRCLE('',#2500,1.85);
#2500 = AXIS2_PLACEMENT_3D('',#2501,#2502,#2503);
#2501 = CARTESIAN_POINT('',(27.,-52.8,11.6));
#2502 = DIRECTION('',(0.,0.,1.));
#2503 = DIRECTION('',(1.,0.,0.));
#2504 = ORIENTED_EDGE('',*,*,#2505,.T.);
#2505 = EDGE_CURVE('',#2497,#1175,#2506,.T.);
#2506 = CIRCLE('',#2507,1.85);
#2507 = AXIS2_PLACEMENT_3D('',#2508,#2509,#2510);
#2508 = CARTESIAN_POINT('',(27.,-52.8,11.6));
#2509 = DIRECTION('',(0.,0.,1.));
#2510 = DIRECTION('',(1.,0.,0.));
#2511 = ORIENTED_EDGE('',*,*,#1174,.T.);
#2512 = ORIENTED_EDGE('',*,*,#2469,.F.);
#2513 = ORIENTED_EDGE('',*,*,#2320,.F.);
#2514 = CYLINDRICAL_SURFACE('',#2515,1.85);
#2515 = AXIS2_PLACEMENT_3D('',#2516,#2517,#2518);
#2516 = CARTESIAN_POINT('',(27.,-52.8,6.3));
#2517 = DIRECTION('',(-0.,-0.,-1.));
#2518 = DIRECTION('',(1.,0.,0.));
#2519 = ADVANCED_FACE('',(#2520),#2525,.T.);
#2520 = FACE_BOUND('',#2521,.T.);
#2521 = EDGE_LOOP('',(#2522,#2523,#2524));
#2522 = ORIENTED_EDGE('',*,*,#2496,.T.);
#2523 = ORIENTED_EDGE('',*,*,#2505,.T.);
#2524 = ORIENTED_EDGE('',*,*,#1182,.F.);
#2525 = PLANE('',#2526);
#2526 = AXIS2_PLACEMENT_3D('',#2527,#2528,#2529);
#2527 = CARTESIAN_POINT('',(27.,-52.8,11.6));
#2528 = DIRECTION('',(0.,0.,1.));
#2529 = DIRECTION('',(1.,0.,0.));
#2530 = ADVANCED_FACE('',(#2531),#2534,.F.);
#2531 = FACE_BOUND('',#2532,.T.);
#2532 = EDGE_LOOP('',(#2533));
#2533 = ORIENTED_EDGE('',*,*,#1347,.F.);
#2534 = PLANE('',#2535);
#2535 = AXIS2_PLACEMENT_3D('',#2536,#2537,#2538);
#2536 = CARTESIAN_POINT('',(37.2,-64.7,6.8));
#2537 = DIRECTION('',(0.,0.,1.));
#2538 = DIRECTION('',(1.,0.,0.));
#2539 = ADVANCED_FACE('',(#2540),#2551,.F.);
#2540 = FACE_BOUND('',#2541,.F.);
#2541 = EDGE_LOOP('',(#2542,#2548,#2549,#2550));
#2542 = ORIENTED_EDGE('',*,*,#2543,.F.);
#2543 = EDGE_CURVE('',#1481,#1417,#2544,.T.);
#2544 = LINE('',#2545,#2546);
#2545 = CARTESIAN_POINT('',(30.7,-20.,11.8));
#2546 = VECTOR('',#2547,1.);
#2547 = DIRECTION('',(0.,1.,0.));
#2548 = ORIENTED_EDGE('',*,*,#1480,.F.);
#2549 = ORIENTED_EDGE('',*,*,#1446,.T.);
#2550 = ORIENTED_EDGE('',*,*,#1424,.T.);
#2551 = PLANE('',#2552);
#2552 = AXIS2_PLACEMENT_3D('',#2553,#2554,#2555);
#2553 = CARTESIAN_POINT('',(30.7,-20.,11.8));
#2554 = DIRECTION('',(0.,0.,1.));
#2555 = DIRECTION('',(1.,0.,0.));
#2556 = ADVANCED_FACE('',(#2557),#2563,.T.);
#2557 = FACE_BOUND('',#2558,.T.);
#2558 = EDGE_LOOP('',(#2559,#2560,#2561,#2562));
#2559 = ORIENTED_EDGE('',*,*,#2543,.F.);
#2560 = ORIENTED_EDGE('',*,*,#1488,.F.);
#2561 = ORIENTED_EDGE('',*,*,#2334,.T.);
#2562 = ORIENTED_EDGE('',*,*,#1416,.T.);
#2563 = PLANE('',#2564);
#2564 = AXIS2_PLACEMENT_3D('',#2565,#2566,#2567);
#2565 = CARTESIAN_POINT('',(30.7,-20.,6.2));
#2566 = DIRECTION('',(1.,0.,0.));
#2567 = DIRECTION('',(0.,0.,1.));
#2568 = ADVANCED_FACE('',(#2569),#2588,.F.);
#2569 = FACE_BOUND('',#2570,.F.);
#2570 = EDGE_LOOP('',(#2571,#2579,#2585,#2586,#2587));
#2571 = ORIENTED_EDGE('',*,*,#2572,.F.);
#2572 = EDGE_CURVE('',#2573,#1505,#2575,.T.);
#2573 = VERTEX_POINT('',#2574);
#2574 = CARTESIAN_POINT('',(27.4,-12.20144719576,12.1));
#2575 = LINE('',#2576,#2577);
#2576 = CARTESIAN_POINT('',(27.4,-48.1,12.1));
#2577 = VECTOR('',#2578,1.);
#2578 = DIRECTION('',(0.,1.,0.));
#2579 = ORIENTED_EDGE('',*,*,#2580,.T.);
#2580 = EDGE_CURVE('',#2573,#1561,#2581,.T.);
#2581 = LINE('',#2582,#2583);
#2582 = CARTESIAN_POINT('',(26.461592268837,-12.24754821139,12.1));
#2583 = VECTOR('',#2584,1.);
#2584 = DIRECTION('',(0.998795456205,4.906767432741E-02,0.));
#2585 = ORIENTED_EDGE('',*,*,#1560,.T.);
#2586 = ORIENTED_EDGE('',*,*,#1526,.T.);
#2587 = ORIENTED_EDGE('',*,*,#1512,.F.);
#2588 = PLANE('',#2589);
#2589 = AXIS2_PLACEMENT_3D('',#2590,#2591,#2592);
#2590 = CARTESIAN_POINT('',(27.4,-48.1,12.1));
#2591 = DIRECTION('',(0.,0.,1.));
#2592 = DIRECTION('',(1.,0.,0.));
#2593 = ADVANCED_FACE('',(#2594),#2605,.T.);
#2594 = FACE_BOUND('',#2595,.T.);
#2595 = EDGE_LOOP('',(#2596,#2597,#2603,#2604));
#2596 = ORIENTED_EDGE('',*,*,#2572,.F.);
#2597 = ORIENTED_EDGE('',*,*,#2598,.T.);
#2598 = EDGE_CURVE('',#2573,#2342,#2599,.T.);
#2599 = LINE('',#2600,#2601);
#2600 = CARTESIAN_POINT('',(27.4,-12.20144719576,5.9));
#2601 = VECTOR('',#2602,1.);
#2602 = DIRECTION('',(0.,0.,-1.));
#2603 = ORIENTED_EDGE('',*,*,#2341,.T.);
#2604 = ORIENTED_EDGE('',*,*,#1504,.T.);
#2605 = PLANE('',#2606);
#2606 = AXIS2_PLACEMENT_3D('',#2607,#2608,#2609);
#2607 = CARTESIAN_POINT('',(27.4,-48.1,5.6));
#2608 = DIRECTION('',(1.,0.,0.));
#2609 = DIRECTION('',(0.,0.,1.));
#2610 = ADVANCED_FACE('',(#2611),#2624,.F.);
#2611 = FACE_BOUND('',#2612,.F.);
#2612 = EDGE_LOOP('',(#2613,#2614,#2615,#2621,#2622,#2623));
#2613 = ORIENTED_EDGE('',*,*,#2598,.T.);
#2614 = ORIENTED_EDGE('',*,*,#2349,.T.);
#2615 = ORIENTED_EDGE('',*,*,#2616,.T.);
#2616 = EDGE_CURVE('',#2350,#2078,#2617,.T.);
#2617 = LINE('',#2618,#2619);
#2618 = CARTESIAN_POINT('',(27.282521281595,-12.20721855511,6.2));
#2619 = VECTOR('',#2620,1.);
#2620 = DIRECTION('',(0.,0.,1.));
#2621 = ORIENTED_EDGE('',*,*,#2077,.T.);
#2622 = ORIENTED_EDGE('',*,*,#1568,.F.);
#2623 = ORIENTED_EDGE('',*,*,#2580,.F.);
#2624 = PLANE('',#2625);
#2625 = AXIS2_PLACEMENT_3D('',#2626,#2627,#2628);
#2626 = CARTESIAN_POINT('',(27.282521281595,-12.20721855511,6.2));
#2627 = DIRECTION('',(-4.906767432741E-02,0.998795456205,0.));
#2628 = DIRECTION('',(0.998795456205,4.906767432741E-02,0.));
#2629 = ADVANCED_FACE('',(#2630),#2634,.T.);
#2630 = FACE_BOUND('',#2631,.T.);
#2631 = EDGE_LOOP('',(#2632,#2633));
#2632 = ORIENTED_EDGE('',*,*,#1655,.F.);
#2633 = ORIENTED_EDGE('',*,*,#1687,.T.);
#2634 = PLANE('',#2635);
#2635 = AXIS2_PLACEMENT_3D('',#2636,#2637,#2638);
#2636 = CARTESIAN_POINT('',(47.,-52.8,11.6));
#2637 = DIRECTION('',(0.,0.,1.));
#2638 = DIRECTION('',(1.,0.,0.));
#2639 = ADVANCED_FACE('',(#2640),#2643,.F.);
#2640 = FACE_BOUND('',#2641,.T.);
#2641 = EDGE_LOOP('',(#2642));
#2642 = ORIENTED_EDGE('',*,*,#1753,.F.);
#2643 = PLANE('',#2644);
#2644 = AXIS2_PLACEMENT_3D('',#2645,#2646,#2647);
#2645 = CARTESIAN_POINT('',(47.,-52.8,6.8));
#2646 = DIRECTION('',(0.,0.,1.));
#2647 = DIRECTION('',(1.,0.,0.));
#2648 = ADVANCED_FACE('',(#2649),#2660,.T.);
#2649 = FACE_BOUND('',#2650,.T.);
#2650 = EDGE_LOOP('',(#2651,#2652,#2653,#2654,#2655,#2656,#2657,#2658,
    #2659));
#2651 = ORIENTED_EDGE('',*,*,#1869,.F.);
#2652 = ORIENTED_EDGE('',*,*,#1861,.F.);
#2653 = ORIENTED_EDGE('',*,*,#1853,.F.);
#2654 = ORIENTED_EDGE('',*,*,#1828,.F.);
#2655 = ORIENTED_EDGE('',*,*,#1820,.F.);
#2656 = ORIENTED_EDGE('',*,*,#1812,.F.);
#2657 = ORIENTED_EDGE('',*,*,#1804,.F.);
#2658 = ORIENTED_EDGE('',*,*,#1796,.F.);
#2659 = ORIENTED_EDGE('',*,*,#1877,.F.);
#2660 = PLANE('',#2661);
#2661 = AXIS2_PLACEMENT_3D('',#2662,#2663,#2664);
#2662 = CARTESIAN_POINT('',(37.043312569837,-39.09787768044,13.59));
#2663 = DIRECTION('',(0.,0.,1.));
#2664 = DIRECTION('',(1.,0.,0.));
#2665 = ADVANCED_FACE('',(#2666),#2691,.F.);
#2666 = FACE_BOUND('',#2667,.F.);
#2667 = EDGE_LOOP('',(#2668,#2676,#2684,#2690));
#2668 = ORIENTED_EDGE('',*,*,#2669,.F.);
#2669 = EDGE_CURVE('',#2670,#2010,#2672,.T.);
#2670 = VERTEX_POINT('',#2671);
#2671 = CARTESIAN_POINT('',(43.95,-49.05,12.725));
#2672 = LINE('',#2673,#2674);
#2673 = CARTESIAN_POINT('',(43.95,-49.05,12.39));
#2674 = VECTOR('',#2675,1.);
#2675 = DIRECTION('',(0.,0.,1.));
#2676 = ORIENTED_EDGE('',*,*,#2677,.T.);
#2677 = EDGE_CURVE('',#2670,#2678,#2680,.T.);
#2678 = VERTEX_POINT('',#2679);
#2679 = CARTESIAN_POINT('',(43.95,-18.55,12.725));
#2680 = LINE('',#2681,#2682);
#2681 = CARTESIAN_POINT('',(43.95,-51.025,12.725));
#2682 = VECTOR('',#2683,1.);
#2683 = DIRECTION('',(0.,1.,0.));
#2684 = ORIENTED_EDGE('',*,*,#2685,.T.);
#2685 = EDGE_CURVE('',#2678,#2012,#2686,.T.);
#2686 = LINE('',#2687,#2688);
#2687 = CARTESIAN_POINT('',(43.95,-18.55,12.39));
#2688 = VECTOR('',#2689,1.);
#2689 = DIRECTION('',(0.,0.,1.));
#2690 = ORIENTED_EDGE('',*,*,#2009,.F.);
#2691 = PLANE('',#2692);
#2692 = AXIS2_PLACEMENT_3D('',#2693,#2694,#2695);
#2693 = CARTESIAN_POINT('',(43.95,-49.05,12.39));
#2694 = DIRECTION('',(1.,0.,0.));
#2695 = DIRECTION('',(0.,0.,1.));
#2696 = ADVANCED_FACE('',(#2697),#2715,.F.);
#2697 = FACE_BOUND('',#2698,.F.);
#2698 = EDGE_LOOP('',(#2699,#2700,#2708,#2714));
#2699 = ORIENTED_EDGE('',*,*,#2685,.F.);
#2700 = ORIENTED_EDGE('',*,*,#2701,.T.);
#2701 = EDGE_CURVE('',#2678,#2702,#2704,.T.);
#2702 = VERTEX_POINT('',#2703);
#2703 = CARTESIAN_POINT('',(30.05,-18.55,12.725));
#2704 = LINE('',#2705,#2706);
#2705 = CARTESIAN_POINT('',(29.55,-18.55,12.725));
#2706 = VECTOR('',#2707,1.);
#2707 = DIRECTION('',(-1.,0.,0.));
#2708 = ORIENTED_EDGE('',*,*,#2709,.T.);
#2709 = EDGE_CURVE('',#2702,#2028,#2710,.T.);
#2710 = LINE('',#2711,#2712);
#2711 = CARTESIAN_POINT('',(30.05,-18.55,12.39));
#2712 = VECTOR('',#2713,1.);
#2713 = DIRECTION('',(0.,0.,1.));
#2714 = ORIENTED_EDGE('',*,*,#2035,.F.);
#2715 = PLANE('',#2716);
#2716 = AXIS2_PLACEMENT_3D('',#2717,#2718,#2719);
#2717 = CARTESIAN_POINT('',(30.05,-18.55,12.39));
#2718 = DIRECTION('',(0.,1.,0.));
#2719 = DIRECTION('',(0.,0.,1.));
#2720 = ADVANCED_FACE('',(#2721),#2739,.T.);
#2721 = FACE_BOUND('',#2722,.T.);
#2722 = EDGE_LOOP('',(#2723,#2731,#2737,#2738));
#2723 = ORIENTED_EDGE('',*,*,#2724,.F.);
#2724 = EDGE_CURVE('',#2725,#2020,#2727,.T.);
#2725 = VERTEX_POINT('',#2726);
#2726 = CARTESIAN_POINT('',(30.05,-49.05,12.725));
#2727 = LINE('',#2728,#2729);
#2728 = CARTESIAN_POINT('',(30.05,-49.05,12.39));
#2729 = VECTOR('',#2730,1.);
#2730 = DIRECTION('',(0.,0.,1.));
#2731 = ORIENTED_EDGE('',*,*,#2732,.T.);
#2732 = EDGE_CURVE('',#2725,#2702,#2733,.T.);
#2733 = LINE('',#2734,#2735);
#2734 = CARTESIAN_POINT('',(30.05,-51.025,12.725));
#2735 = VECTOR('',#2736,1.);
#2736 = DIRECTION('',(0.,1.,0.));
#2737 = ORIENTED_EDGE('',*,*,#2709,.T.);
#2738 = ORIENTED_EDGE('',*,*,#2027,.F.);
#2739 = PLANE('',#2740);
#2740 = AXIS2_PLACEMENT_3D('',#2741,#2742,#2743);
#2741 = CARTESIAN_POINT('',(30.05,-49.05,12.39));
#2742 = DIRECTION('',(1.,0.,0.));
#2743 = DIRECTION('',(0.,0.,1.));
#2744 = ADVANCED_FACE('',(#2745),#2756,.T.);
#2745 = FACE_BOUND('',#2746,.T.);
#2746 = EDGE_LOOP('',(#2747,#2748,#2754,#2755));
#2747 = ORIENTED_EDGE('',*,*,#2669,.F.);
#2748 = ORIENTED_EDGE('',*,*,#2749,.T.);
#2749 = EDGE_CURVE('',#2670,#2725,#2750,.T.);
#2750 = LINE('',#2751,#2752);
#2751 = CARTESIAN_POINT('',(29.55,-49.05,12.725));
#2752 = VECTOR('',#2753,1.);
#2753 = DIRECTION('',(-1.,0.,0.));
#2754 = ORIENTED_EDGE('',*,*,#2724,.T.);
#2755 = ORIENTED_EDGE('',*,*,#2019,.F.);
#2756 = PLANE('',#2757);
#2757 = AXIS2_PLACEMENT_3D('',#2758,#2759,#2760);
#2758 = CARTESIAN_POINT('',(30.05,-49.05,12.39));
#2759 = DIRECTION('',(0.,1.,0.));
#2760 = DIRECTION('',(0.,0.,1.));
#2761 = ADVANCED_FACE('',(#2762),#2773,.F.);
#2762 = FACE_BOUND('',#2763,.F.);
#2763 = EDGE_LOOP('',(#2764,#2765,#2771,#2772));
#2764 = ORIENTED_EDGE('',*,*,#2357,.T.);
#2765 = ORIENTED_EDGE('',*,*,#2766,.T.);
#2766 = EDGE_CURVE('',#2358,#2086,#2767,.T.);
#2767 = LINE('',#2768,#2769);
#2768 = CARTESIAN_POINT('',(27.166173947468,-12.22447705182,6.2));
#2769 = VECTOR('',#2770,1.);
#2770 = DIRECTION('',(0.,0.,1.));
#2771 = ORIENTED_EDGE('',*,*,#2085,.T.);
#2772 = ORIENTED_EDGE('',*,*,#2616,.F.);
#2773 = PLANE('',#2774);
#2774 = AXIS2_PLACEMENT_3D('',#2775,#2776,#2777);
#2775 = CARTESIAN_POINT('',(27.166173947468,-12.22447705182,6.2));
#2776 = DIRECTION('',(-0.146730474455,0.989176509965,0.));
#2777 = DIRECTION('',(0.989176509965,0.146730474455,0.));
#2778 = ADVANCED_FACE('',(#2779),#2790,.F.);
#2779 = FACE_BOUND('',#2780,.F.);
#2780 = EDGE_LOOP('',(#2781,#2782,#2788,#2789));
#2781 = ORIENTED_EDGE('',*,*,#2365,.T.);
#2782 = ORIENTED_EDGE('',*,*,#2783,.T.);
#2783 = EDGE_CURVE('',#2366,#2094,#2784,.T.);
#2784 = LINE('',#2785,#2786);
#2785 = CARTESIAN_POINT('',(27.05207848605,-12.25305647712,6.2));
#2786 = VECTOR('',#2787,1.);
#2787 = DIRECTION('',(0.,0.,1.));
#2788 = ORIENTED_EDGE('',*,*,#2093,.T.);
#2789 = ORIENTED_EDGE('',*,*,#2766,.F.);
#2790 = PLANE('',#2791);
#2791 = AXIS2_PLACEMENT_3D('',#2792,#2793,#2794);
#2792 = CARTESIAN_POINT('',(27.05207848605,-12.25305647712,6.2));
#2793 = DIRECTION('',(-0.242980179903,0.970031253195,0.));
#2794 = DIRECTION('',(0.970031253195,0.242980179903,0.));
#2795 = ADVANCED_FACE('',(#2796),#2807,.F.);
#2796 = FACE_BOUND('',#2797,.F.);
#2797 = EDGE_LOOP('',(#2798,#2799,#2805,#2806));
#2798 = ORIENTED_EDGE('',*,*,#2373,.T.);
#2799 = ORIENTED_EDGE('',*,*,#2800,.T.);
#2800 = EDGE_CURVE('',#2374,#2102,#2801,.T.);
#2801 = LINE('',#2802,#2803);
#2802 = CARTESIAN_POINT('',(26.941333699004,-12.29268159553,6.2));
#2803 = VECTOR('',#2804,1.);
#2804 = DIRECTION('',(0.,0.,1.));
#2805 = ORIENTED_EDGE('',*,*,#2101,.T.);
#2806 = ORIENTED_EDGE('',*,*,#2783,.F.);
#2807 = PLANE('',#2808);
#2808 = AXIS2_PLACEMENT_3D('',#2809,#2810,#2811);
#2809 = CARTESIAN_POINT('',(26.941333699004,-12.29268159553,6.2));
#2810 = DIRECTION('',(-0.336889853392,0.941544065183,0.));
#2811 = DIRECTION('',(0.941544065183,0.336889853392,0.));
#2812 = ADVANCED_FACE('',(#2813),#2824,.F.);
#2813 = FACE_BOUND('',#2814,.F.);
#2814 = EDGE_LOOP('',(#2815,#2816,#2822,#2823));
#2815 = ORIENTED_EDGE('',*,*,#2381,.T.);
#2816 = ORIENTED_EDGE('',*,*,#2817,.T.);
#2817 = EDGE_CURVE('',#2382,#2110,#2818,.T.);
#2818 = LINE('',#2819,#2820);
#2819 = CARTESIAN_POINT('',(26.83500611917,-12.3429707955,6.2));
#2820 = VECTOR('',#2821,1.);
#2821 = DIRECTION('',(0.,0.,1.));
#2822 = ORIENTED_EDGE('',*,*,#2109,.T.);
#2823 = ORIENTED_EDGE('',*,*,#2800,.F.);
#2824 = PLANE('',#2825);
#2825 = AXIS2_PLACEMENT_3D('',#2826,#2827,#2828);
#2826 = CARTESIAN_POINT('',(26.83500611917,-12.3429707955,6.2));
#2827 = DIRECTION('',(-0.42755509343,0.903989293123,0.));
#2828 = DIRECTION('',(0.903989293123,0.42755509343,0.));
#2829 = ADVANCED_FACE('',(#2830),#2841,.F.);
#2830 = FACE_BOUND('',#2831,.F.);
#2831 = EDGE_LOOP('',(#2832,#2833,#2834,#2835));
#2832 = ORIENTED_EDGE('',*,*,#2461,.T.);
#2833 = ORIENTED_EDGE('',*,*,#2272,.T.);
#2834 = ORIENTED_EDGE('',*,*,#2189,.T.);
#2835 = ORIENTED_EDGE('',*,*,#2836,.F.);
#2836 = EDGE_CURVE('',#2454,#2182,#2837,.T.);
#2837 = LINE('',#2838,#2839);
#2838 = CARTESIAN_POINT('',(26.22447705182,-13.16617394746,6.2));
#2839 = VECTOR('',#2840,1.);
#2840 = DIRECTION('',(0.,0.,1.));
#2841 = PLANE('',#2842);
#2842 = AXIS2_PLACEMENT_3D('',#2843,#2844,#2845);
#2843 = CARTESIAN_POINT('',(26.207218555115,-13.28252128159,6.2));
#2844 = DIRECTION('',(-0.989176509965,0.146730474455,0.));
#2845 = DIRECTION('',(0.146730474455,0.989176509965,0.));
#2846 = ADVANCED_FACE('',(#2847),#2858,.F.);
#2847 = FACE_BOUND('',#2848,.F.);
#2848 = EDGE_LOOP('',(#2849,#2850,#2856,#2857));
#2849 = ORIENTED_EDGE('',*,*,#2389,.T.);
#2850 = ORIENTED_EDGE('',*,*,#2851,.T.);
#2851 = EDGE_CURVE('',#2390,#2118,#2852,.T.);
#2852 = LINE('',#2853,#2854);
#2853 = CARTESIAN_POINT('',(26.734119739265,-12.40343976453,6.2));
#2854 = VECTOR('',#2855,1.);
#2855 = DIRECTION('',(0.,0.,1.));
#2856 = ORIENTED_EDGE('',*,*,#2117,.T.);
#2857 = ORIENTED_EDGE('',*,*,#2817,.F.);
#2858 = PLANE('',#2859);
#2859 = AXIS2_PLACEMENT_3D('',#2860,#2861,#2862);
#2860 = CARTESIAN_POINT('',(26.734119739265,-12.40343976453,6.2));
#2861 = DIRECTION('',(-0.514102744193,0.85772861,0.));
#2862 = DIRECTION('',(0.85772861,0.514102744193,0.));
#2863 = ADVANCED_FACE('',(#2864),#2875,.F.);
#2864 = FACE_BOUND('',#2865,.F.);
#2865 = EDGE_LOOP('',(#2866,#2867,#2868,#2869));
#2866 = ORIENTED_EDGE('',*,*,#2453,.T.);
#2867 = ORIENTED_EDGE('',*,*,#2836,.T.);
#2868 = ORIENTED_EDGE('',*,*,#2181,.T.);
#2869 = ORIENTED_EDGE('',*,*,#2870,.F.);
#2870 = EDGE_CURVE('',#2446,#2174,#2871,.T.);
#2871 = LINE('',#2872,#2873);
#2872 = CARTESIAN_POINT('',(26.253056477122,-13.05207848605,6.2));
#2873 = VECTOR('',#2874,1.);
#2874 = DIRECTION('',(0.,0.,1.));
#2875 = PLANE('',#2876);
#2876 = AXIS2_PLACEMENT_3D('',#2877,#2878,#2879);
#2877 = CARTESIAN_POINT('',(26.22447705182,-13.16617394746,6.2));
#2878 = DIRECTION('',(-0.970031253195,0.242980179903,0.));
#2879 = DIRECTION('',(0.242980179903,0.970031253195,0.));
#2880 = ADVANCED_FACE('',(#2881),#2892,.F.);
#2881 = FACE_BOUND('',#2882,.F.);
#2882 = EDGE_LOOP('',(#2883,#2884,#2890,#2891));
#2883 = ORIENTED_EDGE('',*,*,#2397,.T.);
#2884 = ORIENTED_EDGE('',*,*,#2885,.T.);
#2885 = EDGE_CURVE('',#2398,#2126,#2886,.T.);
#2886 = LINE('',#2887,#2888);
#2887 = CARTESIAN_POINT('',(26.639646150277,-12.47350615341,6.2));
#2888 = VECTOR('',#2889,1.);
#2889 = DIRECTION('',(0.,0.,1.));
#2890 = ORIENTED_EDGE('',*,*,#2125,.T.);
#2891 = ORIENTED_EDGE('',*,*,#2851,.F.);
#2892 = PLANE('',#2893);
#2893 = AXIS2_PLACEMENT_3D('',#2894,#2895,#2896);
#2894 = CARTESIAN_POINT('',(26.639646150277,-12.47350615341,6.2));
#2895 = DIRECTION('',(-0.595699304492,0.803207531481,0.));
#2896 = DIRECTION('',(0.803207531481,0.595699304492,0.));
#2897 = ADVANCED_FACE('',(#2898),#2909,.F.);
#2898 = FACE_BOUND('',#2899,.F.);
#2899 = EDGE_LOOP('',(#2900,#2901,#2902,#2903));
#2900 = ORIENTED_EDGE('',*,*,#2445,.T.);
#2901 = ORIENTED_EDGE('',*,*,#2870,.T.);
#2902 = ORIENTED_EDGE('',*,*,#2173,.T.);
#2903 = ORIENTED_EDGE('',*,*,#2904,.F.);
#2904 = EDGE_CURVE('',#2438,#2166,#2905,.T.);
#2905 = LINE('',#2906,#2907);
#2906 = CARTESIAN_POINT('',(26.292681595533,-12.941333699,6.2));
#2907 = VECTOR('',#2908,1.);
#2908 = DIRECTION('',(0.,0.,1.));
#2909 = PLANE('',#2910);
#2910 = AXIS2_PLACEMENT_3D('',#2911,#2912,#2913);
#2911 = CARTESIAN_POINT('',(26.253056477122,-13.05207848605,6.2));
#2912 = DIRECTION('',(-0.941544065183,0.336889853392,0.));
#2913 = DIRECTION('',(0.336889853392,0.941544065183,0.));
#2914 = ADVANCED_FACE('',(#2915),#2926,.F.);
#2915 = FACE_BOUND('',#2916,.F.);
#2916 = EDGE_LOOP('',(#2917,#2918,#2924,#2925));
#2917 = ORIENTED_EDGE('',*,*,#2405,.T.);
#2918 = ORIENTED_EDGE('',*,*,#2919,.T.);
#2919 = EDGE_CURVE('',#2406,#2134,#2920,.T.);
#2920 = LINE('',#2921,#2922);
#2921 = CARTESIAN_POINT('',(26.552495184515,-12.55249518451,6.2));
#2922 = VECTOR('',#2923,1.);
#2923 = DIRECTION('',(0.,0.,1.));
#2924 = ORIENTED_EDGE('',*,*,#2133,.T.);
#2925 = ORIENTED_EDGE('',*,*,#2885,.F.);
#2926 = PLANE('',#2927);
#2927 = AXIS2_PLACEMENT_3D('',#2928,#2929,#2930);
#2928 = CARTESIAN_POINT('',(26.552495184515,-12.55249518451,6.2));
#2929 = DIRECTION('',(-0.671558954847,0.740951125355,0.));
#2930 = DIRECTION('',(0.740951125355,0.671558954847,0.));
#2931 = ADVANCED_FACE('',(#2932),#2943,.F.);
#2932 = FACE_BOUND('',#2933,.F.);
#2933 = EDGE_LOOP('',(#2934,#2935,#2936,#2937));
#2934 = ORIENTED_EDGE('',*,*,#2437,.T.);
#2935 = ORIENTED_EDGE('',*,*,#2904,.T.);
#2936 = ORIENTED_EDGE('',*,*,#2165,.T.);
#2937 = ORIENTED_EDGE('',*,*,#2938,.F.);
#2938 = EDGE_CURVE('',#2430,#2158,#2939,.T.);
#2939 = LINE('',#2940,#2941);
#2940 = CARTESIAN_POINT('',(26.3429707955,-12.83500611917,6.2));
#2941 = VECTOR('',#2942,1.);
#2942 = DIRECTION('',(0.,0.,1.));
#2943 = PLANE('',#2944);
#2944 = AXIS2_PLACEMENT_3D('',#2945,#2946,#2947);
#2945 = CARTESIAN_POINT('',(26.292681595533,-12.941333699,6.2));
#2946 = DIRECTION('',(-0.903989293123,0.42755509343,0.));
#2947 = DIRECTION('',(0.42755509343,0.903989293123,0.));
#2948 = ADVANCED_FACE('',(#2949),#2960,.F.);
#2949 = FACE_BOUND('',#2950,.F.);
#2950 = EDGE_LOOP('',(#2951,#2952,#2958,#2959));
#2951 = ORIENTED_EDGE('',*,*,#2413,.T.);
#2952 = ORIENTED_EDGE('',*,*,#2953,.T.);
#2953 = EDGE_CURVE('',#2414,#2142,#2954,.T.);
#2954 = LINE('',#2955,#2956);
#2955 = CARTESIAN_POINT('',(26.473506153419,-12.63964615027,6.2));
#2956 = VECTOR('',#2957,1.);
#2957 = DIRECTION('',(0.,0.,1.));
#2958 = ORIENTED_EDGE('',*,*,#2141,.T.);
#2959 = ORIENTED_EDGE('',*,*,#2919,.F.);
#2960 = PLANE('',#2961);
#2961 = AXIS2_PLACEMENT_3D('',#2962,#2963,#2964);
#2962 = CARTESIAN_POINT('',(26.473506153419,-12.63964615027,6.2));
#2963 = DIRECTION('',(-0.740951125355,0.671558954847,0.));
#2964 = DIRECTION('',(0.671558954847,0.740951125355,0.));
#2965 = ADVANCED_FACE('',(#2966),#2977,.F.);
#2966 = FACE_BOUND('',#2967,.F.);
#2967 = EDGE_LOOP('',(#2968,#2969,#2970,#2971));
#2968 = ORIENTED_EDGE('',*,*,#2429,.T.);
#2969 = ORIENTED_EDGE('',*,*,#2938,.T.);
#2970 = ORIENTED_EDGE('',*,*,#2157,.T.);
#2971 = ORIENTED_EDGE('',*,*,#2972,.F.);
#2972 = EDGE_CURVE('',#2422,#2150,#2973,.T.);
#2973 = LINE('',#2974,#2975);
#2974 = CARTESIAN_POINT('',(26.403439764538,-12.73411973926,6.2));
#2975 = VECTOR('',#2976,1.);
#2976 = DIRECTION('',(0.,0.,1.));
#2977 = PLANE('',#2978);
#2978 = AXIS2_PLACEMENT_3D('',#2979,#2980,#2981);
#2979 = CARTESIAN_POINT('',(26.3429707955,-12.83500611917,6.2));
#2980 = DIRECTION('',(-0.85772861,0.514102744193,0.));
#2981 = DIRECTION('',(0.514102744193,0.85772861,0.));
#2982 = ADVANCED_FACE('',(#2983),#2989,.F.);
#2983 = FACE_BOUND('',#2984,.F.);
#2984 = EDGE_LOOP('',(#2985,#2986,#2987,#2988));
#2985 = ORIENTED_EDGE('',*,*,#2421,.T.);
#2986 = ORIENTED_EDGE('',*,*,#2972,.T.);
#2987 = ORIENTED_EDGE('',*,*,#2149,.T.);
#2988 = ORIENTED_EDGE('',*,*,#2953,.F.);
#2989 = PLANE('',#2990);
#2990 = AXIS2_PLACEMENT_3D('',#2991,#2992,#2993);
#2991 = CARTESIAN_POINT('',(26.403439764538,-12.73411973926,6.2));
#2992 = DIRECTION('',(-0.803207531481,0.595699304492,0.));
#2993 = DIRECTION('',(0.595699304492,0.803207531481,0.));
#2994 = ADVANCED_FACE('',(#2995),#3020,.T.);
#2995 = FACE_BOUND('',#2996,.T.);
#2996 = EDGE_LOOP('',(#2997,#3005,#3006,#3014));
#2997 = ORIENTED_EDGE('',*,*,#2998,.F.);
#2998 = EDGE_CURVE('',#2212,#2999,#3001,.T.);
#2999 = VERTEX_POINT('',#3000);
#3000 = CARTESIAN_POINT('',(44.95,-53.,12.725));
#3001 = LINE('',#3002,#3003);
#3002 = CARTESIAN_POINT('',(44.95,-53.,10.9));
#3003 = VECTOR('',#3004,1.);
#3004 = DIRECTION('',(0.,0.,1.));
#3005 = ORIENTED_EDGE('',*,*,#2211,.T.);
#3006 = ORIENTED_EDGE('',*,*,#3007,.T.);
#3007 = EDGE_CURVE('',#2214,#3008,#3010,.T.);
#3008 = VERTEX_POINT('',#3009);
#3009 = CARTESIAN_POINT('',(29.05,-53.,12.725));
#3010 = LINE('',#3011,#3012);
#3011 = CARTESIAN_POINT('',(29.05,-53.,10.9));
#3012 = VECTOR('',#3013,1.);
#3013 = DIRECTION('',(0.,0.,1.));
#3014 = ORIENTED_EDGE('',*,*,#3015,.T.);
#3015 = EDGE_CURVE('',#3008,#2999,#3016,.T.);
#3016 = LINE('',#3017,#3018);
#3017 = CARTESIAN_POINT('',(29.05,-53.,12.725));
#3018 = VECTOR('',#3019,1.);
#3019 = DIRECTION('',(1.,0.,0.));
#3020 = PLANE('',#3021);
#3021 = AXIS2_PLACEMENT_3D('',#3022,#3023,#3024);
#3022 = CARTESIAN_POINT('',(29.05,-53.,10.9));
#3023 = DIRECTION('',(0.,1.,0.));
#3024 = DIRECTION('',(0.,0.,1.));
#3025 = ADVANCED_FACE('',(#3026),#3060,.T.);
#3026 = FACE_BOUND('',#3027,.T.);
#3027 = EDGE_LOOP('',(#3028,#3036,#3044,#3052,#3058,#3059));
#3028 = ORIENTED_EDGE('',*,*,#3029,.T.);
#3029 = EDGE_CURVE('',#2999,#3030,#3032,.T.);
#3030 = VERTEX_POINT('',#3031);
#3031 = CARTESIAN_POINT('',(44.95,-51.23174242292,12.725));
#3032 = LINE('',#3033,#3034);
#3033 = CARTESIAN_POINT('',(44.95,-53.,12.725));
#3034 = VECTOR('',#3035,1.);
#3035 = DIRECTION('',(0.,1.,0.));
#3036 = ORIENTED_EDGE('',*,*,#3037,.T.);
#3037 = EDGE_CURVE('',#3030,#3038,#3040,.T.);
#3038 = VERTEX_POINT('',#3039);
#3039 = CARTESIAN_POINT('',(44.95,-16.36825757707,12.725));
#3040 = LINE('',#3041,#3042);
#3041 = CARTESIAN_POINT('',(44.95,-53.,12.725));
#3042 = VECTOR('',#3043,1.);
#3043 = DIRECTION('',(0.,1.,0.));
#3044 = ORIENTED_EDGE('',*,*,#3045,.T.);
#3045 = EDGE_CURVE('',#3038,#3046,#3048,.T.);
#3046 = VERTEX_POINT('',#3047);
#3047 = CARTESIAN_POINT('',(44.95,-15.1,12.725));
#3048 = LINE('',#3049,#3050);
#3049 = CARTESIAN_POINT('',(44.95,-53.,12.725));
#3050 = VECTOR('',#3051,1.);
#3051 = DIRECTION('',(0.,1.,0.));
#3052 = ORIENTED_EDGE('',*,*,#3053,.F.);
#3053 = EDGE_CURVE('',#2230,#3046,#3054,.T.);
#3054 = LINE('',#3055,#3056);
#3055 = CARTESIAN_POINT('',(44.95,-15.1,10.9));
#3056 = VECTOR('',#3057,1.);
#3057 = DIRECTION('',(0.,0.,1.));
#3058 = ORIENTED_EDGE('',*,*,#2237,.F.);
#3059 = ORIENTED_EDGE('',*,*,#2998,.T.);
#3060 = PLANE('',#3061);
#3061 = AXIS2_PLACEMENT_3D('',#3062,#3063,#3064);
#3062 = CARTESIAN_POINT('',(44.95,-34.04701156812,12.671851162639));
#3063 = DIRECTION('',(-1.,-0.,-0.));
#3064 = DIRECTION('',(0.,0.,-1.));
#3065 = ADVANCED_FACE('',(#3066),#3100,.T.);
#3066 = FACE_BOUND('',#3067,.T.);
#3067 = EDGE_LOOP('',(#3068,#3076,#3084,#3092,#3098,#3099));
#3068 = ORIENTED_EDGE('',*,*,#3069,.F.);
#3069 = EDGE_CURVE('',#3070,#3046,#3072,.T.);
#3070 = VERTEX_POINT('',#3071);
#3071 = CARTESIAN_POINT('',(37.994987437107,-15.1,12.725));
#3072 = LINE('',#3073,#3074);
#3073 = CARTESIAN_POINT('',(29.05,-15.1,12.725));
#3074 = VECTOR('',#3075,1.);
#3075 = DIRECTION('',(1.,0.,0.));
#3076 = ORIENTED_EDGE('',*,*,#3077,.F.);
#3077 = EDGE_CURVE('',#3078,#3070,#3080,.T.);
#3078 = VERTEX_POINT('',#3079);
#3079 = CARTESIAN_POINT('',(36.005012562893,-15.1,12.725));
#3080 = LINE('',#3081,#3082);
#3081 = CARTESIAN_POINT('',(29.05,-15.1,12.725));
#3082 = VECTOR('',#3083,1.);
#3083 = DIRECTION('',(1.,0.,0.));
#3084 = ORIENTED_EDGE('',*,*,#3085,.F.);
#3085 = EDGE_CURVE('',#3086,#3078,#3088,.T.);
#3086 = VERTEX_POINT('',#3087);
#3087 = CARTESIAN_POINT('',(29.05,-15.1,12.725));
#3088 = LINE('',#3089,#3090);
#3089 = CARTESIAN_POINT('',(29.05,-15.1,12.725));
#3090 = VECTOR('',#3091,1.);
#3091 = DIRECTION('',(1.,0.,0.));
#3092 = ORIENTED_EDGE('',*,*,#3093,.F.);
#3093 = EDGE_CURVE('',#2222,#3086,#3094,.T.);
#3094 = LINE('',#3095,#3096);
#3095 = CARTESIAN_POINT('',(29.05,-15.1,10.9));
#3096 = VECTOR('',#3097,1.);
#3097 = DIRECTION('',(0.,0.,1.));
#3098 = ORIENTED_EDGE('',*,*,#2229,.F.);
#3099 = ORIENTED_EDGE('',*,*,#3053,.T.);
#3100 = PLANE('',#3101);
#3101 = AXIS2_PLACEMENT_3D('',#3102,#3103,#3104);
#3102 = CARTESIAN_POINT('',(37.,-15.1,12.498634269719));
#3103 = DIRECTION('',(0.,-1.,1.4E-15));
#3104 = DIRECTION('',(0.,-1.4E-15,-1.));
#3105 = ADVANCED_FACE('',(#3106),#3133,.T.);
#3106 = FACE_BOUND('',#3107,.T.);
#3107 = EDGE_LOOP('',(#3108,#3118,#3124,#3125,#3126,#3127));
#3108 = ORIENTED_EDGE('',*,*,#3109,.F.);
#3109 = EDGE_CURVE('',#3110,#3112,#3114,.T.);
#3110 = VERTEX_POINT('',#3111);
#3111 = CARTESIAN_POINT('',(29.05,-51.23174242292,12.725));
#3112 = VERTEX_POINT('',#3113);
#3113 = CARTESIAN_POINT('',(29.05,-16.36825757707,12.725));
#3114 = LINE('',#3115,#3116);
#3115 = CARTESIAN_POINT('',(29.05,-53.,12.725));
#3116 = VECTOR('',#3117,1.);
#3117 = DIRECTION('',(0.,1.,0.));
#3118 = ORIENTED_EDGE('',*,*,#3119,.F.);
#3119 = EDGE_CURVE('',#3008,#3110,#3120,.T.);
#3120 = LINE('',#3121,#3122);
#3121 = CARTESIAN_POINT('',(29.05,-53.,12.725));
#3122 = VECTOR('',#3123,1.);
#3123 = DIRECTION('',(0.,1.,0.));
#3124 = ORIENTED_EDGE('',*,*,#3007,.F.);
#3125 = ORIENTED_EDGE('',*,*,#2221,.T.);
#3126 = ORIENTED_EDGE('',*,*,#3093,.T.);
#3127 = ORIENTED_EDGE('',*,*,#3128,.F.);
#3128 = EDGE_CURVE('',#3112,#3086,#3129,.T.);
#3129 = LINE('',#3130,#3131);
#3130 = CARTESIAN_POINT('',(29.05,-53.,12.725));
#3131 = VECTOR('',#3132,1.);
#3132 = DIRECTION('',(0.,1.,0.));
#3133 = PLANE('',#3134);
#3134 = AXIS2_PLACEMENT_3D('',#3135,#3136,#3137);
#3135 = CARTESIAN_POINT('',(29.05,-34.04701156812,12.671851162639));
#3136 = DIRECTION('',(1.,0.,0.));
#3137 = DIRECTION('',(0.,0.,1.));
#3138 = ADVANCED_FACE('',(#3139),#3158,.F.);
#3139 = FACE_BOUND('',#3140,.T.);
#3140 = EDGE_LOOP('',(#3141,#3142,#3150,#3157));
#3141 = ORIENTED_EDGE('',*,*,#2478,.T.);
#3142 = ORIENTED_EDGE('',*,*,#3143,.T.);
#3143 = EDGE_CURVE('',#2479,#3144,#3146,.T.);
#3144 = VERTEX_POINT('',#3145);
#3145 = CARTESIAN_POINT('',(28.6,-52.8,6.8));
#3146 = LINE('',#3147,#3148);
#3147 = CARTESIAN_POINT('',(28.6,-52.8,6.2));
#3148 = VECTOR('',#3149,1.);
#3149 = DIRECTION('',(0.,0.,1.));
#3150 = ORIENTED_EDGE('',*,*,#3151,.T.);
#3151 = EDGE_CURVE('',#3144,#3144,#3152,.T.);
#3152 = CIRCLE('',#3153,1.6);
#3153 = AXIS2_PLACEMENT_3D('',#3154,#3155,#3156);
#3154 = CARTESIAN_POINT('',(27.,-52.8,6.8));
#3155 = DIRECTION('',(0.,0.,1.));
#3156 = DIRECTION('',(1.,0.,0.));
#3157 = ORIENTED_EDGE('',*,*,#3143,.F.);
#3158 = CYLINDRICAL_SURFACE('',#3159,1.6);
#3159 = AXIS2_PLACEMENT_3D('',#3160,#3161,#3162);
#3160 = CARTESIAN_POINT('',(27.,-52.8,6.2));
#3161 = DIRECTION('',(-0.,-0.,-1.));
#3162 = DIRECTION('',(1.,0.,0.));
#3163 = ADVANCED_FACE('',(#3164,#3248),#3254,.F.);
#3164 = FACE_BOUND('',#3165,.F.);
#3165 = EDGE_LOOP('',(#3166,#3167,#3176,#3184,#3192,#3200,#3208,#3216,
    #3223,#3224,#3233,#3241));
#3166 = ORIENTED_EDGE('',*,*,#3109,.F.);
#3167 = ORIENTED_EDGE('',*,*,#3168,.F.);
#3168 = EDGE_CURVE('',#3169,#3110,#3171,.T.);
#3169 = VERTEX_POINT('',#3170);
#3170 = CARTESIAN_POINT('',(30.05,-51.45,12.725));
#3171 = CIRCLE('',#3172,2.4);
#3172 = AXIS2_PLACEMENT_3D('',#3173,#3174,#3175);
#3173 = CARTESIAN_POINT('',(30.05,-49.05,12.725));
#3174 = DIRECTION('',(0.,0.,-1.));
#3175 = DIRECTION('',(-1.48E-15,-1.,-0.));
#3176 = ORIENTED_EDGE('',*,*,#3177,.F.);
#3177 = EDGE_CURVE('',#3178,#3169,#3180,.T.);
#3178 = VERTEX_POINT('',#3179);
#3179 = CARTESIAN_POINT('',(30.15,-51.45,12.725));
#3180 = LINE('',#3181,#3182);
#3181 = CARTESIAN_POINT('',(36.5,-51.45,12.725));
#3182 = VECTOR('',#3183,1.);
#3183 = DIRECTION('',(-1.,0.,0.));
#3184 = ORIENTED_EDGE('',*,*,#3185,.T.);
#3185 = EDGE_CURVE('',#3178,#3186,#3188,.T.);
#3186 = VERTEX_POINT('',#3187);
#3187 = CARTESIAN_POINT('',(30.15,-49.1,12.725));
#3188 = LINE('',#3189,#3190);
#3189 = CARTESIAN_POINT('',(30.15,-52.8,12.725));
#3190 = VECTOR('',#3191,1.);
#3191 = DIRECTION('',(0.,1.,0.));
#3192 = ORIENTED_EDGE('',*,*,#3193,.F.);
#3193 = EDGE_CURVE('',#3194,#3186,#3196,.T.);
#3194 = VERTEX_POINT('',#3195);
#3195 = CARTESIAN_POINT('',(43.85,-49.1,12.725));
#3196 = LINE('',#3197,#3198);
#3197 = CARTESIAN_POINT('',(29.6,-49.1,12.725));
#3198 = VECTOR('',#3199,1.);
#3199 = DIRECTION('',(-1.,0.,0.));
#3200 = ORIENTED_EDGE('',*,*,#3201,.F.);
#3201 = EDGE_CURVE('',#3202,#3194,#3204,.T.);
#3202 = VERTEX_POINT('',#3203);
#3203 = CARTESIAN_POINT('',(43.85,-51.45,12.725));
#3204 = LINE('',#3205,#3206);
#3205 = CARTESIAN_POINT('',(43.85,-52.8,12.725));
#3206 = VECTOR('',#3207,1.);
#3207 = DIRECTION('',(0.,1.,0.));
#3208 = ORIENTED_EDGE('',*,*,#3209,.F.);
#3209 = EDGE_CURVE('',#3210,#3202,#3212,.T.);
#3210 = VERTEX_POINT('',#3211);
#3211 = CARTESIAN_POINT('',(43.95,-51.45,12.725));
#3212 = LINE('',#3213,#3214);
#3213 = CARTESIAN_POINT('',(36.5,-51.45,12.725));
#3214 = VECTOR('',#3215,1.);
#3215 = DIRECTION('',(-1.,0.,0.));
#3216 = ORIENTED_EDGE('',*,*,#3217,.F.);
#3217 = EDGE_CURVE('',#3030,#3210,#3218,.T.);
#3218 = CIRCLE('',#3219,2.4);
#3219 = AXIS2_PLACEMENT_3D('',#3220,#3221,#3222);
#3220 = CARTESIAN_POINT('',(43.95,-49.05,12.725));
#3221 = DIRECTION('',(0.,0.,-1.));
#3222 = DIRECTION('',(1.,0.,0.));
#3223 = ORIENTED_EDGE('',*,*,#3037,.T.);
#3224 = ORIENTED_EDGE('',*,*,#3225,.F.);
#3225 = EDGE_CURVE('',#3226,#3038,#3228,.T.);
#3226 = VERTEX_POINT('',#3227);
#3227 = CARTESIAN_POINT('',(43.95,-16.15,12.725));
#3228 = CIRCLE('',#3229,2.4);
#3229 = AXIS2_PLACEMENT_3D('',#3230,#3231,#3232);
#3230 = CARTESIAN_POINT('',(43.95,-18.55,12.725));
#3231 = DIRECTION('',(0.,0.,-1.));
#3232 = DIRECTION('',(0.,1.,0.));
#3233 = ORIENTED_EDGE('',*,*,#3234,.F.);
#3234 = EDGE_CURVE('',#3235,#3226,#3237,.T.);
#3235 = VERTEX_POINT('',#3236);
#3236 = CARTESIAN_POINT('',(30.05,-16.15,12.725));
#3237 = LINE('',#3238,#3239);
#3238 = CARTESIAN_POINT('',(29.55,-16.15,12.725));
#3239 = VECTOR('',#3240,1.);
#3240 = DIRECTION('',(1.,0.,0.));
#3241 = ORIENTED_EDGE('',*,*,#3242,.F.);
#3242 = EDGE_CURVE('',#3112,#3235,#3243,.T.);
#3243 = CIRCLE('',#3244,2.4);
#3244 = AXIS2_PLACEMENT_3D('',#3245,#3246,#3247);
#3245 = CARTESIAN_POINT('',(30.05,-18.55,12.725));
#3246 = DIRECTION('',(0.,0.,-1.));
#3247 = DIRECTION('',(-1.,0.,0.));
#3248 = FACE_BOUND('',#3249,.F.);
#3249 = EDGE_LOOP('',(#3250,#3251,#3252,#3253));
#3250 = ORIENTED_EDGE('',*,*,#2677,.F.);
#3251 = ORIENTED_EDGE('',*,*,#2749,.T.);
#3252 = ORIENTED_EDGE('',*,*,#2732,.T.);
#3253 = ORIENTED_EDGE('',*,*,#2701,.F.);
#3254 = PLANE('',#3255);
#3255 = AXIS2_PLACEMENT_3D('',#3256,#3257,#3258);
#3256 = CARTESIAN_POINT('',(29.05,-53.,12.725));
#3257 = DIRECTION('',(0.,0.,1.));
#3258 = DIRECTION('',(1.,0.,0.));
#3259 = ADVANCED_FACE('',(#3260),#3291,.F.);
#3260 = FACE_BOUND('',#3261,.F.);
#3261 = EDGE_LOOP('',(#3262,#3263,#3264,#3265,#3266,#3267,#3275,#3283,
    #3289,#3290));
#3262 = ORIENTED_EDGE('',*,*,#3119,.F.);
#3263 = ORIENTED_EDGE('',*,*,#3015,.T.);
#3264 = ORIENTED_EDGE('',*,*,#3029,.T.);
#3265 = ORIENTED_EDGE('',*,*,#3217,.T.);
#3266 = ORIENTED_EDGE('',*,*,#3209,.T.);
#3267 = ORIENTED_EDGE('',*,*,#3268,.F.);
#3268 = EDGE_CURVE('',#3269,#3202,#3271,.T.);
#3269 = VERTEX_POINT('',#3270);
#3270 = CARTESIAN_POINT('',(43.85,-52.6,12.725));
#3271 = LINE('',#3272,#3273);
#3272 = CARTESIAN_POINT('',(43.85,-52.8,12.725));
#3273 = VECTOR('',#3274,1.);
#3274 = DIRECTION('',(0.,1.,0.));
#3275 = ORIENTED_EDGE('',*,*,#3276,.T.);
#3276 = EDGE_CURVE('',#3269,#3277,#3279,.T.);
#3277 = VERTEX_POINT('',#3278);
#3278 = CARTESIAN_POINT('',(30.15,-52.6,12.725));
#3279 = LINE('',#3280,#3281);
#3280 = CARTESIAN_POINT('',(29.6,-52.6,12.725));
#3281 = VECTOR('',#3282,1.);
#3282 = DIRECTION('',(-1.,0.,0.));
#3283 = ORIENTED_EDGE('',*,*,#3284,.T.);
#3284 = EDGE_CURVE('',#3277,#3178,#3285,.T.);
#3285 = LINE('',#3286,#3287);
#3286 = CARTESIAN_POINT('',(30.15,-52.8,12.725));
#3287 = VECTOR('',#3288,1.);
#3288 = DIRECTION('',(0.,1.,0.));
#3289 = ORIENTED_EDGE('',*,*,#3177,.T.);
#3290 = ORIENTED_EDGE('',*,*,#3168,.T.);
#3291 = PLANE('',#3292);
#3292 = AXIS2_PLACEMENT_3D('',#3293,#3294,#3295);
#3293 = CARTESIAN_POINT('',(29.05,-53.,12.725));
#3294 = DIRECTION('',(0.,0.,1.));
#3295 = DIRECTION('',(1.,0.,0.));
#3296 = ADVANCED_FACE('',(#3297),#3313,.F.);
#3297 = FACE_BOUND('',#3298,.F.);
#3298 = EDGE_LOOP('',(#3299,#3300,#3301,#3302,#3303,#3304,#3305,#3312));
#3299 = ORIENTED_EDGE('',*,*,#3128,.F.);
#3300 = ORIENTED_EDGE('',*,*,#3242,.T.);
#3301 = ORIENTED_EDGE('',*,*,#3234,.T.);
#3302 = ORIENTED_EDGE('',*,*,#3225,.T.);
#3303 = ORIENTED_EDGE('',*,*,#3045,.T.);
#3304 = ORIENTED_EDGE('',*,*,#3069,.F.);
#3305 = ORIENTED_EDGE('',*,*,#3306,.T.);
#3306 = EDGE_CURVE('',#3070,#3078,#3307,.T.);
#3307 = CIRCLE('',#3308,1.8);
#3308 = AXIS2_PLACEMENT_3D('',#3309,#3310,#3311);
#3309 = CARTESIAN_POINT('',(37.,-13.6,12.725));
#3310 = DIRECTION('',(0.,0.,-1.));
#3311 = DIRECTION('',(1.,1.97E-15,0.));
#3312 = ORIENTED_EDGE('',*,*,#3085,.F.);
#3313 = PLANE('',#3314);
#3314 = AXIS2_PLACEMENT_3D('',#3315,#3316,#3317);
#3315 = CARTESIAN_POINT('',(29.05,-53.,12.725));
#3316 = DIRECTION('',(0.,0.,1.));
#3317 = DIRECTION('',(1.,0.,0.));
#3318 = ADVANCED_FACE('',(#3319),#3323,.F.);
#3319 = FACE_BOUND('',#3320,.F.);
#3320 = EDGE_LOOP('',(#3321,#3322));
#3321 = ORIENTED_EDGE('',*,*,#3077,.F.);
#3322 = ORIENTED_EDGE('',*,*,#3306,.F.);
#3323 = PLANE('',#3324);
#3324 = AXIS2_PLACEMENT_3D('',#3325,#3326,#3327);
#3325 = CARTESIAN_POINT('',(29.05,-53.,12.725));
#3326 = DIRECTION('',(0.,0.,1.));
#3327 = DIRECTION('',(1.,0.,0.));
#3328 = ADVANCED_FACE('',(#3329),#3332,.F.);
#3329 = FACE_BOUND('',#3330,.T.);
#3330 = EDGE_LOOP('',(#3331));
#3331 = ORIENTED_EDGE('',*,*,#3151,.F.);
#3332 = PLANE('',#3333);
#3333 = AXIS2_PLACEMENT_3D('',#3334,#3335,#3336);
#3334 = CARTESIAN_POINT('',(27.,-52.8,6.8));
#3335 = DIRECTION('',(0.,0.,1.));
#3336 = DIRECTION('',(1.,0.,0.));
#3337 = ADVANCED_FACE('',(#3338),#3363,.T.);
#3338 = FACE_BOUND('',#3339,.T.);
#3339 = EDGE_LOOP('',(#3340,#3348,#3349,#3357));
#3340 = ORIENTED_EDGE('',*,*,#3341,.F.);
#3341 = EDGE_CURVE('',#3178,#3342,#3344,.T.);
#3342 = VERTEX_POINT('',#3343);
#3343 = CARTESIAN_POINT('',(30.15,-51.45,13.19));
#3344 = LINE('',#3345,#3346);
#3345 = CARTESIAN_POINT('',(30.15,-51.45,0.));
#3346 = VECTOR('',#3347,1.);
#3347 = DIRECTION('',(0.,0.,1.));
#3348 = ORIENTED_EDGE('',*,*,#3185,.T.);
#3349 = ORIENTED_EDGE('',*,*,#3350,.T.);
#3350 = EDGE_CURVE('',#3186,#3351,#3353,.T.);
#3351 = VERTEX_POINT('',#3352);
#3352 = CARTESIAN_POINT('',(30.15,-49.1,13.19));
#3353 = LINE('',#3354,#3355);
#3354 = CARTESIAN_POINT('',(30.15,-49.1,0.));
#3355 = VECTOR('',#3356,1.);
#3356 = DIRECTION('',(0.,0.,1.));
#3357 = ORIENTED_EDGE('',*,*,#3358,.F.);
#3358 = EDGE_CURVE('',#3342,#3351,#3359,.T.);
#3359 = LINE('',#3360,#3361);
#3360 = CARTESIAN_POINT('',(30.15,-86.3,13.19));
#3361 = VECTOR('',#3362,1.);
#3362 = DIRECTION('',(0.,1.,0.));
#3363 = PLANE('',#3364);
#3364 = AXIS2_PLACEMENT_3D('',#3365,#3366,#3367);
#3365 = CARTESIAN_POINT('',(30.15,-52.6,0.));
#3366 = DIRECTION('',(1.,0.,0.));
#3367 = DIRECTION('',(0.,0.,1.));
#3368 = ADVANCED_FACE('',(#3369),#3387,.F.);
#3369 = FACE_BOUND('',#3370,.F.);
#3370 = EDGE_LOOP('',(#3371,#3379,#3380,#3381));
#3371 = ORIENTED_EDGE('',*,*,#3372,.F.);
#3372 = EDGE_CURVE('',#3194,#3373,#3375,.T.);
#3373 = VERTEX_POINT('',#3374);
#3374 = CARTESIAN_POINT('',(43.85,-49.1,13.19));
#3375 = LINE('',#3376,#3377);
#3376 = CARTESIAN_POINT('',(43.85,-49.1,0.));
#3377 = VECTOR('',#3378,1.);
#3378 = DIRECTION('',(0.,0.,1.));
#3379 = ORIENTED_EDGE('',*,*,#3193,.T.);
#3380 = ORIENTED_EDGE('',*,*,#3350,.T.);
#3381 = ORIENTED_EDGE('',*,*,#3382,.F.);
#3382 = EDGE_CURVE('',#3373,#3351,#3383,.T.);
#3383 = LINE('',#3384,#3385);
#3384 = CARTESIAN_POINT('',(15.075,-49.1,13.19));
#3385 = VECTOR('',#3386,1.);
#3386 = DIRECTION('',(-1.,0.,0.));
#3387 = PLANE('',#3388);
#3388 = AXIS2_PLACEMENT_3D('',#3389,#3390,#3391);
#3389 = CARTESIAN_POINT('',(30.15,-49.1,0.));
#3390 = DIRECTION('',(0.,1.,0.));
#3391 = DIRECTION('',(0.,0.,1.));
#3392 = ADVANCED_FACE('',(#3393),#3411,.F.);
#3393 = FACE_BOUND('',#3394,.F.);
#3394 = EDGE_LOOP('',(#3395,#3403,#3404,#3405));
#3395 = ORIENTED_EDGE('',*,*,#3396,.F.);
#3396 = EDGE_CURVE('',#3202,#3397,#3399,.T.);
#3397 = VERTEX_POINT('',#3398);
#3398 = CARTESIAN_POINT('',(43.85,-51.45,13.19));
#3399 = LINE('',#3400,#3401);
#3400 = CARTESIAN_POINT('',(43.85,-51.45,0.));
#3401 = VECTOR('',#3402,1.);
#3402 = DIRECTION('',(0.,0.,1.));
#3403 = ORIENTED_EDGE('',*,*,#3201,.T.);
#3404 = ORIENTED_EDGE('',*,*,#3372,.T.);
#3405 = ORIENTED_EDGE('',*,*,#3406,.F.);
#3406 = EDGE_CURVE('',#3397,#3373,#3407,.T.);
#3407 = LINE('',#3408,#3409);
#3408 = CARTESIAN_POINT('',(43.85,-86.3,13.19));
#3409 = VECTOR('',#3410,1.);
#3410 = DIRECTION('',(0.,1.,0.));
#3411 = PLANE('',#3412);
#3412 = AXIS2_PLACEMENT_3D('',#3413,#3414,#3415);
#3413 = CARTESIAN_POINT('',(43.85,-52.6,0.));
#3414 = DIRECTION('',(1.,0.,0.));
#3415 = DIRECTION('',(0.,0.,1.));
#3416 = ADVANCED_FACE('',(#3417),#3435,.T.);
#3417 = FACE_BOUND('',#3418,.T.);
#3418 = EDGE_LOOP('',(#3419,#3427,#3428,#3429));
#3419 = ORIENTED_EDGE('',*,*,#3420,.F.);
#3420 = EDGE_CURVE('',#3277,#3421,#3423,.T.);
#3421 = VERTEX_POINT('',#3422);
#3422 = CARTESIAN_POINT('',(30.15,-52.6,13.19));
#3423 = LINE('',#3424,#3425);
#3424 = CARTESIAN_POINT('',(30.15,-52.6,10.9));
#3425 = VECTOR('',#3426,1.);
#3426 = DIRECTION('',(0.,0.,1.));
#3427 = ORIENTED_EDGE('',*,*,#3284,.T.);
#3428 = ORIENTED_EDGE('',*,*,#3341,.T.);
#3429 = ORIENTED_EDGE('',*,*,#3430,.F.);
#3430 = EDGE_CURVE('',#3421,#3342,#3431,.T.);
#3431 = LINE('',#3432,#3433);
#3432 = CARTESIAN_POINT('',(30.15,-52.6,13.19));
#3433 = VECTOR('',#3434,1.);
#3434 = DIRECTION('',(0.,1.,0.));
#3435 = PLANE('',#3436);
#3436 = AXIS2_PLACEMENT_3D('',#3437,#3438,#3439);
#3437 = CARTESIAN_POINT('',(30.15,-52.6,10.9));
#3438 = DIRECTION('',(1.,0.,0.));
#3439 = DIRECTION('',(0.,0.,1.));
#3440 = ADVANCED_FACE('',(#3441),#3459,.T.);
#3441 = FACE_BOUND('',#3442,.T.);
#3442 = EDGE_LOOP('',(#3443,#3444,#3445,#3453));
#3443 = ORIENTED_EDGE('',*,*,#3276,.T.);
#3444 = ORIENTED_EDGE('',*,*,#3420,.T.);
#3445 = ORIENTED_EDGE('',*,*,#3446,.T.);
#3446 = EDGE_CURVE('',#3421,#3447,#3449,.T.);
#3447 = VERTEX_POINT('',#3448);
#3448 = CARTESIAN_POINT('',(43.85,-52.6,13.19));
#3449 = LINE('',#3450,#3451);
#3450 = CARTESIAN_POINT('',(30.15,-52.6,13.19));
#3451 = VECTOR('',#3452,1.);
#3452 = DIRECTION('',(1.,0.,0.));
#3453 = ORIENTED_EDGE('',*,*,#3454,.F.);
#3454 = EDGE_CURVE('',#3269,#3447,#3455,.T.);
#3455 = LINE('',#3456,#3457);
#3456 = CARTESIAN_POINT('',(43.85,-52.6,10.9));
#3457 = VECTOR('',#3458,1.);
#3458 = DIRECTION('',(0.,0.,1.));
#3459 = PLANE('',#3460);
#3460 = AXIS2_PLACEMENT_3D('',#3461,#3462,#3463);
#3461 = CARTESIAN_POINT('',(30.15,-52.6,10.9));
#3462 = DIRECTION('',(0.,1.,0.));
#3463 = DIRECTION('',(0.,0.,1.));
#3464 = ADVANCED_FACE('',(#3465),#3476,.F.);
#3465 = FACE_BOUND('',#3466,.F.);
#3466 = EDGE_LOOP('',(#3467,#3468,#3469,#3470));
#3467 = ORIENTED_EDGE('',*,*,#3454,.F.);
#3468 = ORIENTED_EDGE('',*,*,#3268,.T.);
#3469 = ORIENTED_EDGE('',*,*,#3396,.T.);
#3470 = ORIENTED_EDGE('',*,*,#3471,.F.);
#3471 = EDGE_CURVE('',#3447,#3397,#3472,.T.);
#3472 = LINE('',#3473,#3474);
#3473 = CARTESIAN_POINT('',(43.85,-52.6,13.19));
#3474 = VECTOR('',#3475,1.);
#3475 = DIRECTION('',(0.,1.,0.));
#3476 = PLANE('',#3477);
#3477 = AXIS2_PLACEMENT_3D('',#3478,#3479,#3480);
#3478 = CARTESIAN_POINT('',(43.85,-52.6,10.9));
#3479 = DIRECTION('',(1.,0.,0.));
#3480 = DIRECTION('',(0.,0.,1.));
#3481 = ADVANCED_FACE('',(#3482),#3493,.F.);
#3482 = FACE_BOUND('',#3483,.F.);
#3483 = EDGE_LOOP('',(#3484,#3490,#3491,#3492));
#3484 = ORIENTED_EDGE('',*,*,#3485,.F.);
#3485 = EDGE_CURVE('',#3397,#3342,#3486,.T.);
#3486 = LINE('',#3487,#3488);
#3487 = CARTESIAN_POINT('',(21.975,-51.45,13.19));
#3488 = VECTOR('',#3489,1.);
#3489 = DIRECTION('',(-1.,0.,0.));
#3490 = ORIENTED_EDGE('',*,*,#3406,.T.);
#3491 = ORIENTED_EDGE('',*,*,#3382,.T.);
#3492 = ORIENTED_EDGE('',*,*,#3358,.F.);
#3493 = PLANE('',#3494);
#3494 = AXIS2_PLACEMENT_3D('',#3495,#3496,#3497);
#3495 = CARTESIAN_POINT('',(0.,-120.,13.19));
#3496 = DIRECTION('',(0.,0.,1.));
#3497 = DIRECTION('',(1.,0.,0.));
#3498 = ADVANCED_FACE('',(#3499),#3505,.F.);
#3499 = FACE_BOUND('',#3500,.F.);
#3500 = EDGE_LOOP('',(#3501,#3502,#3503,#3504));
#3501 = ORIENTED_EDGE('',*,*,#3430,.F.);
#3502 = ORIENTED_EDGE('',*,*,#3446,.T.);
#3503 = ORIENTED_EDGE('',*,*,#3471,.T.);
#3504 = ORIENTED_EDGE('',*,*,#3485,.T.);
#3505 = PLANE('',#3506);
#3506 = AXIS2_PLACEMENT_3D('',#3507,#3508,#3509);
#3507 = CARTESIAN_POINT('',(30.15,-52.6,13.19));
#3508 = DIRECTION('',(0.,0.,1.));
#3509 = DIRECTION('',(1.,0.,0.));
#3510 = ORIENTED_CLOSED_SHELL('',*,#3511,.F.);
#3511 = CLOSED_SHELL('',(#3512,#3545,#3554));
#3512 = ADVANCED_FACE('',(#3513),#3540,.T.);
#3513 = FACE_BOUND('',#3514,.F.);
#3514 = EDGE_LOOP('',(#3515,#3525,#3532,#3533));
#3515 = ORIENTED_EDGE('',*,*,#3516,.T.);
#3516 = EDGE_CURVE('',#3517,#3519,#3521,.T.);
#3517 = VERTEX_POINT('',#3518);
#3518 = CARTESIAN_POINT('',(38.3,-64.7,7.));
#3519 = VERTEX_POINT('',#3520);
#3520 = CARTESIAN_POINT('',(38.3,-64.7,11.2));
#3521 = LINE('',#3522,#3523);
#3522 = CARTESIAN_POINT('',(38.3,-64.7,7.));
#3523 = VECTOR('',#3524,1.);
#3524 = DIRECTION('',(0.,0.,1.));
#3525 = ORIENTED_EDGE('',*,*,#3526,.T.);
#3526 = EDGE_CURVE('',#3519,#3519,#3527,.T.);
#3527 = CIRCLE('',#3528,1.1);
#3528 = AXIS2_PLACEMENT_3D('',#3529,#3530,#3531);
#3529 = CARTESIAN_POINT('',(37.2,-64.7,11.2));
#3530 = DIRECTION('',(0.,0.,1.));
#3531 = DIRECTION('',(1.,0.,0.));
#3532 = ORIENTED_EDGE('',*,*,#3516,.F.);
#3533 = ORIENTED_EDGE('',*,*,#3534,.F.);
#3534 = EDGE_CURVE('',#3517,#3517,#3535,.T.);
#3535 = CIRCLE('',#3536,1.1);
#3536 = AXIS2_PLACEMENT_3D('',#3537,#3538,#3539);
#3537 = CARTESIAN_POINT('',(37.2,-64.7,7.));
#3538 = DIRECTION('',(0.,0.,1.));
#3539 = DIRECTION('',(1.,0.,0.));
#3540 = CYLINDRICAL_SURFACE('',#3541,1.1);
#3541 = AXIS2_PLACEMENT_3D('',#3542,#3543,#3544);
#3542 = CARTESIAN_POINT('',(37.2,-64.7,7.));
#3543 = DIRECTION('',(-0.,-0.,-1.));
#3544 = DIRECTION('',(1.,0.,0.));
#3545 = ADVANCED_FACE('',(#3546),#3549,.F.);
#3546 = FACE_BOUND('',#3547,.T.);
#3547 = EDGE_LOOP('',(#3548));
#3548 = ORIENTED_EDGE('',*,*,#3534,.F.);
#3549 = PLANE('',#3550);
#3550 = AXIS2_PLACEMENT_3D('',#3551,#3552,#3553);
#3551 = CARTESIAN_POINT('',(37.2,-64.7,7.));
#3552 = DIRECTION('',(0.,0.,1.));
#3553 = DIRECTION('',(1.,0.,0.));
#3554 = ADVANCED_FACE('',(#3555),#3558,.T.);
#3555 = FACE_BOUND('',#3556,.F.);
#3556 = EDGE_LOOP('',(#3557));
#3557 = ORIENTED_EDGE('',*,*,#3526,.F.);
#3558 = PLANE('',#3559);
#3559 = AXIS2_PLACEMENT_3D('',#3560,#3561,#3562);
#3560 = CARTESIAN_POINT('',(37.2,-64.7,11.2));
#3561 = DIRECTION('',(0.,0.,1.));
#3562 = DIRECTION('',(1.,0.,0.));
#3563 = ORIENTED_CLOSED_SHELL('',*,#3564,.F.);
#3564 = CLOSED_SHELL('',(#3565,#3598,#3607));
#3565 = ADVANCED_FACE('',(#3566),#3593,.T.);
#3566 = FACE_BOUND('',#3567,.F.);
#3567 = EDGE_LOOP('',(#3568,#3578,#3585,#3586));
#3568 = ORIENTED_EDGE('',*,*,#3569,.T.);
#3569 = EDGE_CURVE('',#3570,#3572,#3574,.T.);
#3570 = VERTEX_POINT('',#3571);
#3571 = CARTESIAN_POINT('',(28.1,-52.8,7.));
#3572 = VERTEX_POINT('',#3573);
#3573 = CARTESIAN_POINT('',(28.1,-52.8,11.2));
#3574 = LINE('',#3575,#3576);
#3575 = CARTESIAN_POINT('',(28.1,-52.8,7.));
#3576 = VECTOR('',#3577,1.);
#3577 = DIRECTION('',(0.,0.,1.));
#3578 = ORIENTED_EDGE('',*,*,#3579,.T.);
#3579 = EDGE_CURVE('',#3572,#3572,#3580,.T.);
#3580 = CIRCLE('',#3581,1.1);
#3581 = AXIS2_PLACEMENT_3D('',#3582,#3583,#3584);
#3582 = CARTESIAN_POINT('',(27.,-52.8,11.2));
#3583 = DIRECTION('',(0.,0.,1.));
#3584 = DIRECTION('',(1.,0.,0.));
#3585 = ORIENTED_EDGE('',*,*,#3569,.F.);
#3586 = ORIENTED_EDGE('',*,*,#3587,.F.);
#3587 = EDGE_CURVE('',#3570,#3570,#3588,.T.);
#3588 = CIRCLE('',#3589,1.1);
#3589 = AXIS2_PLACEMENT_3D('',#3590,#3591,#3592);
#3590 = CARTESIAN_POINT('',(27.,-52.8,7.));
#3591 = DIRECTION('',(0.,0.,1.));
#3592 = DIRECTION('',(1.,0.,0.));
#3593 = CYLINDRICAL_SURFACE('',#3594,1.1);
#3594 = AXIS2_PLACEMENT_3D('',#3595,#3596,#3597);
#3595 = CARTESIAN_POINT('',(27.,-52.8,7.));
#3596 = DIRECTION('',(-0.,-0.,-1.));
#3597 = DIRECTION('',(1.,0.,0.));
#3598 = ADVANCED_FACE('',(#3599),#3602,.F.);
#3599 = FACE_BOUND('',#3600,.T.);
#3600 = EDGE_LOOP('',(#3601));
#3601 = ORIENTED_EDGE('',*,*,#3587,.F.);
#3602 = PLANE('',#3603);
#3603 = AXIS2_PLACEMENT_3D('',#3604,#3605,#3606);
#3604 = CARTESIAN_POINT('',(27.,-52.8,7.));
#3605 = DIRECTION('',(0.,0.,1.));
#3606 = DIRECTION('',(1.,0.,0.));
#3607 = ADVANCED_FACE('',(#3608),#3611,.T.);
#3608 = FACE_BOUND('',#3609,.F.);
#3609 = EDGE_LOOP('',(#3610));
#3610 = ORIENTED_EDGE('',*,*,#3579,.F.);
#3611 = PLANE('',#3612);
#3612 = AXIS2_PLACEMENT_3D('',#3613,#3614,#3615);
#3613 = CARTESIAN_POINT('',(27.,-52.8,11.2));
#3614 = DIRECTION('',(0.,0.,1.));
#3615 = DIRECTION('',(1.,0.,0.));
#3616 = ORIENTED_CLOSED_SHELL('',*,#3617,.F.);
#3617 = CLOSED_SHELL('',(#3618,#3651,#3660));
#3618 = ADVANCED_FACE('',(#3619),#3646,.T.);
#3619 = FACE_BOUND('',#3620,.F.);
#3620 = EDGE_LOOP('',(#3621,#3631,#3638,#3639));
#3621 = ORIENTED_EDGE('',*,*,#3622,.T.);
#3622 = EDGE_CURVE('',#3623,#3625,#3627,.T.);
#3623 = VERTEX_POINT('',#3624);
#3624 = CARTESIAN_POINT('',(48.1,-52.8,7.));
#3625 = VERTEX_POINT('',#3626);
#3626 = CARTESIAN_POINT('',(48.1,-52.8,11.2));
#3627 = LINE('',#3628,#3629);
#3628 = CARTESIAN_POINT('',(48.1,-52.8,7.));
#3629 = VECTOR('',#3630,1.);
#3630 = DIRECTION('',(0.,0.,1.));
#3631 = ORIENTED_EDGE('',*,*,#3632,.T.);
#3632 = EDGE_CURVE('',#3625,#3625,#3633,.T.);
#3633 = CIRCLE('',#3634,1.1);
#3634 = AXIS2_PLACEMENT_3D('',#3635,#3636,#3637);
#3635 = CARTESIAN_POINT('',(47.,-52.8,11.2));
#3636 = DIRECTION('',(0.,0.,1.));
#3637 = DIRECTION('',(1.,0.,0.));
#3638 = ORIENTED_EDGE('',*,*,#3622,.F.);
#3639 = ORIENTED_EDGE('',*,*,#3640,.F.);
#3640 = EDGE_CURVE('',#3623,#3623,#3641,.T.);
#3641 = CIRCLE('',#3642,1.1);
#3642 = AXIS2_PLACEMENT_3D('',#3643,#3644,#3645);
#3643 = CARTESIAN_POINT('',(47.,-52.8,7.));
#3644 = DIRECTION('',(0.,0.,1.));
#3645 = DIRECTION('',(1.,0.,0.));
#3646 = CYLINDRICAL_SURFACE('',#3647,1.1);
#3647 = AXIS2_PLACEMENT_3D('',#3648,#3649,#3650);
#3648 = CARTESIAN_POINT('',(47.,-52.8,7.));
#3649 = DIRECTION('',(-0.,-0.,-1.));
#3650 = DIRECTION('',(1.,0.,0.));
#3651 = ADVANCED_FACE('',(#3652),#3655,.F.);
#3652 = FACE_BOUND('',#3653,.T.);
#3653 = EDGE_LOOP('',(#3654));
#3654 = ORIENTED_EDGE('',*,*,#3640,.F.);
#3655 = PLANE('',#3656);
#3656 = AXIS2_PLACEMENT_3D('',#3657,#3658,#3659);
#3657 = CARTESIAN_POINT('',(47.,-52.8,7.));
#3658 = DIRECTION('',(0.,0.,1.));
#3659 = DIRECTION('',(1.,0.,0.));
#3660 = ADVANCED_FACE('',(#3661),#3664,.T.);
#3661 = FACE_BOUND('',#3662,.F.);
#3662 = EDGE_LOOP('',(#3663));
#3663 = ORIENTED_EDGE('',*,*,#3632,.F.);
#3664 = PLANE('',#3665);
#3665 = AXIS2_PLACEMENT_3D('',#3666,#3667,#3668);
#3666 = CARTESIAN_POINT('',(47.,-52.8,11.2));
#3667 = DIRECTION('',(0.,0.,1.));
#3668 = DIRECTION('',(1.,0.,0.));
#3669 = ( GEOMETRIC_REPRESENTATION_CONTEXT(3) 
GLOBAL_UNCERTAINTY_ASSIGNED_CONTEXT((#3673)) 
GLOBAL_UNIT_ASSIGNED_CONTEXT((#3670,#3671,#3672)) REPRESENTATION_CONTEXT
('Context #1','3D Context with UNIT and UNCERTAINTY') );
#3670 = ( LENGTH_UNIT() NAMED_UNIT(*) SI_UNIT(.MILLI.,.METRE.) );
#3671 = ( NAMED_UNIT(*) PLANE_ANGLE_UNIT() SI_UNIT($,.RADIAN.) );
#3672 = ( NAMED_UNIT(*) SI_UNIT($,.STERADIAN.) SOLID_ANGLE_UNIT() );
#3673 = UNCERTAINTY_MEASURE_WITH_UNIT(LENGTH_MEASURE(5.E-05),#3670,
  'distance_accuracy_value','confusion accuracy');
#3674 = PRODUCT_RELATED_PRODUCT_CATEGORY('part',$,(#7));
ENDSEC;
END-ISO-10303-21;
