ISO-10303-21;
HEADER;
FILE_DESCRIPTION(('FreeCAD Model'),'2;1');
FILE_NAME('Open CASCADE Shape Model','2026-09-29T08:45:24',('FreeCAD'),(
    'FreeCAD'),'Open CASCADE STEP processor 7.8','FreeCAD','Unknown');
FILE_SCHEMA(('AUTOMOTIVE_DESIGN { 1 0 10303 214 1 1 1 1 }'));
ENDSEC;
DATA;
#1 = APPLICATION_PROTOCOL_DEFINITION('international standard',
  'automotive_design',2000,#2);
#2 = APPLICATION_CONTEXT(
  'core data for automotive mechanical design processes');
#3 = SHAPE_DEFINITION_REPRESENTATION(#4,#10);
#4 = PRODUCT_DEFINITION_SHAPE('','',#5);
#5 = PRODUCT_DEFINITION('design','',#6,#9);
#6 = PRODUCT_DEFINITION_FORMATION('','',#7);
#7 = PRODUCT('Open CASCADE STEP translator 7.8 96',
  'Open CASCADE STEP translator 7.8 96','',(#8));
#8 = PRODUCT_CONTEXT('',#2,'mechanical');
#9 = PRODUCT_DEFINITION_CONTEXT('part definition',#2,'design');
#10 = ADVANCED_BREP_SHAPE_REPRESENTATION('',(#11,#15),#3415);
#11 = AXIS2_PLACEMENT_3D('',#12,#13,#14);
#12 = CARTESIAN_POINT('',(0.,0.,0.));
#13 = DIRECTION('',(0.,0.,1.));
#14 = DIRECTION('',(1.,0.,-0.));
#15 = BREP_WITH_VOIDS('',#16,(#3256,#3309,#3362));
#16 = CLOSED_SHELL('',(#17,#121,#194,#219,#253,#288,#351,#376,#401,#426,
    #576,#601,#730,#747,#809,#833,#857,#945,#969,#1011,#1039,#1064,#1081
    ,#1098,#1147,#1171,#1227,#1251,#1291,#1315,#1339,#1386,#1404,#1428,
    #1445,#1470,#1488,#1519,#1544,#1568,#1593,#1617,#1642,#1666,#1684,
    #1862,#1873,#1897,#1914,#1931,#2106,#2134,#2145,#2154,#2171,#2183,
    #2208,#2225,#2244,#2254,#2263,#2358,#2375,#2392,#2409,#2426,#2443,
    #2460,#2477,#2494,#2511,#2528,#2545,#2562,#2579,#2591,#2622,#2646,
    #2670,#2687,#2712,#2751,#2775,#2800,#2824,#2849,#2873,#2898,#2922,
    #2940,#3020,#3029,#3080,#3111,#3135,#3159,#3176,#3198,#3215,#3232,
    #3244));
#17 = ADVANCED_FACE('',(#18),#116,.F.);
#18 = FACE_BOUND('',#19,.F.);
#19 = EDGE_LOOP('',(#20,#30,#38,#46,#54,#62,#70,#78,#86,#94,#102,#110));
#20 = ORIENTED_EDGE('',*,*,#21,.F.);
#21 = EDGE_CURVE('',#22,#24,#26,.T.);
#22 = VERTEX_POINT('',#23);
#23 = CARTESIAN_POINT('',(26.2,-67.,6.3));
#24 = VERTEX_POINT('',#25);
#25 = CARTESIAN_POINT('',(27.308947633367,-67.,6.3));
#26 = LINE('',#27,#28);
#27 = CARTESIAN_POINT('',(26.2,-67.,6.3));
#28 = VECTOR('',#29,1.);
#29 = DIRECTION('',(1.,0.,0.));
#30 = ORIENTED_EDGE('',*,*,#31,.T.);
#31 = EDGE_CURVE('',#22,#32,#34,.T.);
#32 = VERTEX_POINT('',#33);
#33 = CARTESIAN_POINT('',(26.2,-67.,13.59));
#34 = LINE('',#35,#36);
#35 = CARTESIAN_POINT('',(26.2,-67.,6.3));
#36 = VECTOR('',#37,1.);
#37 = DIRECTION('',(0.,0.,1.));
#38 = ORIENTED_EDGE('',*,*,#39,.T.);
#39 = EDGE_CURVE('',#32,#40,#42,.T.);
#40 = VERTEX_POINT('',#41);
#41 = CARTESIAN_POINT('',(47.8,-67.,13.59));
#42 = LINE('',#43,#44);
#43 = CARTESIAN_POINT('',(26.2,-67.,13.59));
#44 = VECTOR('',#45,1.);
#45 = DIRECTION('',(1.,0.,0.));
#46 = ORIENTED_EDGE('',*,*,#47,.F.);
#47 = EDGE_CURVE('',#48,#40,#50,.T.);
#48 = VERTEX_POINT('',#49);
#49 = CARTESIAN_POINT('',(47.8,-67.,6.3));
#50 = LINE('',#51,#52);
#51 = CARTESIAN_POINT('',(47.8,-67.,6.3));
#52 = VECTOR('',#53,1.);
#53 = DIRECTION('',(0.,0.,1.));
#54 = ORIENTED_EDGE('',*,*,#55,.F.);
#55 = EDGE_CURVE('',#56,#48,#58,.T.);
#56 = VERTEX_POINT('',#57);
#57 = CARTESIAN_POINT('',(47.040292180075,-67.,6.3));
#58 = LINE('',#59,#60);
#59 = CARTESIAN_POINT('',(26.2,-67.,6.3));
#60 = VECTOR('',#61,1.);
#61 = DIRECTION('',(1.,0.,0.));
#62 = ORIENTED_EDGE('',*,*,#63,.F.);
#63 = EDGE_CURVE('',#64,#56,#66,.T.);
#64 = VERTEX_POINT('',#65);
#65 = CARTESIAN_POINT('',(47.040292180075,-67.,6.75));
#66 = LINE('',#67,#68);
#67 = CARTESIAN_POINT('',(47.040292180075,-67.,5.3));
#68 = VECTOR('',#69,1.);
#69 = DIRECTION('',(-0.,-0.,-1.));
#70 = ORIENTED_EDGE('',*,*,#71,.F.);
#71 = EDGE_CURVE('',#72,#64,#74,.T.);
#72 = VERTEX_POINT('',#73);
#73 = CARTESIAN_POINT('',(43.959707819925,-67.,6.75));
#74 = LINE('',#75,#76);
#75 = CARTESIAN_POINT('',(35.85,-67.,6.75));
#76 = VECTOR('',#77,1.);
#77 = DIRECTION('',(1.,0.,0.));
#78 = ORIENTED_EDGE('',*,*,#79,.T.);
#79 = EDGE_CURVE('',#72,#80,#82,.T.);
#80 = VERTEX_POINT('',#81);
#81 = CARTESIAN_POINT('',(43.959707819925,-67.,6.3));
#82 = LINE('',#83,#84);
#83 = CARTESIAN_POINT('',(43.959707819925,-67.,5.3));
#84 = VECTOR('',#85,1.);
#85 = DIRECTION('',(-0.,-0.,-1.));
#86 = ORIENTED_EDGE('',*,*,#87,.F.);
#87 = EDGE_CURVE('',#88,#80,#90,.T.);
#88 = VERTEX_POINT('',#89);
#89 = CARTESIAN_POINT('',(31.491052366633,-67.,6.3));
#90 = LINE('',#91,#92);
#91 = CARTESIAN_POINT('',(26.2,-67.,6.3));
#92 = VECTOR('',#93,1.);
#93 = DIRECTION('',(1.,0.,0.));
#94 = ORIENTED_EDGE('',*,*,#95,.F.);
#95 = EDGE_CURVE('',#96,#88,#98,.T.);
#96 = VERTEX_POINT('',#97);
#97 = CARTESIAN_POINT('',(31.491052366633,-67.,6.75));
#98 = LINE('',#99,#100);
#99 = CARTESIAN_POINT('',(31.491052366633,-67.,5.3));
#100 = VECTOR('',#101,1.);
#101 = DIRECTION('',(-0.,-0.,-1.));
#102 = ORIENTED_EDGE('',*,*,#103,.F.);
#103 = EDGE_CURVE('',#104,#96,#106,.T.);
#104 = VERTEX_POINT('',#105);
#105 = CARTESIAN_POINT('',(27.308947633367,-67.,6.75));
#106 = LINE('',#107,#108);
#107 = CARTESIAN_POINT('',(27.8,-67.,6.75));
#108 = VECTOR('',#109,1.);
#109 = DIRECTION('',(1.,0.,0.));
#110 = ORIENTED_EDGE('',*,*,#111,.T.);
#111 = EDGE_CURVE('',#104,#24,#112,.T.);
#112 = LINE('',#113,#114);
#113 = CARTESIAN_POINT('',(27.308947633367,-67.,5.3));
#114 = VECTOR('',#115,1.);
#115 = DIRECTION('',(-0.,-0.,-1.));
#116 = PLANE('',#117);
#117 = AXIS2_PLACEMENT_3D('',#118,#119,#120);
#118 = CARTESIAN_POINT('',(26.2,-67.,6.3));
#119 = DIRECTION('',(0.,1.,0.));
#120 = DIRECTION('',(1.,0.,0.));
#121 = ADVANCED_FACE('',(#122),#189,.T.);
#122 = FACE_BOUND('',#123,.T.);
#123 = EDGE_LOOP('',(#124,#134,#141,#142,#151,#159,#167,#175,#183));
#124 = ORIENTED_EDGE('',*,*,#125,.T.);
#125 = EDGE_CURVE('',#126,#128,#130,.T.);
#126 = VERTEX_POINT('',#127);
#127 = CARTESIAN_POINT('',(26.229458346531,-65.8,6.3));
#128 = VERTEX_POINT('',#129);
#129 = CARTESIAN_POINT('',(27.367144864974,-65.8,6.3));
#130 = LINE('',#131,#132);
#131 = CARTESIAN_POINT('',(42.406927111653,-65.8,6.3));
#132 = VECTOR('',#133,1.);
#133 = DIRECTION('',(1.,0.,0.));
#134 = ORIENTED_EDGE('',*,*,#135,.F.);
#135 = EDGE_CURVE('',#24,#128,#136,.T.);
#136 = CIRCLE('',#137,2.15);
#137 = AXIS2_PLACEMENT_3D('',#138,#139,#140);
#138 = CARTESIAN_POINT('',(29.4,-66.5,6.3));
#139 = DIRECTION('',(0.,0.,-1.));
#140 = DIRECTION('',(1.,0.,0.));
#141 = ORIENTED_EDGE('',*,*,#21,.F.);
#142 = ORIENTED_EDGE('',*,*,#143,.F.);
#143 = EDGE_CURVE('',#144,#22,#146,.T.);
#144 = VERTEX_POINT('',#145);
#145 = CARTESIAN_POINT('',(25.,-65.8,6.3));
#146 = CIRCLE('',#147,1.2);
#147 = AXIS2_PLACEMENT_3D('',#148,#149,#150);
#148 = CARTESIAN_POINT('',(26.2,-65.8,6.3));
#149 = DIRECTION('',(0.,0.,1.));
#150 = DIRECTION('',(-1.,0.,0.));
#151 = ORIENTED_EDGE('',*,*,#152,.F.);
#152 = EDGE_CURVE('',#153,#144,#155,.T.);
#153 = VERTEX_POINT('',#154);
#154 = CARTESIAN_POINT('',(25.,-63.9,6.3));
#155 = LINE('',#156,#157);
#156 = CARTESIAN_POINT('',(25.,-13.4,6.3));
#157 = VECTOR('',#158,1.);
#158 = DIRECTION('',(0.,-1.,0.));
#159 = ORIENTED_EDGE('',*,*,#160,.F.);
#160 = EDGE_CURVE('',#161,#153,#163,.T.);
#161 = VERTEX_POINT('',#162);
#162 = CARTESIAN_POINT('',(26.2,-63.9,6.3));
#163 = LINE('',#164,#165);
#164 = CARTESIAN_POINT('',(28.521656284918,-63.9,6.3));
#165 = VECTOR('',#166,1.);
#166 = DIRECTION('',(-1.,0.,0.));
#167 = ORIENTED_EDGE('',*,*,#168,.T.);
#168 = EDGE_CURVE('',#161,#169,#171,.T.);
#169 = VERTEX_POINT('',#170);
#170 = CARTESIAN_POINT('',(26.2,-65.77054165346,6.3));
#171 = LINE('',#172,#173);
#172 = CARTESIAN_POINT('',(26.2,-52.43420966695,6.3));
#173 = VECTOR('',#174,1.);
#174 = DIRECTION('',(0.,-1.,0.));
#175 = ORIENTED_EDGE('',*,*,#176,.T.);
#176 = EDGE_CURVE('',#169,#177,#179,.T.);
#177 = VERTEX_POINT('',#178);
#178 = CARTESIAN_POINT('',(26.201379428774,-65.79862057122,6.3));
#179 = LINE('',#180,#181);
#180 = CARTESIAN_POINT('',(25.560148530937,-52.74606579013,6.3));
#181 = VECTOR('',#182,1.);
#182 = DIRECTION('',(4.906767432734E-02,-0.998795456205,0.));
#183 = ORIENTED_EDGE('',*,*,#184,.T.);
#184 = EDGE_CURVE('',#177,#126,#185,.T.);
#185 = LINE('',#186,#187);
#186 = CARTESIAN_POINT('',(30.969051124605,-66.03284126237,6.3));
#187 = VECTOR('',#188,1.);
#188 = DIRECTION('',(0.998795456205,-4.906767432757E-02,0.));
#189 = PLANE('',#190);
#190 = AXIS2_PLACEMENT_3D('',#191,#192,#193);
#191 = CARTESIAN_POINT('',(44.267066577077,-46.08685620723,6.3));
#192 = DIRECTION('',(-0.,-0.,-1.));
#193 = DIRECTION('',(-1.,0.,0.));
#194 = ADVANCED_FACE('',(#195),#214,.F.);
#195 = FACE_BOUND('',#196,.T.);
#196 = EDGE_LOOP('',(#197,#205,#212,#213));
#197 = ORIENTED_EDGE('',*,*,#198,.F.);
#198 = EDGE_CURVE('',#199,#128,#201,.T.);
#199 = VERTEX_POINT('',#200);
#200 = CARTESIAN_POINT('',(27.367144864974,-65.8,6.75));
#201 = LINE('',#202,#203);
#202 = CARTESIAN_POINT('',(27.367144864974,-65.8,5.3));
#203 = VECTOR('',#204,1.);
#204 = DIRECTION('',(-0.,-0.,-1.));
#205 = ORIENTED_EDGE('',*,*,#206,.T.);
#206 = EDGE_CURVE('',#199,#104,#207,.T.);
#207 = CIRCLE('',#208,2.15);
#208 = AXIS2_PLACEMENT_3D('',#209,#210,#211);
#209 = CARTESIAN_POINT('',(29.4,-66.5,6.75));
#210 = DIRECTION('',(0.,0.,1.));
#211 = DIRECTION('',(1.,0.,0.));
#212 = ORIENTED_EDGE('',*,*,#111,.T.);
#213 = ORIENTED_EDGE('',*,*,#135,.T.);
#214 = CYLINDRICAL_SURFACE('',#215,2.15);
#215 = AXIS2_PLACEMENT_3D('',#216,#217,#218);
#216 = CARTESIAN_POINT('',(29.4,-66.5,5.3));
#217 = DIRECTION('',(-0.,-0.,-1.));
#218 = DIRECTION('',(1.,0.,0.));
#219 = ADVANCED_FACE('',(#220),#248,.F.);
#220 = FACE_BOUND('',#221,.F.);
#221 = EDGE_LOOP('',(#222,#231,#240,#246,#247));
#222 = ORIENTED_EDGE('',*,*,#223,.T.);
#223 = EDGE_CURVE('',#96,#224,#226,.T.);
#224 = VERTEX_POINT('',#225);
#225 = CARTESIAN_POINT('',(31.55,-66.5,6.75));
#226 = CIRCLE('',#227,2.15);
#227 = AXIS2_PLACEMENT_3D('',#228,#229,#230);
#228 = CARTESIAN_POINT('',(29.4,-66.5,6.75));
#229 = DIRECTION('',(0.,0.,1.));
#230 = DIRECTION('',(1.,0.,0.));
#231 = ORIENTED_EDGE('',*,*,#232,.T.);
#232 = EDGE_CURVE('',#224,#233,#235,.T.);
#233 = VERTEX_POINT('',#234);
#234 = CARTESIAN_POINT('',(31.432855135026,-65.8,6.75));
#235 = CIRCLE('',#236,2.15);
#236 = AXIS2_PLACEMENT_3D('',#237,#238,#239);
#237 = CARTESIAN_POINT('',(29.4,-66.5,6.75));
#238 = DIRECTION('',(0.,0.,1.));
#239 = DIRECTION('',(1.,0.,0.));
#240 = ORIENTED_EDGE('',*,*,#241,.T.);
#241 = EDGE_CURVE('',#233,#199,#242,.T.);
#242 = LINE('',#243,#244);
#243 = CARTESIAN_POINT('',(38.585270826735,-65.8,6.75));
#244 = VECTOR('',#245,1.);
#245 = DIRECTION('',(-1.,0.,0.));
#246 = ORIENTED_EDGE('',*,*,#206,.T.);
#247 = ORIENTED_EDGE('',*,*,#103,.T.);
#248 = PLANE('',#249);
#249 = AXIS2_PLACEMENT_3D('',#250,#251,#252);
#250 = CARTESIAN_POINT('',(29.4,-66.5,6.75));
#251 = DIRECTION('',(0.,0.,1.));
#252 = DIRECTION('',(1.,0.,0.));
#253 = ADVANCED_FACE('',(#254),#283,.F.);
#254 = FACE_BOUND('',#255,.T.);
#255 = EDGE_LOOP('',(#256,#257,#265,#274,#281,#282));
#256 = ORIENTED_EDGE('',*,*,#232,.T.);
#257 = ORIENTED_EDGE('',*,*,#258,.T.);
#258 = EDGE_CURVE('',#233,#259,#261,.T.);
#259 = VERTEX_POINT('',#260);
#260 = CARTESIAN_POINT('',(31.432855135026,-65.8,6.3));
#261 = LINE('',#262,#263);
#262 = CARTESIAN_POINT('',(31.432855135026,-65.8,5.3));
#263 = VECTOR('',#264,1.);
#264 = DIRECTION('',(-0.,-0.,-1.));
#265 = ORIENTED_EDGE('',*,*,#266,.T.);
#266 = EDGE_CURVE('',#259,#267,#269,.T.);
#267 = VERTEX_POINT('',#268);
#268 = CARTESIAN_POINT('',(31.55,-66.5,6.3));
#269 = CIRCLE('',#270,2.15);
#270 = AXIS2_PLACEMENT_3D('',#271,#272,#273);
#271 = CARTESIAN_POINT('',(29.4,-66.5,6.3));
#272 = DIRECTION('',(0.,0.,-1.));
#273 = DIRECTION('',(1.,0.,0.));
#274 = ORIENTED_EDGE('',*,*,#275,.T.);
#275 = EDGE_CURVE('',#267,#88,#276,.T.);
#276 = CIRCLE('',#277,2.15);
#277 = AXIS2_PLACEMENT_3D('',#278,#279,#280);
#278 = CARTESIAN_POINT('',(29.4,-66.5,6.3));
#279 = DIRECTION('',(0.,0.,-1.));
#280 = DIRECTION('',(1.,0.,0.));
#281 = ORIENTED_EDGE('',*,*,#95,.F.);
#282 = ORIENTED_EDGE('',*,*,#223,.T.);
#283 = CYLINDRICAL_SURFACE('',#284,2.15);
#284 = AXIS2_PLACEMENT_3D('',#285,#286,#287);
#285 = CARTESIAN_POINT('',(29.4,-66.5,5.3));
#286 = DIRECTION('',(-0.,-0.,-1.));
#287 = DIRECTION('',(1.,0.,0.));
#288 = ADVANCED_FACE('',(#289,#335),#346,.T.);
#289 = FACE_BOUND('',#290,.T.);
#290 = EDGE_LOOP('',(#291,#302,#310,#317,#318,#319,#320,#328));
#291 = ORIENTED_EDGE('',*,*,#292,.F.);
#292 = EDGE_CURVE('',#293,#295,#297,.T.);
#293 = VERTEX_POINT('',#294);
#294 = CARTESIAN_POINT('',(38.687447478064,-65.8,6.3));
#295 = VERTEX_POINT('',#296);
#296 = CARTESIAN_POINT('',(39.05,-64.7,6.3));
#297 = CIRCLE('',#298,1.85);
#298 = AXIS2_PLACEMENT_3D('',#299,#300,#301);
#299 = CARTESIAN_POINT('',(37.2,-64.7,6.3));
#300 = DIRECTION('',(0.,0.,1.));
#301 = DIRECTION('',(1.,0.,0.));
#302 = ORIENTED_EDGE('',*,*,#303,.T.);
#303 = EDGE_CURVE('',#293,#304,#306,.T.);
#304 = VERTEX_POINT('',#305);
#305 = CARTESIAN_POINT('',(43.371033114396,-65.8,6.3));
#306 = LINE('',#307,#308);
#307 = CARTESIAN_POINT('',(42.406927111653,-65.8,6.3));
#308 = VECTOR('',#309,1.);
#309 = DIRECTION('',(1.,0.,0.));
#310 = ORIENTED_EDGE('',*,*,#311,.F.);
#311 = EDGE_CURVE('',#80,#304,#312,.T.);
#312 = CIRCLE('',#313,2.15);
#313 = AXIS2_PLACEMENT_3D('',#314,#315,#316);
#314 = CARTESIAN_POINT('',(45.5,-65.5,6.3));
#315 = DIRECTION('',(0.,0.,-1.));
#316 = DIRECTION('',(1.,0.,0.));
#317 = ORIENTED_EDGE('',*,*,#87,.F.);
#318 = ORIENTED_EDGE('',*,*,#275,.F.);
#319 = ORIENTED_EDGE('',*,*,#266,.F.);
#320 = ORIENTED_EDGE('',*,*,#321,.T.);
#321 = EDGE_CURVE('',#259,#322,#324,.T.);
#322 = VERTEX_POINT('',#323);
#323 = CARTESIAN_POINT('',(35.712552521936,-65.8,6.3));
#324 = LINE('',#325,#326);
#325 = CARTESIAN_POINT('',(42.406927111653,-65.8,6.3));
#326 = VECTOR('',#327,1.);
#327 = DIRECTION('',(1.,0.,0.));
#328 = ORIENTED_EDGE('',*,*,#329,.F.);
#329 = EDGE_CURVE('',#295,#322,#330,.T.);
#330 = CIRCLE('',#331,1.85);
#331 = AXIS2_PLACEMENT_3D('',#332,#333,#334);
#332 = CARTESIAN_POINT('',(37.2,-64.7,6.3));
#333 = DIRECTION('',(0.,0.,1.));
#334 = DIRECTION('',(1.,0.,0.));
#335 = FACE_BOUND('',#336,.T.);
#336 = EDGE_LOOP('',(#337));
#337 = ORIENTED_EDGE('',*,*,#338,.F.);
#338 = EDGE_CURVE('',#339,#339,#341,.T.);
#339 = VERTEX_POINT('',#340);
#340 = CARTESIAN_POINT('',(38.8,-64.7,6.3));
#341 = CIRCLE('',#342,1.6);
#342 = AXIS2_PLACEMENT_3D('',#343,#344,#345);
#343 = CARTESIAN_POINT('',(37.2,-64.7,6.3));
#344 = DIRECTION('',(0.,0.,-1.));
#345 = DIRECTION('',(1.,0.,0.));
#346 = PLANE('',#347);
#347 = AXIS2_PLACEMENT_3D('',#348,#349,#350);
#348 = CARTESIAN_POINT('',(44.267066577077,-46.08685620723,6.3));
#349 = DIRECTION('',(-0.,-0.,-1.));
#350 = DIRECTION('',(-1.,0.,0.));
#351 = ADVANCED_FACE('',(#352),#371,.F.);
#352 = FACE_BOUND('',#353,.T.);
#353 = EDGE_LOOP('',(#354,#362,#369,#370));
#354 = ORIENTED_EDGE('',*,*,#355,.F.);
#355 = EDGE_CURVE('',#356,#304,#358,.T.);
#356 = VERTEX_POINT('',#357);
#357 = CARTESIAN_POINT('',(43.371033114396,-65.8,6.75));
#358 = LINE('',#359,#360);
#359 = CARTESIAN_POINT('',(43.371033114396,-65.8,5.3));
#360 = VECTOR('',#361,1.);
#361 = DIRECTION('',(-0.,-0.,-1.));
#362 = ORIENTED_EDGE('',*,*,#363,.T.);
#363 = EDGE_CURVE('',#356,#72,#364,.T.);
#364 = CIRCLE('',#365,2.15);
#365 = AXIS2_PLACEMENT_3D('',#366,#367,#368);
#366 = CARTESIAN_POINT('',(45.5,-65.5,6.75));
#367 = DIRECTION('',(0.,0.,1.));
#368 = DIRECTION('',(1.,0.,0.));
#369 = ORIENTED_EDGE('',*,*,#79,.T.);
#370 = ORIENTED_EDGE('',*,*,#311,.T.);
#371 = CYLINDRICAL_SURFACE('',#372,2.15);
#372 = AXIS2_PLACEMENT_3D('',#373,#374,#375);
#373 = CARTESIAN_POINT('',(45.5,-65.5,5.3));
#374 = DIRECTION('',(-0.,-0.,-1.));
#375 = DIRECTION('',(1.,0.,0.));
#376 = ADVANCED_FACE('',(#377),#396,.F.);
#377 = FACE_BOUND('',#378,.F.);
#378 = EDGE_LOOP('',(#379,#387,#388,#389));
#379 = ORIENTED_EDGE('',*,*,#380,.T.);
#380 = EDGE_CURVE('',#381,#356,#383,.T.);
#381 = VERTEX_POINT('',#382);
#382 = CARTESIAN_POINT('',(47.628966885604,-65.8,6.75));
#383 = LINE('',#384,#385);
#384 = CARTESIAN_POINT('',(46.635270826735,-65.8,6.75));
#385 = VECTOR('',#386,1.);
#386 = DIRECTION('',(-1.,0.,0.));
#387 = ORIENTED_EDGE('',*,*,#363,.T.);
#388 = ORIENTED_EDGE('',*,*,#71,.T.);
#389 = ORIENTED_EDGE('',*,*,#390,.T.);
#390 = EDGE_CURVE('',#64,#381,#391,.T.);
#391 = CIRCLE('',#392,2.15);
#392 = AXIS2_PLACEMENT_3D('',#393,#394,#395);
#393 = CARTESIAN_POINT('',(45.5,-65.5,6.75));
#394 = DIRECTION('',(0.,0.,1.));
#395 = DIRECTION('',(1.,0.,0.));
#396 = PLANE('',#397);
#397 = AXIS2_PLACEMENT_3D('',#398,#399,#400);
#398 = CARTESIAN_POINT('',(45.5,-65.5,6.75));
#399 = DIRECTION('',(0.,0.,1.));
#400 = DIRECTION('',(1.,0.,0.));
#401 = ADVANCED_FACE('',(#402),#421,.F.);
#402 = FACE_BOUND('',#403,.T.);
#403 = EDGE_LOOP('',(#404,#405,#413,#420));
#404 = ORIENTED_EDGE('',*,*,#390,.T.);
#405 = ORIENTED_EDGE('',*,*,#406,.T.);
#406 = EDGE_CURVE('',#381,#407,#409,.T.);
#407 = VERTEX_POINT('',#408);
#408 = CARTESIAN_POINT('',(47.628966885604,-65.8,6.3));
#409 = LINE('',#410,#411);
#410 = CARTESIAN_POINT('',(47.628966885604,-65.8,5.3));
#411 = VECTOR('',#412,1.);
#412 = DIRECTION('',(-0.,-0.,-1.));
#413 = ORIENTED_EDGE('',*,*,#414,.T.);
#414 = EDGE_CURVE('',#407,#56,#415,.T.);
#415 = CIRCLE('',#416,2.15);
#416 = AXIS2_PLACEMENT_3D('',#417,#418,#419);
#417 = CARTESIAN_POINT('',(45.5,-65.5,6.3));
#418 = DIRECTION('',(0.,0.,-1.));
#419 = DIRECTION('',(1.,0.,0.));
#420 = ORIENTED_EDGE('',*,*,#63,.F.);
#421 = CYLINDRICAL_SURFACE('',#422,2.15);
#422 = AXIS2_PLACEMENT_3D('',#423,#424,#425);
#423 = CARTESIAN_POINT('',(45.5,-65.5,5.3));
#424 = DIRECTION('',(-0.,-0.,-1.));
#425 = DIRECTION('',(1.,0.,0.));
#426 = ADVANCED_FACE('',(#427,#560),#571,.T.);
#427 = FACE_BOUND('',#428,.T.);
#428 = EDGE_LOOP('',(#429,#430,#438,#446,#454,#462,#471,#479,#487,#495,
    #503,#511,#519,#527,#535,#544,#552,#559));
#429 = ORIENTED_EDGE('',*,*,#414,.F.);
#430 = ORIENTED_EDGE('',*,*,#431,.T.);
#431 = EDGE_CURVE('',#407,#432,#434,.T.);
#432 = VERTEX_POINT('',#433);
#433 = CARTESIAN_POINT('',(47.770541653469,-65.8,6.3));
#434 = LINE('',#435,#436);
#435 = CARTESIAN_POINT('',(42.406927111653,-65.8,6.3));
#436 = VECTOR('',#437,1.);
#437 = DIRECTION('',(1.,0.,0.));
#438 = ORIENTED_EDGE('',*,*,#439,.T.);
#439 = EDGE_CURVE('',#432,#440,#442,.T.);
#440 = VERTEX_POINT('',#441);
#441 = CARTESIAN_POINT('',(47.798620571226,-65.79862057122,6.3));
#442 = LINE('',#443,#444);
#443 = CARTESIAN_POINT('',(43.088196623178,-66.03002886087,6.3));
#444 = VECTOR('',#445,1.);
#445 = DIRECTION('',(0.998795456205,4.906767432757E-02,0.));
#446 = ORIENTED_EDGE('',*,*,#447,.T.);
#447 = EDGE_CURVE('',#440,#448,#450,.T.);
#448 = VERTEX_POINT('',#449);
#449 = CARTESIAN_POINT('',(47.8,-65.77054165346,6.3));
#450 = LINE('',#451,#452);
#451 = CARTESIAN_POINT('',(48.440645464384,-52.72990364414,6.3));
#452 = VECTOR('',#453,1.);
#453 = DIRECTION('',(4.906767432757E-02,0.998795456205,0.));
#454 = ORIENTED_EDGE('',*,*,#455,.T.);
#455 = EDGE_CURVE('',#448,#456,#458,.T.);
#456 = VERTEX_POINT('',#457);
#457 = CARTESIAN_POINT('',(47.8,-54.46808273176,6.3));
#458 = LINE('',#459,#460);
#459 = CARTESIAN_POINT('',(47.8,-25.66366801349,6.3));
#460 = VECTOR('',#461,1.);
#461 = DIRECTION('',(0.,1.,0.));
#462 = ORIENTED_EDGE('',*,*,#463,.F.);
#463 = EDGE_CURVE('',#464,#456,#466,.T.);
#464 = VERTEX_POINT('',#465);
#465 = CARTESIAN_POINT('',(47.8,-51.13191726823,6.3));
#466 = CIRCLE('',#467,1.85);
#467 = AXIS2_PLACEMENT_3D('',#468,#469,#470);
#468 = CARTESIAN_POINT('',(47.,-52.8,6.3));
#469 = DIRECTION('',(0.,0.,1.));
#470 = DIRECTION('',(1.,0.,0.));
#471 = ORIENTED_EDGE('',*,*,#472,.T.);
#472 = EDGE_CURVE('',#464,#473,#475,.T.);
#473 = VERTEX_POINT('',#474);
#474 = CARTESIAN_POINT('',(47.8,-12.22945834653,6.3));
#475 = LINE('',#476,#477);
#476 = CARTESIAN_POINT('',(47.8,-25.66366801349,6.3));
#477 = VECTOR('',#478,1.);
#478 = DIRECTION('',(0.,1.,0.));
#479 = ORIENTED_EDGE('',*,*,#480,.T.);
#480 = EDGE_CURVE('',#473,#481,#483,.T.);
#481 = VERTEX_POINT('',#482);
#482 = CARTESIAN_POINT('',(47.798620571226,-12.20137942877,6.3));
#483 = LINE('',#484,#485);
#484 = CARTESIAN_POINT('',(48.444752595167,-25.35369892353,6.3));
#485 = VECTOR('',#486,1.);
#486 = DIRECTION('',(-4.906767432758E-02,0.998795456205,0.));
#487 = ORIENTED_EDGE('',*,*,#488,.T.);
#488 = EDGE_CURVE('',#481,#489,#491,.T.);
#489 = VERTEX_POINT('',#490);
#490 = CARTESIAN_POINT('',(47.770541653469,-12.2,6.3));
#491 = LINE('',#492,#493);
#492 = CARTESIAN_POINT('',(43.078954009468,-11.96951707863,6.3));
#493 = VECTOR('',#494,1.);
#494 = DIRECTION('',(-0.998795456205,4.906767432741E-02,0.));
#495 = ORIENTED_EDGE('',*,*,#496,.T.);
#496 = EDGE_CURVE('',#489,#497,#499,.T.);
#497 = VERTEX_POINT('',#498);
#498 = CARTESIAN_POINT('',(47.,-12.2,6.3));
#499 = LINE('',#500,#501);
#500 = CARTESIAN_POINT('',(32.236385458184,-12.2,6.3));
#501 = VECTOR('',#502,1.);
#502 = DIRECTION('',(-1.,0.,0.));
#503 = ORIENTED_EDGE('',*,*,#504,.T.);
#504 = EDGE_CURVE('',#497,#505,#507,.T.);
#505 = VERTEX_POINT('',#506);
#506 = CARTESIAN_POINT('',(47.,-11.4,6.3));
#507 = LINE('',#508,#509);
#508 = CARTESIAN_POINT('',(47.,-43.59893884022,6.3));
#509 = VECTOR('',#510,1.);
#510 = DIRECTION('',(0.,1.,0.));
#511 = ORIENTED_EDGE('',*,*,#512,.T.);
#512 = EDGE_CURVE('',#505,#513,#515,.T.);
#513 = VERTEX_POINT('',#514);
#514 = CARTESIAN_POINT('',(43.7,-11.4,6.3));
#515 = LINE('',#516,#517);
#516 = CARTESIAN_POINT('',(32.221656284918,-11.4,6.3));
#517 = VECTOR('',#518,1.);
#518 = DIRECTION('',(-1.,0.,0.));
#519 = ORIENTED_EDGE('',*,*,#520,.T.);
#520 = EDGE_CURVE('',#513,#521,#523,.T.);
#521 = VERTEX_POINT('',#522);
#522 = CARTESIAN_POINT('',(43.7,-11.,6.3));
#523 = LINE('',#524,#525);
#524 = CARTESIAN_POINT('',(43.7,-29.54893884022,6.3));
#525 = VECTOR('',#526,1.);
#526 = DIRECTION('',(0.,1.,0.));
#527 = ORIENTED_EDGE('',*,*,#528,.F.);
#528 = EDGE_CURVE('',#529,#521,#531,.T.);
#529 = VERTEX_POINT('',#530);
#530 = CARTESIAN_POINT('',(47.8,-11.,6.3));
#531 = LINE('',#532,#533);
#532 = CARTESIAN_POINT('',(47.8,-11.,6.3));
#533 = VECTOR('',#534,1.);
#534 = DIRECTION('',(-1.,0.,0.));
#535 = ORIENTED_EDGE('',*,*,#536,.F.);
#536 = EDGE_CURVE('',#537,#529,#539,.T.);
#537 = VERTEX_POINT('',#538);
#538 = CARTESIAN_POINT('',(49.,-12.2,6.3));
#539 = CIRCLE('',#540,1.2);
#540 = AXIS2_PLACEMENT_3D('',#541,#542,#543);
#541 = CARTESIAN_POINT('',(47.8,-12.2,6.3));
#542 = DIRECTION('',(-0.,0.,1.));
#543 = DIRECTION('',(1.,-4.44E-15,0.));
#544 = ORIENTED_EDGE('',*,*,#545,.F.);
#545 = EDGE_CURVE('',#546,#537,#548,.T.);
#546 = VERTEX_POINT('',#547);
#547 = CARTESIAN_POINT('',(49.,-65.8,6.3));
#548 = LINE('',#549,#550);
#549 = CARTESIAN_POINT('',(49.,-65.8,6.3));
#550 = VECTOR('',#551,1.);
#551 = DIRECTION('',(0.,1.,0.));
#552 = ORIENTED_EDGE('',*,*,#553,.F.);
#553 = EDGE_CURVE('',#48,#546,#554,.T.);
#554 = CIRCLE('',#555,1.2);
#555 = AXIS2_PLACEMENT_3D('',#556,#557,#558);
#556 = CARTESIAN_POINT('',(47.8,-65.8,6.3));
#557 = DIRECTION('',(0.,0.,1.));
#558 = DIRECTION('',(-5.92E-15,-1.,0.));
#559 = ORIENTED_EDGE('',*,*,#55,.F.);
#560 = FACE_BOUND('',#561,.T.);
#561 = EDGE_LOOP('',(#562));
#562 = ORIENTED_EDGE('',*,*,#563,.F.);
#563 = EDGE_CURVE('',#564,#564,#566,.T.);
#564 = VERTEX_POINT('',#565);
#565 = CARTESIAN_POINT('',(48.6,-52.8,6.3));
#566 = CIRCLE('',#567,1.6);
#567 = AXIS2_PLACEMENT_3D('',#568,#569,#570);
#568 = CARTESIAN_POINT('',(47.,-52.8,6.3));
#569 = DIRECTION('',(0.,0.,-1.));
#570 = DIRECTION('',(1.,0.,0.));
#571 = PLANE('',#572);
#572 = AXIS2_PLACEMENT_3D('',#573,#574,#575);
#573 = CARTESIAN_POINT('',(44.267066577077,-46.08685620723,6.3));
#574 = DIRECTION('',(-0.,-0.,-1.));
#575 = DIRECTION('',(-1.,0.,0.));
#576 = ADVANCED_FACE('',(#577),#596,.T.);
#577 = FACE_BOUND('',#578,.F.);
#578 = EDGE_LOOP('',(#579,#580,#589,#595));
#579 = ORIENTED_EDGE('',*,*,#47,.T.);
#580 = ORIENTED_EDGE('',*,*,#581,.T.);
#581 = EDGE_CURVE('',#40,#582,#584,.T.);
#582 = VERTEX_POINT('',#583);
#583 = CARTESIAN_POINT('',(49.,-65.8,13.59));
#584 = CIRCLE('',#585,1.2);
#585 = AXIS2_PLACEMENT_3D('',#586,#587,#588);
#586 = CARTESIAN_POINT('',(47.8,-65.8,13.59));
#587 = DIRECTION('',(0.,0.,1.));
#588 = DIRECTION('',(-5.92E-15,-1.,0.));
#589 = ORIENTED_EDGE('',*,*,#590,.F.);
#590 = EDGE_CURVE('',#546,#582,#591,.T.);
#591 = LINE('',#592,#593);
#592 = CARTESIAN_POINT('',(49.,-65.8,6.3));
#593 = VECTOR('',#594,1.);
#594 = DIRECTION('',(0.,0.,1.));
#595 = ORIENTED_EDGE('',*,*,#553,.F.);
#596 = CYLINDRICAL_SURFACE('',#597,1.2);
#597 = AXIS2_PLACEMENT_3D('',#598,#599,#600);
#598 = CARTESIAN_POINT('',(47.8,-65.8,6.3));
#599 = DIRECTION('',(-0.,-0.,-1.));
#600 = DIRECTION('',(-5.92E-15,-1.,0.));
#601 = ADVANCED_FACE('',(#602,#655),#725,.T.);
#602 = FACE_BOUND('',#603,.T.);
#603 = EDGE_LOOP('',(#604,#614,#623,#631,#638,#639,#640,#648));
#604 = ORIENTED_EDGE('',*,*,#605,.T.);
#605 = EDGE_CURVE('',#606,#608,#610,.T.);
#606 = VERTEX_POINT('',#607);
#607 = CARTESIAN_POINT('',(47.8,-11.,13.59));
#608 = VERTEX_POINT('',#609);
#609 = CARTESIAN_POINT('',(27.4,-11.,13.59));
#610 = LINE('',#611,#612);
#611 = CARTESIAN_POINT('',(47.8,-11.,13.59));
#612 = VECTOR('',#613,1.);
#613 = DIRECTION('',(-1.,0.,0.));
#614 = ORIENTED_EDGE('',*,*,#615,.T.);
#615 = EDGE_CURVE('',#608,#616,#618,.T.);
#616 = VERTEX_POINT('',#617);
#617 = CARTESIAN_POINT('',(25.,-13.4,13.59));
#618 = CIRCLE('',#619,2.4);
#619 = AXIS2_PLACEMENT_3D('',#620,#621,#622);
#620 = CARTESIAN_POINT('',(27.4,-13.4,13.59));
#621 = DIRECTION('',(0.,-0.,1.));
#622 = DIRECTION('',(0.,1.,0.));
#623 = ORIENTED_EDGE('',*,*,#624,.T.);
#624 = EDGE_CURVE('',#616,#625,#627,.T.);
#625 = VERTEX_POINT('',#626);
#626 = CARTESIAN_POINT('',(25.,-65.8,13.59));
#627 = LINE('',#628,#629);
#628 = CARTESIAN_POINT('',(25.,-13.4,13.59));
#629 = VECTOR('',#630,1.);
#630 = DIRECTION('',(0.,-1.,0.));
#631 = ORIENTED_EDGE('',*,*,#632,.T.);
#632 = EDGE_CURVE('',#625,#32,#633,.T.);
#633 = CIRCLE('',#634,1.2);
#634 = AXIS2_PLACEMENT_3D('',#635,#636,#637);
#635 = CARTESIAN_POINT('',(26.2,-65.8,13.59));
#636 = DIRECTION('',(0.,0.,1.));
#637 = DIRECTION('',(-1.,0.,0.));
#638 = ORIENTED_EDGE('',*,*,#39,.T.);
#639 = ORIENTED_EDGE('',*,*,#581,.T.);
#640 = ORIENTED_EDGE('',*,*,#641,.T.);
#641 = EDGE_CURVE('',#582,#642,#644,.T.);
#642 = VERTEX_POINT('',#643);
#643 = CARTESIAN_POINT('',(49.,-12.2,13.59));
#644 = LINE('',#645,#646);
#645 = CARTESIAN_POINT('',(49.,-65.8,13.59));
#646 = VECTOR('',#647,1.);
#647 = DIRECTION('',(0.,1.,0.));
#648 = ORIENTED_EDGE('',*,*,#649,.T.);
#649 = EDGE_CURVE('',#642,#606,#650,.T.);
#650 = CIRCLE('',#651,1.2);
#651 = AXIS2_PLACEMENT_3D('',#652,#653,#654);
#652 = CARTESIAN_POINT('',(47.8,-12.2,13.59));
#653 = DIRECTION('',(-0.,0.,1.));
#654 = DIRECTION('',(1.,-4.44E-15,0.));
#655 = FACE_BOUND('',#656,.T.);
#656 = EDGE_LOOP('',(#657,#667,#676,#684,#693,#701,#710,#718));
#657 = ORIENTED_EDGE('',*,*,#658,.F.);
#658 = EDGE_CURVE('',#659,#661,#663,.T.);
#659 = VERTEX_POINT('',#660);
#660 = CARTESIAN_POINT('',(46.7,-12.2,13.59));
#661 = VERTEX_POINT('',#662);
#662 = CARTESIAN_POINT('',(27.3,-12.2,13.59));
#663 = LINE('',#664,#665);
#664 = CARTESIAN_POINT('',(46.7,-12.2,13.59));
#665 = VECTOR('',#666,1.);
#666 = DIRECTION('',(-1.,0.,0.));
#667 = ORIENTED_EDGE('',*,*,#668,.F.);
#668 = EDGE_CURVE('',#669,#659,#671,.T.);
#669 = VERTEX_POINT('',#670);
#670 = CARTESIAN_POINT('',(47.8,-13.3,13.59));
#671 = CIRCLE('',#672,1.1);
#672 = AXIS2_PLACEMENT_3D('',#673,#674,#675);
#673 = CARTESIAN_POINT('',(46.7,-13.3,13.59));
#674 = DIRECTION('',(0.,0.,1.));
#675 = DIRECTION('',(1.,0.,0.));
#676 = ORIENTED_EDGE('',*,*,#677,.F.);
#677 = EDGE_CURVE('',#678,#669,#680,.T.);
#678 = VERTEX_POINT('',#679);
#679 = CARTESIAN_POINT('',(47.8,-64.7,13.59));
#680 = LINE('',#681,#682);
#681 = CARTESIAN_POINT('',(47.8,-64.7,13.59));
#682 = VECTOR('',#683,1.);
#683 = DIRECTION('',(0.,1.,0.));
#684 = ORIENTED_EDGE('',*,*,#685,.F.);
#685 = EDGE_CURVE('',#686,#678,#688,.T.);
#686 = VERTEX_POINT('',#687);
#687 = CARTESIAN_POINT('',(46.7,-65.8,13.59));
#688 = CIRCLE('',#689,1.1);
#689 = AXIS2_PLACEMENT_3D('',#690,#691,#692);
#690 = CARTESIAN_POINT('',(46.7,-64.7,13.59));
#691 = DIRECTION('',(-0.,0.,1.));
#692 = DIRECTION('',(6.46E-15,-1.,0.));
#693 = ORIENTED_EDGE('',*,*,#694,.F.);
#694 = EDGE_CURVE('',#695,#686,#697,.T.);
#695 = VERTEX_POINT('',#696);
#696 = CARTESIAN_POINT('',(27.3,-65.8,13.59));
#697 = LINE('',#698,#699);
#698 = CARTESIAN_POINT('',(27.3,-65.8,13.59));
#699 = VECTOR('',#700,1.);
#700 = DIRECTION('',(1.,0.,0.));
#701 = ORIENTED_EDGE('',*,*,#702,.F.);
#702 = EDGE_CURVE('',#703,#695,#705,.T.);
#703 = VERTEX_POINT('',#704);
#704 = CARTESIAN_POINT('',(26.2,-64.7,13.59));
#705 = CIRCLE('',#706,1.1);
#706 = AXIS2_PLACEMENT_3D('',#707,#708,#709);
#707 = CARTESIAN_POINT('',(27.3,-64.7,13.59));
#708 = DIRECTION('',(0.,0.,1.));
#709 = DIRECTION('',(-1.,0.,0.));
#710 = ORIENTED_EDGE('',*,*,#711,.F.);
#711 = EDGE_CURVE('',#712,#703,#714,.T.);
#712 = VERTEX_POINT('',#713);
#713 = CARTESIAN_POINT('',(26.2,-13.3,13.59));
#714 = LINE('',#715,#716);
#715 = CARTESIAN_POINT('',(26.2,-13.3,13.59));
#716 = VECTOR('',#717,1.);
#717 = DIRECTION('',(0.,-1.,0.));
#718 = ORIENTED_EDGE('',*,*,#719,.F.);
#719 = EDGE_CURVE('',#661,#712,#720,.T.);
#720 = CIRCLE('',#721,1.1);
#721 = AXIS2_PLACEMENT_3D('',#722,#723,#724);
#722 = CARTESIAN_POINT('',(27.3,-13.3,13.59));
#723 = DIRECTION('',(0.,0.,1.));
#724 = DIRECTION('',(-3.23E-15,1.,0.));
#725 = PLANE('',#726);
#726 = AXIS2_PLACEMENT_3D('',#727,#728,#729);
#727 = CARTESIAN_POINT('',(37.043312569837,-39.09787768044,13.59));
#728 = DIRECTION('',(0.,0.,1.));
#729 = DIRECTION('',(1.,0.,0.));
#730 = ADVANCED_FACE('',(#731),#742,.T.);
#731 = FACE_BOUND('',#732,.F.);
#732 = EDGE_LOOP('',(#733,#739,#740,#741));
#733 = ORIENTED_EDGE('',*,*,#734,.T.);
#734 = EDGE_CURVE('',#144,#625,#735,.T.);
#735 = LINE('',#736,#737);
#736 = CARTESIAN_POINT('',(25.,-65.8,6.3));
#737 = VECTOR('',#738,1.);
#738 = DIRECTION('',(0.,0.,1.));
#739 = ORIENTED_EDGE('',*,*,#632,.T.);
#740 = ORIENTED_EDGE('',*,*,#31,.F.);
#741 = ORIENTED_EDGE('',*,*,#143,.F.);
#742 = CYLINDRICAL_SURFACE('',#743,1.2);
#743 = AXIS2_PLACEMENT_3D('',#744,#745,#746);
#744 = CARTESIAN_POINT('',(26.2,-65.8,6.3));
#745 = DIRECTION('',(-0.,-0.,-1.));
#746 = DIRECTION('',(-1.,0.,0.));
#747 = ADVANCED_FACE('',(#748),#804,.F.);
#748 = FACE_BOUND('',#749,.F.);
#749 = EDGE_LOOP('',(#750,#758,#759,#760,#761,#762,#763,#771,#779,#785,
    #786,#787,#788,#789,#790,#798));
#750 = ORIENTED_EDGE('',*,*,#751,.F.);
#751 = EDGE_CURVE('',#126,#752,#754,.T.);
#752 = VERTEX_POINT('',#753);
#753 = CARTESIAN_POINT('',(26.229458346531,-65.8,12.19));
#754 = LINE('',#755,#756);
#755 = CARTESIAN_POINT('',(26.229458346531,-65.8,6.2));
#756 = VECTOR('',#757,1.);
#757 = DIRECTION('',(0.,0.,1.));
#758 = ORIENTED_EDGE('',*,*,#125,.T.);
#759 = ORIENTED_EDGE('',*,*,#198,.F.);
#760 = ORIENTED_EDGE('',*,*,#241,.F.);
#761 = ORIENTED_EDGE('',*,*,#258,.T.);
#762 = ORIENTED_EDGE('',*,*,#321,.T.);
#763 = ORIENTED_EDGE('',*,*,#764,.F.);
#764 = EDGE_CURVE('',#765,#322,#767,.T.);
#765 = VERTEX_POINT('',#766);
#766 = CARTESIAN_POINT('',(35.712552521936,-65.8,11.6));
#767 = LINE('',#768,#769);
#768 = CARTESIAN_POINT('',(35.712552521936,-65.8,6.3));
#769 = VECTOR('',#770,1.);
#770 = DIRECTION('',(-0.,-0.,-1.));
#771 = ORIENTED_EDGE('',*,*,#772,.F.);
#772 = EDGE_CURVE('',#773,#765,#775,.T.);
#773 = VERTEX_POINT('',#774);
#774 = CARTESIAN_POINT('',(38.687447478064,-65.8,11.6));
#775 = LINE('',#776,#777);
#776 = CARTESIAN_POINT('',(42.485270826735,-65.8,11.6));
#777 = VECTOR('',#778,1.);
#778 = DIRECTION('',(-1.,0.,0.));
#779 = ORIENTED_EDGE('',*,*,#780,.T.);
#780 = EDGE_CURVE('',#773,#293,#781,.T.);
#781 = LINE('',#782,#783);
#782 = CARTESIAN_POINT('',(38.687447478064,-65.8,6.3));
#783 = VECTOR('',#784,1.);
#784 = DIRECTION('',(-0.,-0.,-1.));
#785 = ORIENTED_EDGE('',*,*,#303,.T.);
#786 = ORIENTED_EDGE('',*,*,#355,.F.);
#787 = ORIENTED_EDGE('',*,*,#380,.F.);
#788 = ORIENTED_EDGE('',*,*,#406,.T.);
#789 = ORIENTED_EDGE('',*,*,#431,.T.);
#790 = ORIENTED_EDGE('',*,*,#791,.T.);
#791 = EDGE_CURVE('',#432,#792,#794,.T.);
#792 = VERTEX_POINT('',#793);
#793 = CARTESIAN_POINT('',(47.770541653469,-65.8,12.19));
#794 = LINE('',#795,#796);
#795 = CARTESIAN_POINT('',(47.770541653469,-65.8,6.2));
#796 = VECTOR('',#797,1.);
#797 = DIRECTION('',(0.,0.,1.));
#798 = ORIENTED_EDGE('',*,*,#799,.T.);
#799 = EDGE_CURVE('',#792,#752,#800,.T.);
#800 = LINE('',#801,#802);
#801 = CARTESIAN_POINT('',(47.770541653469,-65.8,12.19));
#802 = VECTOR('',#803,1.);
#803 = DIRECTION('',(-1.,0.,0.));
#804 = PLANE('',#805);
#805 = AXIS2_PLACEMENT_3D('',#806,#807,#808);
#806 = CARTESIAN_POINT('',(47.770541653469,-65.8,6.2));
#807 = DIRECTION('',(0.,-1.,0.));
#808 = DIRECTION('',(-1.,0.,0.));
#809 = ADVANCED_FACE('',(#810),#828,.F.);
#810 = FACE_BOUND('',#811,.F.);
#811 = EDGE_LOOP('',(#812,#813,#814,#822));
#812 = ORIENTED_EDGE('',*,*,#184,.T.);
#813 = ORIENTED_EDGE('',*,*,#751,.T.);
#814 = ORIENTED_EDGE('',*,*,#815,.T.);
#815 = EDGE_CURVE('',#752,#816,#818,.T.);
#816 = VERTEX_POINT('',#817);
#817 = CARTESIAN_POINT('',(26.201379428774,-65.79862057122,12.19));
#818 = LINE('',#819,#820);
#819 = CARTESIAN_POINT('',(26.229458346531,-65.8,12.19));
#820 = VECTOR('',#821,1.);
#821 = DIRECTION('',(-0.998795456205,4.906767432757E-02,0.));
#822 = ORIENTED_EDGE('',*,*,#823,.F.);
#823 = EDGE_CURVE('',#177,#816,#824,.T.);
#824 = LINE('',#825,#826);
#825 = CARTESIAN_POINT('',(26.201379428774,-65.79862057122,6.2));
#826 = VECTOR('',#827,1.);
#827 = DIRECTION('',(0.,0.,1.));
#828 = PLANE('',#829);
#829 = AXIS2_PLACEMENT_3D('',#830,#831,#832);
#830 = CARTESIAN_POINT('',(26.229458346531,-65.8,6.2));
#831 = DIRECTION('',(-4.906767432757E-02,-0.998795456205,0.));
#832 = DIRECTION('',(-0.998795456205,4.906767432757E-02,0.));
#833 = ADVANCED_FACE('',(#834),#852,.F.);
#834 = FACE_BOUND('',#835,.F.);
#835 = EDGE_LOOP('',(#836,#837,#838,#846));
#836 = ORIENTED_EDGE('',*,*,#176,.T.);
#837 = ORIENTED_EDGE('',*,*,#823,.T.);
#838 = ORIENTED_EDGE('',*,*,#839,.T.);
#839 = EDGE_CURVE('',#816,#840,#842,.T.);
#840 = VERTEX_POINT('',#841);
#841 = CARTESIAN_POINT('',(26.2,-65.77054165346,12.19));
#842 = LINE('',#843,#844);
#843 = CARTESIAN_POINT('',(26.201379428774,-65.79862057122,12.19));
#844 = VECTOR('',#845,1.);
#845 = DIRECTION('',(-4.906767432734E-02,0.998795456205,0.));
#846 = ORIENTED_EDGE('',*,*,#847,.F.);
#847 = EDGE_CURVE('',#169,#840,#848,.T.);
#848 = LINE('',#849,#850);
#849 = CARTESIAN_POINT('',(26.2,-65.77054165346,6.2));
#850 = VECTOR('',#851,1.);
#851 = DIRECTION('',(0.,0.,1.));
#852 = PLANE('',#853);
#853 = AXIS2_PLACEMENT_3D('',#854,#855,#856);
#854 = CARTESIAN_POINT('',(26.201379428774,-65.79862057122,6.2));
#855 = DIRECTION('',(-0.998795456205,-4.906767432734E-02,0.));
#856 = DIRECTION('',(-4.906767432734E-02,0.998795456205,0.));
#857 = ADVANCED_FACE('',(#858),#940,.F.);
#858 = FACE_BOUND('',#859,.F.);
#859 = EDGE_LOOP('',(#860,#870,#878,#886,#894,#902,#910,#918,#926,#932,
    #933,#934));
#860 = ORIENTED_EDGE('',*,*,#861,.F.);
#861 = EDGE_CURVE('',#862,#864,#866,.T.);
#862 = VERTEX_POINT('',#863);
#863 = CARTESIAN_POINT('',(26.2,-13.42945834653,6.3));
#864 = VERTEX_POINT('',#865);
#865 = CARTESIAN_POINT('',(26.2,-13.42945834653,12.19));
#866 = LINE('',#867,#868);
#867 = CARTESIAN_POINT('',(26.2,-13.42945834653,6.2));
#868 = VECTOR('',#869,1.);
#869 = DIRECTION('',(0.,0.,1.));
#870 = ORIENTED_EDGE('',*,*,#871,.T.);
#871 = EDGE_CURVE('',#862,#872,#874,.T.);
#872 = VERTEX_POINT('',#873);
#873 = CARTESIAN_POINT('',(26.2,-51.13191726823,6.3));
#874 = LINE('',#875,#876);
#875 = CARTESIAN_POINT('',(26.2,-52.43420966695,6.3));
#876 = VECTOR('',#877,1.);
#877 = DIRECTION('',(0.,-1.,0.));
#878 = ORIENTED_EDGE('',*,*,#879,.F.);
#879 = EDGE_CURVE('',#880,#872,#882,.T.);
#880 = VERTEX_POINT('',#881);
#881 = CARTESIAN_POINT('',(26.2,-51.13191726823,11.6));
#882 = LINE('',#883,#884);
#883 = CARTESIAN_POINT('',(26.2,-51.13191726823,6.3));
#884 = VECTOR('',#885,1.);
#885 = DIRECTION('',(-0.,-0.,-1.));
#886 = ORIENTED_EDGE('',*,*,#887,.F.);
#887 = EDGE_CURVE('',#888,#880,#890,.T.);
#888 = VERTEX_POINT('',#889);
#889 = CARTESIAN_POINT('',(26.2,-54.46808273176,11.6));
#890 = LINE('',#891,#892);
#891 = CARTESIAN_POINT('',(26.2,-59.28527082673,11.6));
#892 = VECTOR('',#893,1.);
#893 = DIRECTION('',(0.,1.,0.));
#894 = ORIENTED_EDGE('',*,*,#895,.T.);
#895 = EDGE_CURVE('',#888,#896,#898,.T.);
#896 = VERTEX_POINT('',#897);
#897 = CARTESIAN_POINT('',(26.2,-54.46808273176,6.3));
#898 = LINE('',#899,#900);
#899 = CARTESIAN_POINT('',(26.2,-54.46808273176,6.3));
#900 = VECTOR('',#901,1.);
#901 = DIRECTION('',(-0.,-0.,-1.));
#902 = ORIENTED_EDGE('',*,*,#903,.T.);
#903 = EDGE_CURVE('',#896,#904,#906,.T.);
#904 = VERTEX_POINT('',#905);
#905 = CARTESIAN_POINT('',(26.2,-55.4,6.3));
#906 = LINE('',#907,#908);
#907 = CARTESIAN_POINT('',(26.2,-52.43420966695,6.3));
#908 = VECTOR('',#909,1.);
#909 = DIRECTION('',(0.,-1.,0.));
#910 = ORIENTED_EDGE('',*,*,#911,.F.);
#911 = EDGE_CURVE('',#912,#904,#914,.T.);
#912 = VERTEX_POINT('',#913);
#913 = CARTESIAN_POINT('',(26.2,-55.4,9.2));
#914 = LINE('',#915,#916);
#915 = CARTESIAN_POINT('',(26.2,-55.4,5.65));
#916 = VECTOR('',#917,1.);
#917 = DIRECTION('',(0.,0.,-1.));
#918 = ORIENTED_EDGE('',*,*,#919,.F.);
#919 = EDGE_CURVE('',#920,#912,#922,.T.);
#920 = VERTEX_POINT('',#921);
#921 = CARTESIAN_POINT('',(26.2,-63.9,9.2));
#922 = LINE('',#923,#924);
#923 = CARTESIAN_POINT('',(26.2,-64.83527082673,9.2));
#924 = VECTOR('',#925,1.);
#925 = DIRECTION('',(0.,1.,0.));
#926 = ORIENTED_EDGE('',*,*,#927,.T.);
#927 = EDGE_CURVE('',#920,#161,#928,.T.);
#928 = LINE('',#929,#930);
#929 = CARTESIAN_POINT('',(26.2,-63.9,5.65));
#930 = VECTOR('',#931,1.);
#931 = DIRECTION('',(0.,0.,-1.));
#932 = ORIENTED_EDGE('',*,*,#168,.T.);
#933 = ORIENTED_EDGE('',*,*,#847,.T.);
#934 = ORIENTED_EDGE('',*,*,#935,.T.);
#935 = EDGE_CURVE('',#840,#864,#936,.T.);
#936 = LINE('',#937,#938);
#937 = CARTESIAN_POINT('',(26.2,-65.77054165346,12.19));
#938 = VECTOR('',#939,1.);
#939 = DIRECTION('',(0.,1.,0.));
#940 = PLANE('',#941);
#941 = AXIS2_PLACEMENT_3D('',#942,#943,#944);
#942 = CARTESIAN_POINT('',(26.2,-65.77054165346,6.2));
#943 = DIRECTION('',(-1.,0.,0.));
#944 = DIRECTION('',(0.,1.,0.));
#945 = ADVANCED_FACE('',(#946),#964,.T.);
#946 = FACE_BOUND('',#947,.T.);
#947 = EDGE_LOOP('',(#948,#956,#957,#958));
#948 = ORIENTED_EDGE('',*,*,#949,.T.);
#949 = EDGE_CURVE('',#950,#920,#952,.T.);
#950 = VERTEX_POINT('',#951);
#951 = CARTESIAN_POINT('',(25.,-63.9,9.2));
#952 = LINE('',#953,#954);
#953 = CARTESIAN_POINT('',(20.,-63.9,9.2));
#954 = VECTOR('',#955,1.);
#955 = DIRECTION('',(1.,0.,0.));
#956 = ORIENTED_EDGE('',*,*,#927,.T.);
#957 = ORIENTED_EDGE('',*,*,#160,.T.);
#958 = ORIENTED_EDGE('',*,*,#959,.T.);
#959 = EDGE_CURVE('',#153,#950,#960,.T.);
#960 = LINE('',#961,#962);
#961 = CARTESIAN_POINT('',(25.,-63.9,5.7));
#962 = VECTOR('',#963,1.);
#963 = DIRECTION('',(0.,0.,1.));
#964 = PLANE('',#965);
#965 = AXIS2_PLACEMENT_3D('',#966,#967,#968);
#966 = CARTESIAN_POINT('',(20.,-63.9,5.1));
#967 = DIRECTION('',(0.,1.,0.));
#968 = DIRECTION('',(0.,0.,1.));
#969 = ADVANCED_FACE('',(#970),#1006,.F.);
#970 = FACE_BOUND('',#971,.F.);
#971 = EDGE_LOOP('',(#972,#982,#988,#989,#990,#991,#992,#1000));
#972 = ORIENTED_EDGE('',*,*,#973,.F.);
#973 = EDGE_CURVE('',#974,#976,#978,.T.);
#974 = VERTEX_POINT('',#975);
#975 = CARTESIAN_POINT('',(25.,-13.4,6.3));
#976 = VERTEX_POINT('',#977);
#977 = CARTESIAN_POINT('',(25.,-55.4,6.3));
#978 = LINE('',#979,#980);
#979 = CARTESIAN_POINT('',(25.,-13.4,6.3));
#980 = VECTOR('',#981,1.);
#981 = DIRECTION('',(0.,-1.,0.));
#982 = ORIENTED_EDGE('',*,*,#983,.T.);
#983 = EDGE_CURVE('',#974,#616,#984,.T.);
#984 = LINE('',#985,#986);
#985 = CARTESIAN_POINT('',(25.,-13.4,6.3));
#986 = VECTOR('',#987,1.);
#987 = DIRECTION('',(0.,0.,1.));
#988 = ORIENTED_EDGE('',*,*,#624,.T.);
#989 = ORIENTED_EDGE('',*,*,#734,.F.);
#990 = ORIENTED_EDGE('',*,*,#152,.F.);
#991 = ORIENTED_EDGE('',*,*,#959,.T.);
#992 = ORIENTED_EDGE('',*,*,#993,.F.);
#993 = EDGE_CURVE('',#994,#950,#996,.T.);
#994 = VERTEX_POINT('',#995);
#995 = CARTESIAN_POINT('',(25.,-55.4,9.2));
#996 = LINE('',#997,#998);
#997 = CARTESIAN_POINT('',(25.,-38.65,9.2));
#998 = VECTOR('',#999,1.);
#999 = DIRECTION('',(0.,-1.,0.));
#1000 = ORIENTED_EDGE('',*,*,#1001,.F.);
#1001 = EDGE_CURVE('',#976,#994,#1002,.T.);
#1002 = LINE('',#1003,#1004);
#1003 = CARTESIAN_POINT('',(25.,-55.4,5.7));
#1004 = VECTOR('',#1005,1.);
#1005 = DIRECTION('',(0.,0.,1.));
#1006 = PLANE('',#1007);
#1007 = AXIS2_PLACEMENT_3D('',#1008,#1009,#1010);
#1008 = CARTESIAN_POINT('',(25.,-13.4,6.3));
#1009 = DIRECTION('',(1.,0.,0.));
#1010 = DIRECTION('',(0.,-1.,0.));
#1011 = ADVANCED_FACE('',(#1012),#1034,.T.);
#1012 = FACE_BOUND('',#1013,.F.);
#1013 = EDGE_LOOP('',(#1014,#1015,#1024,#1031,#1032,#1033));
#1014 = ORIENTED_EDGE('',*,*,#780,.F.);
#1015 = ORIENTED_EDGE('',*,*,#1016,.T.);
#1016 = EDGE_CURVE('',#773,#1017,#1019,.T.);
#1017 = VERTEX_POINT('',#1018);
#1018 = CARTESIAN_POINT('',(39.05,-64.7,11.6));
#1019 = CIRCLE('',#1020,1.85);
#1020 = AXIS2_PLACEMENT_3D('',#1021,#1022,#1023);
#1021 = CARTESIAN_POINT('',(37.2,-64.7,11.6));
#1022 = DIRECTION('',(0.,0.,1.));
#1023 = DIRECTION('',(1.,0.,0.));
#1024 = ORIENTED_EDGE('',*,*,#1025,.T.);
#1025 = EDGE_CURVE('',#1017,#765,#1026,.T.);
#1026 = CIRCLE('',#1027,1.85);
#1027 = AXIS2_PLACEMENT_3D('',#1028,#1029,#1030);
#1028 = CARTESIAN_POINT('',(37.2,-64.7,11.6));
#1029 = DIRECTION('',(0.,0.,1.));
#1030 = DIRECTION('',(1.,0.,0.));
#1031 = ORIENTED_EDGE('',*,*,#764,.T.);
#1032 = ORIENTED_EDGE('',*,*,#329,.F.);
#1033 = ORIENTED_EDGE('',*,*,#292,.F.);
#1034 = CYLINDRICAL_SURFACE('',#1035,1.85);
#1035 = AXIS2_PLACEMENT_3D('',#1036,#1037,#1038);
#1036 = CARTESIAN_POINT('',(37.2,-64.7,6.3));
#1037 = DIRECTION('',(-0.,-0.,-1.));
#1038 = DIRECTION('',(1.,0.,0.));
#1039 = ADVANCED_FACE('',(#1040),#1059,.F.);
#1040 = FACE_BOUND('',#1041,.T.);
#1041 = EDGE_LOOP('',(#1042,#1043,#1051,#1058));
#1042 = ORIENTED_EDGE('',*,*,#338,.T.);
#1043 = ORIENTED_EDGE('',*,*,#1044,.T.);
#1044 = EDGE_CURVE('',#339,#1045,#1047,.T.);
#1045 = VERTEX_POINT('',#1046);
#1046 = CARTESIAN_POINT('',(38.8,-64.7,6.8));
#1047 = LINE('',#1048,#1049);
#1048 = CARTESIAN_POINT('',(38.8,-64.7,6.2));
#1049 = VECTOR('',#1050,1.);
#1050 = DIRECTION('',(0.,0.,1.));
#1051 = ORIENTED_EDGE('',*,*,#1052,.T.);
#1052 = EDGE_CURVE('',#1045,#1045,#1053,.T.);
#1053 = CIRCLE('',#1054,1.6);
#1054 = AXIS2_PLACEMENT_3D('',#1055,#1056,#1057);
#1055 = CARTESIAN_POINT('',(37.2,-64.7,6.8));
#1056 = DIRECTION('',(0.,0.,1.));
#1057 = DIRECTION('',(1.,0.,0.));
#1058 = ORIENTED_EDGE('',*,*,#1044,.F.);
#1059 = CYLINDRICAL_SURFACE('',#1060,1.6);
#1060 = AXIS2_PLACEMENT_3D('',#1061,#1062,#1063);
#1061 = CARTESIAN_POINT('',(37.2,-64.7,6.2));
#1062 = DIRECTION('',(-0.,-0.,-1.));
#1063 = DIRECTION('',(1.,0.,0.));
#1064 = ADVANCED_FACE('',(#1065),#1076,.F.);
#1065 = FACE_BOUND('',#1066,.F.);
#1066 = EDGE_LOOP('',(#1067,#1068,#1069,#1075));
#1067 = ORIENTED_EDGE('',*,*,#590,.T.);
#1068 = ORIENTED_EDGE('',*,*,#641,.T.);
#1069 = ORIENTED_EDGE('',*,*,#1070,.F.);
#1070 = EDGE_CURVE('',#537,#642,#1071,.T.);
#1071 = LINE('',#1072,#1073);
#1072 = CARTESIAN_POINT('',(49.,-12.2,6.3));
#1073 = VECTOR('',#1074,1.);
#1074 = DIRECTION('',(0.,0.,1.));
#1075 = ORIENTED_EDGE('',*,*,#545,.F.);
#1076 = PLANE('',#1077);
#1077 = AXIS2_PLACEMENT_3D('',#1078,#1079,#1080);
#1078 = CARTESIAN_POINT('',(49.,-65.8,6.3));
#1079 = DIRECTION('',(-1.,0.,0.));
#1080 = DIRECTION('',(0.,1.,0.));
#1081 = ADVANCED_FACE('',(#1082),#1093,.T.);
#1082 = FACE_BOUND('',#1083,.F.);
#1083 = EDGE_LOOP('',(#1084,#1085,#1086,#1092));
#1084 = ORIENTED_EDGE('',*,*,#1070,.T.);
#1085 = ORIENTED_EDGE('',*,*,#649,.T.);
#1086 = ORIENTED_EDGE('',*,*,#1087,.F.);
#1087 = EDGE_CURVE('',#529,#606,#1088,.T.);
#1088 = LINE('',#1089,#1090);
#1089 = CARTESIAN_POINT('',(47.8,-11.,6.3));
#1090 = VECTOR('',#1091,1.);
#1091 = DIRECTION('',(0.,0.,1.));
#1092 = ORIENTED_EDGE('',*,*,#536,.F.);
#1093 = CYLINDRICAL_SURFACE('',#1094,1.2);
#1094 = AXIS2_PLACEMENT_3D('',#1095,#1096,#1097);
#1095 = CARTESIAN_POINT('',(47.8,-12.2,6.3));
#1096 = DIRECTION('',(0.,0.,-1.));
#1097 = DIRECTION('',(1.,-4.44E-15,0.));
#1098 = ADVANCED_FACE('',(#1099),#1142,.F.);
#1099 = FACE_BOUND('',#1100,.F.);
#1100 = EDGE_LOOP('',(#1101,#1102,#1103,#1104,#1112,#1120,#1128,#1136));
#1101 = ORIENTED_EDGE('',*,*,#528,.F.);
#1102 = ORIENTED_EDGE('',*,*,#1087,.T.);
#1103 = ORIENTED_EDGE('',*,*,#605,.T.);
#1104 = ORIENTED_EDGE('',*,*,#1105,.F.);
#1105 = EDGE_CURVE('',#1106,#608,#1108,.T.);
#1106 = VERTEX_POINT('',#1107);
#1107 = CARTESIAN_POINT('',(27.4,-11.,6.3));
#1108 = LINE('',#1109,#1110);
#1109 = CARTESIAN_POINT('',(27.4,-11.,6.3));
#1110 = VECTOR('',#1111,1.);
#1111 = DIRECTION('',(0.,0.,1.));
#1112 = ORIENTED_EDGE('',*,*,#1113,.F.);
#1113 = EDGE_CURVE('',#1114,#1106,#1116,.T.);
#1114 = VERTEX_POINT('',#1115);
#1115 = CARTESIAN_POINT('',(30.7,-11.,6.3));
#1116 = LINE('',#1117,#1118);
#1117 = CARTESIAN_POINT('',(47.8,-11.,6.3));
#1118 = VECTOR('',#1119,1.);
#1119 = DIRECTION('',(-1.,0.,0.));
#1120 = ORIENTED_EDGE('',*,*,#1121,.T.);
#1121 = EDGE_CURVE('',#1114,#1122,#1124,.T.);
#1122 = VERTEX_POINT('',#1123);
#1123 = CARTESIAN_POINT('',(30.7,-11.,11.8));
#1124 = LINE('',#1125,#1126);
#1125 = CARTESIAN_POINT('',(30.7,-11.,6.25));
#1126 = VECTOR('',#1127,1.);
#1127 = DIRECTION('',(0.,0.,1.));
#1128 = ORIENTED_EDGE('',*,*,#1129,.F.);
#1129 = EDGE_CURVE('',#1130,#1122,#1132,.T.);
#1130 = VERTEX_POINT('',#1131);
#1131 = CARTESIAN_POINT('',(43.7,-11.,11.8));
#1132 = LINE('',#1133,#1134);
#1133 = CARTESIAN_POINT('',(39.25,-11.,11.8));
#1134 = VECTOR('',#1135,1.);
#1135 = DIRECTION('',(-1.,0.,0.));
#1136 = ORIENTED_EDGE('',*,*,#1137,.F.);
#1137 = EDGE_CURVE('',#521,#1130,#1138,.T.);
#1138 = LINE('',#1139,#1140);
#1139 = CARTESIAN_POINT('',(43.7,-11.,6.25));
#1140 = VECTOR('',#1141,1.);
#1141 = DIRECTION('',(0.,0.,1.));
#1142 = PLANE('',#1143);
#1143 = AXIS2_PLACEMENT_3D('',#1144,#1145,#1146);
#1144 = CARTESIAN_POINT('',(47.8,-11.,6.3));
#1145 = DIRECTION('',(0.,-1.,0.));
#1146 = DIRECTION('',(-1.,0.,0.));
#1147 = ADVANCED_FACE('',(#1148),#1166,.F.);
#1148 = FACE_BOUND('',#1149,.F.);
#1149 = EDGE_LOOP('',(#1150,#1158,#1164,#1165));
#1150 = ORIENTED_EDGE('',*,*,#1151,.F.);
#1151 = EDGE_CURVE('',#1152,#1130,#1154,.T.);
#1152 = VERTEX_POINT('',#1153);
#1153 = CARTESIAN_POINT('',(43.7,-11.4,11.8));
#1154 = LINE('',#1155,#1156);
#1155 = CARTESIAN_POINT('',(43.7,-20.,11.8));
#1156 = VECTOR('',#1157,1.);
#1157 = DIRECTION('',(0.,1.,0.));
#1158 = ORIENTED_EDGE('',*,*,#1159,.F.);
#1159 = EDGE_CURVE('',#513,#1152,#1160,.T.);
#1160 = LINE('',#1161,#1162);
#1161 = CARTESIAN_POINT('',(43.7,-11.4,5.9));
#1162 = VECTOR('',#1163,1.);
#1163 = DIRECTION('',(0.,0.,1.));
#1164 = ORIENTED_EDGE('',*,*,#520,.T.);
#1165 = ORIENTED_EDGE('',*,*,#1137,.T.);
#1166 = PLANE('',#1167);
#1167 = AXIS2_PLACEMENT_3D('',#1168,#1169,#1170);
#1168 = CARTESIAN_POINT('',(43.7,-20.,6.2));
#1169 = DIRECTION('',(1.,0.,0.));
#1170 = DIRECTION('',(0.,0.,1.));
#1171 = ADVANCED_FACE('',(#1172),#1222,.F.);
#1172 = FACE_BOUND('',#1173,.F.);
#1173 = EDGE_LOOP('',(#1174,#1182,#1183,#1184,#1192,#1200,#1208,#1216));
#1174 = ORIENTED_EDGE('',*,*,#1175,.F.);
#1175 = EDGE_CURVE('',#505,#1176,#1178,.T.);
#1176 = VERTEX_POINT('',#1177);
#1177 = CARTESIAN_POINT('',(47.,-11.4,12.1));
#1178 = LINE('',#1179,#1180);
#1179 = CARTESIAN_POINT('',(47.,-11.4,5.6));
#1180 = VECTOR('',#1181,1.);
#1181 = DIRECTION('',(0.,0.,1.));
#1182 = ORIENTED_EDGE('',*,*,#512,.T.);
#1183 = ORIENTED_EDGE('',*,*,#1159,.T.);
#1184 = ORIENTED_EDGE('',*,*,#1185,.T.);
#1185 = EDGE_CURVE('',#1152,#1186,#1188,.T.);
#1186 = VERTEX_POINT('',#1187);
#1187 = CARTESIAN_POINT('',(30.7,-11.4,11.8));
#1188 = LINE('',#1189,#1190);
#1189 = CARTESIAN_POINT('',(29.05,-11.4,11.8));
#1190 = VECTOR('',#1191,1.);
#1191 = DIRECTION('',(-1.,0.,0.));
#1192 = ORIENTED_EDGE('',*,*,#1193,.F.);
#1193 = EDGE_CURVE('',#1194,#1186,#1196,.T.);
#1194 = VERTEX_POINT('',#1195);
#1195 = CARTESIAN_POINT('',(30.7,-11.4,6.3));
#1196 = LINE('',#1197,#1198);
#1197 = CARTESIAN_POINT('',(30.7,-11.4,5.9));
#1198 = VECTOR('',#1199,1.);
#1199 = DIRECTION('',(0.,0.,1.));
#1200 = ORIENTED_EDGE('',*,*,#1201,.T.);
#1201 = EDGE_CURVE('',#1194,#1202,#1204,.T.);
#1202 = VERTEX_POINT('',#1203);
#1203 = CARTESIAN_POINT('',(27.4,-11.4,6.3));
#1204 = LINE('',#1205,#1206);
#1205 = CARTESIAN_POINT('',(32.221656284918,-11.4,6.3));
#1206 = VECTOR('',#1207,1.);
#1207 = DIRECTION('',(-1.,0.,0.));
#1208 = ORIENTED_EDGE('',*,*,#1209,.T.);
#1209 = EDGE_CURVE('',#1202,#1210,#1212,.T.);
#1210 = VERTEX_POINT('',#1211);
#1211 = CARTESIAN_POINT('',(27.4,-11.4,12.1));
#1212 = LINE('',#1213,#1214);
#1213 = CARTESIAN_POINT('',(27.4,-11.4,5.6));
#1214 = VECTOR('',#1215,1.);
#1215 = DIRECTION('',(0.,0.,1.));
#1216 = ORIENTED_EDGE('',*,*,#1217,.T.);
#1217 = EDGE_CURVE('',#1210,#1176,#1218,.T.);
#1218 = LINE('',#1219,#1220);
#1219 = CARTESIAN_POINT('',(27.4,-11.4,12.1));
#1220 = VECTOR('',#1221,1.);
#1221 = DIRECTION('',(1.,0.,0.));
#1222 = PLANE('',#1223);
#1223 = AXIS2_PLACEMENT_3D('',#1224,#1225,#1226);
#1224 = CARTESIAN_POINT('',(27.4,-11.4,5.6));
#1225 = DIRECTION('',(0.,1.,0.));
#1226 = DIRECTION('',(0.,0.,1.));
#1227 = ADVANCED_FACE('',(#1228),#1246,.F.);
#1228 = FACE_BOUND('',#1229,.F.);
#1229 = EDGE_LOOP('',(#1230,#1238,#1244,#1245));
#1230 = ORIENTED_EDGE('',*,*,#1231,.F.);
#1231 = EDGE_CURVE('',#1232,#1176,#1234,.T.);
#1232 = VERTEX_POINT('',#1233);
#1233 = CARTESIAN_POINT('',(47.,-12.2,12.1));
#1234 = LINE('',#1235,#1236);
#1235 = CARTESIAN_POINT('',(47.,-48.1,12.1));
#1236 = VECTOR('',#1237,1.);
#1237 = DIRECTION('',(0.,1.,0.));
#1238 = ORIENTED_EDGE('',*,*,#1239,.T.);
#1239 = EDGE_CURVE('',#1232,#497,#1240,.T.);
#1240 = LINE('',#1241,#1242);
#1241 = CARTESIAN_POINT('',(47.,-12.2,5.9));
#1242 = VECTOR('',#1243,1.);
#1243 = DIRECTION('',(0.,0.,-1.));
#1244 = ORIENTED_EDGE('',*,*,#504,.T.);
#1245 = ORIENTED_EDGE('',*,*,#1175,.T.);
#1246 = PLANE('',#1247);
#1247 = AXIS2_PLACEMENT_3D('',#1248,#1249,#1250);
#1248 = CARTESIAN_POINT('',(47.,-48.1,5.6));
#1249 = DIRECTION('',(1.,0.,0.));
#1250 = DIRECTION('',(0.,0.,1.));
#1251 = ADVANCED_FACE('',(#1252),#1286,.F.);
#1252 = FACE_BOUND('',#1253,.F.);
#1253 = EDGE_LOOP('',(#1254,#1262,#1263,#1264,#1272,#1280));
#1254 = ORIENTED_EDGE('',*,*,#1255,.F.);
#1255 = EDGE_CURVE('',#489,#1256,#1258,.T.);
#1256 = VERTEX_POINT('',#1257);
#1257 = CARTESIAN_POINT('',(47.770541653469,-12.2,12.19));
#1258 = LINE('',#1259,#1260);
#1259 = CARTESIAN_POINT('',(47.770541653469,-12.2,6.2));
#1260 = VECTOR('',#1261,1.);
#1261 = DIRECTION('',(0.,0.,1.));
#1262 = ORIENTED_EDGE('',*,*,#496,.T.);
#1263 = ORIENTED_EDGE('',*,*,#1239,.F.);
#1264 = ORIENTED_EDGE('',*,*,#1265,.F.);
#1265 = EDGE_CURVE('',#1266,#1232,#1268,.T.);
#1266 = VERTEX_POINT('',#1267);
#1267 = CARTESIAN_POINT('',(27.429458346531,-12.2,12.1));
#1268 = LINE('',#1269,#1270);
#1269 = CARTESIAN_POINT('',(27.414729173265,-12.2,12.1));
#1270 = VECTOR('',#1271,1.);
#1271 = DIRECTION('',(1.,0.,0.));
#1272 = ORIENTED_EDGE('',*,*,#1273,.T.);
#1273 = EDGE_CURVE('',#1266,#1274,#1276,.T.);
#1274 = VERTEX_POINT('',#1275);
#1275 = CARTESIAN_POINT('',(27.429458346531,-12.2,12.19));
#1276 = LINE('',#1277,#1278);
#1277 = CARTESIAN_POINT('',(27.429458346531,-12.2,6.2));
#1278 = VECTOR('',#1279,1.);
#1279 = DIRECTION('',(0.,0.,1.));
#1280 = ORIENTED_EDGE('',*,*,#1281,.T.);
#1281 = EDGE_CURVE('',#1274,#1256,#1282,.T.);
#1282 = LINE('',#1283,#1284);
#1283 = CARTESIAN_POINT('',(27.429458346531,-12.2,12.19));
#1284 = VECTOR('',#1285,1.);
#1285 = DIRECTION('',(1.,0.,0.));
#1286 = PLANE('',#1287);
#1287 = AXIS2_PLACEMENT_3D('',#1288,#1289,#1290);
#1288 = CARTESIAN_POINT('',(27.429458346531,-12.2,6.2));
#1289 = DIRECTION('',(0.,1.,0.));
#1290 = DIRECTION('',(1.,0.,0.));
#1291 = ADVANCED_FACE('',(#1292),#1310,.F.);
#1292 = FACE_BOUND('',#1293,.F.);
#1293 = EDGE_LOOP('',(#1294,#1295,#1296,#1304));
#1294 = ORIENTED_EDGE('',*,*,#488,.T.);
#1295 = ORIENTED_EDGE('',*,*,#1255,.T.);
#1296 = ORIENTED_EDGE('',*,*,#1297,.T.);
#1297 = EDGE_CURVE('',#1256,#1298,#1300,.T.);
#1298 = VERTEX_POINT('',#1299);
#1299 = CARTESIAN_POINT('',(47.798620571226,-12.20137942877,12.19));
#1300 = LINE('',#1301,#1302);
#1301 = CARTESIAN_POINT('',(47.770541653469,-12.2,12.19));
#1302 = VECTOR('',#1303,1.);
#1303 = DIRECTION('',(0.998795456205,-4.906767432741E-02,0.));
#1304 = ORIENTED_EDGE('',*,*,#1305,.F.);
#1305 = EDGE_CURVE('',#481,#1298,#1306,.T.);
#1306 = LINE('',#1307,#1308);
#1307 = CARTESIAN_POINT('',(47.798620571226,-12.20137942877,6.2));
#1308 = VECTOR('',#1309,1.);
#1309 = DIRECTION('',(0.,0.,1.));
#1310 = PLANE('',#1311);
#1311 = AXIS2_PLACEMENT_3D('',#1312,#1313,#1314);
#1312 = CARTESIAN_POINT('',(47.770541653469,-12.2,6.2));
#1313 = DIRECTION('',(4.906767432741E-02,0.998795456205,0.));
#1314 = DIRECTION('',(0.998795456205,-4.906767432741E-02,0.));
#1315 = ADVANCED_FACE('',(#1316),#1334,.F.);
#1316 = FACE_BOUND('',#1317,.F.);
#1317 = EDGE_LOOP('',(#1318,#1319,#1320,#1328));
#1318 = ORIENTED_EDGE('',*,*,#480,.T.);
#1319 = ORIENTED_EDGE('',*,*,#1305,.T.);
#1320 = ORIENTED_EDGE('',*,*,#1321,.T.);
#1321 = EDGE_CURVE('',#1298,#1322,#1324,.T.);
#1322 = VERTEX_POINT('',#1323);
#1323 = CARTESIAN_POINT('',(47.8,-12.22945834653,12.19));
#1324 = LINE('',#1325,#1326);
#1325 = CARTESIAN_POINT('',(47.798620571226,-12.20137942877,12.19));
#1326 = VECTOR('',#1327,1.);
#1327 = DIRECTION('',(4.906767432758E-02,-0.998795456205,0.));
#1328 = ORIENTED_EDGE('',*,*,#1329,.F.);
#1329 = EDGE_CURVE('',#473,#1322,#1330,.T.);
#1330 = LINE('',#1331,#1332);
#1331 = CARTESIAN_POINT('',(47.8,-12.22945834653,6.2));
#1332 = VECTOR('',#1333,1.);
#1333 = DIRECTION('',(0.,0.,1.));
#1334 = PLANE('',#1335);
#1335 = AXIS2_PLACEMENT_3D('',#1336,#1337,#1338);
#1336 = CARTESIAN_POINT('',(47.798620571226,-12.20137942877,6.2));
#1337 = DIRECTION('',(0.998795456205,4.906767432758E-02,0.));
#1338 = DIRECTION('',(4.906767432758E-02,-0.998795456205,0.));
#1339 = ADVANCED_FACE('',(#1340),#1381,.F.);
#1340 = FACE_BOUND('',#1341,.F.);
#1341 = EDGE_LOOP('',(#1342,#1350,#1351,#1359,#1367,#1373,#1374,#1375));
#1342 = ORIENTED_EDGE('',*,*,#1343,.F.);
#1343 = EDGE_CURVE('',#448,#1344,#1346,.T.);
#1344 = VERTEX_POINT('',#1345);
#1345 = CARTESIAN_POINT('',(47.8,-65.77054165346,12.19));
#1346 = LINE('',#1347,#1348);
#1347 = CARTESIAN_POINT('',(47.8,-65.77054165346,6.2));
#1348 = VECTOR('',#1349,1.);
#1349 = DIRECTION('',(0.,0.,1.));
#1350 = ORIENTED_EDGE('',*,*,#455,.T.);
#1351 = ORIENTED_EDGE('',*,*,#1352,.F.);
#1352 = EDGE_CURVE('',#1353,#456,#1355,.T.);
#1353 = VERTEX_POINT('',#1354);
#1354 = CARTESIAN_POINT('',(47.8,-54.46808273176,11.6));
#1355 = LINE('',#1356,#1357);
#1356 = CARTESIAN_POINT('',(47.8,-54.46808273176,6.3));
#1357 = VECTOR('',#1358,1.);
#1358 = DIRECTION('',(-0.,-0.,-1.));
#1359 = ORIENTED_EDGE('',*,*,#1360,.F.);
#1360 = EDGE_CURVE('',#1361,#1353,#1363,.T.);
#1361 = VERTEX_POINT('',#1362);
#1362 = CARTESIAN_POINT('',(47.8,-51.13191726823,11.6));
#1363 = LINE('',#1364,#1365);
#1364 = CARTESIAN_POINT('',(47.8,-32.51472917326,11.6));
#1365 = VECTOR('',#1366,1.);
#1366 = DIRECTION('',(0.,-1.,0.));
#1367 = ORIENTED_EDGE('',*,*,#1368,.T.);
#1368 = EDGE_CURVE('',#1361,#464,#1369,.T.);
#1369 = LINE('',#1370,#1371);
#1370 = CARTESIAN_POINT('',(47.8,-51.13191726823,6.3));
#1371 = VECTOR('',#1372,1.);
#1372 = DIRECTION('',(-0.,-0.,-1.));
#1373 = ORIENTED_EDGE('',*,*,#472,.T.);
#1374 = ORIENTED_EDGE('',*,*,#1329,.T.);
#1375 = ORIENTED_EDGE('',*,*,#1376,.T.);
#1376 = EDGE_CURVE('',#1322,#1344,#1377,.T.);
#1377 = LINE('',#1378,#1379);
#1378 = CARTESIAN_POINT('',(47.8,-12.22945834653,12.19));
#1379 = VECTOR('',#1380,1.);
#1380 = DIRECTION('',(0.,-1.,0.));
#1381 = PLANE('',#1382);
#1382 = AXIS2_PLACEMENT_3D('',#1383,#1384,#1385);
#1383 = CARTESIAN_POINT('',(47.8,-12.22945834653,6.2));
#1384 = DIRECTION('',(1.,0.,0.));
#1385 = DIRECTION('',(0.,-1.,0.));
#1386 = ADVANCED_FACE('',(#1387),#1399,.T.);
#1387 = FACE_BOUND('',#1388,.F.);
#1388 = EDGE_LOOP('',(#1389,#1390,#1391,#1398));
#1389 = ORIENTED_EDGE('',*,*,#463,.F.);
#1390 = ORIENTED_EDGE('',*,*,#1368,.F.);
#1391 = ORIENTED_EDGE('',*,*,#1392,.T.);
#1392 = EDGE_CURVE('',#1361,#1353,#1393,.T.);
#1393 = CIRCLE('',#1394,1.85);
#1394 = AXIS2_PLACEMENT_3D('',#1395,#1396,#1397);
#1395 = CARTESIAN_POINT('',(47.,-52.8,11.6));
#1396 = DIRECTION('',(0.,0.,1.));
#1397 = DIRECTION('',(1.,0.,0.));
#1398 = ORIENTED_EDGE('',*,*,#1352,.T.);
#1399 = CYLINDRICAL_SURFACE('',#1400,1.85);
#1400 = AXIS2_PLACEMENT_3D('',#1401,#1402,#1403);
#1401 = CARTESIAN_POINT('',(47.,-52.8,6.3));
#1402 = DIRECTION('',(-0.,-0.,-1.));
#1403 = DIRECTION('',(1.,0.,0.));
#1404 = ADVANCED_FACE('',(#1405),#1423,.F.);
#1405 = FACE_BOUND('',#1406,.F.);
#1406 = EDGE_LOOP('',(#1407,#1408,#1409,#1417));
#1407 = ORIENTED_EDGE('',*,*,#447,.T.);
#1408 = ORIENTED_EDGE('',*,*,#1343,.T.);
#1409 = ORIENTED_EDGE('',*,*,#1410,.T.);
#1410 = EDGE_CURVE('',#1344,#1411,#1413,.T.);
#1411 = VERTEX_POINT('',#1412);
#1412 = CARTESIAN_POINT('',(47.798620571226,-65.79862057122,12.19));
#1413 = LINE('',#1414,#1415);
#1414 = CARTESIAN_POINT('',(47.8,-65.77054165346,12.19));
#1415 = VECTOR('',#1416,1.);
#1416 = DIRECTION('',(-4.906767432757E-02,-0.998795456205,0.));
#1417 = ORIENTED_EDGE('',*,*,#1418,.F.);
#1418 = EDGE_CURVE('',#440,#1411,#1419,.T.);
#1419 = LINE('',#1420,#1421);
#1420 = CARTESIAN_POINT('',(47.798620571226,-65.79862057122,6.2));
#1421 = VECTOR('',#1422,1.);
#1422 = DIRECTION('',(0.,0.,1.));
#1423 = PLANE('',#1424);
#1424 = AXIS2_PLACEMENT_3D('',#1425,#1426,#1427);
#1425 = CARTESIAN_POINT('',(47.8,-65.77054165346,6.2));
#1426 = DIRECTION('',(0.998795456205,-4.906767432757E-02,0.));
#1427 = DIRECTION('',(-4.906767432757E-02,-0.998795456205,0.));
#1428 = ADVANCED_FACE('',(#1429),#1440,.F.);
#1429 = FACE_BOUND('',#1430,.F.);
#1430 = EDGE_LOOP('',(#1431,#1432,#1433,#1439));
#1431 = ORIENTED_EDGE('',*,*,#439,.T.);
#1432 = ORIENTED_EDGE('',*,*,#1418,.T.);
#1433 = ORIENTED_EDGE('',*,*,#1434,.T.);
#1434 = EDGE_CURVE('',#1411,#792,#1435,.T.);
#1435 = LINE('',#1436,#1437);
#1436 = CARTESIAN_POINT('',(47.798620571226,-65.79862057122,12.19));
#1437 = VECTOR('',#1438,1.);
#1438 = DIRECTION('',(-0.998795456205,-4.906767432757E-02,0.));
#1439 = ORIENTED_EDGE('',*,*,#791,.F.);
#1440 = PLANE('',#1441);
#1441 = AXIS2_PLACEMENT_3D('',#1442,#1443,#1444);
#1442 = CARTESIAN_POINT('',(47.798620571226,-65.79862057122,6.2));
#1443 = DIRECTION('',(4.906767432757E-02,-0.998795456205,0.));
#1444 = DIRECTION('',(-0.998795456205,-4.906767432757E-02,0.));
#1445 = ADVANCED_FACE('',(#1446),#1465,.F.);
#1446 = FACE_BOUND('',#1447,.T.);
#1447 = EDGE_LOOP('',(#1448,#1449,#1457,#1464));
#1448 = ORIENTED_EDGE('',*,*,#563,.T.);
#1449 = ORIENTED_EDGE('',*,*,#1450,.T.);
#1450 = EDGE_CURVE('',#564,#1451,#1453,.T.);
#1451 = VERTEX_POINT('',#1452);
#1452 = CARTESIAN_POINT('',(48.6,-52.8,6.8));
#1453 = LINE('',#1454,#1455);
#1454 = CARTESIAN_POINT('',(48.6,-52.8,6.2));
#1455 = VECTOR('',#1456,1.);
#1456 = DIRECTION('',(0.,0.,1.));
#1457 = ORIENTED_EDGE('',*,*,#1458,.T.);
#1458 = EDGE_CURVE('',#1451,#1451,#1459,.T.);
#1459 = CIRCLE('',#1460,1.6);
#1460 = AXIS2_PLACEMENT_3D('',#1461,#1462,#1463);
#1461 = CARTESIAN_POINT('',(47.,-52.8,6.8));
#1462 = DIRECTION('',(0.,0.,1.));
#1463 = DIRECTION('',(1.,0.,0.));
#1464 = ORIENTED_EDGE('',*,*,#1450,.F.);
#1465 = CYLINDRICAL_SURFACE('',#1466,1.6);
#1466 = AXIS2_PLACEMENT_3D('',#1467,#1468,#1469);
#1467 = CARTESIAN_POINT('',(47.,-52.8,6.2));
#1468 = DIRECTION('',(-0.,-0.,-1.));
#1469 = DIRECTION('',(1.,0.,0.));
#1470 = ADVANCED_FACE('',(#1471),#1483,.T.);
#1471 = FACE_BOUND('',#1472,.F.);
#1472 = EDGE_LOOP('',(#1473,#1474,#1475,#1476));
#1473 = ORIENTED_EDGE('',*,*,#1105,.T.);
#1474 = ORIENTED_EDGE('',*,*,#615,.T.);
#1475 = ORIENTED_EDGE('',*,*,#983,.F.);
#1476 = ORIENTED_EDGE('',*,*,#1477,.F.);
#1477 = EDGE_CURVE('',#1106,#974,#1478,.T.);
#1478 = CIRCLE('',#1479,2.4);
#1479 = AXIS2_PLACEMENT_3D('',#1480,#1481,#1482);
#1480 = CARTESIAN_POINT('',(27.4,-13.4,6.3));
#1481 = DIRECTION('',(0.,-0.,1.));
#1482 = DIRECTION('',(0.,1.,0.));
#1483 = CYLINDRICAL_SURFACE('',#1484,2.4);
#1484 = AXIS2_PLACEMENT_3D('',#1485,#1486,#1487);
#1485 = CARTESIAN_POINT('',(27.4,-13.4,6.3));
#1486 = DIRECTION('',(0.,0.,-1.));
#1487 = DIRECTION('',(0.,1.,0.));
#1488 = ADVANCED_FACE('',(#1489),#1514,.T.);
#1489 = FACE_BOUND('',#1490,.T.);
#1490 = EDGE_LOOP('',(#1491,#1499,#1500,#1508));
#1491 = ORIENTED_EDGE('',*,*,#1492,.T.);
#1492 = EDGE_CURVE('',#1493,#659,#1495,.T.);
#1493 = VERTEX_POINT('',#1494);
#1494 = CARTESIAN_POINT('',(46.7,-12.2,13.19));
#1495 = LINE('',#1496,#1497);
#1496 = CARTESIAN_POINT('',(46.7,-12.2,13.19));
#1497 = VECTOR('',#1498,1.);
#1498 = DIRECTION('',(0.,0.,1.));
#1499 = ORIENTED_EDGE('',*,*,#658,.T.);
#1500 = ORIENTED_EDGE('',*,*,#1501,.F.);
#1501 = EDGE_CURVE('',#1502,#661,#1504,.T.);
#1502 = VERTEX_POINT('',#1503);
#1503 = CARTESIAN_POINT('',(27.3,-12.2,13.19));
#1504 = LINE('',#1505,#1506);
#1505 = CARTESIAN_POINT('',(27.3,-12.2,13.19));
#1506 = VECTOR('',#1507,1.);
#1507 = DIRECTION('',(0.,0.,1.));
#1508 = ORIENTED_EDGE('',*,*,#1509,.F.);
#1509 = EDGE_CURVE('',#1493,#1502,#1510,.T.);
#1510 = LINE('',#1511,#1512);
#1511 = CARTESIAN_POINT('',(46.7,-12.2,13.19));
#1512 = VECTOR('',#1513,1.);
#1513 = DIRECTION('',(-1.,0.,0.));
#1514 = PLANE('',#1515);
#1515 = AXIS2_PLACEMENT_3D('',#1516,#1517,#1518);
#1516 = CARTESIAN_POINT('',(46.7,-12.2,13.19));
#1517 = DIRECTION('',(0.,-1.,0.));
#1518 = DIRECTION('',(-1.,0.,0.));
#1519 = ADVANCED_FACE('',(#1520),#1539,.F.);
#1520 = FACE_BOUND('',#1521,.T.);
#1521 = EDGE_LOOP('',(#1522,#1523,#1524,#1532));
#1522 = ORIENTED_EDGE('',*,*,#1501,.T.);
#1523 = ORIENTED_EDGE('',*,*,#719,.T.);
#1524 = ORIENTED_EDGE('',*,*,#1525,.F.);
#1525 = EDGE_CURVE('',#1526,#712,#1528,.T.);
#1526 = VERTEX_POINT('',#1527);
#1527 = CARTESIAN_POINT('',(26.2,-13.3,13.19));
#1528 = LINE('',#1529,#1530);
#1529 = CARTESIAN_POINT('',(26.2,-13.3,13.19));
#1530 = VECTOR('',#1531,1.);
#1531 = DIRECTION('',(0.,0.,1.));
#1532 = ORIENTED_EDGE('',*,*,#1533,.F.);
#1533 = EDGE_CURVE('',#1502,#1526,#1534,.T.);
#1534 = CIRCLE('',#1535,1.1);
#1535 = AXIS2_PLACEMENT_3D('',#1536,#1537,#1538);
#1536 = CARTESIAN_POINT('',(27.3,-13.3,13.19));
#1537 = DIRECTION('',(0.,0.,1.));
#1538 = DIRECTION('',(-3.23E-15,1.,0.));
#1539 = CYLINDRICAL_SURFACE('',#1540,1.1);
#1540 = AXIS2_PLACEMENT_3D('',#1541,#1542,#1543);
#1541 = CARTESIAN_POINT('',(27.3,-13.3,13.19));
#1542 = DIRECTION('',(-0.,-0.,-1.));
#1543 = DIRECTION('',(-3.23E-15,1.,0.));
#1544 = ADVANCED_FACE('',(#1545),#1563,.T.);
#1545 = FACE_BOUND('',#1546,.T.);
#1546 = EDGE_LOOP('',(#1547,#1548,#1549,#1557));
#1547 = ORIENTED_EDGE('',*,*,#1525,.T.);
#1548 = ORIENTED_EDGE('',*,*,#711,.T.);
#1549 = ORIENTED_EDGE('',*,*,#1550,.F.);
#1550 = EDGE_CURVE('',#1551,#703,#1553,.T.);
#1551 = VERTEX_POINT('',#1552);
#1552 = CARTESIAN_POINT('',(26.2,-64.7,13.19));
#1553 = LINE('',#1554,#1555);
#1554 = CARTESIAN_POINT('',(26.2,-64.7,13.19));
#1555 = VECTOR('',#1556,1.);
#1556 = DIRECTION('',(0.,0.,1.));
#1557 = ORIENTED_EDGE('',*,*,#1558,.F.);
#1558 = EDGE_CURVE('',#1526,#1551,#1559,.T.);
#1559 = LINE('',#1560,#1561);
#1560 = CARTESIAN_POINT('',(26.2,-13.3,13.19));
#1561 = VECTOR('',#1562,1.);
#1562 = DIRECTION('',(0.,-1.,0.));
#1563 = PLANE('',#1564);
#1564 = AXIS2_PLACEMENT_3D('',#1565,#1566,#1567);
#1565 = CARTESIAN_POINT('',(26.2,-13.3,13.19));
#1566 = DIRECTION('',(1.,0.,0.));
#1567 = DIRECTION('',(0.,-1.,0.));
#1568 = ADVANCED_FACE('',(#1569),#1588,.F.);
#1569 = FACE_BOUND('',#1570,.T.);
#1570 = EDGE_LOOP('',(#1571,#1572,#1573,#1581));
#1571 = ORIENTED_EDGE('',*,*,#1550,.T.);
#1572 = ORIENTED_EDGE('',*,*,#702,.T.);
#1573 = ORIENTED_EDGE('',*,*,#1574,.F.);
#1574 = EDGE_CURVE('',#1575,#695,#1577,.T.);
#1575 = VERTEX_POINT('',#1576);
#1576 = CARTESIAN_POINT('',(27.3,-65.8,13.19));
#1577 = LINE('',#1578,#1579);
#1578 = CARTESIAN_POINT('',(27.3,-65.8,13.19));
#1579 = VECTOR('',#1580,1.);
#1580 = DIRECTION('',(0.,0.,1.));
#1581 = ORIENTED_EDGE('',*,*,#1582,.F.);
#1582 = EDGE_CURVE('',#1551,#1575,#1583,.T.);
#1583 = CIRCLE('',#1584,1.1);
#1584 = AXIS2_PLACEMENT_3D('',#1585,#1586,#1587);
#1585 = CARTESIAN_POINT('',(27.3,-64.7,13.19));
#1586 = DIRECTION('',(0.,0.,1.));
#1587 = DIRECTION('',(-1.,0.,0.));
#1588 = CYLINDRICAL_SURFACE('',#1589,1.1);
#1589 = AXIS2_PLACEMENT_3D('',#1590,#1591,#1592);
#1590 = CARTESIAN_POINT('',(27.3,-64.7,13.19));
#1591 = DIRECTION('',(-0.,-0.,-1.));
#1592 = DIRECTION('',(-1.,0.,0.));
#1593 = ADVANCED_FACE('',(#1594),#1612,.T.);
#1594 = FACE_BOUND('',#1595,.T.);
#1595 = EDGE_LOOP('',(#1596,#1597,#1598,#1606));
#1596 = ORIENTED_EDGE('',*,*,#1574,.T.);
#1597 = ORIENTED_EDGE('',*,*,#694,.T.);
#1598 = ORIENTED_EDGE('',*,*,#1599,.F.);
#1599 = EDGE_CURVE('',#1600,#686,#1602,.T.);
#1600 = VERTEX_POINT('',#1601);
#1601 = CARTESIAN_POINT('',(46.7,-65.8,13.19));
#1602 = LINE('',#1603,#1604);
#1603 = CARTESIAN_POINT('',(46.7,-65.8,13.19));
#1604 = VECTOR('',#1605,1.);
#1605 = DIRECTION('',(0.,0.,1.));
#1606 = ORIENTED_EDGE('',*,*,#1607,.F.);
#1607 = EDGE_CURVE('',#1575,#1600,#1608,.T.);
#1608 = LINE('',#1609,#1610);
#1609 = CARTESIAN_POINT('',(27.3,-65.8,13.19));
#1610 = VECTOR('',#1611,1.);
#1611 = DIRECTION('',(1.,0.,0.));
#1612 = PLANE('',#1613);
#1613 = AXIS2_PLACEMENT_3D('',#1614,#1615,#1616);
#1614 = CARTESIAN_POINT('',(27.3,-65.8,13.19));
#1615 = DIRECTION('',(0.,1.,0.));
#1616 = DIRECTION('',(1.,0.,0.));
#1617 = ADVANCED_FACE('',(#1618),#1637,.F.);
#1618 = FACE_BOUND('',#1619,.T.);
#1619 = EDGE_LOOP('',(#1620,#1621,#1622,#1630));
#1620 = ORIENTED_EDGE('',*,*,#1599,.T.);
#1621 = ORIENTED_EDGE('',*,*,#685,.T.);
#1622 = ORIENTED_EDGE('',*,*,#1623,.F.);
#1623 = EDGE_CURVE('',#1624,#678,#1626,.T.);
#1624 = VERTEX_POINT('',#1625);
#1625 = CARTESIAN_POINT('',(47.8,-64.7,13.19));
#1626 = LINE('',#1627,#1628);
#1627 = CARTESIAN_POINT('',(47.8,-64.7,13.19));
#1628 = VECTOR('',#1629,1.);
#1629 = DIRECTION('',(0.,0.,1.));
#1630 = ORIENTED_EDGE('',*,*,#1631,.F.);
#1631 = EDGE_CURVE('',#1600,#1624,#1632,.T.);
#1632 = CIRCLE('',#1633,1.1);
#1633 = AXIS2_PLACEMENT_3D('',#1634,#1635,#1636);
#1634 = CARTESIAN_POINT('',(46.7,-64.7,13.19));
#1635 = DIRECTION('',(-0.,0.,1.));
#1636 = DIRECTION('',(6.46E-15,-1.,0.));
#1637 = CYLINDRICAL_SURFACE('',#1638,1.1);
#1638 = AXIS2_PLACEMENT_3D('',#1639,#1640,#1641);
#1639 = CARTESIAN_POINT('',(46.7,-64.7,13.19));
#1640 = DIRECTION('',(0.,0.,-1.));
#1641 = DIRECTION('',(6.46E-15,-1.,0.));
#1642 = ADVANCED_FACE('',(#1643),#1661,.T.);
#1643 = FACE_BOUND('',#1644,.T.);
#1644 = EDGE_LOOP('',(#1645,#1646,#1647,#1655));
#1645 = ORIENTED_EDGE('',*,*,#1623,.T.);
#1646 = ORIENTED_EDGE('',*,*,#677,.T.);
#1647 = ORIENTED_EDGE('',*,*,#1648,.F.);
#1648 = EDGE_CURVE('',#1649,#669,#1651,.T.);
#1649 = VERTEX_POINT('',#1650);
#1650 = CARTESIAN_POINT('',(47.8,-13.3,13.19));
#1651 = LINE('',#1652,#1653);
#1652 = CARTESIAN_POINT('',(47.8,-13.3,13.19));
#1653 = VECTOR('',#1654,1.);
#1654 = DIRECTION('',(0.,0.,1.));
#1655 = ORIENTED_EDGE('',*,*,#1656,.F.);
#1656 = EDGE_CURVE('',#1624,#1649,#1657,.T.);
#1657 = LINE('',#1658,#1659);
#1658 = CARTESIAN_POINT('',(47.8,-64.7,13.19));
#1659 = VECTOR('',#1660,1.);
#1660 = DIRECTION('',(0.,1.,0.));
#1661 = PLANE('',#1662);
#1662 = AXIS2_PLACEMENT_3D('',#1663,#1664,#1665);
#1663 = CARTESIAN_POINT('',(47.8,-64.7,13.19));
#1664 = DIRECTION('',(-1.,0.,0.));
#1665 = DIRECTION('',(0.,1.,0.));
#1666 = ADVANCED_FACE('',(#1667),#1679,.F.);
#1667 = FACE_BOUND('',#1668,.T.);
#1668 = EDGE_LOOP('',(#1669,#1670,#1671,#1672));
#1669 = ORIENTED_EDGE('',*,*,#1648,.T.);
#1670 = ORIENTED_EDGE('',*,*,#668,.T.);
#1671 = ORIENTED_EDGE('',*,*,#1492,.F.);
#1672 = ORIENTED_EDGE('',*,*,#1673,.F.);
#1673 = EDGE_CURVE('',#1649,#1493,#1674,.T.);
#1674 = CIRCLE('',#1675,1.1);
#1675 = AXIS2_PLACEMENT_3D('',#1676,#1677,#1678);
#1676 = CARTESIAN_POINT('',(46.7,-13.3,13.19));
#1677 = DIRECTION('',(0.,0.,1.));
#1678 = DIRECTION('',(1.,0.,0.));
#1679 = CYLINDRICAL_SURFACE('',#1680,1.1);
#1680 = AXIS2_PLACEMENT_3D('',#1681,#1682,#1683);
#1681 = CARTESIAN_POINT('',(46.7,-13.3,13.19));
#1682 = DIRECTION('',(-0.,-0.,-1.));
#1683 = DIRECTION('',(1.,0.,0.));
#1684 = ADVANCED_FACE('',(#1685,#1823),#1857,.F.);
#1685 = FACE_BOUND('',#1686,.F.);
#1686 = EDGE_LOOP('',(#1687,#1688,#1689,#1690,#1691,#1699,#1707,#1715,
    #1723,#1731,#1739,#1747,#1755,#1763,#1771,#1779,#1787,#1795,#1803,
    #1811,#1817,#1818,#1819,#1820,#1821,#1822));
#1687 = ORIENTED_EDGE('',*,*,#1376,.F.);
#1688 = ORIENTED_EDGE('',*,*,#1321,.F.);
#1689 = ORIENTED_EDGE('',*,*,#1297,.F.);
#1690 = ORIENTED_EDGE('',*,*,#1281,.F.);
#1691 = ORIENTED_EDGE('',*,*,#1692,.F.);
#1692 = EDGE_CURVE('',#1693,#1274,#1695,.T.);
#1693 = VERTEX_POINT('',#1694);
#1694 = CARTESIAN_POINT('',(27.282521281595,-12.20721855511,12.19));
#1695 = LINE('',#1696,#1697);
#1696 = CARTESIAN_POINT('',(27.282521281595,-12.20721855511,12.19));
#1697 = VECTOR('',#1698,1.);
#1698 = DIRECTION('',(0.998795456205,4.906767432741E-02,0.));
#1699 = ORIENTED_EDGE('',*,*,#1700,.F.);
#1700 = EDGE_CURVE('',#1701,#1693,#1703,.T.);
#1701 = VERTEX_POINT('',#1702);
#1702 = CARTESIAN_POINT('',(27.166173947468,-12.22447705182,12.19));
#1703 = LINE('',#1704,#1705);
#1704 = CARTESIAN_POINT('',(27.166173947468,-12.22447705182,12.19));
#1705 = VECTOR('',#1706,1.);
#1706 = DIRECTION('',(0.989176509965,0.146730474455,0.));
#1707 = ORIENTED_EDGE('',*,*,#1708,.F.);
#1708 = EDGE_CURVE('',#1709,#1701,#1711,.T.);
#1709 = VERTEX_POINT('',#1710);
#1710 = CARTESIAN_POINT('',(27.05207848605,-12.25305647712,12.19));
#1711 = LINE('',#1712,#1713);
#1712 = CARTESIAN_POINT('',(27.05207848605,-12.25305647712,12.19));
#1713 = VECTOR('',#1714,1.);
#1714 = DIRECTION('',(0.970031253195,0.242980179903,0.));
#1715 = ORIENTED_EDGE('',*,*,#1716,.F.);
#1716 = EDGE_CURVE('',#1717,#1709,#1719,.T.);
#1717 = VERTEX_POINT('',#1718);
#1718 = CARTESIAN_POINT('',(26.941333699004,-12.29268159553,12.19));
#1719 = LINE('',#1720,#1721);
#1720 = CARTESIAN_POINT('',(26.941333699004,-12.29268159553,12.19));
#1721 = VECTOR('',#1722,1.);
#1722 = DIRECTION('',(0.941544065183,0.336889853392,0.));
#1723 = ORIENTED_EDGE('',*,*,#1724,.F.);
#1724 = EDGE_CURVE('',#1725,#1717,#1727,.T.);
#1725 = VERTEX_POINT('',#1726);
#1726 = CARTESIAN_POINT('',(26.83500611917,-12.3429707955,12.19));
#1727 = LINE('',#1728,#1729);
#1728 = CARTESIAN_POINT('',(26.83500611917,-12.3429707955,12.19));
#1729 = VECTOR('',#1730,1.);
#1730 = DIRECTION('',(0.903989293123,0.42755509343,0.));
#1731 = ORIENTED_EDGE('',*,*,#1732,.F.);
#1732 = EDGE_CURVE('',#1733,#1725,#1735,.T.);
#1733 = VERTEX_POINT('',#1734);
#1734 = CARTESIAN_POINT('',(26.734119739265,-12.40343976453,12.19));
#1735 = LINE('',#1736,#1737);
#1736 = CARTESIAN_POINT('',(26.734119739265,-12.40343976453,12.19));
#1737 = VECTOR('',#1738,1.);
#1738 = DIRECTION('',(0.85772861,0.514102744193,0.));
#1739 = ORIENTED_EDGE('',*,*,#1740,.F.);
#1740 = EDGE_CURVE('',#1741,#1733,#1743,.T.);
#1741 = VERTEX_POINT('',#1742);
#1742 = CARTESIAN_POINT('',(26.639646150277,-12.47350615341,12.19));
#1743 = LINE('',#1744,#1745);
#1744 = CARTESIAN_POINT('',(26.639646150277,-12.47350615341,12.19));
#1745 = VECTOR('',#1746,1.);
#1746 = DIRECTION('',(0.803207531481,0.595699304492,0.));
#1747 = ORIENTED_EDGE('',*,*,#1748,.F.);
#1748 = EDGE_CURVE('',#1749,#1741,#1751,.T.);
#1749 = VERTEX_POINT('',#1750);
#1750 = CARTESIAN_POINT('',(26.552495184515,-12.55249518451,12.19));
#1751 = LINE('',#1752,#1753);
#1752 = CARTESIAN_POINT('',(26.552495184515,-12.55249518451,12.19));
#1753 = VECTOR('',#1754,1.);
#1754 = DIRECTION('',(0.740951125355,0.671558954847,0.));
#1755 = ORIENTED_EDGE('',*,*,#1756,.F.);
#1756 = EDGE_CURVE('',#1757,#1749,#1759,.T.);
#1757 = VERTEX_POINT('',#1758);
#1758 = CARTESIAN_POINT('',(26.473506153419,-12.63964615027,12.19));
#1759 = LINE('',#1760,#1761);
#1760 = CARTESIAN_POINT('',(26.473506153419,-12.63964615027,12.19));
#1761 = VECTOR('',#1762,1.);
#1762 = DIRECTION('',(0.671558954847,0.740951125355,0.));
#1763 = ORIENTED_EDGE('',*,*,#1764,.F.);
#1764 = EDGE_CURVE('',#1765,#1757,#1767,.T.);
#1765 = VERTEX_POINT('',#1766);
#1766 = CARTESIAN_POINT('',(26.403439764538,-12.73411973926,12.19));
#1767 = LINE('',#1768,#1769);
#1768 = CARTESIAN_POINT('',(26.403439764538,-12.73411973926,12.19));
#1769 = VECTOR('',#1770,1.);
#1770 = DIRECTION('',(0.595699304492,0.803207531481,0.));
#1771 = ORIENTED_EDGE('',*,*,#1772,.F.);
#1772 = EDGE_CURVE('',#1773,#1765,#1775,.T.);
#1773 = VERTEX_POINT('',#1774);
#1774 = CARTESIAN_POINT('',(26.3429707955,-12.83500611917,12.19));
#1775 = LINE('',#1776,#1777);
#1776 = CARTESIAN_POINT('',(26.3429707955,-12.83500611917,12.19));
#1777 = VECTOR('',#1778,1.);
#1778 = DIRECTION('',(0.514102744193,0.85772861,0.));
#1779 = ORIENTED_EDGE('',*,*,#1780,.F.);
#1780 = EDGE_CURVE('',#1781,#1773,#1783,.T.);
#1781 = VERTEX_POINT('',#1782);
#1782 = CARTESIAN_POINT('',(26.292681595533,-12.941333699,12.19));
#1783 = LINE('',#1784,#1785);
#1784 = CARTESIAN_POINT('',(26.292681595533,-12.941333699,12.19));
#1785 = VECTOR('',#1786,1.);
#1786 = DIRECTION('',(0.42755509343,0.903989293123,0.));
#1787 = ORIENTED_EDGE('',*,*,#1788,.F.);
#1788 = EDGE_CURVE('',#1789,#1781,#1791,.T.);
#1789 = VERTEX_POINT('',#1790);
#1790 = CARTESIAN_POINT('',(26.253056477122,-13.05207848605,12.19));
#1791 = LINE('',#1792,#1793);
#1792 = CARTESIAN_POINT('',(26.253056477122,-13.05207848605,12.19));
#1793 = VECTOR('',#1794,1.);
#1794 = DIRECTION('',(0.336889853392,0.941544065183,0.));
#1795 = ORIENTED_EDGE('',*,*,#1796,.F.);
#1796 = EDGE_CURVE('',#1797,#1789,#1799,.T.);
#1797 = VERTEX_POINT('',#1798);
#1798 = CARTESIAN_POINT('',(26.22447705182,-13.16617394746,12.19));
#1799 = LINE('',#1800,#1801);
#1800 = CARTESIAN_POINT('',(26.22447705182,-13.16617394746,12.19));
#1801 = VECTOR('',#1802,1.);
#1802 = DIRECTION('',(0.242980179903,0.970031253195,0.));
#1803 = ORIENTED_EDGE('',*,*,#1804,.F.);
#1804 = EDGE_CURVE('',#1805,#1797,#1807,.T.);
#1805 = VERTEX_POINT('',#1806);
#1806 = CARTESIAN_POINT('',(26.207218555115,-13.28252128159,12.19));
#1807 = LINE('',#1808,#1809);
#1808 = CARTESIAN_POINT('',(26.207218555115,-13.28252128159,12.19));
#1809 = VECTOR('',#1810,1.);
#1810 = DIRECTION('',(0.146730474455,0.989176509965,0.));
#1811 = ORIENTED_EDGE('',*,*,#1812,.F.);
#1812 = EDGE_CURVE('',#864,#1805,#1813,.T.);
#1813 = LINE('',#1814,#1815);
#1814 = CARTESIAN_POINT('',(26.2,-13.42945834653,12.19));
#1815 = VECTOR('',#1816,1.);
#1816 = DIRECTION('',(4.906767432747E-02,0.998795456205,0.));
#1817 = ORIENTED_EDGE('',*,*,#935,.F.);
#1818 = ORIENTED_EDGE('',*,*,#839,.F.);
#1819 = ORIENTED_EDGE('',*,*,#815,.F.);
#1820 = ORIENTED_EDGE('',*,*,#799,.F.);
#1821 = ORIENTED_EDGE('',*,*,#1434,.F.);
#1822 = ORIENTED_EDGE('',*,*,#1410,.F.);
#1823 = FACE_BOUND('',#1824,.F.);
#1824 = EDGE_LOOP('',(#1825,#1835,#1843,#1851));
#1825 = ORIENTED_EDGE('',*,*,#1826,.T.);
#1826 = EDGE_CURVE('',#1827,#1829,#1831,.T.);
#1827 = VERTEX_POINT('',#1828);
#1828 = CARTESIAN_POINT('',(44.95,-53.,12.19));
#1829 = VERTEX_POINT('',#1830);
#1830 = CARTESIAN_POINT('',(29.05,-53.,12.19));
#1831 = LINE('',#1832,#1833);
#1832 = CARTESIAN_POINT('',(33.043912304081,-53.,12.19));
#1833 = VECTOR('',#1834,1.);
#1834 = DIRECTION('',(-1.,0.,0.));
#1835 = ORIENTED_EDGE('',*,*,#1836,.T.);
#1836 = EDGE_CURVE('',#1829,#1837,#1839,.T.);
#1837 = VERTEX_POINT('',#1838);
#1838 = CARTESIAN_POINT('',(29.05,-15.1,12.19));
#1839 = LINE('',#1840,#1841);
#1840 = CARTESIAN_POINT('',(29.05,-46.04641870115,12.19));
#1841 = VECTOR('',#1842,1.);
#1842 = DIRECTION('',(0.,1.,0.));
#1843 = ORIENTED_EDGE('',*,*,#1844,.F.);
#1844 = EDGE_CURVE('',#1845,#1837,#1847,.T.);
#1845 = VERTEX_POINT('',#1846);
#1846 = CARTESIAN_POINT('',(44.95,-15.1,12.19));
#1847 = LINE('',#1848,#1849);
#1848 = CARTESIAN_POINT('',(33.043912304081,-15.1,12.19));
#1849 = VECTOR('',#1850,1.);
#1850 = DIRECTION('',(-1.,0.,0.));
#1851 = ORIENTED_EDGE('',*,*,#1852,.F.);
#1852 = EDGE_CURVE('',#1827,#1845,#1853,.T.);
#1853 = LINE('',#1854,#1855);
#1854 = CARTESIAN_POINT('',(44.95,-46.04641870115,12.19));
#1855 = VECTOR('',#1856,1.);
#1856 = DIRECTION('',(0.,1.,0.));
#1857 = PLANE('',#1858);
#1858 = AXIS2_PLACEMENT_3D('',#1859,#1860,#1861);
#1859 = CARTESIAN_POINT('',(37.037824608163,-39.0928374023,12.19));
#1860 = DIRECTION('',(0.,0.,1.));
#1861 = DIRECTION('',(1.,0.,0.));
#1862 = ADVANCED_FACE('',(#1863),#1868,.T.);
#1863 = FACE_BOUND('',#1864,.T.);
#1864 = EDGE_LOOP('',(#1865,#1866,#1867));
#1865 = ORIENTED_EDGE('',*,*,#1016,.T.);
#1866 = ORIENTED_EDGE('',*,*,#1025,.T.);
#1867 = ORIENTED_EDGE('',*,*,#772,.F.);
#1868 = PLANE('',#1869);
#1869 = AXIS2_PLACEMENT_3D('',#1870,#1871,#1872);
#1870 = CARTESIAN_POINT('',(37.2,-64.7,11.6));
#1871 = DIRECTION('',(0.,0.,1.));
#1872 = DIRECTION('',(1.,0.,0.));
#1873 = ADVANCED_FACE('',(#1874),#1892,.F.);
#1874 = FACE_BOUND('',#1875,.F.);
#1875 = EDGE_LOOP('',(#1876,#1884,#1885,#1886));
#1876 = ORIENTED_EDGE('',*,*,#1877,.T.);
#1877 = EDGE_CURVE('',#1878,#862,#1880,.T.);
#1878 = VERTEX_POINT('',#1879);
#1879 = CARTESIAN_POINT('',(26.207218555115,-13.28252128159,6.3));
#1880 = LINE('',#1881,#1882);
#1881 = CARTESIAN_POINT('',(25.584067113477,-25.96706027729,6.3));
#1882 = VECTOR('',#1883,1.);
#1883 = DIRECTION('',(-4.906767432747E-02,-0.998795456205,0.));
#1884 = ORIENTED_EDGE('',*,*,#861,.T.);
#1885 = ORIENTED_EDGE('',*,*,#1812,.T.);
#1886 = ORIENTED_EDGE('',*,*,#1887,.F.);
#1887 = EDGE_CURVE('',#1878,#1805,#1888,.T.);
#1888 = LINE('',#1889,#1890);
#1889 = CARTESIAN_POINT('',(26.207218555115,-13.28252128159,6.2));
#1890 = VECTOR('',#1891,1.);
#1891 = DIRECTION('',(0.,0.,1.));
#1892 = PLANE('',#1893);
#1893 = AXIS2_PLACEMENT_3D('',#1894,#1895,#1896);
#1894 = CARTESIAN_POINT('',(26.2,-13.42945834653,6.2));
#1895 = DIRECTION('',(-0.998795456205,4.906767432747E-02,0.));
#1896 = DIRECTION('',(4.906767432747E-02,0.998795456205,0.));
#1897 = ADVANCED_FACE('',(#1898),#1909,.F.);
#1898 = FACE_BOUND('',#1899,.F.);
#1899 = EDGE_LOOP('',(#1900,#1906,#1907,#1908));
#1900 = ORIENTED_EDGE('',*,*,#1901,.F.);
#1901 = EDGE_CURVE('',#994,#912,#1902,.T.);
#1902 = LINE('',#1903,#1904);
#1903 = CARTESIAN_POINT('',(20.,-55.4,9.2));
#1904 = VECTOR('',#1905,1.);
#1905 = DIRECTION('',(1.,0.,0.));
#1906 = ORIENTED_EDGE('',*,*,#993,.T.);
#1907 = ORIENTED_EDGE('',*,*,#949,.T.);
#1908 = ORIENTED_EDGE('',*,*,#919,.T.);
#1909 = PLANE('',#1910);
#1910 = AXIS2_PLACEMENT_3D('',#1911,#1912,#1913);
#1911 = CARTESIAN_POINT('',(20.,-63.9,9.2));
#1912 = DIRECTION('',(0.,0.,1.));
#1913 = DIRECTION('',(1.,0.,0.));
#1914 = ADVANCED_FACE('',(#1915),#1926,.F.);
#1915 = FACE_BOUND('',#1916,.F.);
#1916 = EDGE_LOOP('',(#1917,#1918,#1919,#1925));
#1917 = ORIENTED_EDGE('',*,*,#1901,.T.);
#1918 = ORIENTED_EDGE('',*,*,#911,.T.);
#1919 = ORIENTED_EDGE('',*,*,#1920,.T.);
#1920 = EDGE_CURVE('',#904,#976,#1921,.T.);
#1921 = LINE('',#1922,#1923);
#1922 = CARTESIAN_POINT('',(28.521656284918,-55.4,6.3));
#1923 = VECTOR('',#1924,1.);
#1924 = DIRECTION('',(-1.,0.,0.));
#1925 = ORIENTED_EDGE('',*,*,#1001,.T.);
#1926 = PLANE('',#1927);
#1927 = AXIS2_PLACEMENT_3D('',#1928,#1929,#1930);
#1928 = CARTESIAN_POINT('',(20.,-55.4,5.1));
#1929 = DIRECTION('',(0.,1.,0.));
#1930 = DIRECTION('',(0.,0.,1.));
#1931 = ADVANCED_FACE('',(#1932,#2090),#2101,.T.);
#1932 = FACE_BOUND('',#1933,.T.);
#1933 = EDGE_LOOP('',(#1934,#1943,#1944,#1945,#1946,#1947,#1948,#1954,
    #1955,#1963,#1971,#1979,#1987,#1995,#2003,#2011,#2019,#2027,#2035,
    #2043,#2051,#2059,#2067,#2075,#2081,#2082,#2083));
#1934 = ORIENTED_EDGE('',*,*,#1935,.F.);
#1935 = EDGE_CURVE('',#896,#1936,#1938,.T.);
#1936 = VERTEX_POINT('',#1937);
#1937 = CARTESIAN_POINT('',(28.85,-52.8,6.3));
#1938 = CIRCLE('',#1939,1.85);
#1939 = AXIS2_PLACEMENT_3D('',#1940,#1941,#1942);
#1940 = CARTESIAN_POINT('',(27.,-52.8,6.3));
#1941 = DIRECTION('',(0.,0.,1.));
#1942 = DIRECTION('',(1.,0.,0.));
#1943 = ORIENTED_EDGE('',*,*,#903,.T.);
#1944 = ORIENTED_EDGE('',*,*,#1920,.T.);
#1945 = ORIENTED_EDGE('',*,*,#973,.F.);
#1946 = ORIENTED_EDGE('',*,*,#1477,.F.);
#1947 = ORIENTED_EDGE('',*,*,#1113,.F.);
#1948 = ORIENTED_EDGE('',*,*,#1949,.F.);
#1949 = EDGE_CURVE('',#1194,#1114,#1950,.T.);
#1950 = LINE('',#1951,#1952);
#1951 = CARTESIAN_POINT('',(30.7,-29.54893884022,6.3));
#1952 = VECTOR('',#1953,1.);
#1953 = DIRECTION('',(0.,1.,0.));
#1954 = ORIENTED_EDGE('',*,*,#1201,.T.);
#1955 = ORIENTED_EDGE('',*,*,#1956,.F.);
#1956 = EDGE_CURVE('',#1957,#1202,#1959,.T.);
#1957 = VERTEX_POINT('',#1958);
#1958 = CARTESIAN_POINT('',(27.4,-12.20144719576,6.3));
#1959 = LINE('',#1960,#1961);
#1960 = CARTESIAN_POINT('',(27.4,-43.59893884022,6.3));
#1961 = VECTOR('',#1962,1.);
#1962 = DIRECTION('',(0.,1.,0.));
#1963 = ORIENTED_EDGE('',*,*,#1964,.T.);
#1964 = EDGE_CURVE('',#1957,#1965,#1967,.T.);
#1965 = VERTEX_POINT('',#1966);
#1966 = CARTESIAN_POINT('',(27.282521281595,-12.20721855511,6.3));
#1967 = LINE('',#1968,#1969);
#1968 = CARTESIAN_POINT('',(31.492230328968,-12.00040881117,6.3));
#1969 = VECTOR('',#1970,1.);
#1970 = DIRECTION('',(-0.998795456205,-4.906767432741E-02,0.));
#1971 = ORIENTED_EDGE('',*,*,#1972,.T.);
#1972 = EDGE_CURVE('',#1965,#1973,#1975,.T.);
#1973 = VERTEX_POINT('',#1974);
#1974 = CARTESIAN_POINT('',(27.166173947468,-12.22447705182,6.3));
#1975 = LINE('',#1976,#1977);
#1976 = CARTESIAN_POINT('',(30.048182583348,-11.79697145472,6.3));
#1977 = VECTOR('',#1978,1.);
#1978 = DIRECTION('',(-0.989176509965,-0.146730474455,0.));
#1979 = ORIENTED_EDGE('',*,*,#1980,.T.);
#1980 = EDGE_CURVE('',#1973,#1981,#1983,.T.);
#1981 = VERTEX_POINT('',#1982);
#1982 = CARTESIAN_POINT('',(27.05207848605,-12.25305647712,6.3));
#1983 = LINE('',#1984,#1985);
#1984 = CARTESIAN_POINT('',(28.589117176909,-11.86804832775,6.3));
#1985 = VECTOR('',#1986,1.);
#1986 = DIRECTION('',(-0.970031253195,-0.242980179903,0.));
#1987 = ORIENTED_EDGE('',*,*,#1988,.T.);
#1988 = EDGE_CURVE('',#1981,#1989,#1991,.T.);
#1989 = VERTEX_POINT('',#1990);
#1990 = CARTESIAN_POINT('',(26.941333699004,-12.29268159553,6.3));
#1991 = LINE('',#1992,#1993);
#1992 = CARTESIAN_POINT('',(27.167803139174,-12.21164953413,6.3));
#1993 = VECTOR('',#1994,1.);
#1994 = DIRECTION('',(-0.941544065183,-0.336889853392,0.));
#1995 = ORIENTED_EDGE('',*,*,#1996,.T.);
#1996 = EDGE_CURVE('',#1989,#1997,#1999,.T.);
#1997 = VERTEX_POINT('',#1998);
#1998 = CARTESIAN_POINT('',(26.83500611917,-12.3429707955,6.3));
#1999 = LINE('',#2000,#2001);
#2000 = CARTESIAN_POINT('',(25.83564732038,-12.8156323058,6.3));
#2001 = VECTOR('',#2002,1.);
#2002 = DIRECTION('',(-0.903989293123,-0.42755509343,0.));
#2003 = ORIENTED_EDGE('',*,*,#2004,.T.);
#2004 = EDGE_CURVE('',#1997,#2005,#2007,.T.);
#2005 = VERTEX_POINT('',#2006);
#2006 = CARTESIAN_POINT('',(26.734119739265,-12.40343976453,6.3));
#2007 = LINE('',#2008,#2009);
#2008 = CARTESIAN_POINT('',(24.640749802352,-13.65815741838,6.3));
#2009 = VECTOR('',#2010,1.);
#2010 = DIRECTION('',(-0.85772861,-0.514102744193,0.));
#2011 = ORIENTED_EDGE('',*,*,#2012,.T.);
#2012 = EDGE_CURVE('',#2005,#2013,#2015,.T.);
#2013 = VERTEX_POINT('',#2014);
#2014 = CARTESIAN_POINT('',(26.639646150277,-12.47350615341,6.3));
#2015 = LINE('',#2016,#2017);
#2016 = CARTESIAN_POINT('',(23.62608523545,-14.70851525212,6.3));
#2017 = VECTOR('',#2018,1.);
#2018 = DIRECTION('',(-0.803207531481,-0.595699304492,0.));
#2019 = ORIENTED_EDGE('',*,*,#2020,.T.);
#2020 = EDGE_CURVE('',#2013,#2021,#2023,.T.);
#2021 = VERTEX_POINT('',#2022);
#2022 = CARTESIAN_POINT('',(26.552495184515,-12.55249518451,6.3));
#2023 = LINE('',#2024,#2025);
#2024 = CARTESIAN_POINT('',(22.827879704896,-15.92828988015,6.3));
#2025 = VECTOR('',#2026,1.);
#2026 = DIRECTION('',(-0.740951125355,-0.671558954847,0.));
#2027 = ORIENTED_EDGE('',*,*,#2028,.T.);
#2028 = EDGE_CURVE('',#2021,#2029,#2031,.T.);
#2029 = VERTEX_POINT('',#2030);
#2030 = CARTESIAN_POINT('',(26.473506153419,-12.63964615027,6.3));
#2031 = LINE('',#2032,#2033);
#2032 = CARTESIAN_POINT('',(22.274245229434,-17.27281660363,6.3));
#2033 = VECTOR('',#2034,1.);
#2034 = DIRECTION('',(-0.671558954847,-0.740951125355,0.));
#2035 = ORIENTED_EDGE('',*,*,#2036,.T.);
#2036 = EDGE_CURVE('',#2029,#2037,#2039,.T.);
#2037 = VERTEX_POINT('',#2038);
#2038 = CARTESIAN_POINT('',(26.403439764538,-12.73411973926,6.3));
#2039 = LINE('',#2040,#2041);
#2040 = CARTESIAN_POINT('',(21.984124111184,-18.69287710224,6.3));
#2041 = VECTOR('',#2042,1.);
#2042 = DIRECTION('',(-0.595699304492,-0.803207531481,0.));
#2043 = ORIENTED_EDGE('',*,*,#2044,.T.);
#2044 = EDGE_CURVE('',#2037,#2045,#2047,.T.);
#2045 = VERTEX_POINT('',#2046);
#2046 = CARTESIAN_POINT('',(26.3429707955,-12.83500611917,6.3));
#2047 = LINE('',#2048,#2049);
#2048 = CARTESIAN_POINT('',(21.966583467063,-20.13656726126,6.3));
#2049 = VECTOR('',#2050,1.);
#2050 = DIRECTION('',(-0.514102744193,-0.85772861,0.));
#2051 = ORIENTED_EDGE('',*,*,#2052,.T.);
#2052 = EDGE_CURVE('',#2045,#2053,#2055,.T.);
#2053 = VERTEX_POINT('',#2054);
#2054 = CARTESIAN_POINT('',(26.292681595533,-12.941333699,6.3));
#2055 = LINE('',#2056,#2057);
#2056 = CARTESIAN_POINT('',(22.220486836079,-21.5512661232,6.3));
#2057 = VECTOR('',#2058,1.);
#2058 = DIRECTION('',(-0.42755509343,-0.903989293123,0.));
#2059 = ORIENTED_EDGE('',*,*,#2060,.T.);
#2060 = EDGE_CURVE('',#2053,#2061,#2063,.T.);
#2061 = VERTEX_POINT('',#2062);
#2062 = CARTESIAN_POINT('',(26.253056477122,-13.05207848605,6.3));
#2063 = LINE('',#2064,#2065);
#2064 = CARTESIAN_POINT('',(22.734555289369,-22.8856305456,6.3));
#2065 = VECTOR('',#2066,1.);
#2066 = DIRECTION('',(-0.336889853392,-0.941544065183,0.));
#2067 = ORIENTED_EDGE('',*,*,#2068,.T.);
#2068 = EDGE_CURVE('',#2061,#2069,#2071,.T.);
#2069 = VERTEX_POINT('',#2070);
#2070 = CARTESIAN_POINT('',(26.22447705182,-13.16617394746,6.3));
#2071 = LINE('',#2072,#2073);
#2072 = CARTESIAN_POINT('',(23.487815526601,-24.09153917657,6.3));
#2073 = VECTOR('',#2074,1.);
#2074 = DIRECTION('',(-0.242980179903,-0.970031253195,0.));
#2075 = ORIENTED_EDGE('',*,*,#2076,.T.);
#2076 = EDGE_CURVE('',#2069,#1878,#2077,.T.);
#2077 = LINE('',#2078,#2079);
#2078 = CARTESIAN_POINT('',(24.450417597565,-25.12591132271,6.3));
#2079 = VECTOR('',#2080,1.);
#2080 = DIRECTION('',(-0.146730474455,-0.989176509965,0.));
#2081 = ORIENTED_EDGE('',*,*,#1877,.T.);
#2082 = ORIENTED_EDGE('',*,*,#871,.T.);
#2083 = ORIENTED_EDGE('',*,*,#2084,.F.);
#2084 = EDGE_CURVE('',#1936,#872,#2085,.T.);
#2085 = CIRCLE('',#2086,1.85);
#2086 = AXIS2_PLACEMENT_3D('',#2087,#2088,#2089);
#2087 = CARTESIAN_POINT('',(27.,-52.8,6.3));
#2088 = DIRECTION('',(0.,0.,1.));
#2089 = DIRECTION('',(1.,0.,0.));
#2090 = FACE_BOUND('',#2091,.T.);
#2091 = EDGE_LOOP('',(#2092));
#2092 = ORIENTED_EDGE('',*,*,#2093,.F.);
#2093 = EDGE_CURVE('',#2094,#2094,#2096,.T.);
#2094 = VERTEX_POINT('',#2095);
#2095 = CARTESIAN_POINT('',(28.6,-52.8,6.3));
#2096 = CIRCLE('',#2097,1.6);
#2097 = AXIS2_PLACEMENT_3D('',#2098,#2099,#2100);
#2098 = CARTESIAN_POINT('',(27.,-52.8,6.3));
#2099 = DIRECTION('',(0.,0.,-1.));
#2100 = DIRECTION('',(1.,0.,0.));
#2101 = PLANE('',#2102);
#2102 = AXIS2_PLACEMENT_3D('',#2103,#2104,#2105);
#2103 = CARTESIAN_POINT('',(26.023308360703,-32.38563708432,6.3));
#2104 = DIRECTION('',(-0.,-0.,-1.));
#2105 = DIRECTION('',(-1.,0.,0.));
#2106 = ADVANCED_FACE('',(#2107),#2129,.T.);
#2107 = FACE_BOUND('',#2108,.F.);
#2108 = EDGE_LOOP('',(#2109,#2110,#2119,#2126,#2127,#2128));
#2109 = ORIENTED_EDGE('',*,*,#895,.F.);
#2110 = ORIENTED_EDGE('',*,*,#2111,.T.);
#2111 = EDGE_CURVE('',#888,#2112,#2114,.T.);
#2112 = VERTEX_POINT('',#2113);
#2113 = CARTESIAN_POINT('',(28.85,-52.8,11.6));
#2114 = CIRCLE('',#2115,1.85);
#2115 = AXIS2_PLACEMENT_3D('',#2116,#2117,#2118);
#2116 = CARTESIAN_POINT('',(27.,-52.8,11.6));
#2117 = DIRECTION('',(0.,0.,1.));
#2118 = DIRECTION('',(1.,0.,0.));
#2119 = ORIENTED_EDGE('',*,*,#2120,.T.);
#2120 = EDGE_CURVE('',#2112,#880,#2121,.T.);
#2121 = CIRCLE('',#2122,1.85);
#2122 = AXIS2_PLACEMENT_3D('',#2123,#2124,#2125);
#2123 = CARTESIAN_POINT('',(27.,-52.8,11.6));
#2124 = DIRECTION('',(0.,0.,1.));
#2125 = DIRECTION('',(1.,0.,0.));
#2126 = ORIENTED_EDGE('',*,*,#879,.T.);
#2127 = ORIENTED_EDGE('',*,*,#2084,.F.);
#2128 = ORIENTED_EDGE('',*,*,#1935,.F.);
#2129 = CYLINDRICAL_SURFACE('',#2130,1.85);
#2130 = AXIS2_PLACEMENT_3D('',#2131,#2132,#2133);
#2131 = CARTESIAN_POINT('',(27.,-52.8,6.3));
#2132 = DIRECTION('',(-0.,-0.,-1.));
#2133 = DIRECTION('',(1.,0.,0.));
#2134 = ADVANCED_FACE('',(#2135),#2140,.T.);
#2135 = FACE_BOUND('',#2136,.T.);
#2136 = EDGE_LOOP('',(#2137,#2138,#2139));
#2137 = ORIENTED_EDGE('',*,*,#2111,.T.);
#2138 = ORIENTED_EDGE('',*,*,#2120,.T.);
#2139 = ORIENTED_EDGE('',*,*,#887,.F.);
#2140 = PLANE('',#2141);
#2141 = AXIS2_PLACEMENT_3D('',#2142,#2143,#2144);
#2142 = CARTESIAN_POINT('',(27.,-52.8,11.6));
#2143 = DIRECTION('',(0.,0.,1.));
#2144 = DIRECTION('',(1.,0.,0.));
#2145 = ADVANCED_FACE('',(#2146),#2149,.F.);
#2146 = FACE_BOUND('',#2147,.T.);
#2147 = EDGE_LOOP('',(#2148));
#2148 = ORIENTED_EDGE('',*,*,#1052,.F.);
#2149 = PLANE('',#2150);
#2150 = AXIS2_PLACEMENT_3D('',#2151,#2152,#2153);
#2151 = CARTESIAN_POINT('',(37.2,-64.7,6.8));
#2152 = DIRECTION('',(0.,0.,1.));
#2153 = DIRECTION('',(1.,0.,0.));
#2154 = ADVANCED_FACE('',(#2155),#2166,.F.);
#2155 = FACE_BOUND('',#2156,.F.);
#2156 = EDGE_LOOP('',(#2157,#2163,#2164,#2165));
#2157 = ORIENTED_EDGE('',*,*,#2158,.F.);
#2158 = EDGE_CURVE('',#1186,#1122,#2159,.T.);
#2159 = LINE('',#2160,#2161);
#2160 = CARTESIAN_POINT('',(30.7,-20.,11.8));
#2161 = VECTOR('',#2162,1.);
#2162 = DIRECTION('',(0.,1.,0.));
#2163 = ORIENTED_EDGE('',*,*,#1185,.F.);
#2164 = ORIENTED_EDGE('',*,*,#1151,.T.);
#2165 = ORIENTED_EDGE('',*,*,#1129,.T.);
#2166 = PLANE('',#2167);
#2167 = AXIS2_PLACEMENT_3D('',#2168,#2169,#2170);
#2168 = CARTESIAN_POINT('',(30.7,-20.,11.8));
#2169 = DIRECTION('',(0.,0.,1.));
#2170 = DIRECTION('',(1.,0.,0.));
#2171 = ADVANCED_FACE('',(#2172),#2178,.T.);
#2172 = FACE_BOUND('',#2173,.T.);
#2173 = EDGE_LOOP('',(#2174,#2175,#2176,#2177));
#2174 = ORIENTED_EDGE('',*,*,#2158,.F.);
#2175 = ORIENTED_EDGE('',*,*,#1193,.F.);
#2176 = ORIENTED_EDGE('',*,*,#1949,.T.);
#2177 = ORIENTED_EDGE('',*,*,#1121,.T.);
#2178 = PLANE('',#2179);
#2179 = AXIS2_PLACEMENT_3D('',#2180,#2181,#2182);
#2180 = CARTESIAN_POINT('',(30.7,-20.,6.2));
#2181 = DIRECTION('',(1.,0.,0.));
#2182 = DIRECTION('',(0.,0.,1.));
#2183 = ADVANCED_FACE('',(#2184),#2203,.F.);
#2184 = FACE_BOUND('',#2185,.F.);
#2185 = EDGE_LOOP('',(#2186,#2194,#2200,#2201,#2202));
#2186 = ORIENTED_EDGE('',*,*,#2187,.F.);
#2187 = EDGE_CURVE('',#2188,#1210,#2190,.T.);
#2188 = VERTEX_POINT('',#2189);
#2189 = CARTESIAN_POINT('',(27.4,-12.20144719576,12.1));
#2190 = LINE('',#2191,#2192);
#2191 = CARTESIAN_POINT('',(27.4,-48.1,12.1));
#2192 = VECTOR('',#2193,1.);
#2193 = DIRECTION('',(0.,1.,0.));
#2194 = ORIENTED_EDGE('',*,*,#2195,.T.);
#2195 = EDGE_CURVE('',#2188,#1266,#2196,.T.);
#2196 = LINE('',#2197,#2198);
#2197 = CARTESIAN_POINT('',(26.461592268837,-12.24754821139,12.1));
#2198 = VECTOR('',#2199,1.);
#2199 = DIRECTION('',(0.998795456205,4.906767432741E-02,0.));
#2200 = ORIENTED_EDGE('',*,*,#1265,.T.);
#2201 = ORIENTED_EDGE('',*,*,#1231,.T.);
#2202 = ORIENTED_EDGE('',*,*,#1217,.F.);
#2203 = PLANE('',#2204);
#2204 = AXIS2_PLACEMENT_3D('',#2205,#2206,#2207);
#2205 = CARTESIAN_POINT('',(27.4,-48.1,12.1));
#2206 = DIRECTION('',(0.,0.,1.));
#2207 = DIRECTION('',(1.,0.,0.));
#2208 = ADVANCED_FACE('',(#2209),#2220,.T.);
#2209 = FACE_BOUND('',#2210,.T.);
#2210 = EDGE_LOOP('',(#2211,#2212,#2218,#2219));
#2211 = ORIENTED_EDGE('',*,*,#2187,.F.);
#2212 = ORIENTED_EDGE('',*,*,#2213,.T.);
#2213 = EDGE_CURVE('',#2188,#1957,#2214,.T.);
#2214 = LINE('',#2215,#2216);
#2215 = CARTESIAN_POINT('',(27.4,-12.20144719576,5.9));
#2216 = VECTOR('',#2217,1.);
#2217 = DIRECTION('',(0.,0.,-1.));
#2218 = ORIENTED_EDGE('',*,*,#1956,.T.);
#2219 = ORIENTED_EDGE('',*,*,#1209,.T.);
#2220 = PLANE('',#2221);
#2221 = AXIS2_PLACEMENT_3D('',#2222,#2223,#2224);
#2222 = CARTESIAN_POINT('',(27.4,-48.1,5.6));
#2223 = DIRECTION('',(1.,0.,0.));
#2224 = DIRECTION('',(0.,0.,1.));
#2225 = ADVANCED_FACE('',(#2226),#2239,.F.);
#2226 = FACE_BOUND('',#2227,.F.);
#2227 = EDGE_LOOP('',(#2228,#2229,#2230,#2236,#2237,#2238));
#2228 = ORIENTED_EDGE('',*,*,#2213,.T.);
#2229 = ORIENTED_EDGE('',*,*,#1964,.T.);
#2230 = ORIENTED_EDGE('',*,*,#2231,.T.);
#2231 = EDGE_CURVE('',#1965,#1693,#2232,.T.);
#2232 = LINE('',#2233,#2234);
#2233 = CARTESIAN_POINT('',(27.282521281595,-12.20721855511,6.2));
#2234 = VECTOR('',#2235,1.);
#2235 = DIRECTION('',(0.,0.,1.));
#2236 = ORIENTED_EDGE('',*,*,#1692,.T.);
#2237 = ORIENTED_EDGE('',*,*,#1273,.F.);
#2238 = ORIENTED_EDGE('',*,*,#2195,.F.);
#2239 = PLANE('',#2240);
#2240 = AXIS2_PLACEMENT_3D('',#2241,#2242,#2243);
#2241 = CARTESIAN_POINT('',(27.282521281595,-12.20721855511,6.2));
#2242 = DIRECTION('',(-4.906767432741E-02,0.998795456205,0.));
#2243 = DIRECTION('',(0.998795456205,4.906767432741E-02,0.));
#2244 = ADVANCED_FACE('',(#2245),#2249,.T.);
#2245 = FACE_BOUND('',#2246,.T.);
#2246 = EDGE_LOOP('',(#2247,#2248));
#2247 = ORIENTED_EDGE('',*,*,#1360,.F.);
#2248 = ORIENTED_EDGE('',*,*,#1392,.T.);
#2249 = PLANE('',#2250);
#2250 = AXIS2_PLACEMENT_3D('',#2251,#2252,#2253);
#2251 = CARTESIAN_POINT('',(47.,-52.8,11.6));
#2252 = DIRECTION('',(0.,0.,1.));
#2253 = DIRECTION('',(1.,0.,0.));
#2254 = ADVANCED_FACE('',(#2255),#2258,.F.);
#2255 = FACE_BOUND('',#2256,.T.);
#2256 = EDGE_LOOP('',(#2257));
#2257 = ORIENTED_EDGE('',*,*,#1458,.F.);
#2258 = PLANE('',#2259);
#2259 = AXIS2_PLACEMENT_3D('',#2260,#2261,#2262);
#2260 = CARTESIAN_POINT('',(47.,-52.8,6.8));
#2261 = DIRECTION('',(0.,0.,1.));
#2262 = DIRECTION('',(1.,0.,0.));
#2263 = ADVANCED_FACE('',(#2264,#2274),#2353,.F.);
#2264 = FACE_BOUND('',#2265,.F.);
#2265 = EDGE_LOOP('',(#2266,#2267,#2268,#2269,#2270,#2271,#2272,#2273));
#2266 = ORIENTED_EDGE('',*,*,#1509,.F.);
#2267 = ORIENTED_EDGE('',*,*,#1673,.F.);
#2268 = ORIENTED_EDGE('',*,*,#1656,.F.);
#2269 = ORIENTED_EDGE('',*,*,#1631,.F.);
#2270 = ORIENTED_EDGE('',*,*,#1607,.F.);
#2271 = ORIENTED_EDGE('',*,*,#1582,.F.);
#2272 = ORIENTED_EDGE('',*,*,#1558,.F.);
#2273 = ORIENTED_EDGE('',*,*,#1533,.F.);
#2274 = FACE_BOUND('',#2275,.F.);
#2275 = EDGE_LOOP('',(#2276,#2287,#2295,#2304,#2312,#2321,#2329,#2338,
    #2346));
#2276 = ORIENTED_EDGE('',*,*,#2277,.T.);
#2277 = EDGE_CURVE('',#2278,#2280,#2282,.T.);
#2278 = VERTEX_POINT('',#2279);
#2279 = CARTESIAN_POINT('',(45.323257534699,-53.24091808745,13.19));
#2280 = VERTEX_POINT('',#2281);
#2281 = CARTESIAN_POINT('',(45.55,-52.57528221325,13.19));
#2282 = B_SPLINE_CURVE_WITH_KNOTS('',3,(#2283,#2284,#2285,#2286),
  .UNSPECIFIED.,.F.,.F.,(4,4),(0.,1.),.PIECEWISE_BEZIER_KNOTS.);
#2283 = CARTESIAN_POINT('',(42.2,-57.5,13.19));
#2284 = CARTESIAN_POINT('',(46.5,-54.5,13.19));
#2285 = CARTESIAN_POINT('',(46.8,-48.4,13.19));
#2286 = CARTESIAN_POINT('',(47.55,-32.5,13.19));
#2287 = ORIENTED_EDGE('',*,*,#2288,.T.);
#2288 = EDGE_CURVE('',#2280,#2289,#2291,.T.);
#2289 = VERTEX_POINT('',#2290);
#2290 = CARTESIAN_POINT('',(45.55,-14.95,13.19));
#2291 = LINE('',#2292,#2293);
#2292 = CARTESIAN_POINT('',(45.55,-52.95,13.19));
#2293 = VECTOR('',#2294,1.);
#2294 = DIRECTION('',(0.,1.,0.));
#2295 = ORIENTED_EDGE('',*,*,#2296,.T.);
#2296 = EDGE_CURVE('',#2289,#2297,#2299,.T.);
#2297 = VERTEX_POINT('',#2298);
#2298 = CARTESIAN_POINT('',(45.25,-14.65,13.19));
#2299 = CIRCLE('',#2300,0.3);
#2300 = AXIS2_PLACEMENT_3D('',#2301,#2302,#2303);
#2301 = CARTESIAN_POINT('',(45.25,-14.95,13.19));
#2302 = DIRECTION('',(0.,-0.,1.));
#2303 = DIRECTION('',(1.,5.92E-15,0.));
#2304 = ORIENTED_EDGE('',*,*,#2305,.T.);
#2305 = EDGE_CURVE('',#2297,#2306,#2308,.T.);
#2306 = VERTEX_POINT('',#2307);
#2307 = CARTESIAN_POINT('',(29.15,-14.65,13.19));
#2308 = LINE('',#2309,#2310);
#2309 = CARTESIAN_POINT('',(45.25,-14.65,13.19));
#2310 = VECTOR('',#2311,1.);
#2311 = DIRECTION('',(-1.,0.,0.));
#2312 = ORIENTED_EDGE('',*,*,#2313,.T.);
#2313 = EDGE_CURVE('',#2306,#2314,#2316,.T.);
#2314 = VERTEX_POINT('',#2315);
#2315 = CARTESIAN_POINT('',(28.85,-14.95,13.19));
#2316 = CIRCLE('',#2317,0.3);
#2317 = AXIS2_PLACEMENT_3D('',#2318,#2319,#2320);
#2318 = CARTESIAN_POINT('',(29.15,-14.95,13.19));
#2319 = DIRECTION('',(0.,-0.,1.));
#2320 = DIRECTION('',(1.1842E-13,1.,0.));
#2321 = ORIENTED_EDGE('',*,*,#2322,.T.);
#2322 = EDGE_CURVE('',#2314,#2323,#2325,.T.);
#2323 = VERTEX_POINT('',#2324);
#2324 = CARTESIAN_POINT('',(28.85,-52.95,13.19));
#2325 = LINE('',#2326,#2327);
#2326 = CARTESIAN_POINT('',(28.85,-14.95,13.19));
#2327 = VECTOR('',#2328,1.);
#2328 = DIRECTION('',(0.,-1.,0.));
#2329 = ORIENTED_EDGE('',*,*,#2330,.T.);
#2330 = EDGE_CURVE('',#2323,#2331,#2333,.T.);
#2331 = VERTEX_POINT('',#2332);
#2332 = CARTESIAN_POINT('',(29.15,-53.25,13.19));
#2333 = CIRCLE('',#2334,0.3);
#2334 = AXIS2_PLACEMENT_3D('',#2335,#2336,#2337);
#2335 = CARTESIAN_POINT('',(29.15,-52.95,13.19));
#2336 = DIRECTION('',(0.,0.,1.));
#2337 = DIRECTION('',(-1.,4.737E-14,0.));
#2338 = ORIENTED_EDGE('',*,*,#2339,.T.);
#2339 = EDGE_CURVE('',#2331,#2340,#2342,.T.);
#2340 = VERTEX_POINT('',#2341);
#2341 = CARTESIAN_POINT('',(45.25,-53.25,13.19));
#2342 = LINE('',#2343,#2344);
#2343 = CARTESIAN_POINT('',(29.15,-53.25,13.19));
#2344 = VECTOR('',#2345,1.);
#2345 = DIRECTION('',(1.,0.,0.));
#2346 = ORIENTED_EDGE('',*,*,#2347,.T.);
#2347 = EDGE_CURVE('',#2340,#2278,#2348,.T.);
#2348 = CIRCLE('',#2349,0.3);
#2349 = AXIS2_PLACEMENT_3D('',#2350,#2351,#2352);
#2350 = CARTESIAN_POINT('',(45.25,-52.95,13.19));
#2351 = DIRECTION('',(-0.,0.,1.));
#2352 = DIRECTION('',(2.368E-14,-1.,0.));
#2353 = PLANE('',#2354);
#2354 = AXIS2_PLACEMENT_3D('',#2355,#2356,#2357);
#2355 = CARTESIAN_POINT('',(37.,-39.,13.19));
#2356 = DIRECTION('',(-0.,-0.,-1.));
#2357 = DIRECTION('',(-1.,0.,0.));
#2358 = ADVANCED_FACE('',(#2359),#2370,.F.);
#2359 = FACE_BOUND('',#2360,.F.);
#2360 = EDGE_LOOP('',(#2361,#2362,#2368,#2369));
#2361 = ORIENTED_EDGE('',*,*,#1972,.T.);
#2362 = ORIENTED_EDGE('',*,*,#2363,.T.);
#2363 = EDGE_CURVE('',#1973,#1701,#2364,.T.);
#2364 = LINE('',#2365,#2366);
#2365 = CARTESIAN_POINT('',(27.166173947468,-12.22447705182,6.2));
#2366 = VECTOR('',#2367,1.);
#2367 = DIRECTION('',(0.,0.,1.));
#2368 = ORIENTED_EDGE('',*,*,#1700,.T.);
#2369 = ORIENTED_EDGE('',*,*,#2231,.F.);
#2370 = PLANE('',#2371);
#2371 = AXIS2_PLACEMENT_3D('',#2372,#2373,#2374);
#2372 = CARTESIAN_POINT('',(27.166173947468,-12.22447705182,6.2));
#2373 = DIRECTION('',(-0.146730474455,0.989176509965,0.));
#2374 = DIRECTION('',(0.989176509965,0.146730474455,0.));
#2375 = ADVANCED_FACE('',(#2376),#2387,.F.);
#2376 = FACE_BOUND('',#2377,.F.);
#2377 = EDGE_LOOP('',(#2378,#2379,#2385,#2386));
#2378 = ORIENTED_EDGE('',*,*,#1980,.T.);
#2379 = ORIENTED_EDGE('',*,*,#2380,.T.);
#2380 = EDGE_CURVE('',#1981,#1709,#2381,.T.);
#2381 = LINE('',#2382,#2383);
#2382 = CARTESIAN_POINT('',(27.05207848605,-12.25305647712,6.2));
#2383 = VECTOR('',#2384,1.);
#2384 = DIRECTION('',(0.,0.,1.));
#2385 = ORIENTED_EDGE('',*,*,#1708,.T.);
#2386 = ORIENTED_EDGE('',*,*,#2363,.F.);
#2387 = PLANE('',#2388);
#2388 = AXIS2_PLACEMENT_3D('',#2389,#2390,#2391);
#2389 = CARTESIAN_POINT('',(27.05207848605,-12.25305647712,6.2));
#2390 = DIRECTION('',(-0.242980179903,0.970031253195,0.));
#2391 = DIRECTION('',(0.970031253195,0.242980179903,0.));
#2392 = ADVANCED_FACE('',(#2393),#2404,.F.);
#2393 = FACE_BOUND('',#2394,.F.);
#2394 = EDGE_LOOP('',(#2395,#2396,#2402,#2403));
#2395 = ORIENTED_EDGE('',*,*,#1988,.T.);
#2396 = ORIENTED_EDGE('',*,*,#2397,.T.);
#2397 = EDGE_CURVE('',#1989,#1717,#2398,.T.);
#2398 = LINE('',#2399,#2400);
#2399 = CARTESIAN_POINT('',(26.941333699004,-12.29268159553,6.2));
#2400 = VECTOR('',#2401,1.);
#2401 = DIRECTION('',(0.,0.,1.));
#2402 = ORIENTED_EDGE('',*,*,#1716,.T.);
#2403 = ORIENTED_EDGE('',*,*,#2380,.F.);
#2404 = PLANE('',#2405);
#2405 = AXIS2_PLACEMENT_3D('',#2406,#2407,#2408);
#2406 = CARTESIAN_POINT('',(26.941333699004,-12.29268159553,6.2));
#2407 = DIRECTION('',(-0.336889853392,0.941544065183,0.));
#2408 = DIRECTION('',(0.941544065183,0.336889853392,0.));
#2409 = ADVANCED_FACE('',(#2410),#2421,.F.);
#2410 = FACE_BOUND('',#2411,.F.);
#2411 = EDGE_LOOP('',(#2412,#2413,#2419,#2420));
#2412 = ORIENTED_EDGE('',*,*,#1996,.T.);
#2413 = ORIENTED_EDGE('',*,*,#2414,.T.);
#2414 = EDGE_CURVE('',#1997,#1725,#2415,.T.);
#2415 = LINE('',#2416,#2417);
#2416 = CARTESIAN_POINT('',(26.83500611917,-12.3429707955,6.2));
#2417 = VECTOR('',#2418,1.);
#2418 = DIRECTION('',(0.,0.,1.));
#2419 = ORIENTED_EDGE('',*,*,#1724,.T.);
#2420 = ORIENTED_EDGE('',*,*,#2397,.F.);
#2421 = PLANE('',#2422);
#2422 = AXIS2_PLACEMENT_3D('',#2423,#2424,#2425);
#2423 = CARTESIAN_POINT('',(26.83500611917,-12.3429707955,6.2));
#2424 = DIRECTION('',(-0.42755509343,0.903989293123,0.));
#2425 = DIRECTION('',(0.903989293123,0.42755509343,0.));
#2426 = ADVANCED_FACE('',(#2427),#2438,.F.);
#2427 = FACE_BOUND('',#2428,.F.);
#2428 = EDGE_LOOP('',(#2429,#2430,#2431,#2432));
#2429 = ORIENTED_EDGE('',*,*,#2076,.T.);
#2430 = ORIENTED_EDGE('',*,*,#1887,.T.);
#2431 = ORIENTED_EDGE('',*,*,#1804,.T.);
#2432 = ORIENTED_EDGE('',*,*,#2433,.F.);
#2433 = EDGE_CURVE('',#2069,#1797,#2434,.T.);
#2434 = LINE('',#2435,#2436);
#2435 = CARTESIAN_POINT('',(26.22447705182,-13.16617394746,6.2));
#2436 = VECTOR('',#2437,1.);
#2437 = DIRECTION('',(0.,0.,1.));
#2438 = PLANE('',#2439);
#2439 = AXIS2_PLACEMENT_3D('',#2440,#2441,#2442);
#2440 = CARTESIAN_POINT('',(26.207218555115,-13.28252128159,6.2));
#2441 = DIRECTION('',(-0.989176509965,0.146730474455,0.));
#2442 = DIRECTION('',(0.146730474455,0.989176509965,0.));
#2443 = ADVANCED_FACE('',(#2444),#2455,.F.);
#2444 = FACE_BOUND('',#2445,.F.);
#2445 = EDGE_LOOP('',(#2446,#2447,#2453,#2454));
#2446 = ORIENTED_EDGE('',*,*,#2004,.T.);
#2447 = ORIENTED_EDGE('',*,*,#2448,.T.);
#2448 = EDGE_CURVE('',#2005,#1733,#2449,.T.);
#2449 = LINE('',#2450,#2451);
#2450 = CARTESIAN_POINT('',(26.734119739265,-12.40343976453,6.2));
#2451 = VECTOR('',#2452,1.);
#2452 = DIRECTION('',(0.,0.,1.));
#2453 = ORIENTED_EDGE('',*,*,#1732,.T.);
#2454 = ORIENTED_EDGE('',*,*,#2414,.F.);
#2455 = PLANE('',#2456);
#2456 = AXIS2_PLACEMENT_3D('',#2457,#2458,#2459);
#2457 = CARTESIAN_POINT('',(26.734119739265,-12.40343976453,6.2));
#2458 = DIRECTION('',(-0.514102744193,0.85772861,0.));
#2459 = DIRECTION('',(0.85772861,0.514102744193,0.));
#2460 = ADVANCED_FACE('',(#2461),#2472,.F.);
#2461 = FACE_BOUND('',#2462,.F.);
#2462 = EDGE_LOOP('',(#2463,#2464,#2465,#2466));
#2463 = ORIENTED_EDGE('',*,*,#2068,.T.);
#2464 = ORIENTED_EDGE('',*,*,#2433,.T.);
#2465 = ORIENTED_EDGE('',*,*,#1796,.T.);
#2466 = ORIENTED_EDGE('',*,*,#2467,.F.);
#2467 = EDGE_CURVE('',#2061,#1789,#2468,.T.);
#2468 = LINE('',#2469,#2470);
#2469 = CARTESIAN_POINT('',(26.253056477122,-13.05207848605,6.2));
#2470 = VECTOR('',#2471,1.);
#2471 = DIRECTION('',(0.,0.,1.));
#2472 = PLANE('',#2473);
#2473 = AXIS2_PLACEMENT_3D('',#2474,#2475,#2476);
#2474 = CARTESIAN_POINT('',(26.22447705182,-13.16617394746,6.2));
#2475 = DIRECTION('',(-0.970031253195,0.242980179903,0.));
#2476 = DIRECTION('',(0.242980179903,0.970031253195,0.));
#2477 = ADVANCED_FACE('',(#2478),#2489,.F.);
#2478 = FACE_BOUND('',#2479,.F.);
#2479 = EDGE_LOOP('',(#2480,#2481,#2487,#2488));
#2480 = ORIENTED_EDGE('',*,*,#2012,.T.);
#2481 = ORIENTED_EDGE('',*,*,#2482,.T.);
#2482 = EDGE_CURVE('',#2013,#1741,#2483,.T.);
#2483 = LINE('',#2484,#2485);
#2484 = CARTESIAN_POINT('',(26.639646150277,-12.47350615341,6.2));
#2485 = VECTOR('',#2486,1.);
#2486 = DIRECTION('',(0.,0.,1.));
#2487 = ORIENTED_EDGE('',*,*,#1740,.T.);
#2488 = ORIENTED_EDGE('',*,*,#2448,.F.);
#2489 = PLANE('',#2490);
#2490 = AXIS2_PLACEMENT_3D('',#2491,#2492,#2493);
#2491 = CARTESIAN_POINT('',(26.639646150277,-12.47350615341,6.2));
#2492 = DIRECTION('',(-0.595699304492,0.803207531481,0.));
#2493 = DIRECTION('',(0.803207531481,0.595699304492,0.));
#2494 = ADVANCED_FACE('',(#2495),#2506,.F.);
#2495 = FACE_BOUND('',#2496,.F.);
#2496 = EDGE_LOOP('',(#2497,#2498,#2499,#2500));
#2497 = ORIENTED_EDGE('',*,*,#2060,.T.);
#2498 = ORIENTED_EDGE('',*,*,#2467,.T.);
#2499 = ORIENTED_EDGE('',*,*,#1788,.T.);
#2500 = ORIENTED_EDGE('',*,*,#2501,.F.);
#2501 = EDGE_CURVE('',#2053,#1781,#2502,.T.);
#2502 = LINE('',#2503,#2504);
#2503 = CARTESIAN_POINT('',(26.292681595533,-12.941333699,6.2));
#2504 = VECTOR('',#2505,1.);
#2505 = DIRECTION('',(0.,0.,1.));
#2506 = PLANE('',#2507);
#2507 = AXIS2_PLACEMENT_3D('',#2508,#2509,#2510);
#2508 = CARTESIAN_POINT('',(26.253056477122,-13.05207848605,6.2));
#2509 = DIRECTION('',(-0.941544065183,0.336889853392,0.));
#2510 = DIRECTION('',(0.336889853392,0.941544065183,0.));
#2511 = ADVANCED_FACE('',(#2512),#2523,.F.);
#2512 = FACE_BOUND('',#2513,.F.);
#2513 = EDGE_LOOP('',(#2514,#2515,#2521,#2522));
#2514 = ORIENTED_EDGE('',*,*,#2020,.T.);
#2515 = ORIENTED_EDGE('',*,*,#2516,.T.);
#2516 = EDGE_CURVE('',#2021,#1749,#2517,.T.);
#2517 = LINE('',#2518,#2519);
#2518 = CARTESIAN_POINT('',(26.552495184515,-12.55249518451,6.2));
#2519 = VECTOR('',#2520,1.);
#2520 = DIRECTION('',(0.,0.,1.));
#2521 = ORIENTED_EDGE('',*,*,#1748,.T.);
#2522 = ORIENTED_EDGE('',*,*,#2482,.F.);
#2523 = PLANE('',#2524);
#2524 = AXIS2_PLACEMENT_3D('',#2525,#2526,#2527);
#2525 = CARTESIAN_POINT('',(26.552495184515,-12.55249518451,6.2));
#2526 = DIRECTION('',(-0.671558954847,0.740951125355,0.));
#2527 = DIRECTION('',(0.740951125355,0.671558954847,0.));
#2528 = ADVANCED_FACE('',(#2529),#2540,.F.);
#2529 = FACE_BOUND('',#2530,.F.);
#2530 = EDGE_LOOP('',(#2531,#2532,#2533,#2534));
#2531 = ORIENTED_EDGE('',*,*,#2052,.T.);
#2532 = ORIENTED_EDGE('',*,*,#2501,.T.);
#2533 = ORIENTED_EDGE('',*,*,#1780,.T.);
#2534 = ORIENTED_EDGE('',*,*,#2535,.F.);
#2535 = EDGE_CURVE('',#2045,#1773,#2536,.T.);
#2536 = LINE('',#2537,#2538);
#2537 = CARTESIAN_POINT('',(26.3429707955,-12.83500611917,6.2));
#2538 = VECTOR('',#2539,1.);
#2539 = DIRECTION('',(0.,0.,1.));
#2540 = PLANE('',#2541);
#2541 = AXIS2_PLACEMENT_3D('',#2542,#2543,#2544);
#2542 = CARTESIAN_POINT('',(26.292681595533,-12.941333699,6.2));
#2543 = DIRECTION('',(-0.903989293123,0.42755509343,0.));
#2544 = DIRECTION('',(0.42755509343,0.903989293123,0.));
#2545 = ADVANCED_FACE('',(#2546),#2557,.F.);
#2546 = FACE_BOUND('',#2547,.F.);
#2547 = EDGE_LOOP('',(#2548,#2549,#2555,#2556));
#2548 = ORIENTED_EDGE('',*,*,#2028,.T.);
#2549 = ORIENTED_EDGE('',*,*,#2550,.T.);
#2550 = EDGE_CURVE('',#2029,#1757,#2551,.T.);
#2551 = LINE('',#2552,#2553);
#2552 = CARTESIAN_POINT('',(26.473506153419,-12.63964615027,6.2));
#2553 = VECTOR('',#2554,1.);
#2554 = DIRECTION('',(0.,0.,1.));
#2555 = ORIENTED_EDGE('',*,*,#1756,.T.);
#2556 = ORIENTED_EDGE('',*,*,#2516,.F.);
#2557 = PLANE('',#2558);
#2558 = AXIS2_PLACEMENT_3D('',#2559,#2560,#2561);
#2559 = CARTESIAN_POINT('',(26.473506153419,-12.63964615027,6.2));
#2560 = DIRECTION('',(-0.740951125355,0.671558954847,0.));
#2561 = DIRECTION('',(0.671558954847,0.740951125355,0.));
#2562 = ADVANCED_FACE('',(#2563),#2574,.F.);
#2563 = FACE_BOUND('',#2564,.F.);
#2564 = EDGE_LOOP('',(#2565,#2566,#2567,#2568));
#2565 = ORIENTED_EDGE('',*,*,#2044,.T.);
#2566 = ORIENTED_EDGE('',*,*,#2535,.T.);
#2567 = ORIENTED_EDGE('',*,*,#1772,.T.);
#2568 = ORIENTED_EDGE('',*,*,#2569,.F.);
#2569 = EDGE_CURVE('',#2037,#1765,#2570,.T.);
#2570 = LINE('',#2571,#2572);
#2571 = CARTESIAN_POINT('',(26.403439764538,-12.73411973926,6.2));
#2572 = VECTOR('',#2573,1.);
#2573 = DIRECTION('',(0.,0.,1.));
#2574 = PLANE('',#2575);
#2575 = AXIS2_PLACEMENT_3D('',#2576,#2577,#2578);
#2576 = CARTESIAN_POINT('',(26.3429707955,-12.83500611917,6.2));
#2577 = DIRECTION('',(-0.85772861,0.514102744193,0.));
#2578 = DIRECTION('',(0.514102744193,0.85772861,0.));
#2579 = ADVANCED_FACE('',(#2580),#2586,.F.);
#2580 = FACE_BOUND('',#2581,.F.);
#2581 = EDGE_LOOP('',(#2582,#2583,#2584,#2585));
#2582 = ORIENTED_EDGE('',*,*,#2036,.T.);
#2583 = ORIENTED_EDGE('',*,*,#2569,.T.);
#2584 = ORIENTED_EDGE('',*,*,#1764,.T.);
#2585 = ORIENTED_EDGE('',*,*,#2550,.F.);
#2586 = PLANE('',#2587);
#2587 = AXIS2_PLACEMENT_3D('',#2588,#2589,#2590);
#2588 = CARTESIAN_POINT('',(26.403439764538,-12.73411973926,6.2));
#2589 = DIRECTION('',(-0.803207531481,0.595699304492,0.));
#2590 = DIRECTION('',(0.595699304492,0.803207531481,0.));
#2591 = ADVANCED_FACE('',(#2592),#2617,.T.);
#2592 = FACE_BOUND('',#2593,.T.);
#2593 = EDGE_LOOP('',(#2594,#2602,#2603,#2611));
#2594 = ORIENTED_EDGE('',*,*,#2595,.F.);
#2595 = EDGE_CURVE('',#1827,#2596,#2598,.T.);
#2596 = VERTEX_POINT('',#2597);
#2597 = CARTESIAN_POINT('',(44.95,-53.,12.725));
#2598 = LINE('',#2599,#2600);
#2599 = CARTESIAN_POINT('',(44.95,-53.,10.9));
#2600 = VECTOR('',#2601,1.);
#2601 = DIRECTION('',(0.,0.,1.));
#2602 = ORIENTED_EDGE('',*,*,#1826,.T.);
#2603 = ORIENTED_EDGE('',*,*,#2604,.T.);
#2604 = EDGE_CURVE('',#1829,#2605,#2607,.T.);
#2605 = VERTEX_POINT('',#2606);
#2606 = CARTESIAN_POINT('',(29.05,-53.,12.725));
#2607 = LINE('',#2608,#2609);
#2608 = CARTESIAN_POINT('',(29.05,-53.,10.9));
#2609 = VECTOR('',#2610,1.);
#2610 = DIRECTION('',(0.,0.,1.));
#2611 = ORIENTED_EDGE('',*,*,#2612,.T.);
#2612 = EDGE_CURVE('',#2605,#2596,#2613,.T.);
#2613 = LINE('',#2614,#2615);
#2614 = CARTESIAN_POINT('',(29.05,-53.,12.725));
#2615 = VECTOR('',#2616,1.);
#2616 = DIRECTION('',(1.,0.,0.));
#2617 = PLANE('',#2618);
#2618 = AXIS2_PLACEMENT_3D('',#2619,#2620,#2621);
#2619 = CARTESIAN_POINT('',(29.05,-53.,10.9));
#2620 = DIRECTION('',(0.,1.,0.));
#2621 = DIRECTION('',(0.,0.,1.));
#2622 = ADVANCED_FACE('',(#2623),#2641,.F.);
#2623 = FACE_BOUND('',#2624,.F.);
#2624 = EDGE_LOOP('',(#2625,#2626,#2627,#2635));
#2625 = ORIENTED_EDGE('',*,*,#2595,.F.);
#2626 = ORIENTED_EDGE('',*,*,#1852,.T.);
#2627 = ORIENTED_EDGE('',*,*,#2628,.T.);
#2628 = EDGE_CURVE('',#1845,#2629,#2631,.T.);
#2629 = VERTEX_POINT('',#2630);
#2630 = CARTESIAN_POINT('',(44.95,-15.1,12.725));
#2631 = LINE('',#2632,#2633);
#2632 = CARTESIAN_POINT('',(44.95,-15.1,10.9));
#2633 = VECTOR('',#2634,1.);
#2634 = DIRECTION('',(0.,0.,1.));
#2635 = ORIENTED_EDGE('',*,*,#2636,.F.);
#2636 = EDGE_CURVE('',#2596,#2629,#2637,.T.);
#2637 = LINE('',#2638,#2639);
#2638 = CARTESIAN_POINT('',(44.95,-53.,12.725));
#2639 = VECTOR('',#2640,1.);
#2640 = DIRECTION('',(0.,1.,0.));
#2641 = PLANE('',#2642);
#2642 = AXIS2_PLACEMENT_3D('',#2643,#2644,#2645);
#2643 = CARTESIAN_POINT('',(44.95,-53.,10.9));
#2644 = DIRECTION('',(1.,0.,0.));
#2645 = DIRECTION('',(0.,0.,1.));
#2646 = ADVANCED_FACE('',(#2647),#2665,.F.);
#2647 = FACE_BOUND('',#2648,.F.);
#2648 = EDGE_LOOP('',(#2649,#2650,#2651,#2659));
#2649 = ORIENTED_EDGE('',*,*,#2628,.F.);
#2650 = ORIENTED_EDGE('',*,*,#1844,.T.);
#2651 = ORIENTED_EDGE('',*,*,#2652,.T.);
#2652 = EDGE_CURVE('',#1837,#2653,#2655,.T.);
#2653 = VERTEX_POINT('',#2654);
#2654 = CARTESIAN_POINT('',(29.05,-15.1,12.725));
#2655 = LINE('',#2656,#2657);
#2656 = CARTESIAN_POINT('',(29.05,-15.1,10.9));
#2657 = VECTOR('',#2658,1.);
#2658 = DIRECTION('',(0.,0.,1.));
#2659 = ORIENTED_EDGE('',*,*,#2660,.T.);
#2660 = EDGE_CURVE('',#2653,#2629,#2661,.T.);
#2661 = LINE('',#2662,#2663);
#2662 = CARTESIAN_POINT('',(29.05,-15.1,12.725));
#2663 = VECTOR('',#2664,1.);
#2664 = DIRECTION('',(1.,0.,0.));
#2665 = PLANE('',#2666);
#2666 = AXIS2_PLACEMENT_3D('',#2667,#2668,#2669);
#2667 = CARTESIAN_POINT('',(29.05,-15.1,10.9));
#2668 = DIRECTION('',(0.,1.,0.));
#2669 = DIRECTION('',(0.,0.,1.));
#2670 = ADVANCED_FACE('',(#2671),#2682,.T.);
#2671 = FACE_BOUND('',#2672,.T.);
#2672 = EDGE_LOOP('',(#2673,#2674,#2675,#2676));
#2673 = ORIENTED_EDGE('',*,*,#2604,.F.);
#2674 = ORIENTED_EDGE('',*,*,#1836,.T.);
#2675 = ORIENTED_EDGE('',*,*,#2652,.T.);
#2676 = ORIENTED_EDGE('',*,*,#2677,.F.);
#2677 = EDGE_CURVE('',#2605,#2653,#2678,.T.);
#2678 = LINE('',#2679,#2680);
#2679 = CARTESIAN_POINT('',(29.05,-53.,12.725));
#2680 = VECTOR('',#2681,1.);
#2681 = DIRECTION('',(0.,1.,0.));
#2682 = PLANE('',#2683);
#2683 = AXIS2_PLACEMENT_3D('',#2684,#2685,#2686);
#2684 = CARTESIAN_POINT('',(29.05,-53.,10.9));
#2685 = DIRECTION('',(1.,0.,0.));
#2686 = DIRECTION('',(0.,0.,1.));
#2687 = ADVANCED_FACE('',(#2688),#2707,.F.);
#2688 = FACE_BOUND('',#2689,.T.);
#2689 = EDGE_LOOP('',(#2690,#2691,#2699,#2706));
#2690 = ORIENTED_EDGE('',*,*,#2093,.T.);
#2691 = ORIENTED_EDGE('',*,*,#2692,.T.);
#2692 = EDGE_CURVE('',#2094,#2693,#2695,.T.);
#2693 = VERTEX_POINT('',#2694);
#2694 = CARTESIAN_POINT('',(28.6,-52.8,6.8));
#2695 = LINE('',#2696,#2697);
#2696 = CARTESIAN_POINT('',(28.6,-52.8,6.2));
#2697 = VECTOR('',#2698,1.);
#2698 = DIRECTION('',(0.,0.,1.));
#2699 = ORIENTED_EDGE('',*,*,#2700,.T.);
#2700 = EDGE_CURVE('',#2693,#2693,#2701,.T.);
#2701 = CIRCLE('',#2702,1.6);
#2702 = AXIS2_PLACEMENT_3D('',#2703,#2704,#2705);
#2703 = CARTESIAN_POINT('',(27.,-52.8,6.8));
#2704 = DIRECTION('',(0.,0.,1.));
#2705 = DIRECTION('',(1.,0.,0.));
#2706 = ORIENTED_EDGE('',*,*,#2692,.F.);
#2707 = CYLINDRICAL_SURFACE('',#2708,1.6);
#2708 = AXIS2_PLACEMENT_3D('',#2709,#2710,#2711);
#2709 = CARTESIAN_POINT('',(27.,-52.8,6.2));
#2710 = DIRECTION('',(-0.,-0.,-1.));
#2711 = DIRECTION('',(1.,0.,0.));
#2712 = ADVANCED_FACE('',(#2713),#2743,.F.);
#2713 = FACE_BOUND('',#2714,.F.);
#2714 = EDGE_LOOP('',(#2715,#2716,#2726,#2735));
#2715 = ORIENTED_EDGE('',*,*,#2277,.F.);
#2716 = ORIENTED_EDGE('',*,*,#2717,.F.);
#2717 = EDGE_CURVE('',#2718,#2278,#2720,.T.);
#2718 = VERTEX_POINT('',#2719);
#2719 = CARTESIAN_POINT('',(45.323257534699,-53.24091808745,13.59));
#2720 = B_SPLINE_CURVE_WITH_KNOTS('',4,(#2721,#2722,#2723,#2724,#2725),
  .UNSPECIFIED.,.F.,.F.,(5,5),(0.,1.),.PIECEWISE_BEZIER_KNOTS.);
#2721 = CARTESIAN_POINT('',(45.323257534699,-53.24091808745,
    13.59011597993));
#2722 = CARTESIAN_POINT('',(45.323257534699,-53.24091808745,
    13.490057989965));
#2723 = CARTESIAN_POINT('',(45.323257534699,-53.24091808745,13.39));
#2724 = CARTESIAN_POINT('',(45.323257534699,-53.24091808745,
    13.289942010035));
#2725 = CARTESIAN_POINT('',(45.323257534699,-53.24091808745,
    13.18988402007));
#2726 = ORIENTED_EDGE('',*,*,#2727,.T.);
#2727 = EDGE_CURVE('',#2718,#2728,#2730,.T.);
#2728 = VERTEX_POINT('',#2729);
#2729 = CARTESIAN_POINT('',(45.55,-52.57528221325,13.59));
#2730 = B_SPLINE_CURVE_WITH_KNOTS('',3,(#2731,#2732,#2733,#2734),
  .UNSPECIFIED.,.F.,.F.,(4,4),(0.,1.),.PIECEWISE_BEZIER_KNOTS.);
#2731 = CARTESIAN_POINT('',(42.2,-57.5,13.59));
#2732 = CARTESIAN_POINT('',(46.5,-54.5,13.59));
#2733 = CARTESIAN_POINT('',(46.8,-48.4,13.59));
#2734 = CARTESIAN_POINT('',(47.55,-32.5,13.59));
#2735 = ORIENTED_EDGE('',*,*,#2736,.T.);
#2736 = EDGE_CURVE('',#2728,#2280,#2737,.T.);
#2737 = B_SPLINE_CURVE_WITH_KNOTS('',4,(#2738,#2739,#2740,#2741,#2742),
  .UNSPECIFIED.,.F.,.F.,(5,5),(0.,1.),.PIECEWISE_BEZIER_KNOTS.);
#2738 = CARTESIAN_POINT('',(45.55,-52.57528221325,13.59));
#2739 = CARTESIAN_POINT('',(45.55,-52.57528221325,13.490000000007));
#2740 = CARTESIAN_POINT('',(45.55,-52.57528221325,13.39));
#2741 = CARTESIAN_POINT('',(45.55,-52.57528221325,13.289999999993));
#2742 = CARTESIAN_POINT('',(45.55,-52.57528221325,13.19));
#2743 = SURFACE_OF_LINEAR_EXTRUSION('',#2744,#2749);
#2744 = B_SPLINE_CURVE_WITH_KNOTS('',3,(#2745,#2746,#2747,#2748),
  .UNSPECIFIED.,.F.,.F.,(4,4),(0.,1.),.PIECEWISE_BEZIER_KNOTS.);
#2745 = CARTESIAN_POINT('',(42.2,-57.5,13.19));
#2746 = CARTESIAN_POINT('',(46.5,-54.5,13.19));
#2747 = CARTESIAN_POINT('',(46.8,-48.4,13.19));
#2748 = CARTESIAN_POINT('',(47.55,-32.5,13.19));
#2749 = VECTOR('',#2750,1.);
#2750 = DIRECTION('',(-0.,-0.,-1.));
#2751 = ADVANCED_FACE('',(#2752),#2770,.F.);
#2752 = FACE_BOUND('',#2753,.F.);
#2753 = EDGE_LOOP('',(#2754,#2755,#2756,#2764));
#2754 = ORIENTED_EDGE('',*,*,#2288,.F.);
#2755 = ORIENTED_EDGE('',*,*,#2736,.F.);
#2756 = ORIENTED_EDGE('',*,*,#2757,.T.);
#2757 = EDGE_CURVE('',#2728,#2758,#2760,.T.);
#2758 = VERTEX_POINT('',#2759);
#2759 = CARTESIAN_POINT('',(45.55,-14.95,13.59));
#2760 = LINE('',#2761,#2762);
#2761 = CARTESIAN_POINT('',(45.55,-52.95,13.59));
#2762 = VECTOR('',#2763,1.);
#2763 = DIRECTION('',(0.,1.,0.));
#2764 = ORIENTED_EDGE('',*,*,#2765,.F.);
#2765 = EDGE_CURVE('',#2289,#2758,#2766,.T.);
#2766 = LINE('',#2767,#2768);
#2767 = CARTESIAN_POINT('',(45.55,-14.95,13.19));
#2768 = VECTOR('',#2769,1.);
#2769 = DIRECTION('',(0.,0.,1.));
#2770 = PLANE('',#2771);
#2771 = AXIS2_PLACEMENT_3D('',#2772,#2773,#2774);
#2772 = CARTESIAN_POINT('',(45.55,-52.95,13.19));
#2773 = DIRECTION('',(-1.,0.,0.));
#2774 = DIRECTION('',(0.,1.,0.));
#2775 = ADVANCED_FACE('',(#2776),#2795,.T.);
#2776 = FACE_BOUND('',#2777,.F.);
#2777 = EDGE_LOOP('',(#2778,#2779,#2788,#2794));
#2778 = ORIENTED_EDGE('',*,*,#2765,.T.);
#2779 = ORIENTED_EDGE('',*,*,#2780,.T.);
#2780 = EDGE_CURVE('',#2758,#2781,#2783,.T.);
#2781 = VERTEX_POINT('',#2782);
#2782 = CARTESIAN_POINT('',(45.25,-14.65,13.59));
#2783 = CIRCLE('',#2784,0.3);
#2784 = AXIS2_PLACEMENT_3D('',#2785,#2786,#2787);
#2785 = CARTESIAN_POINT('',(45.25,-14.95,13.59));
#2786 = DIRECTION('',(0.,-0.,1.));
#2787 = DIRECTION('',(1.,5.92E-15,0.));
#2788 = ORIENTED_EDGE('',*,*,#2789,.F.);
#2789 = EDGE_CURVE('',#2297,#2781,#2790,.T.);
#2790 = LINE('',#2791,#2792);
#2791 = CARTESIAN_POINT('',(45.25,-14.65,13.19));
#2792 = VECTOR('',#2793,1.);
#2793 = DIRECTION('',(0.,0.,1.));
#2794 = ORIENTED_EDGE('',*,*,#2296,.F.);
#2795 = CYLINDRICAL_SURFACE('',#2796,0.3);
#2796 = AXIS2_PLACEMENT_3D('',#2797,#2798,#2799);
#2797 = CARTESIAN_POINT('',(45.25,-14.95,13.19));
#2798 = DIRECTION('',(0.,0.,-1.));
#2799 = DIRECTION('',(1.,5.92E-15,0.));
#2800 = ADVANCED_FACE('',(#2801),#2819,.F.);
#2801 = FACE_BOUND('',#2802,.F.);
#2802 = EDGE_LOOP('',(#2803,#2804,#2812,#2818));
#2803 = ORIENTED_EDGE('',*,*,#2789,.T.);
#2804 = ORIENTED_EDGE('',*,*,#2805,.T.);
#2805 = EDGE_CURVE('',#2781,#2806,#2808,.T.);
#2806 = VERTEX_POINT('',#2807);
#2807 = CARTESIAN_POINT('',(29.15,-14.65,13.59));
#2808 = LINE('',#2809,#2810);
#2809 = CARTESIAN_POINT('',(45.25,-14.65,13.59));
#2810 = VECTOR('',#2811,1.);
#2811 = DIRECTION('',(-1.,0.,0.));
#2812 = ORIENTED_EDGE('',*,*,#2813,.F.);
#2813 = EDGE_CURVE('',#2306,#2806,#2814,.T.);
#2814 = LINE('',#2815,#2816);
#2815 = CARTESIAN_POINT('',(29.15,-14.65,13.19));
#2816 = VECTOR('',#2817,1.);
#2817 = DIRECTION('',(0.,0.,1.));
#2818 = ORIENTED_EDGE('',*,*,#2305,.F.);
#2819 = PLANE('',#2820);
#2820 = AXIS2_PLACEMENT_3D('',#2821,#2822,#2823);
#2821 = CARTESIAN_POINT('',(45.25,-14.65,13.19));
#2822 = DIRECTION('',(0.,-1.,0.));
#2823 = DIRECTION('',(-1.,0.,0.));
#2824 = ADVANCED_FACE('',(#2825),#2844,.T.);
#2825 = FACE_BOUND('',#2826,.F.);
#2826 = EDGE_LOOP('',(#2827,#2828,#2837,#2843));
#2827 = ORIENTED_EDGE('',*,*,#2813,.T.);
#2828 = ORIENTED_EDGE('',*,*,#2829,.T.);
#2829 = EDGE_CURVE('',#2806,#2830,#2832,.T.);
#2830 = VERTEX_POINT('',#2831);
#2831 = CARTESIAN_POINT('',(28.85,-14.95,13.59));
#2832 = CIRCLE('',#2833,0.3);
#2833 = AXIS2_PLACEMENT_3D('',#2834,#2835,#2836);
#2834 = CARTESIAN_POINT('',(29.15,-14.95,13.59));
#2835 = DIRECTION('',(0.,-0.,1.));
#2836 = DIRECTION('',(1.1842E-13,1.,0.));
#2837 = ORIENTED_EDGE('',*,*,#2838,.F.);
#2838 = EDGE_CURVE('',#2314,#2830,#2839,.T.);
#2839 = LINE('',#2840,#2841);
#2840 = CARTESIAN_POINT('',(28.85,-14.95,13.19));
#2841 = VECTOR('',#2842,1.);
#2842 = DIRECTION('',(0.,0.,1.));
#2843 = ORIENTED_EDGE('',*,*,#2313,.F.);
#2844 = CYLINDRICAL_SURFACE('',#2845,0.3);
#2845 = AXIS2_PLACEMENT_3D('',#2846,#2847,#2848);
#2846 = CARTESIAN_POINT('',(29.15,-14.95,13.19));
#2847 = DIRECTION('',(0.,0.,-1.));
#2848 = DIRECTION('',(1.1842E-13,1.,0.));
#2849 = ADVANCED_FACE('',(#2850),#2868,.F.);
#2850 = FACE_BOUND('',#2851,.F.);
#2851 = EDGE_LOOP('',(#2852,#2853,#2861,#2867));
#2852 = ORIENTED_EDGE('',*,*,#2838,.T.);
#2853 = ORIENTED_EDGE('',*,*,#2854,.T.);
#2854 = EDGE_CURVE('',#2830,#2855,#2857,.T.);
#2855 = VERTEX_POINT('',#2856);
#2856 = CARTESIAN_POINT('',(28.85,-52.95,13.59));
#2857 = LINE('',#2858,#2859);
#2858 = CARTESIAN_POINT('',(28.85,-14.95,13.59));
#2859 = VECTOR('',#2860,1.);
#2860 = DIRECTION('',(0.,-1.,0.));
#2861 = ORIENTED_EDGE('',*,*,#2862,.F.);
#2862 = EDGE_CURVE('',#2323,#2855,#2863,.T.);
#2863 = LINE('',#2864,#2865);
#2864 = CARTESIAN_POINT('',(28.85,-52.95,13.19));
#2865 = VECTOR('',#2866,1.);
#2866 = DIRECTION('',(0.,0.,1.));
#2867 = ORIENTED_EDGE('',*,*,#2322,.F.);
#2868 = PLANE('',#2869);
#2869 = AXIS2_PLACEMENT_3D('',#2870,#2871,#2872);
#2870 = CARTESIAN_POINT('',(28.85,-14.95,13.19));
#2871 = DIRECTION('',(1.,0.,0.));
#2872 = DIRECTION('',(0.,-1.,0.));
#2873 = ADVANCED_FACE('',(#2874),#2893,.T.);
#2874 = FACE_BOUND('',#2875,.F.);
#2875 = EDGE_LOOP('',(#2876,#2877,#2886,#2892));
#2876 = ORIENTED_EDGE('',*,*,#2862,.T.);
#2877 = ORIENTED_EDGE('',*,*,#2878,.T.);
#2878 = EDGE_CURVE('',#2855,#2879,#2881,.T.);
#2879 = VERTEX_POINT('',#2880);
#2880 = CARTESIAN_POINT('',(29.15,-53.25,13.59));
#2881 = CIRCLE('',#2882,0.3);
#2882 = AXIS2_PLACEMENT_3D('',#2883,#2884,#2885);
#2883 = CARTESIAN_POINT('',(29.15,-52.95,13.59));
#2884 = DIRECTION('',(0.,0.,1.));
#2885 = DIRECTION('',(-1.,4.737E-14,0.));
#2886 = ORIENTED_EDGE('',*,*,#2887,.F.);
#2887 = EDGE_CURVE('',#2331,#2879,#2888,.T.);
#2888 = LINE('',#2889,#2890);
#2889 = CARTESIAN_POINT('',(29.15,-53.25,13.19));
#2890 = VECTOR('',#2891,1.);
#2891 = DIRECTION('',(0.,0.,1.));
#2892 = ORIENTED_EDGE('',*,*,#2330,.F.);
#2893 = CYLINDRICAL_SURFACE('',#2894,0.3);
#2894 = AXIS2_PLACEMENT_3D('',#2895,#2896,#2897);
#2895 = CARTESIAN_POINT('',(29.15,-52.95,13.19));
#2896 = DIRECTION('',(-0.,-0.,-1.));
#2897 = DIRECTION('',(-1.,4.737E-14,0.));
#2898 = ADVANCED_FACE('',(#2899),#2917,.F.);
#2899 = FACE_BOUND('',#2900,.F.);
#2900 = EDGE_LOOP('',(#2901,#2902,#2910,#2916));
#2901 = ORIENTED_EDGE('',*,*,#2887,.T.);
#2902 = ORIENTED_EDGE('',*,*,#2903,.T.);
#2903 = EDGE_CURVE('',#2879,#2904,#2906,.T.);
#2904 = VERTEX_POINT('',#2905);
#2905 = CARTESIAN_POINT('',(45.25,-53.25,13.59));
#2906 = LINE('',#2907,#2908);
#2907 = CARTESIAN_POINT('',(29.15,-53.25,13.59));
#2908 = VECTOR('',#2909,1.);
#2909 = DIRECTION('',(1.,0.,0.));
#2910 = ORIENTED_EDGE('',*,*,#2911,.F.);
#2911 = EDGE_CURVE('',#2340,#2904,#2912,.T.);
#2912 = LINE('',#2913,#2914);
#2913 = CARTESIAN_POINT('',(45.25,-53.25,13.19));
#2914 = VECTOR('',#2915,1.);
#2915 = DIRECTION('',(0.,0.,1.));
#2916 = ORIENTED_EDGE('',*,*,#2339,.F.);
#2917 = PLANE('',#2918);
#2918 = AXIS2_PLACEMENT_3D('',#2919,#2920,#2921);
#2919 = CARTESIAN_POINT('',(29.15,-53.25,13.19));
#2920 = DIRECTION('',(0.,1.,0.));
#2921 = DIRECTION('',(1.,0.,0.));
#2922 = ADVANCED_FACE('',(#2923),#2935,.T.);
#2923 = FACE_BOUND('',#2924,.F.);
#2924 = EDGE_LOOP('',(#2925,#2926,#2927,#2934));
#2925 = ORIENTED_EDGE('',*,*,#2347,.F.);
#2926 = ORIENTED_EDGE('',*,*,#2911,.T.);
#2927 = ORIENTED_EDGE('',*,*,#2928,.T.);
#2928 = EDGE_CURVE('',#2904,#2718,#2929,.T.);
#2929 = CIRCLE('',#2930,0.3);
#2930 = AXIS2_PLACEMENT_3D('',#2931,#2932,#2933);
#2931 = CARTESIAN_POINT('',(45.25,-52.95,13.59));
#2932 = DIRECTION('',(-0.,0.,1.));
#2933 = DIRECTION('',(2.368E-14,-1.,0.));
#2934 = ORIENTED_EDGE('',*,*,#2717,.T.);
#2935 = CYLINDRICAL_SURFACE('',#2936,0.3);
#2936 = AXIS2_PLACEMENT_3D('',#2937,#2938,#2939);
#2937 = CARTESIAN_POINT('',(45.25,-52.95,13.19));
#2938 = DIRECTION('',(0.,0.,-1.));
#2939 = DIRECTION('',(2.368E-14,-1.,0.));
#2940 = ADVANCED_FACE('',(#2941,#2947,#2981),#3015,.F.);
#2941 = FACE_BOUND('',#2942,.F.);
#2942 = EDGE_LOOP('',(#2943,#2944,#2945,#2946));
#2943 = ORIENTED_EDGE('',*,*,#2677,.F.);
#2944 = ORIENTED_EDGE('',*,*,#2612,.T.);
#2945 = ORIENTED_EDGE('',*,*,#2636,.T.);
#2946 = ORIENTED_EDGE('',*,*,#2660,.F.);
#2947 = FACE_BOUND('',#2948,.F.);
#2948 = EDGE_LOOP('',(#2949,#2959,#2967,#2975));
#2949 = ORIENTED_EDGE('',*,*,#2950,.T.);
#2950 = EDGE_CURVE('',#2951,#2953,#2955,.T.);
#2951 = VERTEX_POINT('',#2952);
#2952 = CARTESIAN_POINT('',(43.85,-52.6,12.725));
#2953 = VERTEX_POINT('',#2954);
#2954 = CARTESIAN_POINT('',(30.15,-52.6,12.725));
#2955 = LINE('',#2956,#2957);
#2956 = CARTESIAN_POINT('',(29.6,-52.6,12.725));
#2957 = VECTOR('',#2958,1.);
#2958 = DIRECTION('',(-1.,0.,0.));
#2959 = ORIENTED_EDGE('',*,*,#2960,.T.);
#2960 = EDGE_CURVE('',#2953,#2961,#2963,.T.);
#2961 = VERTEX_POINT('',#2962);
#2962 = CARTESIAN_POINT('',(30.15,-49.1,12.725));
#2963 = LINE('',#2964,#2965);
#2964 = CARTESIAN_POINT('',(30.15,-52.8,12.725));
#2965 = VECTOR('',#2966,1.);
#2966 = DIRECTION('',(0.,1.,0.));
#2967 = ORIENTED_EDGE('',*,*,#2968,.F.);
#2968 = EDGE_CURVE('',#2969,#2961,#2971,.T.);
#2969 = VERTEX_POINT('',#2970);
#2970 = CARTESIAN_POINT('',(43.85,-49.1,12.725));
#2971 = LINE('',#2972,#2973);
#2972 = CARTESIAN_POINT('',(29.6,-49.1,12.725));
#2973 = VECTOR('',#2974,1.);
#2974 = DIRECTION('',(-1.,0.,0.));
#2975 = ORIENTED_EDGE('',*,*,#2976,.F.);
#2976 = EDGE_CURVE('',#2951,#2969,#2977,.T.);
#2977 = LINE('',#2978,#2979);
#2978 = CARTESIAN_POINT('',(43.85,-52.8,12.725));
#2979 = VECTOR('',#2980,1.);
#2980 = DIRECTION('',(0.,1.,0.));
#2981 = FACE_BOUND('',#2982,.F.);
#2982 = EDGE_LOOP('',(#2983,#2993,#3001,#3009));
#2983 = ORIENTED_EDGE('',*,*,#2984,.T.);
#2984 = EDGE_CURVE('',#2985,#2987,#2989,.T.);
#2985 = VERTEX_POINT('',#2986);
#2986 = CARTESIAN_POINT('',(43.95,-49.05,12.725));
#2987 = VERTEX_POINT('',#2988);
#2988 = CARTESIAN_POINT('',(30.05,-49.05,12.725));
#2989 = LINE('',#2990,#2991);
#2990 = CARTESIAN_POINT('',(29.55,-49.05,12.725));
#2991 = VECTOR('',#2992,1.);
#2992 = DIRECTION('',(-1.,0.,0.));
#2993 = ORIENTED_EDGE('',*,*,#2994,.T.);
#2994 = EDGE_CURVE('',#2987,#2995,#2997,.T.);
#2995 = VERTEX_POINT('',#2996);
#2996 = CARTESIAN_POINT('',(30.05,-18.55,12.725));
#2997 = LINE('',#2998,#2999);
#2998 = CARTESIAN_POINT('',(30.05,-51.025,12.725));
#2999 = VECTOR('',#3000,1.);
#3000 = DIRECTION('',(0.,1.,0.));
#3001 = ORIENTED_EDGE('',*,*,#3002,.F.);
#3002 = EDGE_CURVE('',#3003,#2995,#3005,.T.);
#3003 = VERTEX_POINT('',#3004);
#3004 = CARTESIAN_POINT('',(43.95,-18.55,12.725));
#3005 = LINE('',#3006,#3007);
#3006 = CARTESIAN_POINT('',(29.55,-18.55,12.725));
#3007 = VECTOR('',#3008,1.);
#3008 = DIRECTION('',(-1.,0.,0.));
#3009 = ORIENTED_EDGE('',*,*,#3010,.F.);
#3010 = EDGE_CURVE('',#2985,#3003,#3011,.T.);
#3011 = LINE('',#3012,#3013);
#3012 = CARTESIAN_POINT('',(43.95,-51.025,12.725));
#3013 = VECTOR('',#3014,1.);
#3014 = DIRECTION('',(0.,1.,0.));
#3015 = PLANE('',#3016);
#3016 = AXIS2_PLACEMENT_3D('',#3017,#3018,#3019);
#3017 = CARTESIAN_POINT('',(29.05,-53.,12.725));
#3018 = DIRECTION('',(0.,0.,1.));
#3019 = DIRECTION('',(1.,0.,0.));
#3020 = ADVANCED_FACE('',(#3021),#3024,.F.);
#3021 = FACE_BOUND('',#3022,.T.);
#3022 = EDGE_LOOP('',(#3023));
#3023 = ORIENTED_EDGE('',*,*,#2700,.F.);
#3024 = PLANE('',#3025);
#3025 = AXIS2_PLACEMENT_3D('',#3026,#3027,#3028);
#3026 = CARTESIAN_POINT('',(27.,-52.8,6.8));
#3027 = DIRECTION('',(0.,0.,1.));
#3028 = DIRECTION('',(1.,0.,0.));
#3029 = ADVANCED_FACE('',(#3030,#3041),#3075,.T.);
#3030 = FACE_BOUND('',#3031,.T.);
#3031 = EDGE_LOOP('',(#3032,#3033,#3034,#3035,#3036,#3037,#3038,#3039,
    #3040));
#3032 = ORIENTED_EDGE('',*,*,#2928,.T.);
#3033 = ORIENTED_EDGE('',*,*,#2727,.T.);
#3034 = ORIENTED_EDGE('',*,*,#2757,.T.);
#3035 = ORIENTED_EDGE('',*,*,#2780,.T.);
#3036 = ORIENTED_EDGE('',*,*,#2805,.T.);
#3037 = ORIENTED_EDGE('',*,*,#2829,.T.);
#3038 = ORIENTED_EDGE('',*,*,#2854,.T.);
#3039 = ORIENTED_EDGE('',*,*,#2878,.T.);
#3040 = ORIENTED_EDGE('',*,*,#2903,.T.);
#3041 = FACE_BOUND('',#3042,.T.);
#3042 = EDGE_LOOP('',(#3043,#3053,#3061,#3069));
#3043 = ORIENTED_EDGE('',*,*,#3044,.T.);
#3044 = EDGE_CURVE('',#3045,#3047,#3049,.T.);
#3045 = VERTEX_POINT('',#3046);
#3046 = CARTESIAN_POINT('',(43.95,-49.05,13.59));
#3047 = VERTEX_POINT('',#3048);
#3048 = CARTESIAN_POINT('',(30.05,-49.05,13.59));
#3049 = LINE('',#3050,#3051);
#3050 = CARTESIAN_POINT('',(33.546656284918,-49.05,13.59));
#3051 = VECTOR('',#3052,1.);
#3052 = DIRECTION('',(-1.,0.,0.));
#3053 = ORIENTED_EDGE('',*,*,#3054,.T.);
#3054 = EDGE_CURVE('',#3047,#3055,#3057,.T.);
#3055 = VERTEX_POINT('',#3056);
#3056 = CARTESIAN_POINT('',(30.05,-18.55,13.59));
#3057 = LINE('',#3058,#3059);
#3058 = CARTESIAN_POINT('',(30.05,-44.07393884022,13.59));
#3059 = VECTOR('',#3060,1.);
#3060 = DIRECTION('',(0.,1.,0.));
#3061 = ORIENTED_EDGE('',*,*,#3062,.F.);
#3062 = EDGE_CURVE('',#3063,#3055,#3065,.T.);
#3063 = VERTEX_POINT('',#3064);
#3064 = CARTESIAN_POINT('',(43.95,-18.55,13.59));
#3065 = LINE('',#3066,#3067);
#3066 = CARTESIAN_POINT('',(33.546656284918,-18.55,13.59));
#3067 = VECTOR('',#3068,1.);
#3068 = DIRECTION('',(-1.,0.,0.));
#3069 = ORIENTED_EDGE('',*,*,#3070,.F.);
#3070 = EDGE_CURVE('',#3045,#3063,#3071,.T.);
#3071 = LINE('',#3072,#3073);
#3072 = CARTESIAN_POINT('',(43.95,-44.07393884022,13.59));
#3073 = VECTOR('',#3074,1.);
#3074 = DIRECTION('',(0.,1.,0.));
#3075 = PLANE('',#3076);
#3076 = AXIS2_PLACEMENT_3D('',#3077,#3078,#3079);
#3077 = CARTESIAN_POINT('',(37.043312569837,-39.09787768044,13.59));
#3078 = DIRECTION('',(0.,0.,1.));
#3079 = DIRECTION('',(1.,0.,0.));
#3080 = ADVANCED_FACE('',(#3081),#3106,.T.);
#3081 = FACE_BOUND('',#3082,.T.);
#3082 = EDGE_LOOP('',(#3083,#3084,#3092,#3100));
#3083 = ORIENTED_EDGE('',*,*,#2950,.T.);
#3084 = ORIENTED_EDGE('',*,*,#3085,.T.);
#3085 = EDGE_CURVE('',#2953,#3086,#3088,.T.);
#3086 = VERTEX_POINT('',#3087);
#3087 = CARTESIAN_POINT('',(30.15,-52.6,13.19));
#3088 = LINE('',#3089,#3090);
#3089 = CARTESIAN_POINT('',(30.15,-52.6,10.9));
#3090 = VECTOR('',#3091,1.);
#3091 = DIRECTION('',(0.,0.,1.));
#3092 = ORIENTED_EDGE('',*,*,#3093,.T.);
#3093 = EDGE_CURVE('',#3086,#3094,#3096,.T.);
#3094 = VERTEX_POINT('',#3095);
#3095 = CARTESIAN_POINT('',(43.85,-52.6,13.19));
#3096 = LINE('',#3097,#3098);
#3097 = CARTESIAN_POINT('',(30.15,-52.6,13.19));
#3098 = VECTOR('',#3099,1.);
#3099 = DIRECTION('',(1.,0.,0.));
#3100 = ORIENTED_EDGE('',*,*,#3101,.F.);
#3101 = EDGE_CURVE('',#2951,#3094,#3102,.T.);
#3102 = LINE('',#3103,#3104);
#3103 = CARTESIAN_POINT('',(43.85,-52.6,10.9));
#3104 = VECTOR('',#3105,1.);
#3105 = DIRECTION('',(0.,0.,1.));
#3106 = PLANE('',#3107);
#3107 = AXIS2_PLACEMENT_3D('',#3108,#3109,#3110);
#3108 = CARTESIAN_POINT('',(30.15,-52.6,10.9));
#3109 = DIRECTION('',(0.,1.,0.));
#3110 = DIRECTION('',(0.,0.,1.));
#3111 = ADVANCED_FACE('',(#3112),#3130,.F.);
#3112 = FACE_BOUND('',#3113,.F.);
#3113 = EDGE_LOOP('',(#3114,#3115,#3116,#3124));
#3114 = ORIENTED_EDGE('',*,*,#3101,.F.);
#3115 = ORIENTED_EDGE('',*,*,#2976,.T.);
#3116 = ORIENTED_EDGE('',*,*,#3117,.T.);
#3117 = EDGE_CURVE('',#2969,#3118,#3120,.T.);
#3118 = VERTEX_POINT('',#3119);
#3119 = CARTESIAN_POINT('',(43.85,-49.1,13.19));
#3120 = LINE('',#3121,#3122);
#3121 = CARTESIAN_POINT('',(43.85,-49.1,10.9));
#3122 = VECTOR('',#3123,1.);
#3123 = DIRECTION('',(0.,0.,1.));
#3124 = ORIENTED_EDGE('',*,*,#3125,.F.);
#3125 = EDGE_CURVE('',#3094,#3118,#3126,.T.);
#3126 = LINE('',#3127,#3128);
#3127 = CARTESIAN_POINT('',(43.85,-52.6,13.19));
#3128 = VECTOR('',#3129,1.);
#3129 = DIRECTION('',(0.,1.,0.));
#3130 = PLANE('',#3131);
#3131 = AXIS2_PLACEMENT_3D('',#3132,#3133,#3134);
#3132 = CARTESIAN_POINT('',(43.85,-52.6,10.9));
#3133 = DIRECTION('',(1.,0.,0.));
#3134 = DIRECTION('',(0.,0.,1.));
#3135 = ADVANCED_FACE('',(#3136),#3154,.T.);
#3136 = FACE_BOUND('',#3137,.T.);
#3137 = EDGE_LOOP('',(#3138,#3139,#3140,#3148));
#3138 = ORIENTED_EDGE('',*,*,#3085,.F.);
#3139 = ORIENTED_EDGE('',*,*,#2960,.T.);
#3140 = ORIENTED_EDGE('',*,*,#3141,.T.);
#3141 = EDGE_CURVE('',#2961,#3142,#3144,.T.);
#3142 = VERTEX_POINT('',#3143);
#3143 = CARTESIAN_POINT('',(30.15,-49.1,13.19));
#3144 = LINE('',#3145,#3146);
#3145 = CARTESIAN_POINT('',(30.15,-49.1,10.9));
#3146 = VECTOR('',#3147,1.);
#3147 = DIRECTION('',(0.,0.,1.));
#3148 = ORIENTED_EDGE('',*,*,#3149,.F.);
#3149 = EDGE_CURVE('',#3086,#3142,#3150,.T.);
#3150 = LINE('',#3151,#3152);
#3151 = CARTESIAN_POINT('',(30.15,-52.6,13.19));
#3152 = VECTOR('',#3153,1.);
#3153 = DIRECTION('',(0.,1.,0.));
#3154 = PLANE('',#3155);
#3155 = AXIS2_PLACEMENT_3D('',#3156,#3157,#3158);
#3156 = CARTESIAN_POINT('',(30.15,-52.6,10.9));
#3157 = DIRECTION('',(1.,0.,0.));
#3158 = DIRECTION('',(0.,0.,1.));
#3159 = ADVANCED_FACE('',(#3160),#3171,.F.);
#3160 = FACE_BOUND('',#3161,.F.);
#3161 = EDGE_LOOP('',(#3162,#3163,#3164,#3170));
#3162 = ORIENTED_EDGE('',*,*,#2968,.T.);
#3163 = ORIENTED_EDGE('',*,*,#3141,.T.);
#3164 = ORIENTED_EDGE('',*,*,#3165,.T.);
#3165 = EDGE_CURVE('',#3142,#3118,#3166,.T.);
#3166 = LINE('',#3167,#3168);
#3167 = CARTESIAN_POINT('',(30.15,-49.1,13.19));
#3168 = VECTOR('',#3169,1.);
#3169 = DIRECTION('',(1.,0.,0.));
#3170 = ORIENTED_EDGE('',*,*,#3117,.F.);
#3171 = PLANE('',#3172);
#3172 = AXIS2_PLACEMENT_3D('',#3173,#3174,#3175);
#3173 = CARTESIAN_POINT('',(30.15,-49.1,10.9));
#3174 = DIRECTION('',(0.,1.,0.));
#3175 = DIRECTION('',(0.,0.,1.));
#3176 = ADVANCED_FACE('',(#3177),#3193,.T.);
#3177 = FACE_BOUND('',#3178,.T.);
#3178 = EDGE_LOOP('',(#3179,#3185,#3186,#3192));
#3179 = ORIENTED_EDGE('',*,*,#3180,.F.);
#3180 = EDGE_CURVE('',#2985,#3045,#3181,.T.);
#3181 = LINE('',#3182,#3183);
#3182 = CARTESIAN_POINT('',(43.95,-49.05,12.39));
#3183 = VECTOR('',#3184,1.);
#3184 = DIRECTION('',(0.,0.,1.));
#3185 = ORIENTED_EDGE('',*,*,#2984,.T.);
#3186 = ORIENTED_EDGE('',*,*,#3187,.T.);
#3187 = EDGE_CURVE('',#2987,#3047,#3188,.T.);
#3188 = LINE('',#3189,#3190);
#3189 = CARTESIAN_POINT('',(30.05,-49.05,12.39));
#3190 = VECTOR('',#3191,1.);
#3191 = DIRECTION('',(0.,0.,1.));
#3192 = ORIENTED_EDGE('',*,*,#3044,.F.);
#3193 = PLANE('',#3194);
#3194 = AXIS2_PLACEMENT_3D('',#3195,#3196,#3197);
#3195 = CARTESIAN_POINT('',(30.05,-49.05,12.39));
#3196 = DIRECTION('',(0.,1.,0.));
#3197 = DIRECTION('',(0.,0.,1.));
#3198 = ADVANCED_FACE('',(#3199),#3210,.F.);
#3199 = FACE_BOUND('',#3200,.F.);
#3200 = EDGE_LOOP('',(#3201,#3202,#3203,#3209));
#3201 = ORIENTED_EDGE('',*,*,#3180,.F.);
#3202 = ORIENTED_EDGE('',*,*,#3010,.T.);
#3203 = ORIENTED_EDGE('',*,*,#3204,.T.);
#3204 = EDGE_CURVE('',#3003,#3063,#3205,.T.);
#3205 = LINE('',#3206,#3207);
#3206 = CARTESIAN_POINT('',(43.95,-18.55,12.39));
#3207 = VECTOR('',#3208,1.);
#3208 = DIRECTION('',(0.,0.,1.));
#3209 = ORIENTED_EDGE('',*,*,#3070,.F.);
#3210 = PLANE('',#3211);
#3211 = AXIS2_PLACEMENT_3D('',#3212,#3213,#3214);
#3212 = CARTESIAN_POINT('',(43.95,-49.05,12.39));
#3213 = DIRECTION('',(1.,0.,0.));
#3214 = DIRECTION('',(0.,0.,1.));
#3215 = ADVANCED_FACE('',(#3216),#3227,.F.);
#3216 = FACE_BOUND('',#3217,.F.);
#3217 = EDGE_LOOP('',(#3218,#3219,#3220,#3226));
#3218 = ORIENTED_EDGE('',*,*,#3204,.F.);
#3219 = ORIENTED_EDGE('',*,*,#3002,.T.);
#3220 = ORIENTED_EDGE('',*,*,#3221,.T.);
#3221 = EDGE_CURVE('',#2995,#3055,#3222,.T.);
#3222 = LINE('',#3223,#3224);
#3223 = CARTESIAN_POINT('',(30.05,-18.55,12.39));
#3224 = VECTOR('',#3225,1.);
#3225 = DIRECTION('',(0.,0.,1.));
#3226 = ORIENTED_EDGE('',*,*,#3062,.F.);
#3227 = PLANE('',#3228);
#3228 = AXIS2_PLACEMENT_3D('',#3229,#3230,#3231);
#3229 = CARTESIAN_POINT('',(30.05,-18.55,12.39));
#3230 = DIRECTION('',(0.,1.,0.));
#3231 = DIRECTION('',(0.,0.,1.));
#3232 = ADVANCED_FACE('',(#3233),#3239,.T.);
#3233 = FACE_BOUND('',#3234,.T.);
#3234 = EDGE_LOOP('',(#3235,#3236,#3237,#3238));
#3235 = ORIENTED_EDGE('',*,*,#3187,.F.);
#3236 = ORIENTED_EDGE('',*,*,#2994,.T.);
#3237 = ORIENTED_EDGE('',*,*,#3221,.T.);
#3238 = ORIENTED_EDGE('',*,*,#3054,.F.);
#3239 = PLANE('',#3240);
#3240 = AXIS2_PLACEMENT_3D('',#3241,#3242,#3243);
#3241 = CARTESIAN_POINT('',(30.05,-49.05,12.39));
#3242 = DIRECTION('',(1.,0.,0.));
#3243 = DIRECTION('',(0.,0.,1.));
#3244 = ADVANCED_FACE('',(#3245),#3251,.F.);
#3245 = FACE_BOUND('',#3246,.F.);
#3246 = EDGE_LOOP('',(#3247,#3248,#3249,#3250));
#3247 = ORIENTED_EDGE('',*,*,#3149,.F.);
#3248 = ORIENTED_EDGE('',*,*,#3093,.T.);
#3249 = ORIENTED_EDGE('',*,*,#3125,.T.);
#3250 = ORIENTED_EDGE('',*,*,#3165,.F.);
#3251 = PLANE('',#3252);
#3252 = AXIS2_PLACEMENT_3D('',#3253,#3254,#3255);
#3253 = CARTESIAN_POINT('',(30.15,-52.6,13.19));
#3254 = DIRECTION('',(0.,0.,1.));
#3255 = DIRECTION('',(1.,0.,0.));
#3256 = ORIENTED_CLOSED_SHELL('',*,#3257,.F.);
#3257 = CLOSED_SHELL('',(#3258,#3291,#3300));
#3258 = ADVANCED_FACE('',(#3259),#3286,.T.);
#3259 = FACE_BOUND('',#3260,.F.);
#3260 = EDGE_LOOP('',(#3261,#3271,#3278,#3279));
#3261 = ORIENTED_EDGE('',*,*,#3262,.T.);
#3262 = EDGE_CURVE('',#3263,#3265,#3267,.T.);
#3263 = VERTEX_POINT('',#3264);
#3264 = CARTESIAN_POINT('',(38.3,-64.7,7.));
#3265 = VERTEX_POINT('',#3266);
#3266 = CARTESIAN_POINT('',(38.3,-64.7,11.2));
#3267 = LINE('',#3268,#3269);
#3268 = CARTESIAN_POINT('',(38.3,-64.7,7.));
#3269 = VECTOR('',#3270,1.);
#3270 = DIRECTION('',(0.,0.,1.));
#3271 = ORIENTED_EDGE('',*,*,#3272,.T.);
#3272 = EDGE_CURVE('',#3265,#3265,#3273,.T.);
#3273 = CIRCLE('',#3274,1.1);
#3274 = AXIS2_PLACEMENT_3D('',#3275,#3276,#3277);
#3275 = CARTESIAN_POINT('',(37.2,-64.7,11.2));
#3276 = DIRECTION('',(0.,0.,1.));
#3277 = DIRECTION('',(1.,0.,0.));
#3278 = ORIENTED_EDGE('',*,*,#3262,.F.);
#3279 = ORIENTED_EDGE('',*,*,#3280,.F.);
#3280 = EDGE_CURVE('',#3263,#3263,#3281,.T.);
#3281 = CIRCLE('',#3282,1.1);
#3282 = AXIS2_PLACEMENT_3D('',#3283,#3284,#3285);
#3283 = CARTESIAN_POINT('',(37.2,-64.7,7.));
#3284 = DIRECTION('',(0.,0.,1.));
#3285 = DIRECTION('',(1.,0.,0.));
#3286 = CYLINDRICAL_SURFACE('',#3287,1.1);
#3287 = AXIS2_PLACEMENT_3D('',#3288,#3289,#3290);
#3288 = CARTESIAN_POINT('',(37.2,-64.7,7.));
#3289 = DIRECTION('',(-0.,-0.,-1.));
#3290 = DIRECTION('',(1.,0.,0.));
#3291 = ADVANCED_FACE('',(#3292),#3295,.F.);
#3292 = FACE_BOUND('',#3293,.T.);
#3293 = EDGE_LOOP('',(#3294));
#3294 = ORIENTED_EDGE('',*,*,#3280,.F.);
#3295 = PLANE('',#3296);
#3296 = AXIS2_PLACEMENT_3D('',#3297,#3298,#3299);
#3297 = CARTESIAN_POINT('',(37.2,-64.7,7.));
#3298 = DIRECTION('',(0.,0.,1.));
#3299 = DIRECTION('',(1.,0.,0.));
#3300 = ADVANCED_FACE('',(#3301),#3304,.T.);
#3301 = FACE_BOUND('',#3302,.F.);
#3302 = EDGE_LOOP('',(#3303));
#3303 = ORIENTED_EDGE('',*,*,#3272,.F.);
#3304 = PLANE('',#3305);
#3305 = AXIS2_PLACEMENT_3D('',#3306,#3307,#3308);
#3306 = CARTESIAN_POINT('',(37.2,-64.7,11.2));
#3307 = DIRECTION('',(0.,0.,1.));
#3308 = DIRECTION('',(1.,0.,0.));
#3309 = ORIENTED_CLOSED_SHELL('',*,#3310,.F.);
#3310 = CLOSED_SHELL('',(#3311,#3344,#3353));
#3311 = ADVANCED_FACE('',(#3312),#3339,.T.);
#3312 = FACE_BOUND('',#3313,.F.);
#3313 = EDGE_LOOP('',(#3314,#3324,#3331,#3332));
#3314 = ORIENTED_EDGE('',*,*,#3315,.T.);
#3315 = EDGE_CURVE('',#3316,#3318,#3320,.T.);
#3316 = VERTEX_POINT('',#3317);
#3317 = CARTESIAN_POINT('',(28.1,-52.8,7.));
#3318 = VERTEX_POINT('',#3319);
#3319 = CARTESIAN_POINT('',(28.1,-52.8,11.2));
#3320 = LINE('',#3321,#3322);
#3321 = CARTESIAN_POINT('',(28.1,-52.8,7.));
#3322 = VECTOR('',#3323,1.);
#3323 = DIRECTION('',(0.,0.,1.));
#3324 = ORIENTED_EDGE('',*,*,#3325,.T.);
#3325 = EDGE_CURVE('',#3318,#3318,#3326,.T.);
#3326 = CIRCLE('',#3327,1.1);
#3327 = AXIS2_PLACEMENT_3D('',#3328,#3329,#3330);
#3328 = CARTESIAN_POINT('',(27.,-52.8,11.2));
#3329 = DIRECTION('',(0.,0.,1.));
#3330 = DIRECTION('',(1.,0.,0.));
#3331 = ORIENTED_EDGE('',*,*,#3315,.F.);
#3332 = ORIENTED_EDGE('',*,*,#3333,.F.);
#3333 = EDGE_CURVE('',#3316,#3316,#3334,.T.);
#3334 = CIRCLE('',#3335,1.1);
#3335 = AXIS2_PLACEMENT_3D('',#3336,#3337,#3338);
#3336 = CARTESIAN_POINT('',(27.,-52.8,7.));
#3337 = DIRECTION('',(0.,0.,1.));
#3338 = DIRECTION('',(1.,0.,0.));
#3339 = CYLINDRICAL_SURFACE('',#3340,1.1);
#3340 = AXIS2_PLACEMENT_3D('',#3341,#3342,#3343);
#3341 = CARTESIAN_POINT('',(27.,-52.8,7.));
#3342 = DIRECTION('',(-0.,-0.,-1.));
#3343 = DIRECTION('',(1.,0.,0.));
#3344 = ADVANCED_FACE('',(#3345),#3348,.F.);
#3345 = FACE_BOUND('',#3346,.T.);
#3346 = EDGE_LOOP('',(#3347));
#3347 = ORIENTED_EDGE('',*,*,#3333,.F.);
#3348 = PLANE('',#3349);
#3349 = AXIS2_PLACEMENT_3D('',#3350,#3351,#3352);
#3350 = CARTESIAN_POINT('',(27.,-52.8,7.));
#3351 = DIRECTION('',(0.,0.,1.));
#3352 = DIRECTION('',(1.,0.,0.));
#3353 = ADVANCED_FACE('',(#3354),#3357,.T.);
#3354 = FACE_BOUND('',#3355,.F.);
#3355 = EDGE_LOOP('',(#3356));
#3356 = ORIENTED_EDGE('',*,*,#3325,.F.);
#3357 = PLANE('',#3358);
#3358 = AXIS2_PLACEMENT_3D('',#3359,#3360,#3361);
#3359 = CARTESIAN_POINT('',(27.,-52.8,11.2));
#3360 = DIRECTION('',(0.,0.,1.));
#3361 = DIRECTION('',(1.,0.,0.));
#3362 = ORIENTED_CLOSED_SHELL('',*,#3363,.F.);
#3363 = CLOSED_SHELL('',(#3364,#3397,#3406));
#3364 = ADVANCED_FACE('',(#3365),#3392,.T.);
#3365 = FACE_BOUND('',#3366,.F.);
#3366 = EDGE_LOOP('',(#3367,#3377,#3384,#3385));
#3367 = ORIENTED_EDGE('',*,*,#3368,.T.);
#3368 = EDGE_CURVE('',#3369,#3371,#3373,.T.);
#3369 = VERTEX_POINT('',#3370);
#3370 = CARTESIAN_POINT('',(48.1,-52.8,7.));
#3371 = VERTEX_POINT('',#3372);
#3372 = CARTESIAN_POINT('',(48.1,-52.8,11.2));
#3373 = LINE('',#3374,#3375);
#3374 = CARTESIAN_POINT('',(48.1,-52.8,7.));
#3375 = VECTOR('',#3376,1.);
#3376 = DIRECTION('',(0.,0.,1.));
#3377 = ORIENTED_EDGE('',*,*,#3378,.T.);
#3378 = EDGE_CURVE('',#3371,#3371,#3379,.T.);
#3379 = CIRCLE('',#3380,1.1);
#3380 = AXIS2_PLACEMENT_3D('',#3381,#3382,#3383);
#3381 = CARTESIAN_POINT('',(47.,-52.8,11.2));
#3382 = DIRECTION('',(0.,0.,1.));
#3383 = DIRECTION('',(1.,0.,0.));
#3384 = ORIENTED_EDGE('',*,*,#3368,.F.);
#3385 = ORIENTED_EDGE('',*,*,#3386,.F.);
#3386 = EDGE_CURVE('',#3369,#3369,#3387,.T.);
#3387 = CIRCLE('',#3388,1.1);
#3388 = AXIS2_PLACEMENT_3D('',#3389,#3390,#3391);
#3389 = CARTESIAN_POINT('',(47.,-52.8,7.));
#3390 = DIRECTION('',(0.,0.,1.));
#3391 = DIRECTION('',(1.,0.,0.));
#3392 = CYLINDRICAL_SURFACE('',#3393,1.1);
#3393 = AXIS2_PLACEMENT_3D('',#3394,#3395,#3396);
#3394 = CARTESIAN_POINT('',(47.,-52.8,7.));
#3395 = DIRECTION('',(-0.,-0.,-1.));
#3396 = DIRECTION('',(1.,0.,0.));
#3397 = ADVANCED_FACE('',(#3398),#3401,.F.);
#3398 = FACE_BOUND('',#3399,.T.);
#3399 = EDGE_LOOP('',(#3400));
#3400 = ORIENTED_EDGE('',*,*,#3386,.F.);
#3401 = PLANE('',#3402);
#3402 = AXIS2_PLACEMENT_3D('',#3403,#3404,#3405);
#3403 = CARTESIAN_POINT('',(47.,-52.8,7.));
#3404 = DIRECTION('',(0.,0.,1.));
#3405 = DIRECTION('',(1.,0.,0.));
#3406 = ADVANCED_FACE('',(#3407),#3410,.T.);
#3407 = FACE_BOUND('',#3408,.F.);
#3408 = EDGE_LOOP('',(#3409));
#3409 = ORIENTED_EDGE('',*,*,#3378,.F.);
#3410 = PLANE('',#3411);
#3411 = AXIS2_PLACEMENT_3D('',#3412,#3413,#3414);
#3412 = CARTESIAN_POINT('',(47.,-52.8,11.2));
#3413 = DIRECTION('',(0.,0.,1.));
#3414 = DIRECTION('',(1.,0.,0.));
#3415 = ( GEOMETRIC_REPRESENTATION_CONTEXT(3) 
GLOBAL_UNCERTAINTY_ASSIGNED_CONTEXT((#3419)) 
GLOBAL_UNIT_ASSIGNED_CONTEXT((#3416,#3417,#3418)) REPRESENTATION_CONTEXT
('Context #1','3D Context with UNIT and UNCERTAINTY') );
#3416 = ( LENGTH_UNIT() NAMED_UNIT(*) SI_UNIT(.MILLI.,.METRE.) );
#3417 = ( NAMED_UNIT(*) PLANE_ANGLE_UNIT() SI_UNIT($,.RADIAN.) );
#3418 = ( NAMED_UNIT(*) SI_UNIT($,.STERADIAN.) SOLID_ANGLE_UNIT() );
#3419 = UNCERTAINTY_MEASURE_WITH_UNIT(LENGTH_MEASURE(2.E-05),#3416,
  'distance_accuracy_value','confusion accuracy');
#3420 = PRODUCT_RELATED_PRODUCT_CATEGORY('part',$,(#7));
ENDSEC;
END-ISO-10303-21;
