ISO-10303-21;
HEADER;
FILE_DESCRIPTION(('FreeCAD Model'),'2;1');
FILE_NAME('Open CASCADE Shape Model','2026-09-27T17:18:46',('FreeCAD'),(
    'FreeCAD'),'Open CASCADE STEP processor 7.8','FreeCAD','Unknown');
FILE_SCHEMA(('AUTOMOTIVE_DESIGN { 1 0 10303 214 1 1 1 1 }'));
ENDSEC;
DATA;
#1 = APPLICATION_PROTOCOL_DEFINITION('international standard',
  'automotive_design',2000,#2);
#2 = APPLICATION_CONTEXT(
  'core data for automotive mechanical design processes');
#3 = SHAPE_DEFINITION_REPRESENTATION(#4,#10);
#4 = PRODUCT_DEFINITION_SHAPE('','',#5);
#5 = PRODUCT_DEFINITION('design','',#6,#9);
#6 = PRODUCT_DEFINITION_FORMATION('','',#7);
#7 = PRODUCT('Open CASCADE STEP translator 7.8 60',
  'Open CASCADE STEP translator 7.8 60','',(#8));
#8 = PRODUCT_CONTEXT('',#2,'mechanical');
#9 = PRODUCT_DEFINITION_CONTEXT('part definition',#2,'design');
#10 = ADVANCED_BREP_SHAPE_REPRESENTATION('',(#11,#15),#5612);
#11 = AXIS2_PLACEMENT_3D('',#12,#13,#14);
#12 = CARTESIAN_POINT('',(0.,0.,0.));
#13 = DIRECTION('',(0.,0.,1.));
#14 = DIRECTION('',(1.,0.,-0.));
#15 = MANIFOLD_SOLID_BREP('',#16);
#16 = CLOSED_SHELL('',(#17,#59,#90,#121,#1492,#2829,#2846,#2863,#2880,
    #2897,#2914,#2931,#2948,#2965,#2982,#2999,#3016,#3033,#3050,#3067,
    #3084,#3101,#3118,#3135,#3152,#3169,#3186,#3203,#3220,#3237,#3254,
    #3271,#3288,#3305,#3322,#3339,#3402,#3420,#3438,#3455,#3472,#3489,
    #3506,#3523,#3540,#3557,#3574,#3591,#3608,#3625,#3642,#3659,#3676,
    #3693,#3710,#3727,#3744,#3761,#3778,#3795,#3812,#3829,#3846,#3863,
    #3880,#3897,#3914,#3931,#3948,#3965,#3982,#3999,#4016,#4033,#4050,
    #4067,#4084,#4101,#4118,#4135,#4152,#4169,#4186,#4203,#4220,#4237,
    #4254,#4271,#4288,#4305,#4317,#4339,#4356,#4373,#4385,#4407,#4424,
    #4441,#4453,#4475,#4492,#4509,#4521,#4538,#4560,#4577,#4594,#4606,
    #4628,#4645,#4662,#4674,#4696,#4713,#4730,#4742,#4764,#4781,#4798,
    #4810,#4832,#4849,#4866,#4878,#4900,#4917,#4934,#4946,#4968,#4985,
    #5002,#5014,#5036,#5053,#5070,#5082,#5104,#5121,#5138,#5150,#5172,
    #5189,#5206,#5218,#5235,#5257,#5274,#5291,#5303,#5325,#5342,#5359,
    #5371,#5393,#5410,#5427,#5439,#5456,#5478,#5495,#5512,#5524,#5546,
    #5563,#5580,#5592,#5602));
#17 = ADVANCED_FACE('',(#18),#54,.T.);
#18 = FACE_BOUND('',#19,.F.);
#19 = EDGE_LOOP('',(#20,#30,#39,#47));
#20 = ORIENTED_EDGE('',*,*,#21,.T.);
#21 = EDGE_CURVE('',#22,#24,#26,.T.);
#22 = VERTEX_POINT('',#23);
#23 = CARTESIAN_POINT('',(141.75,-19.65,6.3));
#24 = VERTEX_POINT('',#25);
#25 = CARTESIAN_POINT('',(141.75,-19.65,7.6));
#26 = LINE('',#27,#28);
#27 = CARTESIAN_POINT('',(141.75,-19.65,6.3));
#28 = VECTOR('',#29,1.);
#29 = DIRECTION('',(0.,0.,1.));
#30 = ORIENTED_EDGE('',*,*,#31,.T.);
#31 = EDGE_CURVE('',#24,#32,#34,.T.);
#32 = VERTEX_POINT('',#33);
#33 = CARTESIAN_POINT('',(139.35,-17.25,7.6));
#34 = CIRCLE('',#35,2.4);
#35 = AXIS2_PLACEMENT_3D('',#36,#37,#38);
#36 = CARTESIAN_POINT('',(139.35,-19.65,7.6));
#37 = DIRECTION('',(0.,-0.,1.));
#38 = DIRECTION('',(1.,4.44E-15,0.));
#39 = ORIENTED_EDGE('',*,*,#40,.F.);
#40 = EDGE_CURVE('',#41,#32,#43,.T.);
#41 = VERTEX_POINT('',#42);
#42 = CARTESIAN_POINT('',(139.35,-17.25,6.3));
#43 = LINE('',#44,#45);
#44 = CARTESIAN_POINT('',(139.35,-17.25,6.3));
#45 = VECTOR('',#46,1.);
#46 = DIRECTION('',(0.,0.,1.));
#47 = ORIENTED_EDGE('',*,*,#48,.F.);
#48 = EDGE_CURVE('',#22,#41,#49,.T.);
#49 = CIRCLE('',#50,2.4);
#50 = AXIS2_PLACEMENT_3D('',#51,#52,#53);
#51 = CARTESIAN_POINT('',(139.35,-19.65,6.3));
#52 = DIRECTION('',(0.,-0.,1.));
#53 = DIRECTION('',(1.,4.44E-15,0.));
#54 = CYLINDRICAL_SURFACE('',#55,2.4);
#55 = AXIS2_PLACEMENT_3D('',#56,#57,#58);
#56 = CARTESIAN_POINT('',(139.35,-19.65,6.3));
#57 = DIRECTION('',(0.,0.,-1.));
#58 = DIRECTION('',(1.,4.44E-15,0.));
#59 = ADVANCED_FACE('',(#60),#85,.F.);
#60 = FACE_BOUND('',#61,.F.);
#61 = EDGE_LOOP('',(#62,#72,#78,#79));
#62 = ORIENTED_EDGE('',*,*,#63,.T.);
#63 = EDGE_CURVE('',#64,#66,#68,.T.);
#64 = VERTEX_POINT('',#65);
#65 = CARTESIAN_POINT('',(141.75,-72.35,6.3));
#66 = VERTEX_POINT('',#67);
#67 = CARTESIAN_POINT('',(141.75,-72.35,7.6));
#68 = LINE('',#69,#70);
#69 = CARTESIAN_POINT('',(141.75,-72.35,6.3));
#70 = VECTOR('',#71,1.);
#71 = DIRECTION('',(0.,0.,1.));
#72 = ORIENTED_EDGE('',*,*,#73,.T.);
#73 = EDGE_CURVE('',#66,#24,#74,.T.);
#74 = LINE('',#75,#76);
#75 = CARTESIAN_POINT('',(141.75,-72.35,7.6));
#76 = VECTOR('',#77,1.);
#77 = DIRECTION('',(0.,1.,0.));
#78 = ORIENTED_EDGE('',*,*,#21,.F.);
#79 = ORIENTED_EDGE('',*,*,#80,.F.);
#80 = EDGE_CURVE('',#64,#22,#81,.T.);
#81 = LINE('',#82,#83);
#82 = CARTESIAN_POINT('',(141.75,-72.35,6.3));
#83 = VECTOR('',#84,1.);
#84 = DIRECTION('',(0.,1.,0.));
#85 = PLANE('',#86);
#86 = AXIS2_PLACEMENT_3D('',#87,#88,#89);
#87 = CARTESIAN_POINT('',(141.75,-72.35,6.3));
#88 = DIRECTION('',(-1.,0.,0.));
#89 = DIRECTION('',(0.,1.,0.));
#90 = ADVANCED_FACE('',(#91),#116,.F.);
#91 = FACE_BOUND('',#92,.F.);
#92 = EDGE_LOOP('',(#93,#94,#102,#110));
#93 = ORIENTED_EDGE('',*,*,#40,.T.);
#94 = ORIENTED_EDGE('',*,*,#95,.T.);
#95 = EDGE_CURVE('',#32,#96,#98,.T.);
#96 = VERTEX_POINT('',#97);
#97 = CARTESIAN_POINT('',(125.05,-17.25,7.6));
#98 = LINE('',#99,#100);
#99 = CARTESIAN_POINT('',(139.35,-17.25,7.6));
#100 = VECTOR('',#101,1.);
#101 = DIRECTION('',(-1.,0.,0.));
#102 = ORIENTED_EDGE('',*,*,#103,.F.);
#103 = EDGE_CURVE('',#104,#96,#106,.T.);
#104 = VERTEX_POINT('',#105);
#105 = CARTESIAN_POINT('',(125.05,-17.25,6.3));
#106 = LINE('',#107,#108);
#107 = CARTESIAN_POINT('',(125.05,-17.25,6.3));
#108 = VECTOR('',#109,1.);
#109 = DIRECTION('',(0.,0.,1.));
#110 = ORIENTED_EDGE('',*,*,#111,.F.);
#111 = EDGE_CURVE('',#41,#104,#112,.T.);
#112 = LINE('',#113,#114);
#113 = CARTESIAN_POINT('',(139.35,-17.25,6.3));
#114 = VECTOR('',#115,1.);
#115 = DIRECTION('',(-1.,0.,0.));
#116 = PLANE('',#117);
#117 = AXIS2_PLACEMENT_3D('',#118,#119,#120);
#118 = CARTESIAN_POINT('',(139.35,-17.25,6.3));
#119 = DIRECTION('',(0.,-1.,0.));
#120 = DIRECTION('',(-1.,0.,0.));
#121 = ADVANCED_FACE('',(#122,#842,#876,#910,#944,#955,#989,#1023,#1057,
    #1091,#1125,#1159,#1193,#1227,#1261,#1295,#1306,#1340,#1374,#1408,
    #1419,#1453),#1487,.F.);
#122 = FACE_BOUND('',#123,.F.);
#123 = EDGE_LOOP('',(#124,#134,#141,#142,#143,#144,#153,#161,#170,#178,
    #187,#195,#204,#212,#221,#229,#238,#246,#255,#263,#272,#280,#289,
    #297,#306,#314,#322,#330,#338,#346,#354,#362,#370,#378,#386,#394,
    #402,#410,#418,#426,#434,#442,#450,#458,#466,#474,#482,#490,#498,
    #506,#514,#522,#530,#538,#546,#554,#562,#570,#578,#586,#595,#603,
    #612,#620,#628,#636,#644,#652,#660,#668,#676,#684,#692,#700,#708,
    #716,#725,#733,#742,#750,#759,#767,#776,#784,#793,#801,#810,#818,
    #827,#835));
#124 = ORIENTED_EDGE('',*,*,#125,.T.);
#125 = EDGE_CURVE('',#126,#128,#130,.T.);
#126 = VERTEX_POINT('',#127);
#127 = CARTESIAN_POINT('',(120.65,-74.75,6.3));
#128 = VERTEX_POINT('',#129);
#129 = CARTESIAN_POINT('',(139.35,-74.75,6.3));
#130 = LINE('',#131,#132);
#131 = CARTESIAN_POINT('',(120.65,-74.75,6.3));
#132 = VECTOR('',#133,1.);
#133 = DIRECTION('',(1.,0.,0.));
#134 = ORIENTED_EDGE('',*,*,#135,.T.);
#135 = EDGE_CURVE('',#128,#64,#136,.T.);
#136 = CIRCLE('',#137,2.4);
#137 = AXIS2_PLACEMENT_3D('',#138,#139,#140);
#138 = CARTESIAN_POINT('',(139.35,-72.35,6.3));
#139 = DIRECTION('',(-0.,0.,1.));
#140 = DIRECTION('',(0.,-1.,0.));
#141 = ORIENTED_EDGE('',*,*,#80,.T.);
#142 = ORIENTED_EDGE('',*,*,#48,.T.);
#143 = ORIENTED_EDGE('',*,*,#111,.T.);
#144 = ORIENTED_EDGE('',*,*,#145,.T.);
#145 = EDGE_CURVE('',#104,#146,#148,.T.);
#146 = VERTEX_POINT('',#147);
#147 = CARTESIAN_POINT('',(123.75,-15.95,6.3));
#148 = CIRCLE('',#149,1.3);
#149 = AXIS2_PLACEMENT_3D('',#150,#151,#152);
#150 = CARTESIAN_POINT('',(125.05,-15.95,6.3));
#151 = DIRECTION('',(0.,0.,-1.));
#152 = DIRECTION('',(0.,-1.,0.));
#153 = ORIENTED_EDGE('',*,*,#154,.T.);
#154 = EDGE_CURVE('',#146,#155,#157,.T.);
#155 = VERTEX_POINT('',#156);
#156 = CARTESIAN_POINT('',(123.75,-7.65,6.3));
#157 = LINE('',#158,#159);
#158 = CARTESIAN_POINT('',(123.75,-15.95,6.3));
#159 = VECTOR('',#160,1.);
#160 = DIRECTION('',(0.,1.,0.));
#161 = ORIENTED_EDGE('',*,*,#162,.T.);
#162 = EDGE_CURVE('',#155,#163,#165,.T.);
#163 = VERTEX_POINT('',#164);
#164 = CARTESIAN_POINT('',(121.35,-5.25,6.3));
#165 = CIRCLE('',#166,2.4);
#166 = AXIS2_PLACEMENT_3D('',#167,#168,#169);
#167 = CARTESIAN_POINT('',(121.35,-7.65,6.3));
#168 = DIRECTION('',(-0.,0.,1.));
#169 = DIRECTION('',(1.,-5.92E-15,0.));
#170 = ORIENTED_EDGE('',*,*,#171,.T.);
#171 = EDGE_CURVE('',#163,#172,#174,.T.);
#172 = VERTEX_POINT('',#173);
#173 = CARTESIAN_POINT('',(107.05,-5.25,6.3));
#174 = LINE('',#175,#176);
#175 = CARTESIAN_POINT('',(121.35,-5.25,6.3));
#176 = VECTOR('',#177,1.);
#177 = DIRECTION('',(-1.,0.,0.));
#178 = ORIENTED_EDGE('',*,*,#179,.T.);
#179 = EDGE_CURVE('',#172,#180,#182,.T.);
#180 = VERTEX_POINT('',#181);
#181 = CARTESIAN_POINT('',(105.75,-3.95,6.3));
#182 = CIRCLE('',#183,1.3);
#183 = AXIS2_PLACEMENT_3D('',#184,#185,#186);
#184 = CARTESIAN_POINT('',(107.05,-3.95,6.3));
#185 = DIRECTION('',(0.,0.,-1.));
#186 = DIRECTION('',(0.,-1.,0.));
#187 = ORIENTED_EDGE('',*,*,#188,.T.);
#188 = EDGE_CURVE('',#180,#189,#191,.T.);
#189 = VERTEX_POINT('',#190);
#190 = CARTESIAN_POINT('',(105.75,-2.65,6.3));
#191 = LINE('',#192,#193);
#192 = CARTESIAN_POINT('',(105.75,-3.95,6.3));
#193 = VECTOR('',#194,1.);
#194 = DIRECTION('',(0.,1.,0.));
#195 = ORIENTED_EDGE('',*,*,#196,.T.);
#196 = EDGE_CURVE('',#189,#197,#199,.T.);
#197 = VERTEX_POINT('',#198);
#198 = CARTESIAN_POINT('',(103.35,-0.25,6.3));
#199 = CIRCLE('',#200,2.4);
#200 = AXIS2_PLACEMENT_3D('',#201,#202,#203);
#201 = CARTESIAN_POINT('',(103.35,-2.65,6.3));
#202 = DIRECTION('',(-0.,0.,1.));
#203 = DIRECTION('',(1.,-6.29E-15,0.));
#204 = ORIENTED_EDGE('',*,*,#205,.T.);
#205 = EDGE_CURVE('',#197,#206,#208,.T.);
#206 = VERTEX_POINT('',#207);
#207 = CARTESIAN_POINT('',(84.65,-0.25,6.3));
#208 = LINE('',#209,#210);
#209 = CARTESIAN_POINT('',(103.35,-0.25,6.3));
#210 = VECTOR('',#211,1.);
#211 = DIRECTION('',(-1.,0.,0.));
#212 = ORIENTED_EDGE('',*,*,#213,.T.);
#213 = EDGE_CURVE('',#206,#214,#216,.T.);
#214 = VERTEX_POINT('',#215);
#215 = CARTESIAN_POINT('',(82.25,-2.65,6.3));
#216 = CIRCLE('',#217,2.4);
#217 = AXIS2_PLACEMENT_3D('',#218,#219,#220);
#218 = CARTESIAN_POINT('',(84.65,-2.65,6.3));
#219 = DIRECTION('',(0.,0.,1.));
#220 = DIRECTION('',(-5.92E-15,1.,0.));
#221 = ORIENTED_EDGE('',*,*,#222,.T.);
#222 = EDGE_CURVE('',#214,#223,#225,.T.);
#223 = VERTEX_POINT('',#224);
#224 = CARTESIAN_POINT('',(82.25,-3.95,6.3));
#225 = LINE('',#226,#227);
#226 = CARTESIAN_POINT('',(82.25,-2.65,6.3));
#227 = VECTOR('',#228,1.);
#228 = DIRECTION('',(0.,-1.,0.));
#229 = ORIENTED_EDGE('',*,*,#230,.T.);
#230 = EDGE_CURVE('',#223,#231,#233,.T.);
#231 = VERTEX_POINT('',#232);
#232 = CARTESIAN_POINT('',(80.95,-5.25,6.3));
#233 = CIRCLE('',#234,1.3);
#234 = AXIS2_PLACEMENT_3D('',#235,#236,#237);
#235 = CARTESIAN_POINT('',(80.95,-3.95,6.3));
#236 = DIRECTION('',(0.,0.,-1.));
#237 = DIRECTION('',(1.,2.73E-15,0.));
#238 = ORIENTED_EDGE('',*,*,#239,.T.);
#239 = EDGE_CURVE('',#231,#240,#242,.T.);
#240 = VERTEX_POINT('',#241);
#241 = CARTESIAN_POINT('',(65.514864864865,-5.25,6.3));
#242 = LINE('',#243,#244);
#243 = CARTESIAN_POINT('',(80.95,-5.25,6.3));
#244 = VECTOR('',#245,1.);
#245 = DIRECTION('',(-1.,0.,0.));
#246 = ORIENTED_EDGE('',*,*,#247,.T.);
#247 = EDGE_CURVE('',#240,#248,#250,.T.);
#248 = VERTEX_POINT('',#249);
#249 = CARTESIAN_POINT('',(64.25,-6.514864864865,6.3));
#250 = CIRCLE('',#251,1.264864864865);
#251 = AXIS2_PLACEMENT_3D('',#252,#253,#254);
#252 = CARTESIAN_POINT('',(65.514864864865,-6.514864864865,6.3));
#253 = DIRECTION('',(0.,0.,1.));
#254 = DIRECTION('',(-1.124E-14,1.,0.));
#255 = ORIENTED_EDGE('',*,*,#256,.T.);
#256 = EDGE_CURVE('',#248,#257,#259,.T.);
#257 = VERTEX_POINT('',#258);
#258 = CARTESIAN_POINT('',(64.25,-6.564864864865,6.3));
#259 = LINE('',#260,#261);
#260 = CARTESIAN_POINT('',(64.25,-6.514864864865,6.3));
#261 = VECTOR('',#262,1.);
#262 = DIRECTION('',(0.,-1.,0.));
#263 = ORIENTED_EDGE('',*,*,#264,.T.);
#264 = EDGE_CURVE('',#257,#265,#267,.T.);
#265 = VERTEX_POINT('',#266);
#266 = CARTESIAN_POINT('',(63.564864864865,-7.25,6.3));
#267 = CIRCLE('',#268,0.685135135135);
#268 = AXIS2_PLACEMENT_3D('',#269,#270,#271);
#269 = CARTESIAN_POINT('',(63.564864864865,-6.564864864865,6.3));
#270 = DIRECTION('',(0.,0.,-1.));
#271 = DIRECTION('',(1.,-2.593E-14,0.));
#272 = ORIENTED_EDGE('',*,*,#273,.T.);
#273 = EDGE_CURVE('',#265,#274,#276,.T.);
#274 = VERTEX_POINT('',#275);
#275 = CARTESIAN_POINT('',(48.65,-7.25,6.3));
#276 = LINE('',#277,#278);
#277 = CARTESIAN_POINT('',(63.564864864865,-7.25,6.3));
#278 = VECTOR('',#279,1.);
#279 = DIRECTION('',(-1.,0.,0.));
#280 = ORIENTED_EDGE('',*,*,#281,.T.);
#281 = EDGE_CURVE('',#274,#282,#284,.T.);
#282 = VERTEX_POINT('',#283);
#283 = CARTESIAN_POINT('',(46.25,-9.65,6.3));
#284 = CIRCLE('',#285,2.4);
#285 = AXIS2_PLACEMENT_3D('',#286,#287,#288);
#286 = CARTESIAN_POINT('',(48.65,-9.65,6.3));
#287 = DIRECTION('',(0.,0.,1.));
#288 = DIRECTION('',(-2.96E-15,1.,0.));
#289 = ORIENTED_EDGE('',*,*,#290,.T.);
#290 = EDGE_CURVE('',#282,#291,#293,.T.);
#291 = VERTEX_POINT('',#292);
#292 = CARTESIAN_POINT('',(46.25,-9.7,6.3));
#293 = LINE('',#294,#295);
#294 = CARTESIAN_POINT('',(46.25,-9.65,6.3));
#295 = VECTOR('',#296,1.);
#296 = DIRECTION('',(0.,-1.,0.));
#297 = ORIENTED_EDGE('',*,*,#298,.T.);
#298 = EDGE_CURVE('',#291,#299,#301,.T.);
#299 = VERTEX_POINT('',#300);
#300 = CARTESIAN_POINT('',(45.61,-10.82,6.3));
#301 = CIRCLE('',#302,1.3);
#302 = AXIS2_PLACEMENT_3D('',#303,#304,#305);
#303 = CARTESIAN_POINT('',(44.95,-9.7,6.3));
#304 = DIRECTION('',(0.,0.,-1.));
#305 = DIRECTION('',(1.,6.83E-15,0.));
#306 = ORIENTED_EDGE('',*,*,#307,.F.);
#307 = EDGE_CURVE('',#308,#299,#310,.T.);
#308 = VERTEX_POINT('',#309);
#309 = CARTESIAN_POINT('',(47.80441875198,-10.82,6.3));
#310 = LINE('',#311,#312);
#311 = CARTESIAN_POINT('',(54.859394521333,-10.82,6.3));
#312 = VECTOR('',#313,1.);
#313 = DIRECTION('',(-1.,0.,0.));
#314 = ORIENTED_EDGE('',*,*,#315,.F.);
#315 = EDGE_CURVE('',#316,#308,#318,.T.);
#316 = VERTEX_POINT('',#317);
#317 = CARTESIAN_POINT('',(47.935284931153,-10.82642904312,6.3));
#318 = LINE('',#319,#320);
#319 = CARTESIAN_POINT('',(65.870550856513,-11.70753215781,6.3));
#320 = VECTOR('',#321,1.);
#321 = DIRECTION('',(-0.998795456205,4.906767432741E-02,0.));
#322 = ORIENTED_EDGE('',*,*,#323,.F.);
#323 = EDGE_CURVE('',#324,#316,#326,.T.);
#324 = VERTEX_POINT('',#325);
#325 = CARTESIAN_POINT('',(48.069266994465,-10.84630340479,6.3));
#326 = LINE('',#327,#328);
#327 = CARTESIAN_POINT('',(67.270873115815,-13.69459261113,6.3));
#328 = VECTOR('',#329,1.);
#329 = DIRECTION('',(-0.989176509965,0.146730474455,0.));
#330 = ORIENTED_EDGE('',*,*,#331,.F.);
#331 = EDGE_CURVE('',#332,#324,#334,.T.);
#332 = VERTEX_POINT('',#333);
#333 = CARTESIAN_POINT('',(48.200655869424,-10.87921460468,6.3));
#334 = LINE('',#335,#336);
#335 = CARTESIAN_POINT('',(68.26168758529,-15.90424145749,6.3));
#336 = VECTOR('',#337,1.);
#337 = DIRECTION('',(-0.970031253195,0.242980179903,0.));
#338 = ORIENTED_EDGE('',*,*,#339,.F.);
#339 = EDGE_CURVE('',#340,#332,#342,.T.);
#340 = VERTEX_POINT('',#341);
#341 = CARTESIAN_POINT('',(48.32818620934,-10.92484568995,6.3));
#342 = LINE('',#343,#344);
#343 = CARTESIAN_POINT('',(68.806548309347,-18.25212081248,6.3));
#344 = VECTOR('',#345,1.);
#345 = DIRECTION('',(-0.941544065183,0.336889853392,0.));
#346 = ORIENTED_EDGE('',*,*,#347,.F.);
#347 = EDGE_CURVE('',#348,#340,#350,.T.);
#348 = VERTEX_POINT('',#349);
#349 = CARTESIAN_POINT('',(48.450629827324,-10.98275720829,6.3));
#350 = LINE('',#351,#352);
#351 = CARTESIAN_POINT('',(68.888272669628,-20.64904237494,6.3));
#352 = VECTOR('',#353,1.);
#353 = DIRECTION('',(-0.903989293123,0.42755509343,0.));
#354 = ORIENTED_EDGE('',*,*,#355,.F.);
#355 = EDGE_CURVE('',#356,#348,#358,.T.);
#356 = VERTEX_POINT('',#357);
#357 = CARTESIAN_POINT('',(48.5668075244,-11.05239144012,6.3));
#358 = LINE('',#359,#360);
#359 = CARTESIAN_POINT('',(68.507356154364,-23.00429633389,6.3));
#360 = VECTOR('',#361,1.);
#361 = DIRECTION('',(-0.85772861,0.514102744193,0.));
#362 = ORIENTED_EDGE('',*,*,#363,.F.);
#363 = EDGE_CURVE('',#364,#356,#366,.T.);
#364 = VERTEX_POINT('',#365);
#365 = CARTESIAN_POINT('',(48.675600445837,-11.13307776974,6.3));
#366 = LINE('',#367,#368);
#367 = CARTESIAN_POINT('',(67.681918299317,-25.22912378839,6.3));
#368 = VECTOR('',#369,1.);
#369 = DIRECTION('',(-0.803207531481,0.595699304492,0.));
#370 = ORIENTED_EDGE('',*,*,#371,.F.);
#371 = EDGE_CURVE('',#372,#364,#374,.T.);
#372 = VERTEX_POINT('',#373);
#373 = CARTESIAN_POINT('',(48.775960856328,-11.22403914367,6.3));
#374 = LINE('',#375,#376);
#375 = CARTESIAN_POINT('',(66.446972839018,-27.24011082788,6.3));
#376 = VECTOR('',#377,1.);
#377 = DIRECTION('',(-0.740951125355,0.671558954847,0.));
#378 = ORIENTED_EDGE('',*,*,#379,.F.);
#379 = EDGE_CURVE('',#380,#372,#382,.T.);
#380 = VERTEX_POINT('',#381);
#381 = CARTESIAN_POINT('',(48.866922230259,-11.32439955416,6.3));
#382 = LINE('',#383,#384);
#383 = CARTESIAN_POINT('',(64.853050438854,-28.96237400262,6.3));
#384 = VECTOR('',#385,1.);
#385 = DIRECTION('',(-0.671558954847,0.740951125355,0.));
#386 = ORIENTED_EDGE('',*,*,#387,.F.);
#387 = EDGE_CURVE('',#388,#380,#390,.T.);
#388 = VERTEX_POINT('',#389);
#389 = CARTESIAN_POINT('',(48.947608559873,-11.4331924756,6.3));
#390 = LINE('',#391,#392);
#391 = CARTESIAN_POINT('',(62.964227240992,-30.33241496195,6.3));
#392 = VECTOR('',#393,1.);
#393 = DIRECTION('',(-0.595699304492,0.803207531481,0.));
#394 = ORIENTED_EDGE('',*,*,#395,.F.);
#395 = EDGE_CURVE('',#396,#388,#398,.T.);
#396 = VERTEX_POINT('',#397);
#397 = CARTESIAN_POINT('',(49.017242791708,-11.54937017267,6.3));
#398 = LINE('',#399,#400);
#399 = CARTESIAN_POINT('',(60.855635271022,-31.30053478054,6.3));
#400 = VECTOR('',#401,1.);
#401 = DIRECTION('',(-0.514102744193,0.85772861,0.));
#402 = ORIENTED_EDGE('',*,*,#403,.F.);
#403 = EDGE_CURVE('',#404,#396,#406,.T.);
#404 = VERTEX_POINT('',#405);
#405 = CARTESIAN_POINT('',(49.075154310048,-11.67181379066,6.3));
#406 = LINE('',#407,#408);
#407 = CARTESIAN_POINT('',(58.61055064073,-31.83271544071,6.3));
#408 = VECTOR('',#409,1.);
#409 = DIRECTION('',(-0.42755509343,0.903989293123,0.));
#410 = ORIENTED_EDGE('',*,*,#411,.F.);
#411 = EDGE_CURVE('',#412,#404,#414,.T.);
#412 = VERTEX_POINT('',#413);
#413 = CARTESIAN_POINT('',(49.120785395311,-11.79934413057,6.3));
#414 = LINE('',#415,#416);
#415 = CARTESIAN_POINT('',(56.317171681868,-31.91189644002,6.3));
#416 = VECTOR('',#417,1.);
#417 = DIRECTION('',(-0.336889853392,0.941544065183,0.));
#418 = ORIENTED_EDGE('',*,*,#419,.F.);
#419 = EDGE_CURVE('',#420,#412,#422,.T.);
#420 = VERTEX_POINT('',#421);
#421 = CARTESIAN_POINT('',(49.153696595202,-11.93073300553,6.3));
#422 = LINE('',#423,#424);
#423 = CARTESIAN_POINT('',(54.06521103356,-31.53859776068,6.3));
#424 = VECTOR('',#425,1.);
#425 = DIRECTION('',(-0.242980179903,0.970031253195,0.));
#426 = ORIENTED_EDGE('',*,*,#427,.F.);
#427 = EDGE_CURVE('',#428,#420,#430,.T.);
#428 = VERTEX_POINT('',#429);
#429 = CARTESIAN_POINT('',(49.173570956876,-12.06471506884,6.3));
#430 = LINE('',#431,#432);
#431 = CARTESIAN_POINT('',(51.942432825675,-30.73086557451,6.3));
#432 = VECTOR('',#433,1.);
#433 = DIRECTION('',(-0.146730474455,0.989176509965,0.));
#434 = ORIENTED_EDGE('',*,*,#435,.F.);
#435 = EDGE_CURVE('',#436,#428,#438,.T.);
#436 = VERTEX_POINT('',#437);
#437 = CARTESIAN_POINT('',(49.18,-12.19558124802,6.3));
#438 = LINE('',#439,#440);
#439 = CARTESIAN_POINT('',(50.031268178752,-29.52354310078,6.3));
#440 = VECTOR('',#441,1.);
#441 = DIRECTION('',(-4.906767432741E-02,0.998795456205,0.));
#442 = ORIENTED_EDGE('',*,*,#443,.F.);
#443 = EDGE_CURVE('',#444,#436,#446,.T.);
#444 = VERTEX_POINT('',#445);
#445 = CARTESIAN_POINT('',(49.18,-65.80441875198,6.3));
#446 = LINE('',#447,#448);
#447 = CARTESIAN_POINT('',(49.18,-28.81684353852,6.3));
#448 = VECTOR('',#449,1.);
#449 = DIRECTION('',(0.,1.,0.));
#450 = ORIENTED_EDGE('',*,*,#451,.F.);
#451 = EDGE_CURVE('',#452,#444,#454,.T.);
#452 = VERTEX_POINT('',#453);
#453 = CARTESIAN_POINT('',(49.173570956876,-65.93528493115,6.3));
#454 = LINE('',#455,#456);
#455 = CARTESIAN_POINT('',(49.718960339064,-54.833629019,6.3));
#456 = VECTOR('',#457,1.);
#457 = DIRECTION('',(4.906767432741E-02,0.998795456205,0.));
#458 = ORIENTED_EDGE('',*,*,#459,.F.);
#459 = EDGE_CURVE('',#460,#452,#462,.T.);
#460 = VERTEX_POINT('',#461);
#461 = CARTESIAN_POINT('',(49.153696595202,-66.06926699446,6.3));
#462 = LINE('',#463,#464);
#463 = CARTESIAN_POINT('',(51.017928270156,-53.50163788509,6.3));
#464 = VECTOR('',#465,1.);
#465 = DIRECTION('',(0.146730474455,0.989176509965,0.));
#466 = ORIENTED_EDGE('',*,*,#467,.F.);
#467 = EDGE_CURVE('',#468,#460,#470,.T.);
#468 = VERTEX_POINT('',#469);
#469 = CARTESIAN_POINT('',(49.120785395311,-66.20065586942,6.3));
#470 = LINE('',#471,#472);
#471 = CARTESIAN_POINT('',(52.564215593937,-52.45371193272,6.3));
#472 = VECTOR('',#473,1.);
#473 = DIRECTION('',(0.242980179903,0.970031253195,0.));
#474 = ORIENTED_EDGE('',*,*,#475,.F.);
#475 = EDGE_CURVE('',#476,#468,#478,.T.);
#476 = VERTEX_POINT('',#477);
#477 = CARTESIAN_POINT('',(49.075154310048,-66.32818620934,6.3));
#478 = LINE('',#479,#480);
#479 = CARTESIAN_POINT('',(54.297841674167,-51.73175285737,6.3));
#480 = VECTOR('',#481,1.);
#481 = DIRECTION('',(0.336889853392,0.941544065183,0.));
#482 = ORIENTED_EDGE('',*,*,#483,.F.);
#483 = EDGE_CURVE('',#484,#476,#486,.T.);
#484 = VERTEX_POINT('',#485);
#485 = CARTESIAN_POINT('',(49.017242791708,-66.45062982732,6.3));
#486 = LINE('',#487,#488);
#487 = CARTESIAN_POINT('',(56.151144847052,-51.36726121514,6.3));
#488 = VECTOR('',#489,1.);
#489 = DIRECTION('',(0.42755509343,0.903989293123,0.));
#490 = ORIENTED_EDGE('',*,*,#491,.F.);
#491 = EDGE_CURVE('',#492,#484,#494,.T.);
#492 = VERTEX_POINT('',#493);
#493 = CARTESIAN_POINT('',(48.947608559873,-66.5668075244,6.3));
#494 = LINE('',#495,#496);
#495 = CARTESIAN_POINT('',(58.051501170571,-51.37788032499,6.3));
#496 = VECTOR('',#497,1.);
#497 = DIRECTION('',(0.514102744193,0.85772861,0.));
#498 = ORIENTED_EDGE('',*,*,#499,.F.);
#499 = EDGE_CURVE('',#500,#492,#502,.T.);
#500 = VERTEX_POINT('',#501);
#501 = CARTESIAN_POINT('',(48.866922230259,-66.67560044583,6.3));
#502 = LINE('',#503,#504);
#503 = CARTESIAN_POINT('',(59.924128829046,-51.76668322819,6.3));
#504 = VECTOR('',#505,1.);
#505 = DIRECTION('',(0.595699304492,0.803207531481,0.));
#506 = ORIENTED_EDGE('',*,*,#507,.F.);
#507 = EDGE_CURVE('',#508,#500,#510,.T.);
#508 = VERTEX_POINT('',#509);
#509 = CARTESIAN_POINT('',(48.775960856328,-66.77596085632,6.3));
#510 = LINE('',#511,#512);
#511 = CARTESIAN_POINT('',(61.694978830948,-52.52202106789,6.3));
#512 = VECTOR('',#513,1.);
#513 = DIRECTION('',(0.671558954847,0.740951125355,0.));
#514 = ORIENTED_EDGE('',*,*,#515,.F.);
#515 = EDGE_CURVE('',#516,#508,#518,.T.);
#516 = VERTEX_POINT('',#517);
#517 = CARTESIAN_POINT('',(48.675600445837,-66.86692223025,6.3));
#518 = LINE('',#519,#520);
#519 = CARTESIAN_POINT('',(63.293600749392,-53.6179390384,6.3));
#520 = VECTOR('',#521,1.);
#521 = DIRECTION('',(0.740951125355,0.671558954847,0.));
#522 = ORIENTED_EDGE('',*,*,#523,.F.);
#523 = EDGE_CURVE('',#524,#516,#526,.T.);
#524 = VERTEX_POINT('',#525);
#525 = CARTESIAN_POINT('',(48.5668075244,-66.94760855987,6.3));
#526 = LINE('',#527,#528);
#527 = CARTESIAN_POINT('',(64.655873183283,-55.01514422495,6.3));
#528 = VECTOR('',#529,1.);
#529 = DIRECTION('',(0.803207531481,0.595699304492,0.));
#530 = ORIENTED_EDGE('',*,*,#531,.F.);
#531 = EDGE_CURVE('',#532,#524,#534,.T.);
#532 = VERTEX_POINT('',#533);
#533 = CARTESIAN_POINT('',(48.450629827324,-67.0172427917,6.3));
#534 = LINE('',#535,#536);
#535 = CARTESIAN_POINT('',(65.726493786531,-56.66248842513,6.3));
#536 = VECTOR('',#537,1.);
#537 = DIRECTION('',(0.85772861,0.514102744193,0.));
#538 = ORIENTED_EDGE('',*,*,#539,.F.);
#539 = EDGE_CURVE('',#540,#532,#542,.T.);
#540 = VERTEX_POINT('',#541);
#541 = CARTESIAN_POINT('',(48.32818620934,-67.07515431004,6.3));
#542 = LINE('',#543,#544);
#543 = CARTESIAN_POINT('',(66.461132925775,-58.49890923006,6.3));
#544 = VECTOR('',#545,1.);
#545 = DIRECTION('',(0.903989293123,0.42755509343,0.));
#546 = ORIENTED_EDGE('',*,*,#547,.F.);
#547 = EDGE_CURVE('',#548,#540,#550,.T.);
#548 = VERTEX_POINT('',#549);
#549 = CARTESIAN_POINT('',(48.200655869424,-67.12078539531,6.3));
#550 = LINE('',#551,#552);
#551 = CARTESIAN_POINT('',(66.828167928971,-60.45575500655,6.3));
#552 = VECTOR('',#553,1.);
#553 = DIRECTION('',(0.941544065183,0.336889853392,0.));
#554 = ORIENTED_EDGE('',*,*,#555,.F.);
#555 = EDGE_CURVE('',#556,#548,#558,.T.);
#556 = VERTEX_POINT('',#557);
#557 = CARTESIAN_POINT('',(48.069266994465,-67.1536965952,6.3));
#558 = LINE('',#559,#560);
#559 = CARTESIAN_POINT('',(66.809930983199,-62.45940464069,6.3));
#560 = VECTOR('',#561,1.);
#561 = DIRECTION('',(0.970031253195,0.242980179903,0.));
#562 = ORIENTED_EDGE('',*,*,#563,.F.);
#563 = EDGE_CURVE('',#564,#556,#566,.T.);
#564 = VERTEX_POINT('',#565);
#565 = CARTESIAN_POINT('',(47.935284931153,-67.17357095687,6.3));
#566 = LINE('',#567,#568);
#567 = CARTESIAN_POINT('',(66.403422411117,-64.43408154579,6.3));
#568 = VECTOR('',#569,1.);
#569 = DIRECTION('',(0.989176509965,0.146730474455,0.));
#570 = ORIENTED_EDGE('',*,*,#571,.F.);
#571 = EDGE_CURVE('',#572,#564,#574,.T.);
#572 = VERTEX_POINT('',#573);
#573 = CARTESIAN_POINT('',(47.80441875198,-67.18,6.3));
#574 = LINE('',#575,#576);
#575 = CARTESIAN_POINT('',(65.62046158485,-66.30475394026,6.3));
#576 = VECTOR('',#577,1.);
#577 = DIRECTION('',(0.998795456205,4.906767432741E-02,0.));
#578 = ORIENTED_EDGE('',*,*,#579,.F.);
#579 = EDGE_CURVE('',#580,#572,#582,.T.);
#580 = VERTEX_POINT('',#581);
#581 = CARTESIAN_POINT('',(46.841678053782,-67.18,6.3));
#582 = LINE('',#583,#584);
#583 = CARTESIAN_POINT('',(65.063813273313,-67.18,6.3));
#584 = VECTOR('',#585,1.);
#585 = DIRECTION('',(1.,0.,0.));
#586 = ORIENTED_EDGE('',*,*,#587,.T.);
#587 = EDGE_CURVE('',#580,#588,#590,.T.);
#588 = VERTEX_POINT('',#589);
#589 = CARTESIAN_POINT('',(44.158321946218,-67.18,6.3));
#590 = CIRCLE('',#591,2.15);
#591 = AXIS2_PLACEMENT_3D('',#592,#593,#594);
#592 = CARTESIAN_POINT('',(45.5,-65.5,6.3));
#593 = DIRECTION('',(0.,0.,-1.));
#594 = DIRECTION('',(1.,0.,0.));
#595 = ORIENTED_EDGE('',*,*,#596,.F.);
#596 = EDGE_CURVE('',#597,#588,#599,.T.);
#597 = VERTEX_POINT('',#598);
#598 = CARTESIAN_POINT('',(31.439632319806,-67.18,6.3));
#599 = LINE('',#600,#601);
#600 = CARTESIAN_POINT('',(65.063813273313,-67.18,6.3));
#601 = VECTOR('',#602,1.);
#602 = DIRECTION('',(1.,0.,0.));
#603 = ORIENTED_EDGE('',*,*,#604,.T.);
#604 = EDGE_CURVE('',#597,#605,#607,.T.);
#605 = VERTEX_POINT('',#606);
#606 = CARTESIAN_POINT('',(27.360367680194,-67.18,6.3));
#607 = CIRCLE('',#608,2.15);
#608 = AXIS2_PLACEMENT_3D('',#609,#610,#611);
#609 = CARTESIAN_POINT('',(29.4,-66.5,6.3));
#610 = DIRECTION('',(0.,0.,-1.));
#611 = DIRECTION('',(1.,0.,0.));
#612 = ORIENTED_EDGE('',*,*,#613,.F.);
#613 = EDGE_CURVE('',#614,#605,#616,.T.);
#614 = VERTEX_POINT('',#615);
#615 = CARTESIAN_POINT('',(26.19558124802,-67.18,6.3));
#616 = LINE('',#617,#618);
#617 = CARTESIAN_POINT('',(65.063813273313,-67.18,6.3));
#618 = VECTOR('',#619,1.);
#619 = DIRECTION('',(1.,0.,0.));
#620 = ORIENTED_EDGE('',*,*,#621,.F.);
#621 = EDGE_CURVE('',#622,#614,#624,.T.);
#622 = VERTEX_POINT('',#623);
#623 = CARTESIAN_POINT('',(26.064715068847,-67.17357095687,6.3));
#624 = LINE('',#625,#626);
#625 = CARTESIAN_POINT('',(53.659057482571,-68.52919407112,6.3));
#626 = VECTOR('',#627,1.);
#627 = DIRECTION('',(0.998795456205,-4.906767432743E-02,0.));
#628 = ORIENTED_EDGE('',*,*,#629,.F.);
#629 = EDGE_CURVE('',#630,#622,#632,.T.);
#630 = VERTEX_POINT('',#631);
#631 = CARTESIAN_POINT('',(25.930733005535,-67.1536965952,6.3));
#632 = LINE('',#633,#634);
#633 = CARTESIAN_POINT('',(52.010975359596,-71.02233510003,6.3));
#634 = VECTOR('',#635,1.);
#635 = DIRECTION('',(0.989176509965,-0.146730474455,0.));
#636 = ORIENTED_EDGE('',*,*,#637,.F.);
#637 = EDGE_CURVE('',#638,#630,#640,.T.);
#638 = VERTEX_POINT('',#639);
#639 = CARTESIAN_POINT('',(25.799344130576,-67.12078539531,6.3));
#640 = LINE('',#641,#642);
#641 = CARTESIAN_POINT('',(49.903117712892,-73.15846636908,6.3));
#642 = VECTOR('',#643,1.);
#643 = DIRECTION('',(0.970031253195,-0.242980179903,0.));
#644 = ORIENTED_EDGE('',*,*,#645,.F.);
#645 = EDGE_CURVE('',#646,#638,#648,.T.);
#646 = VERTEX_POINT('',#647);
#647 = CARTESIAN_POINT('',(25.67181379066,-67.07515431004,6.3));
#648 = LINE('',#649,#650);
#649 = CARTESIAN_POINT('',(47.414857840909,-74.85493987001,6.3));
#650 = VECTOR('',#651,1.);
#651 = DIRECTION('',(0.941544065183,-0.336889853392,0.));
#652 = ORIENTED_EDGE('',*,*,#653,.F.);
#653 = EDGE_CURVE('',#654,#646,#656,.T.);
#654 = VERTEX_POINT('',#655);
#655 = CARTESIAN_POINT('',(25.549370172676,-67.0172427917,6.3));
#656 = LINE('',#657,#658);
#657 = CARTESIAN_POINT('',(44.638062101377,-76.04552169182,6.3));
#658 = VECTOR('',#659,1.);
#659 = DIRECTION('',(0.903989293123,-0.42755509343,0.));
#660 = ORIENTED_EDGE('',*,*,#661,.F.);
#661 = EDGE_CURVE('',#662,#654,#664,.T.);
#662 = VERTEX_POINT('',#663);
#663 = CARTESIAN_POINT('',(25.4331924756,-66.94760855987,6.3));
#664 = LINE('',#665,#666);
#665 = CARTESIAN_POINT('',(41.675805087769,-76.68305590233,6.3));
#666 = VECTOR('',#667,1.);
#667 = DIRECTION('',(0.85772861,-0.514102744193,0.));
#668 = ORIENTED_EDGE('',*,*,#669,.F.);
#669 = EDGE_CURVE('',#670,#662,#672,.T.);
#670 = VERTEX_POINT('',#671);
#671 = CARTESIAN_POINT('',(25.324399554163,-66.86692223025,6.3));
#672 = LINE('',#673,#674);
#673 = CARTESIAN_POINT('',(38.638443548161,-76.74129023149,6.3));
#674 = VECTOR('',#675,1.);
#675 = DIRECTION('',(0.803207531481,-0.595699304492,0.));
#676 = ORIENTED_EDGE('',*,*,#677,.F.);
#677 = EDGE_CURVE('',#678,#670,#680,.T.);
#678 = VERTEX_POINT('',#679);
#679 = CARTESIAN_POINT('',(25.224039143672,-66.77596085632,6.3));
#680 = LINE('',#681,#682);
#681 = CARTESIAN_POINT('',(35.639408962475,-76.21590180588,6.3));
#682 = VECTOR('',#683,1.);
#683 = DIRECTION('',(0.740951125355,-0.671558954847,0.));
#684 = ORIENTED_EDGE('',*,*,#685,.F.);
#685 = EDGE_CURVE('',#686,#678,#688,.T.);
#686 = VERTEX_POINT('',#687);
#687 = CARTESIAN_POINT('',(25.133077769741,-66.67560044583,6.3));
#688 = LINE('',#689,#690);
#689 = CARTESIAN_POINT('',(32.790880144046,-75.12468335364,6.3));
#690 = VECTOR('',#691,1.);
#691 = DIRECTION('',(0.671558954847,-0.740951125355,0.));
#692 = ORIENTED_EDGE('',*,*,#693,.F.);
#693 = EDGE_CURVE('',#694,#686,#696,.T.);
#694 = VERTEX_POINT('',#695);
#695 = CARTESIAN_POINT('',(25.052391440127,-66.5668075244,6.3));
#696 = LINE('',#697,#698);
#697 = CARTESIAN_POINT('',(30.199501859681,-73.50688253064,6.3));
#698 = VECTOR('',#699,1.);
#699 = DIRECTION('',(0.595699304492,-0.803207531481,0.));
#700 = ORIENTED_EDGE('',*,*,#701,.F.);
#701 = EDGE_CURVE('',#702,#694,#704,.T.);
#702 = VERTEX_POINT('',#703);
#703 = CARTESIAN_POINT('',(25.,-66.47939768731,6.3));
#704 = LINE('',#705,#706);
#705 = CARTESIAN_POINT('',(27.962313714227,-71.42171953481,6.3));
#706 = VECTOR('',#707,1.);
#707 = DIRECTION('',(0.514102744193,-0.85772861,0.));
#708 = ORIENTED_EDGE('',*,*,#709,.T.);
#709 = EDGE_CURVE('',#702,#710,#712,.T.);
#710 = VERTEX_POINT('',#711);
#711 = CARTESIAN_POINT('',(25.,-79.39221144507,6.3));
#712 = LINE('',#713,#714);
#713 = CARTESIAN_POINT('',(25.,-13.4,6.3));
#714 = VECTOR('',#715,1.);
#715 = DIRECTION('',(0.,-1.,0.));
#716 = ORIENTED_EDGE('',*,*,#717,.T.);
#717 = EDGE_CURVE('',#710,#718,#720,.T.);
#718 = VERTEX_POINT('',#719);
#719 = CARTESIAN_POINT('',(25.224861311112,-80.40649527325,6.3));
#720 = CIRCLE('',#721,2.4);
#721 = AXIS2_PLACEMENT_3D('',#722,#723,#724);
#722 = CARTESIAN_POINT('',(27.4,-79.39221144507,6.3));
#723 = DIRECTION('',(0.,0.,1.));
#724 = DIRECTION('',(-1.,-5.92E-15,0.));
#725 = ORIENTED_EDGE('',*,*,#726,.T.);
#726 = EDGE_CURVE('',#718,#727,#729,.T.);
#727 = VERTEX_POINT('',#728);
#728 = CARTESIAN_POINT('',(31.302364249595,-93.43974238424,6.3));
#729 = LINE('',#730,#731);
#730 = CARTESIAN_POINT('',(25.224861311112,-80.40649527325,6.3));
#731 = VECTOR('',#732,1.);
#732 = DIRECTION('',(0.422618261741,-0.906307787037,0.));
#733 = ORIENTED_EDGE('',*,*,#734,.T.);
#734 = EDGE_CURVE('',#727,#735,#737,.T.);
#735 = VERTEX_POINT('',#736);
#736 = CARTESIAN_POINT('',(34.491786766661,-94.60059724495,6.3));
#737 = CIRCLE('',#738,2.4);
#738 = AXIS2_PLACEMENT_3D('',#739,#740,#741);
#739 = CARTESIAN_POINT('',(33.477502938483,-92.42545855606,6.3));
#740 = DIRECTION('',(0.,0.,1.));
#741 = DIRECTION('',(-0.906307787037,-0.422618261741,0.));
#742 = ORIENTED_EDGE('',*,*,#743,.T.);
#743 = EDGE_CURVE('',#735,#744,#746,.T.);
#744 = VERTEX_POINT('',#745);
#745 = CARTESIAN_POINT('',(48.757845984775,-87.94822457985,6.3));
#746 = LINE('',#747,#748);
#747 = CARTESIAN_POINT('',(34.491786766661,-94.60059724495,6.3));
#748 = VECTOR('',#749,1.);
#749 = DIRECTION('',(0.906307787037,0.422618261741,0.));
#750 = ORIENTED_EDGE('',*,*,#751,.T.);
#751 = EDGE_CURVE('',#744,#752,#754,.T.);
#752 = VERTEX_POINT('',#753);
#753 = CARTESIAN_POINT('',(57.471798927357,-85.20072577071,6.3));
#754 = CIRCLE('',#755,35.);
#755 = AXIS2_PLACEMENT_3D('',#756,#757,#758);
#756 = CARTESIAN_POINT('',(63.5494851457,-119.6689971261,6.3));
#757 = DIRECTION('',(0.,0.,-1.));
#758 = DIRECTION('',(-0.422618261741,0.906307787037,0.));
#759 = ORIENTED_EDGE('',*,*,#760,.T.);
#760 = EDGE_CURVE('',#752,#761,#763,.T.);
#761 = VERTEX_POINT('',#762);
#762 = CARTESIAN_POINT('',(66.065458905367,-83.68543165355,6.3));
#763 = LINE('',#764,#765);
#764 = CARTESIAN_POINT('',(57.471798927357,-85.20072577071,6.3));
#765 = VECTOR('',#766,1.);
#766 = DIRECTION('',(0.984807753012,0.173648177667,0.));
#767 = ORIENTED_EDGE('',*,*,#768,.T.);
#768 = EDGE_CURVE('',#761,#769,#771,.T.);
#769 = VERTEX_POINT('',#770);
#770 = CARTESIAN_POINT('',(75.193596119877,-83.28688857577,6.3));
#771 = CIRCLE('',#772,35.);
#772 = AXIS2_PLACEMENT_3D('',#773,#774,#775);
#773 = CARTESIAN_POINT('',(72.143145123709,-118.1537030089,6.3));
#774 = DIRECTION('',(0.,0.,-1.));
#775 = DIRECTION('',(-0.173648177667,0.984807753012,0.));
#776 = ORIENTED_EDGE('',*,*,#777,.T.);
#777 = EDGE_CURVE('',#769,#778,#780,.T.);
#778 = VERTEX_POINT('',#779);
#779 = CARTESIAN_POINT('',(89.290340449873,-84.52019389726,6.3));
#780 = LINE('',#781,#782);
#781 = CARTESIAN_POINT('',(75.193596119877,-83.28688857577,6.3));
#782 = VECTOR('',#783,1.);
#783 = DIRECTION('',(0.996194698092,-8.715574274766E-02,0.));
#784 = ORIENTED_EDGE('',*,*,#785,.T.);
#785 = EDGE_CURVE('',#778,#786,#788,.T.);
#786 = VERTEX_POINT('',#787);
#787 = CARTESIAN_POINT('',(91.890381507887,-82.33850040444,6.3));
#788 = CIRCLE('',#789,2.4);
#789 = AXIS2_PLACEMENT_3D('',#790,#791,#792);
#790 = CARTESIAN_POINT('',(89.499514232467,-82.12932662184,6.3));
#791 = DIRECTION('',(0.,0.,1.));
#792 = DIRECTION('',(-8.715574274765E-02,-0.996194698092,0.));
#793 = ORIENTED_EDGE('',*,*,#794,.T.);
#794 = EDGE_CURVE('',#786,#795,#797,.T.);
#795 = VERTEX_POINT('',#796);
#796 = CARTESIAN_POINT('',(93.364562656526,-65.48853277175,6.3));
#797 = LINE('',#798,#799);
#798 = CARTESIAN_POINT('',(91.890381507887,-82.33850040444,6.3));
#799 = VECTOR('',#800,1.);
#800 = DIRECTION('',(8.715574274766E-02,0.996194698092,0.));
#801 = ORIENTED_EDGE('',*,*,#802,.T.);
#802 = EDGE_CURVE('',#795,#803,#805,.T.);
#803 = VERTEX_POINT('',#804);
#804 = CARTESIAN_POINT('',(96.353146750801,-62.75,6.3));
#805 = CIRCLE('',#806,3.);
#806 = AXIS2_PLACEMENT_3D('',#807,#808,#809);
#807 = CARTESIAN_POINT('',(96.353146750801,-65.75,6.3));
#808 = DIRECTION('',(0.,0.,-1.));
#809 = DIRECTION('',(-0.996194698092,8.715574274766E-02,0.));
#810 = ORIENTED_EDGE('',*,*,#811,.T.);
#811 = EDGE_CURVE('',#803,#812,#814,.T.);
#812 = VERTEX_POINT('',#813);
#813 = CARTESIAN_POINT('',(114.25,-62.75,6.3));
#814 = LINE('',#815,#816);
#815 = CARTESIAN_POINT('',(96.353146750801,-62.75,6.3));
#816 = VECTOR('',#817,1.);
#817 = DIRECTION('',(1.,0.,0.));
#818 = ORIENTED_EDGE('',*,*,#819,.T.);
#819 = EDGE_CURVE('',#812,#820,#822,.T.);
#820 = VERTEX_POINT('',#821);
#821 = CARTESIAN_POINT('',(118.25,-66.75,6.3));
#822 = CIRCLE('',#823,4.);
#823 = AXIS2_PLACEMENT_3D('',#824,#825,#826);
#824 = CARTESIAN_POINT('',(114.25,-66.75,6.3));
#825 = DIRECTION('',(0.,0.,-1.));
#826 = DIRECTION('',(3.55E-15,1.,0.));
#827 = ORIENTED_EDGE('',*,*,#828,.T.);
#828 = EDGE_CURVE('',#820,#829,#831,.T.);
#829 = VERTEX_POINT('',#830);
#830 = CARTESIAN_POINT('',(118.25,-72.35,6.3));
#831 = LINE('',#832,#833);
#832 = CARTESIAN_POINT('',(118.25,-66.75,6.3));
#833 = VECTOR('',#834,1.);
#834 = DIRECTION('',(0.,-1.,0.));
#835 = ORIENTED_EDGE('',*,*,#836,.T.);
#836 = EDGE_CURVE('',#829,#126,#837,.T.);
#837 = CIRCLE('',#838,2.4);
#838 = AXIS2_PLACEMENT_3D('',#839,#840,#841);
#839 = CARTESIAN_POINT('',(120.65,-72.35,6.3));
#840 = DIRECTION('',(0.,0.,1.));
#841 = DIRECTION('',(-1.,-1.184E-14,0.));
#842 = FACE_BOUND('',#843,.F.);
#843 = EDGE_LOOP('',(#844,#854,#862,#870));
#844 = ORIENTED_EDGE('',*,*,#845,.F.);
#845 = EDGE_CURVE('',#846,#848,#850,.T.);
#846 = VERTEX_POINT('',#847);
#847 = CARTESIAN_POINT('',(41.385826677072,-70.69751765855,6.3));
#848 = VERTEX_POINT('',#849);
#849 = CARTESIAN_POINT('',(28.697517658559,-76.61417332292,6.3));
#850 = LINE('',#851,#852);
#851 = CARTESIAN_POINT('',(56.691985803174,-63.56013844111,6.3));
#852 = VECTOR('',#853,1.);
#853 = DIRECTION('',(-0.906307787037,-0.422618261741,0.));
#854 = ORIENTED_EDGE('',*,*,#855,.F.);
#855 = EDGE_CURVE('',#856,#846,#858,.T.);
#856 = VERTEX_POINT('',#857);
#857 = CARTESIAN_POINT('',(47.302482341441,-83.38582667707,6.3));
#858 = LINE('',#859,#860);
#859 = CARTESIAN_POINT('',(40.2042036005,-68.16351879341,6.3));
#860 = VECTOR('',#861,1.);
#861 = DIRECTION('',(-0.422618261741,0.906307787037,0.));
#862 = ORIENTED_EDGE('',*,*,#863,.F.);
#863 = EDGE_CURVE('',#864,#856,#866,.T.);
#864 = VERTEX_POINT('',#865);
#865 = CARTESIAN_POINT('',(34.614173322928,-89.30248234144,6.3));
#866 = LINE('',#867,#868);
#867 = CARTESIAN_POINT('',(68.952795976801,-73.29011962744,6.3));
#868 = VECTOR('',#869,1.);
#869 = DIRECTION('',(0.906307787037,0.422618261741,0.));
#870 = ORIENTED_EDGE('',*,*,#871,.F.);
#871 = EDGE_CURVE('',#848,#864,#872,.T.);
#872 = LINE('',#873,#874);
#873 = CARTESIAN_POINT('',(30.474222414171,-80.42432896704,6.3));
#874 = VECTOR('',#875,1.);
#875 = DIRECTION('',(0.422618261741,-0.906307787037,0.));
#876 = FACE_BOUND('',#877,.F.);
#877 = EDGE_LOOP('',(#878,#888,#896,#904));
#878 = ORIENTED_EDGE('',*,*,#879,.F.);
#879 = EDGE_CURVE('',#880,#882,#884,.T.);
#880 = VERTEX_POINT('',#881);
#881 = CARTESIAN_POINT('',(64.678117027417,-64.89080848524,6.3));
#882 = VERTEX_POINT('',#883);
#883 = CARTESIAN_POINT('',(50.890808485246,-67.32188297258,6.3));
#884 = LINE('',#885,#886);
#885 = CARTESIAN_POINT('',(68.004279882543,-64.30431623165,6.3));
#886 = VECTOR('',#887,1.);
#887 = DIRECTION('',(-0.984807753012,-0.173648177667,0.));
#888 = ORIENTED_EDGE('',*,*,#889,.F.);
#889 = EDGE_CURVE('',#890,#880,#892,.T.);
#890 = VERTEX_POINT('',#891);
#891 = CARTESIAN_POINT('',(67.109191514754,-78.67811702741,6.3));
#892 = LINE('',#893,#894);
#893 = CARTESIAN_POINT('',(63.28084528482,-56.96648665439,6.3));
#894 = VECTOR('',#895,1.);
#895 = DIRECTION('',(-0.173648177667,0.984807753012,0.));
#896 = ORIENTED_EDGE('',*,*,#897,.F.);
#897 = EDGE_CURVE('',#898,#890,#900,.T.);
#898 = VERTEX_POINT('',#899);
#899 = CARTESIAN_POINT('',(53.321882972583,-81.10919151475,6.3));
#900 = LINE('',#901,#902);
#901 = CARTESIAN_POINT('',(77.329008640965,-76.87608753015,6.3));
#902 = VECTOR('',#903,1.);
#903 = DIRECTION('',(0.984807753012,0.173648177667,0.));
#904 = ORIENTED_EDGE('',*,*,#905,.F.);
#905 = EDGE_CURVE('',#882,#898,#906,.T.);
#906 = LINE('',#907,#908);
#907 = CARTESIAN_POINT('',(50.709073986318,-66.29121541281,6.3));
#908 = VECTOR('',#909,1.);
#909 = DIRECTION('',(0.173648177667,-0.984807753012,0.));
#910 = FACE_BOUND('',#911,.F.);
#911 = EDGE_LOOP('',(#912,#922,#930,#938));
#912 = ORIENTED_EDGE('',*,*,#913,.F.);
#913 = EDGE_CURVE('',#914,#916,#918,.T.);
#914 = VERTEX_POINT('',#915);
#915 = CARTESIAN_POINT('',(88.583453085876,-65.63672731259,6.3));
#916 = VERTEX_POINT('',#917);
#917 = CARTESIAN_POINT('',(74.636727312591,-64.41654691412,6.3));
#918 = LINE('',#919,#920);
#919 = CARTESIAN_POINT('',(77.626880898784,-64.67815145511,6.3));
#920 = VECTOR('',#921,1.);
#921 = DIRECTION('',(-0.996194698092,8.715574274766E-02,0.));
#922 = ORIENTED_EDGE('',*,*,#923,.F.);
#923 = EDGE_CURVE('',#924,#914,#926,.T.);
#924 = VERTEX_POINT('',#925);
#925 = CARTESIAN_POINT('',(87.363272687409,-79.58345308587,6.3));
#926 = LINE('',#927,#928);
#927 = CARTESIAN_POINT('',(89.43653974071,-55.88590222904,6.3));
#928 = VECTOR('',#929,1.);
#929 = DIRECTION('',(8.715574274766E-02,0.996194698092,0.));
#930 = ORIENTED_EDGE('',*,*,#931,.F.);
#931 = EDGE_CURVE('',#932,#924,#934,.T.);
#932 = VERTEX_POINT('',#933);
#933 = CARTESIAN_POINT('',(73.416546914124,-78.3632726874,6.3));
#934 = LINE('',#935,#936);
#935 = CARTESIAN_POINT('',(83.380063386959,-79.23496742763,6.3));
#936 = VECTOR('',#937,1.);
#937 = DIRECTION('',(0.996194698092,-8.715574274766E-02,0.));
#938 = ORIENTED_EDGE('',*,*,#939,.F.);
#939 = EDGE_CURVE('',#916,#932,#940,.T.);
#940 = LINE('',#941,#942);
#941 = CARTESIAN_POINT('',(74.879723768192,-61.63908471722,6.3));
#942 = VECTOR('',#943,1.);
#943 = DIRECTION('',(-8.715574274766E-02,-0.996194698092,0.));
#944 = FACE_BOUND('',#945,.F.);
#945 = EDGE_LOOP('',(#946));
#946 = ORIENTED_EDGE('',*,*,#947,.T.);
#947 = EDGE_CURVE('',#948,#948,#950,.T.);
#948 = VERTEX_POINT('',#949);
#949 = CARTESIAN_POINT('',(81.15,-61.3,6.3));
#950 = CIRCLE('',#951,1.15);
#951 = AXIS2_PLACEMENT_3D('',#952,#953,#954);
#952 = CARTESIAN_POINT('',(80.,-61.3,6.3));
#953 = DIRECTION('',(0.,0.,-1.));
#954 = DIRECTION('',(1.,0.,0.));
#955 = FACE_BOUND('',#956,.F.);
#956 = EDGE_LOOP('',(#957,#967,#975,#983));
#957 = ORIENTED_EDGE('',*,*,#958,.F.);
#958 = EDGE_CURVE('',#959,#961,#963,.T.);
#959 = VERTEX_POINT('',#960);
#960 = CARTESIAN_POINT('',(65.,-46.,6.3));
#961 = VERTEX_POINT('',#962);
#962 = CARTESIAN_POINT('',(51.,-46.,6.3));
#963 = LINE('',#964,#965);
#964 = CARTESIAN_POINT('',(66.661603897323,-46.,6.3));
#965 = VECTOR('',#966,1.);
#966 = DIRECTION('',(-1.,0.,0.));
#967 = ORIENTED_EDGE('',*,*,#968,.F.);
#968 = EDGE_CURVE('',#969,#959,#971,.T.);
#969 = VERTEX_POINT('',#970);
#970 = CARTESIAN_POINT('',(65.,-60.,6.3));
#971 = LINE('',#972,#973);
#972 = CARTESIAN_POINT('',(65.,-45.71905291451,6.3));
#973 = VECTOR('',#974,1.);
#974 = DIRECTION('',(0.,1.,0.));
#975 = ORIENTED_EDGE('',*,*,#976,.F.);
#976 = EDGE_CURVE('',#977,#969,#979,.T.);
#977 = VERTEX_POINT('',#978);
#978 = CARTESIAN_POINT('',(51.,-60.,6.3));
#979 = LINE('',#980,#981);
#980 = CARTESIAN_POINT('',(73.661603897323,-60.,6.3));
#981 = VECTOR('',#982,1.);
#982 = DIRECTION('',(1.,0.,0.));
#983 = ORIENTED_EDGE('',*,*,#984,.F.);
#984 = EDGE_CURVE('',#961,#977,#985,.T.);
#985 = LINE('',#986,#987);
#986 = CARTESIAN_POINT('',(51.,-52.71905291451,6.3));
#987 = VECTOR('',#988,1.);
#988 = DIRECTION('',(0.,-1.,0.));
#989 = FACE_BOUND('',#990,.F.);
#990 = EDGE_LOOP('',(#991,#1001,#1009,#1017));
#991 = ORIENTED_EDGE('',*,*,#992,.F.);
#992 = EDGE_CURVE('',#993,#995,#997,.T.);
#993 = VERTEX_POINT('',#994);
#994 = CARTESIAN_POINT('',(83.,-44.,6.3));
#995 = VERTEX_POINT('',#996);
#996 = CARTESIAN_POINT('',(69.,-44.,6.3));
#997 = LINE('',#998,#999);
#998 = CARTESIAN_POINT('',(75.661603897323,-44.,6.3));
#999 = VECTOR('',#1000,1.);
#1000 = DIRECTION('',(-1.,0.,0.));
#1001 = ORIENTED_EDGE('',*,*,#1002,.F.);
#1002 = EDGE_CURVE('',#1003,#993,#1005,.T.);
#1003 = VERTEX_POINT('',#1004);
#1004 = CARTESIAN_POINT('',(83.,-58.,6.3));
#1005 = LINE('',#1006,#1007);
#1006 = CARTESIAN_POINT('',(83.,-44.71905291451,6.3));
#1007 = VECTOR('',#1008,1.);
#1008 = DIRECTION('',(0.,1.,0.));
#1009 = ORIENTED_EDGE('',*,*,#1010,.F.);
#1010 = EDGE_CURVE('',#1011,#1003,#1013,.T.);
#1011 = VERTEX_POINT('',#1012);
#1012 = CARTESIAN_POINT('',(69.,-58.,6.3));
#1013 = LINE('',#1014,#1015);
#1014 = CARTESIAN_POINT('',(82.661603897323,-58.,6.3));
#1015 = VECTOR('',#1016,1.);
#1016 = DIRECTION('',(1.,0.,0.));
#1017 = ORIENTED_EDGE('',*,*,#1018,.F.);
#1018 = EDGE_CURVE('',#995,#1011,#1019,.T.);
#1019 = LINE('',#1020,#1021);
#1020 = CARTESIAN_POINT('',(69.,-51.71905291451,6.3));
#1021 = VECTOR('',#1022,1.);
#1022 = DIRECTION('',(0.,-1.,0.));
#1023 = FACE_BOUND('',#1024,.F.);
#1024 = EDGE_LOOP('',(#1025,#1035,#1043,#1051));
#1025 = ORIENTED_EDGE('',*,*,#1026,.F.);
#1026 = EDGE_CURVE('',#1027,#1029,#1031,.T.);
#1027 = VERTEX_POINT('',#1028);
#1028 = CARTESIAN_POINT('',(137.,-56.,6.3));
#1029 = VERTEX_POINT('',#1030);
#1030 = CARTESIAN_POINT('',(123.,-56.,6.3));
#1031 = LINE('',#1032,#1033);
#1032 = CARTESIAN_POINT('',(102.66160389732,-56.,6.3));
#1033 = VECTOR('',#1034,1.);
#1034 = DIRECTION('',(-1.,0.,0.));
#1035 = ORIENTED_EDGE('',*,*,#1036,.F.);
#1036 = EDGE_CURVE('',#1037,#1027,#1039,.T.);
#1037 = VERTEX_POINT('',#1038);
#1038 = CARTESIAN_POINT('',(137.,-70.,6.3));
#1039 = LINE('',#1040,#1041);
#1040 = CARTESIAN_POINT('',(137.,-50.71905291451,6.3));
#1041 = VECTOR('',#1042,1.);
#1042 = DIRECTION('',(0.,1.,0.));
#1043 = ORIENTED_EDGE('',*,*,#1044,.F.);
#1044 = EDGE_CURVE('',#1045,#1037,#1047,.T.);
#1045 = VERTEX_POINT('',#1046);
#1046 = CARTESIAN_POINT('',(123.,-70.,6.3));
#1047 = LINE('',#1048,#1049);
#1048 = CARTESIAN_POINT('',(109.66160389732,-70.,6.3));
#1049 = VECTOR('',#1050,1.);
#1050 = DIRECTION('',(1.,0.,0.));
#1051 = ORIENTED_EDGE('',*,*,#1052,.F.);
#1052 = EDGE_CURVE('',#1029,#1045,#1053,.T.);
#1053 = LINE('',#1054,#1055);
#1054 = CARTESIAN_POINT('',(123.,-57.71905291451,6.3));
#1055 = VECTOR('',#1056,1.);
#1056 = DIRECTION('',(0.,-1.,0.));
#1057 = FACE_BOUND('',#1058,.F.);
#1058 = EDGE_LOOP('',(#1059,#1069,#1077,#1085));
#1059 = ORIENTED_EDGE('',*,*,#1060,.F.);
#1060 = EDGE_CURVE('',#1061,#1063,#1065,.T.);
#1061 = VERTEX_POINT('',#1062);
#1062 = CARTESIAN_POINT('',(119.,-44.,6.3));
#1063 = VERTEX_POINT('',#1064);
#1064 = CARTESIAN_POINT('',(105.,-44.,6.3));
#1065 = LINE('',#1066,#1067);
#1066 = CARTESIAN_POINT('',(93.661603897323,-44.,6.3));
#1067 = VECTOR('',#1068,1.);
#1068 = DIRECTION('',(-1.,0.,0.));
#1069 = ORIENTED_EDGE('',*,*,#1070,.F.);
#1070 = EDGE_CURVE('',#1071,#1061,#1073,.T.);
#1071 = VERTEX_POINT('',#1072);
#1072 = CARTESIAN_POINT('',(119.,-58.,6.3));
#1073 = LINE('',#1074,#1075);
#1074 = CARTESIAN_POINT('',(119.,-44.71905291451,6.3));
#1075 = VECTOR('',#1076,1.);
#1076 = DIRECTION('',(0.,1.,0.));
#1077 = ORIENTED_EDGE('',*,*,#1078,.F.);
#1078 = EDGE_CURVE('',#1079,#1071,#1081,.T.);
#1079 = VERTEX_POINT('',#1080);
#1080 = CARTESIAN_POINT('',(105.,-58.,6.3));
#1081 = LINE('',#1082,#1083);
#1082 = CARTESIAN_POINT('',(100.66160389732,-58.,6.3));
#1083 = VECTOR('',#1084,1.);
#1084 = DIRECTION('',(1.,0.,0.));
#1085 = ORIENTED_EDGE('',*,*,#1086,.F.);
#1086 = EDGE_CURVE('',#1063,#1079,#1087,.T.);
#1087 = LINE('',#1088,#1089);
#1088 = CARTESIAN_POINT('',(105.,-51.71905291451,6.3));
#1089 = VECTOR('',#1090,1.);
#1090 = DIRECTION('',(0.,-1.,0.));
#1091 = FACE_BOUND('',#1092,.F.);
#1092 = EDGE_LOOP('',(#1093,#1103,#1111,#1119));
#1093 = ORIENTED_EDGE('',*,*,#1094,.F.);
#1094 = EDGE_CURVE('',#1095,#1097,#1099,.T.);
#1095 = VERTEX_POINT('',#1096);
#1096 = CARTESIAN_POINT('',(65.,-29.,6.3));
#1097 = VERTEX_POINT('',#1098);
#1098 = CARTESIAN_POINT('',(51.,-29.,6.3));
#1099 = LINE('',#1100,#1101);
#1100 = CARTESIAN_POINT('',(66.661603897323,-29.,6.3));
#1101 = VECTOR('',#1102,1.);
#1102 = DIRECTION('',(-1.,0.,0.));
#1103 = ORIENTED_EDGE('',*,*,#1104,.F.);
#1104 = EDGE_CURVE('',#1105,#1095,#1107,.T.);
#1105 = VERTEX_POINT('',#1106);
#1106 = CARTESIAN_POINT('',(65.,-43.,6.3));
#1107 = LINE('',#1108,#1109);
#1108 = CARTESIAN_POINT('',(65.,-37.21905291451,6.3));
#1109 = VECTOR('',#1110,1.);
#1110 = DIRECTION('',(0.,1.,0.));
#1111 = ORIENTED_EDGE('',*,*,#1112,.F.);
#1112 = EDGE_CURVE('',#1113,#1105,#1115,.T.);
#1113 = VERTEX_POINT('',#1114);
#1114 = CARTESIAN_POINT('',(51.,-43.,6.3));
#1115 = LINE('',#1116,#1117);
#1116 = CARTESIAN_POINT('',(73.661603897323,-43.,6.3));
#1117 = VECTOR('',#1118,1.);
#1118 = DIRECTION('',(1.,0.,0.));
#1119 = ORIENTED_EDGE('',*,*,#1120,.F.);
#1120 = EDGE_CURVE('',#1097,#1113,#1121,.T.);
#1121 = LINE('',#1122,#1123);
#1122 = CARTESIAN_POINT('',(51.,-44.21905291451,6.3));
#1123 = VECTOR('',#1124,1.);
#1124 = DIRECTION('',(0.,-1.,0.));
#1125 = FACE_BOUND('',#1126,.F.);
#1126 = EDGE_LOOP('',(#1127,#1137,#1145,#1153));
#1127 = ORIENTED_EDGE('',*,*,#1128,.F.);
#1128 = EDGE_CURVE('',#1129,#1131,#1133,.T.);
#1129 = VERTEX_POINT('',#1130);
#1130 = CARTESIAN_POINT('',(83.,-27.,6.3));
#1131 = VERTEX_POINT('',#1132);
#1132 = CARTESIAN_POINT('',(69.,-27.,6.3));
#1133 = LINE('',#1134,#1135);
#1134 = CARTESIAN_POINT('',(75.661603897323,-27.,6.3));
#1135 = VECTOR('',#1136,1.);
#1136 = DIRECTION('',(-1.,0.,0.));
#1137 = ORIENTED_EDGE('',*,*,#1138,.F.);
#1138 = EDGE_CURVE('',#1139,#1129,#1141,.T.);
#1139 = VERTEX_POINT('',#1140);
#1140 = CARTESIAN_POINT('',(83.,-41.,6.3));
#1141 = LINE('',#1142,#1143);
#1142 = CARTESIAN_POINT('',(83.,-36.21905291451,6.3));
#1143 = VECTOR('',#1144,1.);
#1144 = DIRECTION('',(0.,1.,0.));
#1145 = ORIENTED_EDGE('',*,*,#1146,.F.);
#1146 = EDGE_CURVE('',#1147,#1139,#1149,.T.);
#1147 = VERTEX_POINT('',#1148);
#1148 = CARTESIAN_POINT('',(69.,-41.,6.3));
#1149 = LINE('',#1150,#1151);
#1150 = CARTESIAN_POINT('',(82.661603897323,-41.,6.3));
#1151 = VECTOR('',#1152,1.);
#1152 = DIRECTION('',(1.,0.,0.));
#1153 = ORIENTED_EDGE('',*,*,#1154,.F.);
#1154 = EDGE_CURVE('',#1131,#1147,#1155,.T.);
#1155 = LINE('',#1156,#1157);
#1156 = CARTESIAN_POINT('',(69.,-43.21905291451,6.3));
#1157 = VECTOR('',#1158,1.);
#1158 = DIRECTION('',(0.,-1.,0.));
#1159 = FACE_BOUND('',#1160,.F.);
#1160 = EDGE_LOOP('',(#1161,#1171,#1179,#1187));
#1161 = ORIENTED_EDGE('',*,*,#1162,.F.);
#1162 = EDGE_CURVE('',#1163,#1165,#1167,.T.);
#1163 = VERTEX_POINT('',#1164);
#1164 = CARTESIAN_POINT('',(65.,-12.,6.3));
#1165 = VERTEX_POINT('',#1166);
#1166 = CARTESIAN_POINT('',(51.,-12.,6.3));
#1167 = LINE('',#1168,#1169);
#1168 = CARTESIAN_POINT('',(66.661603897323,-12.,6.3));
#1169 = VECTOR('',#1170,1.);
#1170 = DIRECTION('',(-1.,0.,0.));
#1171 = ORIENTED_EDGE('',*,*,#1172,.F.);
#1172 = EDGE_CURVE('',#1173,#1163,#1175,.T.);
#1173 = VERTEX_POINT('',#1174);
#1174 = CARTESIAN_POINT('',(65.,-26.,6.3));
#1175 = LINE('',#1176,#1177);
#1176 = CARTESIAN_POINT('',(65.,-28.71905291451,6.3));
#1177 = VECTOR('',#1178,1.);
#1178 = DIRECTION('',(0.,1.,0.));
#1179 = ORIENTED_EDGE('',*,*,#1180,.F.);
#1180 = EDGE_CURVE('',#1181,#1173,#1183,.T.);
#1181 = VERTEX_POINT('',#1182);
#1182 = CARTESIAN_POINT('',(51.,-26.,6.3));
#1183 = LINE('',#1184,#1185);
#1184 = CARTESIAN_POINT('',(73.661603897323,-26.,6.3));
#1185 = VECTOR('',#1186,1.);
#1186 = DIRECTION('',(1.,0.,0.));
#1187 = ORIENTED_EDGE('',*,*,#1188,.F.);
#1188 = EDGE_CURVE('',#1165,#1181,#1189,.T.);
#1189 = LINE('',#1190,#1191);
#1190 = CARTESIAN_POINT('',(51.,-35.71905291451,6.3));
#1191 = VECTOR('',#1192,1.);
#1192 = DIRECTION('',(0.,-1.,0.));
#1193 = FACE_BOUND('',#1194,.F.);
#1194 = EDGE_LOOP('',(#1195,#1205,#1213,#1221));
#1195 = ORIENTED_EDGE('',*,*,#1196,.F.);
#1196 = EDGE_CURVE('',#1197,#1199,#1201,.T.);
#1197 = VERTEX_POINT('',#1198);
#1198 = CARTESIAN_POINT('',(83.,-10.,6.3));
#1199 = VERTEX_POINT('',#1200);
#1200 = CARTESIAN_POINT('',(69.,-10.,6.3));
#1201 = LINE('',#1202,#1203);
#1202 = CARTESIAN_POINT('',(75.661603897323,-10.,6.3));
#1203 = VECTOR('',#1204,1.);
#1204 = DIRECTION('',(-1.,0.,0.));
#1205 = ORIENTED_EDGE('',*,*,#1206,.F.);
#1206 = EDGE_CURVE('',#1207,#1197,#1209,.T.);
#1207 = VERTEX_POINT('',#1208);
#1208 = CARTESIAN_POINT('',(83.,-24.,6.3));
#1209 = LINE('',#1210,#1211);
#1210 = CARTESIAN_POINT('',(83.,-27.71905291451,6.3));
#1211 = VECTOR('',#1212,1.);
#1212 = DIRECTION('',(0.,1.,0.));
#1213 = ORIENTED_EDGE('',*,*,#1214,.F.);
#1214 = EDGE_CURVE('',#1215,#1207,#1217,.T.);
#1215 = VERTEX_POINT('',#1216);
#1216 = CARTESIAN_POINT('',(69.,-24.,6.3));
#1217 = LINE('',#1218,#1219);
#1218 = CARTESIAN_POINT('',(82.661603897323,-24.,6.3));
#1219 = VECTOR('',#1220,1.);
#1220 = DIRECTION('',(1.,0.,0.));
#1221 = ORIENTED_EDGE('',*,*,#1222,.F.);
#1222 = EDGE_CURVE('',#1199,#1215,#1223,.T.);
#1223 = LINE('',#1224,#1225);
#1224 = CARTESIAN_POINT('',(69.,-34.71905291451,6.3));
#1225 = VECTOR('',#1226,1.);
#1226 = DIRECTION('',(0.,-1.,0.));
#1227 = FACE_BOUND('',#1228,.F.);
#1228 = EDGE_LOOP('',(#1229,#1239,#1247,#1255));
#1229 = ORIENTED_EDGE('',*,*,#1230,.F.);
#1230 = EDGE_CURVE('',#1231,#1233,#1235,.T.);
#1231 = VERTEX_POINT('',#1232);
#1232 = CARTESIAN_POINT('',(101.,-39.,6.3));
#1233 = VERTEX_POINT('',#1234);
#1234 = CARTESIAN_POINT('',(87.,-39.,6.3));
#1235 = LINE('',#1236,#1237);
#1236 = CARTESIAN_POINT('',(84.661603897323,-39.,6.3));
#1237 = VECTOR('',#1238,1.);
#1238 = DIRECTION('',(-1.,0.,0.));
#1239 = ORIENTED_EDGE('',*,*,#1240,.F.);
#1240 = EDGE_CURVE('',#1241,#1231,#1243,.T.);
#1241 = VERTEX_POINT('',#1242);
#1242 = CARTESIAN_POINT('',(101.,-53.,6.3));
#1243 = LINE('',#1244,#1245);
#1244 = CARTESIAN_POINT('',(101.,-42.21905291451,6.3));
#1245 = VECTOR('',#1246,1.);
#1246 = DIRECTION('',(0.,1.,0.));
#1247 = ORIENTED_EDGE('',*,*,#1248,.F.);
#1248 = EDGE_CURVE('',#1249,#1241,#1251,.T.);
#1249 = VERTEX_POINT('',#1250);
#1250 = CARTESIAN_POINT('',(87.,-53.,6.3));
#1251 = LINE('',#1252,#1253);
#1252 = CARTESIAN_POINT('',(91.661603897323,-53.,6.3));
#1253 = VECTOR('',#1254,1.);
#1254 = DIRECTION('',(1.,0.,0.));
#1255 = ORIENTED_EDGE('',*,*,#1256,.F.);
#1256 = EDGE_CURVE('',#1233,#1249,#1257,.T.);
#1257 = LINE('',#1258,#1259);
#1258 = CARTESIAN_POINT('',(87.,-49.21905291451,6.3));
#1259 = VECTOR('',#1260,1.);
#1260 = DIRECTION('',(0.,-1.,0.));
#1261 = FACE_BOUND('',#1262,.F.);
#1262 = EDGE_LOOP('',(#1263,#1273,#1281,#1289));
#1263 = ORIENTED_EDGE('',*,*,#1264,.F.);
#1264 = EDGE_CURVE('',#1265,#1267,#1269,.T.);
#1265 = VERTEX_POINT('',#1266);
#1266 = CARTESIAN_POINT('',(101.,-22.,6.3));
#1267 = VERTEX_POINT('',#1268);
#1268 = CARTESIAN_POINT('',(87.,-22.,6.3));
#1269 = LINE('',#1270,#1271);
#1270 = CARTESIAN_POINT('',(84.661603897323,-22.,6.3));
#1271 = VECTOR('',#1272,1.);
#1272 = DIRECTION('',(-1.,0.,0.));
#1273 = ORIENTED_EDGE('',*,*,#1274,.F.);
#1274 = EDGE_CURVE('',#1275,#1265,#1277,.T.);
#1275 = VERTEX_POINT('',#1276);
#1276 = CARTESIAN_POINT('',(101.,-36.,6.3));
#1277 = LINE('',#1278,#1279);
#1278 = CARTESIAN_POINT('',(101.,-33.71905291451,6.3));
#1279 = VECTOR('',#1280,1.);
#1280 = DIRECTION('',(0.,1.,0.));
#1281 = ORIENTED_EDGE('',*,*,#1282,.F.);
#1282 = EDGE_CURVE('',#1283,#1275,#1285,.T.);
#1283 = VERTEX_POINT('',#1284);
#1284 = CARTESIAN_POINT('',(87.,-36.,6.3));
#1285 = LINE('',#1286,#1287);
#1286 = CARTESIAN_POINT('',(91.661603897323,-36.,6.3));
#1287 = VECTOR('',#1288,1.);
#1288 = DIRECTION('',(1.,0.,0.));
#1289 = ORIENTED_EDGE('',*,*,#1290,.F.);
#1290 = EDGE_CURVE('',#1267,#1283,#1291,.T.);
#1291 = LINE('',#1292,#1293);
#1292 = CARTESIAN_POINT('',(87.,-40.71905291451,6.3));
#1293 = VECTOR('',#1294,1.);
#1294 = DIRECTION('',(0.,-1.,0.));
#1295 = FACE_BOUND('',#1296,.F.);
#1296 = EDGE_LOOP('',(#1297));
#1297 = ORIENTED_EDGE('',*,*,#1298,.T.);
#1298 = EDGE_CURVE('',#1299,#1299,#1301,.T.);
#1299 = VERTEX_POINT('',#1300);
#1300 = CARTESIAN_POINT('',(122.45,-37.5,6.3));
#1301 = CIRCLE('',#1302,1.15);
#1302 = AXIS2_PLACEMENT_3D('',#1303,#1304,#1305);
#1303 = CARTESIAN_POINT('',(121.3,-37.5,6.3));
#1304 = DIRECTION('',(0.,0.,-1.));
#1305 = DIRECTION('',(1.,0.,0.));
#1306 = FACE_BOUND('',#1307,.F.);
#1307 = EDGE_LOOP('',(#1308,#1318,#1326,#1334));
#1308 = ORIENTED_EDGE('',*,*,#1309,.F.);
#1309 = EDGE_CURVE('',#1310,#1312,#1314,.T.);
#1310 = VERTEX_POINT('',#1311);
#1311 = CARTESIAN_POINT('',(137.,-39.,6.3));
#1312 = VERTEX_POINT('',#1313);
#1313 = CARTESIAN_POINT('',(123.,-39.,6.3));
#1314 = LINE('',#1315,#1316);
#1315 = CARTESIAN_POINT('',(102.66160389732,-39.,6.3));
#1316 = VECTOR('',#1317,1.);
#1317 = DIRECTION('',(-1.,0.,0.));
#1318 = ORIENTED_EDGE('',*,*,#1319,.F.);
#1319 = EDGE_CURVE('',#1320,#1310,#1322,.T.);
#1320 = VERTEX_POINT('',#1321);
#1321 = CARTESIAN_POINT('',(137.,-53.,6.3));
#1322 = LINE('',#1323,#1324);
#1323 = CARTESIAN_POINT('',(137.,-42.21905291451,6.3));
#1324 = VECTOR('',#1325,1.);
#1325 = DIRECTION('',(0.,1.,0.));
#1326 = ORIENTED_EDGE('',*,*,#1327,.F.);
#1327 = EDGE_CURVE('',#1328,#1320,#1330,.T.);
#1328 = VERTEX_POINT('',#1329);
#1329 = CARTESIAN_POINT('',(123.,-53.,6.3));
#1330 = LINE('',#1331,#1332);
#1331 = CARTESIAN_POINT('',(109.66160389732,-53.,6.3));
#1332 = VECTOR('',#1333,1.);
#1333 = DIRECTION('',(1.,0.,0.));
#1334 = ORIENTED_EDGE('',*,*,#1335,.F.);
#1335 = EDGE_CURVE('',#1312,#1328,#1336,.T.);
#1336 = LINE('',#1337,#1338);
#1337 = CARTESIAN_POINT('',(123.,-49.21905291451,6.3));
#1338 = VECTOR('',#1339,1.);
#1339 = DIRECTION('',(0.,-1.,0.));
#1340 = FACE_BOUND('',#1341,.F.);
#1341 = EDGE_LOOP('',(#1342,#1352,#1360,#1368));
#1342 = ORIENTED_EDGE('',*,*,#1343,.F.);
#1343 = EDGE_CURVE('',#1344,#1346,#1348,.T.);
#1344 = VERTEX_POINT('',#1345);
#1345 = CARTESIAN_POINT('',(119.,-27.,6.3));
#1346 = VERTEX_POINT('',#1347);
#1347 = CARTESIAN_POINT('',(105.,-27.,6.3));
#1348 = LINE('',#1349,#1350);
#1349 = CARTESIAN_POINT('',(93.661603897323,-27.,6.3));
#1350 = VECTOR('',#1351,1.);
#1351 = DIRECTION('',(-1.,0.,0.));
#1352 = ORIENTED_EDGE('',*,*,#1353,.F.);
#1353 = EDGE_CURVE('',#1354,#1344,#1356,.T.);
#1354 = VERTEX_POINT('',#1355);
#1355 = CARTESIAN_POINT('',(119.,-41.,6.3));
#1356 = LINE('',#1357,#1358);
#1357 = CARTESIAN_POINT('',(119.,-36.21905291451,6.3));
#1358 = VECTOR('',#1359,1.);
#1359 = DIRECTION('',(0.,1.,0.));
#1360 = ORIENTED_EDGE('',*,*,#1361,.F.);
#1361 = EDGE_CURVE('',#1362,#1354,#1364,.T.);
#1362 = VERTEX_POINT('',#1363);
#1363 = CARTESIAN_POINT('',(105.,-41.,6.3));
#1364 = LINE('',#1365,#1366);
#1365 = CARTESIAN_POINT('',(100.66160389732,-41.,6.3));
#1366 = VECTOR('',#1367,1.);
#1367 = DIRECTION('',(1.,0.,0.));
#1368 = ORIENTED_EDGE('',*,*,#1369,.F.);
#1369 = EDGE_CURVE('',#1346,#1362,#1370,.T.);
#1370 = LINE('',#1371,#1372);
#1371 = CARTESIAN_POINT('',(105.,-43.21905291451,6.3));
#1372 = VECTOR('',#1373,1.);
#1373 = DIRECTION('',(0.,-1.,0.));
#1374 = FACE_BOUND('',#1375,.F.);
#1375 = EDGE_LOOP('',(#1376,#1386,#1394,#1402));
#1376 = ORIENTED_EDGE('',*,*,#1377,.F.);
#1377 = EDGE_CURVE('',#1378,#1380,#1382,.T.);
#1378 = VERTEX_POINT('',#1379);
#1379 = CARTESIAN_POINT('',(137.,-22.,6.3));
#1380 = VERTEX_POINT('',#1381);
#1381 = CARTESIAN_POINT('',(123.,-22.,6.3));
#1382 = LINE('',#1383,#1384);
#1383 = CARTESIAN_POINT('',(102.66160389732,-22.,6.3));
#1384 = VECTOR('',#1385,1.);
#1385 = DIRECTION('',(-1.,0.,0.));
#1386 = ORIENTED_EDGE('',*,*,#1387,.F.);
#1387 = EDGE_CURVE('',#1388,#1378,#1390,.T.);
#1388 = VERTEX_POINT('',#1389);
#1389 = CARTESIAN_POINT('',(137.,-36.,6.3));
#1390 = LINE('',#1391,#1392);
#1391 = CARTESIAN_POINT('',(137.,-33.71905291451,6.3));
#1392 = VECTOR('',#1393,1.);
#1393 = DIRECTION('',(0.,1.,0.));
#1394 = ORIENTED_EDGE('',*,*,#1395,.F.);
#1395 = EDGE_CURVE('',#1396,#1388,#1398,.T.);
#1396 = VERTEX_POINT('',#1397);
#1397 = CARTESIAN_POINT('',(123.,-36.,6.3));
#1398 = LINE('',#1399,#1400);
#1399 = CARTESIAN_POINT('',(109.66160389732,-36.,6.3));
#1400 = VECTOR('',#1401,1.);
#1401 = DIRECTION('',(1.,0.,0.));
#1402 = ORIENTED_EDGE('',*,*,#1403,.F.);
#1403 = EDGE_CURVE('',#1380,#1396,#1404,.T.);
#1404 = LINE('',#1405,#1406);
#1405 = CARTESIAN_POINT('',(123.,-40.71905291451,6.3));
#1406 = VECTOR('',#1407,1.);
#1407 = DIRECTION('',(0.,-1.,0.));
#1408 = FACE_BOUND('',#1409,.F.);
#1409 = EDGE_LOOP('',(#1410));
#1410 = ORIENTED_EDGE('',*,*,#1411,.T.);
#1411 = EDGE_CURVE('',#1412,#1412,#1414,.T.);
#1412 = VERTEX_POINT('',#1413);
#1413 = CARTESIAN_POINT('',(104.15,-20.5,6.3));
#1414 = CIRCLE('',#1415,1.15);
#1415 = AXIS2_PLACEMENT_3D('',#1416,#1417,#1418);
#1416 = CARTESIAN_POINT('',(103.,-20.5,6.3));
#1417 = DIRECTION('',(0.,0.,-1.));
#1418 = DIRECTION('',(1.,0.,0.));
#1419 = FACE_BOUND('',#1420,.F.);
#1420 = EDGE_LOOP('',(#1421,#1431,#1439,#1447));
#1421 = ORIENTED_EDGE('',*,*,#1422,.F.);
#1422 = EDGE_CURVE('',#1423,#1425,#1427,.T.);
#1423 = VERTEX_POINT('',#1424);
#1424 = CARTESIAN_POINT('',(101.,-5.,6.3));
#1425 = VERTEX_POINT('',#1426);
#1426 = CARTESIAN_POINT('',(87.,-5.,6.3));
#1427 = LINE('',#1428,#1429);
#1428 = CARTESIAN_POINT('',(84.661603897323,-5.,6.3));
#1429 = VECTOR('',#1430,1.);
#1430 = DIRECTION('',(-1.,0.,0.));
#1431 = ORIENTED_EDGE('',*,*,#1432,.F.);
#1432 = EDGE_CURVE('',#1433,#1423,#1435,.T.);
#1433 = VERTEX_POINT('',#1434);
#1434 = CARTESIAN_POINT('',(101.,-19.,6.3));
#1435 = LINE('',#1436,#1437);
#1436 = CARTESIAN_POINT('',(101.,-25.21905291451,6.3));
#1437 = VECTOR('',#1438,1.);
#1438 = DIRECTION('',(0.,1.,0.));
#1439 = ORIENTED_EDGE('',*,*,#1440,.F.);
#1440 = EDGE_CURVE('',#1441,#1433,#1443,.T.);
#1441 = VERTEX_POINT('',#1442);
#1442 = CARTESIAN_POINT('',(87.,-19.,6.3));
#1443 = LINE('',#1444,#1445);
#1444 = CARTESIAN_POINT('',(91.661603897323,-19.,6.3));
#1445 = VECTOR('',#1446,1.);
#1446 = DIRECTION('',(1.,0.,0.));
#1447 = ORIENTED_EDGE('',*,*,#1448,.F.);
#1448 = EDGE_CURVE('',#1425,#1441,#1449,.T.);
#1449 = LINE('',#1450,#1451);
#1450 = CARTESIAN_POINT('',(87.,-32.21905291451,6.3));
#1451 = VECTOR('',#1452,1.);
#1452 = DIRECTION('',(0.,-1.,0.));
#1453 = FACE_BOUND('',#1454,.F.);
#1454 = EDGE_LOOP('',(#1455,#1465,#1473,#1481));
#1455 = ORIENTED_EDGE('',*,*,#1456,.F.);
#1456 = EDGE_CURVE('',#1457,#1459,#1461,.T.);
#1457 = VERTEX_POINT('',#1458);
#1458 = CARTESIAN_POINT('',(119.,-10.,6.3));
#1459 = VERTEX_POINT('',#1460);
#1460 = CARTESIAN_POINT('',(105.,-10.,6.3));
#1461 = LINE('',#1462,#1463);
#1462 = CARTESIAN_POINT('',(93.661603897323,-10.,6.3));
#1463 = VECTOR('',#1464,1.);
#1464 = DIRECTION('',(-1.,0.,0.));
#1465 = ORIENTED_EDGE('',*,*,#1466,.F.);
#1466 = EDGE_CURVE('',#1467,#1457,#1469,.T.);
#1467 = VERTEX_POINT('',#1468);
#1468 = CARTESIAN_POINT('',(119.,-24.,6.3));
#1469 = LINE('',#1470,#1471);
#1470 = CARTESIAN_POINT('',(119.,-27.71905291451,6.3));
#1471 = VECTOR('',#1472,1.);
#1472 = DIRECTION('',(0.,1.,0.));
#1473 = ORIENTED_EDGE('',*,*,#1474,.F.);
#1474 = EDGE_CURVE('',#1475,#1467,#1477,.T.);
#1475 = VERTEX_POINT('',#1476);
#1476 = CARTESIAN_POINT('',(105.,-24.,6.3));
#1477 = LINE('',#1478,#1479);
#1478 = CARTESIAN_POINT('',(100.66160389732,-24.,6.3));
#1479 = VECTOR('',#1480,1.);
#1480 = DIRECTION('',(1.,0.,0.));
#1481 = ORIENTED_EDGE('',*,*,#1482,.F.);
#1482 = EDGE_CURVE('',#1459,#1475,#1483,.T.);
#1483 = LINE('',#1484,#1485);
#1484 = CARTESIAN_POINT('',(105.,-34.71905291451,6.3));
#1485 = VECTOR('',#1486,1.);
#1486 = DIRECTION('',(0.,-1.,0.));
#1487 = PLANE('',#1488);
#1488 = AXIS2_PLACEMENT_3D('',#1489,#1490,#1491);
#1489 = CARTESIAN_POINT('',(82.323207794646,-45.43810582902,6.3));
#1490 = DIRECTION('',(0.,0.,1.));
#1491 = DIRECTION('',(1.,0.,0.));
#1492 = ADVANCED_FACE('',(#1493,#2179,#2213,#2247,#2281,#2292,#2326,
    #2360,#2394,#2428,#2462,#2496,#2530,#2564,#2598,#2632,#2643,#2677,
    #2711,#2745,#2756,#2790),#2824,.T.);
#1493 = FACE_BOUND('',#1494,.T.);
#1494 = EDGE_LOOP('',(#1495,#1496,#1497,#1498,#1507,#1515,#1524,#1532,
    #1541,#1549,#1558,#1566,#1575,#1583,#1592,#1600,#1609,#1617,#1626,
    #1634,#1643,#1651,#1660,#1668,#1676,#1684,#1692,#1700,#1708,#1716,
    #1724,#1732,#1740,#1748,#1756,#1764,#1772,#1780,#1788,#1796,#1804,
    #1812,#1820,#1828,#1836,#1844,#1852,#1860,#1868,#1876,#1884,#1892,
    #1900,#1908,#1916,#1924,#1932,#1940,#1948,#1956,#1964,#1972,#1980,
    #1988,#1996,#2004,#2012,#2020,#2028,#2036,#2045,#2053,#2062,#2070,
    #2079,#2087,#2096,#2104,#2113,#2121,#2130,#2138,#2147,#2155,#2164,
    #2172));
#1495 = ORIENTED_EDGE('',*,*,#73,.T.);
#1496 = ORIENTED_EDGE('',*,*,#31,.T.);
#1497 = ORIENTED_EDGE('',*,*,#95,.T.);
#1498 = ORIENTED_EDGE('',*,*,#1499,.T.);
#1499 = EDGE_CURVE('',#96,#1500,#1502,.T.);
#1500 = VERTEX_POINT('',#1501);
#1501 = CARTESIAN_POINT('',(123.75,-15.95,7.6));
#1502 = CIRCLE('',#1503,1.3);
#1503 = AXIS2_PLACEMENT_3D('',#1504,#1505,#1506);
#1504 = CARTESIAN_POINT('',(125.05,-15.95,7.6));
#1505 = DIRECTION('',(0.,0.,-1.));
#1506 = DIRECTION('',(0.,-1.,0.));
#1507 = ORIENTED_EDGE('',*,*,#1508,.T.);
#1508 = EDGE_CURVE('',#1500,#1509,#1511,.T.);
#1509 = VERTEX_POINT('',#1510);
#1510 = CARTESIAN_POINT('',(123.75,-7.65,7.6));
#1511 = LINE('',#1512,#1513);
#1512 = CARTESIAN_POINT('',(123.75,-15.95,7.6));
#1513 = VECTOR('',#1514,1.);
#1514 = DIRECTION('',(0.,1.,0.));
#1515 = ORIENTED_EDGE('',*,*,#1516,.T.);
#1516 = EDGE_CURVE('',#1509,#1517,#1519,.T.);
#1517 = VERTEX_POINT('',#1518);
#1518 = CARTESIAN_POINT('',(121.35,-5.25,7.6));
#1519 = CIRCLE('',#1520,2.4);
#1520 = AXIS2_PLACEMENT_3D('',#1521,#1522,#1523);
#1521 = CARTESIAN_POINT('',(121.35,-7.65,7.6));
#1522 = DIRECTION('',(-0.,0.,1.));
#1523 = DIRECTION('',(1.,-5.92E-15,0.));
#1524 = ORIENTED_EDGE('',*,*,#1525,.T.);
#1525 = EDGE_CURVE('',#1517,#1526,#1528,.T.);
#1526 = VERTEX_POINT('',#1527);
#1527 = CARTESIAN_POINT('',(107.05,-5.25,7.6));
#1528 = LINE('',#1529,#1530);
#1529 = CARTESIAN_POINT('',(121.35,-5.25,7.6));
#1530 = VECTOR('',#1531,1.);
#1531 = DIRECTION('',(-1.,0.,0.));
#1532 = ORIENTED_EDGE('',*,*,#1533,.T.);
#1533 = EDGE_CURVE('',#1526,#1534,#1536,.T.);
#1534 = VERTEX_POINT('',#1535);
#1535 = CARTESIAN_POINT('',(105.75,-3.95,7.6));
#1536 = CIRCLE('',#1537,1.3);
#1537 = AXIS2_PLACEMENT_3D('',#1538,#1539,#1540);
#1538 = CARTESIAN_POINT('',(107.05,-3.95,7.6));
#1539 = DIRECTION('',(0.,0.,-1.));
#1540 = DIRECTION('',(0.,-1.,0.));
#1541 = ORIENTED_EDGE('',*,*,#1542,.T.);
#1542 = EDGE_CURVE('',#1534,#1543,#1545,.T.);
#1543 = VERTEX_POINT('',#1544);
#1544 = CARTESIAN_POINT('',(105.75,-2.65,7.6));
#1545 = LINE('',#1546,#1547);
#1546 = CARTESIAN_POINT('',(105.75,-3.95,7.6));
#1547 = VECTOR('',#1548,1.);
#1548 = DIRECTION('',(0.,1.,0.));
#1549 = ORIENTED_EDGE('',*,*,#1550,.T.);
#1550 = EDGE_CURVE('',#1543,#1551,#1553,.T.);
#1551 = VERTEX_POINT('',#1552);
#1552 = CARTESIAN_POINT('',(103.35,-0.25,7.6));
#1553 = CIRCLE('',#1554,2.4);
#1554 = AXIS2_PLACEMENT_3D('',#1555,#1556,#1557);
#1555 = CARTESIAN_POINT('',(103.35,-2.65,7.6));
#1556 = DIRECTION('',(-0.,0.,1.));
#1557 = DIRECTION('',(1.,-6.29E-15,0.));
#1558 = ORIENTED_EDGE('',*,*,#1559,.T.);
#1559 = EDGE_CURVE('',#1551,#1560,#1562,.T.);
#1560 = VERTEX_POINT('',#1561);
#1561 = CARTESIAN_POINT('',(84.65,-0.25,7.6));
#1562 = LINE('',#1563,#1564);
#1563 = CARTESIAN_POINT('',(103.35,-0.25,7.6));
#1564 = VECTOR('',#1565,1.);
#1565 = DIRECTION('',(-1.,0.,0.));
#1566 = ORIENTED_EDGE('',*,*,#1567,.T.);
#1567 = EDGE_CURVE('',#1560,#1568,#1570,.T.);
#1568 = VERTEX_POINT('',#1569);
#1569 = CARTESIAN_POINT('',(82.25,-2.65,7.6));
#1570 = CIRCLE('',#1571,2.4);
#1571 = AXIS2_PLACEMENT_3D('',#1572,#1573,#1574);
#1572 = CARTESIAN_POINT('',(84.65,-2.65,7.6));
#1573 = DIRECTION('',(0.,0.,1.));
#1574 = DIRECTION('',(-5.92E-15,1.,0.));
#1575 = ORIENTED_EDGE('',*,*,#1576,.T.);
#1576 = EDGE_CURVE('',#1568,#1577,#1579,.T.);
#1577 = VERTEX_POINT('',#1578);
#1578 = CARTESIAN_POINT('',(82.25,-3.95,7.6));
#1579 = LINE('',#1580,#1581);
#1580 = CARTESIAN_POINT('',(82.25,-2.65,7.6));
#1581 = VECTOR('',#1582,1.);
#1582 = DIRECTION('',(0.,-1.,0.));
#1583 = ORIENTED_EDGE('',*,*,#1584,.T.);
#1584 = EDGE_CURVE('',#1577,#1585,#1587,.T.);
#1585 = VERTEX_POINT('',#1586);
#1586 = CARTESIAN_POINT('',(80.95,-5.25,7.6));
#1587 = CIRCLE('',#1588,1.3);
#1588 = AXIS2_PLACEMENT_3D('',#1589,#1590,#1591);
#1589 = CARTESIAN_POINT('',(80.95,-3.95,7.6));
#1590 = DIRECTION('',(0.,0.,-1.));
#1591 = DIRECTION('',(1.,2.73E-15,0.));
#1592 = ORIENTED_EDGE('',*,*,#1593,.T.);
#1593 = EDGE_CURVE('',#1585,#1594,#1596,.T.);
#1594 = VERTEX_POINT('',#1595);
#1595 = CARTESIAN_POINT('',(65.514864864865,-5.25,7.6));
#1596 = LINE('',#1597,#1598);
#1597 = CARTESIAN_POINT('',(80.95,-5.25,7.6));
#1598 = VECTOR('',#1599,1.);
#1599 = DIRECTION('',(-1.,0.,0.));
#1600 = ORIENTED_EDGE('',*,*,#1601,.T.);
#1601 = EDGE_CURVE('',#1594,#1602,#1604,.T.);
#1602 = VERTEX_POINT('',#1603);
#1603 = CARTESIAN_POINT('',(64.25,-6.514864864865,7.6));
#1604 = CIRCLE('',#1605,1.264864864865);
#1605 = AXIS2_PLACEMENT_3D('',#1606,#1607,#1608);
#1606 = CARTESIAN_POINT('',(65.514864864865,-6.514864864865,7.6));
#1607 = DIRECTION('',(0.,0.,1.));
#1608 = DIRECTION('',(-1.124E-14,1.,0.));
#1609 = ORIENTED_EDGE('',*,*,#1610,.T.);
#1610 = EDGE_CURVE('',#1602,#1611,#1613,.T.);
#1611 = VERTEX_POINT('',#1612);
#1612 = CARTESIAN_POINT('',(64.25,-6.564864864865,7.6));
#1613 = LINE('',#1614,#1615);
#1614 = CARTESIAN_POINT('',(64.25,-6.514864864865,7.6));
#1615 = VECTOR('',#1616,1.);
#1616 = DIRECTION('',(0.,-1.,0.));
#1617 = ORIENTED_EDGE('',*,*,#1618,.T.);
#1618 = EDGE_CURVE('',#1611,#1619,#1621,.T.);
#1619 = VERTEX_POINT('',#1620);
#1620 = CARTESIAN_POINT('',(63.564864864865,-7.25,7.6));
#1621 = CIRCLE('',#1622,0.685135135135);
#1622 = AXIS2_PLACEMENT_3D('',#1623,#1624,#1625);
#1623 = CARTESIAN_POINT('',(63.564864864865,-6.564864864865,7.6));
#1624 = DIRECTION('',(0.,0.,-1.));
#1625 = DIRECTION('',(1.,-2.593E-14,0.));
#1626 = ORIENTED_EDGE('',*,*,#1627,.T.);
#1627 = EDGE_CURVE('',#1619,#1628,#1630,.T.);
#1628 = VERTEX_POINT('',#1629);
#1629 = CARTESIAN_POINT('',(48.65,-7.25,7.6));
#1630 = LINE('',#1631,#1632);
#1631 = CARTESIAN_POINT('',(63.564864864865,-7.25,7.6));
#1632 = VECTOR('',#1633,1.);
#1633 = DIRECTION('',(-1.,0.,0.));
#1634 = ORIENTED_EDGE('',*,*,#1635,.T.);
#1635 = EDGE_CURVE('',#1628,#1636,#1638,.T.);
#1636 = VERTEX_POINT('',#1637);
#1637 = CARTESIAN_POINT('',(46.25,-9.65,7.6));
#1638 = CIRCLE('',#1639,2.4);
#1639 = AXIS2_PLACEMENT_3D('',#1640,#1641,#1642);
#1640 = CARTESIAN_POINT('',(48.65,-9.65,7.6));
#1641 = DIRECTION('',(0.,0.,1.));
#1642 = DIRECTION('',(-2.96E-15,1.,0.));
#1643 = ORIENTED_EDGE('',*,*,#1644,.T.);
#1644 = EDGE_CURVE('',#1636,#1645,#1647,.T.);
#1645 = VERTEX_POINT('',#1646);
#1646 = CARTESIAN_POINT('',(46.25,-9.7,7.6));
#1647 = LINE('',#1648,#1649);
#1648 = CARTESIAN_POINT('',(46.25,-9.65,7.6));
#1649 = VECTOR('',#1650,1.);
#1650 = DIRECTION('',(0.,-1.,0.));
#1651 = ORIENTED_EDGE('',*,*,#1652,.T.);
#1652 = EDGE_CURVE('',#1645,#1653,#1655,.T.);
#1653 = VERTEX_POINT('',#1654);
#1654 = CARTESIAN_POINT('',(45.61,-10.82,7.6));
#1655 = CIRCLE('',#1656,1.3);
#1656 = AXIS2_PLACEMENT_3D('',#1657,#1658,#1659);
#1657 = CARTESIAN_POINT('',(44.95,-9.7,7.6));
#1658 = DIRECTION('',(0.,0.,-1.));
#1659 = DIRECTION('',(1.,6.83E-15,0.));
#1660 = ORIENTED_EDGE('',*,*,#1661,.F.);
#1661 = EDGE_CURVE('',#1662,#1653,#1664,.T.);
#1662 = VERTEX_POINT('',#1663);
#1663 = CARTESIAN_POINT('',(47.80441875198,-10.82,7.6));
#1664 = LINE('',#1665,#1666);
#1665 = CARTESIAN_POINT('',(54.859394521333,-10.82,7.6));
#1666 = VECTOR('',#1667,1.);
#1667 = DIRECTION('',(-1.,0.,0.));
#1668 = ORIENTED_EDGE('',*,*,#1669,.F.);
#1669 = EDGE_CURVE('',#1670,#1662,#1672,.T.);
#1670 = VERTEX_POINT('',#1671);
#1671 = CARTESIAN_POINT('',(47.935284931153,-10.82642904312,7.6));
#1672 = LINE('',#1673,#1674);
#1673 = CARTESIAN_POINT('',(65.870550856513,-11.70753215781,7.6));
#1674 = VECTOR('',#1675,1.);
#1675 = DIRECTION('',(-0.998795456205,4.906767432741E-02,0.));
#1676 = ORIENTED_EDGE('',*,*,#1677,.F.);
#1677 = EDGE_CURVE('',#1678,#1670,#1680,.T.);
#1678 = VERTEX_POINT('',#1679);
#1679 = CARTESIAN_POINT('',(48.069266994465,-10.84630340479,7.6));
#1680 = LINE('',#1681,#1682);
#1681 = CARTESIAN_POINT('',(67.270873115815,-13.69459261113,7.6));
#1682 = VECTOR('',#1683,1.);
#1683 = DIRECTION('',(-0.989176509965,0.146730474455,0.));
#1684 = ORIENTED_EDGE('',*,*,#1685,.F.);
#1685 = EDGE_CURVE('',#1686,#1678,#1688,.T.);
#1686 = VERTEX_POINT('',#1687);
#1687 = CARTESIAN_POINT('',(48.200655869424,-10.87921460468,7.6));
#1688 = LINE('',#1689,#1690);
#1689 = CARTESIAN_POINT('',(68.26168758529,-15.90424145749,7.6));
#1690 = VECTOR('',#1691,1.);
#1691 = DIRECTION('',(-0.970031253195,0.242980179903,0.));
#1692 = ORIENTED_EDGE('',*,*,#1693,.F.);
#1693 = EDGE_CURVE('',#1694,#1686,#1696,.T.);
#1694 = VERTEX_POINT('',#1695);
#1695 = CARTESIAN_POINT('',(48.32818620934,-10.92484568995,7.6));
#1696 = LINE('',#1697,#1698);
#1697 = CARTESIAN_POINT('',(68.806548309347,-18.25212081248,7.6));
#1698 = VECTOR('',#1699,1.);
#1699 = DIRECTION('',(-0.941544065183,0.336889853392,0.));
#1700 = ORIENTED_EDGE('',*,*,#1701,.F.);
#1701 = EDGE_CURVE('',#1702,#1694,#1704,.T.);
#1702 = VERTEX_POINT('',#1703);
#1703 = CARTESIAN_POINT('',(48.450629827324,-10.98275720829,7.6));
#1704 = LINE('',#1705,#1706);
#1705 = CARTESIAN_POINT('',(68.888272669628,-20.64904237494,7.6));
#1706 = VECTOR('',#1707,1.);
#1707 = DIRECTION('',(-0.903989293123,0.42755509343,0.));
#1708 = ORIENTED_EDGE('',*,*,#1709,.F.);
#1709 = EDGE_CURVE('',#1710,#1702,#1712,.T.);
#1710 = VERTEX_POINT('',#1711);
#1711 = CARTESIAN_POINT('',(48.5668075244,-11.05239144012,7.6));
#1712 = LINE('',#1713,#1714);
#1713 = CARTESIAN_POINT('',(68.507356154364,-23.00429633389,7.6));
#1714 = VECTOR('',#1715,1.);
#1715 = DIRECTION('',(-0.85772861,0.514102744193,0.));
#1716 = ORIENTED_EDGE('',*,*,#1717,.F.);
#1717 = EDGE_CURVE('',#1718,#1710,#1720,.T.);
#1718 = VERTEX_POINT('',#1719);
#1719 = CARTESIAN_POINT('',(48.675600445837,-11.13307776974,7.6));
#1720 = LINE('',#1721,#1722);
#1721 = CARTESIAN_POINT('',(67.681918299317,-25.22912378839,7.6));
#1722 = VECTOR('',#1723,1.);
#1723 = DIRECTION('',(-0.803207531481,0.595699304492,0.));
#1724 = ORIENTED_EDGE('',*,*,#1725,.F.);
#1725 = EDGE_CURVE('',#1726,#1718,#1728,.T.);
#1726 = VERTEX_POINT('',#1727);
#1727 = CARTESIAN_POINT('',(48.775960856328,-11.22403914367,7.6));
#1728 = LINE('',#1729,#1730);
#1729 = CARTESIAN_POINT('',(66.446972839018,-27.24011082788,7.6));
#1730 = VECTOR('',#1731,1.);
#1731 = DIRECTION('',(-0.740951125355,0.671558954847,0.));
#1732 = ORIENTED_EDGE('',*,*,#1733,.F.);
#1733 = EDGE_CURVE('',#1734,#1726,#1736,.T.);
#1734 = VERTEX_POINT('',#1735);
#1735 = CARTESIAN_POINT('',(48.866922230259,-11.32439955416,7.6));
#1736 = LINE('',#1737,#1738);
#1737 = CARTESIAN_POINT('',(64.853050438854,-28.96237400262,7.6));
#1738 = VECTOR('',#1739,1.);
#1739 = DIRECTION('',(-0.671558954847,0.740951125355,0.));
#1740 = ORIENTED_EDGE('',*,*,#1741,.F.);
#1741 = EDGE_CURVE('',#1742,#1734,#1744,.T.);
#1742 = VERTEX_POINT('',#1743);
#1743 = CARTESIAN_POINT('',(48.947608559873,-11.4331924756,7.6));
#1744 = LINE('',#1745,#1746);
#1745 = CARTESIAN_POINT('',(62.964227240992,-30.33241496195,7.6));
#1746 = VECTOR('',#1747,1.);
#1747 = DIRECTION('',(-0.595699304492,0.803207531481,0.));
#1748 = ORIENTED_EDGE('',*,*,#1749,.F.);
#1749 = EDGE_CURVE('',#1750,#1742,#1752,.T.);
#1750 = VERTEX_POINT('',#1751);
#1751 = CARTESIAN_POINT('',(49.017242791708,-11.54937017267,7.6));
#1752 = LINE('',#1753,#1754);
#1753 = CARTESIAN_POINT('',(60.855635271022,-31.30053478054,7.6));
#1754 = VECTOR('',#1755,1.);
#1755 = DIRECTION('',(-0.514102744193,0.85772861,0.));
#1756 = ORIENTED_EDGE('',*,*,#1757,.F.);
#1757 = EDGE_CURVE('',#1758,#1750,#1760,.T.);
#1758 = VERTEX_POINT('',#1759);
#1759 = CARTESIAN_POINT('',(49.075154310048,-11.67181379066,7.6));
#1760 = LINE('',#1761,#1762);
#1761 = CARTESIAN_POINT('',(58.61055064073,-31.83271544071,7.6));
#1762 = VECTOR('',#1763,1.);
#1763 = DIRECTION('',(-0.42755509343,0.903989293123,0.));
#1764 = ORIENTED_EDGE('',*,*,#1765,.F.);
#1765 = EDGE_CURVE('',#1766,#1758,#1768,.T.);
#1766 = VERTEX_POINT('',#1767);
#1767 = CARTESIAN_POINT('',(49.120785395311,-11.79934413057,7.6));
#1768 = LINE('',#1769,#1770);
#1769 = CARTESIAN_POINT('',(56.317171681868,-31.91189644002,7.6));
#1770 = VECTOR('',#1771,1.);
#1771 = DIRECTION('',(-0.336889853392,0.941544065183,0.));
#1772 = ORIENTED_EDGE('',*,*,#1773,.F.);
#1773 = EDGE_CURVE('',#1774,#1766,#1776,.T.);
#1774 = VERTEX_POINT('',#1775);
#1775 = CARTESIAN_POINT('',(49.153696595202,-11.93073300553,7.6));
#1776 = LINE('',#1777,#1778);
#1777 = CARTESIAN_POINT('',(54.06521103356,-31.53859776068,7.6));
#1778 = VECTOR('',#1779,1.);
#1779 = DIRECTION('',(-0.242980179903,0.970031253195,0.));
#1780 = ORIENTED_EDGE('',*,*,#1781,.F.);
#1781 = EDGE_CURVE('',#1782,#1774,#1784,.T.);
#1782 = VERTEX_POINT('',#1783);
#1783 = CARTESIAN_POINT('',(49.173570956876,-12.06471506884,7.6));
#1784 = LINE('',#1785,#1786);
#1785 = CARTESIAN_POINT('',(51.942432825675,-30.73086557451,7.6));
#1786 = VECTOR('',#1787,1.);
#1787 = DIRECTION('',(-0.146730474455,0.989176509965,0.));
#1788 = ORIENTED_EDGE('',*,*,#1789,.F.);
#1789 = EDGE_CURVE('',#1790,#1782,#1792,.T.);
#1790 = VERTEX_POINT('',#1791);
#1791 = CARTESIAN_POINT('',(49.18,-12.19558124802,7.6));
#1792 = LINE('',#1793,#1794);
#1793 = CARTESIAN_POINT('',(50.031268178752,-29.52354310078,7.6));
#1794 = VECTOR('',#1795,1.);
#1795 = DIRECTION('',(-4.906767432741E-02,0.998795456205,0.));
#1796 = ORIENTED_EDGE('',*,*,#1797,.F.);
#1797 = EDGE_CURVE('',#1798,#1790,#1800,.T.);
#1798 = VERTEX_POINT('',#1799);
#1799 = CARTESIAN_POINT('',(49.18,-65.80441875198,7.6));
#1800 = LINE('',#1801,#1802);
#1801 = CARTESIAN_POINT('',(49.18,-28.81684353852,7.6));
#1802 = VECTOR('',#1803,1.);
#1803 = DIRECTION('',(0.,1.,0.));
#1804 = ORIENTED_EDGE('',*,*,#1805,.F.);
#1805 = EDGE_CURVE('',#1806,#1798,#1808,.T.);
#1806 = VERTEX_POINT('',#1807);
#1807 = CARTESIAN_POINT('',(49.173570956876,-65.93528493115,7.6));
#1808 = LINE('',#1809,#1810);
#1809 = CARTESIAN_POINT('',(49.718960339064,-54.833629019,7.6));
#1810 = VECTOR('',#1811,1.);
#1811 = DIRECTION('',(4.906767432741E-02,0.998795456205,0.));
#1812 = ORIENTED_EDGE('',*,*,#1813,.F.);
#1813 = EDGE_CURVE('',#1814,#1806,#1816,.T.);
#1814 = VERTEX_POINT('',#1815);
#1815 = CARTESIAN_POINT('',(49.153696595202,-66.06926699446,7.6));
#1816 = LINE('',#1817,#1818);
#1817 = CARTESIAN_POINT('',(51.017928270156,-53.50163788509,7.6));
#1818 = VECTOR('',#1819,1.);
#1819 = DIRECTION('',(0.146730474455,0.989176509965,0.));
#1820 = ORIENTED_EDGE('',*,*,#1821,.F.);
#1821 = EDGE_CURVE('',#1822,#1814,#1824,.T.);
#1822 = VERTEX_POINT('',#1823);
#1823 = CARTESIAN_POINT('',(49.120785395311,-66.20065586942,7.6));
#1824 = LINE('',#1825,#1826);
#1825 = CARTESIAN_POINT('',(52.564215593937,-52.45371193272,7.6));
#1826 = VECTOR('',#1827,1.);
#1827 = DIRECTION('',(0.242980179903,0.970031253195,0.));
#1828 = ORIENTED_EDGE('',*,*,#1829,.F.);
#1829 = EDGE_CURVE('',#1830,#1822,#1832,.T.);
#1830 = VERTEX_POINT('',#1831);
#1831 = CARTESIAN_POINT('',(49.075154310048,-66.32818620934,7.6));
#1832 = LINE('',#1833,#1834);
#1833 = CARTESIAN_POINT('',(54.297841674167,-51.73175285737,7.6));
#1834 = VECTOR('',#1835,1.);
#1835 = DIRECTION('',(0.336889853392,0.941544065183,0.));
#1836 = ORIENTED_EDGE('',*,*,#1837,.F.);
#1837 = EDGE_CURVE('',#1838,#1830,#1840,.T.);
#1838 = VERTEX_POINT('',#1839);
#1839 = CARTESIAN_POINT('',(49.017242791708,-66.45062982732,7.6));
#1840 = LINE('',#1841,#1842);
#1841 = CARTESIAN_POINT('',(56.151144847052,-51.36726121514,7.6));
#1842 = VECTOR('',#1843,1.);
#1843 = DIRECTION('',(0.42755509343,0.903989293123,0.));
#1844 = ORIENTED_EDGE('',*,*,#1845,.F.);
#1845 = EDGE_CURVE('',#1846,#1838,#1848,.T.);
#1846 = VERTEX_POINT('',#1847);
#1847 = CARTESIAN_POINT('',(48.947608559873,-66.5668075244,7.6));
#1848 = LINE('',#1849,#1850);
#1849 = CARTESIAN_POINT('',(58.051501170571,-51.37788032499,7.6));
#1850 = VECTOR('',#1851,1.);
#1851 = DIRECTION('',(0.514102744193,0.85772861,0.));
#1852 = ORIENTED_EDGE('',*,*,#1853,.F.);
#1853 = EDGE_CURVE('',#1854,#1846,#1856,.T.);
#1854 = VERTEX_POINT('',#1855);
#1855 = CARTESIAN_POINT('',(48.866922230259,-66.67560044583,7.6));
#1856 = LINE('',#1857,#1858);
#1857 = CARTESIAN_POINT('',(59.924128829046,-51.76668322819,7.6));
#1858 = VECTOR('',#1859,1.);
#1859 = DIRECTION('',(0.595699304492,0.803207531481,0.));
#1860 = ORIENTED_EDGE('',*,*,#1861,.F.);
#1861 = EDGE_CURVE('',#1862,#1854,#1864,.T.);
#1862 = VERTEX_POINT('',#1863);
#1863 = CARTESIAN_POINT('',(48.775960856328,-66.77596085632,7.6));
#1864 = LINE('',#1865,#1866);
#1865 = CARTESIAN_POINT('',(61.694978830948,-52.52202106789,7.6));
#1866 = VECTOR('',#1867,1.);
#1867 = DIRECTION('',(0.671558954847,0.740951125355,0.));
#1868 = ORIENTED_EDGE('',*,*,#1869,.F.);
#1869 = EDGE_CURVE('',#1870,#1862,#1872,.T.);
#1870 = VERTEX_POINT('',#1871);
#1871 = CARTESIAN_POINT('',(48.675600445837,-66.86692223025,7.6));
#1872 = LINE('',#1873,#1874);
#1873 = CARTESIAN_POINT('',(63.293600749392,-53.6179390384,7.6));
#1874 = VECTOR('',#1875,1.);
#1875 = DIRECTION('',(0.740951125355,0.671558954847,0.));
#1876 = ORIENTED_EDGE('',*,*,#1877,.F.);
#1877 = EDGE_CURVE('',#1878,#1870,#1880,.T.);
#1878 = VERTEX_POINT('',#1879);
#1879 = CARTESIAN_POINT('',(48.5668075244,-66.94760855987,7.6));
#1880 = LINE('',#1881,#1882);
#1881 = CARTESIAN_POINT('',(64.655873183283,-55.01514422495,7.6));
#1882 = VECTOR('',#1883,1.);
#1883 = DIRECTION('',(0.803207531481,0.595699304492,0.));
#1884 = ORIENTED_EDGE('',*,*,#1885,.F.);
#1885 = EDGE_CURVE('',#1886,#1878,#1888,.T.);
#1886 = VERTEX_POINT('',#1887);
#1887 = CARTESIAN_POINT('',(48.450629827324,-67.0172427917,7.6));
#1888 = LINE('',#1889,#1890);
#1889 = CARTESIAN_POINT('',(65.726493786531,-56.66248842513,7.6));
#1890 = VECTOR('',#1891,1.);
#1891 = DIRECTION('',(0.85772861,0.514102744193,0.));
#1892 = ORIENTED_EDGE('',*,*,#1893,.F.);
#1893 = EDGE_CURVE('',#1894,#1886,#1896,.T.);
#1894 = VERTEX_POINT('',#1895);
#1895 = CARTESIAN_POINT('',(48.32818620934,-67.07515431004,7.6));
#1896 = LINE('',#1897,#1898);
#1897 = CARTESIAN_POINT('',(66.461132925775,-58.49890923006,7.6));
#1898 = VECTOR('',#1899,1.);
#1899 = DIRECTION('',(0.903989293123,0.42755509343,0.));
#1900 = ORIENTED_EDGE('',*,*,#1901,.F.);
#1901 = EDGE_CURVE('',#1902,#1894,#1904,.T.);
#1902 = VERTEX_POINT('',#1903);
#1903 = CARTESIAN_POINT('',(48.200655869424,-67.12078539531,7.6));
#1904 = LINE('',#1905,#1906);
#1905 = CARTESIAN_POINT('',(66.828167928971,-60.45575500655,7.6));
#1906 = VECTOR('',#1907,1.);
#1907 = DIRECTION('',(0.941544065183,0.336889853392,0.));
#1908 = ORIENTED_EDGE('',*,*,#1909,.F.);
#1909 = EDGE_CURVE('',#1910,#1902,#1912,.T.);
#1910 = VERTEX_POINT('',#1911);
#1911 = CARTESIAN_POINT('',(48.069266994465,-67.1536965952,7.6));
#1912 = LINE('',#1913,#1914);
#1913 = CARTESIAN_POINT('',(66.809930983199,-62.45940464069,7.6));
#1914 = VECTOR('',#1915,1.);
#1915 = DIRECTION('',(0.970031253195,0.242980179903,0.));
#1916 = ORIENTED_EDGE('',*,*,#1917,.F.);
#1917 = EDGE_CURVE('',#1918,#1910,#1920,.T.);
#1918 = VERTEX_POINT('',#1919);
#1919 = CARTESIAN_POINT('',(47.935284931153,-67.17357095687,7.6));
#1920 = LINE('',#1921,#1922);
#1921 = CARTESIAN_POINT('',(66.403422411117,-64.43408154579,7.6));
#1922 = VECTOR('',#1923,1.);
#1923 = DIRECTION('',(0.989176509965,0.146730474455,0.));
#1924 = ORIENTED_EDGE('',*,*,#1925,.F.);
#1925 = EDGE_CURVE('',#1926,#1918,#1928,.T.);
#1926 = VERTEX_POINT('',#1927);
#1927 = CARTESIAN_POINT('',(47.80441875198,-67.18,7.6));
#1928 = LINE('',#1929,#1930);
#1929 = CARTESIAN_POINT('',(65.62046158485,-66.30475394026,7.6));
#1930 = VECTOR('',#1931,1.);
#1931 = DIRECTION('',(0.998795456205,4.906767432741E-02,0.));
#1932 = ORIENTED_EDGE('',*,*,#1933,.F.);
#1933 = EDGE_CURVE('',#1934,#1926,#1936,.T.);
#1934 = VERTEX_POINT('',#1935);
#1935 = CARTESIAN_POINT('',(26.19558124802,-67.18,7.6));
#1936 = LINE('',#1937,#1938);
#1937 = CARTESIAN_POINT('',(65.063813273313,-67.18,7.6));
#1938 = VECTOR('',#1939,1.);
#1939 = DIRECTION('',(1.,0.,0.));
#1940 = ORIENTED_EDGE('',*,*,#1941,.F.);
#1941 = EDGE_CURVE('',#1942,#1934,#1944,.T.);
#1942 = VERTEX_POINT('',#1943);
#1943 = CARTESIAN_POINT('',(26.064715068847,-67.17357095687,7.6));
#1944 = LINE('',#1945,#1946);
#1945 = CARTESIAN_POINT('',(53.659057482571,-68.52919407112,7.6));
#1946 = VECTOR('',#1947,1.);
#1947 = DIRECTION('',(0.998795456205,-4.906767432743E-02,0.));
#1948 = ORIENTED_EDGE('',*,*,#1949,.F.);
#1949 = EDGE_CURVE('',#1950,#1942,#1952,.T.);
#1950 = VERTEX_POINT('',#1951);
#1951 = CARTESIAN_POINT('',(25.930733005535,-67.1536965952,7.6));
#1952 = LINE('',#1953,#1954);
#1953 = CARTESIAN_POINT('',(52.010975359596,-71.02233510003,7.6));
#1954 = VECTOR('',#1955,1.);
#1955 = DIRECTION('',(0.989176509965,-0.146730474455,0.));
#1956 = ORIENTED_EDGE('',*,*,#1957,.F.);
#1957 = EDGE_CURVE('',#1958,#1950,#1960,.T.);
#1958 = VERTEX_POINT('',#1959);
#1959 = CARTESIAN_POINT('',(25.799344130576,-67.12078539531,7.6));
#1960 = LINE('',#1961,#1962);
#1961 = CARTESIAN_POINT('',(49.903117712892,-73.15846636908,7.6));
#1962 = VECTOR('',#1963,1.);
#1963 = DIRECTION('',(0.970031253195,-0.242980179903,0.));
#1964 = ORIENTED_EDGE('',*,*,#1965,.F.);
#1965 = EDGE_CURVE('',#1966,#1958,#1968,.T.);
#1966 = VERTEX_POINT('',#1967);
#1967 = CARTESIAN_POINT('',(25.67181379066,-67.07515431004,7.6));
#1968 = LINE('',#1969,#1970);
#1969 = CARTESIAN_POINT('',(47.414857840909,-74.85493987001,7.6));
#1970 = VECTOR('',#1971,1.);
#1971 = DIRECTION('',(0.941544065183,-0.336889853392,0.));
#1972 = ORIENTED_EDGE('',*,*,#1973,.F.);
#1973 = EDGE_CURVE('',#1974,#1966,#1976,.T.);
#1974 = VERTEX_POINT('',#1975);
#1975 = CARTESIAN_POINT('',(25.549370172676,-67.0172427917,7.6));
#1976 = LINE('',#1977,#1978);
#1977 = CARTESIAN_POINT('',(44.638062101377,-76.04552169182,7.6));
#1978 = VECTOR('',#1979,1.);
#1979 = DIRECTION('',(0.903989293123,-0.42755509343,0.));
#1980 = ORIENTED_EDGE('',*,*,#1981,.F.);
#1981 = EDGE_CURVE('',#1982,#1974,#1984,.T.);
#1982 = VERTEX_POINT('',#1983);
#1983 = CARTESIAN_POINT('',(25.4331924756,-66.94760855987,7.6));
#1984 = LINE('',#1985,#1986);
#1985 = CARTESIAN_POINT('',(41.675805087769,-76.68305590233,7.6));
#1986 = VECTOR('',#1987,1.);
#1987 = DIRECTION('',(0.85772861,-0.514102744193,0.));
#1988 = ORIENTED_EDGE('',*,*,#1989,.F.);
#1989 = EDGE_CURVE('',#1990,#1982,#1992,.T.);
#1990 = VERTEX_POINT('',#1991);
#1991 = CARTESIAN_POINT('',(25.324399554163,-66.86692223025,7.6));
#1992 = LINE('',#1993,#1994);
#1993 = CARTESIAN_POINT('',(38.638443548161,-76.74129023149,7.6));
#1994 = VECTOR('',#1995,1.);
#1995 = DIRECTION('',(0.803207531481,-0.595699304492,0.));
#1996 = ORIENTED_EDGE('',*,*,#1997,.F.);
#1997 = EDGE_CURVE('',#1998,#1990,#2000,.T.);
#1998 = VERTEX_POINT('',#1999);
#1999 = CARTESIAN_POINT('',(25.224039143672,-66.77596085632,7.6));
#2000 = LINE('',#2001,#2002);
#2001 = CARTESIAN_POINT('',(35.639408962475,-76.21590180588,7.6));
#2002 = VECTOR('',#2003,1.);
#2003 = DIRECTION('',(0.740951125355,-0.671558954847,0.));
#2004 = ORIENTED_EDGE('',*,*,#2005,.F.);
#2005 = EDGE_CURVE('',#2006,#1998,#2008,.T.);
#2006 = VERTEX_POINT('',#2007);
#2007 = CARTESIAN_POINT('',(25.133077769741,-66.67560044583,7.6));
#2008 = LINE('',#2009,#2010);
#2009 = CARTESIAN_POINT('',(32.790880144046,-75.12468335364,7.6));
#2010 = VECTOR('',#2011,1.);
#2011 = DIRECTION('',(0.671558954847,-0.740951125355,0.));
#2012 = ORIENTED_EDGE('',*,*,#2013,.F.);
#2013 = EDGE_CURVE('',#2014,#2006,#2016,.T.);
#2014 = VERTEX_POINT('',#2015);
#2015 = CARTESIAN_POINT('',(25.052391440127,-66.5668075244,7.6));
#2016 = LINE('',#2017,#2018);
#2017 = CARTESIAN_POINT('',(30.199501859681,-73.50688253064,7.6));
#2018 = VECTOR('',#2019,1.);
#2019 = DIRECTION('',(0.595699304492,-0.803207531481,0.));
#2020 = ORIENTED_EDGE('',*,*,#2021,.F.);
#2021 = EDGE_CURVE('',#2022,#2014,#2024,.T.);
#2022 = VERTEX_POINT('',#2023);
#2023 = CARTESIAN_POINT('',(25.,-66.47939768731,7.6));
#2024 = LINE('',#2025,#2026);
#2025 = CARTESIAN_POINT('',(27.962313714227,-71.42171953481,7.6));
#2026 = VECTOR('',#2027,1.);
#2027 = DIRECTION('',(0.514102744193,-0.85772861,0.));
#2028 = ORIENTED_EDGE('',*,*,#2029,.T.);
#2029 = EDGE_CURVE('',#2022,#2030,#2032,.T.);
#2030 = VERTEX_POINT('',#2031);
#2031 = CARTESIAN_POINT('',(25.,-79.39221144507,7.6));
#2032 = LINE('',#2033,#2034);
#2033 = CARTESIAN_POINT('',(25.,-13.4,7.6));
#2034 = VECTOR('',#2035,1.);
#2035 = DIRECTION('',(0.,-1.,0.));
#2036 = ORIENTED_EDGE('',*,*,#2037,.T.);
#2037 = EDGE_CURVE('',#2030,#2038,#2040,.T.);
#2038 = VERTEX_POINT('',#2039);
#2039 = CARTESIAN_POINT('',(25.224861311112,-80.40649527325,7.6));
#2040 = CIRCLE('',#2041,2.4);
#2041 = AXIS2_PLACEMENT_3D('',#2042,#2043,#2044);
#2042 = CARTESIAN_POINT('',(27.4,-79.39221144507,7.6));
#2043 = DIRECTION('',(0.,0.,1.));
#2044 = DIRECTION('',(-1.,-5.92E-15,0.));
#2045 = ORIENTED_EDGE('',*,*,#2046,.T.);
#2046 = EDGE_CURVE('',#2038,#2047,#2049,.T.);
#2047 = VERTEX_POINT('',#2048);
#2048 = CARTESIAN_POINT('',(31.302364249595,-93.43974238424,7.6));
#2049 = LINE('',#2050,#2051);
#2050 = CARTESIAN_POINT('',(25.224861311112,-80.40649527325,7.6));
#2051 = VECTOR('',#2052,1.);
#2052 = DIRECTION('',(0.422618261741,-0.906307787037,0.));
#2053 = ORIENTED_EDGE('',*,*,#2054,.T.);
#2054 = EDGE_CURVE('',#2047,#2055,#2057,.T.);
#2055 = VERTEX_POINT('',#2056);
#2056 = CARTESIAN_POINT('',(34.491786766661,-94.60059724495,7.6));
#2057 = CIRCLE('',#2058,2.4);
#2058 = AXIS2_PLACEMENT_3D('',#2059,#2060,#2061);
#2059 = CARTESIAN_POINT('',(33.477502938483,-92.42545855606,7.6));
#2060 = DIRECTION('',(0.,0.,1.));
#2061 = DIRECTION('',(-0.906307787037,-0.422618261741,0.));
#2062 = ORIENTED_EDGE('',*,*,#2063,.T.);
#2063 = EDGE_CURVE('',#2055,#2064,#2066,.T.);
#2064 = VERTEX_POINT('',#2065);
#2065 = CARTESIAN_POINT('',(48.757845984775,-87.94822457985,7.6));
#2066 = LINE('',#2067,#2068);
#2067 = CARTESIAN_POINT('',(34.491786766661,-94.60059724495,7.6));
#2068 = VECTOR('',#2069,1.);
#2069 = DIRECTION('',(0.906307787037,0.422618261741,0.));
#2070 = ORIENTED_EDGE('',*,*,#2071,.T.);
#2071 = EDGE_CURVE('',#2064,#2072,#2074,.T.);
#2072 = VERTEX_POINT('',#2073);
#2073 = CARTESIAN_POINT('',(57.471798927357,-85.20072577071,7.6));
#2074 = CIRCLE('',#2075,35.);
#2075 = AXIS2_PLACEMENT_3D('',#2076,#2077,#2078);
#2076 = CARTESIAN_POINT('',(63.5494851457,-119.6689971261,7.6));
#2077 = DIRECTION('',(0.,0.,-1.));
#2078 = DIRECTION('',(-0.422618261741,0.906307787037,0.));
#2079 = ORIENTED_EDGE('',*,*,#2080,.T.);
#2080 = EDGE_CURVE('',#2072,#2081,#2083,.T.);
#2081 = VERTEX_POINT('',#2082);
#2082 = CARTESIAN_POINT('',(66.065458905367,-83.68543165355,7.6));
#2083 = LINE('',#2084,#2085);
#2084 = CARTESIAN_POINT('',(57.471798927357,-85.20072577071,7.6));
#2085 = VECTOR('',#2086,1.);
#2086 = DIRECTION('',(0.984807753012,0.173648177667,0.));
#2087 = ORIENTED_EDGE('',*,*,#2088,.T.);
#2088 = EDGE_CURVE('',#2081,#2089,#2091,.T.);
#2089 = VERTEX_POINT('',#2090);
#2090 = CARTESIAN_POINT('',(75.193596119877,-83.28688857577,7.6));
#2091 = CIRCLE('',#2092,35.);
#2092 = AXIS2_PLACEMENT_3D('',#2093,#2094,#2095);
#2093 = CARTESIAN_POINT('',(72.143145123709,-118.1537030089,7.6));
#2094 = DIRECTION('',(0.,0.,-1.));
#2095 = DIRECTION('',(-0.173648177667,0.984807753012,0.));
#2096 = ORIENTED_EDGE('',*,*,#2097,.T.);
#2097 = EDGE_CURVE('',#2089,#2098,#2100,.T.);
#2098 = VERTEX_POINT('',#2099);
#2099 = CARTESIAN_POINT('',(89.290340449873,-84.52019389726,7.6));
#2100 = LINE('',#2101,#2102);
#2101 = CARTESIAN_POINT('',(75.193596119877,-83.28688857577,7.6));
#2102 = VECTOR('',#2103,1.);
#2103 = DIRECTION('',(0.996194698092,-8.715574274766E-02,0.));
#2104 = ORIENTED_EDGE('',*,*,#2105,.T.);
#2105 = EDGE_CURVE('',#2098,#2106,#2108,.T.);
#2106 = VERTEX_POINT('',#2107);
#2107 = CARTESIAN_POINT('',(91.890381507887,-82.33850040444,7.6));
#2108 = CIRCLE('',#2109,2.4);
#2109 = AXIS2_PLACEMENT_3D('',#2110,#2111,#2112);
#2110 = CARTESIAN_POINT('',(89.499514232467,-82.12932662184,7.6));
#2111 = DIRECTION('',(0.,0.,1.));
#2112 = DIRECTION('',(-8.715574274765E-02,-0.996194698092,0.));
#2113 = ORIENTED_EDGE('',*,*,#2114,.T.);
#2114 = EDGE_CURVE('',#2106,#2115,#2117,.T.);
#2115 = VERTEX_POINT('',#2116);
#2116 = CARTESIAN_POINT('',(93.364562656526,-65.48853277175,7.6));
#2117 = LINE('',#2118,#2119);
#2118 = CARTESIAN_POINT('',(91.890381507887,-82.33850040444,7.6));
#2119 = VECTOR('',#2120,1.);
#2120 = DIRECTION('',(8.715574274766E-02,0.996194698092,0.));
#2121 = ORIENTED_EDGE('',*,*,#2122,.T.);
#2122 = EDGE_CURVE('',#2115,#2123,#2125,.T.);
#2123 = VERTEX_POINT('',#2124);
#2124 = CARTESIAN_POINT('',(96.353146750801,-62.75,7.6));
#2125 = CIRCLE('',#2126,3.);
#2126 = AXIS2_PLACEMENT_3D('',#2127,#2128,#2129);
#2127 = CARTESIAN_POINT('',(96.353146750801,-65.75,7.6));
#2128 = DIRECTION('',(0.,0.,-1.));
#2129 = DIRECTION('',(-0.996194698092,8.715574274766E-02,0.));
#2130 = ORIENTED_EDGE('',*,*,#2131,.T.);
#2131 = EDGE_CURVE('',#2123,#2132,#2134,.T.);
#2132 = VERTEX_POINT('',#2133);
#2133 = CARTESIAN_POINT('',(114.25,-62.75,7.6));
#2134 = LINE('',#2135,#2136);
#2135 = CARTESIAN_POINT('',(96.353146750801,-62.75,7.6));
#2136 = VECTOR('',#2137,1.);
#2137 = DIRECTION('',(1.,0.,0.));
#2138 = ORIENTED_EDGE('',*,*,#2139,.T.);
#2139 = EDGE_CURVE('',#2132,#2140,#2142,.T.);
#2140 = VERTEX_POINT('',#2141);
#2141 = CARTESIAN_POINT('',(118.25,-66.75,7.6));
#2142 = CIRCLE('',#2143,4.);
#2143 = AXIS2_PLACEMENT_3D('',#2144,#2145,#2146);
#2144 = CARTESIAN_POINT('',(114.25,-66.75,7.6));
#2145 = DIRECTION('',(0.,0.,-1.));
#2146 = DIRECTION('',(3.55E-15,1.,0.));
#2147 = ORIENTED_EDGE('',*,*,#2148,.T.);
#2148 = EDGE_CURVE('',#2140,#2149,#2151,.T.);
#2149 = VERTEX_POINT('',#2150);
#2150 = CARTESIAN_POINT('',(118.25,-72.35,7.6));
#2151 = LINE('',#2152,#2153);
#2152 = CARTESIAN_POINT('',(118.25,-66.75,7.6));
#2153 = VECTOR('',#2154,1.);
#2154 = DIRECTION('',(0.,-1.,0.));
#2155 = ORIENTED_EDGE('',*,*,#2156,.T.);
#2156 = EDGE_CURVE('',#2149,#2157,#2159,.T.);
#2157 = VERTEX_POINT('',#2158);
#2158 = CARTESIAN_POINT('',(120.65,-74.75,7.6));
#2159 = CIRCLE('',#2160,2.4);
#2160 = AXIS2_PLACEMENT_3D('',#2161,#2162,#2163);
#2161 = CARTESIAN_POINT('',(120.65,-72.35,7.6));
#2162 = DIRECTION('',(0.,0.,1.));
#2163 = DIRECTION('',(-1.,-1.184E-14,0.));
#2164 = ORIENTED_EDGE('',*,*,#2165,.T.);
#2165 = EDGE_CURVE('',#2157,#2166,#2168,.T.);
#2166 = VERTEX_POINT('',#2167);
#2167 = CARTESIAN_POINT('',(139.35,-74.75,7.6));
#2168 = LINE('',#2169,#2170);
#2169 = CARTESIAN_POINT('',(120.65,-74.75,7.6));
#2170 = VECTOR('',#2171,1.);
#2171 = DIRECTION('',(1.,0.,0.));
#2172 = ORIENTED_EDGE('',*,*,#2173,.T.);
#2173 = EDGE_CURVE('',#2166,#66,#2174,.T.);
#2174 = CIRCLE('',#2175,2.4);
#2175 = AXIS2_PLACEMENT_3D('',#2176,#2177,#2178);
#2176 = CARTESIAN_POINT('',(139.35,-72.35,7.6));
#2177 = DIRECTION('',(-0.,0.,1.));
#2178 = DIRECTION('',(0.,-1.,0.));
#2179 = FACE_BOUND('',#2180,.T.);
#2180 = EDGE_LOOP('',(#2181,#2191,#2199,#2207));
#2181 = ORIENTED_EDGE('',*,*,#2182,.F.);
#2182 = EDGE_CURVE('',#2183,#2185,#2187,.T.);
#2183 = VERTEX_POINT('',#2184);
#2184 = CARTESIAN_POINT('',(41.385826677072,-70.69751765855,7.6));
#2185 = VERTEX_POINT('',#2186);
#2186 = CARTESIAN_POINT('',(28.697517658559,-76.61417332292,7.6));
#2187 = LINE('',#2188,#2189);
#2188 = CARTESIAN_POINT('',(56.691985803174,-63.56013844111,7.6));
#2189 = VECTOR('',#2190,1.);
#2190 = DIRECTION('',(-0.906307787037,-0.422618261741,0.));
#2191 = ORIENTED_EDGE('',*,*,#2192,.F.);
#2192 = EDGE_CURVE('',#2193,#2183,#2195,.T.);
#2193 = VERTEX_POINT('',#2194);
#2194 = CARTESIAN_POINT('',(47.302482341441,-83.38582667707,7.6));
#2195 = LINE('',#2196,#2197);
#2196 = CARTESIAN_POINT('',(40.2042036005,-68.16351879341,7.6));
#2197 = VECTOR('',#2198,1.);
#2198 = DIRECTION('',(-0.422618261741,0.906307787037,0.));
#2199 = ORIENTED_EDGE('',*,*,#2200,.F.);
#2200 = EDGE_CURVE('',#2201,#2193,#2203,.T.);
#2201 = VERTEX_POINT('',#2202);
#2202 = CARTESIAN_POINT('',(34.614173322928,-89.30248234144,7.6));
#2203 = LINE('',#2204,#2205);
#2204 = CARTESIAN_POINT('',(68.952795976801,-73.29011962744,7.6));
#2205 = VECTOR('',#2206,1.);
#2206 = DIRECTION('',(0.906307787037,0.422618261741,0.));
#2207 = ORIENTED_EDGE('',*,*,#2208,.F.);
#2208 = EDGE_CURVE('',#2185,#2201,#2209,.T.);
#2209 = LINE('',#2210,#2211);
#2210 = CARTESIAN_POINT('',(30.474222414171,-80.42432896704,7.6));
#2211 = VECTOR('',#2212,1.);
#2212 = DIRECTION('',(0.422618261741,-0.906307787037,0.));
#2213 = FACE_BOUND('',#2214,.T.);
#2214 = EDGE_LOOP('',(#2215,#2225,#2233,#2241));
#2215 = ORIENTED_EDGE('',*,*,#2216,.F.);
#2216 = EDGE_CURVE('',#2217,#2219,#2221,.T.);
#2217 = VERTEX_POINT('',#2218);
#2218 = CARTESIAN_POINT('',(64.678117027417,-64.89080848524,7.6));
#2219 = VERTEX_POINT('',#2220);
#2220 = CARTESIAN_POINT('',(50.890808485246,-67.32188297258,7.6));
#2221 = LINE('',#2222,#2223);
#2222 = CARTESIAN_POINT('',(68.004279882543,-64.30431623165,7.6));
#2223 = VECTOR('',#2224,1.);
#2224 = DIRECTION('',(-0.984807753012,-0.173648177667,0.));
#2225 = ORIENTED_EDGE('',*,*,#2226,.F.);
#2226 = EDGE_CURVE('',#2227,#2217,#2229,.T.);
#2227 = VERTEX_POINT('',#2228);
#2228 = CARTESIAN_POINT('',(67.109191514754,-78.67811702741,7.6));
#2229 = LINE('',#2230,#2231);
#2230 = CARTESIAN_POINT('',(63.28084528482,-56.96648665439,7.6));
#2231 = VECTOR('',#2232,1.);
#2232 = DIRECTION('',(-0.173648177667,0.984807753012,0.));
#2233 = ORIENTED_EDGE('',*,*,#2234,.F.);
#2234 = EDGE_CURVE('',#2235,#2227,#2237,.T.);
#2235 = VERTEX_POINT('',#2236);
#2236 = CARTESIAN_POINT('',(53.321882972583,-81.10919151475,7.6));
#2237 = LINE('',#2238,#2239);
#2238 = CARTESIAN_POINT('',(77.329008640965,-76.87608753015,7.6));
#2239 = VECTOR('',#2240,1.);
#2240 = DIRECTION('',(0.984807753012,0.173648177667,0.));
#2241 = ORIENTED_EDGE('',*,*,#2242,.F.);
#2242 = EDGE_CURVE('',#2219,#2235,#2243,.T.);
#2243 = LINE('',#2244,#2245);
#2244 = CARTESIAN_POINT('',(50.709073986318,-66.29121541281,7.6));
#2245 = VECTOR('',#2246,1.);
#2246 = DIRECTION('',(0.173648177667,-0.984807753012,0.));
#2247 = FACE_BOUND('',#2248,.T.);
#2248 = EDGE_LOOP('',(#2249,#2259,#2267,#2275));
#2249 = ORIENTED_EDGE('',*,*,#2250,.F.);
#2250 = EDGE_CURVE('',#2251,#2253,#2255,.T.);
#2251 = VERTEX_POINT('',#2252);
#2252 = CARTESIAN_POINT('',(88.583453085876,-65.63672731259,7.6));
#2253 = VERTEX_POINT('',#2254);
#2254 = CARTESIAN_POINT('',(74.636727312591,-64.41654691412,7.6));
#2255 = LINE('',#2256,#2257);
#2256 = CARTESIAN_POINT('',(77.626880898784,-64.67815145511,7.6));
#2257 = VECTOR('',#2258,1.);
#2258 = DIRECTION('',(-0.996194698092,8.715574274766E-02,0.));
#2259 = ORIENTED_EDGE('',*,*,#2260,.F.);
#2260 = EDGE_CURVE('',#2261,#2251,#2263,.T.);
#2261 = VERTEX_POINT('',#2262);
#2262 = CARTESIAN_POINT('',(87.363272687409,-79.58345308587,7.6));
#2263 = LINE('',#2264,#2265);
#2264 = CARTESIAN_POINT('',(89.43653974071,-55.88590222904,7.6));
#2265 = VECTOR('',#2266,1.);
#2266 = DIRECTION('',(8.715574274766E-02,0.996194698092,0.));
#2267 = ORIENTED_EDGE('',*,*,#2268,.F.);
#2268 = EDGE_CURVE('',#2269,#2261,#2271,.T.);
#2269 = VERTEX_POINT('',#2270);
#2270 = CARTESIAN_POINT('',(73.416546914124,-78.3632726874,7.6));
#2271 = LINE('',#2272,#2273);
#2272 = CARTESIAN_POINT('',(83.380063386959,-79.23496742763,7.6));
#2273 = VECTOR('',#2274,1.);
#2274 = DIRECTION('',(0.996194698092,-8.715574274766E-02,0.));
#2275 = ORIENTED_EDGE('',*,*,#2276,.F.);
#2276 = EDGE_CURVE('',#2253,#2269,#2277,.T.);
#2277 = LINE('',#2278,#2279);
#2278 = CARTESIAN_POINT('',(74.879723768192,-61.63908471722,7.6));
#2279 = VECTOR('',#2280,1.);
#2280 = DIRECTION('',(-8.715574274766E-02,-0.996194698092,0.));
#2281 = FACE_BOUND('',#2282,.T.);
#2282 = EDGE_LOOP('',(#2283));
#2283 = ORIENTED_EDGE('',*,*,#2284,.T.);
#2284 = EDGE_CURVE('',#2285,#2285,#2287,.T.);
#2285 = VERTEX_POINT('',#2286);
#2286 = CARTESIAN_POINT('',(81.15,-61.3,7.6));
#2287 = CIRCLE('',#2288,1.15);
#2288 = AXIS2_PLACEMENT_3D('',#2289,#2290,#2291);
#2289 = CARTESIAN_POINT('',(80.,-61.3,7.6));
#2290 = DIRECTION('',(0.,0.,-1.));
#2291 = DIRECTION('',(1.,0.,0.));
#2292 = FACE_BOUND('',#2293,.T.);
#2293 = EDGE_LOOP('',(#2294,#2304,#2312,#2320));
#2294 = ORIENTED_EDGE('',*,*,#2295,.F.);
#2295 = EDGE_CURVE('',#2296,#2298,#2300,.T.);
#2296 = VERTEX_POINT('',#2297);
#2297 = CARTESIAN_POINT('',(65.,-46.,7.6));
#2298 = VERTEX_POINT('',#2299);
#2299 = CARTESIAN_POINT('',(51.,-46.,7.6));
#2300 = LINE('',#2301,#2302);
#2301 = CARTESIAN_POINT('',(66.661603897323,-46.,7.6));
#2302 = VECTOR('',#2303,1.);
#2303 = DIRECTION('',(-1.,0.,0.));
#2304 = ORIENTED_EDGE('',*,*,#2305,.F.);
#2305 = EDGE_CURVE('',#2306,#2296,#2308,.T.);
#2306 = VERTEX_POINT('',#2307);
#2307 = CARTESIAN_POINT('',(65.,-60.,7.6));
#2308 = LINE('',#2309,#2310);
#2309 = CARTESIAN_POINT('',(65.,-45.71905291451,7.6));
#2310 = VECTOR('',#2311,1.);
#2311 = DIRECTION('',(0.,1.,0.));
#2312 = ORIENTED_EDGE('',*,*,#2313,.F.);
#2313 = EDGE_CURVE('',#2314,#2306,#2316,.T.);
#2314 = VERTEX_POINT('',#2315);
#2315 = CARTESIAN_POINT('',(51.,-60.,7.6));
#2316 = LINE('',#2317,#2318);
#2317 = CARTESIAN_POINT('',(73.661603897323,-60.,7.6));
#2318 = VECTOR('',#2319,1.);
#2319 = DIRECTION('',(1.,0.,0.));
#2320 = ORIENTED_EDGE('',*,*,#2321,.F.);
#2321 = EDGE_CURVE('',#2298,#2314,#2322,.T.);
#2322 = LINE('',#2323,#2324);
#2323 = CARTESIAN_POINT('',(51.,-52.71905291451,7.6));
#2324 = VECTOR('',#2325,1.);
#2325 = DIRECTION('',(0.,-1.,0.));
#2326 = FACE_BOUND('',#2327,.T.);
#2327 = EDGE_LOOP('',(#2328,#2338,#2346,#2354));
#2328 = ORIENTED_EDGE('',*,*,#2329,.F.);
#2329 = EDGE_CURVE('',#2330,#2332,#2334,.T.);
#2330 = VERTEX_POINT('',#2331);
#2331 = CARTESIAN_POINT('',(83.,-44.,7.6));
#2332 = VERTEX_POINT('',#2333);
#2333 = CARTESIAN_POINT('',(69.,-44.,7.6));
#2334 = LINE('',#2335,#2336);
#2335 = CARTESIAN_POINT('',(75.661603897323,-44.,7.6));
#2336 = VECTOR('',#2337,1.);
#2337 = DIRECTION('',(-1.,0.,0.));
#2338 = ORIENTED_EDGE('',*,*,#2339,.F.);
#2339 = EDGE_CURVE('',#2340,#2330,#2342,.T.);
#2340 = VERTEX_POINT('',#2341);
#2341 = CARTESIAN_POINT('',(83.,-58.,7.6));
#2342 = LINE('',#2343,#2344);
#2343 = CARTESIAN_POINT('',(83.,-44.71905291451,7.6));
#2344 = VECTOR('',#2345,1.);
#2345 = DIRECTION('',(0.,1.,0.));
#2346 = ORIENTED_EDGE('',*,*,#2347,.F.);
#2347 = EDGE_CURVE('',#2348,#2340,#2350,.T.);
#2348 = VERTEX_POINT('',#2349);
#2349 = CARTESIAN_POINT('',(69.,-58.,7.6));
#2350 = LINE('',#2351,#2352);
#2351 = CARTESIAN_POINT('',(82.661603897323,-58.,7.6));
#2352 = VECTOR('',#2353,1.);
#2353 = DIRECTION('',(1.,0.,0.));
#2354 = ORIENTED_EDGE('',*,*,#2355,.F.);
#2355 = EDGE_CURVE('',#2332,#2348,#2356,.T.);
#2356 = LINE('',#2357,#2358);
#2357 = CARTESIAN_POINT('',(69.,-51.71905291451,7.6));
#2358 = VECTOR('',#2359,1.);
#2359 = DIRECTION('',(0.,-1.,0.));
#2360 = FACE_BOUND('',#2361,.T.);
#2361 = EDGE_LOOP('',(#2362,#2372,#2380,#2388));
#2362 = ORIENTED_EDGE('',*,*,#2363,.F.);
#2363 = EDGE_CURVE('',#2364,#2366,#2368,.T.);
#2364 = VERTEX_POINT('',#2365);
#2365 = CARTESIAN_POINT('',(137.,-56.,7.6));
#2366 = VERTEX_POINT('',#2367);
#2367 = CARTESIAN_POINT('',(123.,-56.,7.6));
#2368 = LINE('',#2369,#2370);
#2369 = CARTESIAN_POINT('',(102.66160389732,-56.,7.6));
#2370 = VECTOR('',#2371,1.);
#2371 = DIRECTION('',(-1.,0.,0.));
#2372 = ORIENTED_EDGE('',*,*,#2373,.F.);
#2373 = EDGE_CURVE('',#2374,#2364,#2376,.T.);
#2374 = VERTEX_POINT('',#2375);
#2375 = CARTESIAN_POINT('',(137.,-70.,7.6));
#2376 = LINE('',#2377,#2378);
#2377 = CARTESIAN_POINT('',(137.,-50.71905291451,7.6));
#2378 = VECTOR('',#2379,1.);
#2379 = DIRECTION('',(0.,1.,0.));
#2380 = ORIENTED_EDGE('',*,*,#2381,.F.);
#2381 = EDGE_CURVE('',#2382,#2374,#2384,.T.);
#2382 = VERTEX_POINT('',#2383);
#2383 = CARTESIAN_POINT('',(123.,-70.,7.6));
#2384 = LINE('',#2385,#2386);
#2385 = CARTESIAN_POINT('',(109.66160389732,-70.,7.6));
#2386 = VECTOR('',#2387,1.);
#2387 = DIRECTION('',(1.,0.,0.));
#2388 = ORIENTED_EDGE('',*,*,#2389,.F.);
#2389 = EDGE_CURVE('',#2366,#2382,#2390,.T.);
#2390 = LINE('',#2391,#2392);
#2391 = CARTESIAN_POINT('',(123.,-57.71905291451,7.6));
#2392 = VECTOR('',#2393,1.);
#2393 = DIRECTION('',(0.,-1.,0.));
#2394 = FACE_BOUND('',#2395,.T.);
#2395 = EDGE_LOOP('',(#2396,#2406,#2414,#2422));
#2396 = ORIENTED_EDGE('',*,*,#2397,.F.);
#2397 = EDGE_CURVE('',#2398,#2400,#2402,.T.);
#2398 = VERTEX_POINT('',#2399);
#2399 = CARTESIAN_POINT('',(119.,-44.,7.6));
#2400 = VERTEX_POINT('',#2401);
#2401 = CARTESIAN_POINT('',(105.,-44.,7.6));
#2402 = LINE('',#2403,#2404);
#2403 = CARTESIAN_POINT('',(93.661603897323,-44.,7.6));
#2404 = VECTOR('',#2405,1.);
#2405 = DIRECTION('',(-1.,0.,0.));
#2406 = ORIENTED_EDGE('',*,*,#2407,.F.);
#2407 = EDGE_CURVE('',#2408,#2398,#2410,.T.);
#2408 = VERTEX_POINT('',#2409);
#2409 = CARTESIAN_POINT('',(119.,-58.,7.6));
#2410 = LINE('',#2411,#2412);
#2411 = CARTESIAN_POINT('',(119.,-44.71905291451,7.6));
#2412 = VECTOR('',#2413,1.);
#2413 = DIRECTION('',(0.,1.,0.));
#2414 = ORIENTED_EDGE('',*,*,#2415,.F.);
#2415 = EDGE_CURVE('',#2416,#2408,#2418,.T.);
#2416 = VERTEX_POINT('',#2417);
#2417 = CARTESIAN_POINT('',(105.,-58.,7.6));
#2418 = LINE('',#2419,#2420);
#2419 = CARTESIAN_POINT('',(100.66160389732,-58.,7.6));
#2420 = VECTOR('',#2421,1.);
#2421 = DIRECTION('',(1.,0.,0.));
#2422 = ORIENTED_EDGE('',*,*,#2423,.F.);
#2423 = EDGE_CURVE('',#2400,#2416,#2424,.T.);
#2424 = LINE('',#2425,#2426);
#2425 = CARTESIAN_POINT('',(105.,-51.71905291451,7.6));
#2426 = VECTOR('',#2427,1.);
#2427 = DIRECTION('',(0.,-1.,0.));
#2428 = FACE_BOUND('',#2429,.T.);
#2429 = EDGE_LOOP('',(#2430,#2440,#2448,#2456));
#2430 = ORIENTED_EDGE('',*,*,#2431,.F.);
#2431 = EDGE_CURVE('',#2432,#2434,#2436,.T.);
#2432 = VERTEX_POINT('',#2433);
#2433 = CARTESIAN_POINT('',(65.,-29.,7.6));
#2434 = VERTEX_POINT('',#2435);
#2435 = CARTESIAN_POINT('',(51.,-29.,7.6));
#2436 = LINE('',#2437,#2438);
#2437 = CARTESIAN_POINT('',(66.661603897323,-29.,7.6));
#2438 = VECTOR('',#2439,1.);
#2439 = DIRECTION('',(-1.,0.,0.));
#2440 = ORIENTED_EDGE('',*,*,#2441,.F.);
#2441 = EDGE_CURVE('',#2442,#2432,#2444,.T.);
#2442 = VERTEX_POINT('',#2443);
#2443 = CARTESIAN_POINT('',(65.,-43.,7.6));
#2444 = LINE('',#2445,#2446);
#2445 = CARTESIAN_POINT('',(65.,-37.21905291451,7.6));
#2446 = VECTOR('',#2447,1.);
#2447 = DIRECTION('',(0.,1.,0.));
#2448 = ORIENTED_EDGE('',*,*,#2449,.F.);
#2449 = EDGE_CURVE('',#2450,#2442,#2452,.T.);
#2450 = VERTEX_POINT('',#2451);
#2451 = CARTESIAN_POINT('',(51.,-43.,7.6));
#2452 = LINE('',#2453,#2454);
#2453 = CARTESIAN_POINT('',(73.661603897323,-43.,7.6));
#2454 = VECTOR('',#2455,1.);
#2455 = DIRECTION('',(1.,0.,0.));
#2456 = ORIENTED_EDGE('',*,*,#2457,.F.);
#2457 = EDGE_CURVE('',#2434,#2450,#2458,.T.);
#2458 = LINE('',#2459,#2460);
#2459 = CARTESIAN_POINT('',(51.,-44.21905291451,7.6));
#2460 = VECTOR('',#2461,1.);
#2461 = DIRECTION('',(0.,-1.,0.));
#2462 = FACE_BOUND('',#2463,.T.);
#2463 = EDGE_LOOP('',(#2464,#2474,#2482,#2490));
#2464 = ORIENTED_EDGE('',*,*,#2465,.F.);
#2465 = EDGE_CURVE('',#2466,#2468,#2470,.T.);
#2466 = VERTEX_POINT('',#2467);
#2467 = CARTESIAN_POINT('',(83.,-27.,7.6));
#2468 = VERTEX_POINT('',#2469);
#2469 = CARTESIAN_POINT('',(69.,-27.,7.6));
#2470 = LINE('',#2471,#2472);
#2471 = CARTESIAN_POINT('',(75.661603897323,-27.,7.6));
#2472 = VECTOR('',#2473,1.);
#2473 = DIRECTION('',(-1.,0.,0.));
#2474 = ORIENTED_EDGE('',*,*,#2475,.F.);
#2475 = EDGE_CURVE('',#2476,#2466,#2478,.T.);
#2476 = VERTEX_POINT('',#2477);
#2477 = CARTESIAN_POINT('',(83.,-41.,7.6));
#2478 = LINE('',#2479,#2480);
#2479 = CARTESIAN_POINT('',(83.,-36.21905291451,7.6));
#2480 = VECTOR('',#2481,1.);
#2481 = DIRECTION('',(0.,1.,0.));
#2482 = ORIENTED_EDGE('',*,*,#2483,.F.);
#2483 = EDGE_CURVE('',#2484,#2476,#2486,.T.);
#2484 = VERTEX_POINT('',#2485);
#2485 = CARTESIAN_POINT('',(69.,-41.,7.6));
#2486 = LINE('',#2487,#2488);
#2487 = CARTESIAN_POINT('',(82.661603897323,-41.,7.6));
#2488 = VECTOR('',#2489,1.);
#2489 = DIRECTION('',(1.,0.,0.));
#2490 = ORIENTED_EDGE('',*,*,#2491,.F.);
#2491 = EDGE_CURVE('',#2468,#2484,#2492,.T.);
#2492 = LINE('',#2493,#2494);
#2493 = CARTESIAN_POINT('',(69.,-43.21905291451,7.6));
#2494 = VECTOR('',#2495,1.);
#2495 = DIRECTION('',(0.,-1.,0.));
#2496 = FACE_BOUND('',#2497,.T.);
#2497 = EDGE_LOOP('',(#2498,#2508,#2516,#2524));
#2498 = ORIENTED_EDGE('',*,*,#2499,.F.);
#2499 = EDGE_CURVE('',#2500,#2502,#2504,.T.);
#2500 = VERTEX_POINT('',#2501);
#2501 = CARTESIAN_POINT('',(65.,-12.,7.6));
#2502 = VERTEX_POINT('',#2503);
#2503 = CARTESIAN_POINT('',(51.,-12.,7.6));
#2504 = LINE('',#2505,#2506);
#2505 = CARTESIAN_POINT('',(66.661603897323,-12.,7.6));
#2506 = VECTOR('',#2507,1.);
#2507 = DIRECTION('',(-1.,0.,0.));
#2508 = ORIENTED_EDGE('',*,*,#2509,.F.);
#2509 = EDGE_CURVE('',#2510,#2500,#2512,.T.);
#2510 = VERTEX_POINT('',#2511);
#2511 = CARTESIAN_POINT('',(65.,-26.,7.6));
#2512 = LINE('',#2513,#2514);
#2513 = CARTESIAN_POINT('',(65.,-28.71905291451,7.6));
#2514 = VECTOR('',#2515,1.);
#2515 = DIRECTION('',(0.,1.,0.));
#2516 = ORIENTED_EDGE('',*,*,#2517,.F.);
#2517 = EDGE_CURVE('',#2518,#2510,#2520,.T.);
#2518 = VERTEX_POINT('',#2519);
#2519 = CARTESIAN_POINT('',(51.,-26.,7.6));
#2520 = LINE('',#2521,#2522);
#2521 = CARTESIAN_POINT('',(73.661603897323,-26.,7.6));
#2522 = VECTOR('',#2523,1.);
#2523 = DIRECTION('',(1.,0.,0.));
#2524 = ORIENTED_EDGE('',*,*,#2525,.F.);
#2525 = EDGE_CURVE('',#2502,#2518,#2526,.T.);
#2526 = LINE('',#2527,#2528);
#2527 = CARTESIAN_POINT('',(51.,-35.71905291451,7.6));
#2528 = VECTOR('',#2529,1.);
#2529 = DIRECTION('',(0.,-1.,0.));
#2530 = FACE_BOUND('',#2531,.T.);
#2531 = EDGE_LOOP('',(#2532,#2542,#2550,#2558));
#2532 = ORIENTED_EDGE('',*,*,#2533,.F.);
#2533 = EDGE_CURVE('',#2534,#2536,#2538,.T.);
#2534 = VERTEX_POINT('',#2535);
#2535 = CARTESIAN_POINT('',(83.,-10.,7.6));
#2536 = VERTEX_POINT('',#2537);
#2537 = CARTESIAN_POINT('',(69.,-10.,7.6));
#2538 = LINE('',#2539,#2540);
#2539 = CARTESIAN_POINT('',(75.661603897323,-10.,7.6));
#2540 = VECTOR('',#2541,1.);
#2541 = DIRECTION('',(-1.,0.,0.));
#2542 = ORIENTED_EDGE('',*,*,#2543,.F.);
#2543 = EDGE_CURVE('',#2544,#2534,#2546,.T.);
#2544 = VERTEX_POINT('',#2545);
#2545 = CARTESIAN_POINT('',(83.,-24.,7.6));
#2546 = LINE('',#2547,#2548);
#2547 = CARTESIAN_POINT('',(83.,-27.71905291451,7.6));
#2548 = VECTOR('',#2549,1.);
#2549 = DIRECTION('',(0.,1.,0.));
#2550 = ORIENTED_EDGE('',*,*,#2551,.F.);
#2551 = EDGE_CURVE('',#2552,#2544,#2554,.T.);
#2552 = VERTEX_POINT('',#2553);
#2553 = CARTESIAN_POINT('',(69.,-24.,7.6));
#2554 = LINE('',#2555,#2556);
#2555 = CARTESIAN_POINT('',(82.661603897323,-24.,7.6));
#2556 = VECTOR('',#2557,1.);
#2557 = DIRECTION('',(1.,0.,0.));
#2558 = ORIENTED_EDGE('',*,*,#2559,.F.);
#2559 = EDGE_CURVE('',#2536,#2552,#2560,.T.);
#2560 = LINE('',#2561,#2562);
#2561 = CARTESIAN_POINT('',(69.,-34.71905291451,7.6));
#2562 = VECTOR('',#2563,1.);
#2563 = DIRECTION('',(0.,-1.,0.));
#2564 = FACE_BOUND('',#2565,.T.);
#2565 = EDGE_LOOP('',(#2566,#2576,#2584,#2592));
#2566 = ORIENTED_EDGE('',*,*,#2567,.F.);
#2567 = EDGE_CURVE('',#2568,#2570,#2572,.T.);
#2568 = VERTEX_POINT('',#2569);
#2569 = CARTESIAN_POINT('',(101.,-39.,7.6));
#2570 = VERTEX_POINT('',#2571);
#2571 = CARTESIAN_POINT('',(87.,-39.,7.6));
#2572 = LINE('',#2573,#2574);
#2573 = CARTESIAN_POINT('',(84.661603897323,-39.,7.6));
#2574 = VECTOR('',#2575,1.);
#2575 = DIRECTION('',(-1.,0.,0.));
#2576 = ORIENTED_EDGE('',*,*,#2577,.F.);
#2577 = EDGE_CURVE('',#2578,#2568,#2580,.T.);
#2578 = VERTEX_POINT('',#2579);
#2579 = CARTESIAN_POINT('',(101.,-53.,7.6));
#2580 = LINE('',#2581,#2582);
#2581 = CARTESIAN_POINT('',(101.,-42.21905291451,7.6));
#2582 = VECTOR('',#2583,1.);
#2583 = DIRECTION('',(0.,1.,0.));
#2584 = ORIENTED_EDGE('',*,*,#2585,.F.);
#2585 = EDGE_CURVE('',#2586,#2578,#2588,.T.);
#2586 = VERTEX_POINT('',#2587);
#2587 = CARTESIAN_POINT('',(87.,-53.,7.6));
#2588 = LINE('',#2589,#2590);
#2589 = CARTESIAN_POINT('',(91.661603897323,-53.,7.6));
#2590 = VECTOR('',#2591,1.);
#2591 = DIRECTION('',(1.,0.,0.));
#2592 = ORIENTED_EDGE('',*,*,#2593,.F.);
#2593 = EDGE_CURVE('',#2570,#2586,#2594,.T.);
#2594 = LINE('',#2595,#2596);
#2595 = CARTESIAN_POINT('',(87.,-49.21905291451,7.6));
#2596 = VECTOR('',#2597,1.);
#2597 = DIRECTION('',(0.,-1.,0.));
#2598 = FACE_BOUND('',#2599,.T.);
#2599 = EDGE_LOOP('',(#2600,#2610,#2618,#2626));
#2600 = ORIENTED_EDGE('',*,*,#2601,.F.);
#2601 = EDGE_CURVE('',#2602,#2604,#2606,.T.);
#2602 = VERTEX_POINT('',#2603);
#2603 = CARTESIAN_POINT('',(101.,-22.,7.6));
#2604 = VERTEX_POINT('',#2605);
#2605 = CARTESIAN_POINT('',(87.,-22.,7.6));
#2606 = LINE('',#2607,#2608);
#2607 = CARTESIAN_POINT('',(84.661603897323,-22.,7.6));
#2608 = VECTOR('',#2609,1.);
#2609 = DIRECTION('',(-1.,0.,0.));
#2610 = ORIENTED_EDGE('',*,*,#2611,.F.);
#2611 = EDGE_CURVE('',#2612,#2602,#2614,.T.);
#2612 = VERTEX_POINT('',#2613);
#2613 = CARTESIAN_POINT('',(101.,-36.,7.6));
#2614 = LINE('',#2615,#2616);
#2615 = CARTESIAN_POINT('',(101.,-33.71905291451,7.6));
#2616 = VECTOR('',#2617,1.);
#2617 = DIRECTION('',(0.,1.,0.));
#2618 = ORIENTED_EDGE('',*,*,#2619,.F.);
#2619 = EDGE_CURVE('',#2620,#2612,#2622,.T.);
#2620 = VERTEX_POINT('',#2621);
#2621 = CARTESIAN_POINT('',(87.,-36.,7.6));
#2622 = LINE('',#2623,#2624);
#2623 = CARTESIAN_POINT('',(91.661603897323,-36.,7.6));
#2624 = VECTOR('',#2625,1.);
#2625 = DIRECTION('',(1.,0.,0.));
#2626 = ORIENTED_EDGE('',*,*,#2627,.F.);
#2627 = EDGE_CURVE('',#2604,#2620,#2628,.T.);
#2628 = LINE('',#2629,#2630);
#2629 = CARTESIAN_POINT('',(87.,-40.71905291451,7.6));
#2630 = VECTOR('',#2631,1.);
#2631 = DIRECTION('',(0.,-1.,0.));
#2632 = FACE_BOUND('',#2633,.T.);
#2633 = EDGE_LOOP('',(#2634));
#2634 = ORIENTED_EDGE('',*,*,#2635,.T.);
#2635 = EDGE_CURVE('',#2636,#2636,#2638,.T.);
#2636 = VERTEX_POINT('',#2637);
#2637 = CARTESIAN_POINT('',(122.45,-37.5,7.6));
#2638 = CIRCLE('',#2639,1.15);
#2639 = AXIS2_PLACEMENT_3D('',#2640,#2641,#2642);
#2640 = CARTESIAN_POINT('',(121.3,-37.5,7.6));
#2641 = DIRECTION('',(0.,0.,-1.));
#2642 = DIRECTION('',(1.,0.,0.));
#2643 = FACE_BOUND('',#2644,.T.);
#2644 = EDGE_LOOP('',(#2645,#2655,#2663,#2671));
#2645 = ORIENTED_EDGE('',*,*,#2646,.F.);
#2646 = EDGE_CURVE('',#2647,#2649,#2651,.T.);
#2647 = VERTEX_POINT('',#2648);
#2648 = CARTESIAN_POINT('',(137.,-39.,7.6));
#2649 = VERTEX_POINT('',#2650);
#2650 = CARTESIAN_POINT('',(123.,-39.,7.6));
#2651 = LINE('',#2652,#2653);
#2652 = CARTESIAN_POINT('',(102.66160389732,-39.,7.6));
#2653 = VECTOR('',#2654,1.);
#2654 = DIRECTION('',(-1.,0.,0.));
#2655 = ORIENTED_EDGE('',*,*,#2656,.F.);
#2656 = EDGE_CURVE('',#2657,#2647,#2659,.T.);
#2657 = VERTEX_POINT('',#2658);
#2658 = CARTESIAN_POINT('',(137.,-53.,7.6));
#2659 = LINE('',#2660,#2661);
#2660 = CARTESIAN_POINT('',(137.,-42.21905291451,7.6));
#2661 = VECTOR('',#2662,1.);
#2662 = DIRECTION('',(0.,1.,0.));
#2663 = ORIENTED_EDGE('',*,*,#2664,.F.);
#2664 = EDGE_CURVE('',#2665,#2657,#2667,.T.);
#2665 = VERTEX_POINT('',#2666);
#2666 = CARTESIAN_POINT('',(123.,-53.,7.6));
#2667 = LINE('',#2668,#2669);
#2668 = CARTESIAN_POINT('',(109.66160389732,-53.,7.6));
#2669 = VECTOR('',#2670,1.);
#2670 = DIRECTION('',(1.,0.,0.));
#2671 = ORIENTED_EDGE('',*,*,#2672,.F.);
#2672 = EDGE_CURVE('',#2649,#2665,#2673,.T.);
#2673 = LINE('',#2674,#2675);
#2674 = CARTESIAN_POINT('',(123.,-49.21905291451,7.6));
#2675 = VECTOR('',#2676,1.);
#2676 = DIRECTION('',(0.,-1.,0.));
#2677 = FACE_BOUND('',#2678,.T.);
#2678 = EDGE_LOOP('',(#2679,#2689,#2697,#2705));
#2679 = ORIENTED_EDGE('',*,*,#2680,.F.);
#2680 = EDGE_CURVE('',#2681,#2683,#2685,.T.);
#2681 = VERTEX_POINT('',#2682);
#2682 = CARTESIAN_POINT('',(119.,-27.,7.6));
#2683 = VERTEX_POINT('',#2684);
#2684 = CARTESIAN_POINT('',(105.,-27.,7.6));
#2685 = LINE('',#2686,#2687);
#2686 = CARTESIAN_POINT('',(93.661603897323,-27.,7.6));
#2687 = VECTOR('',#2688,1.);
#2688 = DIRECTION('',(-1.,0.,0.));
#2689 = ORIENTED_EDGE('',*,*,#2690,.F.);
#2690 = EDGE_CURVE('',#2691,#2681,#2693,.T.);
#2691 = VERTEX_POINT('',#2692);
#2692 = CARTESIAN_POINT('',(119.,-41.,7.6));
#2693 = LINE('',#2694,#2695);
#2694 = CARTESIAN_POINT('',(119.,-36.21905291451,7.6));
#2695 = VECTOR('',#2696,1.);
#2696 = DIRECTION('',(0.,1.,0.));
#2697 = ORIENTED_EDGE('',*,*,#2698,.F.);
#2698 = EDGE_CURVE('',#2699,#2691,#2701,.T.);
#2699 = VERTEX_POINT('',#2700);
#2700 = CARTESIAN_POINT('',(105.,-41.,7.6));
#2701 = LINE('',#2702,#2703);
#2702 = CARTESIAN_POINT('',(100.66160389732,-41.,7.6));
#2703 = VECTOR('',#2704,1.);
#2704 = DIRECTION('',(1.,0.,0.));
#2705 = ORIENTED_EDGE('',*,*,#2706,.F.);
#2706 = EDGE_CURVE('',#2683,#2699,#2707,.T.);
#2707 = LINE('',#2708,#2709);
#2708 = CARTESIAN_POINT('',(105.,-43.21905291451,7.6));
#2709 = VECTOR('',#2710,1.);
#2710 = DIRECTION('',(0.,-1.,0.));
#2711 = FACE_BOUND('',#2712,.T.);
#2712 = EDGE_LOOP('',(#2713,#2723,#2731,#2739));
#2713 = ORIENTED_EDGE('',*,*,#2714,.F.);
#2714 = EDGE_CURVE('',#2715,#2717,#2719,.T.);
#2715 = VERTEX_POINT('',#2716);
#2716 = CARTESIAN_POINT('',(137.,-22.,7.6));
#2717 = VERTEX_POINT('',#2718);
#2718 = CARTESIAN_POINT('',(123.,-22.,7.6));
#2719 = LINE('',#2720,#2721);
#2720 = CARTESIAN_POINT('',(102.66160389732,-22.,7.6));
#2721 = VECTOR('',#2722,1.);
#2722 = DIRECTION('',(-1.,0.,0.));
#2723 = ORIENTED_EDGE('',*,*,#2724,.F.);
#2724 = EDGE_CURVE('',#2725,#2715,#2727,.T.);
#2725 = VERTEX_POINT('',#2726);
#2726 = CARTESIAN_POINT('',(137.,-36.,7.6));
#2727 = LINE('',#2728,#2729);
#2728 = CARTESIAN_POINT('',(137.,-33.71905291451,7.6));
#2729 = VECTOR('',#2730,1.);
#2730 = DIRECTION('',(0.,1.,0.));
#2731 = ORIENTED_EDGE('',*,*,#2732,.F.);
#2732 = EDGE_CURVE('',#2733,#2725,#2735,.T.);
#2733 = VERTEX_POINT('',#2734);
#2734 = CARTESIAN_POINT('',(123.,-36.,7.6));
#2735 = LINE('',#2736,#2737);
#2736 = CARTESIAN_POINT('',(109.66160389732,-36.,7.6));
#2737 = VECTOR('',#2738,1.);
#2738 = DIRECTION('',(1.,0.,0.));
#2739 = ORIENTED_EDGE('',*,*,#2740,.F.);
#2740 = EDGE_CURVE('',#2717,#2733,#2741,.T.);
#2741 = LINE('',#2742,#2743);
#2742 = CARTESIAN_POINT('',(123.,-40.71905291451,7.6));
#2743 = VECTOR('',#2744,1.);
#2744 = DIRECTION('',(0.,-1.,0.));
#2745 = FACE_BOUND('',#2746,.T.);
#2746 = EDGE_LOOP('',(#2747));
#2747 = ORIENTED_EDGE('',*,*,#2748,.T.);
#2748 = EDGE_CURVE('',#2749,#2749,#2751,.T.);
#2749 = VERTEX_POINT('',#2750);
#2750 = CARTESIAN_POINT('',(104.15,-20.5,7.6));
#2751 = CIRCLE('',#2752,1.15);
#2752 = AXIS2_PLACEMENT_3D('',#2753,#2754,#2755);
#2753 = CARTESIAN_POINT('',(103.,-20.5,7.6));
#2754 = DIRECTION('',(0.,0.,-1.));
#2755 = DIRECTION('',(1.,0.,0.));
#2756 = FACE_BOUND('',#2757,.T.);
#2757 = EDGE_LOOP('',(#2758,#2768,#2776,#2784));
#2758 = ORIENTED_EDGE('',*,*,#2759,.F.);
#2759 = EDGE_CURVE('',#2760,#2762,#2764,.T.);
#2760 = VERTEX_POINT('',#2761);
#2761 = CARTESIAN_POINT('',(101.,-5.,7.6));
#2762 = VERTEX_POINT('',#2763);
#2763 = CARTESIAN_POINT('',(87.,-5.,7.6));
#2764 = LINE('',#2765,#2766);
#2765 = CARTESIAN_POINT('',(84.661603897323,-5.,7.6));
#2766 = VECTOR('',#2767,1.);
#2767 = DIRECTION('',(-1.,0.,0.));
#2768 = ORIENTED_EDGE('',*,*,#2769,.F.);
#2769 = EDGE_CURVE('',#2770,#2760,#2772,.T.);
#2770 = VERTEX_POINT('',#2771);
#2771 = CARTESIAN_POINT('',(101.,-19.,7.6));
#2772 = LINE('',#2773,#2774);
#2773 = CARTESIAN_POINT('',(101.,-25.21905291451,7.6));
#2774 = VECTOR('',#2775,1.);
#2775 = DIRECTION('',(0.,1.,0.));
#2776 = ORIENTED_EDGE('',*,*,#2777,.F.);
#2777 = EDGE_CURVE('',#2778,#2770,#2780,.T.);
#2778 = VERTEX_POINT('',#2779);
#2779 = CARTESIAN_POINT('',(87.,-19.,7.6));
#2780 = LINE('',#2781,#2782);
#2781 = CARTESIAN_POINT('',(91.661603897323,-19.,7.6));
#2782 = VECTOR('',#2783,1.);
#2783 = DIRECTION('',(1.,0.,0.));
#2784 = ORIENTED_EDGE('',*,*,#2785,.F.);
#2785 = EDGE_CURVE('',#2762,#2778,#2786,.T.);
#2786 = LINE('',#2787,#2788);
#2787 = CARTESIAN_POINT('',(87.,-32.21905291451,7.6));
#2788 = VECTOR('',#2789,1.);
#2789 = DIRECTION('',(0.,-1.,0.));
#2790 = FACE_BOUND('',#2791,.T.);
#2791 = EDGE_LOOP('',(#2792,#2802,#2810,#2818));
#2792 = ORIENTED_EDGE('',*,*,#2793,.F.);
#2793 = EDGE_CURVE('',#2794,#2796,#2798,.T.);
#2794 = VERTEX_POINT('',#2795);
#2795 = CARTESIAN_POINT('',(119.,-10.,7.6));
#2796 = VERTEX_POINT('',#2797);
#2797 = CARTESIAN_POINT('',(105.,-10.,7.6));
#2798 = LINE('',#2799,#2800);
#2799 = CARTESIAN_POINT('',(93.661603897323,-10.,7.6));
#2800 = VECTOR('',#2801,1.);
#2801 = DIRECTION('',(-1.,0.,0.));
#2802 = ORIENTED_EDGE('',*,*,#2803,.F.);
#2803 = EDGE_CURVE('',#2804,#2794,#2806,.T.);
#2804 = VERTEX_POINT('',#2805);
#2805 = CARTESIAN_POINT('',(119.,-24.,7.6));
#2806 = LINE('',#2807,#2808);
#2807 = CARTESIAN_POINT('',(119.,-27.71905291451,7.6));
#2808 = VECTOR('',#2809,1.);
#2809 = DIRECTION('',(0.,1.,0.));
#2810 = ORIENTED_EDGE('',*,*,#2811,.F.);
#2811 = EDGE_CURVE('',#2812,#2804,#2814,.T.);
#2812 = VERTEX_POINT('',#2813);
#2813 = CARTESIAN_POINT('',(105.,-24.,7.6));
#2814 = LINE('',#2815,#2816);
#2815 = CARTESIAN_POINT('',(100.66160389732,-24.,7.6));
#2816 = VECTOR('',#2817,1.);
#2817 = DIRECTION('',(1.,0.,0.));
#2818 = ORIENTED_EDGE('',*,*,#2819,.F.);
#2819 = EDGE_CURVE('',#2796,#2812,#2820,.T.);
#2820 = LINE('',#2821,#2822);
#2821 = CARTESIAN_POINT('',(105.,-34.71905291451,7.6));
#2822 = VECTOR('',#2823,1.);
#2823 = DIRECTION('',(0.,-1.,0.));
#2824 = PLANE('',#2825);
#2825 = AXIS2_PLACEMENT_3D('',#2826,#2827,#2828);
#2826 = CARTESIAN_POINT('',(82.323207794646,-45.43810582902,7.6));
#2827 = DIRECTION('',(0.,0.,1.));
#2828 = DIRECTION('',(1.,0.,0.));
#2829 = ADVANCED_FACE('',(#2830),#2841,.T.);
#2830 = FACE_BOUND('',#2831,.F.);
#2831 = EDGE_LOOP('',(#2832,#2838,#2839,#2840));
#2832 = ORIENTED_EDGE('',*,*,#2833,.T.);
#2833 = EDGE_CURVE('',#128,#2166,#2834,.T.);
#2834 = LINE('',#2835,#2836);
#2835 = CARTESIAN_POINT('',(139.35,-74.75,6.3));
#2836 = VECTOR('',#2837,1.);
#2837 = DIRECTION('',(0.,0.,1.));
#2838 = ORIENTED_EDGE('',*,*,#2173,.T.);
#2839 = ORIENTED_EDGE('',*,*,#63,.F.);
#2840 = ORIENTED_EDGE('',*,*,#135,.F.);
#2841 = CYLINDRICAL_SURFACE('',#2842,2.4);
#2842 = AXIS2_PLACEMENT_3D('',#2843,#2844,#2845);
#2843 = CARTESIAN_POINT('',(139.35,-72.35,6.3));
#2844 = DIRECTION('',(0.,0.,-1.));
#2845 = DIRECTION('',(0.,-1.,0.));
#2846 = ADVANCED_FACE('',(#2847),#2858,.F.);
#2847 = FACE_BOUND('',#2848,.F.);
#2848 = EDGE_LOOP('',(#2849,#2850,#2851,#2857));
#2849 = ORIENTED_EDGE('',*,*,#103,.T.);
#2850 = ORIENTED_EDGE('',*,*,#1499,.T.);
#2851 = ORIENTED_EDGE('',*,*,#2852,.F.);
#2852 = EDGE_CURVE('',#146,#1500,#2853,.T.);
#2853 = LINE('',#2854,#2855);
#2854 = CARTESIAN_POINT('',(123.75,-15.95,6.3));
#2855 = VECTOR('',#2856,1.);
#2856 = DIRECTION('',(0.,0.,1.));
#2857 = ORIENTED_EDGE('',*,*,#145,.F.);
#2858 = CYLINDRICAL_SURFACE('',#2859,1.3);
#2859 = AXIS2_PLACEMENT_3D('',#2860,#2861,#2862);
#2860 = CARTESIAN_POINT('',(125.05,-15.95,6.3));
#2861 = DIRECTION('',(0.,0.,-1.));
#2862 = DIRECTION('',(0.,-1.,0.));
#2863 = ADVANCED_FACE('',(#2864),#2875,.F.);
#2864 = FACE_BOUND('',#2865,.F.);
#2865 = EDGE_LOOP('',(#2866,#2872,#2873,#2874));
#2866 = ORIENTED_EDGE('',*,*,#2867,.T.);
#2867 = EDGE_CURVE('',#126,#2157,#2868,.T.);
#2868 = LINE('',#2869,#2870);
#2869 = CARTESIAN_POINT('',(120.65,-74.75,6.3));
#2870 = VECTOR('',#2871,1.);
#2871 = DIRECTION('',(0.,0.,1.));
#2872 = ORIENTED_EDGE('',*,*,#2165,.T.);
#2873 = ORIENTED_EDGE('',*,*,#2833,.F.);
#2874 = ORIENTED_EDGE('',*,*,#125,.F.);
#2875 = PLANE('',#2876);
#2876 = AXIS2_PLACEMENT_3D('',#2877,#2878,#2879);
#2877 = CARTESIAN_POINT('',(120.65,-74.75,6.3));
#2878 = DIRECTION('',(0.,1.,0.));
#2879 = DIRECTION('',(1.,0.,0.));
#2880 = ADVANCED_FACE('',(#2881),#2892,.T.);
#2881 = FACE_BOUND('',#2882,.F.);
#2882 = EDGE_LOOP('',(#2883,#2889,#2890,#2891));
#2883 = ORIENTED_EDGE('',*,*,#2884,.T.);
#2884 = EDGE_CURVE('',#829,#2149,#2885,.T.);
#2885 = LINE('',#2886,#2887);
#2886 = CARTESIAN_POINT('',(118.25,-72.35,6.3));
#2887 = VECTOR('',#2888,1.);
#2888 = DIRECTION('',(0.,0.,1.));
#2889 = ORIENTED_EDGE('',*,*,#2156,.T.);
#2890 = ORIENTED_EDGE('',*,*,#2867,.F.);
#2891 = ORIENTED_EDGE('',*,*,#836,.F.);
#2892 = CYLINDRICAL_SURFACE('',#2893,2.4);
#2893 = AXIS2_PLACEMENT_3D('',#2894,#2895,#2896);
#2894 = CARTESIAN_POINT('',(120.65,-72.35,6.3));
#2895 = DIRECTION('',(-0.,-0.,-1.));
#2896 = DIRECTION('',(-1.,-1.184E-14,0.));
#2897 = ADVANCED_FACE('',(#2898),#2909,.F.);
#2898 = FACE_BOUND('',#2899,.F.);
#2899 = EDGE_LOOP('',(#2900,#2906,#2907,#2908));
#2900 = ORIENTED_EDGE('',*,*,#2901,.T.);
#2901 = EDGE_CURVE('',#820,#2140,#2902,.T.);
#2902 = LINE('',#2903,#2904);
#2903 = CARTESIAN_POINT('',(118.25,-66.75,6.3));
#2904 = VECTOR('',#2905,1.);
#2905 = DIRECTION('',(0.,0.,1.));
#2906 = ORIENTED_EDGE('',*,*,#2148,.T.);
#2907 = ORIENTED_EDGE('',*,*,#2884,.F.);
#2908 = ORIENTED_EDGE('',*,*,#828,.F.);
#2909 = PLANE('',#2910);
#2910 = AXIS2_PLACEMENT_3D('',#2911,#2912,#2913);
#2911 = CARTESIAN_POINT('',(118.25,-66.75,6.3));
#2912 = DIRECTION('',(1.,0.,0.));
#2913 = DIRECTION('',(0.,-1.,0.));
#2914 = ADVANCED_FACE('',(#2915),#2926,.F.);
#2915 = FACE_BOUND('',#2916,.F.);
#2916 = EDGE_LOOP('',(#2917,#2923,#2924,#2925));
#2917 = ORIENTED_EDGE('',*,*,#2918,.T.);
#2918 = EDGE_CURVE('',#812,#2132,#2919,.T.);
#2919 = LINE('',#2920,#2921);
#2920 = CARTESIAN_POINT('',(114.25,-62.75,6.3));
#2921 = VECTOR('',#2922,1.);
#2922 = DIRECTION('',(0.,0.,1.));
#2923 = ORIENTED_EDGE('',*,*,#2139,.T.);
#2924 = ORIENTED_EDGE('',*,*,#2901,.F.);
#2925 = ORIENTED_EDGE('',*,*,#819,.F.);
#2926 = CYLINDRICAL_SURFACE('',#2927,4.);
#2927 = AXIS2_PLACEMENT_3D('',#2928,#2929,#2930);
#2928 = CARTESIAN_POINT('',(114.25,-66.75,6.3));
#2929 = DIRECTION('',(0.,0.,-1.));
#2930 = DIRECTION('',(3.55E-15,1.,0.));
#2931 = ADVANCED_FACE('',(#2932),#2943,.F.);
#2932 = FACE_BOUND('',#2933,.F.);
#2933 = EDGE_LOOP('',(#2934,#2940,#2941,#2942));
#2934 = ORIENTED_EDGE('',*,*,#2935,.T.);
#2935 = EDGE_CURVE('',#803,#2123,#2936,.T.);
#2936 = LINE('',#2937,#2938);
#2937 = CARTESIAN_POINT('',(96.353146750801,-62.75,6.3));
#2938 = VECTOR('',#2939,1.);
#2939 = DIRECTION('',(0.,0.,1.));
#2940 = ORIENTED_EDGE('',*,*,#2131,.T.);
#2941 = ORIENTED_EDGE('',*,*,#2918,.F.);
#2942 = ORIENTED_EDGE('',*,*,#811,.F.);
#2943 = PLANE('',#2944);
#2944 = AXIS2_PLACEMENT_3D('',#2945,#2946,#2947);
#2945 = CARTESIAN_POINT('',(96.353146750801,-62.75,6.3));
#2946 = DIRECTION('',(0.,1.,0.));
#2947 = DIRECTION('',(1.,0.,0.));
#2948 = ADVANCED_FACE('',(#2949),#2960,.F.);
#2949 = FACE_BOUND('',#2950,.F.);
#2950 = EDGE_LOOP('',(#2951,#2957,#2958,#2959));
#2951 = ORIENTED_EDGE('',*,*,#2952,.T.);
#2952 = EDGE_CURVE('',#795,#2115,#2953,.T.);
#2953 = LINE('',#2954,#2955);
#2954 = CARTESIAN_POINT('',(93.364562656526,-65.48853277175,6.3));
#2955 = VECTOR('',#2956,1.);
#2956 = DIRECTION('',(0.,0.,1.));
#2957 = ORIENTED_EDGE('',*,*,#2122,.T.);
#2958 = ORIENTED_EDGE('',*,*,#2935,.F.);
#2959 = ORIENTED_EDGE('',*,*,#802,.F.);
#2960 = CYLINDRICAL_SURFACE('',#2961,3.);
#2961 = AXIS2_PLACEMENT_3D('',#2962,#2963,#2964);
#2962 = CARTESIAN_POINT('',(96.353146750801,-65.75,6.3));
#2963 = DIRECTION('',(0.,0.,-1.));
#2964 = DIRECTION('',(-0.996194698092,8.715574274766E-02,0.));
#2965 = ADVANCED_FACE('',(#2966),#2977,.F.);
#2966 = FACE_BOUND('',#2967,.F.);
#2967 = EDGE_LOOP('',(#2968,#2974,#2975,#2976));
#2968 = ORIENTED_EDGE('',*,*,#2969,.T.);
#2969 = EDGE_CURVE('',#786,#2106,#2970,.T.);
#2970 = LINE('',#2971,#2972);
#2971 = CARTESIAN_POINT('',(91.890381507887,-82.33850040444,6.3));
#2972 = VECTOR('',#2973,1.);
#2973 = DIRECTION('',(0.,0.,1.));
#2974 = ORIENTED_EDGE('',*,*,#2114,.T.);
#2975 = ORIENTED_EDGE('',*,*,#2952,.F.);
#2976 = ORIENTED_EDGE('',*,*,#794,.F.);
#2977 = PLANE('',#2978);
#2978 = AXIS2_PLACEMENT_3D('',#2979,#2980,#2981);
#2979 = CARTESIAN_POINT('',(91.890381507887,-82.33850040444,6.3));
#2980 = DIRECTION('',(-0.996194698092,8.715574274766E-02,0.));
#2981 = DIRECTION('',(8.715574274766E-02,0.996194698092,0.));
#2982 = ADVANCED_FACE('',(#2983),#2994,.T.);
#2983 = FACE_BOUND('',#2984,.F.);
#2984 = EDGE_LOOP('',(#2985,#2991,#2992,#2993));
#2985 = ORIENTED_EDGE('',*,*,#2986,.T.);
#2986 = EDGE_CURVE('',#778,#2098,#2987,.T.);
#2987 = LINE('',#2988,#2989);
#2988 = CARTESIAN_POINT('',(89.290340449873,-84.52019389726,6.3));
#2989 = VECTOR('',#2990,1.);
#2990 = DIRECTION('',(0.,0.,1.));
#2991 = ORIENTED_EDGE('',*,*,#2105,.T.);
#2992 = ORIENTED_EDGE('',*,*,#2969,.F.);
#2993 = ORIENTED_EDGE('',*,*,#785,.F.);
#2994 = CYLINDRICAL_SURFACE('',#2995,2.4);
#2995 = AXIS2_PLACEMENT_3D('',#2996,#2997,#2998);
#2996 = CARTESIAN_POINT('',(89.499514232467,-82.12932662184,6.3));
#2997 = DIRECTION('',(-0.,-0.,-1.));
#2998 = DIRECTION('',(-8.715574274765E-02,-0.996194698092,0.));
#2999 = ADVANCED_FACE('',(#3000),#3011,.F.);
#3000 = FACE_BOUND('',#3001,.F.);
#3001 = EDGE_LOOP('',(#3002,#3008,#3009,#3010));
#3002 = ORIENTED_EDGE('',*,*,#3003,.T.);
#3003 = EDGE_CURVE('',#769,#2089,#3004,.T.);
#3004 = LINE('',#3005,#3006);
#3005 = CARTESIAN_POINT('',(75.193596119877,-83.28688857577,6.3));
#3006 = VECTOR('',#3007,1.);
#3007 = DIRECTION('',(0.,0.,1.));
#3008 = ORIENTED_EDGE('',*,*,#2097,.T.);
#3009 = ORIENTED_EDGE('',*,*,#2986,.F.);
#3010 = ORIENTED_EDGE('',*,*,#777,.F.);
#3011 = PLANE('',#3012);
#3012 = AXIS2_PLACEMENT_3D('',#3013,#3014,#3015);
#3013 = CARTESIAN_POINT('',(75.193596119877,-83.28688857577,6.3));
#3014 = DIRECTION('',(8.715574274766E-02,0.996194698092,0.));
#3015 = DIRECTION('',(0.996194698092,-8.715574274766E-02,0.));
#3016 = ADVANCED_FACE('',(#3017),#3028,.F.);
#3017 = FACE_BOUND('',#3018,.F.);
#3018 = EDGE_LOOP('',(#3019,#3025,#3026,#3027));
#3019 = ORIENTED_EDGE('',*,*,#3020,.T.);
#3020 = EDGE_CURVE('',#761,#2081,#3021,.T.);
#3021 = LINE('',#3022,#3023);
#3022 = CARTESIAN_POINT('',(66.065458905367,-83.68543165355,6.3));
#3023 = VECTOR('',#3024,1.);
#3024 = DIRECTION('',(0.,0.,1.));
#3025 = ORIENTED_EDGE('',*,*,#2088,.T.);
#3026 = ORIENTED_EDGE('',*,*,#3003,.F.);
#3027 = ORIENTED_EDGE('',*,*,#768,.F.);
#3028 = CYLINDRICAL_SURFACE('',#3029,35.);
#3029 = AXIS2_PLACEMENT_3D('',#3030,#3031,#3032);
#3030 = CARTESIAN_POINT('',(72.143145123709,-118.1537030089,6.3));
#3031 = DIRECTION('',(0.,0.,-1.));
#3032 = DIRECTION('',(-0.173648177667,0.984807753012,0.));
#3033 = ADVANCED_FACE('',(#3034),#3045,.F.);
#3034 = FACE_BOUND('',#3035,.F.);
#3035 = EDGE_LOOP('',(#3036,#3042,#3043,#3044));
#3036 = ORIENTED_EDGE('',*,*,#3037,.T.);
#3037 = EDGE_CURVE('',#752,#2072,#3038,.T.);
#3038 = LINE('',#3039,#3040);
#3039 = CARTESIAN_POINT('',(57.471798927357,-85.20072577071,6.3));
#3040 = VECTOR('',#3041,1.);
#3041 = DIRECTION('',(0.,0.,1.));
#3042 = ORIENTED_EDGE('',*,*,#2080,.T.);
#3043 = ORIENTED_EDGE('',*,*,#3020,.F.);
#3044 = ORIENTED_EDGE('',*,*,#760,.F.);
#3045 = PLANE('',#3046);
#3046 = AXIS2_PLACEMENT_3D('',#3047,#3048,#3049);
#3047 = CARTESIAN_POINT('',(57.471798927357,-85.20072577071,6.3));
#3048 = DIRECTION('',(-0.173648177667,0.984807753012,0.));
#3049 = DIRECTION('',(0.984807753012,0.173648177667,0.));
#3050 = ADVANCED_FACE('',(#3051),#3062,.F.);
#3051 = FACE_BOUND('',#3052,.F.);
#3052 = EDGE_LOOP('',(#3053,#3059,#3060,#3061));
#3053 = ORIENTED_EDGE('',*,*,#3054,.T.);
#3054 = EDGE_CURVE('',#744,#2064,#3055,.T.);
#3055 = LINE('',#3056,#3057);
#3056 = CARTESIAN_POINT('',(48.757845984775,-87.94822457985,6.3));
#3057 = VECTOR('',#3058,1.);
#3058 = DIRECTION('',(0.,0.,1.));
#3059 = ORIENTED_EDGE('',*,*,#2071,.T.);
#3060 = ORIENTED_EDGE('',*,*,#3037,.F.);
#3061 = ORIENTED_EDGE('',*,*,#751,.F.);
#3062 = CYLINDRICAL_SURFACE('',#3063,35.);
#3063 = AXIS2_PLACEMENT_3D('',#3064,#3065,#3066);
#3064 = CARTESIAN_POINT('',(63.5494851457,-119.6689971261,6.3));
#3065 = DIRECTION('',(0.,0.,-1.));
#3066 = DIRECTION('',(-0.422618261741,0.906307787037,0.));
#3067 = ADVANCED_FACE('',(#3068),#3079,.F.);
#3068 = FACE_BOUND('',#3069,.F.);
#3069 = EDGE_LOOP('',(#3070,#3076,#3077,#3078));
#3070 = ORIENTED_EDGE('',*,*,#3071,.T.);
#3071 = EDGE_CURVE('',#735,#2055,#3072,.T.);
#3072 = LINE('',#3073,#3074);
#3073 = CARTESIAN_POINT('',(34.491786766661,-94.60059724495,6.3));
#3074 = VECTOR('',#3075,1.);
#3075 = DIRECTION('',(0.,0.,1.));
#3076 = ORIENTED_EDGE('',*,*,#2063,.T.);
#3077 = ORIENTED_EDGE('',*,*,#3054,.F.);
#3078 = ORIENTED_EDGE('',*,*,#743,.F.);
#3079 = PLANE('',#3080);
#3080 = AXIS2_PLACEMENT_3D('',#3081,#3082,#3083);
#3081 = CARTESIAN_POINT('',(34.491786766661,-94.60059724495,6.3));
#3082 = DIRECTION('',(-0.422618261741,0.906307787037,0.));
#3083 = DIRECTION('',(0.906307787037,0.422618261741,0.));
#3084 = ADVANCED_FACE('',(#3085),#3096,.T.);
#3085 = FACE_BOUND('',#3086,.F.);
#3086 = EDGE_LOOP('',(#3087,#3093,#3094,#3095));
#3087 = ORIENTED_EDGE('',*,*,#3088,.T.);
#3088 = EDGE_CURVE('',#727,#2047,#3089,.T.);
#3089 = LINE('',#3090,#3091);
#3090 = CARTESIAN_POINT('',(31.302364249595,-93.43974238424,6.3));
#3091 = VECTOR('',#3092,1.);
#3092 = DIRECTION('',(0.,0.,1.));
#3093 = ORIENTED_EDGE('',*,*,#2054,.T.);
#3094 = ORIENTED_EDGE('',*,*,#3071,.F.);
#3095 = ORIENTED_EDGE('',*,*,#734,.F.);
#3096 = CYLINDRICAL_SURFACE('',#3097,2.4);
#3097 = AXIS2_PLACEMENT_3D('',#3098,#3099,#3100);
#3098 = CARTESIAN_POINT('',(33.477502938483,-92.42545855606,6.3));
#3099 = DIRECTION('',(-0.,-0.,-1.));
#3100 = DIRECTION('',(-0.906307787037,-0.422618261741,0.));
#3101 = ADVANCED_FACE('',(#3102),#3113,.F.);
#3102 = FACE_BOUND('',#3103,.F.);
#3103 = EDGE_LOOP('',(#3104,#3110,#3111,#3112));
#3104 = ORIENTED_EDGE('',*,*,#3105,.T.);
#3105 = EDGE_CURVE('',#718,#2038,#3106,.T.);
#3106 = LINE('',#3107,#3108);
#3107 = CARTESIAN_POINT('',(25.224861311112,-80.40649527325,6.3));
#3108 = VECTOR('',#3109,1.);
#3109 = DIRECTION('',(0.,0.,1.));
#3110 = ORIENTED_EDGE('',*,*,#2046,.T.);
#3111 = ORIENTED_EDGE('',*,*,#3088,.F.);
#3112 = ORIENTED_EDGE('',*,*,#726,.F.);
#3113 = PLANE('',#3114);
#3114 = AXIS2_PLACEMENT_3D('',#3115,#3116,#3117);
#3115 = CARTESIAN_POINT('',(25.224861311112,-80.40649527325,6.3));
#3116 = DIRECTION('',(0.906307787037,0.422618261741,0.));
#3117 = DIRECTION('',(0.422618261741,-0.906307787037,0.));
#3118 = ADVANCED_FACE('',(#3119),#3130,.T.);
#3119 = FACE_BOUND('',#3120,.F.);
#3120 = EDGE_LOOP('',(#3121,#3127,#3128,#3129));
#3121 = ORIENTED_EDGE('',*,*,#3122,.T.);
#3122 = EDGE_CURVE('',#710,#2030,#3123,.T.);
#3123 = LINE('',#3124,#3125);
#3124 = CARTESIAN_POINT('',(25.,-79.39221144507,6.3));
#3125 = VECTOR('',#3126,1.);
#3126 = DIRECTION('',(0.,0.,1.));
#3127 = ORIENTED_EDGE('',*,*,#2037,.T.);
#3128 = ORIENTED_EDGE('',*,*,#3105,.F.);
#3129 = ORIENTED_EDGE('',*,*,#717,.F.);
#3130 = CYLINDRICAL_SURFACE('',#3131,2.4);
#3131 = AXIS2_PLACEMENT_3D('',#3132,#3133,#3134);
#3132 = CARTESIAN_POINT('',(27.4,-79.39221144507,6.3));
#3133 = DIRECTION('',(-0.,-0.,-1.));
#3134 = DIRECTION('',(-1.,-5.92E-15,0.));
#3135 = ADVANCED_FACE('',(#3136),#3147,.F.);
#3136 = FACE_BOUND('',#3137,.F.);
#3137 = EDGE_LOOP('',(#3138,#3139,#3145,#3146));
#3138 = ORIENTED_EDGE('',*,*,#709,.F.);
#3139 = ORIENTED_EDGE('',*,*,#3140,.F.);
#3140 = EDGE_CURVE('',#2022,#702,#3141,.T.);
#3141 = LINE('',#3142,#3143);
#3142 = CARTESIAN_POINT('',(25.,-66.47939768731,6.25));
#3143 = VECTOR('',#3144,1.);
#3144 = DIRECTION('',(0.,0.,-1.));
#3145 = ORIENTED_EDGE('',*,*,#2029,.T.);
#3146 = ORIENTED_EDGE('',*,*,#3122,.F.);
#3147 = PLANE('',#3148);
#3148 = AXIS2_PLACEMENT_3D('',#3149,#3150,#3151);
#3149 = CARTESIAN_POINT('',(25.,-13.4,6.3));
#3150 = DIRECTION('',(1.,0.,0.));
#3151 = DIRECTION('',(0.,-1.,0.));
#3152 = ADVANCED_FACE('',(#3153),#3164,.F.);
#3153 = FACE_BOUND('',#3154,.F.);
#3154 = EDGE_LOOP('',(#3155,#3156,#3162,#3163));
#3155 = ORIENTED_EDGE('',*,*,#701,.T.);
#3156 = ORIENTED_EDGE('',*,*,#3157,.T.);
#3157 = EDGE_CURVE('',#694,#2014,#3158,.T.);
#3158 = LINE('',#3159,#3160);
#3159 = CARTESIAN_POINT('',(25.052391440127,-66.5668075244,6.2));
#3160 = VECTOR('',#3161,1.);
#3161 = DIRECTION('',(0.,0.,1.));
#3162 = ORIENTED_EDGE('',*,*,#2021,.F.);
#3163 = ORIENTED_EDGE('',*,*,#3140,.T.);
#3164 = PLANE('',#3165);
#3165 = AXIS2_PLACEMENT_3D('',#3166,#3167,#3168);
#3166 = CARTESIAN_POINT('',(25.052391440127,-66.5668075244,6.2));
#3167 = DIRECTION('',(-0.85772861,-0.514102744193,0.));
#3168 = DIRECTION('',(-0.514102744193,0.85772861,0.));
#3169 = ADVANCED_FACE('',(#3170),#3181,.F.);
#3170 = FACE_BOUND('',#3171,.F.);
#3171 = EDGE_LOOP('',(#3172,#3173,#3179,#3180));
#3172 = ORIENTED_EDGE('',*,*,#693,.T.);
#3173 = ORIENTED_EDGE('',*,*,#3174,.T.);
#3174 = EDGE_CURVE('',#686,#2006,#3175,.T.);
#3175 = LINE('',#3176,#3177);
#3176 = CARTESIAN_POINT('',(25.133077769741,-66.67560044583,6.2));
#3177 = VECTOR('',#3178,1.);
#3178 = DIRECTION('',(0.,0.,1.));
#3179 = ORIENTED_EDGE('',*,*,#2013,.F.);
#3180 = ORIENTED_EDGE('',*,*,#3157,.F.);
#3181 = PLANE('',#3182);
#3182 = AXIS2_PLACEMENT_3D('',#3183,#3184,#3185);
#3183 = CARTESIAN_POINT('',(25.133077769741,-66.67560044583,6.2));
#3184 = DIRECTION('',(-0.803207531481,-0.595699304492,0.));
#3185 = DIRECTION('',(-0.595699304492,0.803207531481,0.));
#3186 = ADVANCED_FACE('',(#3187),#3198,.F.);
#3187 = FACE_BOUND('',#3188,.F.);
#3188 = EDGE_LOOP('',(#3189,#3190,#3196,#3197));
#3189 = ORIENTED_EDGE('',*,*,#685,.T.);
#3190 = ORIENTED_EDGE('',*,*,#3191,.T.);
#3191 = EDGE_CURVE('',#678,#1998,#3192,.T.);
#3192 = LINE('',#3193,#3194);
#3193 = CARTESIAN_POINT('',(25.224039143672,-66.77596085632,6.2));
#3194 = VECTOR('',#3195,1.);
#3195 = DIRECTION('',(0.,0.,1.));
#3196 = ORIENTED_EDGE('',*,*,#2005,.F.);
#3197 = ORIENTED_EDGE('',*,*,#3174,.F.);
#3198 = PLANE('',#3199);
#3199 = AXIS2_PLACEMENT_3D('',#3200,#3201,#3202);
#3200 = CARTESIAN_POINT('',(25.224039143672,-66.77596085632,6.2));
#3201 = DIRECTION('',(-0.740951125355,-0.671558954847,0.));
#3202 = DIRECTION('',(-0.671558954847,0.740951125355,0.));
#3203 = ADVANCED_FACE('',(#3204),#3215,.F.);
#3204 = FACE_BOUND('',#3205,.F.);
#3205 = EDGE_LOOP('',(#3206,#3207,#3213,#3214));
#3206 = ORIENTED_EDGE('',*,*,#677,.T.);
#3207 = ORIENTED_EDGE('',*,*,#3208,.T.);
#3208 = EDGE_CURVE('',#670,#1990,#3209,.T.);
#3209 = LINE('',#3210,#3211);
#3210 = CARTESIAN_POINT('',(25.324399554163,-66.86692223025,6.2));
#3211 = VECTOR('',#3212,1.);
#3212 = DIRECTION('',(0.,0.,1.));
#3213 = ORIENTED_EDGE('',*,*,#1997,.F.);
#3214 = ORIENTED_EDGE('',*,*,#3191,.F.);
#3215 = PLANE('',#3216);
#3216 = AXIS2_PLACEMENT_3D('',#3217,#3218,#3219);
#3217 = CARTESIAN_POINT('',(25.324399554163,-66.86692223025,6.2));
#3218 = DIRECTION('',(-0.671558954847,-0.740951125355,0.));
#3219 = DIRECTION('',(-0.740951125355,0.671558954847,0.));
#3220 = ADVANCED_FACE('',(#3221),#3232,.F.);
#3221 = FACE_BOUND('',#3222,.F.);
#3222 = EDGE_LOOP('',(#3223,#3224,#3230,#3231));
#3223 = ORIENTED_EDGE('',*,*,#669,.T.);
#3224 = ORIENTED_EDGE('',*,*,#3225,.T.);
#3225 = EDGE_CURVE('',#662,#1982,#3226,.T.);
#3226 = LINE('',#3227,#3228);
#3227 = CARTESIAN_POINT('',(25.4331924756,-66.94760855987,6.2));
#3228 = VECTOR('',#3229,1.);
#3229 = DIRECTION('',(0.,0.,1.));
#3230 = ORIENTED_EDGE('',*,*,#1989,.F.);
#3231 = ORIENTED_EDGE('',*,*,#3208,.F.);
#3232 = PLANE('',#3233);
#3233 = AXIS2_PLACEMENT_3D('',#3234,#3235,#3236);
#3234 = CARTESIAN_POINT('',(25.4331924756,-66.94760855987,6.2));
#3235 = DIRECTION('',(-0.595699304492,-0.803207531481,0.));
#3236 = DIRECTION('',(-0.803207531481,0.595699304492,0.));
#3237 = ADVANCED_FACE('',(#3238),#3249,.F.);
#3238 = FACE_BOUND('',#3239,.F.);
#3239 = EDGE_LOOP('',(#3240,#3241,#3247,#3248));
#3240 = ORIENTED_EDGE('',*,*,#661,.T.);
#3241 = ORIENTED_EDGE('',*,*,#3242,.T.);
#3242 = EDGE_CURVE('',#654,#1974,#3243,.T.);
#3243 = LINE('',#3244,#3245);
#3244 = CARTESIAN_POINT('',(25.549370172676,-67.0172427917,6.2));
#3245 = VECTOR('',#3246,1.);
#3246 = DIRECTION('',(0.,0.,1.));
#3247 = ORIENTED_EDGE('',*,*,#1981,.F.);
#3248 = ORIENTED_EDGE('',*,*,#3225,.F.);
#3249 = PLANE('',#3250);
#3250 = AXIS2_PLACEMENT_3D('',#3251,#3252,#3253);
#3251 = CARTESIAN_POINT('',(25.549370172676,-67.0172427917,6.2));
#3252 = DIRECTION('',(-0.514102744193,-0.85772861,0.));
#3253 = DIRECTION('',(-0.85772861,0.514102744193,0.));
#3254 = ADVANCED_FACE('',(#3255),#3266,.F.);
#3255 = FACE_BOUND('',#3256,.F.);
#3256 = EDGE_LOOP('',(#3257,#3258,#3264,#3265));
#3257 = ORIENTED_EDGE('',*,*,#653,.T.);
#3258 = ORIENTED_EDGE('',*,*,#3259,.T.);
#3259 = EDGE_CURVE('',#646,#1966,#3260,.T.);
#3260 = LINE('',#3261,#3262);
#3261 = CARTESIAN_POINT('',(25.67181379066,-67.07515431004,6.2));
#3262 = VECTOR('',#3263,1.);
#3263 = DIRECTION('',(0.,0.,1.));
#3264 = ORIENTED_EDGE('',*,*,#1973,.F.);
#3265 = ORIENTED_EDGE('',*,*,#3242,.F.);
#3266 = PLANE('',#3267);
#3267 = AXIS2_PLACEMENT_3D('',#3268,#3269,#3270);
#3268 = CARTESIAN_POINT('',(25.67181379066,-67.07515431004,6.2));
#3269 = DIRECTION('',(-0.42755509343,-0.903989293123,0.));
#3270 = DIRECTION('',(-0.903989293123,0.42755509343,0.));
#3271 = ADVANCED_FACE('',(#3272),#3283,.F.);
#3272 = FACE_BOUND('',#3273,.F.);
#3273 = EDGE_LOOP('',(#3274,#3275,#3281,#3282));
#3274 = ORIENTED_EDGE('',*,*,#645,.T.);
#3275 = ORIENTED_EDGE('',*,*,#3276,.T.);
#3276 = EDGE_CURVE('',#638,#1958,#3277,.T.);
#3277 = LINE('',#3278,#3279);
#3278 = CARTESIAN_POINT('',(25.799344130576,-67.12078539531,6.2));
#3279 = VECTOR('',#3280,1.);
#3280 = DIRECTION('',(0.,0.,1.));
#3281 = ORIENTED_EDGE('',*,*,#1965,.F.);
#3282 = ORIENTED_EDGE('',*,*,#3259,.F.);
#3283 = PLANE('',#3284);
#3284 = AXIS2_PLACEMENT_3D('',#3285,#3286,#3287);
#3285 = CARTESIAN_POINT('',(25.799344130576,-67.12078539531,6.2));
#3286 = DIRECTION('',(-0.336889853392,-0.941544065183,0.));
#3287 = DIRECTION('',(-0.941544065183,0.336889853392,0.));
#3288 = ADVANCED_FACE('',(#3289),#3300,.F.);
#3289 = FACE_BOUND('',#3290,.F.);
#3290 = EDGE_LOOP('',(#3291,#3292,#3298,#3299));
#3291 = ORIENTED_EDGE('',*,*,#637,.T.);
#3292 = ORIENTED_EDGE('',*,*,#3293,.T.);
#3293 = EDGE_CURVE('',#630,#1950,#3294,.T.);
#3294 = LINE('',#3295,#3296);
#3295 = CARTESIAN_POINT('',(25.930733005535,-67.1536965952,6.2));
#3296 = VECTOR('',#3297,1.);
#3297 = DIRECTION('',(0.,0.,1.));
#3298 = ORIENTED_EDGE('',*,*,#1957,.F.);
#3299 = ORIENTED_EDGE('',*,*,#3276,.F.);
#3300 = PLANE('',#3301);
#3301 = AXIS2_PLACEMENT_3D('',#3302,#3303,#3304);
#3302 = CARTESIAN_POINT('',(25.930733005535,-67.1536965952,6.2));
#3303 = DIRECTION('',(-0.242980179903,-0.970031253195,0.));
#3304 = DIRECTION('',(-0.970031253195,0.242980179903,0.));
#3305 = ADVANCED_FACE('',(#3306),#3317,.F.);
#3306 = FACE_BOUND('',#3307,.F.);
#3307 = EDGE_LOOP('',(#3308,#3309,#3315,#3316));
#3308 = ORIENTED_EDGE('',*,*,#629,.T.);
#3309 = ORIENTED_EDGE('',*,*,#3310,.T.);
#3310 = EDGE_CURVE('',#622,#1942,#3311,.T.);
#3311 = LINE('',#3312,#3313);
#3312 = CARTESIAN_POINT('',(26.064715068847,-67.17357095687,6.2));
#3313 = VECTOR('',#3314,1.);
#3314 = DIRECTION('',(0.,0.,1.));
#3315 = ORIENTED_EDGE('',*,*,#1949,.F.);
#3316 = ORIENTED_EDGE('',*,*,#3293,.F.);
#3317 = PLANE('',#3318);
#3318 = AXIS2_PLACEMENT_3D('',#3319,#3320,#3321);
#3319 = CARTESIAN_POINT('',(26.064715068847,-67.17357095687,6.2));
#3320 = DIRECTION('',(-0.146730474455,-0.989176509965,0.));
#3321 = DIRECTION('',(-0.989176509965,0.146730474455,0.));
#3322 = ADVANCED_FACE('',(#3323),#3334,.F.);
#3323 = FACE_BOUND('',#3324,.F.);
#3324 = EDGE_LOOP('',(#3325,#3326,#3332,#3333));
#3325 = ORIENTED_EDGE('',*,*,#621,.T.);
#3326 = ORIENTED_EDGE('',*,*,#3327,.T.);
#3327 = EDGE_CURVE('',#614,#1934,#3328,.T.);
#3328 = LINE('',#3329,#3330);
#3329 = CARTESIAN_POINT('',(26.19558124802,-67.18,6.2));
#3330 = VECTOR('',#3331,1.);
#3331 = DIRECTION('',(0.,0.,1.));
#3332 = ORIENTED_EDGE('',*,*,#1941,.F.);
#3333 = ORIENTED_EDGE('',*,*,#3310,.F.);
#3334 = PLANE('',#3335);
#3335 = AXIS2_PLACEMENT_3D('',#3336,#3337,#3338);
#3336 = CARTESIAN_POINT('',(26.19558124802,-67.18,6.2));
#3337 = DIRECTION('',(-4.906767432743E-02,-0.998795456205,0.));
#3338 = DIRECTION('',(-0.998795456205,4.906767432743E-02,0.));
#3339 = ADVANCED_FACE('',(#3340),#3397,.F.);
#3340 = FACE_BOUND('',#3341,.F.);
#3341 = EDGE_LOOP('',(#3342,#3343,#3344,#3352,#3360,#3366,#3367,#3375,
    #3383,#3389,#3390,#3396));
#3342 = ORIENTED_EDGE('',*,*,#3327,.F.);
#3343 = ORIENTED_EDGE('',*,*,#613,.T.);
#3344 = ORIENTED_EDGE('',*,*,#3345,.F.);
#3345 = EDGE_CURVE('',#3346,#605,#3348,.T.);
#3346 = VERTEX_POINT('',#3347);
#3347 = CARTESIAN_POINT('',(27.360367680193,-67.18,6.75));
#3348 = LINE('',#3349,#3350);
#3349 = CARTESIAN_POINT('',(27.360367680193,-67.18,5.3));
#3350 = VECTOR('',#3351,1.);
#3351 = DIRECTION('',(-0.,-0.,-1.));
#3352 = ORIENTED_EDGE('',*,*,#3353,.F.);
#3353 = EDGE_CURVE('',#3354,#3346,#3356,.T.);
#3354 = VERTEX_POINT('',#3355);
#3355 = CARTESIAN_POINT('',(31.439632319807,-67.18,6.75));
#3356 = LINE('',#3357,#3358);
#3357 = CARTESIAN_POINT('',(38.60220937599,-67.18,6.75));
#3358 = VECTOR('',#3359,1.);
#3359 = DIRECTION('',(-1.,0.,0.));
#3360 = ORIENTED_EDGE('',*,*,#3361,.T.);
#3361 = EDGE_CURVE('',#3354,#597,#3362,.T.);
#3362 = LINE('',#3363,#3364);
#3363 = CARTESIAN_POINT('',(31.439632319807,-67.18,5.3));
#3364 = VECTOR('',#3365,1.);
#3365 = DIRECTION('',(-0.,-0.,-1.));
#3366 = ORIENTED_EDGE('',*,*,#596,.T.);
#3367 = ORIENTED_EDGE('',*,*,#3368,.F.);
#3368 = EDGE_CURVE('',#3369,#588,#3371,.T.);
#3369 = VERTEX_POINT('',#3370);
#3370 = CARTESIAN_POINT('',(44.158321946218,-67.18,6.75));
#3371 = LINE('',#3372,#3373);
#3372 = CARTESIAN_POINT('',(44.158321946218,-67.18,5.3));
#3373 = VECTOR('',#3374,1.);
#3374 = DIRECTION('',(-0.,-0.,-1.));
#3375 = ORIENTED_EDGE('',*,*,#3376,.F.);
#3376 = EDGE_CURVE('',#3377,#3369,#3379,.T.);
#3377 = VERTEX_POINT('',#3378);
#3378 = CARTESIAN_POINT('',(46.841678053782,-67.18,6.75));
#3379 = LINE('',#3380,#3381);
#3380 = CARTESIAN_POINT('',(46.65220937599,-67.18,6.75));
#3381 = VECTOR('',#3382,1.);
#3382 = DIRECTION('',(-1.,0.,0.));
#3383 = ORIENTED_EDGE('',*,*,#3384,.T.);
#3384 = EDGE_CURVE('',#3377,#580,#3385,.T.);
#3385 = LINE('',#3386,#3387);
#3386 = CARTESIAN_POINT('',(46.841678053782,-67.18,5.3));
#3387 = VECTOR('',#3388,1.);
#3388 = DIRECTION('',(-0.,-0.,-1.));
#3389 = ORIENTED_EDGE('',*,*,#579,.T.);
#3390 = ORIENTED_EDGE('',*,*,#3391,.T.);
#3391 = EDGE_CURVE('',#572,#1926,#3392,.T.);
#3392 = LINE('',#3393,#3394);
#3393 = CARTESIAN_POINT('',(47.80441875198,-67.18,6.2));
#3394 = VECTOR('',#3395,1.);
#3395 = DIRECTION('',(0.,0.,1.));
#3396 = ORIENTED_EDGE('',*,*,#1933,.F.);
#3397 = PLANE('',#3398);
#3398 = AXIS2_PLACEMENT_3D('',#3399,#3400,#3401);
#3399 = CARTESIAN_POINT('',(47.80441875198,-67.18,6.2));
#3400 = DIRECTION('',(0.,-1.,0.));
#3401 = DIRECTION('',(-1.,0.,0.));
#3402 = ADVANCED_FACE('',(#3403),#3415,.F.);
#3403 = FACE_BOUND('',#3404,.T.);
#3404 = EDGE_LOOP('',(#3405,#3406,#3413,#3414));
#3405 = ORIENTED_EDGE('',*,*,#3345,.F.);
#3406 = ORIENTED_EDGE('',*,*,#3407,.T.);
#3407 = EDGE_CURVE('',#3346,#3354,#3408,.T.);
#3408 = CIRCLE('',#3409,2.15);
#3409 = AXIS2_PLACEMENT_3D('',#3410,#3411,#3412);
#3410 = CARTESIAN_POINT('',(29.4,-66.5,6.75));
#3411 = DIRECTION('',(0.,0.,1.));
#3412 = DIRECTION('',(1.,0.,0.));
#3413 = ORIENTED_EDGE('',*,*,#3361,.T.);
#3414 = ORIENTED_EDGE('',*,*,#604,.T.);
#3415 = CYLINDRICAL_SURFACE('',#3416,2.15);
#3416 = AXIS2_PLACEMENT_3D('',#3417,#3418,#3419);
#3417 = CARTESIAN_POINT('',(29.4,-66.5,5.3));
#3418 = DIRECTION('',(-0.,-0.,-1.));
#3419 = DIRECTION('',(1.,0.,0.));
#3420 = ADVANCED_FACE('',(#3421),#3433,.F.);
#3421 = FACE_BOUND('',#3422,.T.);
#3422 = EDGE_LOOP('',(#3423,#3424,#3431,#3432));
#3423 = ORIENTED_EDGE('',*,*,#3368,.F.);
#3424 = ORIENTED_EDGE('',*,*,#3425,.T.);
#3425 = EDGE_CURVE('',#3369,#3377,#3426,.T.);
#3426 = CIRCLE('',#3427,2.15);
#3427 = AXIS2_PLACEMENT_3D('',#3428,#3429,#3430);
#3428 = CARTESIAN_POINT('',(45.5,-65.5,6.75));
#3429 = DIRECTION('',(0.,0.,1.));
#3430 = DIRECTION('',(1.,0.,0.));
#3431 = ORIENTED_EDGE('',*,*,#3384,.T.);
#3432 = ORIENTED_EDGE('',*,*,#587,.T.);
#3433 = CYLINDRICAL_SURFACE('',#3434,2.15);
#3434 = AXIS2_PLACEMENT_3D('',#3435,#3436,#3437);
#3435 = CARTESIAN_POINT('',(45.5,-65.5,5.3));
#3436 = DIRECTION('',(-0.,-0.,-1.));
#3437 = DIRECTION('',(1.,0.,0.));
#3438 = ADVANCED_FACE('',(#3439),#3450,.F.);
#3439 = FACE_BOUND('',#3440,.F.);
#3440 = EDGE_LOOP('',(#3441,#3442,#3448,#3449));
#3441 = ORIENTED_EDGE('',*,*,#571,.T.);
#3442 = ORIENTED_EDGE('',*,*,#3443,.T.);
#3443 = EDGE_CURVE('',#564,#1918,#3444,.T.);
#3444 = LINE('',#3445,#3446);
#3445 = CARTESIAN_POINT('',(47.935284931153,-67.17357095687,6.2));
#3446 = VECTOR('',#3447,1.);
#3447 = DIRECTION('',(0.,0.,1.));
#3448 = ORIENTED_EDGE('',*,*,#1925,.F.);
#3449 = ORIENTED_EDGE('',*,*,#3391,.F.);
#3450 = PLANE('',#3451);
#3451 = AXIS2_PLACEMENT_3D('',#3452,#3453,#3454);
#3452 = CARTESIAN_POINT('',(47.935284931153,-67.17357095687,6.2));
#3453 = DIRECTION('',(4.906767432741E-02,-0.998795456205,0.));
#3454 = DIRECTION('',(-0.998795456205,-4.906767432741E-02,0.));
#3455 = ADVANCED_FACE('',(#3456),#3467,.F.);
#3456 = FACE_BOUND('',#3457,.F.);
#3457 = EDGE_LOOP('',(#3458,#3459,#3465,#3466));
#3458 = ORIENTED_EDGE('',*,*,#563,.T.);
#3459 = ORIENTED_EDGE('',*,*,#3460,.T.);
#3460 = EDGE_CURVE('',#556,#1910,#3461,.T.);
#3461 = LINE('',#3462,#3463);
#3462 = CARTESIAN_POINT('',(48.069266994465,-67.1536965952,6.2));
#3463 = VECTOR('',#3464,1.);
#3464 = DIRECTION('',(0.,0.,1.));
#3465 = ORIENTED_EDGE('',*,*,#1917,.F.);
#3466 = ORIENTED_EDGE('',*,*,#3443,.F.);
#3467 = PLANE('',#3468);
#3468 = AXIS2_PLACEMENT_3D('',#3469,#3470,#3471);
#3469 = CARTESIAN_POINT('',(48.069266994465,-67.1536965952,6.2));
#3470 = DIRECTION('',(0.146730474455,-0.989176509965,0.));
#3471 = DIRECTION('',(-0.989176509965,-0.146730474455,0.));
#3472 = ADVANCED_FACE('',(#3473),#3484,.F.);
#3473 = FACE_BOUND('',#3474,.F.);
#3474 = EDGE_LOOP('',(#3475,#3476,#3482,#3483));
#3475 = ORIENTED_EDGE('',*,*,#555,.T.);
#3476 = ORIENTED_EDGE('',*,*,#3477,.T.);
#3477 = EDGE_CURVE('',#548,#1902,#3478,.T.);
#3478 = LINE('',#3479,#3480);
#3479 = CARTESIAN_POINT('',(48.200655869424,-67.12078539531,6.2));
#3480 = VECTOR('',#3481,1.);
#3481 = DIRECTION('',(0.,0.,1.));
#3482 = ORIENTED_EDGE('',*,*,#1909,.F.);
#3483 = ORIENTED_EDGE('',*,*,#3460,.F.);
#3484 = PLANE('',#3485);
#3485 = AXIS2_PLACEMENT_3D('',#3486,#3487,#3488);
#3486 = CARTESIAN_POINT('',(48.200655869424,-67.12078539531,6.2));
#3487 = DIRECTION('',(0.242980179903,-0.970031253195,0.));
#3488 = DIRECTION('',(-0.970031253195,-0.242980179903,0.));
#3489 = ADVANCED_FACE('',(#3490),#3501,.F.);
#3490 = FACE_BOUND('',#3491,.F.);
#3491 = EDGE_LOOP('',(#3492,#3493,#3499,#3500));
#3492 = ORIENTED_EDGE('',*,*,#547,.T.);
#3493 = ORIENTED_EDGE('',*,*,#3494,.T.);
#3494 = EDGE_CURVE('',#540,#1894,#3495,.T.);
#3495 = LINE('',#3496,#3497);
#3496 = CARTESIAN_POINT('',(48.32818620934,-67.07515431004,6.2));
#3497 = VECTOR('',#3498,1.);
#3498 = DIRECTION('',(0.,0.,1.));
#3499 = ORIENTED_EDGE('',*,*,#1901,.F.);
#3500 = ORIENTED_EDGE('',*,*,#3477,.F.);
#3501 = PLANE('',#3502);
#3502 = AXIS2_PLACEMENT_3D('',#3503,#3504,#3505);
#3503 = CARTESIAN_POINT('',(48.32818620934,-67.07515431004,6.2));
#3504 = DIRECTION('',(0.336889853392,-0.941544065183,0.));
#3505 = DIRECTION('',(-0.941544065183,-0.336889853392,0.));
#3506 = ADVANCED_FACE('',(#3507),#3518,.F.);
#3507 = FACE_BOUND('',#3508,.F.);
#3508 = EDGE_LOOP('',(#3509,#3510,#3516,#3517));
#3509 = ORIENTED_EDGE('',*,*,#539,.T.);
#3510 = ORIENTED_EDGE('',*,*,#3511,.T.);
#3511 = EDGE_CURVE('',#532,#1886,#3512,.T.);
#3512 = LINE('',#3513,#3514);
#3513 = CARTESIAN_POINT('',(48.450629827324,-67.0172427917,6.2));
#3514 = VECTOR('',#3515,1.);
#3515 = DIRECTION('',(0.,0.,1.));
#3516 = ORIENTED_EDGE('',*,*,#1893,.F.);
#3517 = ORIENTED_EDGE('',*,*,#3494,.F.);
#3518 = PLANE('',#3519);
#3519 = AXIS2_PLACEMENT_3D('',#3520,#3521,#3522);
#3520 = CARTESIAN_POINT('',(48.450629827324,-67.0172427917,6.2));
#3521 = DIRECTION('',(0.42755509343,-0.903989293123,0.));
#3522 = DIRECTION('',(-0.903989293123,-0.42755509343,0.));
#3523 = ADVANCED_FACE('',(#3524),#3535,.F.);
#3524 = FACE_BOUND('',#3525,.F.);
#3525 = EDGE_LOOP('',(#3526,#3527,#3533,#3534));
#3526 = ORIENTED_EDGE('',*,*,#531,.T.);
#3527 = ORIENTED_EDGE('',*,*,#3528,.T.);
#3528 = EDGE_CURVE('',#524,#1878,#3529,.T.);
#3529 = LINE('',#3530,#3531);
#3530 = CARTESIAN_POINT('',(48.5668075244,-66.94760855987,6.2));
#3531 = VECTOR('',#3532,1.);
#3532 = DIRECTION('',(0.,0.,1.));
#3533 = ORIENTED_EDGE('',*,*,#1885,.F.);
#3534 = ORIENTED_EDGE('',*,*,#3511,.F.);
#3535 = PLANE('',#3536);
#3536 = AXIS2_PLACEMENT_3D('',#3537,#3538,#3539);
#3537 = CARTESIAN_POINT('',(48.5668075244,-66.94760855987,6.2));
#3538 = DIRECTION('',(0.514102744193,-0.85772861,0.));
#3539 = DIRECTION('',(-0.85772861,-0.514102744193,0.));
#3540 = ADVANCED_FACE('',(#3541),#3552,.F.);
#3541 = FACE_BOUND('',#3542,.F.);
#3542 = EDGE_LOOP('',(#3543,#3544,#3550,#3551));
#3543 = ORIENTED_EDGE('',*,*,#523,.T.);
#3544 = ORIENTED_EDGE('',*,*,#3545,.T.);
#3545 = EDGE_CURVE('',#516,#1870,#3546,.T.);
#3546 = LINE('',#3547,#3548);
#3547 = CARTESIAN_POINT('',(48.675600445837,-66.86692223025,6.2));
#3548 = VECTOR('',#3549,1.);
#3549 = DIRECTION('',(0.,0.,1.));
#3550 = ORIENTED_EDGE('',*,*,#1877,.F.);
#3551 = ORIENTED_EDGE('',*,*,#3528,.F.);
#3552 = PLANE('',#3553);
#3553 = AXIS2_PLACEMENT_3D('',#3554,#3555,#3556);
#3554 = CARTESIAN_POINT('',(48.675600445837,-66.86692223025,6.2));
#3555 = DIRECTION('',(0.595699304492,-0.803207531481,0.));
#3556 = DIRECTION('',(-0.803207531481,-0.595699304492,0.));
#3557 = ADVANCED_FACE('',(#3558),#3569,.F.);
#3558 = FACE_BOUND('',#3559,.F.);
#3559 = EDGE_LOOP('',(#3560,#3561,#3567,#3568));
#3560 = ORIENTED_EDGE('',*,*,#515,.T.);
#3561 = ORIENTED_EDGE('',*,*,#3562,.T.);
#3562 = EDGE_CURVE('',#508,#1862,#3563,.T.);
#3563 = LINE('',#3564,#3565);
#3564 = CARTESIAN_POINT('',(48.775960856328,-66.77596085632,6.2));
#3565 = VECTOR('',#3566,1.);
#3566 = DIRECTION('',(0.,0.,1.));
#3567 = ORIENTED_EDGE('',*,*,#1869,.F.);
#3568 = ORIENTED_EDGE('',*,*,#3545,.F.);
#3569 = PLANE('',#3570);
#3570 = AXIS2_PLACEMENT_3D('',#3571,#3572,#3573);
#3571 = CARTESIAN_POINT('',(48.775960856328,-66.77596085632,6.2));
#3572 = DIRECTION('',(0.671558954847,-0.740951125355,0.));
#3573 = DIRECTION('',(-0.740951125355,-0.671558954847,0.));
#3574 = ADVANCED_FACE('',(#3575),#3586,.F.);
#3575 = FACE_BOUND('',#3576,.F.);
#3576 = EDGE_LOOP('',(#3577,#3578,#3584,#3585));
#3577 = ORIENTED_EDGE('',*,*,#507,.T.);
#3578 = ORIENTED_EDGE('',*,*,#3579,.T.);
#3579 = EDGE_CURVE('',#500,#1854,#3580,.T.);
#3580 = LINE('',#3581,#3582);
#3581 = CARTESIAN_POINT('',(48.866922230259,-66.67560044583,6.2));
#3582 = VECTOR('',#3583,1.);
#3583 = DIRECTION('',(0.,0.,1.));
#3584 = ORIENTED_EDGE('',*,*,#1861,.F.);
#3585 = ORIENTED_EDGE('',*,*,#3562,.F.);
#3586 = PLANE('',#3587);
#3587 = AXIS2_PLACEMENT_3D('',#3588,#3589,#3590);
#3588 = CARTESIAN_POINT('',(48.866922230259,-66.67560044583,6.2));
#3589 = DIRECTION('',(0.740951125355,-0.671558954847,0.));
#3590 = DIRECTION('',(-0.671558954847,-0.740951125355,0.));
#3591 = ADVANCED_FACE('',(#3592),#3603,.F.);
#3592 = FACE_BOUND('',#3593,.F.);
#3593 = EDGE_LOOP('',(#3594,#3595,#3601,#3602));
#3594 = ORIENTED_EDGE('',*,*,#499,.T.);
#3595 = ORIENTED_EDGE('',*,*,#3596,.T.);
#3596 = EDGE_CURVE('',#492,#1846,#3597,.T.);
#3597 = LINE('',#3598,#3599);
#3598 = CARTESIAN_POINT('',(48.947608559873,-66.5668075244,6.2));
#3599 = VECTOR('',#3600,1.);
#3600 = DIRECTION('',(0.,0.,1.));
#3601 = ORIENTED_EDGE('',*,*,#1853,.F.);
#3602 = ORIENTED_EDGE('',*,*,#3579,.F.);
#3603 = PLANE('',#3604);
#3604 = AXIS2_PLACEMENT_3D('',#3605,#3606,#3607);
#3605 = CARTESIAN_POINT('',(48.947608559873,-66.5668075244,6.2));
#3606 = DIRECTION('',(0.803207531481,-0.595699304492,0.));
#3607 = DIRECTION('',(-0.595699304492,-0.803207531481,0.));
#3608 = ADVANCED_FACE('',(#3609),#3620,.F.);
#3609 = FACE_BOUND('',#3610,.F.);
#3610 = EDGE_LOOP('',(#3611,#3612,#3618,#3619));
#3611 = ORIENTED_EDGE('',*,*,#491,.T.);
#3612 = ORIENTED_EDGE('',*,*,#3613,.T.);
#3613 = EDGE_CURVE('',#484,#1838,#3614,.T.);
#3614 = LINE('',#3615,#3616);
#3615 = CARTESIAN_POINT('',(49.017242791708,-66.45062982732,6.2));
#3616 = VECTOR('',#3617,1.);
#3617 = DIRECTION('',(0.,0.,1.));
#3618 = ORIENTED_EDGE('',*,*,#1845,.F.);
#3619 = ORIENTED_EDGE('',*,*,#3596,.F.);
#3620 = PLANE('',#3621);
#3621 = AXIS2_PLACEMENT_3D('',#3622,#3623,#3624);
#3622 = CARTESIAN_POINT('',(49.017242791708,-66.45062982732,6.2));
#3623 = DIRECTION('',(0.85772861,-0.514102744193,0.));
#3624 = DIRECTION('',(-0.514102744193,-0.85772861,0.));
#3625 = ADVANCED_FACE('',(#3626),#3637,.F.);
#3626 = FACE_BOUND('',#3627,.F.);
#3627 = EDGE_LOOP('',(#3628,#3629,#3635,#3636));
#3628 = ORIENTED_EDGE('',*,*,#483,.T.);
#3629 = ORIENTED_EDGE('',*,*,#3630,.T.);
#3630 = EDGE_CURVE('',#476,#1830,#3631,.T.);
#3631 = LINE('',#3632,#3633);
#3632 = CARTESIAN_POINT('',(49.075154310048,-66.32818620934,6.2));
#3633 = VECTOR('',#3634,1.);
#3634 = DIRECTION('',(0.,0.,1.));
#3635 = ORIENTED_EDGE('',*,*,#1837,.F.);
#3636 = ORIENTED_EDGE('',*,*,#3613,.F.);
#3637 = PLANE('',#3638);
#3638 = AXIS2_PLACEMENT_3D('',#3639,#3640,#3641);
#3639 = CARTESIAN_POINT('',(49.075154310048,-66.32818620934,6.2));
#3640 = DIRECTION('',(0.903989293123,-0.42755509343,0.));
#3641 = DIRECTION('',(-0.42755509343,-0.903989293123,0.));
#3642 = ADVANCED_FACE('',(#3643),#3654,.F.);
#3643 = FACE_BOUND('',#3644,.F.);
#3644 = EDGE_LOOP('',(#3645,#3646,#3652,#3653));
#3645 = ORIENTED_EDGE('',*,*,#475,.T.);
#3646 = ORIENTED_EDGE('',*,*,#3647,.T.);
#3647 = EDGE_CURVE('',#468,#1822,#3648,.T.);
#3648 = LINE('',#3649,#3650);
#3649 = CARTESIAN_POINT('',(49.120785395311,-66.20065586942,6.2));
#3650 = VECTOR('',#3651,1.);
#3651 = DIRECTION('',(0.,0.,1.));
#3652 = ORIENTED_EDGE('',*,*,#1829,.F.);
#3653 = ORIENTED_EDGE('',*,*,#3630,.F.);
#3654 = PLANE('',#3655);
#3655 = AXIS2_PLACEMENT_3D('',#3656,#3657,#3658);
#3656 = CARTESIAN_POINT('',(49.120785395311,-66.20065586942,6.2));
#3657 = DIRECTION('',(0.941544065183,-0.336889853392,0.));
#3658 = DIRECTION('',(-0.336889853392,-0.941544065183,0.));
#3659 = ADVANCED_FACE('',(#3660),#3671,.F.);
#3660 = FACE_BOUND('',#3661,.F.);
#3661 = EDGE_LOOP('',(#3662,#3663,#3669,#3670));
#3662 = ORIENTED_EDGE('',*,*,#467,.T.);
#3663 = ORIENTED_EDGE('',*,*,#3664,.T.);
#3664 = EDGE_CURVE('',#460,#1814,#3665,.T.);
#3665 = LINE('',#3666,#3667);
#3666 = CARTESIAN_POINT('',(49.153696595202,-66.06926699446,6.2));
#3667 = VECTOR('',#3668,1.);
#3668 = DIRECTION('',(0.,0.,1.));
#3669 = ORIENTED_EDGE('',*,*,#1821,.F.);
#3670 = ORIENTED_EDGE('',*,*,#3647,.F.);
#3671 = PLANE('',#3672);
#3672 = AXIS2_PLACEMENT_3D('',#3673,#3674,#3675);
#3673 = CARTESIAN_POINT('',(49.153696595202,-66.06926699446,6.2));
#3674 = DIRECTION('',(0.970031253195,-0.242980179903,0.));
#3675 = DIRECTION('',(-0.242980179903,-0.970031253195,0.));
#3676 = ADVANCED_FACE('',(#3677),#3688,.F.);
#3677 = FACE_BOUND('',#3678,.F.);
#3678 = EDGE_LOOP('',(#3679,#3680,#3686,#3687));
#3679 = ORIENTED_EDGE('',*,*,#459,.T.);
#3680 = ORIENTED_EDGE('',*,*,#3681,.T.);
#3681 = EDGE_CURVE('',#452,#1806,#3682,.T.);
#3682 = LINE('',#3683,#3684);
#3683 = CARTESIAN_POINT('',(49.173570956876,-65.93528493115,6.2));
#3684 = VECTOR('',#3685,1.);
#3685 = DIRECTION('',(0.,0.,1.));
#3686 = ORIENTED_EDGE('',*,*,#1813,.F.);
#3687 = ORIENTED_EDGE('',*,*,#3664,.F.);
#3688 = PLANE('',#3689);
#3689 = AXIS2_PLACEMENT_3D('',#3690,#3691,#3692);
#3690 = CARTESIAN_POINT('',(49.173570956876,-65.93528493115,6.2));
#3691 = DIRECTION('',(0.989176509965,-0.146730474455,0.));
#3692 = DIRECTION('',(-0.146730474455,-0.989176509965,0.));
#3693 = ADVANCED_FACE('',(#3694),#3705,.F.);
#3694 = FACE_BOUND('',#3695,.F.);
#3695 = EDGE_LOOP('',(#3696,#3697,#3703,#3704));
#3696 = ORIENTED_EDGE('',*,*,#451,.T.);
#3697 = ORIENTED_EDGE('',*,*,#3698,.T.);
#3698 = EDGE_CURVE('',#444,#1798,#3699,.T.);
#3699 = LINE('',#3700,#3701);
#3700 = CARTESIAN_POINT('',(49.18,-65.80441875198,6.2));
#3701 = VECTOR('',#3702,1.);
#3702 = DIRECTION('',(0.,0.,1.));
#3703 = ORIENTED_EDGE('',*,*,#1805,.F.);
#3704 = ORIENTED_EDGE('',*,*,#3681,.F.);
#3705 = PLANE('',#3706);
#3706 = AXIS2_PLACEMENT_3D('',#3707,#3708,#3709);
#3707 = CARTESIAN_POINT('',(49.18,-65.80441875198,6.2));
#3708 = DIRECTION('',(0.998795456205,-4.906767432741E-02,0.));
#3709 = DIRECTION('',(-4.906767432741E-02,-0.998795456205,0.));
#3710 = ADVANCED_FACE('',(#3711),#3722,.F.);
#3711 = FACE_BOUND('',#3712,.F.);
#3712 = EDGE_LOOP('',(#3713,#3714,#3720,#3721));
#3713 = ORIENTED_EDGE('',*,*,#443,.T.);
#3714 = ORIENTED_EDGE('',*,*,#3715,.T.);
#3715 = EDGE_CURVE('',#436,#1790,#3716,.T.);
#3716 = LINE('',#3717,#3718);
#3717 = CARTESIAN_POINT('',(49.18,-12.19558124802,6.2));
#3718 = VECTOR('',#3719,1.);
#3719 = DIRECTION('',(0.,0.,1.));
#3720 = ORIENTED_EDGE('',*,*,#1797,.F.);
#3721 = ORIENTED_EDGE('',*,*,#3698,.F.);
#3722 = PLANE('',#3723);
#3723 = AXIS2_PLACEMENT_3D('',#3724,#3725,#3726);
#3724 = CARTESIAN_POINT('',(49.18,-12.19558124802,6.2));
#3725 = DIRECTION('',(1.,0.,0.));
#3726 = DIRECTION('',(0.,-1.,0.));
#3727 = ADVANCED_FACE('',(#3728),#3739,.F.);
#3728 = FACE_BOUND('',#3729,.F.);
#3729 = EDGE_LOOP('',(#3730,#3731,#3737,#3738));
#3730 = ORIENTED_EDGE('',*,*,#435,.T.);
#3731 = ORIENTED_EDGE('',*,*,#3732,.T.);
#3732 = EDGE_CURVE('',#428,#1782,#3733,.T.);
#3733 = LINE('',#3734,#3735);
#3734 = CARTESIAN_POINT('',(49.173570956876,-12.06471506884,6.2));
#3735 = VECTOR('',#3736,1.);
#3736 = DIRECTION('',(0.,0.,1.));
#3737 = ORIENTED_EDGE('',*,*,#1789,.F.);
#3738 = ORIENTED_EDGE('',*,*,#3715,.F.);
#3739 = PLANE('',#3740);
#3740 = AXIS2_PLACEMENT_3D('',#3741,#3742,#3743);
#3741 = CARTESIAN_POINT('',(49.173570956876,-12.06471506884,6.2));
#3742 = DIRECTION('',(0.998795456205,4.906767432741E-02,0.));
#3743 = DIRECTION('',(4.906767432741E-02,-0.998795456205,0.));
#3744 = ADVANCED_FACE('',(#3745),#3756,.F.);
#3745 = FACE_BOUND('',#3746,.F.);
#3746 = EDGE_LOOP('',(#3747,#3748,#3754,#3755));
#3747 = ORIENTED_EDGE('',*,*,#427,.T.);
#3748 = ORIENTED_EDGE('',*,*,#3749,.T.);
#3749 = EDGE_CURVE('',#420,#1774,#3750,.T.);
#3750 = LINE('',#3751,#3752);
#3751 = CARTESIAN_POINT('',(49.153696595202,-11.93073300553,6.2));
#3752 = VECTOR('',#3753,1.);
#3753 = DIRECTION('',(0.,0.,1.));
#3754 = ORIENTED_EDGE('',*,*,#1781,.F.);
#3755 = ORIENTED_EDGE('',*,*,#3732,.F.);
#3756 = PLANE('',#3757);
#3757 = AXIS2_PLACEMENT_3D('',#3758,#3759,#3760);
#3758 = CARTESIAN_POINT('',(49.153696595202,-11.93073300553,6.2));
#3759 = DIRECTION('',(0.989176509965,0.146730474455,0.));
#3760 = DIRECTION('',(0.146730474455,-0.989176509965,0.));
#3761 = ADVANCED_FACE('',(#3762),#3773,.F.);
#3762 = FACE_BOUND('',#3763,.F.);
#3763 = EDGE_LOOP('',(#3764,#3765,#3771,#3772));
#3764 = ORIENTED_EDGE('',*,*,#419,.T.);
#3765 = ORIENTED_EDGE('',*,*,#3766,.T.);
#3766 = EDGE_CURVE('',#412,#1766,#3767,.T.);
#3767 = LINE('',#3768,#3769);
#3768 = CARTESIAN_POINT('',(49.120785395311,-11.79934413057,6.2));
#3769 = VECTOR('',#3770,1.);
#3770 = DIRECTION('',(0.,0.,1.));
#3771 = ORIENTED_EDGE('',*,*,#1773,.F.);
#3772 = ORIENTED_EDGE('',*,*,#3749,.F.);
#3773 = PLANE('',#3774);
#3774 = AXIS2_PLACEMENT_3D('',#3775,#3776,#3777);
#3775 = CARTESIAN_POINT('',(49.120785395311,-11.79934413057,6.2));
#3776 = DIRECTION('',(0.970031253195,0.242980179903,0.));
#3777 = DIRECTION('',(0.242980179903,-0.970031253195,0.));
#3778 = ADVANCED_FACE('',(#3779),#3790,.F.);
#3779 = FACE_BOUND('',#3780,.F.);
#3780 = EDGE_LOOP('',(#3781,#3782,#3788,#3789));
#3781 = ORIENTED_EDGE('',*,*,#411,.T.);
#3782 = ORIENTED_EDGE('',*,*,#3783,.T.);
#3783 = EDGE_CURVE('',#404,#1758,#3784,.T.);
#3784 = LINE('',#3785,#3786);
#3785 = CARTESIAN_POINT('',(49.075154310048,-11.67181379066,6.2));
#3786 = VECTOR('',#3787,1.);
#3787 = DIRECTION('',(0.,0.,1.));
#3788 = ORIENTED_EDGE('',*,*,#1765,.F.);
#3789 = ORIENTED_EDGE('',*,*,#3766,.F.);
#3790 = PLANE('',#3791);
#3791 = AXIS2_PLACEMENT_3D('',#3792,#3793,#3794);
#3792 = CARTESIAN_POINT('',(49.075154310048,-11.67181379066,6.2));
#3793 = DIRECTION('',(0.941544065183,0.336889853392,0.));
#3794 = DIRECTION('',(0.336889853392,-0.941544065183,0.));
#3795 = ADVANCED_FACE('',(#3796),#3807,.F.);
#3796 = FACE_BOUND('',#3797,.F.);
#3797 = EDGE_LOOP('',(#3798,#3799,#3805,#3806));
#3798 = ORIENTED_EDGE('',*,*,#403,.T.);
#3799 = ORIENTED_EDGE('',*,*,#3800,.T.);
#3800 = EDGE_CURVE('',#396,#1750,#3801,.T.);
#3801 = LINE('',#3802,#3803);
#3802 = CARTESIAN_POINT('',(49.017242791708,-11.54937017267,6.2));
#3803 = VECTOR('',#3804,1.);
#3804 = DIRECTION('',(0.,0.,1.));
#3805 = ORIENTED_EDGE('',*,*,#1757,.F.);
#3806 = ORIENTED_EDGE('',*,*,#3783,.F.);
#3807 = PLANE('',#3808);
#3808 = AXIS2_PLACEMENT_3D('',#3809,#3810,#3811);
#3809 = CARTESIAN_POINT('',(49.017242791708,-11.54937017267,6.2));
#3810 = DIRECTION('',(0.903989293123,0.42755509343,0.));
#3811 = DIRECTION('',(0.42755509343,-0.903989293123,0.));
#3812 = ADVANCED_FACE('',(#3813),#3824,.F.);
#3813 = FACE_BOUND('',#3814,.F.);
#3814 = EDGE_LOOP('',(#3815,#3816,#3822,#3823));
#3815 = ORIENTED_EDGE('',*,*,#395,.T.);
#3816 = ORIENTED_EDGE('',*,*,#3817,.T.);
#3817 = EDGE_CURVE('',#388,#1742,#3818,.T.);
#3818 = LINE('',#3819,#3820);
#3819 = CARTESIAN_POINT('',(48.947608559873,-11.4331924756,6.2));
#3820 = VECTOR('',#3821,1.);
#3821 = DIRECTION('',(0.,0.,1.));
#3822 = ORIENTED_EDGE('',*,*,#1749,.F.);
#3823 = ORIENTED_EDGE('',*,*,#3800,.F.);
#3824 = PLANE('',#3825);
#3825 = AXIS2_PLACEMENT_3D('',#3826,#3827,#3828);
#3826 = CARTESIAN_POINT('',(48.947608559873,-11.4331924756,6.2));
#3827 = DIRECTION('',(0.85772861,0.514102744193,0.));
#3828 = DIRECTION('',(0.514102744193,-0.85772861,0.));
#3829 = ADVANCED_FACE('',(#3830),#3841,.F.);
#3830 = FACE_BOUND('',#3831,.F.);
#3831 = EDGE_LOOP('',(#3832,#3833,#3839,#3840));
#3832 = ORIENTED_EDGE('',*,*,#387,.T.);
#3833 = ORIENTED_EDGE('',*,*,#3834,.T.);
#3834 = EDGE_CURVE('',#380,#1734,#3835,.T.);
#3835 = LINE('',#3836,#3837);
#3836 = CARTESIAN_POINT('',(48.866922230259,-11.32439955416,6.2));
#3837 = VECTOR('',#3838,1.);
#3838 = DIRECTION('',(0.,0.,1.));
#3839 = ORIENTED_EDGE('',*,*,#1741,.F.);
#3840 = ORIENTED_EDGE('',*,*,#3817,.F.);
#3841 = PLANE('',#3842);
#3842 = AXIS2_PLACEMENT_3D('',#3843,#3844,#3845);
#3843 = CARTESIAN_POINT('',(48.866922230259,-11.32439955416,6.2));
#3844 = DIRECTION('',(0.803207531481,0.595699304492,0.));
#3845 = DIRECTION('',(0.595699304492,-0.803207531481,0.));
#3846 = ADVANCED_FACE('',(#3847),#3858,.F.);
#3847 = FACE_BOUND('',#3848,.F.);
#3848 = EDGE_LOOP('',(#3849,#3850,#3856,#3857));
#3849 = ORIENTED_EDGE('',*,*,#379,.T.);
#3850 = ORIENTED_EDGE('',*,*,#3851,.T.);
#3851 = EDGE_CURVE('',#372,#1726,#3852,.T.);
#3852 = LINE('',#3853,#3854);
#3853 = CARTESIAN_POINT('',(48.775960856328,-11.22403914367,6.2));
#3854 = VECTOR('',#3855,1.);
#3855 = DIRECTION('',(0.,0.,1.));
#3856 = ORIENTED_EDGE('',*,*,#1733,.F.);
#3857 = ORIENTED_EDGE('',*,*,#3834,.F.);
#3858 = PLANE('',#3859);
#3859 = AXIS2_PLACEMENT_3D('',#3860,#3861,#3862);
#3860 = CARTESIAN_POINT('',(48.775960856328,-11.22403914367,6.2));
#3861 = DIRECTION('',(0.740951125355,0.671558954847,0.));
#3862 = DIRECTION('',(0.671558954847,-0.740951125355,0.));
#3863 = ADVANCED_FACE('',(#3864),#3875,.F.);
#3864 = FACE_BOUND('',#3865,.F.);
#3865 = EDGE_LOOP('',(#3866,#3867,#3873,#3874));
#3866 = ORIENTED_EDGE('',*,*,#371,.T.);
#3867 = ORIENTED_EDGE('',*,*,#3868,.T.);
#3868 = EDGE_CURVE('',#364,#1718,#3869,.T.);
#3869 = LINE('',#3870,#3871);
#3870 = CARTESIAN_POINT('',(48.675600445837,-11.13307776974,6.2));
#3871 = VECTOR('',#3872,1.);
#3872 = DIRECTION('',(0.,0.,1.));
#3873 = ORIENTED_EDGE('',*,*,#1725,.F.);
#3874 = ORIENTED_EDGE('',*,*,#3851,.F.);
#3875 = PLANE('',#3876);
#3876 = AXIS2_PLACEMENT_3D('',#3877,#3878,#3879);
#3877 = CARTESIAN_POINT('',(48.675600445837,-11.13307776974,6.2));
#3878 = DIRECTION('',(0.671558954847,0.740951125355,0.));
#3879 = DIRECTION('',(0.740951125355,-0.671558954847,0.));
#3880 = ADVANCED_FACE('',(#3881),#3892,.F.);
#3881 = FACE_BOUND('',#3882,.F.);
#3882 = EDGE_LOOP('',(#3883,#3884,#3890,#3891));
#3883 = ORIENTED_EDGE('',*,*,#363,.T.);
#3884 = ORIENTED_EDGE('',*,*,#3885,.T.);
#3885 = EDGE_CURVE('',#356,#1710,#3886,.T.);
#3886 = LINE('',#3887,#3888);
#3887 = CARTESIAN_POINT('',(48.5668075244,-11.05239144012,6.2));
#3888 = VECTOR('',#3889,1.);
#3889 = DIRECTION('',(0.,0.,1.));
#3890 = ORIENTED_EDGE('',*,*,#1717,.F.);
#3891 = ORIENTED_EDGE('',*,*,#3868,.F.);
#3892 = PLANE('',#3893);
#3893 = AXIS2_PLACEMENT_3D('',#3894,#3895,#3896);
#3894 = CARTESIAN_POINT('',(48.5668075244,-11.05239144012,6.2));
#3895 = DIRECTION('',(0.595699304492,0.803207531481,0.));
#3896 = DIRECTION('',(0.803207531481,-0.595699304492,0.));
#3897 = ADVANCED_FACE('',(#3898),#3909,.F.);
#3898 = FACE_BOUND('',#3899,.F.);
#3899 = EDGE_LOOP('',(#3900,#3901,#3907,#3908));
#3900 = ORIENTED_EDGE('',*,*,#355,.T.);
#3901 = ORIENTED_EDGE('',*,*,#3902,.T.);
#3902 = EDGE_CURVE('',#348,#1702,#3903,.T.);
#3903 = LINE('',#3904,#3905);
#3904 = CARTESIAN_POINT('',(48.450629827324,-10.98275720829,6.2));
#3905 = VECTOR('',#3906,1.);
#3906 = DIRECTION('',(0.,0.,1.));
#3907 = ORIENTED_EDGE('',*,*,#1709,.F.);
#3908 = ORIENTED_EDGE('',*,*,#3885,.F.);
#3909 = PLANE('',#3910);
#3910 = AXIS2_PLACEMENT_3D('',#3911,#3912,#3913);
#3911 = CARTESIAN_POINT('',(48.450629827324,-10.98275720829,6.2));
#3912 = DIRECTION('',(0.514102744193,0.85772861,0.));
#3913 = DIRECTION('',(0.85772861,-0.514102744193,0.));
#3914 = ADVANCED_FACE('',(#3915),#3926,.F.);
#3915 = FACE_BOUND('',#3916,.F.);
#3916 = EDGE_LOOP('',(#3917,#3918,#3924,#3925));
#3917 = ORIENTED_EDGE('',*,*,#347,.T.);
#3918 = ORIENTED_EDGE('',*,*,#3919,.T.);
#3919 = EDGE_CURVE('',#340,#1694,#3920,.T.);
#3920 = LINE('',#3921,#3922);
#3921 = CARTESIAN_POINT('',(48.32818620934,-10.92484568995,6.2));
#3922 = VECTOR('',#3923,1.);
#3923 = DIRECTION('',(0.,0.,1.));
#3924 = ORIENTED_EDGE('',*,*,#1701,.F.);
#3925 = ORIENTED_EDGE('',*,*,#3902,.F.);
#3926 = PLANE('',#3927);
#3927 = AXIS2_PLACEMENT_3D('',#3928,#3929,#3930);
#3928 = CARTESIAN_POINT('',(48.32818620934,-10.92484568995,6.2));
#3929 = DIRECTION('',(0.42755509343,0.903989293123,0.));
#3930 = DIRECTION('',(0.903989293123,-0.42755509343,0.));
#3931 = ADVANCED_FACE('',(#3932),#3943,.F.);
#3932 = FACE_BOUND('',#3933,.F.);
#3933 = EDGE_LOOP('',(#3934,#3935,#3941,#3942));
#3934 = ORIENTED_EDGE('',*,*,#339,.T.);
#3935 = ORIENTED_EDGE('',*,*,#3936,.T.);
#3936 = EDGE_CURVE('',#332,#1686,#3937,.T.);
#3937 = LINE('',#3938,#3939);
#3938 = CARTESIAN_POINT('',(48.200655869424,-10.87921460468,6.2));
#3939 = VECTOR('',#3940,1.);
#3940 = DIRECTION('',(0.,0.,1.));
#3941 = ORIENTED_EDGE('',*,*,#1693,.F.);
#3942 = ORIENTED_EDGE('',*,*,#3919,.F.);
#3943 = PLANE('',#3944);
#3944 = AXIS2_PLACEMENT_3D('',#3945,#3946,#3947);
#3945 = CARTESIAN_POINT('',(48.200655869424,-10.87921460468,6.2));
#3946 = DIRECTION('',(0.336889853392,0.941544065183,0.));
#3947 = DIRECTION('',(0.941544065183,-0.336889853392,0.));
#3948 = ADVANCED_FACE('',(#3949),#3960,.F.);
#3949 = FACE_BOUND('',#3950,.F.);
#3950 = EDGE_LOOP('',(#3951,#3952,#3958,#3959));
#3951 = ORIENTED_EDGE('',*,*,#331,.T.);
#3952 = ORIENTED_EDGE('',*,*,#3953,.T.);
#3953 = EDGE_CURVE('',#324,#1678,#3954,.T.);
#3954 = LINE('',#3955,#3956);
#3955 = CARTESIAN_POINT('',(48.069266994465,-10.84630340479,6.2));
#3956 = VECTOR('',#3957,1.);
#3957 = DIRECTION('',(0.,0.,1.));
#3958 = ORIENTED_EDGE('',*,*,#1685,.F.);
#3959 = ORIENTED_EDGE('',*,*,#3936,.F.);
#3960 = PLANE('',#3961);
#3961 = AXIS2_PLACEMENT_3D('',#3962,#3963,#3964);
#3962 = CARTESIAN_POINT('',(48.069266994465,-10.84630340479,6.2));
#3963 = DIRECTION('',(0.242980179903,0.970031253195,0.));
#3964 = DIRECTION('',(0.970031253195,-0.242980179903,0.));
#3965 = ADVANCED_FACE('',(#3966),#3977,.F.);
#3966 = FACE_BOUND('',#3967,.F.);
#3967 = EDGE_LOOP('',(#3968,#3969,#3975,#3976));
#3968 = ORIENTED_EDGE('',*,*,#323,.T.);
#3969 = ORIENTED_EDGE('',*,*,#3970,.T.);
#3970 = EDGE_CURVE('',#316,#1670,#3971,.T.);
#3971 = LINE('',#3972,#3973);
#3972 = CARTESIAN_POINT('',(47.935284931153,-10.82642904312,6.2));
#3973 = VECTOR('',#3974,1.);
#3974 = DIRECTION('',(0.,0.,1.));
#3975 = ORIENTED_EDGE('',*,*,#1677,.F.);
#3976 = ORIENTED_EDGE('',*,*,#3953,.F.);
#3977 = PLANE('',#3978);
#3978 = AXIS2_PLACEMENT_3D('',#3979,#3980,#3981);
#3979 = CARTESIAN_POINT('',(47.935284931153,-10.82642904312,6.2));
#3980 = DIRECTION('',(0.146730474455,0.989176509965,0.));
#3981 = DIRECTION('',(0.989176509965,-0.146730474455,0.));
#3982 = ADVANCED_FACE('',(#3983),#3994,.F.);
#3983 = FACE_BOUND('',#3984,.F.);
#3984 = EDGE_LOOP('',(#3985,#3986,#3992,#3993));
#3985 = ORIENTED_EDGE('',*,*,#315,.T.);
#3986 = ORIENTED_EDGE('',*,*,#3987,.T.);
#3987 = EDGE_CURVE('',#308,#1662,#3988,.T.);
#3988 = LINE('',#3989,#3990);
#3989 = CARTESIAN_POINT('',(47.80441875198,-10.82,6.2));
#3990 = VECTOR('',#3991,1.);
#3991 = DIRECTION('',(0.,0.,1.));
#3992 = ORIENTED_EDGE('',*,*,#1669,.F.);
#3993 = ORIENTED_EDGE('',*,*,#3970,.F.);
#3994 = PLANE('',#3995);
#3995 = AXIS2_PLACEMENT_3D('',#3996,#3997,#3998);
#3996 = CARTESIAN_POINT('',(47.80441875198,-10.82,6.2));
#3997 = DIRECTION('',(4.906767432741E-02,0.998795456205,0.));
#3998 = DIRECTION('',(0.998795456205,-4.906767432741E-02,0.));
#3999 = ADVANCED_FACE('',(#4000),#4011,.F.);
#4000 = FACE_BOUND('',#4001,.F.);
#4001 = EDGE_LOOP('',(#4002,#4003,#4004,#4010));
#4002 = ORIENTED_EDGE('',*,*,#3987,.F.);
#4003 = ORIENTED_EDGE('',*,*,#307,.T.);
#4004 = ORIENTED_EDGE('',*,*,#4005,.F.);
#4005 = EDGE_CURVE('',#1653,#299,#4006,.T.);
#4006 = LINE('',#4007,#4008);
#4007 = CARTESIAN_POINT('',(45.61,-10.82,6.3));
#4008 = VECTOR('',#4009,1.);
#4009 = DIRECTION('',(0.,0.,-1.));
#4010 = ORIENTED_EDGE('',*,*,#1661,.F.);
#4011 = PLANE('',#4012);
#4012 = AXIS2_PLACEMENT_3D('',#4013,#4014,#4015);
#4013 = CARTESIAN_POINT('',(27.39558124802,-10.82,6.2));
#4014 = DIRECTION('',(0.,1.,0.));
#4015 = DIRECTION('',(1.,0.,0.));
#4016 = ADVANCED_FACE('',(#4017),#4028,.F.);
#4017 = FACE_BOUND('',#4018,.F.);
#4018 = EDGE_LOOP('',(#4019,#4020,#4026,#4027));
#4019 = ORIENTED_EDGE('',*,*,#298,.F.);
#4020 = ORIENTED_EDGE('',*,*,#4021,.T.);
#4021 = EDGE_CURVE('',#291,#1645,#4022,.T.);
#4022 = LINE('',#4023,#4024);
#4023 = CARTESIAN_POINT('',(46.25,-9.7,6.3));
#4024 = VECTOR('',#4025,1.);
#4025 = DIRECTION('',(0.,0.,1.));
#4026 = ORIENTED_EDGE('',*,*,#1652,.T.);
#4027 = ORIENTED_EDGE('',*,*,#4005,.T.);
#4028 = CYLINDRICAL_SURFACE('',#4029,1.3);
#4029 = AXIS2_PLACEMENT_3D('',#4030,#4031,#4032);
#4030 = CARTESIAN_POINT('',(44.95,-9.7,6.3));
#4031 = DIRECTION('',(0.,0.,-1.));
#4032 = DIRECTION('',(1.,6.83E-15,0.));
#4033 = ADVANCED_FACE('',(#4034),#4045,.F.);
#4034 = FACE_BOUND('',#4035,.F.);
#4035 = EDGE_LOOP('',(#4036,#4042,#4043,#4044));
#4036 = ORIENTED_EDGE('',*,*,#4037,.T.);
#4037 = EDGE_CURVE('',#282,#1636,#4038,.T.);
#4038 = LINE('',#4039,#4040);
#4039 = CARTESIAN_POINT('',(46.25,-9.65,6.3));
#4040 = VECTOR('',#4041,1.);
#4041 = DIRECTION('',(0.,0.,1.));
#4042 = ORIENTED_EDGE('',*,*,#1644,.T.);
#4043 = ORIENTED_EDGE('',*,*,#4021,.F.);
#4044 = ORIENTED_EDGE('',*,*,#290,.F.);
#4045 = PLANE('',#4046);
#4046 = AXIS2_PLACEMENT_3D('',#4047,#4048,#4049);
#4047 = CARTESIAN_POINT('',(46.25,-9.65,6.3));
#4048 = DIRECTION('',(1.,0.,0.));
#4049 = DIRECTION('',(0.,-1.,0.));
#4050 = ADVANCED_FACE('',(#4051),#4062,.T.);
#4051 = FACE_BOUND('',#4052,.F.);
#4052 = EDGE_LOOP('',(#4053,#4059,#4060,#4061));
#4053 = ORIENTED_EDGE('',*,*,#4054,.T.);
#4054 = EDGE_CURVE('',#274,#1628,#4055,.T.);
#4055 = LINE('',#4056,#4057);
#4056 = CARTESIAN_POINT('',(48.65,-7.25,6.3));
#4057 = VECTOR('',#4058,1.);
#4058 = DIRECTION('',(0.,0.,1.));
#4059 = ORIENTED_EDGE('',*,*,#1635,.T.);
#4060 = ORIENTED_EDGE('',*,*,#4037,.F.);
#4061 = ORIENTED_EDGE('',*,*,#281,.F.);
#4062 = CYLINDRICAL_SURFACE('',#4063,2.4);
#4063 = AXIS2_PLACEMENT_3D('',#4064,#4065,#4066);
#4064 = CARTESIAN_POINT('',(48.65,-9.65,6.3));
#4065 = DIRECTION('',(-0.,-0.,-1.));
#4066 = DIRECTION('',(-2.96E-15,1.,0.));
#4067 = ADVANCED_FACE('',(#4068),#4079,.F.);
#4068 = FACE_BOUND('',#4069,.F.);
#4069 = EDGE_LOOP('',(#4070,#4076,#4077,#4078));
#4070 = ORIENTED_EDGE('',*,*,#4071,.T.);
#4071 = EDGE_CURVE('',#265,#1619,#4072,.T.);
#4072 = LINE('',#4073,#4074);
#4073 = CARTESIAN_POINT('',(63.564864864865,-7.25,6.3));
#4074 = VECTOR('',#4075,1.);
#4075 = DIRECTION('',(0.,0.,1.));
#4076 = ORIENTED_EDGE('',*,*,#1627,.T.);
#4077 = ORIENTED_EDGE('',*,*,#4054,.F.);
#4078 = ORIENTED_EDGE('',*,*,#273,.F.);
#4079 = PLANE('',#4080);
#4080 = AXIS2_PLACEMENT_3D('',#4081,#4082,#4083);
#4081 = CARTESIAN_POINT('',(63.564864864865,-7.25,6.3));
#4082 = DIRECTION('',(0.,-1.,0.));
#4083 = DIRECTION('',(-1.,0.,0.));
#4084 = ADVANCED_FACE('',(#4085),#4096,.F.);
#4085 = FACE_BOUND('',#4086,.F.);
#4086 = EDGE_LOOP('',(#4087,#4093,#4094,#4095));
#4087 = ORIENTED_EDGE('',*,*,#4088,.T.);
#4088 = EDGE_CURVE('',#257,#1611,#4089,.T.);
#4089 = LINE('',#4090,#4091);
#4090 = CARTESIAN_POINT('',(64.25,-6.564864864865,6.3));
#4091 = VECTOR('',#4092,1.);
#4092 = DIRECTION('',(0.,0.,1.));
#4093 = ORIENTED_EDGE('',*,*,#1618,.T.);
#4094 = ORIENTED_EDGE('',*,*,#4071,.F.);
#4095 = ORIENTED_EDGE('',*,*,#264,.F.);
#4096 = CYLINDRICAL_SURFACE('',#4097,0.685135135135);
#4097 = AXIS2_PLACEMENT_3D('',#4098,#4099,#4100);
#4098 = CARTESIAN_POINT('',(63.564864864865,-6.564864864865,6.3));
#4099 = DIRECTION('',(0.,0.,-1.));
#4100 = DIRECTION('',(1.,-2.593E-14,0.));
#4101 = ADVANCED_FACE('',(#4102),#4113,.F.);
#4102 = FACE_BOUND('',#4103,.F.);
#4103 = EDGE_LOOP('',(#4104,#4110,#4111,#4112));
#4104 = ORIENTED_EDGE('',*,*,#4105,.T.);
#4105 = EDGE_CURVE('',#248,#1602,#4106,.T.);
#4106 = LINE('',#4107,#4108);
#4107 = CARTESIAN_POINT('',(64.25,-6.514864864865,6.3));
#4108 = VECTOR('',#4109,1.);
#4109 = DIRECTION('',(0.,0.,1.));
#4110 = ORIENTED_EDGE('',*,*,#1610,.T.);
#4111 = ORIENTED_EDGE('',*,*,#4088,.F.);
#4112 = ORIENTED_EDGE('',*,*,#256,.F.);
#4113 = PLANE('',#4114);
#4114 = AXIS2_PLACEMENT_3D('',#4115,#4116,#4117);
#4115 = CARTESIAN_POINT('',(64.25,-6.514864864865,6.3));
#4116 = DIRECTION('',(1.,0.,0.));
#4117 = DIRECTION('',(0.,-1.,0.));
#4118 = ADVANCED_FACE('',(#4119),#4130,.T.);
#4119 = FACE_BOUND('',#4120,.F.);
#4120 = EDGE_LOOP('',(#4121,#4127,#4128,#4129));
#4121 = ORIENTED_EDGE('',*,*,#4122,.T.);
#4122 = EDGE_CURVE('',#240,#1594,#4123,.T.);
#4123 = LINE('',#4124,#4125);
#4124 = CARTESIAN_POINT('',(65.514864864865,-5.25,6.3));
#4125 = VECTOR('',#4126,1.);
#4126 = DIRECTION('',(0.,0.,1.));
#4127 = ORIENTED_EDGE('',*,*,#1601,.T.);
#4128 = ORIENTED_EDGE('',*,*,#4105,.F.);
#4129 = ORIENTED_EDGE('',*,*,#247,.F.);
#4130 = CYLINDRICAL_SURFACE('',#4131,1.264864864865);
#4131 = AXIS2_PLACEMENT_3D('',#4132,#4133,#4134);
#4132 = CARTESIAN_POINT('',(65.514864864865,-6.514864864865,6.3));
#4133 = DIRECTION('',(-0.,-0.,-1.));
#4134 = DIRECTION('',(-1.124E-14,1.,0.));
#4135 = ADVANCED_FACE('',(#4136),#4147,.F.);
#4136 = FACE_BOUND('',#4137,.F.);
#4137 = EDGE_LOOP('',(#4138,#4144,#4145,#4146));
#4138 = ORIENTED_EDGE('',*,*,#4139,.T.);
#4139 = EDGE_CURVE('',#231,#1585,#4140,.T.);
#4140 = LINE('',#4141,#4142);
#4141 = CARTESIAN_POINT('',(80.95,-5.25,6.3));
#4142 = VECTOR('',#4143,1.);
#4143 = DIRECTION('',(0.,0.,1.));
#4144 = ORIENTED_EDGE('',*,*,#1593,.T.);
#4145 = ORIENTED_EDGE('',*,*,#4122,.F.);
#4146 = ORIENTED_EDGE('',*,*,#239,.F.);
#4147 = PLANE('',#4148);
#4148 = AXIS2_PLACEMENT_3D('',#4149,#4150,#4151);
#4149 = CARTESIAN_POINT('',(80.95,-5.25,6.3));
#4150 = DIRECTION('',(0.,-1.,0.));
#4151 = DIRECTION('',(-1.,0.,0.));
#4152 = ADVANCED_FACE('',(#4153),#4164,.F.);
#4153 = FACE_BOUND('',#4154,.F.);
#4154 = EDGE_LOOP('',(#4155,#4161,#4162,#4163));
#4155 = ORIENTED_EDGE('',*,*,#4156,.T.);
#4156 = EDGE_CURVE('',#223,#1577,#4157,.T.);
#4157 = LINE('',#4158,#4159);
#4158 = CARTESIAN_POINT('',(82.25,-3.95,6.3));
#4159 = VECTOR('',#4160,1.);
#4160 = DIRECTION('',(0.,0.,1.));
#4161 = ORIENTED_EDGE('',*,*,#1584,.T.);
#4162 = ORIENTED_EDGE('',*,*,#4139,.F.);
#4163 = ORIENTED_EDGE('',*,*,#230,.F.);
#4164 = CYLINDRICAL_SURFACE('',#4165,1.3);
#4165 = AXIS2_PLACEMENT_3D('',#4166,#4167,#4168);
#4166 = CARTESIAN_POINT('',(80.95,-3.95,6.3));
#4167 = DIRECTION('',(0.,0.,-1.));
#4168 = DIRECTION('',(1.,2.73E-15,0.));
#4169 = ADVANCED_FACE('',(#4170),#4181,.F.);
#4170 = FACE_BOUND('',#4171,.F.);
#4171 = EDGE_LOOP('',(#4172,#4178,#4179,#4180));
#4172 = ORIENTED_EDGE('',*,*,#4173,.T.);
#4173 = EDGE_CURVE('',#214,#1568,#4174,.T.);
#4174 = LINE('',#4175,#4176);
#4175 = CARTESIAN_POINT('',(82.25,-2.65,6.3));
#4176 = VECTOR('',#4177,1.);
#4177 = DIRECTION('',(0.,0.,1.));
#4178 = ORIENTED_EDGE('',*,*,#1576,.T.);
#4179 = ORIENTED_EDGE('',*,*,#4156,.F.);
#4180 = ORIENTED_EDGE('',*,*,#222,.F.);
#4181 = PLANE('',#4182);
#4182 = AXIS2_PLACEMENT_3D('',#4183,#4184,#4185);
#4183 = CARTESIAN_POINT('',(82.25,-2.65,6.3));
#4184 = DIRECTION('',(1.,0.,0.));
#4185 = DIRECTION('',(0.,-1.,0.));
#4186 = ADVANCED_FACE('',(#4187),#4198,.T.);
#4187 = FACE_BOUND('',#4188,.F.);
#4188 = EDGE_LOOP('',(#4189,#4195,#4196,#4197));
#4189 = ORIENTED_EDGE('',*,*,#4190,.T.);
#4190 = EDGE_CURVE('',#206,#1560,#4191,.T.);
#4191 = LINE('',#4192,#4193);
#4192 = CARTESIAN_POINT('',(84.65,-0.25,6.3));
#4193 = VECTOR('',#4194,1.);
#4194 = DIRECTION('',(0.,0.,1.));
#4195 = ORIENTED_EDGE('',*,*,#1567,.T.);
#4196 = ORIENTED_EDGE('',*,*,#4173,.F.);
#4197 = ORIENTED_EDGE('',*,*,#213,.F.);
#4198 = CYLINDRICAL_SURFACE('',#4199,2.4);
#4199 = AXIS2_PLACEMENT_3D('',#4200,#4201,#4202);
#4200 = CARTESIAN_POINT('',(84.65,-2.65,6.3));
#4201 = DIRECTION('',(-0.,-0.,-1.));
#4202 = DIRECTION('',(-5.92E-15,1.,0.));
#4203 = ADVANCED_FACE('',(#4204),#4215,.F.);
#4204 = FACE_BOUND('',#4205,.F.);
#4205 = EDGE_LOOP('',(#4206,#4212,#4213,#4214));
#4206 = ORIENTED_EDGE('',*,*,#4207,.T.);
#4207 = EDGE_CURVE('',#197,#1551,#4208,.T.);
#4208 = LINE('',#4209,#4210);
#4209 = CARTESIAN_POINT('',(103.35,-0.25,6.3));
#4210 = VECTOR('',#4211,1.);
#4211 = DIRECTION('',(0.,0.,1.));
#4212 = ORIENTED_EDGE('',*,*,#1559,.T.);
#4213 = ORIENTED_EDGE('',*,*,#4190,.F.);
#4214 = ORIENTED_EDGE('',*,*,#205,.F.);
#4215 = PLANE('',#4216);
#4216 = AXIS2_PLACEMENT_3D('',#4217,#4218,#4219);
#4217 = CARTESIAN_POINT('',(103.35,-0.25,6.3));
#4218 = DIRECTION('',(0.,-1.,0.));
#4219 = DIRECTION('',(-1.,0.,0.));
#4220 = ADVANCED_FACE('',(#4221),#4232,.T.);
#4221 = FACE_BOUND('',#4222,.F.);
#4222 = EDGE_LOOP('',(#4223,#4229,#4230,#4231));
#4223 = ORIENTED_EDGE('',*,*,#4224,.T.);
#4224 = EDGE_CURVE('',#189,#1543,#4225,.T.);
#4225 = LINE('',#4226,#4227);
#4226 = CARTESIAN_POINT('',(105.75,-2.65,6.3));
#4227 = VECTOR('',#4228,1.);
#4228 = DIRECTION('',(0.,0.,1.));
#4229 = ORIENTED_EDGE('',*,*,#1550,.T.);
#4230 = ORIENTED_EDGE('',*,*,#4207,.F.);
#4231 = ORIENTED_EDGE('',*,*,#196,.F.);
#4232 = CYLINDRICAL_SURFACE('',#4233,2.4);
#4233 = AXIS2_PLACEMENT_3D('',#4234,#4235,#4236);
#4234 = CARTESIAN_POINT('',(103.35,-2.65,6.3));
#4235 = DIRECTION('',(0.,0.,-1.));
#4236 = DIRECTION('',(1.,-6.29E-15,0.));
#4237 = ADVANCED_FACE('',(#4238),#4249,.F.);
#4238 = FACE_BOUND('',#4239,.F.);
#4239 = EDGE_LOOP('',(#4240,#4246,#4247,#4248));
#4240 = ORIENTED_EDGE('',*,*,#4241,.T.);
#4241 = EDGE_CURVE('',#180,#1534,#4242,.T.);
#4242 = LINE('',#4243,#4244);
#4243 = CARTESIAN_POINT('',(105.75,-3.95,6.3));
#4244 = VECTOR('',#4245,1.);
#4245 = DIRECTION('',(0.,0.,1.));
#4246 = ORIENTED_EDGE('',*,*,#1542,.T.);
#4247 = ORIENTED_EDGE('',*,*,#4224,.F.);
#4248 = ORIENTED_EDGE('',*,*,#188,.F.);
#4249 = PLANE('',#4250);
#4250 = AXIS2_PLACEMENT_3D('',#4251,#4252,#4253);
#4251 = CARTESIAN_POINT('',(105.75,-3.95,6.3));
#4252 = DIRECTION('',(-1.,0.,0.));
#4253 = DIRECTION('',(0.,1.,0.));
#4254 = ADVANCED_FACE('',(#4255),#4266,.F.);
#4255 = FACE_BOUND('',#4256,.F.);
#4256 = EDGE_LOOP('',(#4257,#4263,#4264,#4265));
#4257 = ORIENTED_EDGE('',*,*,#4258,.T.);
#4258 = EDGE_CURVE('',#172,#1526,#4259,.T.);
#4259 = LINE('',#4260,#4261);
#4260 = CARTESIAN_POINT('',(107.05,-5.25,6.3));
#4261 = VECTOR('',#4262,1.);
#4262 = DIRECTION('',(0.,0.,1.));
#4263 = ORIENTED_EDGE('',*,*,#1533,.T.);
#4264 = ORIENTED_EDGE('',*,*,#4241,.F.);
#4265 = ORIENTED_EDGE('',*,*,#179,.F.);
#4266 = CYLINDRICAL_SURFACE('',#4267,1.3);
#4267 = AXIS2_PLACEMENT_3D('',#4268,#4269,#4270);
#4268 = CARTESIAN_POINT('',(107.05,-3.95,6.3));
#4269 = DIRECTION('',(0.,0.,-1.));
#4270 = DIRECTION('',(0.,-1.,0.));
#4271 = ADVANCED_FACE('',(#4272),#4283,.F.);
#4272 = FACE_BOUND('',#4273,.F.);
#4273 = EDGE_LOOP('',(#4274,#4280,#4281,#4282));
#4274 = ORIENTED_EDGE('',*,*,#4275,.T.);
#4275 = EDGE_CURVE('',#163,#1517,#4276,.T.);
#4276 = LINE('',#4277,#4278);
#4277 = CARTESIAN_POINT('',(121.35,-5.25,6.3));
#4278 = VECTOR('',#4279,1.);
#4279 = DIRECTION('',(0.,0.,1.));
#4280 = ORIENTED_EDGE('',*,*,#1525,.T.);
#4281 = ORIENTED_EDGE('',*,*,#4258,.F.);
#4282 = ORIENTED_EDGE('',*,*,#171,.F.);
#4283 = PLANE('',#4284);
#4284 = AXIS2_PLACEMENT_3D('',#4285,#4286,#4287);
#4285 = CARTESIAN_POINT('',(121.35,-5.25,6.3));
#4286 = DIRECTION('',(0.,-1.,0.));
#4287 = DIRECTION('',(-1.,0.,0.));
#4288 = ADVANCED_FACE('',(#4289),#4300,.T.);
#4289 = FACE_BOUND('',#4290,.F.);
#4290 = EDGE_LOOP('',(#4291,#4297,#4298,#4299));
#4291 = ORIENTED_EDGE('',*,*,#4292,.T.);
#4292 = EDGE_CURVE('',#155,#1509,#4293,.T.);
#4293 = LINE('',#4294,#4295);
#4294 = CARTESIAN_POINT('',(123.75,-7.65,6.3));
#4295 = VECTOR('',#4296,1.);
#4296 = DIRECTION('',(0.,0.,1.));
#4297 = ORIENTED_EDGE('',*,*,#1516,.T.);
#4298 = ORIENTED_EDGE('',*,*,#4275,.F.);
#4299 = ORIENTED_EDGE('',*,*,#162,.F.);
#4300 = CYLINDRICAL_SURFACE('',#4301,2.4);
#4301 = AXIS2_PLACEMENT_3D('',#4302,#4303,#4304);
#4302 = CARTESIAN_POINT('',(121.35,-7.65,6.3));
#4303 = DIRECTION('',(0.,0.,-1.));
#4304 = DIRECTION('',(1.,-5.92E-15,0.));
#4305 = ADVANCED_FACE('',(#4306),#4312,.F.);
#4306 = FACE_BOUND('',#4307,.F.);
#4307 = EDGE_LOOP('',(#4308,#4309,#4310,#4311));
#4308 = ORIENTED_EDGE('',*,*,#2852,.T.);
#4309 = ORIENTED_EDGE('',*,*,#1508,.T.);
#4310 = ORIENTED_EDGE('',*,*,#4292,.F.);
#4311 = ORIENTED_EDGE('',*,*,#154,.F.);
#4312 = PLANE('',#4313);
#4313 = AXIS2_PLACEMENT_3D('',#4314,#4315,#4316);
#4314 = CARTESIAN_POINT('',(123.75,-15.95,6.3));
#4315 = DIRECTION('',(-1.,0.,0.));
#4316 = DIRECTION('',(0.,1.,0.));
#4317 = ADVANCED_FACE('',(#4318),#4334,.F.);
#4318 = FACE_BOUND('',#4319,.F.);
#4319 = EDGE_LOOP('',(#4320,#4321,#4327,#4328));
#4320 = ORIENTED_EDGE('',*,*,#845,.T.);
#4321 = ORIENTED_EDGE('',*,*,#4322,.T.);
#4322 = EDGE_CURVE('',#848,#2185,#4323,.T.);
#4323 = LINE('',#4324,#4325);
#4324 = CARTESIAN_POINT('',(28.697517658559,-76.61417332292,5.5));
#4325 = VECTOR('',#4326,1.);
#4326 = DIRECTION('',(0.,0.,1.));
#4327 = ORIENTED_EDGE('',*,*,#2182,.F.);
#4328 = ORIENTED_EDGE('',*,*,#4329,.F.);
#4329 = EDGE_CURVE('',#846,#2183,#4330,.T.);
#4330 = LINE('',#4331,#4332);
#4331 = CARTESIAN_POINT('',(41.385826677072,-70.69751765855,5.5));
#4332 = VECTOR('',#4333,1.);
#4333 = DIRECTION('',(0.,0.,1.));
#4334 = PLANE('',#4335);
#4335 = AXIS2_PLACEMENT_3D('',#4336,#4337,#4338);
#4336 = CARTESIAN_POINT('',(28.697517658559,-76.61417332292,5.5));
#4337 = DIRECTION('',(-0.422618261741,0.906307787037,0.));
#4338 = DIRECTION('',(0.906307787037,0.422618261741,0.));
#4339 = ADVANCED_FACE('',(#4340),#4351,.F.);
#4340 = FACE_BOUND('',#4341,.F.);
#4341 = EDGE_LOOP('',(#4342,#4343,#4344,#4345));
#4342 = ORIENTED_EDGE('',*,*,#855,.T.);
#4343 = ORIENTED_EDGE('',*,*,#4329,.T.);
#4344 = ORIENTED_EDGE('',*,*,#2192,.F.);
#4345 = ORIENTED_EDGE('',*,*,#4346,.F.);
#4346 = EDGE_CURVE('',#856,#2193,#4347,.T.);
#4347 = LINE('',#4348,#4349);
#4348 = CARTESIAN_POINT('',(47.302482341441,-83.38582667707,5.5));
#4349 = VECTOR('',#4350,1.);
#4350 = DIRECTION('',(0.,0.,1.));
#4351 = PLANE('',#4352);
#4352 = AXIS2_PLACEMENT_3D('',#4353,#4354,#4355);
#4353 = CARTESIAN_POINT('',(41.385826677072,-70.69751765855,5.5));
#4354 = DIRECTION('',(0.906307787037,0.422618261741,0.));
#4355 = DIRECTION('',(0.422618261741,-0.906307787037,0.));
#4356 = ADVANCED_FACE('',(#4357),#4368,.F.);
#4357 = FACE_BOUND('',#4358,.F.);
#4358 = EDGE_LOOP('',(#4359,#4360,#4366,#4367));
#4359 = ORIENTED_EDGE('',*,*,#871,.T.);
#4360 = ORIENTED_EDGE('',*,*,#4361,.T.);
#4361 = EDGE_CURVE('',#864,#2201,#4362,.T.);
#4362 = LINE('',#4363,#4364);
#4363 = CARTESIAN_POINT('',(34.614173322928,-89.30248234144,5.5));
#4364 = VECTOR('',#4365,1.);
#4365 = DIRECTION('',(0.,0.,1.));
#4366 = ORIENTED_EDGE('',*,*,#2208,.F.);
#4367 = ORIENTED_EDGE('',*,*,#4322,.F.);
#4368 = PLANE('',#4369);
#4369 = AXIS2_PLACEMENT_3D('',#4370,#4371,#4372);
#4370 = CARTESIAN_POINT('',(34.614173322928,-89.30248234144,5.5));
#4371 = DIRECTION('',(-0.906307787037,-0.422618261741,0.));
#4372 = DIRECTION('',(-0.422618261741,0.906307787037,0.));
#4373 = ADVANCED_FACE('',(#4374),#4380,.F.);
#4374 = FACE_BOUND('',#4375,.F.);
#4375 = EDGE_LOOP('',(#4376,#4377,#4378,#4379));
#4376 = ORIENTED_EDGE('',*,*,#863,.T.);
#4377 = ORIENTED_EDGE('',*,*,#4346,.T.);
#4378 = ORIENTED_EDGE('',*,*,#2200,.F.);
#4379 = ORIENTED_EDGE('',*,*,#4361,.F.);
#4380 = PLANE('',#4381);
#4381 = AXIS2_PLACEMENT_3D('',#4382,#4383,#4384);
#4382 = CARTESIAN_POINT('',(47.302482341441,-83.38582667707,5.5));
#4383 = DIRECTION('',(0.422618261741,-0.906307787037,0.));
#4384 = DIRECTION('',(-0.906307787037,-0.422618261741,0.));
#4385 = ADVANCED_FACE('',(#4386),#4402,.F.);
#4386 = FACE_BOUND('',#4387,.F.);
#4387 = EDGE_LOOP('',(#4388,#4389,#4395,#4396));
#4388 = ORIENTED_EDGE('',*,*,#879,.T.);
#4389 = ORIENTED_EDGE('',*,*,#4390,.T.);
#4390 = EDGE_CURVE('',#882,#2219,#4391,.T.);
#4391 = LINE('',#4392,#4393);
#4392 = CARTESIAN_POINT('',(50.890808485246,-67.32188297258,5.5));
#4393 = VECTOR('',#4394,1.);
#4394 = DIRECTION('',(0.,0.,1.));
#4395 = ORIENTED_EDGE('',*,*,#2216,.F.);
#4396 = ORIENTED_EDGE('',*,*,#4397,.F.);
#4397 = EDGE_CURVE('',#880,#2217,#4398,.T.);
#4398 = LINE('',#4399,#4400);
#4399 = CARTESIAN_POINT('',(64.678117027417,-64.89080848524,5.5));
#4400 = VECTOR('',#4401,1.);
#4401 = DIRECTION('',(0.,0.,1.));
#4402 = PLANE('',#4403);
#4403 = AXIS2_PLACEMENT_3D('',#4404,#4405,#4406);
#4404 = CARTESIAN_POINT('',(50.890808485246,-67.32188297258,5.5));
#4405 = DIRECTION('',(-0.173648177667,0.984807753012,0.));
#4406 = DIRECTION('',(0.984807753012,0.173648177667,0.));
#4407 = ADVANCED_FACE('',(#4408),#4419,.F.);
#4408 = FACE_BOUND('',#4409,.F.);
#4409 = EDGE_LOOP('',(#4410,#4411,#4412,#4413));
#4410 = ORIENTED_EDGE('',*,*,#889,.T.);
#4411 = ORIENTED_EDGE('',*,*,#4397,.T.);
#4412 = ORIENTED_EDGE('',*,*,#2226,.F.);
#4413 = ORIENTED_EDGE('',*,*,#4414,.F.);
#4414 = EDGE_CURVE('',#890,#2227,#4415,.T.);
#4415 = LINE('',#4416,#4417);
#4416 = CARTESIAN_POINT('',(67.109191514754,-78.67811702741,5.5));
#4417 = VECTOR('',#4418,1.);
#4418 = DIRECTION('',(0.,0.,1.));
#4419 = PLANE('',#4420);
#4420 = AXIS2_PLACEMENT_3D('',#4421,#4422,#4423);
#4421 = CARTESIAN_POINT('',(64.678117027417,-64.89080848524,5.5));
#4422 = DIRECTION('',(0.984807753012,0.173648177667,0.));
#4423 = DIRECTION('',(0.173648177667,-0.984807753012,0.));
#4424 = ADVANCED_FACE('',(#4425),#4436,.F.);
#4425 = FACE_BOUND('',#4426,.F.);
#4426 = EDGE_LOOP('',(#4427,#4428,#4434,#4435));
#4427 = ORIENTED_EDGE('',*,*,#905,.T.);
#4428 = ORIENTED_EDGE('',*,*,#4429,.T.);
#4429 = EDGE_CURVE('',#898,#2235,#4430,.T.);
#4430 = LINE('',#4431,#4432);
#4431 = CARTESIAN_POINT('',(53.321882972583,-81.10919151475,5.5));
#4432 = VECTOR('',#4433,1.);
#4433 = DIRECTION('',(0.,0.,1.));
#4434 = ORIENTED_EDGE('',*,*,#2242,.F.);
#4435 = ORIENTED_EDGE('',*,*,#4390,.F.);
#4436 = PLANE('',#4437);
#4437 = AXIS2_PLACEMENT_3D('',#4438,#4439,#4440);
#4438 = CARTESIAN_POINT('',(53.321882972583,-81.10919151475,5.5));
#4439 = DIRECTION('',(-0.984807753012,-0.173648177667,0.));
#4440 = DIRECTION('',(-0.173648177667,0.984807753012,0.));
#4441 = ADVANCED_FACE('',(#4442),#4448,.F.);
#4442 = FACE_BOUND('',#4443,.F.);
#4443 = EDGE_LOOP('',(#4444,#4445,#4446,#4447));
#4444 = ORIENTED_EDGE('',*,*,#897,.T.);
#4445 = ORIENTED_EDGE('',*,*,#4414,.T.);
#4446 = ORIENTED_EDGE('',*,*,#2234,.F.);
#4447 = ORIENTED_EDGE('',*,*,#4429,.F.);
#4448 = PLANE('',#4449);
#4449 = AXIS2_PLACEMENT_3D('',#4450,#4451,#4452);
#4450 = CARTESIAN_POINT('',(67.109191514754,-78.67811702741,5.5));
#4451 = DIRECTION('',(0.173648177667,-0.984807753012,0.));
#4452 = DIRECTION('',(-0.984807753012,-0.173648177667,0.));
#4453 = ADVANCED_FACE('',(#4454),#4470,.F.);
#4454 = FACE_BOUND('',#4455,.F.);
#4455 = EDGE_LOOP('',(#4456,#4457,#4463,#4464));
#4456 = ORIENTED_EDGE('',*,*,#913,.T.);
#4457 = ORIENTED_EDGE('',*,*,#4458,.T.);
#4458 = EDGE_CURVE('',#916,#2253,#4459,.T.);
#4459 = LINE('',#4460,#4461);
#4460 = CARTESIAN_POINT('',(74.636727312591,-64.41654691412,5.5));
#4461 = VECTOR('',#4462,1.);
#4462 = DIRECTION('',(0.,0.,1.));
#4463 = ORIENTED_EDGE('',*,*,#2250,.F.);
#4464 = ORIENTED_EDGE('',*,*,#4465,.F.);
#4465 = EDGE_CURVE('',#914,#2251,#4466,.T.);
#4466 = LINE('',#4467,#4468);
#4467 = CARTESIAN_POINT('',(88.583453085876,-65.63672731259,5.5));
#4468 = VECTOR('',#4469,1.);
#4469 = DIRECTION('',(0.,0.,1.));
#4470 = PLANE('',#4471);
#4471 = AXIS2_PLACEMENT_3D('',#4472,#4473,#4474);
#4472 = CARTESIAN_POINT('',(74.636727312591,-64.41654691412,5.5));
#4473 = DIRECTION('',(8.715574274766E-02,0.996194698092,0.));
#4474 = DIRECTION('',(0.996194698092,-8.715574274766E-02,0.));
#4475 = ADVANCED_FACE('',(#4476),#4487,.F.);
#4476 = FACE_BOUND('',#4477,.F.);
#4477 = EDGE_LOOP('',(#4478,#4479,#4480,#4481));
#4478 = ORIENTED_EDGE('',*,*,#923,.T.);
#4479 = ORIENTED_EDGE('',*,*,#4465,.T.);
#4480 = ORIENTED_EDGE('',*,*,#2260,.F.);
#4481 = ORIENTED_EDGE('',*,*,#4482,.F.);
#4482 = EDGE_CURVE('',#924,#2261,#4483,.T.);
#4483 = LINE('',#4484,#4485);
#4484 = CARTESIAN_POINT('',(87.363272687409,-79.58345308587,5.5));
#4485 = VECTOR('',#4486,1.);
#4486 = DIRECTION('',(0.,0.,1.));
#4487 = PLANE('',#4488);
#4488 = AXIS2_PLACEMENT_3D('',#4489,#4490,#4491);
#4489 = CARTESIAN_POINT('',(88.583453085876,-65.63672731259,5.5));
#4490 = DIRECTION('',(0.996194698092,-8.715574274766E-02,0.));
#4491 = DIRECTION('',(-8.715574274766E-02,-0.996194698092,0.));
#4492 = ADVANCED_FACE('',(#4493),#4504,.F.);
#4493 = FACE_BOUND('',#4494,.F.);
#4494 = EDGE_LOOP('',(#4495,#4496,#4502,#4503));
#4495 = ORIENTED_EDGE('',*,*,#939,.T.);
#4496 = ORIENTED_EDGE('',*,*,#4497,.T.);
#4497 = EDGE_CURVE('',#932,#2269,#4498,.T.);
#4498 = LINE('',#4499,#4500);
#4499 = CARTESIAN_POINT('',(73.416546914124,-78.3632726874,5.5));
#4500 = VECTOR('',#4501,1.);
#4501 = DIRECTION('',(0.,0.,1.));
#4502 = ORIENTED_EDGE('',*,*,#2276,.F.);
#4503 = ORIENTED_EDGE('',*,*,#4458,.F.);
#4504 = PLANE('',#4505);
#4505 = AXIS2_PLACEMENT_3D('',#4506,#4507,#4508);
#4506 = CARTESIAN_POINT('',(73.416546914124,-78.3632726874,5.5));
#4507 = DIRECTION('',(-0.996194698092,8.715574274766E-02,0.));
#4508 = DIRECTION('',(8.715574274766E-02,0.996194698092,0.));
#4509 = ADVANCED_FACE('',(#4510),#4516,.F.);
#4510 = FACE_BOUND('',#4511,.F.);
#4511 = EDGE_LOOP('',(#4512,#4513,#4514,#4515));
#4512 = ORIENTED_EDGE('',*,*,#931,.T.);
#4513 = ORIENTED_EDGE('',*,*,#4482,.T.);
#4514 = ORIENTED_EDGE('',*,*,#2268,.F.);
#4515 = ORIENTED_EDGE('',*,*,#4497,.F.);
#4516 = PLANE('',#4517);
#4517 = AXIS2_PLACEMENT_3D('',#4518,#4519,#4520);
#4518 = CARTESIAN_POINT('',(87.363272687409,-79.58345308587,5.5));
#4519 = DIRECTION('',(-8.715574274766E-02,-0.996194698092,0.));
#4520 = DIRECTION('',(-0.996194698092,8.715574274766E-02,0.));
#4521 = ADVANCED_FACE('',(#4522),#4533,.F.);
#4522 = FACE_BOUND('',#4523,.T.);
#4523 = EDGE_LOOP('',(#4524,#4525,#4531,#4532));
#4524 = ORIENTED_EDGE('',*,*,#947,.T.);
#4525 = ORIENTED_EDGE('',*,*,#4526,.T.);
#4526 = EDGE_CURVE('',#948,#2285,#4527,.T.);
#4527 = LINE('',#4528,#4529);
#4528 = CARTESIAN_POINT('',(81.15,-61.3,5.5));
#4529 = VECTOR('',#4530,1.);
#4530 = DIRECTION('',(0.,0.,1.));
#4531 = ORIENTED_EDGE('',*,*,#2284,.F.);
#4532 = ORIENTED_EDGE('',*,*,#4526,.F.);
#4533 = CYLINDRICAL_SURFACE('',#4534,1.15);
#4534 = AXIS2_PLACEMENT_3D('',#4535,#4536,#4537);
#4535 = CARTESIAN_POINT('',(80.,-61.3,5.5));
#4536 = DIRECTION('',(-0.,-0.,-1.));
#4537 = DIRECTION('',(1.,0.,0.));
#4538 = ADVANCED_FACE('',(#4539),#4555,.F.);
#4539 = FACE_BOUND('',#4540,.F.);
#4540 = EDGE_LOOP('',(#4541,#4542,#4548,#4549));
#4541 = ORIENTED_EDGE('',*,*,#958,.T.);
#4542 = ORIENTED_EDGE('',*,*,#4543,.T.);
#4543 = EDGE_CURVE('',#961,#2298,#4544,.T.);
#4544 = LINE('',#4545,#4546);
#4545 = CARTESIAN_POINT('',(51.,-46.,5.5));
#4546 = VECTOR('',#4547,1.);
#4547 = DIRECTION('',(0.,0.,1.));
#4548 = ORIENTED_EDGE('',*,*,#2295,.F.);
#4549 = ORIENTED_EDGE('',*,*,#4550,.F.);
#4550 = EDGE_CURVE('',#959,#2296,#4551,.T.);
#4551 = LINE('',#4552,#4553);
#4552 = CARTESIAN_POINT('',(65.,-46.,5.5));
#4553 = VECTOR('',#4554,1.);
#4554 = DIRECTION('',(0.,0.,1.));
#4555 = PLANE('',#4556);
#4556 = AXIS2_PLACEMENT_3D('',#4557,#4558,#4559);
#4557 = CARTESIAN_POINT('',(51.,-46.,5.5));
#4558 = DIRECTION('',(0.,1.,0.));
#4559 = DIRECTION('',(1.,0.,0.));
#4560 = ADVANCED_FACE('',(#4561),#4572,.F.);
#4561 = FACE_BOUND('',#4562,.F.);
#4562 = EDGE_LOOP('',(#4563,#4564,#4565,#4566));
#4563 = ORIENTED_EDGE('',*,*,#968,.T.);
#4564 = ORIENTED_EDGE('',*,*,#4550,.T.);
#4565 = ORIENTED_EDGE('',*,*,#2305,.F.);
#4566 = ORIENTED_EDGE('',*,*,#4567,.F.);
#4567 = EDGE_CURVE('',#969,#2306,#4568,.T.);
#4568 = LINE('',#4569,#4570);
#4569 = CARTESIAN_POINT('',(65.,-60.,5.5));
#4570 = VECTOR('',#4571,1.);
#4571 = DIRECTION('',(0.,0.,1.));
#4572 = PLANE('',#4573);
#4573 = AXIS2_PLACEMENT_3D('',#4574,#4575,#4576);
#4574 = CARTESIAN_POINT('',(65.,-46.,5.5));
#4575 = DIRECTION('',(1.,0.,0.));
#4576 = DIRECTION('',(0.,-1.,0.));
#4577 = ADVANCED_FACE('',(#4578),#4589,.F.);
#4578 = FACE_BOUND('',#4579,.F.);
#4579 = EDGE_LOOP('',(#4580,#4581,#4587,#4588));
#4580 = ORIENTED_EDGE('',*,*,#984,.T.);
#4581 = ORIENTED_EDGE('',*,*,#4582,.T.);
#4582 = EDGE_CURVE('',#977,#2314,#4583,.T.);
#4583 = LINE('',#4584,#4585);
#4584 = CARTESIAN_POINT('',(51.,-60.,5.5));
#4585 = VECTOR('',#4586,1.);
#4586 = DIRECTION('',(0.,0.,1.));
#4587 = ORIENTED_EDGE('',*,*,#2321,.F.);
#4588 = ORIENTED_EDGE('',*,*,#4543,.F.);
#4589 = PLANE('',#4590);
#4590 = AXIS2_PLACEMENT_3D('',#4591,#4592,#4593);
#4591 = CARTESIAN_POINT('',(51.,-60.,5.5));
#4592 = DIRECTION('',(-1.,0.,0.));
#4593 = DIRECTION('',(0.,1.,0.));
#4594 = ADVANCED_FACE('',(#4595),#4601,.F.);
#4595 = FACE_BOUND('',#4596,.F.);
#4596 = EDGE_LOOP('',(#4597,#4598,#4599,#4600));
#4597 = ORIENTED_EDGE('',*,*,#976,.T.);
#4598 = ORIENTED_EDGE('',*,*,#4567,.T.);
#4599 = ORIENTED_EDGE('',*,*,#2313,.F.);
#4600 = ORIENTED_EDGE('',*,*,#4582,.F.);
#4601 = PLANE('',#4602);
#4602 = AXIS2_PLACEMENT_3D('',#4603,#4604,#4605);
#4603 = CARTESIAN_POINT('',(65.,-60.,5.5));
#4604 = DIRECTION('',(0.,-1.,0.));
#4605 = DIRECTION('',(-1.,0.,0.));
#4606 = ADVANCED_FACE('',(#4607),#4623,.F.);
#4607 = FACE_BOUND('',#4608,.F.);
#4608 = EDGE_LOOP('',(#4609,#4610,#4616,#4617));
#4609 = ORIENTED_EDGE('',*,*,#992,.T.);
#4610 = ORIENTED_EDGE('',*,*,#4611,.T.);
#4611 = EDGE_CURVE('',#995,#2332,#4612,.T.);
#4612 = LINE('',#4613,#4614);
#4613 = CARTESIAN_POINT('',(69.,-44.,5.5));
#4614 = VECTOR('',#4615,1.);
#4615 = DIRECTION('',(0.,0.,1.));
#4616 = ORIENTED_EDGE('',*,*,#2329,.F.);
#4617 = ORIENTED_EDGE('',*,*,#4618,.F.);
#4618 = EDGE_CURVE('',#993,#2330,#4619,.T.);
#4619 = LINE('',#4620,#4621);
#4620 = CARTESIAN_POINT('',(83.,-44.,5.5));
#4621 = VECTOR('',#4622,1.);
#4622 = DIRECTION('',(0.,0.,1.));
#4623 = PLANE('',#4624);
#4624 = AXIS2_PLACEMENT_3D('',#4625,#4626,#4627);
#4625 = CARTESIAN_POINT('',(69.,-44.,5.5));
#4626 = DIRECTION('',(0.,1.,0.));
#4627 = DIRECTION('',(1.,0.,0.));
#4628 = ADVANCED_FACE('',(#4629),#4640,.F.);
#4629 = FACE_BOUND('',#4630,.F.);
#4630 = EDGE_LOOP('',(#4631,#4632,#4633,#4634));
#4631 = ORIENTED_EDGE('',*,*,#1002,.T.);
#4632 = ORIENTED_EDGE('',*,*,#4618,.T.);
#4633 = ORIENTED_EDGE('',*,*,#2339,.F.);
#4634 = ORIENTED_EDGE('',*,*,#4635,.F.);
#4635 = EDGE_CURVE('',#1003,#2340,#4636,.T.);
#4636 = LINE('',#4637,#4638);
#4637 = CARTESIAN_POINT('',(83.,-58.,5.5));
#4638 = VECTOR('',#4639,1.);
#4639 = DIRECTION('',(0.,0.,1.));
#4640 = PLANE('',#4641);
#4641 = AXIS2_PLACEMENT_3D('',#4642,#4643,#4644);
#4642 = CARTESIAN_POINT('',(83.,-44.,5.5));
#4643 = DIRECTION('',(1.,0.,0.));
#4644 = DIRECTION('',(0.,-1.,0.));
#4645 = ADVANCED_FACE('',(#4646),#4657,.F.);
#4646 = FACE_BOUND('',#4647,.F.);
#4647 = EDGE_LOOP('',(#4648,#4649,#4655,#4656));
#4648 = ORIENTED_EDGE('',*,*,#1018,.T.);
#4649 = ORIENTED_EDGE('',*,*,#4650,.T.);
#4650 = EDGE_CURVE('',#1011,#2348,#4651,.T.);
#4651 = LINE('',#4652,#4653);
#4652 = CARTESIAN_POINT('',(69.,-58.,5.5));
#4653 = VECTOR('',#4654,1.);
#4654 = DIRECTION('',(0.,0.,1.));
#4655 = ORIENTED_EDGE('',*,*,#2355,.F.);
#4656 = ORIENTED_EDGE('',*,*,#4611,.F.);
#4657 = PLANE('',#4658);
#4658 = AXIS2_PLACEMENT_3D('',#4659,#4660,#4661);
#4659 = CARTESIAN_POINT('',(69.,-58.,5.5));
#4660 = DIRECTION('',(-1.,0.,0.));
#4661 = DIRECTION('',(0.,1.,0.));
#4662 = ADVANCED_FACE('',(#4663),#4669,.F.);
#4663 = FACE_BOUND('',#4664,.F.);
#4664 = EDGE_LOOP('',(#4665,#4666,#4667,#4668));
#4665 = ORIENTED_EDGE('',*,*,#1010,.T.);
#4666 = ORIENTED_EDGE('',*,*,#4635,.T.);
#4667 = ORIENTED_EDGE('',*,*,#2347,.F.);
#4668 = ORIENTED_EDGE('',*,*,#4650,.F.);
#4669 = PLANE('',#4670);
#4670 = AXIS2_PLACEMENT_3D('',#4671,#4672,#4673);
#4671 = CARTESIAN_POINT('',(83.,-58.,5.5));
#4672 = DIRECTION('',(0.,-1.,0.));
#4673 = DIRECTION('',(-1.,0.,0.));
#4674 = ADVANCED_FACE('',(#4675),#4691,.F.);
#4675 = FACE_BOUND('',#4676,.F.);
#4676 = EDGE_LOOP('',(#4677,#4678,#4684,#4685));
#4677 = ORIENTED_EDGE('',*,*,#1026,.T.);
#4678 = ORIENTED_EDGE('',*,*,#4679,.T.);
#4679 = EDGE_CURVE('',#1029,#2366,#4680,.T.);
#4680 = LINE('',#4681,#4682);
#4681 = CARTESIAN_POINT('',(123.,-56.,5.5));
#4682 = VECTOR('',#4683,1.);
#4683 = DIRECTION('',(0.,0.,1.));
#4684 = ORIENTED_EDGE('',*,*,#2363,.F.);
#4685 = ORIENTED_EDGE('',*,*,#4686,.F.);
#4686 = EDGE_CURVE('',#1027,#2364,#4687,.T.);
#4687 = LINE('',#4688,#4689);
#4688 = CARTESIAN_POINT('',(137.,-56.,5.5));
#4689 = VECTOR('',#4690,1.);
#4690 = DIRECTION('',(0.,0.,1.));
#4691 = PLANE('',#4692);
#4692 = AXIS2_PLACEMENT_3D('',#4693,#4694,#4695);
#4693 = CARTESIAN_POINT('',(123.,-56.,5.5));
#4694 = DIRECTION('',(0.,1.,0.));
#4695 = DIRECTION('',(1.,0.,0.));
#4696 = ADVANCED_FACE('',(#4697),#4708,.F.);
#4697 = FACE_BOUND('',#4698,.F.);
#4698 = EDGE_LOOP('',(#4699,#4700,#4701,#4702));
#4699 = ORIENTED_EDGE('',*,*,#1036,.T.);
#4700 = ORIENTED_EDGE('',*,*,#4686,.T.);
#4701 = ORIENTED_EDGE('',*,*,#2373,.F.);
#4702 = ORIENTED_EDGE('',*,*,#4703,.F.);
#4703 = EDGE_CURVE('',#1037,#2374,#4704,.T.);
#4704 = LINE('',#4705,#4706);
#4705 = CARTESIAN_POINT('',(137.,-70.,5.5));
#4706 = VECTOR('',#4707,1.);
#4707 = DIRECTION('',(0.,0.,1.));
#4708 = PLANE('',#4709);
#4709 = AXIS2_PLACEMENT_3D('',#4710,#4711,#4712);
#4710 = CARTESIAN_POINT('',(137.,-56.,5.5));
#4711 = DIRECTION('',(1.,0.,0.));
#4712 = DIRECTION('',(0.,-1.,0.));
#4713 = ADVANCED_FACE('',(#4714),#4725,.F.);
#4714 = FACE_BOUND('',#4715,.F.);
#4715 = EDGE_LOOP('',(#4716,#4717,#4723,#4724));
#4716 = ORIENTED_EDGE('',*,*,#1052,.T.);
#4717 = ORIENTED_EDGE('',*,*,#4718,.T.);
#4718 = EDGE_CURVE('',#1045,#2382,#4719,.T.);
#4719 = LINE('',#4720,#4721);
#4720 = CARTESIAN_POINT('',(123.,-70.,5.5));
#4721 = VECTOR('',#4722,1.);
#4722 = DIRECTION('',(0.,0.,1.));
#4723 = ORIENTED_EDGE('',*,*,#2389,.F.);
#4724 = ORIENTED_EDGE('',*,*,#4679,.F.);
#4725 = PLANE('',#4726);
#4726 = AXIS2_PLACEMENT_3D('',#4727,#4728,#4729);
#4727 = CARTESIAN_POINT('',(123.,-70.,5.5));
#4728 = DIRECTION('',(-1.,0.,0.));
#4729 = DIRECTION('',(0.,1.,0.));
#4730 = ADVANCED_FACE('',(#4731),#4737,.F.);
#4731 = FACE_BOUND('',#4732,.F.);
#4732 = EDGE_LOOP('',(#4733,#4734,#4735,#4736));
#4733 = ORIENTED_EDGE('',*,*,#1044,.T.);
#4734 = ORIENTED_EDGE('',*,*,#4703,.T.);
#4735 = ORIENTED_EDGE('',*,*,#2381,.F.);
#4736 = ORIENTED_EDGE('',*,*,#4718,.F.);
#4737 = PLANE('',#4738);
#4738 = AXIS2_PLACEMENT_3D('',#4739,#4740,#4741);
#4739 = CARTESIAN_POINT('',(137.,-70.,5.5));
#4740 = DIRECTION('',(0.,-1.,0.));
#4741 = DIRECTION('',(-1.,0.,0.));
#4742 = ADVANCED_FACE('',(#4743),#4759,.F.);
#4743 = FACE_BOUND('',#4744,.F.);
#4744 = EDGE_LOOP('',(#4745,#4746,#4752,#4753));
#4745 = ORIENTED_EDGE('',*,*,#1060,.T.);
#4746 = ORIENTED_EDGE('',*,*,#4747,.T.);
#4747 = EDGE_CURVE('',#1063,#2400,#4748,.T.);
#4748 = LINE('',#4749,#4750);
#4749 = CARTESIAN_POINT('',(105.,-44.,5.5));
#4750 = VECTOR('',#4751,1.);
#4751 = DIRECTION('',(0.,0.,1.));
#4752 = ORIENTED_EDGE('',*,*,#2397,.F.);
#4753 = ORIENTED_EDGE('',*,*,#4754,.F.);
#4754 = EDGE_CURVE('',#1061,#2398,#4755,.T.);
#4755 = LINE('',#4756,#4757);
#4756 = CARTESIAN_POINT('',(119.,-44.,5.5));
#4757 = VECTOR('',#4758,1.);
#4758 = DIRECTION('',(0.,0.,1.));
#4759 = PLANE('',#4760);
#4760 = AXIS2_PLACEMENT_3D('',#4761,#4762,#4763);
#4761 = CARTESIAN_POINT('',(105.,-44.,5.5));
#4762 = DIRECTION('',(0.,1.,0.));
#4763 = DIRECTION('',(1.,0.,0.));
#4764 = ADVANCED_FACE('',(#4765),#4776,.F.);
#4765 = FACE_BOUND('',#4766,.F.);
#4766 = EDGE_LOOP('',(#4767,#4768,#4769,#4770));
#4767 = ORIENTED_EDGE('',*,*,#1070,.T.);
#4768 = ORIENTED_EDGE('',*,*,#4754,.T.);
#4769 = ORIENTED_EDGE('',*,*,#2407,.F.);
#4770 = ORIENTED_EDGE('',*,*,#4771,.F.);
#4771 = EDGE_CURVE('',#1071,#2408,#4772,.T.);
#4772 = LINE('',#4773,#4774);
#4773 = CARTESIAN_POINT('',(119.,-58.,5.5));
#4774 = VECTOR('',#4775,1.);
#4775 = DIRECTION('',(0.,0.,1.));
#4776 = PLANE('',#4777);
#4777 = AXIS2_PLACEMENT_3D('',#4778,#4779,#4780);
#4778 = CARTESIAN_POINT('',(119.,-44.,5.5));
#4779 = DIRECTION('',(1.,0.,0.));
#4780 = DIRECTION('',(0.,-1.,0.));
#4781 = ADVANCED_FACE('',(#4782),#4793,.F.);
#4782 = FACE_BOUND('',#4783,.F.);
#4783 = EDGE_LOOP('',(#4784,#4785,#4791,#4792));
#4784 = ORIENTED_EDGE('',*,*,#1086,.T.);
#4785 = ORIENTED_EDGE('',*,*,#4786,.T.);
#4786 = EDGE_CURVE('',#1079,#2416,#4787,.T.);
#4787 = LINE('',#4788,#4789);
#4788 = CARTESIAN_POINT('',(105.,-58.,5.5));
#4789 = VECTOR('',#4790,1.);
#4790 = DIRECTION('',(0.,0.,1.));
#4791 = ORIENTED_EDGE('',*,*,#2423,.F.);
#4792 = ORIENTED_EDGE('',*,*,#4747,.F.);
#4793 = PLANE('',#4794);
#4794 = AXIS2_PLACEMENT_3D('',#4795,#4796,#4797);
#4795 = CARTESIAN_POINT('',(105.,-58.,5.5));
#4796 = DIRECTION('',(-1.,0.,0.));
#4797 = DIRECTION('',(0.,1.,0.));
#4798 = ADVANCED_FACE('',(#4799),#4805,.F.);
#4799 = FACE_BOUND('',#4800,.F.);
#4800 = EDGE_LOOP('',(#4801,#4802,#4803,#4804));
#4801 = ORIENTED_EDGE('',*,*,#1078,.T.);
#4802 = ORIENTED_EDGE('',*,*,#4771,.T.);
#4803 = ORIENTED_EDGE('',*,*,#2415,.F.);
#4804 = ORIENTED_EDGE('',*,*,#4786,.F.);
#4805 = PLANE('',#4806);
#4806 = AXIS2_PLACEMENT_3D('',#4807,#4808,#4809);
#4807 = CARTESIAN_POINT('',(119.,-58.,5.5));
#4808 = DIRECTION('',(0.,-1.,0.));
#4809 = DIRECTION('',(-1.,0.,0.));
#4810 = ADVANCED_FACE('',(#4811),#4827,.F.);
#4811 = FACE_BOUND('',#4812,.F.);
#4812 = EDGE_LOOP('',(#4813,#4814,#4820,#4821));
#4813 = ORIENTED_EDGE('',*,*,#1094,.T.);
#4814 = ORIENTED_EDGE('',*,*,#4815,.T.);
#4815 = EDGE_CURVE('',#1097,#2434,#4816,.T.);
#4816 = LINE('',#4817,#4818);
#4817 = CARTESIAN_POINT('',(51.,-29.,5.5));
#4818 = VECTOR('',#4819,1.);
#4819 = DIRECTION('',(0.,0.,1.));
#4820 = ORIENTED_EDGE('',*,*,#2431,.F.);
#4821 = ORIENTED_EDGE('',*,*,#4822,.F.);
#4822 = EDGE_CURVE('',#1095,#2432,#4823,.T.);
#4823 = LINE('',#4824,#4825);
#4824 = CARTESIAN_POINT('',(65.,-29.,5.5));
#4825 = VECTOR('',#4826,1.);
#4826 = DIRECTION('',(0.,0.,1.));
#4827 = PLANE('',#4828);
#4828 = AXIS2_PLACEMENT_3D('',#4829,#4830,#4831);
#4829 = CARTESIAN_POINT('',(51.,-29.,5.5));
#4830 = DIRECTION('',(0.,1.,0.));
#4831 = DIRECTION('',(1.,0.,0.));
#4832 = ADVANCED_FACE('',(#4833),#4844,.F.);
#4833 = FACE_BOUND('',#4834,.F.);
#4834 = EDGE_LOOP('',(#4835,#4836,#4837,#4838));
#4835 = ORIENTED_EDGE('',*,*,#1104,.T.);
#4836 = ORIENTED_EDGE('',*,*,#4822,.T.);
#4837 = ORIENTED_EDGE('',*,*,#2441,.F.);
#4838 = ORIENTED_EDGE('',*,*,#4839,.F.);
#4839 = EDGE_CURVE('',#1105,#2442,#4840,.T.);
#4840 = LINE('',#4841,#4842);
#4841 = CARTESIAN_POINT('',(65.,-43.,5.5));
#4842 = VECTOR('',#4843,1.);
#4843 = DIRECTION('',(0.,0.,1.));
#4844 = PLANE('',#4845);
#4845 = AXIS2_PLACEMENT_3D('',#4846,#4847,#4848);
#4846 = CARTESIAN_POINT('',(65.,-29.,5.5));
#4847 = DIRECTION('',(1.,0.,0.));
#4848 = DIRECTION('',(0.,-1.,0.));
#4849 = ADVANCED_FACE('',(#4850),#4861,.F.);
#4850 = FACE_BOUND('',#4851,.F.);
#4851 = EDGE_LOOP('',(#4852,#4853,#4859,#4860));
#4852 = ORIENTED_EDGE('',*,*,#1120,.T.);
#4853 = ORIENTED_EDGE('',*,*,#4854,.T.);
#4854 = EDGE_CURVE('',#1113,#2450,#4855,.T.);
#4855 = LINE('',#4856,#4857);
#4856 = CARTESIAN_POINT('',(51.,-43.,5.5));
#4857 = VECTOR('',#4858,1.);
#4858 = DIRECTION('',(0.,0.,1.));
#4859 = ORIENTED_EDGE('',*,*,#2457,.F.);
#4860 = ORIENTED_EDGE('',*,*,#4815,.F.);
#4861 = PLANE('',#4862);
#4862 = AXIS2_PLACEMENT_3D('',#4863,#4864,#4865);
#4863 = CARTESIAN_POINT('',(51.,-43.,5.5));
#4864 = DIRECTION('',(-1.,0.,0.));
#4865 = DIRECTION('',(0.,1.,0.));
#4866 = ADVANCED_FACE('',(#4867),#4873,.F.);
#4867 = FACE_BOUND('',#4868,.F.);
#4868 = EDGE_LOOP('',(#4869,#4870,#4871,#4872));
#4869 = ORIENTED_EDGE('',*,*,#1112,.T.);
#4870 = ORIENTED_EDGE('',*,*,#4839,.T.);
#4871 = ORIENTED_EDGE('',*,*,#2449,.F.);
#4872 = ORIENTED_EDGE('',*,*,#4854,.F.);
#4873 = PLANE('',#4874);
#4874 = AXIS2_PLACEMENT_3D('',#4875,#4876,#4877);
#4875 = CARTESIAN_POINT('',(65.,-43.,5.5));
#4876 = DIRECTION('',(0.,-1.,0.));
#4877 = DIRECTION('',(-1.,0.,0.));
#4878 = ADVANCED_FACE('',(#4879),#4895,.F.);
#4879 = FACE_BOUND('',#4880,.F.);
#4880 = EDGE_LOOP('',(#4881,#4882,#4888,#4889));
#4881 = ORIENTED_EDGE('',*,*,#1128,.T.);
#4882 = ORIENTED_EDGE('',*,*,#4883,.T.);
#4883 = EDGE_CURVE('',#1131,#2468,#4884,.T.);
#4884 = LINE('',#4885,#4886);
#4885 = CARTESIAN_POINT('',(69.,-27.,5.5));
#4886 = VECTOR('',#4887,1.);
#4887 = DIRECTION('',(0.,0.,1.));
#4888 = ORIENTED_EDGE('',*,*,#2465,.F.);
#4889 = ORIENTED_EDGE('',*,*,#4890,.F.);
#4890 = EDGE_CURVE('',#1129,#2466,#4891,.T.);
#4891 = LINE('',#4892,#4893);
#4892 = CARTESIAN_POINT('',(83.,-27.,5.5));
#4893 = VECTOR('',#4894,1.);
#4894 = DIRECTION('',(0.,0.,1.));
#4895 = PLANE('',#4896);
#4896 = AXIS2_PLACEMENT_3D('',#4897,#4898,#4899);
#4897 = CARTESIAN_POINT('',(69.,-27.,5.5));
#4898 = DIRECTION('',(0.,1.,0.));
#4899 = DIRECTION('',(1.,0.,0.));
#4900 = ADVANCED_FACE('',(#4901),#4912,.F.);
#4901 = FACE_BOUND('',#4902,.F.);
#4902 = EDGE_LOOP('',(#4903,#4904,#4905,#4906));
#4903 = ORIENTED_EDGE('',*,*,#1138,.T.);
#4904 = ORIENTED_EDGE('',*,*,#4890,.T.);
#4905 = ORIENTED_EDGE('',*,*,#2475,.F.);
#4906 = ORIENTED_EDGE('',*,*,#4907,.F.);
#4907 = EDGE_CURVE('',#1139,#2476,#4908,.T.);
#4908 = LINE('',#4909,#4910);
#4909 = CARTESIAN_POINT('',(83.,-41.,5.5));
#4910 = VECTOR('',#4911,1.);
#4911 = DIRECTION('',(0.,0.,1.));
#4912 = PLANE('',#4913);
#4913 = AXIS2_PLACEMENT_3D('',#4914,#4915,#4916);
#4914 = CARTESIAN_POINT('',(83.,-27.,5.5));
#4915 = DIRECTION('',(1.,0.,0.));
#4916 = DIRECTION('',(0.,-1.,0.));
#4917 = ADVANCED_FACE('',(#4918),#4929,.F.);
#4918 = FACE_BOUND('',#4919,.F.);
#4919 = EDGE_LOOP('',(#4920,#4921,#4927,#4928));
#4920 = ORIENTED_EDGE('',*,*,#1154,.T.);
#4921 = ORIENTED_EDGE('',*,*,#4922,.T.);
#4922 = EDGE_CURVE('',#1147,#2484,#4923,.T.);
#4923 = LINE('',#4924,#4925);
#4924 = CARTESIAN_POINT('',(69.,-41.,5.5));
#4925 = VECTOR('',#4926,1.);
#4926 = DIRECTION('',(0.,0.,1.));
#4927 = ORIENTED_EDGE('',*,*,#2491,.F.);
#4928 = ORIENTED_EDGE('',*,*,#4883,.F.);
#4929 = PLANE('',#4930);
#4930 = AXIS2_PLACEMENT_3D('',#4931,#4932,#4933);
#4931 = CARTESIAN_POINT('',(69.,-41.,5.5));
#4932 = DIRECTION('',(-1.,0.,0.));
#4933 = DIRECTION('',(0.,1.,0.));
#4934 = ADVANCED_FACE('',(#4935),#4941,.F.);
#4935 = FACE_BOUND('',#4936,.F.);
#4936 = EDGE_LOOP('',(#4937,#4938,#4939,#4940));
#4937 = ORIENTED_EDGE('',*,*,#1146,.T.);
#4938 = ORIENTED_EDGE('',*,*,#4907,.T.);
#4939 = ORIENTED_EDGE('',*,*,#2483,.F.);
#4940 = ORIENTED_EDGE('',*,*,#4922,.F.);
#4941 = PLANE('',#4942);
#4942 = AXIS2_PLACEMENT_3D('',#4943,#4944,#4945);
#4943 = CARTESIAN_POINT('',(83.,-41.,5.5));
#4944 = DIRECTION('',(0.,-1.,0.));
#4945 = DIRECTION('',(-1.,0.,0.));
#4946 = ADVANCED_FACE('',(#4947),#4963,.F.);
#4947 = FACE_BOUND('',#4948,.F.);
#4948 = EDGE_LOOP('',(#4949,#4950,#4956,#4957));
#4949 = ORIENTED_EDGE('',*,*,#1162,.T.);
#4950 = ORIENTED_EDGE('',*,*,#4951,.T.);
#4951 = EDGE_CURVE('',#1165,#2502,#4952,.T.);
#4952 = LINE('',#4953,#4954);
#4953 = CARTESIAN_POINT('',(51.,-12.,5.5));
#4954 = VECTOR('',#4955,1.);
#4955 = DIRECTION('',(0.,0.,1.));
#4956 = ORIENTED_EDGE('',*,*,#2499,.F.);
#4957 = ORIENTED_EDGE('',*,*,#4958,.F.);
#4958 = EDGE_CURVE('',#1163,#2500,#4959,.T.);
#4959 = LINE('',#4960,#4961);
#4960 = CARTESIAN_POINT('',(65.,-12.,5.5));
#4961 = VECTOR('',#4962,1.);
#4962 = DIRECTION('',(0.,0.,1.));
#4963 = PLANE('',#4964);
#4964 = AXIS2_PLACEMENT_3D('',#4965,#4966,#4967);
#4965 = CARTESIAN_POINT('',(51.,-12.,5.5));
#4966 = DIRECTION('',(0.,1.,0.));
#4967 = DIRECTION('',(1.,0.,0.));
#4968 = ADVANCED_FACE('',(#4969),#4980,.F.);
#4969 = FACE_BOUND('',#4970,.F.);
#4970 = EDGE_LOOP('',(#4971,#4972,#4973,#4974));
#4971 = ORIENTED_EDGE('',*,*,#1172,.T.);
#4972 = ORIENTED_EDGE('',*,*,#4958,.T.);
#4973 = ORIENTED_EDGE('',*,*,#2509,.F.);
#4974 = ORIENTED_EDGE('',*,*,#4975,.F.);
#4975 = EDGE_CURVE('',#1173,#2510,#4976,.T.);
#4976 = LINE('',#4977,#4978);
#4977 = CARTESIAN_POINT('',(65.,-26.,5.5));
#4978 = VECTOR('',#4979,1.);
#4979 = DIRECTION('',(0.,0.,1.));
#4980 = PLANE('',#4981);
#4981 = AXIS2_PLACEMENT_3D('',#4982,#4983,#4984);
#4982 = CARTESIAN_POINT('',(65.,-12.,5.5));
#4983 = DIRECTION('',(1.,0.,0.));
#4984 = DIRECTION('',(0.,-1.,0.));
#4985 = ADVANCED_FACE('',(#4986),#4997,.F.);
#4986 = FACE_BOUND('',#4987,.F.);
#4987 = EDGE_LOOP('',(#4988,#4989,#4995,#4996));
#4988 = ORIENTED_EDGE('',*,*,#1188,.T.);
#4989 = ORIENTED_EDGE('',*,*,#4990,.T.);
#4990 = EDGE_CURVE('',#1181,#2518,#4991,.T.);
#4991 = LINE('',#4992,#4993);
#4992 = CARTESIAN_POINT('',(51.,-26.,5.5));
#4993 = VECTOR('',#4994,1.);
#4994 = DIRECTION('',(0.,0.,1.));
#4995 = ORIENTED_EDGE('',*,*,#2525,.F.);
#4996 = ORIENTED_EDGE('',*,*,#4951,.F.);
#4997 = PLANE('',#4998);
#4998 = AXIS2_PLACEMENT_3D('',#4999,#5000,#5001);
#4999 = CARTESIAN_POINT('',(51.,-26.,5.5));
#5000 = DIRECTION('',(-1.,0.,0.));
#5001 = DIRECTION('',(0.,1.,0.));
#5002 = ADVANCED_FACE('',(#5003),#5009,.F.);
#5003 = FACE_BOUND('',#5004,.F.);
#5004 = EDGE_LOOP('',(#5005,#5006,#5007,#5008));
#5005 = ORIENTED_EDGE('',*,*,#1180,.T.);
#5006 = ORIENTED_EDGE('',*,*,#4975,.T.);
#5007 = ORIENTED_EDGE('',*,*,#2517,.F.);
#5008 = ORIENTED_EDGE('',*,*,#4990,.F.);
#5009 = PLANE('',#5010);
#5010 = AXIS2_PLACEMENT_3D('',#5011,#5012,#5013);
#5011 = CARTESIAN_POINT('',(65.,-26.,5.5));
#5012 = DIRECTION('',(0.,-1.,0.));
#5013 = DIRECTION('',(-1.,0.,0.));
#5014 = ADVANCED_FACE('',(#5015),#5031,.F.);
#5015 = FACE_BOUND('',#5016,.F.);
#5016 = EDGE_LOOP('',(#5017,#5018,#5024,#5025));
#5017 = ORIENTED_EDGE('',*,*,#1196,.T.);
#5018 = ORIENTED_EDGE('',*,*,#5019,.T.);
#5019 = EDGE_CURVE('',#1199,#2536,#5020,.T.);
#5020 = LINE('',#5021,#5022);
#5021 = CARTESIAN_POINT('',(69.,-10.,5.5));
#5022 = VECTOR('',#5023,1.);
#5023 = DIRECTION('',(0.,0.,1.));
#5024 = ORIENTED_EDGE('',*,*,#2533,.F.);
#5025 = ORIENTED_EDGE('',*,*,#5026,.F.);
#5026 = EDGE_CURVE('',#1197,#2534,#5027,.T.);
#5027 = LINE('',#5028,#5029);
#5028 = CARTESIAN_POINT('',(83.,-10.,5.5));
#5029 = VECTOR('',#5030,1.);
#5030 = DIRECTION('',(0.,0.,1.));
#5031 = PLANE('',#5032);
#5032 = AXIS2_PLACEMENT_3D('',#5033,#5034,#5035);
#5033 = CARTESIAN_POINT('',(69.,-10.,5.5));
#5034 = DIRECTION('',(0.,1.,0.));
#5035 = DIRECTION('',(1.,0.,0.));
#5036 = ADVANCED_FACE('',(#5037),#5048,.F.);
#5037 = FACE_BOUND('',#5038,.F.);
#5038 = EDGE_LOOP('',(#5039,#5040,#5041,#5042));
#5039 = ORIENTED_EDGE('',*,*,#1206,.T.);
#5040 = ORIENTED_EDGE('',*,*,#5026,.T.);
#5041 = ORIENTED_EDGE('',*,*,#2543,.F.);
#5042 = ORIENTED_EDGE('',*,*,#5043,.F.);
#5043 = EDGE_CURVE('',#1207,#2544,#5044,.T.);
#5044 = LINE('',#5045,#5046);
#5045 = CARTESIAN_POINT('',(83.,-24.,5.5));
#5046 = VECTOR('',#5047,1.);
#5047 = DIRECTION('',(0.,0.,1.));
#5048 = PLANE('',#5049);
#5049 = AXIS2_PLACEMENT_3D('',#5050,#5051,#5052);
#5050 = CARTESIAN_POINT('',(83.,-10.,5.5));
#5051 = DIRECTION('',(1.,0.,0.));
#5052 = DIRECTION('',(0.,-1.,0.));
#5053 = ADVANCED_FACE('',(#5054),#5065,.F.);
#5054 = FACE_BOUND('',#5055,.F.);
#5055 = EDGE_LOOP('',(#5056,#5057,#5063,#5064));
#5056 = ORIENTED_EDGE('',*,*,#1222,.T.);
#5057 = ORIENTED_EDGE('',*,*,#5058,.T.);
#5058 = EDGE_CURVE('',#1215,#2552,#5059,.T.);
#5059 = LINE('',#5060,#5061);
#5060 = CARTESIAN_POINT('',(69.,-24.,5.5));
#5061 = VECTOR('',#5062,1.);
#5062 = DIRECTION('',(0.,0.,1.));
#5063 = ORIENTED_EDGE('',*,*,#2559,.F.);
#5064 = ORIENTED_EDGE('',*,*,#5019,.F.);
#5065 = PLANE('',#5066);
#5066 = AXIS2_PLACEMENT_3D('',#5067,#5068,#5069);
#5067 = CARTESIAN_POINT('',(69.,-24.,5.5));
#5068 = DIRECTION('',(-1.,0.,0.));
#5069 = DIRECTION('',(0.,1.,0.));
#5070 = ADVANCED_FACE('',(#5071),#5077,.F.);
#5071 = FACE_BOUND('',#5072,.F.);
#5072 = EDGE_LOOP('',(#5073,#5074,#5075,#5076));
#5073 = ORIENTED_EDGE('',*,*,#1214,.T.);
#5074 = ORIENTED_EDGE('',*,*,#5043,.T.);
#5075 = ORIENTED_EDGE('',*,*,#2551,.F.);
#5076 = ORIENTED_EDGE('',*,*,#5058,.F.);
#5077 = PLANE('',#5078);
#5078 = AXIS2_PLACEMENT_3D('',#5079,#5080,#5081);
#5079 = CARTESIAN_POINT('',(83.,-24.,5.5));
#5080 = DIRECTION('',(0.,-1.,0.));
#5081 = DIRECTION('',(-1.,0.,0.));
#5082 = ADVANCED_FACE('',(#5083),#5099,.F.);
#5083 = FACE_BOUND('',#5084,.F.);
#5084 = EDGE_LOOP('',(#5085,#5086,#5092,#5093));
#5085 = ORIENTED_EDGE('',*,*,#1230,.T.);
#5086 = ORIENTED_EDGE('',*,*,#5087,.T.);
#5087 = EDGE_CURVE('',#1233,#2570,#5088,.T.);
#5088 = LINE('',#5089,#5090);
#5089 = CARTESIAN_POINT('',(87.,-39.,5.5));
#5090 = VECTOR('',#5091,1.);
#5091 = DIRECTION('',(0.,0.,1.));
#5092 = ORIENTED_EDGE('',*,*,#2567,.F.);
#5093 = ORIENTED_EDGE('',*,*,#5094,.F.);
#5094 = EDGE_CURVE('',#1231,#2568,#5095,.T.);
#5095 = LINE('',#5096,#5097);
#5096 = CARTESIAN_POINT('',(101.,-39.,5.5));
#5097 = VECTOR('',#5098,1.);
#5098 = DIRECTION('',(0.,0.,1.));
#5099 = PLANE('',#5100);
#5100 = AXIS2_PLACEMENT_3D('',#5101,#5102,#5103);
#5101 = CARTESIAN_POINT('',(87.,-39.,5.5));
#5102 = DIRECTION('',(0.,1.,0.));
#5103 = DIRECTION('',(1.,0.,0.));
#5104 = ADVANCED_FACE('',(#5105),#5116,.F.);
#5105 = FACE_BOUND('',#5106,.F.);
#5106 = EDGE_LOOP('',(#5107,#5108,#5109,#5110));
#5107 = ORIENTED_EDGE('',*,*,#1240,.T.);
#5108 = ORIENTED_EDGE('',*,*,#5094,.T.);
#5109 = ORIENTED_EDGE('',*,*,#2577,.F.);
#5110 = ORIENTED_EDGE('',*,*,#5111,.F.);
#5111 = EDGE_CURVE('',#1241,#2578,#5112,.T.);
#5112 = LINE('',#5113,#5114);
#5113 = CARTESIAN_POINT('',(101.,-53.,5.5));
#5114 = VECTOR('',#5115,1.);
#5115 = DIRECTION('',(0.,0.,1.));
#5116 = PLANE('',#5117);
#5117 = AXIS2_PLACEMENT_3D('',#5118,#5119,#5120);
#5118 = CARTESIAN_POINT('',(101.,-39.,5.5));
#5119 = DIRECTION('',(1.,0.,0.));
#5120 = DIRECTION('',(0.,-1.,0.));
#5121 = ADVANCED_FACE('',(#5122),#5133,.F.);
#5122 = FACE_BOUND('',#5123,.F.);
#5123 = EDGE_LOOP('',(#5124,#5125,#5131,#5132));
#5124 = ORIENTED_EDGE('',*,*,#1256,.T.);
#5125 = ORIENTED_EDGE('',*,*,#5126,.T.);
#5126 = EDGE_CURVE('',#1249,#2586,#5127,.T.);
#5127 = LINE('',#5128,#5129);
#5128 = CARTESIAN_POINT('',(87.,-53.,5.5));
#5129 = VECTOR('',#5130,1.);
#5130 = DIRECTION('',(0.,0.,1.));
#5131 = ORIENTED_EDGE('',*,*,#2593,.F.);
#5132 = ORIENTED_EDGE('',*,*,#5087,.F.);
#5133 = PLANE('',#5134);
#5134 = AXIS2_PLACEMENT_3D('',#5135,#5136,#5137);
#5135 = CARTESIAN_POINT('',(87.,-53.,5.5));
#5136 = DIRECTION('',(-1.,0.,0.));
#5137 = DIRECTION('',(0.,1.,0.));
#5138 = ADVANCED_FACE('',(#5139),#5145,.F.);
#5139 = FACE_BOUND('',#5140,.F.);
#5140 = EDGE_LOOP('',(#5141,#5142,#5143,#5144));
#5141 = ORIENTED_EDGE('',*,*,#1248,.T.);
#5142 = ORIENTED_EDGE('',*,*,#5111,.T.);
#5143 = ORIENTED_EDGE('',*,*,#2585,.F.);
#5144 = ORIENTED_EDGE('',*,*,#5126,.F.);
#5145 = PLANE('',#5146);
#5146 = AXIS2_PLACEMENT_3D('',#5147,#5148,#5149);
#5147 = CARTESIAN_POINT('',(101.,-53.,5.5));
#5148 = DIRECTION('',(0.,-1.,0.));
#5149 = DIRECTION('',(-1.,0.,0.));
#5150 = ADVANCED_FACE('',(#5151),#5167,.F.);
#5151 = FACE_BOUND('',#5152,.F.);
#5152 = EDGE_LOOP('',(#5153,#5154,#5160,#5161));
#5153 = ORIENTED_EDGE('',*,*,#1264,.T.);
#5154 = ORIENTED_EDGE('',*,*,#5155,.T.);
#5155 = EDGE_CURVE('',#1267,#2604,#5156,.T.);
#5156 = LINE('',#5157,#5158);
#5157 = CARTESIAN_POINT('',(87.,-22.,5.5));
#5158 = VECTOR('',#5159,1.);
#5159 = DIRECTION('',(0.,0.,1.));
#5160 = ORIENTED_EDGE('',*,*,#2601,.F.);
#5161 = ORIENTED_EDGE('',*,*,#5162,.F.);
#5162 = EDGE_CURVE('',#1265,#2602,#5163,.T.);
#5163 = LINE('',#5164,#5165);
#5164 = CARTESIAN_POINT('',(101.,-22.,5.5));
#5165 = VECTOR('',#5166,1.);
#5166 = DIRECTION('',(0.,0.,1.));
#5167 = PLANE('',#5168);
#5168 = AXIS2_PLACEMENT_3D('',#5169,#5170,#5171);
#5169 = CARTESIAN_POINT('',(87.,-22.,5.5));
#5170 = DIRECTION('',(0.,1.,0.));
#5171 = DIRECTION('',(1.,0.,0.));
#5172 = ADVANCED_FACE('',(#5173),#5184,.F.);
#5173 = FACE_BOUND('',#5174,.F.);
#5174 = EDGE_LOOP('',(#5175,#5176,#5177,#5178));
#5175 = ORIENTED_EDGE('',*,*,#1274,.T.);
#5176 = ORIENTED_EDGE('',*,*,#5162,.T.);
#5177 = ORIENTED_EDGE('',*,*,#2611,.F.);
#5178 = ORIENTED_EDGE('',*,*,#5179,.F.);
#5179 = EDGE_CURVE('',#1275,#2612,#5180,.T.);
#5180 = LINE('',#5181,#5182);
#5181 = CARTESIAN_POINT('',(101.,-36.,5.5));
#5182 = VECTOR('',#5183,1.);
#5183 = DIRECTION('',(0.,0.,1.));
#5184 = PLANE('',#5185);
#5185 = AXIS2_PLACEMENT_3D('',#5186,#5187,#5188);
#5186 = CARTESIAN_POINT('',(101.,-22.,5.5));
#5187 = DIRECTION('',(1.,0.,0.));
#5188 = DIRECTION('',(0.,-1.,0.));
#5189 = ADVANCED_FACE('',(#5190),#5201,.F.);
#5190 = FACE_BOUND('',#5191,.F.);
#5191 = EDGE_LOOP('',(#5192,#5193,#5199,#5200));
#5192 = ORIENTED_EDGE('',*,*,#1290,.T.);
#5193 = ORIENTED_EDGE('',*,*,#5194,.T.);
#5194 = EDGE_CURVE('',#1283,#2620,#5195,.T.);
#5195 = LINE('',#5196,#5197);
#5196 = CARTESIAN_POINT('',(87.,-36.,5.5));
#5197 = VECTOR('',#5198,1.);
#5198 = DIRECTION('',(0.,0.,1.));
#5199 = ORIENTED_EDGE('',*,*,#2627,.F.);
#5200 = ORIENTED_EDGE('',*,*,#5155,.F.);
#5201 = PLANE('',#5202);
#5202 = AXIS2_PLACEMENT_3D('',#5203,#5204,#5205);
#5203 = CARTESIAN_POINT('',(87.,-36.,5.5));
#5204 = DIRECTION('',(-1.,0.,0.));
#5205 = DIRECTION('',(0.,1.,0.));
#5206 = ADVANCED_FACE('',(#5207),#5213,.F.);
#5207 = FACE_BOUND('',#5208,.F.);
#5208 = EDGE_LOOP('',(#5209,#5210,#5211,#5212));
#5209 = ORIENTED_EDGE('',*,*,#1282,.T.);
#5210 = ORIENTED_EDGE('',*,*,#5179,.T.);
#5211 = ORIENTED_EDGE('',*,*,#2619,.F.);
#5212 = ORIENTED_EDGE('',*,*,#5194,.F.);
#5213 = PLANE('',#5214);
#5214 = AXIS2_PLACEMENT_3D('',#5215,#5216,#5217);
#5215 = CARTESIAN_POINT('',(101.,-36.,5.5));
#5216 = DIRECTION('',(0.,-1.,0.));
#5217 = DIRECTION('',(-1.,0.,0.));
#5218 = ADVANCED_FACE('',(#5219),#5230,.F.);
#5219 = FACE_BOUND('',#5220,.T.);
#5220 = EDGE_LOOP('',(#5221,#5222,#5228,#5229));
#5221 = ORIENTED_EDGE('',*,*,#1298,.T.);
#5222 = ORIENTED_EDGE('',*,*,#5223,.T.);
#5223 = EDGE_CURVE('',#1299,#2636,#5224,.T.);
#5224 = LINE('',#5225,#5226);
#5225 = CARTESIAN_POINT('',(122.45,-37.5,5.5));
#5226 = VECTOR('',#5227,1.);
#5227 = DIRECTION('',(0.,0.,1.));
#5228 = ORIENTED_EDGE('',*,*,#2635,.F.);
#5229 = ORIENTED_EDGE('',*,*,#5223,.F.);
#5230 = CYLINDRICAL_SURFACE('',#5231,1.15);
#5231 = AXIS2_PLACEMENT_3D('',#5232,#5233,#5234);
#5232 = CARTESIAN_POINT('',(121.3,-37.5,5.5));
#5233 = DIRECTION('',(-0.,-0.,-1.));
#5234 = DIRECTION('',(1.,0.,0.));
#5235 = ADVANCED_FACE('',(#5236),#5252,.F.);
#5236 = FACE_BOUND('',#5237,.F.);
#5237 = EDGE_LOOP('',(#5238,#5239,#5245,#5246));
#5238 = ORIENTED_EDGE('',*,*,#1309,.T.);
#5239 = ORIENTED_EDGE('',*,*,#5240,.T.);
#5240 = EDGE_CURVE('',#1312,#2649,#5241,.T.);
#5241 = LINE('',#5242,#5243);
#5242 = CARTESIAN_POINT('',(123.,-39.,5.5));
#5243 = VECTOR('',#5244,1.);
#5244 = DIRECTION('',(0.,0.,1.));
#5245 = ORIENTED_EDGE('',*,*,#2646,.F.);
#5246 = ORIENTED_EDGE('',*,*,#5247,.F.);
#5247 = EDGE_CURVE('',#1310,#2647,#5248,.T.);
#5248 = LINE('',#5249,#5250);
#5249 = CARTESIAN_POINT('',(137.,-39.,5.5));
#5250 = VECTOR('',#5251,1.);
#5251 = DIRECTION('',(0.,0.,1.));
#5252 = PLANE('',#5253);
#5253 = AXIS2_PLACEMENT_3D('',#5254,#5255,#5256);
#5254 = CARTESIAN_POINT('',(123.,-39.,5.5));
#5255 = DIRECTION('',(0.,1.,0.));
#5256 = DIRECTION('',(1.,0.,0.));
#5257 = ADVANCED_FACE('',(#5258),#5269,.F.);
#5258 = FACE_BOUND('',#5259,.F.);
#5259 = EDGE_LOOP('',(#5260,#5261,#5262,#5263));
#5260 = ORIENTED_EDGE('',*,*,#1319,.T.);
#5261 = ORIENTED_EDGE('',*,*,#5247,.T.);
#5262 = ORIENTED_EDGE('',*,*,#2656,.F.);
#5263 = ORIENTED_EDGE('',*,*,#5264,.F.);
#5264 = EDGE_CURVE('',#1320,#2657,#5265,.T.);
#5265 = LINE('',#5266,#5267);
#5266 = CARTESIAN_POINT('',(137.,-53.,5.5));
#5267 = VECTOR('',#5268,1.);
#5268 = DIRECTION('',(0.,0.,1.));
#5269 = PLANE('',#5270);
#5270 = AXIS2_PLACEMENT_3D('',#5271,#5272,#5273);
#5271 = CARTESIAN_POINT('',(137.,-39.,5.5));
#5272 = DIRECTION('',(1.,0.,0.));
#5273 = DIRECTION('',(0.,-1.,0.));
#5274 = ADVANCED_FACE('',(#5275),#5286,.F.);
#5275 = FACE_BOUND('',#5276,.F.);
#5276 = EDGE_LOOP('',(#5277,#5278,#5284,#5285));
#5277 = ORIENTED_EDGE('',*,*,#1335,.T.);
#5278 = ORIENTED_EDGE('',*,*,#5279,.T.);
#5279 = EDGE_CURVE('',#1328,#2665,#5280,.T.);
#5280 = LINE('',#5281,#5282);
#5281 = CARTESIAN_POINT('',(123.,-53.,5.5));
#5282 = VECTOR('',#5283,1.);
#5283 = DIRECTION('',(0.,0.,1.));
#5284 = ORIENTED_EDGE('',*,*,#2672,.F.);
#5285 = ORIENTED_EDGE('',*,*,#5240,.F.);
#5286 = PLANE('',#5287);
#5287 = AXIS2_PLACEMENT_3D('',#5288,#5289,#5290);
#5288 = CARTESIAN_POINT('',(123.,-53.,5.5));
#5289 = DIRECTION('',(-1.,0.,0.));
#5290 = DIRECTION('',(0.,1.,0.));
#5291 = ADVANCED_FACE('',(#5292),#5298,.F.);
#5292 = FACE_BOUND('',#5293,.F.);
#5293 = EDGE_LOOP('',(#5294,#5295,#5296,#5297));
#5294 = ORIENTED_EDGE('',*,*,#1327,.T.);
#5295 = ORIENTED_EDGE('',*,*,#5264,.T.);
#5296 = ORIENTED_EDGE('',*,*,#2664,.F.);
#5297 = ORIENTED_EDGE('',*,*,#5279,.F.);
#5298 = PLANE('',#5299);
#5299 = AXIS2_PLACEMENT_3D('',#5300,#5301,#5302);
#5300 = CARTESIAN_POINT('',(137.,-53.,5.5));
#5301 = DIRECTION('',(0.,-1.,0.));
#5302 = DIRECTION('',(-1.,0.,0.));
#5303 = ADVANCED_FACE('',(#5304),#5320,.F.);
#5304 = FACE_BOUND('',#5305,.F.);
#5305 = EDGE_LOOP('',(#5306,#5307,#5313,#5314));
#5306 = ORIENTED_EDGE('',*,*,#1343,.T.);
#5307 = ORIENTED_EDGE('',*,*,#5308,.T.);
#5308 = EDGE_CURVE('',#1346,#2683,#5309,.T.);
#5309 = LINE('',#5310,#5311);
#5310 = CARTESIAN_POINT('',(105.,-27.,5.5));
#5311 = VECTOR('',#5312,1.);
#5312 = DIRECTION('',(0.,0.,1.));
#5313 = ORIENTED_EDGE('',*,*,#2680,.F.);
#5314 = ORIENTED_EDGE('',*,*,#5315,.F.);
#5315 = EDGE_CURVE('',#1344,#2681,#5316,.T.);
#5316 = LINE('',#5317,#5318);
#5317 = CARTESIAN_POINT('',(119.,-27.,5.5));
#5318 = VECTOR('',#5319,1.);
#5319 = DIRECTION('',(0.,0.,1.));
#5320 = PLANE('',#5321);
#5321 = AXIS2_PLACEMENT_3D('',#5322,#5323,#5324);
#5322 = CARTESIAN_POINT('',(105.,-27.,5.5));
#5323 = DIRECTION('',(0.,1.,0.));
#5324 = DIRECTION('',(1.,0.,0.));
#5325 = ADVANCED_FACE('',(#5326),#5337,.F.);
#5326 = FACE_BOUND('',#5327,.F.);
#5327 = EDGE_LOOP('',(#5328,#5329,#5330,#5331));
#5328 = ORIENTED_EDGE('',*,*,#1353,.T.);
#5329 = ORIENTED_EDGE('',*,*,#5315,.T.);
#5330 = ORIENTED_EDGE('',*,*,#2690,.F.);
#5331 = ORIENTED_EDGE('',*,*,#5332,.F.);
#5332 = EDGE_CURVE('',#1354,#2691,#5333,.T.);
#5333 = LINE('',#5334,#5335);
#5334 = CARTESIAN_POINT('',(119.,-41.,5.5));
#5335 = VECTOR('',#5336,1.);
#5336 = DIRECTION('',(0.,0.,1.));
#5337 = PLANE('',#5338);
#5338 = AXIS2_PLACEMENT_3D('',#5339,#5340,#5341);
#5339 = CARTESIAN_POINT('',(119.,-27.,5.5));
#5340 = DIRECTION('',(1.,0.,0.));
#5341 = DIRECTION('',(0.,-1.,0.));
#5342 = ADVANCED_FACE('',(#5343),#5354,.F.);
#5343 = FACE_BOUND('',#5344,.F.);
#5344 = EDGE_LOOP('',(#5345,#5346,#5352,#5353));
#5345 = ORIENTED_EDGE('',*,*,#1369,.T.);
#5346 = ORIENTED_EDGE('',*,*,#5347,.T.);
#5347 = EDGE_CURVE('',#1362,#2699,#5348,.T.);
#5348 = LINE('',#5349,#5350);
#5349 = CARTESIAN_POINT('',(105.,-41.,5.5));
#5350 = VECTOR('',#5351,1.);
#5351 = DIRECTION('',(0.,0.,1.));
#5352 = ORIENTED_EDGE('',*,*,#2706,.F.);
#5353 = ORIENTED_EDGE('',*,*,#5308,.F.);
#5354 = PLANE('',#5355);
#5355 = AXIS2_PLACEMENT_3D('',#5356,#5357,#5358);
#5356 = CARTESIAN_POINT('',(105.,-41.,5.5));
#5357 = DIRECTION('',(-1.,0.,0.));
#5358 = DIRECTION('',(0.,1.,0.));
#5359 = ADVANCED_FACE('',(#5360),#5366,.F.);
#5360 = FACE_BOUND('',#5361,.F.);
#5361 = EDGE_LOOP('',(#5362,#5363,#5364,#5365));
#5362 = ORIENTED_EDGE('',*,*,#1361,.T.);
#5363 = ORIENTED_EDGE('',*,*,#5332,.T.);
#5364 = ORIENTED_EDGE('',*,*,#2698,.F.);
#5365 = ORIENTED_EDGE('',*,*,#5347,.F.);
#5366 = PLANE('',#5367);
#5367 = AXIS2_PLACEMENT_3D('',#5368,#5369,#5370);
#5368 = CARTESIAN_POINT('',(119.,-41.,5.5));
#5369 = DIRECTION('',(0.,-1.,0.));
#5370 = DIRECTION('',(-1.,0.,0.));
#5371 = ADVANCED_FACE('',(#5372),#5388,.F.);
#5372 = FACE_BOUND('',#5373,.F.);
#5373 = EDGE_LOOP('',(#5374,#5375,#5381,#5382));
#5374 = ORIENTED_EDGE('',*,*,#1377,.T.);
#5375 = ORIENTED_EDGE('',*,*,#5376,.T.);
#5376 = EDGE_CURVE('',#1380,#2717,#5377,.T.);
#5377 = LINE('',#5378,#5379);
#5378 = CARTESIAN_POINT('',(123.,-22.,5.5));
#5379 = VECTOR('',#5380,1.);
#5380 = DIRECTION('',(0.,0.,1.));
#5381 = ORIENTED_EDGE('',*,*,#2714,.F.);
#5382 = ORIENTED_EDGE('',*,*,#5383,.F.);
#5383 = EDGE_CURVE('',#1378,#2715,#5384,.T.);
#5384 = LINE('',#5385,#5386);
#5385 = CARTESIAN_POINT('',(137.,-22.,5.5));
#5386 = VECTOR('',#5387,1.);
#5387 = DIRECTION('',(0.,0.,1.));
#5388 = PLANE('',#5389);
#5389 = AXIS2_PLACEMENT_3D('',#5390,#5391,#5392);
#5390 = CARTESIAN_POINT('',(123.,-22.,5.5));
#5391 = DIRECTION('',(0.,1.,0.));
#5392 = DIRECTION('',(1.,0.,0.));
#5393 = ADVANCED_FACE('',(#5394),#5405,.F.);
#5394 = FACE_BOUND('',#5395,.F.);
#5395 = EDGE_LOOP('',(#5396,#5397,#5398,#5399));
#5396 = ORIENTED_EDGE('',*,*,#1387,.T.);
#5397 = ORIENTED_EDGE('',*,*,#5383,.T.);
#5398 = ORIENTED_EDGE('',*,*,#2724,.F.);
#5399 = ORIENTED_EDGE('',*,*,#5400,.F.);
#5400 = EDGE_CURVE('',#1388,#2725,#5401,.T.);
#5401 = LINE('',#5402,#5403);
#5402 = CARTESIAN_POINT('',(137.,-36.,5.5));
#5403 = VECTOR('',#5404,1.);
#5404 = DIRECTION('',(0.,0.,1.));
#5405 = PLANE('',#5406);
#5406 = AXIS2_PLACEMENT_3D('',#5407,#5408,#5409);
#5407 = CARTESIAN_POINT('',(137.,-22.,5.5));
#5408 = DIRECTION('',(1.,0.,0.));
#5409 = DIRECTION('',(0.,-1.,0.));
#5410 = ADVANCED_FACE('',(#5411),#5422,.F.);
#5411 = FACE_BOUND('',#5412,.F.);
#5412 = EDGE_LOOP('',(#5413,#5414,#5420,#5421));
#5413 = ORIENTED_EDGE('',*,*,#1403,.T.);
#5414 = ORIENTED_EDGE('',*,*,#5415,.T.);
#5415 = EDGE_CURVE('',#1396,#2733,#5416,.T.);
#5416 = LINE('',#5417,#5418);
#5417 = CARTESIAN_POINT('',(123.,-36.,5.5));
#5418 = VECTOR('',#5419,1.);
#5419 = DIRECTION('',(0.,0.,1.));
#5420 = ORIENTED_EDGE('',*,*,#2740,.F.);
#5421 = ORIENTED_EDGE('',*,*,#5376,.F.);
#5422 = PLANE('',#5423);
#5423 = AXIS2_PLACEMENT_3D('',#5424,#5425,#5426);
#5424 = CARTESIAN_POINT('',(123.,-36.,5.5));
#5425 = DIRECTION('',(-1.,0.,0.));
#5426 = DIRECTION('',(0.,1.,0.));
#5427 = ADVANCED_FACE('',(#5428),#5434,.F.);
#5428 = FACE_BOUND('',#5429,.F.);
#5429 = EDGE_LOOP('',(#5430,#5431,#5432,#5433));
#5430 = ORIENTED_EDGE('',*,*,#1395,.T.);
#5431 = ORIENTED_EDGE('',*,*,#5400,.T.);
#5432 = ORIENTED_EDGE('',*,*,#2732,.F.);
#5433 = ORIENTED_EDGE('',*,*,#5415,.F.);
#5434 = PLANE('',#5435);
#5435 = AXIS2_PLACEMENT_3D('',#5436,#5437,#5438);
#5436 = CARTESIAN_POINT('',(137.,-36.,5.5));
#5437 = DIRECTION('',(0.,-1.,0.));
#5438 = DIRECTION('',(-1.,0.,0.));
#5439 = ADVANCED_FACE('',(#5440),#5451,.F.);
#5440 = FACE_BOUND('',#5441,.T.);
#5441 = EDGE_LOOP('',(#5442,#5443,#5449,#5450));
#5442 = ORIENTED_EDGE('',*,*,#1411,.T.);
#5443 = ORIENTED_EDGE('',*,*,#5444,.T.);
#5444 = EDGE_CURVE('',#1412,#2749,#5445,.T.);
#5445 = LINE('',#5446,#5447);
#5446 = CARTESIAN_POINT('',(104.15,-20.5,5.5));
#5447 = VECTOR('',#5448,1.);
#5448 = DIRECTION('',(0.,0.,1.));
#5449 = ORIENTED_EDGE('',*,*,#2748,.F.);
#5450 = ORIENTED_EDGE('',*,*,#5444,.F.);
#5451 = CYLINDRICAL_SURFACE('',#5452,1.15);
#5452 = AXIS2_PLACEMENT_3D('',#5453,#5454,#5455);
#5453 = CARTESIAN_POINT('',(103.,-20.5,5.5));
#5454 = DIRECTION('',(-0.,-0.,-1.));
#5455 = DIRECTION('',(1.,0.,0.));
#5456 = ADVANCED_FACE('',(#5457),#5473,.F.);
#5457 = FACE_BOUND('',#5458,.F.);
#5458 = EDGE_LOOP('',(#5459,#5460,#5466,#5467));
#5459 = ORIENTED_EDGE('',*,*,#1422,.T.);
#5460 = ORIENTED_EDGE('',*,*,#5461,.T.);
#5461 = EDGE_CURVE('',#1425,#2762,#5462,.T.);
#5462 = LINE('',#5463,#5464);
#5463 = CARTESIAN_POINT('',(87.,-5.,5.5));
#5464 = VECTOR('',#5465,1.);
#5465 = DIRECTION('',(0.,0.,1.));
#5466 = ORIENTED_EDGE('',*,*,#2759,.F.);
#5467 = ORIENTED_EDGE('',*,*,#5468,.F.);
#5468 = EDGE_CURVE('',#1423,#2760,#5469,.T.);
#5469 = LINE('',#5470,#5471);
#5470 = CARTESIAN_POINT('',(101.,-5.,5.5));
#5471 = VECTOR('',#5472,1.);
#5472 = DIRECTION('',(0.,0.,1.));
#5473 = PLANE('',#5474);
#5474 = AXIS2_PLACEMENT_3D('',#5475,#5476,#5477);
#5475 = CARTESIAN_POINT('',(87.,-5.,5.5));
#5476 = DIRECTION('',(0.,1.,0.));
#5477 = DIRECTION('',(1.,0.,0.));
#5478 = ADVANCED_FACE('',(#5479),#5490,.F.);
#5479 = FACE_BOUND('',#5480,.F.);
#5480 = EDGE_LOOP('',(#5481,#5482,#5483,#5484));
#5481 = ORIENTED_EDGE('',*,*,#1432,.T.);
#5482 = ORIENTED_EDGE('',*,*,#5468,.T.);
#5483 = ORIENTED_EDGE('',*,*,#2769,.F.);
#5484 = ORIENTED_EDGE('',*,*,#5485,.F.);
#5485 = EDGE_CURVE('',#1433,#2770,#5486,.T.);
#5486 = LINE('',#5487,#5488);
#5487 = CARTESIAN_POINT('',(101.,-19.,5.5));
#5488 = VECTOR('',#5489,1.);
#5489 = DIRECTION('',(0.,0.,1.));
#5490 = PLANE('',#5491);
#5491 = AXIS2_PLACEMENT_3D('',#5492,#5493,#5494);
#5492 = CARTESIAN_POINT('',(101.,-5.,5.5));
#5493 = DIRECTION('',(1.,0.,0.));
#5494 = DIRECTION('',(0.,-1.,0.));
#5495 = ADVANCED_FACE('',(#5496),#5507,.F.);
#5496 = FACE_BOUND('',#5497,.F.);
#5497 = EDGE_LOOP('',(#5498,#5499,#5505,#5506));
#5498 = ORIENTED_EDGE('',*,*,#1448,.T.);
#5499 = ORIENTED_EDGE('',*,*,#5500,.T.);
#5500 = EDGE_CURVE('',#1441,#2778,#5501,.T.);
#5501 = LINE('',#5502,#5503);
#5502 = CARTESIAN_POINT('',(87.,-19.,5.5));
#5503 = VECTOR('',#5504,1.);
#5504 = DIRECTION('',(0.,0.,1.));
#5505 = ORIENTED_EDGE('',*,*,#2785,.F.);
#5506 = ORIENTED_EDGE('',*,*,#5461,.F.);
#5507 = PLANE('',#5508);
#5508 = AXIS2_PLACEMENT_3D('',#5509,#5510,#5511);
#5509 = CARTESIAN_POINT('',(87.,-19.,5.5));
#5510 = DIRECTION('',(-1.,0.,0.));
#5511 = DIRECTION('',(0.,1.,0.));
#5512 = ADVANCED_FACE('',(#5513),#5519,.F.);
#5513 = FACE_BOUND('',#5514,.F.);
#5514 = EDGE_LOOP('',(#5515,#5516,#5517,#5518));
#5515 = ORIENTED_EDGE('',*,*,#1440,.T.);
#5516 = ORIENTED_EDGE('',*,*,#5485,.T.);
#5517 = ORIENTED_EDGE('',*,*,#2777,.F.);
#5518 = ORIENTED_EDGE('',*,*,#5500,.F.);
#5519 = PLANE('',#5520);
#5520 = AXIS2_PLACEMENT_3D('',#5521,#5522,#5523);
#5521 = CARTESIAN_POINT('',(101.,-19.,5.5));
#5522 = DIRECTION('',(0.,-1.,0.));
#5523 = DIRECTION('',(-1.,0.,0.));
#5524 = ADVANCED_FACE('',(#5525),#5541,.F.);
#5525 = FACE_BOUND('',#5526,.F.);
#5526 = EDGE_LOOP('',(#5527,#5528,#5534,#5535));
#5527 = ORIENTED_EDGE('',*,*,#1456,.T.);
#5528 = ORIENTED_EDGE('',*,*,#5529,.T.);
#5529 = EDGE_CURVE('',#1459,#2796,#5530,.T.);
#5530 = LINE('',#5531,#5532);
#5531 = CARTESIAN_POINT('',(105.,-10.,5.5));
#5532 = VECTOR('',#5533,1.);
#5533 = DIRECTION('',(0.,0.,1.));
#5534 = ORIENTED_EDGE('',*,*,#2793,.F.);
#5535 = ORIENTED_EDGE('',*,*,#5536,.F.);
#5536 = EDGE_CURVE('',#1457,#2794,#5537,.T.);
#5537 = LINE('',#5538,#5539);
#5538 = CARTESIAN_POINT('',(119.,-10.,5.5));
#5539 = VECTOR('',#5540,1.);
#5540 = DIRECTION('',(0.,0.,1.));
#5541 = PLANE('',#5542);
#5542 = AXIS2_PLACEMENT_3D('',#5543,#5544,#5545);
#5543 = CARTESIAN_POINT('',(105.,-10.,5.5));
#5544 = DIRECTION('',(0.,1.,0.));
#5545 = DIRECTION('',(1.,0.,0.));
#5546 = ADVANCED_FACE('',(#5547),#5558,.F.);
#5547 = FACE_BOUND('',#5548,.F.);
#5548 = EDGE_LOOP('',(#5549,#5550,#5551,#5552));
#5549 = ORIENTED_EDGE('',*,*,#1466,.T.);
#5550 = ORIENTED_EDGE('',*,*,#5536,.T.);
#5551 = ORIENTED_EDGE('',*,*,#2803,.F.);
#5552 = ORIENTED_EDGE('',*,*,#5553,.F.);
#5553 = EDGE_CURVE('',#1467,#2804,#5554,.T.);
#5554 = LINE('',#5555,#5556);
#5555 = CARTESIAN_POINT('',(119.,-24.,5.5));
#5556 = VECTOR('',#5557,1.);
#5557 = DIRECTION('',(0.,0.,1.));
#5558 = PLANE('',#5559);
#5559 = AXIS2_PLACEMENT_3D('',#5560,#5561,#5562);
#5560 = CARTESIAN_POINT('',(119.,-10.,5.5));
#5561 = DIRECTION('',(1.,0.,0.));
#5562 = DIRECTION('',(0.,-1.,0.));
#5563 = ADVANCED_FACE('',(#5564),#5575,.F.);
#5564 = FACE_BOUND('',#5565,.F.);
#5565 = EDGE_LOOP('',(#5566,#5567,#5573,#5574));
#5566 = ORIENTED_EDGE('',*,*,#1482,.T.);
#5567 = ORIENTED_EDGE('',*,*,#5568,.T.);
#5568 = EDGE_CURVE('',#1475,#2812,#5569,.T.);
#5569 = LINE('',#5570,#5571);
#5570 = CARTESIAN_POINT('',(105.,-24.,5.5));
#5571 = VECTOR('',#5572,1.);
#5572 = DIRECTION('',(0.,0.,1.));
#5573 = ORIENTED_EDGE('',*,*,#2819,.F.);
#5574 = ORIENTED_EDGE('',*,*,#5529,.F.);
#5575 = PLANE('',#5576);
#5576 = AXIS2_PLACEMENT_3D('',#5577,#5578,#5579);
#5577 = CARTESIAN_POINT('',(105.,-24.,5.5));
#5578 = DIRECTION('',(-1.,0.,0.));
#5579 = DIRECTION('',(0.,1.,0.));
#5580 = ADVANCED_FACE('',(#5581),#5587,.F.);
#5581 = FACE_BOUND('',#5582,.F.);
#5582 = EDGE_LOOP('',(#5583,#5584,#5585,#5586));
#5583 = ORIENTED_EDGE('',*,*,#1474,.T.);
#5584 = ORIENTED_EDGE('',*,*,#5553,.T.);
#5585 = ORIENTED_EDGE('',*,*,#2811,.F.);
#5586 = ORIENTED_EDGE('',*,*,#5568,.F.);
#5587 = PLANE('',#5588);
#5588 = AXIS2_PLACEMENT_3D('',#5589,#5590,#5591);
#5589 = CARTESIAN_POINT('',(119.,-24.,5.5));
#5590 = DIRECTION('',(0.,-1.,0.));
#5591 = DIRECTION('',(-1.,0.,0.));
#5592 = ADVANCED_FACE('',(#5593),#5597,.F.);
#5593 = FACE_BOUND('',#5594,.F.);
#5594 = EDGE_LOOP('',(#5595,#5596));
#5595 = ORIENTED_EDGE('',*,*,#3376,.T.);
#5596 = ORIENTED_EDGE('',*,*,#3425,.T.);
#5597 = PLANE('',#5598);
#5598 = AXIS2_PLACEMENT_3D('',#5599,#5600,#5601);
#5599 = CARTESIAN_POINT('',(45.5,-65.5,6.75));
#5600 = DIRECTION('',(0.,0.,1.));
#5601 = DIRECTION('',(1.,0.,0.));
#5602 = ADVANCED_FACE('',(#5603),#5607,.F.);
#5603 = FACE_BOUND('',#5604,.F.);
#5604 = EDGE_LOOP('',(#5605,#5606));
#5605 = ORIENTED_EDGE('',*,*,#3353,.T.);
#5606 = ORIENTED_EDGE('',*,*,#3407,.T.);
#5607 = PLANE('',#5608);
#5608 = AXIS2_PLACEMENT_3D('',#5609,#5610,#5611);
#5609 = CARTESIAN_POINT('',(29.4,-66.5,6.75));
#5610 = DIRECTION('',(0.,0.,1.));
#5611 = DIRECTION('',(1.,0.,0.));
#5612 = ( GEOMETRIC_REPRESENTATION_CONTEXT(3) 
GLOBAL_UNCERTAINTY_ASSIGNED_CONTEXT((#5616)) 
GLOBAL_UNIT_ASSIGNED_CONTEXT((#5613,#5614,#5615)) REPRESENTATION_CONTEXT
('Context #1','3D Context with UNIT and UNCERTAINTY') );
#5613 = ( LENGTH_UNIT() NAMED_UNIT(*) SI_UNIT(.MILLI.,.METRE.) );
#5614 = ( NAMED_UNIT(*) PLANE_ANGLE_UNIT() SI_UNIT($,.RADIAN.) );
#5615 = ( NAMED_UNIT(*) SI_UNIT($,.STERADIAN.) SOLID_ANGLE_UNIT() );
#5616 = UNCERTAINTY_MEASURE_WITH_UNIT(LENGTH_MEASURE(5.E-05),#5613,
  'distance_accuracy_value','confusion accuracy');
#5617 = PRODUCT_RELATED_PRODUCT_CATEGORY('part',$,(#7));
ENDSEC;
END-ISO-10303-21;
