ISO-10303-21;
HEADER;
FILE_DESCRIPTION(('FreeCAD Model'),'2;1');
FILE_NAME('Open CASCADE Shape Model','2026-09-29T08:45:22',('FreeCAD'),(
    'FreeCAD'),'Open CASCADE STEP processor 7.8','FreeCAD','Unknown');
FILE_SCHEMA(('AUTOMOTIVE_DESIGN { 1 0 10303 214 1 1 1 1 }'));
ENDSEC;
DATA;
#1 = APPLICATION_PROTOCOL_DEFINITION('international standard',
  'automotive_design',2000,#2);
#2 = APPLICATION_CONTEXT(
  'core data for automotive mechanical design processes');
#3 = SHAPE_DEFINITION_REPRESENTATION(#4,#10);
#4 = PRODUCT_DEFINITION_SHAPE('','',#5);
#5 = PRODUCT_DEFINITION('design','',#6,#9);
#6 = PRODUCT_DEFINITION_FORMATION('','',#7);
#7 = PRODUCT('Open CASCADE STEP translator 7.8 91',
  'Open CASCADE STEP translator 7.8 91','',(#8));
#8 = PRODUCT_CONTEXT('',#2,'mechanical');
#9 = PRODUCT_DEFINITION_CONTEXT('part definition',#2,'design');
#10 = ADVANCED_BREP_SHAPE_REPRESENTATION('',(#11,#15),#4591);
#11 = AXIS2_PLACEMENT_3D('',#12,#13,#14);
#12 = CARTESIAN_POINT('',(0.,0.,0.));
#13 = DIRECTION('',(0.,0.,1.));
#14 = DIRECTION('',(1.,0.,-0.));
#15 = BREP_WITH_VOIDS('',#16,(#4432,#4485,#4538));
#16 = CLOSED_SHELL('',(#17,#121,#194,#219,#253,#288,#351,#376,#401,#426,
    #576,#601,#1037,#1054,#1116,#1140,#1164,#1252,#1276,#1318,#1346,
    #1371,#1388,#1405,#1454,#1478,#1534,#1558,#1598,#1622,#1646,#1693,
    #1711,#1735,#1752,#1777,#1795,#1826,#1851,#1875,#1900,#1924,#1949,
    #1973,#1991,#2022,#2047,#2071,#2096,#2120,#2145,#2169,#2187,#2218,
    #2243,#2267,#2292,#2316,#2341,#2365,#2383,#2414,#2449,#2473,#2491,
    #2523,#2547,#2572,#2596,#2621,#2646,#2670,#2695,#2719,#2744,#2768,
    #2793,#2818,#2835,#3013,#3024,#3048,#3065,#3082,#3257,#3285,#3296,
    #3305,#3322,#3334,#3359,#3376,#3395,#3405,#3414,#3430,#3446,#3462,
    #3475,#3567,#3584,#3601,#3618,#3635,#3652,#3669,#3686,#3703,#3720,
    #3737,#3754,#3771,#3788,#3800,#3831,#3855,#3879,#3896,#3921,#3952,
    #3977,#4001,#4026,#4050,#4075,#4099,#4117,#4197,#4206,#4256,#4287,
    #4311,#4335,#4352,#4374,#4391,#4408,#4420));
#17 = ADVANCED_FACE('',(#18),#116,.F.);
#18 = FACE_BOUND('',#19,.F.);
#19 = EDGE_LOOP('',(#20,#30,#38,#46,#54,#62,#70,#78,#86,#94,#102,#110));
#20 = ORIENTED_EDGE('',*,*,#21,.F.);
#21 = EDGE_CURVE('',#22,#24,#26,.T.);
#22 = VERTEX_POINT('',#23);
#23 = CARTESIAN_POINT('',(26.2,-67.,6.3));
#24 = VERTEX_POINT('',#25);
#25 = CARTESIAN_POINT('',(27.308947633367,-67.,6.3));
#26 = LINE('',#27,#28);
#27 = CARTESIAN_POINT('',(26.2,-67.,6.3));
#28 = VECTOR('',#29,1.);
#29 = DIRECTION('',(1.,0.,0.));
#30 = ORIENTED_EDGE('',*,*,#31,.T.);
#31 = EDGE_CURVE('',#22,#32,#34,.T.);
#32 = VERTEX_POINT('',#33);
#33 = CARTESIAN_POINT('',(26.2,-67.,13.59));
#34 = LINE('',#35,#36);
#35 = CARTESIAN_POINT('',(26.2,-67.,6.3));
#36 = VECTOR('',#37,1.);
#37 = DIRECTION('',(0.,0.,1.));
#38 = ORIENTED_EDGE('',*,*,#39,.T.);
#39 = EDGE_CURVE('',#32,#40,#42,.T.);
#40 = VERTEX_POINT('',#41);
#41 = CARTESIAN_POINT('',(47.8,-67.,13.59));
#42 = LINE('',#43,#44);
#43 = CARTESIAN_POINT('',(26.2,-67.,13.59));
#44 = VECTOR('',#45,1.);
#45 = DIRECTION('',(1.,0.,0.));
#46 = ORIENTED_EDGE('',*,*,#47,.F.);
#47 = EDGE_CURVE('',#48,#40,#50,.T.);
#48 = VERTEX_POINT('',#49);
#49 = CARTESIAN_POINT('',(47.8,-67.,6.3));
#50 = LINE('',#51,#52);
#51 = CARTESIAN_POINT('',(47.8,-67.,6.3));
#52 = VECTOR('',#53,1.);
#53 = DIRECTION('',(0.,0.,1.));
#54 = ORIENTED_EDGE('',*,*,#55,.F.);
#55 = EDGE_CURVE('',#56,#48,#58,.T.);
#56 = VERTEX_POINT('',#57);
#57 = CARTESIAN_POINT('',(47.040292180075,-67.,6.3));
#58 = LINE('',#59,#60);
#59 = CARTESIAN_POINT('',(26.2,-67.,6.3));
#60 = VECTOR('',#61,1.);
#61 = DIRECTION('',(1.,0.,0.));
#62 = ORIENTED_EDGE('',*,*,#63,.F.);
#63 = EDGE_CURVE('',#64,#56,#66,.T.);
#64 = VERTEX_POINT('',#65);
#65 = CARTESIAN_POINT('',(47.040292180075,-67.,6.75));
#66 = LINE('',#67,#68);
#67 = CARTESIAN_POINT('',(47.040292180075,-67.,5.3));
#68 = VECTOR('',#69,1.);
#69 = DIRECTION('',(-0.,-0.,-1.));
#70 = ORIENTED_EDGE('',*,*,#71,.F.);
#71 = EDGE_CURVE('',#72,#64,#74,.T.);
#72 = VERTEX_POINT('',#73);
#73 = CARTESIAN_POINT('',(43.959707819925,-67.,6.75));
#74 = LINE('',#75,#76);
#75 = CARTESIAN_POINT('',(35.85,-67.,6.75));
#76 = VECTOR('',#77,1.);
#77 = DIRECTION('',(1.,0.,0.));
#78 = ORIENTED_EDGE('',*,*,#79,.T.);
#79 = EDGE_CURVE('',#72,#80,#82,.T.);
#80 = VERTEX_POINT('',#81);
#81 = CARTESIAN_POINT('',(43.959707819925,-67.,6.3));
#82 = LINE('',#83,#84);
#83 = CARTESIAN_POINT('',(43.959707819925,-67.,5.3));
#84 = VECTOR('',#85,1.);
#85 = DIRECTION('',(-0.,-0.,-1.));
#86 = ORIENTED_EDGE('',*,*,#87,.F.);
#87 = EDGE_CURVE('',#88,#80,#90,.T.);
#88 = VERTEX_POINT('',#89);
#89 = CARTESIAN_POINT('',(31.491052366633,-67.,6.3));
#90 = LINE('',#91,#92);
#91 = CARTESIAN_POINT('',(26.2,-67.,6.3));
#92 = VECTOR('',#93,1.);
#93 = DIRECTION('',(1.,0.,0.));
#94 = ORIENTED_EDGE('',*,*,#95,.F.);
#95 = EDGE_CURVE('',#96,#88,#98,.T.);
#96 = VERTEX_POINT('',#97);
#97 = CARTESIAN_POINT('',(31.491052366633,-67.,6.75));
#98 = LINE('',#99,#100);
#99 = CARTESIAN_POINT('',(31.491052366633,-67.,5.3));
#100 = VECTOR('',#101,1.);
#101 = DIRECTION('',(-0.,-0.,-1.));
#102 = ORIENTED_EDGE('',*,*,#103,.F.);
#103 = EDGE_CURVE('',#104,#96,#106,.T.);
#104 = VERTEX_POINT('',#105);
#105 = CARTESIAN_POINT('',(27.308947633367,-67.,6.75));
#106 = LINE('',#107,#108);
#107 = CARTESIAN_POINT('',(27.8,-67.,6.75));
#108 = VECTOR('',#109,1.);
#109 = DIRECTION('',(1.,0.,0.));
#110 = ORIENTED_EDGE('',*,*,#111,.T.);
#111 = EDGE_CURVE('',#104,#24,#112,.T.);
#112 = LINE('',#113,#114);
#113 = CARTESIAN_POINT('',(27.308947633367,-67.,5.3));
#114 = VECTOR('',#115,1.);
#115 = DIRECTION('',(-0.,-0.,-1.));
#116 = PLANE('',#117);
#117 = AXIS2_PLACEMENT_3D('',#118,#119,#120);
#118 = CARTESIAN_POINT('',(26.2,-67.,6.3));
#119 = DIRECTION('',(0.,1.,0.));
#120 = DIRECTION('',(1.,0.,0.));
#121 = ADVANCED_FACE('',(#122),#189,.T.);
#122 = FACE_BOUND('',#123,.T.);
#123 = EDGE_LOOP('',(#124,#134,#141,#142,#151,#159,#167,#175,#183));
#124 = ORIENTED_EDGE('',*,*,#125,.T.);
#125 = EDGE_CURVE('',#126,#128,#130,.T.);
#126 = VERTEX_POINT('',#127);
#127 = CARTESIAN_POINT('',(26.229458346531,-65.8,6.3));
#128 = VERTEX_POINT('',#129);
#129 = CARTESIAN_POINT('',(27.367144864974,-65.8,6.3));
#130 = LINE('',#131,#132);
#131 = CARTESIAN_POINT('',(42.406927111653,-65.8,6.3));
#132 = VECTOR('',#133,1.);
#133 = DIRECTION('',(1.,0.,0.));
#134 = ORIENTED_EDGE('',*,*,#135,.F.);
#135 = EDGE_CURVE('',#24,#128,#136,.T.);
#136 = CIRCLE('',#137,2.15);
#137 = AXIS2_PLACEMENT_3D('',#138,#139,#140);
#138 = CARTESIAN_POINT('',(29.4,-66.5,6.3));
#139 = DIRECTION('',(0.,0.,-1.));
#140 = DIRECTION('',(1.,0.,0.));
#141 = ORIENTED_EDGE('',*,*,#21,.F.);
#142 = ORIENTED_EDGE('',*,*,#143,.F.);
#143 = EDGE_CURVE('',#144,#22,#146,.T.);
#144 = VERTEX_POINT('',#145);
#145 = CARTESIAN_POINT('',(25.,-65.8,6.3));
#146 = CIRCLE('',#147,1.2);
#147 = AXIS2_PLACEMENT_3D('',#148,#149,#150);
#148 = CARTESIAN_POINT('',(26.2,-65.8,6.3));
#149 = DIRECTION('',(0.,0.,1.));
#150 = DIRECTION('',(-1.,0.,0.));
#151 = ORIENTED_EDGE('',*,*,#152,.F.);
#152 = EDGE_CURVE('',#153,#144,#155,.T.);
#153 = VERTEX_POINT('',#154);
#154 = CARTESIAN_POINT('',(25.,-63.9,6.3));
#155 = LINE('',#156,#157);
#156 = CARTESIAN_POINT('',(25.,-13.4,6.3));
#157 = VECTOR('',#158,1.);
#158 = DIRECTION('',(0.,-1.,0.));
#159 = ORIENTED_EDGE('',*,*,#160,.F.);
#160 = EDGE_CURVE('',#161,#153,#163,.T.);
#161 = VERTEX_POINT('',#162);
#162 = CARTESIAN_POINT('',(26.2,-63.9,6.3));
#163 = LINE('',#164,#165);
#164 = CARTESIAN_POINT('',(28.521656284918,-63.9,6.3));
#165 = VECTOR('',#166,1.);
#166 = DIRECTION('',(-1.,0.,0.));
#167 = ORIENTED_EDGE('',*,*,#168,.T.);
#168 = EDGE_CURVE('',#161,#169,#171,.T.);
#169 = VERTEX_POINT('',#170);
#170 = CARTESIAN_POINT('',(26.2,-65.77054165346,6.3));
#171 = LINE('',#172,#173);
#172 = CARTESIAN_POINT('',(26.2,-52.43420966695,6.3));
#173 = VECTOR('',#174,1.);
#174 = DIRECTION('',(0.,-1.,0.));
#175 = ORIENTED_EDGE('',*,*,#176,.T.);
#176 = EDGE_CURVE('',#169,#177,#179,.T.);
#177 = VERTEX_POINT('',#178);
#178 = CARTESIAN_POINT('',(26.201379428774,-65.79862057122,6.3));
#179 = LINE('',#180,#181);
#180 = CARTESIAN_POINT('',(25.560148530937,-52.74606579013,6.3));
#181 = VECTOR('',#182,1.);
#182 = DIRECTION('',(4.906767432734E-02,-0.998795456205,0.));
#183 = ORIENTED_EDGE('',*,*,#184,.T.);
#184 = EDGE_CURVE('',#177,#126,#185,.T.);
#185 = LINE('',#186,#187);
#186 = CARTESIAN_POINT('',(30.969051124605,-66.03284126237,6.3));
#187 = VECTOR('',#188,1.);
#188 = DIRECTION('',(0.998795456205,-4.906767432757E-02,0.));
#189 = PLANE('',#190);
#190 = AXIS2_PLACEMENT_3D('',#191,#192,#193);
#191 = CARTESIAN_POINT('',(44.267066577077,-46.08685620723,6.3));
#192 = DIRECTION('',(-0.,-0.,-1.));
#193 = DIRECTION('',(-1.,0.,0.));
#194 = ADVANCED_FACE('',(#195),#214,.F.);
#195 = FACE_BOUND('',#196,.T.);
#196 = EDGE_LOOP('',(#197,#205,#212,#213));
#197 = ORIENTED_EDGE('',*,*,#198,.F.);
#198 = EDGE_CURVE('',#199,#128,#201,.T.);
#199 = VERTEX_POINT('',#200);
#200 = CARTESIAN_POINT('',(27.367144864974,-65.8,6.75));
#201 = LINE('',#202,#203);
#202 = CARTESIAN_POINT('',(27.367144864974,-65.8,5.3));
#203 = VECTOR('',#204,1.);
#204 = DIRECTION('',(-0.,-0.,-1.));
#205 = ORIENTED_EDGE('',*,*,#206,.T.);
#206 = EDGE_CURVE('',#199,#104,#207,.T.);
#207 = CIRCLE('',#208,2.15);
#208 = AXIS2_PLACEMENT_3D('',#209,#210,#211);
#209 = CARTESIAN_POINT('',(29.4,-66.5,6.75));
#210 = DIRECTION('',(0.,0.,1.));
#211 = DIRECTION('',(1.,0.,0.));
#212 = ORIENTED_EDGE('',*,*,#111,.T.);
#213 = ORIENTED_EDGE('',*,*,#135,.T.);
#214 = CYLINDRICAL_SURFACE('',#215,2.15);
#215 = AXIS2_PLACEMENT_3D('',#216,#217,#218);
#216 = CARTESIAN_POINT('',(29.4,-66.5,5.3));
#217 = DIRECTION('',(-0.,-0.,-1.));
#218 = DIRECTION('',(1.,0.,0.));
#219 = ADVANCED_FACE('',(#220),#248,.F.);
#220 = FACE_BOUND('',#221,.F.);
#221 = EDGE_LOOP('',(#222,#231,#240,#246,#247));
#222 = ORIENTED_EDGE('',*,*,#223,.T.);
#223 = EDGE_CURVE('',#96,#224,#226,.T.);
#224 = VERTEX_POINT('',#225);
#225 = CARTESIAN_POINT('',(31.55,-66.5,6.75));
#226 = CIRCLE('',#227,2.15);
#227 = AXIS2_PLACEMENT_3D('',#228,#229,#230);
#228 = CARTESIAN_POINT('',(29.4,-66.5,6.75));
#229 = DIRECTION('',(0.,0.,1.));
#230 = DIRECTION('',(1.,0.,0.));
#231 = ORIENTED_EDGE('',*,*,#232,.T.);
#232 = EDGE_CURVE('',#224,#233,#235,.T.);
#233 = VERTEX_POINT('',#234);
#234 = CARTESIAN_POINT('',(31.432855135026,-65.8,6.75));
#235 = CIRCLE('',#236,2.15);
#236 = AXIS2_PLACEMENT_3D('',#237,#238,#239);
#237 = CARTESIAN_POINT('',(29.4,-66.5,6.75));
#238 = DIRECTION('',(0.,0.,1.));
#239 = DIRECTION('',(1.,0.,0.));
#240 = ORIENTED_EDGE('',*,*,#241,.T.);
#241 = EDGE_CURVE('',#233,#199,#242,.T.);
#242 = LINE('',#243,#244);
#243 = CARTESIAN_POINT('',(38.585270826735,-65.8,6.75));
#244 = VECTOR('',#245,1.);
#245 = DIRECTION('',(-1.,0.,0.));
#246 = ORIENTED_EDGE('',*,*,#206,.T.);
#247 = ORIENTED_EDGE('',*,*,#103,.T.);
#248 = PLANE('',#249);
#249 = AXIS2_PLACEMENT_3D('',#250,#251,#252);
#250 = CARTESIAN_POINT('',(29.4,-66.5,6.75));
#251 = DIRECTION('',(0.,0.,1.));
#252 = DIRECTION('',(1.,0.,0.));
#253 = ADVANCED_FACE('',(#254),#283,.F.);
#254 = FACE_BOUND('',#255,.T.);
#255 = EDGE_LOOP('',(#256,#257,#265,#274,#281,#282));
#256 = ORIENTED_EDGE('',*,*,#232,.T.);
#257 = ORIENTED_EDGE('',*,*,#258,.T.);
#258 = EDGE_CURVE('',#233,#259,#261,.T.);
#259 = VERTEX_POINT('',#260);
#260 = CARTESIAN_POINT('',(31.432855135026,-65.8,6.3));
#261 = LINE('',#262,#263);
#262 = CARTESIAN_POINT('',(31.432855135026,-65.8,5.3));
#263 = VECTOR('',#264,1.);
#264 = DIRECTION('',(-0.,-0.,-1.));
#265 = ORIENTED_EDGE('',*,*,#266,.T.);
#266 = EDGE_CURVE('',#259,#267,#269,.T.);
#267 = VERTEX_POINT('',#268);
#268 = CARTESIAN_POINT('',(31.55,-66.5,6.3));
#269 = CIRCLE('',#270,2.15);
#270 = AXIS2_PLACEMENT_3D('',#271,#272,#273);
#271 = CARTESIAN_POINT('',(29.4,-66.5,6.3));
#272 = DIRECTION('',(0.,0.,-1.));
#273 = DIRECTION('',(1.,0.,0.));
#274 = ORIENTED_EDGE('',*,*,#275,.T.);
#275 = EDGE_CURVE('',#267,#88,#276,.T.);
#276 = CIRCLE('',#277,2.15);
#277 = AXIS2_PLACEMENT_3D('',#278,#279,#280);
#278 = CARTESIAN_POINT('',(29.4,-66.5,6.3));
#279 = DIRECTION('',(0.,0.,-1.));
#280 = DIRECTION('',(1.,0.,0.));
#281 = ORIENTED_EDGE('',*,*,#95,.F.);
#282 = ORIENTED_EDGE('',*,*,#223,.T.);
#283 = CYLINDRICAL_SURFACE('',#284,2.15);
#284 = AXIS2_PLACEMENT_3D('',#285,#286,#287);
#285 = CARTESIAN_POINT('',(29.4,-66.5,5.3));
#286 = DIRECTION('',(-0.,-0.,-1.));
#287 = DIRECTION('',(1.,0.,0.));
#288 = ADVANCED_FACE('',(#289,#335),#346,.T.);
#289 = FACE_BOUND('',#290,.T.);
#290 = EDGE_LOOP('',(#291,#302,#310,#317,#318,#319,#320,#328));
#291 = ORIENTED_EDGE('',*,*,#292,.F.);
#292 = EDGE_CURVE('',#293,#295,#297,.T.);
#293 = VERTEX_POINT('',#294);
#294 = CARTESIAN_POINT('',(38.687447478064,-65.8,6.3));
#295 = VERTEX_POINT('',#296);
#296 = CARTESIAN_POINT('',(39.05,-64.7,6.3));
#297 = CIRCLE('',#298,1.85);
#298 = AXIS2_PLACEMENT_3D('',#299,#300,#301);
#299 = CARTESIAN_POINT('',(37.2,-64.7,6.3));
#300 = DIRECTION('',(0.,0.,1.));
#301 = DIRECTION('',(1.,0.,0.));
#302 = ORIENTED_EDGE('',*,*,#303,.T.);
#303 = EDGE_CURVE('',#293,#304,#306,.T.);
#304 = VERTEX_POINT('',#305);
#305 = CARTESIAN_POINT('',(43.371033114396,-65.8,6.3));
#306 = LINE('',#307,#308);
#307 = CARTESIAN_POINT('',(42.406927111653,-65.8,6.3));
#308 = VECTOR('',#309,1.);
#309 = DIRECTION('',(1.,0.,0.));
#310 = ORIENTED_EDGE('',*,*,#311,.F.);
#311 = EDGE_CURVE('',#80,#304,#312,.T.);
#312 = CIRCLE('',#313,2.15);
#313 = AXIS2_PLACEMENT_3D('',#314,#315,#316);
#314 = CARTESIAN_POINT('',(45.5,-65.5,6.3));
#315 = DIRECTION('',(0.,0.,-1.));
#316 = DIRECTION('',(1.,0.,0.));
#317 = ORIENTED_EDGE('',*,*,#87,.F.);
#318 = ORIENTED_EDGE('',*,*,#275,.F.);
#319 = ORIENTED_EDGE('',*,*,#266,.F.);
#320 = ORIENTED_EDGE('',*,*,#321,.T.);
#321 = EDGE_CURVE('',#259,#322,#324,.T.);
#322 = VERTEX_POINT('',#323);
#323 = CARTESIAN_POINT('',(35.712552521936,-65.8,6.3));
#324 = LINE('',#325,#326);
#325 = CARTESIAN_POINT('',(42.406927111653,-65.8,6.3));
#326 = VECTOR('',#327,1.);
#327 = DIRECTION('',(1.,0.,0.));
#328 = ORIENTED_EDGE('',*,*,#329,.F.);
#329 = EDGE_CURVE('',#295,#322,#330,.T.);
#330 = CIRCLE('',#331,1.85);
#331 = AXIS2_PLACEMENT_3D('',#332,#333,#334);
#332 = CARTESIAN_POINT('',(37.2,-64.7,6.3));
#333 = DIRECTION('',(0.,0.,1.));
#334 = DIRECTION('',(1.,0.,0.));
#335 = FACE_BOUND('',#336,.T.);
#336 = EDGE_LOOP('',(#337));
#337 = ORIENTED_EDGE('',*,*,#338,.F.);
#338 = EDGE_CURVE('',#339,#339,#341,.T.);
#339 = VERTEX_POINT('',#340);
#340 = CARTESIAN_POINT('',(38.8,-64.7,6.3));
#341 = CIRCLE('',#342,1.6);
#342 = AXIS2_PLACEMENT_3D('',#343,#344,#345);
#343 = CARTESIAN_POINT('',(37.2,-64.7,6.3));
#344 = DIRECTION('',(0.,0.,-1.));
#345 = DIRECTION('',(1.,0.,0.));
#346 = PLANE('',#347);
#347 = AXIS2_PLACEMENT_3D('',#348,#349,#350);
#348 = CARTESIAN_POINT('',(44.267066577077,-46.08685620723,6.3));
#349 = DIRECTION('',(-0.,-0.,-1.));
#350 = DIRECTION('',(-1.,0.,0.));
#351 = ADVANCED_FACE('',(#352),#371,.F.);
#352 = FACE_BOUND('',#353,.T.);
#353 = EDGE_LOOP('',(#354,#362,#369,#370));
#354 = ORIENTED_EDGE('',*,*,#355,.F.);
#355 = EDGE_CURVE('',#356,#304,#358,.T.);
#356 = VERTEX_POINT('',#357);
#357 = CARTESIAN_POINT('',(43.371033114396,-65.8,6.75));
#358 = LINE('',#359,#360);
#359 = CARTESIAN_POINT('',(43.371033114396,-65.8,5.3));
#360 = VECTOR('',#361,1.);
#361 = DIRECTION('',(-0.,-0.,-1.));
#362 = ORIENTED_EDGE('',*,*,#363,.T.);
#363 = EDGE_CURVE('',#356,#72,#364,.T.);
#364 = CIRCLE('',#365,2.15);
#365 = AXIS2_PLACEMENT_3D('',#366,#367,#368);
#366 = CARTESIAN_POINT('',(45.5,-65.5,6.75));
#367 = DIRECTION('',(0.,0.,1.));
#368 = DIRECTION('',(1.,0.,0.));
#369 = ORIENTED_EDGE('',*,*,#79,.T.);
#370 = ORIENTED_EDGE('',*,*,#311,.T.);
#371 = CYLINDRICAL_SURFACE('',#372,2.15);
#372 = AXIS2_PLACEMENT_3D('',#373,#374,#375);
#373 = CARTESIAN_POINT('',(45.5,-65.5,5.3));
#374 = DIRECTION('',(-0.,-0.,-1.));
#375 = DIRECTION('',(1.,0.,0.));
#376 = ADVANCED_FACE('',(#377),#396,.F.);
#377 = FACE_BOUND('',#378,.F.);
#378 = EDGE_LOOP('',(#379,#387,#388,#389));
#379 = ORIENTED_EDGE('',*,*,#380,.T.);
#380 = EDGE_CURVE('',#381,#356,#383,.T.);
#381 = VERTEX_POINT('',#382);
#382 = CARTESIAN_POINT('',(47.628966885604,-65.8,6.75));
#383 = LINE('',#384,#385);
#384 = CARTESIAN_POINT('',(46.635270826735,-65.8,6.75));
#385 = VECTOR('',#386,1.);
#386 = DIRECTION('',(-1.,0.,0.));
#387 = ORIENTED_EDGE('',*,*,#363,.T.);
#388 = ORIENTED_EDGE('',*,*,#71,.T.);
#389 = ORIENTED_EDGE('',*,*,#390,.T.);
#390 = EDGE_CURVE('',#64,#381,#391,.T.);
#391 = CIRCLE('',#392,2.15);
#392 = AXIS2_PLACEMENT_3D('',#393,#394,#395);
#393 = CARTESIAN_POINT('',(45.5,-65.5,6.75));
#394 = DIRECTION('',(0.,0.,1.));
#395 = DIRECTION('',(1.,0.,0.));
#396 = PLANE('',#397);
#397 = AXIS2_PLACEMENT_3D('',#398,#399,#400);
#398 = CARTESIAN_POINT('',(45.5,-65.5,6.75));
#399 = DIRECTION('',(0.,0.,1.));
#400 = DIRECTION('',(1.,0.,0.));
#401 = ADVANCED_FACE('',(#402),#421,.F.);
#402 = FACE_BOUND('',#403,.T.);
#403 = EDGE_LOOP('',(#404,#405,#413,#420));
#404 = ORIENTED_EDGE('',*,*,#390,.T.);
#405 = ORIENTED_EDGE('',*,*,#406,.T.);
#406 = EDGE_CURVE('',#381,#407,#409,.T.);
#407 = VERTEX_POINT('',#408);
#408 = CARTESIAN_POINT('',(47.628966885604,-65.8,6.3));
#409 = LINE('',#410,#411);
#410 = CARTESIAN_POINT('',(47.628966885604,-65.8,5.3));
#411 = VECTOR('',#412,1.);
#412 = DIRECTION('',(-0.,-0.,-1.));
#413 = ORIENTED_EDGE('',*,*,#414,.T.);
#414 = EDGE_CURVE('',#407,#56,#415,.T.);
#415 = CIRCLE('',#416,2.15);
#416 = AXIS2_PLACEMENT_3D('',#417,#418,#419);
#417 = CARTESIAN_POINT('',(45.5,-65.5,6.3));
#418 = DIRECTION('',(0.,0.,-1.));
#419 = DIRECTION('',(1.,0.,0.));
#420 = ORIENTED_EDGE('',*,*,#63,.F.);
#421 = CYLINDRICAL_SURFACE('',#422,2.15);
#422 = AXIS2_PLACEMENT_3D('',#423,#424,#425);
#423 = CARTESIAN_POINT('',(45.5,-65.5,5.3));
#424 = DIRECTION('',(-0.,-0.,-1.));
#425 = DIRECTION('',(1.,0.,0.));
#426 = ADVANCED_FACE('',(#427,#560),#571,.T.);
#427 = FACE_BOUND('',#428,.T.);
#428 = EDGE_LOOP('',(#429,#430,#438,#446,#454,#462,#471,#479,#487,#495,
    #503,#511,#519,#527,#535,#544,#552,#559));
#429 = ORIENTED_EDGE('',*,*,#414,.F.);
#430 = ORIENTED_EDGE('',*,*,#431,.T.);
#431 = EDGE_CURVE('',#407,#432,#434,.T.);
#432 = VERTEX_POINT('',#433);
#433 = CARTESIAN_POINT('',(47.770541653469,-65.8,6.3));
#434 = LINE('',#435,#436);
#435 = CARTESIAN_POINT('',(42.406927111653,-65.8,6.3));
#436 = VECTOR('',#437,1.);
#437 = DIRECTION('',(1.,0.,0.));
#438 = ORIENTED_EDGE('',*,*,#439,.T.);
#439 = EDGE_CURVE('',#432,#440,#442,.T.);
#440 = VERTEX_POINT('',#441);
#441 = CARTESIAN_POINT('',(47.798620571226,-65.79862057122,6.3));
#442 = LINE('',#443,#444);
#443 = CARTESIAN_POINT('',(43.088196623178,-66.03002886087,6.3));
#444 = VECTOR('',#445,1.);
#445 = DIRECTION('',(0.998795456205,4.906767432757E-02,0.));
#446 = ORIENTED_EDGE('',*,*,#447,.T.);
#447 = EDGE_CURVE('',#440,#448,#450,.T.);
#448 = VERTEX_POINT('',#449);
#449 = CARTESIAN_POINT('',(47.8,-65.77054165346,6.3));
#450 = LINE('',#451,#452);
#451 = CARTESIAN_POINT('',(48.440645464384,-52.72990364414,6.3));
#452 = VECTOR('',#453,1.);
#453 = DIRECTION('',(4.906767432757E-02,0.998795456205,0.));
#454 = ORIENTED_EDGE('',*,*,#455,.T.);
#455 = EDGE_CURVE('',#448,#456,#458,.T.);
#456 = VERTEX_POINT('',#457);
#457 = CARTESIAN_POINT('',(47.8,-54.46808273176,6.3));
#458 = LINE('',#459,#460);
#459 = CARTESIAN_POINT('',(47.8,-25.66366801349,6.3));
#460 = VECTOR('',#461,1.);
#461 = DIRECTION('',(0.,1.,0.));
#462 = ORIENTED_EDGE('',*,*,#463,.F.);
#463 = EDGE_CURVE('',#464,#456,#466,.T.);
#464 = VERTEX_POINT('',#465);
#465 = CARTESIAN_POINT('',(47.8,-51.13191726823,6.3));
#466 = CIRCLE('',#467,1.85);
#467 = AXIS2_PLACEMENT_3D('',#468,#469,#470);
#468 = CARTESIAN_POINT('',(47.,-52.8,6.3));
#469 = DIRECTION('',(0.,0.,1.));
#470 = DIRECTION('',(1.,0.,0.));
#471 = ORIENTED_EDGE('',*,*,#472,.T.);
#472 = EDGE_CURVE('',#464,#473,#475,.T.);
#473 = VERTEX_POINT('',#474);
#474 = CARTESIAN_POINT('',(47.8,-12.22945834653,6.3));
#475 = LINE('',#476,#477);
#476 = CARTESIAN_POINT('',(47.8,-25.66366801349,6.3));
#477 = VECTOR('',#478,1.);
#478 = DIRECTION('',(0.,1.,0.));
#479 = ORIENTED_EDGE('',*,*,#480,.T.);
#480 = EDGE_CURVE('',#473,#481,#483,.T.);
#481 = VERTEX_POINT('',#482);
#482 = CARTESIAN_POINT('',(47.798620571226,-12.20137942877,6.3));
#483 = LINE('',#484,#485);
#484 = CARTESIAN_POINT('',(48.444752595167,-25.35369892353,6.3));
#485 = VECTOR('',#486,1.);
#486 = DIRECTION('',(-4.906767432758E-02,0.998795456205,0.));
#487 = ORIENTED_EDGE('',*,*,#488,.T.);
#488 = EDGE_CURVE('',#481,#489,#491,.T.);
#489 = VERTEX_POINT('',#490);
#490 = CARTESIAN_POINT('',(47.770541653469,-12.2,6.3));
#491 = LINE('',#492,#493);
#492 = CARTESIAN_POINT('',(43.078954009468,-11.96951707863,6.3));
#493 = VECTOR('',#494,1.);
#494 = DIRECTION('',(-0.998795456205,4.906767432741E-02,0.));
#495 = ORIENTED_EDGE('',*,*,#496,.T.);
#496 = EDGE_CURVE('',#489,#497,#499,.T.);
#497 = VERTEX_POINT('',#498);
#498 = CARTESIAN_POINT('',(47.,-12.2,6.3));
#499 = LINE('',#500,#501);
#500 = CARTESIAN_POINT('',(32.236385458184,-12.2,6.3));
#501 = VECTOR('',#502,1.);
#502 = DIRECTION('',(-1.,0.,0.));
#503 = ORIENTED_EDGE('',*,*,#504,.T.);
#504 = EDGE_CURVE('',#497,#505,#507,.T.);
#505 = VERTEX_POINT('',#506);
#506 = CARTESIAN_POINT('',(47.,-11.4,6.3));
#507 = LINE('',#508,#509);
#508 = CARTESIAN_POINT('',(47.,-43.59893884022,6.3));
#509 = VECTOR('',#510,1.);
#510 = DIRECTION('',(0.,1.,0.));
#511 = ORIENTED_EDGE('',*,*,#512,.T.);
#512 = EDGE_CURVE('',#505,#513,#515,.T.);
#513 = VERTEX_POINT('',#514);
#514 = CARTESIAN_POINT('',(43.7,-11.4,6.3));
#515 = LINE('',#516,#517);
#516 = CARTESIAN_POINT('',(32.221656284918,-11.4,6.3));
#517 = VECTOR('',#518,1.);
#518 = DIRECTION('',(-1.,0.,0.));
#519 = ORIENTED_EDGE('',*,*,#520,.T.);
#520 = EDGE_CURVE('',#513,#521,#523,.T.);
#521 = VERTEX_POINT('',#522);
#522 = CARTESIAN_POINT('',(43.7,-11.,6.3));
#523 = LINE('',#524,#525);
#524 = CARTESIAN_POINT('',(43.7,-29.54893884022,6.3));
#525 = VECTOR('',#526,1.);
#526 = DIRECTION('',(0.,1.,0.));
#527 = ORIENTED_EDGE('',*,*,#528,.F.);
#528 = EDGE_CURVE('',#529,#521,#531,.T.);
#529 = VERTEX_POINT('',#530);
#530 = CARTESIAN_POINT('',(47.8,-11.,6.3));
#531 = LINE('',#532,#533);
#532 = CARTESIAN_POINT('',(47.8,-11.,6.3));
#533 = VECTOR('',#534,1.);
#534 = DIRECTION('',(-1.,0.,0.));
#535 = ORIENTED_EDGE('',*,*,#536,.F.);
#536 = EDGE_CURVE('',#537,#529,#539,.T.);
#537 = VERTEX_POINT('',#538);
#538 = CARTESIAN_POINT('',(49.,-12.2,6.3));
#539 = CIRCLE('',#540,1.2);
#540 = AXIS2_PLACEMENT_3D('',#541,#542,#543);
#541 = CARTESIAN_POINT('',(47.8,-12.2,6.3));
#542 = DIRECTION('',(-0.,0.,1.));
#543 = DIRECTION('',(1.,-4.44E-15,0.));
#544 = ORIENTED_EDGE('',*,*,#545,.F.);
#545 = EDGE_CURVE('',#546,#537,#548,.T.);
#546 = VERTEX_POINT('',#547);
#547 = CARTESIAN_POINT('',(49.,-65.8,6.3));
#548 = LINE('',#549,#550);
#549 = CARTESIAN_POINT('',(49.,-65.8,6.3));
#550 = VECTOR('',#551,1.);
#551 = DIRECTION('',(0.,1.,0.));
#552 = ORIENTED_EDGE('',*,*,#553,.F.);
#553 = EDGE_CURVE('',#48,#546,#554,.T.);
#554 = CIRCLE('',#555,1.2);
#555 = AXIS2_PLACEMENT_3D('',#556,#557,#558);
#556 = CARTESIAN_POINT('',(47.8,-65.8,6.3));
#557 = DIRECTION('',(0.,0.,1.));
#558 = DIRECTION('',(-5.92E-15,-1.,0.));
#559 = ORIENTED_EDGE('',*,*,#55,.F.);
#560 = FACE_BOUND('',#561,.T.);
#561 = EDGE_LOOP('',(#562));
#562 = ORIENTED_EDGE('',*,*,#563,.F.);
#563 = EDGE_CURVE('',#564,#564,#566,.T.);
#564 = VERTEX_POINT('',#565);
#565 = CARTESIAN_POINT('',(48.6,-52.8,6.3));
#566 = CIRCLE('',#567,1.6);
#567 = AXIS2_PLACEMENT_3D('',#568,#569,#570);
#568 = CARTESIAN_POINT('',(47.,-52.8,6.3));
#569 = DIRECTION('',(0.,0.,-1.));
#570 = DIRECTION('',(1.,0.,0.));
#571 = PLANE('',#572);
#572 = AXIS2_PLACEMENT_3D('',#573,#574,#575);
#573 = CARTESIAN_POINT('',(44.267066577077,-46.08685620723,6.3));
#574 = DIRECTION('',(-0.,-0.,-1.));
#575 = DIRECTION('',(-1.,0.,0.));
#576 = ADVANCED_FACE('',(#577),#596,.T.);
#577 = FACE_BOUND('',#578,.F.);
#578 = EDGE_LOOP('',(#579,#580,#589,#595));
#579 = ORIENTED_EDGE('',*,*,#47,.T.);
#580 = ORIENTED_EDGE('',*,*,#581,.T.);
#581 = EDGE_CURVE('',#40,#582,#584,.T.);
#582 = VERTEX_POINT('',#583);
#583 = CARTESIAN_POINT('',(49.,-65.8,13.59));
#584 = CIRCLE('',#585,1.2);
#585 = AXIS2_PLACEMENT_3D('',#586,#587,#588);
#586 = CARTESIAN_POINT('',(47.8,-65.8,13.59));
#587 = DIRECTION('',(0.,0.,1.));
#588 = DIRECTION('',(-5.92E-15,-1.,0.));
#589 = ORIENTED_EDGE('',*,*,#590,.F.);
#590 = EDGE_CURVE('',#546,#582,#591,.T.);
#591 = LINE('',#592,#593);
#592 = CARTESIAN_POINT('',(49.,-65.8,6.3));
#593 = VECTOR('',#594,1.);
#594 = DIRECTION('',(0.,0.,1.));
#595 = ORIENTED_EDGE('',*,*,#553,.F.);
#596 = CYLINDRICAL_SURFACE('',#597,1.2);
#597 = AXIS2_PLACEMENT_3D('',#598,#599,#600);
#598 = CARTESIAN_POINT('',(47.8,-65.8,6.3));
#599 = DIRECTION('',(-0.,-0.,-1.));
#600 = DIRECTION('',(-5.92E-15,-1.,0.));
#601 = ADVANCED_FACE('',(#602,#655,#725,#795,#865,#910),#1032,.T.);
#602 = FACE_BOUND('',#603,.T.);
#603 = EDGE_LOOP('',(#604,#614,#623,#631,#638,#639,#640,#648));
#604 = ORIENTED_EDGE('',*,*,#605,.T.);
#605 = EDGE_CURVE('',#606,#608,#610,.T.);
#606 = VERTEX_POINT('',#607);
#607 = CARTESIAN_POINT('',(47.8,-11.,13.59));
#608 = VERTEX_POINT('',#609);
#609 = CARTESIAN_POINT('',(27.4,-11.,13.59));
#610 = LINE('',#611,#612);
#611 = CARTESIAN_POINT('',(47.8,-11.,13.59));
#612 = VECTOR('',#613,1.);
#613 = DIRECTION('',(-1.,0.,0.));
#614 = ORIENTED_EDGE('',*,*,#615,.T.);
#615 = EDGE_CURVE('',#608,#616,#618,.T.);
#616 = VERTEX_POINT('',#617);
#617 = CARTESIAN_POINT('',(25.,-13.4,13.59));
#618 = CIRCLE('',#619,2.4);
#619 = AXIS2_PLACEMENT_3D('',#620,#621,#622);
#620 = CARTESIAN_POINT('',(27.4,-13.4,13.59));
#621 = DIRECTION('',(0.,-0.,1.));
#622 = DIRECTION('',(0.,1.,0.));
#623 = ORIENTED_EDGE('',*,*,#624,.T.);
#624 = EDGE_CURVE('',#616,#625,#627,.T.);
#625 = VERTEX_POINT('',#626);
#626 = CARTESIAN_POINT('',(25.,-65.8,13.59));
#627 = LINE('',#628,#629);
#628 = CARTESIAN_POINT('',(25.,-13.4,13.59));
#629 = VECTOR('',#630,1.);
#630 = DIRECTION('',(0.,-1.,0.));
#631 = ORIENTED_EDGE('',*,*,#632,.T.);
#632 = EDGE_CURVE('',#625,#32,#633,.T.);
#633 = CIRCLE('',#634,1.2);
#634 = AXIS2_PLACEMENT_3D('',#635,#636,#637);
#635 = CARTESIAN_POINT('',(26.2,-65.8,13.59));
#636 = DIRECTION('',(0.,0.,1.));
#637 = DIRECTION('',(-1.,0.,0.));
#638 = ORIENTED_EDGE('',*,*,#39,.T.);
#639 = ORIENTED_EDGE('',*,*,#581,.T.);
#640 = ORIENTED_EDGE('',*,*,#641,.T.);
#641 = EDGE_CURVE('',#582,#642,#644,.T.);
#642 = VERTEX_POINT('',#643);
#643 = CARTESIAN_POINT('',(49.,-12.2,13.59));
#644 = LINE('',#645,#646);
#645 = CARTESIAN_POINT('',(49.,-65.8,13.59));
#646 = VECTOR('',#647,1.);
#647 = DIRECTION('',(0.,1.,0.));
#648 = ORIENTED_EDGE('',*,*,#649,.T.);
#649 = EDGE_CURVE('',#642,#606,#650,.T.);
#650 = CIRCLE('',#651,1.2);
#651 = AXIS2_PLACEMENT_3D('',#652,#653,#654);
#652 = CARTESIAN_POINT('',(47.8,-12.2,13.59));
#653 = DIRECTION('',(-0.,0.,1.));
#654 = DIRECTION('',(1.,-4.44E-15,0.));
#655 = FACE_BOUND('',#656,.T.);
#656 = EDGE_LOOP('',(#657,#667,#676,#684,#693,#701,#710,#718));
#657 = ORIENTED_EDGE('',*,*,#658,.F.);
#658 = EDGE_CURVE('',#659,#661,#663,.T.);
#659 = VERTEX_POINT('',#660);
#660 = CARTESIAN_POINT('',(44.6,-64.9,13.59));
#661 = VERTEX_POINT('',#662);
#662 = CARTESIAN_POINT('',(29.4,-64.9,13.59));
#663 = LINE('',#664,#665);
#664 = CARTESIAN_POINT('',(44.6,-64.9,13.59));
#665 = VECTOR('',#666,1.);
#666 = DIRECTION('',(-1.,0.,0.));
#667 = ORIENTED_EDGE('',*,*,#668,.F.);
#668 = EDGE_CURVE('',#669,#659,#671,.T.);
#669 = VERTEX_POINT('',#670);
#670 = CARTESIAN_POINT('',(45.,-65.3,13.59));
#671 = CIRCLE('',#672,0.4);
#672 = AXIS2_PLACEMENT_3D('',#673,#674,#675);
#673 = CARTESIAN_POINT('',(44.6,-65.3,13.59));
#674 = DIRECTION('',(0.,-0.,1.));
#675 = DIRECTION('',(1.,7.105E-14,0.));
#676 = ORIENTED_EDGE('',*,*,#677,.F.);
#677 = EDGE_CURVE('',#678,#669,#680,.T.);
#678 = VERTEX_POINT('',#679);
#679 = CARTESIAN_POINT('',(45.,-65.35,13.59));
#680 = LINE('',#681,#682);
#681 = CARTESIAN_POINT('',(45.,-65.35,13.59));
#682 = VECTOR('',#683,1.);
#683 = DIRECTION('',(0.,1.,0.));
#684 = ORIENTED_EDGE('',*,*,#685,.F.);
#685 = EDGE_CURVE('',#686,#678,#688,.T.);
#686 = VERTEX_POINT('',#687);
#687 = CARTESIAN_POINT('',(44.6,-65.75,13.59));
#688 = CIRCLE('',#689,0.4);
#689 = AXIS2_PLACEMENT_3D('',#690,#691,#692);
#690 = CARTESIAN_POINT('',(44.6,-65.35,13.59));
#691 = DIRECTION('',(-0.,0.,1.));
#692 = DIRECTION('',(1.776E-14,-1.,0.));
#693 = ORIENTED_EDGE('',*,*,#694,.F.);
#694 = EDGE_CURVE('',#695,#686,#697,.T.);
#695 = VERTEX_POINT('',#696);
#696 = CARTESIAN_POINT('',(29.4,-65.75,13.59));
#697 = LINE('',#698,#699);
#698 = CARTESIAN_POINT('',(29.4,-65.75,13.59));
#699 = VECTOR('',#700,1.);
#700 = DIRECTION('',(1.,0.,0.));
#701 = ORIENTED_EDGE('',*,*,#702,.F.);
#702 = EDGE_CURVE('',#703,#695,#705,.T.);
#703 = VERTEX_POINT('',#704);
#704 = CARTESIAN_POINT('',(29.,-65.35,13.59));
#705 = CIRCLE('',#706,0.4);
#706 = AXIS2_PLACEMENT_3D('',#707,#708,#709);
#707 = CARTESIAN_POINT('',(29.4,-65.35,13.59));
#708 = DIRECTION('',(0.,0.,1.));
#709 = DIRECTION('',(-1.,3.553E-14,0.));
#710 = ORIENTED_EDGE('',*,*,#711,.F.);
#711 = EDGE_CURVE('',#712,#703,#714,.T.);
#712 = VERTEX_POINT('',#713);
#713 = CARTESIAN_POINT('',(29.,-65.3,13.59));
#714 = LINE('',#715,#716);
#715 = CARTESIAN_POINT('',(29.,-65.3,13.59));
#716 = VECTOR('',#717,1.);
#717 = DIRECTION('',(0.,-1.,0.));
#718 = ORIENTED_EDGE('',*,*,#719,.F.);
#719 = EDGE_CURVE('',#661,#712,#720,.T.);
#720 = CIRCLE('',#721,0.4);
#721 = AXIS2_PLACEMENT_3D('',#722,#723,#724);
#722 = CARTESIAN_POINT('',(29.4,-65.3,13.59));
#723 = DIRECTION('',(0.,-0.,1.));
#724 = DIRECTION('',(0.,1.,0.));
#725 = FACE_BOUND('',#726,.T.);
#726 = EDGE_LOOP('',(#727,#737,#746,#754,#763,#771,#780,#788));
#727 = ORIENTED_EDGE('',*,*,#728,.F.);
#728 = EDGE_CURVE('',#729,#731,#733,.T.);
#729 = VERTEX_POINT('',#730);
#730 = CARTESIAN_POINT('',(44.6,-63.35,13.59));
#731 = VERTEX_POINT('',#732);
#732 = CARTESIAN_POINT('',(29.4,-63.35,13.59));
#733 = LINE('',#734,#735);
#734 = CARTESIAN_POINT('',(44.6,-63.35,13.59));
#735 = VECTOR('',#736,1.);
#736 = DIRECTION('',(-1.,0.,0.));
#737 = ORIENTED_EDGE('',*,*,#738,.F.);
#738 = EDGE_CURVE('',#739,#729,#741,.T.);
#739 = VERTEX_POINT('',#740);
#740 = CARTESIAN_POINT('',(45.,-63.75,13.59));
#741 = CIRCLE('',#742,0.4);
#742 = AXIS2_PLACEMENT_3D('',#743,#744,#745);
#743 = CARTESIAN_POINT('',(44.6,-63.75,13.59));
#744 = DIRECTION('',(0.,-0.,1.));
#745 = DIRECTION('',(1.,3.553E-14,0.));
#746 = ORIENTED_EDGE('',*,*,#747,.F.);
#747 = EDGE_CURVE('',#748,#739,#750,.T.);
#748 = VERTEX_POINT('',#749);
#749 = CARTESIAN_POINT('',(45.,-63.8,13.59));
#750 = LINE('',#751,#752);
#751 = CARTESIAN_POINT('',(45.,-63.8,13.59));
#752 = VECTOR('',#753,1.);
#753 = DIRECTION('',(0.,1.,0.));
#754 = ORIENTED_EDGE('',*,*,#755,.F.);
#755 = EDGE_CURVE('',#756,#748,#758,.T.);
#756 = VERTEX_POINT('',#757);
#757 = CARTESIAN_POINT('',(44.6,-64.2,13.59));
#758 = CIRCLE('',#759,0.4);
#759 = AXIS2_PLACEMENT_3D('',#760,#761,#762);
#760 = CARTESIAN_POINT('',(44.6,-63.8,13.59));
#761 = DIRECTION('',(-0.,0.,1.));
#762 = DIRECTION('',(3.553E-14,-1.,0.));
#763 = ORIENTED_EDGE('',*,*,#764,.F.);
#764 = EDGE_CURVE('',#765,#756,#767,.T.);
#765 = VERTEX_POINT('',#766);
#766 = CARTESIAN_POINT('',(29.4,-64.2,13.59));
#767 = LINE('',#768,#769);
#768 = CARTESIAN_POINT('',(29.4,-64.2,13.59));
#769 = VECTOR('',#770,1.);
#770 = DIRECTION('',(1.,0.,0.));
#771 = ORIENTED_EDGE('',*,*,#772,.F.);
#772 = EDGE_CURVE('',#773,#765,#775,.T.);
#773 = VERTEX_POINT('',#774);
#774 = CARTESIAN_POINT('',(29.,-63.8,13.59));
#775 = CIRCLE('',#776,0.4);
#776 = AXIS2_PLACEMENT_3D('',#777,#778,#779);
#777 = CARTESIAN_POINT('',(29.4,-63.8,13.59));
#778 = DIRECTION('',(0.,0.,1.));
#779 = DIRECTION('',(-1.,1.776E-14,0.));
#780 = ORIENTED_EDGE('',*,*,#781,.F.);
#781 = EDGE_CURVE('',#782,#773,#784,.T.);
#782 = VERTEX_POINT('',#783);
#783 = CARTESIAN_POINT('',(29.,-63.75,13.59));
#784 = LINE('',#785,#786);
#785 = CARTESIAN_POINT('',(29.,-63.75,13.59));
#786 = VECTOR('',#787,1.);
#787 = DIRECTION('',(0.,-1.,0.));
#788 = ORIENTED_EDGE('',*,*,#789,.F.);
#789 = EDGE_CURVE('',#731,#782,#790,.T.);
#790 = CIRCLE('',#791,0.4);
#791 = AXIS2_PLACEMENT_3D('',#792,#793,#794);
#792 = CARTESIAN_POINT('',(29.4,-63.75,13.59));
#793 = DIRECTION('',(0.,-0.,1.));
#794 = DIRECTION('',(4.441E-14,1.,0.));
#795 = FACE_BOUND('',#796,.T.);
#796 = EDGE_LOOP('',(#797,#807,#816,#824,#833,#841,#850,#858));
#797 = ORIENTED_EDGE('',*,*,#798,.F.);
#798 = EDGE_CURVE('',#799,#801,#803,.T.);
#799 = VERTEX_POINT('',#800);
#800 = CARTESIAN_POINT('',(44.6,-61.8,13.59));
#801 = VERTEX_POINT('',#802);
#802 = CARTESIAN_POINT('',(29.4,-61.8,13.59));
#803 = LINE('',#804,#805);
#804 = CARTESIAN_POINT('',(44.6,-61.8,13.59));
#805 = VECTOR('',#806,1.);
#806 = DIRECTION('',(-1.,0.,0.));
#807 = ORIENTED_EDGE('',*,*,#808,.F.);
#808 = EDGE_CURVE('',#809,#799,#811,.T.);
#809 = VERTEX_POINT('',#810);
#810 = CARTESIAN_POINT('',(45.,-62.2,13.59));
#811 = CIRCLE('',#812,0.4);
#812 = AXIS2_PLACEMENT_3D('',#813,#814,#815);
#813 = CARTESIAN_POINT('',(44.6,-62.2,13.59));
#814 = DIRECTION('',(0.,-0.,1.));
#815 = DIRECTION('',(1.,3.553E-14,0.));
#816 = ORIENTED_EDGE('',*,*,#817,.F.);
#817 = EDGE_CURVE('',#818,#809,#820,.T.);
#818 = VERTEX_POINT('',#819);
#819 = CARTESIAN_POINT('',(45.,-62.25,13.59));
#820 = LINE('',#821,#822);
#821 = CARTESIAN_POINT('',(45.,-62.25,13.59));
#822 = VECTOR('',#823,1.);
#823 = DIRECTION('',(0.,1.,0.));
#824 = ORIENTED_EDGE('',*,*,#825,.F.);
#825 = EDGE_CURVE('',#826,#818,#828,.T.);
#826 = VERTEX_POINT('',#827);
#827 = CARTESIAN_POINT('',(44.6,-62.65,13.59));
#828 = CIRCLE('',#829,0.4);
#829 = AXIS2_PLACEMENT_3D('',#830,#831,#832);
#830 = CARTESIAN_POINT('',(44.6,-62.25,13.59));
#831 = DIRECTION('',(-0.,0.,1.));
#832 = DIRECTION('',(0.,-1.,0.));
#833 = ORIENTED_EDGE('',*,*,#834,.F.);
#834 = EDGE_CURVE('',#835,#826,#837,.T.);
#835 = VERTEX_POINT('',#836);
#836 = CARTESIAN_POINT('',(29.4,-62.65,13.59));
#837 = LINE('',#838,#839);
#838 = CARTESIAN_POINT('',(29.4,-62.65,13.59));
#839 = VECTOR('',#840,1.);
#840 = DIRECTION('',(1.,0.,0.));
#841 = ORIENTED_EDGE('',*,*,#842,.F.);
#842 = EDGE_CURVE('',#843,#835,#845,.T.);
#843 = VERTEX_POINT('',#844);
#844 = CARTESIAN_POINT('',(29.,-62.25,13.59));
#845 = CIRCLE('',#846,0.4);
#846 = AXIS2_PLACEMENT_3D('',#847,#848,#849);
#847 = CARTESIAN_POINT('',(29.4,-62.25,13.59));
#848 = DIRECTION('',(0.,0.,1.));
#849 = DIRECTION('',(-1.,3.553E-14,0.));
#850 = ORIENTED_EDGE('',*,*,#851,.F.);
#851 = EDGE_CURVE('',#852,#843,#854,.T.);
#852 = VERTEX_POINT('',#853);
#853 = CARTESIAN_POINT('',(29.,-62.2,13.59));
#854 = LINE('',#855,#856);
#855 = CARTESIAN_POINT('',(29.,-62.2,13.59));
#856 = VECTOR('',#857,1.);
#857 = DIRECTION('',(0.,-1.,0.));
#858 = ORIENTED_EDGE('',*,*,#859,.F.);
#859 = EDGE_CURVE('',#801,#852,#860,.T.);
#860 = CIRCLE('',#861,0.4);
#861 = AXIS2_PLACEMENT_3D('',#862,#863,#864);
#862 = CARTESIAN_POINT('',(29.4,-62.2,13.59));
#863 = DIRECTION('',(0.,-0.,1.));
#864 = DIRECTION('',(4.441E-14,1.,0.));
#865 = FACE_BOUND('',#866,.T.);
#866 = EDGE_LOOP('',(#867,#877,#886,#894,#903));
#867 = ORIENTED_EDGE('',*,*,#868,.F.);
#868 = EDGE_CURVE('',#869,#871,#873,.T.);
#869 = VERTEX_POINT('',#870);
#870 = CARTESIAN_POINT('',(33.204540768505,-58.7,13.59));
#871 = VERTEX_POINT('',#872);
#872 = CARTESIAN_POINT('',(40.795459231495,-58.7,13.59));
#873 = LINE('',#874,#875);
#874 = CARTESIAN_POINT('',(33.2,-58.7,13.59));
#875 = VECTOR('',#876,1.);
#876 = DIRECTION('',(1.,0.,0.));
#877 = ORIENTED_EDGE('',*,*,#878,.F.);
#878 = EDGE_CURVE('',#879,#869,#881,.T.);
#879 = VERTEX_POINT('',#880);
#880 = CARTESIAN_POINT('',(33.204540768505,-57.8,13.59));
#881 = CIRCLE('',#882,2.25);
#882 = AXIS2_PLACEMENT_3D('',#883,#884,#885);
#883 = CARTESIAN_POINT('',(31.,-58.25,13.59));
#884 = DIRECTION('',(0.,0.,1.));
#885 = DIRECTION('',(1.,0.,0.));
#886 = ORIENTED_EDGE('',*,*,#887,.T.);
#887 = EDGE_CURVE('',#879,#888,#890,.T.);
#888 = VERTEX_POINT('',#889);
#889 = CARTESIAN_POINT('',(40.795459231495,-57.8,13.59));
#890 = LINE('',#891,#892);
#891 = CARTESIAN_POINT('',(33.2,-57.8,13.59));
#892 = VECTOR('',#893,1.);
#893 = DIRECTION('',(1.,0.,0.));
#894 = ORIENTED_EDGE('',*,*,#895,.F.);
#895 = EDGE_CURVE('',#896,#888,#898,.T.);
#896 = VERTEX_POINT('',#897);
#897 = CARTESIAN_POINT('',(45.25,-58.25,13.59));
#898 = CIRCLE('',#899,2.25);
#899 = AXIS2_PLACEMENT_3D('',#900,#901,#902);
#900 = CARTESIAN_POINT('',(43.,-58.25,13.59));
#901 = DIRECTION('',(0.,0.,1.));
#902 = DIRECTION('',(1.,0.,0.));
#903 = ORIENTED_EDGE('',*,*,#904,.F.);
#904 = EDGE_CURVE('',#871,#896,#905,.T.);
#905 = CIRCLE('',#906,2.25);
#906 = AXIS2_PLACEMENT_3D('',#907,#908,#909);
#907 = CARTESIAN_POINT('',(43.,-58.25,13.59));
#908 = DIRECTION('',(0.,0.,1.));
#909 = DIRECTION('',(1.,0.,0.));
#910 = FACE_BOUND('',#911,.T.);
#911 = EDGE_LOOP('',(#912,#923,#931,#940,#949,#957,#966,#974,#983,#991,
    #1000,#1009,#1017,#1026));
#912 = ORIENTED_EDGE('',*,*,#913,.F.);
#913 = EDGE_CURVE('',#914,#916,#918,.T.);
#914 = VERTEX_POINT('',#915);
#915 = CARTESIAN_POINT('',(47.8,-13.3,13.59));
#916 = VERTEX_POINT('',#917);
#917 = CARTESIAN_POINT('',(46.7,-12.2,13.59));
#918 = CIRCLE('',#919,1.1);
#919 = AXIS2_PLACEMENT_3D('',#920,#921,#922);
#920 = CARTESIAN_POINT('',(46.7,-13.3,13.59));
#921 = DIRECTION('',(0.,0.,1.));
#922 = DIRECTION('',(1.,0.,0.));
#923 = ORIENTED_EDGE('',*,*,#924,.F.);
#924 = EDGE_CURVE('',#925,#914,#927,.T.);
#925 = VERTEX_POINT('',#926);
#926 = CARTESIAN_POINT('',(47.8,-53.,13.59));
#927 = LINE('',#928,#929);
#928 = CARTESIAN_POINT('',(47.8,-53.,13.59));
#929 = VECTOR('',#930,1.);
#930 = DIRECTION('',(0.,1.,0.));
#931 = ORIENTED_EDGE('',*,*,#932,.F.);
#932 = EDGE_CURVE('',#933,#925,#935,.T.);
#933 = VERTEX_POINT('',#934);
#934 = CARTESIAN_POINT('',(47.43724133414,-53.81637933293,13.59));
#935 = CIRCLE('',#936,1.1);
#936 = AXIS2_PLACEMENT_3D('',#937,#938,#939);
#937 = CARTESIAN_POINT('',(46.7,-53.,13.59));
#938 = DIRECTION('',(-0.,0.,1.));
#939 = DIRECTION('',(6.46E-15,-1.,0.));
#940 = ORIENTED_EDGE('',*,*,#941,.F.);
#941 = EDGE_CURVE('',#942,#933,#944,.T.);
#942 = VERTEX_POINT('',#943);
#943 = CARTESIAN_POINT('',(47.5,-54.,13.59));
#944 = CIRCLE('',#945,0.3);
#945 = AXIS2_PLACEMENT_3D('',#946,#947,#948);
#946 = CARTESIAN_POINT('',(47.2,-54.,13.59));
#947 = DIRECTION('',(0.,-0.,1.));
#948 = DIRECTION('',(1.,2.368E-14,0.));
#949 = ORIENTED_EDGE('',*,*,#950,.F.);
#950 = EDGE_CURVE('',#951,#942,#953,.T.);
#951 = VERTEX_POINT('',#952);
#952 = CARTESIAN_POINT('',(47.5,-54.7,13.59));
#953 = LINE('',#954,#955);
#954 = CARTESIAN_POINT('',(47.5,-54.7,13.59));
#955 = VECTOR('',#956,1.);
#956 = DIRECTION('',(0.,1.,0.));
#957 = ORIENTED_EDGE('',*,*,#958,.F.);
#958 = EDGE_CURVE('',#959,#951,#961,.T.);
#959 = VERTEX_POINT('',#960);
#960 = CARTESIAN_POINT('',(47.2,-55.,13.59));
#961 = CIRCLE('',#962,0.3);
#962 = AXIS2_PLACEMENT_3D('',#963,#964,#965);
#963 = CARTESIAN_POINT('',(47.2,-54.7,13.59));
#964 = DIRECTION('',(-0.,0.,1.));
#965 = DIRECTION('',(2.368E-14,-1.,0.));
#966 = ORIENTED_EDGE('',*,*,#967,.F.);
#967 = EDGE_CURVE('',#968,#959,#970,.T.);
#968 = VERTEX_POINT('',#969);
#969 = CARTESIAN_POINT('',(26.8,-55.,13.59));
#970 = LINE('',#971,#972);
#971 = CARTESIAN_POINT('',(26.8,-55.,13.59));
#972 = VECTOR('',#973,1.);
#973 = DIRECTION('',(1.,0.,0.));
#974 = ORIENTED_EDGE('',*,*,#975,.F.);
#975 = EDGE_CURVE('',#976,#968,#978,.T.);
#976 = VERTEX_POINT('',#977);
#977 = CARTESIAN_POINT('',(26.5,-54.7,13.59));
#978 = CIRCLE('',#979,0.3);
#979 = AXIS2_PLACEMENT_3D('',#980,#981,#982);
#980 = CARTESIAN_POINT('',(26.8,-54.7,13.59));
#981 = DIRECTION('',(0.,0.,1.));
#982 = DIRECTION('',(-1.,4.737E-14,0.));
#983 = ORIENTED_EDGE('',*,*,#984,.F.);
#984 = EDGE_CURVE('',#985,#976,#987,.T.);
#985 = VERTEX_POINT('',#986);
#986 = CARTESIAN_POINT('',(26.5,-54.,13.59));
#987 = LINE('',#988,#989);
#988 = CARTESIAN_POINT('',(26.5,-54.,13.59));
#989 = VECTOR('',#990,1.);
#990 = DIRECTION('',(0.,-1.,0.));
#991 = ORIENTED_EDGE('',*,*,#992,.F.);
#992 = EDGE_CURVE('',#993,#985,#995,.T.);
#993 = VERTEX_POINT('',#994);
#994 = CARTESIAN_POINT('',(26.56275866586,-53.81637933293,13.59));
#995 = CIRCLE('',#996,0.3);
#996 = AXIS2_PLACEMENT_3D('',#997,#998,#999);
#997 = CARTESIAN_POINT('',(26.8,-54.,13.59));
#998 = DIRECTION('',(0.,-0.,1.));
#999 = DIRECTION('',(1.0658E-13,1.,0.));
#1000 = ORIENTED_EDGE('',*,*,#1001,.F.);
#1001 = EDGE_CURVE('',#1002,#993,#1004,.T.);
#1002 = VERTEX_POINT('',#1003);
#1003 = CARTESIAN_POINT('',(26.2,-53.,13.59));
#1004 = CIRCLE('',#1005,1.1);
#1005 = AXIS2_PLACEMENT_3D('',#1006,#1007,#1008);
#1006 = CARTESIAN_POINT('',(27.3,-53.,13.59));
#1007 = DIRECTION('',(0.,0.,1.));
#1008 = DIRECTION('',(-1.,0.,0.));
#1009 = ORIENTED_EDGE('',*,*,#1010,.F.);
#1010 = EDGE_CURVE('',#1011,#1002,#1013,.T.);
#1011 = VERTEX_POINT('',#1012);
#1012 = CARTESIAN_POINT('',(26.2,-13.3,13.59));
#1013 = LINE('',#1014,#1015);
#1014 = CARTESIAN_POINT('',(26.2,-13.3,13.59));
#1015 = VECTOR('',#1016,1.);
#1016 = DIRECTION('',(0.,-1.,0.));
#1017 = ORIENTED_EDGE('',*,*,#1018,.F.);
#1018 = EDGE_CURVE('',#1019,#1011,#1021,.T.);
#1019 = VERTEX_POINT('',#1020);
#1020 = CARTESIAN_POINT('',(27.3,-12.2,13.59));
#1021 = CIRCLE('',#1022,1.1);
#1022 = AXIS2_PLACEMENT_3D('',#1023,#1024,#1025);
#1023 = CARTESIAN_POINT('',(27.3,-13.3,13.59));
#1024 = DIRECTION('',(0.,0.,1.));
#1025 = DIRECTION('',(-3.23E-15,1.,0.));
#1026 = ORIENTED_EDGE('',*,*,#1027,.F.);
#1027 = EDGE_CURVE('',#916,#1019,#1028,.T.);
#1028 = LINE('',#1029,#1030);
#1029 = CARTESIAN_POINT('',(46.7,-12.2,13.59));
#1030 = VECTOR('',#1031,1.);
#1031 = DIRECTION('',(-1.,0.,0.));
#1032 = PLANE('',#1033);
#1033 = AXIS2_PLACEMENT_3D('',#1034,#1035,#1036);
#1034 = CARTESIAN_POINT('',(37.043312569837,-39.09787768044,13.59));
#1035 = DIRECTION('',(0.,0.,1.));
#1036 = DIRECTION('',(1.,0.,0.));
#1037 = ADVANCED_FACE('',(#1038),#1049,.T.);
#1038 = FACE_BOUND('',#1039,.F.);
#1039 = EDGE_LOOP('',(#1040,#1046,#1047,#1048));
#1040 = ORIENTED_EDGE('',*,*,#1041,.T.);
#1041 = EDGE_CURVE('',#144,#625,#1042,.T.);
#1042 = LINE('',#1043,#1044);
#1043 = CARTESIAN_POINT('',(25.,-65.8,6.3));
#1044 = VECTOR('',#1045,1.);
#1045 = DIRECTION('',(0.,0.,1.));
#1046 = ORIENTED_EDGE('',*,*,#632,.T.);
#1047 = ORIENTED_EDGE('',*,*,#31,.F.);
#1048 = ORIENTED_EDGE('',*,*,#143,.F.);
#1049 = CYLINDRICAL_SURFACE('',#1050,1.2);
#1050 = AXIS2_PLACEMENT_3D('',#1051,#1052,#1053);
#1051 = CARTESIAN_POINT('',(26.2,-65.8,6.3));
#1052 = DIRECTION('',(-0.,-0.,-1.));
#1053 = DIRECTION('',(-1.,0.,0.));
#1054 = ADVANCED_FACE('',(#1055),#1111,.F.);
#1055 = FACE_BOUND('',#1056,.F.);
#1056 = EDGE_LOOP('',(#1057,#1065,#1066,#1067,#1068,#1069,#1070,#1078,
    #1086,#1092,#1093,#1094,#1095,#1096,#1097,#1105));
#1057 = ORIENTED_EDGE('',*,*,#1058,.F.);
#1058 = EDGE_CURVE('',#126,#1059,#1061,.T.);
#1059 = VERTEX_POINT('',#1060);
#1060 = CARTESIAN_POINT('',(26.229458346531,-65.8,12.19));
#1061 = LINE('',#1062,#1063);
#1062 = CARTESIAN_POINT('',(26.229458346531,-65.8,6.2));
#1063 = VECTOR('',#1064,1.);
#1064 = DIRECTION('',(0.,0.,1.));
#1065 = ORIENTED_EDGE('',*,*,#125,.T.);
#1066 = ORIENTED_EDGE('',*,*,#198,.F.);
#1067 = ORIENTED_EDGE('',*,*,#241,.F.);
#1068 = ORIENTED_EDGE('',*,*,#258,.T.);
#1069 = ORIENTED_EDGE('',*,*,#321,.T.);
#1070 = ORIENTED_EDGE('',*,*,#1071,.F.);
#1071 = EDGE_CURVE('',#1072,#322,#1074,.T.);
#1072 = VERTEX_POINT('',#1073);
#1073 = CARTESIAN_POINT('',(35.712552521936,-65.8,11.6));
#1074 = LINE('',#1075,#1076);
#1075 = CARTESIAN_POINT('',(35.712552521936,-65.8,6.3));
#1076 = VECTOR('',#1077,1.);
#1077 = DIRECTION('',(-0.,-0.,-1.));
#1078 = ORIENTED_EDGE('',*,*,#1079,.F.);
#1079 = EDGE_CURVE('',#1080,#1072,#1082,.T.);
#1080 = VERTEX_POINT('',#1081);
#1081 = CARTESIAN_POINT('',(38.687447478064,-65.8,11.6));
#1082 = LINE('',#1083,#1084);
#1083 = CARTESIAN_POINT('',(42.485270826735,-65.8,11.6));
#1084 = VECTOR('',#1085,1.);
#1085 = DIRECTION('',(-1.,0.,0.));
#1086 = ORIENTED_EDGE('',*,*,#1087,.T.);
#1087 = EDGE_CURVE('',#1080,#293,#1088,.T.);
#1088 = LINE('',#1089,#1090);
#1089 = CARTESIAN_POINT('',(38.687447478064,-65.8,6.3));
#1090 = VECTOR('',#1091,1.);
#1091 = DIRECTION('',(-0.,-0.,-1.));
#1092 = ORIENTED_EDGE('',*,*,#303,.T.);
#1093 = ORIENTED_EDGE('',*,*,#355,.F.);
#1094 = ORIENTED_EDGE('',*,*,#380,.F.);
#1095 = ORIENTED_EDGE('',*,*,#406,.T.);
#1096 = ORIENTED_EDGE('',*,*,#431,.T.);
#1097 = ORIENTED_EDGE('',*,*,#1098,.T.);
#1098 = EDGE_CURVE('',#432,#1099,#1101,.T.);
#1099 = VERTEX_POINT('',#1100);
#1100 = CARTESIAN_POINT('',(47.770541653469,-65.8,12.19));
#1101 = LINE('',#1102,#1103);
#1102 = CARTESIAN_POINT('',(47.770541653469,-65.8,6.2));
#1103 = VECTOR('',#1104,1.);
#1104 = DIRECTION('',(0.,0.,1.));
#1105 = ORIENTED_EDGE('',*,*,#1106,.T.);
#1106 = EDGE_CURVE('',#1099,#1059,#1107,.T.);
#1107 = LINE('',#1108,#1109);
#1108 = CARTESIAN_POINT('',(47.770541653469,-65.8,12.19));
#1109 = VECTOR('',#1110,1.);
#1110 = DIRECTION('',(-1.,0.,0.));
#1111 = PLANE('',#1112);
#1112 = AXIS2_PLACEMENT_3D('',#1113,#1114,#1115);
#1113 = CARTESIAN_POINT('',(47.770541653469,-65.8,6.2));
#1114 = DIRECTION('',(0.,-1.,0.));
#1115 = DIRECTION('',(-1.,0.,0.));
#1116 = ADVANCED_FACE('',(#1117),#1135,.F.);
#1117 = FACE_BOUND('',#1118,.F.);
#1118 = EDGE_LOOP('',(#1119,#1120,#1121,#1129));
#1119 = ORIENTED_EDGE('',*,*,#184,.T.);
#1120 = ORIENTED_EDGE('',*,*,#1058,.T.);
#1121 = ORIENTED_EDGE('',*,*,#1122,.T.);
#1122 = EDGE_CURVE('',#1059,#1123,#1125,.T.);
#1123 = VERTEX_POINT('',#1124);
#1124 = CARTESIAN_POINT('',(26.201379428774,-65.79862057122,12.19));
#1125 = LINE('',#1126,#1127);
#1126 = CARTESIAN_POINT('',(26.229458346531,-65.8,12.19));
#1127 = VECTOR('',#1128,1.);
#1128 = DIRECTION('',(-0.998795456205,4.906767432757E-02,0.));
#1129 = ORIENTED_EDGE('',*,*,#1130,.F.);
#1130 = EDGE_CURVE('',#177,#1123,#1131,.T.);
#1131 = LINE('',#1132,#1133);
#1132 = CARTESIAN_POINT('',(26.201379428774,-65.79862057122,6.2));
#1133 = VECTOR('',#1134,1.);
#1134 = DIRECTION('',(0.,0.,1.));
#1135 = PLANE('',#1136);
#1136 = AXIS2_PLACEMENT_3D('',#1137,#1138,#1139);
#1137 = CARTESIAN_POINT('',(26.229458346531,-65.8,6.2));
#1138 = DIRECTION('',(-4.906767432757E-02,-0.998795456205,0.));
#1139 = DIRECTION('',(-0.998795456205,4.906767432757E-02,0.));
#1140 = ADVANCED_FACE('',(#1141),#1159,.F.);
#1141 = FACE_BOUND('',#1142,.F.);
#1142 = EDGE_LOOP('',(#1143,#1144,#1145,#1153));
#1143 = ORIENTED_EDGE('',*,*,#176,.T.);
#1144 = ORIENTED_EDGE('',*,*,#1130,.T.);
#1145 = ORIENTED_EDGE('',*,*,#1146,.T.);
#1146 = EDGE_CURVE('',#1123,#1147,#1149,.T.);
#1147 = VERTEX_POINT('',#1148);
#1148 = CARTESIAN_POINT('',(26.2,-65.77054165346,12.19));
#1149 = LINE('',#1150,#1151);
#1150 = CARTESIAN_POINT('',(26.201379428774,-65.79862057122,12.19));
#1151 = VECTOR('',#1152,1.);
#1152 = DIRECTION('',(-4.906767432734E-02,0.998795456205,0.));
#1153 = ORIENTED_EDGE('',*,*,#1154,.F.);
#1154 = EDGE_CURVE('',#169,#1147,#1155,.T.);
#1155 = LINE('',#1156,#1157);
#1156 = CARTESIAN_POINT('',(26.2,-65.77054165346,6.2));
#1157 = VECTOR('',#1158,1.);
#1158 = DIRECTION('',(0.,0.,1.));
#1159 = PLANE('',#1160);
#1160 = AXIS2_PLACEMENT_3D('',#1161,#1162,#1163);
#1161 = CARTESIAN_POINT('',(26.201379428774,-65.79862057122,6.2));
#1162 = DIRECTION('',(-0.998795456205,-4.906767432734E-02,0.));
#1163 = DIRECTION('',(-4.906767432734E-02,0.998795456205,0.));
#1164 = ADVANCED_FACE('',(#1165),#1247,.F.);
#1165 = FACE_BOUND('',#1166,.F.);
#1166 = EDGE_LOOP('',(#1167,#1177,#1185,#1193,#1201,#1209,#1217,#1225,
    #1233,#1239,#1240,#1241));
#1167 = ORIENTED_EDGE('',*,*,#1168,.F.);
#1168 = EDGE_CURVE('',#1169,#1171,#1173,.T.);
#1169 = VERTEX_POINT('',#1170);
#1170 = CARTESIAN_POINT('',(26.2,-13.42945834653,6.3));
#1171 = VERTEX_POINT('',#1172);
#1172 = CARTESIAN_POINT('',(26.2,-13.42945834653,12.19));
#1173 = LINE('',#1174,#1175);
#1174 = CARTESIAN_POINT('',(26.2,-13.42945834653,6.2));
#1175 = VECTOR('',#1176,1.);
#1176 = DIRECTION('',(0.,0.,1.));
#1177 = ORIENTED_EDGE('',*,*,#1178,.T.);
#1178 = EDGE_CURVE('',#1169,#1179,#1181,.T.);
#1179 = VERTEX_POINT('',#1180);
#1180 = CARTESIAN_POINT('',(26.2,-51.13191726823,6.3));
#1181 = LINE('',#1182,#1183);
#1182 = CARTESIAN_POINT('',(26.2,-52.43420966695,6.3));
#1183 = VECTOR('',#1184,1.);
#1184 = DIRECTION('',(0.,-1.,0.));
#1185 = ORIENTED_EDGE('',*,*,#1186,.F.);
#1186 = EDGE_CURVE('',#1187,#1179,#1189,.T.);
#1187 = VERTEX_POINT('',#1188);
#1188 = CARTESIAN_POINT('',(26.2,-51.13191726823,11.6));
#1189 = LINE('',#1190,#1191);
#1190 = CARTESIAN_POINT('',(26.2,-51.13191726823,6.3));
#1191 = VECTOR('',#1192,1.);
#1192 = DIRECTION('',(-0.,-0.,-1.));
#1193 = ORIENTED_EDGE('',*,*,#1194,.F.);
#1194 = EDGE_CURVE('',#1195,#1187,#1197,.T.);
#1195 = VERTEX_POINT('',#1196);
#1196 = CARTESIAN_POINT('',(26.2,-54.46808273176,11.6));
#1197 = LINE('',#1198,#1199);
#1198 = CARTESIAN_POINT('',(26.2,-59.28527082673,11.6));
#1199 = VECTOR('',#1200,1.);
#1200 = DIRECTION('',(0.,1.,0.));
#1201 = ORIENTED_EDGE('',*,*,#1202,.T.);
#1202 = EDGE_CURVE('',#1195,#1203,#1205,.T.);
#1203 = VERTEX_POINT('',#1204);
#1204 = CARTESIAN_POINT('',(26.2,-54.46808273176,6.3));
#1205 = LINE('',#1206,#1207);
#1206 = CARTESIAN_POINT('',(26.2,-54.46808273176,6.3));
#1207 = VECTOR('',#1208,1.);
#1208 = DIRECTION('',(-0.,-0.,-1.));
#1209 = ORIENTED_EDGE('',*,*,#1210,.T.);
#1210 = EDGE_CURVE('',#1203,#1211,#1213,.T.);
#1211 = VERTEX_POINT('',#1212);
#1212 = CARTESIAN_POINT('',(26.2,-55.4,6.3));
#1213 = LINE('',#1214,#1215);
#1214 = CARTESIAN_POINT('',(26.2,-52.43420966695,6.3));
#1215 = VECTOR('',#1216,1.);
#1216 = DIRECTION('',(0.,-1.,0.));
#1217 = ORIENTED_EDGE('',*,*,#1218,.F.);
#1218 = EDGE_CURVE('',#1219,#1211,#1221,.T.);
#1219 = VERTEX_POINT('',#1220);
#1220 = CARTESIAN_POINT('',(26.2,-55.4,9.2));
#1221 = LINE('',#1222,#1223);
#1222 = CARTESIAN_POINT('',(26.2,-55.4,5.65));
#1223 = VECTOR('',#1224,1.);
#1224 = DIRECTION('',(0.,0.,-1.));
#1225 = ORIENTED_EDGE('',*,*,#1226,.F.);
#1226 = EDGE_CURVE('',#1227,#1219,#1229,.T.);
#1227 = VERTEX_POINT('',#1228);
#1228 = CARTESIAN_POINT('',(26.2,-63.9,9.2));
#1229 = LINE('',#1230,#1231);
#1230 = CARTESIAN_POINT('',(26.2,-64.83527082673,9.2));
#1231 = VECTOR('',#1232,1.);
#1232 = DIRECTION('',(0.,1.,0.));
#1233 = ORIENTED_EDGE('',*,*,#1234,.T.);
#1234 = EDGE_CURVE('',#1227,#161,#1235,.T.);
#1235 = LINE('',#1236,#1237);
#1236 = CARTESIAN_POINT('',(26.2,-63.9,5.65));
#1237 = VECTOR('',#1238,1.);
#1238 = DIRECTION('',(0.,0.,-1.));
#1239 = ORIENTED_EDGE('',*,*,#168,.T.);
#1240 = ORIENTED_EDGE('',*,*,#1154,.T.);
#1241 = ORIENTED_EDGE('',*,*,#1242,.T.);
#1242 = EDGE_CURVE('',#1147,#1171,#1243,.T.);
#1243 = LINE('',#1244,#1245);
#1244 = CARTESIAN_POINT('',(26.2,-65.77054165346,12.19));
#1245 = VECTOR('',#1246,1.);
#1246 = DIRECTION('',(0.,1.,0.));
#1247 = PLANE('',#1248);
#1248 = AXIS2_PLACEMENT_3D('',#1249,#1250,#1251);
#1249 = CARTESIAN_POINT('',(26.2,-65.77054165346,6.2));
#1250 = DIRECTION('',(-1.,0.,0.));
#1251 = DIRECTION('',(0.,1.,0.));
#1252 = ADVANCED_FACE('',(#1253),#1271,.T.);
#1253 = FACE_BOUND('',#1254,.T.);
#1254 = EDGE_LOOP('',(#1255,#1263,#1264,#1265));
#1255 = ORIENTED_EDGE('',*,*,#1256,.T.);
#1256 = EDGE_CURVE('',#1257,#1227,#1259,.T.);
#1257 = VERTEX_POINT('',#1258);
#1258 = CARTESIAN_POINT('',(25.,-63.9,9.2));
#1259 = LINE('',#1260,#1261);
#1260 = CARTESIAN_POINT('',(20.,-63.9,9.2));
#1261 = VECTOR('',#1262,1.);
#1262 = DIRECTION('',(1.,0.,0.));
#1263 = ORIENTED_EDGE('',*,*,#1234,.T.);
#1264 = ORIENTED_EDGE('',*,*,#160,.T.);
#1265 = ORIENTED_EDGE('',*,*,#1266,.T.);
#1266 = EDGE_CURVE('',#153,#1257,#1267,.T.);
#1267 = LINE('',#1268,#1269);
#1268 = CARTESIAN_POINT('',(25.,-63.9,5.7));
#1269 = VECTOR('',#1270,1.);
#1270 = DIRECTION('',(0.,0.,1.));
#1271 = PLANE('',#1272);
#1272 = AXIS2_PLACEMENT_3D('',#1273,#1274,#1275);
#1273 = CARTESIAN_POINT('',(20.,-63.9,5.1));
#1274 = DIRECTION('',(0.,1.,0.));
#1275 = DIRECTION('',(0.,0.,1.));
#1276 = ADVANCED_FACE('',(#1277),#1313,.F.);
#1277 = FACE_BOUND('',#1278,.F.);
#1278 = EDGE_LOOP('',(#1279,#1289,#1295,#1296,#1297,#1298,#1299,#1307));
#1279 = ORIENTED_EDGE('',*,*,#1280,.F.);
#1280 = EDGE_CURVE('',#1281,#1283,#1285,.T.);
#1281 = VERTEX_POINT('',#1282);
#1282 = CARTESIAN_POINT('',(25.,-13.4,6.3));
#1283 = VERTEX_POINT('',#1284);
#1284 = CARTESIAN_POINT('',(25.,-55.4,6.3));
#1285 = LINE('',#1286,#1287);
#1286 = CARTESIAN_POINT('',(25.,-13.4,6.3));
#1287 = VECTOR('',#1288,1.);
#1288 = DIRECTION('',(0.,-1.,0.));
#1289 = ORIENTED_EDGE('',*,*,#1290,.T.);
#1290 = EDGE_CURVE('',#1281,#616,#1291,.T.);
#1291 = LINE('',#1292,#1293);
#1292 = CARTESIAN_POINT('',(25.,-13.4,6.3));
#1293 = VECTOR('',#1294,1.);
#1294 = DIRECTION('',(0.,0.,1.));
#1295 = ORIENTED_EDGE('',*,*,#624,.T.);
#1296 = ORIENTED_EDGE('',*,*,#1041,.F.);
#1297 = ORIENTED_EDGE('',*,*,#152,.F.);
#1298 = ORIENTED_EDGE('',*,*,#1266,.T.);
#1299 = ORIENTED_EDGE('',*,*,#1300,.F.);
#1300 = EDGE_CURVE('',#1301,#1257,#1303,.T.);
#1301 = VERTEX_POINT('',#1302);
#1302 = CARTESIAN_POINT('',(25.,-55.4,9.2));
#1303 = LINE('',#1304,#1305);
#1304 = CARTESIAN_POINT('',(25.,-38.65,9.2));
#1305 = VECTOR('',#1306,1.);
#1306 = DIRECTION('',(0.,-1.,0.));
#1307 = ORIENTED_EDGE('',*,*,#1308,.F.);
#1308 = EDGE_CURVE('',#1283,#1301,#1309,.T.);
#1309 = LINE('',#1310,#1311);
#1310 = CARTESIAN_POINT('',(25.,-55.4,5.7));
#1311 = VECTOR('',#1312,1.);
#1312 = DIRECTION('',(0.,0.,1.));
#1313 = PLANE('',#1314);
#1314 = AXIS2_PLACEMENT_3D('',#1315,#1316,#1317);
#1315 = CARTESIAN_POINT('',(25.,-13.4,6.3));
#1316 = DIRECTION('',(1.,0.,0.));
#1317 = DIRECTION('',(0.,-1.,0.));
#1318 = ADVANCED_FACE('',(#1319),#1341,.T.);
#1319 = FACE_BOUND('',#1320,.F.);
#1320 = EDGE_LOOP('',(#1321,#1322,#1331,#1338,#1339,#1340));
#1321 = ORIENTED_EDGE('',*,*,#1087,.F.);
#1322 = ORIENTED_EDGE('',*,*,#1323,.T.);
#1323 = EDGE_CURVE('',#1080,#1324,#1326,.T.);
#1324 = VERTEX_POINT('',#1325);
#1325 = CARTESIAN_POINT('',(39.05,-64.7,11.6));
#1326 = CIRCLE('',#1327,1.85);
#1327 = AXIS2_PLACEMENT_3D('',#1328,#1329,#1330);
#1328 = CARTESIAN_POINT('',(37.2,-64.7,11.6));
#1329 = DIRECTION('',(0.,0.,1.));
#1330 = DIRECTION('',(1.,0.,0.));
#1331 = ORIENTED_EDGE('',*,*,#1332,.T.);
#1332 = EDGE_CURVE('',#1324,#1072,#1333,.T.);
#1333 = CIRCLE('',#1334,1.85);
#1334 = AXIS2_PLACEMENT_3D('',#1335,#1336,#1337);
#1335 = CARTESIAN_POINT('',(37.2,-64.7,11.6));
#1336 = DIRECTION('',(0.,0.,1.));
#1337 = DIRECTION('',(1.,0.,0.));
#1338 = ORIENTED_EDGE('',*,*,#1071,.T.);
#1339 = ORIENTED_EDGE('',*,*,#329,.F.);
#1340 = ORIENTED_EDGE('',*,*,#292,.F.);
#1341 = CYLINDRICAL_SURFACE('',#1342,1.85);
#1342 = AXIS2_PLACEMENT_3D('',#1343,#1344,#1345);
#1343 = CARTESIAN_POINT('',(37.2,-64.7,6.3));
#1344 = DIRECTION('',(-0.,-0.,-1.));
#1345 = DIRECTION('',(1.,0.,0.));
#1346 = ADVANCED_FACE('',(#1347),#1366,.F.);
#1347 = FACE_BOUND('',#1348,.T.);
#1348 = EDGE_LOOP('',(#1349,#1350,#1358,#1365));
#1349 = ORIENTED_EDGE('',*,*,#338,.T.);
#1350 = ORIENTED_EDGE('',*,*,#1351,.T.);
#1351 = EDGE_CURVE('',#339,#1352,#1354,.T.);
#1352 = VERTEX_POINT('',#1353);
#1353 = CARTESIAN_POINT('',(38.8,-64.7,6.8));
#1354 = LINE('',#1355,#1356);
#1355 = CARTESIAN_POINT('',(38.8,-64.7,6.2));
#1356 = VECTOR('',#1357,1.);
#1357 = DIRECTION('',(0.,0.,1.));
#1358 = ORIENTED_EDGE('',*,*,#1359,.T.);
#1359 = EDGE_CURVE('',#1352,#1352,#1360,.T.);
#1360 = CIRCLE('',#1361,1.6);
#1361 = AXIS2_PLACEMENT_3D('',#1362,#1363,#1364);
#1362 = CARTESIAN_POINT('',(37.2,-64.7,6.8));
#1363 = DIRECTION('',(0.,0.,1.));
#1364 = DIRECTION('',(1.,0.,0.));
#1365 = ORIENTED_EDGE('',*,*,#1351,.F.);
#1366 = CYLINDRICAL_SURFACE('',#1367,1.6);
#1367 = AXIS2_PLACEMENT_3D('',#1368,#1369,#1370);
#1368 = CARTESIAN_POINT('',(37.2,-64.7,6.2));
#1369 = DIRECTION('',(-0.,-0.,-1.));
#1370 = DIRECTION('',(1.,0.,0.));
#1371 = ADVANCED_FACE('',(#1372),#1383,.F.);
#1372 = FACE_BOUND('',#1373,.F.);
#1373 = EDGE_LOOP('',(#1374,#1375,#1376,#1382));
#1374 = ORIENTED_EDGE('',*,*,#590,.T.);
#1375 = ORIENTED_EDGE('',*,*,#641,.T.);
#1376 = ORIENTED_EDGE('',*,*,#1377,.F.);
#1377 = EDGE_CURVE('',#537,#642,#1378,.T.);
#1378 = LINE('',#1379,#1380);
#1379 = CARTESIAN_POINT('',(49.,-12.2,6.3));
#1380 = VECTOR('',#1381,1.);
#1381 = DIRECTION('',(0.,0.,1.));
#1382 = ORIENTED_EDGE('',*,*,#545,.F.);
#1383 = PLANE('',#1384);
#1384 = AXIS2_PLACEMENT_3D('',#1385,#1386,#1387);
#1385 = CARTESIAN_POINT('',(49.,-65.8,6.3));
#1386 = DIRECTION('',(-1.,0.,0.));
#1387 = DIRECTION('',(0.,1.,0.));
#1388 = ADVANCED_FACE('',(#1389),#1400,.T.);
#1389 = FACE_BOUND('',#1390,.F.);
#1390 = EDGE_LOOP('',(#1391,#1392,#1393,#1399));
#1391 = ORIENTED_EDGE('',*,*,#1377,.T.);
#1392 = ORIENTED_EDGE('',*,*,#649,.T.);
#1393 = ORIENTED_EDGE('',*,*,#1394,.F.);
#1394 = EDGE_CURVE('',#529,#606,#1395,.T.);
#1395 = LINE('',#1396,#1397);
#1396 = CARTESIAN_POINT('',(47.8,-11.,6.3));
#1397 = VECTOR('',#1398,1.);
#1398 = DIRECTION('',(0.,0.,1.));
#1399 = ORIENTED_EDGE('',*,*,#536,.F.);
#1400 = CYLINDRICAL_SURFACE('',#1401,1.2);
#1401 = AXIS2_PLACEMENT_3D('',#1402,#1403,#1404);
#1402 = CARTESIAN_POINT('',(47.8,-12.2,6.3));
#1403 = DIRECTION('',(0.,0.,-1.));
#1404 = DIRECTION('',(1.,-4.44E-15,0.));
#1405 = ADVANCED_FACE('',(#1406),#1449,.F.);
#1406 = FACE_BOUND('',#1407,.F.);
#1407 = EDGE_LOOP('',(#1408,#1409,#1410,#1411,#1419,#1427,#1435,#1443));
#1408 = ORIENTED_EDGE('',*,*,#528,.F.);
#1409 = ORIENTED_EDGE('',*,*,#1394,.T.);
#1410 = ORIENTED_EDGE('',*,*,#605,.T.);
#1411 = ORIENTED_EDGE('',*,*,#1412,.F.);
#1412 = EDGE_CURVE('',#1413,#608,#1415,.T.);
#1413 = VERTEX_POINT('',#1414);
#1414 = CARTESIAN_POINT('',(27.4,-11.,6.3));
#1415 = LINE('',#1416,#1417);
#1416 = CARTESIAN_POINT('',(27.4,-11.,6.3));
#1417 = VECTOR('',#1418,1.);
#1418 = DIRECTION('',(0.,0.,1.));
#1419 = ORIENTED_EDGE('',*,*,#1420,.F.);
#1420 = EDGE_CURVE('',#1421,#1413,#1423,.T.);
#1421 = VERTEX_POINT('',#1422);
#1422 = CARTESIAN_POINT('',(30.7,-11.,6.3));
#1423 = LINE('',#1424,#1425);
#1424 = CARTESIAN_POINT('',(47.8,-11.,6.3));
#1425 = VECTOR('',#1426,1.);
#1426 = DIRECTION('',(-1.,0.,0.));
#1427 = ORIENTED_EDGE('',*,*,#1428,.T.);
#1428 = EDGE_CURVE('',#1421,#1429,#1431,.T.);
#1429 = VERTEX_POINT('',#1430);
#1430 = CARTESIAN_POINT('',(30.7,-11.,11.8));
#1431 = LINE('',#1432,#1433);
#1432 = CARTESIAN_POINT('',(30.7,-11.,6.25));
#1433 = VECTOR('',#1434,1.);
#1434 = DIRECTION('',(0.,0.,1.));
#1435 = ORIENTED_EDGE('',*,*,#1436,.F.);
#1436 = EDGE_CURVE('',#1437,#1429,#1439,.T.);
#1437 = VERTEX_POINT('',#1438);
#1438 = CARTESIAN_POINT('',(43.7,-11.,11.8));
#1439 = LINE('',#1440,#1441);
#1440 = CARTESIAN_POINT('',(39.25,-11.,11.8));
#1441 = VECTOR('',#1442,1.);
#1442 = DIRECTION('',(-1.,0.,0.));
#1443 = ORIENTED_EDGE('',*,*,#1444,.F.);
#1444 = EDGE_CURVE('',#521,#1437,#1445,.T.);
#1445 = LINE('',#1446,#1447);
#1446 = CARTESIAN_POINT('',(43.7,-11.,6.25));
#1447 = VECTOR('',#1448,1.);
#1448 = DIRECTION('',(0.,0.,1.));
#1449 = PLANE('',#1450);
#1450 = AXIS2_PLACEMENT_3D('',#1451,#1452,#1453);
#1451 = CARTESIAN_POINT('',(47.8,-11.,6.3));
#1452 = DIRECTION('',(0.,-1.,0.));
#1453 = DIRECTION('',(-1.,0.,0.));
#1454 = ADVANCED_FACE('',(#1455),#1473,.F.);
#1455 = FACE_BOUND('',#1456,.F.);
#1456 = EDGE_LOOP('',(#1457,#1465,#1471,#1472));
#1457 = ORIENTED_EDGE('',*,*,#1458,.F.);
#1458 = EDGE_CURVE('',#1459,#1437,#1461,.T.);
#1459 = VERTEX_POINT('',#1460);
#1460 = CARTESIAN_POINT('',(43.7,-11.4,11.8));
#1461 = LINE('',#1462,#1463);
#1462 = CARTESIAN_POINT('',(43.7,-20.,11.8));
#1463 = VECTOR('',#1464,1.);
#1464 = DIRECTION('',(0.,1.,0.));
#1465 = ORIENTED_EDGE('',*,*,#1466,.F.);
#1466 = EDGE_CURVE('',#513,#1459,#1467,.T.);
#1467 = LINE('',#1468,#1469);
#1468 = CARTESIAN_POINT('',(43.7,-11.4,5.9));
#1469 = VECTOR('',#1470,1.);
#1470 = DIRECTION('',(0.,0.,1.));
#1471 = ORIENTED_EDGE('',*,*,#520,.T.);
#1472 = ORIENTED_EDGE('',*,*,#1444,.T.);
#1473 = PLANE('',#1474);
#1474 = AXIS2_PLACEMENT_3D('',#1475,#1476,#1477);
#1475 = CARTESIAN_POINT('',(43.7,-20.,6.2));
#1476 = DIRECTION('',(1.,0.,0.));
#1477 = DIRECTION('',(0.,0.,1.));
#1478 = ADVANCED_FACE('',(#1479),#1529,.F.);
#1479 = FACE_BOUND('',#1480,.F.);
#1480 = EDGE_LOOP('',(#1481,#1489,#1490,#1491,#1499,#1507,#1515,#1523));
#1481 = ORIENTED_EDGE('',*,*,#1482,.F.);
#1482 = EDGE_CURVE('',#505,#1483,#1485,.T.);
#1483 = VERTEX_POINT('',#1484);
#1484 = CARTESIAN_POINT('',(47.,-11.4,12.1));
#1485 = LINE('',#1486,#1487);
#1486 = CARTESIAN_POINT('',(47.,-11.4,5.6));
#1487 = VECTOR('',#1488,1.);
#1488 = DIRECTION('',(0.,0.,1.));
#1489 = ORIENTED_EDGE('',*,*,#512,.T.);
#1490 = ORIENTED_EDGE('',*,*,#1466,.T.);
#1491 = ORIENTED_EDGE('',*,*,#1492,.T.);
#1492 = EDGE_CURVE('',#1459,#1493,#1495,.T.);
#1493 = VERTEX_POINT('',#1494);
#1494 = CARTESIAN_POINT('',(30.7,-11.4,11.8));
#1495 = LINE('',#1496,#1497);
#1496 = CARTESIAN_POINT('',(29.05,-11.4,11.8));
#1497 = VECTOR('',#1498,1.);
#1498 = DIRECTION('',(-1.,0.,0.));
#1499 = ORIENTED_EDGE('',*,*,#1500,.F.);
#1500 = EDGE_CURVE('',#1501,#1493,#1503,.T.);
#1501 = VERTEX_POINT('',#1502);
#1502 = CARTESIAN_POINT('',(30.7,-11.4,6.3));
#1503 = LINE('',#1504,#1505);
#1504 = CARTESIAN_POINT('',(30.7,-11.4,5.9));
#1505 = VECTOR('',#1506,1.);
#1506 = DIRECTION('',(0.,0.,1.));
#1507 = ORIENTED_EDGE('',*,*,#1508,.T.);
#1508 = EDGE_CURVE('',#1501,#1509,#1511,.T.);
#1509 = VERTEX_POINT('',#1510);
#1510 = CARTESIAN_POINT('',(27.4,-11.4,6.3));
#1511 = LINE('',#1512,#1513);
#1512 = CARTESIAN_POINT('',(32.221656284918,-11.4,6.3));
#1513 = VECTOR('',#1514,1.);
#1514 = DIRECTION('',(-1.,0.,0.));
#1515 = ORIENTED_EDGE('',*,*,#1516,.T.);
#1516 = EDGE_CURVE('',#1509,#1517,#1519,.T.);
#1517 = VERTEX_POINT('',#1518);
#1518 = CARTESIAN_POINT('',(27.4,-11.4,12.1));
#1519 = LINE('',#1520,#1521);
#1520 = CARTESIAN_POINT('',(27.4,-11.4,5.6));
#1521 = VECTOR('',#1522,1.);
#1522 = DIRECTION('',(0.,0.,1.));
#1523 = ORIENTED_EDGE('',*,*,#1524,.T.);
#1524 = EDGE_CURVE('',#1517,#1483,#1525,.T.);
#1525 = LINE('',#1526,#1527);
#1526 = CARTESIAN_POINT('',(27.4,-11.4,12.1));
#1527 = VECTOR('',#1528,1.);
#1528 = DIRECTION('',(1.,0.,0.));
#1529 = PLANE('',#1530);
#1530 = AXIS2_PLACEMENT_3D('',#1531,#1532,#1533);
#1531 = CARTESIAN_POINT('',(27.4,-11.4,5.6));
#1532 = DIRECTION('',(0.,1.,0.));
#1533 = DIRECTION('',(0.,0.,1.));
#1534 = ADVANCED_FACE('',(#1535),#1553,.F.);
#1535 = FACE_BOUND('',#1536,.F.);
#1536 = EDGE_LOOP('',(#1537,#1545,#1551,#1552));
#1537 = ORIENTED_EDGE('',*,*,#1538,.F.);
#1538 = EDGE_CURVE('',#1539,#1483,#1541,.T.);
#1539 = VERTEX_POINT('',#1540);
#1540 = CARTESIAN_POINT('',(47.,-12.2,12.1));
#1541 = LINE('',#1542,#1543);
#1542 = CARTESIAN_POINT('',(47.,-48.1,12.1));
#1543 = VECTOR('',#1544,1.);
#1544 = DIRECTION('',(0.,1.,0.));
#1545 = ORIENTED_EDGE('',*,*,#1546,.T.);
#1546 = EDGE_CURVE('',#1539,#497,#1547,.T.);
#1547 = LINE('',#1548,#1549);
#1548 = CARTESIAN_POINT('',(47.,-12.2,5.9));
#1549 = VECTOR('',#1550,1.);
#1550 = DIRECTION('',(0.,0.,-1.));
#1551 = ORIENTED_EDGE('',*,*,#504,.T.);
#1552 = ORIENTED_EDGE('',*,*,#1482,.T.);
#1553 = PLANE('',#1554);
#1554 = AXIS2_PLACEMENT_3D('',#1555,#1556,#1557);
#1555 = CARTESIAN_POINT('',(47.,-48.1,5.6));
#1556 = DIRECTION('',(1.,0.,0.));
#1557 = DIRECTION('',(0.,0.,1.));
#1558 = ADVANCED_FACE('',(#1559),#1593,.F.);
#1559 = FACE_BOUND('',#1560,.F.);
#1560 = EDGE_LOOP('',(#1561,#1569,#1570,#1571,#1579,#1587));
#1561 = ORIENTED_EDGE('',*,*,#1562,.F.);
#1562 = EDGE_CURVE('',#489,#1563,#1565,.T.);
#1563 = VERTEX_POINT('',#1564);
#1564 = CARTESIAN_POINT('',(47.770541653469,-12.2,12.19));
#1565 = LINE('',#1566,#1567);
#1566 = CARTESIAN_POINT('',(47.770541653469,-12.2,6.2));
#1567 = VECTOR('',#1568,1.);
#1568 = DIRECTION('',(0.,0.,1.));
#1569 = ORIENTED_EDGE('',*,*,#496,.T.);
#1570 = ORIENTED_EDGE('',*,*,#1546,.F.);
#1571 = ORIENTED_EDGE('',*,*,#1572,.F.);
#1572 = EDGE_CURVE('',#1573,#1539,#1575,.T.);
#1573 = VERTEX_POINT('',#1574);
#1574 = CARTESIAN_POINT('',(27.429458346531,-12.2,12.1));
#1575 = LINE('',#1576,#1577);
#1576 = CARTESIAN_POINT('',(27.414729173265,-12.2,12.1));
#1577 = VECTOR('',#1578,1.);
#1578 = DIRECTION('',(1.,0.,0.));
#1579 = ORIENTED_EDGE('',*,*,#1580,.T.);
#1580 = EDGE_CURVE('',#1573,#1581,#1583,.T.);
#1581 = VERTEX_POINT('',#1582);
#1582 = CARTESIAN_POINT('',(27.429458346531,-12.2,12.19));
#1583 = LINE('',#1584,#1585);
#1584 = CARTESIAN_POINT('',(27.429458346531,-12.2,6.2));
#1585 = VECTOR('',#1586,1.);
#1586 = DIRECTION('',(0.,0.,1.));
#1587 = ORIENTED_EDGE('',*,*,#1588,.T.);
#1588 = EDGE_CURVE('',#1581,#1563,#1589,.T.);
#1589 = LINE('',#1590,#1591);
#1590 = CARTESIAN_POINT('',(27.429458346531,-12.2,12.19));
#1591 = VECTOR('',#1592,1.);
#1592 = DIRECTION('',(1.,0.,0.));
#1593 = PLANE('',#1594);
#1594 = AXIS2_PLACEMENT_3D('',#1595,#1596,#1597);
#1595 = CARTESIAN_POINT('',(27.429458346531,-12.2,6.2));
#1596 = DIRECTION('',(0.,1.,0.));
#1597 = DIRECTION('',(1.,0.,0.));
#1598 = ADVANCED_FACE('',(#1599),#1617,.F.);
#1599 = FACE_BOUND('',#1600,.F.);
#1600 = EDGE_LOOP('',(#1601,#1602,#1603,#1611));
#1601 = ORIENTED_EDGE('',*,*,#488,.T.);
#1602 = ORIENTED_EDGE('',*,*,#1562,.T.);
#1603 = ORIENTED_EDGE('',*,*,#1604,.T.);
#1604 = EDGE_CURVE('',#1563,#1605,#1607,.T.);
#1605 = VERTEX_POINT('',#1606);
#1606 = CARTESIAN_POINT('',(47.798620571226,-12.20137942877,12.19));
#1607 = LINE('',#1608,#1609);
#1608 = CARTESIAN_POINT('',(47.770541653469,-12.2,12.19));
#1609 = VECTOR('',#1610,1.);
#1610 = DIRECTION('',(0.998795456205,-4.906767432741E-02,0.));
#1611 = ORIENTED_EDGE('',*,*,#1612,.F.);
#1612 = EDGE_CURVE('',#481,#1605,#1613,.T.);
#1613 = LINE('',#1614,#1615);
#1614 = CARTESIAN_POINT('',(47.798620571226,-12.20137942877,6.2));
#1615 = VECTOR('',#1616,1.);
#1616 = DIRECTION('',(0.,0.,1.));
#1617 = PLANE('',#1618);
#1618 = AXIS2_PLACEMENT_3D('',#1619,#1620,#1621);
#1619 = CARTESIAN_POINT('',(47.770541653469,-12.2,6.2));
#1620 = DIRECTION('',(4.906767432741E-02,0.998795456205,0.));
#1621 = DIRECTION('',(0.998795456205,-4.906767432741E-02,0.));
#1622 = ADVANCED_FACE('',(#1623),#1641,.F.);
#1623 = FACE_BOUND('',#1624,.F.);
#1624 = EDGE_LOOP('',(#1625,#1626,#1627,#1635));
#1625 = ORIENTED_EDGE('',*,*,#480,.T.);
#1626 = ORIENTED_EDGE('',*,*,#1612,.T.);
#1627 = ORIENTED_EDGE('',*,*,#1628,.T.);
#1628 = EDGE_CURVE('',#1605,#1629,#1631,.T.);
#1629 = VERTEX_POINT('',#1630);
#1630 = CARTESIAN_POINT('',(47.8,-12.22945834653,12.19));
#1631 = LINE('',#1632,#1633);
#1632 = CARTESIAN_POINT('',(47.798620571226,-12.20137942877,12.19));
#1633 = VECTOR('',#1634,1.);
#1634 = DIRECTION('',(4.906767432758E-02,-0.998795456205,0.));
#1635 = ORIENTED_EDGE('',*,*,#1636,.F.);
#1636 = EDGE_CURVE('',#473,#1629,#1637,.T.);
#1637 = LINE('',#1638,#1639);
#1638 = CARTESIAN_POINT('',(47.8,-12.22945834653,6.2));
#1639 = VECTOR('',#1640,1.);
#1640 = DIRECTION('',(0.,0.,1.));
#1641 = PLANE('',#1642);
#1642 = AXIS2_PLACEMENT_3D('',#1643,#1644,#1645);
#1643 = CARTESIAN_POINT('',(47.798620571226,-12.20137942877,6.2));
#1644 = DIRECTION('',(0.998795456205,4.906767432758E-02,0.));
#1645 = DIRECTION('',(4.906767432758E-02,-0.998795456205,0.));
#1646 = ADVANCED_FACE('',(#1647),#1688,.F.);
#1647 = FACE_BOUND('',#1648,.F.);
#1648 = EDGE_LOOP('',(#1649,#1657,#1658,#1666,#1674,#1680,#1681,#1682));
#1649 = ORIENTED_EDGE('',*,*,#1650,.F.);
#1650 = EDGE_CURVE('',#448,#1651,#1653,.T.);
#1651 = VERTEX_POINT('',#1652);
#1652 = CARTESIAN_POINT('',(47.8,-65.77054165346,12.19));
#1653 = LINE('',#1654,#1655);
#1654 = CARTESIAN_POINT('',(47.8,-65.77054165346,6.2));
#1655 = VECTOR('',#1656,1.);
#1656 = DIRECTION('',(0.,0.,1.));
#1657 = ORIENTED_EDGE('',*,*,#455,.T.);
#1658 = ORIENTED_EDGE('',*,*,#1659,.F.);
#1659 = EDGE_CURVE('',#1660,#456,#1662,.T.);
#1660 = VERTEX_POINT('',#1661);
#1661 = CARTESIAN_POINT('',(47.8,-54.46808273176,11.6));
#1662 = LINE('',#1663,#1664);
#1663 = CARTESIAN_POINT('',(47.8,-54.46808273176,6.3));
#1664 = VECTOR('',#1665,1.);
#1665 = DIRECTION('',(-0.,-0.,-1.));
#1666 = ORIENTED_EDGE('',*,*,#1667,.F.);
#1667 = EDGE_CURVE('',#1668,#1660,#1670,.T.);
#1668 = VERTEX_POINT('',#1669);
#1669 = CARTESIAN_POINT('',(47.8,-51.13191726823,11.6));
#1670 = LINE('',#1671,#1672);
#1671 = CARTESIAN_POINT('',(47.8,-32.51472917326,11.6));
#1672 = VECTOR('',#1673,1.);
#1673 = DIRECTION('',(0.,-1.,0.));
#1674 = ORIENTED_EDGE('',*,*,#1675,.T.);
#1675 = EDGE_CURVE('',#1668,#464,#1676,.T.);
#1676 = LINE('',#1677,#1678);
#1677 = CARTESIAN_POINT('',(47.8,-51.13191726823,6.3));
#1678 = VECTOR('',#1679,1.);
#1679 = DIRECTION('',(-0.,-0.,-1.));
#1680 = ORIENTED_EDGE('',*,*,#472,.T.);
#1681 = ORIENTED_EDGE('',*,*,#1636,.T.);
#1682 = ORIENTED_EDGE('',*,*,#1683,.T.);
#1683 = EDGE_CURVE('',#1629,#1651,#1684,.T.);
#1684 = LINE('',#1685,#1686);
#1685 = CARTESIAN_POINT('',(47.8,-12.22945834653,12.19));
#1686 = VECTOR('',#1687,1.);
#1687 = DIRECTION('',(0.,-1.,0.));
#1688 = PLANE('',#1689);
#1689 = AXIS2_PLACEMENT_3D('',#1690,#1691,#1692);
#1690 = CARTESIAN_POINT('',(47.8,-12.22945834653,6.2));
#1691 = DIRECTION('',(1.,0.,0.));
#1692 = DIRECTION('',(0.,-1.,0.));
#1693 = ADVANCED_FACE('',(#1694),#1706,.T.);
#1694 = FACE_BOUND('',#1695,.F.);
#1695 = EDGE_LOOP('',(#1696,#1697,#1698,#1705));
#1696 = ORIENTED_EDGE('',*,*,#463,.F.);
#1697 = ORIENTED_EDGE('',*,*,#1675,.F.);
#1698 = ORIENTED_EDGE('',*,*,#1699,.T.);
#1699 = EDGE_CURVE('',#1668,#1660,#1700,.T.);
#1700 = CIRCLE('',#1701,1.85);
#1701 = AXIS2_PLACEMENT_3D('',#1702,#1703,#1704);
#1702 = CARTESIAN_POINT('',(47.,-52.8,11.6));
#1703 = DIRECTION('',(0.,0.,1.));
#1704 = DIRECTION('',(1.,0.,0.));
#1705 = ORIENTED_EDGE('',*,*,#1659,.T.);
#1706 = CYLINDRICAL_SURFACE('',#1707,1.85);
#1707 = AXIS2_PLACEMENT_3D('',#1708,#1709,#1710);
#1708 = CARTESIAN_POINT('',(47.,-52.8,6.3));
#1709 = DIRECTION('',(-0.,-0.,-1.));
#1710 = DIRECTION('',(1.,0.,0.));
#1711 = ADVANCED_FACE('',(#1712),#1730,.F.);
#1712 = FACE_BOUND('',#1713,.F.);
#1713 = EDGE_LOOP('',(#1714,#1715,#1716,#1724));
#1714 = ORIENTED_EDGE('',*,*,#447,.T.);
#1715 = ORIENTED_EDGE('',*,*,#1650,.T.);
#1716 = ORIENTED_EDGE('',*,*,#1717,.T.);
#1717 = EDGE_CURVE('',#1651,#1718,#1720,.T.);
#1718 = VERTEX_POINT('',#1719);
#1719 = CARTESIAN_POINT('',(47.798620571226,-65.79862057122,12.19));
#1720 = LINE('',#1721,#1722);
#1721 = CARTESIAN_POINT('',(47.8,-65.77054165346,12.19));
#1722 = VECTOR('',#1723,1.);
#1723 = DIRECTION('',(-4.906767432757E-02,-0.998795456205,0.));
#1724 = ORIENTED_EDGE('',*,*,#1725,.F.);
#1725 = EDGE_CURVE('',#440,#1718,#1726,.T.);
#1726 = LINE('',#1727,#1728);
#1727 = CARTESIAN_POINT('',(47.798620571226,-65.79862057122,6.2));
#1728 = VECTOR('',#1729,1.);
#1729 = DIRECTION('',(0.,0.,1.));
#1730 = PLANE('',#1731);
#1731 = AXIS2_PLACEMENT_3D('',#1732,#1733,#1734);
#1732 = CARTESIAN_POINT('',(47.8,-65.77054165346,6.2));
#1733 = DIRECTION('',(0.998795456205,-4.906767432757E-02,0.));
#1734 = DIRECTION('',(-4.906767432757E-02,-0.998795456205,0.));
#1735 = ADVANCED_FACE('',(#1736),#1747,.F.);
#1736 = FACE_BOUND('',#1737,.F.);
#1737 = EDGE_LOOP('',(#1738,#1739,#1740,#1746));
#1738 = ORIENTED_EDGE('',*,*,#439,.T.);
#1739 = ORIENTED_EDGE('',*,*,#1725,.T.);
#1740 = ORIENTED_EDGE('',*,*,#1741,.T.);
#1741 = EDGE_CURVE('',#1718,#1099,#1742,.T.);
#1742 = LINE('',#1743,#1744);
#1743 = CARTESIAN_POINT('',(47.798620571226,-65.79862057122,12.19));
#1744 = VECTOR('',#1745,1.);
#1745 = DIRECTION('',(-0.998795456205,-4.906767432757E-02,0.));
#1746 = ORIENTED_EDGE('',*,*,#1098,.F.);
#1747 = PLANE('',#1748);
#1748 = AXIS2_PLACEMENT_3D('',#1749,#1750,#1751);
#1749 = CARTESIAN_POINT('',(47.798620571226,-65.79862057122,6.2));
#1750 = DIRECTION('',(4.906767432757E-02,-0.998795456205,0.));
#1751 = DIRECTION('',(-0.998795456205,-4.906767432757E-02,0.));
#1752 = ADVANCED_FACE('',(#1753),#1772,.F.);
#1753 = FACE_BOUND('',#1754,.T.);
#1754 = EDGE_LOOP('',(#1755,#1756,#1764,#1771));
#1755 = ORIENTED_EDGE('',*,*,#563,.T.);
#1756 = ORIENTED_EDGE('',*,*,#1757,.T.);
#1757 = EDGE_CURVE('',#564,#1758,#1760,.T.);
#1758 = VERTEX_POINT('',#1759);
#1759 = CARTESIAN_POINT('',(48.6,-52.8,6.8));
#1760 = LINE('',#1761,#1762);
#1761 = CARTESIAN_POINT('',(48.6,-52.8,6.2));
#1762 = VECTOR('',#1763,1.);
#1763 = DIRECTION('',(0.,0.,1.));
#1764 = ORIENTED_EDGE('',*,*,#1765,.T.);
#1765 = EDGE_CURVE('',#1758,#1758,#1766,.T.);
#1766 = CIRCLE('',#1767,1.6);
#1767 = AXIS2_PLACEMENT_3D('',#1768,#1769,#1770);
#1768 = CARTESIAN_POINT('',(47.,-52.8,6.8));
#1769 = DIRECTION('',(0.,0.,1.));
#1770 = DIRECTION('',(1.,0.,0.));
#1771 = ORIENTED_EDGE('',*,*,#1757,.F.);
#1772 = CYLINDRICAL_SURFACE('',#1773,1.6);
#1773 = AXIS2_PLACEMENT_3D('',#1774,#1775,#1776);
#1774 = CARTESIAN_POINT('',(47.,-52.8,6.2));
#1775 = DIRECTION('',(-0.,-0.,-1.));
#1776 = DIRECTION('',(1.,0.,0.));
#1777 = ADVANCED_FACE('',(#1778),#1790,.T.);
#1778 = FACE_BOUND('',#1779,.F.);
#1779 = EDGE_LOOP('',(#1780,#1781,#1782,#1783));
#1780 = ORIENTED_EDGE('',*,*,#1412,.T.);
#1781 = ORIENTED_EDGE('',*,*,#615,.T.);
#1782 = ORIENTED_EDGE('',*,*,#1290,.F.);
#1783 = ORIENTED_EDGE('',*,*,#1784,.F.);
#1784 = EDGE_CURVE('',#1413,#1281,#1785,.T.);
#1785 = CIRCLE('',#1786,2.4);
#1786 = AXIS2_PLACEMENT_3D('',#1787,#1788,#1789);
#1787 = CARTESIAN_POINT('',(27.4,-13.4,6.3));
#1788 = DIRECTION('',(0.,-0.,1.));
#1789 = DIRECTION('',(0.,1.,0.));
#1790 = CYLINDRICAL_SURFACE('',#1791,2.4);
#1791 = AXIS2_PLACEMENT_3D('',#1792,#1793,#1794);
#1792 = CARTESIAN_POINT('',(27.4,-13.4,6.3));
#1793 = DIRECTION('',(0.,0.,-1.));
#1794 = DIRECTION('',(0.,1.,0.));
#1795 = ADVANCED_FACE('',(#1796),#1821,.T.);
#1796 = FACE_BOUND('',#1797,.T.);
#1797 = EDGE_LOOP('',(#1798,#1806,#1807,#1815));
#1798 = ORIENTED_EDGE('',*,*,#1799,.T.);
#1799 = EDGE_CURVE('',#1800,#659,#1802,.T.);
#1800 = VERTEX_POINT('',#1801);
#1801 = CARTESIAN_POINT('',(44.6,-64.9,13.19));
#1802 = LINE('',#1803,#1804);
#1803 = CARTESIAN_POINT('',(44.6,-64.9,13.19));
#1804 = VECTOR('',#1805,1.);
#1805 = DIRECTION('',(0.,0.,1.));
#1806 = ORIENTED_EDGE('',*,*,#658,.T.);
#1807 = ORIENTED_EDGE('',*,*,#1808,.F.);
#1808 = EDGE_CURVE('',#1809,#661,#1811,.T.);
#1809 = VERTEX_POINT('',#1810);
#1810 = CARTESIAN_POINT('',(29.4,-64.9,13.19));
#1811 = LINE('',#1812,#1813);
#1812 = CARTESIAN_POINT('',(29.4,-64.9,13.19));
#1813 = VECTOR('',#1814,1.);
#1814 = DIRECTION('',(0.,0.,1.));
#1815 = ORIENTED_EDGE('',*,*,#1816,.F.);
#1816 = EDGE_CURVE('',#1800,#1809,#1817,.T.);
#1817 = LINE('',#1818,#1819);
#1818 = CARTESIAN_POINT('',(44.6,-64.9,13.19));
#1819 = VECTOR('',#1820,1.);
#1820 = DIRECTION('',(-1.,0.,0.));
#1821 = PLANE('',#1822);
#1822 = AXIS2_PLACEMENT_3D('',#1823,#1824,#1825);
#1823 = CARTESIAN_POINT('',(44.6,-64.9,13.19));
#1824 = DIRECTION('',(0.,-1.,0.));
#1825 = DIRECTION('',(-1.,0.,0.));
#1826 = ADVANCED_FACE('',(#1827),#1846,.F.);
#1827 = FACE_BOUND('',#1828,.T.);
#1828 = EDGE_LOOP('',(#1829,#1830,#1831,#1839));
#1829 = ORIENTED_EDGE('',*,*,#1808,.T.);
#1830 = ORIENTED_EDGE('',*,*,#719,.T.);
#1831 = ORIENTED_EDGE('',*,*,#1832,.F.);
#1832 = EDGE_CURVE('',#1833,#712,#1835,.T.);
#1833 = VERTEX_POINT('',#1834);
#1834 = CARTESIAN_POINT('',(29.,-65.3,13.19));
#1835 = LINE('',#1836,#1837);
#1836 = CARTESIAN_POINT('',(29.,-65.3,13.19));
#1837 = VECTOR('',#1838,1.);
#1838 = DIRECTION('',(0.,0.,1.));
#1839 = ORIENTED_EDGE('',*,*,#1840,.F.);
#1840 = EDGE_CURVE('',#1809,#1833,#1841,.T.);
#1841 = CIRCLE('',#1842,0.4);
#1842 = AXIS2_PLACEMENT_3D('',#1843,#1844,#1845);
#1843 = CARTESIAN_POINT('',(29.4,-65.3,13.19));
#1844 = DIRECTION('',(0.,-0.,1.));
#1845 = DIRECTION('',(0.,1.,0.));
#1846 = CYLINDRICAL_SURFACE('',#1847,0.4);
#1847 = AXIS2_PLACEMENT_3D('',#1848,#1849,#1850);
#1848 = CARTESIAN_POINT('',(29.4,-65.3,13.19));
#1849 = DIRECTION('',(0.,0.,-1.));
#1850 = DIRECTION('',(0.,1.,0.));
#1851 = ADVANCED_FACE('',(#1852),#1870,.T.);
#1852 = FACE_BOUND('',#1853,.T.);
#1853 = EDGE_LOOP('',(#1854,#1855,#1856,#1864));
#1854 = ORIENTED_EDGE('',*,*,#1832,.T.);
#1855 = ORIENTED_EDGE('',*,*,#711,.T.);
#1856 = ORIENTED_EDGE('',*,*,#1857,.F.);
#1857 = EDGE_CURVE('',#1858,#703,#1860,.T.);
#1858 = VERTEX_POINT('',#1859);
#1859 = CARTESIAN_POINT('',(29.,-65.35,13.19));
#1860 = LINE('',#1861,#1862);
#1861 = CARTESIAN_POINT('',(29.,-65.35,13.19));
#1862 = VECTOR('',#1863,1.);
#1863 = DIRECTION('',(0.,0.,1.));
#1864 = ORIENTED_EDGE('',*,*,#1865,.F.);
#1865 = EDGE_CURVE('',#1833,#1858,#1866,.T.);
#1866 = LINE('',#1867,#1868);
#1867 = CARTESIAN_POINT('',(29.,-65.3,13.19));
#1868 = VECTOR('',#1869,1.);
#1869 = DIRECTION('',(0.,-1.,0.));
#1870 = PLANE('',#1871);
#1871 = AXIS2_PLACEMENT_3D('',#1872,#1873,#1874);
#1872 = CARTESIAN_POINT('',(29.,-65.3,13.19));
#1873 = DIRECTION('',(1.,0.,0.));
#1874 = DIRECTION('',(0.,-1.,0.));
#1875 = ADVANCED_FACE('',(#1876),#1895,.F.);
#1876 = FACE_BOUND('',#1877,.T.);
#1877 = EDGE_LOOP('',(#1878,#1879,#1880,#1888));
#1878 = ORIENTED_EDGE('',*,*,#1857,.T.);
#1879 = ORIENTED_EDGE('',*,*,#702,.T.);
#1880 = ORIENTED_EDGE('',*,*,#1881,.F.);
#1881 = EDGE_CURVE('',#1882,#695,#1884,.T.);
#1882 = VERTEX_POINT('',#1883);
#1883 = CARTESIAN_POINT('',(29.4,-65.75,13.19));
#1884 = LINE('',#1885,#1886);
#1885 = CARTESIAN_POINT('',(29.4,-65.75,13.19));
#1886 = VECTOR('',#1887,1.);
#1887 = DIRECTION('',(0.,0.,1.));
#1888 = ORIENTED_EDGE('',*,*,#1889,.F.);
#1889 = EDGE_CURVE('',#1858,#1882,#1890,.T.);
#1890 = CIRCLE('',#1891,0.4);
#1891 = AXIS2_PLACEMENT_3D('',#1892,#1893,#1894);
#1892 = CARTESIAN_POINT('',(29.4,-65.35,13.19));
#1893 = DIRECTION('',(0.,0.,1.));
#1894 = DIRECTION('',(-1.,3.553E-14,0.));
#1895 = CYLINDRICAL_SURFACE('',#1896,0.4);
#1896 = AXIS2_PLACEMENT_3D('',#1897,#1898,#1899);
#1897 = CARTESIAN_POINT('',(29.4,-65.35,13.19));
#1898 = DIRECTION('',(-0.,-0.,-1.));
#1899 = DIRECTION('',(-1.,3.553E-14,0.));
#1900 = ADVANCED_FACE('',(#1901),#1919,.T.);
#1901 = FACE_BOUND('',#1902,.T.);
#1902 = EDGE_LOOP('',(#1903,#1904,#1905,#1913));
#1903 = ORIENTED_EDGE('',*,*,#1881,.T.);
#1904 = ORIENTED_EDGE('',*,*,#694,.T.);
#1905 = ORIENTED_EDGE('',*,*,#1906,.F.);
#1906 = EDGE_CURVE('',#1907,#686,#1909,.T.);
#1907 = VERTEX_POINT('',#1908);
#1908 = CARTESIAN_POINT('',(44.6,-65.75,13.19));
#1909 = LINE('',#1910,#1911);
#1910 = CARTESIAN_POINT('',(44.6,-65.75,13.19));
#1911 = VECTOR('',#1912,1.);
#1912 = DIRECTION('',(0.,0.,1.));
#1913 = ORIENTED_EDGE('',*,*,#1914,.F.);
#1914 = EDGE_CURVE('',#1882,#1907,#1915,.T.);
#1915 = LINE('',#1916,#1917);
#1916 = CARTESIAN_POINT('',(29.4,-65.75,13.19));
#1917 = VECTOR('',#1918,1.);
#1918 = DIRECTION('',(1.,0.,0.));
#1919 = PLANE('',#1920);
#1920 = AXIS2_PLACEMENT_3D('',#1921,#1922,#1923);
#1921 = CARTESIAN_POINT('',(29.4,-65.75,13.19));
#1922 = DIRECTION('',(0.,1.,0.));
#1923 = DIRECTION('',(1.,0.,0.));
#1924 = ADVANCED_FACE('',(#1925),#1944,.F.);
#1925 = FACE_BOUND('',#1926,.T.);
#1926 = EDGE_LOOP('',(#1927,#1928,#1929,#1937));
#1927 = ORIENTED_EDGE('',*,*,#1906,.T.);
#1928 = ORIENTED_EDGE('',*,*,#685,.T.);
#1929 = ORIENTED_EDGE('',*,*,#1930,.F.);
#1930 = EDGE_CURVE('',#1931,#678,#1933,.T.);
#1931 = VERTEX_POINT('',#1932);
#1932 = CARTESIAN_POINT('',(45.,-65.35,13.19));
#1933 = LINE('',#1934,#1935);
#1934 = CARTESIAN_POINT('',(45.,-65.35,13.19));
#1935 = VECTOR('',#1936,1.);
#1936 = DIRECTION('',(0.,0.,1.));
#1937 = ORIENTED_EDGE('',*,*,#1938,.F.);
#1938 = EDGE_CURVE('',#1907,#1931,#1939,.T.);
#1939 = CIRCLE('',#1940,0.4);
#1940 = AXIS2_PLACEMENT_3D('',#1941,#1942,#1943);
#1941 = CARTESIAN_POINT('',(44.6,-65.35,13.19));
#1942 = DIRECTION('',(-0.,0.,1.));
#1943 = DIRECTION('',(1.776E-14,-1.,0.));
#1944 = CYLINDRICAL_SURFACE('',#1945,0.4);
#1945 = AXIS2_PLACEMENT_3D('',#1946,#1947,#1948);
#1946 = CARTESIAN_POINT('',(44.6,-65.35,13.19));
#1947 = DIRECTION('',(0.,0.,-1.));
#1948 = DIRECTION('',(1.776E-14,-1.,0.));
#1949 = ADVANCED_FACE('',(#1950),#1968,.T.);
#1950 = FACE_BOUND('',#1951,.T.);
#1951 = EDGE_LOOP('',(#1952,#1953,#1954,#1962));
#1952 = ORIENTED_EDGE('',*,*,#1930,.T.);
#1953 = ORIENTED_EDGE('',*,*,#677,.T.);
#1954 = ORIENTED_EDGE('',*,*,#1955,.F.);
#1955 = EDGE_CURVE('',#1956,#669,#1958,.T.);
#1956 = VERTEX_POINT('',#1957);
#1957 = CARTESIAN_POINT('',(45.,-65.3,13.19));
#1958 = LINE('',#1959,#1960);
#1959 = CARTESIAN_POINT('',(45.,-65.3,13.19));
#1960 = VECTOR('',#1961,1.);
#1961 = DIRECTION('',(0.,0.,1.));
#1962 = ORIENTED_EDGE('',*,*,#1963,.F.);
#1963 = EDGE_CURVE('',#1931,#1956,#1964,.T.);
#1964 = LINE('',#1965,#1966);
#1965 = CARTESIAN_POINT('',(45.,-65.35,13.19));
#1966 = VECTOR('',#1967,1.);
#1967 = DIRECTION('',(0.,1.,0.));
#1968 = PLANE('',#1969);
#1969 = AXIS2_PLACEMENT_3D('',#1970,#1971,#1972);
#1970 = CARTESIAN_POINT('',(45.,-65.35,13.19));
#1971 = DIRECTION('',(-1.,0.,0.));
#1972 = DIRECTION('',(0.,1.,0.));
#1973 = ADVANCED_FACE('',(#1974),#1986,.F.);
#1974 = FACE_BOUND('',#1975,.T.);
#1975 = EDGE_LOOP('',(#1976,#1977,#1978,#1979));
#1976 = ORIENTED_EDGE('',*,*,#1955,.T.);
#1977 = ORIENTED_EDGE('',*,*,#668,.T.);
#1978 = ORIENTED_EDGE('',*,*,#1799,.F.);
#1979 = ORIENTED_EDGE('',*,*,#1980,.F.);
#1980 = EDGE_CURVE('',#1956,#1800,#1981,.T.);
#1981 = CIRCLE('',#1982,0.4);
#1982 = AXIS2_PLACEMENT_3D('',#1983,#1984,#1985);
#1983 = CARTESIAN_POINT('',(44.6,-65.3,13.19));
#1984 = DIRECTION('',(0.,-0.,1.));
#1985 = DIRECTION('',(1.,7.105E-14,0.));
#1986 = CYLINDRICAL_SURFACE('',#1987,0.4);
#1987 = AXIS2_PLACEMENT_3D('',#1988,#1989,#1990);
#1988 = CARTESIAN_POINT('',(44.6,-65.3,13.19));
#1989 = DIRECTION('',(0.,0.,-1.));
#1990 = DIRECTION('',(1.,7.105E-14,0.));
#1991 = ADVANCED_FACE('',(#1992),#2017,.T.);
#1992 = FACE_BOUND('',#1993,.T.);
#1993 = EDGE_LOOP('',(#1994,#2002,#2003,#2011));
#1994 = ORIENTED_EDGE('',*,*,#1995,.T.);
#1995 = EDGE_CURVE('',#1996,#729,#1998,.T.);
#1996 = VERTEX_POINT('',#1997);
#1997 = CARTESIAN_POINT('',(44.6,-63.35,13.19));
#1998 = LINE('',#1999,#2000);
#1999 = CARTESIAN_POINT('',(44.6,-63.35,13.19));
#2000 = VECTOR('',#2001,1.);
#2001 = DIRECTION('',(0.,0.,1.));
#2002 = ORIENTED_EDGE('',*,*,#728,.T.);
#2003 = ORIENTED_EDGE('',*,*,#2004,.F.);
#2004 = EDGE_CURVE('',#2005,#731,#2007,.T.);
#2005 = VERTEX_POINT('',#2006);
#2006 = CARTESIAN_POINT('',(29.4,-63.35,13.19));
#2007 = LINE('',#2008,#2009);
#2008 = CARTESIAN_POINT('',(29.4,-63.35,13.19));
#2009 = VECTOR('',#2010,1.);
#2010 = DIRECTION('',(0.,0.,1.));
#2011 = ORIENTED_EDGE('',*,*,#2012,.F.);
#2012 = EDGE_CURVE('',#1996,#2005,#2013,.T.);
#2013 = LINE('',#2014,#2015);
#2014 = CARTESIAN_POINT('',(44.6,-63.35,13.19));
#2015 = VECTOR('',#2016,1.);
#2016 = DIRECTION('',(-1.,0.,0.));
#2017 = PLANE('',#2018);
#2018 = AXIS2_PLACEMENT_3D('',#2019,#2020,#2021);
#2019 = CARTESIAN_POINT('',(44.6,-63.35,13.19));
#2020 = DIRECTION('',(0.,-1.,0.));
#2021 = DIRECTION('',(-1.,0.,0.));
#2022 = ADVANCED_FACE('',(#2023),#2042,.F.);
#2023 = FACE_BOUND('',#2024,.T.);
#2024 = EDGE_LOOP('',(#2025,#2026,#2027,#2035));
#2025 = ORIENTED_EDGE('',*,*,#2004,.T.);
#2026 = ORIENTED_EDGE('',*,*,#789,.T.);
#2027 = ORIENTED_EDGE('',*,*,#2028,.F.);
#2028 = EDGE_CURVE('',#2029,#782,#2031,.T.);
#2029 = VERTEX_POINT('',#2030);
#2030 = CARTESIAN_POINT('',(29.,-63.75,13.19));
#2031 = LINE('',#2032,#2033);
#2032 = CARTESIAN_POINT('',(29.,-63.75,13.19));
#2033 = VECTOR('',#2034,1.);
#2034 = DIRECTION('',(0.,0.,1.));
#2035 = ORIENTED_EDGE('',*,*,#2036,.F.);
#2036 = EDGE_CURVE('',#2005,#2029,#2037,.T.);
#2037 = CIRCLE('',#2038,0.4);
#2038 = AXIS2_PLACEMENT_3D('',#2039,#2040,#2041);
#2039 = CARTESIAN_POINT('',(29.4,-63.75,13.19));
#2040 = DIRECTION('',(0.,-0.,1.));
#2041 = DIRECTION('',(4.441E-14,1.,0.));
#2042 = CYLINDRICAL_SURFACE('',#2043,0.4);
#2043 = AXIS2_PLACEMENT_3D('',#2044,#2045,#2046);
#2044 = CARTESIAN_POINT('',(29.4,-63.75,13.19));
#2045 = DIRECTION('',(0.,0.,-1.));
#2046 = DIRECTION('',(4.441E-14,1.,0.));
#2047 = ADVANCED_FACE('',(#2048),#2066,.T.);
#2048 = FACE_BOUND('',#2049,.T.);
#2049 = EDGE_LOOP('',(#2050,#2051,#2052,#2060));
#2050 = ORIENTED_EDGE('',*,*,#2028,.T.);
#2051 = ORIENTED_EDGE('',*,*,#781,.T.);
#2052 = ORIENTED_EDGE('',*,*,#2053,.F.);
#2053 = EDGE_CURVE('',#2054,#773,#2056,.T.);
#2054 = VERTEX_POINT('',#2055);
#2055 = CARTESIAN_POINT('',(29.,-63.8,13.19));
#2056 = LINE('',#2057,#2058);
#2057 = CARTESIAN_POINT('',(29.,-63.8,13.19));
#2058 = VECTOR('',#2059,1.);
#2059 = DIRECTION('',(0.,0.,1.));
#2060 = ORIENTED_EDGE('',*,*,#2061,.F.);
#2061 = EDGE_CURVE('',#2029,#2054,#2062,.T.);
#2062 = LINE('',#2063,#2064);
#2063 = CARTESIAN_POINT('',(29.,-63.75,13.19));
#2064 = VECTOR('',#2065,1.);
#2065 = DIRECTION('',(0.,-1.,0.));
#2066 = PLANE('',#2067);
#2067 = AXIS2_PLACEMENT_3D('',#2068,#2069,#2070);
#2068 = CARTESIAN_POINT('',(29.,-63.75,13.19));
#2069 = DIRECTION('',(1.,0.,0.));
#2070 = DIRECTION('',(0.,-1.,0.));
#2071 = ADVANCED_FACE('',(#2072),#2091,.F.);
#2072 = FACE_BOUND('',#2073,.T.);
#2073 = EDGE_LOOP('',(#2074,#2075,#2076,#2084));
#2074 = ORIENTED_EDGE('',*,*,#2053,.T.);
#2075 = ORIENTED_EDGE('',*,*,#772,.T.);
#2076 = ORIENTED_EDGE('',*,*,#2077,.F.);
#2077 = EDGE_CURVE('',#2078,#765,#2080,.T.);
#2078 = VERTEX_POINT('',#2079);
#2079 = CARTESIAN_POINT('',(29.4,-64.2,13.19));
#2080 = LINE('',#2081,#2082);
#2081 = CARTESIAN_POINT('',(29.4,-64.2,13.19));
#2082 = VECTOR('',#2083,1.);
#2083 = DIRECTION('',(0.,0.,1.));
#2084 = ORIENTED_EDGE('',*,*,#2085,.F.);
#2085 = EDGE_CURVE('',#2054,#2078,#2086,.T.);
#2086 = CIRCLE('',#2087,0.4);
#2087 = AXIS2_PLACEMENT_3D('',#2088,#2089,#2090);
#2088 = CARTESIAN_POINT('',(29.4,-63.8,13.19));
#2089 = DIRECTION('',(0.,0.,1.));
#2090 = DIRECTION('',(-1.,1.776E-14,0.));
#2091 = CYLINDRICAL_SURFACE('',#2092,0.4);
#2092 = AXIS2_PLACEMENT_3D('',#2093,#2094,#2095);
#2093 = CARTESIAN_POINT('',(29.4,-63.8,13.19));
#2094 = DIRECTION('',(-0.,-0.,-1.));
#2095 = DIRECTION('',(-1.,1.776E-14,0.));
#2096 = ADVANCED_FACE('',(#2097),#2115,.T.);
#2097 = FACE_BOUND('',#2098,.T.);
#2098 = EDGE_LOOP('',(#2099,#2100,#2101,#2109));
#2099 = ORIENTED_EDGE('',*,*,#2077,.T.);
#2100 = ORIENTED_EDGE('',*,*,#764,.T.);
#2101 = ORIENTED_EDGE('',*,*,#2102,.F.);
#2102 = EDGE_CURVE('',#2103,#756,#2105,.T.);
#2103 = VERTEX_POINT('',#2104);
#2104 = CARTESIAN_POINT('',(44.6,-64.2,13.19));
#2105 = LINE('',#2106,#2107);
#2106 = CARTESIAN_POINT('',(44.6,-64.2,13.19));
#2107 = VECTOR('',#2108,1.);
#2108 = DIRECTION('',(0.,0.,1.));
#2109 = ORIENTED_EDGE('',*,*,#2110,.F.);
#2110 = EDGE_CURVE('',#2078,#2103,#2111,.T.);
#2111 = LINE('',#2112,#2113);
#2112 = CARTESIAN_POINT('',(29.4,-64.2,13.19));
#2113 = VECTOR('',#2114,1.);
#2114 = DIRECTION('',(1.,0.,0.));
#2115 = PLANE('',#2116);
#2116 = AXIS2_PLACEMENT_3D('',#2117,#2118,#2119);
#2117 = CARTESIAN_POINT('',(29.4,-64.2,13.19));
#2118 = DIRECTION('',(0.,1.,0.));
#2119 = DIRECTION('',(1.,0.,0.));
#2120 = ADVANCED_FACE('',(#2121),#2140,.F.);
#2121 = FACE_BOUND('',#2122,.T.);
#2122 = EDGE_LOOP('',(#2123,#2124,#2125,#2133));
#2123 = ORIENTED_EDGE('',*,*,#2102,.T.);
#2124 = ORIENTED_EDGE('',*,*,#755,.T.);
#2125 = ORIENTED_EDGE('',*,*,#2126,.F.);
#2126 = EDGE_CURVE('',#2127,#748,#2129,.T.);
#2127 = VERTEX_POINT('',#2128);
#2128 = CARTESIAN_POINT('',(45.,-63.8,13.19));
#2129 = LINE('',#2130,#2131);
#2130 = CARTESIAN_POINT('',(45.,-63.8,13.19));
#2131 = VECTOR('',#2132,1.);
#2132 = DIRECTION('',(0.,0.,1.));
#2133 = ORIENTED_EDGE('',*,*,#2134,.F.);
#2134 = EDGE_CURVE('',#2103,#2127,#2135,.T.);
#2135 = CIRCLE('',#2136,0.4);
#2136 = AXIS2_PLACEMENT_3D('',#2137,#2138,#2139);
#2137 = CARTESIAN_POINT('',(44.6,-63.8,13.19));
#2138 = DIRECTION('',(-0.,0.,1.));
#2139 = DIRECTION('',(3.553E-14,-1.,0.));
#2140 = CYLINDRICAL_SURFACE('',#2141,0.4);
#2141 = AXIS2_PLACEMENT_3D('',#2142,#2143,#2144);
#2142 = CARTESIAN_POINT('',(44.6,-63.8,13.19));
#2143 = DIRECTION('',(0.,0.,-1.));
#2144 = DIRECTION('',(3.553E-14,-1.,0.));
#2145 = ADVANCED_FACE('',(#2146),#2164,.T.);
#2146 = FACE_BOUND('',#2147,.T.);
#2147 = EDGE_LOOP('',(#2148,#2149,#2150,#2158));
#2148 = ORIENTED_EDGE('',*,*,#2126,.T.);
#2149 = ORIENTED_EDGE('',*,*,#747,.T.);
#2150 = ORIENTED_EDGE('',*,*,#2151,.F.);
#2151 = EDGE_CURVE('',#2152,#739,#2154,.T.);
#2152 = VERTEX_POINT('',#2153);
#2153 = CARTESIAN_POINT('',(45.,-63.75,13.19));
#2154 = LINE('',#2155,#2156);
#2155 = CARTESIAN_POINT('',(45.,-63.75,13.19));
#2156 = VECTOR('',#2157,1.);
#2157 = DIRECTION('',(0.,0.,1.));
#2158 = ORIENTED_EDGE('',*,*,#2159,.F.);
#2159 = EDGE_CURVE('',#2127,#2152,#2160,.T.);
#2160 = LINE('',#2161,#2162);
#2161 = CARTESIAN_POINT('',(45.,-63.8,13.19));
#2162 = VECTOR('',#2163,1.);
#2163 = DIRECTION('',(0.,1.,0.));
#2164 = PLANE('',#2165);
#2165 = AXIS2_PLACEMENT_3D('',#2166,#2167,#2168);
#2166 = CARTESIAN_POINT('',(45.,-63.8,13.19));
#2167 = DIRECTION('',(-1.,0.,0.));
#2168 = DIRECTION('',(0.,1.,0.));
#2169 = ADVANCED_FACE('',(#2170),#2182,.F.);
#2170 = FACE_BOUND('',#2171,.T.);
#2171 = EDGE_LOOP('',(#2172,#2173,#2174,#2175));
#2172 = ORIENTED_EDGE('',*,*,#2151,.T.);
#2173 = ORIENTED_EDGE('',*,*,#738,.T.);
#2174 = ORIENTED_EDGE('',*,*,#1995,.F.);
#2175 = ORIENTED_EDGE('',*,*,#2176,.F.);
#2176 = EDGE_CURVE('',#2152,#1996,#2177,.T.);
#2177 = CIRCLE('',#2178,0.4);
#2178 = AXIS2_PLACEMENT_3D('',#2179,#2180,#2181);
#2179 = CARTESIAN_POINT('',(44.6,-63.75,13.19));
#2180 = DIRECTION('',(0.,-0.,1.));
#2181 = DIRECTION('',(1.,3.553E-14,0.));
#2182 = CYLINDRICAL_SURFACE('',#2183,0.4);
#2183 = AXIS2_PLACEMENT_3D('',#2184,#2185,#2186);
#2184 = CARTESIAN_POINT('',(44.6,-63.75,13.19));
#2185 = DIRECTION('',(0.,0.,-1.));
#2186 = DIRECTION('',(1.,3.553E-14,0.));
#2187 = ADVANCED_FACE('',(#2188),#2213,.T.);
#2188 = FACE_BOUND('',#2189,.T.);
#2189 = EDGE_LOOP('',(#2190,#2198,#2199,#2207));
#2190 = ORIENTED_EDGE('',*,*,#2191,.T.);
#2191 = EDGE_CURVE('',#2192,#799,#2194,.T.);
#2192 = VERTEX_POINT('',#2193);
#2193 = CARTESIAN_POINT('',(44.6,-61.8,13.19));
#2194 = LINE('',#2195,#2196);
#2195 = CARTESIAN_POINT('',(44.6,-61.8,13.19));
#2196 = VECTOR('',#2197,1.);
#2197 = DIRECTION('',(0.,0.,1.));
#2198 = ORIENTED_EDGE('',*,*,#798,.T.);
#2199 = ORIENTED_EDGE('',*,*,#2200,.F.);
#2200 = EDGE_CURVE('',#2201,#801,#2203,.T.);
#2201 = VERTEX_POINT('',#2202);
#2202 = CARTESIAN_POINT('',(29.4,-61.8,13.19));
#2203 = LINE('',#2204,#2205);
#2204 = CARTESIAN_POINT('',(29.4,-61.8,13.19));
#2205 = VECTOR('',#2206,1.);
#2206 = DIRECTION('',(0.,0.,1.));
#2207 = ORIENTED_EDGE('',*,*,#2208,.F.);
#2208 = EDGE_CURVE('',#2192,#2201,#2209,.T.);
#2209 = LINE('',#2210,#2211);
#2210 = CARTESIAN_POINT('',(44.6,-61.8,13.19));
#2211 = VECTOR('',#2212,1.);
#2212 = DIRECTION('',(-1.,0.,0.));
#2213 = PLANE('',#2214);
#2214 = AXIS2_PLACEMENT_3D('',#2215,#2216,#2217);
#2215 = CARTESIAN_POINT('',(44.6,-61.8,13.19));
#2216 = DIRECTION('',(0.,-1.,0.));
#2217 = DIRECTION('',(-1.,0.,0.));
#2218 = ADVANCED_FACE('',(#2219),#2238,.F.);
#2219 = FACE_BOUND('',#2220,.T.);
#2220 = EDGE_LOOP('',(#2221,#2222,#2223,#2231));
#2221 = ORIENTED_EDGE('',*,*,#2200,.T.);
#2222 = ORIENTED_EDGE('',*,*,#859,.T.);
#2223 = ORIENTED_EDGE('',*,*,#2224,.F.);
#2224 = EDGE_CURVE('',#2225,#852,#2227,.T.);
#2225 = VERTEX_POINT('',#2226);
#2226 = CARTESIAN_POINT('',(29.,-62.2,13.19));
#2227 = LINE('',#2228,#2229);
#2228 = CARTESIAN_POINT('',(29.,-62.2,13.19));
#2229 = VECTOR('',#2230,1.);
#2230 = DIRECTION('',(0.,0.,1.));
#2231 = ORIENTED_EDGE('',*,*,#2232,.F.);
#2232 = EDGE_CURVE('',#2201,#2225,#2233,.T.);
#2233 = CIRCLE('',#2234,0.4);
#2234 = AXIS2_PLACEMENT_3D('',#2235,#2236,#2237);
#2235 = CARTESIAN_POINT('',(29.4,-62.2,13.19));
#2236 = DIRECTION('',(0.,-0.,1.));
#2237 = DIRECTION('',(4.441E-14,1.,0.));
#2238 = CYLINDRICAL_SURFACE('',#2239,0.4);
#2239 = AXIS2_PLACEMENT_3D('',#2240,#2241,#2242);
#2240 = CARTESIAN_POINT('',(29.4,-62.2,13.19));
#2241 = DIRECTION('',(0.,0.,-1.));
#2242 = DIRECTION('',(4.441E-14,1.,0.));
#2243 = ADVANCED_FACE('',(#2244),#2262,.T.);
#2244 = FACE_BOUND('',#2245,.T.);
#2245 = EDGE_LOOP('',(#2246,#2247,#2248,#2256));
#2246 = ORIENTED_EDGE('',*,*,#2224,.T.);
#2247 = ORIENTED_EDGE('',*,*,#851,.T.);
#2248 = ORIENTED_EDGE('',*,*,#2249,.F.);
#2249 = EDGE_CURVE('',#2250,#843,#2252,.T.);
#2250 = VERTEX_POINT('',#2251);
#2251 = CARTESIAN_POINT('',(29.,-62.25,13.19));
#2252 = LINE('',#2253,#2254);
#2253 = CARTESIAN_POINT('',(29.,-62.25,13.19));
#2254 = VECTOR('',#2255,1.);
#2255 = DIRECTION('',(0.,0.,1.));
#2256 = ORIENTED_EDGE('',*,*,#2257,.F.);
#2257 = EDGE_CURVE('',#2225,#2250,#2258,.T.);
#2258 = LINE('',#2259,#2260);
#2259 = CARTESIAN_POINT('',(29.,-62.2,13.19));
#2260 = VECTOR('',#2261,1.);
#2261 = DIRECTION('',(0.,-1.,0.));
#2262 = PLANE('',#2263);
#2263 = AXIS2_PLACEMENT_3D('',#2264,#2265,#2266);
#2264 = CARTESIAN_POINT('',(29.,-62.2,13.19));
#2265 = DIRECTION('',(1.,0.,0.));
#2266 = DIRECTION('',(0.,-1.,0.));
#2267 = ADVANCED_FACE('',(#2268),#2287,.F.);
#2268 = FACE_BOUND('',#2269,.T.);
#2269 = EDGE_LOOP('',(#2270,#2271,#2272,#2280));
#2270 = ORIENTED_EDGE('',*,*,#2249,.T.);
#2271 = ORIENTED_EDGE('',*,*,#842,.T.);
#2272 = ORIENTED_EDGE('',*,*,#2273,.F.);
#2273 = EDGE_CURVE('',#2274,#835,#2276,.T.);
#2274 = VERTEX_POINT('',#2275);
#2275 = CARTESIAN_POINT('',(29.4,-62.65,13.19));
#2276 = LINE('',#2277,#2278);
#2277 = CARTESIAN_POINT('',(29.4,-62.65,13.19));
#2278 = VECTOR('',#2279,1.);
#2279 = DIRECTION('',(0.,0.,1.));
#2280 = ORIENTED_EDGE('',*,*,#2281,.F.);
#2281 = EDGE_CURVE('',#2250,#2274,#2282,.T.);
#2282 = CIRCLE('',#2283,0.4);
#2283 = AXIS2_PLACEMENT_3D('',#2284,#2285,#2286);
#2284 = CARTESIAN_POINT('',(29.4,-62.25,13.19));
#2285 = DIRECTION('',(0.,0.,1.));
#2286 = DIRECTION('',(-1.,3.553E-14,0.));
#2287 = CYLINDRICAL_SURFACE('',#2288,0.4);
#2288 = AXIS2_PLACEMENT_3D('',#2289,#2290,#2291);
#2289 = CARTESIAN_POINT('',(29.4,-62.25,13.19));
#2290 = DIRECTION('',(-0.,-0.,-1.));
#2291 = DIRECTION('',(-1.,3.553E-14,0.));
#2292 = ADVANCED_FACE('',(#2293),#2311,.T.);
#2293 = FACE_BOUND('',#2294,.T.);
#2294 = EDGE_LOOP('',(#2295,#2296,#2297,#2305));
#2295 = ORIENTED_EDGE('',*,*,#2273,.T.);
#2296 = ORIENTED_EDGE('',*,*,#834,.T.);
#2297 = ORIENTED_EDGE('',*,*,#2298,.F.);
#2298 = EDGE_CURVE('',#2299,#826,#2301,.T.);
#2299 = VERTEX_POINT('',#2300);
#2300 = CARTESIAN_POINT('',(44.6,-62.65,13.19));
#2301 = LINE('',#2302,#2303);
#2302 = CARTESIAN_POINT('',(44.6,-62.65,13.19));
#2303 = VECTOR('',#2304,1.);
#2304 = DIRECTION('',(0.,0.,1.));
#2305 = ORIENTED_EDGE('',*,*,#2306,.F.);
#2306 = EDGE_CURVE('',#2274,#2299,#2307,.T.);
#2307 = LINE('',#2308,#2309);
#2308 = CARTESIAN_POINT('',(29.4,-62.65,13.19));
#2309 = VECTOR('',#2310,1.);
#2310 = DIRECTION('',(1.,0.,0.));
#2311 = PLANE('',#2312);
#2312 = AXIS2_PLACEMENT_3D('',#2313,#2314,#2315);
#2313 = CARTESIAN_POINT('',(29.4,-62.65,13.19));
#2314 = DIRECTION('',(0.,1.,0.));
#2315 = DIRECTION('',(1.,0.,0.));
#2316 = ADVANCED_FACE('',(#2317),#2336,.F.);
#2317 = FACE_BOUND('',#2318,.T.);
#2318 = EDGE_LOOP('',(#2319,#2320,#2321,#2329));
#2319 = ORIENTED_EDGE('',*,*,#2298,.T.);
#2320 = ORIENTED_EDGE('',*,*,#825,.T.);
#2321 = ORIENTED_EDGE('',*,*,#2322,.F.);
#2322 = EDGE_CURVE('',#2323,#818,#2325,.T.);
#2323 = VERTEX_POINT('',#2324);
#2324 = CARTESIAN_POINT('',(45.,-62.25,13.19));
#2325 = LINE('',#2326,#2327);
#2326 = CARTESIAN_POINT('',(45.,-62.25,13.19));
#2327 = VECTOR('',#2328,1.);
#2328 = DIRECTION('',(0.,0.,1.));
#2329 = ORIENTED_EDGE('',*,*,#2330,.F.);
#2330 = EDGE_CURVE('',#2299,#2323,#2331,.T.);
#2331 = CIRCLE('',#2332,0.4);
#2332 = AXIS2_PLACEMENT_3D('',#2333,#2334,#2335);
#2333 = CARTESIAN_POINT('',(44.6,-62.25,13.19));
#2334 = DIRECTION('',(-0.,0.,1.));
#2335 = DIRECTION('',(0.,-1.,0.));
#2336 = CYLINDRICAL_SURFACE('',#2337,0.4);
#2337 = AXIS2_PLACEMENT_3D('',#2338,#2339,#2340);
#2338 = CARTESIAN_POINT('',(44.6,-62.25,13.19));
#2339 = DIRECTION('',(0.,0.,-1.));
#2340 = DIRECTION('',(0.,-1.,0.));
#2341 = ADVANCED_FACE('',(#2342),#2360,.T.);
#2342 = FACE_BOUND('',#2343,.T.);
#2343 = EDGE_LOOP('',(#2344,#2345,#2346,#2354));
#2344 = ORIENTED_EDGE('',*,*,#2322,.T.);
#2345 = ORIENTED_EDGE('',*,*,#817,.T.);
#2346 = ORIENTED_EDGE('',*,*,#2347,.F.);
#2347 = EDGE_CURVE('',#2348,#809,#2350,.T.);
#2348 = VERTEX_POINT('',#2349);
#2349 = CARTESIAN_POINT('',(45.,-62.2,13.19));
#2350 = LINE('',#2351,#2352);
#2351 = CARTESIAN_POINT('',(45.,-62.2,13.19));
#2352 = VECTOR('',#2353,1.);
#2353 = DIRECTION('',(0.,0.,1.));
#2354 = ORIENTED_EDGE('',*,*,#2355,.F.);
#2355 = EDGE_CURVE('',#2323,#2348,#2356,.T.);
#2356 = LINE('',#2357,#2358);
#2357 = CARTESIAN_POINT('',(45.,-62.25,13.19));
#2358 = VECTOR('',#2359,1.);
#2359 = DIRECTION('',(0.,1.,0.));
#2360 = PLANE('',#2361);
#2361 = AXIS2_PLACEMENT_3D('',#2362,#2363,#2364);
#2362 = CARTESIAN_POINT('',(45.,-62.25,13.19));
#2363 = DIRECTION('',(-1.,0.,0.));
#2364 = DIRECTION('',(0.,1.,0.));
#2365 = ADVANCED_FACE('',(#2366),#2378,.F.);
#2366 = FACE_BOUND('',#2367,.T.);
#2367 = EDGE_LOOP('',(#2368,#2369,#2370,#2371));
#2368 = ORIENTED_EDGE('',*,*,#2347,.T.);
#2369 = ORIENTED_EDGE('',*,*,#808,.T.);
#2370 = ORIENTED_EDGE('',*,*,#2191,.F.);
#2371 = ORIENTED_EDGE('',*,*,#2372,.F.);
#2372 = EDGE_CURVE('',#2348,#2192,#2373,.T.);
#2373 = CIRCLE('',#2374,0.4);
#2374 = AXIS2_PLACEMENT_3D('',#2375,#2376,#2377);
#2375 = CARTESIAN_POINT('',(44.6,-62.2,13.19));
#2376 = DIRECTION('',(0.,-0.,1.));
#2377 = DIRECTION('',(1.,3.553E-14,0.));
#2378 = CYLINDRICAL_SURFACE('',#2379,0.4);
#2379 = AXIS2_PLACEMENT_3D('',#2380,#2381,#2382);
#2380 = CARTESIAN_POINT('',(44.6,-62.2,13.19));
#2381 = DIRECTION('',(0.,0.,-1.));
#2382 = DIRECTION('',(1.,3.553E-14,0.));
#2383 = ADVANCED_FACE('',(#2384),#2409,.T.);
#2384 = FACE_BOUND('',#2385,.T.);
#2385 = EDGE_LOOP('',(#2386,#2396,#2402,#2403));
#2386 = ORIENTED_EDGE('',*,*,#2387,.F.);
#2387 = EDGE_CURVE('',#2388,#2390,#2392,.T.);
#2388 = VERTEX_POINT('',#2389);
#2389 = CARTESIAN_POINT('',(33.204540768505,-58.7,13.19));
#2390 = VERTEX_POINT('',#2391);
#2391 = CARTESIAN_POINT('',(40.795459231495,-58.7,13.19));
#2392 = LINE('',#2393,#2394);
#2393 = CARTESIAN_POINT('',(33.2,-58.7,13.19));
#2394 = VECTOR('',#2395,1.);
#2395 = DIRECTION('',(1.,0.,0.));
#2396 = ORIENTED_EDGE('',*,*,#2397,.F.);
#2397 = EDGE_CURVE('',#869,#2388,#2398,.T.);
#2398 = LINE('',#2399,#2400);
#2399 = CARTESIAN_POINT('',(33.204540768505,-58.7,13.19));
#2400 = VECTOR('',#2401,1.);
#2401 = DIRECTION('',(-0.,-0.,-1.));
#2402 = ORIENTED_EDGE('',*,*,#868,.T.);
#2403 = ORIENTED_EDGE('',*,*,#2404,.T.);
#2404 = EDGE_CURVE('',#871,#2390,#2405,.T.);
#2405 = LINE('',#2406,#2407);
#2406 = CARTESIAN_POINT('',(40.795459231495,-58.7,13.19));
#2407 = VECTOR('',#2408,1.);
#2408 = DIRECTION('',(-0.,-0.,-1.));
#2409 = PLANE('',#2410);
#2410 = AXIS2_PLACEMENT_3D('',#2411,#2412,#2413);
#2411 = CARTESIAN_POINT('',(33.2,-58.7,13.19));
#2412 = DIRECTION('',(0.,1.,0.));
#2413 = DIRECTION('',(0.,0.,1.));
#2414 = ADVANCED_FACE('',(#2415),#2444,.F.);
#2415 = FACE_BOUND('',#2416,.T.);
#2416 = EDGE_LOOP('',(#2417,#2418,#2419,#2420,#2428,#2437));
#2417 = ORIENTED_EDGE('',*,*,#2404,.F.);
#2418 = ORIENTED_EDGE('',*,*,#904,.T.);
#2419 = ORIENTED_EDGE('',*,*,#895,.T.);
#2420 = ORIENTED_EDGE('',*,*,#2421,.T.);
#2421 = EDGE_CURVE('',#888,#2422,#2424,.T.);
#2422 = VERTEX_POINT('',#2423);
#2423 = CARTESIAN_POINT('',(40.795459231495,-57.8,13.19));
#2424 = LINE('',#2425,#2426);
#2425 = CARTESIAN_POINT('',(40.795459231495,-57.8,13.19));
#2426 = VECTOR('',#2427,1.);
#2427 = DIRECTION('',(-0.,-0.,-1.));
#2428 = ORIENTED_EDGE('',*,*,#2429,.F.);
#2429 = EDGE_CURVE('',#2430,#2422,#2432,.T.);
#2430 = VERTEX_POINT('',#2431);
#2431 = CARTESIAN_POINT('',(45.25,-58.25,13.19));
#2432 = CIRCLE('',#2433,2.25);
#2433 = AXIS2_PLACEMENT_3D('',#2434,#2435,#2436);
#2434 = CARTESIAN_POINT('',(43.,-58.25,13.19));
#2435 = DIRECTION('',(0.,0.,1.));
#2436 = DIRECTION('',(1.,0.,0.));
#2437 = ORIENTED_EDGE('',*,*,#2438,.F.);
#2438 = EDGE_CURVE('',#2390,#2430,#2439,.T.);
#2439 = CIRCLE('',#2440,2.25);
#2440 = AXIS2_PLACEMENT_3D('',#2441,#2442,#2443);
#2441 = CARTESIAN_POINT('',(43.,-58.25,13.19));
#2442 = DIRECTION('',(0.,0.,1.));
#2443 = DIRECTION('',(1.,0.,0.));
#2444 = CYLINDRICAL_SURFACE('',#2445,2.25);
#2445 = AXIS2_PLACEMENT_3D('',#2446,#2447,#2448);
#2446 = CARTESIAN_POINT('',(43.,-58.25,13.19));
#2447 = DIRECTION('',(-0.,-0.,-1.));
#2448 = DIRECTION('',(1.,0.,0.));
#2449 = ADVANCED_FACE('',(#2450),#2468,.F.);
#2450 = FACE_BOUND('',#2451,.F.);
#2451 = EDGE_LOOP('',(#2452,#2460,#2466,#2467));
#2452 = ORIENTED_EDGE('',*,*,#2453,.F.);
#2453 = EDGE_CURVE('',#2454,#2422,#2456,.T.);
#2454 = VERTEX_POINT('',#2455);
#2455 = CARTESIAN_POINT('',(33.204540768505,-57.8,13.19));
#2456 = LINE('',#2457,#2458);
#2457 = CARTESIAN_POINT('',(33.2,-57.8,13.19));
#2458 = VECTOR('',#2459,1.);
#2459 = DIRECTION('',(1.,0.,0.));
#2460 = ORIENTED_EDGE('',*,*,#2461,.F.);
#2461 = EDGE_CURVE('',#879,#2454,#2462,.T.);
#2462 = LINE('',#2463,#2464);
#2463 = CARTESIAN_POINT('',(33.204540768505,-57.8,13.19));
#2464 = VECTOR('',#2465,1.);
#2465 = DIRECTION('',(-0.,-0.,-1.));
#2466 = ORIENTED_EDGE('',*,*,#887,.T.);
#2467 = ORIENTED_EDGE('',*,*,#2421,.T.);
#2468 = PLANE('',#2469);
#2469 = AXIS2_PLACEMENT_3D('',#2470,#2471,#2472);
#2470 = CARTESIAN_POINT('',(33.2,-57.8,13.19));
#2471 = DIRECTION('',(0.,1.,0.));
#2472 = DIRECTION('',(0.,0.,1.));
#2473 = ADVANCED_FACE('',(#2474),#2486,.F.);
#2474 = FACE_BOUND('',#2475,.T.);
#2475 = EDGE_LOOP('',(#2476,#2483,#2484,#2485));
#2476 = ORIENTED_EDGE('',*,*,#2477,.F.);
#2477 = EDGE_CURVE('',#2454,#2388,#2478,.T.);
#2478 = CIRCLE('',#2479,2.25);
#2479 = AXIS2_PLACEMENT_3D('',#2480,#2481,#2482);
#2480 = CARTESIAN_POINT('',(31.,-58.25,13.19));
#2481 = DIRECTION('',(0.,0.,1.));
#2482 = DIRECTION('',(1.,0.,0.));
#2483 = ORIENTED_EDGE('',*,*,#2461,.F.);
#2484 = ORIENTED_EDGE('',*,*,#878,.T.);
#2485 = ORIENTED_EDGE('',*,*,#2397,.T.);
#2486 = CYLINDRICAL_SURFACE('',#2487,2.25);
#2487 = AXIS2_PLACEMENT_3D('',#2488,#2489,#2490);
#2488 = CARTESIAN_POINT('',(31.,-58.25,13.19));
#2489 = DIRECTION('',(-0.,-0.,-1.));
#2490 = DIRECTION('',(1.,0.,0.));
#2491 = ADVANCED_FACE('',(#2492),#2518,.F.);
#2492 = FACE_BOUND('',#2493,.T.);
#2493 = EDGE_LOOP('',(#2494,#2502,#2503,#2511));
#2494 = ORIENTED_EDGE('',*,*,#2495,.T.);
#2495 = EDGE_CURVE('',#2496,#914,#2498,.T.);
#2496 = VERTEX_POINT('',#2497);
#2497 = CARTESIAN_POINT('',(47.8,-13.3,13.19));
#2498 = LINE('',#2499,#2500);
#2499 = CARTESIAN_POINT('',(47.8,-13.3,13.19));
#2500 = VECTOR('',#2501,1.);
#2501 = DIRECTION('',(0.,0.,1.));
#2502 = ORIENTED_EDGE('',*,*,#913,.T.);
#2503 = ORIENTED_EDGE('',*,*,#2504,.F.);
#2504 = EDGE_CURVE('',#2505,#916,#2507,.T.);
#2505 = VERTEX_POINT('',#2506);
#2506 = CARTESIAN_POINT('',(46.7,-12.2,13.19));
#2507 = LINE('',#2508,#2509);
#2508 = CARTESIAN_POINT('',(46.7,-12.2,13.19));
#2509 = VECTOR('',#2510,1.);
#2510 = DIRECTION('',(0.,0.,1.));
#2511 = ORIENTED_EDGE('',*,*,#2512,.F.);
#2512 = EDGE_CURVE('',#2496,#2505,#2513,.T.);
#2513 = CIRCLE('',#2514,1.1);
#2514 = AXIS2_PLACEMENT_3D('',#2515,#2516,#2517);
#2515 = CARTESIAN_POINT('',(46.7,-13.3,13.19));
#2516 = DIRECTION('',(0.,0.,1.));
#2517 = DIRECTION('',(1.,0.,0.));
#2518 = CYLINDRICAL_SURFACE('',#2519,1.1);
#2519 = AXIS2_PLACEMENT_3D('',#2520,#2521,#2522);
#2520 = CARTESIAN_POINT('',(46.7,-13.3,13.19));
#2521 = DIRECTION('',(-0.,-0.,-1.));
#2522 = DIRECTION('',(1.,0.,0.));
#2523 = ADVANCED_FACE('',(#2524),#2542,.T.);
#2524 = FACE_BOUND('',#2525,.T.);
#2525 = EDGE_LOOP('',(#2526,#2527,#2528,#2536));
#2526 = ORIENTED_EDGE('',*,*,#2504,.T.);
#2527 = ORIENTED_EDGE('',*,*,#1027,.T.);
#2528 = ORIENTED_EDGE('',*,*,#2529,.F.);
#2529 = EDGE_CURVE('',#2530,#1019,#2532,.T.);
#2530 = VERTEX_POINT('',#2531);
#2531 = CARTESIAN_POINT('',(27.3,-12.2,13.19));
#2532 = LINE('',#2533,#2534);
#2533 = CARTESIAN_POINT('',(27.3,-12.2,13.19));
#2534 = VECTOR('',#2535,1.);
#2535 = DIRECTION('',(0.,0.,1.));
#2536 = ORIENTED_EDGE('',*,*,#2537,.F.);
#2537 = EDGE_CURVE('',#2505,#2530,#2538,.T.);
#2538 = LINE('',#2539,#2540);
#2539 = CARTESIAN_POINT('',(46.7,-12.2,13.19));
#2540 = VECTOR('',#2541,1.);
#2541 = DIRECTION('',(-1.,0.,0.));
#2542 = PLANE('',#2543);
#2543 = AXIS2_PLACEMENT_3D('',#2544,#2545,#2546);
#2544 = CARTESIAN_POINT('',(46.7,-12.2,13.19));
#2545 = DIRECTION('',(0.,-1.,0.));
#2546 = DIRECTION('',(-1.,0.,0.));
#2547 = ADVANCED_FACE('',(#2548),#2567,.F.);
#2548 = FACE_BOUND('',#2549,.T.);
#2549 = EDGE_LOOP('',(#2550,#2551,#2552,#2560));
#2550 = ORIENTED_EDGE('',*,*,#2529,.T.);
#2551 = ORIENTED_EDGE('',*,*,#1018,.T.);
#2552 = ORIENTED_EDGE('',*,*,#2553,.F.);
#2553 = EDGE_CURVE('',#2554,#1011,#2556,.T.);
#2554 = VERTEX_POINT('',#2555);
#2555 = CARTESIAN_POINT('',(26.2,-13.3,13.19));
#2556 = LINE('',#2557,#2558);
#2557 = CARTESIAN_POINT('',(26.2,-13.3,13.19));
#2558 = VECTOR('',#2559,1.);
#2559 = DIRECTION('',(0.,0.,1.));
#2560 = ORIENTED_EDGE('',*,*,#2561,.F.);
#2561 = EDGE_CURVE('',#2530,#2554,#2562,.T.);
#2562 = CIRCLE('',#2563,1.1);
#2563 = AXIS2_PLACEMENT_3D('',#2564,#2565,#2566);
#2564 = CARTESIAN_POINT('',(27.3,-13.3,13.19));
#2565 = DIRECTION('',(0.,0.,1.));
#2566 = DIRECTION('',(-3.23E-15,1.,0.));
#2567 = CYLINDRICAL_SURFACE('',#2568,1.1);
#2568 = AXIS2_PLACEMENT_3D('',#2569,#2570,#2571);
#2569 = CARTESIAN_POINT('',(27.3,-13.3,13.19));
#2570 = DIRECTION('',(-0.,-0.,-1.));
#2571 = DIRECTION('',(-3.23E-15,1.,0.));
#2572 = ADVANCED_FACE('',(#2573),#2591,.T.);
#2573 = FACE_BOUND('',#2574,.T.);
#2574 = EDGE_LOOP('',(#2575,#2576,#2577,#2585));
#2575 = ORIENTED_EDGE('',*,*,#2553,.T.);
#2576 = ORIENTED_EDGE('',*,*,#1010,.T.);
#2577 = ORIENTED_EDGE('',*,*,#2578,.F.);
#2578 = EDGE_CURVE('',#2579,#1002,#2581,.T.);
#2579 = VERTEX_POINT('',#2580);
#2580 = CARTESIAN_POINT('',(26.2,-53.,13.19));
#2581 = LINE('',#2582,#2583);
#2582 = CARTESIAN_POINT('',(26.2,-53.,13.19));
#2583 = VECTOR('',#2584,1.);
#2584 = DIRECTION('',(0.,0.,1.));
#2585 = ORIENTED_EDGE('',*,*,#2586,.F.);
#2586 = EDGE_CURVE('',#2554,#2579,#2587,.T.);
#2587 = LINE('',#2588,#2589);
#2588 = CARTESIAN_POINT('',(26.2,-13.3,13.19));
#2589 = VECTOR('',#2590,1.);
#2590 = DIRECTION('',(0.,-1.,0.));
#2591 = PLANE('',#2592);
#2592 = AXIS2_PLACEMENT_3D('',#2593,#2594,#2595);
#2593 = CARTESIAN_POINT('',(26.2,-13.3,13.19));
#2594 = DIRECTION('',(1.,0.,0.));
#2595 = DIRECTION('',(0.,-1.,0.));
#2596 = ADVANCED_FACE('',(#2597),#2616,.F.);
#2597 = FACE_BOUND('',#2598,.T.);
#2598 = EDGE_LOOP('',(#2599,#2608,#2609,#2610));
#2599 = ORIENTED_EDGE('',*,*,#2600,.F.);
#2600 = EDGE_CURVE('',#2579,#2601,#2603,.T.);
#2601 = VERTEX_POINT('',#2602);
#2602 = CARTESIAN_POINT('',(26.56275866586,-53.81637933293,13.19));
#2603 = CIRCLE('',#2604,1.1);
#2604 = AXIS2_PLACEMENT_3D('',#2605,#2606,#2607);
#2605 = CARTESIAN_POINT('',(27.3,-53.,13.19));
#2606 = DIRECTION('',(0.,0.,1.));
#2607 = DIRECTION('',(-1.,0.,0.));
#2608 = ORIENTED_EDGE('',*,*,#2578,.T.);
#2609 = ORIENTED_EDGE('',*,*,#1001,.T.);
#2610 = ORIENTED_EDGE('',*,*,#2611,.T.);
#2611 = EDGE_CURVE('',#993,#2601,#2612,.T.);
#2612 = LINE('',#2613,#2614);
#2613 = CARTESIAN_POINT('',(26.56275866586,-53.81637933293,13.19));
#2614 = VECTOR('',#2615,1.);
#2615 = DIRECTION('',(-0.,-0.,-1.));
#2616 = CYLINDRICAL_SURFACE('',#2617,1.1);
#2617 = AXIS2_PLACEMENT_3D('',#2618,#2619,#2620);
#2618 = CARTESIAN_POINT('',(27.3,-53.,13.19));
#2619 = DIRECTION('',(-0.,-0.,-1.));
#2620 = DIRECTION('',(-1.,0.,0.));
#2621 = ADVANCED_FACE('',(#2622),#2641,.F.);
#2622 = FACE_BOUND('',#2623,.T.);
#2623 = EDGE_LOOP('',(#2624,#2633,#2634,#2635));
#2624 = ORIENTED_EDGE('',*,*,#2625,.F.);
#2625 = EDGE_CURVE('',#2601,#2626,#2628,.T.);
#2626 = VERTEX_POINT('',#2627);
#2627 = CARTESIAN_POINT('',(26.5,-54.,13.19));
#2628 = CIRCLE('',#2629,0.3);
#2629 = AXIS2_PLACEMENT_3D('',#2630,#2631,#2632);
#2630 = CARTESIAN_POINT('',(26.8,-54.,13.19));
#2631 = DIRECTION('',(0.,-0.,1.));
#2632 = DIRECTION('',(1.0658E-13,1.,0.));
#2633 = ORIENTED_EDGE('',*,*,#2611,.F.);
#2634 = ORIENTED_EDGE('',*,*,#992,.T.);
#2635 = ORIENTED_EDGE('',*,*,#2636,.F.);
#2636 = EDGE_CURVE('',#2626,#985,#2637,.T.);
#2637 = LINE('',#2638,#2639);
#2638 = CARTESIAN_POINT('',(26.5,-54.,13.19));
#2639 = VECTOR('',#2640,1.);
#2640 = DIRECTION('',(0.,0.,1.));
#2641 = CYLINDRICAL_SURFACE('',#2642,0.3);
#2642 = AXIS2_PLACEMENT_3D('',#2643,#2644,#2645);
#2643 = CARTESIAN_POINT('',(26.8,-54.,13.19));
#2644 = DIRECTION('',(0.,0.,-1.));
#2645 = DIRECTION('',(1.0658E-13,1.,0.));
#2646 = ADVANCED_FACE('',(#2647),#2665,.T.);
#2647 = FACE_BOUND('',#2648,.T.);
#2648 = EDGE_LOOP('',(#2649,#2650,#2651,#2659));
#2649 = ORIENTED_EDGE('',*,*,#2636,.T.);
#2650 = ORIENTED_EDGE('',*,*,#984,.T.);
#2651 = ORIENTED_EDGE('',*,*,#2652,.F.);
#2652 = EDGE_CURVE('',#2653,#976,#2655,.T.);
#2653 = VERTEX_POINT('',#2654);
#2654 = CARTESIAN_POINT('',(26.5,-54.7,13.19));
#2655 = LINE('',#2656,#2657);
#2656 = CARTESIAN_POINT('',(26.5,-54.7,13.19));
#2657 = VECTOR('',#2658,1.);
#2658 = DIRECTION('',(0.,0.,1.));
#2659 = ORIENTED_EDGE('',*,*,#2660,.F.);
#2660 = EDGE_CURVE('',#2626,#2653,#2661,.T.);
#2661 = LINE('',#2662,#2663);
#2662 = CARTESIAN_POINT('',(26.5,-54.,13.19));
#2663 = VECTOR('',#2664,1.);
#2664 = DIRECTION('',(0.,-1.,0.));
#2665 = PLANE('',#2666);
#2666 = AXIS2_PLACEMENT_3D('',#2667,#2668,#2669);
#2667 = CARTESIAN_POINT('',(26.5,-54.,13.19));
#2668 = DIRECTION('',(1.,0.,0.));
#2669 = DIRECTION('',(0.,-1.,0.));
#2670 = ADVANCED_FACE('',(#2671),#2690,.F.);
#2671 = FACE_BOUND('',#2672,.T.);
#2672 = EDGE_LOOP('',(#2673,#2674,#2675,#2683));
#2673 = ORIENTED_EDGE('',*,*,#2652,.T.);
#2674 = ORIENTED_EDGE('',*,*,#975,.T.);
#2675 = ORIENTED_EDGE('',*,*,#2676,.F.);
#2676 = EDGE_CURVE('',#2677,#968,#2679,.T.);
#2677 = VERTEX_POINT('',#2678);
#2678 = CARTESIAN_POINT('',(26.8,-55.,13.19));
#2679 = LINE('',#2680,#2681);
#2680 = CARTESIAN_POINT('',(26.8,-55.,13.19));
#2681 = VECTOR('',#2682,1.);
#2682 = DIRECTION('',(0.,0.,1.));
#2683 = ORIENTED_EDGE('',*,*,#2684,.F.);
#2684 = EDGE_CURVE('',#2653,#2677,#2685,.T.);
#2685 = CIRCLE('',#2686,0.3);
#2686 = AXIS2_PLACEMENT_3D('',#2687,#2688,#2689);
#2687 = CARTESIAN_POINT('',(26.8,-54.7,13.19));
#2688 = DIRECTION('',(0.,0.,1.));
#2689 = DIRECTION('',(-1.,4.737E-14,0.));
#2690 = CYLINDRICAL_SURFACE('',#2691,0.3);
#2691 = AXIS2_PLACEMENT_3D('',#2692,#2693,#2694);
#2692 = CARTESIAN_POINT('',(26.8,-54.7,13.19));
#2693 = DIRECTION('',(-0.,-0.,-1.));
#2694 = DIRECTION('',(-1.,4.737E-14,0.));
#2695 = ADVANCED_FACE('',(#2696),#2714,.T.);
#2696 = FACE_BOUND('',#2697,.T.);
#2697 = EDGE_LOOP('',(#2698,#2699,#2700,#2708));
#2698 = ORIENTED_EDGE('',*,*,#2676,.T.);
#2699 = ORIENTED_EDGE('',*,*,#967,.T.);
#2700 = ORIENTED_EDGE('',*,*,#2701,.F.);
#2701 = EDGE_CURVE('',#2702,#959,#2704,.T.);
#2702 = VERTEX_POINT('',#2703);
#2703 = CARTESIAN_POINT('',(47.2,-55.,13.19));
#2704 = LINE('',#2705,#2706);
#2705 = CARTESIAN_POINT('',(47.2,-55.,13.19));
#2706 = VECTOR('',#2707,1.);
#2707 = DIRECTION('',(0.,0.,1.));
#2708 = ORIENTED_EDGE('',*,*,#2709,.F.);
#2709 = EDGE_CURVE('',#2677,#2702,#2710,.T.);
#2710 = LINE('',#2711,#2712);
#2711 = CARTESIAN_POINT('',(26.8,-55.,13.19));
#2712 = VECTOR('',#2713,1.);
#2713 = DIRECTION('',(1.,0.,0.));
#2714 = PLANE('',#2715);
#2715 = AXIS2_PLACEMENT_3D('',#2716,#2717,#2718);
#2716 = CARTESIAN_POINT('',(26.8,-55.,13.19));
#2717 = DIRECTION('',(0.,1.,0.));
#2718 = DIRECTION('',(1.,0.,0.));
#2719 = ADVANCED_FACE('',(#2720),#2739,.F.);
#2720 = FACE_BOUND('',#2721,.T.);
#2721 = EDGE_LOOP('',(#2722,#2723,#2724,#2732));
#2722 = ORIENTED_EDGE('',*,*,#2701,.T.);
#2723 = ORIENTED_EDGE('',*,*,#958,.T.);
#2724 = ORIENTED_EDGE('',*,*,#2725,.F.);
#2725 = EDGE_CURVE('',#2726,#951,#2728,.T.);
#2726 = VERTEX_POINT('',#2727);
#2727 = CARTESIAN_POINT('',(47.5,-54.7,13.19));
#2728 = LINE('',#2729,#2730);
#2729 = CARTESIAN_POINT('',(47.5,-54.7,13.19));
#2730 = VECTOR('',#2731,1.);
#2731 = DIRECTION('',(0.,0.,1.));
#2732 = ORIENTED_EDGE('',*,*,#2733,.F.);
#2733 = EDGE_CURVE('',#2702,#2726,#2734,.T.);
#2734 = CIRCLE('',#2735,0.3);
#2735 = AXIS2_PLACEMENT_3D('',#2736,#2737,#2738);
#2736 = CARTESIAN_POINT('',(47.2,-54.7,13.19));
#2737 = DIRECTION('',(-0.,0.,1.));
#2738 = DIRECTION('',(2.368E-14,-1.,0.));
#2739 = CYLINDRICAL_SURFACE('',#2740,0.3);
#2740 = AXIS2_PLACEMENT_3D('',#2741,#2742,#2743);
#2741 = CARTESIAN_POINT('',(47.2,-54.7,13.19));
#2742 = DIRECTION('',(0.,0.,-1.));
#2743 = DIRECTION('',(2.368E-14,-1.,0.));
#2744 = ADVANCED_FACE('',(#2745),#2763,.T.);
#2745 = FACE_BOUND('',#2746,.T.);
#2746 = EDGE_LOOP('',(#2747,#2748,#2749,#2757));
#2747 = ORIENTED_EDGE('',*,*,#2725,.T.);
#2748 = ORIENTED_EDGE('',*,*,#950,.T.);
#2749 = ORIENTED_EDGE('',*,*,#2750,.F.);
#2750 = EDGE_CURVE('',#2751,#942,#2753,.T.);
#2751 = VERTEX_POINT('',#2752);
#2752 = CARTESIAN_POINT('',(47.5,-54.,13.19));
#2753 = LINE('',#2754,#2755);
#2754 = CARTESIAN_POINT('',(47.5,-54.,13.19));
#2755 = VECTOR('',#2756,1.);
#2756 = DIRECTION('',(0.,0.,1.));
#2757 = ORIENTED_EDGE('',*,*,#2758,.F.);
#2758 = EDGE_CURVE('',#2726,#2751,#2759,.T.);
#2759 = LINE('',#2760,#2761);
#2760 = CARTESIAN_POINT('',(47.5,-54.7,13.19));
#2761 = VECTOR('',#2762,1.);
#2762 = DIRECTION('',(0.,1.,0.));
#2763 = PLANE('',#2764);
#2764 = AXIS2_PLACEMENT_3D('',#2765,#2766,#2767);
#2765 = CARTESIAN_POINT('',(47.5,-54.7,13.19));
#2766 = DIRECTION('',(-1.,0.,0.));
#2767 = DIRECTION('',(0.,1.,0.));
#2768 = ADVANCED_FACE('',(#2769),#2788,.F.);
#2769 = FACE_BOUND('',#2770,.T.);
#2770 = EDGE_LOOP('',(#2771,#2780,#2781,#2782));
#2771 = ORIENTED_EDGE('',*,*,#2772,.F.);
#2772 = EDGE_CURVE('',#2751,#2773,#2775,.T.);
#2773 = VERTEX_POINT('',#2774);
#2774 = CARTESIAN_POINT('',(47.43724133414,-53.81637933293,13.19));
#2775 = CIRCLE('',#2776,0.3);
#2776 = AXIS2_PLACEMENT_3D('',#2777,#2778,#2779);
#2777 = CARTESIAN_POINT('',(47.2,-54.,13.19));
#2778 = DIRECTION('',(0.,-0.,1.));
#2779 = DIRECTION('',(1.,2.368E-14,0.));
#2780 = ORIENTED_EDGE('',*,*,#2750,.T.);
#2781 = ORIENTED_EDGE('',*,*,#941,.T.);
#2782 = ORIENTED_EDGE('',*,*,#2783,.T.);
#2783 = EDGE_CURVE('',#933,#2773,#2784,.T.);
#2784 = LINE('',#2785,#2786);
#2785 = CARTESIAN_POINT('',(47.43724133414,-53.81637933293,13.19));
#2786 = VECTOR('',#2787,1.);
#2787 = DIRECTION('',(0.,0.,-1.));
#2788 = CYLINDRICAL_SURFACE('',#2789,0.3);
#2789 = AXIS2_PLACEMENT_3D('',#2790,#2791,#2792);
#2790 = CARTESIAN_POINT('',(47.2,-54.,13.19));
#2791 = DIRECTION('',(0.,0.,-1.));
#2792 = DIRECTION('',(1.,2.368E-14,0.));
#2793 = ADVANCED_FACE('',(#2794),#2813,.F.);
#2794 = FACE_BOUND('',#2795,.T.);
#2795 = EDGE_LOOP('',(#2796,#2805,#2806,#2807));
#2796 = ORIENTED_EDGE('',*,*,#2797,.F.);
#2797 = EDGE_CURVE('',#2773,#2798,#2800,.T.);
#2798 = VERTEX_POINT('',#2799);
#2799 = CARTESIAN_POINT('',(47.8,-53.,13.19));
#2800 = CIRCLE('',#2801,1.1);
#2801 = AXIS2_PLACEMENT_3D('',#2802,#2803,#2804);
#2802 = CARTESIAN_POINT('',(46.7,-53.,13.19));
#2803 = DIRECTION('',(-0.,0.,1.));
#2804 = DIRECTION('',(6.46E-15,-1.,0.));
#2805 = ORIENTED_EDGE('',*,*,#2783,.F.);
#2806 = ORIENTED_EDGE('',*,*,#932,.T.);
#2807 = ORIENTED_EDGE('',*,*,#2808,.F.);
#2808 = EDGE_CURVE('',#2798,#925,#2809,.T.);
#2809 = LINE('',#2810,#2811);
#2810 = CARTESIAN_POINT('',(47.8,-53.,13.19));
#2811 = VECTOR('',#2812,1.);
#2812 = DIRECTION('',(0.,0.,1.));
#2813 = CYLINDRICAL_SURFACE('',#2814,1.1);
#2814 = AXIS2_PLACEMENT_3D('',#2815,#2816,#2817);
#2815 = CARTESIAN_POINT('',(46.7,-53.,13.19));
#2816 = DIRECTION('',(0.,0.,-1.));
#2817 = DIRECTION('',(6.46E-15,-1.,0.));
#2818 = ADVANCED_FACE('',(#2819),#2830,.T.);
#2819 = FACE_BOUND('',#2820,.T.);
#2820 = EDGE_LOOP('',(#2821,#2822,#2823,#2824));
#2821 = ORIENTED_EDGE('',*,*,#2808,.T.);
#2822 = ORIENTED_EDGE('',*,*,#924,.T.);
#2823 = ORIENTED_EDGE('',*,*,#2495,.F.);
#2824 = ORIENTED_EDGE('',*,*,#2825,.F.);
#2825 = EDGE_CURVE('',#2798,#2496,#2826,.T.);
#2826 = LINE('',#2827,#2828);
#2827 = CARTESIAN_POINT('',(47.8,-53.,13.19));
#2828 = VECTOR('',#2829,1.);
#2829 = DIRECTION('',(0.,1.,0.));
#2830 = PLANE('',#2831);
#2831 = AXIS2_PLACEMENT_3D('',#2832,#2833,#2834);
#2832 = CARTESIAN_POINT('',(47.8,-53.,13.19));
#2833 = DIRECTION('',(-1.,0.,0.));
#2834 = DIRECTION('',(0.,1.,0.));
#2835 = ADVANCED_FACE('',(#2836,#2974),#3008,.F.);
#2836 = FACE_BOUND('',#2837,.F.);
#2837 = EDGE_LOOP('',(#2838,#2839,#2840,#2841,#2842,#2850,#2858,#2866,
    #2874,#2882,#2890,#2898,#2906,#2914,#2922,#2930,#2938,#2946,#2954,
    #2962,#2968,#2969,#2970,#2971,#2972,#2973));
#2838 = ORIENTED_EDGE('',*,*,#1683,.F.);
#2839 = ORIENTED_EDGE('',*,*,#1628,.F.);
#2840 = ORIENTED_EDGE('',*,*,#1604,.F.);
#2841 = ORIENTED_EDGE('',*,*,#1588,.F.);
#2842 = ORIENTED_EDGE('',*,*,#2843,.F.);
#2843 = EDGE_CURVE('',#2844,#1581,#2846,.T.);
#2844 = VERTEX_POINT('',#2845);
#2845 = CARTESIAN_POINT('',(27.282521281595,-12.20721855511,12.19));
#2846 = LINE('',#2847,#2848);
#2847 = CARTESIAN_POINT('',(27.282521281595,-12.20721855511,12.19));
#2848 = VECTOR('',#2849,1.);
#2849 = DIRECTION('',(0.998795456205,4.906767432741E-02,0.));
#2850 = ORIENTED_EDGE('',*,*,#2851,.F.);
#2851 = EDGE_CURVE('',#2852,#2844,#2854,.T.);
#2852 = VERTEX_POINT('',#2853);
#2853 = CARTESIAN_POINT('',(27.166173947468,-12.22447705182,12.19));
#2854 = LINE('',#2855,#2856);
#2855 = CARTESIAN_POINT('',(27.166173947468,-12.22447705182,12.19));
#2856 = VECTOR('',#2857,1.);
#2857 = DIRECTION('',(0.989176509965,0.146730474455,0.));
#2858 = ORIENTED_EDGE('',*,*,#2859,.F.);
#2859 = EDGE_CURVE('',#2860,#2852,#2862,.T.);
#2860 = VERTEX_POINT('',#2861);
#2861 = CARTESIAN_POINT('',(27.05207848605,-12.25305647712,12.19));
#2862 = LINE('',#2863,#2864);
#2863 = CARTESIAN_POINT('',(27.05207848605,-12.25305647712,12.19));
#2864 = VECTOR('',#2865,1.);
#2865 = DIRECTION('',(0.970031253195,0.242980179903,0.));
#2866 = ORIENTED_EDGE('',*,*,#2867,.F.);
#2867 = EDGE_CURVE('',#2868,#2860,#2870,.T.);
#2868 = VERTEX_POINT('',#2869);
#2869 = CARTESIAN_POINT('',(26.941333699004,-12.29268159553,12.19));
#2870 = LINE('',#2871,#2872);
#2871 = CARTESIAN_POINT('',(26.941333699004,-12.29268159553,12.19));
#2872 = VECTOR('',#2873,1.);
#2873 = DIRECTION('',(0.941544065183,0.336889853392,0.));
#2874 = ORIENTED_EDGE('',*,*,#2875,.F.);
#2875 = EDGE_CURVE('',#2876,#2868,#2878,.T.);
#2876 = VERTEX_POINT('',#2877);
#2877 = CARTESIAN_POINT('',(26.83500611917,-12.3429707955,12.19));
#2878 = LINE('',#2879,#2880);
#2879 = CARTESIAN_POINT('',(26.83500611917,-12.3429707955,12.19));
#2880 = VECTOR('',#2881,1.);
#2881 = DIRECTION('',(0.903989293123,0.42755509343,0.));
#2882 = ORIENTED_EDGE('',*,*,#2883,.F.);
#2883 = EDGE_CURVE('',#2884,#2876,#2886,.T.);
#2884 = VERTEX_POINT('',#2885);
#2885 = CARTESIAN_POINT('',(26.734119739265,-12.40343976453,12.19));
#2886 = LINE('',#2887,#2888);
#2887 = CARTESIAN_POINT('',(26.734119739265,-12.40343976453,12.19));
#2888 = VECTOR('',#2889,1.);
#2889 = DIRECTION('',(0.85772861,0.514102744193,0.));
#2890 = ORIENTED_EDGE('',*,*,#2891,.F.);
#2891 = EDGE_CURVE('',#2892,#2884,#2894,.T.);
#2892 = VERTEX_POINT('',#2893);
#2893 = CARTESIAN_POINT('',(26.639646150277,-12.47350615341,12.19));
#2894 = LINE('',#2895,#2896);
#2895 = CARTESIAN_POINT('',(26.639646150277,-12.47350615341,12.19));
#2896 = VECTOR('',#2897,1.);
#2897 = DIRECTION('',(0.803207531481,0.595699304492,0.));
#2898 = ORIENTED_EDGE('',*,*,#2899,.F.);
#2899 = EDGE_CURVE('',#2900,#2892,#2902,.T.);
#2900 = VERTEX_POINT('',#2901);
#2901 = CARTESIAN_POINT('',(26.552495184515,-12.55249518451,12.19));
#2902 = LINE('',#2903,#2904);
#2903 = CARTESIAN_POINT('',(26.552495184515,-12.55249518451,12.19));
#2904 = VECTOR('',#2905,1.);
#2905 = DIRECTION('',(0.740951125355,0.671558954847,0.));
#2906 = ORIENTED_EDGE('',*,*,#2907,.F.);
#2907 = EDGE_CURVE('',#2908,#2900,#2910,.T.);
#2908 = VERTEX_POINT('',#2909);
#2909 = CARTESIAN_POINT('',(26.473506153419,-12.63964615027,12.19));
#2910 = LINE('',#2911,#2912);
#2911 = CARTESIAN_POINT('',(26.473506153419,-12.63964615027,12.19));
#2912 = VECTOR('',#2913,1.);
#2913 = DIRECTION('',(0.671558954847,0.740951125355,0.));
#2914 = ORIENTED_EDGE('',*,*,#2915,.F.);
#2915 = EDGE_CURVE('',#2916,#2908,#2918,.T.);
#2916 = VERTEX_POINT('',#2917);
#2917 = CARTESIAN_POINT('',(26.403439764538,-12.73411973926,12.19));
#2918 = LINE('',#2919,#2920);
#2919 = CARTESIAN_POINT('',(26.403439764538,-12.73411973926,12.19));
#2920 = VECTOR('',#2921,1.);
#2921 = DIRECTION('',(0.595699304492,0.803207531481,0.));
#2922 = ORIENTED_EDGE('',*,*,#2923,.F.);
#2923 = EDGE_CURVE('',#2924,#2916,#2926,.T.);
#2924 = VERTEX_POINT('',#2925);
#2925 = CARTESIAN_POINT('',(26.3429707955,-12.83500611917,12.19));
#2926 = LINE('',#2927,#2928);
#2927 = CARTESIAN_POINT('',(26.3429707955,-12.83500611917,12.19));
#2928 = VECTOR('',#2929,1.);
#2929 = DIRECTION('',(0.514102744193,0.85772861,0.));
#2930 = ORIENTED_EDGE('',*,*,#2931,.F.);
#2931 = EDGE_CURVE('',#2932,#2924,#2934,.T.);
#2932 = VERTEX_POINT('',#2933);
#2933 = CARTESIAN_POINT('',(26.292681595533,-12.941333699,12.19));
#2934 = LINE('',#2935,#2936);
#2935 = CARTESIAN_POINT('',(26.292681595533,-12.941333699,12.19));
#2936 = VECTOR('',#2937,1.);
#2937 = DIRECTION('',(0.42755509343,0.903989293123,0.));
#2938 = ORIENTED_EDGE('',*,*,#2939,.F.);
#2939 = EDGE_CURVE('',#2940,#2932,#2942,.T.);
#2940 = VERTEX_POINT('',#2941);
#2941 = CARTESIAN_POINT('',(26.253056477122,-13.05207848605,12.19));
#2942 = LINE('',#2943,#2944);
#2943 = CARTESIAN_POINT('',(26.253056477122,-13.05207848605,12.19));
#2944 = VECTOR('',#2945,1.);
#2945 = DIRECTION('',(0.336889853392,0.941544065183,0.));
#2946 = ORIENTED_EDGE('',*,*,#2947,.F.);
#2947 = EDGE_CURVE('',#2948,#2940,#2950,.T.);
#2948 = VERTEX_POINT('',#2949);
#2949 = CARTESIAN_POINT('',(26.22447705182,-13.16617394746,12.19));
#2950 = LINE('',#2951,#2952);
#2951 = CARTESIAN_POINT('',(26.22447705182,-13.16617394746,12.19));
#2952 = VECTOR('',#2953,1.);
#2953 = DIRECTION('',(0.242980179903,0.970031253195,0.));
#2954 = ORIENTED_EDGE('',*,*,#2955,.F.);
#2955 = EDGE_CURVE('',#2956,#2948,#2958,.T.);
#2956 = VERTEX_POINT('',#2957);
#2957 = CARTESIAN_POINT('',(26.207218555115,-13.28252128159,12.19));
#2958 = LINE('',#2959,#2960);
#2959 = CARTESIAN_POINT('',(26.207218555115,-13.28252128159,12.19));
#2960 = VECTOR('',#2961,1.);
#2961 = DIRECTION('',(0.146730474455,0.989176509965,0.));
#2962 = ORIENTED_EDGE('',*,*,#2963,.F.);
#2963 = EDGE_CURVE('',#1171,#2956,#2964,.T.);
#2964 = LINE('',#2965,#2966);
#2965 = CARTESIAN_POINT('',(26.2,-13.42945834653,12.19));
#2966 = VECTOR('',#2967,1.);
#2967 = DIRECTION('',(4.906767432747E-02,0.998795456205,0.));
#2968 = ORIENTED_EDGE('',*,*,#1242,.F.);
#2969 = ORIENTED_EDGE('',*,*,#1146,.F.);
#2970 = ORIENTED_EDGE('',*,*,#1122,.F.);
#2971 = ORIENTED_EDGE('',*,*,#1106,.F.);
#2972 = ORIENTED_EDGE('',*,*,#1741,.F.);
#2973 = ORIENTED_EDGE('',*,*,#1717,.F.);
#2974 = FACE_BOUND('',#2975,.F.);
#2975 = EDGE_LOOP('',(#2976,#2986,#2994,#3002));
#2976 = ORIENTED_EDGE('',*,*,#2977,.T.);
#2977 = EDGE_CURVE('',#2978,#2980,#2982,.T.);
#2978 = VERTEX_POINT('',#2979);
#2979 = CARTESIAN_POINT('',(44.95,-53.,12.19));
#2980 = VERTEX_POINT('',#2981);
#2981 = CARTESIAN_POINT('',(29.05,-53.,12.19));
#2982 = LINE('',#2983,#2984);
#2983 = CARTESIAN_POINT('',(33.043912304081,-53.,12.19));
#2984 = VECTOR('',#2985,1.);
#2985 = DIRECTION('',(-1.,0.,0.));
#2986 = ORIENTED_EDGE('',*,*,#2987,.T.);
#2987 = EDGE_CURVE('',#2980,#2988,#2990,.T.);
#2988 = VERTEX_POINT('',#2989);
#2989 = CARTESIAN_POINT('',(29.05,-15.1,12.19));
#2990 = LINE('',#2991,#2992);
#2991 = CARTESIAN_POINT('',(29.05,-46.04641870115,12.19));
#2992 = VECTOR('',#2993,1.);
#2993 = DIRECTION('',(0.,1.,0.));
#2994 = ORIENTED_EDGE('',*,*,#2995,.F.);
#2995 = EDGE_CURVE('',#2996,#2988,#2998,.T.);
#2996 = VERTEX_POINT('',#2997);
#2997 = CARTESIAN_POINT('',(44.95,-15.1,12.19));
#2998 = LINE('',#2999,#3000);
#2999 = CARTESIAN_POINT('',(33.043912304081,-15.1,12.19));
#3000 = VECTOR('',#3001,1.);
#3001 = DIRECTION('',(-1.,0.,0.));
#3002 = ORIENTED_EDGE('',*,*,#3003,.F.);
#3003 = EDGE_CURVE('',#2978,#2996,#3004,.T.);
#3004 = LINE('',#3005,#3006);
#3005 = CARTESIAN_POINT('',(44.95,-46.04641870115,12.19));
#3006 = VECTOR('',#3007,1.);
#3007 = DIRECTION('',(0.,1.,0.));
#3008 = PLANE('',#3009);
#3009 = AXIS2_PLACEMENT_3D('',#3010,#3011,#3012);
#3010 = CARTESIAN_POINT('',(37.037824608163,-39.0928374023,12.19));
#3011 = DIRECTION('',(0.,0.,1.));
#3012 = DIRECTION('',(1.,0.,0.));
#3013 = ADVANCED_FACE('',(#3014),#3019,.T.);
#3014 = FACE_BOUND('',#3015,.T.);
#3015 = EDGE_LOOP('',(#3016,#3017,#3018));
#3016 = ORIENTED_EDGE('',*,*,#1323,.T.);
#3017 = ORIENTED_EDGE('',*,*,#1332,.T.);
#3018 = ORIENTED_EDGE('',*,*,#1079,.F.);
#3019 = PLANE('',#3020);
#3020 = AXIS2_PLACEMENT_3D('',#3021,#3022,#3023);
#3021 = CARTESIAN_POINT('',(37.2,-64.7,11.6));
#3022 = DIRECTION('',(0.,0.,1.));
#3023 = DIRECTION('',(1.,0.,0.));
#3024 = ADVANCED_FACE('',(#3025),#3043,.F.);
#3025 = FACE_BOUND('',#3026,.F.);
#3026 = EDGE_LOOP('',(#3027,#3035,#3036,#3037));
#3027 = ORIENTED_EDGE('',*,*,#3028,.T.);
#3028 = EDGE_CURVE('',#3029,#1169,#3031,.T.);
#3029 = VERTEX_POINT('',#3030);
#3030 = CARTESIAN_POINT('',(26.207218555115,-13.28252128159,6.3));
#3031 = LINE('',#3032,#3033);
#3032 = CARTESIAN_POINT('',(25.584067113477,-25.96706027729,6.3));
#3033 = VECTOR('',#3034,1.);
#3034 = DIRECTION('',(-4.906767432747E-02,-0.998795456205,0.));
#3035 = ORIENTED_EDGE('',*,*,#1168,.T.);
#3036 = ORIENTED_EDGE('',*,*,#2963,.T.);
#3037 = ORIENTED_EDGE('',*,*,#3038,.F.);
#3038 = EDGE_CURVE('',#3029,#2956,#3039,.T.);
#3039 = LINE('',#3040,#3041);
#3040 = CARTESIAN_POINT('',(26.207218555115,-13.28252128159,6.2));
#3041 = VECTOR('',#3042,1.);
#3042 = DIRECTION('',(0.,0.,1.));
#3043 = PLANE('',#3044);
#3044 = AXIS2_PLACEMENT_3D('',#3045,#3046,#3047);
#3045 = CARTESIAN_POINT('',(26.2,-13.42945834653,6.2));
#3046 = DIRECTION('',(-0.998795456205,4.906767432747E-02,0.));
#3047 = DIRECTION('',(4.906767432747E-02,0.998795456205,0.));
#3048 = ADVANCED_FACE('',(#3049),#3060,.F.);
#3049 = FACE_BOUND('',#3050,.F.);
#3050 = EDGE_LOOP('',(#3051,#3057,#3058,#3059));
#3051 = ORIENTED_EDGE('',*,*,#3052,.F.);
#3052 = EDGE_CURVE('',#1301,#1219,#3053,.T.);
#3053 = LINE('',#3054,#3055);
#3054 = CARTESIAN_POINT('',(20.,-55.4,9.2));
#3055 = VECTOR('',#3056,1.);
#3056 = DIRECTION('',(1.,0.,0.));
#3057 = ORIENTED_EDGE('',*,*,#1300,.T.);
#3058 = ORIENTED_EDGE('',*,*,#1256,.T.);
#3059 = ORIENTED_EDGE('',*,*,#1226,.T.);
#3060 = PLANE('',#3061);
#3061 = AXIS2_PLACEMENT_3D('',#3062,#3063,#3064);
#3062 = CARTESIAN_POINT('',(20.,-63.9,9.2));
#3063 = DIRECTION('',(0.,0.,1.));
#3064 = DIRECTION('',(1.,0.,0.));
#3065 = ADVANCED_FACE('',(#3066),#3077,.F.);
#3066 = FACE_BOUND('',#3067,.F.);
#3067 = EDGE_LOOP('',(#3068,#3069,#3070,#3076));
#3068 = ORIENTED_EDGE('',*,*,#3052,.T.);
#3069 = ORIENTED_EDGE('',*,*,#1218,.T.);
#3070 = ORIENTED_EDGE('',*,*,#3071,.T.);
#3071 = EDGE_CURVE('',#1211,#1283,#3072,.T.);
#3072 = LINE('',#3073,#3074);
#3073 = CARTESIAN_POINT('',(28.521656284918,-55.4,6.3));
#3074 = VECTOR('',#3075,1.);
#3075 = DIRECTION('',(-1.,0.,0.));
#3076 = ORIENTED_EDGE('',*,*,#1308,.T.);
#3077 = PLANE('',#3078);
#3078 = AXIS2_PLACEMENT_3D('',#3079,#3080,#3081);
#3079 = CARTESIAN_POINT('',(20.,-55.4,5.1));
#3080 = DIRECTION('',(0.,1.,0.));
#3081 = DIRECTION('',(0.,0.,1.));
#3082 = ADVANCED_FACE('',(#3083,#3241),#3252,.T.);
#3083 = FACE_BOUND('',#3084,.T.);
#3084 = EDGE_LOOP('',(#3085,#3094,#3095,#3096,#3097,#3098,#3099,#3105,
    #3106,#3114,#3122,#3130,#3138,#3146,#3154,#3162,#3170,#3178,#3186,
    #3194,#3202,#3210,#3218,#3226,#3232,#3233,#3234));
#3085 = ORIENTED_EDGE('',*,*,#3086,.F.);
#3086 = EDGE_CURVE('',#1203,#3087,#3089,.T.);
#3087 = VERTEX_POINT('',#3088);
#3088 = CARTESIAN_POINT('',(28.85,-52.8,6.3));
#3089 = CIRCLE('',#3090,1.85);
#3090 = AXIS2_PLACEMENT_3D('',#3091,#3092,#3093);
#3091 = CARTESIAN_POINT('',(27.,-52.8,6.3));
#3092 = DIRECTION('',(0.,0.,1.));
#3093 = DIRECTION('',(1.,0.,0.));
#3094 = ORIENTED_EDGE('',*,*,#1210,.T.);
#3095 = ORIENTED_EDGE('',*,*,#3071,.T.);
#3096 = ORIENTED_EDGE('',*,*,#1280,.F.);
#3097 = ORIENTED_EDGE('',*,*,#1784,.F.);
#3098 = ORIENTED_EDGE('',*,*,#1420,.F.);
#3099 = ORIENTED_EDGE('',*,*,#3100,.F.);
#3100 = EDGE_CURVE('',#1501,#1421,#3101,.T.);
#3101 = LINE('',#3102,#3103);
#3102 = CARTESIAN_POINT('',(30.7,-29.54893884022,6.3));
#3103 = VECTOR('',#3104,1.);
#3104 = DIRECTION('',(0.,1.,0.));
#3105 = ORIENTED_EDGE('',*,*,#1508,.T.);
#3106 = ORIENTED_EDGE('',*,*,#3107,.F.);
#3107 = EDGE_CURVE('',#3108,#1509,#3110,.T.);
#3108 = VERTEX_POINT('',#3109);
#3109 = CARTESIAN_POINT('',(27.4,-12.20144719576,6.3));
#3110 = LINE('',#3111,#3112);
#3111 = CARTESIAN_POINT('',(27.4,-43.59893884022,6.3));
#3112 = VECTOR('',#3113,1.);
#3113 = DIRECTION('',(0.,1.,0.));
#3114 = ORIENTED_EDGE('',*,*,#3115,.T.);
#3115 = EDGE_CURVE('',#3108,#3116,#3118,.T.);
#3116 = VERTEX_POINT('',#3117);
#3117 = CARTESIAN_POINT('',(27.282521281595,-12.20721855511,6.3));
#3118 = LINE('',#3119,#3120);
#3119 = CARTESIAN_POINT('',(31.492230328968,-12.00040881117,6.3));
#3120 = VECTOR('',#3121,1.);
#3121 = DIRECTION('',(-0.998795456205,-4.906767432741E-02,0.));
#3122 = ORIENTED_EDGE('',*,*,#3123,.T.);
#3123 = EDGE_CURVE('',#3116,#3124,#3126,.T.);
#3124 = VERTEX_POINT('',#3125);
#3125 = CARTESIAN_POINT('',(27.166173947468,-12.22447705182,6.3));
#3126 = LINE('',#3127,#3128);
#3127 = CARTESIAN_POINT('',(30.048182583348,-11.79697145472,6.3));
#3128 = VECTOR('',#3129,1.);
#3129 = DIRECTION('',(-0.989176509965,-0.146730474455,0.));
#3130 = ORIENTED_EDGE('',*,*,#3131,.T.);
#3131 = EDGE_CURVE('',#3124,#3132,#3134,.T.);
#3132 = VERTEX_POINT('',#3133);
#3133 = CARTESIAN_POINT('',(27.05207848605,-12.25305647712,6.3));
#3134 = LINE('',#3135,#3136);
#3135 = CARTESIAN_POINT('',(28.589117176909,-11.86804832775,6.3));
#3136 = VECTOR('',#3137,1.);
#3137 = DIRECTION('',(-0.970031253195,-0.242980179903,0.));
#3138 = ORIENTED_EDGE('',*,*,#3139,.T.);
#3139 = EDGE_CURVE('',#3132,#3140,#3142,.T.);
#3140 = VERTEX_POINT('',#3141);
#3141 = CARTESIAN_POINT('',(26.941333699004,-12.29268159553,6.3));
#3142 = LINE('',#3143,#3144);
#3143 = CARTESIAN_POINT('',(27.167803139174,-12.21164953413,6.3));
#3144 = VECTOR('',#3145,1.);
#3145 = DIRECTION('',(-0.941544065183,-0.336889853392,0.));
#3146 = ORIENTED_EDGE('',*,*,#3147,.T.);
#3147 = EDGE_CURVE('',#3140,#3148,#3150,.T.);
#3148 = VERTEX_POINT('',#3149);
#3149 = CARTESIAN_POINT('',(26.83500611917,-12.3429707955,6.3));
#3150 = LINE('',#3151,#3152);
#3151 = CARTESIAN_POINT('',(25.83564732038,-12.8156323058,6.3));
#3152 = VECTOR('',#3153,1.);
#3153 = DIRECTION('',(-0.903989293123,-0.42755509343,0.));
#3154 = ORIENTED_EDGE('',*,*,#3155,.T.);
#3155 = EDGE_CURVE('',#3148,#3156,#3158,.T.);
#3156 = VERTEX_POINT('',#3157);
#3157 = CARTESIAN_POINT('',(26.734119739265,-12.40343976453,6.3));
#3158 = LINE('',#3159,#3160);
#3159 = CARTESIAN_POINT('',(24.640749802352,-13.65815741838,6.3));
#3160 = VECTOR('',#3161,1.);
#3161 = DIRECTION('',(-0.85772861,-0.514102744193,0.));
#3162 = ORIENTED_EDGE('',*,*,#3163,.T.);
#3163 = EDGE_CURVE('',#3156,#3164,#3166,.T.);
#3164 = VERTEX_POINT('',#3165);
#3165 = CARTESIAN_POINT('',(26.639646150277,-12.47350615341,6.3));
#3166 = LINE('',#3167,#3168);
#3167 = CARTESIAN_POINT('',(23.62608523545,-14.70851525212,6.3));
#3168 = VECTOR('',#3169,1.);
#3169 = DIRECTION('',(-0.803207531481,-0.595699304492,0.));
#3170 = ORIENTED_EDGE('',*,*,#3171,.T.);
#3171 = EDGE_CURVE('',#3164,#3172,#3174,.T.);
#3172 = VERTEX_POINT('',#3173);
#3173 = CARTESIAN_POINT('',(26.552495184515,-12.55249518451,6.3));
#3174 = LINE('',#3175,#3176);
#3175 = CARTESIAN_POINT('',(22.827879704896,-15.92828988015,6.3));
#3176 = VECTOR('',#3177,1.);
#3177 = DIRECTION('',(-0.740951125355,-0.671558954847,0.));
#3178 = ORIENTED_EDGE('',*,*,#3179,.T.);
#3179 = EDGE_CURVE('',#3172,#3180,#3182,.T.);
#3180 = VERTEX_POINT('',#3181);
#3181 = CARTESIAN_POINT('',(26.473506153419,-12.63964615027,6.3));
#3182 = LINE('',#3183,#3184);
#3183 = CARTESIAN_POINT('',(22.274245229434,-17.27281660363,6.3));
#3184 = VECTOR('',#3185,1.);
#3185 = DIRECTION('',(-0.671558954847,-0.740951125355,0.));
#3186 = ORIENTED_EDGE('',*,*,#3187,.T.);
#3187 = EDGE_CURVE('',#3180,#3188,#3190,.T.);
#3188 = VERTEX_POINT('',#3189);
#3189 = CARTESIAN_POINT('',(26.403439764538,-12.73411973926,6.3));
#3190 = LINE('',#3191,#3192);
#3191 = CARTESIAN_POINT('',(21.984124111184,-18.69287710224,6.3));
#3192 = VECTOR('',#3193,1.);
#3193 = DIRECTION('',(-0.595699304492,-0.803207531481,0.));
#3194 = ORIENTED_EDGE('',*,*,#3195,.T.);
#3195 = EDGE_CURVE('',#3188,#3196,#3198,.T.);
#3196 = VERTEX_POINT('',#3197);
#3197 = CARTESIAN_POINT('',(26.3429707955,-12.83500611917,6.3));
#3198 = LINE('',#3199,#3200);
#3199 = CARTESIAN_POINT('',(21.966583467063,-20.13656726126,6.3));
#3200 = VECTOR('',#3201,1.);
#3201 = DIRECTION('',(-0.514102744193,-0.85772861,0.));
#3202 = ORIENTED_EDGE('',*,*,#3203,.T.);
#3203 = EDGE_CURVE('',#3196,#3204,#3206,.T.);
#3204 = VERTEX_POINT('',#3205);
#3205 = CARTESIAN_POINT('',(26.292681595533,-12.941333699,6.3));
#3206 = LINE('',#3207,#3208);
#3207 = CARTESIAN_POINT('',(22.220486836079,-21.5512661232,6.3));
#3208 = VECTOR('',#3209,1.);
#3209 = DIRECTION('',(-0.42755509343,-0.903989293123,0.));
#3210 = ORIENTED_EDGE('',*,*,#3211,.T.);
#3211 = EDGE_CURVE('',#3204,#3212,#3214,.T.);
#3212 = VERTEX_POINT('',#3213);
#3213 = CARTESIAN_POINT('',(26.253056477122,-13.05207848605,6.3));
#3214 = LINE('',#3215,#3216);
#3215 = CARTESIAN_POINT('',(22.734555289369,-22.8856305456,6.3));
#3216 = VECTOR('',#3217,1.);
#3217 = DIRECTION('',(-0.336889853392,-0.941544065183,0.));
#3218 = ORIENTED_EDGE('',*,*,#3219,.T.);
#3219 = EDGE_CURVE('',#3212,#3220,#3222,.T.);
#3220 = VERTEX_POINT('',#3221);
#3221 = CARTESIAN_POINT('',(26.22447705182,-13.16617394746,6.3));
#3222 = LINE('',#3223,#3224);
#3223 = CARTESIAN_POINT('',(23.487815526601,-24.09153917657,6.3));
#3224 = VECTOR('',#3225,1.);
#3225 = DIRECTION('',(-0.242980179903,-0.970031253195,0.));
#3226 = ORIENTED_EDGE('',*,*,#3227,.T.);
#3227 = EDGE_CURVE('',#3220,#3029,#3228,.T.);
#3228 = LINE('',#3229,#3230);
#3229 = CARTESIAN_POINT('',(24.450417597565,-25.12591132271,6.3));
#3230 = VECTOR('',#3231,1.);
#3231 = DIRECTION('',(-0.146730474455,-0.989176509965,0.));
#3232 = ORIENTED_EDGE('',*,*,#3028,.T.);
#3233 = ORIENTED_EDGE('',*,*,#1178,.T.);
#3234 = ORIENTED_EDGE('',*,*,#3235,.F.);
#3235 = EDGE_CURVE('',#3087,#1179,#3236,.T.);
#3236 = CIRCLE('',#3237,1.85);
#3237 = AXIS2_PLACEMENT_3D('',#3238,#3239,#3240);
#3238 = CARTESIAN_POINT('',(27.,-52.8,6.3));
#3239 = DIRECTION('',(0.,0.,1.));
#3240 = DIRECTION('',(1.,0.,0.));
#3241 = FACE_BOUND('',#3242,.T.);
#3242 = EDGE_LOOP('',(#3243));
#3243 = ORIENTED_EDGE('',*,*,#3244,.F.);
#3244 = EDGE_CURVE('',#3245,#3245,#3247,.T.);
#3245 = VERTEX_POINT('',#3246);
#3246 = CARTESIAN_POINT('',(28.6,-52.8,6.3));
#3247 = CIRCLE('',#3248,1.6);
#3248 = AXIS2_PLACEMENT_3D('',#3249,#3250,#3251);
#3249 = CARTESIAN_POINT('',(27.,-52.8,6.3));
#3250 = DIRECTION('',(0.,0.,-1.));
#3251 = DIRECTION('',(1.,0.,0.));
#3252 = PLANE('',#3253);
#3253 = AXIS2_PLACEMENT_3D('',#3254,#3255,#3256);
#3254 = CARTESIAN_POINT('',(26.023308360703,-32.38563708432,6.3));
#3255 = DIRECTION('',(-0.,-0.,-1.));
#3256 = DIRECTION('',(-1.,0.,0.));
#3257 = ADVANCED_FACE('',(#3258),#3280,.T.);
#3258 = FACE_BOUND('',#3259,.F.);
#3259 = EDGE_LOOP('',(#3260,#3261,#3270,#3277,#3278,#3279));
#3260 = ORIENTED_EDGE('',*,*,#1202,.F.);
#3261 = ORIENTED_EDGE('',*,*,#3262,.T.);
#3262 = EDGE_CURVE('',#1195,#3263,#3265,.T.);
#3263 = VERTEX_POINT('',#3264);
#3264 = CARTESIAN_POINT('',(28.85,-52.8,11.6));
#3265 = CIRCLE('',#3266,1.85);
#3266 = AXIS2_PLACEMENT_3D('',#3267,#3268,#3269);
#3267 = CARTESIAN_POINT('',(27.,-52.8,11.6));
#3268 = DIRECTION('',(0.,0.,1.));
#3269 = DIRECTION('',(1.,0.,0.));
#3270 = ORIENTED_EDGE('',*,*,#3271,.T.);
#3271 = EDGE_CURVE('',#3263,#1187,#3272,.T.);
#3272 = CIRCLE('',#3273,1.85);
#3273 = AXIS2_PLACEMENT_3D('',#3274,#3275,#3276);
#3274 = CARTESIAN_POINT('',(27.,-52.8,11.6));
#3275 = DIRECTION('',(0.,0.,1.));
#3276 = DIRECTION('',(1.,0.,0.));
#3277 = ORIENTED_EDGE('',*,*,#1186,.T.);
#3278 = ORIENTED_EDGE('',*,*,#3235,.F.);
#3279 = ORIENTED_EDGE('',*,*,#3086,.F.);
#3280 = CYLINDRICAL_SURFACE('',#3281,1.85);
#3281 = AXIS2_PLACEMENT_3D('',#3282,#3283,#3284);
#3282 = CARTESIAN_POINT('',(27.,-52.8,6.3));
#3283 = DIRECTION('',(-0.,-0.,-1.));
#3284 = DIRECTION('',(1.,0.,0.));
#3285 = ADVANCED_FACE('',(#3286),#3291,.T.);
#3286 = FACE_BOUND('',#3287,.T.);
#3287 = EDGE_LOOP('',(#3288,#3289,#3290));
#3288 = ORIENTED_EDGE('',*,*,#3262,.T.);
#3289 = ORIENTED_EDGE('',*,*,#3271,.T.);
#3290 = ORIENTED_EDGE('',*,*,#1194,.F.);
#3291 = PLANE('',#3292);
#3292 = AXIS2_PLACEMENT_3D('',#3293,#3294,#3295);
#3293 = CARTESIAN_POINT('',(27.,-52.8,11.6));
#3294 = DIRECTION('',(0.,0.,1.));
#3295 = DIRECTION('',(1.,0.,0.));
#3296 = ADVANCED_FACE('',(#3297),#3300,.F.);
#3297 = FACE_BOUND('',#3298,.T.);
#3298 = EDGE_LOOP('',(#3299));
#3299 = ORIENTED_EDGE('',*,*,#1359,.F.);
#3300 = PLANE('',#3301);
#3301 = AXIS2_PLACEMENT_3D('',#3302,#3303,#3304);
#3302 = CARTESIAN_POINT('',(37.2,-64.7,6.8));
#3303 = DIRECTION('',(0.,0.,1.));
#3304 = DIRECTION('',(1.,0.,0.));
#3305 = ADVANCED_FACE('',(#3306),#3317,.F.);
#3306 = FACE_BOUND('',#3307,.F.);
#3307 = EDGE_LOOP('',(#3308,#3314,#3315,#3316));
#3308 = ORIENTED_EDGE('',*,*,#3309,.F.);
#3309 = EDGE_CURVE('',#1493,#1429,#3310,.T.);
#3310 = LINE('',#3311,#3312);
#3311 = CARTESIAN_POINT('',(30.7,-20.,11.8));
#3312 = VECTOR('',#3313,1.);
#3313 = DIRECTION('',(0.,1.,0.));
#3314 = ORIENTED_EDGE('',*,*,#1492,.F.);
#3315 = ORIENTED_EDGE('',*,*,#1458,.T.);
#3316 = ORIENTED_EDGE('',*,*,#1436,.T.);
#3317 = PLANE('',#3318);
#3318 = AXIS2_PLACEMENT_3D('',#3319,#3320,#3321);
#3319 = CARTESIAN_POINT('',(30.7,-20.,11.8));
#3320 = DIRECTION('',(0.,0.,1.));
#3321 = DIRECTION('',(1.,0.,0.));
#3322 = ADVANCED_FACE('',(#3323),#3329,.T.);
#3323 = FACE_BOUND('',#3324,.T.);
#3324 = EDGE_LOOP('',(#3325,#3326,#3327,#3328));
#3325 = ORIENTED_EDGE('',*,*,#3309,.F.);
#3326 = ORIENTED_EDGE('',*,*,#1500,.F.);
#3327 = ORIENTED_EDGE('',*,*,#3100,.T.);
#3328 = ORIENTED_EDGE('',*,*,#1428,.T.);
#3329 = PLANE('',#3330);
#3330 = AXIS2_PLACEMENT_3D('',#3331,#3332,#3333);
#3331 = CARTESIAN_POINT('',(30.7,-20.,6.2));
#3332 = DIRECTION('',(1.,0.,0.));
#3333 = DIRECTION('',(0.,0.,1.));
#3334 = ADVANCED_FACE('',(#3335),#3354,.F.);
#3335 = FACE_BOUND('',#3336,.F.);
#3336 = EDGE_LOOP('',(#3337,#3345,#3351,#3352,#3353));
#3337 = ORIENTED_EDGE('',*,*,#3338,.F.);
#3338 = EDGE_CURVE('',#3339,#1517,#3341,.T.);
#3339 = VERTEX_POINT('',#3340);
#3340 = CARTESIAN_POINT('',(27.4,-12.20144719576,12.1));
#3341 = LINE('',#3342,#3343);
#3342 = CARTESIAN_POINT('',(27.4,-48.1,12.1));
#3343 = VECTOR('',#3344,1.);
#3344 = DIRECTION('',(0.,1.,0.));
#3345 = ORIENTED_EDGE('',*,*,#3346,.T.);
#3346 = EDGE_CURVE('',#3339,#1573,#3347,.T.);
#3347 = LINE('',#3348,#3349);
#3348 = CARTESIAN_POINT('',(26.461592268837,-12.24754821139,12.1));
#3349 = VECTOR('',#3350,1.);
#3350 = DIRECTION('',(0.998795456205,4.906767432741E-02,0.));
#3351 = ORIENTED_EDGE('',*,*,#1572,.T.);
#3352 = ORIENTED_EDGE('',*,*,#1538,.T.);
#3353 = ORIENTED_EDGE('',*,*,#1524,.F.);
#3354 = PLANE('',#3355);
#3355 = AXIS2_PLACEMENT_3D('',#3356,#3357,#3358);
#3356 = CARTESIAN_POINT('',(27.4,-48.1,12.1));
#3357 = DIRECTION('',(0.,0.,1.));
#3358 = DIRECTION('',(1.,0.,0.));
#3359 = ADVANCED_FACE('',(#3360),#3371,.T.);
#3360 = FACE_BOUND('',#3361,.T.);
#3361 = EDGE_LOOP('',(#3362,#3363,#3369,#3370));
#3362 = ORIENTED_EDGE('',*,*,#3338,.F.);
#3363 = ORIENTED_EDGE('',*,*,#3364,.T.);
#3364 = EDGE_CURVE('',#3339,#3108,#3365,.T.);
#3365 = LINE('',#3366,#3367);
#3366 = CARTESIAN_POINT('',(27.4,-12.20144719576,5.9));
#3367 = VECTOR('',#3368,1.);
#3368 = DIRECTION('',(0.,0.,-1.));
#3369 = ORIENTED_EDGE('',*,*,#3107,.T.);
#3370 = ORIENTED_EDGE('',*,*,#1516,.T.);
#3371 = PLANE('',#3372);
#3372 = AXIS2_PLACEMENT_3D('',#3373,#3374,#3375);
#3373 = CARTESIAN_POINT('',(27.4,-48.1,5.6));
#3374 = DIRECTION('',(1.,0.,0.));
#3375 = DIRECTION('',(0.,0.,1.));
#3376 = ADVANCED_FACE('',(#3377),#3390,.F.);
#3377 = FACE_BOUND('',#3378,.F.);
#3378 = EDGE_LOOP('',(#3379,#3380,#3381,#3387,#3388,#3389));
#3379 = ORIENTED_EDGE('',*,*,#3364,.T.);
#3380 = ORIENTED_EDGE('',*,*,#3115,.T.);
#3381 = ORIENTED_EDGE('',*,*,#3382,.T.);
#3382 = EDGE_CURVE('',#3116,#2844,#3383,.T.);
#3383 = LINE('',#3384,#3385);
#3384 = CARTESIAN_POINT('',(27.282521281595,-12.20721855511,6.2));
#3385 = VECTOR('',#3386,1.);
#3386 = DIRECTION('',(0.,0.,1.));
#3387 = ORIENTED_EDGE('',*,*,#2843,.T.);
#3388 = ORIENTED_EDGE('',*,*,#1580,.F.);
#3389 = ORIENTED_EDGE('',*,*,#3346,.F.);
#3390 = PLANE('',#3391);
#3391 = AXIS2_PLACEMENT_3D('',#3392,#3393,#3394);
#3392 = CARTESIAN_POINT('',(27.282521281595,-12.20721855511,6.2));
#3393 = DIRECTION('',(-4.906767432741E-02,0.998795456205,0.));
#3394 = DIRECTION('',(0.998795456205,4.906767432741E-02,0.));
#3395 = ADVANCED_FACE('',(#3396),#3400,.T.);
#3396 = FACE_BOUND('',#3397,.T.);
#3397 = EDGE_LOOP('',(#3398,#3399));
#3398 = ORIENTED_EDGE('',*,*,#1667,.F.);
#3399 = ORIENTED_EDGE('',*,*,#1699,.T.);
#3400 = PLANE('',#3401);
#3401 = AXIS2_PLACEMENT_3D('',#3402,#3403,#3404);
#3402 = CARTESIAN_POINT('',(47.,-52.8,11.6));
#3403 = DIRECTION('',(0.,0.,1.));
#3404 = DIRECTION('',(1.,0.,0.));
#3405 = ADVANCED_FACE('',(#3406),#3409,.F.);
#3406 = FACE_BOUND('',#3407,.T.);
#3407 = EDGE_LOOP('',(#3408));
#3408 = ORIENTED_EDGE('',*,*,#1765,.F.);
#3409 = PLANE('',#3410);
#3410 = AXIS2_PLACEMENT_3D('',#3411,#3412,#3413);
#3411 = CARTESIAN_POINT('',(47.,-52.8,6.8));
#3412 = DIRECTION('',(0.,0.,1.));
#3413 = DIRECTION('',(1.,0.,0.));
#3414 = ADVANCED_FACE('',(#3415),#3425,.T.);
#3415 = FACE_BOUND('',#3416,.T.);
#3416 = EDGE_LOOP('',(#3417,#3418,#3419,#3420,#3421,#3422,#3423,#3424));
#3417 = ORIENTED_EDGE('',*,*,#1816,.T.);
#3418 = ORIENTED_EDGE('',*,*,#1840,.T.);
#3419 = ORIENTED_EDGE('',*,*,#1865,.T.);
#3420 = ORIENTED_EDGE('',*,*,#1889,.T.);
#3421 = ORIENTED_EDGE('',*,*,#1914,.T.);
#3422 = ORIENTED_EDGE('',*,*,#1938,.T.);
#3423 = ORIENTED_EDGE('',*,*,#1963,.T.);
#3424 = ORIENTED_EDGE('',*,*,#1980,.T.);
#3425 = PLANE('',#3426);
#3426 = AXIS2_PLACEMENT_3D('',#3427,#3428,#3429);
#3427 = CARTESIAN_POINT('',(37.,-65.325,13.19));
#3428 = DIRECTION('',(0.,0.,1.));
#3429 = DIRECTION('',(1.,0.,0.));
#3430 = ADVANCED_FACE('',(#3431),#3441,.T.);
#3431 = FACE_BOUND('',#3432,.T.);
#3432 = EDGE_LOOP('',(#3433,#3434,#3435,#3436,#3437,#3438,#3439,#3440));
#3433 = ORIENTED_EDGE('',*,*,#2012,.T.);
#3434 = ORIENTED_EDGE('',*,*,#2036,.T.);
#3435 = ORIENTED_EDGE('',*,*,#2061,.T.);
#3436 = ORIENTED_EDGE('',*,*,#2085,.T.);
#3437 = ORIENTED_EDGE('',*,*,#2110,.T.);
#3438 = ORIENTED_EDGE('',*,*,#2134,.T.);
#3439 = ORIENTED_EDGE('',*,*,#2159,.T.);
#3440 = ORIENTED_EDGE('',*,*,#2176,.T.);
#3441 = PLANE('',#3442);
#3442 = AXIS2_PLACEMENT_3D('',#3443,#3444,#3445);
#3443 = CARTESIAN_POINT('',(37.,-63.775,13.19));
#3444 = DIRECTION('',(0.,0.,1.));
#3445 = DIRECTION('',(1.,0.,0.));
#3446 = ADVANCED_FACE('',(#3447),#3457,.T.);
#3447 = FACE_BOUND('',#3448,.T.);
#3448 = EDGE_LOOP('',(#3449,#3450,#3451,#3452,#3453,#3454,#3455,#3456));
#3449 = ORIENTED_EDGE('',*,*,#2208,.T.);
#3450 = ORIENTED_EDGE('',*,*,#2232,.T.);
#3451 = ORIENTED_EDGE('',*,*,#2257,.T.);
#3452 = ORIENTED_EDGE('',*,*,#2281,.T.);
#3453 = ORIENTED_EDGE('',*,*,#2306,.T.);
#3454 = ORIENTED_EDGE('',*,*,#2330,.T.);
#3455 = ORIENTED_EDGE('',*,*,#2355,.T.);
#3456 = ORIENTED_EDGE('',*,*,#2372,.T.);
#3457 = PLANE('',#3458);
#3458 = AXIS2_PLACEMENT_3D('',#3459,#3460,#3461);
#3459 = CARTESIAN_POINT('',(37.,-62.225,13.19));
#3460 = DIRECTION('',(0.,0.,1.));
#3461 = DIRECTION('',(1.,0.,0.));
#3462 = ADVANCED_FACE('',(#3463),#3470,.F.);
#3463 = FACE_BOUND('',#3464,.F.);
#3464 = EDGE_LOOP('',(#3465,#3466,#3467,#3468,#3469));
#3465 = ORIENTED_EDGE('',*,*,#2453,.T.);
#3466 = ORIENTED_EDGE('',*,*,#2429,.F.);
#3467 = ORIENTED_EDGE('',*,*,#2438,.F.);
#3468 = ORIENTED_EDGE('',*,*,#2387,.F.);
#3469 = ORIENTED_EDGE('',*,*,#2477,.F.);
#3470 = PLANE('',#3471);
#3471 = AXIS2_PLACEMENT_3D('',#3472,#3473,#3474);
#3472 = CARTESIAN_POINT('',(37.246330716089,-58.25,13.19));
#3473 = DIRECTION('',(-0.,-0.,-1.));
#3474 = DIRECTION('',(-1.,0.,0.));
#3475 = ADVANCED_FACE('',(#3476,#3492),#3562,.F.);
#3476 = FACE_BOUND('',#3477,.F.);
#3477 = EDGE_LOOP('',(#3478,#3479,#3480,#3481,#3482,#3483,#3484,#3485,
    #3486,#3487,#3488,#3489,#3490,#3491));
#3478 = ORIENTED_EDGE('',*,*,#2512,.F.);
#3479 = ORIENTED_EDGE('',*,*,#2825,.F.);
#3480 = ORIENTED_EDGE('',*,*,#2797,.F.);
#3481 = ORIENTED_EDGE('',*,*,#2772,.F.);
#3482 = ORIENTED_EDGE('',*,*,#2758,.F.);
#3483 = ORIENTED_EDGE('',*,*,#2733,.F.);
#3484 = ORIENTED_EDGE('',*,*,#2709,.F.);
#3485 = ORIENTED_EDGE('',*,*,#2684,.F.);
#3486 = ORIENTED_EDGE('',*,*,#2660,.F.);
#3487 = ORIENTED_EDGE('',*,*,#2625,.F.);
#3488 = ORIENTED_EDGE('',*,*,#2600,.F.);
#3489 = ORIENTED_EDGE('',*,*,#2586,.F.);
#3490 = ORIENTED_EDGE('',*,*,#2561,.F.);
#3491 = ORIENTED_EDGE('',*,*,#2537,.F.);
#3492 = FACE_BOUND('',#3493,.F.);
#3493 = EDGE_LOOP('',(#3494,#3504,#3513,#3521,#3530,#3538,#3547,#3555));
#3494 = ORIENTED_EDGE('',*,*,#3495,.T.);
#3495 = EDGE_CURVE('',#3496,#3498,#3500,.T.);
#3496 = VERTEX_POINT('',#3497);
#3497 = CARTESIAN_POINT('',(45.25,-14.65,13.19));
#3498 = VERTEX_POINT('',#3499);
#3499 = CARTESIAN_POINT('',(29.15,-14.65,13.19));
#3500 = LINE('',#3501,#3502);
#3501 = CARTESIAN_POINT('',(45.25,-14.65,13.19));
#3502 = VECTOR('',#3503,1.);
#3503 = DIRECTION('',(-1.,0.,0.));
#3504 = ORIENTED_EDGE('',*,*,#3505,.T.);
#3505 = EDGE_CURVE('',#3498,#3506,#3508,.T.);
#3506 = VERTEX_POINT('',#3507);
#3507 = CARTESIAN_POINT('',(28.85,-14.95,13.19));
#3508 = CIRCLE('',#3509,0.3);
#3509 = AXIS2_PLACEMENT_3D('',#3510,#3511,#3512);
#3510 = CARTESIAN_POINT('',(29.15,-14.95,13.19));
#3511 = DIRECTION('',(0.,-0.,1.));
#3512 = DIRECTION('',(1.1842E-13,1.,0.));
#3513 = ORIENTED_EDGE('',*,*,#3514,.T.);
#3514 = EDGE_CURVE('',#3506,#3515,#3517,.T.);
#3515 = VERTEX_POINT('',#3516);
#3516 = CARTESIAN_POINT('',(28.85,-52.95,13.19));
#3517 = LINE('',#3518,#3519);
#3518 = CARTESIAN_POINT('',(28.85,-14.95,13.19));
#3519 = VECTOR('',#3520,1.);
#3520 = DIRECTION('',(0.,-1.,0.));
#3521 = ORIENTED_EDGE('',*,*,#3522,.T.);
#3522 = EDGE_CURVE('',#3515,#3523,#3525,.T.);
#3523 = VERTEX_POINT('',#3524);
#3524 = CARTESIAN_POINT('',(29.15,-53.25,13.19));
#3525 = CIRCLE('',#3526,0.3);
#3526 = AXIS2_PLACEMENT_3D('',#3527,#3528,#3529);
#3527 = CARTESIAN_POINT('',(29.15,-52.95,13.19));
#3528 = DIRECTION('',(0.,0.,1.));
#3529 = DIRECTION('',(-1.,4.737E-14,0.));
#3530 = ORIENTED_EDGE('',*,*,#3531,.T.);
#3531 = EDGE_CURVE('',#3523,#3532,#3534,.T.);
#3532 = VERTEX_POINT('',#3533);
#3533 = CARTESIAN_POINT('',(45.25,-53.25,13.19));
#3534 = LINE('',#3535,#3536);
#3535 = CARTESIAN_POINT('',(29.15,-53.25,13.19));
#3536 = VECTOR('',#3537,1.);
#3537 = DIRECTION('',(1.,0.,0.));
#3538 = ORIENTED_EDGE('',*,*,#3539,.T.);
#3539 = EDGE_CURVE('',#3532,#3540,#3542,.T.);
#3540 = VERTEX_POINT('',#3541);
#3541 = CARTESIAN_POINT('',(45.55,-52.95,13.19));
#3542 = CIRCLE('',#3543,0.3);
#3543 = AXIS2_PLACEMENT_3D('',#3544,#3545,#3546);
#3544 = CARTESIAN_POINT('',(45.25,-52.95,13.19));
#3545 = DIRECTION('',(-0.,0.,1.));
#3546 = DIRECTION('',(2.368E-14,-1.,0.));
#3547 = ORIENTED_EDGE('',*,*,#3548,.T.);
#3548 = EDGE_CURVE('',#3540,#3549,#3551,.T.);
#3549 = VERTEX_POINT('',#3550);
#3550 = CARTESIAN_POINT('',(45.55,-14.95,13.19));
#3551 = LINE('',#3552,#3553);
#3552 = CARTESIAN_POINT('',(45.55,-52.95,13.19));
#3553 = VECTOR('',#3554,1.);
#3554 = DIRECTION('',(0.,1.,0.));
#3555 = ORIENTED_EDGE('',*,*,#3556,.T.);
#3556 = EDGE_CURVE('',#3549,#3496,#3557,.T.);
#3557 = CIRCLE('',#3558,0.3);
#3558 = AXIS2_PLACEMENT_3D('',#3559,#3560,#3561);
#3559 = CARTESIAN_POINT('',(45.25,-14.95,13.19));
#3560 = DIRECTION('',(0.,-0.,1.));
#3561 = DIRECTION('',(1.,5.92E-15,0.));
#3562 = PLANE('',#3563);
#3563 = AXIS2_PLACEMENT_3D('',#3564,#3565,#3566);
#3564 = CARTESIAN_POINT('',(37.,-33.65692438193,13.19));
#3565 = DIRECTION('',(-0.,-0.,-1.));
#3566 = DIRECTION('',(-1.,0.,0.));
#3567 = ADVANCED_FACE('',(#3568),#3579,.F.);
#3568 = FACE_BOUND('',#3569,.F.);
#3569 = EDGE_LOOP('',(#3570,#3571,#3577,#3578));
#3570 = ORIENTED_EDGE('',*,*,#3123,.T.);
#3571 = ORIENTED_EDGE('',*,*,#3572,.T.);
#3572 = EDGE_CURVE('',#3124,#2852,#3573,.T.);
#3573 = LINE('',#3574,#3575);
#3574 = CARTESIAN_POINT('',(27.166173947468,-12.22447705182,6.2));
#3575 = VECTOR('',#3576,1.);
#3576 = DIRECTION('',(0.,0.,1.));
#3577 = ORIENTED_EDGE('',*,*,#2851,.T.);
#3578 = ORIENTED_EDGE('',*,*,#3382,.F.);
#3579 = PLANE('',#3580);
#3580 = AXIS2_PLACEMENT_3D('',#3581,#3582,#3583);
#3581 = CARTESIAN_POINT('',(27.166173947468,-12.22447705182,6.2));
#3582 = DIRECTION('',(-0.146730474455,0.989176509965,0.));
#3583 = DIRECTION('',(0.989176509965,0.146730474455,0.));
#3584 = ADVANCED_FACE('',(#3585),#3596,.F.);
#3585 = FACE_BOUND('',#3586,.F.);
#3586 = EDGE_LOOP('',(#3587,#3588,#3594,#3595));
#3587 = ORIENTED_EDGE('',*,*,#3131,.T.);
#3588 = ORIENTED_EDGE('',*,*,#3589,.T.);
#3589 = EDGE_CURVE('',#3132,#2860,#3590,.T.);
#3590 = LINE('',#3591,#3592);
#3591 = CARTESIAN_POINT('',(27.05207848605,-12.25305647712,6.2));
#3592 = VECTOR('',#3593,1.);
#3593 = DIRECTION('',(0.,0.,1.));
#3594 = ORIENTED_EDGE('',*,*,#2859,.T.);
#3595 = ORIENTED_EDGE('',*,*,#3572,.F.);
#3596 = PLANE('',#3597);
#3597 = AXIS2_PLACEMENT_3D('',#3598,#3599,#3600);
#3598 = CARTESIAN_POINT('',(27.05207848605,-12.25305647712,6.2));
#3599 = DIRECTION('',(-0.242980179903,0.970031253195,0.));
#3600 = DIRECTION('',(0.970031253195,0.242980179903,0.));
#3601 = ADVANCED_FACE('',(#3602),#3613,.F.);
#3602 = FACE_BOUND('',#3603,.F.);
#3603 = EDGE_LOOP('',(#3604,#3605,#3611,#3612));
#3604 = ORIENTED_EDGE('',*,*,#3139,.T.);
#3605 = ORIENTED_EDGE('',*,*,#3606,.T.);
#3606 = EDGE_CURVE('',#3140,#2868,#3607,.T.);
#3607 = LINE('',#3608,#3609);
#3608 = CARTESIAN_POINT('',(26.941333699004,-12.29268159553,6.2));
#3609 = VECTOR('',#3610,1.);
#3610 = DIRECTION('',(0.,0.,1.));
#3611 = ORIENTED_EDGE('',*,*,#2867,.T.);
#3612 = ORIENTED_EDGE('',*,*,#3589,.F.);
#3613 = PLANE('',#3614);
#3614 = AXIS2_PLACEMENT_3D('',#3615,#3616,#3617);
#3615 = CARTESIAN_POINT('',(26.941333699004,-12.29268159553,6.2));
#3616 = DIRECTION('',(-0.336889853392,0.941544065183,0.));
#3617 = DIRECTION('',(0.941544065183,0.336889853392,0.));
#3618 = ADVANCED_FACE('',(#3619),#3630,.F.);
#3619 = FACE_BOUND('',#3620,.F.);
#3620 = EDGE_LOOP('',(#3621,#3622,#3628,#3629));
#3621 = ORIENTED_EDGE('',*,*,#3147,.T.);
#3622 = ORIENTED_EDGE('',*,*,#3623,.T.);
#3623 = EDGE_CURVE('',#3148,#2876,#3624,.T.);
#3624 = LINE('',#3625,#3626);
#3625 = CARTESIAN_POINT('',(26.83500611917,-12.3429707955,6.2));
#3626 = VECTOR('',#3627,1.);
#3627 = DIRECTION('',(0.,0.,1.));
#3628 = ORIENTED_EDGE('',*,*,#2875,.T.);
#3629 = ORIENTED_EDGE('',*,*,#3606,.F.);
#3630 = PLANE('',#3631);
#3631 = AXIS2_PLACEMENT_3D('',#3632,#3633,#3634);
#3632 = CARTESIAN_POINT('',(26.83500611917,-12.3429707955,6.2));
#3633 = DIRECTION('',(-0.42755509343,0.903989293123,0.));
#3634 = DIRECTION('',(0.903989293123,0.42755509343,0.));
#3635 = ADVANCED_FACE('',(#3636),#3647,.F.);
#3636 = FACE_BOUND('',#3637,.F.);
#3637 = EDGE_LOOP('',(#3638,#3639,#3640,#3641));
#3638 = ORIENTED_EDGE('',*,*,#3227,.T.);
#3639 = ORIENTED_EDGE('',*,*,#3038,.T.);
#3640 = ORIENTED_EDGE('',*,*,#2955,.T.);
#3641 = ORIENTED_EDGE('',*,*,#3642,.F.);
#3642 = EDGE_CURVE('',#3220,#2948,#3643,.T.);
#3643 = LINE('',#3644,#3645);
#3644 = CARTESIAN_POINT('',(26.22447705182,-13.16617394746,6.2));
#3645 = VECTOR('',#3646,1.);
#3646 = DIRECTION('',(0.,0.,1.));
#3647 = PLANE('',#3648);
#3648 = AXIS2_PLACEMENT_3D('',#3649,#3650,#3651);
#3649 = CARTESIAN_POINT('',(26.207218555115,-13.28252128159,6.2));
#3650 = DIRECTION('',(-0.989176509965,0.146730474455,0.));
#3651 = DIRECTION('',(0.146730474455,0.989176509965,0.));
#3652 = ADVANCED_FACE('',(#3653),#3664,.F.);
#3653 = FACE_BOUND('',#3654,.F.);
#3654 = EDGE_LOOP('',(#3655,#3656,#3662,#3663));
#3655 = ORIENTED_EDGE('',*,*,#3155,.T.);
#3656 = ORIENTED_EDGE('',*,*,#3657,.T.);
#3657 = EDGE_CURVE('',#3156,#2884,#3658,.T.);
#3658 = LINE('',#3659,#3660);
#3659 = CARTESIAN_POINT('',(26.734119739265,-12.40343976453,6.2));
#3660 = VECTOR('',#3661,1.);
#3661 = DIRECTION('',(0.,0.,1.));
#3662 = ORIENTED_EDGE('',*,*,#2883,.T.);
#3663 = ORIENTED_EDGE('',*,*,#3623,.F.);
#3664 = PLANE('',#3665);
#3665 = AXIS2_PLACEMENT_3D('',#3666,#3667,#3668);
#3666 = CARTESIAN_POINT('',(26.734119739265,-12.40343976453,6.2));
#3667 = DIRECTION('',(-0.514102744193,0.85772861,0.));
#3668 = DIRECTION('',(0.85772861,0.514102744193,0.));
#3669 = ADVANCED_FACE('',(#3670),#3681,.F.);
#3670 = FACE_BOUND('',#3671,.F.);
#3671 = EDGE_LOOP('',(#3672,#3673,#3674,#3675));
#3672 = ORIENTED_EDGE('',*,*,#3219,.T.);
#3673 = ORIENTED_EDGE('',*,*,#3642,.T.);
#3674 = ORIENTED_EDGE('',*,*,#2947,.T.);
#3675 = ORIENTED_EDGE('',*,*,#3676,.F.);
#3676 = EDGE_CURVE('',#3212,#2940,#3677,.T.);
#3677 = LINE('',#3678,#3679);
#3678 = CARTESIAN_POINT('',(26.253056477122,-13.05207848605,6.2));
#3679 = VECTOR('',#3680,1.);
#3680 = DIRECTION('',(0.,0.,1.));
#3681 = PLANE('',#3682);
#3682 = AXIS2_PLACEMENT_3D('',#3683,#3684,#3685);
#3683 = CARTESIAN_POINT('',(26.22447705182,-13.16617394746,6.2));
#3684 = DIRECTION('',(-0.970031253195,0.242980179903,0.));
#3685 = DIRECTION('',(0.242980179903,0.970031253195,0.));
#3686 = ADVANCED_FACE('',(#3687),#3698,.F.);
#3687 = FACE_BOUND('',#3688,.F.);
#3688 = EDGE_LOOP('',(#3689,#3690,#3696,#3697));
#3689 = ORIENTED_EDGE('',*,*,#3163,.T.);
#3690 = ORIENTED_EDGE('',*,*,#3691,.T.);
#3691 = EDGE_CURVE('',#3164,#2892,#3692,.T.);
#3692 = LINE('',#3693,#3694);
#3693 = CARTESIAN_POINT('',(26.639646150277,-12.47350615341,6.2));
#3694 = VECTOR('',#3695,1.);
#3695 = DIRECTION('',(0.,0.,1.));
#3696 = ORIENTED_EDGE('',*,*,#2891,.T.);
#3697 = ORIENTED_EDGE('',*,*,#3657,.F.);
#3698 = PLANE('',#3699);
#3699 = AXIS2_PLACEMENT_3D('',#3700,#3701,#3702);
#3700 = CARTESIAN_POINT('',(26.639646150277,-12.47350615341,6.2));
#3701 = DIRECTION('',(-0.595699304492,0.803207531481,0.));
#3702 = DIRECTION('',(0.803207531481,0.595699304492,0.));
#3703 = ADVANCED_FACE('',(#3704),#3715,.F.);
#3704 = FACE_BOUND('',#3705,.F.);
#3705 = EDGE_LOOP('',(#3706,#3707,#3708,#3709));
#3706 = ORIENTED_EDGE('',*,*,#3211,.T.);
#3707 = ORIENTED_EDGE('',*,*,#3676,.T.);
#3708 = ORIENTED_EDGE('',*,*,#2939,.T.);
#3709 = ORIENTED_EDGE('',*,*,#3710,.F.);
#3710 = EDGE_CURVE('',#3204,#2932,#3711,.T.);
#3711 = LINE('',#3712,#3713);
#3712 = CARTESIAN_POINT('',(26.292681595533,-12.941333699,6.2));
#3713 = VECTOR('',#3714,1.);
#3714 = DIRECTION('',(0.,0.,1.));
#3715 = PLANE('',#3716);
#3716 = AXIS2_PLACEMENT_3D('',#3717,#3718,#3719);
#3717 = CARTESIAN_POINT('',(26.253056477122,-13.05207848605,6.2));
#3718 = DIRECTION('',(-0.941544065183,0.336889853392,0.));
#3719 = DIRECTION('',(0.336889853392,0.941544065183,0.));
#3720 = ADVANCED_FACE('',(#3721),#3732,.F.);
#3721 = FACE_BOUND('',#3722,.F.);
#3722 = EDGE_LOOP('',(#3723,#3724,#3730,#3731));
#3723 = ORIENTED_EDGE('',*,*,#3171,.T.);
#3724 = ORIENTED_EDGE('',*,*,#3725,.T.);
#3725 = EDGE_CURVE('',#3172,#2900,#3726,.T.);
#3726 = LINE('',#3727,#3728);
#3727 = CARTESIAN_POINT('',(26.552495184515,-12.55249518451,6.2));
#3728 = VECTOR('',#3729,1.);
#3729 = DIRECTION('',(0.,0.,1.));
#3730 = ORIENTED_EDGE('',*,*,#2899,.T.);
#3731 = ORIENTED_EDGE('',*,*,#3691,.F.);
#3732 = PLANE('',#3733);
#3733 = AXIS2_PLACEMENT_3D('',#3734,#3735,#3736);
#3734 = CARTESIAN_POINT('',(26.552495184515,-12.55249518451,6.2));
#3735 = DIRECTION('',(-0.671558954847,0.740951125355,0.));
#3736 = DIRECTION('',(0.740951125355,0.671558954847,0.));
#3737 = ADVANCED_FACE('',(#3738),#3749,.F.);
#3738 = FACE_BOUND('',#3739,.F.);
#3739 = EDGE_LOOP('',(#3740,#3741,#3742,#3743));
#3740 = ORIENTED_EDGE('',*,*,#3203,.T.);
#3741 = ORIENTED_EDGE('',*,*,#3710,.T.);
#3742 = ORIENTED_EDGE('',*,*,#2931,.T.);
#3743 = ORIENTED_EDGE('',*,*,#3744,.F.);
#3744 = EDGE_CURVE('',#3196,#2924,#3745,.T.);
#3745 = LINE('',#3746,#3747);
#3746 = CARTESIAN_POINT('',(26.3429707955,-12.83500611917,6.2));
#3747 = VECTOR('',#3748,1.);
#3748 = DIRECTION('',(0.,0.,1.));
#3749 = PLANE('',#3750);
#3750 = AXIS2_PLACEMENT_3D('',#3751,#3752,#3753);
#3751 = CARTESIAN_POINT('',(26.292681595533,-12.941333699,6.2));
#3752 = DIRECTION('',(-0.903989293123,0.42755509343,0.));
#3753 = DIRECTION('',(0.42755509343,0.903989293123,0.));
#3754 = ADVANCED_FACE('',(#3755),#3766,.F.);
#3755 = FACE_BOUND('',#3756,.F.);
#3756 = EDGE_LOOP('',(#3757,#3758,#3764,#3765));
#3757 = ORIENTED_EDGE('',*,*,#3179,.T.);
#3758 = ORIENTED_EDGE('',*,*,#3759,.T.);
#3759 = EDGE_CURVE('',#3180,#2908,#3760,.T.);
#3760 = LINE('',#3761,#3762);
#3761 = CARTESIAN_POINT('',(26.473506153419,-12.63964615027,6.2));
#3762 = VECTOR('',#3763,1.);
#3763 = DIRECTION('',(0.,0.,1.));
#3764 = ORIENTED_EDGE('',*,*,#2907,.T.);
#3765 = ORIENTED_EDGE('',*,*,#3725,.F.);
#3766 = PLANE('',#3767);
#3767 = AXIS2_PLACEMENT_3D('',#3768,#3769,#3770);
#3768 = CARTESIAN_POINT('',(26.473506153419,-12.63964615027,6.2));
#3769 = DIRECTION('',(-0.740951125355,0.671558954847,0.));
#3770 = DIRECTION('',(0.671558954847,0.740951125355,0.));
#3771 = ADVANCED_FACE('',(#3772),#3783,.F.);
#3772 = FACE_BOUND('',#3773,.F.);
#3773 = EDGE_LOOP('',(#3774,#3775,#3776,#3777));
#3774 = ORIENTED_EDGE('',*,*,#3195,.T.);
#3775 = ORIENTED_EDGE('',*,*,#3744,.T.);
#3776 = ORIENTED_EDGE('',*,*,#2923,.T.);
#3777 = ORIENTED_EDGE('',*,*,#3778,.F.);
#3778 = EDGE_CURVE('',#3188,#2916,#3779,.T.);
#3779 = LINE('',#3780,#3781);
#3780 = CARTESIAN_POINT('',(26.403439764538,-12.73411973926,6.2));
#3781 = VECTOR('',#3782,1.);
#3782 = DIRECTION('',(0.,0.,1.));
#3783 = PLANE('',#3784);
#3784 = AXIS2_PLACEMENT_3D('',#3785,#3786,#3787);
#3785 = CARTESIAN_POINT('',(26.3429707955,-12.83500611917,6.2));
#3786 = DIRECTION('',(-0.85772861,0.514102744193,0.));
#3787 = DIRECTION('',(0.514102744193,0.85772861,0.));
#3788 = ADVANCED_FACE('',(#3789),#3795,.F.);
#3789 = FACE_BOUND('',#3790,.F.);
#3790 = EDGE_LOOP('',(#3791,#3792,#3793,#3794));
#3791 = ORIENTED_EDGE('',*,*,#3187,.T.);
#3792 = ORIENTED_EDGE('',*,*,#3778,.T.);
#3793 = ORIENTED_EDGE('',*,*,#2915,.T.);
#3794 = ORIENTED_EDGE('',*,*,#3759,.F.);
#3795 = PLANE('',#3796);
#3796 = AXIS2_PLACEMENT_3D('',#3797,#3798,#3799);
#3797 = CARTESIAN_POINT('',(26.403439764538,-12.73411973926,6.2));
#3798 = DIRECTION('',(-0.803207531481,0.595699304492,0.));
#3799 = DIRECTION('',(0.595699304492,0.803207531481,0.));
#3800 = ADVANCED_FACE('',(#3801),#3826,.T.);
#3801 = FACE_BOUND('',#3802,.T.);
#3802 = EDGE_LOOP('',(#3803,#3811,#3812,#3820));
#3803 = ORIENTED_EDGE('',*,*,#3804,.F.);
#3804 = EDGE_CURVE('',#2978,#3805,#3807,.T.);
#3805 = VERTEX_POINT('',#3806);
#3806 = CARTESIAN_POINT('',(44.95,-53.,12.725));
#3807 = LINE('',#3808,#3809);
#3808 = CARTESIAN_POINT('',(44.95,-53.,10.9));
#3809 = VECTOR('',#3810,1.);
#3810 = DIRECTION('',(0.,0.,1.));
#3811 = ORIENTED_EDGE('',*,*,#2977,.T.);
#3812 = ORIENTED_EDGE('',*,*,#3813,.T.);
#3813 = EDGE_CURVE('',#2980,#3814,#3816,.T.);
#3814 = VERTEX_POINT('',#3815);
#3815 = CARTESIAN_POINT('',(29.05,-53.,12.725));
#3816 = LINE('',#3817,#3818);
#3817 = CARTESIAN_POINT('',(29.05,-53.,10.9));
#3818 = VECTOR('',#3819,1.);
#3819 = DIRECTION('',(0.,0.,1.));
#3820 = ORIENTED_EDGE('',*,*,#3821,.T.);
#3821 = EDGE_CURVE('',#3814,#3805,#3822,.T.);
#3822 = LINE('',#3823,#3824);
#3823 = CARTESIAN_POINT('',(29.05,-53.,12.725));
#3824 = VECTOR('',#3825,1.);
#3825 = DIRECTION('',(1.,0.,0.));
#3826 = PLANE('',#3827);
#3827 = AXIS2_PLACEMENT_3D('',#3828,#3829,#3830);
#3828 = CARTESIAN_POINT('',(29.05,-53.,10.9));
#3829 = DIRECTION('',(0.,1.,0.));
#3830 = DIRECTION('',(0.,0.,1.));
#3831 = ADVANCED_FACE('',(#3832),#3850,.F.);
#3832 = FACE_BOUND('',#3833,.F.);
#3833 = EDGE_LOOP('',(#3834,#3835,#3836,#3844));
#3834 = ORIENTED_EDGE('',*,*,#3804,.F.);
#3835 = ORIENTED_EDGE('',*,*,#3003,.T.);
#3836 = ORIENTED_EDGE('',*,*,#3837,.T.);
#3837 = EDGE_CURVE('',#2996,#3838,#3840,.T.);
#3838 = VERTEX_POINT('',#3839);
#3839 = CARTESIAN_POINT('',(44.95,-15.1,12.725));
#3840 = LINE('',#3841,#3842);
#3841 = CARTESIAN_POINT('',(44.95,-15.1,10.9));
#3842 = VECTOR('',#3843,1.);
#3843 = DIRECTION('',(0.,0.,1.));
#3844 = ORIENTED_EDGE('',*,*,#3845,.F.);
#3845 = EDGE_CURVE('',#3805,#3838,#3846,.T.);
#3846 = LINE('',#3847,#3848);
#3847 = CARTESIAN_POINT('',(44.95,-53.,12.725));
#3848 = VECTOR('',#3849,1.);
#3849 = DIRECTION('',(0.,1.,0.));
#3850 = PLANE('',#3851);
#3851 = AXIS2_PLACEMENT_3D('',#3852,#3853,#3854);
#3852 = CARTESIAN_POINT('',(44.95,-53.,10.9));
#3853 = DIRECTION('',(1.,0.,0.));
#3854 = DIRECTION('',(0.,0.,1.));
#3855 = ADVANCED_FACE('',(#3856),#3874,.F.);
#3856 = FACE_BOUND('',#3857,.F.);
#3857 = EDGE_LOOP('',(#3858,#3859,#3860,#3868));
#3858 = ORIENTED_EDGE('',*,*,#3837,.F.);
#3859 = ORIENTED_EDGE('',*,*,#2995,.T.);
#3860 = ORIENTED_EDGE('',*,*,#3861,.T.);
#3861 = EDGE_CURVE('',#2988,#3862,#3864,.T.);
#3862 = VERTEX_POINT('',#3863);
#3863 = CARTESIAN_POINT('',(29.05,-15.1,12.725));
#3864 = LINE('',#3865,#3866);
#3865 = CARTESIAN_POINT('',(29.05,-15.1,10.9));
#3866 = VECTOR('',#3867,1.);
#3867 = DIRECTION('',(0.,0.,1.));
#3868 = ORIENTED_EDGE('',*,*,#3869,.T.);
#3869 = EDGE_CURVE('',#3862,#3838,#3870,.T.);
#3870 = LINE('',#3871,#3872);
#3871 = CARTESIAN_POINT('',(29.05,-15.1,12.725));
#3872 = VECTOR('',#3873,1.);
#3873 = DIRECTION('',(1.,0.,0.));
#3874 = PLANE('',#3875);
#3875 = AXIS2_PLACEMENT_3D('',#3876,#3877,#3878);
#3876 = CARTESIAN_POINT('',(29.05,-15.1,10.9));
#3877 = DIRECTION('',(0.,1.,0.));
#3878 = DIRECTION('',(0.,0.,1.));
#3879 = ADVANCED_FACE('',(#3880),#3891,.T.);
#3880 = FACE_BOUND('',#3881,.T.);
#3881 = EDGE_LOOP('',(#3882,#3883,#3884,#3885));
#3882 = ORIENTED_EDGE('',*,*,#3813,.F.);
#3883 = ORIENTED_EDGE('',*,*,#2987,.T.);
#3884 = ORIENTED_EDGE('',*,*,#3861,.T.);
#3885 = ORIENTED_EDGE('',*,*,#3886,.F.);
#3886 = EDGE_CURVE('',#3814,#3862,#3887,.T.);
#3887 = LINE('',#3888,#3889);
#3888 = CARTESIAN_POINT('',(29.05,-53.,12.725));
#3889 = VECTOR('',#3890,1.);
#3890 = DIRECTION('',(0.,1.,0.));
#3891 = PLANE('',#3892);
#3892 = AXIS2_PLACEMENT_3D('',#3893,#3894,#3895);
#3893 = CARTESIAN_POINT('',(29.05,-53.,10.9));
#3894 = DIRECTION('',(1.,0.,0.));
#3895 = DIRECTION('',(0.,0.,1.));
#3896 = ADVANCED_FACE('',(#3897),#3916,.F.);
#3897 = FACE_BOUND('',#3898,.T.);
#3898 = EDGE_LOOP('',(#3899,#3900,#3908,#3915));
#3899 = ORIENTED_EDGE('',*,*,#3244,.T.);
#3900 = ORIENTED_EDGE('',*,*,#3901,.T.);
#3901 = EDGE_CURVE('',#3245,#3902,#3904,.T.);
#3902 = VERTEX_POINT('',#3903);
#3903 = CARTESIAN_POINT('',(28.6,-52.8,6.8));
#3904 = LINE('',#3905,#3906);
#3905 = CARTESIAN_POINT('',(28.6,-52.8,6.2));
#3906 = VECTOR('',#3907,1.);
#3907 = DIRECTION('',(0.,0.,1.));
#3908 = ORIENTED_EDGE('',*,*,#3909,.T.);
#3909 = EDGE_CURVE('',#3902,#3902,#3910,.T.);
#3910 = CIRCLE('',#3911,1.6);
#3911 = AXIS2_PLACEMENT_3D('',#3912,#3913,#3914);
#3912 = CARTESIAN_POINT('',(27.,-52.8,6.8));
#3913 = DIRECTION('',(0.,0.,1.));
#3914 = DIRECTION('',(1.,0.,0.));
#3915 = ORIENTED_EDGE('',*,*,#3901,.F.);
#3916 = CYLINDRICAL_SURFACE('',#3917,1.6);
#3917 = AXIS2_PLACEMENT_3D('',#3918,#3919,#3920);
#3918 = CARTESIAN_POINT('',(27.,-52.8,6.2));
#3919 = DIRECTION('',(-0.,-0.,-1.));
#3920 = DIRECTION('',(1.,0.,0.));
#3921 = ADVANCED_FACE('',(#3922),#3947,.F.);
#3922 = FACE_BOUND('',#3923,.F.);
#3923 = EDGE_LOOP('',(#3924,#3932,#3940,#3946));
#3924 = ORIENTED_EDGE('',*,*,#3925,.T.);
#3925 = EDGE_CURVE('',#3496,#3926,#3928,.T.);
#3926 = VERTEX_POINT('',#3927);
#3927 = CARTESIAN_POINT('',(45.25,-14.65,13.59));
#3928 = LINE('',#3929,#3930);
#3929 = CARTESIAN_POINT('',(45.25,-14.65,13.19));
#3930 = VECTOR('',#3931,1.);
#3931 = DIRECTION('',(0.,0.,1.));
#3932 = ORIENTED_EDGE('',*,*,#3933,.T.);
#3933 = EDGE_CURVE('',#3926,#3934,#3936,.T.);
#3934 = VERTEX_POINT('',#3935);
#3935 = CARTESIAN_POINT('',(29.15,-14.65,13.59));
#3936 = LINE('',#3937,#3938);
#3937 = CARTESIAN_POINT('',(45.25,-14.65,13.59));
#3938 = VECTOR('',#3939,1.);
#3939 = DIRECTION('',(-1.,0.,0.));
#3940 = ORIENTED_EDGE('',*,*,#3941,.F.);
#3941 = EDGE_CURVE('',#3498,#3934,#3942,.T.);
#3942 = LINE('',#3943,#3944);
#3943 = CARTESIAN_POINT('',(29.15,-14.65,13.19));
#3944 = VECTOR('',#3945,1.);
#3945 = DIRECTION('',(0.,0.,1.));
#3946 = ORIENTED_EDGE('',*,*,#3495,.F.);
#3947 = PLANE('',#3948);
#3948 = AXIS2_PLACEMENT_3D('',#3949,#3950,#3951);
#3949 = CARTESIAN_POINT('',(45.25,-14.65,13.19));
#3950 = DIRECTION('',(0.,-1.,0.));
#3951 = DIRECTION('',(-1.,0.,0.));
#3952 = ADVANCED_FACE('',(#3953),#3972,.T.);
#3953 = FACE_BOUND('',#3954,.F.);
#3954 = EDGE_LOOP('',(#3955,#3956,#3965,#3971));
#3955 = ORIENTED_EDGE('',*,*,#3941,.T.);
#3956 = ORIENTED_EDGE('',*,*,#3957,.T.);
#3957 = EDGE_CURVE('',#3934,#3958,#3960,.T.);
#3958 = VERTEX_POINT('',#3959);
#3959 = CARTESIAN_POINT('',(28.85,-14.95,13.59));
#3960 = CIRCLE('',#3961,0.3);
#3961 = AXIS2_PLACEMENT_3D('',#3962,#3963,#3964);
#3962 = CARTESIAN_POINT('',(29.15,-14.95,13.59));
#3963 = DIRECTION('',(0.,-0.,1.));
#3964 = DIRECTION('',(1.1842E-13,1.,0.));
#3965 = ORIENTED_EDGE('',*,*,#3966,.F.);
#3966 = EDGE_CURVE('',#3506,#3958,#3967,.T.);
#3967 = LINE('',#3968,#3969);
#3968 = CARTESIAN_POINT('',(28.85,-14.95,13.19));
#3969 = VECTOR('',#3970,1.);
#3970 = DIRECTION('',(0.,0.,1.));
#3971 = ORIENTED_EDGE('',*,*,#3505,.F.);
#3972 = CYLINDRICAL_SURFACE('',#3973,0.3);
#3973 = AXIS2_PLACEMENT_3D('',#3974,#3975,#3976);
#3974 = CARTESIAN_POINT('',(29.15,-14.95,13.19));
#3975 = DIRECTION('',(0.,0.,-1.));
#3976 = DIRECTION('',(1.1842E-13,1.,0.));
#3977 = ADVANCED_FACE('',(#3978),#3996,.F.);
#3978 = FACE_BOUND('',#3979,.F.);
#3979 = EDGE_LOOP('',(#3980,#3981,#3989,#3995));
#3980 = ORIENTED_EDGE('',*,*,#3966,.T.);
#3981 = ORIENTED_EDGE('',*,*,#3982,.T.);
#3982 = EDGE_CURVE('',#3958,#3983,#3985,.T.);
#3983 = VERTEX_POINT('',#3984);
#3984 = CARTESIAN_POINT('',(28.85,-52.95,13.59));
#3985 = LINE('',#3986,#3987);
#3986 = CARTESIAN_POINT('',(28.85,-14.95,13.59));
#3987 = VECTOR('',#3988,1.);
#3988 = DIRECTION('',(0.,-1.,0.));
#3989 = ORIENTED_EDGE('',*,*,#3990,.F.);
#3990 = EDGE_CURVE('',#3515,#3983,#3991,.T.);
#3991 = LINE('',#3992,#3993);
#3992 = CARTESIAN_POINT('',(28.85,-52.95,13.19));
#3993 = VECTOR('',#3994,1.);
#3994 = DIRECTION('',(0.,0.,1.));
#3995 = ORIENTED_EDGE('',*,*,#3514,.F.);
#3996 = PLANE('',#3997);
#3997 = AXIS2_PLACEMENT_3D('',#3998,#3999,#4000);
#3998 = CARTESIAN_POINT('',(28.85,-14.95,13.19));
#3999 = DIRECTION('',(1.,0.,0.));
#4000 = DIRECTION('',(0.,-1.,0.));
#4001 = ADVANCED_FACE('',(#4002),#4021,.T.);
#4002 = FACE_BOUND('',#4003,.F.);
#4003 = EDGE_LOOP('',(#4004,#4005,#4014,#4020));
#4004 = ORIENTED_EDGE('',*,*,#3990,.T.);
#4005 = ORIENTED_EDGE('',*,*,#4006,.T.);
#4006 = EDGE_CURVE('',#3983,#4007,#4009,.T.);
#4007 = VERTEX_POINT('',#4008);
#4008 = CARTESIAN_POINT('',(29.15,-53.25,13.59));
#4009 = CIRCLE('',#4010,0.3);
#4010 = AXIS2_PLACEMENT_3D('',#4011,#4012,#4013);
#4011 = CARTESIAN_POINT('',(29.15,-52.95,13.59));
#4012 = DIRECTION('',(0.,0.,1.));
#4013 = DIRECTION('',(-1.,4.737E-14,0.));
#4014 = ORIENTED_EDGE('',*,*,#4015,.F.);
#4015 = EDGE_CURVE('',#3523,#4007,#4016,.T.);
#4016 = LINE('',#4017,#4018);
#4017 = CARTESIAN_POINT('',(29.15,-53.25,13.19));
#4018 = VECTOR('',#4019,1.);
#4019 = DIRECTION('',(0.,0.,1.));
#4020 = ORIENTED_EDGE('',*,*,#3522,.F.);
#4021 = CYLINDRICAL_SURFACE('',#4022,0.3);
#4022 = AXIS2_PLACEMENT_3D('',#4023,#4024,#4025);
#4023 = CARTESIAN_POINT('',(29.15,-52.95,13.19));
#4024 = DIRECTION('',(-0.,-0.,-1.));
#4025 = DIRECTION('',(-1.,4.737E-14,0.));
#4026 = ADVANCED_FACE('',(#4027),#4045,.F.);
#4027 = FACE_BOUND('',#4028,.F.);
#4028 = EDGE_LOOP('',(#4029,#4030,#4038,#4044));
#4029 = ORIENTED_EDGE('',*,*,#4015,.T.);
#4030 = ORIENTED_EDGE('',*,*,#4031,.T.);
#4031 = EDGE_CURVE('',#4007,#4032,#4034,.T.);
#4032 = VERTEX_POINT('',#4033);
#4033 = CARTESIAN_POINT('',(45.25,-53.25,13.59));
#4034 = LINE('',#4035,#4036);
#4035 = CARTESIAN_POINT('',(29.15,-53.25,13.59));
#4036 = VECTOR('',#4037,1.);
#4037 = DIRECTION('',(1.,0.,0.));
#4038 = ORIENTED_EDGE('',*,*,#4039,.F.);
#4039 = EDGE_CURVE('',#3532,#4032,#4040,.T.);
#4040 = LINE('',#4041,#4042);
#4041 = CARTESIAN_POINT('',(45.25,-53.25,13.19));
#4042 = VECTOR('',#4043,1.);
#4043 = DIRECTION('',(0.,0.,1.));
#4044 = ORIENTED_EDGE('',*,*,#3531,.F.);
#4045 = PLANE('',#4046);
#4046 = AXIS2_PLACEMENT_3D('',#4047,#4048,#4049);
#4047 = CARTESIAN_POINT('',(29.15,-53.25,13.19));
#4048 = DIRECTION('',(0.,1.,0.));
#4049 = DIRECTION('',(1.,0.,0.));
#4050 = ADVANCED_FACE('',(#4051),#4070,.T.);
#4051 = FACE_BOUND('',#4052,.F.);
#4052 = EDGE_LOOP('',(#4053,#4054,#4063,#4069));
#4053 = ORIENTED_EDGE('',*,*,#4039,.T.);
#4054 = ORIENTED_EDGE('',*,*,#4055,.T.);
#4055 = EDGE_CURVE('',#4032,#4056,#4058,.T.);
#4056 = VERTEX_POINT('',#4057);
#4057 = CARTESIAN_POINT('',(45.55,-52.95,13.59));
#4058 = CIRCLE('',#4059,0.3);
#4059 = AXIS2_PLACEMENT_3D('',#4060,#4061,#4062);
#4060 = CARTESIAN_POINT('',(45.25,-52.95,13.59));
#4061 = DIRECTION('',(-0.,0.,1.));
#4062 = DIRECTION('',(2.368E-14,-1.,0.));
#4063 = ORIENTED_EDGE('',*,*,#4064,.F.);
#4064 = EDGE_CURVE('',#3540,#4056,#4065,.T.);
#4065 = LINE('',#4066,#4067);
#4066 = CARTESIAN_POINT('',(45.55,-52.95,13.19));
#4067 = VECTOR('',#4068,1.);
#4068 = DIRECTION('',(0.,0.,1.));
#4069 = ORIENTED_EDGE('',*,*,#3539,.F.);
#4070 = CYLINDRICAL_SURFACE('',#4071,0.3);
#4071 = AXIS2_PLACEMENT_3D('',#4072,#4073,#4074);
#4072 = CARTESIAN_POINT('',(45.25,-52.95,13.19));
#4073 = DIRECTION('',(0.,0.,-1.));
#4074 = DIRECTION('',(2.368E-14,-1.,0.));
#4075 = ADVANCED_FACE('',(#4076),#4094,.F.);
#4076 = FACE_BOUND('',#4077,.F.);
#4077 = EDGE_LOOP('',(#4078,#4079,#4087,#4093));
#4078 = ORIENTED_EDGE('',*,*,#4064,.T.);
#4079 = ORIENTED_EDGE('',*,*,#4080,.T.);
#4080 = EDGE_CURVE('',#4056,#4081,#4083,.T.);
#4081 = VERTEX_POINT('',#4082);
#4082 = CARTESIAN_POINT('',(45.55,-14.95,13.59));
#4083 = LINE('',#4084,#4085);
#4084 = CARTESIAN_POINT('',(45.55,-52.95,13.59));
#4085 = VECTOR('',#4086,1.);
#4086 = DIRECTION('',(0.,1.,0.));
#4087 = ORIENTED_EDGE('',*,*,#4088,.F.);
#4088 = EDGE_CURVE('',#3549,#4081,#4089,.T.);
#4089 = LINE('',#4090,#4091);
#4090 = CARTESIAN_POINT('',(45.55,-14.95,13.19));
#4091 = VECTOR('',#4092,1.);
#4092 = DIRECTION('',(0.,0.,1.));
#4093 = ORIENTED_EDGE('',*,*,#3548,.F.);
#4094 = PLANE('',#4095);
#4095 = AXIS2_PLACEMENT_3D('',#4096,#4097,#4098);
#4096 = CARTESIAN_POINT('',(45.55,-52.95,13.19));
#4097 = DIRECTION('',(-1.,0.,0.));
#4098 = DIRECTION('',(0.,1.,0.));
#4099 = ADVANCED_FACE('',(#4100),#4112,.T.);
#4100 = FACE_BOUND('',#4101,.F.);
#4101 = EDGE_LOOP('',(#4102,#4103,#4110,#4111));
#4102 = ORIENTED_EDGE('',*,*,#4088,.T.);
#4103 = ORIENTED_EDGE('',*,*,#4104,.T.);
#4104 = EDGE_CURVE('',#4081,#3926,#4105,.T.);
#4105 = CIRCLE('',#4106,0.3);
#4106 = AXIS2_PLACEMENT_3D('',#4107,#4108,#4109);
#4107 = CARTESIAN_POINT('',(45.25,-14.95,13.59));
#4108 = DIRECTION('',(0.,-0.,1.));
#4109 = DIRECTION('',(1.,5.92E-15,0.));
#4110 = ORIENTED_EDGE('',*,*,#3925,.F.);
#4111 = ORIENTED_EDGE('',*,*,#3556,.F.);
#4112 = CYLINDRICAL_SURFACE('',#4113,0.3);
#4113 = AXIS2_PLACEMENT_3D('',#4114,#4115,#4116);
#4114 = CARTESIAN_POINT('',(45.25,-14.95,13.19));
#4115 = DIRECTION('',(0.,0.,-1.));
#4116 = DIRECTION('',(1.,5.92E-15,0.));
#4117 = ADVANCED_FACE('',(#4118,#4124,#4158),#4192,.F.);
#4118 = FACE_BOUND('',#4119,.F.);
#4119 = EDGE_LOOP('',(#4120,#4121,#4122,#4123));
#4120 = ORIENTED_EDGE('',*,*,#3886,.F.);
#4121 = ORIENTED_EDGE('',*,*,#3821,.T.);
#4122 = ORIENTED_EDGE('',*,*,#3845,.T.);
#4123 = ORIENTED_EDGE('',*,*,#3869,.F.);
#4124 = FACE_BOUND('',#4125,.F.);
#4125 = EDGE_LOOP('',(#4126,#4136,#4144,#4152));
#4126 = ORIENTED_EDGE('',*,*,#4127,.T.);
#4127 = EDGE_CURVE('',#4128,#4130,#4132,.T.);
#4128 = VERTEX_POINT('',#4129);
#4129 = CARTESIAN_POINT('',(43.85,-52.6,12.725));
#4130 = VERTEX_POINT('',#4131);
#4131 = CARTESIAN_POINT('',(30.15,-52.6,12.725));
#4132 = LINE('',#4133,#4134);
#4133 = CARTESIAN_POINT('',(29.6,-52.6,12.725));
#4134 = VECTOR('',#4135,1.);
#4135 = DIRECTION('',(-1.,0.,0.));
#4136 = ORIENTED_EDGE('',*,*,#4137,.T.);
#4137 = EDGE_CURVE('',#4130,#4138,#4140,.T.);
#4138 = VERTEX_POINT('',#4139);
#4139 = CARTESIAN_POINT('',(30.15,-49.1,12.725));
#4140 = LINE('',#4141,#4142);
#4141 = CARTESIAN_POINT('',(30.15,-52.8,12.725));
#4142 = VECTOR('',#4143,1.);
#4143 = DIRECTION('',(0.,1.,0.));
#4144 = ORIENTED_EDGE('',*,*,#4145,.F.);
#4145 = EDGE_CURVE('',#4146,#4138,#4148,.T.);
#4146 = VERTEX_POINT('',#4147);
#4147 = CARTESIAN_POINT('',(43.85,-49.1,12.725));
#4148 = LINE('',#4149,#4150);
#4149 = CARTESIAN_POINT('',(29.6,-49.1,12.725));
#4150 = VECTOR('',#4151,1.);
#4151 = DIRECTION('',(-1.,0.,0.));
#4152 = ORIENTED_EDGE('',*,*,#4153,.F.);
#4153 = EDGE_CURVE('',#4128,#4146,#4154,.T.);
#4154 = LINE('',#4155,#4156);
#4155 = CARTESIAN_POINT('',(43.85,-52.8,12.725));
#4156 = VECTOR('',#4157,1.);
#4157 = DIRECTION('',(0.,1.,0.));
#4158 = FACE_BOUND('',#4159,.F.);
#4159 = EDGE_LOOP('',(#4160,#4170,#4178,#4186));
#4160 = ORIENTED_EDGE('',*,*,#4161,.T.);
#4161 = EDGE_CURVE('',#4162,#4164,#4166,.T.);
#4162 = VERTEX_POINT('',#4163);
#4163 = CARTESIAN_POINT('',(43.95,-49.05,12.725));
#4164 = VERTEX_POINT('',#4165);
#4165 = CARTESIAN_POINT('',(30.05,-49.05,12.725));
#4166 = LINE('',#4167,#4168);
#4167 = CARTESIAN_POINT('',(29.55,-49.05,12.725));
#4168 = VECTOR('',#4169,1.);
#4169 = DIRECTION('',(-1.,0.,0.));
#4170 = ORIENTED_EDGE('',*,*,#4171,.T.);
#4171 = EDGE_CURVE('',#4164,#4172,#4174,.T.);
#4172 = VERTEX_POINT('',#4173);
#4173 = CARTESIAN_POINT('',(30.05,-18.55,12.725));
#4174 = LINE('',#4175,#4176);
#4175 = CARTESIAN_POINT('',(30.05,-51.025,12.725));
#4176 = VECTOR('',#4177,1.);
#4177 = DIRECTION('',(0.,1.,0.));
#4178 = ORIENTED_EDGE('',*,*,#4179,.F.);
#4179 = EDGE_CURVE('',#4180,#4172,#4182,.T.);
#4180 = VERTEX_POINT('',#4181);
#4181 = CARTESIAN_POINT('',(43.95,-18.55,12.725));
#4182 = LINE('',#4183,#4184);
#4183 = CARTESIAN_POINT('',(29.55,-18.55,12.725));
#4184 = VECTOR('',#4185,1.);
#4185 = DIRECTION('',(-1.,0.,0.));
#4186 = ORIENTED_EDGE('',*,*,#4187,.F.);
#4187 = EDGE_CURVE('',#4162,#4180,#4188,.T.);
#4188 = LINE('',#4189,#4190);
#4189 = CARTESIAN_POINT('',(43.95,-51.025,12.725));
#4190 = VECTOR('',#4191,1.);
#4191 = DIRECTION('',(0.,1.,0.));
#4192 = PLANE('',#4193);
#4193 = AXIS2_PLACEMENT_3D('',#4194,#4195,#4196);
#4194 = CARTESIAN_POINT('',(29.05,-53.,12.725));
#4195 = DIRECTION('',(0.,0.,1.));
#4196 = DIRECTION('',(1.,0.,0.));
#4197 = ADVANCED_FACE('',(#4198),#4201,.F.);
#4198 = FACE_BOUND('',#4199,.T.);
#4199 = EDGE_LOOP('',(#4200));
#4200 = ORIENTED_EDGE('',*,*,#3909,.F.);
#4201 = PLANE('',#4202);
#4202 = AXIS2_PLACEMENT_3D('',#4203,#4204,#4205);
#4203 = CARTESIAN_POINT('',(27.,-52.8,6.8));
#4204 = DIRECTION('',(0.,0.,1.));
#4205 = DIRECTION('',(1.,0.,0.));
#4206 = ADVANCED_FACE('',(#4207,#4217),#4251,.T.);
#4207 = FACE_BOUND('',#4208,.T.);
#4208 = EDGE_LOOP('',(#4209,#4210,#4211,#4212,#4213,#4214,#4215,#4216));
#4209 = ORIENTED_EDGE('',*,*,#4104,.T.);
#4210 = ORIENTED_EDGE('',*,*,#3933,.T.);
#4211 = ORIENTED_EDGE('',*,*,#3957,.T.);
#4212 = ORIENTED_EDGE('',*,*,#3982,.T.);
#4213 = ORIENTED_EDGE('',*,*,#4006,.T.);
#4214 = ORIENTED_EDGE('',*,*,#4031,.T.);
#4215 = ORIENTED_EDGE('',*,*,#4055,.T.);
#4216 = ORIENTED_EDGE('',*,*,#4080,.T.);
#4217 = FACE_BOUND('',#4218,.T.);
#4218 = EDGE_LOOP('',(#4219,#4229,#4237,#4245));
#4219 = ORIENTED_EDGE('',*,*,#4220,.T.);
#4220 = EDGE_CURVE('',#4221,#4223,#4225,.T.);
#4221 = VERTEX_POINT('',#4222);
#4222 = CARTESIAN_POINT('',(43.95,-49.05,13.59));
#4223 = VERTEX_POINT('',#4224);
#4224 = CARTESIAN_POINT('',(30.05,-49.05,13.59));
#4225 = LINE('',#4226,#4227);
#4226 = CARTESIAN_POINT('',(33.546656284918,-49.05,13.59));
#4227 = VECTOR('',#4228,1.);
#4228 = DIRECTION('',(-1.,0.,0.));
#4229 = ORIENTED_EDGE('',*,*,#4230,.T.);
#4230 = EDGE_CURVE('',#4223,#4231,#4233,.T.);
#4231 = VERTEX_POINT('',#4232);
#4232 = CARTESIAN_POINT('',(30.05,-18.55,13.59));
#4233 = LINE('',#4234,#4235);
#4234 = CARTESIAN_POINT('',(30.05,-44.07393884022,13.59));
#4235 = VECTOR('',#4236,1.);
#4236 = DIRECTION('',(0.,1.,0.));
#4237 = ORIENTED_EDGE('',*,*,#4238,.F.);
#4238 = EDGE_CURVE('',#4239,#4231,#4241,.T.);
#4239 = VERTEX_POINT('',#4240);
#4240 = CARTESIAN_POINT('',(43.95,-18.55,13.59));
#4241 = LINE('',#4242,#4243);
#4242 = CARTESIAN_POINT('',(33.546656284918,-18.55,13.59));
#4243 = VECTOR('',#4244,1.);
#4244 = DIRECTION('',(-1.,0.,0.));
#4245 = ORIENTED_EDGE('',*,*,#4246,.F.);
#4246 = EDGE_CURVE('',#4221,#4239,#4247,.T.);
#4247 = LINE('',#4248,#4249);
#4248 = CARTESIAN_POINT('',(43.95,-44.07393884022,13.59));
#4249 = VECTOR('',#4250,1.);
#4250 = DIRECTION('',(0.,1.,0.));
#4251 = PLANE('',#4252);
#4252 = AXIS2_PLACEMENT_3D('',#4253,#4254,#4255);
#4253 = CARTESIAN_POINT('',(37.043312569837,-39.09787768044,13.59));
#4254 = DIRECTION('',(0.,0.,1.));
#4255 = DIRECTION('',(1.,0.,0.));
#4256 = ADVANCED_FACE('',(#4257),#4282,.T.);
#4257 = FACE_BOUND('',#4258,.T.);
#4258 = EDGE_LOOP('',(#4259,#4260,#4268,#4276));
#4259 = ORIENTED_EDGE('',*,*,#4127,.T.);
#4260 = ORIENTED_EDGE('',*,*,#4261,.T.);
#4261 = EDGE_CURVE('',#4130,#4262,#4264,.T.);
#4262 = VERTEX_POINT('',#4263);
#4263 = CARTESIAN_POINT('',(30.15,-52.6,13.19));
#4264 = LINE('',#4265,#4266);
#4265 = CARTESIAN_POINT('',(30.15,-52.6,10.9));
#4266 = VECTOR('',#4267,1.);
#4267 = DIRECTION('',(0.,0.,1.));
#4268 = ORIENTED_EDGE('',*,*,#4269,.T.);
#4269 = EDGE_CURVE('',#4262,#4270,#4272,.T.);
#4270 = VERTEX_POINT('',#4271);
#4271 = CARTESIAN_POINT('',(43.85,-52.6,13.19));
#4272 = LINE('',#4273,#4274);
#4273 = CARTESIAN_POINT('',(30.15,-52.6,13.19));
#4274 = VECTOR('',#4275,1.);
#4275 = DIRECTION('',(1.,0.,0.));
#4276 = ORIENTED_EDGE('',*,*,#4277,.F.);
#4277 = EDGE_CURVE('',#4128,#4270,#4278,.T.);
#4278 = LINE('',#4279,#4280);
#4279 = CARTESIAN_POINT('',(43.85,-52.6,10.9));
#4280 = VECTOR('',#4281,1.);
#4281 = DIRECTION('',(0.,0.,1.));
#4282 = PLANE('',#4283);
#4283 = AXIS2_PLACEMENT_3D('',#4284,#4285,#4286);
#4284 = CARTESIAN_POINT('',(30.15,-52.6,10.9));
#4285 = DIRECTION('',(0.,1.,0.));
#4286 = DIRECTION('',(0.,0.,1.));
#4287 = ADVANCED_FACE('',(#4288),#4306,.F.);
#4288 = FACE_BOUND('',#4289,.F.);
#4289 = EDGE_LOOP('',(#4290,#4291,#4292,#4300));
#4290 = ORIENTED_EDGE('',*,*,#4277,.F.);
#4291 = ORIENTED_EDGE('',*,*,#4153,.T.);
#4292 = ORIENTED_EDGE('',*,*,#4293,.T.);
#4293 = EDGE_CURVE('',#4146,#4294,#4296,.T.);
#4294 = VERTEX_POINT('',#4295);
#4295 = CARTESIAN_POINT('',(43.85,-49.1,13.19));
#4296 = LINE('',#4297,#4298);
#4297 = CARTESIAN_POINT('',(43.85,-49.1,10.9));
#4298 = VECTOR('',#4299,1.);
#4299 = DIRECTION('',(0.,0.,1.));
#4300 = ORIENTED_EDGE('',*,*,#4301,.F.);
#4301 = EDGE_CURVE('',#4270,#4294,#4302,.T.);
#4302 = LINE('',#4303,#4304);
#4303 = CARTESIAN_POINT('',(43.85,-52.6,13.19));
#4304 = VECTOR('',#4305,1.);
#4305 = DIRECTION('',(0.,1.,0.));
#4306 = PLANE('',#4307);
#4307 = AXIS2_PLACEMENT_3D('',#4308,#4309,#4310);
#4308 = CARTESIAN_POINT('',(43.85,-52.6,10.9));
#4309 = DIRECTION('',(1.,0.,0.));
#4310 = DIRECTION('',(0.,0.,1.));
#4311 = ADVANCED_FACE('',(#4312),#4330,.T.);
#4312 = FACE_BOUND('',#4313,.T.);
#4313 = EDGE_LOOP('',(#4314,#4315,#4316,#4324));
#4314 = ORIENTED_EDGE('',*,*,#4261,.F.);
#4315 = ORIENTED_EDGE('',*,*,#4137,.T.);
#4316 = ORIENTED_EDGE('',*,*,#4317,.T.);
#4317 = EDGE_CURVE('',#4138,#4318,#4320,.T.);
#4318 = VERTEX_POINT('',#4319);
#4319 = CARTESIAN_POINT('',(30.15,-49.1,13.19));
#4320 = LINE('',#4321,#4322);
#4321 = CARTESIAN_POINT('',(30.15,-49.1,10.9));
#4322 = VECTOR('',#4323,1.);
#4323 = DIRECTION('',(0.,0.,1.));
#4324 = ORIENTED_EDGE('',*,*,#4325,.F.);
#4325 = EDGE_CURVE('',#4262,#4318,#4326,.T.);
#4326 = LINE('',#4327,#4328);
#4327 = CARTESIAN_POINT('',(30.15,-52.6,13.19));
#4328 = VECTOR('',#4329,1.);
#4329 = DIRECTION('',(0.,1.,0.));
#4330 = PLANE('',#4331);
#4331 = AXIS2_PLACEMENT_3D('',#4332,#4333,#4334);
#4332 = CARTESIAN_POINT('',(30.15,-52.6,10.9));
#4333 = DIRECTION('',(1.,0.,0.));
#4334 = DIRECTION('',(0.,0.,1.));
#4335 = ADVANCED_FACE('',(#4336),#4347,.F.);
#4336 = FACE_BOUND('',#4337,.F.);
#4337 = EDGE_LOOP('',(#4338,#4339,#4340,#4346));
#4338 = ORIENTED_EDGE('',*,*,#4145,.T.);
#4339 = ORIENTED_EDGE('',*,*,#4317,.T.);
#4340 = ORIENTED_EDGE('',*,*,#4341,.T.);
#4341 = EDGE_CURVE('',#4318,#4294,#4342,.T.);
#4342 = LINE('',#4343,#4344);
#4343 = CARTESIAN_POINT('',(30.15,-49.1,13.19));
#4344 = VECTOR('',#4345,1.);
#4345 = DIRECTION('',(1.,0.,0.));
#4346 = ORIENTED_EDGE('',*,*,#4293,.F.);
#4347 = PLANE('',#4348);
#4348 = AXIS2_PLACEMENT_3D('',#4349,#4350,#4351);
#4349 = CARTESIAN_POINT('',(30.15,-49.1,10.9));
#4350 = DIRECTION('',(0.,1.,0.));
#4351 = DIRECTION('',(0.,0.,1.));
#4352 = ADVANCED_FACE('',(#4353),#4369,.T.);
#4353 = FACE_BOUND('',#4354,.T.);
#4354 = EDGE_LOOP('',(#4355,#4361,#4362,#4368));
#4355 = ORIENTED_EDGE('',*,*,#4356,.F.);
#4356 = EDGE_CURVE('',#4162,#4221,#4357,.T.);
#4357 = LINE('',#4358,#4359);
#4358 = CARTESIAN_POINT('',(43.95,-49.05,12.39));
#4359 = VECTOR('',#4360,1.);
#4360 = DIRECTION('',(0.,0.,1.));
#4361 = ORIENTED_EDGE('',*,*,#4161,.T.);
#4362 = ORIENTED_EDGE('',*,*,#4363,.T.);
#4363 = EDGE_CURVE('',#4164,#4223,#4364,.T.);
#4364 = LINE('',#4365,#4366);
#4365 = CARTESIAN_POINT('',(30.05,-49.05,12.39));
#4366 = VECTOR('',#4367,1.);
#4367 = DIRECTION('',(0.,0.,1.));
#4368 = ORIENTED_EDGE('',*,*,#4220,.F.);
#4369 = PLANE('',#4370);
#4370 = AXIS2_PLACEMENT_3D('',#4371,#4372,#4373);
#4371 = CARTESIAN_POINT('',(30.05,-49.05,12.39));
#4372 = DIRECTION('',(0.,1.,0.));
#4373 = DIRECTION('',(0.,0.,1.));
#4374 = ADVANCED_FACE('',(#4375),#4386,.F.);
#4375 = FACE_BOUND('',#4376,.F.);
#4376 = EDGE_LOOP('',(#4377,#4378,#4379,#4385));
#4377 = ORIENTED_EDGE('',*,*,#4356,.F.);
#4378 = ORIENTED_EDGE('',*,*,#4187,.T.);
#4379 = ORIENTED_EDGE('',*,*,#4380,.T.);
#4380 = EDGE_CURVE('',#4180,#4239,#4381,.T.);
#4381 = LINE('',#4382,#4383);
#4382 = CARTESIAN_POINT('',(43.95,-18.55,12.39));
#4383 = VECTOR('',#4384,1.);
#4384 = DIRECTION('',(0.,0.,1.));
#4385 = ORIENTED_EDGE('',*,*,#4246,.F.);
#4386 = PLANE('',#4387);
#4387 = AXIS2_PLACEMENT_3D('',#4388,#4389,#4390);
#4388 = CARTESIAN_POINT('',(43.95,-49.05,12.39));
#4389 = DIRECTION('',(1.,0.,0.));
#4390 = DIRECTION('',(0.,0.,1.));
#4391 = ADVANCED_FACE('',(#4392),#4403,.F.);
#4392 = FACE_BOUND('',#4393,.F.);
#4393 = EDGE_LOOP('',(#4394,#4395,#4396,#4402));
#4394 = ORIENTED_EDGE('',*,*,#4380,.F.);
#4395 = ORIENTED_EDGE('',*,*,#4179,.T.);
#4396 = ORIENTED_EDGE('',*,*,#4397,.T.);
#4397 = EDGE_CURVE('',#4172,#4231,#4398,.T.);
#4398 = LINE('',#4399,#4400);
#4399 = CARTESIAN_POINT('',(30.05,-18.55,12.39));
#4400 = VECTOR('',#4401,1.);
#4401 = DIRECTION('',(0.,0.,1.));
#4402 = ORIENTED_EDGE('',*,*,#4238,.F.);
#4403 = PLANE('',#4404);
#4404 = AXIS2_PLACEMENT_3D('',#4405,#4406,#4407);
#4405 = CARTESIAN_POINT('',(30.05,-18.55,12.39));
#4406 = DIRECTION('',(0.,1.,0.));
#4407 = DIRECTION('',(0.,0.,1.));
#4408 = ADVANCED_FACE('',(#4409),#4415,.T.);
#4409 = FACE_BOUND('',#4410,.T.);
#4410 = EDGE_LOOP('',(#4411,#4412,#4413,#4414));
#4411 = ORIENTED_EDGE('',*,*,#4363,.F.);
#4412 = ORIENTED_EDGE('',*,*,#4171,.T.);
#4413 = ORIENTED_EDGE('',*,*,#4397,.T.);
#4414 = ORIENTED_EDGE('',*,*,#4230,.F.);
#4415 = PLANE('',#4416);
#4416 = AXIS2_PLACEMENT_3D('',#4417,#4418,#4419);
#4417 = CARTESIAN_POINT('',(30.05,-49.05,12.39));
#4418 = DIRECTION('',(1.,0.,0.));
#4419 = DIRECTION('',(0.,0.,1.));
#4420 = ADVANCED_FACE('',(#4421),#4427,.F.);
#4421 = FACE_BOUND('',#4422,.F.);
#4422 = EDGE_LOOP('',(#4423,#4424,#4425,#4426));
#4423 = ORIENTED_EDGE('',*,*,#4325,.F.);
#4424 = ORIENTED_EDGE('',*,*,#4269,.T.);
#4425 = ORIENTED_EDGE('',*,*,#4301,.T.);
#4426 = ORIENTED_EDGE('',*,*,#4341,.F.);
#4427 = PLANE('',#4428);
#4428 = AXIS2_PLACEMENT_3D('',#4429,#4430,#4431);
#4429 = CARTESIAN_POINT('',(30.15,-52.6,13.19));
#4430 = DIRECTION('',(0.,0.,1.));
#4431 = DIRECTION('',(1.,0.,0.));
#4432 = ORIENTED_CLOSED_SHELL('',*,#4433,.F.);
#4433 = CLOSED_SHELL('',(#4434,#4467,#4476));
#4434 = ADVANCED_FACE('',(#4435),#4462,.T.);
#4435 = FACE_BOUND('',#4436,.F.);
#4436 = EDGE_LOOP('',(#4437,#4447,#4454,#4455));
#4437 = ORIENTED_EDGE('',*,*,#4438,.T.);
#4438 = EDGE_CURVE('',#4439,#4441,#4443,.T.);
#4439 = VERTEX_POINT('',#4440);
#4440 = CARTESIAN_POINT('',(38.3,-64.7,7.));
#4441 = VERTEX_POINT('',#4442);
#4442 = CARTESIAN_POINT('',(38.3,-64.7,11.2));
#4443 = LINE('',#4444,#4445);
#4444 = CARTESIAN_POINT('',(38.3,-64.7,7.));
#4445 = VECTOR('',#4446,1.);
#4446 = DIRECTION('',(0.,0.,1.));
#4447 = ORIENTED_EDGE('',*,*,#4448,.T.);
#4448 = EDGE_CURVE('',#4441,#4441,#4449,.T.);
#4449 = CIRCLE('',#4450,1.1);
#4450 = AXIS2_PLACEMENT_3D('',#4451,#4452,#4453);
#4451 = CARTESIAN_POINT('',(37.2,-64.7,11.2));
#4452 = DIRECTION('',(0.,0.,1.));
#4453 = DIRECTION('',(1.,0.,0.));
#4454 = ORIENTED_EDGE('',*,*,#4438,.F.);
#4455 = ORIENTED_EDGE('',*,*,#4456,.F.);
#4456 = EDGE_CURVE('',#4439,#4439,#4457,.T.);
#4457 = CIRCLE('',#4458,1.1);
#4458 = AXIS2_PLACEMENT_3D('',#4459,#4460,#4461);
#4459 = CARTESIAN_POINT('',(37.2,-64.7,7.));
#4460 = DIRECTION('',(0.,0.,1.));
#4461 = DIRECTION('',(1.,0.,0.));
#4462 = CYLINDRICAL_SURFACE('',#4463,1.1);
#4463 = AXIS2_PLACEMENT_3D('',#4464,#4465,#4466);
#4464 = CARTESIAN_POINT('',(37.2,-64.7,7.));
#4465 = DIRECTION('',(-0.,-0.,-1.));
#4466 = DIRECTION('',(1.,0.,0.));
#4467 = ADVANCED_FACE('',(#4468),#4471,.F.);
#4468 = FACE_BOUND('',#4469,.T.);
#4469 = EDGE_LOOP('',(#4470));
#4470 = ORIENTED_EDGE('',*,*,#4456,.F.);
#4471 = PLANE('',#4472);
#4472 = AXIS2_PLACEMENT_3D('',#4473,#4474,#4475);
#4473 = CARTESIAN_POINT('',(37.2,-64.7,7.));
#4474 = DIRECTION('',(0.,0.,1.));
#4475 = DIRECTION('',(1.,0.,0.));
#4476 = ADVANCED_FACE('',(#4477),#4480,.T.);
#4477 = FACE_BOUND('',#4478,.F.);
#4478 = EDGE_LOOP('',(#4479));
#4479 = ORIENTED_EDGE('',*,*,#4448,.F.);
#4480 = PLANE('',#4481);
#4481 = AXIS2_PLACEMENT_3D('',#4482,#4483,#4484);
#4482 = CARTESIAN_POINT('',(37.2,-64.7,11.2));
#4483 = DIRECTION('',(0.,0.,1.));
#4484 = DIRECTION('',(1.,0.,0.));
#4485 = ORIENTED_CLOSED_SHELL('',*,#4486,.F.);
#4486 = CLOSED_SHELL('',(#4487,#4520,#4529));
#4487 = ADVANCED_FACE('',(#4488),#4515,.T.);
#4488 = FACE_BOUND('',#4489,.F.);
#4489 = EDGE_LOOP('',(#4490,#4500,#4507,#4508));
#4490 = ORIENTED_EDGE('',*,*,#4491,.T.);
#4491 = EDGE_CURVE('',#4492,#4494,#4496,.T.);
#4492 = VERTEX_POINT('',#4493);
#4493 = CARTESIAN_POINT('',(28.1,-52.8,7.));
#4494 = VERTEX_POINT('',#4495);
#4495 = CARTESIAN_POINT('',(28.1,-52.8,11.2));
#4496 = LINE('',#4497,#4498);
#4497 = CARTESIAN_POINT('',(28.1,-52.8,7.));
#4498 = VECTOR('',#4499,1.);
#4499 = DIRECTION('',(0.,0.,1.));
#4500 = ORIENTED_EDGE('',*,*,#4501,.T.);
#4501 = EDGE_CURVE('',#4494,#4494,#4502,.T.);
#4502 = CIRCLE('',#4503,1.1);
#4503 = AXIS2_PLACEMENT_3D('',#4504,#4505,#4506);
#4504 = CARTESIAN_POINT('',(27.,-52.8,11.2));
#4505 = DIRECTION('',(0.,0.,1.));
#4506 = DIRECTION('',(1.,0.,0.));
#4507 = ORIENTED_EDGE('',*,*,#4491,.F.);
#4508 = ORIENTED_EDGE('',*,*,#4509,.F.);
#4509 = EDGE_CURVE('',#4492,#4492,#4510,.T.);
#4510 = CIRCLE('',#4511,1.1);
#4511 = AXIS2_PLACEMENT_3D('',#4512,#4513,#4514);
#4512 = CARTESIAN_POINT('',(27.,-52.8,7.));
#4513 = DIRECTION('',(0.,0.,1.));
#4514 = DIRECTION('',(1.,0.,0.));
#4515 = CYLINDRICAL_SURFACE('',#4516,1.1);
#4516 = AXIS2_PLACEMENT_3D('',#4517,#4518,#4519);
#4517 = CARTESIAN_POINT('',(27.,-52.8,7.));
#4518 = DIRECTION('',(-0.,-0.,-1.));
#4519 = DIRECTION('',(1.,0.,0.));
#4520 = ADVANCED_FACE('',(#4521),#4524,.F.);
#4521 = FACE_BOUND('',#4522,.T.);
#4522 = EDGE_LOOP('',(#4523));
#4523 = ORIENTED_EDGE('',*,*,#4509,.F.);
#4524 = PLANE('',#4525);
#4525 = AXIS2_PLACEMENT_3D('',#4526,#4527,#4528);
#4526 = CARTESIAN_POINT('',(27.,-52.8,7.));
#4527 = DIRECTION('',(0.,0.,1.));
#4528 = DIRECTION('',(1.,0.,0.));
#4529 = ADVANCED_FACE('',(#4530),#4533,.T.);
#4530 = FACE_BOUND('',#4531,.F.);
#4531 = EDGE_LOOP('',(#4532));
#4532 = ORIENTED_EDGE('',*,*,#4501,.F.);
#4533 = PLANE('',#4534);
#4534 = AXIS2_PLACEMENT_3D('',#4535,#4536,#4537);
#4535 = CARTESIAN_POINT('',(27.,-52.8,11.2));
#4536 = DIRECTION('',(0.,0.,1.));
#4537 = DIRECTION('',(1.,0.,0.));
#4538 = ORIENTED_CLOSED_SHELL('',*,#4539,.F.);
#4539 = CLOSED_SHELL('',(#4540,#4573,#4582));
#4540 = ADVANCED_FACE('',(#4541),#4568,.T.);
#4541 = FACE_BOUND('',#4542,.F.);
#4542 = EDGE_LOOP('',(#4543,#4553,#4560,#4561));
#4543 = ORIENTED_EDGE('',*,*,#4544,.T.);
#4544 = EDGE_CURVE('',#4545,#4547,#4549,.T.);
#4545 = VERTEX_POINT('',#4546);
#4546 = CARTESIAN_POINT('',(48.1,-52.8,7.));
#4547 = VERTEX_POINT('',#4548);
#4548 = CARTESIAN_POINT('',(48.1,-52.8,11.2));
#4549 = LINE('',#4550,#4551);
#4550 = CARTESIAN_POINT('',(48.1,-52.8,7.));
#4551 = VECTOR('',#4552,1.);
#4552 = DIRECTION('',(0.,0.,1.));
#4553 = ORIENTED_EDGE('',*,*,#4554,.T.);
#4554 = EDGE_CURVE('',#4547,#4547,#4555,.T.);
#4555 = CIRCLE('',#4556,1.1);
#4556 = AXIS2_PLACEMENT_3D('',#4557,#4558,#4559);
#4557 = CARTESIAN_POINT('',(47.,-52.8,11.2));
#4558 = DIRECTION('',(0.,0.,1.));
#4559 = DIRECTION('',(1.,0.,0.));
#4560 = ORIENTED_EDGE('',*,*,#4544,.F.);
#4561 = ORIENTED_EDGE('',*,*,#4562,.F.);
#4562 = EDGE_CURVE('',#4545,#4545,#4563,.T.);
#4563 = CIRCLE('',#4564,1.1);
#4564 = AXIS2_PLACEMENT_3D('',#4565,#4566,#4567);
#4565 = CARTESIAN_POINT('',(47.,-52.8,7.));
#4566 = DIRECTION('',(0.,0.,1.));
#4567 = DIRECTION('',(1.,0.,0.));
#4568 = CYLINDRICAL_SURFACE('',#4569,1.1);
#4569 = AXIS2_PLACEMENT_3D('',#4570,#4571,#4572);
#4570 = CARTESIAN_POINT('',(47.,-52.8,7.));
#4571 = DIRECTION('',(-0.,-0.,-1.));
#4572 = DIRECTION('',(1.,0.,0.));
#4573 = ADVANCED_FACE('',(#4574),#4577,.F.);
#4574 = FACE_BOUND('',#4575,.T.);
#4575 = EDGE_LOOP('',(#4576));
#4576 = ORIENTED_EDGE('',*,*,#4562,.F.);
#4577 = PLANE('',#4578);
#4578 = AXIS2_PLACEMENT_3D('',#4579,#4580,#4581);
#4579 = CARTESIAN_POINT('',(47.,-52.8,7.));
#4580 = DIRECTION('',(0.,0.,1.));
#4581 = DIRECTION('',(1.,0.,0.));
#4582 = ADVANCED_FACE('',(#4583),#4586,.T.);
#4583 = FACE_BOUND('',#4584,.F.);
#4584 = EDGE_LOOP('',(#4585));
#4585 = ORIENTED_EDGE('',*,*,#4554,.F.);
#4586 = PLANE('',#4587);
#4587 = AXIS2_PLACEMENT_3D('',#4588,#4589,#4590);
#4588 = CARTESIAN_POINT('',(47.,-52.8,11.2));
#4589 = DIRECTION('',(0.,0.,1.));
#4590 = DIRECTION('',(1.,0.,0.));
#4591 = ( GEOMETRIC_REPRESENTATION_CONTEXT(3) 
GLOBAL_UNCERTAINTY_ASSIGNED_CONTEXT((#4595)) 
GLOBAL_UNIT_ASSIGNED_CONTEXT((#4592,#4593,#4594)) REPRESENTATION_CONTEXT
('Context #1','3D Context with UNIT and UNCERTAINTY') );
#4592 = ( LENGTH_UNIT() NAMED_UNIT(*) SI_UNIT(.MILLI.,.METRE.) );
#4593 = ( NAMED_UNIT(*) PLANE_ANGLE_UNIT() SI_UNIT($,.RADIAN.) );
#4594 = ( NAMED_UNIT(*) SI_UNIT($,.STERADIAN.) SOLID_ANGLE_UNIT() );
#4595 = UNCERTAINTY_MEASURE_WITH_UNIT(LENGTH_MEASURE(2.E-05),#4592,
  'distance_accuracy_value','confusion accuracy');
#4596 = PRODUCT_RELATED_PRODUCT_CATEGORY('part',$,(#7));
ENDSEC;
END-ISO-10303-21;
